x,y,tick,phase,distance_walked,walking_speed,cutting_speed,start_pos,prolific_id
24.0,40.0,1,train,0.0,1.0,1.0,"(1, 2)",6122f332c9f0e8bb1209dc7d
24.0,40.0,2,train,0.0,1.0,1.0,"(1, 2)",6122f332c9f0e8bb1209dc7d
24.0,40.0,3,train,0.0,1.0,1.0,"(1, 2)",6122f332c9f0e8bb1209dc7d
24.0,40.0,4,train,0.0,1.0,1.0,"(1, 2)",6122f332c9f0e8bb1209dc7d
24.0,40.0,5,train,0.0,1.0,1.0,"(1, 2)",6122f332c9f0e8bb1209dc7d
24.0,40.0,6,train,0.0,1.0,1.0,"(1, 2)",6122f332c9f0e8bb1209dc7d
24.0,40.0,7,train,0.0,1.0,1.0,"(1, 2)",6122f332c9f0e8bb1209dc7d
24.0,40.0,8,train,0.0,1.0,1.0,"(1, 2)",6122f332c9f0e8bb1209dc7d
24.0,40.0,9,train,0.0,1.0,1.0,"(1, 2)",6122f332c9f0e8bb1209dc7d
24.0,40.0,10,train,0.0,1.0,1.0,"(1, 2)",6122f332c9f0e8bb1209dc7d
24.0,40.0,11,train,0.0,1.0,1.0,"(1, 2)",6122f332c9f0e8bb1209dc7d
24.0,40.0,12,train,0.0,1.0,1.0,"(1, 2)",6122f332c9f0e8bb1209dc7d
24.0,40.0,13,train,0.0,1.0,1.0,"(1, 2)",6122f332c9f0e8bb1209dc7d
24.0,40.0,14,train,0.0,1.0,1.0,"(1, 2)",6122f332c9f0e8bb1209dc7d
24.0,40.0,15,train,0.0,1.0,1.0,"(1, 2)",6122f332c9f0e8bb1209dc7d
24.0,40.0,16,train,0.0,1.0,1.0,"(1, 2)",6122f332c9f0e8bb1209dc7d
24.0,40.0,17,train,0.0,1.0,1.0,"(1, 2)",6122f332c9f0e8bb1209dc7d
24.0,40.0,18,train,0.0,1.0,1.0,"(1, 2)",6122f332c9f0e8bb1209dc7d
24.0,40.0,19,train,0.0,1.0,1.0,"(1, 2)",6122f332c9f0e8bb1209dc7d
24.0,40.0,20,train,0.0,1.0,1.0,"(1, 2)",6122f332c9f0e8bb1209dc7d
24.0,40.0,21,train,0.0,1.0,1.0,"(1, 2)",6122f332c9f0e8bb1209dc7d
24.0,40.0,22,train,0.0,1.0,1.0,"(1, 2)",6122f332c9f0e8bb1209dc7d
24.0,40.0,23,train,0.0,1.0,1.0,"(1, 2)",6122f332c9f0e8bb1209dc7d
24.0,40.0,24,train,0.0,1.0,1.0,"(1, 2)",6122f332c9f0e8bb1209dc7d
24.0,40.0,25,train,0.0,1.0,1.0,"(1, 2)",6122f332c9f0e8bb1209dc7d
24.0,40.0,26,train,0.0,1.0,1.0,"(1, 2)",6122f332c9f0e8bb1209dc7d
24.0,40.0,27,train,0.0,1.0,1.0,"(1, 2)",6122f332c9f0e8bb1209dc7d
24.0,40.0,28,train,0.0,1.0,1.0,"(1, 2)",6122f332c9f0e8bb1209dc7d
24.0,40.0,29,train,0.0,1.0,1.0,"(1, 2)",6122f332c9f0e8bb1209dc7d
24.0,40.0,30,train,0.0,1.0,1.0,"(1, 2)",6122f332c9f0e8bb1209dc7d
24.0,40.0,31,train,0.0,1.0,1.0,"(1, 2)",6122f332c9f0e8bb1209dc7d
24.0,40.0,32,train,0.0,1.0,1.0,"(1, 2)",6122f332c9f0e8bb1209dc7d
24.0,40.0,33,train,0.0,1.0,1.0,"(1, 2)",6122f332c9f0e8bb1209dc7d
24.0,40.0,34,train,0.0,1.0,1.0,"(1, 2)",6122f332c9f0e8bb1209dc7d
24.0,40.0,35,train,0.0,1.0,1.0,"(1, 2)",6122f332c9f0e8bb1209dc7d
24.0,40.0,36,train,0.0,1.0,1.0,"(1, 2)",6122f332c9f0e8bb1209dc7d
24.0,40.0,37,train,0.0,1.0,1.0,"(1, 2)",6122f332c9f0e8bb1209dc7d
24.0,40.0,38,train,0.0,1.0,1.0,"(1, 2)",6122f332c9f0e8bb1209dc7d
24.0,40.0,39,train,0.0,1.0,1.0,"(1, 2)",6122f332c9f0e8bb1209dc7d
24.0,40.0,40,train,0.0,1.0,1.0,"(1, 2)",6122f332c9f0e8bb1209dc7d
24.0,40.0,41,train,0.0,1.0,1.0,"(1, 2)",6122f332c9f0e8bb1209dc7d
24.0,40.0,42,train,0.0,1.0,1.0,"(1, 2)",6122f332c9f0e8bb1209dc7d
24.0,40.0,43,train,0.0,1.0,1.0,"(1, 2)",6122f332c9f0e8bb1209dc7d
24.0,40.0,44,train,0.0,1.0,1.0,"(1, 2)",6122f332c9f0e8bb1209dc7d
24.0,40.0,45,train,0.0,1.0,1.0,"(1, 2)",6122f332c9f0e8bb1209dc7d
24.0,40.0,46,train,0.0,1.0,1.0,"(1, 2)",6122f332c9f0e8bb1209dc7d
24.0,40.0,47,train,0.0,1.0,1.0,"(1, 2)",6122f332c9f0e8bb1209dc7d
24.0,40.0,48,train,0.0,1.0,1.0,"(1, 2)",6122f332c9f0e8bb1209dc7d
24.0,40.0,49,train,0.0,1.0,1.0,"(1, 2)",6122f332c9f0e8bb1209dc7d
24.0,40.0,50,train,0.0,1.0,1.0,"(1, 2)",6122f332c9f0e8bb1209dc7d
24.0,40.0,51,train,0.0,1.0,1.0,"(1, 2)",6122f332c9f0e8bb1209dc7d
24.0,40.0,52,train,0.0,1.0,1.0,"(1, 2)",6122f332c9f0e8bb1209dc7d
24.0,40.0,53,train,0.0,1.0,1.0,"(1, 2)",6122f332c9f0e8bb1209dc7d
24.0,40.0,54,train,0.0,1.0,1.0,"(1, 2)",6122f332c9f0e8bb1209dc7d
24.0,40.0,55,train,0.0,1.0,1.0,"(1, 2)",6122f332c9f0e8bb1209dc7d
24.0,40.0,56,train,0.0,1.0,1.0,"(1, 2)",6122f332c9f0e8bb1209dc7d
24.0,40.0,57,train,0.0,1.0,1.0,"(1, 2)",6122f332c9f0e8bb1209dc7d
24.0,40.0,58,train,0.0,1.0,1.0,"(1, 2)",6122f332c9f0e8bb1209dc7d
24.0,40.0,59,train,0.0,1.0,1.0,"(1, 2)",6122f332c9f0e8bb1209dc7d
24.0,40.0,60,train,0.0,1.0,1.0,"(1, 2)",6122f332c9f0e8bb1209dc7d
24.0,40.0,61,train,0.0,1.0,1.0,"(1, 2)",6122f332c9f0e8bb1209dc7d
24.0,40.0,62,train,0.0,1.0,1.0,"(1, 2)",6122f332c9f0e8bb1209dc7d
24.0,40.0,63,train,0.0,1.0,1.0,"(1, 2)",6122f332c9f0e8bb1209dc7d
24.0,40.0,64,train,0.0,1.0,1.0,"(1, 2)",6122f332c9f0e8bb1209dc7d
24.0,40.0,65,train,0.0,1.0,1.0,"(1, 2)",6122f332c9f0e8bb1209dc7d
24.0,40.0,66,train,0.0,1.0,1.0,"(1, 2)",6122f332c9f0e8bb1209dc7d
24.0,40.0,67,train,0.0,1.0,1.0,"(1, 2)",6122f332c9f0e8bb1209dc7d
24.0,40.0,68,train,0.0,1.0,1.0,"(1, 2)",6122f332c9f0e8bb1209dc7d
24.0,40.0,69,train,0.0,1.0,1.0,"(1, 2)",6122f332c9f0e8bb1209dc7d
24.0,40.0,70,train,0.0,1.0,1.0,"(1, 2)",6122f332c9f0e8bb1209dc7d
24.0,40.0,71,train,0.0,1.0,1.0,"(1, 2)",6122f332c9f0e8bb1209dc7d
24.0,40.0,72,train,0.0,1.0,1.0,"(1, 2)",6122f332c9f0e8bb1209dc7d
24.0,40.0,73,train,0.0,1.0,1.0,"(1, 2)",6122f332c9f0e8bb1209dc7d
24.0,40.0,74,train,0.0,1.0,1.0,"(1, 2)",6122f332c9f0e8bb1209dc7d
24.0,40.0,75,train,0.0,1.0,1.0,"(1, 2)",6122f332c9f0e8bb1209dc7d
24.0,40.0,76,train,0.0,1.0,1.0,"(1, 2)",6122f332c9f0e8bb1209dc7d
24.0,40.0,77,train,0.0,1.0,1.0,"(1, 2)",6122f332c9f0e8bb1209dc7d
24.0,40.0,78,train,0.0,1.0,1.0,"(1, 2)",6122f332c9f0e8bb1209dc7d
24.0,40.0,79,train,0.0,1.0,1.0,"(1, 2)",6122f332c9f0e8bb1209dc7d
24.0,40.0,80,train,0.0,1.0,1.0,"(1, 2)",6122f332c9f0e8bb1209dc7d
24.0,40.0,81,train,0.0,1.0,1.0,"(1, 2)",6122f332c9f0e8bb1209dc7d
24.0,40.0,82,train,0.0,1.0,1.0,"(1, 2)",6122f332c9f0e8bb1209dc7d
24.0,40.0,83,train,0.0,1.0,1.0,"(1, 2)",6122f332c9f0e8bb1209dc7d
24.0,40.0,84,train,0.0,1.0,1.0,"(1, 2)",6122f332c9f0e8bb1209dc7d
24.0,40.0,85,train,0.0,1.0,1.0,"(1, 2)",6122f332c9f0e8bb1209dc7d
24.0,40.0,86,train,0.0,1.0,1.0,"(1, 2)",6122f332c9f0e8bb1209dc7d
24.0,40.0,87,train,0.0,1.0,1.0,"(1, 2)",6122f332c9f0e8bb1209dc7d
24.0,40.0,88,train,0.0,1.0,1.0,"(1, 2)",6122f332c9f0e8bb1209dc7d
24.0,40.0,89,train,0.0,1.0,1.0,"(1, 2)",6122f332c9f0e8bb1209dc7d
24.0,40.0,90,train,0.0,1.0,1.0,"(1, 2)",6122f332c9f0e8bb1209dc7d
24.0,40.0,91,train,0.0,1.0,1.0,"(1, 2)",6122f332c9f0e8bb1209dc7d
24.0,40.0,92,train,0.0,1.0,1.0,"(1, 2)",6122f332c9f0e8bb1209dc7d
24.0,40.0,93,train,0.0,1.0,1.0,"(1, 2)",6122f332c9f0e8bb1209dc7d
24.0,40.0,94,train,0.0,1.0,1.0,"(1, 2)",6122f332c9f0e8bb1209dc7d
24.0,40.0,95,train,0.0,1.0,1.0,"(1, 2)",6122f332c9f0e8bb1209dc7d
24.0,40.0,96,train,0.0,1.0,1.0,"(1, 2)",6122f332c9f0e8bb1209dc7d
24.0,40.0,97,train,0.0,1.0,1.0,"(1, 2)",6122f332c9f0e8bb1209dc7d
24.0,40.0,98,train,0.0,1.0,1.0,"(1, 2)",6122f332c9f0e8bb1209dc7d
24.0,40.0,99,train,0.0,1.0,1.0,"(1, 2)",6122f332c9f0e8bb1209dc7d
24.0,40.0,100,train,0.0,1.0,1.0,"(1, 2)",6122f332c9f0e8bb1209dc7d
24.0,40.0,101,train,0.0,1.0,1.0,"(1, 2)",6122f332c9f0e8bb1209dc7d
24.0,40.0,102,train,0.0,1.0,1.0,"(1, 2)",6122f332c9f0e8bb1209dc7d
24.0,40.0,103,train,0.0,1.0,1.0,"(1, 2)",6122f332c9f0e8bb1209dc7d
24.0,40.0,104,train,0.0,1.0,1.0,"(1, 2)",6122f332c9f0e8bb1209dc7d
24.0,40.0,105,train,0.0,1.0,1.0,"(1, 2)",6122f332c9f0e8bb1209dc7d
24.0,40.0,106,train,0.0,1.0,1.0,"(1, 2)",6122f332c9f0e8bb1209dc7d
24.0,40.0,107,train,0.0,1.0,1.0,"(1, 2)",6122f332c9f0e8bb1209dc7d
24.0,40.0,108,train,0.0,1.0,1.0,"(1, 2)",6122f332c9f0e8bb1209dc7d
24.0,40.0,109,train,0.0,1.0,1.0,"(1, 2)",6122f332c9f0e8bb1209dc7d
24.0,40.0,110,train,0.0,1.0,1.0,"(1, 2)",6122f332c9f0e8bb1209dc7d
24.0,40.0,111,train,0.0,1.0,1.0,"(1, 2)",6122f332c9f0e8bb1209dc7d
24.0,40.0,112,train,0.0,1.0,1.0,"(1, 2)",6122f332c9f0e8bb1209dc7d
24.0,40.0,113,train,0.0,1.0,1.0,"(1, 2)",6122f332c9f0e8bb1209dc7d
24.0,40.0,114,train,0.0,1.0,1.0,"(1, 2)",6122f332c9f0e8bb1209dc7d
24.0,40.0,115,train,0.0,1.0,1.0,"(1, 2)",6122f332c9f0e8bb1209dc7d
24.0,40.0,116,train,0.0,1.0,1.0,"(1, 2)",6122f332c9f0e8bb1209dc7d
24.0,40.0,117,train,0.0,1.0,1.0,"(1, 2)",6122f332c9f0e8bb1209dc7d
24.0,40.0,118,train,0.0,1.0,1.0,"(1, 2)",6122f332c9f0e8bb1209dc7d
24.0,40.0,119,train,0.0,1.0,1.0,"(1, 2)",6122f332c9f0e8bb1209dc7d
24.0,40.0,120,train,0.0,1.0,1.0,"(1, 2)",6122f332c9f0e8bb1209dc7d
24.0,40.0,121,train,0.0,1.0,1.0,"(1, 2)",6122f332c9f0e8bb1209dc7d
24.0,40.0,122,train,0.0,1.0,1.0,"(1, 2)",6122f332c9f0e8bb1209dc7d
24.0,40.0,123,train,0.0,1.0,1.0,"(1, 2)",6122f332c9f0e8bb1209dc7d
24.0,40.0,124,train,0.0,1.0,1.0,"(1, 2)",6122f332c9f0e8bb1209dc7d
24.0,40.0,125,train,0.0,1.0,1.0,"(1, 2)",6122f332c9f0e8bb1209dc7d
24.0,40.0,126,train,0.0,1.0,1.0,"(1, 2)",6122f332c9f0e8bb1209dc7d
24.0,40.0,127,train,0.0,1.0,1.0,"(1, 2)",6122f332c9f0e8bb1209dc7d
24.0,40.0,128,train,0.0,1.0,1.0,"(1, 2)",6122f332c9f0e8bb1209dc7d
24.0,40.0,129,train,0.0,1.0,1.0,"(1, 2)",6122f332c9f0e8bb1209dc7d
24.0,40.0,130,train,0.0,1.0,1.0,"(1, 2)",6122f332c9f0e8bb1209dc7d
24.0,40.0,131,train,0.0,1.0,1.0,"(1, 2)",6122f332c9f0e8bb1209dc7d
24.0,40.0,132,train,0.0,1.0,1.0,"(1, 2)",6122f332c9f0e8bb1209dc7d
24.0,40.0,133,train,0.0,1.0,1.0,"(1, 2)",6122f332c9f0e8bb1209dc7d
24.0,40.0,134,train,0.0,1.0,1.0,"(1, 2)",6122f332c9f0e8bb1209dc7d
24.0,40.0,135,train,0.0,1.0,1.0,"(1, 2)",6122f332c9f0e8bb1209dc7d
24.0,40.0,136,train,0.0,1.0,1.0,"(1, 2)",6122f332c9f0e8bb1209dc7d
24.0,40.0,137,train,0.0,1.0,1.0,"(1, 2)",6122f332c9f0e8bb1209dc7d
24.0,40.0,138,train,0.0,1.0,1.0,"(1, 2)",6122f332c9f0e8bb1209dc7d
24.0,40.0,139,train,0.0,1.0,1.0,"(1, 2)",6122f332c9f0e8bb1209dc7d
24.0,40.0,140,train,0.0,1.0,1.0,"(1, 2)",6122f332c9f0e8bb1209dc7d
24.0,40.0,141,train,0.0,1.0,1.0,"(1, 2)",6122f332c9f0e8bb1209dc7d
24.0,40.0,142,train,0.0,1.0,1.0,"(1, 2)",6122f332c9f0e8bb1209dc7d
24.0,40.0,143,train,0.0,1.0,1.0,"(1, 2)",6122f332c9f0e8bb1209dc7d
24.0,40.0,144,train,0.0,1.0,1.0,"(1, 2)",6122f332c9f0e8bb1209dc7d
24.0,40.0,145,train,0.0,1.0,1.0,"(1, 2)",6122f332c9f0e8bb1209dc7d
24.0,41.250000000000284,146,train,1.2500000000002842,1.0,1.0,"(1, 2)",6122f332c9f0e8bb1209dc7d
24.0,42.50000000000057,147,train,2.5000000000005684,1.0,1.0,"(1, 2)",6122f332c9f0e8bb1209dc7d
24.0,43.75000000000085,148,train,3.7500000000008527,1.0,1.0,"(1, 2)",6122f332c9f0e8bb1209dc7d
24.0,45.00000000000114,149,train,5.000000000001137,1.0,1.0,"(1, 2)",6122f332c9f0e8bb1209dc7d
24.0,46.25000000000142,150,train,6.250000000001421,1.0,1.0,"(1, 2)",6122f332c9f0e8bb1209dc7d
24.0,47.500000000001705,151,train,7.500000000001705,1.0,1.0,"(1, 2)",6122f332c9f0e8bb1209dc7d
24.0,48.75000000000199,152,train,8.75000000000199,1.0,1.0,"(1, 2)",6122f332c9f0e8bb1209dc7d
24.0,50.000000000002274,153,train,10.000000000002274,1.0,1.0,"(1, 2)",6122f332c9f0e8bb1209dc7d
24.0,51.25000000000256,154,train,11.250000000002558,1.0,1.0,"(1, 2)",6122f332c9f0e8bb1209dc7d
24.0,52.50000000000284,155,train,12.500000000002842,1.0,1.0,"(1, 2)",6122f332c9f0e8bb1209dc7d
24.0,53.750000000003126,156,train,13.750000000003126,1.0,1.0,"(1, 2)",6122f332c9f0e8bb1209dc7d
24.0,55.00000000000341,157,train,15.00000000000341,1.0,1.0,"(1, 2)",6122f332c9f0e8bb1209dc7d
24.0,56.250000000003695,158,train,16.250000000003695,1.0,1.0,"(1, 2)",6122f332c9f0e8bb1209dc7d
24.0,57.50000000000398,159,train,17.50000000000398,1.0,1.0,"(1, 2)",6122f332c9f0e8bb1209dc7d
24.0,58.75000000000426,160,train,18.750000000004263,1.0,1.0,"(1, 2)",6122f332c9f0e8bb1209dc7d
24.0,60.00000000000455,161,train,20.000000000004547,1.0,1.0,"(1, 2)",6122f332c9f0e8bb1209dc7d
24.0,61.25000000000483,162,train,21.25000000000483,1.0,1.0,"(1, 2)",6122f332c9f0e8bb1209dc7d
24.0,62.500000000005116,163,train,22.500000000005116,1.0,1.0,"(1, 2)",6122f332c9f0e8bb1209dc7d
24.0,63.7500000000054,164,train,23.7500000000054,1.0,1.0,"(1, 2)",6122f332c9f0e8bb1209dc7d
24.0,65.00000000000568,165,train,25.000000000005684,1.0,1.0,"(1, 2)",6122f332c9f0e8bb1209dc7d
24.0,66.25000000000597,166,train,26.25000000000597,1.0,1.0,"(1, 2)",6122f332c9f0e8bb1209dc7d
24.0,67.50000000000625,167,train,27.500000000006253,1.0,1.0,"(1, 2)",6122f332c9f0e8bb1209dc7d
24.0,68.75000000000654,168,train,28.750000000006537,1.0,1.0,"(1, 2)",6122f332c9f0e8bb1209dc7d
24.0,70.00000000000682,169,train,30.00000000000682,1.0,1.0,"(1, 2)",6122f332c9f0e8bb1209dc7d
24.0,71.2500000000071,170,train,31.250000000007105,1.0,1.0,"(1, 2)",6122f332c9f0e8bb1209dc7d
24.0,72.50000000000739,171,train,32.50000000000739,1.0,1.0,"(1, 2)",6122f332c9f0e8bb1209dc7d
24.0,73.75000000000767,172,train,33.750000000007674,1.0,1.0,"(1, 2)",6122f332c9f0e8bb1209dc7d
24.0,75.00000000000796,173,train,35.00000000000796,1.0,1.0,"(1, 2)",6122f332c9f0e8bb1209dc7d
24.0,76.25000000000824,174,train,36.25000000000824,1.0,1.0,"(1, 2)",6122f332c9f0e8bb1209dc7d
24.0,77.50000000000853,175,train,37.50000000000853,1.0,1.0,"(1, 2)",6122f332c9f0e8bb1209dc7d
24.0,78.75000000000881,176,train,38.75000000000881,1.0,1.0,"(1, 2)",6122f332c9f0e8bb1209dc7d
24.0,80.0000000000091,177,train,40.000000000009095,1.0,1.0,"(1, 2)",6122f332c9f0e8bb1209dc7d
24.0,81.25000000000938,178,train,41.25000000000938,1.0,1.0,"(1, 2)",6122f332c9f0e8bb1209dc7d
24.0,82.50000000000966,179,train,42.50000000000966,1.0,1.0,"(1, 2)",6122f332c9f0e8bb1209dc7d
24.0,83.75000000000995,180,train,43.75000000000995,1.0,1.0,"(1, 2)",6122f332c9f0e8bb1209dc7d
24.0,85.00000000001023,181,train,45.00000000001023,1.0,1.0,"(1, 2)",6122f332c9f0e8bb1209dc7d
24.0,86.25000000001052,182,train,46.250000000010516,1.0,1.0,"(1, 2)",6122f332c9f0e8bb1209dc7d
24.0,87.5000000000108,183,train,47.5000000000108,1.0,1.0,"(1, 2)",6122f332c9f0e8bb1209dc7d
24.0,88.75000000001108,184,train,48.750000000011084,1.0,1.0,"(1, 2)",6122f332c9f0e8bb1209dc7d
24.0,90.00000000001137,185,train,50.00000000001137,1.0,1.0,"(1, 2)",6122f332c9f0e8bb1209dc7d
24.0,91.25000000001165,186,train,51.25000000001165,1.0,1.0,"(1, 2)",6122f332c9f0e8bb1209dc7d
24.0,92.50000000001194,187,train,52.50000000001194,1.0,1.0,"(1, 2)",6122f332c9f0e8bb1209dc7d
24.0,93.75000000001222,188,train,53.75000000001222,1.0,1.0,"(1, 2)",6122f332c9f0e8bb1209dc7d
24.0,95.0000000000125,189,train,55.000000000012506,1.0,1.0,"(1, 2)",6122f332c9f0e8bb1209dc7d
24.0,96.25000000001279,190,train,56.25000000001279,1.0,1.0,"(1, 2)",6122f332c9f0e8bb1209dc7d
24.0,97.50000000001307,191,train,57.500000000013074,1.0,1.0,"(1, 2)",6122f332c9f0e8bb1209dc7d
24.0,98.75000000001336,192,train,58.75000000001336,1.0,1.0,"(1, 2)",6122f332c9f0e8bb1209dc7d
24.0,100.00000000001364,193,train,60.00000000001364,1.0,1.0,"(1, 2)",6122f332c9f0e8bb1209dc7d
24.0,101.25000000001393,194,train,61.25000000001393,1.0,1.0,"(1, 2)",6122f332c9f0e8bb1209dc7d
24.0,102.50000000001421,195,train,62.50000000001421,1.0,1.0,"(1, 2)",6122f332c9f0e8bb1209dc7d
24.0,103.7500000000145,196,train,63.750000000014495,1.0,1.0,"(1, 2)",6122f332c9f0e8bb1209dc7d
24.0,105.00000000001478,197,train,65.00000000001478,1.0,1.0,"(1, 2)",6122f332c9f0e8bb1209dc7d
24.0,106.25000000001506,198,train,66.25000000001506,1.0,1.0,"(1, 2)",6122f332c9f0e8bb1209dc7d
24.0,107.50000000001535,199,train,67.50000000001535,1.0,1.0,"(1, 2)",6122f332c9f0e8bb1209dc7d
24.0,108.75000000001563,200,train,68.75000000001563,1.0,1.0,"(1, 2)",6122f332c9f0e8bb1209dc7d
24.0,110.00000000001592,201,train,70.00000000001592,1.0,1.0,"(1, 2)",6122f332c9f0e8bb1209dc7d
24.0,111.2500000000162,202,train,71.2500000000162,1.0,1.0,"(1, 2)",6122f332c9f0e8bb1209dc7d
24.0,112.50000000001648,203,train,72.50000000001648,1.0,1.0,"(1, 2)",6122f332c9f0e8bb1209dc7d
24.0,113.75000000001677,204,train,73.75000000001677,1.0,1.0,"(1, 2)",6122f332c9f0e8bb1209dc7d
24.0,115.00000000001705,205,train,75.00000000001705,1.0,1.0,"(1, 2)",6122f332c9f0e8bb1209dc7d
24.0,116.25000000001734,206,train,76.25000000001734,1.0,1.0,"(1, 2)",6122f332c9f0e8bb1209dc7d
24.0,117.50000000001762,207,train,77.50000000001762,1.0,1.0,"(1, 2)",6122f332c9f0e8bb1209dc7d
24.0,118.7500000000179,208,train,78.7500000000179,1.0,1.0,"(1, 2)",6122f332c9f0e8bb1209dc7d
24.140540251812297,119.94229700497795,209,train,79.9505514193316,1.0,1.0,"(1, 2)",6122f332c9f0e8bb1209dc7d
25.018916825639153,120.8316532859767,210,train,81.2005514193315,1.0,1.0,"(1, 2)",6122f332c9f0e8bb1209dc7d
25.897293399466008,121.72100956697545,211,train,82.4505514193314,1.0,1.0,"(1, 2)",6122f332c9f0e8bb1209dc7d
26.775669973292864,122.61036584797421,212,train,83.7005514193313,1.0,1.0,"(1, 2)",6122f332c9f0e8bb1209dc7d
27.65404654711972,123.49972212897296,213,train,84.9505514193312,1.0,1.0,"(1, 2)",6122f332c9f0e8bb1209dc7d
28.532423120946575,124.38907840997172,214,train,86.2005514193311,1.0,1.0,"(1, 2)",6122f332c9f0e8bb1209dc7d
29.41079969477343,125.27843469097047,215,train,87.450551419331,1.0,1.0,"(1, 2)",6122f332c9f0e8bb1209dc7d
30.289176268600286,126.16779097196923,216,train,88.7005514193309,1.0,1.0,"(1, 2)",6122f332c9f0e8bb1209dc7d
31.167552842427142,127.05714725296798,217,train,89.95055141933081,1.0,1.0,"(1, 2)",6122f332c9f0e8bb1209dc7d
32.04592941625402,127.94650353396673,218,train,91.20055141933072,1.0,1.0,"(1, 2)",6122f332c9f0e8bb1209dc7d
32.92430599008123,128.8358598149655,219,train,92.45055141933086,1.0,1.0,"(1, 2)",6122f332c9f0e8bb1209dc7d
33.80268256390844,129.72521609596424,220,train,93.700551419331,1.0,1.0,"(1, 2)",6122f332c9f0e8bb1209dc7d
34.68105913773565,130.614572376963,221,train,94.95055141933115,1.0,1.0,"(1, 2)",6122f332c9f0e8bb1209dc7d
35.55943571156286,131.50392865796175,222,train,96.20055141933129,1.0,1.0,"(1, 2)",6122f332c9f0e8bb1209dc7d
36.437812285389924,132.3932849389605,223,train,97.45055141933133,1.0,1.0,"(1, 2)",6122f332c9f0e8bb1209dc7d
37.31618885921664,133.28264121995926,224,train,98.70055141933113,1.0,1.0,"(1, 2)",6122f332c9f0e8bb1209dc7d
38.194565433043344,134.171997500958,225,train,99.95055141933092,1.0,1.0,"(1, 2)",6122f332c9f0e8bb1209dc7d
39.07294200687006,135.06135378195677,226,train,101.20055141933072,1.0,1.0,"(1, 2)",6122f332c9f0e8bb1209dc7d
39.95387262834076,135.66868467339486,227,train,102.27054654620736,1.0,1.0,"(1, 2)",6122f332c9f0e8bb1209dc7d
40.84821199994242,134.7953822696395,228,train,103.52054654620805,1.0,1.0,"(1, 2)",6122f332c9f0e8bb1209dc7d
41.74255137154408,133.92207986588414,229,train,104.77054654620875,1.0,1.0,"(1, 2)",6122f332c9f0e8bb1209dc7d
42.63689074314574,133.04877746212878,230,train,106.02054654620945,1.0,1.0,"(1, 2)",6122f332c9f0e8bb1209dc7d
43.5312301147474,132.17547505837342,231,train,107.27054654621014,1.0,1.0,"(1, 2)",6122f332c9f0e8bb1209dc7d
44.42556948634906,131.30217265461806,232,train,108.52054654621084,1.0,1.0,"(1, 2)",6122f332c9f0e8bb1209dc7d
45.31990885795072,130.4288702508627,233,train,109.77054654621153,1.0,1.0,"(1, 2)",6122f332c9f0e8bb1209dc7d
46.21424822955238,129.55556784710734,234,train,111.02054654621223,1.0,1.0,"(1, 2)",6122f332c9f0e8bb1209dc7d
47.10858760115404,128.68226544335198,235,train,112.27054654621293,1.0,1.0,"(1, 2)",6122f332c9f0e8bb1209dc7d
48.0029269727557,127.80896303959693,236,train,113.52054654621341,1.0,1.0,"(1, 2)",6122f332c9f0e8bb1209dc7d
48.89726634435736,126.93566063584299,237,train,114.77054654621311,1.0,1.0,"(1, 2)",6122f332c9f0e8bb1209dc7d
49.79160571595902,126.06235823208905,238,train,116.02054654621281,1.0,1.0,"(1, 2)",6122f332c9f0e8bb1209dc7d
50.68594508756068,125.18905582833484,239,train,117.2705465462127,1.0,1.0,"(1, 2)",6122f332c9f0e8bb1209dc7d
51.58028445916234,124.31575342457992,240,train,118.52054654621308,1.0,1.0,"(1, 2)",6122f332c9f0e8bb1209dc7d
52.474623830764,123.442451020825,241,train,119.77054654621347,1.0,1.0,"(1, 2)",6122f332c9f0e8bb1209dc7d
53.36896320236566,122.56914861707008,242,train,121.02054654621385,1.0,1.0,"(1, 2)",6122f332c9f0e8bb1209dc7d
54.26330257396732,121.69584621331515,243,train,122.27054654621425,1.0,1.0,"(1, 2)",6122f332c9f0e8bb1209dc7d
55.15764194556898,120.82254380956023,244,train,123.52054654621463,1.0,1.0,"(1, 2)",6122f332c9f0e8bb1209dc7d
55.80585476953,119.84379235274251,245,train,124.69448618664353,1.0,1.0,"(1, 2)",6122f332c9f0e8bb1209dc7d
55.821170756700795,118.59388618804904,246,train,125.94448618664423,1.0,1.0,"(1, 2)",6122f332c9f0e8bb1209dc7d
55.83648674387159,117.34398002335557,247,train,127.19448618664492,1.0,1.0,"(1, 2)",6122f332c9f0e8bb1209dc7d
55.85180273104238,116.0940738586621,248,train,128.44448618664563,1.0,1.0,"(1, 2)",6122f332c9f0e8bb1209dc7d
55.86711871821318,114.84416769396863,249,train,129.69448618664634,1.0,1.0,"(1, 2)",6122f332c9f0e8bb1209dc7d
55.88243470538397,113.59426152927516,250,train,130.94448618664705,1.0,1.0,"(1, 2)",6122f332c9f0e8bb1209dc7d
55.897750692554766,112.34435536458169,251,train,132.19448618664777,1.0,1.0,"(1, 2)",6122f332c9f0e8bb1209dc7d
55.91306667972556,111.09444919988822,252,train,133.44448618664848,1.0,1.0,"(1, 2)",6122f332c9f0e8bb1209dc7d
55.928382666896354,109.84454303519475,253,train,134.6944861866492,1.0,1.0,"(1, 2)",6122f332c9f0e8bb1209dc7d
55.94369865406715,108.59463687050128,254,train,135.9444861866499,1.0,1.0,"(1, 2)",6122f332c9f0e8bb1209dc7d
55.95901464123794,107.3447307058078,255,train,137.1944861866506,1.0,1.0,"(1, 2)",6122f332c9f0e8bb1209dc7d
55.97433062840848,106.09482454111433,256,train,138.44448618665132,1.0,1.0,"(1, 2)",6122f332c9f0e8bb1209dc7d
55.98964661557893,104.84491837642086,257,train,139.69448618665203,1.0,1.0,"(1, 2)",6122f332c9f0e8bb1209dc7d
55.997699440518915,103.5949671773087,258,train,140.94446332570357,1.0,1.0,"(1, 2)",6122f332c9f0e8bb1209dc7d
55.99788383970923,102.34496719090963,259,train,142.19446332570388,1.0,1.0,"(1, 2)",6122f332c9f0e8bb1209dc7d
55.99806823889955,101.09496720451055,260,train,143.4444633257042,1.0,1.0,"(1, 2)",6122f332c9f0e8bb1209dc7d
55.998252638089866,99.84496721811148,261,train,144.6944633257045,1.0,1.0,"(1, 2)",6122f332c9f0e8bb1209dc7d
55.99843703728018,98.5949672317124,262,train,145.94446332570482,1.0,1.0,"(1, 2)",6122f332c9f0e8bb1209dc7d
55.9986214364705,97.34496724531333,263,train,147.19446332570513,1.0,1.0,"(1, 2)",6122f332c9f0e8bb1209dc7d
55.99880583566082,96.09496725891425,264,train,148.44446332570544,1.0,1.0,"(1, 2)",6122f332c9f0e8bb1209dc7d
55.998990234851135,94.84496727251518,265,train,149.69446332570575,1.0,1.0,"(1, 2)",6122f332c9f0e8bb1209dc7d
55.99917463404145,93.5949672861161,266,train,150.94446332570607,1.0,1.0,"(1, 2)",6122f332c9f0e8bb1209dc7d
55.99935903323177,92.34496729971703,267,train,152.19446332570638,1.0,1.0,"(1, 2)",6122f332c9f0e8bb1209dc7d
55.99954343242209,91.09496731331795,268,train,153.4444633257067,1.0,1.0,"(1, 2)",6122f332c9f0e8bb1209dc7d
55.999727831612404,89.84496732691888,269,train,154.694463325707,1.0,1.0,"(1, 2)",6122f332c9f0e8bb1209dc7d
55.99991223080253,88.5949673405198,270,train,155.94446332570732,1.0,1.0,"(1, 2)",6122f332c9f0e8bb1209dc7d
55.999972748101165,87.34496734487384,271,train,157.19446332281822,1.0,1.0,"(1, 2)",6122f332c9f0e8bb1209dc7d
55.999974968039176,86.0949673448764,272,train,158.44446332281763,1.0,1.0,"(1, 2)",6122f332c9f0e8bb1209dc7d
55.99997718797719,84.84496734487895,273,train,159.69446332281703,1.0,1.0,"(1, 2)",6122f332c9f0e8bb1209dc7d
55.9999794079152,83.59496734488151,274,train,160.94446332281643,1.0,1.0,"(1, 2)",6122f332c9f0e8bb1209dc7d
55.99998162785321,82.34496734488407,275,train,162.19446332281584,1.0,1.0,"(1, 2)",6122f332c9f0e8bb1209dc7d
55.99998384779122,81.09496734488663,276,train,163.44446332281524,1.0,1.0,"(1, 2)",6122f332c9f0e8bb1209dc7d
55.99998606772923,79.84496734488918,277,train,164.69446332281464,1.0,1.0,"(1, 2)",6122f332c9f0e8bb1209dc7d
55.99998828766692,78.59496734489174,278,train,165.94446332281404,1.0,1.0,"(1, 2)",6122f332c9f0e8bb1209dc7d
55.99999050760458,77.3449673448943,279,train,167.19446332281345,1.0,1.0,"(1, 2)",6122f332c9f0e8bb1209dc7d
55.999992727542235,76.09496734489686,280,train,168.44446332281285,1.0,1.0,"(1, 2)",6122f332c9f0e8bb1209dc7d
55.99999494747989,74.84496734489942,281,train,169.69446332281225,1.0,1.0,"(1, 2)",6122f332c9f0e8bb1209dc7d
55.99999716741755,73.59496734490197,282,train,170.94446332281166,1.0,1.0,"(1, 2)",6122f332c9f0e8bb1209dc7d
55.9999993873552,72.34496734490453,283,train,172.19446332281106,1.0,1.0,"(1, 2)",6122f332c9f0e8bb1209dc7d
55.99999967726611,71.09496734490459,284,train,173.44446332281103,1.0,1.0,"(1, 2)",6122f332c9f0e8bb1209dc7d
55.9999997039914,69.8449673449043,285,train,174.69446332281132,1.0,1.0,"(1, 2)",6122f332c9f0e8bb1209dc7d
55.99999973071669,68.59496734490402,286,train,175.9444633228116,1.0,1.0,"(1, 2)",6122f332c9f0e8bb1209dc7d
55.99999975744198,67.34496734490374,287,train,177.19446332281188,1.0,1.0,"(1, 2)",6122f332c9f0e8bb1209dc7d
55.999999784167265,66.09496734490345,288,train,178.44446332281217,1.0,1.0,"(1, 2)",6122f332c9f0e8bb1209dc7d
55.999999810892554,64.84496734490317,289,train,179.69446332281245,1.0,1.0,"(1, 2)",6122f332c9f0e8bb1209dc7d
55.99999983761784,63.594967344902884,290,train,180.94446332281274,1.0,1.0,"(1, 2)",6122f332c9f0e8bb1209dc7d
55.99999986434313,62.3449673449026,291,train,182.19446332281302,1.0,1.0,"(1, 2)",6122f332c9f0e8bb1209dc7d
55.99999989106842,61.094967344902315,292,train,183.4444633228133,1.0,1.0,"(1, 2)",6122f332c9f0e8bb1209dc7d
55.99999991779371,59.84496734490203,293,train,184.6944633228136,1.0,1.0,"(1, 2)",6122f332c9f0e8bb1209dc7d
55.999999944519,58.59496734490175,294,train,185.94446332281387,1.0,1.0,"(1, 2)",6122f332c9f0e8bb1209dc7d
55.999999971244286,57.34496734490146,295,train,187.19446332281416,1.0,1.0,"(1, 2)",6122f332c9f0e8bb1209dc7d
56.07028117320021,56.1238297591418,296,train,188.4176217143168,1.0,1.0,"(1, 2)",6122f332c9f0e8bb1209dc7d
56.94879589030841,55.23460993714927,297,train,189.66762171431685,1.0,1.0,"(1, 2)",6122f332c9f0e8bb1209dc7d
57.827310607416614,54.345390115156746,298,train,190.9176217143169,1.0,1.0,"(1, 2)",6122f332c9f0e8bb1209dc7d
58.70582532452482,53.45617029316422,299,train,192.16762171431697,1.0,1.0,"(1, 2)",6122f332c9f0e8bb1209dc7d
59.58434004163302,52.566950471171694,300,train,193.41762171431702,1.0,1.0,"(1, 2)",6122f332c9f0e8bb1209dc7d
60.46285475874122,51.67773064917917,301,train,194.66762171431708,1.0,1.0,"(1, 2)",6122f332c9f0e8bb1209dc7d
61.341369475849426,50.78851082718664,302,train,195.91762171431714,1.0,1.0,"(1, 2)",6122f332c9f0e8bb1209dc7d
62.21988419295763,49.899291005194115,303,train,197.1676217143172,1.0,1.0,"(1, 2)",6122f332c9f0e8bb1209dc7d
63.09839891006583,49.01007118320159,304,train,198.41762171431725,1.0,1.0,"(1, 2)",6122f332c9f0e8bb1209dc7d
63.976913627174035,48.12085136120906,305,train,199.6676217143173,1.0,1.0,"(1, 2)",6122f332c9f0e8bb1209dc7d
64.85542834428225,47.23163153921654,306,train,200.91762171431736,1.0,1.0,"(1, 2)",6122f332c9f0e8bb1209dc7d
65.73394306139045,46.34241171722465,307,train,202.16762171431697,1.0,1.0,"(1, 2)",6122f332c9f0e8bb1209dc7d
66.61245777849865,45.45319189523277,308,train,203.41762171431657,1.0,1.0,"(1, 2)",6122f332c9f0e8bb1209dc7d
67.49097249560685,44.56397207324089,309,train,204.66762171431617,1.0,1.0,"(1, 2)",6122f332c9f0e8bb1209dc7d
68.36948721271506,43.67475225124901,310,train,205.91762171431577,1.0,1.0,"(1, 2)",6122f332c9f0e8bb1209dc7d
69.598145062213,43.44475249284296,311,train,207.1676217143157,1.0,1.0,"(1, 2)",6122f332c9f0e8bb1209dc7d
70.82680291171096,43.21475273443691,312,train,208.4176217143156,1.0,1.0,"(1, 2)",6122f332c9f0e8bb1209dc7d
72.0554607612089,42.984752976030855,313,train,209.66762171431552,1.0,1.0,"(1, 2)",6122f332c9f0e8bb1209dc7d
73.28411861070686,42.7547532176248,314,train,210.91762171431543,1.0,1.0,"(1, 2)",6122f332c9f0e8bb1209dc7d
74.5127764602048,42.52475345921875,315,train,212.16762171431535,1.0,1.0,"(1, 2)",6122f332c9f0e8bb1209dc7d
75.74143430970275,42.294753700813,316,train,213.4176217143152,1.0,1.0,"(1, 2)",6122f332c9f0e8bb1209dc7d
76.9700921592007,42.064753942407336,317,train,214.66762171431503,1.0,1.0,"(1, 2)",6122f332c9f0e8bb1209dc7d
78.19875000869865,41.83475418400167,318,train,215.91762171431486,1.0,1.0,"(1, 2)",6122f332c9f0e8bb1209dc7d
79.4274078581966,41.604754425596,319,train,217.1676217143147,1.0,1.0,"(1, 2)",6122f332c9f0e8bb1209dc7d
80.65606570769455,41.37475466719033,320,train,218.41762171431452,1.0,1.0,"(1, 2)",6122f332c9f0e8bb1209dc7d
81.8847235571925,41.14475490878466,321,train,219.66762171431435,1.0,1.0,"(1, 2)",6122f332c9f0e8bb1209dc7d
83.11338140669045,40.914755150379,322,train,220.91762171431418,1.0,1.0,"(1, 2)",6122f332c9f0e8bb1209dc7d
84.3420392561884,40.68475539197333,323,train,222.167621714314,1.0,1.0,"(1, 2)",6122f332c9f0e8bb1209dc7d
85.57069710568635,40.454755633567665,324,train,223.41762171431384,1.0,1.0,"(1, 2)",6122f332c9f0e8bb1209dc7d
86.7993549551843,40.224755875161996,325,train,224.66762171431367,1.0,1.0,"(1, 2)",6122f332c9f0e8bb1209dc7d
88.03185383091724,40.035653694274885,326,train,225.9145431687362,1.0,1.0,"(1, 2)",6122f332c9f0e8bb1209dc7d
89.28185071505405,40.03286269986117,327,train,227.16454316873683,1.0,1.0,"(1, 2)",6122f332c9f0e8bb1209dc7d
90.53184759919085,40.030071705447455,328,train,228.41454316873745,1.0,1.0,"(1, 2)",6122f332c9f0e8bb1209dc7d
91.78184448332766,40.02728071103374,329,train,229.66454316873808,1.0,1.0,"(1, 2)",6122f332c9f0e8bb1209dc7d
93.03184136746447,40.024489716620025,330,train,230.9145431687387,1.0,1.0,"(1, 2)",6122f332c9f0e8bb1209dc7d
94.28183825160127,40.02169872220654,331,train,232.16454316873933,1.0,1.0,"(1, 2)",6122f332c9f0e8bb1209dc7d
95.53183513573808,40.01890772779318,332,train,233.41454316873995,1.0,1.0,"(1, 2)",6122f332c9f0e8bb1209dc7d
96.78183201987488,40.01611673337982,333,train,234.66454316874058,1.0,1.0,"(1, 2)",6122f332c9f0e8bb1209dc7d
98.03182890401169,40.01332573896645,334,train,235.9145431687412,1.0,1.0,"(1, 2)",6122f332c9f0e8bb1209dc7d
99.2818257881485,40.01053474455309,335,train,237.16454316874183,1.0,1.0,"(1, 2)",6122f332c9f0e8bb1209dc7d
100.5318226722853,40.00774375013973,336,train,238.41454316874245,1.0,1.0,"(1, 2)",6122f332c9f0e8bb1209dc7d
101.7818195564221,40.00495275572637,337,train,239.66454316874308,1.0,1.0,"(1, 2)",6122f332c9f0e8bb1209dc7d
103.03181644055891,40.00216176131301,338,train,240.9145431687437,1.0,1.0,"(1, 2)",6122f332c9f0e8bb1209dc7d
104.28181450855536,40.00041869199948,339,train,242.1645424520577,1.0,1.0,"(1, 2)",6122f332c9f0e8bb1209dc7d
105.53181450811226,40.00038539521726,340,train,243.41454245205807,1.0,1.0,"(1, 2)",6122f332c9f0e8bb1209dc7d
106.78181450766917,40.00035209843504,341,train,244.66454245205844,1.0,1.0,"(1, 2)",6122f332c9f0e8bb1209dc7d
108.03181450722607,40.00031880165282,342,train,245.9145424520588,1.0,1.0,"(1, 2)",6122f332c9f0e8bb1209dc7d
109.28181450678298,40.0002855048706,343,train,247.16454245205918,1.0,1.0,"(1, 2)",6122f332c9f0e8bb1209dc7d
110.53181450633988,40.00025220808838,344,train,248.41454245205955,1.0,1.0,"(1, 2)",6122f332c9f0e8bb1209dc7d
111.78181450589679,40.000218911306156,345,train,249.66454245205992,1.0,1.0,"(1, 2)",6122f332c9f0e8bb1209dc7d
113.0318145054537,40.000185614523936,346,train,250.9145424520603,1.0,1.0,"(1, 2)",6122f332c9f0e8bb1209dc7d
114.2818145050106,40.000152317741716,347,train,252.16454245206066,1.0,1.0,"(1, 2)",6122f332c9f0e8bb1209dc7d
115.5318145045675,40.000119020959495,348,train,253.41454245206103,1.0,1.0,"(1, 2)",6122f332c9f0e8bb1209dc7d
116.78181450412441,40.000085724177275,349,train,254.6645424520614,1.0,1.0,"(1, 2)",6122f332c9f0e8bb1209dc7d
118.03181450368132,40.000052427395055,350,train,255.91454245206177,1.0,1.0,"(1, 2)",6122f332c9f0e8bb1209dc7d
119.28181450323822,40.000019130612834,351,train,257.16454245206216,1.0,1.0,"(1, 2)",6122f332c9f0e8bb1209dc7d
120.32253388671433,39.490438155947,352,train,258.3233218119423,1.0,1.0,"(1, 2)",6122f332c9f0e8bb1209dc7d
121.21170523785605,38.61187438005509,353,train,259.5733218119426,1.0,1.0,"(1, 2)",6122f332c9f0e8bb1209dc7d
122.10087658899778,37.733310604163336,354,train,260.8233218119428,1.0,1.0,"(1, 2)",6122f332c9f0e8bb1209dc7d
122.9900479401395,36.85474682827177,355,train,262.0733218119428,1.0,1.0,"(1, 2)",6122f332c9f0e8bb1209dc7d
123.87921929128123,35.97618305238021,356,train,263.3233218119428,1.0,1.0,"(1, 2)",6122f332c9f0e8bb1209dc7d
124.76839064242296,35.09761927648865,357,train,264.5733218119428,1.0,1.0,"(1, 2)",6122f332c9f0e8bb1209dc7d
125.65756199356468,34.219055500597094,358,train,265.8233218119428,1.0,1.0,"(1, 2)",6122f332c9f0e8bb1209dc7d
126.54673334470641,33.34049172470553,359,train,267.0733218119428,1.0,1.0,"(1, 2)",6122f332c9f0e8bb1209dc7d
127.43590469584814,32.461927948813965,360,train,268.3233218119428,1.0,1.0,"(1, 2)",6122f332c9f0e8bb1209dc7d
128.32507604698986,31.58336417292241,361,train,269.5733218119428,1.0,1.0,"(1, 2)",6122f332c9f0e8bb1209dc7d
129.2142473981316,30.70480039703086,362,train,270.8233218119428,1.0,1.0,"(1, 2)",6122f332c9f0e8bb1209dc7d
130.10341874927332,29.82623662113931,363,train,272.0733218119428,1.0,1.0,"(1, 2)",6122f332c9f0e8bb1209dc7d
130.99259010041504,28.94767284524776,364,train,273.3233218119428,1.0,1.0,"(1, 2)",6122f332c9f0e8bb1209dc7d
131.88176145155677,28.06910906935621,365,train,274.5733218119428,1.0,1.0,"(1, 2)",6122f332c9f0e8bb1209dc7d
132.7709328026985,27.19054529346466,366,train,275.8233218119428,1.0,1.0,"(1, 2)",6122f332c9f0e8bb1209dc7d
133.66010415384022,26.31198151757311,367,train,277.0733218119428,1.0,1.0,"(1, 2)",6122f332c9f0e8bb1209dc7d
134.54927550498195,25.43341774168156,368,train,278.3233218119428,1.0,1.0,"(1, 2)",6122f332c9f0e8bb1209dc7d
135.43844685612368,24.55485396579001,369,train,279.5733218119428,1.0,1.0,"(1, 2)",6122f332c9f0e8bb1209dc7d
136.0,24.0,370,train,280.36275506228776,1.0,1.0,"(1, 2)",6122f332c9f0e8bb1209dc7d
136.0,24.0,371,train,280.36275506228776,1.0,1.0,"(1, 2)",6122f332c9f0e8bb1209dc7d
136.0,24.0,372,train,280.36275506228776,1.0,1.0,"(1, 2)",6122f332c9f0e8bb1209dc7d
136.0,24.0,373,train,280.36275506228776,1.0,1.0,"(1, 2)",6122f332c9f0e8bb1209dc7d
136.0,24.0,374,train,280.36275506228776,1.0,1.0,"(1, 2)",6122f332c9f0e8bb1209dc7d
136.0,24.0,375,train,280.36275506228776,1.0,1.0,"(1, 2)",6122f332c9f0e8bb1209dc7d
136.0,24.0,376,train,280.36275506228776,1.0,1.0,"(1, 2)",6122f332c9f0e8bb1209dc7d
136.0,24.0,377,train,280.36275506228776,1.0,1.0,"(1, 2)",6122f332c9f0e8bb1209dc7d
136.0,24.0,378,train,280.36275506228776,1.0,1.0,"(1, 2)",6122f332c9f0e8bb1209dc7d
136.0,24.0,379,train,280.36275506228776,1.0,1.0,"(1, 2)",6122f332c9f0e8bb1209dc7d
136.0,24.0,380,train,280.36275506228776,1.0,1.0,"(1, 2)",6122f332c9f0e8bb1209dc7d
136.0,24.0,381,train,280.36275506228776,1.0,1.0,"(1, 2)",6122f332c9f0e8bb1209dc7d
136.0,24.0,382,train,280.36275506228776,1.0,1.0,"(1, 2)",6122f332c9f0e8bb1209dc7d
136.0,24.0,383,train,280.36275506228776,1.0,1.0,"(1, 2)",6122f332c9f0e8bb1209dc7d
136.0,24.0,384,train,280.36275506228776,1.0,1.0,"(1, 2)",6122f332c9f0e8bb1209dc7d
136.0,24.0,385,train,280.36275506228776,1.0,1.0,"(1, 2)",6122f332c9f0e8bb1209dc7d
136.0,24.0,386,train,280.36275506228776,1.0,1.0,"(1, 2)",6122f332c9f0e8bb1209dc7d
136.0,24.0,387,train,280.36275506228776,1.0,1.0,"(1, 2)",6122f332c9f0e8bb1209dc7d
136.0,24.0,388,train,280.36275506228776,1.0,1.0,"(1, 2)",6122f332c9f0e8bb1209dc7d
136.0,24.0,389,train,280.36275506228776,1.0,1.0,"(1, 2)",6122f332c9f0e8bb1209dc7d
136.0,24.0,390,train,280.36275506228776,1.0,1.0,"(1, 2)",6122f332c9f0e8bb1209dc7d
136.0,24.0,391,train,280.36275506228776,1.0,1.0,"(1, 2)",6122f332c9f0e8bb1209dc7d
136.0,24.0,392,train,280.36275506228776,1.0,1.0,"(1, 2)",6122f332c9f0e8bb1209dc7d
136.0,24.0,393,train,280.36275506228776,1.0,1.0,"(1, 2)",6122f332c9f0e8bb1209dc7d
134.75000000000114,24.0,394,train,281.6127550622866,1.0,1.0,"(1, 2)",6122f332c9f0e8bb1209dc7d
133.50000000000227,24.0,395,train,282.8627550622855,1.0,1.0,"(1, 2)",6122f332c9f0e8bb1209dc7d
132.2500000000034,24.0,396,train,284.11275506228435,1.0,1.0,"(1, 2)",6122f332c9f0e8bb1209dc7d
131.00000000000455,24.0,397,train,285.3627550622832,1.0,1.0,"(1, 2)",6122f332c9f0e8bb1209dc7d
129.75000000000568,24.0,398,train,286.6127550622821,1.0,1.0,"(1, 2)",6122f332c9f0e8bb1209dc7d
128.50000000000682,24.0,399,train,287.86275506228094,1.0,1.0,"(1, 2)",6122f332c9f0e8bb1209dc7d
127.2500000000071,24.0,400,train,289.11275506228066,1.0,1.0,"(1, 2)",6122f332c9f0e8bb1209dc7d
126.00000000000682,24.0,401,train,290.36275506228094,1.0,1.0,"(1, 2)",6122f332c9f0e8bb1209dc7d
124.75000000000654,24.0,402,train,291.6127550622812,1.0,1.0,"(1, 2)",6122f332c9f0e8bb1209dc7d
123.50000000000625,24.0,403,train,292.8627550622815,1.0,1.0,"(1, 2)",6122f332c9f0e8bb1209dc7d
122.25000000000597,24.0,404,train,294.1127550622818,1.0,1.0,"(1, 2)",6122f332c9f0e8bb1209dc7d
121.00000000000568,24.0,405,train,295.3627550622821,1.0,1.0,"(1, 2)",6122f332c9f0e8bb1209dc7d
119.7500000000054,24.0,406,train,296.61275506228236,1.0,1.0,"(1, 2)",6122f332c9f0e8bb1209dc7d
118.50000000000512,24.0,407,train,297.86275506228264,1.0,1.0,"(1, 2)",6122f332c9f0e8bb1209dc7d
117.25000000000483,24.0,408,train,299.11275506228293,1.0,1.0,"(1, 2)",6122f332c9f0e8bb1209dc7d
116.00000000000455,24.0,409,train,300.3627550622832,1.0,1.0,"(1, 2)",6122f332c9f0e8bb1209dc7d
114.75000000000426,24.0,410,train,301.6127550622835,1.0,1.0,"(1, 2)",6122f332c9f0e8bb1209dc7d
113.50000000000398,24.0,411,train,302.8627550622838,1.0,1.0,"(1, 2)",6122f332c9f0e8bb1209dc7d
112.2500000000037,24.0,412,train,304.11275506228407,1.0,1.0,"(1, 2)",6122f332c9f0e8bb1209dc7d
111.00000000000341,24.0,413,train,305.36275506228435,1.0,1.0,"(1, 2)",6122f332c9f0e8bb1209dc7d
109.75000000000313,24.0,414,train,306.61275506228463,1.0,1.0,"(1, 2)",6122f332c9f0e8bb1209dc7d
108.50000000000284,24.0,415,train,307.8627550622849,1.0,1.0,"(1, 2)",6122f332c9f0e8bb1209dc7d
107.25000000000256,24.0,416,train,309.1127550622852,1.0,1.0,"(1, 2)",6122f332c9f0e8bb1209dc7d
106.00000000000227,24.0,417,train,310.3627550622855,1.0,1.0,"(1, 2)",6122f332c9f0e8bb1209dc7d
104.75000000000199,24.0,418,train,311.61275506228577,1.0,1.0,"(1, 2)",6122f332c9f0e8bb1209dc7d
103.5000000000017,24.0,419,train,312.86275506228606,1.0,1.0,"(1, 2)",6122f332c9f0e8bb1209dc7d
102.25000000000142,24.0,420,train,314.11275506228634,1.0,1.0,"(1, 2)",6122f332c9f0e8bb1209dc7d
101.00000000000114,24.0,421,train,315.3627550622866,1.0,1.0,"(1, 2)",6122f332c9f0e8bb1209dc7d
99.75000000000085,24.0,422,train,316.6127550622869,1.0,1.0,"(1, 2)",6122f332c9f0e8bb1209dc7d
98.50000000000057,24.0,423,train,317.8627550622872,1.0,1.0,"(1, 2)",6122f332c9f0e8bb1209dc7d
97.25000000000028,24.0,424,train,319.1127550622875,1.0,1.0,"(1, 2)",6122f332c9f0e8bb1209dc7d
96.0,24.0,425,train,320.36275506228776,1.0,1.0,"(1, 2)",6122f332c9f0e8bb1209dc7d
94.74999999999972,24.0,426,train,321.61275506228804,1.0,1.0,"(1, 2)",6122f332c9f0e8bb1209dc7d
93.49999999999943,24.0,427,train,322.86275506228833,1.0,1.0,"(1, 2)",6122f332c9f0e8bb1209dc7d
92.24999999999915,24.0,428,train,324.1127550622886,1.0,1.0,"(1, 2)",6122f332c9f0e8bb1209dc7d
90.99999999999886,24.0,429,train,325.3627550622889,1.0,1.0,"(1, 2)",6122f332c9f0e8bb1209dc7d
89.74999999999858,24.0,430,train,326.6127550622892,1.0,1.0,"(1, 2)",6122f332c9f0e8bb1209dc7d
88.4999999999983,24.0,431,train,327.86275506228947,1.0,1.0,"(1, 2)",6122f332c9f0e8bb1209dc7d
88.0,24.0,432,train,328.36275506228776,1.0,1.0,"(1, 2)",6122f332c9f0e8bb1209dc7d
88.0,24.0,433,train,328.36275506228776,1.0,1.0,"(1, 2)",6122f332c9f0e8bb1209dc7d
88.0,24.0,434,train,328.36275506228776,1.0,1.0,"(1, 2)",6122f332c9f0e8bb1209dc7d
88.0,24.0,435,train,328.36275506228776,1.0,1.0,"(1, 2)",6122f332c9f0e8bb1209dc7d
88.0,24.0,436,train,328.36275506228776,1.0,1.0,"(1, 2)",6122f332c9f0e8bb1209dc7d
88.0,24.0,437,train,328.36275506228776,1.0,1.0,"(1, 2)",6122f332c9f0e8bb1209dc7d
88.0,24.0,438,train,328.36275506228776,1.0,1.0,"(1, 2)",6122f332c9f0e8bb1209dc7d
88.0,24.0,439,train,328.36275506228776,1.0,1.0,"(1, 2)",6122f332c9f0e8bb1209dc7d
88.0,24.0,440,train,328.36275506228776,1.0,1.0,"(1, 2)",6122f332c9f0e8bb1209dc7d
88.0,24.0,441,train,328.36275506228776,1.0,1.0,"(1, 2)",6122f332c9f0e8bb1209dc7d
88.0,24.0,442,train,328.36275506228776,1.0,1.0,"(1, 2)",6122f332c9f0e8bb1209dc7d
88.0,24.0,443,train,328.36275506228776,1.0,1.0,"(1, 2)",6122f332c9f0e8bb1209dc7d
88.0,24.0,444,train,328.36275506228776,1.0,1.0,"(1, 2)",6122f332c9f0e8bb1209dc7d
88.0,24.0,445,train,328.36275506228776,1.0,1.0,"(1, 2)",6122f332c9f0e8bb1209dc7d
88.0,24.0,446,train,328.36275506228776,1.0,1.0,"(1, 2)",6122f332c9f0e8bb1209dc7d
88.0,24.0,447,train,328.36275506228776,1.0,1.0,"(1, 2)",6122f332c9f0e8bb1209dc7d
88.0,24.0,448,train,328.36275506228776,1.0,1.0,"(1, 2)",6122f332c9f0e8bb1209dc7d
88.0,24.0,449,train,328.36275506228776,1.0,1.0,"(1, 2)",6122f332c9f0e8bb1209dc7d
88.0,24.0,450,train,328.36275506228776,1.0,1.0,"(1, 2)",6122f332c9f0e8bb1209dc7d
86.74999999999972,24.0,451,train,329.61275506228804,1.0,1.0,"(1, 2)",6122f332c9f0e8bb1209dc7d
85.49999999999943,24.0,452,train,330.86275506228833,1.0,1.0,"(1, 2)",6122f332c9f0e8bb1209dc7d
84.24999999999915,24.0,453,train,332.1127550622886,1.0,1.0,"(1, 2)",6122f332c9f0e8bb1209dc7d
82.99999999999886,24.0,454,train,333.3627550622889,1.0,1.0,"(1, 2)",6122f332c9f0e8bb1209dc7d
81.74999999999858,24.0,455,train,334.6127550622892,1.0,1.0,"(1, 2)",6122f332c9f0e8bb1209dc7d
80.4999999999983,24.0,456,train,335.86275506228947,1.0,1.0,"(1, 2)",6122f332c9f0e8bb1209dc7d
79.24999999999801,24.0,457,train,337.11275506228975,1.0,1.0,"(1, 2)",6122f332c9f0e8bb1209dc7d
77.99999999999773,24.0,458,train,338.36275506229003,1.0,1.0,"(1, 2)",6122f332c9f0e8bb1209dc7d
76.74999999999744,24.0,459,train,339.6127550622903,1.0,1.0,"(1, 2)",6122f332c9f0e8bb1209dc7d
75.49999999999716,24.0,460,train,340.8627550622906,1.0,1.0,"(1, 2)",6122f332c9f0e8bb1209dc7d
74.24999999999687,24.0,461,train,342.1127550622909,1.0,1.0,"(1, 2)",6122f332c9f0e8bb1209dc7d
72.99999999999659,24.0,462,train,343.36275506229117,1.0,1.0,"(1, 2)",6122f332c9f0e8bb1209dc7d
71.87983173883686,24.31621556657754,463,train,344.52670060133306,1.0,1.0,"(1, 2)",6122f332c9f0e8bb1209dc7d
70.9904754578381,25.19459214040404,464,train,345.7767006013327,1.0,1.0,"(1, 2)",6122f332c9f0e8bb1209dc7d
70.10111917683935,26.07296871423054,465,train,347.0267006013324,1.0,1.0,"(1, 2)",6122f332c9f0e8bb1209dc7d
69.2117628958406,26.95134528805704,466,train,348.27670060133204,1.0,1.0,"(1, 2)",6122f332c9f0e8bb1209dc7d
68.32240661484184,27.82972186188354,467,train,349.5267006013317,1.0,1.0,"(1, 2)",6122f332c9f0e8bb1209dc7d
67.43305033384308,28.708098435710042,468,train,350.77670060133136,1.0,1.0,"(1, 2)",6122f332c9f0e8bb1209dc7d
66.54369405284433,29.586475009536542,469,train,352.026700601331,1.0,1.0,"(1, 2)",6122f332c9f0e8bb1209dc7d
65.65433777184558,30.464851583363043,470,train,353.2767006013307,1.0,1.0,"(1, 2)",6122f332c9f0e8bb1209dc7d
64.76498149084682,31.343228157189543,471,train,354.52670060133033,1.0,1.0,"(1, 2)",6122f332c9f0e8bb1209dc7d
63.87562520984797,32.22160473101604,472,train,355.77670060133005,1.0,1.0,"(1, 2)",6122f332c9f0e8bb1209dc7d
62.9862689288485,33.099981304842544,473,train,357.0267006013302,1.0,1.0,"(1, 2)",6122f332c9f0e8bb1209dc7d
62.09691264784904,33.978357878669044,474,train,358.2767006013304,1.0,1.0,"(1, 2)",6122f332c9f0e8bb1209dc7d
61.20755636684957,34.856734452495544,475,train,359.52670060133056,1.0,1.0,"(1, 2)",6122f332c9f0e8bb1209dc7d
60.31820008585011,35.735111026322045,476,train,360.77670060133073,1.0,1.0,"(1, 2)",6122f332c9f0e8bb1209dc7d
59.42884380485064,36.613487600148545,477,train,362.0267006013309,1.0,1.0,"(1, 2)",6122f332c9f0e8bb1209dc7d
58.53948752385118,37.491864173975046,478,train,363.2767006013311,1.0,1.0,"(1, 2)",6122f332c9f0e8bb1209dc7d
57.650131242851714,38.370240747801546,479,train,364.52670060133124,1.0,1.0,"(1, 2)",6122f332c9f0e8bb1209dc7d
56.76077496185225,39.24861732162794,480,train,365.7767006013313,1.0,1.0,"(1, 2)",6122f332c9f0e8bb1209dc7d
56.0,40.0,481,train,366.84597814806034,1.0,1.0,"(1, 2)",6122f332c9f0e8bb1209dc7d
56.0,40.0,482,train,366.84597814806034,1.0,1.0,"(1, 2)",6122f332c9f0e8bb1209dc7d
56.0,40.0,483,train,366.84597814806034,1.0,1.0,"(1, 2)",6122f332c9f0e8bb1209dc7d
56.0,40.0,484,train,366.84597814806034,1.0,1.0,"(1, 2)",6122f332c9f0e8bb1209dc7d
56.0,40.0,485,train,366.84597814806034,1.0,1.0,"(1, 2)",6122f332c9f0e8bb1209dc7d
56.0,40.0,486,train,366.84597814806034,1.0,1.0,"(1, 2)",6122f332c9f0e8bb1209dc7d
56.0,40.0,487,train,366.84597814806034,1.0,1.0,"(1, 2)",6122f332c9f0e8bb1209dc7d
56.0,40.0,488,train,366.84597814806034,1.0,1.0,"(1, 2)",6122f332c9f0e8bb1209dc7d
56.0,40.0,489,train,366.84597814806034,1.0,1.0,"(1, 2)",6122f332c9f0e8bb1209dc7d
56.0,40.0,490,train,366.84597814806034,1.0,1.0,"(1, 2)",6122f332c9f0e8bb1209dc7d
56.0,40.0,491,train,366.84597814806034,1.0,1.0,"(1, 2)",6122f332c9f0e8bb1209dc7d
56.0,40.0,492,train,366.84597814806034,1.0,1.0,"(1, 2)",6122f332c9f0e8bb1209dc7d
56.0,40.0,493,train,366.84597814806034,1.0,1.0,"(1, 2)",6122f332c9f0e8bb1209dc7d
56.0,40.0,494,train,366.84597814806034,1.0,1.0,"(1, 2)",6122f332c9f0e8bb1209dc7d
56.0,40.0,495,train,366.84597814806034,1.0,1.0,"(1, 2)",6122f332c9f0e8bb1209dc7d
56.0,40.0,496,train,366.84597814806034,1.0,1.0,"(1, 2)",6122f332c9f0e8bb1209dc7d
56.0,40.0,497,train,366.84597814806034,1.0,1.0,"(1, 2)",6122f332c9f0e8bb1209dc7d
56.0,40.0,498,train,366.84597814806034,1.0,1.0,"(1, 2)",6122f332c9f0e8bb1209dc7d
56.0,40.0,499,train,366.84597814806034,1.0,1.0,"(1, 2)",6122f332c9f0e8bb1209dc7d
56.0,40.0,500,train,366.84597814806034,1.0,1.0,"(1, 2)",6122f332c9f0e8bb1209dc7d
56.0,40.0,501,train,366.84597814806034,1.0,1.0,"(1, 2)",6122f332c9f0e8bb1209dc7d
56.0,40.0,502,train,366.84597814806034,1.0,1.0,"(1, 2)",6122f332c9f0e8bb1209dc7d
56.0,40.0,503,train,366.84597814806034,1.0,1.0,"(1, 2)",6122f332c9f0e8bb1209dc7d
56.0,40.0,504,train,366.84597814806034,1.0,1.0,"(1, 2)",6122f332c9f0e8bb1209dc7d
56.0,40.0,505,train,366.84597814806034,1.0,1.0,"(1, 2)",6122f332c9f0e8bb1209dc7d
56.0,40.0,506,train,366.84597814806034,1.0,1.0,"(1, 2)",6122f332c9f0e8bb1209dc7d
56.0,40.0,507,train,366.84597814806034,1.0,1.0,"(1, 2)",6122f332c9f0e8bb1209dc7d
56.0,40.0,508,train,366.84597814806034,1.0,1.0,"(1, 2)",6122f332c9f0e8bb1209dc7d
56.0,40.0,509,train,366.84597814806034,1.0,1.0,"(1, 2)",6122f332c9f0e8bb1209dc7d
56.0,40.0,510,train,366.84597814806034,1.0,1.0,"(1, 2)",6122f332c9f0e8bb1209dc7d
56.0,40.0,511,train,366.84597814806034,1.0,1.0,"(1, 2)",6122f332c9f0e8bb1209dc7d
56.0,40.0,512,train,366.84597814806034,1.0,1.0,"(1, 2)",6122f332c9f0e8bb1209dc7d
56.0,40.0,513,train,366.84597814806034,1.0,1.0,"(1, 2)",6122f332c9f0e8bb1209dc7d
56.0,40.0,514,train,366.84597814806034,1.0,1.0,"(1, 2)",6122f332c9f0e8bb1209dc7d
56.0,40.0,515,train,366.84597814806034,1.0,1.0,"(1, 2)",6122f332c9f0e8bb1209dc7d
56.0,40.0,516,train,366.84597814806034,1.0,1.0,"(1, 2)",6122f332c9f0e8bb1209dc7d
56.0,40.0,517,train,366.84597814806034,1.0,1.0,"(1, 2)",6122f332c9f0e8bb1209dc7d
56.0,40.0,518,train,366.84597814806034,1.0,1.0,"(1, 2)",6122f332c9f0e8bb1209dc7d
56.0,40.0,519,train,366.84597814806034,1.0,1.0,"(1, 2)",6122f332c9f0e8bb1209dc7d
56.0,40.0,520,train,366.84597814806034,1.0,1.0,"(1, 2)",6122f332c9f0e8bb1209dc7d
56.0,40.0,521,train,366.84597814806034,1.0,1.0,"(1, 2)",6122f332c9f0e8bb1209dc7d
56.0,40.0,522,train,366.84597814806034,1.0,1.0,"(1, 2)",6122f332c9f0e8bb1209dc7d
56.0,40.0,523,train,366.84597814806034,1.0,1.0,"(1, 2)",6122f332c9f0e8bb1209dc7d
56.0,40.0,524,train,366.84597814806034,1.0,1.0,"(1, 2)",6122f332c9f0e8bb1209dc7d
56.0,40.0,525,train,366.84597814806034,1.0,1.0,"(1, 2)",6122f332c9f0e8bb1209dc7d
56.0,40.0,526,train,366.84597814806034,1.0,1.0,"(1, 2)",6122f332c9f0e8bb1209dc7d
56.0,40.0,527,train,366.84597814806034,1.0,1.0,"(1, 2)",6122f332c9f0e8bb1209dc7d
56.0,40.0,528,train,366.84597814806034,1.0,1.0,"(1, 2)",6122f332c9f0e8bb1209dc7d
56.0,40.0,529,train,366.84597814806034,1.0,1.0,"(1, 2)",6122f332c9f0e8bb1209dc7d
56.0,40.0,530,train,366.84597814806034,1.0,1.0,"(1, 2)",6122f332c9f0e8bb1209dc7d
56.0,40.0,531,train,366.84597814806034,1.0,1.0,"(1, 2)",6122f332c9f0e8bb1209dc7d
56.0,40.0,532,train,366.84597814806034,1.0,1.0,"(1, 2)",6122f332c9f0e8bb1209dc7d
56.0,40.0,533,train,366.84597814806034,1.0,1.0,"(1, 2)",6122f332c9f0e8bb1209dc7d
56.0,40.0,534,train,366.84597814806034,1.0,1.0,"(1, 2)",6122f332c9f0e8bb1209dc7d
56.0,40.0,535,train,366.84597814806034,1.0,1.0,"(1, 2)",6122f332c9f0e8bb1209dc7d
56.0,40.0,536,train,366.84597814806034,1.0,1.0,"(1, 2)",6122f332c9f0e8bb1209dc7d
56.0,40.0,537,train,366.84597814806034,1.0,1.0,"(1, 2)",6122f332c9f0e8bb1209dc7d
56.0,40.0,538,train,366.84597814806034,1.0,1.0,"(1, 2)",6122f332c9f0e8bb1209dc7d
56.0,40.0,539,train,366.84597814806034,1.0,1.0,"(1, 2)",6122f332c9f0e8bb1209dc7d
56.0,40.0,540,train,366.84597814806034,1.0,1.0,"(1, 2)",6122f332c9f0e8bb1209dc7d
56.0,40.0,541,train,366.84597814806034,1.0,1.0,"(1, 2)",6122f332c9f0e8bb1209dc7d
56.0,40.0,542,train,366.84597814806034,1.0,1.0,"(1, 2)",6122f332c9f0e8bb1209dc7d
56.0,40.0,543,train,366.84597814806034,1.0,1.0,"(1, 2)",6122f332c9f0e8bb1209dc7d
57.250000000000284,40.0,544,train,368.0959781480606,1.0,1.0,"(1, 2)",6122f332c9f0e8bb1209dc7d
58.50000000000057,40.0,545,train,369.3459781480609,1.0,1.0,"(1, 2)",6122f332c9f0e8bb1209dc7d
59.75000000000085,40.0,546,train,370.5959781480612,1.0,1.0,"(1, 2)",6122f332c9f0e8bb1209dc7d
61.00000000000114,40.0,547,train,371.8459781480615,1.0,1.0,"(1, 2)",6122f332c9f0e8bb1209dc7d
62.25000000000142,40.0,548,train,373.09597814806176,1.0,1.0,"(1, 2)",6122f332c9f0e8bb1209dc7d
63.500000000001705,40.0,549,train,374.34597814806204,1.0,1.0,"(1, 2)",6122f332c9f0e8bb1209dc7d
64.75000000000199,40.0,550,train,375.59597814806233,1.0,1.0,"(1, 2)",6122f332c9f0e8bb1209dc7d
66.00000000000227,40.0,551,train,376.8459781480626,1.0,1.0,"(1, 2)",6122f332c9f0e8bb1209dc7d
67.25000000000256,40.0,552,train,378.0959781480629,1.0,1.0,"(1, 2)",6122f332c9f0e8bb1209dc7d
68.50000000000284,40.0,553,train,379.3459781480632,1.0,1.0,"(1, 2)",6122f332c9f0e8bb1209dc7d
69.75000000000313,40.0,554,train,380.59597814806347,1.0,1.0,"(1, 2)",6122f332c9f0e8bb1209dc7d
71.00000000000341,40.0,555,train,381.84597814806375,1.0,1.0,"(1, 2)",6122f332c9f0e8bb1209dc7d
72.12016826116314,39.68378443342246,556,train,383.00992368710564,1.0,1.0,"(1, 2)",6122f332c9f0e8bb1209dc7d
73.0095245421619,38.80540785959596,557,train,384.2599236871053,1.0,1.0,"(1, 2)",6122f332c9f0e8bb1209dc7d
73.89888082316065,37.92703128576946,558,train,385.50992368710496,1.0,1.0,"(1, 2)",6122f332c9f0e8bb1209dc7d
74.7882371041594,37.04865471194296,559,train,386.7599236871046,1.0,1.0,"(1, 2)",6122f332c9f0e8bb1209dc7d
75.67759338515816,36.17027813811646,560,train,388.0099236871043,1.0,1.0,"(1, 2)",6122f332c9f0e8bb1209dc7d
76.56694966615692,35.29190156428996,561,train,389.25992368710394,1.0,1.0,"(1, 2)",6122f332c9f0e8bb1209dc7d
77.45630594715567,34.41352499046346,562,train,390.5099236871036,1.0,1.0,"(1, 2)",6122f332c9f0e8bb1209dc7d
78.34566222815442,33.53514841663696,563,train,391.75992368710325,1.0,1.0,"(1, 2)",6122f332c9f0e8bb1209dc7d
79.23501850915318,32.65677184281046,564,train,393.0099236871029,1.0,1.0,"(1, 2)",6122f332c9f0e8bb1209dc7d
80.12437479015193,31.778395268983957,565,train,394.25992368710257,1.0,1.0,"(1, 2)",6122f332c9f0e8bb1209dc7d
81.01373107115069,30.900018695157552,566,train,395.5099236871022,1.0,1.0,"(1, 2)",6122f332c9f0e8bb1209dc7d
81.90308735214953,30.021642121331407,567,train,396.7599236871016,1.0,1.0,"(1, 2)",6122f332c9f0e8bb1209dc7d
82.79244363314886,29.143265547505262,568,train,398.00992368710143,1.0,1.0,"(1, 2)",6122f332c9f0e8bb1209dc7d
83.68179991414819,28.264888973679117,569,train,399.25992368710126,1.0,1.0,"(1, 2)",6122f332c9f0e8bb1209dc7d
84.57115619514751,27.386512399852972,570,train,400.5099236871011,1.0,1.0,"(1, 2)",6122f332c9f0e8bb1209dc7d
85.46051247614683,26.508135826026827,571,train,401.7599236871009,1.0,1.0,"(1, 2)",6122f332c9f0e8bb1209dc7d
86.34986875714615,25.62975925220068,572,train,403.00992368710075,1.0,1.0,"(1, 2)",6122f332c9f0e8bb1209dc7d
87.23922503814548,24.751382678374537,573,train,404.2599236871006,1.0,1.0,"(1, 2)",6122f332c9f0e8bb1209dc7d
88.0,24.0,574,train,405.329201233833,1.0,1.0,"(1, 2)",6122f332c9f0e8bb1209dc7d
88.0,24.0,575,train,405.329201233833,1.0,1.0,"(1, 2)",6122f332c9f0e8bb1209dc7d
88.0,24.0,576,train,405.329201233833,1.0,1.0,"(1, 2)",6122f332c9f0e8bb1209dc7d
88.0,24.0,577,train,405.329201233833,1.0,1.0,"(1, 2)",6122f332c9f0e8bb1209dc7d
88.0,24.0,578,train,405.329201233833,1.0,1.0,"(1, 2)",6122f332c9f0e8bb1209dc7d
88.0,24.0,579,train,405.329201233833,1.0,1.0,"(1, 2)",6122f332c9f0e8bb1209dc7d
88.0,24.0,580,train,405.329201233833,1.0,1.0,"(1, 2)",6122f332c9f0e8bb1209dc7d
88.0,24.0,581,train,405.329201233833,1.0,1.0,"(1, 2)",6122f332c9f0e8bb1209dc7d
88.0,24.0,582,train,405.329201233833,1.0,1.0,"(1, 2)",6122f332c9f0e8bb1209dc7d
88.0,24.0,583,train,405.329201233833,1.0,1.0,"(1, 2)",6122f332c9f0e8bb1209dc7d
88.0,24.0,584,train,405.329201233833,1.0,1.0,"(1, 2)",6122f332c9f0e8bb1209dc7d
88.0,24.0,585,train,405.329201233833,1.0,1.0,"(1, 2)",6122f332c9f0e8bb1209dc7d
88.0,24.0,586,train,405.329201233833,1.0,1.0,"(1, 2)",6122f332c9f0e8bb1209dc7d
88.0,24.0,587,train,405.329201233833,1.0,1.0,"(1, 2)",6122f332c9f0e8bb1209dc7d
88.0,24.0,588,train,405.329201233833,1.0,1.0,"(1, 2)",6122f332c9f0e8bb1209dc7d
88.0,24.0,589,train,405.329201233833,1.0,1.0,"(1, 2)",6122f332c9f0e8bb1209dc7d
88.0,24.0,590,train,405.329201233833,1.0,1.0,"(1, 2)",6122f332c9f0e8bb1209dc7d
88.0,24.0,591,train,405.329201233833,1.0,1.0,"(1, 2)",6122f332c9f0e8bb1209dc7d
88.0,24.0,592,train,405.329201233833,1.0,1.0,"(1, 2)",6122f332c9f0e8bb1209dc7d
88.0,24.0,593,train,405.329201233833,1.0,1.0,"(1, 2)",6122f332c9f0e8bb1209dc7d
88.0,24.0,594,train,405.329201233833,1.0,1.0,"(1, 2)",6122f332c9f0e8bb1209dc7d
88.0,24.0,595,train,405.329201233833,1.0,1.0,"(1, 2)",6122f332c9f0e8bb1209dc7d
88.0,24.0,596,train,405.329201233833,1.0,1.0,"(1, 2)",6122f332c9f0e8bb1209dc7d
88.0,24.0,597,train,405.329201233833,1.0,1.0,"(1, 2)",6122f332c9f0e8bb1209dc7d
88.0,24.0,598,train,405.329201233833,1.0,1.0,"(1, 2)",6122f332c9f0e8bb1209dc7d
88.0,24.0,599,train,405.329201233833,1.0,1.0,"(1, 2)",6122f332c9f0e8bb1209dc7d
88.0,24.0,600,train,405.329201233833,1.0,1.0,"(1, 2)",6122f332c9f0e8bb1209dc7d
88.0,24.0,601,train,405.329201233833,1.0,1.0,"(1, 2)",6122f332c9f0e8bb1209dc7d
88.0,24.0,602,train,405.329201233833,1.0,1.0,"(1, 2)",6122f332c9f0e8bb1209dc7d
88.0,24.0,603,train,405.329201233833,1.0,1.0,"(1, 2)",6122f332c9f0e8bb1209dc7d
88.0,24.0,604,train,405.329201233833,1.0,1.0,"(1, 2)",6122f332c9f0e8bb1209dc7d
88.0,24.0,605,train,405.329201233833,1.0,1.0,"(1, 2)",6122f332c9f0e8bb1209dc7d
88.0,24.0,606,train,405.329201233833,1.0,1.0,"(1, 2)",6122f332c9f0e8bb1209dc7d
88.0,24.0,607,train,405.329201233833,1.0,1.0,"(1, 2)",6122f332c9f0e8bb1209dc7d
88.0,24.0,608,train,405.329201233833,1.0,1.0,"(1, 2)",6122f332c9f0e8bb1209dc7d
88.0,24.0,609,train,405.329201233833,1.0,1.0,"(1, 2)",6122f332c9f0e8bb1209dc7d
88.0,24.0,610,train,405.329201233833,1.0,1.0,"(1, 2)",6122f332c9f0e8bb1209dc7d
88.0,24.0,611,train,405.329201233833,1.0,1.0,"(1, 2)",6122f332c9f0e8bb1209dc7d
88.0,24.0,612,train,405.329201233833,1.0,1.0,"(1, 2)",6122f332c9f0e8bb1209dc7d
88.0,24.0,613,train,405.329201233833,1.0,1.0,"(1, 2)",6122f332c9f0e8bb1209dc7d
88.0,24.0,614,train,405.329201233833,1.0,1.0,"(1, 2)",6122f332c9f0e8bb1209dc7d
88.0,24.0,615,train,405.329201233833,1.0,1.0,"(1, 2)",6122f332c9f0e8bb1209dc7d
88.0,24.0,616,train,405.329201233833,1.0,1.0,"(1, 2)",6122f332c9f0e8bb1209dc7d
88.0,24.0,617,train,405.329201233833,1.0,1.0,"(1, 2)",6122f332c9f0e8bb1209dc7d
88.0,24.0,618,train,405.329201233833,1.0,1.0,"(1, 2)",6122f332c9f0e8bb1209dc7d
88.0,24.0,619,train,405.329201233833,1.0,1.0,"(1, 2)",6122f332c9f0e8bb1209dc7d
88.0,24.0,620,train,405.329201233833,1.0,1.0,"(1, 2)",6122f332c9f0e8bb1209dc7d
88.0,24.0,621,train,405.329201233833,1.0,1.0,"(1, 2)",6122f332c9f0e8bb1209dc7d
88.0,24.0,622,train,405.329201233833,1.0,1.0,"(1, 2)",6122f332c9f0e8bb1209dc7d
88.0,24.0,623,train,405.329201233833,1.0,1.0,"(1, 2)",6122f332c9f0e8bb1209dc7d
88.0,24.0,624,train,405.329201233833,1.0,1.0,"(1, 2)",6122f332c9f0e8bb1209dc7d
88.0,24.0,625,train,405.329201233833,1.0,1.0,"(1, 2)",6122f332c9f0e8bb1209dc7d
88.0,24.0,626,train,405.329201233833,1.0,1.0,"(1, 2)",6122f332c9f0e8bb1209dc7d
88.0,24.0,627,train,405.329201233833,1.0,1.0,"(1, 2)",6122f332c9f0e8bb1209dc7d
88.0,24.0,628,train,405.329201233833,1.0,1.0,"(1, 2)",6122f332c9f0e8bb1209dc7d
88.0,24.0,629,train,405.329201233833,1.0,1.0,"(1, 2)",6122f332c9f0e8bb1209dc7d
88.0,24.0,630,train,405.329201233833,1.0,1.0,"(1, 2)",6122f332c9f0e8bb1209dc7d
88.0,24.0,631,train,405.329201233833,1.0,1.0,"(1, 2)",6122f332c9f0e8bb1209dc7d
88.0,24.0,632,train,405.329201233833,1.0,1.0,"(1, 2)",6122f332c9f0e8bb1209dc7d
88.0,24.0,633,train,405.329201233833,1.0,1.0,"(1, 2)",6122f332c9f0e8bb1209dc7d
88.0,24.0,634,train,405.329201233833,1.0,1.0,"(1, 2)",6122f332c9f0e8bb1209dc7d
88.0,24.0,635,train,405.329201233833,1.0,1.0,"(1, 2)",6122f332c9f0e8bb1209dc7d
88.0,24.0,636,train,405.329201233833,1.0,1.0,"(1, 2)",6122f332c9f0e8bb1209dc7d
88.0,24.0,637,train,405.329201233833,1.0,1.0,"(1, 2)",6122f332c9f0e8bb1209dc7d
88.0,24.0,638,train,405.329201233833,1.0,1.0,"(1, 2)",6122f332c9f0e8bb1209dc7d
88.0,24.0,639,train,405.329201233833,1.0,1.0,"(1, 2)",6122f332c9f0e8bb1209dc7d
88.0,24.0,640,train,405.329201233833,1.0,1.0,"(1, 2)",6122f332c9f0e8bb1209dc7d
88.0,24.0,641,train,405.329201233833,1.0,1.0,"(1, 2)",6122f332c9f0e8bb1209dc7d
88.0,24.0,642,train,405.329201233833,1.0,1.0,"(1, 2)",6122f332c9f0e8bb1209dc7d
88.0,24.0,643,train,405.329201233833,1.0,1.0,"(1, 2)",6122f332c9f0e8bb1209dc7d
88.0,24.0,644,train,405.329201233833,1.0,1.0,"(1, 2)",6122f332c9f0e8bb1209dc7d
88.0,24.0,645,train,405.329201233833,1.0,1.0,"(1, 2)",6122f332c9f0e8bb1209dc7d
88.0,24.0,646,train,405.329201233833,1.0,1.0,"(1, 2)",6122f332c9f0e8bb1209dc7d
88.0,24.0,647,train,405.329201233833,1.0,1.0,"(1, 2)",6122f332c9f0e8bb1209dc7d
88.0,24.0,648,train,405.329201233833,1.0,1.0,"(1, 2)",6122f332c9f0e8bb1209dc7d
87.11611652351695,24.88388347648305,649,train,406.5792012338328,1.0,1.0,"(1, 2)",6122f332c9f0e8bb1209dc7d
86.2322330470339,25.7677669529661,650,train,407.82920123383263,1.0,1.0,"(1, 2)",6122f332c9f0e8bb1209dc7d
85.34834957055085,26.65165042944915,651,train,409.07920123383246,1.0,1.0,"(1, 2)",6122f332c9f0e8bb1209dc7d
84.4644660940678,27.535533905932198,652,train,410.3292012338323,1.0,1.0,"(1, 2)",6122f332c9f0e8bb1209dc7d
83.58058261758475,28.419417382415247,653,train,411.5792012338321,1.0,1.0,"(1, 2)",6122f332c9f0e8bb1209dc7d
82.6966991411017,29.303300858898297,654,train,412.82920123383195,1.0,1.0,"(1, 2)",6122f332c9f0e8bb1209dc7d
81.81281566461865,30.187184335381346,655,train,414.0792012338318,1.0,1.0,"(1, 2)",6122f332c9f0e8bb1209dc7d
80.9289321881356,31.071067811864395,656,train,415.3292012338316,1.0,1.0,"(1, 2)",6122f332c9f0e8bb1209dc7d
80.04504871165256,31.954951288347445,657,train,416.57920123383144,1.0,1.0,"(1, 2)",6122f332c9f0e8bb1209dc7d
79.1611652351695,32.838834764830494,658,train,417.82920123383127,1.0,1.0,"(1, 2)",6122f332c9f0e8bb1209dc7d
78.27728175868646,33.722718241313544,659,train,419.0792012338311,1.0,1.0,"(1, 2)",6122f332c9f0e8bb1209dc7d
77.3933982822034,34.60660171779659,660,train,420.32920123383093,1.0,1.0,"(1, 2)",6122f332c9f0e8bb1209dc7d
76.50951480572036,35.49048519427964,661,train,421.57920123383076,1.0,1.0,"(1, 2)",6122f332c9f0e8bb1209dc7d
75.62563132923731,36.37436867076269,662,train,422.8292012338306,1.0,1.0,"(1, 2)",6122f332c9f0e8bb1209dc7d
74.74174785275426,37.25825214724574,663,train,424.0792012338304,1.0,1.0,"(1, 2)",6122f332c9f0e8bb1209dc7d
73.85786437627121,38.14213562372879,664,train,425.32920123383025,1.0,1.0,"(1, 2)",6122f332c9f0e8bb1209dc7d
72.97398089978816,39.02601910021184,665,train,426.5792012338301,1.0,1.0,"(1, 2)",6122f332c9f0e8bb1209dc7d
72.09009742330511,39.90990257669489,666,train,427.8292012338299,1.0,1.0,"(1, 2)",6122f332c9f0e8bb1209dc7d
71.20621394682206,40.79378605317794,667,train,429.07920123382974,1.0,1.0,"(1, 2)",6122f332c9f0e8bb1209dc7d
70.32233047033901,41.67766952966099,668,train,430.32920123382956,1.0,1.0,"(1, 2)",6122f332c9f0e8bb1209dc7d
69.43844699385596,42.56155300614404,669,train,431.5792012338294,1.0,1.0,"(1, 2)",6122f332c9f0e8bb1209dc7d
68.55456351737291,43.44543648262709,670,train,432.8292012338292,1.0,1.0,"(1, 2)",6122f332c9f0e8bb1209dc7d
67.67068004088986,44.32931995911014,671,train,434.07920123382905,1.0,1.0,"(1, 2)",6122f332c9f0e8bb1209dc7d
66.78679656440681,45.213203435593186,672,train,435.3292012338289,1.0,1.0,"(1, 2)",6122f332c9f0e8bb1209dc7d
65.90291308792376,46.097086912076236,673,train,436.5792012338287,1.0,1.0,"(1, 2)",6122f332c9f0e8bb1209dc7d
65.01902961144071,46.980970388559285,674,train,437.82920123382854,1.0,1.0,"(1, 2)",6122f332c9f0e8bb1209dc7d
64.13514613495767,47.864853865042335,675,train,439.07920123382837,1.0,1.0,"(1, 2)",6122f332c9f0e8bb1209dc7d
63.251262658474616,48.748737341525384,676,train,440.3292012338282,1.0,1.0,"(1, 2)",6122f332c9f0e8bb1209dc7d
62.367379181991566,49.632620818008434,677,train,441.57920123382803,1.0,1.0,"(1, 2)",6122f332c9f0e8bb1209dc7d
61.48349570550852,50.51650429449148,678,train,442.82920123382786,1.0,1.0,"(1, 2)",6122f332c9f0e8bb1209dc7d
60.59961222902547,51.40038777097453,679,train,444.0792012338277,1.0,1.0,"(1, 2)",6122f332c9f0e8bb1209dc7d
59.71572875254242,52.28427124745758,680,train,445.3292012338275,1.0,1.0,"(1, 2)",6122f332c9f0e8bb1209dc7d
58.83184527605937,53.16815472394063,681,train,446.57920123382735,1.0,1.0,"(1, 2)",6122f332c9f0e8bb1209dc7d
57.94796179957632,54.05203820042368,682,train,447.8292012338272,1.0,1.0,"(1, 2)",6122f332c9f0e8bb1209dc7d
57.06407832309327,54.93592167690673,683,train,449.079201233827,1.0,1.0,"(1, 2)",6122f332c9f0e8bb1209dc7d
56.0,56.0,684,train,450.5840352297727,1.0,1.0,"(1, 2)",6122f332c9f0e8bb1209dc7d
56.0,56.0,685,train,450.5840352297727,1.0,1.0,"(1, 2)",6122f332c9f0e8bb1209dc7d
56.0,56.0,686,train,450.5840352297727,1.0,1.0,"(1, 2)",6122f332c9f0e8bb1209dc7d
56.0,56.0,687,train,450.5840352297727,1.0,1.0,"(1, 2)",6122f332c9f0e8bb1209dc7d
56.0,56.0,688,train,450.5840352297727,1.0,1.0,"(1, 2)",6122f332c9f0e8bb1209dc7d
56.0,56.0,689,train,450.5840352297727,1.0,1.0,"(1, 2)",6122f332c9f0e8bb1209dc7d
56.0,56.0,690,train,450.5840352297727,1.0,1.0,"(1, 2)",6122f332c9f0e8bb1209dc7d
56.0,56.0,691,train,450.5840352297727,1.0,1.0,"(1, 2)",6122f332c9f0e8bb1209dc7d
56.0,56.0,692,train,450.5840352297727,1.0,1.0,"(1, 2)",6122f332c9f0e8bb1209dc7d
56.0,56.0,693,train,450.5840352297727,1.0,1.0,"(1, 2)",6122f332c9f0e8bb1209dc7d
56.0,56.0,694,train,450.5840352297727,1.0,1.0,"(1, 2)",6122f332c9f0e8bb1209dc7d
56.0,56.0,695,train,450.5840352297727,1.0,1.0,"(1, 2)",6122f332c9f0e8bb1209dc7d
56.0,56.0,696,train,450.5840352297727,1.0,1.0,"(1, 2)",6122f332c9f0e8bb1209dc7d
56.0,56.0,697,train,450.5840352297727,1.0,1.0,"(1, 2)",6122f332c9f0e8bb1209dc7d
56.0,56.0,698,train,450.5840352297727,1.0,1.0,"(1, 2)",6122f332c9f0e8bb1209dc7d
56.0,56.0,699,train,450.5840352297727,1.0,1.0,"(1, 2)",6122f332c9f0e8bb1209dc7d
56.0,56.0,700,train,450.5840352297727,1.0,1.0,"(1, 2)",6122f332c9f0e8bb1209dc7d
56.0,56.0,701,train,450.5840352297727,1.0,1.0,"(1, 2)",6122f332c9f0e8bb1209dc7d
56.0,56.0,702,train,450.5840352297727,1.0,1.0,"(1, 2)",6122f332c9f0e8bb1209dc7d
56.0,56.0,703,train,450.5840352297727,1.0,1.0,"(1, 2)",6122f332c9f0e8bb1209dc7d
56.0,56.0,704,train,450.5840352297727,1.0,1.0,"(1, 2)",6122f332c9f0e8bb1209dc7d
56.0,56.0,705,train,450.5840352297727,1.0,1.0,"(1, 2)",6122f332c9f0e8bb1209dc7d
56.0,56.0,706,train,450.5840352297727,1.0,1.0,"(1, 2)",6122f332c9f0e8bb1209dc7d
56.0,56.0,707,train,450.5840352297727,1.0,1.0,"(1, 2)",6122f332c9f0e8bb1209dc7d
56.0,56.0,708,train,450.5840352297727,1.0,1.0,"(1, 2)",6122f332c9f0e8bb1209dc7d
56.0,56.0,709,train,450.5840352297727,1.0,1.0,"(1, 2)",6122f332c9f0e8bb1209dc7d
56.0,56.0,710,train,450.5840352297727,1.0,1.0,"(1, 2)",6122f332c9f0e8bb1209dc7d
56.0,56.0,711,train,450.5840352297727,1.0,1.0,"(1, 2)",6122f332c9f0e8bb1209dc7d
56.0,56.0,712,train,450.5840352297727,1.0,1.0,"(1, 2)",6122f332c9f0e8bb1209dc7d
56.0,56.0,713,train,450.5840352297727,1.0,1.0,"(1, 2)",6122f332c9f0e8bb1209dc7d
56.0,56.0,714,train,450.5840352297727,1.0,1.0,"(1, 2)",6122f332c9f0e8bb1209dc7d
56.0,56.0,715,train,450.5840352297727,1.0,1.0,"(1, 2)",6122f332c9f0e8bb1209dc7d
56.0,56.0,716,train,450.5840352297727,1.0,1.0,"(1, 2)",6122f332c9f0e8bb1209dc7d
56.0,56.0,717,train,450.5840352297727,1.0,1.0,"(1, 2)",6122f332c9f0e8bb1209dc7d
56.0,56.0,718,train,450.5840352297727,1.0,1.0,"(1, 2)",6122f332c9f0e8bb1209dc7d
56.0,56.0,719,train,450.5840352297727,1.0,1.0,"(1, 2)",6122f332c9f0e8bb1209dc7d
56.0,56.0,720,train,450.5840352297727,1.0,1.0,"(1, 2)",6122f332c9f0e8bb1209dc7d
56.0,56.0,721,train,450.5840352297727,1.0,1.0,"(1, 2)",6122f332c9f0e8bb1209dc7d
56.0,56.0,722,train,450.5840352297727,1.0,1.0,"(1, 2)",6122f332c9f0e8bb1209dc7d
56.0,56.0,723,train,450.5840352297727,1.0,1.0,"(1, 2)",6122f332c9f0e8bb1209dc7d
56.0,56.0,724,train,450.5840352297727,1.0,1.0,"(1, 2)",6122f332c9f0e8bb1209dc7d
56.0,56.0,725,train,450.5840352297727,1.0,1.0,"(1, 2)",6122f332c9f0e8bb1209dc7d
56.0,56.0,726,train,450.5840352297727,1.0,1.0,"(1, 2)",6122f332c9f0e8bb1209dc7d
56.0,56.0,727,train,450.5840352297727,1.0,1.0,"(1, 2)",6122f332c9f0e8bb1209dc7d
56.0,56.0,728,train,450.5840352297727,1.0,1.0,"(1, 2)",6122f332c9f0e8bb1209dc7d
56.0,56.0,729,train,450.5840352297727,1.0,1.0,"(1, 2)",6122f332c9f0e8bb1209dc7d
56.0,56.0,730,train,450.5840352297727,1.0,1.0,"(1, 2)",6122f332c9f0e8bb1209dc7d
56.0,56.0,731,train,450.5840352297727,1.0,1.0,"(1, 2)",6122f332c9f0e8bb1209dc7d
56.0,56.0,732,train,450.5840352297727,1.0,1.0,"(1, 2)",6122f332c9f0e8bb1209dc7d
56.0,56.0,733,train,450.5840352297727,1.0,1.0,"(1, 2)",6122f332c9f0e8bb1209dc7d
56.0,56.0,734,train,450.5840352297727,1.0,1.0,"(1, 2)",6122f332c9f0e8bb1209dc7d
56.0,56.0,735,train,450.5840352297727,1.0,1.0,"(1, 2)",6122f332c9f0e8bb1209dc7d
56.0,56.0,736,train,450.5840352297727,1.0,1.0,"(1, 2)",6122f332c9f0e8bb1209dc7d
56.0,56.0,737,train,450.5840352297727,1.0,1.0,"(1, 2)",6122f332c9f0e8bb1209dc7d
56.0,56.0,738,train,450.5840352297727,1.0,1.0,"(1, 2)",6122f332c9f0e8bb1209dc7d
56.0,56.0,739,train,450.5840352297727,1.0,1.0,"(1, 2)",6122f332c9f0e8bb1209dc7d
56.0,56.0,740,train,450.5840352297727,1.0,1.0,"(1, 2)",6122f332c9f0e8bb1209dc7d
56.0,56.0,741,train,450.5840352297727,1.0,1.0,"(1, 2)",6122f332c9f0e8bb1209dc7d
56.0,56.0,742,train,450.5840352297727,1.0,1.0,"(1, 2)",6122f332c9f0e8bb1209dc7d
56.0,56.0,743,train,450.5840352297727,1.0,1.0,"(1, 2)",6122f332c9f0e8bb1209dc7d
56.0,56.0,744,train,450.5840352297727,1.0,1.0,"(1, 2)",6122f332c9f0e8bb1209dc7d
56.0,56.0,745,train,450.5840352297727,1.0,1.0,"(1, 2)",6122f332c9f0e8bb1209dc7d
56.0,56.0,746,train,450.5840352297727,1.0,1.0,"(1, 2)",6122f332c9f0e8bb1209dc7d
56.0,56.0,747,train,450.5840352297727,1.0,1.0,"(1, 2)",6122f332c9f0e8bb1209dc7d
56.0,56.0,748,train,450.5840352297727,1.0,1.0,"(1, 2)",6122f332c9f0e8bb1209dc7d
56.0,56.0,749,train,450.5840352297727,1.0,1.0,"(1, 2)",6122f332c9f0e8bb1209dc7d
56.0,56.0,750,train,450.5840352297727,1.0,1.0,"(1, 2)",6122f332c9f0e8bb1209dc7d
56.0,56.0,751,train,450.5840352297727,1.0,1.0,"(1, 2)",6122f332c9f0e8bb1209dc7d
56.0,56.0,752,train,450.5840352297727,1.0,1.0,"(1, 2)",6122f332c9f0e8bb1209dc7d
56.0,56.0,753,train,450.5840352297727,1.0,1.0,"(1, 2)",6122f332c9f0e8bb1209dc7d
56.0,56.0,754,train,450.5840352297727,1.0,1.0,"(1, 2)",6122f332c9f0e8bb1209dc7d
56.0,56.0,755,train,450.5840352297727,1.0,1.0,"(1, 2)",6122f332c9f0e8bb1209dc7d
56.0,56.0,756,train,450.5840352297727,1.0,1.0,"(1, 2)",6122f332c9f0e8bb1209dc7d
56.0,56.0,757,train,450.5840352297727,1.0,1.0,"(1, 2)",6122f332c9f0e8bb1209dc7d
56.0,56.0,758,train,450.5840352297727,1.0,1.0,"(1, 2)",6122f332c9f0e8bb1209dc7d
56.0,56.0,759,train,450.5840352297727,1.0,1.0,"(1, 2)",6122f332c9f0e8bb1209dc7d
56.0,56.0,760,train,450.5840352297727,1.0,1.0,"(1, 2)",6122f332c9f0e8bb1209dc7d
56.0,56.0,761,train,450.5840352297727,1.0,1.0,"(1, 2)",6122f332c9f0e8bb1209dc7d
56.0,56.0,762,train,450.5840352297727,1.0,1.0,"(1, 2)",6122f332c9f0e8bb1209dc7d
56.0,56.0,763,train,450.5840352297727,1.0,1.0,"(1, 2)",6122f332c9f0e8bb1209dc7d
56.0,56.0,764,train,450.5840352297727,1.0,1.0,"(1, 2)",6122f332c9f0e8bb1209dc7d
56.0,56.0,765,train,450.5840352297727,1.0,1.0,"(1, 2)",6122f332c9f0e8bb1209dc7d
56.0,56.0,766,train,450.5840352297727,1.0,1.0,"(1, 2)",6122f332c9f0e8bb1209dc7d
56.0,56.0,767,train,450.5840352297727,1.0,1.0,"(1, 2)",6122f332c9f0e8bb1209dc7d
56.0,56.0,768,train,450.5840352297727,1.0,1.0,"(1, 2)",6122f332c9f0e8bb1209dc7d
56.0,56.0,769,train,450.5840352297727,1.0,1.0,"(1, 2)",6122f332c9f0e8bb1209dc7d
56.0,56.0,770,train,450.5840352297727,1.0,1.0,"(1, 2)",6122f332c9f0e8bb1209dc7d
56.0,56.0,771,train,450.5840352297727,1.0,1.0,"(1, 2)",6122f332c9f0e8bb1209dc7d
56.0,56.0,772,train,450.5840352297727,1.0,1.0,"(1, 2)",6122f332c9f0e8bb1209dc7d
56.0,56.0,773,train,450.5840352297727,1.0,1.0,"(1, 2)",6122f332c9f0e8bb1209dc7d
56.0,56.0,774,train,450.5840352297727,1.0,1.0,"(1, 2)",6122f332c9f0e8bb1209dc7d
56.0,56.0,775,train,450.5840352297727,1.0,1.0,"(1, 2)",6122f332c9f0e8bb1209dc7d
56.0,56.0,776,train,450.5840352297727,1.0,1.0,"(1, 2)",6122f332c9f0e8bb1209dc7d
56.0,56.0,777,train,450.5840352297727,1.0,1.0,"(1, 2)",6122f332c9f0e8bb1209dc7d
56.0,56.0,778,train,450.5840352297727,1.0,1.0,"(1, 2)",6122f332c9f0e8bb1209dc7d
56.0,56.0,779,train,450.5840352297727,1.0,1.0,"(1, 2)",6122f332c9f0e8bb1209dc7d
56.0,56.0,780,train,450.5840352297727,1.0,1.0,"(1, 2)",6122f332c9f0e8bb1209dc7d
56.88388347648305,55.11611652351695,781,train,451.83403522977255,1.0,1.0,"(1, 2)",6122f332c9f0e8bb1209dc7d
57.7677669529661,54.2322330470339,782,train,453.0840352297724,1.0,1.0,"(1, 2)",6122f332c9f0e8bb1209dc7d
58.65165042944915,53.34834957055085,783,train,454.3340352297722,1.0,1.0,"(1, 2)",6122f332c9f0e8bb1209dc7d
59.5355339059322,52.4644660940678,784,train,455.58403522977204,1.0,1.0,"(1, 2)",6122f332c9f0e8bb1209dc7d
60.41941738241525,51.58058261758475,785,train,456.83403522977187,1.0,1.0,"(1, 2)",6122f332c9f0e8bb1209dc7d
61.3033008588983,50.6966991411017,786,train,458.0840352297717,1.0,1.0,"(1, 2)",6122f332c9f0e8bb1209dc7d
62.187184335381346,49.812815664618654,787,train,459.33403522977153,1.0,1.0,"(1, 2)",6122f332c9f0e8bb1209dc7d
63.071067811864395,48.928932188135605,788,train,460.58403522977136,1.0,1.0,"(1, 2)",6122f332c9f0e8bb1209dc7d
63.954951288347445,48.045048711652555,789,train,461.8340352297712,1.0,1.0,"(1, 2)",6122f332c9f0e8bb1209dc7d
64.8388347648305,47.161165235169506,790,train,463.084035229771,1.0,1.0,"(1, 2)",6122f332c9f0e8bb1209dc7d
65.72271824131354,46.277281758686456,791,train,464.33403522977085,1.0,1.0,"(1, 2)",6122f332c9f0e8bb1209dc7d
66.6066017177966,45.39339828220341,792,train,465.5840352297707,1.0,1.0,"(1, 2)",6122f332c9f0e8bb1209dc7d
67.49048519427964,44.50951480572036,793,train,466.8340352297705,1.0,1.0,"(1, 2)",6122f332c9f0e8bb1209dc7d
68.37436867076269,43.62563132923731,794,train,468.08403522977034,1.0,1.0,"(1, 2)",6122f332c9f0e8bb1209dc7d
69.25825214724574,42.74174785275426,795,train,469.33403522977017,1.0,1.0,"(1, 2)",6122f332c9f0e8bb1209dc7d
70.14213562372879,41.85786437627121,796,train,470.58403522977,1.0,1.0,"(1, 2)",6122f332c9f0e8bb1209dc7d
71.02601910021184,40.97398089978816,797,train,471.8340352297698,1.0,1.0,"(1, 2)",6122f332c9f0e8bb1209dc7d
71.90990257669489,40.09009742330511,798,train,473.08403522976965,1.0,1.0,"(1, 2)",6122f332c9f0e8bb1209dc7d
72.79378605317794,39.20621394682206,799,train,474.3340352297695,1.0,1.0,"(1, 2)",6122f332c9f0e8bb1209dc7d
73.67766952966099,38.32233047033901,800,train,475.5840352297693,1.0,1.0,"(1, 2)",6122f332c9f0e8bb1209dc7d
74.56155300614404,37.43844699385596,801,train,476.83403522976914,1.0,1.0,"(1, 2)",6122f332c9f0e8bb1209dc7d
75.44543648262709,36.55456351737291,802,train,478.084035229769,1.0,1.0,"(1, 2)",6122f332c9f0e8bb1209dc7d
76.32931995911014,35.67068004088986,803,train,479.3340352297688,1.0,1.0,"(1, 2)",6122f332c9f0e8bb1209dc7d
77.21320343559319,34.786796564406814,804,train,480.58403522976863,1.0,1.0,"(1, 2)",6122f332c9f0e8bb1209dc7d
78.09708691207624,33.902913087923764,805,train,481.83403522976846,1.0,1.0,"(1, 2)",6122f332c9f0e8bb1209dc7d
78.98097038855929,33.019029611440715,806,train,483.0840352297683,1.0,1.0,"(1, 2)",6122f332c9f0e8bb1209dc7d
79.86485386504233,32.135146134957665,807,train,484.3340352297681,1.0,1.0,"(1, 2)",6122f332c9f0e8bb1209dc7d
80.74873734152538,31.251262658474616,808,train,485.58403522976795,1.0,1.0,"(1, 2)",6122f332c9f0e8bb1209dc7d
81.63262081800843,30.367379181991566,809,train,486.8340352297678,1.0,1.0,"(1, 2)",6122f332c9f0e8bb1209dc7d
82.51650429449148,29.483495705508517,810,train,488.0840352297676,1.0,1.0,"(1, 2)",6122f332c9f0e8bb1209dc7d
83.40038777097453,28.599612229025468,811,train,489.33403522976744,1.0,1.0,"(1, 2)",6122f332c9f0e8bb1209dc7d
84.28427124745758,27.715728752542418,812,train,490.58403522976727,1.0,1.0,"(1, 2)",6122f332c9f0e8bb1209dc7d
85.16815472394063,26.83184527605937,813,train,491.8340352297671,1.0,1.0,"(1, 2)",6122f332c9f0e8bb1209dc7d
86.05203820042368,25.94796179957632,814,train,493.0840352297669,1.0,1.0,"(1, 2)",6122f332c9f0e8bb1209dc7d
86.93592167690673,25.06407832309327,815,train,494.33403522976676,1.0,1.0,"(1, 2)",6122f332c9f0e8bb1209dc7d
88.0,24.0,816,train,495.8388692257125,1.0,1.0,"(1, 2)",6122f332c9f0e8bb1209dc7d
88.0,24.0,817,train,495.8388692257125,1.0,1.0,"(1, 2)",6122f332c9f0e8bb1209dc7d
88.0,24.0,818,train,495.8388692257125,1.0,1.0,"(1, 2)",6122f332c9f0e8bb1209dc7d
88.0,24.0,819,train,495.8388692257125,1.0,1.0,"(1, 2)",6122f332c9f0e8bb1209dc7d
88.0,24.0,820,train,495.8388692257125,1.0,1.0,"(1, 2)",6122f332c9f0e8bb1209dc7d
88.0,24.0,821,train,495.8388692257125,1.0,1.0,"(1, 2)",6122f332c9f0e8bb1209dc7d
88.0,24.0,822,train,495.8388692257125,1.0,1.0,"(1, 2)",6122f332c9f0e8bb1209dc7d
88.0,24.0,823,train,495.8388692257125,1.0,1.0,"(1, 2)",6122f332c9f0e8bb1209dc7d
88.0,24.0,824,train,495.8388692257125,1.0,1.0,"(1, 2)",6122f332c9f0e8bb1209dc7d
88.0,24.0,825,train,495.8388692257125,1.0,1.0,"(1, 2)",6122f332c9f0e8bb1209dc7d
88.0,24.0,826,train,495.8388692257125,1.0,1.0,"(1, 2)",6122f332c9f0e8bb1209dc7d
88.0,24.0,827,train,495.8388692257125,1.0,1.0,"(1, 2)",6122f332c9f0e8bb1209dc7d
88.0,24.0,828,train,495.8388692257125,1.0,1.0,"(1, 2)",6122f332c9f0e8bb1209dc7d
88.0,24.0,829,train,495.8388692257125,1.0,1.0,"(1, 2)",6122f332c9f0e8bb1209dc7d
88.0,24.0,830,train,495.8388692257125,1.0,1.0,"(1, 2)",6122f332c9f0e8bb1209dc7d
88.0,24.0,831,train,495.8388692257125,1.0,1.0,"(1, 2)",6122f332c9f0e8bb1209dc7d
88.0,24.0,832,train,495.8388692257125,1.0,1.0,"(1, 2)",6122f332c9f0e8bb1209dc7d
88.0,24.0,833,train,495.8388692257125,1.0,1.0,"(1, 2)",6122f332c9f0e8bb1209dc7d
88.0,24.0,834,train,495.8388692257125,1.0,1.0,"(1, 2)",6122f332c9f0e8bb1209dc7d
88.0,24.0,835,train,495.8388692257125,1.0,1.0,"(1, 2)",6122f332c9f0e8bb1209dc7d
88.0,24.0,836,train,495.8388692257125,1.0,1.0,"(1, 2)",6122f332c9f0e8bb1209dc7d
88.0,24.0,837,train,495.8388692257125,1.0,1.0,"(1, 2)",6122f332c9f0e8bb1209dc7d
88.0,24.0,838,train,495.8388692257125,1.0,1.0,"(1, 2)",6122f332c9f0e8bb1209dc7d
88.0,24.0,839,train,495.8388692257125,1.0,1.0,"(1, 2)",6122f332c9f0e8bb1209dc7d
88.0,24.0,840,train,495.8388692257125,1.0,1.0,"(1, 2)",6122f332c9f0e8bb1209dc7d
88.0,24.0,841,train,495.8388692257125,1.0,1.0,"(1, 2)",6122f332c9f0e8bb1209dc7d
88.0,24.0,842,train,495.8388692257125,1.0,1.0,"(1, 2)",6122f332c9f0e8bb1209dc7d
88.0,24.0,843,train,495.8388692257125,1.0,1.0,"(1, 2)",6122f332c9f0e8bb1209dc7d
88.0,24.0,844,train,495.8388692257125,1.0,1.0,"(1, 2)",6122f332c9f0e8bb1209dc7d
88.0,24.0,845,train,495.8388692257125,1.0,1.0,"(1, 2)",6122f332c9f0e8bb1209dc7d
88.0,24.0,846,train,495.8388692257125,1.0,1.0,"(1, 2)",6122f332c9f0e8bb1209dc7d
88.0,24.0,847,train,495.8388692257125,1.0,1.0,"(1, 2)",6122f332c9f0e8bb1209dc7d
88.0,24.0,848,train,495.8388692257125,1.0,1.0,"(1, 2)",6122f332c9f0e8bb1209dc7d
88.0,24.0,849,train,495.8388692257125,1.0,1.0,"(1, 2)",6122f332c9f0e8bb1209dc7d
88.0,24.0,850,train,495.8388692257125,1.0,1.0,"(1, 2)",6122f332c9f0e8bb1209dc7d
88.0,24.0,851,train,495.8388692257125,1.0,1.0,"(1, 2)",6122f332c9f0e8bb1209dc7d
88.0,24.0,852,train,495.8388692257125,1.0,1.0,"(1, 2)",6122f332c9f0e8bb1209dc7d
88.0,24.0,853,train,495.8388692257125,1.0,1.0,"(1, 2)",6122f332c9f0e8bb1209dc7d
88.0,24.0,854,train,495.8388692257125,1.0,1.0,"(1, 2)",6122f332c9f0e8bb1209dc7d
88.0,24.0,855,train,495.8388692257125,1.0,1.0,"(1, 2)",6122f332c9f0e8bb1209dc7d
88.0,24.0,856,train,495.8388692257125,1.0,1.0,"(1, 2)",6122f332c9f0e8bb1209dc7d
88.0,24.0,857,train,495.8388692257125,1.0,1.0,"(1, 2)",6122f332c9f0e8bb1209dc7d
88.0,24.0,858,train,495.8388692257125,1.0,1.0,"(1, 2)",6122f332c9f0e8bb1209dc7d
88.0,24.0,859,train,495.8388692257125,1.0,1.0,"(1, 2)",6122f332c9f0e8bb1209dc7d
88.0,24.0,860,train,495.8388692257125,1.0,1.0,"(1, 2)",6122f332c9f0e8bb1209dc7d
88.0,24.0,861,train,495.8388692257125,1.0,1.0,"(1, 2)",6122f332c9f0e8bb1209dc7d
88.0,24.0,862,train,495.8388692257125,1.0,1.0,"(1, 2)",6122f332c9f0e8bb1209dc7d
88.0,24.0,863,train,495.8388692257125,1.0,1.0,"(1, 2)",6122f332c9f0e8bb1209dc7d
88.0,24.0,864,train,495.8388692257125,1.0,1.0,"(1, 2)",6122f332c9f0e8bb1209dc7d
88.0,24.0,865,train,495.8388692257125,1.0,1.0,"(1, 2)",6122f332c9f0e8bb1209dc7d
88.0,24.0,866,train,495.8388692257125,1.0,1.0,"(1, 2)",6122f332c9f0e8bb1209dc7d
88.0,24.0,867,train,495.8388692257125,1.0,1.0,"(1, 2)",6122f332c9f0e8bb1209dc7d
88.0,24.0,868,train,495.8388692257125,1.0,1.0,"(1, 2)",6122f332c9f0e8bb1209dc7d
88.0,24.0,869,train,495.8388692257125,1.0,1.0,"(1, 2)",6122f332c9f0e8bb1209dc7d
88.0,24.0,870,train,495.8388692257125,1.0,1.0,"(1, 2)",6122f332c9f0e8bb1209dc7d
88.0,24.0,871,train,495.8388692257125,1.0,1.0,"(1, 2)",6122f332c9f0e8bb1209dc7d
88.0,24.0,872,train,495.8388692257125,1.0,1.0,"(1, 2)",6122f332c9f0e8bb1209dc7d
88.0,24.0,873,train,495.8388692257125,1.0,1.0,"(1, 2)",6122f332c9f0e8bb1209dc7d
88.0,24.0,874,train,495.8388692257125,1.0,1.0,"(1, 2)",6122f332c9f0e8bb1209dc7d
88.0,24.0,875,train,495.8388692257125,1.0,1.0,"(1, 2)",6122f332c9f0e8bb1209dc7d
88.0,24.0,876,train,495.8388692257125,1.0,1.0,"(1, 2)",6122f332c9f0e8bb1209dc7d
88.0,24.0,877,train,495.8388692257125,1.0,1.0,"(1, 2)",6122f332c9f0e8bb1209dc7d
88.0,24.0,878,train,495.8388692257125,1.0,1.0,"(1, 2)",6122f332c9f0e8bb1209dc7d
88.0,24.0,879,train,495.8388692257125,1.0,1.0,"(1, 2)",6122f332c9f0e8bb1209dc7d
88.0,24.0,880,train,495.8388692257125,1.0,1.0,"(1, 2)",6122f332c9f0e8bb1209dc7d
88.0,24.0,881,train,495.8388692257125,1.0,1.0,"(1, 2)",6122f332c9f0e8bb1209dc7d
88.0,24.0,882,train,495.8388692257125,1.0,1.0,"(1, 2)",6122f332c9f0e8bb1209dc7d
88.0,24.0,883,train,495.8388692257125,1.0,1.0,"(1, 2)",6122f332c9f0e8bb1209dc7d
88.0,24.0,884,train,495.8388692257125,1.0,1.0,"(1, 2)",6122f332c9f0e8bb1209dc7d
88.0,24.0,885,train,495.8388692257125,1.0,1.0,"(1, 2)",6122f332c9f0e8bb1209dc7d
88.0,24.0,886,train,495.8388692257125,1.0,1.0,"(1, 2)",6122f332c9f0e8bb1209dc7d
88.0,24.0,887,train,495.8388692257125,1.0,1.0,"(1, 2)",6122f332c9f0e8bb1209dc7d
88.0,24.0,888,train,495.8388692257125,1.0,1.0,"(1, 2)",6122f332c9f0e8bb1209dc7d
88.0,24.0,889,train,495.8388692257125,1.0,1.0,"(1, 2)",6122f332c9f0e8bb1209dc7d
88.0,24.0,890,train,495.8388692257125,1.0,1.0,"(1, 2)",6122f332c9f0e8bb1209dc7d
88.0,24.0,891,train,495.8388692257125,1.0,1.0,"(1, 2)",6122f332c9f0e8bb1209dc7d
88.0,24.0,892,train,495.8388692257125,1.0,1.0,"(1, 2)",6122f332c9f0e8bb1209dc7d
88.0,24.0,893,train,495.8388692257125,1.0,1.0,"(1, 2)",6122f332c9f0e8bb1209dc7d
88.0,24.0,894,train,495.8388692257125,1.0,1.0,"(1, 2)",6122f332c9f0e8bb1209dc7d
88.0,24.0,895,train,495.8388692257125,1.0,1.0,"(1, 2)",6122f332c9f0e8bb1209dc7d
88.0,24.0,896,train,495.8388692257125,1.0,1.0,"(1, 2)",6122f332c9f0e8bb1209dc7d
88.0,24.0,897,train,495.8388692257125,1.0,1.0,"(1, 2)",6122f332c9f0e8bb1209dc7d
88.0,24.0,898,train,495.8388692257125,1.0,1.0,"(1, 2)",6122f332c9f0e8bb1209dc7d
88.0,24.0,899,train,495.8388692257125,1.0,1.0,"(1, 2)",6122f332c9f0e8bb1209dc7d
88.0,24.0,900,train,495.8388692257125,1.0,1.0,"(1, 2)",6122f332c9f0e8bb1209dc7d
88.0,24.0,901,train,495.8388692257125,1.0,1.0,"(1, 2)",6122f332c9f0e8bb1209dc7d
88.0,24.0,902,train,495.8388692257125,1.0,1.0,"(1, 2)",6122f332c9f0e8bb1209dc7d
88.0,24.0,903,train,495.8388692257125,1.0,1.0,"(1, 2)",6122f332c9f0e8bb1209dc7d
88.0,24.0,904,train,495.8388692257125,1.0,1.0,"(1, 2)",6122f332c9f0e8bb1209dc7d
88.0,24.0,905,train,495.8388692257125,1.0,1.0,"(1, 2)",6122f332c9f0e8bb1209dc7d
88.0,24.0,906,train,495.8388692257125,1.0,1.0,"(1, 2)",6122f332c9f0e8bb1209dc7d
88.0,24.0,907,train,495.8388692257125,1.0,1.0,"(1, 2)",6122f332c9f0e8bb1209dc7d
88.0,24.0,908,train,495.8388692257125,1.0,1.0,"(1, 2)",6122f332c9f0e8bb1209dc7d
88.0,24.0,909,train,495.8388692257125,1.0,1.0,"(1, 2)",6122f332c9f0e8bb1209dc7d
88.0,24.0,910,train,495.8388692257125,1.0,1.0,"(1, 2)",6122f332c9f0e8bb1209dc7d
88.0,24.0,911,train,495.8388692257125,1.0,1.0,"(1, 2)",6122f332c9f0e8bb1209dc7d
88.0,24.0,912,train,495.8388692257125,1.0,1.0,"(1, 2)",6122f332c9f0e8bb1209dc7d
88.0,24.0,913,train,495.8388692257125,1.0,1.0,"(1, 2)",6122f332c9f0e8bb1209dc7d
88.0,24.0,914,train,495.8388692257125,1.0,1.0,"(1, 2)",6122f332c9f0e8bb1209dc7d
88.0,24.0,915,train,495.8388692257125,1.0,1.0,"(1, 2)",6122f332c9f0e8bb1209dc7d
88.0,24.0,916,train,495.8388692257125,1.0,1.0,"(1, 2)",6122f332c9f0e8bb1209dc7d
88.0,24.0,917,train,495.8388692257125,1.0,1.0,"(1, 2)",6122f332c9f0e8bb1209dc7d
88.0,24.0,918,train,495.8388692257125,1.0,1.0,"(1, 2)",6122f332c9f0e8bb1209dc7d
88.0,24.0,919,train,495.8388692257125,1.0,1.0,"(1, 2)",6122f332c9f0e8bb1209dc7d
87.11611652351695,24.88388347648305,920,train,497.0888692257123,1.0,1.0,"(1, 2)",6122f332c9f0e8bb1209dc7d
86.2322330470339,25.7677669529661,921,train,498.33886922571213,1.0,1.0,"(1, 2)",6122f332c9f0e8bb1209dc7d
85.34834957055085,26.65165042944915,922,train,499.58886922571196,1.0,1.0,"(1, 2)",6122f332c9f0e8bb1209dc7d
84.4644660940678,27.535533905932198,923,train,500.8388692257118,1.0,1.0,"(1, 2)",6122f332c9f0e8bb1209dc7d
83.58058261758475,28.419417382415247,924,train,502.0888692257116,1.0,1.0,"(1, 2)",6122f332c9f0e8bb1209dc7d
82.6966991411017,29.303300858898297,925,train,503.33886922571145,1.0,1.0,"(1, 2)",6122f332c9f0e8bb1209dc7d
81.81281566461865,30.187184335381346,926,train,504.5888692257113,1.0,1.0,"(1, 2)",6122f332c9f0e8bb1209dc7d
80.9289321881356,31.071067811864395,927,train,505.8388692257111,1.0,1.0,"(1, 2)",6122f332c9f0e8bb1209dc7d
80.04504871165256,31.954951288347445,928,train,507.08886922571094,1.0,1.0,"(1, 2)",6122f332c9f0e8bb1209dc7d
79.1611652351695,32.838834764830494,929,train,508.33886922571077,1.0,1.0,"(1, 2)",6122f332c9f0e8bb1209dc7d
78.27728175868646,33.722718241313544,930,train,509.5888692257106,1.0,1.0,"(1, 2)",6122f332c9f0e8bb1209dc7d
77.3933982822034,34.60660171779659,931,train,510.8388692257104,1.0,1.0,"(1, 2)",6122f332c9f0e8bb1209dc7d
76.50951480572036,35.49048519427964,932,train,512.0888692257103,1.0,1.0,"(1, 2)",6122f332c9f0e8bb1209dc7d
75.62563132923731,36.37436867076269,933,train,513.33886922571,1.0,1.0,"(1, 2)",6122f332c9f0e8bb1209dc7d
74.74174785275426,37.25825214724574,934,train,514.5888692257098,1.0,1.0,"(1, 2)",6122f332c9f0e8bb1209dc7d
73.85786437627121,38.14213562372879,935,train,515.8388692257096,1.0,1.0,"(1, 2)",6122f332c9f0e8bb1209dc7d
72.97398089978816,39.02601910021184,936,train,517.0888692257093,1.0,1.0,"(1, 2)",6122f332c9f0e8bb1209dc7d
72.09009742330511,39.90990257669489,937,train,518.3388692257091,1.0,1.0,"(1, 2)",6122f332c9f0e8bb1209dc7d
71.20621394682206,40.79378605317794,938,train,519.5888692257089,1.0,1.0,"(1, 2)",6122f332c9f0e8bb1209dc7d
70.32233047033901,41.67766952966099,939,train,520.8388692257087,1.0,1.0,"(1, 2)",6122f332c9f0e8bb1209dc7d
69.43844699385596,42.56155300614404,940,train,522.0888692257084,1.0,1.0,"(1, 2)",6122f332c9f0e8bb1209dc7d
68.55456351737291,43.44543648262709,941,train,523.3388692257082,1.0,1.0,"(1, 2)",6122f332c9f0e8bb1209dc7d
67.67068004088986,44.32931995911014,942,train,524.588869225708,1.0,1.0,"(1, 2)",6122f332c9f0e8bb1209dc7d
66.78679656440681,45.213203435593186,943,train,525.8388692257078,1.0,1.0,"(1, 2)",6122f332c9f0e8bb1209dc7d
65.90291308792376,46.097086912076236,944,train,527.0888692257075,1.0,1.0,"(1, 2)",6122f332c9f0e8bb1209dc7d
65.01902961144071,46.980970388559285,945,train,528.3388692257073,1.0,1.0,"(1, 2)",6122f332c9f0e8bb1209dc7d
64.13514613495767,47.864853865042335,946,train,529.5888692257071,1.0,1.0,"(1, 2)",6122f332c9f0e8bb1209dc7d
63.251262658474616,48.748737341525384,947,train,530.8388692257068,1.0,1.0,"(1, 2)",6122f332c9f0e8bb1209dc7d
62.367379181991566,49.632620818008434,948,train,532.0888692257066,1.0,1.0,"(1, 2)",6122f332c9f0e8bb1209dc7d
61.48349570550852,50.51650429449148,949,train,533.3388692257064,1.0,1.0,"(1, 2)",6122f332c9f0e8bb1209dc7d
60.59961222902547,51.40038777097453,950,train,534.5888692257062,1.0,1.0,"(1, 2)",6122f332c9f0e8bb1209dc7d
59.71572875254242,52.28427124745758,951,train,535.8388692257059,1.0,1.0,"(1, 2)",6122f332c9f0e8bb1209dc7d
58.83184527605937,53.16815472394063,952,train,537.0888692257057,1.0,1.0,"(1, 2)",6122f332c9f0e8bb1209dc7d
57.94796179957632,54.05203820042368,953,train,538.3388692257055,1.0,1.0,"(1, 2)",6122f332c9f0e8bb1209dc7d
57.06407832309327,54.93592167690673,954,train,539.5888692257053,1.0,1.0,"(1, 2)",6122f332c9f0e8bb1209dc7d
56.197567139996536,55.82712561869876,955,train,540.8318841476982,1.0,1.0,"(1, 2)",6122f332c9f0e8bb1209dc7d
56.18229833282929,57.07703236063075,956,train,542.081884147698,1.0,1.0,"(1, 2)",6122f332c9f0e8bb1209dc7d
56.167029525662045,58.32693910256275,957,train,543.3318841476978,1.0,1.0,"(1, 2)",6122f332c9f0e8bb1209dc7d
56.1517607184948,59.57684584449474,958,train,544.5818841476976,1.0,1.0,"(1, 2)",6122f332c9f0e8bb1209dc7d
56.13649191132755,60.826752586426736,959,train,545.8318841476973,1.0,1.0,"(1, 2)",6122f332c9f0e8bb1209dc7d
56.12122310416031,62.07665932835873,960,train,547.0818841476971,1.0,1.0,"(1, 2)",6122f332c9f0e8bb1209dc7d
56.10595429699306,63.326566070290724,961,train,548.3318841476969,1.0,1.0,"(1, 2)",6122f332c9f0e8bb1209dc7d
56.090685489825816,64.57647281222305,962,train,549.581884147697,1.0,1.0,"(1, 2)",6122f332c9f0e8bb1209dc7d
56.07541668265861,65.82637955415575,963,train,550.8318841476975,1.0,1.0,"(1, 2)",6122f332c9f0e8bb1209dc7d
56.06014787549172,67.07628629608845,964,train,552.0818841476979,1.0,1.0,"(1, 2)",6122f332c9f0e8bb1209dc7d
56.044879068324825,68.32619303802116,965,train,553.3318841476984,1.0,1.0,"(1, 2)",6122f332c9f0e8bb1209dc7d
56.02961026115793,69.57609977995386,966,train,554.5818841476988,1.0,1.0,"(1, 2)",6122f332c9f0e8bb1209dc7d
56.01434145399103,70.82600652188657,967,train,555.8318841476993,1.0,1.0,"(1, 2)",6122f332c9f0e8bb1209dc7d
56.0,72.0,968,train,557.0059652198385,1.0,1.0,"(1, 2)",6122f332c9f0e8bb1209dc7d
56.0,72.0,969,train,557.0059652198385,1.0,1.0,"(1, 2)",6122f332c9f0e8bb1209dc7d
56.0,72.0,970,train,557.0059652198385,1.0,1.0,"(1, 2)",6122f332c9f0e8bb1209dc7d
56.0,72.0,971,train,557.0059652198385,1.0,1.0,"(1, 2)",6122f332c9f0e8bb1209dc7d
56.0,72.0,972,train,557.0059652198385,1.0,1.0,"(1, 2)",6122f332c9f0e8bb1209dc7d
56.0,72.0,973,train,557.0059652198385,1.0,1.0,"(1, 2)",6122f332c9f0e8bb1209dc7d
56.0,72.0,974,train,557.0059652198385,1.0,1.0,"(1, 2)",6122f332c9f0e8bb1209dc7d
56.0,72.0,975,train,557.0059652198385,1.0,1.0,"(1, 2)",6122f332c9f0e8bb1209dc7d
56.0,72.0,976,train,557.0059652198385,1.0,1.0,"(1, 2)",6122f332c9f0e8bb1209dc7d
56.0,72.0,977,train,557.0059652198385,1.0,1.0,"(1, 2)",6122f332c9f0e8bb1209dc7d
56.0,72.0,978,train,557.0059652198385,1.0,1.0,"(1, 2)",6122f332c9f0e8bb1209dc7d
56.0,72.0,979,train,557.0059652198385,1.0,1.0,"(1, 2)",6122f332c9f0e8bb1209dc7d
56.0,72.0,980,train,557.0059652198385,1.0,1.0,"(1, 2)",6122f332c9f0e8bb1209dc7d
56.0,72.0,981,train,557.0059652198385,1.0,1.0,"(1, 2)",6122f332c9f0e8bb1209dc7d
56.0,72.0,982,train,557.0059652198385,1.0,1.0,"(1, 2)",6122f332c9f0e8bb1209dc7d
56.0,72.0,983,train,557.0059652198385,1.0,1.0,"(1, 2)",6122f332c9f0e8bb1209dc7d
56.0,72.0,984,train,557.0059652198385,1.0,1.0,"(1, 2)",6122f332c9f0e8bb1209dc7d
56.0,72.0,985,train,557.0059652198385,1.0,1.0,"(1, 2)",6122f332c9f0e8bb1209dc7d
56.0,72.0,986,train,557.0059652198385,1.0,1.0,"(1, 2)",6122f332c9f0e8bb1209dc7d
56.0,72.0,987,train,557.0059652198385,1.0,1.0,"(1, 2)",6122f332c9f0e8bb1209dc7d
56.0,72.0,988,train,557.0059652198385,1.0,1.0,"(1, 2)",6122f332c9f0e8bb1209dc7d
56.0,72.0,989,train,557.0059652198385,1.0,1.0,"(1, 2)",6122f332c9f0e8bb1209dc7d
56.0,72.0,990,train,557.0059652198385,1.0,1.0,"(1, 2)",6122f332c9f0e8bb1209dc7d
56.0,72.0,991,train,557.0059652198385,1.0,1.0,"(1, 2)",6122f332c9f0e8bb1209dc7d
56.0,72.0,992,train,557.0059652198385,1.0,1.0,"(1, 2)",6122f332c9f0e8bb1209dc7d
56.0,72.0,993,train,557.0059652198385,1.0,1.0,"(1, 2)",6122f332c9f0e8bb1209dc7d
56.0,72.0,994,train,557.0059652198385,1.0,1.0,"(1, 2)",6122f332c9f0e8bb1209dc7d
56.0,72.0,995,train,557.0059652198385,1.0,1.0,"(1, 2)",6122f332c9f0e8bb1209dc7d
56.0,72.0,996,train,557.0059652198385,1.0,1.0,"(1, 2)",6122f332c9f0e8bb1209dc7d
56.0,72.0,997,train,557.0059652198385,1.0,1.0,"(1, 2)",6122f332c9f0e8bb1209dc7d
56.0,72.0,998,train,557.0059652198385,1.0,1.0,"(1, 2)",6122f332c9f0e8bb1209dc7d
56.0,72.0,999,train,557.0059652198385,1.0,1.0,"(1, 2)",6122f332c9f0e8bb1209dc7d
56.0,72.0,1000,train,557.0059652198385,1.0,1.0,"(1, 2)",6122f332c9f0e8bb1209dc7d
56.0,72.0,1001,train,557.0059652198385,1.0,1.0,"(1, 2)",6122f332c9f0e8bb1209dc7d
56.0,72.0,1002,train,557.0059652198385,1.0,1.0,"(1, 2)",6122f332c9f0e8bb1209dc7d
56.0,72.0,1003,train,557.0059652198385,1.0,1.0,"(1, 2)",6122f332c9f0e8bb1209dc7d
56.0,72.0,1004,train,557.0059652198385,1.0,1.0,"(1, 2)",6122f332c9f0e8bb1209dc7d
56.0,72.0,1005,train,557.0059652198385,1.0,1.0,"(1, 2)",6122f332c9f0e8bb1209dc7d
56.0,72.0,1006,train,557.0059652198385,1.0,1.0,"(1, 2)",6122f332c9f0e8bb1209dc7d
56.0,72.0,1007,train,557.0059652198385,1.0,1.0,"(1, 2)",6122f332c9f0e8bb1209dc7d
56.0,72.0,1008,train,557.0059652198385,1.0,1.0,"(1, 2)",6122f332c9f0e8bb1209dc7d
56.0,72.0,1009,train,557.0059652198385,1.0,1.0,"(1, 2)",6122f332c9f0e8bb1209dc7d
56.0,72.0,1010,train,557.0059652198385,1.0,1.0,"(1, 2)",6122f332c9f0e8bb1209dc7d
56.0,72.0,1011,train,557.0059652198385,1.0,1.0,"(1, 2)",6122f332c9f0e8bb1209dc7d
56.0,72.0,1012,train,557.0059652198385,1.0,1.0,"(1, 2)",6122f332c9f0e8bb1209dc7d
56.0,70.74999999999972,1013,train,558.2559652198388,1.0,1.0,"(1, 2)",6122f332c9f0e8bb1209dc7d
56.0,69.49999999999943,1014,train,559.505965219839,1.0,1.0,"(1, 2)",6122f332c9f0e8bb1209dc7d
56.0,68.24999999999915,1015,train,560.7559652198393,1.0,1.0,"(1, 2)",6122f332c9f0e8bb1209dc7d
56.0,66.99999999999886,1016,train,562.0059652198395,1.0,1.0,"(1, 2)",6122f332c9f0e8bb1209dc7d
56.0,65.74999999999858,1017,train,563.2559652198397,1.0,1.0,"(1, 2)",6122f332c9f0e8bb1209dc7d
56.0,64.4999999999983,1018,train,564.5059652198399,1.0,1.0,"(1, 2)",6122f332c9f0e8bb1209dc7d
56.0,63.24999999999801,1019,train,565.7559652198402,1.0,1.0,"(1, 2)",6122f332c9f0e8bb1209dc7d
56.0,61.999999999997726,1020,train,567.0059652198404,1.0,1.0,"(1, 2)",6122f332c9f0e8bb1209dc7d
56.0,60.74999999999744,1021,train,568.2559652198406,1.0,1.0,"(1, 2)",6122f332c9f0e8bb1209dc7d
56.0,59.49999999999716,1022,train,569.5059652198408,1.0,1.0,"(1, 2)",6122f332c9f0e8bb1209dc7d
56.0,58.249999999996874,1023,train,570.7559652198411,1.0,1.0,"(1, 2)",6122f332c9f0e8bb1209dc7d
56.0,56.99999999999659,1024,train,572.0059652198413,1.0,1.0,"(1, 2)",6122f332c9f0e8bb1209dc7d
56.31621556657754,55.8798317388366,1025,train,573.1699107588835,1.0,1.0,"(1, 2)",6122f332c9f0e8bb1209dc7d
57.19459214040404,54.990475457837135,1026,train,574.4199107588836,1.0,1.0,"(1, 2)",6122f332c9f0e8bb1209dc7d
58.07296871423054,54.10111917683767,1027,train,575.6699107588837,1.0,1.0,"(1, 2)",6122f332c9f0e8bb1209dc7d
58.95134528805704,53.211762895838206,1028,train,576.9199107588838,1.0,1.0,"(1, 2)",6122f332c9f0e8bb1209dc7d
59.82972186188354,52.32240661483874,1029,train,578.1699107588839,1.0,1.0,"(1, 2)",6122f332c9f0e8bb1209dc7d
60.70809843571004,51.433050333839276,1030,train,579.419910758884,1.0,1.0,"(1, 2)",6122f332c9f0e8bb1209dc7d
61.58647500953654,50.543694052839896,1031,train,580.6699107588842,1.0,1.0,"(1, 2)",6122f332c9f0e8bb1209dc7d
62.46485158336304,49.654337771840936,1032,train,581.9199107588839,1.0,1.0,"(1, 2)",6122f332c9f0e8bb1209dc7d
63.34322815718954,48.76498149084197,1033,train,583.1699107588837,1.0,1.0,"(1, 2)",6122f332c9f0e8bb1209dc7d
64.22160473101623,47.87562520984288,1034,train,584.4199107588837,1.0,1.0,"(1, 2)",6122f332c9f0e8bb1209dc7d
65.09998130484344,46.986268928843415,1035,train,585.6699107588844,1.0,1.0,"(1, 2)",6122f332c9f0e8bb1209dc7d
65.97835787867065,46.09691264784395,1036,train,586.9199107588851,1.0,1.0,"(1, 2)",6122f332c9f0e8bb1209dc7d
66.85673445249786,45.207556366844486,1037,train,588.1699107588857,1.0,1.0,"(1, 2)",6122f332c9f0e8bb1209dc7d
67.73511102632507,44.31820008584502,1038,train,589.4199107588864,1.0,1.0,"(1, 2)",6122f332c9f0e8bb1209dc7d
68.61348760015223,43.428843804845556,1039,train,590.669910758887,1.0,1.0,"(1, 2)",6122f332c9f0e8bb1209dc7d
69.49186417397894,42.53948752384609,1040,train,591.9199107588873,1.0,1.0,"(1, 2)",6122f332c9f0e8bb1209dc7d
70.37024074780565,41.650131242846626,1041,train,593.1699107588877,1.0,1.0,"(1, 2)",6122f332c9f0e8bb1209dc7d
71.24861732163237,40.76077496184716,1042,train,594.419910758888,1.0,1.0,"(1, 2)",6122f332c9f0e8bb1209dc7d
72.26074682117606,40.18626191223204,1043,train,595.583728342543,1.0,1.0,"(1, 2)",6122f332c9f0e8bb1209dc7d
73.51065929977217,40.171470162855755,1044,train,596.833728342543,1.0,1.0,"(1, 2)",6122f332c9f0e8bb1209dc7d
74.76057177836829,40.15667841347976,1045,train,598.083728342543,1.0,1.0,"(1, 2)",6122f332c9f0e8bb1209dc7d
76.0104842569644,40.14188666410383,1046,train,599.333728342543,1.0,1.0,"(1, 2)",6122f332c9f0e8bb1209dc7d
77.26039673556052,40.1270949147279,1047,train,600.583728342543,1.0,1.0,"(1, 2)",6122f332c9f0e8bb1209dc7d
78.51030921415663,40.11230316535197,1048,train,601.833728342543,1.0,1.0,"(1, 2)",6122f332c9f0e8bb1209dc7d
79.76022169275275,40.09751141597604,1049,train,603.083728342543,1.0,1.0,"(1, 2)",6122f332c9f0e8bb1209dc7d
81.01013417134887,40.08271966660011,1050,train,604.333728342543,1.0,1.0,"(1, 2)",6122f332c9f0e8bb1209dc7d
82.26004664994498,40.06792791722418,1051,train,605.583728342543,1.0,1.0,"(1, 2)",6122f332c9f0e8bb1209dc7d
83.5099591285411,40.05313616784825,1052,train,606.833728342543,1.0,1.0,"(1, 2)",6122f332c9f0e8bb1209dc7d
84.75987160713721,40.03834441847232,1053,train,608.083728342543,1.0,1.0,"(1, 2)",6122f332c9f0e8bb1209dc7d
86.00978408573333,40.02355266909639,1054,train,609.333728342543,1.0,1.0,"(1, 2)",6122f332c9f0e8bb1209dc7d
87.25969656432945,40.00876091972046,1055,train,610.583728342543,1.0,1.0,"(1, 2)",6122f332c9f0e8bb1209dc7d
88.50965804813718,40.00215515952682,1056,train,611.8337072811938,1.0,1.0,"(1, 2)",6122f332c9f0e8bb1209dc7d
89.75965803603977,40.00198124797642,1057,train,613.0837072811945,1.0,1.0,"(1, 2)",6122f332c9f0e8bb1209dc7d
91.00965802394235,40.00180733642601,1058,train,614.3337072811952,1.0,1.0,"(1, 2)",6122f332c9f0e8bb1209dc7d
92.25965801184493,40.00163342487561,1059,train,615.5837072811959,1.0,1.0,"(1, 2)",6122f332c9f0e8bb1209dc7d
93.50965799974752,40.0014595133252,1060,train,616.8337072811966,1.0,1.0,"(1, 2)",6122f332c9f0e8bb1209dc7d
94.7596579876501,40.001285601774796,1061,train,618.0837072811972,1.0,1.0,"(1, 2)",6122f332c9f0e8bb1209dc7d
96.00965797555268,40.00111169022439,1062,train,619.3337072811979,1.0,1.0,"(1, 2)",6122f332c9f0e8bb1209dc7d
97.25965796345527,40.00093777867423,1063,train,620.5837072811986,1.0,1.0,"(1, 2)",6122f332c9f0e8bb1209dc7d
98.50965795135785,40.00076386712418,1064,train,621.8337072811993,1.0,1.0,"(1, 2)",6122f332c9f0e8bb1209dc7d
99.75965793926044,40.00058995557413,1065,train,623.0837072812,1.0,1.0,"(1, 2)",6122f332c9f0e8bb1209dc7d
101.00965792716302,40.00041604402408,1066,train,624.3337072812006,1.0,1.0,"(1, 2)",6122f332c9f0e8bb1209dc7d
102.2596579150656,40.00024213247403,1067,train,625.5837072812013,1.0,1.0,"(1, 2)",6122f332c9f0e8bb1209dc7d
103.50965790296819,40.00006822092398,1068,train,626.833707281202,1.0,1.0,"(1, 2)",6122f332c9f0e8bb1209dc7d
104.75965790006394,40.00002492826012,1069,train,628.0837072790474,1.0,1.0,"(1, 2)",6122f332c9f0e8bb1209dc7d
106.0096579000628,40.00002288366558,1070,train,629.333707279048,1.0,1.0,"(1, 2)",6122f332c9f0e8bb1209dc7d
107.25965790006167,40.00002083907072,1071,train,630.5837072790486,1.0,1.0,"(1, 2)",6122f332c9f0e8bb1209dc7d
108.50965790006053,40.00001879447583,1072,train,631.8337072790491,1.0,1.0,"(1, 2)",6122f332c9f0e8bb1209dc7d
109.7596579000594,40.000016749880935,1073,train,633.0837072790497,1.0,1.0,"(1, 2)",6122f332c9f0e8bb1209dc7d
111.00965790005826,40.00001470528604,1074,train,634.3337072790503,1.0,1.0,"(1, 2)",6122f332c9f0e8bb1209dc7d
112.25965790005712,40.00001266069115,1075,train,635.5837072790508,1.0,1.0,"(1, 2)",6122f332c9f0e8bb1209dc7d
113.50965790005598,40.000010616096255,1076,train,636.8337072790514,1.0,1.0,"(1, 2)",6122f332c9f0e8bb1209dc7d
114.75965790005485,40.00000857150136,1077,train,638.083707279052,1.0,1.0,"(1, 2)",6122f332c9f0e8bb1209dc7d
116.00965790005371,40.00000652690647,1078,train,639.3337072790525,1.0,1.0,"(1, 2)",6122f332c9f0e8bb1209dc7d
117.25965790005257,40.000004482311574,1079,train,640.5837072790531,1.0,1.0,"(1, 2)",6122f332c9f0e8bb1209dc7d
118.50965790005144,40.00000243771668,1080,train,641.8337072790537,1.0,1.0,"(1, 2)",6122f332c9f0e8bb1209dc7d
119.7596579000503,40.00000039312179,1081,train,643.0837072790542,1.0,1.0,"(1, 2)",6122f332c9f0e8bb1209dc7d
120.66318847094585,39.156504274271576,1082,train,644.3197708676524,1.0,1.0,"(1, 2)",6122f332c9f0e8bb1209dc7d
121.55228281562877,38.27786256899406,1083,train,645.5697708676524,1.0,1.0,"(1, 2)",6122f332c9f0e8bb1209dc7d
122.44137716031169,37.39922086371654,1084,train,646.8197708676524,1.0,1.0,"(1, 2)",6122f332c9f0e8bb1209dc7d
123.3304715049946,36.52057915843903,1085,train,648.0697708676524,1.0,1.0,"(1, 2)",6122f332c9f0e8bb1209dc7d
124.21956584967752,35.641937453161304,1086,train,649.3197708676527,1.0,1.0,"(1, 2)",6122f332c9f0e8bb1209dc7d
125.10866019436044,34.76329574788308,1087,train,650.5697708676532,1.0,1.0,"(1, 2)",6122f332c9f0e8bb1209dc7d
125.99775453904336,33.88465404260485,1088,train,651.8197708676538,1.0,1.0,"(1, 2)",6122f332c9f0e8bb1209dc7d
126.88684888372627,33.006012337326624,1089,train,653.0697708676544,1.0,1.0,"(1, 2)",6122f332c9f0e8bb1209dc7d
127.77594322840919,32.1273706320484,1090,train,654.3197708676549,1.0,1.0,"(1, 2)",6122f332c9f0e8bb1209dc7d
128.6650375730921,31.248728926770475,1091,train,655.5697708676553,1.0,1.0,"(1, 2)",6122f332c9f0e8bb1209dc7d
129.554131917775,30.370087221492604,1092,train,656.8197708676556,1.0,1.0,"(1, 2)",6122f332c9f0e8bb1209dc7d
130.44322626245793,29.491445516214732,1093,train,658.069770867656,1.0,1.0,"(1, 2)",6122f332c9f0e8bb1209dc7d
131.33232060714084,28.612803810936846,1094,train,659.3197708676563,1.0,1.0,"(1, 2)",6122f332c9f0e8bb1209dc7d
132.22141495182376,27.73416210565862,1095,train,660.5697708676569,1.0,1.0,"(1, 2)",6122f332c9f0e8bb1209dc7d
133.11050929650668,26.855520400380392,1096,train,661.8197708676574,1.0,1.0,"(1, 2)",6122f332c9f0e8bb1209dc7d
133.9996036411896,25.976878695102165,1097,train,663.069770867658,1.0,1.0,"(1, 2)",6122f332c9f0e8bb1209dc7d
134.8886979858725,25.098236989823686,1098,train,664.3197708676587,1.0,1.0,"(1, 2)",6122f332c9f0e8bb1209dc7d
135.77779233055463,24.21959528454483,1099,train,665.5697708676591,1.0,1.0,"(1, 2)",6122f332c9f0e8bb1209dc7d
136.0,24.0,1100,train,665.882178193685,1.0,1.0,"(1, 2)",6122f332c9f0e8bb1209dc7d
136.0,24.0,1101,train,665.882178193685,1.0,1.0,"(1, 2)",6122f332c9f0e8bb1209dc7d
136.0,24.0,1102,train,665.882178193685,1.0,1.0,"(1, 2)",6122f332c9f0e8bb1209dc7d
136.0,24.0,1103,train,665.882178193685,1.0,1.0,"(1, 2)",6122f332c9f0e8bb1209dc7d
136.0,24.0,1104,train,665.882178193685,1.0,1.0,"(1, 2)",6122f332c9f0e8bb1209dc7d
136.0,24.0,1105,train,665.882178193685,1.0,1.0,"(1, 2)",6122f332c9f0e8bb1209dc7d
136.0,24.0,1106,train,665.882178193685,1.0,1.0,"(1, 2)",6122f332c9f0e8bb1209dc7d
136.0,24.0,1107,train,665.882178193685,1.0,1.0,"(1, 2)",6122f332c9f0e8bb1209dc7d
136.0,24.0,1108,train,665.882178193685,1.0,1.0,"(1, 2)",6122f332c9f0e8bb1209dc7d
136.0,24.0,1109,train,665.882178193685,1.0,1.0,"(1, 2)",6122f332c9f0e8bb1209dc7d
136.0,24.0,1110,train,665.882178193685,1.0,1.0,"(1, 2)",6122f332c9f0e8bb1209dc7d
136.0,24.0,1111,train,665.882178193685,1.0,1.0,"(1, 2)",6122f332c9f0e8bb1209dc7d
136.0,24.0,1112,train,665.882178193685,1.0,1.0,"(1, 2)",6122f332c9f0e8bb1209dc7d
136.0,24.0,1113,train,665.882178193685,1.0,1.0,"(1, 2)",6122f332c9f0e8bb1209dc7d
136.0,24.0,1114,train,665.882178193685,1.0,1.0,"(1, 2)",6122f332c9f0e8bb1209dc7d
136.0,24.0,1115,train,665.882178193685,1.0,1.0,"(1, 2)",6122f332c9f0e8bb1209dc7d
136.0,24.0,1116,train,665.882178193685,1.0,1.0,"(1, 2)",6122f332c9f0e8bb1209dc7d
136.0,24.0,1117,train,665.882178193685,1.0,1.0,"(1, 2)",6122f332c9f0e8bb1209dc7d
136.0,24.0,1118,train,665.882178193685,1.0,1.0,"(1, 2)",6122f332c9f0e8bb1209dc7d
136.0,24.0,1119,train,665.882178193685,1.0,1.0,"(1, 2)",6122f332c9f0e8bb1209dc7d
136.0,24.0,1120,train,665.882178193685,1.0,1.0,"(1, 2)",6122f332c9f0e8bb1209dc7d
136.0,24.0,1121,train,665.882178193685,1.0,1.0,"(1, 2)",6122f332c9f0e8bb1209dc7d
136.0,24.0,1122,train,665.882178193685,1.0,1.0,"(1, 2)",6122f332c9f0e8bb1209dc7d
136.0,24.0,1123,train,665.882178193685,1.0,1.0,"(1, 2)",6122f332c9f0e8bb1209dc7d
136.0,24.0,1124,train,665.882178193685,1.0,1.0,"(1, 2)",6122f332c9f0e8bb1209dc7d
136.0,24.0,1125,train,665.882178193685,1.0,1.0,"(1, 2)",6122f332c9f0e8bb1209dc7d
136.0,24.0,1126,train,665.882178193685,1.0,1.0,"(1, 2)",6122f332c9f0e8bb1209dc7d
136.0,24.0,1127,train,665.882178193685,1.0,1.0,"(1, 2)",6122f332c9f0e8bb1209dc7d
136.0,24.0,1128,train,665.882178193685,1.0,1.0,"(1, 2)",6122f332c9f0e8bb1209dc7d
136.0,24.0,1129,train,665.882178193685,1.0,1.0,"(1, 2)",6122f332c9f0e8bb1209dc7d
136.0,24.0,1130,train,665.882178193685,1.0,1.0,"(1, 2)",6122f332c9f0e8bb1209dc7d
136.0,24.0,1131,train,665.882178193685,1.0,1.0,"(1, 2)",6122f332c9f0e8bb1209dc7d
136.0,24.0,1132,train,665.882178193685,1.0,1.0,"(1, 2)",6122f332c9f0e8bb1209dc7d
136.0,24.0,1133,train,665.882178193685,1.0,1.0,"(1, 2)",6122f332c9f0e8bb1209dc7d
136.0,24.0,1134,train,665.882178193685,1.0,1.0,"(1, 2)",6122f332c9f0e8bb1209dc7d
136.0,24.0,1135,train,665.882178193685,1.0,1.0,"(1, 2)",6122f332c9f0e8bb1209dc7d
136.0,24.0,1136,train,665.882178193685,1.0,1.0,"(1, 2)",6122f332c9f0e8bb1209dc7d
136.0,24.0,1137,train,665.882178193685,1.0,1.0,"(1, 2)",6122f332c9f0e8bb1209dc7d
136.0,24.0,1138,train,665.882178193685,1.0,1.0,"(1, 2)",6122f332c9f0e8bb1209dc7d
136.0,24.0,1139,train,665.882178193685,1.0,1.0,"(1, 2)",6122f332c9f0e8bb1209dc7d
136.0,24.0,1140,train,665.882178193685,1.0,1.0,"(1, 2)",6122f332c9f0e8bb1209dc7d
136.0,24.0,1141,train,665.882178193685,1.0,1.0,"(1, 2)",6122f332c9f0e8bb1209dc7d
136.0,24.0,1142,train,665.882178193685,1.0,1.0,"(1, 2)",6122f332c9f0e8bb1209dc7d
136.0,24.0,1143,train,665.882178193685,1.0,1.0,"(1, 2)",6122f332c9f0e8bb1209dc7d
136.0,24.0,1144,train,665.882178193685,1.0,1.0,"(1, 2)",6122f332c9f0e8bb1209dc7d
136.0,24.0,1145,train,665.882178193685,1.0,1.0,"(1, 2)",6122f332c9f0e8bb1209dc7d
136.0,24.0,1146,train,665.882178193685,1.0,1.0,"(1, 2)",6122f332c9f0e8bb1209dc7d
136.0,24.0,1147,train,665.882178193685,1.0,1.0,"(1, 2)",6122f332c9f0e8bb1209dc7d
135.11611652351553,24.88388347648305,1148,train,667.1321781936858,1.0,1.0,"(1, 2)",6122f332c9f0e8bb1209dc7d
134.23223304703106,25.767766952966443,1149,train,668.3821781936869,1.0,1.0,"(1, 2)",6122f332c9f0e8bb1209dc7d
133.3483495705466,26.651650429449848,1150,train,669.6321781936879,1.0,1.0,"(1, 2)",6122f332c9f0e8bb1209dc7d
132.46446609406294,27.535533905933253,1151,train,670.8821781936883,1.0,1.0,"(1, 2)",6122f332c9f0e8bb1209dc7d
131.5805826175798,28.419417382416658,1152,train,672.1321781936884,1.0,1.0,"(1, 2)",6122f332c9f0e8bb1209dc7d
130.69669914109667,29.303300858900062,1153,train,673.3821781936886,1.0,1.0,"(1, 2)",6122f332c9f0e8bb1209dc7d
129.81281566461354,30.187184335383467,1154,train,674.6321781936887,1.0,1.0,"(1, 2)",6122f332c9f0e8bb1209dc7d
128.9289321881304,31.07106781186687,1155,train,675.8821781936888,1.0,1.0,"(1, 2)",6122f332c9f0e8bb1209dc7d
128.04504871164727,31.954951288350276,1156,train,677.1321781936889,1.0,1.0,"(1, 2)",6122f332c9f0e8bb1209dc7d
127.1611652351642,32.838834764833344,1157,train,678.3821781936888,1.0,1.0,"(1, 2)",6122f332c9f0e8bb1209dc7d
126.27728175868116,33.72271824131639,1158,train,679.6321781936886,1.0,1.0,"(1, 2)",6122f332c9f0e8bb1209dc7d
125.3933982821981,34.60660171779944,1159,train,680.8821781936883,1.0,1.0,"(1, 2)",6122f332c9f0e8bb1209dc7d
124.50951480571506,35.4904851942827,1160,train,682.1321781936883,1.0,1.0,"(1, 2)",6122f332c9f0e8bb1209dc7d
123.62563132923201,36.37436867076619,1161,train,683.3821781936884,1.0,1.0,"(1, 2)",6122f332c9f0e8bb1209dc7d
122.74174785274896,37.25825214724968,1162,train,684.6321781936886,1.0,1.0,"(1, 2)",6122f332c9f0e8bb1209dc7d
121.85786437626591,38.14213562373317,1163,train,685.8821781936887,1.0,1.0,"(1, 2)",6122f332c9f0e8bb1209dc7d
120.97398089978286,39.02601910021666,1164,train,687.1321781936888,1.0,1.0,"(1, 2)",6122f332c9f0e8bb1209dc7d
120.04617444130444,39.805653184688964,1165,train,688.3440586044824,1.0,1.0,"(1, 2)",6122f332c9f0e8bb1209dc7d
118.79626611486002,39.820791727745956,1166,train,689.5940586044828,1.0,1.0,"(1, 2)",6122f332c9f0e8bb1209dc7d
117.54635778841559,39.83593027080295,1167,train,690.8440586044833,1.0,1.0,"(1, 2)",6122f332c9f0e8bb1209dc7d
116.29644946197116,39.85106881385981,1168,train,692.0940586044836,1.0,1.0,"(1, 2)",6122f332c9f0e8bb1209dc7d
115.04654113552674,39.866207356916455,1169,train,693.344058604484,1.0,1.0,"(1, 2)",6122f332c9f0e8bb1209dc7d
113.79663280908231,39.8813458999731,1170,train,694.5940586044843,1.0,1.0,"(1, 2)",6122f332c9f0e8bb1209dc7d
112.54672448263788,39.896484443029735,1171,train,695.8440586044846,1.0,1.0,"(1, 2)",6122f332c9f0e8bb1209dc7d
111.29681615619346,39.91162298608638,1172,train,697.094058604485,1.0,1.0,"(1, 2)",6122f332c9f0e8bb1209dc7d
110.04690782974903,39.92676152914302,1173,train,698.3440586044853,1.0,1.0,"(1, 2)",6122f332c9f0e8bb1209dc7d
108.7969995033046,39.94190007219966,1174,train,699.5940586044857,1.0,1.0,"(1, 2)",6122f332c9f0e8bb1209dc7d
107.54709117686018,39.9570386152563,1175,train,700.844058604486,1.0,1.0,"(1, 2)",6122f332c9f0e8bb1209dc7d
106.29718285041575,39.972177158312945,1176,train,702.0940586044863,1.0,1.0,"(1, 2)",6122f332c9f0e8bb1209dc7d
105.04727452397132,39.98731570136958,1177,train,703.3440586044867,1.0,1.0,"(1, 2)",6122f332c9f0e8bb1209dc7d
103.79733686634414,39.99766893490247,1178,train,704.5940391392948,1.0,1.0,"(1, 2)",6122f332c9f0e8bb1209dc7d
102.54733687995359,39.997853385697375,1179,train,705.8440391392942,1.0,1.0,"(1, 2)",6122f332c9f0e8bb1209dc7d
101.29733689356304,39.99803783649228,1180,train,707.0940391392936,1.0,1.0,"(1, 2)",6122f332c9f0e8bb1209dc7d
100.0473369071725,39.998222287287184,1181,train,708.344039139293,1.0,1.0,"(1, 2)",6122f332c9f0e8bb1209dc7d
98.79733692078194,39.99840673808209,1182,train,709.5940391392925,1.0,1.0,"(1, 2)",6122f332c9f0e8bb1209dc7d
97.5473369343914,39.99859118887699,1183,train,710.8440391392919,1.0,1.0,"(1, 2)",6122f332c9f0e8bb1209dc7d
96.29733694800085,39.9987756396719,1184,train,712.0940391392913,1.0,1.0,"(1, 2)",6122f332c9f0e8bb1209dc7d
95.0473369616103,39.9989600904668,1185,train,713.3440391392908,1.0,1.0,"(1, 2)",6122f332c9f0e8bb1209dc7d
93.79733697521975,39.99914454126161,1186,train,714.5940391392902,1.0,1.0,"(1, 2)",6122f332c9f0e8bb1209dc7d
92.5473369888292,39.99932899205616,1187,train,715.8440391392896,1.0,1.0,"(1, 2)",6122f332c9f0e8bb1209dc7d
91.29733700243865,39.999513442850706,1188,train,717.0940391392891,1.0,1.0,"(1, 2)",6122f332c9f0e8bb1209dc7d
90.0473370160481,39.999697893645255,1189,train,718.3440391392885,1.0,1.0,"(1, 2)",6122f332c9f0e8bb1209dc7d
88.79733702965756,39.999882344439804,1190,train,719.5940391392879,1.0,1.0,"(1, 2)",6122f332c9f0e8bb1209dc7d
87.54733703619142,39.99997204937522,1191,train,720.8440391359728,1.0,1.0,"(1, 2)",6122f332c9f0e8bb1209dc7d
86.29733703619398,39.99997429659456,1192,train,722.0940391359723,1.0,1.0,"(1, 2)",6122f332c9f0e8bb1209dc7d
85.04733703619654,39.99997654381421,1193,train,723.3440391359717,1.0,1.0,"(1, 2)",6122f332c9f0e8bb1209dc7d
83.7973370361991,39.99997879103387,1194,train,724.5940391359711,1.0,1.0,"(1, 2)",6122f332c9f0e8bb1209dc7d
82.54733703620165,39.99998103825352,1195,train,725.8440391359705,1.0,1.0,"(1, 2)",6122f332c9f0e8bb1209dc7d
81.29733703620421,39.99998328547318,1196,train,727.09403913597,1.0,1.0,"(1, 2)",6122f332c9f0e8bb1209dc7d
80.04733703620677,39.99998553269283,1197,train,728.3440391359694,1.0,1.0,"(1, 2)",6122f332c9f0e8bb1209dc7d
78.79733703620933,39.99998777991249,1198,train,729.5940391359688,1.0,1.0,"(1, 2)",6122f332c9f0e8bb1209dc7d
77.54733703621189,39.99999002713214,1199,train,730.8440391359683,1.0,1.0,"(1, 2)",6122f332c9f0e8bb1209dc7d
76.29733703621444,39.9999922743518,1200,train,732.0940391359677,1.0,1.0,"(1, 2)",6122f332c9f0e8bb1209dc7d
75.047337036217,39.99999452157145,1201,train,733.3440391359671,1.0,1.0,"(1, 2)",6122f332c9f0e8bb1209dc7d
73.79733703621956,39.99999676879111,1202,train,734.5940391359666,1.0,1.0,"(1, 2)",6122f332c9f0e8bb1209dc7d
72.54733703622212,39.99999901601076,1203,train,735.844039135966,1.0,1.0,"(1, 2)",6122f332c9f0e8bb1209dc7d
71.55705250305924,40.632483413080365,1204,train,737.0190710373023,1.0,1.0,"(1, 2)",6122f332c9f0e8bb1209dc7d
70.66776842922091,41.51093309064717,1205,train,738.2690710373022,1.0,1.0,"(1, 2)",6122f332c9f0e8bb1209dc7d
69.77848435538259,42.38938276821398,1206,train,739.5190710373021,1.0,1.0,"(1, 2)",6122f332c9f0e8bb1209dc7d
68.88920028154426,43.26783244578078,1207,train,740.769071037302,1.0,1.0,"(1, 2)",6122f332c9f0e8bb1209dc7d
67.99991620770594,44.14628212334759,1208,train,742.0190710373018,1.0,1.0,"(1, 2)",6122f332c9f0e8bb1209dc7d
67.11063213386761,45.024731800914395,1209,train,743.2690710373017,1.0,1.0,"(1, 2)",6122f332c9f0e8bb1209dc7d
66.22134806002929,45.9031814784812,1210,train,744.5190710373016,1.0,1.0,"(1, 2)",6122f332c9f0e8bb1209dc7d
65.33206398619096,46.78163115604774,1211,train,745.7690710373013,1.0,1.0,"(1, 2)",6122f332c9f0e8bb1209dc7d
64.44277991235263,47.66008083361383,1212,train,747.0190710373007,1.0,1.0,"(1, 2)",6122f332c9f0e8bb1209dc7d
63.553495838513946,48.53853051117993,1213,train,748.2690710373004,1.0,1.0,"(1, 2)",6122f332c9f0e8bb1209dc7d
62.66421176467491,49.41698018874657,1214,train,749.5190710373006,1.0,1.0,"(1, 2)",6122f332c9f0e8bb1209dc7d
61.774927690835874,50.29542986631321,1215,train,750.7690710373008,1.0,1.0,"(1, 2)",6122f332c9f0e8bb1209dc7d
60.88564361699684,51.17387954387986,1216,train,752.019071037301,1.0,1.0,"(1, 2)",6122f332c9f0e8bb1209dc7d
59.9963595431578,52.05232922144651,1217,train,753.2690710373013,1.0,1.0,"(1, 2)",6122f332c9f0e8bb1209dc7d
59.107075469318765,52.93077889901316,1218,train,754.5190710373015,1.0,1.0,"(1, 2)",6122f332c9f0e8bb1209dc7d
58.21779139547973,53.809228576579805,1219,train,755.7690710373017,1.0,1.0,"(1, 2)",6122f332c9f0e8bb1209dc7d
57.32850732164069,54.687678254146455,1220,train,757.019071037302,1.0,1.0,"(1, 2)",6122f332c9f0e8bb1209dc7d
56.43922324780166,55.5661279317131,1221,train,758.2690710373022,1.0,1.0,"(1, 2)",6122f332c9f0e8bb1209dc7d
56.18789943411698,56.715740397590366,1222,train,759.4458345993763,1.0,1.0,"(1, 2)",6122f332c9f0e8bb1209dc7d
56.172533524872954,57.965645949555125,1223,train,760.695834599376,1.0,1.0,"(1, 2)",6122f332c9f0e8bb1209dc7d
56.15716761562893,59.21555150151988,1224,train,761.9458345993756,1.0,1.0,"(1, 2)",6122f332c9f0e8bb1209dc7d
56.1418017063849,60.46545705348464,1225,train,763.1958345993753,1.0,1.0,"(1, 2)",6122f332c9f0e8bb1209dc7d
56.12643579714088,61.7153626054494,1226,train,764.445834599375,1.0,1.0,"(1, 2)",6122f332c9f0e8bb1209dc7d
56.11106988789685,62.96526815741416,1227,train,765.6958345993746,1.0,1.0,"(1, 2)",6122f332c9f0e8bb1209dc7d
56.09570397865283,64.21517370937904,1228,train,766.9458345993744,1.0,1.0,"(1, 2)",6122f332c9f0e8bb1209dc7d
56.0803380694088,65.46507926134451,1229,train,768.1958345993748,1.0,1.0,"(1, 2)",6122f332c9f0e8bb1209dc7d
56.06497216016478,66.71498481330998,1230,train,769.4458345993753,1.0,1.0,"(1, 2)",6122f332c9f0e8bb1209dc7d
56.04960625092075,67.96489036527545,1231,train,770.6958345993758,1.0,1.0,"(1, 2)",6122f332c9f0e8bb1209dc7d
56.03424034167659,69.21479591724092,1232,train,771.9458345993762,1.0,1.0,"(1, 2)",6122f332c9f0e8bb1209dc7d
56.018874432432206,70.46470146920639,1233,train,773.1958345993767,1.0,1.0,"(1, 2)",6122f332c9f0e8bb1209dc7d
56.00350852318782,71.71460702117186,1234,train,774.4458345993771,1.0,1.0,"(1, 2)",6122f332c9f0e8bb1209dc7d
56.00225830311742,72.9646003966967,1235,train,775.6958286001252,1.0,1.0,"(1, 2)",6122f332c9f0e8bb1209dc7d
56.00207055427517,74.21460038259697,1236,train,776.9458286001253,1.0,1.0,"(1, 2)",6122f332c9f0e8bb1209dc7d
56.00188280543292,75.46460036849724,1237,train,778.1958286001254,1.0,1.0,"(1, 2)",6122f332c9f0e8bb1209dc7d
56.00169505659067,76.71460035439752,1238,train,779.4458286001255,1.0,1.0,"(1, 2)",6122f332c9f0e8bb1209dc7d
56.00150730774842,77.96460034029779,1239,train,780.6958286001257,1.0,1.0,"(1, 2)",6122f332c9f0e8bb1209dc7d
56.00131955890636,79.21460032619807,1240,train,781.9458286001258,1.0,1.0,"(1, 2)",6122f332c9f0e8bb1209dc7d
56.001131810064464,80.46460031209834,1241,train,783.1958286001259,1.0,1.0,"(1, 2)",6122f332c9f0e8bb1209dc7d
56.00094406122257,81.71460029799862,1242,train,784.445828600126,1.0,1.0,"(1, 2)",6122f332c9f0e8bb1209dc7d
56.00075631238067,82.96460028389889,1243,train,785.6958286001261,1.0,1.0,"(1, 2)",6122f332c9f0e8bb1209dc7d
56.00056856353878,84.21460026979916,1244,train,786.9458286001262,1.0,1.0,"(1, 2)",6122f332c9f0e8bb1209dc7d
56.00038081469688,85.46460025569944,1245,train,788.1958286001263,1.0,1.0,"(1, 2)",6122f332c9f0e8bb1209dc7d
56.00019306585499,86.71460024159971,1246,train,789.4458286001264,1.0,1.0,"(1, 2)",6122f332c9f0e8bb1209dc7d
56.0,88.0,1247,train,790.7312283730259,1.0,1.0,"(1, 2)",6122f332c9f0e8bb1209dc7d
56.0,88.0,1248,train,790.7312283730259,1.0,1.0,"(1, 2)",6122f332c9f0e8bb1209dc7d
56.0,88.0,1249,train,790.7312283730259,1.0,1.0,"(1, 2)",6122f332c9f0e8bb1209dc7d
56.0,88.0,1250,train,790.7312283730259,1.0,1.0,"(1, 2)",6122f332c9f0e8bb1209dc7d
56.0,88.0,1251,train,790.7312283730259,1.0,1.0,"(1, 2)",6122f332c9f0e8bb1209dc7d
56.0,88.0,1252,train,790.7312283730259,1.0,1.0,"(1, 2)",6122f332c9f0e8bb1209dc7d
56.0,88.0,1253,train,790.7312283730259,1.0,1.0,"(1, 2)",6122f332c9f0e8bb1209dc7d
56.0,88.0,1254,train,790.7312283730259,1.0,1.0,"(1, 2)",6122f332c9f0e8bb1209dc7d
56.0,88.0,1255,train,790.7312283730259,1.0,1.0,"(1, 2)",6122f332c9f0e8bb1209dc7d
56.0,88.0,1256,train,790.7312283730259,1.0,1.0,"(1, 2)",6122f332c9f0e8bb1209dc7d
56.0,88.0,1257,train,790.7312283730259,1.0,1.0,"(1, 2)",6122f332c9f0e8bb1209dc7d
56.0,88.0,1258,train,790.7312283730259,1.0,1.0,"(1, 2)",6122f332c9f0e8bb1209dc7d
56.0,88.0,1259,train,790.7312283730259,1.0,1.0,"(1, 2)",6122f332c9f0e8bb1209dc7d
56.0,88.0,1260,train,790.7312283730259,1.0,1.0,"(1, 2)",6122f332c9f0e8bb1209dc7d
56.0,88.0,1261,train,790.7312283730259,1.0,1.0,"(1, 2)",6122f332c9f0e8bb1209dc7d
56.0,88.0,1262,train,790.7312283730259,1.0,1.0,"(1, 2)",6122f332c9f0e8bb1209dc7d
56.0,88.0,1263,train,790.7312283730259,1.0,1.0,"(1, 2)",6122f332c9f0e8bb1209dc7d
56.0,86.74999999999972,1264,train,791.9812283730262,1.0,1.0,"(1, 2)",6122f332c9f0e8bb1209dc7d
56.0,85.49999999999943,1265,train,793.2312283730264,1.0,1.0,"(1, 2)",6122f332c9f0e8bb1209dc7d
56.0,84.24999999999915,1266,train,794.4812283730266,1.0,1.0,"(1, 2)",6122f332c9f0e8bb1209dc7d
56.0,82.99999999999886,1267,train,795.7312283730269,1.0,1.0,"(1, 2)",6122f332c9f0e8bb1209dc7d
56.0,81.74999999999858,1268,train,796.9812283730271,1.0,1.0,"(1, 2)",6122f332c9f0e8bb1209dc7d
56.0,80.4999999999983,1269,train,798.2312283730273,1.0,1.0,"(1, 2)",6122f332c9f0e8bb1209dc7d
56.0,79.24999999999801,1270,train,799.4812283730275,1.0,1.0,"(1, 2)",6122f332c9f0e8bb1209dc7d
56.0,77.99999999999773,1271,train,800.7312283730278,1.0,1.0,"(1, 2)",6122f332c9f0e8bb1209dc7d
56.0,76.74999999999744,1272,train,801.981228373028,1.0,1.0,"(1, 2)",6122f332c9f0e8bb1209dc7d
56.0,75.49999999999716,1273,train,803.2312283730282,1.0,1.0,"(1, 2)",6122f332c9f0e8bb1209dc7d
56.0,74.24999999999687,1274,train,804.4812283730284,1.0,1.0,"(1, 2)",6122f332c9f0e8bb1209dc7d
56.0,72.99999999999659,1275,train,805.7312283730287,1.0,1.0,"(1, 2)",6122f332c9f0e8bb1209dc7d
56.0,71.7499999999963,1276,train,806.9812283730289,1.0,1.0,"(1, 2)",6122f332c9f0e8bb1209dc7d
56.0,70.49999999999602,1277,train,808.2312283730291,1.0,1.0,"(1, 2)",6122f332c9f0e8bb1209dc7d
56.0,69.24999999999574,1278,train,809.4812283730294,1.0,1.0,"(1, 2)",6122f332c9f0e8bb1209dc7d
56.0,67.99999999999545,1279,train,810.7312283730296,1.0,1.0,"(1, 2)",6122f332c9f0e8bb1209dc7d
56.0,66.74999999999517,1280,train,811.9812283730298,1.0,1.0,"(1, 2)",6122f332c9f0e8bb1209dc7d
56.0,65.49999999999488,1281,train,813.23122837303,1.0,1.0,"(1, 2)",6122f332c9f0e8bb1209dc7d
56.0,64.2499999999946,1282,train,814.4812283730303,1.0,1.0,"(1, 2)",6122f332c9f0e8bb1209dc7d
56.0,62.999999999994316,1283,train,815.7312283730305,1.0,1.0,"(1, 2)",6122f332c9f0e8bb1209dc7d
56.0,61.74999999999403,1284,train,816.9812283730307,1.0,1.0,"(1, 2)",6122f332c9f0e8bb1209dc7d
56.0,60.49999999999375,1285,train,818.231228373031,1.0,1.0,"(1, 2)",6122f332c9f0e8bb1209dc7d
56.0,59.24999999999346,1286,train,819.4812283730312,1.0,1.0,"(1, 2)",6122f332c9f0e8bb1209dc7d
56.0,57.99999999999318,1287,train,820.7312283730314,1.0,1.0,"(1, 2)",6122f332c9f0e8bb1209dc7d
56.0,56.749999999992895,1288,train,821.9812283730316,1.0,1.0,"(1, 2)",6122f332c9f0e8bb1209dc7d
56.49189088134284,55.70196048263347,1289,train,823.1389604098584,1.0,1.0,"(1, 2)",6122f332c9f0e8bb1209dc7d
57.37026745516934,54.81260420163471,1290,train,824.3889604098581,1.0,1.0,"(1, 2)",6122f332c9f0e8bb1209dc7d
58.24864402899584,53.92324792063596,1291,train,825.6389604098578,1.0,1.0,"(1, 2)",6122f332c9f0e8bb1209dc7d
59.12702060282234,53.033891639637005,1292,train,826.8889604098575,1.0,1.0,"(1, 2)",6122f332c9f0e8bb1209dc7d
60.00539717664884,52.14453535863804,1293,train,828.1389604098573,1.0,1.0,"(1, 2)",6122f332c9f0e8bb1209dc7d
60.88377375047534,51.25517907763907,1294,train,829.3889604098571,1.0,1.0,"(1, 2)",6122f332c9f0e8bb1209dc7d
61.76215032430184,50.36582279664011,1295,train,830.6389604098568,1.0,1.0,"(1, 2)",6122f332c9f0e8bb1209dc7d
62.64052689812834,49.47646651564114,1296,train,831.8889604098566,1.0,1.0,"(1, 2)",6122f332c9f0e8bb1209dc7d
63.51890347195484,48.587110234642175,1297,train,833.1389604098564,1.0,1.0,"(1, 2)",6122f332c9f0e8bb1209dc7d
64.39728004578167,47.69775395364299,1298,train,834.3889604098566,1.0,1.0,"(1, 2)",6122f332c9f0e8bb1209dc7d
65.27565661960888,46.80839767264352,1299,train,835.6389604098573,1.0,1.0,"(1, 2)",6122f332c9f0e8bb1209dc7d
66.15403319343609,45.91904139164406,1300,train,836.888960409858,1.0,1.0,"(1, 2)",6122f332c9f0e8bb1209dc7d
67.0324097672633,45.02968511064459,1301,train,838.1389604098587,1.0,1.0,"(1, 2)",6122f332c9f0e8bb1209dc7d
67.91078634109051,44.14032882964513,1302,train,839.3889604098594,1.0,1.0,"(1, 2)",6122f332c9f0e8bb1209dc7d
68.78916291491757,43.25097254864566,1303,train,840.6389604098599,1.0,1.0,"(1, 2)",6122f332c9f0e8bb1209dc7d
69.66753948874428,42.3616162676462,1304,train,841.8889604098603,1.0,1.0,"(1, 2)",6122f332c9f0e8bb1209dc7d
70.545916062571,41.47225998664673,1305,train,843.1389604098606,1.0,1.0,"(1, 2)",6122f332c9f0e8bb1209dc7d
71.42429263639771,40.58290370564727,1306,train,844.3889604098609,1.0,1.0,"(1, 2)",6122f332c9f0e8bb1209dc7d
72.51072931689528,40.183303562356784,1307,train,845.5465548704767,1.0,1.0,"(1, 2)",6122f332c9f0e8bb1209dc7d
73.7606417954914,40.168511812980505,1308,train,846.7965548704767,1.0,1.0,"(1, 2)",6122f332c9f0e8bb1209dc7d
75.01055427408751,40.153720063604574,1309,train,848.0465548704767,1.0,1.0,"(1, 2)",6122f332c9f0e8bb1209dc7d
76.26046675268363,40.13892831422864,1310,train,849.2965548704767,1.0,1.0,"(1, 2)",6122f332c9f0e8bb1209dc7d
77.51037923127974,40.12413656485271,1311,train,850.5465548704767,1.0,1.0,"(1, 2)",6122f332c9f0e8bb1209dc7d
78.76029170987586,40.10934481547678,1312,train,851.7965548704767,1.0,1.0,"(1, 2)",6122f332c9f0e8bb1209dc7d
80.01020418847197,40.09455306610085,1313,train,853.0465548704767,1.0,1.0,"(1, 2)",6122f332c9f0e8bb1209dc7d
81.26011666706809,40.07976131672493,1314,train,854.2965548704767,1.0,1.0,"(1, 2)",6122f332c9f0e8bb1209dc7d
82.5100291456642,40.064969567348996,1315,train,855.5465548704767,1.0,1.0,"(1, 2)",6122f332c9f0e8bb1209dc7d
83.75994162426032,40.050177817973065,1316,train,856.7965548704767,1.0,1.0,"(1, 2)",6122f332c9f0e8bb1209dc7d
85.00985410285644,40.035386068597134,1317,train,858.0465548704767,1.0,1.0,"(1, 2)",6122f332c9f0e8bb1209dc7d
86.25976658145255,40.0205943192212,1318,train,859.2965548704767,1.0,1.0,"(1, 2)",6122f332c9f0e8bb1209dc7d
87.50967906004867,40.00580256984527,1319,train,860.5465548704767,1.0,1.0,"(1, 2)",6122f332c9f0e8bb1209dc7d
88.7596580457177,40.00212037721674,1320,train,861.7965392796422,1.0,1.0,"(1, 2)",6122f332c9f0e8bb1209dc7d
90.00965803362028,40.001946465666336,1321,train,863.0465392796428,1.0,1.0,"(1, 2)",6122f332c9f0e8bb1209dc7d
91.25965802152287,40.00177255411593,1322,train,864.2965392796435,1.0,1.0,"(1, 2)",6122f332c9f0e8bb1209dc7d
92.50965800942545,40.001598642565526,1323,train,865.5465392796442,1.0,1.0,"(1, 2)",6122f332c9f0e8bb1209dc7d
93.75965799732803,40.00142473101512,1324,train,866.7965392796449,1.0,1.0,"(1, 2)",6122f332c9f0e8bb1209dc7d
95.00965798523062,40.001250819464715,1325,train,868.0465392796456,1.0,1.0,"(1, 2)",6122f332c9f0e8bb1209dc7d
96.2596579731332,40.00107690791431,1326,train,869.2965392796463,1.0,1.0,"(1, 2)",6122f332c9f0e8bb1209dc7d
97.50965796103578,40.00090299636422,1327,train,870.5465392796469,1.0,1.0,"(1, 2)",6122f332c9f0e8bb1209dc7d
98.75965794893837,40.00072908481417,1328,train,871.7965392796476,1.0,1.0,"(1, 2)",6122f332c9f0e8bb1209dc7d
100.00965793684095,40.00055517326412,1329,train,873.0465392796483,1.0,1.0,"(1, 2)",6122f332c9f0e8bb1209dc7d
101.25965792474354,40.00038126171407,1330,train,874.296539279649,1.0,1.0,"(1, 2)",6122f332c9f0e8bb1209dc7d
102.50965791264612,40.00020735016402,1331,train,875.5465392796497,1.0,1.0,"(1, 2)",6122f332c9f0e8bb1209dc7d
103.7596579005487,40.00003343861397,1332,train,876.7965392796503,1.0,1.0,"(1, 2)",6122f332c9f0e8bb1209dc7d
105.00965790006371,40.00002451934121,1333,train,878.0465392791972,1.0,1.0,"(1, 2)",6122f332c9f0e8bb1209dc7d
106.25965790006258,40.000022474746636,1334,train,879.2965392791978,1.0,1.0,"(1, 2)",6122f332c9f0e8bb1209dc7d
107.50965790006144,40.00002043015174,1335,train,880.5465392791983,1.0,1.0,"(1, 2)",6122f332c9f0e8bb1209dc7d
108.7596579000603,40.00001838555685,1336,train,881.7965392791989,1.0,1.0,"(1, 2)",6122f332c9f0e8bb1209dc7d
110.00965790005917,40.000016340961956,1337,train,883.0465392791995,1.0,1.0,"(1, 2)",6122f332c9f0e8bb1209dc7d
111.25965790005803,40.00001429636706,1338,train,884.2965392792,1.0,1.0,"(1, 2)",6122f332c9f0e8bb1209dc7d
112.5096579000569,40.00001225177217,1339,train,885.5465392792006,1.0,1.0,"(1, 2)",6122f332c9f0e8bb1209dc7d
113.75965790005576,40.000010207177276,1340,train,886.7965392792012,1.0,1.0,"(1, 2)",6122f332c9f0e8bb1209dc7d
115.00965790005462,40.00000816258238,1341,train,888.0465392792017,1.0,1.0,"(1, 2)",6122f332c9f0e8bb1209dc7d
116.25965790005348,40.00000611798749,1342,train,889.2965392792023,1.0,1.0,"(1, 2)",6122f332c9f0e8bb1209dc7d
117.50965790005235,40.000004073392596,1343,train,890.5465392792029,1.0,1.0,"(1, 2)",6122f332c9f0e8bb1209dc7d
118.75965790005121,40.0000020287977,1344,train,891.7965392792034,1.0,1.0,"(1, 2)",6122f332c9f0e8bb1209dc7d
119.95191299519952,39.85941763849359,1345,train,892.9970542448345,1.0,1.0,"(1, 2)",6122f332c9f0e8bb1209dc7d
120.84100733988244,38.98077593321607,1346,train,894.2470542448345,1.0,1.0,"(1, 2)",6122f332c9f0e8bb1209dc7d
121.73010168456535,38.102134227938556,1347,train,895.4970542448345,1.0,1.0,"(1, 2)",6122f332c9f0e8bb1209dc7d
122.61919602924827,37.22349252266104,1348,train,896.7470542448345,1.0,1.0,"(1, 2)",6122f332c9f0e8bb1209dc7d
123.50829037393119,36.344850817383524,1349,train,897.9970542448345,1.0,1.0,"(1, 2)",6122f332c9f0e8bb1209dc7d
124.3973847186141,35.46620911210566,1350,train,899.2470542448349,1.0,1.0,"(1, 2)",6122f332c9f0e8bb1209dc7d
125.28647906329702,34.58756740682743,1351,train,900.4970542448355,1.0,1.0,"(1, 2)",6122f332c9f0e8bb1209dc7d
126.17557340797994,33.708925701549205,1352,train,901.747054244836,1.0,1.0,"(1, 2)",6122f332c9f0e8bb1209dc7d
127.06466775266286,32.83028399627098,1353,train,902.9970542448366,1.0,1.0,"(1, 2)",6122f332c9f0e8bb1209dc7d
127.95376209734577,31.951642290992773,1354,train,904.2470542448372,1.0,1.0,"(1, 2)",6122f332c9f0e8bb1209dc7d
128.84285644202868,31.0730005857149,1355,train,905.4970542448375,1.0,1.0,"(1, 2)",6122f332c9f0e8bb1209dc7d
129.7319507867116,30.19435888043703,1356,train,906.7470542448378,1.0,1.0,"(1, 2)",6122f332c9f0e8bb1209dc7d
130.6210451313945,29.315717175159158,1357,train,907.9970542448382,1.0,1.0,"(1, 2)",6122f332c9f0e8bb1209dc7d
131.51013947607743,28.4370754698812,1358,train,909.2470542448385,1.0,1.0,"(1, 2)",6122f332c9f0e8bb1209dc7d
132.39923382076034,27.558433764602974,1359,train,910.4970542448391,1.0,1.0,"(1, 2)",6122f332c9f0e8bb1209dc7d
133.28832816544326,26.679792059324747,1360,train,911.7470542448397,1.0,1.0,"(1, 2)",6122f332c9f0e8bb1209dc7d
134.17742251012618,25.80115035404652,1361,train,912.9970542448402,1.0,1.0,"(1, 2)",6122f332c9f0e8bb1209dc7d
135.0665168548091,24.92250864876797,1362,train,914.247054244841,1.0,1.0,"(1, 2)",6122f332c9f0e8bb1209dc7d
136.0,24.0,1363,train,915.5594615708673,1.0,1.0,"(1, 2)",6122f332c9f0e8bb1209dc7d
134.75000000000114,24.0,1364,train,916.8094615708661,1.0,1.0,"(1, 2)",6122f332c9f0e8bb1209dc7d
133.50000000000227,24.0,1365,train,918.059461570865,1.0,1.0,"(1, 2)",6122f332c9f0e8bb1209dc7d
132.2500000000034,24.0,1366,train,919.3094615708638,1.0,1.0,"(1, 2)",6122f332c9f0e8bb1209dc7d
131.00000000000455,24.0,1367,train,920.5594615708627,1.0,1.0,"(1, 2)",6122f332c9f0e8bb1209dc7d
129.75000000000568,24.0,1368,train,921.8094615708616,1.0,1.0,"(1, 2)",6122f332c9f0e8bb1209dc7d
128.50000000000682,24.0,1369,train,923.0594615708604,1.0,1.0,"(1, 2)",6122f332c9f0e8bb1209dc7d
127.2500000000071,24.0,1370,train,924.3094615708601,1.0,1.0,"(1, 2)",6122f332c9f0e8bb1209dc7d
126.00000000000682,24.0,1371,train,925.5594615708603,1.0,1.0,"(1, 2)",6122f332c9f0e8bb1209dc7d
124.75000000000654,24.0,1372,train,926.8094615708605,1.0,1.0,"(1, 2)",6122f332c9f0e8bb1209dc7d
123.50000000000625,24.0,1373,train,928.0594615708608,1.0,1.0,"(1, 2)",6122f332c9f0e8bb1209dc7d
122.25000000000597,24.0,1374,train,929.309461570861,1.0,1.0,"(1, 2)",6122f332c9f0e8bb1209dc7d
121.00000000000568,24.0,1375,train,930.5594615708612,1.0,1.0,"(1, 2)",6122f332c9f0e8bb1209dc7d
119.7500000000054,24.0,1376,train,931.8094615708615,1.0,1.0,"(1, 2)",6122f332c9f0e8bb1209dc7d
118.50000000000512,24.0,1377,train,933.0594615708617,1.0,1.0,"(1, 2)",6122f332c9f0e8bb1209dc7d
117.25000000000483,24.0,1378,train,934.3094615708619,1.0,1.0,"(1, 2)",6122f332c9f0e8bb1209dc7d
116.00000000000455,24.0,1379,train,935.5594615708621,1.0,1.0,"(1, 2)",6122f332c9f0e8bb1209dc7d
114.75000000000426,24.0,1380,train,936.8094615708624,1.0,1.0,"(1, 2)",6122f332c9f0e8bb1209dc7d
113.50000000000398,24.0,1381,train,938.0594615708626,1.0,1.0,"(1, 2)",6122f332c9f0e8bb1209dc7d
112.2500000000037,24.0,1382,train,939.3094615708628,1.0,1.0,"(1, 2)",6122f332c9f0e8bb1209dc7d
111.00000000000341,24.0,1383,train,940.559461570863,1.0,1.0,"(1, 2)",6122f332c9f0e8bb1209dc7d
109.75000000000313,24.0,1384,train,941.8094615708633,1.0,1.0,"(1, 2)",6122f332c9f0e8bb1209dc7d
108.50000000000284,24.0,1385,train,943.0594615708635,1.0,1.0,"(1, 2)",6122f332c9f0e8bb1209dc7d
107.25000000000256,24.0,1386,train,944.3094615708637,1.0,1.0,"(1, 2)",6122f332c9f0e8bb1209dc7d
106.00000000000227,24.0,1387,train,945.559461570864,1.0,1.0,"(1, 2)",6122f332c9f0e8bb1209dc7d
104.75000000000199,24.0,1388,train,946.8094615708642,1.0,1.0,"(1, 2)",6122f332c9f0e8bb1209dc7d
103.5000000000017,24.0,1389,train,948.0594615708644,1.0,1.0,"(1, 2)",6122f332c9f0e8bb1209dc7d
102.25000000000142,24.0,1390,train,949.3094615708646,1.0,1.0,"(1, 2)",6122f332c9f0e8bb1209dc7d
101.00000000000114,24.0,1391,train,950.5594615708649,1.0,1.0,"(1, 2)",6122f332c9f0e8bb1209dc7d
99.75000000000085,24.0,1392,train,951.8094615708651,1.0,1.0,"(1, 2)",6122f332c9f0e8bb1209dc7d
98.50000000000057,24.0,1393,train,953.0594615708653,1.0,1.0,"(1, 2)",6122f332c9f0e8bb1209dc7d
97.25000000000028,24.0,1394,train,954.3094615708656,1.0,1.0,"(1, 2)",6122f332c9f0e8bb1209dc7d
96.0,24.0,1395,train,955.5594615708658,1.0,1.0,"(1, 2)",6122f332c9f0e8bb1209dc7d
94.74999999999972,24.0,1396,train,956.809461570866,1.0,1.0,"(1, 2)",6122f332c9f0e8bb1209dc7d
93.49999999999943,24.0,1397,train,958.0594615708662,1.0,1.0,"(1, 2)",6122f332c9f0e8bb1209dc7d
92.24999999999915,24.0,1398,train,959.3094615708665,1.0,1.0,"(1, 2)",6122f332c9f0e8bb1209dc7d
90.99999999999886,24.0,1399,train,960.5594615708667,1.0,1.0,"(1, 2)",6122f332c9f0e8bb1209dc7d
89.74999999999858,24.0,1400,train,961.8094615708669,1.0,1.0,"(1, 2)",6122f332c9f0e8bb1209dc7d
88.4999999999983,24.0,1401,train,963.0594615708671,1.0,1.0,"(1, 2)",6122f332c9f0e8bb1209dc7d
87.24999999999801,24.0,1402,train,964.3094615708674,1.0,1.0,"(1, 2)",6122f332c9f0e8bb1209dc7d
85.99999999999773,24.0,1403,train,965.5594615708676,1.0,1.0,"(1, 2)",6122f332c9f0e8bb1209dc7d
84.74999999999744,24.0,1404,train,966.8094615708678,1.0,1.0,"(1, 2)",6122f332c9f0e8bb1209dc7d
83.49999999999716,24.0,1405,train,968.059461570868,1.0,1.0,"(1, 2)",6122f332c9f0e8bb1209dc7d
82.24999999999687,24.0,1406,train,969.3094615708683,1.0,1.0,"(1, 2)",6122f332c9f0e8bb1209dc7d
80.99999999999659,24.0,1407,train,970.5594615708685,1.0,1.0,"(1, 2)",6122f332c9f0e8bb1209dc7d
79.7499999999963,24.0,1408,train,971.8094615708687,1.0,1.0,"(1, 2)",6122f332c9f0e8bb1209dc7d
78.49999999999602,24.0,1409,train,973.059461570869,1.0,1.0,"(1, 2)",6122f332c9f0e8bb1209dc7d
77.24999999999574,24.0,1410,train,974.3094615708692,1.0,1.0,"(1, 2)",6122f332c9f0e8bb1209dc7d
75.99999999999545,24.0,1411,train,975.5594615708694,1.0,1.0,"(1, 2)",6122f332c9f0e8bb1209dc7d
74.74999999999517,24.0,1412,train,976.8094615708696,1.0,1.0,"(1, 2)",6122f332c9f0e8bb1209dc7d
73.49999999999488,24.0,1413,train,978.0594615708699,1.0,1.0,"(1, 2)",6122f332c9f0e8bb1209dc7d
72.2499999999946,24.0,1414,train,979.3094615708701,1.0,1.0,"(1, 2)",6122f332c9f0e8bb1209dc7d
71.34621797023578,24.84324151087344,1415,train,980.5455352753777,1.0,1.0,"(1, 2)",6122f332c9f0e8bb1209dc7d
70.45686168923703,25.72161808469994,1416,train,981.7955352753773,1.0,1.0,"(1, 2)",6122f332c9f0e8bb1209dc7d
71.70088561603728,25.599534221924728,1417,train,983.045535275378,1.0,1.0,"(1, 2)",6122f332c9f0e8bb1209dc7d
72.94490954283754,25.477450359149515,1418,train,984.2955352753787,1.0,1.0,"(1, 2)",6122f332c9f0e8bb1209dc7d
74.18893346963779,25.3553664963743,1419,train,985.5455352753794,1.0,1.0,"(1, 2)",6122f332c9f0e8bb1209dc7d
75.43295739643804,25.23328263359909,1420,train,986.7955352753801,1.0,1.0,"(1, 2)",6122f332c9f0e8bb1209dc7d
76.6769813232383,25.111198770823876,1421,train,988.0455352753808,1.0,1.0,"(1, 2)",6122f332c9f0e8bb1209dc7d
77.92100525003855,24.989114908048663,1422,train,989.2955352753814,1.0,1.0,"(1, 2)",6122f332c9f0e8bb1209dc7d
79.1650291768388,24.86703104527345,1423,train,990.5455352753821,1.0,1.0,"(1, 2)",6122f332c9f0e8bb1209dc7d
80.40905310363905,24.744947182498237,1424,train,991.7955352753828,1.0,1.0,"(1, 2)",6122f332c9f0e8bb1209dc7d
81.6530770304393,24.622863319723024,1425,train,993.0455352753835,1.0,1.0,"(1, 2)",6122f332c9f0e8bb1209dc7d
82.89710095723956,24.50077945694781,1426,train,994.2955352753842,1.0,1.0,"(1, 2)",6122f332c9f0e8bb1209dc7d
84.14112488403981,24.378695594172566,1427,train,995.5455352753849,1.0,1.0,"(1, 2)",6122f332c9f0e8bb1209dc7d
85.38514881084006,24.256611731397108,1428,train,996.7955352753855,1.0,1.0,"(1, 2)",6122f332c9f0e8bb1209dc7d
86.62917273764032,24.134527868621653,1429,train,998.0455352753862,1.0,1.0,"(1, 2)",6122f332c9f0e8bb1209dc7d
87.87349542707895,24.018476591019613,1430,train,999.2952579864245,1.0,1.0,"(1, 2)",6122f332c9f0e8bb1209dc7d
89.1234946066468,24.017044431712556,1431,train,1000.5452579864248,1.0,1.0,"(1, 2)",6122f332c9f0e8bb1209dc7d
90.37349378621465,24.015612272405498,1432,train,1001.795257986425,1.0,1.0,"(1, 2)",6122f332c9f0e8bb1209dc7d
91.6234929657825,24.01418011309844,1433,train,1003.0452579864252,1.0,1.0,"(1, 2)",6122f332c9f0e8bb1209dc7d
92.87349214535035,24.012747953791383,1434,train,1004.2952579864254,1.0,1.0,"(1, 2)",6122f332c9f0e8bb1209dc7d
94.1234913249182,24.011315794484325,1435,train,1005.5452579864257,1.0,1.0,"(1, 2)",6122f332c9f0e8bb1209dc7d
95.37349050448606,24.009883635177268,1436,train,1006.7952579864259,1.0,1.0,"(1, 2)",6122f332c9f0e8bb1209dc7d
96.62348968405391,24.00845147587021,1437,train,1008.0452579864261,1.0,1.0,"(1, 2)",6122f332c9f0e8bb1209dc7d
97.87348886362176,24.007019316562975,1438,train,1009.2952579864263,1.0,1.0,"(1, 2)",6122f332c9f0e8bb1209dc7d
99.12348804318961,24.00558715725574,1439,train,1010.5452579864266,1.0,1.0,"(1, 2)",6122f332c9f0e8bb1209dc7d
100.37348722275746,24.004154997948504,1440,train,1011.7952579864268,1.0,1.0,"(1, 2)",6122f332c9f0e8bb1209dc7d
101.62348640232531,24.00272283864127,1441,train,1013.045257986427,1.0,1.0,"(1, 2)",6122f332c9f0e8bb1209dc7d
102.87348558189316,24.001290679334033,1442,train,1014.2952579864273,1.0,1.0,"(1, 2)",6122f332c9f0e8bb1209dc7d
104.12348496654106,24.0002123795527,1443,train,1015.5452578361675,1.0,1.0,"(1, 2)",6122f332c9f0e8bb1209dc7d
105.37348496642907,24.000195658349078,1444,train,1016.7952578361674,1.0,1.0,"(1, 2)",6122f332c9f0e8bb1209dc7d
106.6234849663171,24.000178937145456,1445,train,1018.0452578361673,1.0,1.0,"(1, 2)",6122f332c9f0e8bb1209dc7d
107.87348496620511,24.000162215941835,1446,train,1019.2952578361671,1.0,1.0,"(1, 2)",6122f332c9f0e8bb1209dc7d
109.12348496609313,24.000145494738213,1447,train,1020.545257836167,1.0,1.0,"(1, 2)",6122f332c9f0e8bb1209dc7d
110.37348496598115,24.00012877353459,1448,train,1021.7952578361669,1.0,1.0,"(1, 2)",6122f332c9f0e8bb1209dc7d
111.62348496586917,24.00011205233097,1449,train,1023.0452578361668,1.0,1.0,"(1, 2)",6122f332c9f0e8bb1209dc7d
112.87348496575719,24.000095331127348,1450,train,1024.2952578361667,1.0,1.0,"(1, 2)",6122f332c9f0e8bb1209dc7d
114.1234849656452,24.000078609923726,1451,train,1025.5452578361665,1.0,1.0,"(1, 2)",6122f332c9f0e8bb1209dc7d
115.37348496553322,24.000061888720104,1452,train,1026.7952578361662,1.0,1.0,"(1, 2)",6122f332c9f0e8bb1209dc7d
116.62348496552782,24.000058138163972,1453,train,1028.0452578361665,1.0,1.0,"(1, 2)",6122f332c9f0e8bb1209dc7d
117.87348496552242,24.00005438760784,1454,train,1029.2952578361667,1.0,1.0,"(1, 2)",6122f332c9f0e8bb1209dc7d
119.12348496551702,24.000050637051707,1455,train,1030.545257836167,1.0,1.0,"(1, 2)",6122f332c9f0e8bb1209dc7d
120.37348496551162,24.000046886495575,1456,train,1031.7952578361671,1.0,1.0,"(1, 2)",6122f332c9f0e8bb1209dc7d
121.62348496550622,24.000043135939443,1457,train,1033.0452578361674,1.0,1.0,"(1, 2)",6122f332c9f0e8bb1209dc7d
122.87348496550082,24.00003938538331,1458,train,1034.2952578361676,1.0,1.0,"(1, 2)",6122f332c9f0e8bb1209dc7d
124.12348496549542,24.00003563482735,1459,train,1035.5452578361678,1.0,1.0,"(1, 2)",6122f332c9f0e8bb1209dc7d
125.37348496549002,24.000031884271394,1460,train,1036.795257836168,1.0,1.0,"(1, 2)",6122f332c9f0e8bb1209dc7d
126.62348496548462,24.00002813371544,1461,train,1038.0452578361683,1.0,1.0,"(1, 2)",6122f332c9f0e8bb1209dc7d
127.87348496547922,24.000024383159484,1462,train,1039.2952578361685,1.0,1.0,"(1, 2)",6122f332c9f0e8bb1209dc7d
129.12348496547256,24.00002063260353,1463,train,1040.5452578361674,1.0,1.0,"(1, 2)",6122f332c9f0e8bb1209dc7d
130.37348496546574,24.000016882047575,1464,train,1041.7952578361662,1.0,1.0,"(1, 2)",6122f332c9f0e8bb1209dc7d
131.6234849654589,24.00001313149162,1465,train,1043.045257836165,1.0,1.0,"(1, 2)",6122f332c9f0e8bb1209dc7d
132.8734849654521,24.000009380935666,1466,train,1044.295257836164,1.0,1.0,"(1, 2)",6122f332c9f0e8bb1209dc7d
134.12348496544527,24.00000563037971,1467,train,1045.5452578361628,1.0,1.0,"(1, 2)",6122f332c9f0e8bb1209dc7d
135.37348496543845,24.000001879823756,1468,train,1046.7952578361617,1.0,1.0,"(1, 2)",6122f332c9f0e8bb1209dc7d
136.0,24.0,1469,train,1047.421772870726,1.0,1.0,"(1, 2)",6122f332c9f0e8bb1209dc7d
136.0,24.0,1470,train,1047.421772870726,1.0,1.0,"(1, 2)",6122f332c9f0e8bb1209dc7d
136.0,24.0,1471,train,1047.421772870726,1.0,1.0,"(1, 2)",6122f332c9f0e8bb1209dc7d
136.0,24.0,1472,train,1047.421772870726,1.0,1.0,"(1, 2)",6122f332c9f0e8bb1209dc7d
136.0,24.0,1473,train,1047.421772870726,1.0,1.0,"(1, 2)",6122f332c9f0e8bb1209dc7d
136.0,24.0,1474,train,1047.421772870726,1.0,1.0,"(1, 2)",6122f332c9f0e8bb1209dc7d
136.0,24.0,1475,train,1047.421772870726,1.0,1.0,"(1, 2)",6122f332c9f0e8bb1209dc7d
136.0,24.0,1476,train,1047.421772870726,1.0,1.0,"(1, 2)",6122f332c9f0e8bb1209dc7d
136.0,24.0,1477,train,1047.421772870726,1.0,1.0,"(1, 2)",6122f332c9f0e8bb1209dc7d
136.0,24.0,1478,train,1047.421772870726,1.0,1.0,"(1, 2)",6122f332c9f0e8bb1209dc7d
136.0,24.0,1479,train,1047.421772870726,1.0,1.0,"(1, 2)",6122f332c9f0e8bb1209dc7d
136.0,24.0,1480,train,1047.421772870726,1.0,1.0,"(1, 2)",6122f332c9f0e8bb1209dc7d
136.0,24.0,1481,train,1047.421772870726,1.0,1.0,"(1, 2)",6122f332c9f0e8bb1209dc7d
136.0,24.0,1482,train,1047.421772870726,1.0,1.0,"(1, 2)",6122f332c9f0e8bb1209dc7d
136.0,24.0,1483,train,1047.421772870726,1.0,1.0,"(1, 2)",6122f332c9f0e8bb1209dc7d
136.0,24.0,1484,train,1047.421772870726,1.0,1.0,"(1, 2)",6122f332c9f0e8bb1209dc7d
136.0,24.0,1485,train,1047.421772870726,1.0,1.0,"(1, 2)",6122f332c9f0e8bb1209dc7d
136.0,24.0,1486,train,1047.421772870726,1.0,1.0,"(1, 2)",6122f332c9f0e8bb1209dc7d
136.0,24.0,1487,train,1047.421772870726,1.0,1.0,"(1, 2)",6122f332c9f0e8bb1209dc7d
136.0,24.0,1488,train,1047.421772870726,1.0,1.0,"(1, 2)",6122f332c9f0e8bb1209dc7d
136.0,24.0,1489,train,1047.421772870726,1.0,1.0,"(1, 2)",6122f332c9f0e8bb1209dc7d
136.0,24.0,1490,train,1047.421772870726,1.0,1.0,"(1, 2)",6122f332c9f0e8bb1209dc7d
136.0,24.0,1491,train,1047.421772870726,1.0,1.0,"(1, 2)",6122f332c9f0e8bb1209dc7d
136.0,24.0,1492,train,1047.421772870726,1.0,1.0,"(1, 2)",6122f332c9f0e8bb1209dc7d
136.0,24.0,1493,train,1047.421772870726,1.0,1.0,"(1, 2)",6122f332c9f0e8bb1209dc7d
136.0,24.0,1494,train,1047.421772870726,1.0,1.0,"(1, 2)",6122f332c9f0e8bb1209dc7d
136.0,24.0,1495,train,1047.421772870726,1.0,1.0,"(1, 2)",6122f332c9f0e8bb1209dc7d
136.0,24.0,1496,train,1047.421772870726,1.0,1.0,"(1, 2)",6122f332c9f0e8bb1209dc7d
136.0,24.0,1497,train,1047.421772870726,1.0,1.0,"(1, 2)",6122f332c9f0e8bb1209dc7d
136.0,24.0,1498,train,1047.421772870726,1.0,1.0,"(1, 2)",6122f332c9f0e8bb1209dc7d
136.0,24.0,1499,train,1047.421772870726,1.0,1.0,"(1, 2)",6122f332c9f0e8bb1209dc7d
136.0,24.0,1500,train,1047.421772870726,1.0,1.0,"(1, 2)",6122f332c9f0e8bb1209dc7d
136.0,24.0,1501,train,1047.421772870726,1.0,1.0,"(1, 2)",6122f332c9f0e8bb1209dc7d
136.0,24.0,1502,train,1047.421772870726,1.0,1.0,"(1, 2)",6122f332c9f0e8bb1209dc7d
136.0,24.0,1503,train,1047.421772870726,1.0,1.0,"(1, 2)",6122f332c9f0e8bb1209dc7d
136.0,24.0,1504,train,1047.421772870726,1.0,1.0,"(1, 2)",6122f332c9f0e8bb1209dc7d
136.0,24.0,1505,train,1047.421772870726,1.0,1.0,"(1, 2)",6122f332c9f0e8bb1209dc7d
136.0,24.0,1506,train,1047.421772870726,1.0,1.0,"(1, 2)",6122f332c9f0e8bb1209dc7d
136.0,24.0,1507,train,1047.421772870726,1.0,1.0,"(1, 2)",6122f332c9f0e8bb1209dc7d
136.0,24.0,1508,train,1047.421772870726,1.0,1.0,"(1, 2)",6122f332c9f0e8bb1209dc7d
136.0,24.0,1509,train,1047.421772870726,1.0,1.0,"(1, 2)",6122f332c9f0e8bb1209dc7d
136.0,24.0,1510,train,1047.421772870726,1.0,1.0,"(1, 2)",6122f332c9f0e8bb1209dc7d
136.0,24.0,1511,train,1047.421772870726,1.0,1.0,"(1, 2)",6122f332c9f0e8bb1209dc7d
136.0,24.0,1512,train,1047.421772870726,1.0,1.0,"(1, 2)",6122f332c9f0e8bb1209dc7d
136.0,24.0,1513,train,1047.421772870726,1.0,1.0,"(1, 2)",6122f332c9f0e8bb1209dc7d
136.0,24.0,1514,train,1047.421772870726,1.0,1.0,"(1, 2)",6122f332c9f0e8bb1209dc7d
136.0,24.0,1515,train,1047.421772870726,1.0,1.0,"(1, 2)",6122f332c9f0e8bb1209dc7d
136.0,24.0,1516,train,1047.421772870726,1.0,1.0,"(1, 2)",6122f332c9f0e8bb1209dc7d
136.0,24.0,1517,train,1047.421772870726,1.0,1.0,"(1, 2)",6122f332c9f0e8bb1209dc7d
136.0,24.0,1518,train,1047.421772870726,1.0,1.0,"(1, 2)",6122f332c9f0e8bb1209dc7d
136.0,24.0,1519,train,1047.421772870726,1.0,1.0,"(1, 2)",6122f332c9f0e8bb1209dc7d
136.0,24.0,1520,train,1047.421772870726,1.0,1.0,"(1, 2)",6122f332c9f0e8bb1209dc7d
136.0,24.0,1521,train,1047.421772870726,1.0,1.0,"(1, 2)",6122f332c9f0e8bb1209dc7d
136.0,24.0,1522,train,1047.421772870726,1.0,1.0,"(1, 2)",6122f332c9f0e8bb1209dc7d
136.0,24.0,1523,train,1047.421772870726,1.0,1.0,"(1, 2)",6122f332c9f0e8bb1209dc7d
136.0,24.0,1524,train,1047.421772870726,1.0,1.0,"(1, 2)",6122f332c9f0e8bb1209dc7d
136.0,24.0,1525,train,1047.421772870726,1.0,1.0,"(1, 2)",6122f332c9f0e8bb1209dc7d
136.0,24.0,1526,train,1047.421772870726,1.0,1.0,"(1, 2)",6122f332c9f0e8bb1209dc7d
136.0,24.0,1527,train,1047.421772870726,1.0,1.0,"(1, 2)",6122f332c9f0e8bb1209dc7d
136.0,24.0,1528,train,1047.421772870726,1.0,1.0,"(1, 2)",6122f332c9f0e8bb1209dc7d
136.0,24.0,1529,train,1047.421772870726,1.0,1.0,"(1, 2)",6122f332c9f0e8bb1209dc7d
136.0,24.0,1530,train,1047.421772870726,1.0,1.0,"(1, 2)",6122f332c9f0e8bb1209dc7d
136.0,24.0,1531,train,1047.421772870726,1.0,1.0,"(1, 2)",6122f332c9f0e8bb1209dc7d
136.0,24.0,1532,train,1047.421772870726,1.0,1.0,"(1, 2)",6122f332c9f0e8bb1209dc7d
136.0,24.0,1533,train,1047.421772870726,1.0,1.0,"(1, 2)",6122f332c9f0e8bb1209dc7d
134.75000000000114,24.0,1534,train,1048.671772870725,1.0,1.0,"(1, 2)",6122f332c9f0e8bb1209dc7d
133.50000000000227,24.0,1535,train,1049.9217728707238,1.0,1.0,"(1, 2)",6122f332c9f0e8bb1209dc7d
132.2500000000034,24.0,1536,train,1051.1717728707226,1.0,1.0,"(1, 2)",6122f332c9f0e8bb1209dc7d
131.00000000000455,24.0,1537,train,1052.4217728707215,1.0,1.0,"(1, 2)",6122f332c9f0e8bb1209dc7d
129.75000000000568,24.0,1538,train,1053.6717728707204,1.0,1.0,"(1, 2)",6122f332c9f0e8bb1209dc7d
128.50000000000682,24.0,1539,train,1054.9217728707192,1.0,1.0,"(1, 2)",6122f332c9f0e8bb1209dc7d
127.2500000000071,24.0,1540,train,1056.171772870719,1.0,1.0,"(1, 2)",6122f332c9f0e8bb1209dc7d
126.00000000000682,24.0,1541,train,1057.4217728707192,1.0,1.0,"(1, 2)",6122f332c9f0e8bb1209dc7d
124.75000000000654,24.0,1542,train,1058.6717728707195,1.0,1.0,"(1, 2)",6122f332c9f0e8bb1209dc7d
123.50000000000625,24.0,1543,train,1059.9217728707197,1.0,1.0,"(1, 2)",6122f332c9f0e8bb1209dc7d
122.25000000000597,24.0,1544,train,1061.17177287072,1.0,1.0,"(1, 2)",6122f332c9f0e8bb1209dc7d
121.00000000000568,24.0,1545,train,1062.4217728707201,1.0,1.0,"(1, 2)",6122f332c9f0e8bb1209dc7d
119.7500000000054,24.0,1546,train,1063.6717728707204,1.0,1.0,"(1, 2)",6122f332c9f0e8bb1209dc7d
118.50000000000512,24.0,1547,train,1064.9217728707206,1.0,1.0,"(1, 2)",6122f332c9f0e8bb1209dc7d
117.25000000000483,24.0,1548,train,1066.1717728707208,1.0,1.0,"(1, 2)",6122f332c9f0e8bb1209dc7d
116.00000000000455,24.0,1549,train,1067.421772870721,1.0,1.0,"(1, 2)",6122f332c9f0e8bb1209dc7d
114.75000000000426,24.0,1550,train,1068.6717728707213,1.0,1.0,"(1, 2)",6122f332c9f0e8bb1209dc7d
113.50000000000398,24.0,1551,train,1069.9217728707215,1.0,1.0,"(1, 2)",6122f332c9f0e8bb1209dc7d
112.2500000000037,24.0,1552,train,1071.1717728707217,1.0,1.0,"(1, 2)",6122f332c9f0e8bb1209dc7d
111.00000000000341,24.0,1553,train,1072.421772870722,1.0,1.0,"(1, 2)",6122f332c9f0e8bb1209dc7d
109.75000000000313,24.0,1554,train,1073.6717728707222,1.0,1.0,"(1, 2)",6122f332c9f0e8bb1209dc7d
108.50000000000284,24.0,1555,train,1074.9217728707224,1.0,1.0,"(1, 2)",6122f332c9f0e8bb1209dc7d
107.25000000000256,24.0,1556,train,1076.1717728707226,1.0,1.0,"(1, 2)",6122f332c9f0e8bb1209dc7d
106.00000000000227,24.0,1557,train,1077.4217728707229,1.0,1.0,"(1, 2)",6122f332c9f0e8bb1209dc7d
104.75000000000199,24.0,1558,train,1078.671772870723,1.0,1.0,"(1, 2)",6122f332c9f0e8bb1209dc7d
103.5000000000017,24.0,1559,train,1079.9217728707233,1.0,1.0,"(1, 2)",6122f332c9f0e8bb1209dc7d
102.25000000000142,24.0,1560,train,1081.1717728707235,1.0,1.0,"(1, 2)",6122f332c9f0e8bb1209dc7d
101.00000000000114,24.0,1561,train,1082.4217728707238,1.0,1.0,"(1, 2)",6122f332c9f0e8bb1209dc7d
99.75000000000085,24.0,1562,train,1083.671772870724,1.0,1.0,"(1, 2)",6122f332c9f0e8bb1209dc7d
98.50000000000057,24.0,1563,train,1084.9217728707242,1.0,1.0,"(1, 2)",6122f332c9f0e8bb1209dc7d
97.25000000000028,24.0,1564,train,1086.1717728707245,1.0,1.0,"(1, 2)",6122f332c9f0e8bb1209dc7d
96.0,24.0,1565,train,1087.4217728707247,1.0,1.0,"(1, 2)",6122f332c9f0e8bb1209dc7d
94.74999999999972,24.0,1566,train,1088.671772870725,1.0,1.0,"(1, 2)",6122f332c9f0e8bb1209dc7d
93.49999999999943,24.0,1567,train,1089.9217728707251,1.0,1.0,"(1, 2)",6122f332c9f0e8bb1209dc7d
92.24999999999915,24.0,1568,train,1091.1717728707254,1.0,1.0,"(1, 2)",6122f332c9f0e8bb1209dc7d
90.99999999999886,24.0,1569,train,1092.4217728707256,1.0,1.0,"(1, 2)",6122f332c9f0e8bb1209dc7d
89.74999999999858,24.0,1570,train,1093.6717728707258,1.0,1.0,"(1, 2)",6122f332c9f0e8bb1209dc7d
88.4999999999983,24.0,1571,train,1094.921772870726,1.0,1.0,"(1, 2)",6122f332c9f0e8bb1209dc7d
87.24999999999801,24.0,1572,train,1096.1717728707263,1.0,1.0,"(1, 2)",6122f332c9f0e8bb1209dc7d
85.99999999999773,24.0,1573,train,1097.4217728707265,1.0,1.0,"(1, 2)",6122f332c9f0e8bb1209dc7d
84.74999999999744,24.0,1574,train,1098.6717728707267,1.0,1.0,"(1, 2)",6122f332c9f0e8bb1209dc7d
83.49999999999716,24.0,1575,train,1099.921772870727,1.0,1.0,"(1, 2)",6122f332c9f0e8bb1209dc7d
82.24999999999687,24.0,1576,train,1101.1717728707272,1.0,1.0,"(1, 2)",6122f332c9f0e8bb1209dc7d
80.99999999999659,24.0,1577,train,1102.4217728707274,1.0,1.0,"(1, 2)",6122f332c9f0e8bb1209dc7d
79.7499999999963,24.0,1578,train,1103.6717728707276,1.0,1.0,"(1, 2)",6122f332c9f0e8bb1209dc7d
78.49999999999602,24.0,1579,train,1104.9217728707279,1.0,1.0,"(1, 2)",6122f332c9f0e8bb1209dc7d
77.24999999999574,24.0,1580,train,1106.171772870728,1.0,1.0,"(1, 2)",6122f332c9f0e8bb1209dc7d
75.99999999999545,24.0,1581,train,1107.4217728707283,1.0,1.0,"(1, 2)",6122f332c9f0e8bb1209dc7d
74.74999999999517,24.0,1582,train,1108.6717728707285,1.0,1.0,"(1, 2)",6122f332c9f0e8bb1209dc7d
73.49999999999488,24.0,1583,train,1109.9217728707288,1.0,1.0,"(1, 2)",6122f332c9f0e8bb1209dc7d
72.2499999999946,24.0,1584,train,1111.171772870729,1.0,1.0,"(1, 2)",6122f332c9f0e8bb1209dc7d
71.34621797023578,24.84324151087344,1585,train,1112.4078465752366,1.0,1.0,"(1, 2)",6122f332c9f0e8bb1209dc7d
70.45686168923703,25.72161808469994,1586,train,1113.6578465752361,1.0,1.0,"(1, 2)",6122f332c9f0e8bb1209dc7d
69.56750540823828,26.59999465852644,1587,train,1114.9078465752357,1.0,1.0,"(1, 2)",6122f332c9f0e8bb1209dc7d
68.67814912723952,27.47837123235294,1588,train,1116.1578465752352,1.0,1.0,"(1, 2)",6122f332c9f0e8bb1209dc7d
67.78879284624077,28.356747806179442,1589,train,1117.4078465752348,1.0,1.0,"(1, 2)",6122f332c9f0e8bb1209dc7d
66.89943656524201,29.235124380005942,1590,train,1118.6578465752343,1.0,1.0,"(1, 2)",6122f332c9f0e8bb1209dc7d
66.01008028424326,30.113500953832443,1591,train,1119.9078465752339,1.0,1.0,"(1, 2)",6122f332c9f0e8bb1209dc7d
65.1207240032445,30.991877527658943,1592,train,1121.1578465752334,1.0,1.0,"(1, 2)",6122f332c9f0e8bb1209dc7d
64.23136772224575,31.870254101485443,1593,train,1122.407846575233,1.0,1.0,"(1, 2)",6122f332c9f0e8bb1209dc7d
63.34201144124647,32.748630675311944,1594,train,1123.657846575233,1.0,1.0,"(1, 2)",6122f332c9f0e8bb1209dc7d
62.452655160247005,33.627007249138444,1595,train,1124.9078465752332,1.0,1.0,"(1, 2)",6122f332c9f0e8bb1209dc7d
61.56329887924754,34.505383822964944,1596,train,1126.1578465752334,1.0,1.0,"(1, 2)",6122f332c9f0e8bb1209dc7d
60.673942598248075,35.383760396791445,1597,train,1127.4078465752336,1.0,1.0,"(1, 2)",6122f332c9f0e8bb1209dc7d
59.78458631724861,36.262136970617945,1598,train,1128.6578465752339,1.0,1.0,"(1, 2)",6122f332c9f0e8bb1209dc7d
58.895230036249146,37.140513544444445,1599,train,1129.907846575234,1.0,1.0,"(1, 2)",6122f332c9f0e8bb1209dc7d
58.00587375524984,38.018890118270946,1600,train,1131.157846575234,1.0,1.0,"(1, 2)",6122f332c9f0e8bb1209dc7d
57.11651747425088,38.897266692097446,1601,train,1132.4078465752339,1.0,1.0,"(1, 2)",6122f332c9f0e8bb1209dc7d
56.22716119325191,39.77564326592395,1602,train,1133.6578465752336,1.0,1.0,"(1, 2)",6122f332c9f0e8bb1209dc7d
56.0,40.0,1603,train,1133.977124121962,1.0,1.0,"(1, 2)",6122f332c9f0e8bb1209dc7d
56.0,40.0,1604,train,1133.977124121962,1.0,1.0,"(1, 2)",6122f332c9f0e8bb1209dc7d
56.0,40.0,1605,train,1133.977124121962,1.0,1.0,"(1, 2)",6122f332c9f0e8bb1209dc7d
56.0,40.0,1606,train,1133.977124121962,1.0,1.0,"(1, 2)",6122f332c9f0e8bb1209dc7d
56.0,40.0,1607,train,1133.977124121962,1.0,1.0,"(1, 2)",6122f332c9f0e8bb1209dc7d
56.0,40.0,1608,train,1133.977124121962,1.0,1.0,"(1, 2)",6122f332c9f0e8bb1209dc7d
56.0,40.0,1609,train,1133.977124121962,1.0,1.0,"(1, 2)",6122f332c9f0e8bb1209dc7d
56.0,40.0,1610,train,1133.977124121962,1.0,1.0,"(1, 2)",6122f332c9f0e8bb1209dc7d
56.0,40.0,1611,train,1133.977124121962,1.0,1.0,"(1, 2)",6122f332c9f0e8bb1209dc7d
56.0,40.0,1612,train,1133.977124121962,1.0,1.0,"(1, 2)",6122f332c9f0e8bb1209dc7d
56.0,40.0,1613,train,1133.977124121962,1.0,1.0,"(1, 2)",6122f332c9f0e8bb1209dc7d
56.0,40.0,1614,train,1133.977124121962,1.0,1.0,"(1, 2)",6122f332c9f0e8bb1209dc7d
56.0,40.0,1615,train,1133.977124121962,1.0,1.0,"(1, 2)",6122f332c9f0e8bb1209dc7d
56.0,40.0,1616,train,1133.977124121962,1.0,1.0,"(1, 2)",6122f332c9f0e8bb1209dc7d
56.0,40.0,1617,train,1133.977124121962,1.0,1.0,"(1, 2)",6122f332c9f0e8bb1209dc7d
56.0,40.0,1618,train,1133.977124121962,1.0,1.0,"(1, 2)",6122f332c9f0e8bb1209dc7d
56.0,40.0,1619,train,1133.977124121962,1.0,1.0,"(1, 2)",6122f332c9f0e8bb1209dc7d
56.0,40.0,1620,train,1133.977124121962,1.0,1.0,"(1, 2)",6122f332c9f0e8bb1209dc7d
56.0,40.0,1621,train,1133.977124121962,1.0,1.0,"(1, 2)",6122f332c9f0e8bb1209dc7d
56.0,40.0,1622,train,1133.977124121962,1.0,1.0,"(1, 2)",6122f332c9f0e8bb1209dc7d
56.0,40.0,1623,train,1133.977124121962,1.0,1.0,"(1, 2)",6122f332c9f0e8bb1209dc7d
56.0,40.0,1624,train,1133.977124121962,1.0,1.0,"(1, 2)",6122f332c9f0e8bb1209dc7d
56.0,40.0,1625,train,1133.977124121962,1.0,1.0,"(1, 2)",6122f332c9f0e8bb1209dc7d
56.0,40.0,1626,train,1133.977124121962,1.0,1.0,"(1, 2)",6122f332c9f0e8bb1209dc7d
56.0,40.0,1627,train,1133.977124121962,1.0,1.0,"(1, 2)",6122f332c9f0e8bb1209dc7d
56.0,40.0,1628,train,1133.977124121962,1.0,1.0,"(1, 2)",6122f332c9f0e8bb1209dc7d
56.0,40.0,1629,train,1133.977124121962,1.0,1.0,"(1, 2)",6122f332c9f0e8bb1209dc7d
56.0,40.0,1630,train,1133.977124121962,1.0,1.0,"(1, 2)",6122f332c9f0e8bb1209dc7d
56.0,40.0,1631,train,1133.977124121962,1.0,1.0,"(1, 2)",6122f332c9f0e8bb1209dc7d
56.0,40.0,1632,train,1133.977124121962,1.0,1.0,"(1, 2)",6122f332c9f0e8bb1209dc7d
56.0,40.0,1633,train,1133.977124121962,1.0,1.0,"(1, 2)",6122f332c9f0e8bb1209dc7d
56.0,40.0,1634,train,1133.977124121962,1.0,1.0,"(1, 2)",6122f332c9f0e8bb1209dc7d
56.0,40.0,1635,train,1133.977124121962,1.0,1.0,"(1, 2)",6122f332c9f0e8bb1209dc7d
56.0,40.0,1636,train,1133.977124121962,1.0,1.0,"(1, 2)",6122f332c9f0e8bb1209dc7d
56.0,40.0,1637,train,1133.977124121962,1.0,1.0,"(1, 2)",6122f332c9f0e8bb1209dc7d
56.0,40.0,1638,train,1133.977124121962,1.0,1.0,"(1, 2)",6122f332c9f0e8bb1209dc7d
56.0,40.0,1639,train,1133.977124121962,1.0,1.0,"(1, 2)",6122f332c9f0e8bb1209dc7d
56.0,40.0,1640,train,1133.977124121962,1.0,1.0,"(1, 2)",6122f332c9f0e8bb1209dc7d
56.0,40.0,1641,train,1133.977124121962,1.0,1.0,"(1, 2)",6122f332c9f0e8bb1209dc7d
56.0,40.0,1642,train,1133.977124121962,1.0,1.0,"(1, 2)",6122f332c9f0e8bb1209dc7d
56.0,40.0,1643,train,1133.977124121962,1.0,1.0,"(1, 2)",6122f332c9f0e8bb1209dc7d
56.0,40.0,1644,train,1133.977124121962,1.0,1.0,"(1, 2)",6122f332c9f0e8bb1209dc7d
56.0,40.0,1645,train,1133.977124121962,1.0,1.0,"(1, 2)",6122f332c9f0e8bb1209dc7d
56.0,40.0,1646,train,1133.977124121962,1.0,1.0,"(1, 2)",6122f332c9f0e8bb1209dc7d
56.0,40.0,1647,train,1133.977124121962,1.0,1.0,"(1, 2)",6122f332c9f0e8bb1209dc7d
56.0,40.0,1648,train,1133.977124121962,1.0,1.0,"(1, 2)",6122f332c9f0e8bb1209dc7d
56.0,40.0,1649,train,1133.977124121962,1.0,1.0,"(1, 2)",6122f332c9f0e8bb1209dc7d
56.0,40.0,1650,train,1133.977124121962,1.0,1.0,"(1, 2)",6122f332c9f0e8bb1209dc7d
56.0,40.0,1651,train,1133.977124121962,1.0,1.0,"(1, 2)",6122f332c9f0e8bb1209dc7d
56.0,40.0,1652,train,1133.977124121962,1.0,1.0,"(1, 2)",6122f332c9f0e8bb1209dc7d
56.0,40.0,1653,train,1133.977124121962,1.0,1.0,"(1, 2)",6122f332c9f0e8bb1209dc7d
56.0,40.0,1654,train,1133.977124121962,1.0,1.0,"(1, 2)",6122f332c9f0e8bb1209dc7d
56.0,40.0,1655,train,1133.977124121962,1.0,1.0,"(1, 2)",6122f332c9f0e8bb1209dc7d
56.0,40.0,1656,train,1133.977124121962,1.0,1.0,"(1, 2)",6122f332c9f0e8bb1209dc7d
56.0,40.0,1657,train,1133.977124121962,1.0,1.0,"(1, 2)",6122f332c9f0e8bb1209dc7d
56.0,40.0,1658,train,1133.977124121962,1.0,1.0,"(1, 2)",6122f332c9f0e8bb1209dc7d
56.0,40.0,1659,train,1133.977124121962,1.0,1.0,"(1, 2)",6122f332c9f0e8bb1209dc7d
56.0,40.0,1660,train,1133.977124121962,1.0,1.0,"(1, 2)",6122f332c9f0e8bb1209dc7d
56.0,40.0,1661,train,1133.977124121962,1.0,1.0,"(1, 2)",6122f332c9f0e8bb1209dc7d
56.0,40.0,1662,train,1133.977124121962,1.0,1.0,"(1, 2)",6122f332c9f0e8bb1209dc7d
56.0,40.0,1663,train,1133.977124121962,1.0,1.0,"(1, 2)",6122f332c9f0e8bb1209dc7d
56.0,40.0,1664,train,1133.977124121962,1.0,1.0,"(1, 2)",6122f332c9f0e8bb1209dc7d
56.0,40.0,1665,train,1133.977124121962,1.0,1.0,"(1, 2)",6122f332c9f0e8bb1209dc7d
56.0,40.0,1666,train,1133.977124121962,1.0,1.0,"(1, 2)",6122f332c9f0e8bb1209dc7d
56.0,40.0,1667,train,1133.977124121962,1.0,1.0,"(1, 2)",6122f332c9f0e8bb1209dc7d
56.0,40.0,1668,train,1133.977124121962,1.0,1.0,"(1, 2)",6122f332c9f0e8bb1209dc7d
57.250000000000284,40.0,1669,train,1135.2271241219623,1.0,1.0,"(1, 2)",6122f332c9f0e8bb1209dc7d
58.50000000000057,40.0,1670,train,1136.4771241219626,1.0,1.0,"(1, 2)",6122f332c9f0e8bb1209dc7d
59.75000000000085,40.0,1671,train,1137.7271241219628,1.0,1.0,"(1, 2)",6122f332c9f0e8bb1209dc7d
61.00000000000114,40.0,1672,train,1138.977124121963,1.0,1.0,"(1, 2)",6122f332c9f0e8bb1209dc7d
62.25000000000142,40.0,1673,train,1140.2271241219632,1.0,1.0,"(1, 2)",6122f332c9f0e8bb1209dc7d
63.500000000001705,40.0,1674,train,1141.4771241219635,1.0,1.0,"(1, 2)",6122f332c9f0e8bb1209dc7d
64.75000000000199,40.0,1675,train,1142.7271241219637,1.0,1.0,"(1, 2)",6122f332c9f0e8bb1209dc7d
66.00000000000227,40.0,1676,train,1143.977124121964,1.0,1.0,"(1, 2)",6122f332c9f0e8bb1209dc7d
67.25000000000256,40.0,1677,train,1145.2271241219642,1.0,1.0,"(1, 2)",6122f332c9f0e8bb1209dc7d
68.50000000000284,40.0,1678,train,1146.4771241219644,1.0,1.0,"(1, 2)",6122f332c9f0e8bb1209dc7d
69.75000000000313,40.0,1679,train,1147.7271241219646,1.0,1.0,"(1, 2)",6122f332c9f0e8bb1209dc7d
71.00000000000341,40.0,1680,train,1148.9771241219648,1.0,1.0,"(1, 2)",6122f332c9f0e8bb1209dc7d
72.2500000000037,40.0,1681,train,1150.227124121965,1.0,1.0,"(1, 2)",6122f332c9f0e8bb1209dc7d
73.50000000000398,40.0,1682,train,1151.4771241219653,1.0,1.0,"(1, 2)",6122f332c9f0e8bb1209dc7d
74.75000000000426,40.0,1683,train,1152.7271241219655,1.0,1.0,"(1, 2)",6122f332c9f0e8bb1209dc7d
76.00000000000455,40.0,1684,train,1153.9771241219657,1.0,1.0,"(1, 2)",6122f332c9f0e8bb1209dc7d
77.25000000000483,40.0,1685,train,1155.227124121966,1.0,1.0,"(1, 2)",6122f332c9f0e8bb1209dc7d
78.50000000000512,40.0,1686,train,1156.4771241219662,1.0,1.0,"(1, 2)",6122f332c9f0e8bb1209dc7d
79.7500000000054,40.0,1687,train,1157.7271241219664,1.0,1.0,"(1, 2)",6122f332c9f0e8bb1209dc7d
81.00000000000568,40.0,1688,train,1158.9771241219667,1.0,1.0,"(1, 2)",6122f332c9f0e8bb1209dc7d
82.25000000000597,40.0,1689,train,1160.2271241219669,1.0,1.0,"(1, 2)",6122f332c9f0e8bb1209dc7d
83.50000000000625,40.0,1690,train,1161.477124121967,1.0,1.0,"(1, 2)",6122f332c9f0e8bb1209dc7d
84.75000000000654,40.0,1691,train,1162.7271241219673,1.0,1.0,"(1, 2)",6122f332c9f0e8bb1209dc7d
86.00000000000682,40.0,1692,train,1163.9771241219676,1.0,1.0,"(1, 2)",6122f332c9f0e8bb1209dc7d
87.2500000000071,40.0,1693,train,1165.2271241219678,1.0,1.0,"(1, 2)",6122f332c9f0e8bb1209dc7d
88.50000000000739,40.0,1694,train,1166.477124121968,1.0,1.0,"(1, 2)",6122f332c9f0e8bb1209dc7d
89.75000000000767,40.0,1695,train,1167.7271241219682,1.0,1.0,"(1, 2)",6122f332c9f0e8bb1209dc7d
91.00000000000796,40.0,1696,train,1168.9771241219685,1.0,1.0,"(1, 2)",6122f332c9f0e8bb1209dc7d
92.25000000000824,40.0,1697,train,1170.2271241219687,1.0,1.0,"(1, 2)",6122f332c9f0e8bb1209dc7d
93.50000000000853,40.0,1698,train,1171.477124121969,1.0,1.0,"(1, 2)",6122f332c9f0e8bb1209dc7d
94.75000000000881,40.0,1699,train,1172.7271241219692,1.0,1.0,"(1, 2)",6122f332c9f0e8bb1209dc7d
96.0000000000091,40.0,1700,train,1173.9771241219694,1.0,1.0,"(1, 2)",6122f332c9f0e8bb1209dc7d
97.25000000000938,40.0,1701,train,1175.2271241219696,1.0,1.0,"(1, 2)",6122f332c9f0e8bb1209dc7d
98.50000000000966,40.0,1702,train,1176.4771241219698,1.0,1.0,"(1, 2)",6122f332c9f0e8bb1209dc7d
99.75000000000995,40.0,1703,train,1177.72712412197,1.0,1.0,"(1, 2)",6122f332c9f0e8bb1209dc7d
101.00000000001023,40.0,1704,train,1178.9771241219703,1.0,1.0,"(1, 2)",6122f332c9f0e8bb1209dc7d
102.25000000001052,40.0,1705,train,1180.2271241219705,1.0,1.0,"(1, 2)",6122f332c9f0e8bb1209dc7d
103.5000000000108,40.0,1706,train,1181.4771241219707,1.0,1.0,"(1, 2)",6122f332c9f0e8bb1209dc7d
104.75000000001108,40.0,1707,train,1182.727124121971,1.0,1.0,"(1, 2)",6122f332c9f0e8bb1209dc7d
106.00000000001137,40.0,1708,train,1183.9771241219712,1.0,1.0,"(1, 2)",6122f332c9f0e8bb1209dc7d
107.25000000001165,40.0,1709,train,1185.2271241219714,1.0,1.0,"(1, 2)",6122f332c9f0e8bb1209dc7d
108.50000000001194,40.0,1710,train,1186.4771241219717,1.0,1.0,"(1, 2)",6122f332c9f0e8bb1209dc7d
109.75000000001222,40.0,1711,train,1187.7271241219719,1.0,1.0,"(1, 2)",6122f332c9f0e8bb1209dc7d
111.0000000000125,40.0,1712,train,1188.977124121972,1.0,1.0,"(1, 2)",6122f332c9f0e8bb1209dc7d
112.25000000001279,40.0,1713,train,1190.2271241219723,1.0,1.0,"(1, 2)",6122f332c9f0e8bb1209dc7d
113.28669296293276,39.30159631971662,1714,train,1191.4771241219728,1.0,1.0,"(1, 2)",6122f332c9f0e8bb1209dc7d
114.32338592585273,38.603192639433246,1715,train,1192.7271241219732,1.0,1.0,"(1, 2)",6122f332c9f0e8bb1209dc7d
115.3600788887727,37.90478895914987,1716,train,1193.9771241219737,1.0,1.0,"(1, 2)",6122f332c9f0e8bb1209dc7d
116.39677185169268,37.20638527886649,1717,train,1195.2271241219742,1.0,1.0,"(1, 2)",6122f332c9f0e8bb1209dc7d
117.43346481461265,36.507981598583115,1718,train,1196.4771241219746,1.0,1.0,"(1, 2)",6122f332c9f0e8bb1209dc7d
118.47015777753262,35.80957791829974,1719,train,1197.727124121975,1.0,1.0,"(1, 2)",6122f332c9f0e8bb1209dc7d
119.50685074045259,35.11117423801636,1720,train,1198.9771241219755,1.0,1.0,"(1, 2)",6122f332c9f0e8bb1209dc7d
120.54354370337256,34.41277055773298,1721,train,1200.227124121976,1.0,1.0,"(1, 2)",6122f332c9f0e8bb1209dc7d
121.58023666629254,33.714366877449606,1722,train,1201.4771241219764,1.0,1.0,"(1, 2)",6122f332c9f0e8bb1209dc7d
122.6169296292125,33.01596319716623,1723,train,1202.7271241219769,1.0,1.0,"(1, 2)",6122f332c9f0e8bb1209dc7d
123.65362259213248,32.31755951688285,1724,train,1203.9771241219773,1.0,1.0,"(1, 2)",6122f332c9f0e8bb1209dc7d
124.69031555505245,31.61915583659972,1725,train,1205.2271241219776,1.0,1.0,"(1, 2)",6122f332c9f0e8bb1209dc7d
125.72700851797242,30.9207521563167,1726,train,1206.4771241219778,1.0,1.0,"(1, 2)",6122f332c9f0e8bb1209dc7d
126.7637014808924,30.222348476033677,1727,train,1207.727124121978,1.0,1.0,"(1, 2)",6122f332c9f0e8bb1209dc7d
127.80039444381237,29.523944795750655,1728,train,1208.9771241219782,1.0,1.0,"(1, 2)",6122f332c9f0e8bb1209dc7d
128.8370874067312,28.825541115467633,1729,train,1210.2271241219776,1.0,1.0,"(1, 2)",6122f332c9f0e8bb1209dc7d
136.0,24.0,1730,train,1218.8638575250575,1.0,1.0,"(1, 2)",6122f332c9f0e8bb1209dc7d
136.0,24.0,1731,train,1218.8638575250575,1.0,1.0,"(1, 2)",6122f332c9f0e8bb1209dc7d
136.0,24.0,1732,train,1218.8638575250575,1.0,1.0,"(1, 2)",6122f332c9f0e8bb1209dc7d
136.0,24.0,1733,train,1218.8638575250575,1.0,1.0,"(1, 2)",6122f332c9f0e8bb1209dc7d
136.0,24.0,1734,train,1218.8638575250575,1.0,1.0,"(1, 2)",6122f332c9f0e8bb1209dc7d
136.0,24.0,1735,train,1218.8638575250575,1.0,1.0,"(1, 2)",6122f332c9f0e8bb1209dc7d
136.0,24.0,1736,train,1218.8638575250575,1.0,1.0,"(1, 2)",6122f332c9f0e8bb1209dc7d
136.0,24.0,1737,train,1218.8638575250575,1.0,1.0,"(1, 2)",6122f332c9f0e8bb1209dc7d
136.0,24.0,1738,train,1218.8638575250575,1.0,1.0,"(1, 2)",6122f332c9f0e8bb1209dc7d
136.0,24.0,1739,train,1218.8638575250575,1.0,1.0,"(1, 2)",6122f332c9f0e8bb1209dc7d
136.0,24.0,1740,train,1218.8638575250575,1.0,1.0,"(1, 2)",6122f332c9f0e8bb1209dc7d
136.0,24.0,1741,train,1218.8638575250575,1.0,1.0,"(1, 2)",6122f332c9f0e8bb1209dc7d
136.0,24.0,1742,train,1218.8638575250575,1.0,1.0,"(1, 2)",6122f332c9f0e8bb1209dc7d
136.0,24.0,1743,train,1218.8638575250575,1.0,1.0,"(1, 2)",6122f332c9f0e8bb1209dc7d
136.0,24.0,1744,train,1218.8638575250575,1.0,1.0,"(1, 2)",6122f332c9f0e8bb1209dc7d
136.0,24.0,1745,train,1218.8638575250575,1.0,1.0,"(1, 2)",6122f332c9f0e8bb1209dc7d
136.0,24.0,1746,train,1218.8638575250575,1.0,1.0,"(1, 2)",6122f332c9f0e8bb1209dc7d
136.0,24.0,1747,train,1218.8638575250575,1.0,1.0,"(1, 2)",6122f332c9f0e8bb1209dc7d
136.0,24.0,1748,train,1218.8638575250575,1.0,1.0,"(1, 2)",6122f332c9f0e8bb1209dc7d
136.0,24.0,1749,train,1218.8638575250575,1.0,1.0,"(1, 2)",6122f332c9f0e8bb1209dc7d
136.0,24.0,1750,train,1218.8638575250575,1.0,1.0,"(1, 2)",6122f332c9f0e8bb1209dc7d
136.0,24.0,1751,train,1218.8638575250575,1.0,1.0,"(1, 2)",6122f332c9f0e8bb1209dc7d
136.0,24.0,1752,train,1218.8638575250575,1.0,1.0,"(1, 2)",6122f332c9f0e8bb1209dc7d
136.0,24.0,1753,train,1218.8638575250575,1.0,1.0,"(1, 2)",6122f332c9f0e8bb1209dc7d
136.0,24.0,1754,train,1218.8638575250575,1.0,1.0,"(1, 2)",6122f332c9f0e8bb1209dc7d
136.0,24.0,1755,train,1218.8638575250575,1.0,1.0,"(1, 2)",6122f332c9f0e8bb1209dc7d
136.0,24.0,1756,train,1218.8638575250575,1.0,1.0,"(1, 2)",6122f332c9f0e8bb1209dc7d
136.0,24.0,1757,train,1218.8638575250575,1.0,1.0,"(1, 2)",6122f332c9f0e8bb1209dc7d
136.0,24.0,1758,train,1218.8638575250575,1.0,1.0,"(1, 2)",6122f332c9f0e8bb1209dc7d
136.0,24.0,1759,train,1218.8638575250575,1.0,1.0,"(1, 2)",6122f332c9f0e8bb1209dc7d
136.0,24.0,1760,train,1218.8638575250575,1.0,1.0,"(1, 2)",6122f332c9f0e8bb1209dc7d
136.0,24.0,1761,train,1218.8638575250575,1.0,1.0,"(1, 2)",6122f332c9f0e8bb1209dc7d
136.0,24.0,1762,train,1218.8638575250575,1.0,1.0,"(1, 2)",6122f332c9f0e8bb1209dc7d
136.0,24.0,1763,train,1218.8638575250575,1.0,1.0,"(1, 2)",6122f332c9f0e8bb1209dc7d
136.0,24.0,1764,train,1218.8638575250575,1.0,1.0,"(1, 2)",6122f332c9f0e8bb1209dc7d
136.0,24.0,1765,train,1218.8638575250575,1.0,1.0,"(1, 2)",6122f332c9f0e8bb1209dc7d
136.0,24.0,1766,train,1218.8638575250575,1.0,1.0,"(1, 2)",6122f332c9f0e8bb1209dc7d
136.0,24.0,1767,train,1218.8638575250575,1.0,1.0,"(1, 2)",6122f332c9f0e8bb1209dc7d
136.0,24.0,1768,train,1218.8638575250575,1.0,1.0,"(1, 2)",6122f332c9f0e8bb1209dc7d
136.0,24.0,1769,train,1218.8638575250575,1.0,1.0,"(1, 2)",6122f332c9f0e8bb1209dc7d
136.0,24.0,1770,train,1218.8638575250575,1.0,1.0,"(1, 2)",6122f332c9f0e8bb1209dc7d
136.0,24.0,1771,train,1218.8638575250575,1.0,1.0,"(1, 2)",6122f332c9f0e8bb1209dc7d
136.0,24.0,1772,train,1218.8638575250575,1.0,1.0,"(1, 2)",6122f332c9f0e8bb1209dc7d
136.0,24.0,1773,train,1218.8638575250575,1.0,1.0,"(1, 2)",6122f332c9f0e8bb1209dc7d
136.0,24.0,1774,train,1218.8638575250575,1.0,1.0,"(1, 2)",6122f332c9f0e8bb1209dc7d
136.0,24.0,1775,train,1218.8638575250575,1.0,1.0,"(1, 2)",6122f332c9f0e8bb1209dc7d
136.0,24.0,1776,train,1218.8638575250575,1.0,1.0,"(1, 2)",6122f332c9f0e8bb1209dc7d
136.0,24.0,1777,train,1218.8638575250575,1.0,1.0,"(1, 2)",6122f332c9f0e8bb1209dc7d
136.0,24.0,1778,train,1218.8638575250575,1.0,1.0,"(1, 2)",6122f332c9f0e8bb1209dc7d
136.0,24.0,1779,train,1218.8638575250575,1.0,1.0,"(1, 2)",6122f332c9f0e8bb1209dc7d
136.0,24.0,1780,train,1218.8638575250575,1.0,1.0,"(1, 2)",6122f332c9f0e8bb1209dc7d
136.0,24.0,1781,train,1218.8638575250575,1.0,1.0,"(1, 2)",6122f332c9f0e8bb1209dc7d
136.0,24.0,1782,train,1218.8638575250575,1.0,1.0,"(1, 2)",6122f332c9f0e8bb1209dc7d
136.0,24.0,1783,train,1218.8638575250575,1.0,1.0,"(1, 2)",6122f332c9f0e8bb1209dc7d
136.0,24.0,1784,train,1218.8638575250575,1.0,1.0,"(1, 2)",6122f332c9f0e8bb1209dc7d
136.0,24.0,1785,train,1218.8638575250575,1.0,1.0,"(1, 2)",6122f332c9f0e8bb1209dc7d
136.0,24.0,1786,train,1218.8638575250575,1.0,1.0,"(1, 2)",6122f332c9f0e8bb1209dc7d
136.0,24.0,1787,train,1218.8638575250575,1.0,1.0,"(1, 2)",6122f332c9f0e8bb1209dc7d
136.0,24.0,1788,train,1218.8638575250575,1.0,1.0,"(1, 2)",6122f332c9f0e8bb1209dc7d
136.0,24.0,1789,train,1218.8638575250575,1.0,1.0,"(1, 2)",6122f332c9f0e8bb1209dc7d
136.0,24.0,1790,train,1218.8638575250575,1.0,1.0,"(1, 2)",6122f332c9f0e8bb1209dc7d
136.0,24.0,1791,train,1218.8638575250575,1.0,1.0,"(1, 2)",6122f332c9f0e8bb1209dc7d
136.0,24.0,1792,train,1218.8638575250575,1.0,1.0,"(1, 2)",6122f332c9f0e8bb1209dc7d
136.0,24.0,1793,train,1218.8638575250575,1.0,1.0,"(1, 2)",6122f332c9f0e8bb1209dc7d
136.0,24.0,1794,train,1218.8638575250575,1.0,1.0,"(1, 2)",6122f332c9f0e8bb1209dc7d
136.0,24.0,1795,train,1218.8638575250575,1.0,1.0,"(1, 2)",6122f332c9f0e8bb1209dc7d
136.0,24.0,1796,train,1218.8638575250575,1.0,1.0,"(1, 2)",6122f332c9f0e8bb1209dc7d
136.0,24.0,1797,train,1218.8638575250575,1.0,1.0,"(1, 2)",6122f332c9f0e8bb1209dc7d
136.0,24.0,1798,train,1218.8638575250575,1.0,1.0,"(1, 2)",6122f332c9f0e8bb1209dc7d
136.0,24.0,1799,train,1218.8638575250575,1.0,1.0,"(1, 2)",6122f332c9f0e8bb1209dc7d
136.0,24.0,1800,train,1218.8638575250575,1.0,1.0,"(1, 2)",6122f332c9f0e8bb1209dc7d
136.0,24.0,1801,train,1218.8638575250575,1.0,1.0,"(1, 2)",6122f332c9f0e8bb1209dc7d
136.0,24.0,1802,train,1218.8638575250575,1.0,1.0,"(1, 2)",6122f332c9f0e8bb1209dc7d
136.0,24.0,1803,train,1218.8638575250575,1.0,1.0,"(1, 2)",6122f332c9f0e8bb1209dc7d
136.0,24.0,1804,train,1218.8638575250575,1.0,1.0,"(1, 2)",6122f332c9f0e8bb1209dc7d
136.0,24.0,1805,train,1218.8638575250575,1.0,1.0,"(1, 2)",6122f332c9f0e8bb1209dc7d
136.0,24.0,1806,train,1218.8638575250575,1.0,1.0,"(1, 2)",6122f332c9f0e8bb1209dc7d
136.0,24.0,1807,train,1218.8638575250575,1.0,1.0,"(1, 2)",6122f332c9f0e8bb1209dc7d
136.0,24.0,1808,train,1218.8638575250575,1.0,1.0,"(1, 2)",6122f332c9f0e8bb1209dc7d
136.0,24.0,1809,train,1218.8638575250575,1.0,1.0,"(1, 2)",6122f332c9f0e8bb1209dc7d
136.0,24.0,1810,train,1218.8638575250575,1.0,1.0,"(1, 2)",6122f332c9f0e8bb1209dc7d
136.0,24.0,1811,train,1218.8638575250575,1.0,1.0,"(1, 2)",6122f332c9f0e8bb1209dc7d
136.0,24.0,1812,train,1218.8638575250575,1.0,1.0,"(1, 2)",6122f332c9f0e8bb1209dc7d
136.0,24.0,1813,train,1218.8638575250575,1.0,1.0,"(1, 2)",6122f332c9f0e8bb1209dc7d
136.0,24.0,1814,train,1218.8638575250575,1.0,1.0,"(1, 2)",6122f332c9f0e8bb1209dc7d
136.0,24.0,1815,train,1218.8638575250575,1.0,1.0,"(1, 2)",6122f332c9f0e8bb1209dc7d
136.0,24.0,1816,train,1218.8638575250575,1.0,1.0,"(1, 2)",6122f332c9f0e8bb1209dc7d
136.0,24.0,1817,train,1218.8638575250575,1.0,1.0,"(1, 2)",6122f332c9f0e8bb1209dc7d
136.0,24.0,1818,train,1218.8638575250575,1.0,1.0,"(1, 2)",6122f332c9f0e8bb1209dc7d
136.0,24.0,1819,train,1218.8638575250575,1.0,1.0,"(1, 2)",6122f332c9f0e8bb1209dc7d
136.0,24.0,1820,train,1218.8638575250575,1.0,1.0,"(1, 2)",6122f332c9f0e8bb1209dc7d
136.0,24.0,1821,train,1218.8638575250575,1.0,1.0,"(1, 2)",6122f332c9f0e8bb1209dc7d
136.0,24.0,1822,train,1218.8638575250575,1.0,1.0,"(1, 2)",6122f332c9f0e8bb1209dc7d
136.0,24.0,1823,train,1218.8638575250575,1.0,1.0,"(1, 2)",6122f332c9f0e8bb1209dc7d
136.0,24.0,1824,train,1218.8638575250575,1.0,1.0,"(1, 2)",6122f332c9f0e8bb1209dc7d
136.0,24.0,1825,train,1218.8638575250575,1.0,1.0,"(1, 2)",6122f332c9f0e8bb1209dc7d
136.0,24.0,1826,train,1218.8638575250575,1.0,1.0,"(1, 2)",6122f332c9f0e8bb1209dc7d
136.0,24.0,1827,train,1218.8638575250575,1.0,1.0,"(1, 2)",6122f332c9f0e8bb1209dc7d
136.0,24.0,1828,train,1218.8638575250575,1.0,1.0,"(1, 2)",6122f332c9f0e8bb1209dc7d
136.0,24.0,1829,train,1218.8638575250575,1.0,1.0,"(1, 2)",6122f332c9f0e8bb1209dc7d
136.0,24.0,1830,train,1218.8638575250575,1.0,1.0,"(1, 2)",6122f332c9f0e8bb1209dc7d
136.0,24.0,1831,train,1218.8638575250575,1.0,1.0,"(1, 2)",6122f332c9f0e8bb1209dc7d
136.0,24.0,1832,train,1218.8638575250575,1.0,1.0,"(1, 2)",6122f332c9f0e8bb1209dc7d
136.0,24.0,1833,train,1218.8638575250575,1.0,1.0,"(1, 2)",6122f332c9f0e8bb1209dc7d
136.0,24.0,1834,train,1218.8638575250575,1.0,1.0,"(1, 2)",6122f332c9f0e8bb1209dc7d
136.0,24.0,1835,train,1218.8638575250575,1.0,1.0,"(1, 2)",6122f332c9f0e8bb1209dc7d
136.0,24.0,1836,train,1218.8638575250575,1.0,1.0,"(1, 2)",6122f332c9f0e8bb1209dc7d
136.0,24.0,1837,train,1218.8638575250575,1.0,1.0,"(1, 2)",6122f332c9f0e8bb1209dc7d
136.0,24.0,1838,train,1218.8638575250575,1.0,1.0,"(1, 2)",6122f332c9f0e8bb1209dc7d
136.0,24.0,1839,train,1218.8638575250575,1.0,1.0,"(1, 2)",6122f332c9f0e8bb1209dc7d
136.0,24.0,1840,train,1218.8638575250575,1.0,1.0,"(1, 2)",6122f332c9f0e8bb1209dc7d
136.0,24.0,1841,train,1218.8638575250575,1.0,1.0,"(1, 2)",6122f332c9f0e8bb1209dc7d
136.0,24.0,1842,train,1218.8638575250575,1.0,1.0,"(1, 2)",6122f332c9f0e8bb1209dc7d
136.0,24.0,1843,train,1218.8638575250575,1.0,1.0,"(1, 2)",6122f332c9f0e8bb1209dc7d
136.0,24.0,1844,train,1218.8638575250575,1.0,1.0,"(1, 2)",6122f332c9f0e8bb1209dc7d
136.0,24.0,1845,train,1218.8638575250575,1.0,1.0,"(1, 2)",6122f332c9f0e8bb1209dc7d
136.0,24.0,1846,train,1218.8638575250575,1.0,1.0,"(1, 2)",6122f332c9f0e8bb1209dc7d
136.0,24.0,1847,train,1218.8638575250575,1.0,1.0,"(1, 2)",6122f332c9f0e8bb1209dc7d
136.0,24.0,1848,train,1218.8638575250575,1.0,1.0,"(1, 2)",6122f332c9f0e8bb1209dc7d
136.0,24.0,1849,train,1218.8638575250575,1.0,1.0,"(1, 2)",6122f332c9f0e8bb1209dc7d
136.0,24.0,1850,train,1218.8638575250575,1.0,1.0,"(1, 2)",6122f332c9f0e8bb1209dc7d
136.0,24.0,1851,train,1218.8638575250575,1.0,1.0,"(1, 2)",6122f332c9f0e8bb1209dc7d
136.0,24.0,1852,train,1218.8638575250575,1.0,1.0,"(1, 2)",6122f332c9f0e8bb1209dc7d
136.0,24.0,1853,train,1218.8638575250575,1.0,1.0,"(1, 2)",6122f332c9f0e8bb1209dc7d
136.0,24.0,1854,train,1218.8638575250575,1.0,1.0,"(1, 2)",6122f332c9f0e8bb1209dc7d
136.0,24.0,1855,train,1218.8638575250575,1.0,1.0,"(1, 2)",6122f332c9f0e8bb1209dc7d
136.0,24.0,1856,train,1218.8638575250575,1.0,1.0,"(1, 2)",6122f332c9f0e8bb1209dc7d
136.0,24.0,1857,train,1218.8638575250575,1.0,1.0,"(1, 2)",6122f332c9f0e8bb1209dc7d
136.0,24.0,1858,train,1218.8638575250575,1.0,1.0,"(1, 2)",6122f332c9f0e8bb1209dc7d
136.0,24.0,1859,train,1218.8638575250575,1.0,1.0,"(1, 2)",6122f332c9f0e8bb1209dc7d
136.0,24.0,1860,train,1218.8638575250575,1.0,1.0,"(1, 2)",6122f332c9f0e8bb1209dc7d
136.0,24.0,1861,train,1218.8638575250575,1.0,1.0,"(1, 2)",6122f332c9f0e8bb1209dc7d
136.0,24.0,1862,train,1218.8638575250575,1.0,1.0,"(1, 2)",6122f332c9f0e8bb1209dc7d
136.0,24.0,1863,train,1218.8638575250575,1.0,1.0,"(1, 2)",6122f332c9f0e8bb1209dc7d
136.0,24.0,1864,train,1218.8638575250575,1.0,1.0,"(1, 2)",6122f332c9f0e8bb1209dc7d
136.0,24.0,1865,train,1218.8638575250575,1.0,1.0,"(1, 2)",6122f332c9f0e8bb1209dc7d
136.0,24.0,1866,train,1218.8638575250575,1.0,1.0,"(1, 2)",6122f332c9f0e8bb1209dc7d
136.0,24.0,1867,train,1218.8638575250575,1.0,1.0,"(1, 2)",6122f332c9f0e8bb1209dc7d
136.0,24.0,1868,train,1218.8638575250575,1.0,1.0,"(1, 2)",6122f332c9f0e8bb1209dc7d
136.0,24.0,1869,train,1218.8638575250575,1.0,1.0,"(1, 2)",6122f332c9f0e8bb1209dc7d
136.0,24.0,1870,train,1218.8638575250575,1.0,1.0,"(1, 2)",6122f332c9f0e8bb1209dc7d
136.0,24.0,1871,train,1218.8638575250575,1.0,1.0,"(1, 2)",6122f332c9f0e8bb1209dc7d
136.0,24.0,1872,train,1218.8638575250575,1.0,1.0,"(1, 2)",6122f332c9f0e8bb1209dc7d
136.0,24.0,1873,train,1218.8638575250575,1.0,1.0,"(1, 2)",6122f332c9f0e8bb1209dc7d
136.0,24.0,1874,train,1218.8638575250575,1.0,1.0,"(1, 2)",6122f332c9f0e8bb1209dc7d
136.0,24.0,1875,train,1218.8638575250575,1.0,1.0,"(1, 2)",6122f332c9f0e8bb1209dc7d
136.0,24.0,1876,train,1218.8638575250575,1.0,1.0,"(1, 2)",6122f332c9f0e8bb1209dc7d
136.0,24.0,1877,train,1218.8638575250575,1.0,1.0,"(1, 2)",6122f332c9f0e8bb1209dc7d
136.0,24.0,1878,train,1218.8638575250575,1.0,1.0,"(1, 2)",6122f332c9f0e8bb1209dc7d
136.0,24.0,1879,train,1218.8638575250575,1.0,1.0,"(1, 2)",6122f332c9f0e8bb1209dc7d
136.0,24.0,1880,train,1218.8638575250575,1.0,1.0,"(1, 2)",6122f332c9f0e8bb1209dc7d
136.0,24.0,1881,train,1218.8638575250575,1.0,1.0,"(1, 2)",6122f332c9f0e8bb1209dc7d
136.0,24.0,1882,train,1218.8638575250575,1.0,1.0,"(1, 2)",6122f332c9f0e8bb1209dc7d
136.0,24.0,1883,train,1218.8638575250575,1.0,1.0,"(1, 2)",6122f332c9f0e8bb1209dc7d
136.0,24.0,1884,train,1218.8638575250575,1.0,1.0,"(1, 2)",6122f332c9f0e8bb1209dc7d
136.0,24.0,1885,train,1218.8638575250575,1.0,1.0,"(1, 2)",6122f332c9f0e8bb1209dc7d
136.0,24.0,1886,train,1218.8638575250575,1.0,1.0,"(1, 2)",6122f332c9f0e8bb1209dc7d
136.0,24.0,1887,train,1218.8638575250575,1.0,1.0,"(1, 2)",6122f332c9f0e8bb1209dc7d
136.0,24.0,1888,train,1218.8638575250575,1.0,1.0,"(1, 2)",6122f332c9f0e8bb1209dc7d
136.0,24.0,1889,train,1218.8638575250575,1.0,1.0,"(1, 2)",6122f332c9f0e8bb1209dc7d
136.0,24.0,1890,train,1218.8638575250575,1.0,1.0,"(1, 2)",6122f332c9f0e8bb1209dc7d
136.0,24.0,1891,train,1218.8638575250575,1.0,1.0,"(1, 2)",6122f332c9f0e8bb1209dc7d
136.0,24.0,1892,train,1218.8638575250575,1.0,1.0,"(1, 2)",6122f332c9f0e8bb1209dc7d
136.0,24.0,1893,train,1218.8638575250575,1.0,1.0,"(1, 2)",6122f332c9f0e8bb1209dc7d
136.0,24.0,1894,train,1218.8638575250575,1.0,1.0,"(1, 2)",6122f332c9f0e8bb1209dc7d
136.0,24.0,1895,train,1218.8638575250575,1.0,1.0,"(1, 2)",6122f332c9f0e8bb1209dc7d
136.0,24.0,1896,train,1218.8638575250575,1.0,1.0,"(1, 2)",6122f332c9f0e8bb1209dc7d
136.0,24.0,1897,train,1218.8638575250575,1.0,1.0,"(1, 2)",6122f332c9f0e8bb1209dc7d
136.0,24.0,1898,train,1218.8638575250575,1.0,1.0,"(1, 2)",6122f332c9f0e8bb1209dc7d
136.0,24.0,1899,train,1218.8638575250575,1.0,1.0,"(1, 2)",6122f332c9f0e8bb1209dc7d
136.0,24.0,1900,train,1218.8638575250575,1.0,1.0,"(1, 2)",6122f332c9f0e8bb1209dc7d
136.0,24.0,1901,train,1218.8638575250575,1.0,1.0,"(1, 2)",6122f332c9f0e8bb1209dc7d
136.0,24.0,1902,train,1218.8638575250575,1.0,1.0,"(1, 2)",6122f332c9f0e8bb1209dc7d
136.0,24.0,1903,train,1218.8638575250575,1.0,1.0,"(1, 2)",6122f332c9f0e8bb1209dc7d
136.0,24.0,1904,train,1218.8638575250575,1.0,1.0,"(1, 2)",6122f332c9f0e8bb1209dc7d
136.0,24.0,1905,train,1218.8638575250575,1.0,1.0,"(1, 2)",6122f332c9f0e8bb1209dc7d
136.0,24.0,1906,train,1218.8638575250575,1.0,1.0,"(1, 2)",6122f332c9f0e8bb1209dc7d
136.0,24.0,1907,train,1218.8638575250575,1.0,1.0,"(1, 2)",6122f332c9f0e8bb1209dc7d
136.0,24.0,1908,train,1218.8638575250575,1.0,1.0,"(1, 2)",6122f332c9f0e8bb1209dc7d
136.0,24.0,1909,train,1218.8638575250575,1.0,1.0,"(1, 2)",6122f332c9f0e8bb1209dc7d
136.0,24.0,1910,train,1218.8638575250575,1.0,1.0,"(1, 2)",6122f332c9f0e8bb1209dc7d
136.0,24.0,1911,train,1218.8638575250575,1.0,1.0,"(1, 2)",6122f332c9f0e8bb1209dc7d
136.0,24.0,1912,train,1218.8638575250575,1.0,1.0,"(1, 2)",6122f332c9f0e8bb1209dc7d
136.0,24.0,1913,train,1218.8638575250575,1.0,1.0,"(1, 2)",6122f332c9f0e8bb1209dc7d
136.0,24.0,1914,train,1218.8638575250575,1.0,1.0,"(1, 2)",6122f332c9f0e8bb1209dc7d
136.0,24.0,1915,train,1218.8638575250575,1.0,1.0,"(1, 2)",6122f332c9f0e8bb1209dc7d
136.0,24.0,1916,train,1218.8638575250575,1.0,1.0,"(1, 2)",6122f332c9f0e8bb1209dc7d
136.0,24.0,1917,train,1218.8638575250575,1.0,1.0,"(1, 2)",6122f332c9f0e8bb1209dc7d
136.0,24.0,1918,train,1218.8638575250575,1.0,1.0,"(1, 2)",6122f332c9f0e8bb1209dc7d
136.0,24.0,1919,train,1218.8638575250575,1.0,1.0,"(1, 2)",6122f332c9f0e8bb1209dc7d
136.0,24.0,1920,train,1218.8638575250575,1.0,1.0,"(1, 2)",6122f332c9f0e8bb1209dc7d
136.0,24.0,1921,train,1218.8638575250575,1.0,1.0,"(1, 2)",6122f332c9f0e8bb1209dc7d
135.11611652351553,24.88388347648305,1922,train,1220.1138575250584,1.0,1.0,"(1, 2)",6122f332c9f0e8bb1209dc7d
134.23223304703106,25.767766952966443,1923,train,1221.3638575250595,1.0,1.0,"(1, 2)",6122f332c9f0e8bb1209dc7d
133.3483495705466,26.651650429449848,1924,train,1222.6138575250607,1.0,1.0,"(1, 2)",6122f332c9f0e8bb1209dc7d
132.46446609406294,27.535533905933253,1925,train,1223.8638575250611,1.0,1.0,"(1, 2)",6122f332c9f0e8bb1209dc7d
131.5805826175798,28.419417382416658,1926,train,1225.1138575250613,1.0,1.0,"(1, 2)",6122f332c9f0e8bb1209dc7d
130.69669914109667,29.303300858900062,1927,train,1226.3638575250616,1.0,1.0,"(1, 2)",6122f332c9f0e8bb1209dc7d
129.81281566461354,30.187184335383467,1928,train,1227.6138575250618,1.0,1.0,"(1, 2)",6122f332c9f0e8bb1209dc7d
128.9289321881304,31.07106781186687,1929,train,1228.863857525062,1.0,1.0,"(1, 2)",6122f332c9f0e8bb1209dc7d
128.04504871164727,31.954951288350276,1930,train,1230.1138575250623,1.0,1.0,"(1, 2)",6122f332c9f0e8bb1209dc7d
127.1611652351642,32.838834764833344,1931,train,1231.363857525062,1.0,1.0,"(1, 2)",6122f332c9f0e8bb1209dc7d
126.27728175868116,33.72271824131639,1932,train,1232.6138575250618,1.0,1.0,"(1, 2)",6122f332c9f0e8bb1209dc7d
125.3933982821981,34.60660171779944,1933,train,1233.8638575250616,1.0,1.0,"(1, 2)",6122f332c9f0e8bb1209dc7d
124.50951480571506,35.4904851942827,1934,train,1235.1138575250616,1.0,1.0,"(1, 2)",6122f332c9f0e8bb1209dc7d
123.62563132923201,36.37436867076619,1935,train,1236.3638575250618,1.0,1.0,"(1, 2)",6122f332c9f0e8bb1209dc7d
122.74174785274896,37.25825214724968,1936,train,1237.613857525062,1.0,1.0,"(1, 2)",6122f332c9f0e8bb1209dc7d
121.85786437626591,38.14213562373317,1937,train,1238.8638575250623,1.0,1.0,"(1, 2)",6122f332c9f0e8bb1209dc7d
120.97398089978286,39.02601910021666,1938,train,1240.1138575250625,1.0,1.0,"(1, 2)",6122f332c9f0e8bb1209dc7d
120.04617444130444,39.805653184688964,1939,train,1241.325737935856,1.0,1.0,"(1, 2)",6122f332c9f0e8bb1209dc7d
118.79626611486002,39.820791727745956,1940,train,1242.5757379358565,1.0,1.0,"(1, 2)",6122f332c9f0e8bb1209dc7d
117.54635778841559,39.83593027080295,1941,train,1243.825737935857,1.0,1.0,"(1, 2)",6122f332c9f0e8bb1209dc7d
116.29644946197116,39.85106881385981,1942,train,1245.0757379358574,1.0,1.0,"(1, 2)",6122f332c9f0e8bb1209dc7d
115.04654113552674,39.866207356916455,1943,train,1246.325737935858,1.0,1.0,"(1, 2)",6122f332c9f0e8bb1209dc7d
113.79663280908231,39.8813458999731,1944,train,1247.5757379358583,1.0,1.0,"(1, 2)",6122f332c9f0e8bb1209dc7d
112.54672448263788,39.896484443029735,1945,train,1248.8257379358588,1.0,1.0,"(1, 2)",6122f332c9f0e8bb1209dc7d
111.29681615619346,39.91162298608638,1946,train,1250.0757379358593,1.0,1.0,"(1, 2)",6122f332c9f0e8bb1209dc7d
110.04690782974903,39.92676152914302,1947,train,1251.3257379358597,1.0,1.0,"(1, 2)",6122f332c9f0e8bb1209dc7d
108.7969995033046,39.94190007219966,1948,train,1252.5757379358602,1.0,1.0,"(1, 2)",6122f332c9f0e8bb1209dc7d
107.54709117686018,39.9570386152563,1949,train,1253.8257379358606,1.0,1.0,"(1, 2)",6122f332c9f0e8bb1209dc7d
106.29718285041575,39.972177158312945,1950,train,1255.075737935861,1.0,1.0,"(1, 2)",6122f332c9f0e8bb1209dc7d
105.04727452397132,39.98731570136958,1951,train,1256.3257379358615,1.0,1.0,"(1, 2)",6122f332c9f0e8bb1209dc7d
103.79733686634414,39.99766893490247,1952,train,1257.5757184706697,1.0,1.0,"(1, 2)",6122f332c9f0e8bb1209dc7d
102.54733687995359,39.997853385697375,1953,train,1258.825718470669,1.0,1.0,"(1, 2)",6122f332c9f0e8bb1209dc7d
101.29733689356304,39.99803783649228,1954,train,1260.0757184706683,1.0,1.0,"(1, 2)",6122f332c9f0e8bb1209dc7d
100.0473369071725,39.998222287287184,1955,train,1261.3257184706677,1.0,1.0,"(1, 2)",6122f332c9f0e8bb1209dc7d
98.79733692078194,39.99840673808209,1956,train,1262.575718470667,1.0,1.0,"(1, 2)",6122f332c9f0e8bb1209dc7d
97.5473369343914,39.99859118887699,1957,train,1263.8257184706663,1.0,1.0,"(1, 2)",6122f332c9f0e8bb1209dc7d
96.29733694800085,39.9987756396719,1958,train,1265.0757184706656,1.0,1.0,"(1, 2)",6122f332c9f0e8bb1209dc7d
95.0473369616103,39.9989600904668,1959,train,1266.325718470665,1.0,1.0,"(1, 2)",6122f332c9f0e8bb1209dc7d
93.79733697521975,39.99914454126161,1960,train,1267.5757184706642,1.0,1.0,"(1, 2)",6122f332c9f0e8bb1209dc7d
92.5473369888292,39.99932899205616,1961,train,1268.8257184706636,1.0,1.0,"(1, 2)",6122f332c9f0e8bb1209dc7d
91.29733700243865,39.999513442850706,1962,train,1270.0757184706629,1.0,1.0,"(1, 2)",6122f332c9f0e8bb1209dc7d
90.0473370160481,39.999697893645255,1963,train,1271.3257184706622,1.0,1.0,"(1, 2)",6122f332c9f0e8bb1209dc7d
88.79733702965756,39.999882344439804,1964,train,1272.5757184706615,1.0,1.0,"(1, 2)",6122f332c9f0e8bb1209dc7d
87.54733703619142,39.99997204937522,1965,train,1273.8257184673464,1.0,1.0,"(1, 2)",6122f332c9f0e8bb1209dc7d
86.29733703619398,39.99997429659456,1966,train,1275.075718467346,1.0,1.0,"(1, 2)",6122f332c9f0e8bb1209dc7d
85.04733703619654,39.99997654381421,1967,train,1276.3257184673455,1.0,1.0,"(1, 2)",6122f332c9f0e8bb1209dc7d
83.7973370361991,39.99997879103387,1968,train,1277.575718467345,1.0,1.0,"(1, 2)",6122f332c9f0e8bb1209dc7d
82.54733703620165,39.99998103825352,1969,train,1278.8257184673446,1.0,1.0,"(1, 2)",6122f332c9f0e8bb1209dc7d
81.29733703620421,39.99998328547318,1970,train,1280.0757184673441,1.0,1.0,"(1, 2)",6122f332c9f0e8bb1209dc7d
80.04733703620677,39.99998553269283,1971,train,1281.3257184673437,1.0,1.0,"(1, 2)",6122f332c9f0e8bb1209dc7d
78.79733703620933,39.99998777991249,1972,train,1282.5757184673432,1.0,1.0,"(1, 2)",6122f332c9f0e8bb1209dc7d
77.77418086589283,40.718076528705154,1973,train,1283.825718467343,1.0,1.0,"(1, 2)",6122f332c9f0e8bb1209dc7d
76.75102469557633,41.43616527749782,1974,train,1285.0757184673428,1.0,1.0,"(1, 2)",6122f332c9f0e8bb1209dc7d
75.72786852525984,42.15425402629049,1975,train,1286.3257184673425,1.0,1.0,"(1, 2)",6122f332c9f0e8bb1209dc7d
74.70471235494334,42.87234277508295,1976,train,1287.575718467342,1.0,1.0,"(1, 2)",6122f332c9f0e8bb1209dc7d
73.68155618462684,43.590431523874905,1977,train,1288.8257184673414,1.0,1.0,"(1, 2)",6122f332c9f0e8bb1209dc7d
72.65840001431035,44.30852027266686,1978,train,1290.0757184673407,1.0,1.0,"(1, 2)",6122f332c9f0e8bb1209dc7d
71.63524384399385,45.02660902145882,1979,train,1291.32571846734,1.0,1.0,"(1, 2)",6122f332c9f0e8bb1209dc7d
70.61208767367735,45.744697770250774,1980,train,1292.5757184673394,1.0,1.0,"(1, 2)",6122f332c9f0e8bb1209dc7d
69.58893150336085,46.46278651904273,1981,train,1293.8257184673387,1.0,1.0,"(1, 2)",6122f332c9f0e8bb1209dc7d
68.56577533304436,47.180875267834686,1982,train,1295.075718467338,1.0,1.0,"(1, 2)",6122f332c9f0e8bb1209dc7d
67.54261916272786,47.89896401662664,1983,train,1296.3257184673373,1.0,1.0,"(1, 2)",6122f332c9f0e8bb1209dc7d
66.51946299241136,48.6170527654186,1984,train,1297.5757184673366,1.0,1.0,"(1, 2)",6122f332c9f0e8bb1209dc7d
65.49630682209487,49.335141514210555,1985,train,1298.825718467336,1.0,1.0,"(1, 2)",6122f332c9f0e8bb1209dc7d
64.47315065177837,50.05323026300251,1986,train,1300.0757184673353,1.0,1.0,"(1, 2)",6122f332c9f0e8bb1209dc7d
63.44999448146149,50.77131901179447,1987,train,1301.3257184673348,1.0,1.0,"(1, 2)",6122f332c9f0e8bb1209dc7d
62.42683831114428,51.489407760586616,1988,train,1302.5757184673348,1.0,1.0,"(1, 2)",6122f332c9f0e8bb1209dc7d
61.40368214082707,52.20749650937903,1989,train,1303.825718467335,1.0,1.0,"(1, 2)",6122f332c9f0e8bb1209dc7d
60.380525970509865,52.92558525817144,1990,train,1305.0757184673353,1.0,1.0,"(1, 2)",6122f332c9f0e8bb1209dc7d
59.35736980019266,53.64367400696384,1991,train,1306.3257184673355,1.0,1.0,"(1, 2)",6122f332c9f0e8bb1209dc7d
58.33421362987545,54.36176275575625,1992,train,1307.5757184673357,1.0,1.0,"(1, 2)",6122f332c9f0e8bb1209dc7d
57.31105745955824,55.079851504548664,1993,train,1308.825718467336,1.0,1.0,"(1, 2)",6122f332c9f0e8bb1209dc7d
56.287901289241034,55.79794025334107,1994,train,1310.0757184673362,1.0,1.0,"(1, 2)",6122f332c9f0e8bb1209dc7d
56.18201542764225,56.99998450584565,1995,train,1311.2824173530014,1.0,1.0,"(1, 2)",6122f332c9f0e8bb1209dc7d
56.166848607565065,58.249892489486605,1996,train,1312.5324173530016,1.0,1.0,"(1, 2)",6122f332c9f0e8bb1209dc7d
56.15168178748788,59.49980047312756,1997,train,1313.7824173530018,1.0,1.0,"(1, 2)",6122f332c9f0e8bb1209dc7d
56.1365149674107,60.74970845676851,1998,train,1315.032417353002,1.0,1.0,"(1, 2)",6122f332c9f0e8bb1209dc7d
56.121348147333514,61.99961644040946,1999,train,1316.2824173530023,1.0,1.0,"(1, 2)",6122f332c9f0e8bb1209dc7d
56.10618132725633,63.24952442405041,2000,train,1317.5324173530025,1.0,1.0,"(1, 2)",6122f332c9f0e8bb1209dc7d
56.091014507179146,64.49943240769109,2001,train,1318.7824173530025,1.0,1.0,"(1, 2)",6122f332c9f0e8bb1209dc7d
56.07584768710196,65.74934039133133,2002,train,1320.032417353002,1.0,1.0,"(1, 2)",6122f332c9f0e8bb1209dc7d
56.06068086702478,66.99924837497157,2003,train,1321.2824173530016,1.0,1.0,"(1, 2)",6122f332c9f0e8bb1209dc7d
56.045514046947595,68.24915635861181,2004,train,1322.5324173530012,1.0,1.0,"(1, 2)",6122f332c9f0e8bb1209dc7d
56.03034722687032,69.49906434225205,2005,train,1323.7824173530007,1.0,1.0,"(1, 2)",6122f332c9f0e8bb1209dc7d
56.01518040679279,70.7489723258923,2006,train,1325.0324173530003,1.0,1.0,"(1, 2)",6122f332c9f0e8bb1209dc7d
56.002262102545046,71.99889411011284,2007,train,1326.2824058926492,1.0,1.0,"(1, 2)",6122f332c9f0e8bb1209dc7d
56.00208538799947,73.24889409762179,2008,train,1327.5324058926494,1.0,1.0,"(1, 2)",6122f332c9f0e8bb1209dc7d
56.0019086734539,74.49889408513073,2009,train,1328.7824058926496,1.0,1.0,"(1, 2)",6122f332c9f0e8bb1209dc7d
56.00173195890832,75.74889407263967,2010,train,1330.0324058926499,1.0,1.0,"(1, 2)",6122f332c9f0e8bb1209dc7d
56.00155524436275,76.99889406014861,2011,train,1331.28240589265,1.0,1.0,"(1, 2)",6122f332c9f0e8bb1209dc7d
56.001378529817174,78.24889404765756,2012,train,1332.5324058926503,1.0,1.0,"(1, 2)",6122f332c9f0e8bb1209dc7d
56.0012018152716,79.4988940351665,2013,train,1333.7824058926506,1.0,1.0,"(1, 2)",6122f332c9f0e8bb1209dc7d
56.00102510072634,80.74889402267544,2014,train,1335.0324058926508,1.0,1.0,"(1, 2)",6122f332c9f0e8bb1209dc7d
56.00084838618112,81.99889401018439,2015,train,1336.282405892651,1.0,1.0,"(1, 2)",6122f332c9f0e8bb1209dc7d
56.0006716716359,83.24889399769333,2016,train,1337.5324058926512,1.0,1.0,"(1, 2)",6122f332c9f0e8bb1209dc7d
56.00049495709068,84.49889398520227,2017,train,1338.7824058926515,1.0,1.0,"(1, 2)",6122f332c9f0e8bb1209dc7d
56.00031824254546,85.74889397271122,2018,train,1340.0324058926517,1.0,1.0,"(1, 2)",6122f332c9f0e8bb1209dc7d
56.00014152800024,86.99889396022016,2019,train,1341.282405892652,1.0,1.0,"(1, 2)",6122f332c9f0e8bb1209dc7d
56.00002594295874,88.24889395210057,2020,train,1342.5324058898764,1.0,1.0,"(1, 2)",6122f332c9f0e8bb1209dc7d
56.00002388413843,89.49889395209944,2021,train,1343.7824058898768,1.0,1.0,"(1, 2)",6122f332c9f0e8bb1209dc7d
56.000021825318115,90.7488939520983,2022,train,1345.0324058898773,1.0,1.0,"(1, 2)",6122f332c9f0e8bb1209dc7d
56.0000197664978,91.99889395209716,2023,train,1346.2824058898777,1.0,1.0,"(1, 2)",6122f332c9f0e8bb1209dc7d
56.000017707677486,93.24889395209603,2024,train,1347.5324058898782,1.0,1.0,"(1, 2)",6122f332c9f0e8bb1209dc7d
56.00001564885717,94.49889395209489,2025,train,1348.7824058898786,1.0,1.0,"(1, 2)",6122f332c9f0e8bb1209dc7d
56.00001359003686,95.74889395209375,2026,train,1350.032405889879,1.0,1.0,"(1, 2)",6122f332c9f0e8bb1209dc7d
56.00001153121654,96.99889395209262,2027,train,1351.2824058898796,1.0,1.0,"(1, 2)",6122f332c9f0e8bb1209dc7d
56.00000947239623,98.24889395209148,2028,train,1352.53240588988,1.0,1.0,"(1, 2)",6122f332c9f0e8bb1209dc7d
56.000007413575915,99.49889395209034,2029,train,1353.7824058898805,1.0,1.0,"(1, 2)",6122f332c9f0e8bb1209dc7d
56.000005354755466,100.7488939520892,2030,train,1355.032405889881,1.0,1.0,"(1, 2)",6122f332c9f0e8bb1209dc7d
56.000003295934796,101.99889395208807,2031,train,1356.2824058898814,1.0,1.0,"(1, 2)",6122f332c9f0e8bb1209dc7d
56.00000123711413,103.24889395208693,2032,train,1357.5324058898818,1.0,1.0,"(1, 2)",6122f332c9f0e8bb1209dc7d
56.0,104.0,2033,train,1358.283511937796,1.0,1.0,"(1, 2)",6122f332c9f0e8bb1209dc7d
56.0,104.0,2034,train,1358.283511937796,1.0,1.0,"(1, 2)",6122f332c9f0e8bb1209dc7d
56.0,104.0,2035,train,1358.283511937796,1.0,1.0,"(1, 2)",6122f332c9f0e8bb1209dc7d
56.0,104.0,2036,train,1358.283511937796,1.0,1.0,"(1, 2)",6122f332c9f0e8bb1209dc7d
56.0,104.0,2037,train,1358.283511937796,1.0,1.0,"(1, 2)",6122f332c9f0e8bb1209dc7d
56.0,104.0,2038,train,1358.283511937796,1.0,1.0,"(1, 2)",6122f332c9f0e8bb1209dc7d
56.0,104.0,2039,train,1358.283511937796,1.0,1.0,"(1, 2)",6122f332c9f0e8bb1209dc7d
56.0,104.0,2040,train,1358.283511937796,1.0,1.0,"(1, 2)",6122f332c9f0e8bb1209dc7d
56.0,104.0,2041,train,1358.283511937796,1.0,1.0,"(1, 2)",6122f332c9f0e8bb1209dc7d
56.0,104.0,2042,train,1358.283511937796,1.0,1.0,"(1, 2)",6122f332c9f0e8bb1209dc7d
56.0,104.0,2043,train,1358.283511937796,1.0,1.0,"(1, 2)",6122f332c9f0e8bb1209dc7d
56.0,104.0,2044,train,1358.283511937796,1.0,1.0,"(1, 2)",6122f332c9f0e8bb1209dc7d
56.0,104.0,2045,train,1358.283511937796,1.0,1.0,"(1, 2)",6122f332c9f0e8bb1209dc7d
56.0,104.0,2046,train,1358.283511937796,1.0,1.0,"(1, 2)",6122f332c9f0e8bb1209dc7d
56.0,104.0,2047,train,1358.283511937796,1.0,1.0,"(1, 2)",6122f332c9f0e8bb1209dc7d
56.0,104.0,2048,train,1358.283511937796,1.0,1.0,"(1, 2)",6122f332c9f0e8bb1209dc7d
56.0,104.0,2049,train,1358.283511937796,1.0,1.0,"(1, 2)",6122f332c9f0e8bb1209dc7d
56.0,104.0,2050,train,1358.283511937796,1.0,1.0,"(1, 2)",6122f332c9f0e8bb1209dc7d
56.0,104.0,2051,train,1358.283511937796,1.0,1.0,"(1, 2)",6122f332c9f0e8bb1209dc7d
56.0,104.0,2052,train,1358.283511937796,1.0,1.0,"(1, 2)",6122f332c9f0e8bb1209dc7d
56.0,104.0,2053,train,1358.283511937796,1.0,1.0,"(1, 2)",6122f332c9f0e8bb1209dc7d
56.0,104.0,2054,train,1358.283511937796,1.0,1.0,"(1, 2)",6122f332c9f0e8bb1209dc7d
56.0,104.0,2055,train,1358.283511937796,1.0,1.0,"(1, 2)",6122f332c9f0e8bb1209dc7d
56.0,104.0,2056,train,1358.283511937796,1.0,1.0,"(1, 2)",6122f332c9f0e8bb1209dc7d
56.0,104.0,2057,train,1358.283511937796,1.0,1.0,"(1, 2)",6122f332c9f0e8bb1209dc7d
56.0,104.0,2058,train,1358.283511937796,1.0,1.0,"(1, 2)",6122f332c9f0e8bb1209dc7d
56.0,104.0,2059,train,1358.283511937796,1.0,1.0,"(1, 2)",6122f332c9f0e8bb1209dc7d
56.0,104.0,2060,train,1358.283511937796,1.0,1.0,"(1, 2)",6122f332c9f0e8bb1209dc7d
56.0,104.0,2061,train,1358.283511937796,1.0,1.0,"(1, 2)",6122f332c9f0e8bb1209dc7d
56.0,104.0,2062,train,1358.283511937796,1.0,1.0,"(1, 2)",6122f332c9f0e8bb1209dc7d
56.0,104.0,2063,train,1358.283511937796,1.0,1.0,"(1, 2)",6122f332c9f0e8bb1209dc7d
56.0,104.0,2064,train,1358.283511937796,1.0,1.0,"(1, 2)",6122f332c9f0e8bb1209dc7d
56.0,104.0,2065,train,1358.283511937796,1.0,1.0,"(1, 2)",6122f332c9f0e8bb1209dc7d
56.0,104.0,2066,train,1358.283511937796,1.0,1.0,"(1, 2)",6122f332c9f0e8bb1209dc7d
56.0,104.0,2067,train,1358.283511937796,1.0,1.0,"(1, 2)",6122f332c9f0e8bb1209dc7d
56.0,104.0,2068,train,1358.283511937796,1.0,1.0,"(1, 2)",6122f332c9f0e8bb1209dc7d
56.0,104.0,2069,train,1358.283511937796,1.0,1.0,"(1, 2)",6122f332c9f0e8bb1209dc7d
56.0,104.0,2070,train,1358.283511937796,1.0,1.0,"(1, 2)",6122f332c9f0e8bb1209dc7d
56.0,104.0,2071,train,1358.283511937796,1.0,1.0,"(1, 2)",6122f332c9f0e8bb1209dc7d
56.0,104.0,2072,train,1358.283511937796,1.0,1.0,"(1, 2)",6122f332c9f0e8bb1209dc7d
56.0,104.0,2073,train,1358.283511937796,1.0,1.0,"(1, 2)",6122f332c9f0e8bb1209dc7d
56.0,104.0,2074,train,1358.283511937796,1.0,1.0,"(1, 2)",6122f332c9f0e8bb1209dc7d
56.0,104.0,2075,train,1358.283511937796,1.0,1.0,"(1, 2)",6122f332c9f0e8bb1209dc7d
56.0,104.0,2076,train,1358.283511937796,1.0,1.0,"(1, 2)",6122f332c9f0e8bb1209dc7d
56.0,104.0,2077,train,1358.283511937796,1.0,1.0,"(1, 2)",6122f332c9f0e8bb1209dc7d
56.0,104.0,2078,train,1358.283511937796,1.0,1.0,"(1, 2)",6122f332c9f0e8bb1209dc7d
56.0,104.0,2079,train,1358.283511937796,1.0,1.0,"(1, 2)",6122f332c9f0e8bb1209dc7d
56.0,104.0,2080,train,1358.283511937796,1.0,1.0,"(1, 2)",6122f332c9f0e8bb1209dc7d
56.0,104.0,2081,train,1358.283511937796,1.0,1.0,"(1, 2)",6122f332c9f0e8bb1209dc7d
56.0,104.0,2082,train,1358.283511937796,1.0,1.0,"(1, 2)",6122f332c9f0e8bb1209dc7d
56.0,104.0,2083,train,1358.283511937796,1.0,1.0,"(1, 2)",6122f332c9f0e8bb1209dc7d
56.0,104.0,2084,train,1358.283511937796,1.0,1.0,"(1, 2)",6122f332c9f0e8bb1209dc7d
56.0,104.0,2085,train,1358.283511937796,1.0,1.0,"(1, 2)",6122f332c9f0e8bb1209dc7d
56.0,104.0,2086,train,1358.283511937796,1.0,1.0,"(1, 2)",6122f332c9f0e8bb1209dc7d
56.0,104.0,2087,train,1358.283511937796,1.0,1.0,"(1, 2)",6122f332c9f0e8bb1209dc7d
56.0,104.0,2088,train,1358.283511937796,1.0,1.0,"(1, 2)",6122f332c9f0e8bb1209dc7d
56.0,104.0,2089,train,1358.283511937796,1.0,1.0,"(1, 2)",6122f332c9f0e8bb1209dc7d
56.0,104.0,2090,train,1358.283511937796,1.0,1.0,"(1, 2)",6122f332c9f0e8bb1209dc7d
56.0,104.0,2091,train,1358.283511937796,1.0,1.0,"(1, 2)",6122f332c9f0e8bb1209dc7d
56.0,104.0,2092,train,1358.283511937796,1.0,1.0,"(1, 2)",6122f332c9f0e8bb1209dc7d
56.0,104.0,2093,train,1358.283511937796,1.0,1.0,"(1, 2)",6122f332c9f0e8bb1209dc7d
56.0,104.0,2094,train,1358.283511937796,1.0,1.0,"(1, 2)",6122f332c9f0e8bb1209dc7d
56.0,104.0,2095,train,1358.283511937796,1.0,1.0,"(1, 2)",6122f332c9f0e8bb1209dc7d
56.0,104.0,2096,train,1358.283511937796,1.0,1.0,"(1, 2)",6122f332c9f0e8bb1209dc7d
56.0,104.0,2097,train,1358.283511937796,1.0,1.0,"(1, 2)",6122f332c9f0e8bb1209dc7d
56.0,104.0,2098,train,1358.283511937796,1.0,1.0,"(1, 2)",6122f332c9f0e8bb1209dc7d
56.0,104.0,2099,train,1358.283511937796,1.0,1.0,"(1, 2)",6122f332c9f0e8bb1209dc7d
56.0,104.0,2100,train,1358.283511937796,1.0,1.0,"(1, 2)",6122f332c9f0e8bb1209dc7d
56.0,104.0,2101,train,1358.283511937796,1.0,1.0,"(1, 2)",6122f332c9f0e8bb1209dc7d
56.0,104.0,2102,train,1358.283511937796,1.0,1.0,"(1, 2)",6122f332c9f0e8bb1209dc7d
56.0,104.0,2103,train,1358.283511937796,1.0,1.0,"(1, 2)",6122f332c9f0e8bb1209dc7d
56.0,104.0,2104,train,1358.283511937796,1.0,1.0,"(1, 2)",6122f332c9f0e8bb1209dc7d
56.0,104.0,2105,train,1358.283511937796,1.0,1.0,"(1, 2)",6122f332c9f0e8bb1209dc7d
56.0,104.0,2106,train,1358.283511937796,1.0,1.0,"(1, 2)",6122f332c9f0e8bb1209dc7d
56.0,104.0,2107,train,1358.283511937796,1.0,1.0,"(1, 2)",6122f332c9f0e8bb1209dc7d
56.0,104.0,2108,train,1358.283511937796,1.0,1.0,"(1, 2)",6122f332c9f0e8bb1209dc7d
56.0,104.0,2109,train,1358.283511937796,1.0,1.0,"(1, 2)",6122f332c9f0e8bb1209dc7d
56.0,104.0,2110,train,1358.283511937796,1.0,1.0,"(1, 2)",6122f332c9f0e8bb1209dc7d
56.0,104.0,2111,train,1358.283511937796,1.0,1.0,"(1, 2)",6122f332c9f0e8bb1209dc7d
56.0,104.0,2112,train,1358.283511937796,1.0,1.0,"(1, 2)",6122f332c9f0e8bb1209dc7d
56.0,104.0,2113,train,1358.283511937796,1.0,1.0,"(1, 2)",6122f332c9f0e8bb1209dc7d
56.0,104.0,2114,train,1358.283511937796,1.0,1.0,"(1, 2)",6122f332c9f0e8bb1209dc7d
56.0,104.0,2115,train,1358.283511937796,1.0,1.0,"(1, 2)",6122f332c9f0e8bb1209dc7d
56.0,104.0,2116,train,1358.283511937796,1.0,1.0,"(1, 2)",6122f332c9f0e8bb1209dc7d
56.0,104.0,2117,train,1358.283511937796,1.0,1.0,"(1, 2)",6122f332c9f0e8bb1209dc7d
56.0,104.0,2118,train,1358.283511937796,1.0,1.0,"(1, 2)",6122f332c9f0e8bb1209dc7d
56.0,104.0,2119,train,1358.283511937796,1.0,1.0,"(1, 2)",6122f332c9f0e8bb1209dc7d
56.0,104.0,2120,train,1358.283511937796,1.0,1.0,"(1, 2)",6122f332c9f0e8bb1209dc7d
56.0,104.0,2121,train,1358.283511937796,1.0,1.0,"(1, 2)",6122f332c9f0e8bb1209dc7d
56.0,104.0,2122,train,1358.283511937796,1.0,1.0,"(1, 2)",6122f332c9f0e8bb1209dc7d
56.0,104.0,2123,train,1358.283511937796,1.0,1.0,"(1, 2)",6122f332c9f0e8bb1209dc7d
56.0,104.0,2124,train,1358.283511937796,1.0,1.0,"(1, 2)",6122f332c9f0e8bb1209dc7d
56.0,104.0,2125,train,1358.283511937796,1.0,1.0,"(1, 2)",6122f332c9f0e8bb1209dc7d
56.0,104.0,2126,train,1358.283511937796,1.0,1.0,"(1, 2)",6122f332c9f0e8bb1209dc7d
56.0,104.0,2127,train,1358.283511937796,1.0,1.0,"(1, 2)",6122f332c9f0e8bb1209dc7d
56.0,104.0,2128,train,1358.283511937796,1.0,1.0,"(1, 2)",6122f332c9f0e8bb1209dc7d
56.0,104.0,2129,train,1358.283511937796,1.0,1.0,"(1, 2)",6122f332c9f0e8bb1209dc7d
56.0,104.0,2130,train,1358.283511937796,1.0,1.0,"(1, 2)",6122f332c9f0e8bb1209dc7d
56.0,104.0,2131,train,1358.283511937796,1.0,1.0,"(1, 2)",6122f332c9f0e8bb1209dc7d
56.0,104.0,2132,train,1358.283511937796,1.0,1.0,"(1, 2)",6122f332c9f0e8bb1209dc7d
56.0,104.0,2133,train,1358.283511937796,1.0,1.0,"(1, 2)",6122f332c9f0e8bb1209dc7d
56.0,104.0,2134,train,1358.283511937796,1.0,1.0,"(1, 2)",6122f332c9f0e8bb1209dc7d
56.0,104.0,2135,train,1358.283511937796,1.0,1.0,"(1, 2)",6122f332c9f0e8bb1209dc7d
56.0,104.0,2136,train,1358.283511937796,1.0,1.0,"(1, 2)",6122f332c9f0e8bb1209dc7d
56.0,104.0,2137,train,1358.283511937796,1.0,1.0,"(1, 2)",6122f332c9f0e8bb1209dc7d
56.0,104.0,2138,train,1358.283511937796,1.0,1.0,"(1, 2)",6122f332c9f0e8bb1209dc7d
56.0,104.0,2139,train,1358.283511937796,1.0,1.0,"(1, 2)",6122f332c9f0e8bb1209dc7d
56.0,104.0,2140,train,1358.283511937796,1.0,1.0,"(1, 2)",6122f332c9f0e8bb1209dc7d
56.0,104.0,2141,train,1358.283511937796,1.0,1.0,"(1, 2)",6122f332c9f0e8bb1209dc7d
56.0,104.0,2142,train,1358.283511937796,1.0,1.0,"(1, 2)",6122f332c9f0e8bb1209dc7d
56.0,104.0,2143,train,1358.283511937796,1.0,1.0,"(1, 2)",6122f332c9f0e8bb1209dc7d
56.0,104.0,2144,train,1358.283511937796,1.0,1.0,"(1, 2)",6122f332c9f0e8bb1209dc7d
56.0,104.0,2145,train,1358.283511937796,1.0,1.0,"(1, 2)",6122f332c9f0e8bb1209dc7d
56.0,104.0,2146,train,1358.283511937796,1.0,1.0,"(1, 2)",6122f332c9f0e8bb1209dc7d
56.0,104.0,2147,train,1358.283511937796,1.0,1.0,"(1, 2)",6122f332c9f0e8bb1209dc7d
56.0,104.0,2148,train,1358.283511937796,1.0,1.0,"(1, 2)",6122f332c9f0e8bb1209dc7d
56.0,104.0,2149,train,1358.283511937796,1.0,1.0,"(1, 2)",6122f332c9f0e8bb1209dc7d
56.0,104.0,2150,train,1358.283511937796,1.0,1.0,"(1, 2)",6122f332c9f0e8bb1209dc7d
56.0,104.0,2151,train,1358.283511937796,1.0,1.0,"(1, 2)",6122f332c9f0e8bb1209dc7d
56.0,104.0,2152,train,1358.283511937796,1.0,1.0,"(1, 2)",6122f332c9f0e8bb1209dc7d
56.0,104.0,2153,train,1358.283511937796,1.0,1.0,"(1, 2)",6122f332c9f0e8bb1209dc7d
56.0,104.0,2154,train,1358.283511937796,1.0,1.0,"(1, 2)",6122f332c9f0e8bb1209dc7d
56.0,104.0,2155,train,1358.283511937796,1.0,1.0,"(1, 2)",6122f332c9f0e8bb1209dc7d
56.0,104.0,2156,train,1358.283511937796,1.0,1.0,"(1, 2)",6122f332c9f0e8bb1209dc7d
56.0,104.0,2157,train,1358.283511937796,1.0,1.0,"(1, 2)",6122f332c9f0e8bb1209dc7d
56.0,104.0,2158,train,1358.283511937796,1.0,1.0,"(1, 2)",6122f332c9f0e8bb1209dc7d
56.0,104.0,2159,train,1358.283511937796,1.0,1.0,"(1, 2)",6122f332c9f0e8bb1209dc7d
56.0,104.0,2160,train,1358.283511937796,1.0,1.0,"(1, 2)",6122f332c9f0e8bb1209dc7d
56.0,104.0,2161,train,1358.283511937796,1.0,1.0,"(1, 2)",6122f332c9f0e8bb1209dc7d
56.0,102.74999999999972,2162,train,1359.5335119377962,1.0,1.0,"(1, 2)",6122f332c9f0e8bb1209dc7d
56.0,101.49999999999943,2163,train,1360.7835119377964,1.0,1.0,"(1, 2)",6122f332c9f0e8bb1209dc7d
56.0,100.24999999999915,2164,train,1362.0335119377967,1.0,1.0,"(1, 2)",6122f332c9f0e8bb1209dc7d
56.0,98.99999999999886,2165,train,1363.283511937797,1.0,1.0,"(1, 2)",6122f332c9f0e8bb1209dc7d
56.0,97.74999999999858,2166,train,1364.5335119377971,1.0,1.0,"(1, 2)",6122f332c9f0e8bb1209dc7d
56.0,96.4999999999983,2167,train,1365.7835119377974,1.0,1.0,"(1, 2)",6122f332c9f0e8bb1209dc7d
56.0,95.24999999999801,2168,train,1367.0335119377976,1.0,1.0,"(1, 2)",6122f332c9f0e8bb1209dc7d
56.0,93.99999999999773,2169,train,1368.2835119377978,1.0,1.0,"(1, 2)",6122f332c9f0e8bb1209dc7d
56.0,92.74999999999744,2170,train,1369.533511937798,1.0,1.0,"(1, 2)",6122f332c9f0e8bb1209dc7d
56.0,91.49999999999716,2171,train,1370.7835119377983,1.0,1.0,"(1, 2)",6122f332c9f0e8bb1209dc7d
56.0,90.24999999999687,2172,train,1372.0335119377985,1.0,1.0,"(1, 2)",6122f332c9f0e8bb1209dc7d
56.0,88.99999999999659,2173,train,1373.2835119377987,1.0,1.0,"(1, 2)",6122f332c9f0e8bb1209dc7d
56.0,87.7499999999963,2174,train,1374.533511937799,1.0,1.0,"(1, 2)",6122f332c9f0e8bb1209dc7d
56.0,86.49999999999602,2175,train,1375.7835119377992,1.0,1.0,"(1, 2)",6122f332c9f0e8bb1209dc7d
56.0,85.24999999999574,2176,train,1377.0335119377994,1.0,1.0,"(1, 2)",6122f332c9f0e8bb1209dc7d
56.0,83.99999999999545,2177,train,1378.2835119377996,1.0,1.0,"(1, 2)",6122f332c9f0e8bb1209dc7d
56.0,82.74999999999517,2178,train,1379.5335119377999,1.0,1.0,"(1, 2)",6122f332c9f0e8bb1209dc7d
56.0,81.49999999999488,2179,train,1380.7835119378,1.0,1.0,"(1, 2)",6122f332c9f0e8bb1209dc7d
56.0,80.2499999999946,2180,train,1382.0335119378003,1.0,1.0,"(1, 2)",6122f332c9f0e8bb1209dc7d
56.0,78.99999999999432,2181,train,1383.2835119378005,1.0,1.0,"(1, 2)",6122f332c9f0e8bb1209dc7d
56.0,77.74999999999403,2182,train,1384.5335119378008,1.0,1.0,"(1, 2)",6122f332c9f0e8bb1209dc7d
56.0,76.49999999999375,2183,train,1385.783511937801,1.0,1.0,"(1, 2)",6122f332c9f0e8bb1209dc7d
56.0,75.24999999999346,2184,train,1387.0335119378012,1.0,1.0,"(1, 2)",6122f332c9f0e8bb1209dc7d
56.0,73.99999999999318,2185,train,1388.2835119378014,1.0,1.0,"(1, 2)",6122f332c9f0e8bb1209dc7d
56.0,72.7499999999929,2186,train,1389.5335119378017,1.0,1.0,"(1, 2)",6122f332c9f0e8bb1209dc7d
56.0,71.49999999999261,2187,train,1390.783511937802,1.0,1.0,"(1, 2)",6122f332c9f0e8bb1209dc7d
56.0,70.24999999999233,2188,train,1392.0335119378021,1.0,1.0,"(1, 2)",6122f332c9f0e8bb1209dc7d
56.0,68.99999999999204,2189,train,1393.2835119378024,1.0,1.0,"(1, 2)",6122f332c9f0e8bb1209dc7d
56.0,67.74999999999176,2190,train,1394.5335119378026,1.0,1.0,"(1, 2)",6122f332c9f0e8bb1209dc7d
56.0,66.49999999999147,2191,train,1395.7835119378028,1.0,1.0,"(1, 2)",6122f332c9f0e8bb1209dc7d
56.0,65.24999999999119,2192,train,1397.033511937803,1.0,1.0,"(1, 2)",6122f332c9f0e8bb1209dc7d
56.0,63.999999999990905,2193,train,1398.2835119378033,1.0,1.0,"(1, 2)",6122f332c9f0e8bb1209dc7d
56.0,62.74999999999062,2194,train,1399.5335119378035,1.0,1.0,"(1, 2)",6122f332c9f0e8bb1209dc7d
56.0,61.49999999999034,2195,train,1400.7835119378037,1.0,1.0,"(1, 2)",6122f332c9f0e8bb1209dc7d
56.0,60.24999999999005,2196,train,1402.033511937804,1.0,1.0,"(1, 2)",6122f332c9f0e8bb1209dc7d
56.0,58.99999999998977,2197,train,1403.2835119378042,1.0,1.0,"(1, 2)",6122f332c9f0e8bb1209dc7d
56.0,57.749999999989484,2198,train,1404.5335119378044,1.0,1.0,"(1, 2)",6122f332c9f0e8bb1209dc7d
56.0,56.4999999999892,2199,train,1405.7835119378046,1.0,1.0,"(1, 2)",6122f332c9f0e8bb1209dc7d
56.0,56.0,2200,train,1406.2835119377937,1.0,1.0,"(1, 2)",6122f332c9f0e8bb1209dc7d
56.0,56.0,2201,train,1406.2835119377937,1.0,1.0,"(1, 2)",6122f332c9f0e8bb1209dc7d
56.0,56.0,2202,train,1406.2835119377937,1.0,1.0,"(1, 2)",6122f332c9f0e8bb1209dc7d
56.0,56.0,2203,train,1406.2835119377937,1.0,1.0,"(1, 2)",6122f332c9f0e8bb1209dc7d
56.0,56.0,2204,train,1406.2835119377937,1.0,1.0,"(1, 2)",6122f332c9f0e8bb1209dc7d
56.0,56.0,2205,train,1406.2835119377937,1.0,1.0,"(1, 2)",6122f332c9f0e8bb1209dc7d
56.0,56.0,2206,train,1406.2835119377937,1.0,1.0,"(1, 2)",6122f332c9f0e8bb1209dc7d
56.0,56.0,2207,train,1406.2835119377937,1.0,1.0,"(1, 2)",6122f332c9f0e8bb1209dc7d
56.0,56.0,2208,train,1406.2835119377937,1.0,1.0,"(1, 2)",6122f332c9f0e8bb1209dc7d
56.0,56.0,2209,train,1406.2835119377937,1.0,1.0,"(1, 2)",6122f332c9f0e8bb1209dc7d
56.0,56.0,2210,train,1406.2835119377937,1.0,1.0,"(1, 2)",6122f332c9f0e8bb1209dc7d
56.0,56.0,2211,train,1406.2835119377937,1.0,1.0,"(1, 2)",6122f332c9f0e8bb1209dc7d
56.0,56.0,2212,train,1406.2835119377937,1.0,1.0,"(1, 2)",6122f332c9f0e8bb1209dc7d
56.0,56.0,2213,train,1406.2835119377937,1.0,1.0,"(1, 2)",6122f332c9f0e8bb1209dc7d
56.0,56.0,2214,train,1406.2835119377937,1.0,1.0,"(1, 2)",6122f332c9f0e8bb1209dc7d
56.0,56.0,2215,train,1406.2835119377937,1.0,1.0,"(1, 2)",6122f332c9f0e8bb1209dc7d
56.0,56.0,2216,train,1406.2835119377937,1.0,1.0,"(1, 2)",6122f332c9f0e8bb1209dc7d
56.0,56.0,2217,train,1406.2835119377937,1.0,1.0,"(1, 2)",6122f332c9f0e8bb1209dc7d
56.0,56.0,2218,train,1406.2835119377937,1.0,1.0,"(1, 2)",6122f332c9f0e8bb1209dc7d
56.0,56.0,2219,train,1406.2835119377937,1.0,1.0,"(1, 2)",6122f332c9f0e8bb1209dc7d
56.0,56.0,2220,train,1406.2835119377937,1.0,1.0,"(1, 2)",6122f332c9f0e8bb1209dc7d
56.0,56.0,2221,train,1406.2835119377937,1.0,1.0,"(1, 2)",6122f332c9f0e8bb1209dc7d
56.0,56.0,2222,train,1406.2835119377937,1.0,1.0,"(1, 2)",6122f332c9f0e8bb1209dc7d
56.0,56.0,2223,train,1406.2835119377937,1.0,1.0,"(1, 2)",6122f332c9f0e8bb1209dc7d
56.0,56.0,2224,train,1406.2835119377937,1.0,1.0,"(1, 2)",6122f332c9f0e8bb1209dc7d
56.0,56.0,2225,train,1406.2835119377937,1.0,1.0,"(1, 2)",6122f332c9f0e8bb1209dc7d
56.0,56.0,2226,train,1406.2835119377937,1.0,1.0,"(1, 2)",6122f332c9f0e8bb1209dc7d
56.0,56.0,2227,train,1406.2835119377937,1.0,1.0,"(1, 2)",6122f332c9f0e8bb1209dc7d
56.0,56.0,2228,train,1406.2835119377937,1.0,1.0,"(1, 2)",6122f332c9f0e8bb1209dc7d
56.0,56.0,2229,train,1406.2835119377937,1.0,1.0,"(1, 2)",6122f332c9f0e8bb1209dc7d
56.0,56.0,2230,train,1406.2835119377937,1.0,1.0,"(1, 2)",6122f332c9f0e8bb1209dc7d
56.0,56.0,2231,train,1406.2835119377937,1.0,1.0,"(1, 2)",6122f332c9f0e8bb1209dc7d
56.0,56.0,2232,train,1406.2835119377937,1.0,1.0,"(1, 2)",6122f332c9f0e8bb1209dc7d
56.0,56.0,2233,train,1406.2835119377937,1.0,1.0,"(1, 2)",6122f332c9f0e8bb1209dc7d
56.0,56.0,2234,train,1406.2835119377937,1.0,1.0,"(1, 2)",6122f332c9f0e8bb1209dc7d
56.0,56.0,2235,train,1406.2835119377937,1.0,1.0,"(1, 2)",6122f332c9f0e8bb1209dc7d
56.0,56.0,2236,train,1406.2835119377937,1.0,1.0,"(1, 2)",6122f332c9f0e8bb1209dc7d
56.0,56.0,2237,train,1406.2835119377937,1.0,1.0,"(1, 2)",6122f332c9f0e8bb1209dc7d
56.0,56.0,2238,train,1406.2835119377937,1.0,1.0,"(1, 2)",6122f332c9f0e8bb1209dc7d
56.0,56.0,2239,train,1406.2835119377937,1.0,1.0,"(1, 2)",6122f332c9f0e8bb1209dc7d
56.0,56.0,2240,train,1406.2835119377937,1.0,1.0,"(1, 2)",6122f332c9f0e8bb1209dc7d
56.0,56.0,2241,train,1406.2835119377937,1.0,1.0,"(1, 2)",6122f332c9f0e8bb1209dc7d
56.0,56.0,2242,train,1406.2835119377937,1.0,1.0,"(1, 2)",6122f332c9f0e8bb1209dc7d
56.0,56.0,2243,train,1406.2835119377937,1.0,1.0,"(1, 2)",6122f332c9f0e8bb1209dc7d
56.0,56.0,2244,train,1406.2835119377937,1.0,1.0,"(1, 2)",6122f332c9f0e8bb1209dc7d
56.0,56.0,2245,train,1406.2835119377937,1.0,1.0,"(1, 2)",6122f332c9f0e8bb1209dc7d
56.0,56.0,2246,train,1406.2835119377937,1.0,1.0,"(1, 2)",6122f332c9f0e8bb1209dc7d
56.0,56.0,2247,train,1406.2835119377937,1.0,1.0,"(1, 2)",6122f332c9f0e8bb1209dc7d
56.0,56.0,2248,train,1406.2835119377937,1.0,1.0,"(1, 2)",6122f332c9f0e8bb1209dc7d
56.0,56.0,2249,train,1406.2835119377937,1.0,1.0,"(1, 2)",6122f332c9f0e8bb1209dc7d
56.0,56.0,2250,train,1406.2835119377937,1.0,1.0,"(1, 2)",6122f332c9f0e8bb1209dc7d
56.0,56.0,2251,train,1406.2835119377937,1.0,1.0,"(1, 2)",6122f332c9f0e8bb1209dc7d
56.0,56.0,2252,train,1406.2835119377937,1.0,1.0,"(1, 2)",6122f332c9f0e8bb1209dc7d
56.0,56.0,2253,train,1406.2835119377937,1.0,1.0,"(1, 2)",6122f332c9f0e8bb1209dc7d
56.0,56.0,2254,train,1406.2835119377937,1.0,1.0,"(1, 2)",6122f332c9f0e8bb1209dc7d
56.0,56.0,2255,train,1406.2835119377937,1.0,1.0,"(1, 2)",6122f332c9f0e8bb1209dc7d
56.0,56.0,2256,train,1406.2835119377937,1.0,1.0,"(1, 2)",6122f332c9f0e8bb1209dc7d
56.0,56.0,2257,train,1406.2835119377937,1.0,1.0,"(1, 2)",6122f332c9f0e8bb1209dc7d
56.0,56.0,2258,train,1406.2835119377937,1.0,1.0,"(1, 2)",6122f332c9f0e8bb1209dc7d
56.0,56.0,2259,train,1406.2835119377937,1.0,1.0,"(1, 2)",6122f332c9f0e8bb1209dc7d
56.0,56.0,2260,train,1406.2835119377937,1.0,1.0,"(1, 2)",6122f332c9f0e8bb1209dc7d
56.0,56.0,2261,train,1406.2835119377937,1.0,1.0,"(1, 2)",6122f332c9f0e8bb1209dc7d
56.0,56.0,2262,train,1406.2835119377937,1.0,1.0,"(1, 2)",6122f332c9f0e8bb1209dc7d
56.0,56.0,2263,train,1406.2835119377937,1.0,1.0,"(1, 2)",6122f332c9f0e8bb1209dc7d
56.0,56.0,2264,train,1406.2835119377937,1.0,1.0,"(1, 2)",6122f332c9f0e8bb1209dc7d
56.0,56.0,2265,train,1406.2835119377937,1.0,1.0,"(1, 2)",6122f332c9f0e8bb1209dc7d
56.0,56.0,2266,train,1406.2835119377937,1.0,1.0,"(1, 2)",6122f332c9f0e8bb1209dc7d
56.0,56.0,2267,train,1406.2835119377937,1.0,1.0,"(1, 2)",6122f332c9f0e8bb1209dc7d
56.0,56.0,2268,train,1406.2835119377937,1.0,1.0,"(1, 2)",6122f332c9f0e8bb1209dc7d
56.0,56.0,2269,train,1406.2835119377937,1.0,1.0,"(1, 2)",6122f332c9f0e8bb1209dc7d
56.0,56.0,2270,train,1406.2835119377937,1.0,1.0,"(1, 2)",6122f332c9f0e8bb1209dc7d
56.0,56.0,2271,train,1406.2835119377937,1.0,1.0,"(1, 2)",6122f332c9f0e8bb1209dc7d
56.0,56.0,2272,train,1406.2835119377937,1.0,1.0,"(1, 2)",6122f332c9f0e8bb1209dc7d
56.0,56.0,2273,train,1406.2835119377937,1.0,1.0,"(1, 2)",6122f332c9f0e8bb1209dc7d
56.0,56.0,2274,train,1406.2835119377937,1.0,1.0,"(1, 2)",6122f332c9f0e8bb1209dc7d
56.0,56.0,2275,train,1406.2835119377937,1.0,1.0,"(1, 2)",6122f332c9f0e8bb1209dc7d
56.0,56.0,2276,train,1406.2835119377937,1.0,1.0,"(1, 2)",6122f332c9f0e8bb1209dc7d
56.0,56.0,2277,train,1406.2835119377937,1.0,1.0,"(1, 2)",6122f332c9f0e8bb1209dc7d
56.0,56.0,2278,train,1406.2835119377937,1.0,1.0,"(1, 2)",6122f332c9f0e8bb1209dc7d
56.0,56.0,2279,train,1406.2835119377937,1.0,1.0,"(1, 2)",6122f332c9f0e8bb1209dc7d
56.0,56.0,2280,train,1406.2835119377937,1.0,1.0,"(1, 2)",6122f332c9f0e8bb1209dc7d
56.0,56.0,2281,train,1406.2835119377937,1.0,1.0,"(1, 2)",6122f332c9f0e8bb1209dc7d
56.0,56.0,2282,train,1406.2835119377937,1.0,1.0,"(1, 2)",6122f332c9f0e8bb1209dc7d
56.0,56.0,2283,train,1406.2835119377937,1.0,1.0,"(1, 2)",6122f332c9f0e8bb1209dc7d
56.0,56.0,2284,train,1406.2835119377937,1.0,1.0,"(1, 2)",6122f332c9f0e8bb1209dc7d
56.0,56.0,2285,train,1406.2835119377937,1.0,1.0,"(1, 2)",6122f332c9f0e8bb1209dc7d
56.0,56.0,2286,train,1406.2835119377937,1.0,1.0,"(1, 2)",6122f332c9f0e8bb1209dc7d
56.0,56.0,2287,train,1406.2835119377937,1.0,1.0,"(1, 2)",6122f332c9f0e8bb1209dc7d
56.0,56.0,2288,train,1406.2835119377937,1.0,1.0,"(1, 2)",6122f332c9f0e8bb1209dc7d
56.0,56.0,2289,train,1406.2835119377937,1.0,1.0,"(1, 2)",6122f332c9f0e8bb1209dc7d
56.0,56.0,2290,train,1406.2835119377937,1.0,1.0,"(1, 2)",6122f332c9f0e8bb1209dc7d
56.0,56.0,2291,train,1406.2835119377937,1.0,1.0,"(1, 2)",6122f332c9f0e8bb1209dc7d
56.0,56.0,2292,train,1406.2835119377937,1.0,1.0,"(1, 2)",6122f332c9f0e8bb1209dc7d
56.0,56.0,2293,train,1406.2835119377937,1.0,1.0,"(1, 2)",6122f332c9f0e8bb1209dc7d
56.0,56.0,2294,train,1406.2835119377937,1.0,1.0,"(1, 2)",6122f332c9f0e8bb1209dc7d
56.0,56.0,2295,train,1406.2835119377937,1.0,1.0,"(1, 2)",6122f332c9f0e8bb1209dc7d
56.0,56.0,2296,train,1406.2835119377937,1.0,1.0,"(1, 2)",6122f332c9f0e8bb1209dc7d
56.0,56.0,2297,train,1406.2835119377937,1.0,1.0,"(1, 2)",6122f332c9f0e8bb1209dc7d
56.0,56.0,2298,train,1406.2835119377937,1.0,1.0,"(1, 2)",6122f332c9f0e8bb1209dc7d
56.0,56.0,2299,train,1406.2835119377937,1.0,1.0,"(1, 2)",6122f332c9f0e8bb1209dc7d
56.0,56.0,2300,train,1406.2835119377937,1.0,1.0,"(1, 2)",6122f332c9f0e8bb1209dc7d
56.0,56.0,2301,train,1406.2835119377937,1.0,1.0,"(1, 2)",6122f332c9f0e8bb1209dc7d
56.0,56.0,2302,train,1406.2835119377937,1.0,1.0,"(1, 2)",6122f332c9f0e8bb1209dc7d
56.0,56.0,2303,train,1406.2835119377937,1.0,1.0,"(1, 2)",6122f332c9f0e8bb1209dc7d
56.0,56.0,2304,train,1406.2835119377937,1.0,1.0,"(1, 2)",6122f332c9f0e8bb1209dc7d
56.0,56.0,2305,train,1406.2835119377937,1.0,1.0,"(1, 2)",6122f332c9f0e8bb1209dc7d
56.88388347648305,55.11611652351695,2306,train,1407.5335119377935,1.0,1.0,"(1, 2)",6122f332c9f0e8bb1209dc7d
57.7677669529661,54.2322330470339,2307,train,1408.7835119377933,1.0,1.0,"(1, 2)",6122f332c9f0e8bb1209dc7d
58.65165042944915,53.34834957055085,2308,train,1410.033511937793,1.0,1.0,"(1, 2)",6122f332c9f0e8bb1209dc7d
59.5355339059322,52.4644660940678,2309,train,1411.2835119377928,1.0,1.0,"(1, 2)",6122f332c9f0e8bb1209dc7d
60.41941738241525,51.58058261758475,2310,train,1412.5335119377926,1.0,1.0,"(1, 2)",6122f332c9f0e8bb1209dc7d
61.3033008588983,50.6966991411017,2311,train,1413.7835119377924,1.0,1.0,"(1, 2)",6122f332c9f0e8bb1209dc7d
62.187184335381346,49.812815664618654,2312,train,1415.0335119377921,1.0,1.0,"(1, 2)",6122f332c9f0e8bb1209dc7d
63.071067811864395,48.928932188135605,2313,train,1416.283511937792,1.0,1.0,"(1, 2)",6122f332c9f0e8bb1209dc7d
63.954951288347445,48.045048711652555,2314,train,1417.5335119377917,1.0,1.0,"(1, 2)",6122f332c9f0e8bb1209dc7d
64.8388347648305,47.161165235169506,2315,train,1418.7835119377914,1.0,1.0,"(1, 2)",6122f332c9f0e8bb1209dc7d
65.72271824131354,46.277281758686456,2316,train,1420.0335119377912,1.0,1.0,"(1, 2)",6122f332c9f0e8bb1209dc7d
66.6066017177966,45.39339828220341,2317,train,1421.283511937791,1.0,1.0,"(1, 2)",6122f332c9f0e8bb1209dc7d
67.49048519427964,44.50951480572036,2318,train,1422.5335119377908,1.0,1.0,"(1, 2)",6122f332c9f0e8bb1209dc7d
68.37436867076269,43.62563132923731,2319,train,1423.7835119377905,1.0,1.0,"(1, 2)",6122f332c9f0e8bb1209dc7d
69.25825214724574,42.74174785275426,2320,train,1425.0335119377903,1.0,1.0,"(1, 2)",6122f332c9f0e8bb1209dc7d
70.14213562372879,41.85786437627121,2321,train,1426.28351193779,1.0,1.0,"(1, 2)",6122f332c9f0e8bb1209dc7d
71.02601910021184,40.97398089978816,2322,train,1427.5335119377899,1.0,1.0,"(1, 2)",6122f332c9f0e8bb1209dc7d
71.95382555869026,40.19434681531624,2323,train,1428.7453923485832,1.0,1.0,"(1, 2)",6122f332c9f0e8bb1209dc7d
73.20373388513468,40.179208272259245,2324,train,1429.9953923485837,1.0,1.0,"(1, 2)",6122f332c9f0e8bb1209dc7d
74.45364221157911,40.164069729202254,2325,train,1431.2453923485841,1.0,1.0,"(1, 2)",6122f332c9f0e8bb1209dc7d
75.70355053802353,40.14893118614526,2326,train,1432.4953923485846,1.0,1.0,"(1, 2)",6122f332c9f0e8bb1209dc7d
76.95345886446796,40.13379264308827,2327,train,1433.745392348585,1.0,1.0,"(1, 2)",6122f332c9f0e8bb1209dc7d
78.20336719091239,40.11865410003128,2328,train,1434.9953923485855,1.0,1.0,"(1, 2)",6122f332c9f0e8bb1209dc7d
79.45327551735681,40.10351555697429,2329,train,1436.245392348586,1.0,1.0,"(1, 2)",6122f332c9f0e8bb1209dc7d
80.70318384380124,40.088377013917295,2330,train,1437.4953923485864,1.0,1.0,"(1, 2)",6122f332c9f0e8bb1209dc7d
81.95309217024567,40.0732384708603,2331,train,1438.7453923485868,1.0,1.0,"(1, 2)",6122f332c9f0e8bb1209dc7d
83.2030004966901,40.05809992780313,2332,train,1439.9953923485873,1.0,1.0,"(1, 2)",6122f332c9f0e8bb1209dc7d
84.45290882313452,40.04296138474578,2333,train,1441.2453923485878,1.0,1.0,"(1, 2)",6122f332c9f0e8bb1209dc7d
85.70281714957895,40.027822841688426,2334,train,1442.4953923485882,1.0,1.0,"(1, 2)",6122f332c9f0e8bb1209dc7d
86.95272547602337,40.01268429863107,2335,train,1443.7453923485887,1.0,1.0,"(1, 2)",6122f332c9f0e8bb1209dc7d
88.20266313365056,40.00233106509771,2336,train,1444.9953728833968,1.0,1.0,"(1, 2)",6122f332c9f0e8bb1209dc7d
89.45266312004111,40.0021466143028,2337,train,1446.2453728833962,1.0,1.0,"(1, 2)",6122f332c9f0e8bb1209dc7d
90.70266310643166,40.0019621635079,2338,train,1447.4953728833955,1.0,1.0,"(1, 2)",6122f332c9f0e8bb1209dc7d
91.9526630928222,40.00177771271299,2339,train,1448.7453728833948,1.0,1.0,"(1, 2)",6122f332c9f0e8bb1209dc7d
93.20266307921275,40.00159326191809,2340,train,1449.995372883394,1.0,1.0,"(1, 2)",6122f332c9f0e8bb1209dc7d
94.4526630656033,40.001408811123184,2341,train,1451.2453728833934,1.0,1.0,"(1, 2)",6122f332c9f0e8bb1209dc7d
95.70266305199385,40.00122436032828,2342,train,1452.4953728833927,1.0,1.0,"(1, 2)",6122f332c9f0e8bb1209dc7d
96.9526630383844,40.001039909533375,2343,train,1453.745372883392,1.0,1.0,"(1, 2)",6122f332c9f0e8bb1209dc7d
98.20266302477495,40.00085545873847,2344,train,1454.9953728833914,1.0,1.0,"(1, 2)",6122f332c9f0e8bb1209dc7d
99.4526630111655,40.00067100794384,2345,train,1456.2453728833907,1.0,1.0,"(1, 2)",6122f332c9f0e8bb1209dc7d
100.70266299755605,40.000486557149294,2346,train,1457.49537288339,1.0,1.0,"(1, 2)",6122f332c9f0e8bb1209dc7d
101.9526629839466,40.000302106354745,2347,train,1458.7453728833893,1.0,1.0,"(1, 2)",6122f332c9f0e8bb1209dc7d
103.20266297033714,40.000117655560196,2348,train,1459.9953728833887,1.0,1.0,"(1, 2)",6122f332c9f0e8bb1209dc7d
104.45266296380328,40.00002795062478,2349,train,1461.2453728800735,1.0,1.0,"(1, 2)",6122f332c9f0e8bb1209dc7d
105.70266296380072,40.00002570340544,2350,train,1462.495372880073,1.0,1.0,"(1, 2)",6122f332c9f0e8bb1209dc7d
106.95266296379816,40.00002345618579,2351,train,1463.7453728800726,1.0,1.0,"(1, 2)",6122f332c9f0e8bb1209dc7d
108.2026629637956,40.00002120896613,2352,train,1464.9953728800722,1.0,1.0,"(1, 2)",6122f332c9f0e8bb1209dc7d
109.45266296379305,40.00001896174648,2353,train,1466.2453728800717,1.0,1.0,"(1, 2)",6122f332c9f0e8bb1209dc7d
110.70266296379049,40.00001671452682,2354,train,1467.4953728800713,1.0,1.0,"(1, 2)",6122f332c9f0e8bb1209dc7d
111.95266296378793,40.00001446730717,2355,train,1468.7453728800708,1.0,1.0,"(1, 2)",6122f332c9f0e8bb1209dc7d
113.20266296378537,40.00001222008751,2356,train,1469.9953728800704,1.0,1.0,"(1, 2)",6122f332c9f0e8bb1209dc7d
114.45266296378281,40.00000997286786,2357,train,1471.24537288007,1.0,1.0,"(1, 2)",6122f332c9f0e8bb1209dc7d
115.70266296378026,40.0000077256482,2358,train,1472.4953728800695,1.0,1.0,"(1, 2)",6122f332c9f0e8bb1209dc7d
116.9526629637777,40.00000547842855,2359,train,1473.745372880069,1.0,1.0,"(1, 2)",6122f332c9f0e8bb1209dc7d
118.20266296377514,40.00000323120889,2360,train,1474.9953728800685,1.0,1.0,"(1, 2)",6122f332c9f0e8bb1209dc7d
119.45266296377258,40.00000098398924,2361,train,1476.245372880068,1.0,1.0,"(1, 2)",6122f332c9f0e8bb1209dc7d
120.44294749693546,39.367516586919635,2362,train,1477.4204047814044,1.0,1.0,"(1, 2)",6122f332c9f0e8bb1209dc7d
121.33223157077379,38.489066909353156,2363,train,1478.670404781404,1.0,1.0,"(1, 2)",6122f332c9f0e8bb1209dc7d
122.22151564461211,37.61061723178706,2364,train,1479.9204047814032,1.0,1.0,"(1, 2)",6122f332c9f0e8bb1209dc7d
123.11079971845044,36.732167554220965,2365,train,1481.1704047814026,1.0,1.0,"(1, 2)",6122f332c9f0e8bb1209dc7d
124.00008379228876,35.85371787665487,2366,train,1482.4204047814019,1.0,1.0,"(1, 2)",6122f332c9f0e8bb1209dc7d
124.88936786612709,34.975268199088774,2367,train,1483.6704047814012,1.0,1.0,"(1, 2)",6122f332c9f0e8bb1209dc7d
125.77865193996541,34.09681852152268,2368,train,1484.9204047814005,1.0,1.0,"(1, 2)",6122f332c9f0e8bb1209dc7d
126.66793601380374,33.21836884395658,2369,train,1486.1704047813998,1.0,1.0,"(1, 2)",6122f332c9f0e8bb1209dc7d
127.55722008764207,32.33991916639049,2370,train,1487.4204047813992,1.0,1.0,"(1, 2)",6122f332c9f0e8bb1209dc7d
128.4465041614804,31.46146948882417,2371,train,1488.6704047813987,1.0,1.0,"(1, 2)",6122f332c9f0e8bb1209dc7d
129.33578823531872,30.58301981125772,2372,train,1489.9204047813982,1.0,1.0,"(1, 2)",6122f332c9f0e8bb1209dc7d
130.22507230915704,29.704570133691362,2373,train,1491.1704047813978,1.0,1.0,"(1, 2)",6122f332c9f0e8bb1209dc7d
131.11435638299537,28.826120456125267,2374,train,1492.420404781397,1.0,1.0,"(1, 2)",6122f332c9f0e8bb1209dc7d
132.0036404568337,27.94767077855917,2375,train,1493.6704047813964,1.0,1.0,"(1, 2)",6122f332c9f0e8bb1209dc7d
132.89292453067202,27.069221100993076,2376,train,1494.9204047813957,1.0,1.0,"(1, 2)",6122f332c9f0e8bb1209dc7d
133.78220860451034,26.190771423427094,2377,train,1496.170404781395,1.0,1.0,"(1, 2)",6122f332c9f0e8bb1209dc7d
134.67149267834867,25.312321745861368,2378,train,1497.4204047813942,1.0,1.0,"(1, 2)",6122f332c9f0e8bb1209dc7d
135.56077675218825,24.433872068295983,2379,train,1498.670404781394,1.0,1.0,"(1, 2)",6122f332c9f0e8bb1209dc7d
136.0,24.0,2380,train,1499.2877879955047,1.0,1.0,"(1, 2)",6122f332c9f0e8bb1209dc7d
136.0,24.0,2381,train,1499.2877879955047,1.0,1.0,"(1, 2)",6122f332c9f0e8bb1209dc7d
136.0,24.0,2382,train,1499.2877879955047,1.0,1.0,"(1, 2)",6122f332c9f0e8bb1209dc7d
136.0,24.0,2383,train,1499.2877879955047,1.0,1.0,"(1, 2)",6122f332c9f0e8bb1209dc7d
136.0,24.0,2384,train,1499.2877879955047,1.0,1.0,"(1, 2)",6122f332c9f0e8bb1209dc7d
136.0,24.0,2385,train,1499.2877879955047,1.0,1.0,"(1, 2)",6122f332c9f0e8bb1209dc7d
136.0,24.0,2386,train,1499.2877879955047,1.0,1.0,"(1, 2)",6122f332c9f0e8bb1209dc7d
136.0,24.0,2387,train,1499.2877879955047,1.0,1.0,"(1, 2)",6122f332c9f0e8bb1209dc7d
136.0,24.0,2388,train,1499.2877879955047,1.0,1.0,"(1, 2)",6122f332c9f0e8bb1209dc7d
136.0,24.0,2389,train,1499.2877879955047,1.0,1.0,"(1, 2)",6122f332c9f0e8bb1209dc7d
136.0,24.0,2390,train,1499.2877879955047,1.0,1.0,"(1, 2)",6122f332c9f0e8bb1209dc7d
136.0,24.0,2391,train,1499.2877879955047,1.0,1.0,"(1, 2)",6122f332c9f0e8bb1209dc7d
136.0,24.0,2392,train,1499.2877879955047,1.0,1.0,"(1, 2)",6122f332c9f0e8bb1209dc7d
136.0,24.0,2393,train,1499.2877879955047,1.0,1.0,"(1, 2)",6122f332c9f0e8bb1209dc7d
136.0,24.0,2394,train,1499.2877879955047,1.0,1.0,"(1, 2)",6122f332c9f0e8bb1209dc7d
136.0,24.0,2395,train,1499.2877879955047,1.0,1.0,"(1, 2)",6122f332c9f0e8bb1209dc7d
136.0,24.0,2396,train,1499.2877879955047,1.0,1.0,"(1, 2)",6122f332c9f0e8bb1209dc7d
136.0,24.0,2397,train,1499.2877879955047,1.0,1.0,"(1, 2)",6122f332c9f0e8bb1209dc7d
136.0,24.0,2398,train,1499.2877879955047,1.0,1.0,"(1, 2)",6122f332c9f0e8bb1209dc7d
136.0,24.0,2399,train,1499.2877879955047,1.0,1.0,"(1, 2)",6122f332c9f0e8bb1209dc7d
136.0,24.0,2400,train,1499.2877879955047,1.0,1.0,"(1, 2)",6122f332c9f0e8bb1209dc7d
136.0,24.0,2401,train,1499.2877879955047,1.0,1.0,"(1, 2)",6122f332c9f0e8bb1209dc7d
136.0,24.0,2402,train,1499.2877879955047,1.0,1.0,"(1, 2)",6122f332c9f0e8bb1209dc7d
136.0,24.0,2403,train,1499.2877879955047,1.0,1.0,"(1, 2)",6122f332c9f0e8bb1209dc7d
136.0,24.0,2404,train,1499.2877879955047,1.0,1.0,"(1, 2)",6122f332c9f0e8bb1209dc7d
136.0,24.0,2405,train,1499.2877879955047,1.0,1.0,"(1, 2)",6122f332c9f0e8bb1209dc7d
136.0,24.0,2406,train,1499.2877879955047,1.0,1.0,"(1, 2)",6122f332c9f0e8bb1209dc7d
136.0,24.0,2407,train,1499.2877879955047,1.0,1.0,"(1, 2)",6122f332c9f0e8bb1209dc7d
136.0,24.0,2408,train,1499.2877879955047,1.0,1.0,"(1, 2)",6122f332c9f0e8bb1209dc7d
136.0,24.0,2409,train,1499.2877879955047,1.0,1.0,"(1, 2)",6122f332c9f0e8bb1209dc7d
136.0,24.0,2410,train,1499.2877879955047,1.0,1.0,"(1, 2)",6122f332c9f0e8bb1209dc7d
136.0,24.0,2411,train,1499.2877879955047,1.0,1.0,"(1, 2)",6122f332c9f0e8bb1209dc7d
136.0,24.0,2412,train,1499.2877879955047,1.0,1.0,"(1, 2)",6122f332c9f0e8bb1209dc7d
136.0,24.0,2413,train,1499.2877879955047,1.0,1.0,"(1, 2)",6122f332c9f0e8bb1209dc7d
136.0,24.0,2414,train,1499.2877879955047,1.0,1.0,"(1, 2)",6122f332c9f0e8bb1209dc7d
136.0,24.0,2415,train,1499.2877879955047,1.0,1.0,"(1, 2)",6122f332c9f0e8bb1209dc7d
136.0,24.0,2416,train,1499.2877879955047,1.0,1.0,"(1, 2)",6122f332c9f0e8bb1209dc7d
136.0,24.0,2417,train,1499.2877879955047,1.0,1.0,"(1, 2)",6122f332c9f0e8bb1209dc7d
136.0,24.0,2418,train,1499.2877879955047,1.0,1.0,"(1, 2)",6122f332c9f0e8bb1209dc7d
136.0,24.0,2419,train,1499.2877879955047,1.0,1.0,"(1, 2)",6122f332c9f0e8bb1209dc7d
136.0,24.0,2420,train,1499.2877879955047,1.0,1.0,"(1, 2)",6122f332c9f0e8bb1209dc7d
136.0,24.0,2421,train,1499.2877879955047,1.0,1.0,"(1, 2)",6122f332c9f0e8bb1209dc7d
136.0,24.0,2422,train,1499.2877879955047,1.0,1.0,"(1, 2)",6122f332c9f0e8bb1209dc7d
136.0,24.0,2423,train,1499.2877879955047,1.0,1.0,"(1, 2)",6122f332c9f0e8bb1209dc7d
136.0,24.0,2424,train,1499.2877879955047,1.0,1.0,"(1, 2)",6122f332c9f0e8bb1209dc7d
136.0,24.0,2425,train,1499.2877879955047,1.0,1.0,"(1, 2)",6122f332c9f0e8bb1209dc7d
136.0,24.0,2426,train,1499.2877879955047,1.0,1.0,"(1, 2)",6122f332c9f0e8bb1209dc7d
136.0,24.0,2427,train,1499.2877879955047,1.0,1.0,"(1, 2)",6122f332c9f0e8bb1209dc7d
136.0,24.0,2428,train,1499.2877879955047,1.0,1.0,"(1, 2)",6122f332c9f0e8bb1209dc7d
136.0,24.0,2429,train,1499.2877879955047,1.0,1.0,"(1, 2)",6122f332c9f0e8bb1209dc7d
136.0,24.0,2430,train,1499.2877879955047,1.0,1.0,"(1, 2)",6122f332c9f0e8bb1209dc7d
136.0,24.0,2431,train,1499.2877879955047,1.0,1.0,"(1, 2)",6122f332c9f0e8bb1209dc7d
136.0,24.0,2432,train,1499.2877879955047,1.0,1.0,"(1, 2)",6122f332c9f0e8bb1209dc7d
136.0,24.0,2433,train,1499.2877879955047,1.0,1.0,"(1, 2)",6122f332c9f0e8bb1209dc7d
136.0,24.0,2434,train,1499.2877879955047,1.0,1.0,"(1, 2)",6122f332c9f0e8bb1209dc7d
136.0,24.0,2435,train,1499.2877879955047,1.0,1.0,"(1, 2)",6122f332c9f0e8bb1209dc7d
136.0,24.0,2436,train,1499.2877879955047,1.0,1.0,"(1, 2)",6122f332c9f0e8bb1209dc7d
136.0,24.0,2437,train,1499.2877879955047,1.0,1.0,"(1, 2)",6122f332c9f0e8bb1209dc7d
136.0,24.0,2438,train,1499.2877879955047,1.0,1.0,"(1, 2)",6122f332c9f0e8bb1209dc7d
136.0,24.0,2439,train,1499.2877879955047,1.0,1.0,"(1, 2)",6122f332c9f0e8bb1209dc7d
136.0,24.0,2440,train,1499.2877879955047,1.0,1.0,"(1, 2)",6122f332c9f0e8bb1209dc7d
136.0,24.0,2441,train,1499.2877879955047,1.0,1.0,"(1, 2)",6122f332c9f0e8bb1209dc7d
136.0,24.0,2442,train,1499.2877879955047,1.0,1.0,"(1, 2)",6122f332c9f0e8bb1209dc7d
136.0,24.0,2443,train,1499.2877879955047,1.0,1.0,"(1, 2)",6122f332c9f0e8bb1209dc7d
136.0,24.0,2444,train,1499.2877879955047,1.0,1.0,"(1, 2)",6122f332c9f0e8bb1209dc7d
136.0,24.0,2445,train,1499.2877879955047,1.0,1.0,"(1, 2)",6122f332c9f0e8bb1209dc7d
136.0,24.0,2446,train,1499.2877879955047,1.0,1.0,"(1, 2)",6122f332c9f0e8bb1209dc7d
136.0,24.0,2447,train,1499.2877879955047,1.0,1.0,"(1, 2)",6122f332c9f0e8bb1209dc7d
136.0,24.0,2448,train,1499.2877879955047,1.0,1.0,"(1, 2)",6122f332c9f0e8bb1209dc7d
136.0,24.0,2449,train,1499.2877879955047,1.0,1.0,"(1, 2)",6122f332c9f0e8bb1209dc7d
136.0,24.0,2450,train,1499.2877879955047,1.0,1.0,"(1, 2)",6122f332c9f0e8bb1209dc7d
136.0,24.0,2451,train,1499.2877879955047,1.0,1.0,"(1, 2)",6122f332c9f0e8bb1209dc7d
136.0,24.0,2452,train,1499.2877879955047,1.0,1.0,"(1, 2)",6122f332c9f0e8bb1209dc7d
136.0,24.0,2453,train,1499.2877879955047,1.0,1.0,"(1, 2)",6122f332c9f0e8bb1209dc7d
136.0,24.0,2454,train,1499.2877879955047,1.0,1.0,"(1, 2)",6122f332c9f0e8bb1209dc7d
136.0,24.0,2455,train,1499.2877879955047,1.0,1.0,"(1, 2)",6122f332c9f0e8bb1209dc7d
136.0,24.0,2456,train,1499.2877879955047,1.0,1.0,"(1, 2)",6122f332c9f0e8bb1209dc7d
136.0,24.0,2457,train,1499.2877879955047,1.0,1.0,"(1, 2)",6122f332c9f0e8bb1209dc7d
136.0,24.0,2458,train,1499.2877879955047,1.0,1.0,"(1, 2)",6122f332c9f0e8bb1209dc7d
136.0,24.0,2459,train,1499.2877879955047,1.0,1.0,"(1, 2)",6122f332c9f0e8bb1209dc7d
136.0,24.0,2460,train,1499.2877879955047,1.0,1.0,"(1, 2)",6122f332c9f0e8bb1209dc7d
136.0,24.0,2461,train,1499.2877879955047,1.0,1.0,"(1, 2)",6122f332c9f0e8bb1209dc7d
136.0,24.0,2462,train,1499.2877879955047,1.0,1.0,"(1, 2)",6122f332c9f0e8bb1209dc7d
136.0,24.0,2463,train,1499.2877879955047,1.0,1.0,"(1, 2)",6122f332c9f0e8bb1209dc7d
136.0,24.0,2464,train,1499.2877879955047,1.0,1.0,"(1, 2)",6122f332c9f0e8bb1209dc7d
136.0,24.0,2465,train,1499.2877879955047,1.0,1.0,"(1, 2)",6122f332c9f0e8bb1209dc7d
136.0,24.0,2466,train,1499.2877879955047,1.0,1.0,"(1, 2)",6122f332c9f0e8bb1209dc7d
136.0,24.0,2467,train,1499.2877879955047,1.0,1.0,"(1, 2)",6122f332c9f0e8bb1209dc7d
136.0,24.0,2468,train,1499.2877879955047,1.0,1.0,"(1, 2)",6122f332c9f0e8bb1209dc7d
136.0,24.0,2469,train,1499.2877879955047,1.0,1.0,"(1, 2)",6122f332c9f0e8bb1209dc7d
136.0,24.0,2470,train,1499.2877879955047,1.0,1.0,"(1, 2)",6122f332c9f0e8bb1209dc7d
136.0,24.0,2471,train,1499.2877879955047,1.0,1.0,"(1, 2)",6122f332c9f0e8bb1209dc7d
136.0,24.0,2472,train,1499.2877879955047,1.0,1.0,"(1, 2)",6122f332c9f0e8bb1209dc7d
136.0,24.0,2473,train,1499.2877879955047,1.0,1.0,"(1, 2)",6122f332c9f0e8bb1209dc7d
136.0,24.0,2474,train,1499.2877879955047,1.0,1.0,"(1, 2)",6122f332c9f0e8bb1209dc7d
136.0,24.0,2475,train,1499.2877879955047,1.0,1.0,"(1, 2)",6122f332c9f0e8bb1209dc7d
136.0,24.0,2476,train,1499.2877879955047,1.0,1.0,"(1, 2)",6122f332c9f0e8bb1209dc7d
136.0,24.0,2477,train,1499.2877879955047,1.0,1.0,"(1, 2)",6122f332c9f0e8bb1209dc7d
136.0,24.0,2478,train,1499.2877879955047,1.0,1.0,"(1, 2)",6122f332c9f0e8bb1209dc7d
136.0,24.0,2479,train,1499.2877879955047,1.0,1.0,"(1, 2)",6122f332c9f0e8bb1209dc7d
136.0,24.0,2480,train,1499.2877879955047,1.0,1.0,"(1, 2)",6122f332c9f0e8bb1209dc7d
136.0,24.0,2481,train,1499.2877879955047,1.0,1.0,"(1, 2)",6122f332c9f0e8bb1209dc7d
136.0,24.0,2482,train,1499.2877879955047,1.0,1.0,"(1, 2)",6122f332c9f0e8bb1209dc7d
136.0,24.0,2483,train,1499.2877879955047,1.0,1.0,"(1, 2)",6122f332c9f0e8bb1209dc7d
136.0,24.0,2484,train,1499.2877879955047,1.0,1.0,"(1, 2)",6122f332c9f0e8bb1209dc7d
136.0,24.0,2485,train,1499.2877879955047,1.0,1.0,"(1, 2)",6122f332c9f0e8bb1209dc7d
136.0,24.0,2486,train,1499.2877879955047,1.0,1.0,"(1, 2)",6122f332c9f0e8bb1209dc7d
136.0,24.0,2487,train,1499.2877879955047,1.0,1.0,"(1, 2)",6122f332c9f0e8bb1209dc7d
136.0,24.0,2488,train,1499.2877879955047,1.0,1.0,"(1, 2)",6122f332c9f0e8bb1209dc7d
136.0,24.0,2489,train,1499.2877879955047,1.0,1.0,"(1, 2)",6122f332c9f0e8bb1209dc7d
136.0,24.0,2490,train,1499.2877879955047,1.0,1.0,"(1, 2)",6122f332c9f0e8bb1209dc7d
136.0,24.0,2491,train,1499.2877879955047,1.0,1.0,"(1, 2)",6122f332c9f0e8bb1209dc7d
136.0,24.0,2492,train,1499.2877879955047,1.0,1.0,"(1, 2)",6122f332c9f0e8bb1209dc7d
136.0,24.0,2493,train,1499.2877879955047,1.0,1.0,"(1, 2)",6122f332c9f0e8bb1209dc7d
136.0,24.0,2494,train,1499.2877879955047,1.0,1.0,"(1, 2)",6122f332c9f0e8bb1209dc7d
136.0,24.0,2495,train,1499.2877879955047,1.0,1.0,"(1, 2)",6122f332c9f0e8bb1209dc7d
136.0,24.0,2496,train,1499.2877879955047,1.0,1.0,"(1, 2)",6122f332c9f0e8bb1209dc7d
136.0,24.0,2497,train,1499.2877879955047,1.0,1.0,"(1, 2)",6122f332c9f0e8bb1209dc7d
136.0,24.0,2498,train,1499.2877879955047,1.0,1.0,"(1, 2)",6122f332c9f0e8bb1209dc7d
136.0,24.0,2499,train,1499.2877879955047,1.0,1.0,"(1, 2)",6122f332c9f0e8bb1209dc7d
136.0,24.0,2500,train,1499.2877879955047,1.0,1.0,"(1, 2)",6122f332c9f0e8bb1209dc7d
136.0,24.0,2501,train,1499.2877879955047,1.0,1.0,"(1, 2)",6122f332c9f0e8bb1209dc7d
136.0,24.0,2502,train,1499.2877879955047,1.0,1.0,"(1, 2)",6122f332c9f0e8bb1209dc7d
136.0,24.0,2503,train,1499.2877879955047,1.0,1.0,"(1, 2)",6122f332c9f0e8bb1209dc7d
136.0,24.0,2504,train,1499.2877879955047,1.0,1.0,"(1, 2)",6122f332c9f0e8bb1209dc7d
136.0,24.0,2505,train,1499.2877879955047,1.0,1.0,"(1, 2)",6122f332c9f0e8bb1209dc7d
136.0,24.0,2506,train,1499.2877879955047,1.0,1.0,"(1, 2)",6122f332c9f0e8bb1209dc7d
136.0,24.0,2507,train,1499.2877879955047,1.0,1.0,"(1, 2)",6122f332c9f0e8bb1209dc7d
136.0,24.0,2508,train,1499.2877879955047,1.0,1.0,"(1, 2)",6122f332c9f0e8bb1209dc7d
136.0,24.0,2509,train,1499.2877879955047,1.0,1.0,"(1, 2)",6122f332c9f0e8bb1209dc7d
136.0,24.0,2510,train,1499.2877879955047,1.0,1.0,"(1, 2)",6122f332c9f0e8bb1209dc7d
136.0,24.0,2511,train,1499.2877879955047,1.0,1.0,"(1, 2)",6122f332c9f0e8bb1209dc7d
136.0,24.0,2512,train,1499.2877879955047,1.0,1.0,"(1, 2)",6122f332c9f0e8bb1209dc7d
136.0,24.0,2513,train,1499.2877879955047,1.0,1.0,"(1, 2)",6122f332c9f0e8bb1209dc7d
136.0,24.0,2514,train,1499.2877879955047,1.0,1.0,"(1, 2)",6122f332c9f0e8bb1209dc7d
136.0,24.0,2515,train,1499.2877879955047,1.0,1.0,"(1, 2)",6122f332c9f0e8bb1209dc7d
136.0,24.0,2516,train,1499.2877879955047,1.0,1.0,"(1, 2)",6122f332c9f0e8bb1209dc7d
136.0,24.0,2517,train,1499.2877879955047,1.0,1.0,"(1, 2)",6122f332c9f0e8bb1209dc7d
136.0,24.0,2518,train,1499.2877879955047,1.0,1.0,"(1, 2)",6122f332c9f0e8bb1209dc7d
136.0,24.0,2519,train,1499.2877879955047,1.0,1.0,"(1, 2)",6122f332c9f0e8bb1209dc7d
136.0,24.0,2520,train,1499.2877879955047,1.0,1.0,"(1, 2)",6122f332c9f0e8bb1209dc7d
136.0,24.0,2521,train,1499.2877879955047,1.0,1.0,"(1, 2)",6122f332c9f0e8bb1209dc7d
136.0,24.0,2522,train,1499.2877879955047,1.0,1.0,"(1, 2)",6122f332c9f0e8bb1209dc7d
136.0,24.0,2523,train,1499.2877879955047,1.0,1.0,"(1, 2)",6122f332c9f0e8bb1209dc7d
136.0,24.0,2524,train,1499.2877879955047,1.0,1.0,"(1, 2)",6122f332c9f0e8bb1209dc7d
136.0,24.0,2525,train,1499.2877879955047,1.0,1.0,"(1, 2)",6122f332c9f0e8bb1209dc7d
136.0,24.0,2526,train,1499.2877879955047,1.0,1.0,"(1, 2)",6122f332c9f0e8bb1209dc7d
136.0,24.0,2527,train,1499.2877879955047,1.0,1.0,"(1, 2)",6122f332c9f0e8bb1209dc7d
136.0,24.0,2528,train,1499.2877879955047,1.0,1.0,"(1, 2)",6122f332c9f0e8bb1209dc7d
136.0,24.0,2529,train,1499.2877879955047,1.0,1.0,"(1, 2)",6122f332c9f0e8bb1209dc7d
136.0,24.0,2530,train,1499.2877879955047,1.0,1.0,"(1, 2)",6122f332c9f0e8bb1209dc7d
136.0,24.0,2531,train,1499.2877879955047,1.0,1.0,"(1, 2)",6122f332c9f0e8bb1209dc7d
136.0,24.0,2532,train,1499.2877879955047,1.0,1.0,"(1, 2)",6122f332c9f0e8bb1209dc7d
136.0,24.0,2533,train,1499.2877879955047,1.0,1.0,"(1, 2)",6122f332c9f0e8bb1209dc7d
136.0,24.0,2534,train,1499.2877879955047,1.0,1.0,"(1, 2)",6122f332c9f0e8bb1209dc7d
136.0,24.0,2535,train,1499.2877879955047,1.0,1.0,"(1, 2)",6122f332c9f0e8bb1209dc7d
136.0,24.0,2536,train,1499.2877879955047,1.0,1.0,"(1, 2)",6122f332c9f0e8bb1209dc7d
136.0,24.0,2537,train,1499.2877879955047,1.0,1.0,"(1, 2)",6122f332c9f0e8bb1209dc7d
136.0,24.0,2538,train,1499.2877879955047,1.0,1.0,"(1, 2)",6122f332c9f0e8bb1209dc7d
136.0,24.0,2539,train,1499.2877879955047,1.0,1.0,"(1, 2)",6122f332c9f0e8bb1209dc7d
136.0,24.0,2540,train,1499.2877879955047,1.0,1.0,"(1, 2)",6122f332c9f0e8bb1209dc7d
136.0,24.0,2541,train,1499.2877879955047,1.0,1.0,"(1, 2)",6122f332c9f0e8bb1209dc7d
136.0,24.0,2542,train,1499.2877879955047,1.0,1.0,"(1, 2)",6122f332c9f0e8bb1209dc7d
136.0,24.0,2543,train,1499.2877879955047,1.0,1.0,"(1, 2)",6122f332c9f0e8bb1209dc7d
136.0,24.0,2544,train,1499.2877879955047,1.0,1.0,"(1, 2)",6122f332c9f0e8bb1209dc7d
136.0,24.0,2545,train,1499.2877879955047,1.0,1.0,"(1, 2)",6122f332c9f0e8bb1209dc7d
136.0,24.0,2546,train,1499.2877879955047,1.0,1.0,"(1, 2)",6122f332c9f0e8bb1209dc7d
136.0,24.0,2547,train,1499.2877879955047,1.0,1.0,"(1, 2)",6122f332c9f0e8bb1209dc7d
136.0,24.0,2548,train,1499.2877879955047,1.0,1.0,"(1, 2)",6122f332c9f0e8bb1209dc7d
136.0,24.0,2549,train,1499.2877879955047,1.0,1.0,"(1, 2)",6122f332c9f0e8bb1209dc7d
136.0,24.0,2550,train,1499.2877879955047,1.0,1.0,"(1, 2)",6122f332c9f0e8bb1209dc7d
136.0,24.0,2551,train,1499.2877879955047,1.0,1.0,"(1, 2)",6122f332c9f0e8bb1209dc7d
136.0,24.0,2552,train,1499.2877879955047,1.0,1.0,"(1, 2)",6122f332c9f0e8bb1209dc7d
136.0,24.0,2553,train,1499.2877879955047,1.0,1.0,"(1, 2)",6122f332c9f0e8bb1209dc7d
136.0,24.0,2554,train,1499.2877879955047,1.0,1.0,"(1, 2)",6122f332c9f0e8bb1209dc7d
136.0,24.0,2555,train,1499.2877879955047,1.0,1.0,"(1, 2)",6122f332c9f0e8bb1209dc7d
136.0,24.0,2556,train,1499.2877879955047,1.0,1.0,"(1, 2)",6122f332c9f0e8bb1209dc7d
136.0,24.0,2557,train,1499.2877879955047,1.0,1.0,"(1, 2)",6122f332c9f0e8bb1209dc7d
136.0,24.0,2558,train,1499.2877879955047,1.0,1.0,"(1, 2)",6122f332c9f0e8bb1209dc7d
136.0,24.0,2559,train,1499.2877879955047,1.0,1.0,"(1, 2)",6122f332c9f0e8bb1209dc7d
136.0,24.0,2560,train,1499.2877879955047,1.0,1.0,"(1, 2)",6122f332c9f0e8bb1209dc7d
136.0,24.0,2561,train,1499.2877879955047,1.0,1.0,"(1, 2)",6122f332c9f0e8bb1209dc7d
136.0,24.0,2562,train,1499.2877879955047,1.0,1.0,"(1, 2)",6122f332c9f0e8bb1209dc7d
136.0,24.0,2563,train,1499.2877879955047,1.0,1.0,"(1, 2)",6122f332c9f0e8bb1209dc7d
136.0,24.0,2564,train,1499.2877879955047,1.0,1.0,"(1, 2)",6122f332c9f0e8bb1209dc7d
136.0,24.0,2565,train,1499.2877879955047,1.0,1.0,"(1, 2)",6122f332c9f0e8bb1209dc7d
136.0,24.0,2566,train,1499.2877879955047,1.0,1.0,"(1, 2)",6122f332c9f0e8bb1209dc7d
136.0,24.0,2567,train,1499.2877879955047,1.0,1.0,"(1, 2)",6122f332c9f0e8bb1209dc7d
136.0,24.0,2568,train,1499.2877879955047,1.0,1.0,"(1, 2)",6122f332c9f0e8bb1209dc7d
136.0,24.0,2569,train,1499.2877879955047,1.0,1.0,"(1, 2)",6122f332c9f0e8bb1209dc7d
136.0,24.0,2570,train,1499.2877879955047,1.0,1.0,"(1, 2)",6122f332c9f0e8bb1209dc7d
136.0,24.0,2571,train,1499.2877879955047,1.0,1.0,"(1, 2)",6122f332c9f0e8bb1209dc7d
136.0,24.0,2572,train,1499.2877879955047,1.0,1.0,"(1, 2)",6122f332c9f0e8bb1209dc7d
136.0,24.0,2573,train,1499.2877879955047,1.0,1.0,"(1, 2)",6122f332c9f0e8bb1209dc7d
136.0,24.0,2574,train,1499.2877879955047,1.0,1.0,"(1, 2)",6122f332c9f0e8bb1209dc7d
136.0,24.0,2575,train,1499.2877879955047,1.0,1.0,"(1, 2)",6122f332c9f0e8bb1209dc7d
136.0,24.0,2576,train,1499.2877879955047,1.0,1.0,"(1, 2)",6122f332c9f0e8bb1209dc7d
136.0,24.0,2577,train,1499.2877879955047,1.0,1.0,"(1, 2)",6122f332c9f0e8bb1209dc7d
136.0,24.0,2578,train,1499.2877879955047,1.0,1.0,"(1, 2)",6122f332c9f0e8bb1209dc7d
136.0,24.0,2579,train,1499.2877879955047,1.0,1.0,"(1, 2)",6122f332c9f0e8bb1209dc7d
136.0,24.0,2580,train,1499.2877879955047,1.0,1.0,"(1, 2)",6122f332c9f0e8bb1209dc7d
136.0,24.0,2581,train,1499.2877879955047,1.0,1.0,"(1, 2)",6122f332c9f0e8bb1209dc7d
136.0,24.0,2582,train,1499.2877879955047,1.0,1.0,"(1, 2)",6122f332c9f0e8bb1209dc7d
136.0,24.0,2583,train,1499.2877879955047,1.0,1.0,"(1, 2)",6122f332c9f0e8bb1209dc7d
136.0,24.0,2584,train,1499.2877879955047,1.0,1.0,"(1, 2)",6122f332c9f0e8bb1209dc7d
136.0,24.0,2585,train,1499.2877879955047,1.0,1.0,"(1, 2)",6122f332c9f0e8bb1209dc7d
136.0,24.0,2586,train,1499.2877879955047,1.0,1.0,"(1, 2)",6122f332c9f0e8bb1209dc7d
136.0,24.0,2587,train,1499.2877879955047,1.0,1.0,"(1, 2)",6122f332c9f0e8bb1209dc7d
136.0,24.0,2588,train,1499.2877879955047,1.0,1.0,"(1, 2)",6122f332c9f0e8bb1209dc7d
136.0,24.0,2589,train,1499.2877879955047,1.0,1.0,"(1, 2)",6122f332c9f0e8bb1209dc7d
136.0,24.0,2590,train,1499.2877879955047,1.0,1.0,"(1, 2)",6122f332c9f0e8bb1209dc7d
136.0,24.0,2591,train,1499.2877879955047,1.0,1.0,"(1, 2)",6122f332c9f0e8bb1209dc7d
136.0,24.0,2592,train,1499.2877879955047,1.0,1.0,"(1, 2)",6122f332c9f0e8bb1209dc7d
136.0,24.0,2593,train,1499.2877879955047,1.0,1.0,"(1, 2)",6122f332c9f0e8bb1209dc7d
136.0,24.0,2594,train,1499.2877879955047,1.0,1.0,"(1, 2)",6122f332c9f0e8bb1209dc7d
136.0,24.0,2595,train,1499.2877879955047,1.0,1.0,"(1, 2)",6122f332c9f0e8bb1209dc7d
136.0,24.0,2596,train,1499.2877879955047,1.0,1.0,"(1, 2)",6122f332c9f0e8bb1209dc7d
136.0,24.0,2597,train,1499.2877879955047,1.0,1.0,"(1, 2)",6122f332c9f0e8bb1209dc7d
136.0,24.0,2598,train,1499.2877879955047,1.0,1.0,"(1, 2)",6122f332c9f0e8bb1209dc7d
136.0,24.0,2599,train,1499.2877879955047,1.0,1.0,"(1, 2)",6122f332c9f0e8bb1209dc7d
136.0,24.0,2600,train,1499.2877879955047,1.0,1.0,"(1, 2)",6122f332c9f0e8bb1209dc7d
136.0,24.0,2601,train,1499.2877879955047,1.0,1.0,"(1, 2)",6122f332c9f0e8bb1209dc7d
136.0,24.0,2602,train,1499.2877879955047,1.0,1.0,"(1, 2)",6122f332c9f0e8bb1209dc7d
136.0,24.0,2603,train,1499.2877879955047,1.0,1.0,"(1, 2)",6122f332c9f0e8bb1209dc7d
136.0,24.0,2604,train,1499.2877879955047,1.0,1.0,"(1, 2)",6122f332c9f0e8bb1209dc7d
136.0,24.0,2605,train,1499.2877879955047,1.0,1.0,"(1, 2)",6122f332c9f0e8bb1209dc7d
136.0,24.0,2606,train,1499.2877879955047,1.0,1.0,"(1, 2)",6122f332c9f0e8bb1209dc7d
136.0,24.0,2607,train,1499.2877879955047,1.0,1.0,"(1, 2)",6122f332c9f0e8bb1209dc7d
136.0,24.0,2608,train,1499.2877879955047,1.0,1.0,"(1, 2)",6122f332c9f0e8bb1209dc7d
136.0,24.0,2609,train,1499.2877879955047,1.0,1.0,"(1, 2)",6122f332c9f0e8bb1209dc7d
136.0,24.0,2610,train,1499.2877879955047,1.0,1.0,"(1, 2)",6122f332c9f0e8bb1209dc7d
136.0,24.0,2611,train,1499.2877879955047,1.0,1.0,"(1, 2)",6122f332c9f0e8bb1209dc7d
136.0,24.0,2612,train,1499.2877879955047,1.0,1.0,"(1, 2)",6122f332c9f0e8bb1209dc7d
136.0,24.0,2613,train,1499.2877879955047,1.0,1.0,"(1, 2)",6122f332c9f0e8bb1209dc7d
136.0,24.0,2614,train,1499.2877879955047,1.0,1.0,"(1, 2)",6122f332c9f0e8bb1209dc7d
136.0,24.0,2615,train,1499.2877879955047,1.0,1.0,"(1, 2)",6122f332c9f0e8bb1209dc7d
136.0,24.0,2616,train,1499.2877879955047,1.0,1.0,"(1, 2)",6122f332c9f0e8bb1209dc7d
136.0,24.0,2617,train,1499.2877879955047,1.0,1.0,"(1, 2)",6122f332c9f0e8bb1209dc7d
136.0,24.0,2618,train,1499.2877879955047,1.0,1.0,"(1, 2)",6122f332c9f0e8bb1209dc7d
136.0,24.0,2619,train,1499.2877879955047,1.0,1.0,"(1, 2)",6122f332c9f0e8bb1209dc7d
136.0,24.0,2620,train,1499.2877879955047,1.0,1.0,"(1, 2)",6122f332c9f0e8bb1209dc7d
136.0,24.0,2621,train,1499.2877879955047,1.0,1.0,"(1, 2)",6122f332c9f0e8bb1209dc7d
136.0,24.0,2622,train,1499.2877879955047,1.0,1.0,"(1, 2)",6122f332c9f0e8bb1209dc7d
136.0,24.0,2623,train,1499.2877879955047,1.0,1.0,"(1, 2)",6122f332c9f0e8bb1209dc7d
136.0,24.0,2624,train,1499.2877879955047,1.0,1.0,"(1, 2)",6122f332c9f0e8bb1209dc7d
136.0,24.0,2625,train,1499.2877879955047,1.0,1.0,"(1, 2)",6122f332c9f0e8bb1209dc7d
136.0,24.0,2626,train,1499.2877879955047,1.0,1.0,"(1, 2)",6122f332c9f0e8bb1209dc7d
136.0,24.0,2627,train,1499.2877879955047,1.0,1.0,"(1, 2)",6122f332c9f0e8bb1209dc7d
136.0,24.0,2628,train,1499.2877879955047,1.0,1.0,"(1, 2)",6122f332c9f0e8bb1209dc7d
136.0,24.0,2629,train,1499.2877879955047,1.0,1.0,"(1, 2)",6122f332c9f0e8bb1209dc7d
136.0,24.0,2630,train,1499.2877879955047,1.0,1.0,"(1, 2)",6122f332c9f0e8bb1209dc7d
136.0,24.0,2631,train,1499.2877879955047,1.0,1.0,"(1, 2)",6122f332c9f0e8bb1209dc7d
136.0,24.0,2632,train,1499.2877879955047,1.0,1.0,"(1, 2)",6122f332c9f0e8bb1209dc7d
136.0,24.0,2633,train,1499.2877879955047,1.0,1.0,"(1, 2)",6122f332c9f0e8bb1209dc7d
136.0,24.0,2634,train,1499.2877879955047,1.0,1.0,"(1, 2)",6122f332c9f0e8bb1209dc7d
136.0,24.0,2635,train,1499.2877879955047,1.0,1.0,"(1, 2)",6122f332c9f0e8bb1209dc7d
136.0,24.0,2636,train,1499.2877879955047,1.0,1.0,"(1, 2)",6122f332c9f0e8bb1209dc7d
136.0,24.0,2637,train,1499.2877879955047,1.0,1.0,"(1, 2)",6122f332c9f0e8bb1209dc7d
136.0,24.0,2638,train,1499.2877879955047,1.0,1.0,"(1, 2)",6122f332c9f0e8bb1209dc7d
136.0,24.0,2639,train,1499.2877879955047,1.0,1.0,"(1, 2)",6122f332c9f0e8bb1209dc7d
136.0,24.0,2640,train,1499.2877879955047,1.0,1.0,"(1, 2)",6122f332c9f0e8bb1209dc7d
136.0,24.0,2641,train,1499.2877879955047,1.0,1.0,"(1, 2)",6122f332c9f0e8bb1209dc7d
136.0,24.0,2642,train,1499.2877879955047,1.0,1.0,"(1, 2)",6122f332c9f0e8bb1209dc7d
136.0,24.0,2643,train,1499.2877879955047,1.0,1.0,"(1, 2)",6122f332c9f0e8bb1209dc7d
136.0,24.0,2644,train,1499.2877879955047,1.0,1.0,"(1, 2)",6122f332c9f0e8bb1209dc7d
136.0,24.0,2645,train,1499.2877879955047,1.0,1.0,"(1, 2)",6122f332c9f0e8bb1209dc7d
136.0,24.0,2646,train,1499.2877879955047,1.0,1.0,"(1, 2)",6122f332c9f0e8bb1209dc7d
136.0,24.0,2647,train,1499.2877879955047,1.0,1.0,"(1, 2)",6122f332c9f0e8bb1209dc7d
136.0,24.0,2648,train,1499.2877879955047,1.0,1.0,"(1, 2)",6122f332c9f0e8bb1209dc7d
136.0,24.0,2649,train,1499.2877879955047,1.0,1.0,"(1, 2)",6122f332c9f0e8bb1209dc7d
136.0,24.0,2650,train,1499.2877879955047,1.0,1.0,"(1, 2)",6122f332c9f0e8bb1209dc7d
136.0,24.0,2651,train,1499.2877879955047,1.0,1.0,"(1, 2)",6122f332c9f0e8bb1209dc7d
136.0,24.0,2652,train,1499.2877879955047,1.0,1.0,"(1, 2)",6122f332c9f0e8bb1209dc7d
136.0,24.0,2653,train,1499.2877879955047,1.0,1.0,"(1, 2)",6122f332c9f0e8bb1209dc7d
136.0,24.0,2654,train,1499.2877879955047,1.0,1.0,"(1, 2)",6122f332c9f0e8bb1209dc7d
136.0,24.0,2655,train,1499.2877879955047,1.0,1.0,"(1, 2)",6122f332c9f0e8bb1209dc7d
136.0,24.0,2656,train,1499.2877879955047,1.0,1.0,"(1, 2)",6122f332c9f0e8bb1209dc7d
136.0,24.0,2657,train,1499.2877879955047,1.0,1.0,"(1, 2)",6122f332c9f0e8bb1209dc7d
136.0,24.0,2658,train,1499.2877879955047,1.0,1.0,"(1, 2)",6122f332c9f0e8bb1209dc7d
136.0,24.0,2659,train,1499.2877879955047,1.0,1.0,"(1, 2)",6122f332c9f0e8bb1209dc7d
136.0,24.0,2660,train,1499.2877879955047,1.0,1.0,"(1, 2)",6122f332c9f0e8bb1209dc7d
136.0,24.0,2661,train,1499.2877879955047,1.0,1.0,"(1, 2)",6122f332c9f0e8bb1209dc7d
136.0,24.0,2662,train,1499.2877879955047,1.0,1.0,"(1, 2)",6122f332c9f0e8bb1209dc7d
136.0,24.0,2663,train,1499.2877879955047,1.0,1.0,"(1, 2)",6122f332c9f0e8bb1209dc7d
135.11611652351553,24.88388347648305,2664,train,1500.5377879955056,1.0,1.0,"(1, 2)",6122f332c9f0e8bb1209dc7d
134.23223304703106,25.767766952966443,2665,train,1501.7877879955067,1.0,1.0,"(1, 2)",6122f332c9f0e8bb1209dc7d
133.3483495705466,26.651650429449848,2666,train,1503.0377879955079,1.0,1.0,"(1, 2)",6122f332c9f0e8bb1209dc7d
132.46446609406294,27.535533905933253,2667,train,1504.2877879955083,1.0,1.0,"(1, 2)",6122f332c9f0e8bb1209dc7d
131.5805826175798,28.419417382416658,2668,train,1505.5377879955086,1.0,1.0,"(1, 2)",6122f332c9f0e8bb1209dc7d
130.69669914109667,29.303300858900062,2669,train,1506.7877879955088,1.0,1.0,"(1, 2)",6122f332c9f0e8bb1209dc7d
129.81281566461354,30.187184335383467,2670,train,1508.037787995509,1.0,1.0,"(1, 2)",6122f332c9f0e8bb1209dc7d
128.9289321881304,31.07106781186687,2671,train,1509.2877879955092,1.0,1.0,"(1, 2)",6122f332c9f0e8bb1209dc7d
128.04504871164727,31.954951288350276,2672,train,1510.5377879955095,1.0,1.0,"(1, 2)",6122f332c9f0e8bb1209dc7d
127.1611652351642,32.838834764833344,2673,train,1511.7877879955092,1.0,1.0,"(1, 2)",6122f332c9f0e8bb1209dc7d
126.27728175868116,33.72271824131639,2674,train,1513.037787995509,1.0,1.0,"(1, 2)",6122f332c9f0e8bb1209dc7d
125.3933982821981,34.60660171779944,2675,train,1514.2877879955088,1.0,1.0,"(1, 2)",6122f332c9f0e8bb1209dc7d
124.50951480571506,35.4904851942827,2676,train,1515.5377879955088,1.0,1.0,"(1, 2)",6122f332c9f0e8bb1209dc7d
123.62563132923201,36.37436867076619,2677,train,1516.787787995509,1.0,1.0,"(1, 2)",6122f332c9f0e8bb1209dc7d
122.74174785274896,37.25825214724968,2678,train,1518.0377879955092,1.0,1.0,"(1, 2)",6122f332c9f0e8bb1209dc7d
121.85786437626591,38.14213562373317,2679,train,1519.2877879955095,1.0,1.0,"(1, 2)",6122f332c9f0e8bb1209dc7d
120.97398089978286,39.02601910021666,2680,train,1520.5377879955097,1.0,1.0,"(1, 2)",6122f332c9f0e8bb1209dc7d
120.04617444130444,39.805653184688964,2681,train,1521.7496684063033,1.0,1.0,"(1, 2)",6122f332c9f0e8bb1209dc7d
118.79626611486002,39.820791727745956,2682,train,1522.9996684063037,1.0,1.0,"(1, 2)",6122f332c9f0e8bb1209dc7d
117.54635778841559,39.83593027080295,2683,train,1524.2496684063042,1.0,1.0,"(1, 2)",6122f332c9f0e8bb1209dc7d
116.29644946197116,39.85106881385981,2684,train,1525.4996684063046,1.0,1.0,"(1, 2)",6122f332c9f0e8bb1209dc7d
115.04654113552674,39.866207356916455,2685,train,1526.749668406305,1.0,1.0,"(1, 2)",6122f332c9f0e8bb1209dc7d
113.79663280908231,39.8813458999731,2686,train,1527.9996684063055,1.0,1.0,"(1, 2)",6122f332c9f0e8bb1209dc7d
112.54672448263788,39.896484443029735,2687,train,1529.249668406306,1.0,1.0,"(1, 2)",6122f332c9f0e8bb1209dc7d
111.29681615619346,39.91162298608638,2688,train,1530.4996684063065,1.0,1.0,"(1, 2)",6122f332c9f0e8bb1209dc7d
110.04690782974903,39.92676152914302,2689,train,1531.749668406307,1.0,1.0,"(1, 2)",6122f332c9f0e8bb1209dc7d
108.7969995033046,39.94190007219966,2690,train,1532.9996684063074,1.0,1.0,"(1, 2)",6122f332c9f0e8bb1209dc7d
107.54709117686018,39.9570386152563,2691,train,1534.2496684063078,1.0,1.0,"(1, 2)",6122f332c9f0e8bb1209dc7d
106.29718285041575,39.972177158312945,2692,train,1535.4996684063083,1.0,1.0,"(1, 2)",6122f332c9f0e8bb1209dc7d
105.04727452397132,39.98731570136958,2693,train,1536.7496684063087,1.0,1.0,"(1, 2)",6122f332c9f0e8bb1209dc7d
103.79733686634414,39.99766893490247,2694,train,1537.999648941117,1.0,1.0,"(1, 2)",6122f332c9f0e8bb1209dc7d
102.54733687995359,39.997853385697375,2695,train,1539.2496489411162,1.0,1.0,"(1, 2)",6122f332c9f0e8bb1209dc7d
101.29733689356304,39.99803783649228,2696,train,1540.4996489411155,1.0,1.0,"(1, 2)",6122f332c9f0e8bb1209dc7d
100.0473369071725,39.998222287287184,2697,train,1541.7496489411149,1.0,1.0,"(1, 2)",6122f332c9f0e8bb1209dc7d
98.79733692078194,39.99840673808209,2698,train,1542.9996489411142,1.0,1.0,"(1, 2)",6122f332c9f0e8bb1209dc7d
97.5473369343914,39.99859118887699,2699,train,1544.2496489411135,1.0,1.0,"(1, 2)",6122f332c9f0e8bb1209dc7d
96.29733694800085,39.9987756396719,2700,train,1545.4996489411128,1.0,1.0,"(1, 2)",6122f332c9f0e8bb1209dc7d
95.0473369616103,39.9989600904668,2701,train,1546.7496489411121,1.0,1.0,"(1, 2)",6122f332c9f0e8bb1209dc7d
93.79733697521975,39.99914454126161,2702,train,1547.9996489411114,1.0,1.0,"(1, 2)",6122f332c9f0e8bb1209dc7d
92.5473369888292,39.99932899205616,2703,train,1549.2496489411108,1.0,1.0,"(1, 2)",6122f332c9f0e8bb1209dc7d
91.29733700243865,39.999513442850706,2704,train,1550.49964894111,1.0,1.0,"(1, 2)",6122f332c9f0e8bb1209dc7d
90.0473370160481,39.999697893645255,2705,train,1551.7496489411094,1.0,1.0,"(1, 2)",6122f332c9f0e8bb1209dc7d
88.79733702965756,39.999882344439804,2706,train,1552.9996489411087,1.0,1.0,"(1, 2)",6122f332c9f0e8bb1209dc7d
87.54733703619142,39.99997204937522,2707,train,1554.2496489377936,1.0,1.0,"(1, 2)",6122f332c9f0e8bb1209dc7d
86.29733703619398,39.99997429659456,2708,train,1555.4996489377932,1.0,1.0,"(1, 2)",6122f332c9f0e8bb1209dc7d
85.04733703619654,39.99997654381421,2709,train,1556.7496489377927,1.0,1.0,"(1, 2)",6122f332c9f0e8bb1209dc7d
83.7973370361991,39.99997879103387,2710,train,1557.9996489377922,1.0,1.0,"(1, 2)",6122f332c9f0e8bb1209dc7d
82.54733703620165,39.99998103825352,2711,train,1559.2496489377918,1.0,1.0,"(1, 2)",6122f332c9f0e8bb1209dc7d
81.29733703620421,39.99998328547318,2712,train,1560.4996489377913,1.0,1.0,"(1, 2)",6122f332c9f0e8bb1209dc7d
80.04733703620677,39.99998553269283,2713,train,1561.7496489377909,1.0,1.0,"(1, 2)",6122f332c9f0e8bb1209dc7d
78.79733703620933,39.99998777991249,2714,train,1562.9996489377904,1.0,1.0,"(1, 2)",6122f332c9f0e8bb1209dc7d
77.54733703621189,39.99999002713214,2715,train,1564.24964893779,1.0,1.0,"(1, 2)",6122f332c9f0e8bb1209dc7d
76.29733703621444,39.9999922743518,2716,train,1565.4996489377895,1.0,1.0,"(1, 2)",6122f332c9f0e8bb1209dc7d
75.047337036217,39.99999452157145,2717,train,1566.749648937789,1.0,1.0,"(1, 2)",6122f332c9f0e8bb1209dc7d
73.79733703621956,39.99999676879111,2718,train,1567.9996489377886,1.0,1.0,"(1, 2)",6122f332c9f0e8bb1209dc7d
72.54733703622212,39.99999901601076,2719,train,1569.2496489377882,1.0,1.0,"(1, 2)",6122f332c9f0e8bb1209dc7d
71.55705250305924,40.632483413080365,2720,train,1570.4246808391244,1.0,1.0,"(1, 2)",6122f332c9f0e8bb1209dc7d
70.66776842922091,41.51093309064717,2721,train,1571.6746808391242,1.0,1.0,"(1, 2)",6122f332c9f0e8bb1209dc7d
69.77848435538259,42.38938276821398,2722,train,1572.924680839124,1.0,1.0,"(1, 2)",6122f332c9f0e8bb1209dc7d
68.88920028154426,43.26783244578078,2723,train,1574.1746808391238,1.0,1.0,"(1, 2)",6122f332c9f0e8bb1209dc7d
67.99991620770594,44.14628212334759,2724,train,1575.4246808391235,1.0,1.0,"(1, 2)",6122f332c9f0e8bb1209dc7d
67.11063213386761,45.024731800914395,2725,train,1576.6746808391233,1.0,1.0,"(1, 2)",6122f332c9f0e8bb1209dc7d
66.22134806002929,45.9031814784812,2726,train,1577.924680839123,1.0,1.0,"(1, 2)",6122f332c9f0e8bb1209dc7d
65.33206398619096,46.78163115604774,2727,train,1579.1746808391229,1.0,1.0,"(1, 2)",6122f332c9f0e8bb1209dc7d
64.44277991235263,47.66008083361383,2728,train,1580.4246808391222,1.0,1.0,"(1, 2)",6122f332c9f0e8bb1209dc7d
63.553495838513946,48.53853051117993,2729,train,1581.6746808391217,1.0,1.0,"(1, 2)",6122f332c9f0e8bb1209dc7d
62.66421176467491,49.41698018874657,2730,train,1582.924680839122,1.0,1.0,"(1, 2)",6122f332c9f0e8bb1209dc7d
61.774927690835874,50.29542986631321,2731,train,1584.1746808391222,1.0,1.0,"(1, 2)",6122f332c9f0e8bb1209dc7d
60.88564361699684,51.17387954387986,2732,train,1585.4246808391224,1.0,1.0,"(1, 2)",6122f332c9f0e8bb1209dc7d
59.9963595431578,52.05232922144651,2733,train,1586.6746808391226,1.0,1.0,"(1, 2)",6122f332c9f0e8bb1209dc7d
59.107075469318765,52.93077889901316,2734,train,1587.9246808391229,1.0,1.0,"(1, 2)",6122f332c9f0e8bb1209dc7d
58.21779139547973,53.809228576579805,2735,train,1589.174680839123,1.0,1.0,"(1, 2)",6122f332c9f0e8bb1209dc7d
57.32850732164069,54.687678254146455,2736,train,1590.4246808391233,1.0,1.0,"(1, 2)",6122f332c9f0e8bb1209dc7d
56.43922324780166,55.5661279317131,2737,train,1591.6746808391235,1.0,1.0,"(1, 2)",6122f332c9f0e8bb1209dc7d
56.18789943411698,56.715740397590366,2738,train,1592.8514444011976,1.0,1.0,"(1, 2)",6122f332c9f0e8bb1209dc7d
56.172533524872954,57.965645949555125,2739,train,1594.1014444011973,1.0,1.0,"(1, 2)",6122f332c9f0e8bb1209dc7d
56.15716761562893,59.21555150151988,2740,train,1595.351444401197,1.0,1.0,"(1, 2)",6122f332c9f0e8bb1209dc7d
56.1418017063849,60.46545705348464,2741,train,1596.6014444011969,1.0,1.0,"(1, 2)",6122f332c9f0e8bb1209dc7d
56.12643579714088,61.7153626054494,2742,train,1597.8514444011967,1.0,1.0,"(1, 2)",6122f332c9f0e8bb1209dc7d
56.11106988789685,62.96526815741416,2743,train,1599.1014444011964,1.0,1.0,"(1, 2)",6122f332c9f0e8bb1209dc7d
56.09570397865283,64.21517370937904,2744,train,1600.3514444011962,1.0,1.0,"(1, 2)",6122f332c9f0e8bb1209dc7d
56.0803380694088,65.46507926134451,2745,train,1601.6014444011967,1.0,1.0,"(1, 2)",6122f332c9f0e8bb1209dc7d
56.06497216016478,66.71498481330998,2746,train,1602.851444401197,1.0,1.0,"(1, 2)",6122f332c9f0e8bb1209dc7d
56.04960625092075,67.96489036527545,2747,train,1604.1014444011976,1.0,1.0,"(1, 2)",6122f332c9f0e8bb1209dc7d
56.03424034167659,69.21479591724092,2748,train,1605.351444401198,1.0,1.0,"(1, 2)",6122f332c9f0e8bb1209dc7d
56.018874432432206,70.46470146920639,2749,train,1606.6014444011985,1.0,1.0,"(1, 2)",6122f332c9f0e8bb1209dc7d
56.00350852318782,71.71460702117186,2750,train,1607.851444401199,1.0,1.0,"(1, 2)",6122f332c9f0e8bb1209dc7d
56.00225830311742,72.9646003966967,2751,train,1609.101438401947,1.0,1.0,"(1, 2)",6122f332c9f0e8bb1209dc7d
56.00207055427517,74.21460038259697,2752,train,1610.3514384019472,1.0,1.0,"(1, 2)",6122f332c9f0e8bb1209dc7d
56.00188280543292,75.46460036849724,2753,train,1611.6014384019475,1.0,1.0,"(1, 2)",6122f332c9f0e8bb1209dc7d
56.00169505659067,76.71460035439752,2754,train,1612.8514384019477,1.0,1.0,"(1, 2)",6122f332c9f0e8bb1209dc7d
56.00150730774842,77.96460034029779,2755,train,1614.101438401948,1.0,1.0,"(1, 2)",6122f332c9f0e8bb1209dc7d
56.00131955890636,79.21460032619807,2756,train,1615.3514384019481,1.0,1.0,"(1, 2)",6122f332c9f0e8bb1209dc7d
56.001131810064464,80.46460031209834,2757,train,1616.6014384019484,1.0,1.0,"(1, 2)",6122f332c9f0e8bb1209dc7d
56.00094406122257,81.71460029799862,2758,train,1617.8514384019486,1.0,1.0,"(1, 2)",6122f332c9f0e8bb1209dc7d
56.00075631238067,82.96460028389889,2759,train,1619.1014384019488,1.0,1.0,"(1, 2)",6122f332c9f0e8bb1209dc7d
56.00056856353878,84.21460026979916,2760,train,1620.351438401949,1.0,1.0,"(1, 2)",6122f332c9f0e8bb1209dc7d
56.00038081469688,85.46460025569944,2761,train,1621.6014384019493,1.0,1.0,"(1, 2)",6122f332c9f0e8bb1209dc7d
56.00019306585499,86.71460024159971,2762,train,1622.8514384019495,1.0,1.0,"(1, 2)",6122f332c9f0e8bb1209dc7d
56.00002942616286,87.96460022933262,2763,train,1624.1014384003936,1.0,1.0,"(1, 2)",6122f332c9f0e8bb1209dc7d
56.00002713231917,89.21460022933006,2764,train,1625.3514384003931,1.0,1.0,"(1, 2)",6122f332c9f0e8bb1209dc7d
56.000024838475476,90.4646002293275,2765,train,1626.6014384003927,1.0,1.0,"(1, 2)",6122f332c9f0e8bb1209dc7d
56.00002254463178,91.71460022932494,2766,train,1627.8514384003922,1.0,1.0,"(1, 2)",6122f332c9f0e8bb1209dc7d
56.00002025078809,92.96460022932239,2767,train,1629.1014384003918,1.0,1.0,"(1, 2)",6122f332c9f0e8bb1209dc7d
56.0000179569444,94.21460022931983,2768,train,1630.3514384003913,1.0,1.0,"(1, 2)",6122f332c9f0e8bb1209dc7d
56.000015663100704,95.46460022931727,2769,train,1631.6014384003909,1.0,1.0,"(1, 2)",6122f332c9f0e8bb1209dc7d
56.00001336925672,96.71460022931471,2770,train,1632.8514384003904,1.0,1.0,"(1, 2)",6122f332c9f0e8bb1209dc7d
56.00001107541267,97.96460022931215,2771,train,1634.10143840039,1.0,1.0,"(1, 2)",6122f332c9f0e8bb1209dc7d
56.000008781568624,99.2146002293096,2772,train,1635.3514384003895,1.0,1.0,"(1, 2)",6122f332c9f0e8bb1209dc7d
56.000006487724576,100.46460022930704,2773,train,1636.601438400389,1.0,1.0,"(1, 2)",6122f332c9f0e8bb1209dc7d
56.00000419388053,101.71460022930448,2774,train,1637.8514384003886,1.0,1.0,"(1, 2)",6122f332c9f0e8bb1209dc7d
56.00000190003648,102.96460022930192,2775,train,1639.1014384003881,1.0,1.0,"(1, 2)",6122f332c9f0e8bb1209dc7d
56.00000035391265,104.2146002293003,2776,train,1640.3514384003875,1.0,1.0,"(1, 2)",6122f332c9f0e8bb1209dc7d
56.00000032588742,105.46460022930059,2777,train,1641.6014384003877,1.0,1.0,"(1, 2)",6122f332c9f0e8bb1209dc7d
56.000000297862194,106.71460022930087,2778,train,1642.851438400388,1.0,1.0,"(1, 2)",6122f332c9f0e8bb1209dc7d
56.00000026983697,107.96460022930115,2779,train,1644.1014384003881,1.0,1.0,"(1, 2)",6122f332c9f0e8bb1209dc7d
56.00000024181174,109.21460022930144,2780,train,1645.3514384003884,1.0,1.0,"(1, 2)",6122f332c9f0e8bb1209dc7d
56.000000213786514,110.46460022930172,2781,train,1646.6014384003886,1.0,1.0,"(1, 2)",6122f332c9f0e8bb1209dc7d
56.00000018576129,111.71460022930201,2782,train,1647.8514384003888,1.0,1.0,"(1, 2)",6122f332c9f0e8bb1209dc7d
56.00000015773606,112.96460022930229,2783,train,1649.101438400389,1.0,1.0,"(1, 2)",6122f332c9f0e8bb1209dc7d
56.000000129710834,114.21460022930258,2784,train,1650.3514384003893,1.0,1.0,"(1, 2)",6122f332c9f0e8bb1209dc7d
56.00000010168561,115.46460022930286,2785,train,1651.6014384003895,1.0,1.0,"(1, 2)",6122f332c9f0e8bb1209dc7d
56.00000007366019,116.71460022930314,2786,train,1652.8514384003897,1.0,1.0,"(1, 2)",6122f332c9f0e8bb1209dc7d
56.00000004563461,117.96460022930343,2787,train,1654.10143840039,1.0,1.0,"(1, 2)",6122f332c9f0e8bb1209dc7d
56.000000017609025,119.21460022930371,2788,train,1655.3514384003902,1.0,1.0,"(1, 2)",6122f332c9f0e8bb1209dc7d
56.0,120.0,2789,train,1656.1368381710865,1.0,1.0,"(1, 2)",6122f332c9f0e8bb1209dc7d
56.0,120.0,2790,train,1656.1368381710865,1.0,1.0,"(1, 2)",6122f332c9f0e8bb1209dc7d
56.0,120.0,2791,train,1656.1368381710865,1.0,1.0,"(1, 2)",6122f332c9f0e8bb1209dc7d
56.0,120.0,2792,train,1656.1368381710865,1.0,1.0,"(1, 2)",6122f332c9f0e8bb1209dc7d
56.0,120.0,2793,train,1656.1368381710865,1.0,1.0,"(1, 2)",6122f332c9f0e8bb1209dc7d
56.0,120.0,2794,train,1656.1368381710865,1.0,1.0,"(1, 2)",6122f332c9f0e8bb1209dc7d
56.0,120.0,2795,train,1656.1368381710865,1.0,1.0,"(1, 2)",6122f332c9f0e8bb1209dc7d
56.0,120.0,2796,train,1656.1368381710865,1.0,1.0,"(1, 2)",6122f332c9f0e8bb1209dc7d
56.0,120.0,2797,train,1656.1368381710865,1.0,1.0,"(1, 2)",6122f332c9f0e8bb1209dc7d
56.0,120.0,2798,train,1656.1368381710865,1.0,1.0,"(1, 2)",6122f332c9f0e8bb1209dc7d
56.0,120.0,2799,train,1656.1368381710865,1.0,1.0,"(1, 2)",6122f332c9f0e8bb1209dc7d
56.0,120.0,2800,train,1656.1368381710865,1.0,1.0,"(1, 2)",6122f332c9f0e8bb1209dc7d
56.0,120.0,2801,train,1656.1368381710865,1.0,1.0,"(1, 2)",6122f332c9f0e8bb1209dc7d
56.0,120.0,2802,train,1656.1368381710865,1.0,1.0,"(1, 2)",6122f332c9f0e8bb1209dc7d
56.0,120.0,2803,train,1656.1368381710865,1.0,1.0,"(1, 2)",6122f332c9f0e8bb1209dc7d
56.0,120.0,2804,train,1656.1368381710865,1.0,1.0,"(1, 2)",6122f332c9f0e8bb1209dc7d
56.0,120.0,2805,train,1656.1368381710865,1.0,1.0,"(1, 2)",6122f332c9f0e8bb1209dc7d
56.0,120.0,2806,train,1656.1368381710865,1.0,1.0,"(1, 2)",6122f332c9f0e8bb1209dc7d
56.0,120.0,2807,train,1656.1368381710865,1.0,1.0,"(1, 2)",6122f332c9f0e8bb1209dc7d
56.0,120.0,2808,train,1656.1368381710865,1.0,1.0,"(1, 2)",6122f332c9f0e8bb1209dc7d
56.0,120.0,2809,train,1656.1368381710865,1.0,1.0,"(1, 2)",6122f332c9f0e8bb1209dc7d
56.0,120.0,2810,train,1656.1368381710865,1.0,1.0,"(1, 2)",6122f332c9f0e8bb1209dc7d
56.0,120.0,2811,train,1656.1368381710865,1.0,1.0,"(1, 2)",6122f332c9f0e8bb1209dc7d
56.0,120.0,2812,train,1656.1368381710865,1.0,1.0,"(1, 2)",6122f332c9f0e8bb1209dc7d
56.0,120.0,2813,train,1656.1368381710865,1.0,1.0,"(1, 2)",6122f332c9f0e8bb1209dc7d
56.0,120.0,2814,train,1656.1368381710865,1.0,1.0,"(1, 2)",6122f332c9f0e8bb1209dc7d
56.0,120.0,2815,train,1656.1368381710865,1.0,1.0,"(1, 2)",6122f332c9f0e8bb1209dc7d
56.0,120.0,2816,train,1656.1368381710865,1.0,1.0,"(1, 2)",6122f332c9f0e8bb1209dc7d
56.0,120.0,2817,train,1656.1368381710865,1.0,1.0,"(1, 2)",6122f332c9f0e8bb1209dc7d
56.0,120.0,2818,train,1656.1368381710865,1.0,1.0,"(1, 2)",6122f332c9f0e8bb1209dc7d
56.0,120.0,2819,train,1656.1368381710865,1.0,1.0,"(1, 2)",6122f332c9f0e8bb1209dc7d
56.0,120.0,2820,train,1656.1368381710865,1.0,1.0,"(1, 2)",6122f332c9f0e8bb1209dc7d
56.0,120.0,2821,train,1656.1368381710865,1.0,1.0,"(1, 2)",6122f332c9f0e8bb1209dc7d
56.0,120.0,2822,train,1656.1368381710865,1.0,1.0,"(1, 2)",6122f332c9f0e8bb1209dc7d
56.0,120.0,2823,train,1656.1368381710865,1.0,1.0,"(1, 2)",6122f332c9f0e8bb1209dc7d
56.0,120.0,2824,train,1656.1368381710865,1.0,1.0,"(1, 2)",6122f332c9f0e8bb1209dc7d
56.0,120.0,2825,train,1656.1368381710865,1.0,1.0,"(1, 2)",6122f332c9f0e8bb1209dc7d
56.0,120.0,2826,train,1656.1368381710865,1.0,1.0,"(1, 2)",6122f332c9f0e8bb1209dc7d
56.0,120.0,2827,train,1656.1368381710865,1.0,1.0,"(1, 2)",6122f332c9f0e8bb1209dc7d
56.0,120.0,2828,train,1656.1368381710865,1.0,1.0,"(1, 2)",6122f332c9f0e8bb1209dc7d
56.0,120.0,2829,train,1656.1368381710865,1.0,1.0,"(1, 2)",6122f332c9f0e8bb1209dc7d
56.0,120.0,2830,train,1656.1368381710865,1.0,1.0,"(1, 2)",6122f332c9f0e8bb1209dc7d
56.0,120.0,2831,train,1656.1368381710865,1.0,1.0,"(1, 2)",6122f332c9f0e8bb1209dc7d
56.0,120.0,2832,train,1656.1368381710865,1.0,1.0,"(1, 2)",6122f332c9f0e8bb1209dc7d
56.0,120.0,2833,train,1656.1368381710865,1.0,1.0,"(1, 2)",6122f332c9f0e8bb1209dc7d
56.0,120.0,2834,train,1656.1368381710865,1.0,1.0,"(1, 2)",6122f332c9f0e8bb1209dc7d
56.0,120.0,2835,train,1656.1368381710865,1.0,1.0,"(1, 2)",6122f332c9f0e8bb1209dc7d
56.0,120.0,2836,train,1656.1368381710865,1.0,1.0,"(1, 2)",6122f332c9f0e8bb1209dc7d
56.0,120.0,2837,train,1656.1368381710865,1.0,1.0,"(1, 2)",6122f332c9f0e8bb1209dc7d
56.0,120.0,2838,train,1656.1368381710865,1.0,1.0,"(1, 2)",6122f332c9f0e8bb1209dc7d
56.0,120.0,2839,train,1656.1368381710865,1.0,1.0,"(1, 2)",6122f332c9f0e8bb1209dc7d
56.0,120.0,2840,train,1656.1368381710865,1.0,1.0,"(1, 2)",6122f332c9f0e8bb1209dc7d
56.0,120.0,2841,train,1656.1368381710865,1.0,1.0,"(1, 2)",6122f332c9f0e8bb1209dc7d
56.0,120.0,2842,train,1656.1368381710865,1.0,1.0,"(1, 2)",6122f332c9f0e8bb1209dc7d
56.0,120.0,2843,train,1656.1368381710865,1.0,1.0,"(1, 2)",6122f332c9f0e8bb1209dc7d
56.0,120.0,2844,train,1656.1368381710865,1.0,1.0,"(1, 2)",6122f332c9f0e8bb1209dc7d
56.0,120.0,2845,train,1656.1368381710865,1.0,1.0,"(1, 2)",6122f332c9f0e8bb1209dc7d
56.0,120.0,2846,train,1656.1368381710865,1.0,1.0,"(1, 2)",6122f332c9f0e8bb1209dc7d
56.0,120.0,2847,train,1656.1368381710865,1.0,1.0,"(1, 2)",6122f332c9f0e8bb1209dc7d
56.0,120.0,2848,train,1656.1368381710865,1.0,1.0,"(1, 2)",6122f332c9f0e8bb1209dc7d
56.0,120.0,2849,train,1656.1368381710865,1.0,1.0,"(1, 2)",6122f332c9f0e8bb1209dc7d
56.0,120.0,2850,train,1656.1368381710865,1.0,1.0,"(1, 2)",6122f332c9f0e8bb1209dc7d
56.0,120.0,2851,train,1656.1368381710865,1.0,1.0,"(1, 2)",6122f332c9f0e8bb1209dc7d
56.0,120.0,2852,train,1656.1368381710865,1.0,1.0,"(1, 2)",6122f332c9f0e8bb1209dc7d
56.0,120.0,2853,train,1656.1368381710865,1.0,1.0,"(1, 2)",6122f332c9f0e8bb1209dc7d
55.11611652351695,120.88388347648305,2854,train,1657.3868381710863,1.0,1.0,"(1, 2)",6122f332c9f0e8bb1209dc7d
54.2322330470339,121.7677669529661,2855,train,1658.636838171086,1.0,1.0,"(1, 2)",6122f332c9f0e8bb1209dc7d
53.34834957055085,122.65165042944915,2856,train,1659.8868381710859,1.0,1.0,"(1, 2)",6122f332c9f0e8bb1209dc7d
52.4644660940678,123.5355339059322,2857,train,1661.1368381710856,1.0,1.0,"(1, 2)",6122f332c9f0e8bb1209dc7d
51.58058261758475,124.41941738241525,2858,train,1662.3868381710854,1.0,1.0,"(1, 2)",6122f332c9f0e8bb1209dc7d
50.6966991411017,125.3033008588983,2859,train,1663.6368381710852,1.0,1.0,"(1, 2)",6122f332c9f0e8bb1209dc7d
49.812815664618654,126.18718433538135,2860,train,1664.886838171085,1.0,1.0,"(1, 2)",6122f332c9f0e8bb1209dc7d
48.928932188135605,127.0710678118644,2861,train,1666.1368381710847,1.0,1.0,"(1, 2)",6122f332c9f0e8bb1209dc7d
48.045048711652555,127.95495128834744,2862,train,1667.3868381710845,1.0,1.0,"(1, 2)",6122f332c9f0e8bb1209dc7d
47.161165235169506,128.83883476483183,2863,train,1668.6368381710852,1.0,1.0,"(1, 2)",6122f332c9f0e8bb1209dc7d
46.277281758686456,129.72271824131548,2864,train,1669.8868381710854,1.0,1.0,"(1, 2)",6122f332c9f0e8bb1209dc7d
45.39339828220341,130.60660171779824,2865,train,1671.136838171085,1.0,1.0,"(1, 2)",6122f332c9f0e8bb1209dc7d
44.50951480572036,131.49048519428104,2866,train,1672.3868381710845,1.0,1.0,"(1, 2)",6122f332c9f0e8bb1209dc7d
43.62563132923731,132.3743686707638,2867,train,1673.636838171084,1.0,1.0,"(1, 2)",6122f332c9f0e8bb1209dc7d
42.74174785275426,133.2582521472466,2868,train,1674.8868381710836,1.0,1.0,"(1, 2)",6122f332c9f0e8bb1209dc7d
41.85786437627121,134.14213562372936,2869,train,1676.1368381710831,1.0,1.0,"(1, 2)",6122f332c9f0e8bb1209dc7d
40.97398089978816,135.02601910021215,2870,train,1677.3868381710827,1.0,1.0,"(1, 2)",6122f332c9f0e8bb1209dc7d
40.088805099494266,135.69907880744051,2871,train,1678.4988388756328,1.0,1.0,"(1, 2)",6122f332c9f0e8bb1209dc7d
39.19415225792085,134.82609754013663,2872,train,1679.7488388756324,1.0,1.0,"(1, 2)",6122f332c9f0e8bb1209dc7d
38.29949941634743,133.95311627283274,2873,train,1680.998838875632,1.0,1.0,"(1, 2)",6122f332c9f0e8bb1209dc7d
37.40484657477401,133.08013500552886,2874,train,1682.2488388756315,1.0,1.0,"(1, 2)",6122f332c9f0e8bb1209dc7d
36.510193733200595,132.20715373822497,2875,train,1683.498838875631,1.0,1.0,"(1, 2)",6122f332c9f0e8bb1209dc7d
35.61554089162718,131.3341724709211,2876,train,1684.7488388756306,1.0,1.0,"(1, 2)",6122f332c9f0e8bb1209dc7d
34.72088805005376,130.4611912036172,2877,train,1685.99883887563,1.0,1.0,"(1, 2)",6122f332c9f0e8bb1209dc7d
33.82623520848034,129.58820993631332,2878,train,1687.2488388756296,1.0,1.0,"(1, 2)",6122f332c9f0e8bb1209dc7d
32.93158236690692,128.71522866900943,2879,train,1688.4988388756292,1.0,1.0,"(1, 2)",6122f332c9f0e8bb1209dc7d
24.0,40.0,2880,ready,1777.6625364289018,1.0,1.0,"(1, 2)",6122f332c9f0e8bb1209dc7d
24.0,40.0,2881,ready,1777.6625364289018,1.0,1.0,"(1, 2)",6122f332c9f0e8bb1209dc7d
24.0,40.0,2882,ready,1777.6625364289018,1.0,1.0,"(1, 2)",6122f332c9f0e8bb1209dc7d
24.0,40.0,2883,ready,1777.6625364289018,1.0,1.0,"(1, 2)",6122f332c9f0e8bb1209dc7d
24.0,40.0,2884,ready,1777.6625364289018,1.0,1.0,"(1, 2)",6122f332c9f0e8bb1209dc7d
24.0,40.0,2885,ready,1777.6625364289018,1.0,1.0,"(1, 2)",6122f332c9f0e8bb1209dc7d
24.0,40.0,2886,ready,1777.6625364289018,1.0,1.0,"(1, 2)",6122f332c9f0e8bb1209dc7d
24.0,40.0,2887,ready,1777.6625364289018,1.0,1.0,"(1, 2)",6122f332c9f0e8bb1209dc7d
24.0,40.0,2888,ready,1777.6625364289018,1.0,1.0,"(1, 2)",6122f332c9f0e8bb1209dc7d
24.0,40.0,2889,ready,1777.6625364289018,1.0,1.0,"(1, 2)",6122f332c9f0e8bb1209dc7d
24.0,40.0,2890,ready,1777.6625364289018,1.0,1.0,"(1, 2)",6122f332c9f0e8bb1209dc7d
24.0,40.0,2891,ready,1777.6625364289018,1.0,1.0,"(1, 2)",6122f332c9f0e8bb1209dc7d
24.0,40.0,2892,ready,1777.6625364289018,1.0,1.0,"(1, 2)",6122f332c9f0e8bb1209dc7d
24.0,40.0,2893,ready,1777.6625364289018,1.0,1.0,"(1, 2)",6122f332c9f0e8bb1209dc7d
24.0,40.0,2894,ready,1777.6625364289018,1.0,1.0,"(1, 2)",6122f332c9f0e8bb1209dc7d
24.0,40.0,2895,ready,1777.6625364289018,1.0,1.0,"(1, 2)",6122f332c9f0e8bb1209dc7d
24.0,40.0,2896,ready,1777.6625364289018,1.0,1.0,"(1, 2)",6122f332c9f0e8bb1209dc7d
24.0,40.0,2897,ready,1777.6625364289018,1.0,1.0,"(1, 2)",6122f332c9f0e8bb1209dc7d
24.0,40.0,2898,ready,1777.6625364289018,1.0,1.0,"(1, 2)",6122f332c9f0e8bb1209dc7d
24.0,40.0,2899,ready,1777.6625364289018,1.0,1.0,"(1, 2)",6122f332c9f0e8bb1209dc7d
24.0,40.0,2900,ready,1777.6625364289018,1.0,1.0,"(1, 2)",6122f332c9f0e8bb1209dc7d
24.0,40.0,2901,ready,1777.6625364289018,1.0,1.0,"(1, 2)",6122f332c9f0e8bb1209dc7d
24.0,40.0,2902,ready,1777.6625364289018,1.0,1.0,"(1, 2)",6122f332c9f0e8bb1209dc7d
24.0,40.0,2903,ready,1777.6625364289018,1.0,1.0,"(1, 2)",6122f332c9f0e8bb1209dc7d
24.0,40.0,2904,ready,1777.6625364289018,1.0,1.0,"(1, 2)",6122f332c9f0e8bb1209dc7d
24.0,40.0,2905,ready,1777.6625364289018,1.0,1.0,"(1, 2)",6122f332c9f0e8bb1209dc7d
24.0,40.0,2906,ready,1777.6625364289018,1.0,1.0,"(1, 2)",6122f332c9f0e8bb1209dc7d
24.0,40.0,2907,ready,1777.6625364289018,1.0,1.0,"(1, 2)",6122f332c9f0e8bb1209dc7d
24.0,40.0,2908,ready,1777.6625364289018,1.0,1.0,"(1, 2)",6122f332c9f0e8bb1209dc7d
24.0,40.0,2909,ready,1777.6625364289018,1.0,1.0,"(1, 2)",6122f332c9f0e8bb1209dc7d
24.0,40.0,2910,ready,1777.6625364289018,1.0,1.0,"(1, 2)",6122f332c9f0e8bb1209dc7d
24.0,40.0,2911,ready,1777.6625364289018,1.0,1.0,"(1, 2)",6122f332c9f0e8bb1209dc7d
24.0,40.0,2912,ready,1777.6625364289018,1.0,1.0,"(1, 2)",6122f332c9f0e8bb1209dc7d
24.0,40.0,2913,ready,1777.6625364289018,1.0,1.0,"(1, 2)",6122f332c9f0e8bb1209dc7d
24.0,40.0,2914,ready,1777.6625364289018,1.0,1.0,"(1, 2)",6122f332c9f0e8bb1209dc7d
24.0,40.0,2915,ready,1777.6625364289018,1.0,1.0,"(1, 2)",6122f332c9f0e8bb1209dc7d
24.0,40.0,2916,ready,1777.6625364289018,1.0,1.0,"(1, 2)",6122f332c9f0e8bb1209dc7d
24.0,40.0,2917,ready,1777.6625364289018,1.0,1.0,"(1, 2)",6122f332c9f0e8bb1209dc7d
24.0,40.0,2918,ready,1777.6625364289018,1.0,1.0,"(1, 2)",6122f332c9f0e8bb1209dc7d
24.0,40.0,2919,ready,1777.6625364289018,1.0,1.0,"(1, 2)",6122f332c9f0e8bb1209dc7d
24.0,40.0,2920,ready,1777.6625364289018,1.0,1.0,"(1, 2)",6122f332c9f0e8bb1209dc7d
24.0,40.0,2921,ready,1777.6625364289018,1.0,1.0,"(1, 2)",6122f332c9f0e8bb1209dc7d
24.0,40.0,2922,ready,1777.6625364289018,1.0,1.0,"(1, 2)",6122f332c9f0e8bb1209dc7d
24.0,40.0,2923,ready,1777.6625364289018,1.0,1.0,"(1, 2)",6122f332c9f0e8bb1209dc7d
24.0,40.0,2924,ready,1777.6625364289018,1.0,1.0,"(1, 2)",6122f332c9f0e8bb1209dc7d
24.0,40.0,2925,ready,1777.6625364289018,1.0,1.0,"(1, 2)",6122f332c9f0e8bb1209dc7d
24.0,40.0,2926,ready,1777.6625364289018,1.0,1.0,"(1, 2)",6122f332c9f0e8bb1209dc7d
24.0,40.0,2927,ready,1777.6625364289018,1.0,1.0,"(1, 2)",6122f332c9f0e8bb1209dc7d
24.0,40.0,2928,ready,1777.6625364289018,1.0,1.0,"(1, 2)",6122f332c9f0e8bb1209dc7d
24.0,40.0,2929,ready,1777.6625364289018,1.0,1.0,"(1, 2)",6122f332c9f0e8bb1209dc7d
24.0,40.0,2930,ready,1777.6625364289018,1.0,1.0,"(1, 2)",6122f332c9f0e8bb1209dc7d
24.0,40.0,2931,ready,1777.6625364289018,1.0,1.0,"(1, 2)",6122f332c9f0e8bb1209dc7d
24.0,40.0,2932,ready,1777.6625364289018,1.0,1.0,"(1, 2)",6122f332c9f0e8bb1209dc7d
24.0,40.0,2933,ready,1777.6625364289018,1.0,1.0,"(1, 2)",6122f332c9f0e8bb1209dc7d
24.0,40.0,2934,ready,1777.6625364289018,1.0,1.0,"(1, 2)",6122f332c9f0e8bb1209dc7d
24.0,40.0,2935,ready,1777.6625364289018,1.0,1.0,"(1, 2)",6122f332c9f0e8bb1209dc7d
24.0,40.0,2936,ready,1777.6625364289018,1.0,1.0,"(1, 2)",6122f332c9f0e8bb1209dc7d
24.0,40.0,2937,ready,1777.6625364289018,1.0,1.0,"(1, 2)",6122f332c9f0e8bb1209dc7d
24.0,40.0,2938,ready,1777.6625364289018,1.0,1.0,"(1, 2)",6122f332c9f0e8bb1209dc7d
24.0,40.0,2939,ready,1777.6625364289018,1.0,1.0,"(1, 2)",6122f332c9f0e8bb1209dc7d
24.0,40.0,2940,ready,1777.6625364289018,1.0,1.0,"(1, 2)",6122f332c9f0e8bb1209dc7d
24.0,40.0,2941,ready,1777.6625364289018,1.0,1.0,"(1, 2)",6122f332c9f0e8bb1209dc7d
24.0,40.0,2942,ready,1777.6625364289018,1.0,1.0,"(1, 2)",6122f332c9f0e8bb1209dc7d
24.0,40.0,2943,ready,1777.6625364289018,1.0,1.0,"(1, 2)",6122f332c9f0e8bb1209dc7d
24.0,40.0,2944,ready,1777.6625364289018,1.0,1.0,"(1, 2)",6122f332c9f0e8bb1209dc7d
24.0,40.0,2945,ready,1777.6625364289018,1.0,1.0,"(1, 2)",6122f332c9f0e8bb1209dc7d
24.0,40.0,2946,ready,1777.6625364289018,1.0,1.0,"(1, 2)",6122f332c9f0e8bb1209dc7d
24.0,40.0,2947,ready,1777.6625364289018,1.0,1.0,"(1, 2)",6122f332c9f0e8bb1209dc7d
24.0,40.0,2948,ready,1777.6625364289018,1.0,1.0,"(1, 2)",6122f332c9f0e8bb1209dc7d
24.0,40.0,2949,ready,1777.6625364289018,1.0,1.0,"(1, 2)",6122f332c9f0e8bb1209dc7d
24.0,40.0,2950,ready,1777.6625364289018,1.0,1.0,"(1, 2)",6122f332c9f0e8bb1209dc7d
24.0,40.0,2951,ready,1777.6625364289018,1.0,1.0,"(1, 2)",6122f332c9f0e8bb1209dc7d
24.0,40.0,2952,ready,1777.6625364289018,1.0,1.0,"(1, 2)",6122f332c9f0e8bb1209dc7d
24.0,40.0,2953,ready,1777.6625364289018,1.0,1.0,"(1, 2)",6122f332c9f0e8bb1209dc7d
24.0,40.0,2954,ready,1777.6625364289018,1.0,1.0,"(1, 2)",6122f332c9f0e8bb1209dc7d
24.0,40.0,2955,ready,1777.6625364289018,1.0,1.0,"(1, 2)",6122f332c9f0e8bb1209dc7d
24.0,40.0,2956,ready,1777.6625364289018,1.0,1.0,"(1, 2)",6122f332c9f0e8bb1209dc7d
24.0,40.0,2957,ready,1777.6625364289018,1.0,1.0,"(1, 2)",6122f332c9f0e8bb1209dc7d
24.0,40.0,2958,ready,1777.6625364289018,1.0,1.0,"(1, 2)",6122f332c9f0e8bb1209dc7d
24.0,40.0,2959,ready,1777.6625364289018,1.0,1.0,"(1, 2)",6122f332c9f0e8bb1209dc7d
24.0,40.0,2960,ready,1777.6625364289018,1.0,1.0,"(1, 2)",6122f332c9f0e8bb1209dc7d
24.0,40.0,2961,ready,1777.6625364289018,1.0,1.0,"(1, 2)",6122f332c9f0e8bb1209dc7d
24.0,40.0,2962,ready,1777.6625364289018,1.0,1.0,"(1, 2)",6122f332c9f0e8bb1209dc7d
24.0,40.0,2963,ready,1777.6625364289018,1.0,1.0,"(1, 2)",6122f332c9f0e8bb1209dc7d
24.0,40.0,2964,ready,1777.6625364289018,1.0,1.0,"(1, 2)",6122f332c9f0e8bb1209dc7d
24.0,40.0,2965,ready,1777.6625364289018,1.0,1.0,"(1, 2)",6122f332c9f0e8bb1209dc7d
24.0,40.0,2966,ready,1777.6625364289018,1.0,1.0,"(1, 2)",6122f332c9f0e8bb1209dc7d
24.0,40.0,2967,ready,1777.6625364289018,1.0,1.0,"(1, 2)",6122f332c9f0e8bb1209dc7d
24.0,40.0,2968,ready,1777.6625364289018,1.0,1.0,"(1, 2)",6122f332c9f0e8bb1209dc7d
24.0,40.0,2969,ready,1777.6625364289018,1.0,1.0,"(1, 2)",6122f332c9f0e8bb1209dc7d
24.0,40.0,2970,ready,1777.6625364289018,1.0,1.0,"(1, 2)",6122f332c9f0e8bb1209dc7d
24.0,40.0,2971,ready,1777.6625364289018,1.0,1.0,"(1, 2)",6122f332c9f0e8bb1209dc7d
24.0,40.0,2972,ready,1777.6625364289018,1.0,1.0,"(1, 2)",6122f332c9f0e8bb1209dc7d
24.0,40.0,2973,ready,1777.6625364289018,1.0,1.0,"(1, 2)",6122f332c9f0e8bb1209dc7d
24.0,40.0,2974,ready,1777.6625364289018,1.0,1.0,"(1, 2)",6122f332c9f0e8bb1209dc7d
24.0,40.0,2975,ready,1777.6625364289018,1.0,1.0,"(1, 2)",6122f332c9f0e8bb1209dc7d
24.0,40.0,2976,ready,1777.6625364289018,1.0,1.0,"(1, 2)",6122f332c9f0e8bb1209dc7d
24.0,40.0,2977,ready,1777.6625364289018,1.0,1.0,"(1, 2)",6122f332c9f0e8bb1209dc7d
24.0,40.0,2978,ready,1777.6625364289018,1.0,1.0,"(1, 2)",6122f332c9f0e8bb1209dc7d
24.0,40.0,2979,ready,1777.6625364289018,1.0,1.0,"(1, 2)",6122f332c9f0e8bb1209dc7d
24.0,40.0,2980,ready,1777.6625364289018,1.0,1.0,"(1, 2)",6122f332c9f0e8bb1209dc7d
24.0,40.0,2981,ready,1777.6625364289018,1.0,1.0,"(1, 2)",6122f332c9f0e8bb1209dc7d
24.0,40.0,2982,ready,1777.6625364289018,1.0,1.0,"(1, 2)",6122f332c9f0e8bb1209dc7d
24.0,40.0,2983,ready,1777.6625364289018,1.0,1.0,"(1, 2)",6122f332c9f0e8bb1209dc7d
24.0,40.0,2984,ready,1777.6625364289018,1.0,1.0,"(1, 2)",6122f332c9f0e8bb1209dc7d
24.0,40.0,2985,ready,1777.6625364289018,1.0,1.0,"(1, 2)",6122f332c9f0e8bb1209dc7d
24.0,40.0,2986,ready,1777.6625364289018,1.0,1.0,"(1, 2)",6122f332c9f0e8bb1209dc7d
24.0,40.0,2987,ready,1777.6625364289018,1.0,1.0,"(1, 2)",6122f332c9f0e8bb1209dc7d
24.0,40.0,2988,ready,1777.6625364289018,1.0,1.0,"(1, 2)",6122f332c9f0e8bb1209dc7d
24.0,40.0,2989,ready,1777.6625364289018,1.0,1.0,"(1, 2)",6122f332c9f0e8bb1209dc7d
24.0,40.0,2990,ready,1777.6625364289018,1.0,1.0,"(1, 2)",6122f332c9f0e8bb1209dc7d
24.0,40.0,2991,ready,1777.6625364289018,1.0,1.0,"(1, 2)",6122f332c9f0e8bb1209dc7d
24.0,40.0,2992,ready,1777.6625364289018,1.0,1.0,"(1, 2)",6122f332c9f0e8bb1209dc7d
24.0,40.0,2993,ready,1777.6625364289018,1.0,1.0,"(1, 2)",6122f332c9f0e8bb1209dc7d
24.0,40.0,2994,ready,1777.6625364289018,1.0,1.0,"(1, 2)",6122f332c9f0e8bb1209dc7d
24.0,40.0,2995,ready,1777.6625364289018,1.0,1.0,"(1, 2)",6122f332c9f0e8bb1209dc7d
24.0,40.0,2996,ready,1777.6625364289018,1.0,1.0,"(1, 2)",6122f332c9f0e8bb1209dc7d
24.0,40.0,2997,ready,1777.6625364289018,1.0,1.0,"(1, 2)",6122f332c9f0e8bb1209dc7d
24.0,40.0,2998,ready,1777.6625364289018,1.0,1.0,"(1, 2)",6122f332c9f0e8bb1209dc7d
24.0,40.0,2999,ready,1777.6625364289018,1.0,1.0,"(1, 2)",6122f332c9f0e8bb1209dc7d
24.0,40.0,3000,test,1777.6625364289018,1.0,1.0,"(1, 2)",6122f332c9f0e8bb1209dc7d
24.0,40.0,3001,test,1777.6625364289018,1.0,1.0,"(1, 2)",6122f332c9f0e8bb1209dc7d
24.0,40.0,3002,test,1777.6625364289018,1.0,1.0,"(1, 2)",6122f332c9f0e8bb1209dc7d
24.0,40.0,3003,test,1777.6625364289018,1.0,1.0,"(1, 2)",6122f332c9f0e8bb1209dc7d
24.0,40.0,3004,test,1777.6625364289018,1.0,1.0,"(1, 2)",6122f332c9f0e8bb1209dc7d
24.0,40.0,3005,test,1777.6625364289018,1.0,1.0,"(1, 2)",6122f332c9f0e8bb1209dc7d
24.0,40.0,3006,test,1777.6625364289018,1.0,1.0,"(1, 2)",6122f332c9f0e8bb1209dc7d
24.0,40.0,3007,test,1777.6625364289018,1.0,1.0,"(1, 2)",6122f332c9f0e8bb1209dc7d
24.0,40.0,3008,test,1777.6625364289018,1.0,1.0,"(1, 2)",6122f332c9f0e8bb1209dc7d
24.0,40.0,3009,test,1777.6625364289018,1.0,1.0,"(1, 2)",6122f332c9f0e8bb1209dc7d
24.0,40.0,3010,test,1777.6625364289018,1.0,1.0,"(1, 2)",6122f332c9f0e8bb1209dc7d
24.0,40.0,3011,test,1777.6625364289018,1.0,1.0,"(1, 2)",6122f332c9f0e8bb1209dc7d
24.0,40.0,3012,test,1777.6625364289018,1.0,1.0,"(1, 2)",6122f332c9f0e8bb1209dc7d
24.0,40.0,3013,test,1777.6625364289018,1.0,1.0,"(1, 2)",6122f332c9f0e8bb1209dc7d
24.0,40.0,3014,test,1777.6625364289018,1.0,1.0,"(1, 2)",6122f332c9f0e8bb1209dc7d
24.0,40.0,3015,test,1777.6625364289018,1.0,1.0,"(1, 2)",6122f332c9f0e8bb1209dc7d
24.0,40.0,3016,test,1777.6625364289018,1.0,1.0,"(1, 2)",6122f332c9f0e8bb1209dc7d
24.0,40.0,3017,test,1777.6625364289018,1.0,1.0,"(1, 2)",6122f332c9f0e8bb1209dc7d
24.0,40.0,3018,test,1777.6625364289018,1.0,1.0,"(1, 2)",6122f332c9f0e8bb1209dc7d
24.0,40.0,3019,test,1777.6625364289018,1.0,1.0,"(1, 2)",6122f332c9f0e8bb1209dc7d
24.0,40.0,3020,test,1777.6625364289018,1.0,1.0,"(1, 2)",6122f332c9f0e8bb1209dc7d
24.0,40.0,3021,test,1777.6625364289018,1.0,1.0,"(1, 2)",6122f332c9f0e8bb1209dc7d
24.0,40.0,3022,test,1777.6625364289018,1.0,1.0,"(1, 2)",6122f332c9f0e8bb1209dc7d
24.0,40.0,3023,test,1777.6625364289018,1.0,1.0,"(1, 2)",6122f332c9f0e8bb1209dc7d
24.0,40.0,3024,test,1777.6625364289018,1.0,1.0,"(1, 2)",6122f332c9f0e8bb1209dc7d
24.0,40.0,3025,test,1777.6625364289018,1.0,1.0,"(1, 2)",6122f332c9f0e8bb1209dc7d
24.0,40.0,3026,test,1777.6625364289018,1.0,1.0,"(1, 2)",6122f332c9f0e8bb1209dc7d
24.0,40.0,3027,test,1777.6625364289018,1.0,1.0,"(1, 2)",6122f332c9f0e8bb1209dc7d
24.0,40.0,3028,test,1777.6625364289018,1.0,1.0,"(1, 2)",6122f332c9f0e8bb1209dc7d
24.0,40.0,3029,test,1777.6625364289018,1.0,1.0,"(1, 2)",6122f332c9f0e8bb1209dc7d
24.0,40.0,3030,test,1777.6625364289018,1.0,1.0,"(1, 2)",6122f332c9f0e8bb1209dc7d
24.0,40.0,3031,test,1777.6625364289018,1.0,1.0,"(1, 2)",6122f332c9f0e8bb1209dc7d
24.0,40.0,3032,test,1777.6625364289018,1.0,1.0,"(1, 2)",6122f332c9f0e8bb1209dc7d
24.0,40.0,3033,test,1777.6625364289018,1.0,1.0,"(1, 2)",6122f332c9f0e8bb1209dc7d
24.0,40.0,3034,test,1777.6625364289018,1.0,1.0,"(1, 2)",6122f332c9f0e8bb1209dc7d
24.0,41.250000000000284,3035,test,1778.912536428902,1.0,1.0,"(1, 2)",6122f332c9f0e8bb1209dc7d
24.0,42.50000000000057,3036,test,1780.1625364289023,1.0,1.0,"(1, 2)",6122f332c9f0e8bb1209dc7d
24.0,43.75000000000085,3037,test,1781.4125364289025,1.0,1.0,"(1, 2)",6122f332c9f0e8bb1209dc7d
24.0,45.00000000000114,3038,test,1782.6625364289027,1.0,1.0,"(1, 2)",6122f332c9f0e8bb1209dc7d
24.0,46.25000000000142,3039,test,1783.912536428903,1.0,1.0,"(1, 2)",6122f332c9f0e8bb1209dc7d
24.0,47.500000000001705,3040,test,1785.1625364289032,1.0,1.0,"(1, 2)",6122f332c9f0e8bb1209dc7d
24.0,48.75000000000199,3041,test,1786.4125364289034,1.0,1.0,"(1, 2)",6122f332c9f0e8bb1209dc7d
24.0,50.000000000002274,3042,test,1787.6625364289036,1.0,1.0,"(1, 2)",6122f332c9f0e8bb1209dc7d
24.0,51.25000000000256,3043,test,1788.9125364289039,1.0,1.0,"(1, 2)",6122f332c9f0e8bb1209dc7d
24.0,52.50000000000284,3044,test,1790.162536428904,1.0,1.0,"(1, 2)",6122f332c9f0e8bb1209dc7d
24.0,53.750000000003126,3045,test,1791.4125364289043,1.0,1.0,"(1, 2)",6122f332c9f0e8bb1209dc7d
24.0,55.00000000000341,3046,test,1792.6625364289046,1.0,1.0,"(1, 2)",6122f332c9f0e8bb1209dc7d
24.0,56.250000000003695,3047,test,1793.9125364289048,1.0,1.0,"(1, 2)",6122f332c9f0e8bb1209dc7d
24.0,57.50000000000398,3048,test,1795.162536428905,1.0,1.0,"(1, 2)",6122f332c9f0e8bb1209dc7d
24.0,58.75000000000426,3049,test,1796.4125364289052,1.0,1.0,"(1, 2)",6122f332c9f0e8bb1209dc7d
24.0,60.00000000000455,3050,test,1797.6625364289055,1.0,1.0,"(1, 2)",6122f332c9f0e8bb1209dc7d
24.0,61.25000000000483,3051,test,1798.9125364289057,1.0,1.0,"(1, 2)",6122f332c9f0e8bb1209dc7d
24.0,62.500000000005116,3052,test,1800.162536428906,1.0,1.0,"(1, 2)",6122f332c9f0e8bb1209dc7d
24.0,63.7500000000054,3053,test,1801.4125364289062,1.0,1.0,"(1, 2)",6122f332c9f0e8bb1209dc7d
24.0,65.00000000000568,3054,test,1802.6625364289064,1.0,1.0,"(1, 2)",6122f332c9f0e8bb1209dc7d
24.0,66.25000000000597,3055,test,1803.9125364289066,1.0,1.0,"(1, 2)",6122f332c9f0e8bb1209dc7d
24.0,67.50000000000625,3056,test,1805.1625364289068,1.0,1.0,"(1, 2)",6122f332c9f0e8bb1209dc7d
24.0,68.75000000000654,3057,test,1806.412536428907,1.0,1.0,"(1, 2)",6122f332c9f0e8bb1209dc7d
24.0,70.00000000000682,3058,test,1807.6625364289073,1.0,1.0,"(1, 2)",6122f332c9f0e8bb1209dc7d
24.0,71.2500000000071,3059,test,1808.9125364289075,1.0,1.0,"(1, 2)",6122f332c9f0e8bb1209dc7d
24.0,72.50000000000739,3060,test,1810.1625364289077,1.0,1.0,"(1, 2)",6122f332c9f0e8bb1209dc7d
24.0,73.75000000000767,3061,test,1811.412536428908,1.0,1.0,"(1, 2)",6122f332c9f0e8bb1209dc7d
24.0,75.00000000000796,3062,test,1812.6625364289082,1.0,1.0,"(1, 2)",6122f332c9f0e8bb1209dc7d
24.0,76.25000000000824,3063,test,1813.9125364289084,1.0,1.0,"(1, 2)",6122f332c9f0e8bb1209dc7d
24.0,77.50000000000853,3064,test,1815.1625364289087,1.0,1.0,"(1, 2)",6122f332c9f0e8bb1209dc7d
24.0,78.75000000000881,3065,test,1816.4125364289089,1.0,1.0,"(1, 2)",6122f332c9f0e8bb1209dc7d
24.0,80.0000000000091,3066,test,1817.662536428909,1.0,1.0,"(1, 2)",6122f332c9f0e8bb1209dc7d
24.0,81.25000000000938,3067,test,1818.9125364289093,1.0,1.0,"(1, 2)",6122f332c9f0e8bb1209dc7d
24.0,82.50000000000966,3068,test,1820.1625364289096,1.0,1.0,"(1, 2)",6122f332c9f0e8bb1209dc7d
24.0,83.75000000000995,3069,test,1821.4125364289098,1.0,1.0,"(1, 2)",6122f332c9f0e8bb1209dc7d
24.0,85.00000000001023,3070,test,1822.66253642891,1.0,1.0,"(1, 2)",6122f332c9f0e8bb1209dc7d
24.0,86.25000000001052,3071,test,1823.9125364289102,1.0,1.0,"(1, 2)",6122f332c9f0e8bb1209dc7d
24.0,87.5000000000108,3072,test,1825.1625364289105,1.0,1.0,"(1, 2)",6122f332c9f0e8bb1209dc7d
24.0,88.75000000001108,3073,test,1826.4125364289107,1.0,1.0,"(1, 2)",6122f332c9f0e8bb1209dc7d
24.0,90.00000000001137,3074,test,1827.662536428911,1.0,1.0,"(1, 2)",6122f332c9f0e8bb1209dc7d
24.0,91.25000000001165,3075,test,1828.9125364289112,1.0,1.0,"(1, 2)",6122f332c9f0e8bb1209dc7d
24.0,92.50000000001194,3076,test,1830.1625364289114,1.0,1.0,"(1, 2)",6122f332c9f0e8bb1209dc7d
24.0,93.75000000001222,3077,test,1831.4125364289116,1.0,1.0,"(1, 2)",6122f332c9f0e8bb1209dc7d
24.0,95.0000000000125,3078,test,1832.6625364289118,1.0,1.0,"(1, 2)",6122f332c9f0e8bb1209dc7d
24.0,96.25000000001279,3079,test,1833.912536428912,1.0,1.0,"(1, 2)",6122f332c9f0e8bb1209dc7d
24.0,97.50000000001307,3080,test,1835.1625364289123,1.0,1.0,"(1, 2)",6122f332c9f0e8bb1209dc7d
24.0,98.75000000001336,3081,test,1836.4125364289125,1.0,1.0,"(1, 2)",6122f332c9f0e8bb1209dc7d
24.0,100.00000000001364,3082,test,1837.6625364289127,1.0,1.0,"(1, 2)",6122f332c9f0e8bb1209dc7d
24.0,101.25000000001393,3083,test,1838.912536428913,1.0,1.0,"(1, 2)",6122f332c9f0e8bb1209dc7d
24.0,102.50000000001421,3084,test,1840.1625364289132,1.0,1.0,"(1, 2)",6122f332c9f0e8bb1209dc7d
24.0,103.7500000000145,3085,test,1841.4125364289134,1.0,1.0,"(1, 2)",6122f332c9f0e8bb1209dc7d
24.0,105.00000000001478,3086,test,1842.6625364289137,1.0,1.0,"(1, 2)",6122f332c9f0e8bb1209dc7d
24.0,106.25000000001506,3087,test,1843.9125364289139,1.0,1.0,"(1, 2)",6122f332c9f0e8bb1209dc7d
24.0,107.50000000001535,3088,test,1845.162536428914,1.0,1.0,"(1, 2)",6122f332c9f0e8bb1209dc7d
24.0,108.75000000001563,3089,test,1846.4125364289143,1.0,1.0,"(1, 2)",6122f332c9f0e8bb1209dc7d
24.0,110.00000000001592,3090,test,1847.6625364289146,1.0,1.0,"(1, 2)",6122f332c9f0e8bb1209dc7d
24.0,111.2500000000162,3091,test,1848.9125364289148,1.0,1.0,"(1, 2)",6122f332c9f0e8bb1209dc7d
24.0,112.50000000001648,3092,test,1850.162536428915,1.0,1.0,"(1, 2)",6122f332c9f0e8bb1209dc7d
24.0,113.75000000001677,3093,test,1851.4125364289152,1.0,1.0,"(1, 2)",6122f332c9f0e8bb1209dc7d
24.0,115.00000000001705,3094,test,1852.6625364289155,1.0,1.0,"(1, 2)",6122f332c9f0e8bb1209dc7d
24.0,116.25000000001734,3095,test,1853.9125364289157,1.0,1.0,"(1, 2)",6122f332c9f0e8bb1209dc7d
24.0,117.50000000001762,3096,test,1855.162536428916,1.0,1.0,"(1, 2)",6122f332c9f0e8bb1209dc7d
24.0,118.7500000000179,3097,test,1856.4125364289162,1.0,1.0,"(1, 2)",6122f332c9f0e8bb1209dc7d
24.140540251812297,119.94229700497795,3098,test,1857.61308784823,1.0,1.0,"(1, 2)",6122f332c9f0e8bb1209dc7d
25.018916825639153,120.8316532859767,3099,test,1858.86308784823,1.0,1.0,"(1, 2)",6122f332c9f0e8bb1209dc7d
25.897293399466008,121.72100956697545,3100,test,1860.11308784823,1.0,1.0,"(1, 2)",6122f332c9f0e8bb1209dc7d
26.775669973292864,122.61036584797421,3101,test,1861.36308784823,1.0,1.0,"(1, 2)",6122f332c9f0e8bb1209dc7d
27.65404654711972,123.49972212897296,3102,test,1862.61308784823,1.0,1.0,"(1, 2)",6122f332c9f0e8bb1209dc7d
28.532423120946575,124.38907840997172,3103,test,1863.86308784823,1.0,1.0,"(1, 2)",6122f332c9f0e8bb1209dc7d
29.41079969477343,125.27843469097047,3104,test,1865.11308784823,1.0,1.0,"(1, 2)",6122f332c9f0e8bb1209dc7d
30.289176268600286,126.16779097196923,3105,test,1866.36308784823,1.0,1.0,"(1, 2)",6122f332c9f0e8bb1209dc7d
31.167552842427142,127.05714725296798,3106,test,1867.61308784823,1.0,1.0,"(1, 2)",6122f332c9f0e8bb1209dc7d
32.04592941625402,127.94650353396673,3107,test,1868.86308784823,1.0,1.0,"(1, 2)",6122f332c9f0e8bb1209dc7d
32.92430599008123,128.8358598149655,3108,test,1870.1130878482302,1.0,1.0,"(1, 2)",6122f332c9f0e8bb1209dc7d
33.80268256390844,129.72521609596424,3109,test,1871.3630878482304,1.0,1.0,"(1, 2)",6122f332c9f0e8bb1209dc7d
34.68105913773565,130.614572376963,3110,test,1872.6130878482306,1.0,1.0,"(1, 2)",6122f332c9f0e8bb1209dc7d
35.55943571156286,131.50392865796175,3111,test,1873.8630878482309,1.0,1.0,"(1, 2)",6122f332c9f0e8bb1209dc7d
36.437812285389924,132.3932849389605,3112,test,1875.1130878482309,1.0,1.0,"(1, 2)",6122f332c9f0e8bb1209dc7d
37.31618885921664,133.28264121995926,3113,test,1876.3630878482306,1.0,1.0,"(1, 2)",6122f332c9f0e8bb1209dc7d
38.194565433043344,134.171997500958,3114,test,1877.6130878482304,1.0,1.0,"(1, 2)",6122f332c9f0e8bb1209dc7d
39.07294200687006,135.06135378195677,3115,test,1878.8630878482302,1.0,1.0,"(1, 2)",6122f332c9f0e8bb1209dc7d
39.95387262834076,135.66868467339486,3116,test,1879.9330829751068,1.0,1.0,"(1, 2)",6122f332c9f0e8bb1209dc7d
40.84821199994242,134.7953822696395,3117,test,1881.1830829751075,1.0,1.0,"(1, 2)",6122f332c9f0e8bb1209dc7d
41.74255137154408,133.92207986588414,3118,test,1882.4330829751082,1.0,1.0,"(1, 2)",6122f332c9f0e8bb1209dc7d
42.63689074314574,133.04877746212878,3119,test,1883.6830829751088,1.0,1.0,"(1, 2)",6122f332c9f0e8bb1209dc7d
43.5312301147474,132.17547505837342,3120,test,1884.9330829751095,1.0,1.0,"(1, 2)",6122f332c9f0e8bb1209dc7d
44.42556948634906,131.30217265461806,3121,test,1886.1830829751102,1.0,1.0,"(1, 2)",6122f332c9f0e8bb1209dc7d
45.31990885795072,130.4288702508627,3122,test,1887.433082975111,1.0,1.0,"(1, 2)",6122f332c9f0e8bb1209dc7d
46.21424822955238,129.55556784710734,3123,test,1888.6830829751116,1.0,1.0,"(1, 2)",6122f332c9f0e8bb1209dc7d
47.10858760115404,128.68226544335198,3124,test,1889.9330829751123,1.0,1.0,"(1, 2)",6122f332c9f0e8bb1209dc7d
48.0029269727557,127.80896303959693,3125,test,1891.1830829751127,1.0,1.0,"(1, 2)",6122f332c9f0e8bb1209dc7d
48.89726634435736,126.93566063584299,3126,test,1892.4330829751125,1.0,1.0,"(1, 2)",6122f332c9f0e8bb1209dc7d
49.79160571595902,126.06235823208905,3127,test,1893.6830829751123,1.0,1.0,"(1, 2)",6122f332c9f0e8bb1209dc7d
50.68594508756068,125.18905582833484,3128,test,1894.9330829751123,1.0,1.0,"(1, 2)",6122f332c9f0e8bb1209dc7d
51.58028445916234,124.31575342457992,3129,test,1896.1830829751127,1.0,1.0,"(1, 2)",6122f332c9f0e8bb1209dc7d
52.474623830764,123.442451020825,3130,test,1897.4330829751132,1.0,1.0,"(1, 2)",6122f332c9f0e8bb1209dc7d
53.36896320236566,122.56914861707008,3131,test,1898.6830829751136,1.0,1.0,"(1, 2)",6122f332c9f0e8bb1209dc7d
54.26330257396732,121.69584621331515,3132,test,1899.933082975114,1.0,1.0,"(1, 2)",6122f332c9f0e8bb1209dc7d
55.15764194556898,120.82254380956023,3133,test,1901.1830829751145,1.0,1.0,"(1, 2)",6122f332c9f0e8bb1209dc7d
55.80585476953,119.84379235274251,3134,test,1902.3570226155434,1.0,1.0,"(1, 2)",6122f332c9f0e8bb1209dc7d
55.821170756700795,118.59388618804904,3135,test,1903.607022615544,1.0,1.0,"(1, 2)",6122f332c9f0e8bb1209dc7d
55.83648674387159,117.34398002335557,3136,test,1904.8570226155448,1.0,1.0,"(1, 2)",6122f332c9f0e8bb1209dc7d
55.85180273104238,116.0940738586621,3137,test,1906.1070226155455,1.0,1.0,"(1, 2)",6122f332c9f0e8bb1209dc7d
55.86711871821318,114.84416769396863,3138,test,1907.3570226155462,1.0,1.0,"(1, 2)",6122f332c9f0e8bb1209dc7d
55.88243470538397,113.59426152927516,3139,test,1908.6070226155468,1.0,1.0,"(1, 2)",6122f332c9f0e8bb1209dc7d
55.897750692554766,112.34435536458169,3140,test,1909.8570226155475,1.0,1.0,"(1, 2)",6122f332c9f0e8bb1209dc7d
55.91306667972556,111.09444919988822,3141,test,1911.1070226155482,1.0,1.0,"(1, 2)",6122f332c9f0e8bb1209dc7d
55.928382666896354,109.84454303519475,3142,test,1912.3570226155489,1.0,1.0,"(1, 2)",6122f332c9f0e8bb1209dc7d
55.94369865406715,108.59463687050128,3143,test,1913.6070226155496,1.0,1.0,"(1, 2)",6122f332c9f0e8bb1209dc7d
55.95901464123794,107.3447307058078,3144,test,1914.8570226155502,1.0,1.0,"(1, 2)",6122f332c9f0e8bb1209dc7d
55.97433062840848,106.09482454111433,3145,test,1916.107022615551,1.0,1.0,"(1, 2)",6122f332c9f0e8bb1209dc7d
55.98964661557893,104.84491837642086,3146,test,1917.3570226155516,1.0,1.0,"(1, 2)",6122f332c9f0e8bb1209dc7d
55.997699440518915,103.5949671773087,3147,test,1918.606999754603,1.0,1.0,"(1, 2)",6122f332c9f0e8bb1209dc7d
55.99788383970923,102.34496719090963,3148,test,1919.8569997546033,1.0,1.0,"(1, 2)",6122f332c9f0e8bb1209dc7d
55.99806823889955,101.09496720451055,3149,test,1921.1069997546035,1.0,1.0,"(1, 2)",6122f332c9f0e8bb1209dc7d
55.998252638089866,99.84496721811148,3150,test,1922.3569997546037,1.0,1.0,"(1, 2)",6122f332c9f0e8bb1209dc7d
55.99843703728018,98.5949672317124,3151,test,1923.606999754604,1.0,1.0,"(1, 2)",6122f332c9f0e8bb1209dc7d
55.9986214364705,97.34496724531333,3152,test,1924.8569997546042,1.0,1.0,"(1, 2)",6122f332c9f0e8bb1209dc7d
55.99880583566082,96.09496725891425,3153,test,1926.1069997546044,1.0,1.0,"(1, 2)",6122f332c9f0e8bb1209dc7d
55.998990234851135,94.84496727251518,3154,test,1927.3569997546047,1.0,1.0,"(1, 2)",6122f332c9f0e8bb1209dc7d
55.99917463404145,93.5949672861161,3155,test,1928.6069997546049,1.0,1.0,"(1, 2)",6122f332c9f0e8bb1209dc7d
55.99935903323177,92.34496729971703,3156,test,1929.856999754605,1.0,1.0,"(1, 2)",6122f332c9f0e8bb1209dc7d
55.99954343242209,91.09496731331795,3157,test,1931.1069997546053,1.0,1.0,"(1, 2)",6122f332c9f0e8bb1209dc7d
55.999727831612404,89.84496732691888,3158,test,1932.3569997546056,1.0,1.0,"(1, 2)",6122f332c9f0e8bb1209dc7d
55.99991223080253,88.5949673405198,3159,test,1933.6069997546058,1.0,1.0,"(1, 2)",6122f332c9f0e8bb1209dc7d
55.999972748101165,87.34496734487384,3160,test,1934.8569997517168,1.0,1.0,"(1, 2)",6122f332c9f0e8bb1209dc7d
55.999974968039176,86.0949673448764,3161,test,1936.106999751716,1.0,1.0,"(1, 2)",6122f332c9f0e8bb1209dc7d
55.99997718797719,84.84496734487895,3162,test,1937.3569997517154,1.0,1.0,"(1, 2)",6122f332c9f0e8bb1209dc7d
55.9999794079152,83.59496734488151,3163,test,1938.6069997517147,1.0,1.0,"(1, 2)",6122f332c9f0e8bb1209dc7d
55.99998162785321,82.34496734488407,3164,test,1939.856999751714,1.0,1.0,"(1, 2)",6122f332c9f0e8bb1209dc7d
55.99998384779122,81.09496734488663,3165,test,1941.1069997517134,1.0,1.0,"(1, 2)",6122f332c9f0e8bb1209dc7d
55.99998606772923,79.84496734488918,3166,test,1942.3569997517127,1.0,1.0,"(1, 2)",6122f332c9f0e8bb1209dc7d
55.99998828766692,78.59496734489174,3167,test,1943.606999751712,1.0,1.0,"(1, 2)",6122f332c9f0e8bb1209dc7d
55.99999050760458,77.3449673448943,3168,test,1944.8569997517113,1.0,1.0,"(1, 2)",6122f332c9f0e8bb1209dc7d
55.999992727542235,76.09496734489686,3169,test,1946.1069997517106,1.0,1.0,"(1, 2)",6122f332c9f0e8bb1209dc7d
55.99999494747989,74.84496734489942,3170,test,1947.35699975171,1.0,1.0,"(1, 2)",6122f332c9f0e8bb1209dc7d
55.99999716741755,73.59496734490197,3171,test,1948.6069997517093,1.0,1.0,"(1, 2)",6122f332c9f0e8bb1209dc7d
55.9999993873552,72.34496734490453,3172,test,1949.8569997517086,1.0,1.0,"(1, 2)",6122f332c9f0e8bb1209dc7d
55.99999967726611,71.09496734490459,3173,test,1951.1069997517086,1.0,1.0,"(1, 2)",6122f332c9f0e8bb1209dc7d
55.9999997039914,69.8449673449043,3174,test,1952.3569997517088,1.0,1.0,"(1, 2)",6122f332c9f0e8bb1209dc7d
55.99999973071669,68.59496734490402,3175,test,1953.606999751709,1.0,1.0,"(1, 2)",6122f332c9f0e8bb1209dc7d
55.99999975744198,67.34496734490374,3176,test,1954.8569997517093,1.0,1.0,"(1, 2)",6122f332c9f0e8bb1209dc7d
55.999999784167265,66.09496734490345,3177,test,1956.1069997517095,1.0,1.0,"(1, 2)",6122f332c9f0e8bb1209dc7d
55.999999810892554,64.84496734490317,3178,test,1957.3569997517097,1.0,1.0,"(1, 2)",6122f332c9f0e8bb1209dc7d
55.99999983761784,63.594967344902884,3179,test,1958.60699975171,1.0,1.0,"(1, 2)",6122f332c9f0e8bb1209dc7d
55.99999986434313,62.3449673449026,3180,test,1959.8569997517102,1.0,1.0,"(1, 2)",6122f332c9f0e8bb1209dc7d
55.99999989106842,61.094967344902315,3181,test,1961.1069997517104,1.0,1.0,"(1, 2)",6122f332c9f0e8bb1209dc7d
55.99999991779371,59.84496734490203,3182,test,1962.3569997517106,1.0,1.0,"(1, 2)",6122f332c9f0e8bb1209dc7d
55.999999944519,58.59496734490175,3183,test,1963.6069997517109,1.0,1.0,"(1, 2)",6122f332c9f0e8bb1209dc7d
55.999999971244286,57.34496734490146,3184,test,1964.856999751711,1.0,1.0,"(1, 2)",6122f332c9f0e8bb1209dc7d
56.07028117320021,56.1238297591418,3185,test,1966.0801581432138,1.0,1.0,"(1, 2)",6122f332c9f0e8bb1209dc7d
56.94879589030841,55.23460993714927,3186,test,1967.3301581432138,1.0,1.0,"(1, 2)",6122f332c9f0e8bb1209dc7d
57.827310607416614,54.345390115156746,3187,test,1968.5801581432138,1.0,1.0,"(1, 2)",6122f332c9f0e8bb1209dc7d
58.70582532452482,53.45617029316422,3188,test,1969.8301581432138,1.0,1.0,"(1, 2)",6122f332c9f0e8bb1209dc7d
59.58434004163302,52.566950471171694,3189,test,1971.0801581432138,1.0,1.0,"(1, 2)",6122f332c9f0e8bb1209dc7d
60.46285475874122,51.67773064917917,3190,test,1972.3301581432138,1.0,1.0,"(1, 2)",6122f332c9f0e8bb1209dc7d
61.341369475849426,50.78851082718664,3191,test,1973.5801581432138,1.0,1.0,"(1, 2)",6122f332c9f0e8bb1209dc7d
62.21988419295763,49.899291005194115,3192,test,1974.8301581432138,1.0,1.0,"(1, 2)",6122f332c9f0e8bb1209dc7d
63.09839891006583,49.01007118320159,3193,test,1976.0801581432138,1.0,1.0,"(1, 2)",6122f332c9f0e8bb1209dc7d
63.976913627174035,48.12085136120906,3194,test,1977.3301581432138,1.0,1.0,"(1, 2)",6122f332c9f0e8bb1209dc7d
64.85542834428225,47.23163153921654,3195,test,1978.5801581432138,1.0,1.0,"(1, 2)",6122f332c9f0e8bb1209dc7d
65.73394306139045,46.34241171722465,3196,test,1979.8301581432133,1.0,1.0,"(1, 2)",6122f332c9f0e8bb1209dc7d
66.61245777849865,45.45319189523277,3197,test,1981.0801581432129,1.0,1.0,"(1, 2)",6122f332c9f0e8bb1209dc7d
67.49097249560685,44.56397207324089,3198,test,1982.3301581432124,1.0,1.0,"(1, 2)",6122f332c9f0e8bb1209dc7d
68.36948721271506,43.67475225124901,3199,test,1983.580158143212,1.0,1.0,"(1, 2)",6122f332c9f0e8bb1209dc7d
69.24800192982326,42.78553242925713,3200,test,1984.8301581432115,1.0,1.0,"(1, 2)",6122f332c9f0e8bb1209dc7d
70.12651664693146,41.89631260726525,3201,test,1986.080158143211,1.0,1.0,"(1, 2)",6122f332c9f0e8bb1209dc7d
71.00503136403967,41.00709278527337,3202,test,1987.3301581432106,1.0,1.0,"(1, 2)",6122f332c9f0e8bb1209dc7d
71.91697135837872,40.1965281451054,3203,test,1988.5502604295643,1.0,1.0,"(1, 2)",6122f332c9f0e8bb1209dc7d
73.16687804471856,40.181254787823555,3204,test,1989.800260429564,1.0,1.0,"(1, 2)",6122f332c9f0e8bb1209dc7d
74.4167847310584,40.16598143054171,3205,test,1991.0502604295639,1.0,1.0,"(1, 2)",6122f332c9f0e8bb1209dc7d
75.66669141739824,40.15070807325987,3206,test,1992.3002604295637,1.0,1.0,"(1, 2)",6122f332c9f0e8bb1209dc7d
76.91659810373808,40.13543471597803,3207,test,1993.5502604295634,1.0,1.0,"(1, 2)",6122f332c9f0e8bb1209dc7d
78.16650479007792,40.12016135869607,3208,test,1994.8002604295632,1.0,1.0,"(1, 2)",6122f332c9f0e8bb1209dc7d
79.41641147641776,40.104888001413876,3209,test,1996.050260429563,1.0,1.0,"(1, 2)",6122f332c9f0e8bb1209dc7d
80.6663181627576,40.08961464413168,3210,test,1997.3002604295627,1.0,1.0,"(1, 2)",6122f332c9f0e8bb1209dc7d
81.91622484909745,40.07434128684949,3211,test,1998.5502604295625,1.0,1.0,"(1, 2)",6122f332c9f0e8bb1209dc7d
83.16613153543729,40.05906792956729,3212,test,1999.8002604295623,1.0,1.0,"(1, 2)",6122f332c9f0e8bb1209dc7d
84.41603822177713,40.043794572285094,3213,test,2001.050260429562,1.0,1.0,"(1, 2)",6122f332c9f0e8bb1209dc7d
85.66594490811697,40.0285212150029,3214,test,2002.3002604295618,1.0,1.0,"(1, 2)",6122f332c9f0e8bb1209dc7d
86.91585159445681,40.0132478577207,3215,test,2003.5502604295616,1.0,1.0,"(1, 2)",6122f332c9f0e8bb1209dc7d
88.16578533776602,40.002349974986664,3216,test,2004.8002416800255,1.0,1.0,"(1, 2)",6122f332c9f0e8bb1209dc7d
89.41578532400025,40.00216446097398,3217,test,2006.050241680026,1.0,1.0,"(1, 2)",6122f332c9f0e8bb1209dc7d
90.66578531023448,40.001978946961295,3218,test,2007.3002416800264,1.0,1.0,"(1, 2)",6122f332c9f0e8bb1209dc7d
91.91578529646871,40.00179343294861,3219,test,2008.5502416800268,1.0,1.0,"(1, 2)",6122f332c9f0e8bb1209dc7d
93.16578528270294,40.001607918935925,3220,test,2009.8002416800273,1.0,1.0,"(1, 2)",6122f332c9f0e8bb1209dc7d
94.41578526893717,40.00142240492324,3221,test,2011.0502416800277,1.0,1.0,"(1, 2)",6122f332c9f0e8bb1209dc7d
95.6657852551714,40.001236890910555,3222,test,2012.3002416800282,1.0,1.0,"(1, 2)",6122f332c9f0e8bb1209dc7d
96.91578524140563,40.00105137689787,3223,test,2013.5502416800286,1.0,1.0,"(1, 2)",6122f332c9f0e8bb1209dc7d
98.16578522763986,40.000865862885185,3224,test,2014.800241680029,1.0,1.0,"(1, 2)",6122f332c9f0e8bb1209dc7d
99.41578521387409,40.0006803488725,3225,test,2016.0502416800296,1.0,1.0,"(1, 2)",6122f332c9f0e8bb1209dc7d
100.66578520010832,40.000494834859744,3226,test,2017.30024168003,1.0,1.0,"(1, 2)",6122f332c9f0e8bb1209dc7d
101.91578518634255,40.0003093208467,3227,test,2018.5502416800305,1.0,1.0,"(1, 2)",6122f332c9f0e8bb1209dc7d
103.16578517257678,40.00012380683366,3228,test,2019.800241680031,1.0,1.0,"(1, 2)",6122f332c9f0e8bb1209dc7d
104.41578516555498,40.00002809065177,3229,test,2021.0502416766737,1.0,1.0,"(1, 2)",6122f332c9f0e8bb1209dc7d
105.66578516555242,40.00002583751862,3230,test,2022.3002416766733,1.0,1.0,"(1, 2)",6122f332c9f0e8bb1209dc7d
106.91578516554986,40.000023584385474,3231,test,2023.5502416766728,1.0,1.0,"(1, 2)",6122f332c9f0e8bb1209dc7d
108.1657851655473,40.00002133125233,3232,test,2024.8002416766724,1.0,1.0,"(1, 2)",6122f332c9f0e8bb1209dc7d
109.41578516554475,40.00001907811918,3233,test,2026.050241676672,1.0,1.0,"(1, 2)",6122f332c9f0e8bb1209dc7d
110.66578516554219,40.00001682498573,3234,test,2027.3002416766715,1.0,1.0,"(1, 2)",6122f332c9f0e8bb1209dc7d
111.91578516553963,40.000014571852226,3235,test,2028.550241676671,1.0,1.0,"(1, 2)",6122f332c9f0e8bb1209dc7d
113.16578516553707,40.000012318718724,3236,test,2029.8002416766706,1.0,1.0,"(1, 2)",6122f332c9f0e8bb1209dc7d
114.41578516553452,40.00001006558522,3237,test,2031.05024167667,1.0,1.0,"(1, 2)",6122f332c9f0e8bb1209dc7d
115.66578516553196,40.00000781245172,3238,test,2032.3002416766697,1.0,1.0,"(1, 2)",6122f332c9f0e8bb1209dc7d
116.9157851655294,40.00000555931822,3239,test,2033.5502416766692,1.0,1.0,"(1, 2)",6122f332c9f0e8bb1209dc7d
118.16578516552684,40.000003306184716,3240,test,2034.8002416766687,1.0,1.0,"(1, 2)",6122f332c9f0e8bb1209dc7d
119.41578516552428,40.000001053051214,3241,test,2036.0502416766683,1.0,1.0,"(1, 2)",6122f332c9f0e8bb1209dc7d
120.41687953511799,39.39385829235195,3242,test,2037.2205403493072,1.0,1.0,"(1, 2)",6122f332c9f0e8bb1209dc7d
121.30614673742885,38.51539153549996,3243,test,2038.4705403493072,1.0,1.0,"(1, 2)",6122f332c9f0e8bb1209dc7d
122.19541393973971,37.636924778647966,3244,test,2039.7205403493072,1.0,1.0,"(1, 2)",6122f332c9f0e8bb1209dc7d
123.08468114205057,36.758458021795974,3245,test,2040.9705403493072,1.0,1.0,"(1, 2)",6122f332c9f0e8bb1209dc7d
123.97394834436143,35.87999126494398,3246,test,2042.2205403493072,1.0,1.0,"(1, 2)",6122f332c9f0e8bb1209dc7d
124.8632155466723,35.001524508092345,3247,test,2043.470540349307,1.0,1.0,"(1, 2)",6122f332c9f0e8bb1209dc7d
125.75248274898316,34.12305775124106,3248,test,2044.7205403493065,1.0,1.0,"(1, 2)",6122f332c9f0e8bb1209dc7d
126.64174995129402,33.24459099438978,3249,test,2045.970540349306,1.0,1.0,"(1, 2)",6122f332c9f0e8bb1209dc7d
127.53101715360488,32.3661242375385,3250,test,2047.2205403493056,1.0,1.0,"(1, 2)",6122f332c9f0e8bb1209dc7d
128.42028435591575,31.48765748068701,3251,test,2048.4705403493053,1.0,1.0,"(1, 2)",6122f332c9f0e8bb1209dc7d
129.30955155822662,30.609190723835372,3252,test,2049.720540349305,1.0,1.0,"(1, 2)",6122f332c9f0e8bb1209dc7d
130.19881876053748,29.730723966983735,3253,test,2050.9705403493044,1.0,1.0,"(1, 2)",6122f332c9f0e8bb1209dc7d
131.08808596284834,28.852257210132098,3254,test,2052.220540349304,1.0,1.0,"(1, 2)",6122f332c9f0e8bb1209dc7d
131.9773531651592,27.973790453280774,3255,test,2053.4705403493035,1.0,1.0,"(1, 2)",6122f332c9f0e8bb1209dc7d
132.86662036747006,27.095323696429492,3256,test,2054.720540349303,1.0,1.0,"(1, 2)",6122f332c9f0e8bb1209dc7d
133.75588756978092,26.21685693957821,3257,test,2055.9705403493026,1.0,1.0,"(1, 2)",6122f332c9f0e8bb1209dc7d
134.6451547720918,25.338390182727117,3258,test,2057.2205403493017,1.0,1.0,"(1, 2)",6122f332c9f0e8bb1209dc7d
135.53442197440316,24.459923425876386,3259,test,2058.4705403493012,1.0,1.0,"(1, 2)",6122f332c9f0e8bb1209dc7d
136.0,24.0,3260,test,2059.124980916189,1.0,1.0,"(1, 2)",6122f332c9f0e8bb1209dc7d
136.0,24.0,3261,test,2059.124980916189,1.0,1.0,"(1, 2)",6122f332c9f0e8bb1209dc7d
136.0,24.0,3262,test,2059.124980916189,1.0,1.0,"(1, 2)",6122f332c9f0e8bb1209dc7d
136.0,24.0,3263,test,2059.124980916189,1.0,1.0,"(1, 2)",6122f332c9f0e8bb1209dc7d
136.0,24.0,3264,test,2059.124980916189,1.0,1.0,"(1, 2)",6122f332c9f0e8bb1209dc7d
136.0,24.0,3265,test,2059.124980916189,1.0,1.0,"(1, 2)",6122f332c9f0e8bb1209dc7d
136.0,24.0,3266,test,2059.124980916189,1.0,1.0,"(1, 2)",6122f332c9f0e8bb1209dc7d
136.0,24.0,3267,test,2059.124980916189,1.0,1.0,"(1, 2)",6122f332c9f0e8bb1209dc7d
136.0,24.0,3268,test,2059.124980916189,1.0,1.0,"(1, 2)",6122f332c9f0e8bb1209dc7d
136.0,24.0,3269,test,2059.124980916189,1.0,1.0,"(1, 2)",6122f332c9f0e8bb1209dc7d
136.0,24.0,3270,test,2059.124980916189,1.0,1.0,"(1, 2)",6122f332c9f0e8bb1209dc7d
136.0,24.0,3271,test,2059.124980916189,1.0,1.0,"(1, 2)",6122f332c9f0e8bb1209dc7d
136.0,24.0,3272,test,2059.124980916189,1.0,1.0,"(1, 2)",6122f332c9f0e8bb1209dc7d
136.0,24.0,3273,test,2059.124980916189,1.0,1.0,"(1, 2)",6122f332c9f0e8bb1209dc7d
136.0,24.0,3274,test,2059.124980916189,1.0,1.0,"(1, 2)",6122f332c9f0e8bb1209dc7d
136.0,24.0,3275,test,2059.124980916189,1.0,1.0,"(1, 2)",6122f332c9f0e8bb1209dc7d
136.0,24.0,3276,test,2059.124980916189,1.0,1.0,"(1, 2)",6122f332c9f0e8bb1209dc7d
136.0,24.0,3277,test,2059.124980916189,1.0,1.0,"(1, 2)",6122f332c9f0e8bb1209dc7d
136.0,24.0,3278,test,2059.124980916189,1.0,1.0,"(1, 2)",6122f332c9f0e8bb1209dc7d
136.0,24.0,3279,test,2059.124980916189,1.0,1.0,"(1, 2)",6122f332c9f0e8bb1209dc7d
136.0,24.0,3280,test,2059.124980916189,1.0,1.0,"(1, 2)",6122f332c9f0e8bb1209dc7d
136.0,24.0,3281,test,2059.124980916189,1.0,1.0,"(1, 2)",6122f332c9f0e8bb1209dc7d
136.0,24.0,3282,test,2059.124980916189,1.0,1.0,"(1, 2)",6122f332c9f0e8bb1209dc7d
136.0,24.0,3283,test,2059.124980916189,1.0,1.0,"(1, 2)",6122f332c9f0e8bb1209dc7d
136.0,24.0,3284,test,2059.124980916189,1.0,1.0,"(1, 2)",6122f332c9f0e8bb1209dc7d
136.0,24.0,3285,test,2059.124980916189,1.0,1.0,"(1, 2)",6122f332c9f0e8bb1209dc7d
136.0,24.0,3286,test,2059.124980916189,1.0,1.0,"(1, 2)",6122f332c9f0e8bb1209dc7d
136.0,24.0,3287,test,2059.124980916189,1.0,1.0,"(1, 2)",6122f332c9f0e8bb1209dc7d
136.0,24.0,3288,test,2059.124980916189,1.0,1.0,"(1, 2)",6122f332c9f0e8bb1209dc7d
136.0,24.0,3289,test,2059.124980916189,1.0,1.0,"(1, 2)",6122f332c9f0e8bb1209dc7d
136.0,24.0,3290,test,2059.124980916189,1.0,1.0,"(1, 2)",6122f332c9f0e8bb1209dc7d
136.0,24.0,3291,test,2059.124980916189,1.0,1.0,"(1, 2)",6122f332c9f0e8bb1209dc7d
136.0,24.0,3292,test,2059.124980916189,1.0,1.0,"(1, 2)",6122f332c9f0e8bb1209dc7d
136.0,24.0,3293,test,2059.124980916189,1.0,1.0,"(1, 2)",6122f332c9f0e8bb1209dc7d
136.0,24.0,3294,test,2059.124980916189,1.0,1.0,"(1, 2)",6122f332c9f0e8bb1209dc7d
136.0,24.0,3295,test,2059.124980916189,1.0,1.0,"(1, 2)",6122f332c9f0e8bb1209dc7d
136.0,24.0,3296,test,2059.124980916189,1.0,1.0,"(1, 2)",6122f332c9f0e8bb1209dc7d
136.0,24.0,3297,test,2059.124980916189,1.0,1.0,"(1, 2)",6122f332c9f0e8bb1209dc7d
136.0,24.0,3298,test,2059.124980916189,1.0,1.0,"(1, 2)",6122f332c9f0e8bb1209dc7d
136.0,24.0,3299,test,2059.124980916189,1.0,1.0,"(1, 2)",6122f332c9f0e8bb1209dc7d
136.0,24.0,3300,test,2059.124980916189,1.0,1.0,"(1, 2)",6122f332c9f0e8bb1209dc7d
136.0,24.0,3301,test,2059.124980916189,1.0,1.0,"(1, 2)",6122f332c9f0e8bb1209dc7d
136.0,24.0,3302,test,2059.124980916189,1.0,1.0,"(1, 2)",6122f332c9f0e8bb1209dc7d
136.0,24.0,3303,test,2059.124980916189,1.0,1.0,"(1, 2)",6122f332c9f0e8bb1209dc7d
134.75000000000114,24.0,3304,test,2060.374980916188,1.0,1.0,"(1, 2)",6122f332c9f0e8bb1209dc7d
133.50000000000227,24.0,3305,test,2061.6249809161873,1.0,1.0,"(1, 2)",6122f332c9f0e8bb1209dc7d
132.2500000000034,24.0,3306,test,2062.8749809161864,1.0,1.0,"(1, 2)",6122f332c9f0e8bb1209dc7d
131.00000000000455,24.0,3307,test,2064.1249809161855,1.0,1.0,"(1, 2)",6122f332c9f0e8bb1209dc7d
129.75000000000568,24.0,3308,test,2065.3749809161845,1.0,1.0,"(1, 2)",6122f332c9f0e8bb1209dc7d
128.50000000000682,24.0,3309,test,2066.6249809161836,1.0,1.0,"(1, 2)",6122f332c9f0e8bb1209dc7d
127.2500000000071,24.0,3310,test,2067.874980916183,1.0,1.0,"(1, 2)",6122f332c9f0e8bb1209dc7d
126.00000000000682,24.0,3311,test,2069.1249809161836,1.0,1.0,"(1, 2)",6122f332c9f0e8bb1209dc7d
124.75000000000654,24.0,3312,test,2070.374980916184,1.0,1.0,"(1, 2)",6122f332c9f0e8bb1209dc7d
123.50000000000625,24.0,3313,test,2071.6249809161845,1.0,1.0,"(1, 2)",6122f332c9f0e8bb1209dc7d
122.25000000000597,24.0,3314,test,2072.874980916185,1.0,1.0,"(1, 2)",6122f332c9f0e8bb1209dc7d
121.00000000000568,24.0,3315,test,2074.1249809161855,1.0,1.0,"(1, 2)",6122f332c9f0e8bb1209dc7d
119.8763439699661,24.30755190613945,3316,test,2075.28996634477,1.0,1.0,"(1, 2)",6122f332c9f0e8bb1209dc7d
118.9873267412821,25.186271637966456,3317,test,2076.5399663447697,1.0,1.0,"(1, 2)",6122f332c9f0e8bb1209dc7d
118.0983095125981,26.06499136979346,3318,test,2077.7899663447693,1.0,1.0,"(1, 2)",6122f332c9f0e8bb1209dc7d
117.20929228391411,26.943711101620465,3319,test,2079.039966344769,1.0,1.0,"(1, 2)",6122f332c9f0e8bb1209dc7d
116.32027505523011,27.82243083344747,3320,test,2080.2899663447683,1.0,1.0,"(1, 2)",6122f332c9f0e8bb1209dc7d
115.43125782654612,28.70115056527412,3321,test,2081.539966344768,1.0,1.0,"(1, 2)",6122f332c9f0e8bb1209dc7d
114.54224059786175,29.57987029710077,3322,test,2082.7899663447674,1.0,1.0,"(1, 2)",6122f332c9f0e8bb1209dc7d
113.6532233691772,30.458590028927418,3323,test,2084.0399663447674,1.0,1.0,"(1, 2)",6122f332c9f0e8bb1209dc7d
112.76420614049265,31.337309760754067,3324,test,2085.2899663447674,1.0,1.0,"(1, 2)",6122f332c9f0e8bb1209dc7d
111.87518891180801,32.2160294925808,3325,test,2086.5399663447674,1.0,1.0,"(1, 2)",6122f332c9f0e8bb1209dc7d
110.98617168312309,33.094749224407806,3326,test,2087.789966344768,1.0,1.0,"(1, 2)",6122f332c9f0e8bb1209dc7d
110.09715445443817,33.97346895623481,3327,test,2089.0399663447683,1.0,1.0,"(1, 2)",6122f332c9f0e8bb1209dc7d
109.20813722575326,34.852188688061815,3328,test,2090.289966344769,1.0,1.0,"(1, 2)",6122f332c9f0e8bb1209dc7d
108.31911999706834,35.73090841988882,3329,test,2091.5399663447693,1.0,1.0,"(1, 2)",6122f332c9f0e8bb1209dc7d
107.43010276838343,36.609628151715825,3330,test,2092.7899663447697,1.0,1.0,"(1, 2)",6122f332c9f0e8bb1209dc7d
106.54108553969851,37.48834788354283,3331,test,2094.03996634477,1.0,1.0,"(1, 2)",6122f332c9f0e8bb1209dc7d
105.6520683110136,38.367067615369834,3332,test,2095.2899663447706,1.0,1.0,"(1, 2)",6122f332c9f0e8bb1209dc7d
104.76305108232869,39.24578734719684,3333,test,2096.539966344771,1.0,1.0,"(1, 2)",6122f332c9f0e8bb1209dc7d
103.74411162538074,39.81349821690576,3334,test,2097.7063853297464,1.0,1.0,"(1, 2)",6122f332c9f0e8bb1209dc7d
102.49419931818743,39.82830444284919,3335,test,2098.9563853297464,1.0,1.0,"(1, 2)",6122f332c9f0e8bb1209dc7d
101.24428701099411,39.84311066879262,3336,test,2100.2063853297464,1.0,1.0,"(1, 2)",6122f332c9f0e8bb1209dc7d
99.9943747038008,39.85791689473605,3337,test,2101.4563853297464,1.0,1.0,"(1, 2)",6122f332c9f0e8bb1209dc7d
98.74446239660749,39.87272312067948,3338,test,2102.7063853297464,1.0,1.0,"(1, 2)",6122f332c9f0e8bb1209dc7d
97.49455008941418,39.88752934662291,3339,test,2103.9563853297464,1.0,1.0,"(1, 2)",6122f332c9f0e8bb1209dc7d
96.24463778222086,39.902335572566344,3340,test,2105.2063853297464,1.0,1.0,"(1, 2)",6122f332c9f0e8bb1209dc7d
94.99472547502755,39.917141798509775,3341,test,2106.4563853297464,1.0,1.0,"(1, 2)",6122f332c9f0e8bb1209dc7d
93.74481316783424,39.931948024453206,3342,test,2107.7063853297464,1.0,1.0,"(1, 2)",6122f332c9f0e8bb1209dc7d
92.49490086064093,39.94675425039664,3343,test,2108.9563853297464,1.0,1.0,"(1, 2)",6122f332c9f0e8bb1209dc7d
91.24498855344761,39.96156047634007,3344,test,2110.2063853297464,1.0,1.0,"(1, 2)",6122f332c9f0e8bb1209dc7d
89.9950762462543,39.97636670228327,3345,test,2111.4563853297464,1.0,1.0,"(1, 2)",6122f332c9f0e8bb1209dc7d
88.74516393906099,39.99117292822635,3346,test,2112.7063853297464,1.0,1.0,"(1, 2)",6122f332c9f0e8bb1209dc7d
87.49520253103098,39.99778761283382,3347,test,2113.9563642398152,1.0,1.0,"(1, 2)",6122f332c9f0e8bb1209dc7d
86.24520254377215,39.997966086391884,3348,test,2115.2063642398152,1.0,1.0,"(1, 2)",6122f332c9f0e8bb1209dc7d
84.99520255651332,39.99814455994995,3349,test,2116.4563642398152,1.0,1.0,"(1, 2)",6122f332c9f0e8bb1209dc7d
83.74520256925449,39.998323033508015,3350,test,2117.7063642398152,1.0,1.0,"(1, 2)",6122f332c9f0e8bb1209dc7d
82.49520258199566,39.99850150706608,3351,test,2118.9563642398152,1.0,1.0,"(1, 2)",6122f332c9f0e8bb1209dc7d
81.24520259473682,39.998679980624146,3352,test,2120.2063642398152,1.0,1.0,"(1, 2)",6122f332c9f0e8bb1209dc7d
79.99520260747799,39.99885845418221,3353,test,2121.4563642398152,1.0,1.0,"(1, 2)",6122f332c9f0e8bb1209dc7d
78.74520262021916,39.99903692774028,3354,test,2122.7063642398152,1.0,1.0,"(1, 2)",6122f332c9f0e8bb1209dc7d
77.49520263296033,39.99921540129834,3355,test,2123.9563642398152,1.0,1.0,"(1, 2)",6122f332c9f0e8bb1209dc7d
76.2452026457015,39.99939387485641,3356,test,2125.2063642398152,1.0,1.0,"(1, 2)",6122f332c9f0e8bb1209dc7d
74.99520265844266,39.999572348414475,3357,test,2126.4563642398152,1.0,1.0,"(1, 2)",6122f332c9f0e8bb1209dc7d
73.74520267118383,39.99975082197275,3358,test,2127.7063642398152,1.0,1.0,"(1, 2)",6122f332c9f0e8bb1209dc7d
72.495202683925,39.99992929553117,3359,test,2128.9563642398152,1.0,1.0,"(1, 2)",6122f332c9f0e8bb1209dc7d
71.5193913528273,40.66763899269328,3360,test,2130.138753343953,1.0,1.0,"(1, 2)",6122f332c9f0e8bb1209dc7d
70.6301659131489,41.54614802362497,3361,test,2131.388753343953,1.0,1.0,"(1, 2)",6122f332c9f0e8bb1209dc7d
69.7409404734705,42.42465705455686,3362,test,2132.638753343953,1.0,1.0,"(1, 2)",6122f332c9f0e8bb1209dc7d
68.8517150337921,43.303166085489146,3363,test,2133.8887533439533,1.0,1.0,"(1, 2)",6122f332c9f0e8bb1209dc7d
67.9624895941137,44.181675116421424,3364,test,2135.138753343954,1.0,1.0,"(1, 2)",6122f332c9f0e8bb1209dc7d
67.07326415443531,45.0601841473537,3365,test,2136.3887533439542,1.0,1.0,"(1, 2)",6122f332c9f0e8bb1209dc7d
66.18403871475691,45.93869317828598,3366,test,2137.6387533439547,1.0,1.0,"(1, 2)",6122f332c9f0e8bb1209dc7d
65.29481327507851,46.817202209218266,3367,test,2138.888753343955,1.0,1.0,"(1, 2)",6122f332c9f0e8bb1209dc7d
64.40558783540011,47.695711240150544,3368,test,2140.1387533439556,1.0,1.0,"(1, 2)",6122f332c9f0e8bb1209dc7d
63.516362395721714,48.57422027108282,3369,test,2141.388753343956,1.0,1.0,"(1, 2)",6122f332c9f0e8bb1209dc7d
62.627136956043316,49.4527293020151,3370,test,2142.6387533439565,1.0,1.0,"(1, 2)",6122f332c9f0e8bb1209dc7d
61.73791151636492,50.331238332947386,3371,test,2143.888753343957,1.0,1.0,"(1, 2)",6122f332c9f0e8bb1209dc7d
60.84868607668652,51.209747363879664,3372,test,2145.1387533439574,1.0,1.0,"(1, 2)",6122f332c9f0e8bb1209dc7d
59.95946063700812,52.08825639481194,3373,test,2146.388753343958,1.0,1.0,"(1, 2)",6122f332c9f0e8bb1209dc7d
59.07023519732972,52.96676542574422,3374,test,2147.6387533439583,1.0,1.0,"(1, 2)",6122f332c9f0e8bb1209dc7d
58.181009757651324,53.8452744566765,3375,test,2148.888753343959,1.0,1.0,"(1, 2)",6122f332c9f0e8bb1209dc7d
57.291784317972926,54.723783487608785,3376,test,2150.1387533439593,1.0,1.0,"(1, 2)",6122f332c9f0e8bb1209dc7d
56.40255887829453,55.60229251854106,3377,test,2151.3887533439597,1.0,1.0,"(1, 2)",6122f332c9f0e8bb1209dc7d
56.0,56.0,3378,test,2151.9546375117025,1.0,1.0,"(1, 2)",6122f332c9f0e8bb1209dc7d
56.0,56.0,3379,test,2151.9546375117025,1.0,1.0,"(1, 2)",6122f332c9f0e8bb1209dc7d
56.0,56.0,3380,test,2151.9546375117025,1.0,1.0,"(1, 2)",6122f332c9f0e8bb1209dc7d
56.0,56.0,3381,test,2151.9546375117025,1.0,1.0,"(1, 2)",6122f332c9f0e8bb1209dc7d
56.0,56.0,3382,test,2151.9546375117025,1.0,1.0,"(1, 2)",6122f332c9f0e8bb1209dc7d
56.0,56.0,3383,test,2151.9546375117025,1.0,1.0,"(1, 2)",6122f332c9f0e8bb1209dc7d
56.0,56.0,3384,test,2151.9546375117025,1.0,1.0,"(1, 2)",6122f332c9f0e8bb1209dc7d
56.0,56.0,3385,test,2151.9546375117025,1.0,1.0,"(1, 2)",6122f332c9f0e8bb1209dc7d
56.0,56.0,3386,test,2151.9546375117025,1.0,1.0,"(1, 2)",6122f332c9f0e8bb1209dc7d
56.0,56.0,3387,test,2151.9546375117025,1.0,1.0,"(1, 2)",6122f332c9f0e8bb1209dc7d
56.0,56.0,3388,test,2151.9546375117025,1.0,1.0,"(1, 2)",6122f332c9f0e8bb1209dc7d
56.0,56.0,3389,test,2151.9546375117025,1.0,1.0,"(1, 2)",6122f332c9f0e8bb1209dc7d
56.0,56.0,3390,test,2151.9546375117025,1.0,1.0,"(1, 2)",6122f332c9f0e8bb1209dc7d
56.0,56.0,3391,test,2151.9546375117025,1.0,1.0,"(1, 2)",6122f332c9f0e8bb1209dc7d
56.0,56.0,3392,test,2151.9546375117025,1.0,1.0,"(1, 2)",6122f332c9f0e8bb1209dc7d
56.0,56.0,3393,test,2151.9546375117025,1.0,1.0,"(1, 2)",6122f332c9f0e8bb1209dc7d
56.0,56.0,3394,test,2151.9546375117025,1.0,1.0,"(1, 2)",6122f332c9f0e8bb1209dc7d
56.0,56.0,3395,test,2151.9546375117025,1.0,1.0,"(1, 2)",6122f332c9f0e8bb1209dc7d
56.0,56.0,3396,test,2151.9546375117025,1.0,1.0,"(1, 2)",6122f332c9f0e8bb1209dc7d
56.0,56.0,3397,test,2151.9546375117025,1.0,1.0,"(1, 2)",6122f332c9f0e8bb1209dc7d
56.0,56.0,3398,test,2151.9546375117025,1.0,1.0,"(1, 2)",6122f332c9f0e8bb1209dc7d
56.0,56.0,3399,test,2151.9546375117025,1.0,1.0,"(1, 2)",6122f332c9f0e8bb1209dc7d
56.0,56.0,3400,test,2151.9546375117025,1.0,1.0,"(1, 2)",6122f332c9f0e8bb1209dc7d
56.0,56.0,3401,test,2151.9546375117025,1.0,1.0,"(1, 2)",6122f332c9f0e8bb1209dc7d
56.0,56.0,3402,test,2151.9546375117025,1.0,1.0,"(1, 2)",6122f332c9f0e8bb1209dc7d
56.0,56.0,3403,test,2151.9546375117025,1.0,1.0,"(1, 2)",6122f332c9f0e8bb1209dc7d
56.0,56.0,3404,test,2151.9546375117025,1.0,1.0,"(1, 2)",6122f332c9f0e8bb1209dc7d
56.0,56.0,3405,test,2151.9546375117025,1.0,1.0,"(1, 2)",6122f332c9f0e8bb1209dc7d
56.0,56.0,3406,test,2151.9546375117025,1.0,1.0,"(1, 2)",6122f332c9f0e8bb1209dc7d
56.0,56.0,3407,test,2151.9546375117025,1.0,1.0,"(1, 2)",6122f332c9f0e8bb1209dc7d
56.0,56.0,3408,test,2151.9546375117025,1.0,1.0,"(1, 2)",6122f332c9f0e8bb1209dc7d
56.0,56.0,3409,test,2151.9546375117025,1.0,1.0,"(1, 2)",6122f332c9f0e8bb1209dc7d
56.0,56.0,3410,test,2151.9546375117025,1.0,1.0,"(1, 2)",6122f332c9f0e8bb1209dc7d
56.0,56.0,3411,test,2151.9546375117025,1.0,1.0,"(1, 2)",6122f332c9f0e8bb1209dc7d
56.0,56.0,3412,test,2151.9546375117025,1.0,1.0,"(1, 2)",6122f332c9f0e8bb1209dc7d
56.0,56.0,3413,test,2151.9546375117025,1.0,1.0,"(1, 2)",6122f332c9f0e8bb1209dc7d
56.0,56.0,3414,test,2151.9546375117025,1.0,1.0,"(1, 2)",6122f332c9f0e8bb1209dc7d
56.0,56.0,3415,test,2151.9546375117025,1.0,1.0,"(1, 2)",6122f332c9f0e8bb1209dc7d
56.88388347648305,55.11611652351695,3416,test,2153.2046375117025,1.0,1.0,"(1, 2)",6122f332c9f0e8bb1209dc7d
57.7677669529661,54.2322330470339,3417,test,2154.4546375117025,1.0,1.0,"(1, 2)",6122f332c9f0e8bb1209dc7d
58.65165042944915,53.34834957055085,3418,test,2155.7046375117025,1.0,1.0,"(1, 2)",6122f332c9f0e8bb1209dc7d
59.5355339059322,52.4644660940678,3419,test,2156.9546375117025,1.0,1.0,"(1, 2)",6122f332c9f0e8bb1209dc7d
60.41941738241525,51.58058261758475,3420,test,2158.2046375117025,1.0,1.0,"(1, 2)",6122f332c9f0e8bb1209dc7d
61.3033008588983,50.6966991411017,3421,test,2159.4546375117025,1.0,1.0,"(1, 2)",6122f332c9f0e8bb1209dc7d
62.187184335381346,49.812815664618654,3422,test,2160.7046375117025,1.0,1.0,"(1, 2)",6122f332c9f0e8bb1209dc7d
63.071067811864395,48.928932188135605,3423,test,2161.9546375117025,1.0,1.0,"(1, 2)",6122f332c9f0e8bb1209dc7d
63.954951288347445,48.045048711652555,3424,test,2163.2046375117025,1.0,1.0,"(1, 2)",6122f332c9f0e8bb1209dc7d
64.8388347648305,47.161165235169506,3425,test,2164.4546375117025,1.0,1.0,"(1, 2)",6122f332c9f0e8bb1209dc7d
65.72271824131354,46.277281758686456,3426,test,2165.7046375117025,1.0,1.0,"(1, 2)",6122f332c9f0e8bb1209dc7d
66.6066017177966,45.39339828220341,3427,test,2166.9546375117025,1.0,1.0,"(1, 2)",6122f332c9f0e8bb1209dc7d
67.49048519427964,44.50951480572036,3428,test,2168.2046375117025,1.0,1.0,"(1, 2)",6122f332c9f0e8bb1209dc7d
68.37436867076269,43.62563132923731,3429,test,2169.4546375117025,1.0,1.0,"(1, 2)",6122f332c9f0e8bb1209dc7d
69.25825214724574,42.74174785275426,3430,test,2170.7046375117025,1.0,1.0,"(1, 2)",6122f332c9f0e8bb1209dc7d
70.14213562372879,41.85786437627121,3431,test,2171.9546375117025,1.0,1.0,"(1, 2)",6122f332c9f0e8bb1209dc7d
71.02601910021184,40.97398089978816,3432,test,2173.2046375117025,1.0,1.0,"(1, 2)",6122f332c9f0e8bb1209dc7d
71.95382555869026,40.19434681531624,3433,test,2174.4165179224956,1.0,1.0,"(1, 2)",6122f332c9f0e8bb1209dc7d
73.20373388513468,40.179208272259245,3434,test,2175.666517922496,1.0,1.0,"(1, 2)",6122f332c9f0e8bb1209dc7d
74.45364221157911,40.164069729202254,3435,test,2176.9165179224965,1.0,1.0,"(1, 2)",6122f332c9f0e8bb1209dc7d
75.70355053802353,40.14893118614526,3436,test,2178.166517922497,1.0,1.0,"(1, 2)",6122f332c9f0e8bb1209dc7d
76.95345886446796,40.13379264308827,3437,test,2179.4165179224974,1.0,1.0,"(1, 2)",6122f332c9f0e8bb1209dc7d
78.20336719091239,40.11865410003128,3438,test,2180.666517922498,1.0,1.0,"(1, 2)",6122f332c9f0e8bb1209dc7d
79.45327551735681,40.10351555697429,3439,test,2181.9165179224983,1.0,1.0,"(1, 2)",6122f332c9f0e8bb1209dc7d
80.70318384380124,40.088377013917295,3440,test,2183.1665179224988,1.0,1.0,"(1, 2)",6122f332c9f0e8bb1209dc7d
81.95309217024567,40.0732384708603,3441,test,2184.416517922499,1.0,1.0,"(1, 2)",6122f332c9f0e8bb1209dc7d
83.2030004966901,40.05809992780313,3442,test,2185.6665179224997,1.0,1.0,"(1, 2)",6122f332c9f0e8bb1209dc7d
84.45290882313452,40.04296138474578,3443,test,2186.9165179225,1.0,1.0,"(1, 2)",6122f332c9f0e8bb1209dc7d
85.70281714957895,40.027822841688426,3444,test,2188.1665179225006,1.0,1.0,"(1, 2)",6122f332c9f0e8bb1209dc7d
86.95272547602337,40.01268429863107,3445,test,2189.416517922501,1.0,1.0,"(1, 2)",6122f332c9f0e8bb1209dc7d
88.20266313365056,40.00233106509771,3446,test,2190.666498457309,1.0,1.0,"(1, 2)",6122f332c9f0e8bb1209dc7d
89.45266312004111,40.0021466143028,3447,test,2191.9164984573085,1.0,1.0,"(1, 2)",6122f332c9f0e8bb1209dc7d
90.70266310643166,40.0019621635079,3448,test,2193.166498457308,1.0,1.0,"(1, 2)",6122f332c9f0e8bb1209dc7d
91.9526630928222,40.00177771271299,3449,test,2194.4164984573076,1.0,1.0,"(1, 2)",6122f332c9f0e8bb1209dc7d
93.20266307921275,40.00159326191809,3450,test,2195.666498457307,1.0,1.0,"(1, 2)",6122f332c9f0e8bb1209dc7d
94.4526630656033,40.001408811123184,3451,test,2196.9164984573067,1.0,1.0,"(1, 2)",6122f332c9f0e8bb1209dc7d
95.70266305199385,40.00122436032828,3452,test,2198.1664984573063,1.0,1.0,"(1, 2)",6122f332c9f0e8bb1209dc7d
96.9526630383844,40.001039909533375,3453,test,2199.416498457306,1.0,1.0,"(1, 2)",6122f332c9f0e8bb1209dc7d
98.20266302477495,40.00085545873847,3454,test,2200.6664984573054,1.0,1.0,"(1, 2)",6122f332c9f0e8bb1209dc7d
99.4526630111655,40.00067100794384,3455,test,2201.916498457305,1.0,1.0,"(1, 2)",6122f332c9f0e8bb1209dc7d
100.70266299755605,40.000486557149294,3456,test,2203.1664984573044,1.0,1.0,"(1, 2)",6122f332c9f0e8bb1209dc7d
101.9526629839466,40.000302106354745,3457,test,2204.416498457304,1.0,1.0,"(1, 2)",6122f332c9f0e8bb1209dc7d
103.20266297033714,40.000117655560196,3458,test,2205.6664984573035,1.0,1.0,"(1, 2)",6122f332c9f0e8bb1209dc7d
104.45266296380328,40.00002795062478,3459,test,2206.9164984539884,1.0,1.0,"(1, 2)",6122f332c9f0e8bb1209dc7d
105.70266296380072,40.00002570340544,3460,test,2208.166498453988,1.0,1.0,"(1, 2)",6122f332c9f0e8bb1209dc7d
106.95266296379816,40.00002345618579,3461,test,2209.4164984539875,1.0,1.0,"(1, 2)",6122f332c9f0e8bb1209dc7d
108.2026629637956,40.00002120896613,3462,test,2210.666498453987,1.0,1.0,"(1, 2)",6122f332c9f0e8bb1209dc7d
109.45266296379305,40.00001896174648,3463,test,2211.9164984539866,1.0,1.0,"(1, 2)",6122f332c9f0e8bb1209dc7d
110.70266296379049,40.00001671452682,3464,test,2213.166498453986,1.0,1.0,"(1, 2)",6122f332c9f0e8bb1209dc7d
111.95266296378793,40.00001446730717,3465,test,2214.4164984539857,1.0,1.0,"(1, 2)",6122f332c9f0e8bb1209dc7d
113.20266296378537,40.00001222008751,3466,test,2215.6664984539852,1.0,1.0,"(1, 2)",6122f332c9f0e8bb1209dc7d
114.45266296378281,40.00000997286786,3467,test,2216.916498453985,1.0,1.0,"(1, 2)",6122f332c9f0e8bb1209dc7d
115.70266296378026,40.0000077256482,3468,test,2218.1664984539843,1.0,1.0,"(1, 2)",6122f332c9f0e8bb1209dc7d
116.9526629637777,40.00000547842855,3469,test,2219.416498453984,1.0,1.0,"(1, 2)",6122f332c9f0e8bb1209dc7d
118.20266296377514,40.00000323120889,3470,test,2220.6664984539834,1.0,1.0,"(1, 2)",6122f332c9f0e8bb1209dc7d
119.45266296377258,40.00000098398924,3471,test,2221.916498453983,1.0,1.0,"(1, 2)",6122f332c9f0e8bb1209dc7d
120.44294749693546,39.367516586919635,3472,test,2223.0915303553193,1.0,1.0,"(1, 2)",6122f332c9f0e8bb1209dc7d
121.33223157077379,38.489066909353156,3473,test,2224.341530355319,1.0,1.0,"(1, 2)",6122f332c9f0e8bb1209dc7d
122.22151564461211,37.61061723178706,3474,test,2225.5915303553184,1.0,1.0,"(1, 2)",6122f332c9f0e8bb1209dc7d
123.11079971845044,36.732167554220965,3475,test,2226.841530355318,1.0,1.0,"(1, 2)",6122f332c9f0e8bb1209dc7d
124.00008379228876,35.85371787665487,3476,test,2228.0915303553174,1.0,1.0,"(1, 2)",6122f332c9f0e8bb1209dc7d
124.88936786612709,34.975268199088774,3477,test,2229.341530355317,1.0,1.0,"(1, 2)",6122f332c9f0e8bb1209dc7d
125.77865193996541,34.09681852152268,3478,test,2230.5915303553165,1.0,1.0,"(1, 2)",6122f332c9f0e8bb1209dc7d
126.66793601380374,33.21836884395658,3479,test,2231.841530355316,1.0,1.0,"(1, 2)",6122f332c9f0e8bb1209dc7d
127.55722008764207,32.33991916639049,3480,test,2233.0915303553156,1.0,1.0,"(1, 2)",6122f332c9f0e8bb1209dc7d
128.4465041614804,31.46146948882417,3481,test,2234.341530355315,1.0,1.0,"(1, 2)",6122f332c9f0e8bb1209dc7d
129.33578823531872,30.58301981125772,3482,test,2235.5915303553147,1.0,1.0,"(1, 2)",6122f332c9f0e8bb1209dc7d
130.22507230915704,29.704570133691362,3483,test,2236.8415303553143,1.0,1.0,"(1, 2)",6122f332c9f0e8bb1209dc7d
131.11435638299537,28.826120456125267,3484,test,2238.091530355314,1.0,1.0,"(1, 2)",6122f332c9f0e8bb1209dc7d
132.0036404568337,27.94767077855917,3485,test,2239.3415303553134,1.0,1.0,"(1, 2)",6122f332c9f0e8bb1209dc7d
132.89292453067202,27.069221100993076,3486,test,2240.591530355313,1.0,1.0,"(1, 2)",6122f332c9f0e8bb1209dc7d
133.78220860451034,26.190771423427094,3487,test,2241.841530355312,1.0,1.0,"(1, 2)",6122f332c9f0e8bb1209dc7d
134.67149267834867,25.312321745861368,3488,test,2243.091530355311,1.0,1.0,"(1, 2)",6122f332c9f0e8bb1209dc7d
135.56077675218825,24.433872068295983,3489,test,2244.341530355311,1.0,1.0,"(1, 2)",6122f332c9f0e8bb1209dc7d
136.0,24.0,3490,test,2244.958913569422,1.0,1.0,"(1, 2)",6122f332c9f0e8bb1209dc7d
136.0,24.0,3491,test,2244.958913569422,1.0,1.0,"(1, 2)",6122f332c9f0e8bb1209dc7d
136.0,24.0,3492,test,2244.958913569422,1.0,1.0,"(1, 2)",6122f332c9f0e8bb1209dc7d
136.0,24.0,3493,test,2244.958913569422,1.0,1.0,"(1, 2)",6122f332c9f0e8bb1209dc7d
136.0,24.0,3494,test,2244.958913569422,1.0,1.0,"(1, 2)",6122f332c9f0e8bb1209dc7d
136.0,24.0,3495,test,2244.958913569422,1.0,1.0,"(1, 2)",6122f332c9f0e8bb1209dc7d
136.0,24.0,3496,test,2244.958913569422,1.0,1.0,"(1, 2)",6122f332c9f0e8bb1209dc7d
136.0,24.0,3497,test,2244.958913569422,1.0,1.0,"(1, 2)",6122f332c9f0e8bb1209dc7d
136.0,24.0,3498,test,2244.958913569422,1.0,1.0,"(1, 2)",6122f332c9f0e8bb1209dc7d
136.0,24.0,3499,test,2244.958913569422,1.0,1.0,"(1, 2)",6122f332c9f0e8bb1209dc7d
136.0,24.0,3500,test,2244.958913569422,1.0,1.0,"(1, 2)",6122f332c9f0e8bb1209dc7d
136.0,24.0,3501,test,2244.958913569422,1.0,1.0,"(1, 2)",6122f332c9f0e8bb1209dc7d
136.0,24.0,3502,test,2244.958913569422,1.0,1.0,"(1, 2)",6122f332c9f0e8bb1209dc7d
136.0,24.0,3503,test,2244.958913569422,1.0,1.0,"(1, 2)",6122f332c9f0e8bb1209dc7d
136.0,24.0,3504,test,2244.958913569422,1.0,1.0,"(1, 2)",6122f332c9f0e8bb1209dc7d
136.0,24.0,3505,test,2244.958913569422,1.0,1.0,"(1, 2)",6122f332c9f0e8bb1209dc7d
136.0,24.0,3506,test,2244.958913569422,1.0,1.0,"(1, 2)",6122f332c9f0e8bb1209dc7d
136.0,24.0,3507,test,2244.958913569422,1.0,1.0,"(1, 2)",6122f332c9f0e8bb1209dc7d
136.0,24.0,3508,test,2244.958913569422,1.0,1.0,"(1, 2)",6122f332c9f0e8bb1209dc7d
136.0,24.0,3509,test,2244.958913569422,1.0,1.0,"(1, 2)",6122f332c9f0e8bb1209dc7d
136.0,24.0,3510,test,2244.958913569422,1.0,1.0,"(1, 2)",6122f332c9f0e8bb1209dc7d
136.0,24.0,3511,test,2244.958913569422,1.0,1.0,"(1, 2)",6122f332c9f0e8bb1209dc7d
134.75000000000114,24.0,3512,test,2246.2089135694205,1.0,1.0,"(1, 2)",6122f332c9f0e8bb1209dc7d
133.50000000000227,24.0,3513,test,2247.4589135694196,1.0,1.0,"(1, 2)",6122f332c9f0e8bb1209dc7d
132.2500000000034,24.0,3514,test,2248.7089135694187,1.0,1.0,"(1, 2)",6122f332c9f0e8bb1209dc7d
131.00000000000455,24.0,3515,test,2249.9589135694177,1.0,1.0,"(1, 2)",6122f332c9f0e8bb1209dc7d
129.75000000000568,24.0,3516,test,2251.208913569417,1.0,1.0,"(1, 2)",6122f332c9f0e8bb1209dc7d
128.50000000000682,24.0,3517,test,2252.458913569416,1.0,1.0,"(1, 2)",6122f332c9f0e8bb1209dc7d
127.2500000000071,24.0,3518,test,2253.7089135694155,1.0,1.0,"(1, 2)",6122f332c9f0e8bb1209dc7d
126.00000000000682,24.0,3519,test,2254.958913569416,1.0,1.0,"(1, 2)",6122f332c9f0e8bb1209dc7d
124.75000000000654,24.0,3520,test,2256.2089135694164,1.0,1.0,"(1, 2)",6122f332c9f0e8bb1209dc7d
123.50000000000625,24.0,3521,test,2257.458913569417,1.0,1.0,"(1, 2)",6122f332c9f0e8bb1209dc7d
122.25000000000597,24.0,3522,test,2258.7089135694173,1.0,1.0,"(1, 2)",6122f332c9f0e8bb1209dc7d
121.00000000000568,24.0,3523,test,2259.9589135694177,1.0,1.0,"(1, 2)",6122f332c9f0e8bb1209dc7d
119.7500000000054,24.0,3524,test,2261.208913569418,1.0,1.0,"(1, 2)",6122f332c9f0e8bb1209dc7d
118.50000000000512,24.0,3525,test,2262.4589135694187,1.0,1.0,"(1, 2)",6122f332c9f0e8bb1209dc7d
117.25000000000483,24.0,3526,test,2263.708913569419,1.0,1.0,"(1, 2)",6122f332c9f0e8bb1209dc7d
116.00000000000455,24.0,3527,test,2264.9589135694196,1.0,1.0,"(1, 2)",6122f332c9f0e8bb1209dc7d
114.75000000000426,24.0,3528,test,2266.20891356942,1.0,1.0,"(1, 2)",6122f332c9f0e8bb1209dc7d
113.50000000000398,24.0,3529,test,2267.4589135694205,1.0,1.0,"(1, 2)",6122f332c9f0e8bb1209dc7d
112.2500000000037,24.0,3530,test,2268.708913569421,1.0,1.0,"(1, 2)",6122f332c9f0e8bb1209dc7d
111.00000000000341,24.0,3531,test,2269.9589135694214,1.0,1.0,"(1, 2)",6122f332c9f0e8bb1209dc7d
109.75000000000313,24.0,3532,test,2271.208913569422,1.0,1.0,"(1, 2)",6122f332c9f0e8bb1209dc7d
108.50000000000284,24.0,3533,test,2272.4589135694223,1.0,1.0,"(1, 2)",6122f332c9f0e8bb1209dc7d
107.25000000000256,24.0,3534,test,2273.7089135694227,1.0,1.0,"(1, 2)",6122f332c9f0e8bb1209dc7d
106.00000000000227,24.0,3535,test,2274.958913569423,1.0,1.0,"(1, 2)",6122f332c9f0e8bb1209dc7d
104.75000000000199,24.0,3536,test,2276.2089135694237,1.0,1.0,"(1, 2)",6122f332c9f0e8bb1209dc7d
103.5000000000017,24.0,3537,test,2277.458913569424,1.0,1.0,"(1, 2)",6122f332c9f0e8bb1209dc7d
102.25000000000142,24.0,3538,test,2278.7089135694246,1.0,1.0,"(1, 2)",6122f332c9f0e8bb1209dc7d
101.00000000000114,24.0,3539,test,2279.958913569425,1.0,1.0,"(1, 2)",6122f332c9f0e8bb1209dc7d
99.75000000000085,24.0,3540,test,2281.2089135694255,1.0,1.0,"(1, 2)",6122f332c9f0e8bb1209dc7d
98.50000000000057,24.0,3541,test,2282.458913569426,1.0,1.0,"(1, 2)",6122f332c9f0e8bb1209dc7d
97.25000000000028,24.0,3542,test,2283.7089135694264,1.0,1.0,"(1, 2)",6122f332c9f0e8bb1209dc7d
96.0,24.0,3543,test,2284.958913569427,1.0,1.0,"(1, 2)",6122f332c9f0e8bb1209dc7d
94.74999999999972,24.0,3544,test,2286.2089135694273,1.0,1.0,"(1, 2)",6122f332c9f0e8bb1209dc7d
93.49999999999943,24.0,3545,test,2287.4589135694278,1.0,1.0,"(1, 2)",6122f332c9f0e8bb1209dc7d
92.24999999999915,24.0,3546,test,2288.708913569428,1.0,1.0,"(1, 2)",6122f332c9f0e8bb1209dc7d
90.99999999999886,24.0,3547,test,2289.9589135694287,1.0,1.0,"(1, 2)",6122f332c9f0e8bb1209dc7d
89.74999999999858,24.0,3548,test,2291.208913569429,1.0,1.0,"(1, 2)",6122f332c9f0e8bb1209dc7d
88.4999999999983,24.0,3549,test,2292.4589135694296,1.0,1.0,"(1, 2)",6122f332c9f0e8bb1209dc7d
87.24999999999801,24.0,3550,test,2293.70891356943,1.0,1.0,"(1, 2)",6122f332c9f0e8bb1209dc7d
85.99999999999773,24.0,3551,test,2294.9589135694305,1.0,1.0,"(1, 2)",6122f332c9f0e8bb1209dc7d
84.74999999999744,24.0,3552,test,2296.208913569431,1.0,1.0,"(1, 2)",6122f332c9f0e8bb1209dc7d
83.49999999999716,24.0,3553,test,2297.4589135694314,1.0,1.0,"(1, 2)",6122f332c9f0e8bb1209dc7d
82.24999999999687,24.0,3554,test,2298.708913569432,1.0,1.0,"(1, 2)",6122f332c9f0e8bb1209dc7d
80.99999999999659,24.0,3555,test,2299.9589135694323,1.0,1.0,"(1, 2)",6122f332c9f0e8bb1209dc7d
79.7499999999963,24.0,3556,test,2301.2089135694328,1.0,1.0,"(1, 2)",6122f332c9f0e8bb1209dc7d
78.49999999999602,24.0,3557,test,2302.458913569433,1.0,1.0,"(1, 2)",6122f332c9f0e8bb1209dc7d
77.24999999999574,24.0,3558,test,2303.7089135694337,1.0,1.0,"(1, 2)",6122f332c9f0e8bb1209dc7d
75.99999999999545,24.0,3559,test,2304.958913569434,1.0,1.0,"(1, 2)",6122f332c9f0e8bb1209dc7d
74.74999999999517,24.0,3560,test,2306.2089135694346,1.0,1.0,"(1, 2)",6122f332c9f0e8bb1209dc7d
73.49999999999488,24.0,3561,test,2307.458913569435,1.0,1.0,"(1, 2)",6122f332c9f0e8bb1209dc7d
72.2499999999946,24.0,3562,test,2308.7089135694355,1.0,1.0,"(1, 2)",6122f332c9f0e8bb1209dc7d
71.34621797023578,24.84324151087344,3563,test,2309.944987273943,1.0,1.0,"(1, 2)",6122f332c9f0e8bb1209dc7d
70.45686168923703,25.72161808469994,3564,test,2311.1949872739424,1.0,1.0,"(1, 2)",6122f332c9f0e8bb1209dc7d
69.56750540823828,26.59999465852644,3565,test,2312.444987273942,1.0,1.0,"(1, 2)",6122f332c9f0e8bb1209dc7d
68.67814912723952,27.47837123235294,3566,test,2313.6949872739415,1.0,1.0,"(1, 2)",6122f332c9f0e8bb1209dc7d
67.78879284624077,28.356747806179442,3567,test,2314.944987273941,1.0,1.0,"(1, 2)",6122f332c9f0e8bb1209dc7d
66.89943656524201,29.235124380005942,3568,test,2316.1949872739406,1.0,1.0,"(1, 2)",6122f332c9f0e8bb1209dc7d
66.01008028424326,30.113500953832443,3569,test,2317.44498727394,1.0,1.0,"(1, 2)",6122f332c9f0e8bb1209dc7d
65.1207240032445,30.991877527658943,3570,test,2318.6949872739397,1.0,1.0,"(1, 2)",6122f332c9f0e8bb1209dc7d
64.23136772224575,31.870254101485443,3571,test,2319.944987273939,1.0,1.0,"(1, 2)",6122f332c9f0e8bb1209dc7d
63.34201144124647,32.748630675311944,3572,test,2321.194987273939,1.0,1.0,"(1, 2)",6122f332c9f0e8bb1209dc7d
62.452655160247005,33.627007249138444,3573,test,2322.444987273939,1.0,1.0,"(1, 2)",6122f332c9f0e8bb1209dc7d
61.56329887924754,34.505383822964944,3574,test,2323.694987273939,1.0,1.0,"(1, 2)",6122f332c9f0e8bb1209dc7d
60.673942598248075,35.383760396791445,3575,test,2324.944987273939,1.0,1.0,"(1, 2)",6122f332c9f0e8bb1209dc7d
59.78458631724861,36.262136970617945,3576,test,2326.194987273939,1.0,1.0,"(1, 2)",6122f332c9f0e8bb1209dc7d
58.895230036249146,37.140513544444445,3577,test,2327.444987273939,1.0,1.0,"(1, 2)",6122f332c9f0e8bb1209dc7d
58.00587375524984,38.018890118270946,3578,test,2328.694987273939,1.0,1.0,"(1, 2)",6122f332c9f0e8bb1209dc7d
57.11651747425088,38.897266692097446,3579,test,2329.944987273939,1.0,1.0,"(1, 2)",6122f332c9f0e8bb1209dc7d
56.22716119325191,39.77564326592395,3580,test,2331.194987273939,1.0,1.0,"(1, 2)",6122f332c9f0e8bb1209dc7d
56.0,40.0,3581,test,2331.5142648206674,1.0,1.0,"(1, 2)",6122f332c9f0e8bb1209dc7d
56.0,40.0,3582,test,2331.5142648206674,1.0,1.0,"(1, 2)",6122f332c9f0e8bb1209dc7d
56.0,40.0,3583,test,2331.5142648206674,1.0,1.0,"(1, 2)",6122f332c9f0e8bb1209dc7d
56.0,40.0,3584,test,2331.5142648206674,1.0,1.0,"(1, 2)",6122f332c9f0e8bb1209dc7d
56.0,40.0,3585,test,2331.5142648206674,1.0,1.0,"(1, 2)",6122f332c9f0e8bb1209dc7d
56.0,40.0,3586,test,2331.5142648206674,1.0,1.0,"(1, 2)",6122f332c9f0e8bb1209dc7d
56.0,40.0,3587,test,2331.5142648206674,1.0,1.0,"(1, 2)",6122f332c9f0e8bb1209dc7d
56.0,40.0,3588,test,2331.5142648206674,1.0,1.0,"(1, 2)",6122f332c9f0e8bb1209dc7d
56.0,40.0,3589,test,2331.5142648206674,1.0,1.0,"(1, 2)",6122f332c9f0e8bb1209dc7d
56.0,40.0,3590,test,2331.5142648206674,1.0,1.0,"(1, 2)",6122f332c9f0e8bb1209dc7d
56.0,40.0,3591,test,2331.5142648206674,1.0,1.0,"(1, 2)",6122f332c9f0e8bb1209dc7d
56.0,40.0,3592,test,2331.5142648206674,1.0,1.0,"(1, 2)",6122f332c9f0e8bb1209dc7d
56.0,40.0,3593,test,2331.5142648206674,1.0,1.0,"(1, 2)",6122f332c9f0e8bb1209dc7d
56.0,40.0,3594,test,2331.5142648206674,1.0,1.0,"(1, 2)",6122f332c9f0e8bb1209dc7d
56.0,40.0,3595,test,2331.5142648206674,1.0,1.0,"(1, 2)",6122f332c9f0e8bb1209dc7d
56.0,40.0,3596,test,2331.5142648206674,1.0,1.0,"(1, 2)",6122f332c9f0e8bb1209dc7d
56.0,40.0,3597,test,2331.5142648206674,1.0,1.0,"(1, 2)",6122f332c9f0e8bb1209dc7d
56.0,40.0,3598,test,2331.5142648206674,1.0,1.0,"(1, 2)",6122f332c9f0e8bb1209dc7d
56.0,40.0,3599,test,2331.5142648206674,1.0,1.0,"(1, 2)",6122f332c9f0e8bb1209dc7d
56.0,40.0,3600,test,2331.5142648206674,1.0,1.0,"(1, 2)",6122f332c9f0e8bb1209dc7d
56.0,40.0,3601,test,2331.5142648206674,1.0,1.0,"(1, 2)",6122f332c9f0e8bb1209dc7d
56.0,40.0,3602,test,2331.5142648206674,1.0,1.0,"(1, 2)",6122f332c9f0e8bb1209dc7d
56.0,40.0,3603,test,2331.5142648206674,1.0,1.0,"(1, 2)",6122f332c9f0e8bb1209dc7d
56.0,40.0,3604,test,2331.5142648206674,1.0,1.0,"(1, 2)",6122f332c9f0e8bb1209dc7d
56.0,40.0,3605,test,2331.5142648206674,1.0,1.0,"(1, 2)",6122f332c9f0e8bb1209dc7d
56.0,40.0,3606,test,2331.5142648206674,1.0,1.0,"(1, 2)",6122f332c9f0e8bb1209dc7d
56.0,40.0,3607,test,2331.5142648206674,1.0,1.0,"(1, 2)",6122f332c9f0e8bb1209dc7d
56.0,40.0,3608,test,2331.5142648206674,1.0,1.0,"(1, 2)",6122f332c9f0e8bb1209dc7d
56.0,40.0,3609,test,2331.5142648206674,1.0,1.0,"(1, 2)",6122f332c9f0e8bb1209dc7d
56.0,40.0,3610,test,2331.5142648206674,1.0,1.0,"(1, 2)",6122f332c9f0e8bb1209dc7d
56.0,40.0,3611,test,2331.5142648206674,1.0,1.0,"(1, 2)",6122f332c9f0e8bb1209dc7d
56.0,40.0,3612,test,2331.5142648206674,1.0,1.0,"(1, 2)",6122f332c9f0e8bb1209dc7d
57.250000000000284,40.0,3613,test,2332.764264820668,1.0,1.0,"(1, 2)",6122f332c9f0e8bb1209dc7d
58.50000000000057,40.0,3614,test,2334.0142648206684,1.0,1.0,"(1, 2)",6122f332c9f0e8bb1209dc7d
59.75000000000085,40.0,3615,test,2335.264264820669,1.0,1.0,"(1, 2)",6122f332c9f0e8bb1209dc7d
61.00000000000114,40.0,3616,test,2336.5142648206693,1.0,1.0,"(1, 2)",6122f332c9f0e8bb1209dc7d
62.25000000000142,40.0,3617,test,2337.7642648206697,1.0,1.0,"(1, 2)",6122f332c9f0e8bb1209dc7d
63.500000000001705,40.0,3618,test,2339.01426482067,1.0,1.0,"(1, 2)",6122f332c9f0e8bb1209dc7d
64.75000000000199,40.0,3619,test,2340.2642648206706,1.0,1.0,"(1, 2)",6122f332c9f0e8bb1209dc7d
66.00000000000227,40.0,3620,test,2341.514264820671,1.0,1.0,"(1, 2)",6122f332c9f0e8bb1209dc7d
67.25000000000256,40.0,3621,test,2342.7642648206715,1.0,1.0,"(1, 2)",6122f332c9f0e8bb1209dc7d
68.50000000000284,40.0,3622,test,2344.014264820672,1.0,1.0,"(1, 2)",6122f332c9f0e8bb1209dc7d
69.75000000000313,40.0,3623,test,2345.2642648206725,1.0,1.0,"(1, 2)",6122f332c9f0e8bb1209dc7d
71.00000000000341,40.0,3624,test,2346.514264820673,1.0,1.0,"(1, 2)",6122f332c9f0e8bb1209dc7d
72.2500000000037,40.0,3625,test,2347.7642648206734,1.0,1.0,"(1, 2)",6122f332c9f0e8bb1209dc7d
73.50000000000398,40.0,3626,test,2349.014264820674,1.0,1.0,"(1, 2)",6122f332c9f0e8bb1209dc7d
74.75000000000426,40.0,3627,test,2350.2642648206743,1.0,1.0,"(1, 2)",6122f332c9f0e8bb1209dc7d
76.00000000000455,40.0,3628,test,2351.5142648206747,1.0,1.0,"(1, 2)",6122f332c9f0e8bb1209dc7d
77.25000000000483,40.0,3629,test,2352.764264820675,1.0,1.0,"(1, 2)",6122f332c9f0e8bb1209dc7d
78.50000000000512,40.0,3630,test,2354.0142648206756,1.0,1.0,"(1, 2)",6122f332c9f0e8bb1209dc7d
79.7500000000054,40.0,3631,test,2355.264264820676,1.0,1.0,"(1, 2)",6122f332c9f0e8bb1209dc7d
81.00000000000568,40.0,3632,test,2356.5142648206765,1.0,1.0,"(1, 2)",6122f332c9f0e8bb1209dc7d
82.25000000000597,40.0,3633,test,2357.764264820677,1.0,1.0,"(1, 2)",6122f332c9f0e8bb1209dc7d
83.50000000000625,40.0,3634,test,2359.0142648206775,1.0,1.0,"(1, 2)",6122f332c9f0e8bb1209dc7d
84.75000000000654,40.0,3635,test,2360.264264820678,1.0,1.0,"(1, 2)",6122f332c9f0e8bb1209dc7d
86.00000000000682,40.0,3636,test,2361.5142648206784,1.0,1.0,"(1, 2)",6122f332c9f0e8bb1209dc7d
87.2500000000071,40.0,3637,test,2362.764264820679,1.0,1.0,"(1, 2)",6122f332c9f0e8bb1209dc7d
88.50000000000739,40.0,3638,test,2364.0142648206793,1.0,1.0,"(1, 2)",6122f332c9f0e8bb1209dc7d
89.75000000000767,40.0,3639,test,2365.2642648206797,1.0,1.0,"(1, 2)",6122f332c9f0e8bb1209dc7d
91.00000000000796,40.0,3640,test,2366.51426482068,1.0,1.0,"(1, 2)",6122f332c9f0e8bb1209dc7d
92.25000000000824,40.0,3641,test,2367.7642648206806,1.0,1.0,"(1, 2)",6122f332c9f0e8bb1209dc7d
93.50000000000853,40.0,3642,test,2369.014264820681,1.0,1.0,"(1, 2)",6122f332c9f0e8bb1209dc7d
94.75000000000881,40.0,3643,test,2370.2642648206815,1.0,1.0,"(1, 2)",6122f332c9f0e8bb1209dc7d
96.0000000000091,40.0,3644,test,2371.514264820682,1.0,1.0,"(1, 2)",6122f332c9f0e8bb1209dc7d
97.25000000000938,40.0,3645,test,2372.7642648206825,1.0,1.0,"(1, 2)",6122f332c9f0e8bb1209dc7d
98.50000000000966,40.0,3646,test,2374.014264820683,1.0,1.0,"(1, 2)",6122f332c9f0e8bb1209dc7d
99.75000000000995,40.0,3647,test,2375.2642648206834,1.0,1.0,"(1, 2)",6122f332c9f0e8bb1209dc7d
101.00000000001023,40.0,3648,test,2376.514264820684,1.0,1.0,"(1, 2)",6122f332c9f0e8bb1209dc7d
102.25000000001052,40.0,3649,test,2377.7642648206843,1.0,1.0,"(1, 2)",6122f332c9f0e8bb1209dc7d
103.5000000000108,40.0,3650,test,2379.0142648206847,1.0,1.0,"(1, 2)",6122f332c9f0e8bb1209dc7d
104.75000000001108,40.0,3651,test,2380.264264820685,1.0,1.0,"(1, 2)",6122f332c9f0e8bb1209dc7d
106.00000000001137,40.0,3652,test,2381.5142648206856,1.0,1.0,"(1, 2)",6122f332c9f0e8bb1209dc7d
107.25000000001165,40.0,3653,test,2382.764264820686,1.0,1.0,"(1, 2)",6122f332c9f0e8bb1209dc7d
108.50000000001194,40.0,3654,test,2384.0142648206865,1.0,1.0,"(1, 2)",6122f332c9f0e8bb1209dc7d
109.75000000001222,40.0,3655,test,2385.264264820687,1.0,1.0,"(1, 2)",6122f332c9f0e8bb1209dc7d
111.0000000000125,40.0,3656,test,2386.5142648206875,1.0,1.0,"(1, 2)",6122f332c9f0e8bb1209dc7d
112.25000000001279,40.0,3657,test,2387.764264820688,1.0,1.0,"(1, 2)",6122f332c9f0e8bb1209dc7d
113.50000000001307,40.0,3658,test,2389.0142648206884,1.0,1.0,"(1, 2)",6122f332c9f0e8bb1209dc7d
114.75000000001336,40.0,3659,test,2390.264264820689,1.0,1.0,"(1, 2)",6122f332c9f0e8bb1209dc7d
116.00000000001364,40.0,3660,test,2391.5142648206893,1.0,1.0,"(1, 2)",6122f332c9f0e8bb1209dc7d
117.25000000001393,40.0,3661,test,2392.7642648206897,1.0,1.0,"(1, 2)",6122f332c9f0e8bb1209dc7d
118.50000000001421,40.0,3662,test,2394.01426482069,1.0,1.0,"(1, 2)",6122f332c9f0e8bb1209dc7d
119.7500000000145,40.0,3663,test,2395.2642648206906,1.0,1.0,"(1, 2)",6122f332c9f0e8bb1209dc7d
120.65378202977331,39.15675848912626,3664,test,2396.5003385251985,1.0,1.0,"(1, 2)",6122f332c9f0e8bb1209dc7d
121.54313831077206,38.278381915299555,3665,test,2397.7503385251985,1.0,1.0,"(1, 2)",6122f332c9f0e8bb1209dc7d
122.43249459177082,37.40000534147284,3666,test,2399.0003385251985,1.0,1.0,"(1, 2)",6122f332c9f0e8bb1209dc7d
123.32185087276957,36.52162876764613,3667,test,2400.2503385251985,1.0,1.0,"(1, 2)",6122f332c9f0e8bb1209dc7d
124.21120715376833,35.643252193819414,3668,test,2401.5003385251985,1.0,1.0,"(1, 2)",6122f332c9f0e8bb1209dc7d
125.10056343476708,34.76487561999271,3669,test,2402.7503385251985,1.0,1.0,"(1, 2)",6122f332c9f0e8bb1209dc7d
125.98991971576584,33.886499046165994,3670,test,2404.0003385251985,1.0,1.0,"(1, 2)",6122f332c9f0e8bb1209dc7d
126.87927599676459,33.00812247233928,3671,test,2405.2503385251985,1.0,1.0,"(1, 2)",6122f332c9f0e8bb1209dc7d
127.76863227776334,32.12974589851257,3672,test,2406.5003385251985,1.0,1.0,"(1, 2)",6122f332c9f0e8bb1209dc7d
128.6579885587621,31.251369324685733,3673,test,2407.7503385251985,1.0,1.0,"(1, 2)",6122f332c9f0e8bb1209dc7d
129.54734483976085,30.372992750858877,3674,test,2409.0003385251985,1.0,1.0,"(1, 2)",6122f332c9f0e8bb1209dc7d
130.4367011207596,29.49461617703202,3675,test,2410.2503385251985,1.0,1.0,"(1, 2)",6122f332c9f0e8bb1209dc7d
131.32605740175836,28.616239603205166,3676,test,2411.5003385251985,1.0,1.0,"(1, 2)",6122f332c9f0e8bb1209dc7d
132.21541368275712,27.73786302937831,3677,test,2412.7503385251985,1.0,1.0,"(1, 2)",6122f332c9f0e8bb1209dc7d
133.10476996375587,26.859486455551455,3678,test,2414.0003385251985,1.0,1.0,"(1, 2)",6122f332c9f0e8bb1209dc7d
133.99412624475463,25.98110988172474,3679,test,2415.2503385251985,1.0,1.0,"(1, 2)",6122f332c9f0e8bb1209dc7d
134.88348252575338,25.10273330789824,3680,test,2416.500338525198,1.0,1.0,"(1, 2)",6122f332c9f0e8bb1209dc7d
135.77283880675213,24.224356734071804,3681,test,2417.7503385251975,1.0,1.0,"(1, 2)",6122f332c9f0e8bb1209dc7d
136.0,24.0,3682,test,2418.06961607192,1.0,1.0,"(1, 2)",6122f332c9f0e8bb1209dc7d
136.0,24.0,3683,test,2418.06961607192,1.0,1.0,"(1, 2)",6122f332c9f0e8bb1209dc7d
136.0,24.0,3684,test,2418.06961607192,1.0,1.0,"(1, 2)",6122f332c9f0e8bb1209dc7d
136.0,24.0,3685,test,2418.06961607192,1.0,1.0,"(1, 2)",6122f332c9f0e8bb1209dc7d
136.0,24.0,3686,test,2418.06961607192,1.0,1.0,"(1, 2)",6122f332c9f0e8bb1209dc7d
136.0,24.0,3687,test,2418.06961607192,1.0,1.0,"(1, 2)",6122f332c9f0e8bb1209dc7d
136.0,24.0,3688,test,2418.06961607192,1.0,1.0,"(1, 2)",6122f332c9f0e8bb1209dc7d
136.0,24.0,3689,test,2418.06961607192,1.0,1.0,"(1, 2)",6122f332c9f0e8bb1209dc7d
136.0,24.0,3690,test,2418.06961607192,1.0,1.0,"(1, 2)",6122f332c9f0e8bb1209dc7d
136.0,24.0,3691,test,2418.06961607192,1.0,1.0,"(1, 2)",6122f332c9f0e8bb1209dc7d
136.0,24.0,3692,test,2418.06961607192,1.0,1.0,"(1, 2)",6122f332c9f0e8bb1209dc7d
136.0,24.0,3693,test,2418.06961607192,1.0,1.0,"(1, 2)",6122f332c9f0e8bb1209dc7d
136.0,24.0,3694,test,2418.06961607192,1.0,1.0,"(1, 2)",6122f332c9f0e8bb1209dc7d
136.0,24.0,3695,test,2418.06961607192,1.0,1.0,"(1, 2)",6122f332c9f0e8bb1209dc7d
136.0,24.0,3696,test,2418.06961607192,1.0,1.0,"(1, 2)",6122f332c9f0e8bb1209dc7d
136.0,24.0,3697,test,2418.06961607192,1.0,1.0,"(1, 2)",6122f332c9f0e8bb1209dc7d
136.0,24.0,3698,test,2418.06961607192,1.0,1.0,"(1, 2)",6122f332c9f0e8bb1209dc7d
136.0,24.0,3699,test,2418.06961607192,1.0,1.0,"(1, 2)",6122f332c9f0e8bb1209dc7d
136.0,24.0,3700,test,2418.06961607192,1.0,1.0,"(1, 2)",6122f332c9f0e8bb1209dc7d
136.0,24.0,3701,test,2418.06961607192,1.0,1.0,"(1, 2)",6122f332c9f0e8bb1209dc7d
136.0,24.0,3702,test,2418.06961607192,1.0,1.0,"(1, 2)",6122f332c9f0e8bb1209dc7d
136.0,24.0,3703,test,2418.06961607192,1.0,1.0,"(1, 2)",6122f332c9f0e8bb1209dc7d
136.0,24.0,3704,test,2418.06961607192,1.0,1.0,"(1, 2)",6122f332c9f0e8bb1209dc7d
136.0,24.0,3705,test,2418.06961607192,1.0,1.0,"(1, 2)",6122f332c9f0e8bb1209dc7d
136.0,24.0,3706,test,2418.06961607192,1.0,1.0,"(1, 2)",6122f332c9f0e8bb1209dc7d
136.0,24.0,3707,test,2418.06961607192,1.0,1.0,"(1, 2)",6122f332c9f0e8bb1209dc7d
136.0,24.0,3708,test,2418.06961607192,1.0,1.0,"(1, 2)",6122f332c9f0e8bb1209dc7d
136.0,24.0,3709,test,2418.06961607192,1.0,1.0,"(1, 2)",6122f332c9f0e8bb1209dc7d
136.0,24.0,3710,test,2418.06961607192,1.0,1.0,"(1, 2)",6122f332c9f0e8bb1209dc7d
136.0,24.0,3711,test,2418.06961607192,1.0,1.0,"(1, 2)",6122f332c9f0e8bb1209dc7d
136.0,24.0,3712,test,2418.06961607192,1.0,1.0,"(1, 2)",6122f332c9f0e8bb1209dc7d
136.0,24.0,3713,test,2418.06961607192,1.0,1.0,"(1, 2)",6122f332c9f0e8bb1209dc7d
136.0,24.0,3714,test,2418.06961607192,1.0,1.0,"(1, 2)",6122f332c9f0e8bb1209dc7d
136.0,24.0,3715,test,2418.06961607192,1.0,1.0,"(1, 2)",6122f332c9f0e8bb1209dc7d
136.0,24.0,3716,test,2418.06961607192,1.0,1.0,"(1, 2)",6122f332c9f0e8bb1209dc7d
136.0,24.0,3717,test,2418.06961607192,1.0,1.0,"(1, 2)",6122f332c9f0e8bb1209dc7d
136.0,24.0,3718,test,2418.06961607192,1.0,1.0,"(1, 2)",6122f332c9f0e8bb1209dc7d
136.0,24.0,3719,test,2418.06961607192,1.0,1.0,"(1, 2)",6122f332c9f0e8bb1209dc7d
136.0,24.0,3720,test,2418.06961607192,1.0,1.0,"(1, 2)",6122f332c9f0e8bb1209dc7d
136.0,24.0,3721,test,2418.06961607192,1.0,1.0,"(1, 2)",6122f332c9f0e8bb1209dc7d
136.0,24.0,3722,test,2418.06961607192,1.0,1.0,"(1, 2)",6122f332c9f0e8bb1209dc7d
136.0,24.0,3723,test,2418.06961607192,1.0,1.0,"(1, 2)",6122f332c9f0e8bb1209dc7d
136.0,24.0,3724,test,2418.06961607192,1.0,1.0,"(1, 2)",6122f332c9f0e8bb1209dc7d
136.0,24.0,3725,test,2418.06961607192,1.0,1.0,"(1, 2)",6122f332c9f0e8bb1209dc7d
136.0,24.0,3726,test,2418.06961607192,1.0,1.0,"(1, 2)",6122f332c9f0e8bb1209dc7d
136.0,24.0,3727,test,2418.06961607192,1.0,1.0,"(1, 2)",6122f332c9f0e8bb1209dc7d
136.0,24.0,3728,test,2418.06961607192,1.0,1.0,"(1, 2)",6122f332c9f0e8bb1209dc7d
136.0,24.0,3729,test,2418.06961607192,1.0,1.0,"(1, 2)",6122f332c9f0e8bb1209dc7d
136.0,24.0,3730,test,2418.06961607192,1.0,1.0,"(1, 2)",6122f332c9f0e8bb1209dc7d
136.0,24.0,3731,test,2418.06961607192,1.0,1.0,"(1, 2)",6122f332c9f0e8bb1209dc7d
136.0,24.0,3732,test,2418.06961607192,1.0,1.0,"(1, 2)",6122f332c9f0e8bb1209dc7d
136.0,24.0,3733,test,2418.06961607192,1.0,1.0,"(1, 2)",6122f332c9f0e8bb1209dc7d
136.0,24.0,3734,test,2418.06961607192,1.0,1.0,"(1, 2)",6122f332c9f0e8bb1209dc7d
136.0,24.0,3735,test,2418.06961607192,1.0,1.0,"(1, 2)",6122f332c9f0e8bb1209dc7d
136.0,24.0,3736,test,2418.06961607192,1.0,1.0,"(1, 2)",6122f332c9f0e8bb1209dc7d
136.0,24.0,3737,test,2418.06961607192,1.0,1.0,"(1, 2)",6122f332c9f0e8bb1209dc7d
136.0,24.0,3738,test,2418.06961607192,1.0,1.0,"(1, 2)",6122f332c9f0e8bb1209dc7d
135.11611652351553,24.88388347648305,3739,test,2419.319616071921,1.0,1.0,"(1, 2)",6122f332c9f0e8bb1209dc7d
134.23223304703106,25.767766952966443,3740,test,2420.5696160719217,1.0,1.0,"(1, 2)",6122f332c9f0e8bb1209dc7d
133.3483495705466,26.651650429449848,3741,test,2421.8196160719226,1.0,1.0,"(1, 2)",6122f332c9f0e8bb1209dc7d
132.46446609406294,27.535533905933253,3742,test,2423.069616071923,1.0,1.0,"(1, 2)",6122f332c9f0e8bb1209dc7d
131.5805826175798,28.419417382416658,3743,test,2424.319616071923,1.0,1.0,"(1, 2)",6122f332c9f0e8bb1209dc7d
130.69669914109667,29.303300858900062,3744,test,2425.569616071923,1.0,1.0,"(1, 2)",6122f332c9f0e8bb1209dc7d
129.81281566461354,30.187184335383467,3745,test,2426.819616071923,1.0,1.0,"(1, 2)",6122f332c9f0e8bb1209dc7d
128.9289321881304,31.07106781186687,3746,test,2428.069616071923,1.0,1.0,"(1, 2)",6122f332c9f0e8bb1209dc7d
128.04504871164727,31.954951288350276,3747,test,2429.319616071923,1.0,1.0,"(1, 2)",6122f332c9f0e8bb1209dc7d
127.1611652351642,32.838834764833344,3748,test,2430.569616071923,1.0,1.0,"(1, 2)",6122f332c9f0e8bb1209dc7d
126.27728175868116,33.72271824131639,3749,test,2431.819616071923,1.0,1.0,"(1, 2)",6122f332c9f0e8bb1209dc7d
125.3933982821981,34.60660171779944,3750,test,2433.069616071923,1.0,1.0,"(1, 2)",6122f332c9f0e8bb1209dc7d
124.50951480571506,35.4904851942827,3751,test,2434.319616071923,1.0,1.0,"(1, 2)",6122f332c9f0e8bb1209dc7d
123.62563132923201,36.37436867076619,3752,test,2435.569616071923,1.0,1.0,"(1, 2)",6122f332c9f0e8bb1209dc7d
122.74174785274896,37.25825214724968,3753,test,2436.819616071923,1.0,1.0,"(1, 2)",6122f332c9f0e8bb1209dc7d
121.85786437626591,38.14213562373317,3754,test,2438.069616071923,1.0,1.0,"(1, 2)",6122f332c9f0e8bb1209dc7d
120.97398089978286,39.02601910021666,3755,test,2439.319616071923,1.0,1.0,"(1, 2)",6122f332c9f0e8bb1209dc7d
120.04617444130444,39.805653184688964,3756,test,2440.5314964827166,1.0,1.0,"(1, 2)",6122f332c9f0e8bb1209dc7d
118.79626611486002,39.820791727745956,3757,test,2441.781496482717,1.0,1.0,"(1, 2)",6122f332c9f0e8bb1209dc7d
117.54635778841559,39.83593027080295,3758,test,2443.0314964827176,1.0,1.0,"(1, 2)",6122f332c9f0e8bb1209dc7d
116.29644946197116,39.85106881385981,3759,test,2444.281496482718,1.0,1.0,"(1, 2)",6122f332c9f0e8bb1209dc7d
115.04654113552674,39.866207356916455,3760,test,2445.5314964827185,1.0,1.0,"(1, 2)",6122f332c9f0e8bb1209dc7d
113.79663280908231,39.8813458999731,3761,test,2446.781496482719,1.0,1.0,"(1, 2)",6122f332c9f0e8bb1209dc7d
112.54672448263788,39.896484443029735,3762,test,2448.0314964827194,1.0,1.0,"(1, 2)",6122f332c9f0e8bb1209dc7d
111.29681615619346,39.91162298608638,3763,test,2449.28149648272,1.0,1.0,"(1, 2)",6122f332c9f0e8bb1209dc7d
110.04690782974903,39.92676152914302,3764,test,2450.5314964827203,1.0,1.0,"(1, 2)",6122f332c9f0e8bb1209dc7d
108.7969995033046,39.94190007219966,3765,test,2451.7814964827207,1.0,1.0,"(1, 2)",6122f332c9f0e8bb1209dc7d
107.54709117686018,39.9570386152563,3766,test,2453.031496482721,1.0,1.0,"(1, 2)",6122f332c9f0e8bb1209dc7d
106.29718285041575,39.972177158312945,3767,test,2454.2814964827216,1.0,1.0,"(1, 2)",6122f332c9f0e8bb1209dc7d
105.04727452397132,39.98731570136958,3768,test,2455.531496482722,1.0,1.0,"(1, 2)",6122f332c9f0e8bb1209dc7d
103.79733686634414,39.99766893490247,3769,test,2456.78147701753,1.0,1.0,"(1, 2)",6122f332c9f0e8bb1209dc7d
102.54733687995359,39.997853385697375,3770,test,2458.0314770175296,1.0,1.0,"(1, 2)",6122f332c9f0e8bb1209dc7d
101.29733689356304,39.99803783649228,3771,test,2459.281477017529,1.0,1.0,"(1, 2)",6122f332c9f0e8bb1209dc7d
100.0473369071725,39.998222287287184,3772,test,2460.5314770175287,1.0,1.0,"(1, 2)",6122f332c9f0e8bb1209dc7d
98.79733692078194,39.99840673808209,3773,test,2461.7814770175282,1.0,1.0,"(1, 2)",6122f332c9f0e8bb1209dc7d
97.5473369343914,39.99859118887699,3774,test,2463.031477017528,1.0,1.0,"(1, 2)",6122f332c9f0e8bb1209dc7d
96.29733694800085,39.9987756396719,3775,test,2464.2814770175273,1.0,1.0,"(1, 2)",6122f332c9f0e8bb1209dc7d
95.0473369616103,39.9989600904668,3776,test,2465.531477017527,1.0,1.0,"(1, 2)",6122f332c9f0e8bb1209dc7d
93.79733697521975,39.99914454126161,3777,test,2466.7814770175264,1.0,1.0,"(1, 2)",6122f332c9f0e8bb1209dc7d
92.5473369888292,39.99932899205616,3778,test,2468.031477017526,1.0,1.0,"(1, 2)",6122f332c9f0e8bb1209dc7d
91.29733700243865,39.999513442850706,3779,test,2469.2814770175255,1.0,1.0,"(1, 2)",6122f332c9f0e8bb1209dc7d
90.0473370160481,39.999697893645255,3780,test,2470.531477017525,1.0,1.0,"(1, 2)",6122f332c9f0e8bb1209dc7d
88.79733702965756,39.999882344439804,3781,test,2471.7814770175246,1.0,1.0,"(1, 2)",6122f332c9f0e8bb1209dc7d
87.54733703619142,39.99997204937522,3782,test,2473.0314770142095,1.0,1.0,"(1, 2)",6122f332c9f0e8bb1209dc7d
86.29733703619398,39.99997429659456,3783,test,2474.281477014209,1.0,1.0,"(1, 2)",6122f332c9f0e8bb1209dc7d
85.04733703619654,39.99997654381421,3784,test,2475.5314770142086,1.0,1.0,"(1, 2)",6122f332c9f0e8bb1209dc7d
83.7973370361991,39.99997879103387,3785,test,2476.781477014208,1.0,1.0,"(1, 2)",6122f332c9f0e8bb1209dc7d
82.54733703620165,39.99998103825352,3786,test,2478.0314770142077,1.0,1.0,"(1, 2)",6122f332c9f0e8bb1209dc7d
81.29733703620421,39.99998328547318,3787,test,2479.281477014207,1.0,1.0,"(1, 2)",6122f332c9f0e8bb1209dc7d
80.04733703620677,39.99998553269283,3788,test,2480.5314770142068,1.0,1.0,"(1, 2)",6122f332c9f0e8bb1209dc7d
78.79733703620933,39.99998777991249,3789,test,2481.7814770142063,1.0,1.0,"(1, 2)",6122f332c9f0e8bb1209dc7d
77.54733703621189,39.99999002713214,3790,test,2483.031477014206,1.0,1.0,"(1, 2)",6122f332c9f0e8bb1209dc7d
76.29733703621444,39.9999922743518,3791,test,2484.2814770142054,1.0,1.0,"(1, 2)",6122f332c9f0e8bb1209dc7d
75.047337036217,39.99999452157145,3792,test,2485.531477014205,1.0,1.0,"(1, 2)",6122f332c9f0e8bb1209dc7d
73.79733703621956,39.99999676879111,3793,test,2486.7814770142045,1.0,1.0,"(1, 2)",6122f332c9f0e8bb1209dc7d
72.54733703622212,39.99999901601076,3794,test,2488.031477014204,1.0,1.0,"(1, 2)",6122f332c9f0e8bb1209dc7d
71.55705250305924,40.632483413080365,3795,test,2489.2065089155403,1.0,1.0,"(1, 2)",6122f332c9f0e8bb1209dc7d
70.66776842922091,41.51093309064717,3796,test,2490.4565089155403,1.0,1.0,"(1, 2)",6122f332c9f0e8bb1209dc7d
69.77848435538259,42.38938276821398,3797,test,2491.7065089155403,1.0,1.0,"(1, 2)",6122f332c9f0e8bb1209dc7d
68.88920028154426,43.26783244578078,3798,test,2492.9565089155403,1.0,1.0,"(1, 2)",6122f332c9f0e8bb1209dc7d
67.99991620770594,44.14628212334759,3799,test,2494.2065089155403,1.0,1.0,"(1, 2)",6122f332c9f0e8bb1209dc7d
67.11063213386761,45.024731800914395,3800,test,2495.4565089155403,1.0,1.0,"(1, 2)",6122f332c9f0e8bb1209dc7d
66.22134806002929,45.9031814784812,3801,test,2496.7065089155403,1.0,1.0,"(1, 2)",6122f332c9f0e8bb1209dc7d
65.33206398619096,46.78163115604774,3802,test,2497.95650891554,1.0,1.0,"(1, 2)",6122f332c9f0e8bb1209dc7d
64.44277991235263,47.66008083361383,3803,test,2499.2065089155394,1.0,1.0,"(1, 2)",6122f332c9f0e8bb1209dc7d
63.553495838513946,48.53853051117993,3804,test,2500.456508915539,1.0,1.0,"(1, 2)",6122f332c9f0e8bb1209dc7d
62.66421176467491,49.41698018874657,3805,test,2501.7065089155394,1.0,1.0,"(1, 2)",6122f332c9f0e8bb1209dc7d
61.774927690835874,50.29542986631321,3806,test,2502.95650891554,1.0,1.0,"(1, 2)",6122f332c9f0e8bb1209dc7d
60.88564361699684,51.17387954387986,3807,test,2504.2065089155403,1.0,1.0,"(1, 2)",6122f332c9f0e8bb1209dc7d
59.9963595431578,52.05232922144651,3808,test,2505.456508915541,1.0,1.0,"(1, 2)",6122f332c9f0e8bb1209dc7d
59.107075469318765,52.93077889901316,3809,test,2506.7065089155412,1.0,1.0,"(1, 2)",6122f332c9f0e8bb1209dc7d
58.21779139547973,53.809228576579805,3810,test,2507.9565089155417,1.0,1.0,"(1, 2)",6122f332c9f0e8bb1209dc7d
57.32850732164069,54.687678254146455,3811,test,2509.206508915542,1.0,1.0,"(1, 2)",6122f332c9f0e8bb1209dc7d
56.43922324780166,55.5661279317131,3812,test,2510.4565089155426,1.0,1.0,"(1, 2)",6122f332c9f0e8bb1209dc7d
56.18789943411698,56.715740397590366,3813,test,2511.6332724776166,1.0,1.0,"(1, 2)",6122f332c9f0e8bb1209dc7d
56.172533524872954,57.965645949555125,3814,test,2512.883272477616,1.0,1.0,"(1, 2)",6122f332c9f0e8bb1209dc7d
56.15716761562893,59.21555150151988,3815,test,2514.1332724776157,1.0,1.0,"(1, 2)",6122f332c9f0e8bb1209dc7d
56.1418017063849,60.46545705348464,3816,test,2515.3832724776153,1.0,1.0,"(1, 2)",6122f332c9f0e8bb1209dc7d
56.12643579714088,61.7153626054494,3817,test,2516.633272477615,1.0,1.0,"(1, 2)",6122f332c9f0e8bb1209dc7d
56.11106988789685,62.96526815741416,3818,test,2517.8832724776144,1.0,1.0,"(1, 2)",6122f332c9f0e8bb1209dc7d
56.09570397865283,64.21517370937904,3819,test,2519.1332724776144,1.0,1.0,"(1, 2)",6122f332c9f0e8bb1209dc7d
56.0803380694088,65.46507926134451,3820,test,2520.383272477615,1.0,1.0,"(1, 2)",6122f332c9f0e8bb1209dc7d
56.06497216016478,66.71498481330998,3821,test,2521.6332724776153,1.0,1.0,"(1, 2)",6122f332c9f0e8bb1209dc7d
56.04960625092075,67.96489036527545,3822,test,2522.8832724776157,1.0,1.0,"(1, 2)",6122f332c9f0e8bb1209dc7d
56.03424034167659,69.21479591724092,3823,test,2524.133272477616,1.0,1.0,"(1, 2)",6122f332c9f0e8bb1209dc7d
56.018874432432206,70.46470146920639,3824,test,2525.3832724776166,1.0,1.0,"(1, 2)",6122f332c9f0e8bb1209dc7d
56.00350852318782,71.71460702117186,3825,test,2526.633272477617,1.0,1.0,"(1, 2)",6122f332c9f0e8bb1209dc7d
56.0,72.0,3826,test,2526.9186870219196,1.0,1.0,"(1, 2)",6122f332c9f0e8bb1209dc7d
56.0,72.0,3827,test,2526.9186870219196,1.0,1.0,"(1, 2)",6122f332c9f0e8bb1209dc7d
56.0,72.0,3828,test,2526.9186870219196,1.0,1.0,"(1, 2)",6122f332c9f0e8bb1209dc7d
56.0,72.0,3829,test,2526.9186870219196,1.0,1.0,"(1, 2)",6122f332c9f0e8bb1209dc7d
56.0,72.0,3830,test,2526.9186870219196,1.0,1.0,"(1, 2)",6122f332c9f0e8bb1209dc7d
56.0,72.0,3831,test,2526.9186870219196,1.0,1.0,"(1, 2)",6122f332c9f0e8bb1209dc7d
56.0,72.0,3832,test,2526.9186870219196,1.0,1.0,"(1, 2)",6122f332c9f0e8bb1209dc7d
56.0,72.0,3833,test,2526.9186870219196,1.0,1.0,"(1, 2)",6122f332c9f0e8bb1209dc7d
56.0,72.0,3834,test,2526.9186870219196,1.0,1.0,"(1, 2)",6122f332c9f0e8bb1209dc7d
56.0,72.0,3835,test,2526.9186870219196,1.0,1.0,"(1, 2)",6122f332c9f0e8bb1209dc7d
56.0,72.0,3836,test,2526.9186870219196,1.0,1.0,"(1, 2)",6122f332c9f0e8bb1209dc7d
56.0,72.0,3837,test,2526.9186870219196,1.0,1.0,"(1, 2)",6122f332c9f0e8bb1209dc7d
56.0,72.0,3838,test,2526.9186870219196,1.0,1.0,"(1, 2)",6122f332c9f0e8bb1209dc7d
56.0,72.0,3839,test,2526.9186870219196,1.0,1.0,"(1, 2)",6122f332c9f0e8bb1209dc7d
56.0,72.0,3840,test,2526.9186870219196,1.0,1.0,"(1, 2)",6122f332c9f0e8bb1209dc7d
56.0,72.0,3841,test,2526.9186870219196,1.0,1.0,"(1, 2)",6122f332c9f0e8bb1209dc7d
56.0,72.0,3842,test,2526.9186870219196,1.0,1.0,"(1, 2)",6122f332c9f0e8bb1209dc7d
56.0,72.0,3843,test,2526.9186870219196,1.0,1.0,"(1, 2)",6122f332c9f0e8bb1209dc7d
56.0,72.0,3844,test,2526.9186870219196,1.0,1.0,"(1, 2)",6122f332c9f0e8bb1209dc7d
56.0,72.0,3845,test,2526.9186870219196,1.0,1.0,"(1, 2)",6122f332c9f0e8bb1209dc7d
56.0,72.0,3846,test,2526.9186870219196,1.0,1.0,"(1, 2)",6122f332c9f0e8bb1209dc7d
56.0,72.0,3847,test,2526.9186870219196,1.0,1.0,"(1, 2)",6122f332c9f0e8bb1209dc7d
56.0,72.0,3848,test,2526.9186870219196,1.0,1.0,"(1, 2)",6122f332c9f0e8bb1209dc7d
56.0,72.0,3849,test,2526.9186870219196,1.0,1.0,"(1, 2)",6122f332c9f0e8bb1209dc7d
56.0,72.0,3850,test,2526.9186870219196,1.0,1.0,"(1, 2)",6122f332c9f0e8bb1209dc7d
56.0,72.0,3851,test,2526.9186870219196,1.0,1.0,"(1, 2)",6122f332c9f0e8bb1209dc7d
56.0,72.0,3852,test,2526.9186870219196,1.0,1.0,"(1, 2)",6122f332c9f0e8bb1209dc7d
56.0,72.0,3853,test,2526.9186870219196,1.0,1.0,"(1, 2)",6122f332c9f0e8bb1209dc7d
56.0,72.0,3854,test,2526.9186870219196,1.0,1.0,"(1, 2)",6122f332c9f0e8bb1209dc7d
56.0,72.0,3855,test,2526.9186870219196,1.0,1.0,"(1, 2)",6122f332c9f0e8bb1209dc7d
56.0,72.0,3856,test,2526.9186870219196,1.0,1.0,"(1, 2)",6122f332c9f0e8bb1209dc7d
56.0,72.0,3857,test,2526.9186870219196,1.0,1.0,"(1, 2)",6122f332c9f0e8bb1209dc7d
56.0,72.0,3858,test,2526.9186870219196,1.0,1.0,"(1, 2)",6122f332c9f0e8bb1209dc7d
56.0,72.0,3859,test,2526.9186870219196,1.0,1.0,"(1, 2)",6122f332c9f0e8bb1209dc7d
56.0,72.0,3860,test,2526.9186870219196,1.0,1.0,"(1, 2)",6122f332c9f0e8bb1209dc7d
56.0,72.0,3861,test,2526.9186870219196,1.0,1.0,"(1, 2)",6122f332c9f0e8bb1209dc7d
56.0,72.0,3862,test,2526.9186870219196,1.0,1.0,"(1, 2)",6122f332c9f0e8bb1209dc7d
56.0,72.0,3863,test,2526.9186870219196,1.0,1.0,"(1, 2)",6122f332c9f0e8bb1209dc7d
56.0,72.0,3864,test,2526.9186870219196,1.0,1.0,"(1, 2)",6122f332c9f0e8bb1209dc7d
56.0,72.0,3865,test,2526.9186870219196,1.0,1.0,"(1, 2)",6122f332c9f0e8bb1209dc7d
56.0,72.0,3866,test,2526.9186870219196,1.0,1.0,"(1, 2)",6122f332c9f0e8bb1209dc7d
56.0,72.0,3867,test,2526.9186870219196,1.0,1.0,"(1, 2)",6122f332c9f0e8bb1209dc7d
56.0,72.0,3868,test,2526.9186870219196,1.0,1.0,"(1, 2)",6122f332c9f0e8bb1209dc7d
56.0,72.0,3869,test,2526.9186870219196,1.0,1.0,"(1, 2)",6122f332c9f0e8bb1209dc7d
56.0,72.0,3870,test,2526.9186870219196,1.0,1.0,"(1, 2)",6122f332c9f0e8bb1209dc7d
56.0,72.0,3871,test,2526.9186870219196,1.0,1.0,"(1, 2)",6122f332c9f0e8bb1209dc7d
56.0,73.25000000000028,3872,test,2528.16868702192,1.0,1.0,"(1, 2)",6122f332c9f0e8bb1209dc7d
56.0,74.50000000000057,3873,test,2529.4186870219205,1.0,1.0,"(1, 2)",6122f332c9f0e8bb1209dc7d
56.0,75.75000000000085,3874,test,2530.668687021921,1.0,1.0,"(1, 2)",6122f332c9f0e8bb1209dc7d
56.0,77.00000000000114,3875,test,2531.9186870219214,1.0,1.0,"(1, 2)",6122f332c9f0e8bb1209dc7d
56.0,78.25000000000142,3876,test,2533.168687021922,1.0,1.0,"(1, 2)",6122f332c9f0e8bb1209dc7d
56.0,79.5000000000017,3877,test,2534.4186870219223,1.0,1.0,"(1, 2)",6122f332c9f0e8bb1209dc7d
56.0,80.75000000000199,3878,test,2535.668687021923,1.0,1.0,"(1, 2)",6122f332c9f0e8bb1209dc7d
56.0,82.00000000000227,3879,test,2536.9186870219232,1.0,1.0,"(1, 2)",6122f332c9f0e8bb1209dc7d
56.0,83.25000000000256,3880,test,2538.1686870219237,1.0,1.0,"(1, 2)",6122f332c9f0e8bb1209dc7d
56.0,84.50000000000284,3881,test,2539.418687021924,1.0,1.0,"(1, 2)",6122f332c9f0e8bb1209dc7d
56.0,85.75000000000313,3882,test,2540.6686870219246,1.0,1.0,"(1, 2)",6122f332c9f0e8bb1209dc7d
56.0,87.00000000000341,3883,test,2541.918687021925,1.0,1.0,"(1, 2)",6122f332c9f0e8bb1209dc7d
56.0,88.0,3884,test,2542.918687021922,1.0,1.0,"(1, 2)",6122f332c9f0e8bb1209dc7d
56.0,88.0,3885,test,2542.918687021922,1.0,1.0,"(1, 2)",6122f332c9f0e8bb1209dc7d
56.0,88.0,3886,test,2542.918687021922,1.0,1.0,"(1, 2)",6122f332c9f0e8bb1209dc7d
56.0,88.0,3887,test,2542.918687021922,1.0,1.0,"(1, 2)",6122f332c9f0e8bb1209dc7d
56.0,88.0,3888,test,2542.918687021922,1.0,1.0,"(1, 2)",6122f332c9f0e8bb1209dc7d
56.0,88.0,3889,test,2542.918687021922,1.0,1.0,"(1, 2)",6122f332c9f0e8bb1209dc7d
56.0,88.0,3890,test,2542.918687021922,1.0,1.0,"(1, 2)",6122f332c9f0e8bb1209dc7d
56.0,88.0,3891,test,2542.918687021922,1.0,1.0,"(1, 2)",6122f332c9f0e8bb1209dc7d
56.0,88.0,3892,test,2542.918687021922,1.0,1.0,"(1, 2)",6122f332c9f0e8bb1209dc7d
56.0,88.0,3893,test,2542.918687021922,1.0,1.0,"(1, 2)",6122f332c9f0e8bb1209dc7d
56.0,88.0,3894,test,2542.918687021922,1.0,1.0,"(1, 2)",6122f332c9f0e8bb1209dc7d
56.0,88.0,3895,test,2542.918687021922,1.0,1.0,"(1, 2)",6122f332c9f0e8bb1209dc7d
56.0,88.0,3896,test,2542.918687021922,1.0,1.0,"(1, 2)",6122f332c9f0e8bb1209dc7d
56.0,88.0,3897,test,2542.918687021922,1.0,1.0,"(1, 2)",6122f332c9f0e8bb1209dc7d
56.0,88.0,3898,test,2542.918687021922,1.0,1.0,"(1, 2)",6122f332c9f0e8bb1209dc7d
56.0,88.0,3899,test,2542.918687021922,1.0,1.0,"(1, 2)",6122f332c9f0e8bb1209dc7d
56.0,88.0,3900,test,2542.918687021922,1.0,1.0,"(1, 2)",6122f332c9f0e8bb1209dc7d
56.0,88.0,3901,test,2542.918687021922,1.0,1.0,"(1, 2)",6122f332c9f0e8bb1209dc7d
56.0,88.0,3902,test,2542.918687021922,1.0,1.0,"(1, 2)",6122f332c9f0e8bb1209dc7d
56.0,88.0,3903,test,2542.918687021922,1.0,1.0,"(1, 2)",6122f332c9f0e8bb1209dc7d
56.0,88.0,3904,test,2542.918687021922,1.0,1.0,"(1, 2)",6122f332c9f0e8bb1209dc7d
56.0,88.0,3905,test,2542.918687021922,1.0,1.0,"(1, 2)",6122f332c9f0e8bb1209dc7d
56.0,88.0,3906,test,2542.918687021922,1.0,1.0,"(1, 2)",6122f332c9f0e8bb1209dc7d
56.0,88.0,3907,test,2542.918687021922,1.0,1.0,"(1, 2)",6122f332c9f0e8bb1209dc7d
56.0,88.0,3908,test,2542.918687021922,1.0,1.0,"(1, 2)",6122f332c9f0e8bb1209dc7d
56.0,88.0,3909,test,2542.918687021922,1.0,1.0,"(1, 2)",6122f332c9f0e8bb1209dc7d
56.0,88.0,3910,test,2542.918687021922,1.0,1.0,"(1, 2)",6122f332c9f0e8bb1209dc7d
56.0,88.0,3911,test,2542.918687021922,1.0,1.0,"(1, 2)",6122f332c9f0e8bb1209dc7d
56.0,88.0,3912,test,2542.918687021922,1.0,1.0,"(1, 2)",6122f332c9f0e8bb1209dc7d
56.0,88.0,3913,test,2542.918687021922,1.0,1.0,"(1, 2)",6122f332c9f0e8bb1209dc7d
56.0,88.0,3914,test,2542.918687021922,1.0,1.0,"(1, 2)",6122f332c9f0e8bb1209dc7d
56.0,88.0,3915,test,2542.918687021922,1.0,1.0,"(1, 2)",6122f332c9f0e8bb1209dc7d
56.0,88.0,3916,test,2542.918687021922,1.0,1.0,"(1, 2)",6122f332c9f0e8bb1209dc7d
56.0,88.0,3917,test,2542.918687021922,1.0,1.0,"(1, 2)",6122f332c9f0e8bb1209dc7d
56.0,88.0,3918,test,2542.918687021922,1.0,1.0,"(1, 2)",6122f332c9f0e8bb1209dc7d
56.0,88.0,3919,test,2542.918687021922,1.0,1.0,"(1, 2)",6122f332c9f0e8bb1209dc7d
56.0,88.0,3920,test,2542.918687021922,1.0,1.0,"(1, 2)",6122f332c9f0e8bb1209dc7d
56.0,88.0,3921,test,2542.918687021922,1.0,1.0,"(1, 2)",6122f332c9f0e8bb1209dc7d
56.0,88.0,3922,test,2542.918687021922,1.0,1.0,"(1, 2)",6122f332c9f0e8bb1209dc7d
56.0,88.0,3923,test,2542.918687021922,1.0,1.0,"(1, 2)",6122f332c9f0e8bb1209dc7d
56.0,88.0,3924,test,2542.918687021922,1.0,1.0,"(1, 2)",6122f332c9f0e8bb1209dc7d
56.0,88.0,3925,test,2542.918687021922,1.0,1.0,"(1, 2)",6122f332c9f0e8bb1209dc7d
56.0,88.0,3926,test,2542.918687021922,1.0,1.0,"(1, 2)",6122f332c9f0e8bb1209dc7d
56.0,88.0,3927,test,2542.918687021922,1.0,1.0,"(1, 2)",6122f332c9f0e8bb1209dc7d
56.0,88.0,3928,test,2542.918687021922,1.0,1.0,"(1, 2)",6122f332c9f0e8bb1209dc7d
56.0,88.0,3929,test,2542.918687021922,1.0,1.0,"(1, 2)",6122f332c9f0e8bb1209dc7d
56.0,88.0,3930,test,2542.918687021922,1.0,1.0,"(1, 2)",6122f332c9f0e8bb1209dc7d
56.0,88.0,3931,test,2542.918687021922,1.0,1.0,"(1, 2)",6122f332c9f0e8bb1209dc7d
56.0,88.0,3932,test,2542.918687021922,1.0,1.0,"(1, 2)",6122f332c9f0e8bb1209dc7d
56.0,88.0,3933,test,2542.918687021922,1.0,1.0,"(1, 2)",6122f332c9f0e8bb1209dc7d
56.0,88.0,3934,test,2542.918687021922,1.0,1.0,"(1, 2)",6122f332c9f0e8bb1209dc7d
56.0,88.0,3935,test,2542.918687021922,1.0,1.0,"(1, 2)",6122f332c9f0e8bb1209dc7d
56.0,88.0,3936,test,2542.918687021922,1.0,1.0,"(1, 2)",6122f332c9f0e8bb1209dc7d
56.0,88.0,3937,test,2542.918687021922,1.0,1.0,"(1, 2)",6122f332c9f0e8bb1209dc7d
56.0,88.0,3938,test,2542.918687021922,1.0,1.0,"(1, 2)",6122f332c9f0e8bb1209dc7d
56.0,88.0,3939,test,2542.918687021922,1.0,1.0,"(1, 2)",6122f332c9f0e8bb1209dc7d
56.0,88.0,3940,test,2542.918687021922,1.0,1.0,"(1, 2)",6122f332c9f0e8bb1209dc7d
56.0,88.0,3941,test,2542.918687021922,1.0,1.0,"(1, 2)",6122f332c9f0e8bb1209dc7d
56.0,88.0,3942,test,2542.918687021922,1.0,1.0,"(1, 2)",6122f332c9f0e8bb1209dc7d
56.0,88.0,3943,test,2542.918687021922,1.0,1.0,"(1, 2)",6122f332c9f0e8bb1209dc7d
56.0,88.0,3944,test,2542.918687021922,1.0,1.0,"(1, 2)",6122f332c9f0e8bb1209dc7d
56.0,88.0,3945,test,2542.918687021922,1.0,1.0,"(1, 2)",6122f332c9f0e8bb1209dc7d
56.0,88.0,3946,test,2542.918687021922,1.0,1.0,"(1, 2)",6122f332c9f0e8bb1209dc7d
56.0,88.0,3947,test,2542.918687021922,1.0,1.0,"(1, 2)",6122f332c9f0e8bb1209dc7d
56.0,88.0,3948,test,2542.918687021922,1.0,1.0,"(1, 2)",6122f332c9f0e8bb1209dc7d
56.0,88.0,3949,test,2542.918687021922,1.0,1.0,"(1, 2)",6122f332c9f0e8bb1209dc7d
56.0,88.0,3950,test,2542.918687021922,1.0,1.0,"(1, 2)",6122f332c9f0e8bb1209dc7d
56.0,88.0,3951,test,2542.918687021922,1.0,1.0,"(1, 2)",6122f332c9f0e8bb1209dc7d
56.0,88.0,3952,test,2542.918687021922,1.0,1.0,"(1, 2)",6122f332c9f0e8bb1209dc7d
56.0,88.0,3953,test,2542.918687021922,1.0,1.0,"(1, 2)",6122f332c9f0e8bb1209dc7d
56.0,88.0,3954,test,2542.918687021922,1.0,1.0,"(1, 2)",6122f332c9f0e8bb1209dc7d
56.0,88.0,3955,test,2542.918687021922,1.0,1.0,"(1, 2)",6122f332c9f0e8bb1209dc7d
56.0,88.0,3956,test,2542.918687021922,1.0,1.0,"(1, 2)",6122f332c9f0e8bb1209dc7d
56.0,88.0,3957,test,2542.918687021922,1.0,1.0,"(1, 2)",6122f332c9f0e8bb1209dc7d
56.0,86.74999999999972,3958,test,2544.1686870219223,1.0,1.0,"(1, 2)",6122f332c9f0e8bb1209dc7d
56.0,85.49999999999943,3959,test,2545.418687021923,1.0,1.0,"(1, 2)",6122f332c9f0e8bb1209dc7d
56.0,84.24999999999915,3960,test,2546.6686870219232,1.0,1.0,"(1, 2)",6122f332c9f0e8bb1209dc7d
56.0,82.99999999999886,3961,test,2547.9186870219237,1.0,1.0,"(1, 2)",6122f332c9f0e8bb1209dc7d
56.0,81.74999999999858,3962,test,2549.168687021924,1.0,1.0,"(1, 2)",6122f332c9f0e8bb1209dc7d
56.0,80.4999999999983,3963,test,2550.4186870219246,1.0,1.0,"(1, 2)",6122f332c9f0e8bb1209dc7d
56.0,79.24999999999801,3964,test,2551.668687021925,1.0,1.0,"(1, 2)",6122f332c9f0e8bb1209dc7d
56.0,77.99999999999773,3965,test,2552.9186870219255,1.0,1.0,"(1, 2)",6122f332c9f0e8bb1209dc7d
56.0,76.74999999999744,3966,test,2554.168687021926,1.0,1.0,"(1, 2)",6122f332c9f0e8bb1209dc7d
56.0,75.49999999999716,3967,test,2555.4186870219264,1.0,1.0,"(1, 2)",6122f332c9f0e8bb1209dc7d
56.0,74.24999999999687,3968,test,2556.668687021927,1.0,1.0,"(1, 2)",6122f332c9f0e8bb1209dc7d
56.0,72.99999999999659,3969,test,2557.9186870219273,1.0,1.0,"(1, 2)",6122f332c9f0e8bb1209dc7d
56.0,71.7499999999963,3970,test,2559.168687021928,1.0,1.0,"(1, 2)",6122f332c9f0e8bb1209dc7d
56.0,70.49999999999602,3971,test,2560.4186870219282,1.0,1.0,"(1, 2)",6122f332c9f0e8bb1209dc7d
56.0,69.24999999999574,3972,test,2561.6686870219287,1.0,1.0,"(1, 2)",6122f332c9f0e8bb1209dc7d
56.0,67.99999999999545,3973,test,2562.918687021929,1.0,1.0,"(1, 2)",6122f332c9f0e8bb1209dc7d
56.0,66.74999999999517,3974,test,2564.1686870219296,1.0,1.0,"(1, 2)",6122f332c9f0e8bb1209dc7d
56.0,65.49999999999488,3975,test,2565.41868702193,1.0,1.0,"(1, 2)",6122f332c9f0e8bb1209dc7d
56.0,64.2499999999946,3976,test,2566.6686870219305,1.0,1.0,"(1, 2)",6122f332c9f0e8bb1209dc7d
56.0,62.999999999994316,3977,test,2567.918687021931,1.0,1.0,"(1, 2)",6122f332c9f0e8bb1209dc7d
56.0,61.74999999999403,3978,test,2569.1686870219314,1.0,1.0,"(1, 2)",6122f332c9f0e8bb1209dc7d
56.0,60.49999999999375,3979,test,2570.418687021932,1.0,1.0,"(1, 2)",6122f332c9f0e8bb1209dc7d
56.0,59.24999999999346,3980,test,2571.6686870219323,1.0,1.0,"(1, 2)",6122f332c9f0e8bb1209dc7d
56.0,57.99999999999318,3981,test,2572.918687021933,1.0,1.0,"(1, 2)",6122f332c9f0e8bb1209dc7d
56.0,56.749999999992895,3982,test,2574.1686870219332,1.0,1.0,"(1, 2)",6122f332c9f0e8bb1209dc7d
56.49189088134284,55.70196048263347,3983,test,2575.32641905876,1.0,1.0,"(1, 2)",6122f332c9f0e8bb1209dc7d
57.37026745516934,54.81260420163471,3984,test,2576.5764190587597,1.0,1.0,"(1, 2)",6122f332c9f0e8bb1209dc7d
58.24864402899584,53.92324792063596,3985,test,2577.8264190587593,1.0,1.0,"(1, 2)",6122f332c9f0e8bb1209dc7d
59.12702060282234,53.033891639637005,3986,test,2579.0764190587593,1.0,1.0,"(1, 2)",6122f332c9f0e8bb1209dc7d
60.00539717664884,52.14453535863804,3987,test,2580.3264190587593,1.0,1.0,"(1, 2)",6122f332c9f0e8bb1209dc7d
60.88377375047534,51.25517907763907,3988,test,2581.5764190587593,1.0,1.0,"(1, 2)",6122f332c9f0e8bb1209dc7d
61.76215032430184,50.36582279664011,3989,test,2582.8264190587593,1.0,1.0,"(1, 2)",6122f332c9f0e8bb1209dc7d
62.64052689812834,49.47646651564114,3990,test,2584.0764190587593,1.0,1.0,"(1, 2)",6122f332c9f0e8bb1209dc7d
63.51890347195484,48.587110234642175,3991,test,2585.3264190587593,1.0,1.0,"(1, 2)",6122f332c9f0e8bb1209dc7d
64.39728004578167,47.69775395364299,3992,test,2586.5764190587593,1.0,1.0,"(1, 2)",6122f332c9f0e8bb1209dc7d
65.27565661960888,46.80839767264352,3993,test,2587.8264190587597,1.0,1.0,"(1, 2)",6122f332c9f0e8bb1209dc7d
66.15403319343609,45.91904139164406,3994,test,2589.07641905876,1.0,1.0,"(1, 2)",6122f332c9f0e8bb1209dc7d
67.0324097672633,45.02968511064459,3995,test,2590.3264190587606,1.0,1.0,"(1, 2)",6122f332c9f0e8bb1209dc7d
67.91078634109051,44.14032882964513,3996,test,2591.576419058761,1.0,1.0,"(1, 2)",6122f332c9f0e8bb1209dc7d
68.78916291491757,43.25097254864566,3997,test,2592.8264190587615,1.0,1.0,"(1, 2)",6122f332c9f0e8bb1209dc7d
69.66753948874428,42.3616162676462,3998,test,2594.076419058762,1.0,1.0,"(1, 2)",6122f332c9f0e8bb1209dc7d
70.545916062571,41.47225998664673,3999,test,2595.3264190587624,1.0,1.0,"(1, 2)",6122f332c9f0e8bb1209dc7d
71.42429263639771,40.58290370564727,4000,test,2596.576419058763,1.0,1.0,"(1, 2)",6122f332c9f0e8bb1209dc7d
72.30571691873634,39.69657604084226,4001,test,2597.8264132567074,1.0,1.0,"(1, 2)",6122f332c9f0e8bb1209dc7d
73.18953582919148,38.812628003046726,4002,test,2599.076413256708,1.0,1.0,"(1, 2)",6122f332c9f0e8bb1209dc7d
74.07335473964663,37.92867996525099,4003,test,2600.3264132567083,1.0,1.0,"(1, 2)",6122f332c9f0e8bb1209dc7d
74.95717365010178,37.04473192745526,4004,test,2601.5764132567087,1.0,1.0,"(1, 2)",6122f332c9f0e8bb1209dc7d
75.84099256055693,36.16078388965953,4005,test,2602.826413256709,1.0,1.0,"(1, 2)",6122f332c9f0e8bb1209dc7d
76.72481147101207,35.2768358518638,4006,test,2604.0764132567097,1.0,1.0,"(1, 2)",6122f332c9f0e8bb1209dc7d
77.60863038146722,34.39288781406807,4007,test,2605.32641325671,1.0,1.0,"(1, 2)",6122f332c9f0e8bb1209dc7d
78.49244929192237,33.508939776272335,4008,test,2606.5764132567106,1.0,1.0,"(1, 2)",6122f332c9f0e8bb1209dc7d
79.37626820237752,32.62499173847661,4009,test,2607.826413256711,1.0,1.0,"(1, 2)",6122f332c9f0e8bb1209dc7d
80.26008711283266,31.74104370068097,4010,test,2609.0764132567115,1.0,1.0,"(1, 2)",6122f332c9f0e8bb1209dc7d
81.14390602328781,30.857095662885534,4011,test,2610.3264132567115,1.0,1.0,"(1, 2)",6122f332c9f0e8bb1209dc7d
82.02772493374296,29.9731476250901,4012,test,2611.5764132567115,1.0,1.0,"(1, 2)",6122f332c9f0e8bb1209dc7d
82.9115438441981,29.089199587294665,4013,test,2612.8264132567115,1.0,1.0,"(1, 2)",6122f332c9f0e8bb1209dc7d
83.79536275465325,28.20525154949923,4014,test,2614.0764132567115,1.0,1.0,"(1, 2)",6122f332c9f0e8bb1209dc7d
84.6791816651084,27.321303511703668,4015,test,2615.326413256712,1.0,1.0,"(1, 2)",6122f332c9f0e8bb1209dc7d
85.56300057556355,26.43735547390788,4016,test,2616.5764132567124,1.0,1.0,"(1, 2)",6122f332c9f0e8bb1209dc7d
86.4468194860187,25.55340743611209,4017,test,2617.826413256713,1.0,1.0,"(1, 2)",6122f332c9f0e8bb1209dc7d
87.3306383964732,24.6694593983163,4018,test,2619.076413256713,1.0,1.0,"(1, 2)",6122f332c9f0e8bb1209dc7d
88.0,24.0,4019,test,2620.023102668437,1.0,1.0,"(1, 2)",6122f332c9f0e8bb1209dc7d
88.0,24.0,4020,test,2620.023102668437,1.0,1.0,"(1, 2)",6122f332c9f0e8bb1209dc7d
88.0,24.0,4021,test,2620.023102668437,1.0,1.0,"(1, 2)",6122f332c9f0e8bb1209dc7d
88.0,24.0,4022,test,2620.023102668437,1.0,1.0,"(1, 2)",6122f332c9f0e8bb1209dc7d
88.0,24.0,4023,test,2620.023102668437,1.0,1.0,"(1, 2)",6122f332c9f0e8bb1209dc7d
88.0,24.0,4024,test,2620.023102668437,1.0,1.0,"(1, 2)",6122f332c9f0e8bb1209dc7d
88.0,24.0,4025,test,2620.023102668437,1.0,1.0,"(1, 2)",6122f332c9f0e8bb1209dc7d
88.0,24.0,4026,test,2620.023102668437,1.0,1.0,"(1, 2)",6122f332c9f0e8bb1209dc7d
88.0,24.0,4027,test,2620.023102668437,1.0,1.0,"(1, 2)",6122f332c9f0e8bb1209dc7d
88.0,24.0,4028,test,2620.023102668437,1.0,1.0,"(1, 2)",6122f332c9f0e8bb1209dc7d
88.0,24.0,4029,test,2620.023102668437,1.0,1.0,"(1, 2)",6122f332c9f0e8bb1209dc7d
88.0,24.0,4030,test,2620.023102668437,1.0,1.0,"(1, 2)",6122f332c9f0e8bb1209dc7d
88.0,24.0,4031,test,2620.023102668437,1.0,1.0,"(1, 2)",6122f332c9f0e8bb1209dc7d
88.0,24.0,4032,test,2620.023102668437,1.0,1.0,"(1, 2)",6122f332c9f0e8bb1209dc7d
88.0,24.0,4033,test,2620.023102668437,1.0,1.0,"(1, 2)",6122f332c9f0e8bb1209dc7d
88.0,24.0,4034,test,2620.023102668437,1.0,1.0,"(1, 2)",6122f332c9f0e8bb1209dc7d
88.0,24.0,4035,test,2620.023102668437,1.0,1.0,"(1, 2)",6122f332c9f0e8bb1209dc7d
88.0,24.0,4036,test,2620.023102668437,1.0,1.0,"(1, 2)",6122f332c9f0e8bb1209dc7d
88.0,24.0,4037,test,2620.023102668437,1.0,1.0,"(1, 2)",6122f332c9f0e8bb1209dc7d
88.0,24.0,4038,test,2620.023102668437,1.0,1.0,"(1, 2)",6122f332c9f0e8bb1209dc7d
88.0,24.0,4039,test,2620.023102668437,1.0,1.0,"(1, 2)",6122f332c9f0e8bb1209dc7d
88.0,24.0,4040,test,2620.023102668437,1.0,1.0,"(1, 2)",6122f332c9f0e8bb1209dc7d
88.0,24.0,4041,test,2620.023102668437,1.0,1.0,"(1, 2)",6122f332c9f0e8bb1209dc7d
88.0,24.0,4042,test,2620.023102668437,1.0,1.0,"(1, 2)",6122f332c9f0e8bb1209dc7d
88.0,24.0,4043,test,2620.023102668437,1.0,1.0,"(1, 2)",6122f332c9f0e8bb1209dc7d
88.0,24.0,4044,test,2620.023102668437,1.0,1.0,"(1, 2)",6122f332c9f0e8bb1209dc7d
88.0,24.0,4045,test,2620.023102668437,1.0,1.0,"(1, 2)",6122f332c9f0e8bb1209dc7d
88.0,24.0,4046,test,2620.023102668437,1.0,1.0,"(1, 2)",6122f332c9f0e8bb1209dc7d
88.0,24.0,4047,test,2620.023102668437,1.0,1.0,"(1, 2)",6122f332c9f0e8bb1209dc7d
88.0,24.0,4048,test,2620.023102668437,1.0,1.0,"(1, 2)",6122f332c9f0e8bb1209dc7d
88.0,24.0,4049,test,2620.023102668437,1.0,1.0,"(1, 2)",6122f332c9f0e8bb1209dc7d
88.0,24.0,4050,test,2620.023102668437,1.0,1.0,"(1, 2)",6122f332c9f0e8bb1209dc7d
88.0,24.0,4051,test,2620.023102668437,1.0,1.0,"(1, 2)",6122f332c9f0e8bb1209dc7d
88.0,24.0,4052,test,2620.023102668437,1.0,1.0,"(1, 2)",6122f332c9f0e8bb1209dc7d
88.0,24.0,4053,test,2620.023102668437,1.0,1.0,"(1, 2)",6122f332c9f0e8bb1209dc7d
88.0,24.0,4054,test,2620.023102668437,1.0,1.0,"(1, 2)",6122f332c9f0e8bb1209dc7d
88.0,24.0,4055,test,2620.023102668437,1.0,1.0,"(1, 2)",6122f332c9f0e8bb1209dc7d
88.0,24.0,4056,test,2620.023102668437,1.0,1.0,"(1, 2)",6122f332c9f0e8bb1209dc7d
88.0,24.0,4057,test,2620.023102668437,1.0,1.0,"(1, 2)",6122f332c9f0e8bb1209dc7d
88.0,24.0,4058,test,2620.023102668437,1.0,1.0,"(1, 2)",6122f332c9f0e8bb1209dc7d
88.0,24.0,4059,test,2620.023102668437,1.0,1.0,"(1, 2)",6122f332c9f0e8bb1209dc7d
88.0,24.0,4060,test,2620.023102668437,1.0,1.0,"(1, 2)",6122f332c9f0e8bb1209dc7d
88.0,24.0,4061,test,2620.023102668437,1.0,1.0,"(1, 2)",6122f332c9f0e8bb1209dc7d
88.0,24.0,4062,test,2620.023102668437,1.0,1.0,"(1, 2)",6122f332c9f0e8bb1209dc7d
88.0,24.0,4063,test,2620.023102668437,1.0,1.0,"(1, 2)",6122f332c9f0e8bb1209dc7d
88.0,24.0,4064,test,2620.023102668437,1.0,1.0,"(1, 2)",6122f332c9f0e8bb1209dc7d
88.0,24.0,4065,test,2620.023102668437,1.0,1.0,"(1, 2)",6122f332c9f0e8bb1209dc7d
88.0,24.0,4066,test,2620.023102668437,1.0,1.0,"(1, 2)",6122f332c9f0e8bb1209dc7d
88.0,24.0,4067,test,2620.023102668437,1.0,1.0,"(1, 2)",6122f332c9f0e8bb1209dc7d
88.0,24.0,4068,test,2620.023102668437,1.0,1.0,"(1, 2)",6122f332c9f0e8bb1209dc7d
88.0,24.0,4069,test,2620.023102668437,1.0,1.0,"(1, 2)",6122f332c9f0e8bb1209dc7d
88.0,24.0,4070,test,2620.023102668437,1.0,1.0,"(1, 2)",6122f332c9f0e8bb1209dc7d
88.0,24.0,4071,test,2620.023102668437,1.0,1.0,"(1, 2)",6122f332c9f0e8bb1209dc7d
88.0,24.0,4072,test,2620.023102668437,1.0,1.0,"(1, 2)",6122f332c9f0e8bb1209dc7d
88.0,24.0,4073,test,2620.023102668437,1.0,1.0,"(1, 2)",6122f332c9f0e8bb1209dc7d
88.0,24.0,4074,test,2620.023102668437,1.0,1.0,"(1, 2)",6122f332c9f0e8bb1209dc7d
88.0,24.0,4075,test,2620.023102668437,1.0,1.0,"(1, 2)",6122f332c9f0e8bb1209dc7d
88.0,24.0,4076,test,2620.023102668437,1.0,1.0,"(1, 2)",6122f332c9f0e8bb1209dc7d
88.0,24.0,4077,test,2620.023102668437,1.0,1.0,"(1, 2)",6122f332c9f0e8bb1209dc7d
88.0,24.0,4078,test,2620.023102668437,1.0,1.0,"(1, 2)",6122f332c9f0e8bb1209dc7d
88.0,24.0,4079,test,2620.023102668437,1.0,1.0,"(1, 2)",6122f332c9f0e8bb1209dc7d
88.0,24.0,4080,test,2620.023102668437,1.0,1.0,"(1, 2)",6122f332c9f0e8bb1209dc7d
88.0,24.0,4081,test,2620.023102668437,1.0,1.0,"(1, 2)",6122f332c9f0e8bb1209dc7d
88.0,24.0,4082,test,2620.023102668437,1.0,1.0,"(1, 2)",6122f332c9f0e8bb1209dc7d
88.0,24.0,4083,test,2620.023102668437,1.0,1.0,"(1, 2)",6122f332c9f0e8bb1209dc7d
88.0,24.0,4084,test,2620.023102668437,1.0,1.0,"(1, 2)",6122f332c9f0e8bb1209dc7d
88.0,24.0,4085,test,2620.023102668437,1.0,1.0,"(1, 2)",6122f332c9f0e8bb1209dc7d
88.0,24.0,4086,test,2620.023102668437,1.0,1.0,"(1, 2)",6122f332c9f0e8bb1209dc7d
88.0,24.0,4087,test,2620.023102668437,1.0,1.0,"(1, 2)",6122f332c9f0e8bb1209dc7d
88.0,24.0,4088,test,2620.023102668437,1.0,1.0,"(1, 2)",6122f332c9f0e8bb1209dc7d
88.0,24.0,4089,test,2620.023102668437,1.0,1.0,"(1, 2)",6122f332c9f0e8bb1209dc7d
88.0,24.0,4090,test,2620.023102668437,1.0,1.0,"(1, 2)",6122f332c9f0e8bb1209dc7d
88.0,24.0,4091,test,2620.023102668437,1.0,1.0,"(1, 2)",6122f332c9f0e8bb1209dc7d
87.11611652351695,24.88388347648305,4092,test,2621.273102668437,1.0,1.0,"(1, 2)",6122f332c9f0e8bb1209dc7d
86.2322330470339,25.7677669529661,4093,test,2622.523102668437,1.0,1.0,"(1, 2)",6122f332c9f0e8bb1209dc7d
85.34834957055085,26.65165042944915,4094,test,2623.773102668437,1.0,1.0,"(1, 2)",6122f332c9f0e8bb1209dc7d
84.4644660940678,27.535533905932198,4095,test,2625.023102668437,1.0,1.0,"(1, 2)",6122f332c9f0e8bb1209dc7d
83.58058261758475,28.419417382415247,4096,test,2626.273102668437,1.0,1.0,"(1, 2)",6122f332c9f0e8bb1209dc7d
82.6966991411017,29.303300858898297,4097,test,2627.523102668437,1.0,1.0,"(1, 2)",6122f332c9f0e8bb1209dc7d
81.81281566461865,30.187184335381346,4098,test,2628.773102668437,1.0,1.0,"(1, 2)",6122f332c9f0e8bb1209dc7d
80.9289321881356,31.071067811864395,4099,test,2630.023102668437,1.0,1.0,"(1, 2)",6122f332c9f0e8bb1209dc7d
80.04504871165256,31.954951288347445,4100,test,2631.273102668437,1.0,1.0,"(1, 2)",6122f332c9f0e8bb1209dc7d
79.1611652351695,32.838834764830494,4101,test,2632.523102668437,1.0,1.0,"(1, 2)",6122f332c9f0e8bb1209dc7d
78.27728175868646,33.722718241313544,4102,test,2633.773102668437,1.0,1.0,"(1, 2)",6122f332c9f0e8bb1209dc7d
77.3933982822034,34.60660171779659,4103,test,2635.023102668437,1.0,1.0,"(1, 2)",6122f332c9f0e8bb1209dc7d
76.50951480572036,35.49048519427964,4104,test,2636.273102668437,1.0,1.0,"(1, 2)",6122f332c9f0e8bb1209dc7d
75.62563132923731,36.37436867076269,4105,test,2637.523102668437,1.0,1.0,"(1, 2)",6122f332c9f0e8bb1209dc7d
74.74174785275426,37.25825214724574,4106,test,2638.773102668437,1.0,1.0,"(1, 2)",6122f332c9f0e8bb1209dc7d
73.85786437627121,38.14213562372879,4107,test,2640.023102668437,1.0,1.0,"(1, 2)",6122f332c9f0e8bb1209dc7d
72.97398089978816,39.02601910021184,4108,test,2641.273102668437,1.0,1.0,"(1, 2)",6122f332c9f0e8bb1209dc7d
72.09009742330511,39.90990257669489,4109,test,2642.523102668437,1.0,1.0,"(1, 2)",6122f332c9f0e8bb1209dc7d
71.20621394682206,40.79378605317794,4110,test,2643.773102668437,1.0,1.0,"(1, 2)",6122f332c9f0e8bb1209dc7d
70.32233047033901,41.67766952966099,4111,test,2645.023102668437,1.0,1.0,"(1, 2)",6122f332c9f0e8bb1209dc7d
69.43844699385596,42.56155300614404,4112,test,2646.273102668437,1.0,1.0,"(1, 2)",6122f332c9f0e8bb1209dc7d
68.55456351737291,43.44543648262709,4113,test,2647.523102668437,1.0,1.0,"(1, 2)",6122f332c9f0e8bb1209dc7d
67.67068004088986,44.32931995911014,4114,test,2648.773102668437,1.0,1.0,"(1, 2)",6122f332c9f0e8bb1209dc7d
66.78679656440681,45.213203435593186,4115,test,2650.023102668437,1.0,1.0,"(1, 2)",6122f332c9f0e8bb1209dc7d
65.90291308792376,46.097086912076236,4116,test,2651.273102668437,1.0,1.0,"(1, 2)",6122f332c9f0e8bb1209dc7d
65.01902961144071,46.980970388559285,4117,test,2652.523102668437,1.0,1.0,"(1, 2)",6122f332c9f0e8bb1209dc7d
64.13514613495767,47.864853865042335,4118,test,2653.773102668437,1.0,1.0,"(1, 2)",6122f332c9f0e8bb1209dc7d
63.251262658474616,48.748737341525384,4119,test,2655.023102668437,1.0,1.0,"(1, 2)",6122f332c9f0e8bb1209dc7d
62.367379181991566,49.632620818008434,4120,test,2656.273102668437,1.0,1.0,"(1, 2)",6122f332c9f0e8bb1209dc7d
61.48349570550852,50.51650429449148,4121,test,2657.523102668437,1.0,1.0,"(1, 2)",6122f332c9f0e8bb1209dc7d
60.59961222902547,51.40038777097453,4122,test,2658.773102668437,1.0,1.0,"(1, 2)",6122f332c9f0e8bb1209dc7d
59.71572875254242,52.28427124745758,4123,test,2660.023102668437,1.0,1.0,"(1, 2)",6122f332c9f0e8bb1209dc7d
58.83184527605937,53.16815472394063,4124,test,2661.273102668437,1.0,1.0,"(1, 2)",6122f332c9f0e8bb1209dc7d
57.94796179957632,54.05203820042368,4125,test,2662.523102668437,1.0,1.0,"(1, 2)",6122f332c9f0e8bb1209dc7d
57.06407832309327,54.93592167690673,4126,test,2663.773102668437,1.0,1.0,"(1, 2)",6122f332c9f0e8bb1209dc7d
56.197567139996536,55.82712561869876,4127,test,2665.01611759043,1.0,1.0,"(1, 2)",6122f332c9f0e8bb1209dc7d
56.18229833282929,57.07703236063075,4128,test,2666.2661175904295,1.0,1.0,"(1, 2)",6122f332c9f0e8bb1209dc7d
56.167029525662045,58.32693910256275,4129,test,2667.516117590429,1.0,1.0,"(1, 2)",6122f332c9f0e8bb1209dc7d
56.1517607184948,59.57684584449474,4130,test,2668.7661175904286,1.0,1.0,"(1, 2)",6122f332c9f0e8bb1209dc7d
56.13649191132755,60.826752586426736,4131,test,2670.016117590428,1.0,1.0,"(1, 2)",6122f332c9f0e8bb1209dc7d
56.12122310416031,62.07665932835873,4132,test,2671.2661175904277,1.0,1.0,"(1, 2)",6122f332c9f0e8bb1209dc7d
56.10595429699306,63.326566070290724,4133,test,2672.5161175904273,1.0,1.0,"(1, 2)",6122f332c9f0e8bb1209dc7d
56.090685489825816,64.57647281222305,4134,test,2673.7661175904273,1.0,1.0,"(1, 2)",6122f332c9f0e8bb1209dc7d
56.07541668265861,65.82637955415575,4135,test,2675.0161175904277,1.0,1.0,"(1, 2)",6122f332c9f0e8bb1209dc7d
56.06014787549172,67.07628629608845,4136,test,2676.266117590428,1.0,1.0,"(1, 2)",6122f332c9f0e8bb1209dc7d
56.044879068324825,68.32619303802116,4137,test,2677.5161175904286,1.0,1.0,"(1, 2)",6122f332c9f0e8bb1209dc7d
56.02961026115793,69.57609977995386,4138,test,2678.766117590429,1.0,1.0,"(1, 2)",6122f332c9f0e8bb1209dc7d
56.01434145399103,70.82600652188657,4139,test,2680.0161175904295,1.0,1.0,"(1, 2)",6122f332c9f0e8bb1209dc7d
56.002390501730986,72.07593377749558,4140,test,2681.2661019781617,1.0,1.0,"(1, 2)",6122f332c9f0e8bb1209dc7d
56.00220285323158,73.32593376341148,4141,test,2682.5161019781626,1.0,1.0,"(1, 2)",6122f332c9f0e8bb1209dc7d
56.002015204732174,74.57593374932739,4142,test,2683.7661019781635,1.0,1.0,"(1, 2)",6122f332c9f0e8bb1209dc7d
56.00182755623277,75.8259337352433,4143,test,2685.0161019781644,1.0,1.0,"(1, 2)",6122f332c9f0e8bb1209dc7d
56.00163990773336,77.0759337211592,4144,test,2686.2661019781654,1.0,1.0,"(1, 2)",6122f332c9f0e8bb1209dc7d
56.00145225923396,78.32593370707511,4145,test,2687.5161019781663,1.0,1.0,"(1, 2)",6122f332c9f0e8bb1209dc7d
56.00126461073455,79.57593369299101,4146,test,2688.766101978167,1.0,1.0,"(1, 2)",6122f332c9f0e8bb1209dc7d
56.001076962235146,80.82593367890692,4147,test,2690.016101978168,1.0,1.0,"(1, 2)",6122f332c9f0e8bb1209dc7d
56.00088931373574,82.07593366482283,4148,test,2691.266101978169,1.0,1.0,"(1, 2)",6122f332c9f0e8bb1209dc7d
56.000701665236335,83.32593365073873,4149,test,2692.51610197817,1.0,1.0,"(1, 2)",6122f332c9f0e8bb1209dc7d
56.00051401673693,84.57593363665464,4150,test,2693.766101978171,1.0,1.0,"(1, 2)",6122f332c9f0e8bb1209dc7d
56.00032636823773,85.82593362257055,4151,test,2695.0161019781717,1.0,1.0,"(1, 2)",6122f332c9f0e8bb1209dc7d
56.00013871973867,87.07593360848645,4152,test,2696.2661019781726,1.0,1.0,"(1, 2)",6122f332c9f0e8bb1209dc7d
56.000028915103094,88.3259336003166,4153,test,2697.5161019748257,1.0,1.0,"(1, 2)",6122f332c9f0e8bb1209dc7d
56.00002660913612,89.57593360031404,4154,test,2698.7661019748252,1.0,1.0,"(1, 2)",6122f332c9f0e8bb1209dc7d
56.00002430316915,90.82593360031149,4155,test,2700.016101974825,1.0,1.0,"(1, 2)",6122f332c9f0e8bb1209dc7d
56.000021997202175,92.07593360030893,4156,test,2701.2661019748243,1.0,1.0,"(1, 2)",6122f332c9f0e8bb1209dc7d
56.0000196912352,93.32593360030637,4157,test,2702.516101974824,1.0,1.0,"(1, 2)",6122f332c9f0e8bb1209dc7d
56.00001738526823,94.57593360030381,4158,test,2703.7661019748234,1.0,1.0,"(1, 2)",6122f332c9f0e8bb1209dc7d
56.00001507930126,95.82593360030125,4159,test,2705.016101974823,1.0,1.0,"(1, 2)",6122f332c9f0e8bb1209dc7d
56.000012773334284,97.0759336002987,4160,test,2706.2661019748225,1.0,1.0,"(1, 2)",6122f332c9f0e8bb1209dc7d
56.00001046736731,98.32593360029614,4161,test,2707.516101974822,1.0,1.0,"(1, 2)",6122f332c9f0e8bb1209dc7d
56.00000816140034,99.57593360029358,4162,test,2708.7661019748216,1.0,1.0,"(1, 2)",6122f332c9f0e8bb1209dc7d
56.000005855433365,100.82593360029102,4163,test,2710.016101974821,1.0,1.0,"(1, 2)",6122f332c9f0e8bb1209dc7d
56.00000354946639,102.07593360028847,4164,test,2711.2661019748207,1.0,1.0,"(1, 2)",6122f332c9f0e8bb1209dc7d
56.000001243499696,103.32593360028591,4165,test,2712.5161019748202,1.0,1.0,"(1, 2)",6122f332c9f0e8bb1209dc7d
56.0,104.0,4166,test,2713.1901683745355,1.0,1.0,"(1, 2)",6122f332c9f0e8bb1209dc7d
56.0,104.0,4167,test,2713.1901683745355,1.0,1.0,"(1, 2)",6122f332c9f0e8bb1209dc7d
56.0,104.0,4168,test,2713.1901683745355,1.0,1.0,"(1, 2)",6122f332c9f0e8bb1209dc7d
56.0,104.0,4169,test,2713.1901683745355,1.0,1.0,"(1, 2)",6122f332c9f0e8bb1209dc7d
56.0,104.0,4170,test,2713.1901683745355,1.0,1.0,"(1, 2)",6122f332c9f0e8bb1209dc7d
56.0,104.0,4171,test,2713.1901683745355,1.0,1.0,"(1, 2)",6122f332c9f0e8bb1209dc7d
56.0,104.0,4172,test,2713.1901683745355,1.0,1.0,"(1, 2)",6122f332c9f0e8bb1209dc7d
56.0,104.0,4173,test,2713.1901683745355,1.0,1.0,"(1, 2)",6122f332c9f0e8bb1209dc7d
56.0,104.0,4174,test,2713.1901683745355,1.0,1.0,"(1, 2)",6122f332c9f0e8bb1209dc7d
56.0,104.0,4175,test,2713.1901683745355,1.0,1.0,"(1, 2)",6122f332c9f0e8bb1209dc7d
56.0,104.0,4176,test,2713.1901683745355,1.0,1.0,"(1, 2)",6122f332c9f0e8bb1209dc7d
56.0,104.0,4177,test,2713.1901683745355,1.0,1.0,"(1, 2)",6122f332c9f0e8bb1209dc7d
56.0,104.0,4178,test,2713.1901683745355,1.0,1.0,"(1, 2)",6122f332c9f0e8bb1209dc7d
56.0,104.0,4179,test,2713.1901683745355,1.0,1.0,"(1, 2)",6122f332c9f0e8bb1209dc7d
56.0,104.0,4180,test,2713.1901683745355,1.0,1.0,"(1, 2)",6122f332c9f0e8bb1209dc7d
56.0,104.0,4181,test,2713.1901683745355,1.0,1.0,"(1, 2)",6122f332c9f0e8bb1209dc7d
56.0,104.0,4182,test,2713.1901683745355,1.0,1.0,"(1, 2)",6122f332c9f0e8bb1209dc7d
56.0,104.0,4183,test,2713.1901683745355,1.0,1.0,"(1, 2)",6122f332c9f0e8bb1209dc7d
56.0,104.0,4184,test,2713.1901683745355,1.0,1.0,"(1, 2)",6122f332c9f0e8bb1209dc7d
56.0,104.0,4185,test,2713.1901683745355,1.0,1.0,"(1, 2)",6122f332c9f0e8bb1209dc7d
56.0,104.0,4186,test,2713.1901683745355,1.0,1.0,"(1, 2)",6122f332c9f0e8bb1209dc7d
56.0,104.0,4187,test,2713.1901683745355,1.0,1.0,"(1, 2)",6122f332c9f0e8bb1209dc7d
56.0,104.0,4188,test,2713.1901683745355,1.0,1.0,"(1, 2)",6122f332c9f0e8bb1209dc7d
56.0,104.0,4189,test,2713.1901683745355,1.0,1.0,"(1, 2)",6122f332c9f0e8bb1209dc7d
56.0,104.0,4190,test,2713.1901683745355,1.0,1.0,"(1, 2)",6122f332c9f0e8bb1209dc7d
56.0,104.0,4191,test,2713.1901683745355,1.0,1.0,"(1, 2)",6122f332c9f0e8bb1209dc7d
56.0,104.0,4192,test,2713.1901683745355,1.0,1.0,"(1, 2)",6122f332c9f0e8bb1209dc7d
56.0,104.0,4193,test,2713.1901683745355,1.0,1.0,"(1, 2)",6122f332c9f0e8bb1209dc7d
56.0,104.0,4194,test,2713.1901683745355,1.0,1.0,"(1, 2)",6122f332c9f0e8bb1209dc7d
56.0,104.0,4195,test,2713.1901683745355,1.0,1.0,"(1, 2)",6122f332c9f0e8bb1209dc7d
56.0,104.0,4196,test,2713.1901683745355,1.0,1.0,"(1, 2)",6122f332c9f0e8bb1209dc7d
56.0,104.0,4197,test,2713.1901683745355,1.0,1.0,"(1, 2)",6122f332c9f0e8bb1209dc7d
56.0,104.0,4198,test,2713.1901683745355,1.0,1.0,"(1, 2)",6122f332c9f0e8bb1209dc7d
56.0,104.0,4199,test,2713.1901683745355,1.0,1.0,"(1, 2)",6122f332c9f0e8bb1209dc7d
56.0,104.0,4200,test,2713.1901683745355,1.0,1.0,"(1, 2)",6122f332c9f0e8bb1209dc7d
56.0,104.0,4201,test,2713.1901683745355,1.0,1.0,"(1, 2)",6122f332c9f0e8bb1209dc7d
56.0,104.0,4202,test,2713.1901683745355,1.0,1.0,"(1, 2)",6122f332c9f0e8bb1209dc7d
56.0,104.0,4203,test,2713.1901683745355,1.0,1.0,"(1, 2)",6122f332c9f0e8bb1209dc7d
56.0,104.0,4204,test,2713.1901683745355,1.0,1.0,"(1, 2)",6122f332c9f0e8bb1209dc7d
56.0,104.0,4205,test,2713.1901683745355,1.0,1.0,"(1, 2)",6122f332c9f0e8bb1209dc7d
56.0,104.0,4206,test,2713.1901683745355,1.0,1.0,"(1, 2)",6122f332c9f0e8bb1209dc7d
56.0,104.0,4207,test,2713.1901683745355,1.0,1.0,"(1, 2)",6122f332c9f0e8bb1209dc7d
56.0,104.0,4208,test,2713.1901683745355,1.0,1.0,"(1, 2)",6122f332c9f0e8bb1209dc7d
56.0,104.0,4209,test,2713.1901683745355,1.0,1.0,"(1, 2)",6122f332c9f0e8bb1209dc7d
56.0,104.0,4210,test,2713.1901683745355,1.0,1.0,"(1, 2)",6122f332c9f0e8bb1209dc7d
56.0,104.0,4211,test,2713.1901683745355,1.0,1.0,"(1, 2)",6122f332c9f0e8bb1209dc7d
56.0,104.0,4212,test,2713.1901683745355,1.0,1.0,"(1, 2)",6122f332c9f0e8bb1209dc7d
56.0,104.0,4213,test,2713.1901683745355,1.0,1.0,"(1, 2)",6122f332c9f0e8bb1209dc7d
56.0,104.0,4214,test,2713.1901683745355,1.0,1.0,"(1, 2)",6122f332c9f0e8bb1209dc7d
56.0,104.0,4215,test,2713.1901683745355,1.0,1.0,"(1, 2)",6122f332c9f0e8bb1209dc7d
56.0,104.0,4216,test,2713.1901683745355,1.0,1.0,"(1, 2)",6122f332c9f0e8bb1209dc7d
56.0,104.0,4217,test,2713.1901683745355,1.0,1.0,"(1, 2)",6122f332c9f0e8bb1209dc7d
56.0,104.0,4218,test,2713.1901683745355,1.0,1.0,"(1, 2)",6122f332c9f0e8bb1209dc7d
56.0,104.0,4219,test,2713.1901683745355,1.0,1.0,"(1, 2)",6122f332c9f0e8bb1209dc7d
56.0,104.0,4220,test,2713.1901683745355,1.0,1.0,"(1, 2)",6122f332c9f0e8bb1209dc7d
56.0,104.0,4221,test,2713.1901683745355,1.0,1.0,"(1, 2)",6122f332c9f0e8bb1209dc7d
56.0,104.0,4222,test,2713.1901683745355,1.0,1.0,"(1, 2)",6122f332c9f0e8bb1209dc7d
56.0,104.0,4223,test,2713.1901683745355,1.0,1.0,"(1, 2)",6122f332c9f0e8bb1209dc7d
56.0,104.0,4224,test,2713.1901683745355,1.0,1.0,"(1, 2)",6122f332c9f0e8bb1209dc7d
56.0,104.0,4225,test,2713.1901683745355,1.0,1.0,"(1, 2)",6122f332c9f0e8bb1209dc7d
56.0,104.0,4226,test,2713.1901683745355,1.0,1.0,"(1, 2)",6122f332c9f0e8bb1209dc7d
56.0,104.0,4227,test,2713.1901683745355,1.0,1.0,"(1, 2)",6122f332c9f0e8bb1209dc7d
56.0,104.0,4228,test,2713.1901683745355,1.0,1.0,"(1, 2)",6122f332c9f0e8bb1209dc7d
56.0,104.0,4229,test,2713.1901683745355,1.0,1.0,"(1, 2)",6122f332c9f0e8bb1209dc7d
56.0,104.0,4230,test,2713.1901683745355,1.0,1.0,"(1, 2)",6122f332c9f0e8bb1209dc7d
56.0,104.0,4231,test,2713.1901683745355,1.0,1.0,"(1, 2)",6122f332c9f0e8bb1209dc7d
56.0,104.0,4232,test,2713.1901683745355,1.0,1.0,"(1, 2)",6122f332c9f0e8bb1209dc7d
56.0,104.0,4233,test,2713.1901683745355,1.0,1.0,"(1, 2)",6122f332c9f0e8bb1209dc7d
56.0,104.0,4234,test,2713.1901683745355,1.0,1.0,"(1, 2)",6122f332c9f0e8bb1209dc7d
56.0,104.0,4235,test,2713.1901683745355,1.0,1.0,"(1, 2)",6122f332c9f0e8bb1209dc7d
56.0,104.0,4236,test,2713.1901683745355,1.0,1.0,"(1, 2)",6122f332c9f0e8bb1209dc7d
56.0,104.0,4237,test,2713.1901683745355,1.0,1.0,"(1, 2)",6122f332c9f0e8bb1209dc7d
56.0,104.0,4238,test,2713.1901683745355,1.0,1.0,"(1, 2)",6122f332c9f0e8bb1209dc7d
56.0,104.0,4239,test,2713.1901683745355,1.0,1.0,"(1, 2)",6122f332c9f0e8bb1209dc7d
56.0,104.0,4240,test,2713.1901683745355,1.0,1.0,"(1, 2)",6122f332c9f0e8bb1209dc7d
56.0,104.0,4241,test,2713.1901683745355,1.0,1.0,"(1, 2)",6122f332c9f0e8bb1209dc7d
56.0,104.0,4242,test,2713.1901683745355,1.0,1.0,"(1, 2)",6122f332c9f0e8bb1209dc7d
56.0,104.0,4243,test,2713.1901683745355,1.0,1.0,"(1, 2)",6122f332c9f0e8bb1209dc7d
56.0,104.0,4244,test,2713.1901683745355,1.0,1.0,"(1, 2)",6122f332c9f0e8bb1209dc7d
56.0,104.0,4245,test,2713.1901683745355,1.0,1.0,"(1, 2)",6122f332c9f0e8bb1209dc7d
56.0,104.0,4246,test,2713.1901683745355,1.0,1.0,"(1, 2)",6122f332c9f0e8bb1209dc7d
56.0,104.0,4247,test,2713.1901683745355,1.0,1.0,"(1, 2)",6122f332c9f0e8bb1209dc7d
56.0,104.0,4248,test,2713.1901683745355,1.0,1.0,"(1, 2)",6122f332c9f0e8bb1209dc7d
56.0,104.0,4249,test,2713.1901683745355,1.0,1.0,"(1, 2)",6122f332c9f0e8bb1209dc7d
56.0,104.0,4250,test,2713.1901683745355,1.0,1.0,"(1, 2)",6122f332c9f0e8bb1209dc7d
56.0,104.0,4251,test,2713.1901683745355,1.0,1.0,"(1, 2)",6122f332c9f0e8bb1209dc7d
56.0,104.0,4252,test,2713.1901683745355,1.0,1.0,"(1, 2)",6122f332c9f0e8bb1209dc7d
56.0,104.0,4253,test,2713.1901683745355,1.0,1.0,"(1, 2)",6122f332c9f0e8bb1209dc7d
56.0,104.0,4254,test,2713.1901683745355,1.0,1.0,"(1, 2)",6122f332c9f0e8bb1209dc7d
56.0,104.0,4255,test,2713.1901683745355,1.0,1.0,"(1, 2)",6122f332c9f0e8bb1209dc7d
56.0,104.0,4256,test,2713.1901683745355,1.0,1.0,"(1, 2)",6122f332c9f0e8bb1209dc7d
56.0,104.0,4257,test,2713.1901683745355,1.0,1.0,"(1, 2)",6122f332c9f0e8bb1209dc7d
56.0,104.0,4258,test,2713.1901683745355,1.0,1.0,"(1, 2)",6122f332c9f0e8bb1209dc7d
56.0,104.0,4259,test,2713.1901683745355,1.0,1.0,"(1, 2)",6122f332c9f0e8bb1209dc7d
56.0,104.0,4260,test,2713.1901683745355,1.0,1.0,"(1, 2)",6122f332c9f0e8bb1209dc7d
56.0,104.0,4261,test,2713.1901683745355,1.0,1.0,"(1, 2)",6122f332c9f0e8bb1209dc7d
56.0,104.0,4262,test,2713.1901683745355,1.0,1.0,"(1, 2)",6122f332c9f0e8bb1209dc7d
56.0,104.0,4263,test,2713.1901683745355,1.0,1.0,"(1, 2)",6122f332c9f0e8bb1209dc7d
56.0,104.0,4264,test,2713.1901683745355,1.0,1.0,"(1, 2)",6122f332c9f0e8bb1209dc7d
56.0,104.0,4265,test,2713.1901683745355,1.0,1.0,"(1, 2)",6122f332c9f0e8bb1209dc7d
56.0,104.0,4266,test,2713.1901683745355,1.0,1.0,"(1, 2)",6122f332c9f0e8bb1209dc7d
56.0,104.0,4267,test,2713.1901683745355,1.0,1.0,"(1, 2)",6122f332c9f0e8bb1209dc7d
56.0,104.0,4268,test,2713.1901683745355,1.0,1.0,"(1, 2)",6122f332c9f0e8bb1209dc7d
56.0,104.0,4269,test,2713.1901683745355,1.0,1.0,"(1, 2)",6122f332c9f0e8bb1209dc7d
56.0,104.0,4270,test,2713.1901683745355,1.0,1.0,"(1, 2)",6122f332c9f0e8bb1209dc7d
56.0,104.0,4271,test,2713.1901683745355,1.0,1.0,"(1, 2)",6122f332c9f0e8bb1209dc7d
56.0,104.0,4272,test,2713.1901683745355,1.0,1.0,"(1, 2)",6122f332c9f0e8bb1209dc7d
56.0,104.0,4273,test,2713.1901683745355,1.0,1.0,"(1, 2)",6122f332c9f0e8bb1209dc7d
56.0,104.0,4274,test,2713.1901683745355,1.0,1.0,"(1, 2)",6122f332c9f0e8bb1209dc7d
56.0,104.0,4275,test,2713.1901683745355,1.0,1.0,"(1, 2)",6122f332c9f0e8bb1209dc7d
56.0,104.0,4276,test,2713.1901683745355,1.0,1.0,"(1, 2)",6122f332c9f0e8bb1209dc7d
56.0,104.0,4277,test,2713.1901683745355,1.0,1.0,"(1, 2)",6122f332c9f0e8bb1209dc7d
56.0,104.0,4278,test,2713.1901683745355,1.0,1.0,"(1, 2)",6122f332c9f0e8bb1209dc7d
56.0,104.0,4279,test,2713.1901683745355,1.0,1.0,"(1, 2)",6122f332c9f0e8bb1209dc7d
56.0,104.0,4280,test,2713.1901683745355,1.0,1.0,"(1, 2)",6122f332c9f0e8bb1209dc7d
56.0,104.0,4281,test,2713.1901683745355,1.0,1.0,"(1, 2)",6122f332c9f0e8bb1209dc7d
56.0,104.0,4282,test,2713.1901683745355,1.0,1.0,"(1, 2)",6122f332c9f0e8bb1209dc7d
56.0,104.0,4283,test,2713.1901683745355,1.0,1.0,"(1, 2)",6122f332c9f0e8bb1209dc7d
56.0,104.0,4284,test,2713.1901683745355,1.0,1.0,"(1, 2)",6122f332c9f0e8bb1209dc7d
56.0,104.0,4285,test,2713.1901683745355,1.0,1.0,"(1, 2)",6122f332c9f0e8bb1209dc7d
56.0,104.0,4286,test,2713.1901683745355,1.0,1.0,"(1, 2)",6122f332c9f0e8bb1209dc7d
56.0,104.0,4287,test,2713.1901683745355,1.0,1.0,"(1, 2)",6122f332c9f0e8bb1209dc7d
56.0,104.0,4288,test,2713.1901683745355,1.0,1.0,"(1, 2)",6122f332c9f0e8bb1209dc7d
56.0,104.0,4289,test,2713.1901683745355,1.0,1.0,"(1, 2)",6122f332c9f0e8bb1209dc7d
56.0,104.0,4290,test,2713.1901683745355,1.0,1.0,"(1, 2)",6122f332c9f0e8bb1209dc7d
56.0,104.0,4291,test,2713.1901683745355,1.0,1.0,"(1, 2)",6122f332c9f0e8bb1209dc7d
56.0,104.0,4292,test,2713.1901683745355,1.0,1.0,"(1, 2)",6122f332c9f0e8bb1209dc7d
56.0,104.0,4293,test,2713.1901683745355,1.0,1.0,"(1, 2)",6122f332c9f0e8bb1209dc7d
56.0,104.0,4294,test,2713.1901683745355,1.0,1.0,"(1, 2)",6122f332c9f0e8bb1209dc7d
56.0,104.0,4295,test,2713.1901683745355,1.0,1.0,"(1, 2)",6122f332c9f0e8bb1209dc7d
56.0,104.0,4296,test,2713.1901683745355,1.0,1.0,"(1, 2)",6122f332c9f0e8bb1209dc7d
56.0,104.0,4297,test,2713.1901683745355,1.0,1.0,"(1, 2)",6122f332c9f0e8bb1209dc7d
56.0,104.0,4298,test,2713.1901683745355,1.0,1.0,"(1, 2)",6122f332c9f0e8bb1209dc7d
56.0,104.0,4299,test,2713.1901683745355,1.0,1.0,"(1, 2)",6122f332c9f0e8bb1209dc7d
56.0,104.0,4300,test,2713.1901683745355,1.0,1.0,"(1, 2)",6122f332c9f0e8bb1209dc7d
56.0,104.0,4301,test,2713.1901683745355,1.0,1.0,"(1, 2)",6122f332c9f0e8bb1209dc7d
56.0,104.0,4302,test,2713.1901683745355,1.0,1.0,"(1, 2)",6122f332c9f0e8bb1209dc7d
56.0,104.0,4303,test,2713.1901683745355,1.0,1.0,"(1, 2)",6122f332c9f0e8bb1209dc7d
56.0,104.0,4304,test,2713.1901683745355,1.0,1.0,"(1, 2)",6122f332c9f0e8bb1209dc7d
56.0,104.0,4305,test,2713.1901683745355,1.0,1.0,"(1, 2)",6122f332c9f0e8bb1209dc7d
56.0,104.0,4306,test,2713.1901683745355,1.0,1.0,"(1, 2)",6122f332c9f0e8bb1209dc7d
56.0,104.0,4307,test,2713.1901683745355,1.0,1.0,"(1, 2)",6122f332c9f0e8bb1209dc7d
56.0,104.0,4308,test,2713.1901683745355,1.0,1.0,"(1, 2)",6122f332c9f0e8bb1209dc7d
56.0,104.0,4309,test,2713.1901683745355,1.0,1.0,"(1, 2)",6122f332c9f0e8bb1209dc7d
56.0,104.0,4310,test,2713.1901683745355,1.0,1.0,"(1, 2)",6122f332c9f0e8bb1209dc7d
56.0,104.0,4311,test,2713.1901683745355,1.0,1.0,"(1, 2)",6122f332c9f0e8bb1209dc7d
56.0,104.0,4312,test,2713.1901683745355,1.0,1.0,"(1, 2)",6122f332c9f0e8bb1209dc7d
56.0,104.0,4313,test,2713.1901683745355,1.0,1.0,"(1, 2)",6122f332c9f0e8bb1209dc7d
56.0,104.0,4314,test,2713.1901683745355,1.0,1.0,"(1, 2)",6122f332c9f0e8bb1209dc7d
56.0,104.0,4315,test,2713.1901683745355,1.0,1.0,"(1, 2)",6122f332c9f0e8bb1209dc7d
56.0,104.0,4316,test,2713.1901683745355,1.0,1.0,"(1, 2)",6122f332c9f0e8bb1209dc7d
56.0,104.0,4317,test,2713.1901683745355,1.0,1.0,"(1, 2)",6122f332c9f0e8bb1209dc7d
56.0,104.0,4318,test,2713.1901683745355,1.0,1.0,"(1, 2)",6122f332c9f0e8bb1209dc7d
56.0,104.0,4319,test,2713.1901683745355,1.0,1.0,"(1, 2)",6122f332c9f0e8bb1209dc7d
56.0,104.0,4320,test,2713.1901683745355,1.0,1.0,"(1, 2)",6122f332c9f0e8bb1209dc7d
56.0,104.0,4321,test,2713.1901683745355,1.0,1.0,"(1, 2)",6122f332c9f0e8bb1209dc7d
56.0,104.0,4322,test,2713.1901683745355,1.0,1.0,"(1, 2)",6122f332c9f0e8bb1209dc7d
56.0,104.0,4323,test,2713.1901683745355,1.0,1.0,"(1, 2)",6122f332c9f0e8bb1209dc7d
56.0,104.0,4324,test,2713.1901683745355,1.0,1.0,"(1, 2)",6122f332c9f0e8bb1209dc7d
56.0,104.0,4325,test,2713.1901683745355,1.0,1.0,"(1, 2)",6122f332c9f0e8bb1209dc7d
56.0,104.0,4326,test,2713.1901683745355,1.0,1.0,"(1, 2)",6122f332c9f0e8bb1209dc7d
56.0,104.0,4327,test,2713.1901683745355,1.0,1.0,"(1, 2)",6122f332c9f0e8bb1209dc7d
56.0,104.0,4328,test,2713.1901683745355,1.0,1.0,"(1, 2)",6122f332c9f0e8bb1209dc7d
56.0,104.0,4329,test,2713.1901683745355,1.0,1.0,"(1, 2)",6122f332c9f0e8bb1209dc7d
56.0,104.0,4330,test,2713.1901683745355,1.0,1.0,"(1, 2)",6122f332c9f0e8bb1209dc7d
56.0,104.0,4331,test,2713.1901683745355,1.0,1.0,"(1, 2)",6122f332c9f0e8bb1209dc7d
56.0,104.0,4332,test,2713.1901683745355,1.0,1.0,"(1, 2)",6122f332c9f0e8bb1209dc7d
56.0,104.0,4333,test,2713.1901683745355,1.0,1.0,"(1, 2)",6122f332c9f0e8bb1209dc7d
56.0,104.0,4334,test,2713.1901683745355,1.0,1.0,"(1, 2)",6122f332c9f0e8bb1209dc7d
56.0,104.0,4335,test,2713.1901683745355,1.0,1.0,"(1, 2)",6122f332c9f0e8bb1209dc7d
56.0,104.0,4336,test,2713.1901683745355,1.0,1.0,"(1, 2)",6122f332c9f0e8bb1209dc7d
56.0,104.0,4337,test,2713.1901683745355,1.0,1.0,"(1, 2)",6122f332c9f0e8bb1209dc7d
56.0,104.0,4338,test,2713.1901683745355,1.0,1.0,"(1, 2)",6122f332c9f0e8bb1209dc7d
56.0,104.0,4339,test,2713.1901683745355,1.0,1.0,"(1, 2)",6122f332c9f0e8bb1209dc7d
56.0,104.0,4340,test,2713.1901683745355,1.0,1.0,"(1, 2)",6122f332c9f0e8bb1209dc7d
56.0,104.0,4341,test,2713.1901683745355,1.0,1.0,"(1, 2)",6122f332c9f0e8bb1209dc7d
56.0,104.0,4342,test,2713.1901683745355,1.0,1.0,"(1, 2)",6122f332c9f0e8bb1209dc7d
56.0,104.0,4343,test,2713.1901683745355,1.0,1.0,"(1, 2)",6122f332c9f0e8bb1209dc7d
56.0,104.0,4344,test,2713.1901683745355,1.0,1.0,"(1, 2)",6122f332c9f0e8bb1209dc7d
56.0,104.0,4345,test,2713.1901683745355,1.0,1.0,"(1, 2)",6122f332c9f0e8bb1209dc7d
56.0,104.0,4346,test,2713.1901683745355,1.0,1.0,"(1, 2)",6122f332c9f0e8bb1209dc7d
56.0,104.0,4347,test,2713.1901683745355,1.0,1.0,"(1, 2)",6122f332c9f0e8bb1209dc7d
56.0,104.0,4348,test,2713.1901683745355,1.0,1.0,"(1, 2)",6122f332c9f0e8bb1209dc7d
56.0,104.0,4349,test,2713.1901683745355,1.0,1.0,"(1, 2)",6122f332c9f0e8bb1209dc7d
56.0,104.0,4350,test,2713.1901683745355,1.0,1.0,"(1, 2)",6122f332c9f0e8bb1209dc7d
56.0,104.0,4351,test,2713.1901683745355,1.0,1.0,"(1, 2)",6122f332c9f0e8bb1209dc7d
56.0,104.0,4352,test,2713.1901683745355,1.0,1.0,"(1, 2)",6122f332c9f0e8bb1209dc7d
56.0,104.0,4353,test,2713.1901683745355,1.0,1.0,"(1, 2)",6122f332c9f0e8bb1209dc7d
56.0,104.0,4354,test,2713.1901683745355,1.0,1.0,"(1, 2)",6122f332c9f0e8bb1209dc7d
56.0,104.0,4355,test,2713.1901683745355,1.0,1.0,"(1, 2)",6122f332c9f0e8bb1209dc7d
56.0,104.0,4356,test,2713.1901683745355,1.0,1.0,"(1, 2)",6122f332c9f0e8bb1209dc7d
56.0,104.0,4357,test,2713.1901683745355,1.0,1.0,"(1, 2)",6122f332c9f0e8bb1209dc7d
56.0,104.0,4358,test,2713.1901683745355,1.0,1.0,"(1, 2)",6122f332c9f0e8bb1209dc7d
56.0,104.0,4359,test,2713.1901683745355,1.0,1.0,"(1, 2)",6122f332c9f0e8bb1209dc7d
56.0,104.0,4360,test,2713.1901683745355,1.0,1.0,"(1, 2)",6122f332c9f0e8bb1209dc7d
56.0,104.0,4361,test,2713.1901683745355,1.0,1.0,"(1, 2)",6122f332c9f0e8bb1209dc7d
56.0,104.0,4362,test,2713.1901683745355,1.0,1.0,"(1, 2)",6122f332c9f0e8bb1209dc7d
56.0,104.0,4363,test,2713.1901683745355,1.0,1.0,"(1, 2)",6122f332c9f0e8bb1209dc7d
56.0,104.0,4364,test,2713.1901683745355,1.0,1.0,"(1, 2)",6122f332c9f0e8bb1209dc7d
56.0,104.0,4365,test,2713.1901683745355,1.0,1.0,"(1, 2)",6122f332c9f0e8bb1209dc7d
56.0,104.0,4366,test,2713.1901683745355,1.0,1.0,"(1, 2)",6122f332c9f0e8bb1209dc7d
56.0,104.0,4367,test,2713.1901683745355,1.0,1.0,"(1, 2)",6122f332c9f0e8bb1209dc7d
56.0,104.0,4368,test,2713.1901683745355,1.0,1.0,"(1, 2)",6122f332c9f0e8bb1209dc7d
56.0,104.0,4369,test,2713.1901683745355,1.0,1.0,"(1, 2)",6122f332c9f0e8bb1209dc7d
56.0,104.0,4370,test,2713.1901683745355,1.0,1.0,"(1, 2)",6122f332c9f0e8bb1209dc7d
56.0,104.0,4371,test,2713.1901683745355,1.0,1.0,"(1, 2)",6122f332c9f0e8bb1209dc7d
56.0,104.0,4372,test,2713.1901683745355,1.0,1.0,"(1, 2)",6122f332c9f0e8bb1209dc7d
56.0,104.0,4373,test,2713.1901683745355,1.0,1.0,"(1, 2)",6122f332c9f0e8bb1209dc7d
56.0,104.0,4374,test,2713.1901683745355,1.0,1.0,"(1, 2)",6122f332c9f0e8bb1209dc7d
56.0,104.0,4375,test,2713.1901683745355,1.0,1.0,"(1, 2)",6122f332c9f0e8bb1209dc7d
56.0,104.0,4376,test,2713.1901683745355,1.0,1.0,"(1, 2)",6122f332c9f0e8bb1209dc7d
56.0,104.0,4377,test,2713.1901683745355,1.0,1.0,"(1, 2)",6122f332c9f0e8bb1209dc7d
56.0,104.0,4378,test,2713.1901683745355,1.0,1.0,"(1, 2)",6122f332c9f0e8bb1209dc7d
56.0,104.0,4379,test,2713.1901683745355,1.0,1.0,"(1, 2)",6122f332c9f0e8bb1209dc7d
56.0,104.0,4380,test,2713.1901683745355,1.0,1.0,"(1, 2)",6122f332c9f0e8bb1209dc7d
56.0,104.0,4381,test,2713.1901683745355,1.0,1.0,"(1, 2)",6122f332c9f0e8bb1209dc7d
56.0,104.0,4382,test,2713.1901683745355,1.0,1.0,"(1, 2)",6122f332c9f0e8bb1209dc7d
56.0,104.0,4383,test,2713.1901683745355,1.0,1.0,"(1, 2)",6122f332c9f0e8bb1209dc7d
56.0,104.0,4384,test,2713.1901683745355,1.0,1.0,"(1, 2)",6122f332c9f0e8bb1209dc7d
56.0,104.0,4385,test,2713.1901683745355,1.0,1.0,"(1, 2)",6122f332c9f0e8bb1209dc7d
56.0,104.0,4386,test,2713.1901683745355,1.0,1.0,"(1, 2)",6122f332c9f0e8bb1209dc7d
56.0,104.0,4387,test,2713.1901683745355,1.0,1.0,"(1, 2)",6122f332c9f0e8bb1209dc7d
56.0,104.0,4388,test,2713.1901683745355,1.0,1.0,"(1, 2)",6122f332c9f0e8bb1209dc7d
56.0,104.0,4389,test,2713.1901683745355,1.0,1.0,"(1, 2)",6122f332c9f0e8bb1209dc7d
56.0,104.0,4390,test,2713.1901683745355,1.0,1.0,"(1, 2)",6122f332c9f0e8bb1209dc7d
56.0,104.0,4391,test,2713.1901683745355,1.0,1.0,"(1, 2)",6122f332c9f0e8bb1209dc7d
56.0,104.0,4392,test,2713.1901683745355,1.0,1.0,"(1, 2)",6122f332c9f0e8bb1209dc7d
56.0,104.0,4393,test,2713.1901683745355,1.0,1.0,"(1, 2)",6122f332c9f0e8bb1209dc7d
56.0,104.0,4394,test,2713.1901683745355,1.0,1.0,"(1, 2)",6122f332c9f0e8bb1209dc7d
56.0,104.0,4395,test,2713.1901683745355,1.0,1.0,"(1, 2)",6122f332c9f0e8bb1209dc7d
56.0,104.0,4396,test,2713.1901683745355,1.0,1.0,"(1, 2)",6122f332c9f0e8bb1209dc7d
56.0,104.0,4397,test,2713.1901683745355,1.0,1.0,"(1, 2)",6122f332c9f0e8bb1209dc7d
56.0,104.0,4398,test,2713.1901683745355,1.0,1.0,"(1, 2)",6122f332c9f0e8bb1209dc7d
56.0,104.0,4399,test,2713.1901683745355,1.0,1.0,"(1, 2)",6122f332c9f0e8bb1209dc7d
56.0,104.0,4400,test,2713.1901683745355,1.0,1.0,"(1, 2)",6122f332c9f0e8bb1209dc7d
56.0,104.0,4401,test,2713.1901683745355,1.0,1.0,"(1, 2)",6122f332c9f0e8bb1209dc7d
56.0,104.0,4402,test,2713.1901683745355,1.0,1.0,"(1, 2)",6122f332c9f0e8bb1209dc7d
56.0,104.0,4403,test,2713.1901683745355,1.0,1.0,"(1, 2)",6122f332c9f0e8bb1209dc7d
56.0,104.0,4404,test,2713.1901683745355,1.0,1.0,"(1, 2)",6122f332c9f0e8bb1209dc7d
56.0,104.0,4405,test,2713.1901683745355,1.0,1.0,"(1, 2)",6122f332c9f0e8bb1209dc7d
56.0,104.0,4406,test,2713.1901683745355,1.0,1.0,"(1, 2)",6122f332c9f0e8bb1209dc7d
56.0,104.0,4407,test,2713.1901683745355,1.0,1.0,"(1, 2)",6122f332c9f0e8bb1209dc7d
56.0,104.0,4408,test,2713.1901683745355,1.0,1.0,"(1, 2)",6122f332c9f0e8bb1209dc7d
56.0,104.0,4409,test,2713.1901683745355,1.0,1.0,"(1, 2)",6122f332c9f0e8bb1209dc7d
56.0,104.0,4410,test,2713.1901683745355,1.0,1.0,"(1, 2)",6122f332c9f0e8bb1209dc7d
56.0,104.0,4411,test,2713.1901683745355,1.0,1.0,"(1, 2)",6122f332c9f0e8bb1209dc7d
56.0,104.0,4412,test,2713.1901683745355,1.0,1.0,"(1, 2)",6122f332c9f0e8bb1209dc7d
56.0,104.0,4413,test,2713.1901683745355,1.0,1.0,"(1, 2)",6122f332c9f0e8bb1209dc7d
56.0,104.0,4414,test,2713.1901683745355,1.0,1.0,"(1, 2)",6122f332c9f0e8bb1209dc7d
56.0,104.0,4415,test,2713.1901683745355,1.0,1.0,"(1, 2)",6122f332c9f0e8bb1209dc7d
56.0,104.0,4416,test,2713.1901683745355,1.0,1.0,"(1, 2)",6122f332c9f0e8bb1209dc7d
56.0,104.0,4417,test,2713.1901683745355,1.0,1.0,"(1, 2)",6122f332c9f0e8bb1209dc7d
56.0,104.0,4418,test,2713.1901683745355,1.0,1.0,"(1, 2)",6122f332c9f0e8bb1209dc7d
56.0,104.0,4419,test,2713.1901683745355,1.0,1.0,"(1, 2)",6122f332c9f0e8bb1209dc7d
56.0,104.0,4420,test,2713.1901683745355,1.0,1.0,"(1, 2)",6122f332c9f0e8bb1209dc7d
56.0,104.0,4421,test,2713.1901683745355,1.0,1.0,"(1, 2)",6122f332c9f0e8bb1209dc7d
56.0,104.0,4422,test,2713.1901683745355,1.0,1.0,"(1, 2)",6122f332c9f0e8bb1209dc7d
56.0,104.0,4423,test,2713.1901683745355,1.0,1.0,"(1, 2)",6122f332c9f0e8bb1209dc7d
56.0,104.0,4424,test,2713.1901683745355,1.0,1.0,"(1, 2)",6122f332c9f0e8bb1209dc7d
56.0,104.0,4425,test,2713.1901683745355,1.0,1.0,"(1, 2)",6122f332c9f0e8bb1209dc7d
56.0,104.0,4426,test,2713.1901683745355,1.0,1.0,"(1, 2)",6122f332c9f0e8bb1209dc7d
56.0,104.0,4427,test,2713.1901683745355,1.0,1.0,"(1, 2)",6122f332c9f0e8bb1209dc7d
56.0,104.0,4428,test,2713.1901683745355,1.0,1.0,"(1, 2)",6122f332c9f0e8bb1209dc7d
56.0,104.0,4429,test,2713.1901683745355,1.0,1.0,"(1, 2)",6122f332c9f0e8bb1209dc7d
56.0,104.0,4430,test,2713.1901683745355,1.0,1.0,"(1, 2)",6122f332c9f0e8bb1209dc7d
56.0,104.0,4431,test,2713.1901683745355,1.0,1.0,"(1, 2)",6122f332c9f0e8bb1209dc7d
56.0,104.0,4432,test,2713.1901683745355,1.0,1.0,"(1, 2)",6122f332c9f0e8bb1209dc7d
56.0,104.0,4433,test,2713.1901683745355,1.0,1.0,"(1, 2)",6122f332c9f0e8bb1209dc7d
56.0,104.0,4434,test,2713.1901683745355,1.0,1.0,"(1, 2)",6122f332c9f0e8bb1209dc7d
56.0,104.0,4435,test,2713.1901683745355,1.0,1.0,"(1, 2)",6122f332c9f0e8bb1209dc7d
56.0,104.0,4436,test,2713.1901683745355,1.0,1.0,"(1, 2)",6122f332c9f0e8bb1209dc7d
56.0,104.0,4437,test,2713.1901683745355,1.0,1.0,"(1, 2)",6122f332c9f0e8bb1209dc7d
56.0,104.0,4438,test,2713.1901683745355,1.0,1.0,"(1, 2)",6122f332c9f0e8bb1209dc7d
56.0,104.0,4439,test,2713.1901683745355,1.0,1.0,"(1, 2)",6122f332c9f0e8bb1209dc7d
56.0,104.0,4440,test,2713.1901683745355,1.0,1.0,"(1, 2)",6122f332c9f0e8bb1209dc7d
56.0,104.0,4441,test,2713.1901683745355,1.0,1.0,"(1, 2)",6122f332c9f0e8bb1209dc7d
56.0,104.0,4442,test,2713.1901683745355,1.0,1.0,"(1, 2)",6122f332c9f0e8bb1209dc7d
56.0,104.0,4443,test,2713.1901683745355,1.0,1.0,"(1, 2)",6122f332c9f0e8bb1209dc7d
56.0,104.0,4444,test,2713.1901683745355,1.0,1.0,"(1, 2)",6122f332c9f0e8bb1209dc7d
56.0,104.0,4445,test,2713.1901683745355,1.0,1.0,"(1, 2)",6122f332c9f0e8bb1209dc7d
56.0,104.0,4446,test,2713.1901683745355,1.0,1.0,"(1, 2)",6122f332c9f0e8bb1209dc7d
56.0,104.0,4447,test,2713.1901683745355,1.0,1.0,"(1, 2)",6122f332c9f0e8bb1209dc7d
56.0,104.0,4448,test,2713.1901683745355,1.0,1.0,"(1, 2)",6122f332c9f0e8bb1209dc7d
56.0,104.0,4449,test,2713.1901683745355,1.0,1.0,"(1, 2)",6122f332c9f0e8bb1209dc7d
56.0,104.0,4450,test,2713.1901683745355,1.0,1.0,"(1, 2)",6122f332c9f0e8bb1209dc7d
56.0,104.0,4451,test,2713.1901683745355,1.0,1.0,"(1, 2)",6122f332c9f0e8bb1209dc7d
56.0,104.0,4452,test,2713.1901683745355,1.0,1.0,"(1, 2)",6122f332c9f0e8bb1209dc7d
56.0,104.0,4453,test,2713.1901683745355,1.0,1.0,"(1, 2)",6122f332c9f0e8bb1209dc7d
56.0,104.0,4454,test,2713.1901683745355,1.0,1.0,"(1, 2)",6122f332c9f0e8bb1209dc7d
56.0,104.0,4455,test,2713.1901683745355,1.0,1.0,"(1, 2)",6122f332c9f0e8bb1209dc7d
56.0,104.0,4456,test,2713.1901683745355,1.0,1.0,"(1, 2)",6122f332c9f0e8bb1209dc7d
56.0,104.0,4457,test,2713.1901683745355,1.0,1.0,"(1, 2)",6122f332c9f0e8bb1209dc7d
56.0,104.0,4458,test,2713.1901683745355,1.0,1.0,"(1, 2)",6122f332c9f0e8bb1209dc7d
56.0,104.0,4459,test,2713.1901683745355,1.0,1.0,"(1, 2)",6122f332c9f0e8bb1209dc7d
56.0,104.0,4460,test,2713.1901683745355,1.0,1.0,"(1, 2)",6122f332c9f0e8bb1209dc7d
56.0,104.0,4461,test,2713.1901683745355,1.0,1.0,"(1, 2)",6122f332c9f0e8bb1209dc7d
56.0,104.0,4462,test,2713.1901683745355,1.0,1.0,"(1, 2)",6122f332c9f0e8bb1209dc7d
56.0,104.0,4463,test,2713.1901683745355,1.0,1.0,"(1, 2)",6122f332c9f0e8bb1209dc7d
56.0,104.0,4464,test,2713.1901683745355,1.0,1.0,"(1, 2)",6122f332c9f0e8bb1209dc7d
56.0,104.0,4465,test,2713.1901683745355,1.0,1.0,"(1, 2)",6122f332c9f0e8bb1209dc7d
56.0,104.0,4466,test,2713.1901683745355,1.0,1.0,"(1, 2)",6122f332c9f0e8bb1209dc7d
56.0,104.0,4467,test,2713.1901683745355,1.0,1.0,"(1, 2)",6122f332c9f0e8bb1209dc7d
56.0,104.0,4468,test,2713.1901683745355,1.0,1.0,"(1, 2)",6122f332c9f0e8bb1209dc7d
56.0,104.0,4469,test,2713.1901683745355,1.0,1.0,"(1, 2)",6122f332c9f0e8bb1209dc7d
56.0,104.0,4470,test,2713.1901683745355,1.0,1.0,"(1, 2)",6122f332c9f0e8bb1209dc7d
56.0,104.0,4471,test,2713.1901683745355,1.0,1.0,"(1, 2)",6122f332c9f0e8bb1209dc7d
56.0,104.0,4472,test,2713.1901683745355,1.0,1.0,"(1, 2)",6122f332c9f0e8bb1209dc7d
56.0,104.0,4473,test,2713.1901683745355,1.0,1.0,"(1, 2)",6122f332c9f0e8bb1209dc7d
56.0,104.0,4474,test,2713.1901683745355,1.0,1.0,"(1, 2)",6122f332c9f0e8bb1209dc7d
56.0,104.0,4475,test,2713.1901683745355,1.0,1.0,"(1, 2)",6122f332c9f0e8bb1209dc7d
56.0,104.0,4476,test,2713.1901683745355,1.0,1.0,"(1, 2)",6122f332c9f0e8bb1209dc7d
56.0,104.0,4477,test,2713.1901683745355,1.0,1.0,"(1, 2)",6122f332c9f0e8bb1209dc7d
56.0,104.0,4478,test,2713.1901683745355,1.0,1.0,"(1, 2)",6122f332c9f0e8bb1209dc7d
56.0,104.0,4479,test,2713.1901683745355,1.0,1.0,"(1, 2)",6122f332c9f0e8bb1209dc7d
56.0,104.0,4480,test,2713.1901683745355,1.0,1.0,"(1, 2)",6122f332c9f0e8bb1209dc7d
56.0,102.74999999999972,4481,test,2714.440168374536,1.0,1.0,"(1, 2)",6122f332c9f0e8bb1209dc7d
56.0,101.49999999999943,4482,test,2715.6901683745364,1.0,1.0,"(1, 2)",6122f332c9f0e8bb1209dc7d
56.0,100.24999999999915,4483,test,2716.940168374537,1.0,1.0,"(1, 2)",6122f332c9f0e8bb1209dc7d
56.0,98.99999999999886,4484,test,2718.1901683745373,1.0,1.0,"(1, 2)",6122f332c9f0e8bb1209dc7d
56.0,97.74999999999858,4485,test,2719.4401683745377,1.0,1.0,"(1, 2)",6122f332c9f0e8bb1209dc7d
56.0,96.4999999999983,4486,test,2720.690168374538,1.0,1.0,"(1, 2)",6122f332c9f0e8bb1209dc7d
56.0,95.24999999999801,4487,test,2721.9401683745386,1.0,1.0,"(1, 2)",6122f332c9f0e8bb1209dc7d
56.0,93.99999999999773,4488,test,2723.190168374539,1.0,1.0,"(1, 2)",6122f332c9f0e8bb1209dc7d
56.0,92.74999999999744,4489,test,2724.4401683745396,1.0,1.0,"(1, 2)",6122f332c9f0e8bb1209dc7d
56.0,91.49999999999716,4490,test,2725.69016837454,1.0,1.0,"(1, 2)",6122f332c9f0e8bb1209dc7d
56.0,90.24999999999687,4491,test,2726.9401683745405,1.0,1.0,"(1, 2)",6122f332c9f0e8bb1209dc7d
56.0,88.99999999999659,4492,test,2728.190168374541,1.0,1.0,"(1, 2)",6122f332c9f0e8bb1209dc7d
56.0,87.7499999999963,4493,test,2729.4401683745414,1.0,1.0,"(1, 2)",6122f332c9f0e8bb1209dc7d
56.0,86.49999999999602,4494,test,2730.690168374542,1.0,1.0,"(1, 2)",6122f332c9f0e8bb1209dc7d
56.0,85.24999999999574,4495,test,2731.9401683745423,1.0,1.0,"(1, 2)",6122f332c9f0e8bb1209dc7d
56.0,83.99999999999545,4496,test,2733.1901683745427,1.0,1.0,"(1, 2)",6122f332c9f0e8bb1209dc7d
56.0,82.74999999999517,4497,test,2734.440168374543,1.0,1.0,"(1, 2)",6122f332c9f0e8bb1209dc7d
56.0,81.49999999999488,4498,test,2735.6901683745436,1.0,1.0,"(1, 2)",6122f332c9f0e8bb1209dc7d
56.0,80.2499999999946,4499,test,2736.940168374544,1.0,1.0,"(1, 2)",6122f332c9f0e8bb1209dc7d
56.0,78.99999999999432,4500,test,2738.1901683745446,1.0,1.0,"(1, 2)",6122f332c9f0e8bb1209dc7d
56.0,77.74999999999403,4501,test,2739.440168374545,1.0,1.0,"(1, 2)",6122f332c9f0e8bb1209dc7d
56.0,76.49999999999375,4502,test,2740.6901683745455,1.0,1.0,"(1, 2)",6122f332c9f0e8bb1209dc7d
56.0,75.24999999999346,4503,test,2741.940168374546,1.0,1.0,"(1, 2)",6122f332c9f0e8bb1209dc7d
56.0,73.99999999999318,4504,test,2743.1901683745464,1.0,1.0,"(1, 2)",6122f332c9f0e8bb1209dc7d
56.0,72.7499999999929,4505,test,2744.440168374547,1.0,1.0,"(1, 2)",6122f332c9f0e8bb1209dc7d
56.0,71.49999999999261,4506,test,2745.6901683745473,1.0,1.0,"(1, 2)",6122f332c9f0e8bb1209dc7d
56.0,70.24999999999233,4507,test,2746.9401683745477,1.0,1.0,"(1, 2)",6122f332c9f0e8bb1209dc7d
56.0,68.99999999999204,4508,test,2748.190168374548,1.0,1.0,"(1, 2)",6122f332c9f0e8bb1209dc7d
56.0,67.74999999999176,4509,test,2749.4401683745486,1.0,1.0,"(1, 2)",6122f332c9f0e8bb1209dc7d
56.0,66.49999999999147,4510,test,2750.690168374549,1.0,1.0,"(1, 2)",6122f332c9f0e8bb1209dc7d
56.0,65.24999999999119,4511,test,2751.9401683745496,1.0,1.0,"(1, 2)",6122f332c9f0e8bb1209dc7d
56.0,63.999999999990905,4512,test,2753.19016837455,1.0,1.0,"(1, 2)",6122f332c9f0e8bb1209dc7d
56.0,62.74999999999062,4513,test,2754.4401683745505,1.0,1.0,"(1, 2)",6122f332c9f0e8bb1209dc7d
56.0,61.49999999999034,4514,test,2755.690168374551,1.0,1.0,"(1, 2)",6122f332c9f0e8bb1209dc7d
56.0,60.24999999999005,4515,test,2756.9401683745514,1.0,1.0,"(1, 2)",6122f332c9f0e8bb1209dc7d
56.0,58.99999999998977,4516,test,2758.190168374552,1.0,1.0,"(1, 2)",6122f332c9f0e8bb1209dc7d
56.0,57.749999999989484,4517,test,2759.4401683745523,1.0,1.0,"(1, 2)",6122f332c9f0e8bb1209dc7d
56.0,56.4999999999892,4518,test,2760.6901683745527,1.0,1.0,"(1, 2)",6122f332c9f0e8bb1209dc7d
56.66756619610814,55.52408922643008,4519,test,2761.872558523419,1.0,1.0,"(1, 2)",6122f332c9f0e8bb1209dc7d
57.54594276993464,54.634732945431324,4520,test,2763.1225585234183,1.0,1.0,"(1, 2)",6122f332c9f0e8bb1209dc7d
58.42431934376114,53.74537666443257,4521,test,2764.372558523418,1.0,1.0,"(1, 2)",6122f332c9f0e8bb1209dc7d
59.30269591758764,52.856020383433815,4522,test,2765.6225585234174,1.0,1.0,"(1, 2)",6122f332c9f0e8bb1209dc7d
60.18107249141414,51.96666410243506,4523,test,2766.872558523417,1.0,1.0,"(1, 2)",6122f332c9f0e8bb1209dc7d
61.05944906524064,51.07730782143631,4524,test,2768.1225585234165,1.0,1.0,"(1, 2)",6122f332c9f0e8bb1209dc7d
61.93782563906714,50.18795154043755,4525,test,2769.372558523416,1.0,1.0,"(1, 2)",6122f332c9f0e8bb1209dc7d
62.81620221289364,49.2985952594388,4526,test,2770.6225585234156,1.0,1.0,"(1, 2)",6122f332c9f0e8bb1209dc7d
63.69457878672014,48.409238978440044,4527,test,2771.872558523415,1.0,1.0,"(1, 2)",6122f332c9f0e8bb1209dc7d
64.57295536054711,47.51988269744129,4528,test,2773.122558523415,1.0,1.0,"(1, 2)",6122f332c9f0e8bb1209dc7d
65.45133193437432,46.630526416442535,4529,test,2774.372558523415,1.0,1.0,"(1, 2)",6122f332c9f0e8bb1209dc7d
66.32970850820153,45.74117013544363,4530,test,2775.6225585234156,1.0,1.0,"(1, 2)",6122f332c9f0e8bb1209dc7d
67.20808508202875,44.85181385444417,4531,test,2776.872558523416,1.0,1.0,"(1, 2)",6122f332c9f0e8bb1209dc7d
68.08646165585596,43.9624575734447,4532,test,2778.1225585234165,1.0,1.0,"(1, 2)",6122f332c9f0e8bb1209dc7d
68.96483822968317,43.07310129244524,4533,test,2779.372558523417,1.0,1.0,"(1, 2)",6122f332c9f0e8bb1209dc7d
69.84321480351015,42.18374501144577,4534,test,2780.6225585234174,1.0,1.0,"(1, 2)",6122f332c9f0e8bb1209dc7d
70.72159137733686,41.29438873044631,4535,test,2781.872558523418,1.0,1.0,"(1, 2)",6122f332c9f0e8bb1209dc7d
71.59996795116358,40.40503244944684,4536,test,2783.1225585234183,1.0,1.0,"(1, 2)",6122f332c9f0e8bb1209dc7d
72.48248070082789,39.51978643328271,4537,test,2784.372554228393,1.0,1.0,"(1, 2)",6122f332c9f0e8bb1209dc7d
73.36629961128304,38.63583839548705,4538,test,2785.6225542283933,1.0,1.0,"(1, 2)",6122f332c9f0e8bb1209dc7d
74.25011852173819,37.75189035769132,4539,test,2786.8725542283937,1.0,1.0,"(1, 2)",6122f332c9f0e8bb1209dc7d
75.13393743219333,36.86794231989559,4540,test,2788.122554228394,1.0,1.0,"(1, 2)",6122f332c9f0e8bb1209dc7d
76.01775634264848,35.98399428209986,4541,test,2789.3725542283946,1.0,1.0,"(1, 2)",6122f332c9f0e8bb1209dc7d
76.90157525310363,35.100046244304124,4542,test,2790.622554228395,1.0,1.0,"(1, 2)",6122f332c9f0e8bb1209dc7d
77.78539416355878,34.21609820650839,4543,test,2791.8725542283955,1.0,1.0,"(1, 2)",6122f332c9f0e8bb1209dc7d
78.66921307401392,33.332150168712666,4544,test,2793.122554228396,1.0,1.0,"(1, 2)",6122f332c9f0e8bb1209dc7d
79.55303198446907,32.44820213091694,4545,test,2794.3725542283964,1.0,1.0,"(1, 2)",6122f332c9f0e8bb1209dc7d
80.43685089492422,31.564254093121356,4546,test,2795.622554228397,1.0,1.0,"(1, 2)",6122f332c9f0e8bb1209dc7d
81.32066980537937,30.68030605532592,4547,test,2796.872554228397,1.0,1.0,"(1, 2)",6122f332c9f0e8bb1209dc7d
82.20448871583451,29.796358017530487,4548,test,2798.122554228397,1.0,1.0,"(1, 2)",6122f332c9f0e8bb1209dc7d
83.08830762628966,28.912409979735052,4549,test,2799.372554228397,1.0,1.0,"(1, 2)",6122f332c9f0e8bb1209dc7d
83.97212653674481,28.028461941939618,4550,test,2800.622554228397,1.0,1.0,"(1, 2)",6122f332c9f0e8bb1209dc7d
84.85594544719996,27.144513904143984,4551,test,2801.8725542283973,1.0,1.0,"(1, 2)",6122f332c9f0e8bb1209dc7d
85.7397643576551,26.260565866348195,4552,test,2803.122554228398,1.0,1.0,"(1, 2)",6122f332c9f0e8bb1209dc7d
86.62358326811022,25.376617828552405,4553,test,2804.3725542283983,1.0,1.0,"(1, 2)",6122f332c9f0e8bb1209dc7d
87.5074021785646,24.492669790756615,4554,test,2805.6225542283983,1.0,1.0,"(1, 2)",6122f332c9f0e8bb1209dc7d
88.0,24.0,4555,test,2806.3192436401214,1.0,1.0,"(1, 2)",6122f332c9f0e8bb1209dc7d
88.0,24.0,4556,test,2806.3192436401214,1.0,1.0,"(1, 2)",6122f332c9f0e8bb1209dc7d
88.0,24.0,4557,test,2806.3192436401214,1.0,1.0,"(1, 2)",6122f332c9f0e8bb1209dc7d
88.0,24.0,4558,test,2806.3192436401214,1.0,1.0,"(1, 2)",6122f332c9f0e8bb1209dc7d
88.0,24.0,4559,test,2806.3192436401214,1.0,1.0,"(1, 2)",6122f332c9f0e8bb1209dc7d
88.0,24.0,4560,test,2806.3192436401214,1.0,1.0,"(1, 2)",6122f332c9f0e8bb1209dc7d
88.0,24.0,4561,test,2806.3192436401214,1.0,1.0,"(1, 2)",6122f332c9f0e8bb1209dc7d
88.0,24.0,4562,test,2806.3192436401214,1.0,1.0,"(1, 2)",6122f332c9f0e8bb1209dc7d
88.0,24.0,4563,test,2806.3192436401214,1.0,1.0,"(1, 2)",6122f332c9f0e8bb1209dc7d
88.0,24.0,4564,test,2806.3192436401214,1.0,1.0,"(1, 2)",6122f332c9f0e8bb1209dc7d
88.0,24.0,4565,test,2806.3192436401214,1.0,1.0,"(1, 2)",6122f332c9f0e8bb1209dc7d
88.0,24.0,4566,test,2806.3192436401214,1.0,1.0,"(1, 2)",6122f332c9f0e8bb1209dc7d
88.0,24.0,4567,test,2806.3192436401214,1.0,1.0,"(1, 2)",6122f332c9f0e8bb1209dc7d
88.0,24.0,4568,test,2806.3192436401214,1.0,1.0,"(1, 2)",6122f332c9f0e8bb1209dc7d
88.0,24.0,4569,test,2806.3192436401214,1.0,1.0,"(1, 2)",6122f332c9f0e8bb1209dc7d
88.0,24.0,4570,test,2806.3192436401214,1.0,1.0,"(1, 2)",6122f332c9f0e8bb1209dc7d
88.0,24.0,4571,test,2806.3192436401214,1.0,1.0,"(1, 2)",6122f332c9f0e8bb1209dc7d
88.0,24.0,4572,test,2806.3192436401214,1.0,1.0,"(1, 2)",6122f332c9f0e8bb1209dc7d
88.0,24.0,4573,test,2806.3192436401214,1.0,1.0,"(1, 2)",6122f332c9f0e8bb1209dc7d
88.0,24.0,4574,test,2806.3192436401214,1.0,1.0,"(1, 2)",6122f332c9f0e8bb1209dc7d
88.0,24.0,4575,test,2806.3192436401214,1.0,1.0,"(1, 2)",6122f332c9f0e8bb1209dc7d
88.0,24.0,4576,test,2806.3192436401214,1.0,1.0,"(1, 2)",6122f332c9f0e8bb1209dc7d
88.0,24.0,4577,test,2806.3192436401214,1.0,1.0,"(1, 2)",6122f332c9f0e8bb1209dc7d
88.0,24.0,4578,test,2806.3192436401214,1.0,1.0,"(1, 2)",6122f332c9f0e8bb1209dc7d
88.0,24.0,4579,test,2806.3192436401214,1.0,1.0,"(1, 2)",6122f332c9f0e8bb1209dc7d
88.0,24.0,4580,test,2806.3192436401214,1.0,1.0,"(1, 2)",6122f332c9f0e8bb1209dc7d
88.0,24.0,4581,test,2806.3192436401214,1.0,1.0,"(1, 2)",6122f332c9f0e8bb1209dc7d
88.0,24.0,4582,test,2806.3192436401214,1.0,1.0,"(1, 2)",6122f332c9f0e8bb1209dc7d
88.0,24.0,4583,test,2806.3192436401214,1.0,1.0,"(1, 2)",6122f332c9f0e8bb1209dc7d
88.0,24.0,4584,test,2806.3192436401214,1.0,1.0,"(1, 2)",6122f332c9f0e8bb1209dc7d
88.0,24.0,4585,test,2806.3192436401214,1.0,1.0,"(1, 2)",6122f332c9f0e8bb1209dc7d
88.0,24.0,4586,test,2806.3192436401214,1.0,1.0,"(1, 2)",6122f332c9f0e8bb1209dc7d
88.0,24.0,4587,test,2806.3192436401214,1.0,1.0,"(1, 2)",6122f332c9f0e8bb1209dc7d
88.0,24.0,4588,test,2806.3192436401214,1.0,1.0,"(1, 2)",6122f332c9f0e8bb1209dc7d
88.0,24.0,4589,test,2806.3192436401214,1.0,1.0,"(1, 2)",6122f332c9f0e8bb1209dc7d
88.0,24.0,4590,test,2806.3192436401214,1.0,1.0,"(1, 2)",6122f332c9f0e8bb1209dc7d
88.0,24.0,4591,test,2806.3192436401214,1.0,1.0,"(1, 2)",6122f332c9f0e8bb1209dc7d
88.0,24.0,4592,test,2806.3192436401214,1.0,1.0,"(1, 2)",6122f332c9f0e8bb1209dc7d
88.0,24.0,4593,test,2806.3192436401214,1.0,1.0,"(1, 2)",6122f332c9f0e8bb1209dc7d
88.0,24.0,4594,test,2806.3192436401214,1.0,1.0,"(1, 2)",6122f332c9f0e8bb1209dc7d
88.0,24.0,4595,test,2806.3192436401214,1.0,1.0,"(1, 2)",6122f332c9f0e8bb1209dc7d
88.0,24.0,4596,test,2806.3192436401214,1.0,1.0,"(1, 2)",6122f332c9f0e8bb1209dc7d
88.0,24.0,4597,test,2806.3192436401214,1.0,1.0,"(1, 2)",6122f332c9f0e8bb1209dc7d
88.0,24.0,4598,test,2806.3192436401214,1.0,1.0,"(1, 2)",6122f332c9f0e8bb1209dc7d
88.0,24.0,4599,test,2806.3192436401214,1.0,1.0,"(1, 2)",6122f332c9f0e8bb1209dc7d
88.0,24.0,4600,test,2806.3192436401214,1.0,1.0,"(1, 2)",6122f332c9f0e8bb1209dc7d
88.0,24.0,4601,test,2806.3192436401214,1.0,1.0,"(1, 2)",6122f332c9f0e8bb1209dc7d
88.0,24.0,4602,test,2806.3192436401214,1.0,1.0,"(1, 2)",6122f332c9f0e8bb1209dc7d
88.0,24.0,4603,test,2806.3192436401214,1.0,1.0,"(1, 2)",6122f332c9f0e8bb1209dc7d
88.0,24.0,4604,test,2806.3192436401214,1.0,1.0,"(1, 2)",6122f332c9f0e8bb1209dc7d
88.0,24.0,4605,test,2806.3192436401214,1.0,1.0,"(1, 2)",6122f332c9f0e8bb1209dc7d
88.0,24.0,4606,test,2806.3192436401214,1.0,1.0,"(1, 2)",6122f332c9f0e8bb1209dc7d
88.0,24.0,4607,test,2806.3192436401214,1.0,1.0,"(1, 2)",6122f332c9f0e8bb1209dc7d
88.0,24.0,4608,test,2806.3192436401214,1.0,1.0,"(1, 2)",6122f332c9f0e8bb1209dc7d
88.0,24.0,4609,test,2806.3192436401214,1.0,1.0,"(1, 2)",6122f332c9f0e8bb1209dc7d
88.0,24.0,4610,test,2806.3192436401214,1.0,1.0,"(1, 2)",6122f332c9f0e8bb1209dc7d
88.0,24.0,4611,test,2806.3192436401214,1.0,1.0,"(1, 2)",6122f332c9f0e8bb1209dc7d
88.0,24.0,4612,test,2806.3192436401214,1.0,1.0,"(1, 2)",6122f332c9f0e8bb1209dc7d
88.0,24.0,4613,test,2806.3192436401214,1.0,1.0,"(1, 2)",6122f332c9f0e8bb1209dc7d
88.0,24.0,4614,test,2806.3192436401214,1.0,1.0,"(1, 2)",6122f332c9f0e8bb1209dc7d
88.0,24.0,4615,test,2806.3192436401214,1.0,1.0,"(1, 2)",6122f332c9f0e8bb1209dc7d
88.0,24.0,4616,test,2806.3192436401214,1.0,1.0,"(1, 2)",6122f332c9f0e8bb1209dc7d
88.0,24.0,4617,test,2806.3192436401214,1.0,1.0,"(1, 2)",6122f332c9f0e8bb1209dc7d
88.0,24.0,4618,test,2806.3192436401214,1.0,1.0,"(1, 2)",6122f332c9f0e8bb1209dc7d
88.0,24.0,4619,test,2806.3192436401214,1.0,1.0,"(1, 2)",6122f332c9f0e8bb1209dc7d
88.0,24.0,4620,test,2806.3192436401214,1.0,1.0,"(1, 2)",6122f332c9f0e8bb1209dc7d
88.0,24.0,4621,test,2806.3192436401214,1.0,1.0,"(1, 2)",6122f332c9f0e8bb1209dc7d
88.0,24.0,4622,test,2806.3192436401214,1.0,1.0,"(1, 2)",6122f332c9f0e8bb1209dc7d
88.0,24.0,4623,test,2806.3192436401214,1.0,1.0,"(1, 2)",6122f332c9f0e8bb1209dc7d
88.0,24.0,4624,test,2806.3192436401214,1.0,1.0,"(1, 2)",6122f332c9f0e8bb1209dc7d
88.0,24.0,4625,test,2806.3192436401214,1.0,1.0,"(1, 2)",6122f332c9f0e8bb1209dc7d
88.0,24.0,4626,test,2806.3192436401214,1.0,1.0,"(1, 2)",6122f332c9f0e8bb1209dc7d
88.0,24.0,4627,test,2806.3192436401214,1.0,1.0,"(1, 2)",6122f332c9f0e8bb1209dc7d
88.0,24.0,4628,test,2806.3192436401214,1.0,1.0,"(1, 2)",6122f332c9f0e8bb1209dc7d
88.0,24.0,4629,test,2806.3192436401214,1.0,1.0,"(1, 2)",6122f332c9f0e8bb1209dc7d
88.0,24.0,4630,test,2806.3192436401214,1.0,1.0,"(1, 2)",6122f332c9f0e8bb1209dc7d
88.0,24.0,4631,test,2806.3192436401214,1.0,1.0,"(1, 2)",6122f332c9f0e8bb1209dc7d
88.0,24.0,4632,test,2806.3192436401214,1.0,1.0,"(1, 2)",6122f332c9f0e8bb1209dc7d
88.0,24.0,4633,test,2806.3192436401214,1.0,1.0,"(1, 2)",6122f332c9f0e8bb1209dc7d
88.0,24.0,4634,test,2806.3192436401214,1.0,1.0,"(1, 2)",6122f332c9f0e8bb1209dc7d
88.0,24.0,4635,test,2806.3192436401214,1.0,1.0,"(1, 2)",6122f332c9f0e8bb1209dc7d
88.0,24.0,4636,test,2806.3192436401214,1.0,1.0,"(1, 2)",6122f332c9f0e8bb1209dc7d
87.11611652351695,24.88388347648305,4637,test,2807.5692436401214,1.0,1.0,"(1, 2)",6122f332c9f0e8bb1209dc7d
86.2322330470339,25.7677669529661,4638,test,2808.8192436401214,1.0,1.0,"(1, 2)",6122f332c9f0e8bb1209dc7d
85.34834957055085,26.65165042944915,4639,test,2810.0692436401214,1.0,1.0,"(1, 2)",6122f332c9f0e8bb1209dc7d
84.4644660940678,27.535533905932198,4640,test,2811.3192436401214,1.0,1.0,"(1, 2)",6122f332c9f0e8bb1209dc7d
83.58058261758475,28.419417382415247,4641,test,2812.5692436401214,1.0,1.0,"(1, 2)",6122f332c9f0e8bb1209dc7d
82.6966991411017,29.303300858898297,4642,test,2813.8192436401214,1.0,1.0,"(1, 2)",6122f332c9f0e8bb1209dc7d
81.81281566461865,30.187184335381346,4643,test,2815.0692436401214,1.0,1.0,"(1, 2)",6122f332c9f0e8bb1209dc7d
80.9289321881356,31.071067811864395,4644,test,2816.3192436401214,1.0,1.0,"(1, 2)",6122f332c9f0e8bb1209dc7d
80.04504871165256,31.954951288347445,4645,test,2817.5692436401214,1.0,1.0,"(1, 2)",6122f332c9f0e8bb1209dc7d
79.1611652351695,32.838834764830494,4646,test,2818.8192436401214,1.0,1.0,"(1, 2)",6122f332c9f0e8bb1209dc7d
78.27728175868646,33.722718241313544,4647,test,2820.0692436401214,1.0,1.0,"(1, 2)",6122f332c9f0e8bb1209dc7d
77.3933982822034,34.60660171779659,4648,test,2821.3192436401214,1.0,1.0,"(1, 2)",6122f332c9f0e8bb1209dc7d
76.50951480572036,35.49048519427964,4649,test,2822.5692436401214,1.0,1.0,"(1, 2)",6122f332c9f0e8bb1209dc7d
75.62563132923731,36.37436867076269,4650,test,2823.8192436401214,1.0,1.0,"(1, 2)",6122f332c9f0e8bb1209dc7d
74.74174785275426,37.25825214724574,4651,test,2825.0692436401214,1.0,1.0,"(1, 2)",6122f332c9f0e8bb1209dc7d
73.85786437627121,38.14213562372879,4652,test,2826.3192436401214,1.0,1.0,"(1, 2)",6122f332c9f0e8bb1209dc7d
72.97398089978816,39.02601910021184,4653,test,2827.5692436401214,1.0,1.0,"(1, 2)",6122f332c9f0e8bb1209dc7d
72.09009742330511,39.90990257669489,4654,test,2828.8192436401214,1.0,1.0,"(1, 2)",6122f332c9f0e8bb1209dc7d
71.20621394682206,40.79378605317794,4655,test,2830.0692436401214,1.0,1.0,"(1, 2)",6122f332c9f0e8bb1209dc7d
70.32233047033901,41.67766952966099,4656,test,2831.3192436401214,1.0,1.0,"(1, 2)",6122f332c9f0e8bb1209dc7d
69.43844699385596,42.56155300614404,4657,test,2832.5692436401214,1.0,1.0,"(1, 2)",6122f332c9f0e8bb1209dc7d
68.55456351737291,43.44543648262709,4658,test,2833.8192436401214,1.0,1.0,"(1, 2)",6122f332c9f0e8bb1209dc7d
67.67068004088986,44.32931995911014,4659,test,2835.0692436401214,1.0,1.0,"(1, 2)",6122f332c9f0e8bb1209dc7d
66.78679656440681,45.213203435593186,4660,test,2836.3192436401214,1.0,1.0,"(1, 2)",6122f332c9f0e8bb1209dc7d
65.90291308792376,46.097086912076236,4661,test,2837.5692436401214,1.0,1.0,"(1, 2)",6122f332c9f0e8bb1209dc7d
65.01902961144071,46.980970388559285,4662,test,2838.8192436401214,1.0,1.0,"(1, 2)",6122f332c9f0e8bb1209dc7d
64.13514613495767,47.864853865042335,4663,test,2840.0692436401214,1.0,1.0,"(1, 2)",6122f332c9f0e8bb1209dc7d
63.251262658474616,48.748737341525384,4664,test,2841.3192436401214,1.0,1.0,"(1, 2)",6122f332c9f0e8bb1209dc7d
62.367379181991566,49.632620818008434,4665,test,2842.5692436401214,1.0,1.0,"(1, 2)",6122f332c9f0e8bb1209dc7d
61.48349570550852,50.51650429449148,4666,test,2843.8192436401214,1.0,1.0,"(1, 2)",6122f332c9f0e8bb1209dc7d
60.59961222902547,51.40038777097453,4667,test,2845.0692436401214,1.0,1.0,"(1, 2)",6122f332c9f0e8bb1209dc7d
59.71572875254242,52.28427124745758,4668,test,2846.3192436401214,1.0,1.0,"(1, 2)",6122f332c9f0e8bb1209dc7d
58.83184527605937,53.16815472394063,4669,test,2847.5692436401214,1.0,1.0,"(1, 2)",6122f332c9f0e8bb1209dc7d
57.94796179957632,54.05203820042368,4670,test,2848.8192436401214,1.0,1.0,"(1, 2)",6122f332c9f0e8bb1209dc7d
57.06407832309327,54.93592167690673,4671,test,2850.0692436401214,1.0,1.0,"(1, 2)",6122f332c9f0e8bb1209dc7d
56.197567139996536,55.82712561869876,4672,test,2851.3122585621145,1.0,1.0,"(1, 2)",6122f332c9f0e8bb1209dc7d
56.18229833282929,57.07703236063075,4673,test,2852.562258562114,1.0,1.0,"(1, 2)",6122f332c9f0e8bb1209dc7d
56.167029525662045,58.32693910256275,4674,test,2853.8122585621136,1.0,1.0,"(1, 2)",6122f332c9f0e8bb1209dc7d
56.1517607184948,59.57684584449474,4675,test,2855.062258562113,1.0,1.0,"(1, 2)",6122f332c9f0e8bb1209dc7d
56.13649191132755,60.826752586426736,4676,test,2856.3122585621127,1.0,1.0,"(1, 2)",6122f332c9f0e8bb1209dc7d
56.12122310416031,62.07665932835873,4677,test,2857.562258562112,1.0,1.0,"(1, 2)",6122f332c9f0e8bb1209dc7d
56.10595429699306,63.326566070290724,4678,test,2858.8122585621118,1.0,1.0,"(1, 2)",6122f332c9f0e8bb1209dc7d
56.090685489825816,64.57647281222305,4679,test,2860.0622585621118,1.0,1.0,"(1, 2)",6122f332c9f0e8bb1209dc7d
56.07541668265861,65.82637955415575,4680,test,2861.312258562112,1.0,1.0,"(1, 2)",6122f332c9f0e8bb1209dc7d
56.06014787549172,67.07628629608845,4681,test,2862.5622585621127,1.0,1.0,"(1, 2)",6122f332c9f0e8bb1209dc7d
56.044879068324825,68.32619303802116,4682,test,2863.812258562113,1.0,1.0,"(1, 2)",6122f332c9f0e8bb1209dc7d
56.02961026115793,69.57609977995386,4683,test,2865.0622585621136,1.0,1.0,"(1, 2)",6122f332c9f0e8bb1209dc7d
56.01434145399103,70.82600652188657,4684,test,2866.312258562114,1.0,1.0,"(1, 2)",6122f332c9f0e8bb1209dc7d
56.002390501730986,72.07593377749558,4685,test,2867.562242949846,1.0,1.0,"(1, 2)",6122f332c9f0e8bb1209dc7d
56.00220285323158,73.32593376341148,4686,test,2868.812242949847,1.0,1.0,"(1, 2)",6122f332c9f0e8bb1209dc7d
56.002015204732174,74.57593374932739,4687,test,2870.062242949848,1.0,1.0,"(1, 2)",6122f332c9f0e8bb1209dc7d
56.00182755623277,75.8259337352433,4688,test,2871.312242949849,1.0,1.0,"(1, 2)",6122f332c9f0e8bb1209dc7d
56.00163990773336,77.0759337211592,4689,test,2872.56224294985,1.0,1.0,"(1, 2)",6122f332c9f0e8bb1209dc7d
56.00145225923396,78.32593370707511,4690,test,2873.8122429498508,1.0,1.0,"(1, 2)",6122f332c9f0e8bb1209dc7d
56.00126461073455,79.57593369299101,4691,test,2875.0622429498517,1.0,1.0,"(1, 2)",6122f332c9f0e8bb1209dc7d
56.001076962235146,80.82593367890692,4692,test,2876.3122429498526,1.0,1.0,"(1, 2)",6122f332c9f0e8bb1209dc7d
56.00088931373574,82.07593366482283,4693,test,2877.5622429498535,1.0,1.0,"(1, 2)",6122f332c9f0e8bb1209dc7d
56.00083860953899,83.32593366379425,4694,test,2878.8122429498535,1.0,1.0,"(1, 2)",6122f332c9f0e8bb1209dc7d
56.000787905342236,84.57593366276566,4695,test,2880.0622429498535,1.0,1.0,"(1, 2)",6122f332c9f0e8bb1209dc7d
56.00073720114548,85.82593366173708,4696,test,2881.3122429498535,1.0,1.0,"(1, 2)",6122f332c9f0e8bb1209dc7d
56.00068649694873,87.0759336607085,4697,test,2882.5622429498535,1.0,1.0,"(1, 2)",6122f332c9f0e8bb1209dc7d
56.00063579275198,88.32593365967992,4698,test,2883.8122429498535,1.0,1.0,"(1, 2)",6122f332c9f0e8bb1209dc7d
56.000585088555226,89.57593365865134,4699,test,2885.0622429498535,1.0,1.0,"(1, 2)",6122f332c9f0e8bb1209dc7d
56.000534384358474,90.82593365762276,4700,test,2886.3122429498535,1.0,1.0,"(1, 2)",6122f332c9f0e8bb1209dc7d
56.00048368016178,92.07593365659417,4701,test,2887.5622429498535,1.0,1.0,"(1, 2)",6122f332c9f0e8bb1209dc7d
56.00043297596538,93.32593365556559,4702,test,2888.8122429498535,1.0,1.0,"(1, 2)",6122f332c9f0e8bb1209dc7d
56.000382271768984,94.57593365453701,4703,test,2890.0622429498535,1.0,1.0,"(1, 2)",6122f332c9f0e8bb1209dc7d
56.00033156757259,95.82593365350843,4704,test,2891.3122429498535,1.0,1.0,"(1, 2)",6122f332c9f0e8bb1209dc7d
56.00028086337619,97.07593365247985,4705,test,2892.5622429498535,1.0,1.0,"(1, 2)",6122f332c9f0e8bb1209dc7d
56.00023015917979,98.32593365145127,4706,test,2893.8122429498535,1.0,1.0,"(1, 2)",6122f332c9f0e8bb1209dc7d
56.000179454983396,99.57593365042268,4707,test,2895.0622429498535,1.0,1.0,"(1, 2)",6122f332c9f0e8bb1209dc7d
56.000128750787,100.8259336493941,4708,test,2896.3122429498535,1.0,1.0,"(1, 2)",6122f332c9f0e8bb1209dc7d
56.0000780465906,102.07593364836552,4709,test,2897.5622429498535,1.0,1.0,"(1, 2)",6122f332c9f0e8bb1209dc7d
56.000027342394205,103.32593364733694,4710,test,2898.8122429498535,1.0,1.0,"(1, 2)",6122f332c9f0e8bb1209dc7d
56.0,104.0,4711,test,2899.4863093030713,1.0,1.0,"(1, 2)",6122f332c9f0e8bb1209dc7d
56.0,104.0,4712,test,2899.4863093030713,1.0,1.0,"(1, 2)",6122f332c9f0e8bb1209dc7d
56.0,104.0,4713,test,2899.4863093030713,1.0,1.0,"(1, 2)",6122f332c9f0e8bb1209dc7d
56.0,104.0,4714,test,2899.4863093030713,1.0,1.0,"(1, 2)",6122f332c9f0e8bb1209dc7d
56.0,104.0,4715,test,2899.4863093030713,1.0,1.0,"(1, 2)",6122f332c9f0e8bb1209dc7d
56.0,104.0,4716,test,2899.4863093030713,1.0,1.0,"(1, 2)",6122f332c9f0e8bb1209dc7d
56.0,104.0,4717,test,2899.4863093030713,1.0,1.0,"(1, 2)",6122f332c9f0e8bb1209dc7d
56.0,104.0,4718,test,2899.4863093030713,1.0,1.0,"(1, 2)",6122f332c9f0e8bb1209dc7d
56.0,104.0,4719,test,2899.4863093030713,1.0,1.0,"(1, 2)",6122f332c9f0e8bb1209dc7d
56.0,104.0,4720,test,2899.4863093030713,1.0,1.0,"(1, 2)",6122f332c9f0e8bb1209dc7d
56.0,104.0,4721,test,2899.4863093030713,1.0,1.0,"(1, 2)",6122f332c9f0e8bb1209dc7d
56.0,104.0,4722,test,2899.4863093030713,1.0,1.0,"(1, 2)",6122f332c9f0e8bb1209dc7d
56.0,104.0,4723,test,2899.4863093030713,1.0,1.0,"(1, 2)",6122f332c9f0e8bb1209dc7d
56.0,104.0,4724,test,2899.4863093030713,1.0,1.0,"(1, 2)",6122f332c9f0e8bb1209dc7d
56.0,104.0,4725,test,2899.4863093030713,1.0,1.0,"(1, 2)",6122f332c9f0e8bb1209dc7d
56.0,104.0,4726,test,2899.4863093030713,1.0,1.0,"(1, 2)",6122f332c9f0e8bb1209dc7d
56.0,104.0,4727,test,2899.4863093030713,1.0,1.0,"(1, 2)",6122f332c9f0e8bb1209dc7d
56.0,104.0,4728,test,2899.4863093030713,1.0,1.0,"(1, 2)",6122f332c9f0e8bb1209dc7d
56.0,104.0,4729,test,2899.4863093030713,1.0,1.0,"(1, 2)",6122f332c9f0e8bb1209dc7d
56.0,104.0,4730,test,2899.4863093030713,1.0,1.0,"(1, 2)",6122f332c9f0e8bb1209dc7d
56.0,104.0,4731,test,2899.4863093030713,1.0,1.0,"(1, 2)",6122f332c9f0e8bb1209dc7d
56.0,104.0,4732,test,2899.4863093030713,1.0,1.0,"(1, 2)",6122f332c9f0e8bb1209dc7d
56.0,104.0,4733,test,2899.4863093030713,1.0,1.0,"(1, 2)",6122f332c9f0e8bb1209dc7d
56.0,104.0,4734,test,2899.4863093030713,1.0,1.0,"(1, 2)",6122f332c9f0e8bb1209dc7d
56.0,104.0,4735,test,2899.4863093030713,1.0,1.0,"(1, 2)",6122f332c9f0e8bb1209dc7d
56.0,104.0,4736,test,2899.4863093030713,1.0,1.0,"(1, 2)",6122f332c9f0e8bb1209dc7d
56.0,104.0,4737,test,2899.4863093030713,1.0,1.0,"(1, 2)",6122f332c9f0e8bb1209dc7d
56.0,104.0,4738,test,2899.4863093030713,1.0,1.0,"(1, 2)",6122f332c9f0e8bb1209dc7d
56.0,104.0,4739,test,2899.4863093030713,1.0,1.0,"(1, 2)",6122f332c9f0e8bb1209dc7d
56.0,104.0,4740,test,2899.4863093030713,1.0,1.0,"(1, 2)",6122f332c9f0e8bb1209dc7d
56.0,104.0,4741,test,2899.4863093030713,1.0,1.0,"(1, 2)",6122f332c9f0e8bb1209dc7d
56.0,104.0,4742,test,2899.4863093030713,1.0,1.0,"(1, 2)",6122f332c9f0e8bb1209dc7d
56.0,104.0,4743,test,2899.4863093030713,1.0,1.0,"(1, 2)",6122f332c9f0e8bb1209dc7d
56.0,104.0,4744,test,2899.4863093030713,1.0,1.0,"(1, 2)",6122f332c9f0e8bb1209dc7d
56.0,104.0,4745,test,2899.4863093030713,1.0,1.0,"(1, 2)",6122f332c9f0e8bb1209dc7d
56.0,104.0,4746,test,2899.4863093030713,1.0,1.0,"(1, 2)",6122f332c9f0e8bb1209dc7d
56.0,104.0,4747,test,2899.4863093030713,1.0,1.0,"(1, 2)",6122f332c9f0e8bb1209dc7d
56.0,104.0,4748,test,2899.4863093030713,1.0,1.0,"(1, 2)",6122f332c9f0e8bb1209dc7d
56.0,104.0,4749,test,2899.4863093030713,1.0,1.0,"(1, 2)",6122f332c9f0e8bb1209dc7d
56.0,104.0,4750,test,2899.4863093030713,1.0,1.0,"(1, 2)",6122f332c9f0e8bb1209dc7d
56.0,104.0,4751,test,2899.4863093030713,1.0,1.0,"(1, 2)",6122f332c9f0e8bb1209dc7d
56.0,104.0,4752,test,2899.4863093030713,1.0,1.0,"(1, 2)",6122f332c9f0e8bb1209dc7d
56.0,104.0,4753,test,2899.4863093030713,1.0,1.0,"(1, 2)",6122f332c9f0e8bb1209dc7d
56.0,104.0,4754,test,2899.4863093030713,1.0,1.0,"(1, 2)",6122f332c9f0e8bb1209dc7d
56.0,104.0,4755,test,2899.4863093030713,1.0,1.0,"(1, 2)",6122f332c9f0e8bb1209dc7d
56.0,104.0,4756,test,2899.4863093030713,1.0,1.0,"(1, 2)",6122f332c9f0e8bb1209dc7d
56.0,104.0,4757,test,2899.4863093030713,1.0,1.0,"(1, 2)",6122f332c9f0e8bb1209dc7d
56.0,104.0,4758,test,2899.4863093030713,1.0,1.0,"(1, 2)",6122f332c9f0e8bb1209dc7d
56.0,104.0,4759,test,2899.4863093030713,1.0,1.0,"(1, 2)",6122f332c9f0e8bb1209dc7d
56.0,104.0,4760,test,2899.4863093030713,1.0,1.0,"(1, 2)",6122f332c9f0e8bb1209dc7d
56.0,104.0,4761,test,2899.4863093030713,1.0,1.0,"(1, 2)",6122f332c9f0e8bb1209dc7d
56.0,104.0,4762,test,2899.4863093030713,1.0,1.0,"(1, 2)",6122f332c9f0e8bb1209dc7d
56.0,104.0,4763,test,2899.4863093030713,1.0,1.0,"(1, 2)",6122f332c9f0e8bb1209dc7d
56.0,104.0,4764,test,2899.4863093030713,1.0,1.0,"(1, 2)",6122f332c9f0e8bb1209dc7d
56.0,104.0,4765,test,2899.4863093030713,1.0,1.0,"(1, 2)",6122f332c9f0e8bb1209dc7d
56.0,104.0,4766,test,2899.4863093030713,1.0,1.0,"(1, 2)",6122f332c9f0e8bb1209dc7d
56.0,104.0,4767,test,2899.4863093030713,1.0,1.0,"(1, 2)",6122f332c9f0e8bb1209dc7d
56.0,104.0,4768,test,2899.4863093030713,1.0,1.0,"(1, 2)",6122f332c9f0e8bb1209dc7d
56.0,104.0,4769,test,2899.4863093030713,1.0,1.0,"(1, 2)",6122f332c9f0e8bb1209dc7d
56.0,104.0,4770,test,2899.4863093030713,1.0,1.0,"(1, 2)",6122f332c9f0e8bb1209dc7d
56.0,104.0,4771,test,2899.4863093030713,1.0,1.0,"(1, 2)",6122f332c9f0e8bb1209dc7d
56.0,104.0,4772,test,2899.4863093030713,1.0,1.0,"(1, 2)",6122f332c9f0e8bb1209dc7d
56.0,104.0,4773,test,2899.4863093030713,1.0,1.0,"(1, 2)",6122f332c9f0e8bb1209dc7d
56.0,104.0,4774,test,2899.4863093030713,1.0,1.0,"(1, 2)",6122f332c9f0e8bb1209dc7d
56.0,104.0,4775,test,2899.4863093030713,1.0,1.0,"(1, 2)",6122f332c9f0e8bb1209dc7d
56.0,104.0,4776,test,2899.4863093030713,1.0,1.0,"(1, 2)",6122f332c9f0e8bb1209dc7d
56.0,104.0,4777,test,2899.4863093030713,1.0,1.0,"(1, 2)",6122f332c9f0e8bb1209dc7d
56.0,104.0,4778,test,2899.4863093030713,1.0,1.0,"(1, 2)",6122f332c9f0e8bb1209dc7d
56.0,104.0,4779,test,2899.4863093030713,1.0,1.0,"(1, 2)",6122f332c9f0e8bb1209dc7d
56.0,104.0,4780,test,2899.4863093030713,1.0,1.0,"(1, 2)",6122f332c9f0e8bb1209dc7d
56.0,104.0,4781,test,2899.4863093030713,1.0,1.0,"(1, 2)",6122f332c9f0e8bb1209dc7d
56.0,104.0,4782,test,2899.4863093030713,1.0,1.0,"(1, 2)",6122f332c9f0e8bb1209dc7d
56.0,104.0,4783,test,2899.4863093030713,1.0,1.0,"(1, 2)",6122f332c9f0e8bb1209dc7d
56.0,104.0,4784,test,2899.4863093030713,1.0,1.0,"(1, 2)",6122f332c9f0e8bb1209dc7d
56.0,104.0,4785,test,2899.4863093030713,1.0,1.0,"(1, 2)",6122f332c9f0e8bb1209dc7d
56.0,104.0,4786,test,2899.4863093030713,1.0,1.0,"(1, 2)",6122f332c9f0e8bb1209dc7d
56.0,104.0,4787,test,2899.4863093030713,1.0,1.0,"(1, 2)",6122f332c9f0e8bb1209dc7d
56.0,104.0,4788,test,2899.4863093030713,1.0,1.0,"(1, 2)",6122f332c9f0e8bb1209dc7d
56.0,104.0,4789,test,2899.4863093030713,1.0,1.0,"(1, 2)",6122f332c9f0e8bb1209dc7d
56.0,104.0,4790,test,2899.4863093030713,1.0,1.0,"(1, 2)",6122f332c9f0e8bb1209dc7d
56.0,104.0,4791,test,2899.4863093030713,1.0,1.0,"(1, 2)",6122f332c9f0e8bb1209dc7d
56.0,104.0,4792,test,2899.4863093030713,1.0,1.0,"(1, 2)",6122f332c9f0e8bb1209dc7d
56.0,104.0,4793,test,2899.4863093030713,1.0,1.0,"(1, 2)",6122f332c9f0e8bb1209dc7d
56.0,104.0,4794,test,2899.4863093030713,1.0,1.0,"(1, 2)",6122f332c9f0e8bb1209dc7d
56.0,104.0,4795,test,2899.4863093030713,1.0,1.0,"(1, 2)",6122f332c9f0e8bb1209dc7d
56.0,104.0,4796,test,2899.4863093030713,1.0,1.0,"(1, 2)",6122f332c9f0e8bb1209dc7d
56.0,104.0,4797,test,2899.4863093030713,1.0,1.0,"(1, 2)",6122f332c9f0e8bb1209dc7d
56.0,104.0,4798,test,2899.4863093030713,1.0,1.0,"(1, 2)",6122f332c9f0e8bb1209dc7d
56.0,104.0,4799,test,2899.4863093030713,1.0,1.0,"(1, 2)",6122f332c9f0e8bb1209dc7d
56.0,104.0,4800,test,2899.4863093030713,1.0,1.0,"(1, 2)",6122f332c9f0e8bb1209dc7d
56.0,104.0,4801,test,2899.4863093030713,1.0,1.0,"(1, 2)",6122f332c9f0e8bb1209dc7d
56.0,104.0,4802,test,2899.4863093030713,1.0,1.0,"(1, 2)",6122f332c9f0e8bb1209dc7d
56.0,104.0,4803,test,2899.4863093030713,1.0,1.0,"(1, 2)",6122f332c9f0e8bb1209dc7d
56.0,104.0,4804,test,2899.4863093030713,1.0,1.0,"(1, 2)",6122f332c9f0e8bb1209dc7d
56.0,104.0,4805,test,2899.4863093030713,1.0,1.0,"(1, 2)",6122f332c9f0e8bb1209dc7d
56.0,104.0,4806,test,2899.4863093030713,1.0,1.0,"(1, 2)",6122f332c9f0e8bb1209dc7d
56.0,104.0,4807,test,2899.4863093030713,1.0,1.0,"(1, 2)",6122f332c9f0e8bb1209dc7d
56.0,104.0,4808,test,2899.4863093030713,1.0,1.0,"(1, 2)",6122f332c9f0e8bb1209dc7d
56.0,104.0,4809,test,2899.4863093030713,1.0,1.0,"(1, 2)",6122f332c9f0e8bb1209dc7d
56.0,104.0,4810,test,2899.4863093030713,1.0,1.0,"(1, 2)",6122f332c9f0e8bb1209dc7d
56.0,104.0,4811,test,2899.4863093030713,1.0,1.0,"(1, 2)",6122f332c9f0e8bb1209dc7d
56.0,104.0,4812,test,2899.4863093030713,1.0,1.0,"(1, 2)",6122f332c9f0e8bb1209dc7d
56.0,104.0,4813,test,2899.4863093030713,1.0,1.0,"(1, 2)",6122f332c9f0e8bb1209dc7d
56.0,104.0,4814,test,2899.4863093030713,1.0,1.0,"(1, 2)",6122f332c9f0e8bb1209dc7d
56.0,104.0,4815,test,2899.4863093030713,1.0,1.0,"(1, 2)",6122f332c9f0e8bb1209dc7d
56.0,104.0,4816,test,2899.4863093030713,1.0,1.0,"(1, 2)",6122f332c9f0e8bb1209dc7d
56.0,104.0,4817,test,2899.4863093030713,1.0,1.0,"(1, 2)",6122f332c9f0e8bb1209dc7d
56.0,104.0,4818,test,2899.4863093030713,1.0,1.0,"(1, 2)",6122f332c9f0e8bb1209dc7d
56.0,104.0,4819,test,2899.4863093030713,1.0,1.0,"(1, 2)",6122f332c9f0e8bb1209dc7d
56.0,104.0,4820,test,2899.4863093030713,1.0,1.0,"(1, 2)",6122f332c9f0e8bb1209dc7d
56.0,104.0,4821,test,2899.4863093030713,1.0,1.0,"(1, 2)",6122f332c9f0e8bb1209dc7d
56.0,104.0,4822,test,2899.4863093030713,1.0,1.0,"(1, 2)",6122f332c9f0e8bb1209dc7d
56.0,104.0,4823,test,2899.4863093030713,1.0,1.0,"(1, 2)",6122f332c9f0e8bb1209dc7d
56.0,104.0,4824,test,2899.4863093030713,1.0,1.0,"(1, 2)",6122f332c9f0e8bb1209dc7d
56.0,104.0,4825,test,2899.4863093030713,1.0,1.0,"(1, 2)",6122f332c9f0e8bb1209dc7d
56.0,104.0,4826,test,2899.4863093030713,1.0,1.0,"(1, 2)",6122f332c9f0e8bb1209dc7d
56.0,104.0,4827,test,2899.4863093030713,1.0,1.0,"(1, 2)",6122f332c9f0e8bb1209dc7d
56.0,104.0,4828,test,2899.4863093030713,1.0,1.0,"(1, 2)",6122f332c9f0e8bb1209dc7d
56.0,104.0,4829,test,2899.4863093030713,1.0,1.0,"(1, 2)",6122f332c9f0e8bb1209dc7d
56.0,104.0,4830,test,2899.4863093030713,1.0,1.0,"(1, 2)",6122f332c9f0e8bb1209dc7d
56.0,104.0,4831,test,2899.4863093030713,1.0,1.0,"(1, 2)",6122f332c9f0e8bb1209dc7d
56.0,104.0,4832,test,2899.4863093030713,1.0,1.0,"(1, 2)",6122f332c9f0e8bb1209dc7d
56.0,104.0,4833,test,2899.4863093030713,1.0,1.0,"(1, 2)",6122f332c9f0e8bb1209dc7d
56.0,104.0,4834,test,2899.4863093030713,1.0,1.0,"(1, 2)",6122f332c9f0e8bb1209dc7d
56.0,104.0,4835,test,2899.4863093030713,1.0,1.0,"(1, 2)",6122f332c9f0e8bb1209dc7d
56.0,104.0,4836,test,2899.4863093030713,1.0,1.0,"(1, 2)",6122f332c9f0e8bb1209dc7d
56.0,104.0,4837,test,2899.4863093030713,1.0,1.0,"(1, 2)",6122f332c9f0e8bb1209dc7d
56.0,104.0,4838,test,2899.4863093030713,1.0,1.0,"(1, 2)",6122f332c9f0e8bb1209dc7d
56.0,104.0,4839,test,2899.4863093030713,1.0,1.0,"(1, 2)",6122f332c9f0e8bb1209dc7d
56.0,104.0,4840,test,2899.4863093030713,1.0,1.0,"(1, 2)",6122f332c9f0e8bb1209dc7d
56.0,104.0,4841,test,2899.4863093030713,1.0,1.0,"(1, 2)",6122f332c9f0e8bb1209dc7d
56.0,104.0,4842,test,2899.4863093030713,1.0,1.0,"(1, 2)",6122f332c9f0e8bb1209dc7d
56.0,104.0,4843,test,2899.4863093030713,1.0,1.0,"(1, 2)",6122f332c9f0e8bb1209dc7d
56.0,104.0,4844,test,2899.4863093030713,1.0,1.0,"(1, 2)",6122f332c9f0e8bb1209dc7d
56.0,104.0,4845,test,2899.4863093030713,1.0,1.0,"(1, 2)",6122f332c9f0e8bb1209dc7d
56.0,104.0,4846,test,2899.4863093030713,1.0,1.0,"(1, 2)",6122f332c9f0e8bb1209dc7d
56.0,104.0,4847,test,2899.4863093030713,1.0,1.0,"(1, 2)",6122f332c9f0e8bb1209dc7d
56.0,104.0,4848,test,2899.4863093030713,1.0,1.0,"(1, 2)",6122f332c9f0e8bb1209dc7d
56.0,104.0,4849,test,2899.4863093030713,1.0,1.0,"(1, 2)",6122f332c9f0e8bb1209dc7d
56.0,104.0,4850,test,2899.4863093030713,1.0,1.0,"(1, 2)",6122f332c9f0e8bb1209dc7d
56.0,104.0,4851,test,2899.4863093030713,1.0,1.0,"(1, 2)",6122f332c9f0e8bb1209dc7d
56.0,104.0,4852,test,2899.4863093030713,1.0,1.0,"(1, 2)",6122f332c9f0e8bb1209dc7d
56.0,104.0,4853,test,2899.4863093030713,1.0,1.0,"(1, 2)",6122f332c9f0e8bb1209dc7d
56.0,104.0,4854,test,2899.4863093030713,1.0,1.0,"(1, 2)",6122f332c9f0e8bb1209dc7d
56.0,104.0,4855,test,2899.4863093030713,1.0,1.0,"(1, 2)",6122f332c9f0e8bb1209dc7d
56.0,104.0,4856,test,2899.4863093030713,1.0,1.0,"(1, 2)",6122f332c9f0e8bb1209dc7d
56.0,104.0,4857,test,2899.4863093030713,1.0,1.0,"(1, 2)",6122f332c9f0e8bb1209dc7d
56.0,104.0,4858,test,2899.4863093030713,1.0,1.0,"(1, 2)",6122f332c9f0e8bb1209dc7d
56.0,104.0,4859,test,2899.4863093030713,1.0,1.0,"(1, 2)",6122f332c9f0e8bb1209dc7d
56.0,104.0,4860,test,2899.4863093030713,1.0,1.0,"(1, 2)",6122f332c9f0e8bb1209dc7d
56.0,104.0,4861,test,2899.4863093030713,1.0,1.0,"(1, 2)",6122f332c9f0e8bb1209dc7d
56.0,104.0,4862,test,2899.4863093030713,1.0,1.0,"(1, 2)",6122f332c9f0e8bb1209dc7d
56.0,104.0,4863,test,2899.4863093030713,1.0,1.0,"(1, 2)",6122f332c9f0e8bb1209dc7d
56.0,104.0,4864,test,2899.4863093030713,1.0,1.0,"(1, 2)",6122f332c9f0e8bb1209dc7d
56.0,104.0,4865,test,2899.4863093030713,1.0,1.0,"(1, 2)",6122f332c9f0e8bb1209dc7d
56.0,104.0,4866,test,2899.4863093030713,1.0,1.0,"(1, 2)",6122f332c9f0e8bb1209dc7d
56.0,104.0,4867,test,2899.4863093030713,1.0,1.0,"(1, 2)",6122f332c9f0e8bb1209dc7d
56.0,104.0,4868,test,2899.4863093030713,1.0,1.0,"(1, 2)",6122f332c9f0e8bb1209dc7d
56.0,104.0,4869,test,2899.4863093030713,1.0,1.0,"(1, 2)",6122f332c9f0e8bb1209dc7d
56.0,104.0,4870,test,2899.4863093030713,1.0,1.0,"(1, 2)",6122f332c9f0e8bb1209dc7d
56.0,104.0,4871,test,2899.4863093030713,1.0,1.0,"(1, 2)",6122f332c9f0e8bb1209dc7d
56.0,104.0,4872,test,2899.4863093030713,1.0,1.0,"(1, 2)",6122f332c9f0e8bb1209dc7d
56.0,104.0,4873,test,2899.4863093030713,1.0,1.0,"(1, 2)",6122f332c9f0e8bb1209dc7d
56.0,104.0,4874,test,2899.4863093030713,1.0,1.0,"(1, 2)",6122f332c9f0e8bb1209dc7d
56.0,104.0,4875,test,2899.4863093030713,1.0,1.0,"(1, 2)",6122f332c9f0e8bb1209dc7d
56.0,104.0,4876,test,2899.4863093030713,1.0,1.0,"(1, 2)",6122f332c9f0e8bb1209dc7d
56.0,104.0,4877,test,2899.4863093030713,1.0,1.0,"(1, 2)",6122f332c9f0e8bb1209dc7d
56.0,104.0,4878,test,2899.4863093030713,1.0,1.0,"(1, 2)",6122f332c9f0e8bb1209dc7d
56.0,104.0,4879,test,2899.4863093030713,1.0,1.0,"(1, 2)",6122f332c9f0e8bb1209dc7d
56.0,104.0,4880,test,2899.4863093030713,1.0,1.0,"(1, 2)",6122f332c9f0e8bb1209dc7d
56.0,104.0,4881,test,2899.4863093030713,1.0,1.0,"(1, 2)",6122f332c9f0e8bb1209dc7d
56.0,104.0,4882,test,2899.4863093030713,1.0,1.0,"(1, 2)",6122f332c9f0e8bb1209dc7d
56.0,104.0,4883,test,2899.4863093030713,1.0,1.0,"(1, 2)",6122f332c9f0e8bb1209dc7d
56.0,104.0,4884,test,2899.4863093030713,1.0,1.0,"(1, 2)",6122f332c9f0e8bb1209dc7d
56.0,104.0,4885,test,2899.4863093030713,1.0,1.0,"(1, 2)",6122f332c9f0e8bb1209dc7d
56.0,104.0,4886,test,2899.4863093030713,1.0,1.0,"(1, 2)",6122f332c9f0e8bb1209dc7d
56.0,104.0,4887,test,2899.4863093030713,1.0,1.0,"(1, 2)",6122f332c9f0e8bb1209dc7d
56.0,104.0,4888,test,2899.4863093030713,1.0,1.0,"(1, 2)",6122f332c9f0e8bb1209dc7d
56.0,104.0,4889,test,2899.4863093030713,1.0,1.0,"(1, 2)",6122f332c9f0e8bb1209dc7d
56.0,104.0,4890,test,2899.4863093030713,1.0,1.0,"(1, 2)",6122f332c9f0e8bb1209dc7d
56.0,104.0,4891,test,2899.4863093030713,1.0,1.0,"(1, 2)",6122f332c9f0e8bb1209dc7d
56.0,104.0,4892,test,2899.4863093030713,1.0,1.0,"(1, 2)",6122f332c9f0e8bb1209dc7d
56.0,104.0,4893,test,2899.4863093030713,1.0,1.0,"(1, 2)",6122f332c9f0e8bb1209dc7d
56.0,104.0,4894,test,2899.4863093030713,1.0,1.0,"(1, 2)",6122f332c9f0e8bb1209dc7d
56.0,104.0,4895,test,2899.4863093030713,1.0,1.0,"(1, 2)",6122f332c9f0e8bb1209dc7d
56.0,104.0,4896,test,2899.4863093030713,1.0,1.0,"(1, 2)",6122f332c9f0e8bb1209dc7d
56.0,104.0,4897,test,2899.4863093030713,1.0,1.0,"(1, 2)",6122f332c9f0e8bb1209dc7d
56.0,104.0,4898,test,2899.4863093030713,1.0,1.0,"(1, 2)",6122f332c9f0e8bb1209dc7d
56.0,104.0,4899,test,2899.4863093030713,1.0,1.0,"(1, 2)",6122f332c9f0e8bb1209dc7d
56.0,104.0,4900,test,2899.4863093030713,1.0,1.0,"(1, 2)",6122f332c9f0e8bb1209dc7d
56.0,104.0,4901,test,2899.4863093030713,1.0,1.0,"(1, 2)",6122f332c9f0e8bb1209dc7d
56.0,104.0,4902,test,2899.4863093030713,1.0,1.0,"(1, 2)",6122f332c9f0e8bb1209dc7d
56.0,104.0,4903,test,2899.4863093030713,1.0,1.0,"(1, 2)",6122f332c9f0e8bb1209dc7d
56.0,104.0,4904,test,2899.4863093030713,1.0,1.0,"(1, 2)",6122f332c9f0e8bb1209dc7d
56.0,104.0,4905,test,2899.4863093030713,1.0,1.0,"(1, 2)",6122f332c9f0e8bb1209dc7d
56.0,104.0,4906,test,2899.4863093030713,1.0,1.0,"(1, 2)",6122f332c9f0e8bb1209dc7d
56.0,104.0,4907,test,2899.4863093030713,1.0,1.0,"(1, 2)",6122f332c9f0e8bb1209dc7d
56.0,104.0,4908,test,2899.4863093030713,1.0,1.0,"(1, 2)",6122f332c9f0e8bb1209dc7d
56.0,104.0,4909,test,2899.4863093030713,1.0,1.0,"(1, 2)",6122f332c9f0e8bb1209dc7d
56.0,104.0,4910,test,2899.4863093030713,1.0,1.0,"(1, 2)",6122f332c9f0e8bb1209dc7d
56.0,104.0,4911,test,2899.4863093030713,1.0,1.0,"(1, 2)",6122f332c9f0e8bb1209dc7d
56.0,104.0,4912,test,2899.4863093030713,1.0,1.0,"(1, 2)",6122f332c9f0e8bb1209dc7d
56.0,104.0,4913,test,2899.4863093030713,1.0,1.0,"(1, 2)",6122f332c9f0e8bb1209dc7d
56.0,104.0,4914,test,2899.4863093030713,1.0,1.0,"(1, 2)",6122f332c9f0e8bb1209dc7d
56.0,104.0,4915,test,2899.4863093030713,1.0,1.0,"(1, 2)",6122f332c9f0e8bb1209dc7d
56.0,104.0,4916,test,2899.4863093030713,1.0,1.0,"(1, 2)",6122f332c9f0e8bb1209dc7d
56.0,104.0,4917,test,2899.4863093030713,1.0,1.0,"(1, 2)",6122f332c9f0e8bb1209dc7d
56.0,104.0,4918,test,2899.4863093030713,1.0,1.0,"(1, 2)",6122f332c9f0e8bb1209dc7d
56.0,104.0,4919,test,2899.4863093030713,1.0,1.0,"(1, 2)",6122f332c9f0e8bb1209dc7d
56.0,104.0,4920,test,2899.4863093030713,1.0,1.0,"(1, 2)",6122f332c9f0e8bb1209dc7d
56.0,104.0,4921,test,2899.4863093030713,1.0,1.0,"(1, 2)",6122f332c9f0e8bb1209dc7d
56.0,104.0,4922,test,2899.4863093030713,1.0,1.0,"(1, 2)",6122f332c9f0e8bb1209dc7d
56.0,104.0,4923,test,2899.4863093030713,1.0,1.0,"(1, 2)",6122f332c9f0e8bb1209dc7d
56.0,104.0,4924,test,2899.4863093030713,1.0,1.0,"(1, 2)",6122f332c9f0e8bb1209dc7d
56.0,104.0,4925,test,2899.4863093030713,1.0,1.0,"(1, 2)",6122f332c9f0e8bb1209dc7d
56.0,104.0,4926,test,2899.4863093030713,1.0,1.0,"(1, 2)",6122f332c9f0e8bb1209dc7d
56.0,104.0,4927,test,2899.4863093030713,1.0,1.0,"(1, 2)",6122f332c9f0e8bb1209dc7d
56.0,104.0,4928,test,2899.4863093030713,1.0,1.0,"(1, 2)",6122f332c9f0e8bb1209dc7d
56.0,104.0,4929,test,2899.4863093030713,1.0,1.0,"(1, 2)",6122f332c9f0e8bb1209dc7d
56.0,104.0,4930,test,2899.4863093030713,1.0,1.0,"(1, 2)",6122f332c9f0e8bb1209dc7d
56.0,104.0,4931,test,2899.4863093030713,1.0,1.0,"(1, 2)",6122f332c9f0e8bb1209dc7d
56.0,104.0,4932,test,2899.4863093030713,1.0,1.0,"(1, 2)",6122f332c9f0e8bb1209dc7d
56.0,104.0,4933,test,2899.4863093030713,1.0,1.0,"(1, 2)",6122f332c9f0e8bb1209dc7d
56.0,104.0,4934,test,2899.4863093030713,1.0,1.0,"(1, 2)",6122f332c9f0e8bb1209dc7d
56.0,104.0,4935,test,2899.4863093030713,1.0,1.0,"(1, 2)",6122f332c9f0e8bb1209dc7d
56.0,104.0,4936,test,2899.4863093030713,1.0,1.0,"(1, 2)",6122f332c9f0e8bb1209dc7d
56.0,104.0,4937,test,2899.4863093030713,1.0,1.0,"(1, 2)",6122f332c9f0e8bb1209dc7d
56.0,104.0,4938,test,2899.4863093030713,1.0,1.0,"(1, 2)",6122f332c9f0e8bb1209dc7d
56.0,104.0,4939,test,2899.4863093030713,1.0,1.0,"(1, 2)",6122f332c9f0e8bb1209dc7d
56.0,104.0,4940,test,2899.4863093030713,1.0,1.0,"(1, 2)",6122f332c9f0e8bb1209dc7d
56.0,104.0,4941,test,2899.4863093030713,1.0,1.0,"(1, 2)",6122f332c9f0e8bb1209dc7d
56.0,104.0,4942,test,2899.4863093030713,1.0,1.0,"(1, 2)",6122f332c9f0e8bb1209dc7d
56.0,104.0,4943,test,2899.4863093030713,1.0,1.0,"(1, 2)",6122f332c9f0e8bb1209dc7d
56.0,104.0,4944,test,2899.4863093030713,1.0,1.0,"(1, 2)",6122f332c9f0e8bb1209dc7d
56.0,104.0,4945,test,2899.4863093030713,1.0,1.0,"(1, 2)",6122f332c9f0e8bb1209dc7d
56.0,104.0,4946,test,2899.4863093030713,1.0,1.0,"(1, 2)",6122f332c9f0e8bb1209dc7d
56.0,104.0,4947,test,2899.4863093030713,1.0,1.0,"(1, 2)",6122f332c9f0e8bb1209dc7d
56.0,104.0,4948,test,2899.4863093030713,1.0,1.0,"(1, 2)",6122f332c9f0e8bb1209dc7d
56.0,104.0,4949,test,2899.4863093030713,1.0,1.0,"(1, 2)",6122f332c9f0e8bb1209dc7d
56.0,104.0,4950,test,2899.4863093030713,1.0,1.0,"(1, 2)",6122f332c9f0e8bb1209dc7d
56.0,104.0,4951,test,2899.4863093030713,1.0,1.0,"(1, 2)",6122f332c9f0e8bb1209dc7d
56.0,104.0,4952,test,2899.4863093030713,1.0,1.0,"(1, 2)",6122f332c9f0e8bb1209dc7d
56.0,104.0,4953,test,2899.4863093030713,1.0,1.0,"(1, 2)",6122f332c9f0e8bb1209dc7d
56.0,104.0,4954,test,2899.4863093030713,1.0,1.0,"(1, 2)",6122f332c9f0e8bb1209dc7d
56.0,104.0,4955,test,2899.4863093030713,1.0,1.0,"(1, 2)",6122f332c9f0e8bb1209dc7d
56.0,104.0,4956,test,2899.4863093030713,1.0,1.0,"(1, 2)",6122f332c9f0e8bb1209dc7d
56.0,104.0,4957,test,2899.4863093030713,1.0,1.0,"(1, 2)",6122f332c9f0e8bb1209dc7d
56.0,104.0,4958,test,2899.4863093030713,1.0,1.0,"(1, 2)",6122f332c9f0e8bb1209dc7d
56.0,104.0,4959,test,2899.4863093030713,1.0,1.0,"(1, 2)",6122f332c9f0e8bb1209dc7d
56.0,104.0,4960,test,2899.4863093030713,1.0,1.0,"(1, 2)",6122f332c9f0e8bb1209dc7d
56.0,104.0,4961,test,2899.4863093030713,1.0,1.0,"(1, 2)",6122f332c9f0e8bb1209dc7d
56.0,104.0,4962,test,2899.4863093030713,1.0,1.0,"(1, 2)",6122f332c9f0e8bb1209dc7d
56.0,104.0,4963,test,2899.4863093030713,1.0,1.0,"(1, 2)",6122f332c9f0e8bb1209dc7d
56.0,104.0,4964,test,2899.4863093030713,1.0,1.0,"(1, 2)",6122f332c9f0e8bb1209dc7d
56.0,104.0,4965,test,2899.4863093030713,1.0,1.0,"(1, 2)",6122f332c9f0e8bb1209dc7d
56.0,104.0,4966,test,2899.4863093030713,1.0,1.0,"(1, 2)",6122f332c9f0e8bb1209dc7d
56.0,102.74999999999972,4967,test,2900.7363093030717,1.0,1.0,"(1, 2)",6122f332c9f0e8bb1209dc7d
56.0,101.49999999999943,4968,test,2901.986309303072,1.0,1.0,"(1, 2)",6122f332c9f0e8bb1209dc7d
56.0,100.24999999999915,4969,test,2903.2363093030726,1.0,1.0,"(1, 2)",6122f332c9f0e8bb1209dc7d
56.0,98.99999999999886,4970,test,2904.486309303073,1.0,1.0,"(1, 2)",6122f332c9f0e8bb1209dc7d
56.0,97.74999999999858,4971,test,2905.7363093030735,1.0,1.0,"(1, 2)",6122f332c9f0e8bb1209dc7d
56.0,96.4999999999983,4972,test,2906.986309303074,1.0,1.0,"(1, 2)",6122f332c9f0e8bb1209dc7d
56.0,95.24999999999801,4973,test,2908.2363093030744,1.0,1.0,"(1, 2)",6122f332c9f0e8bb1209dc7d
56.0,93.99999999999773,4974,test,2909.486309303075,1.0,1.0,"(1, 2)",6122f332c9f0e8bb1209dc7d
56.0,92.74999999999744,4975,test,2910.7363093030754,1.0,1.0,"(1, 2)",6122f332c9f0e8bb1209dc7d
56.0,91.49999999999716,4976,test,2911.986309303076,1.0,1.0,"(1, 2)",6122f332c9f0e8bb1209dc7d
56.0,90.24999999999687,4977,test,2913.2363093030763,1.0,1.0,"(1, 2)",6122f332c9f0e8bb1209dc7d
56.0,88.99999999999659,4978,test,2914.4863093030767,1.0,1.0,"(1, 2)",6122f332c9f0e8bb1209dc7d
56.0,87.7499999999963,4979,test,2915.736309303077,1.0,1.0,"(1, 2)",6122f332c9f0e8bb1209dc7d
56.0,86.49999999999602,4980,test,2916.9863093030776,1.0,1.0,"(1, 2)",6122f332c9f0e8bb1209dc7d
56.0,85.24999999999574,4981,test,2918.236309303078,1.0,1.0,"(1, 2)",6122f332c9f0e8bb1209dc7d
56.0,83.99999999999545,4982,test,2919.4863093030785,1.0,1.0,"(1, 2)",6122f332c9f0e8bb1209dc7d
56.0,82.74999999999517,4983,test,2920.736309303079,1.0,1.0,"(1, 2)",6122f332c9f0e8bb1209dc7d
56.0,81.49999999999488,4984,test,2921.9863093030795,1.0,1.0,"(1, 2)",6122f332c9f0e8bb1209dc7d
56.0,80.2499999999946,4985,test,2923.23630930308,1.0,1.0,"(1, 2)",6122f332c9f0e8bb1209dc7d
56.0,78.99999999999432,4986,test,2924.4863093030804,1.0,1.0,"(1, 2)",6122f332c9f0e8bb1209dc7d
56.0,77.74999999999403,4987,test,2925.736309303081,1.0,1.0,"(1, 2)",6122f332c9f0e8bb1209dc7d
56.0,76.49999999999375,4988,test,2926.9863093030813,1.0,1.0,"(1, 2)",6122f332c9f0e8bb1209dc7d
56.0,75.24999999999346,4989,test,2928.2363093030817,1.0,1.0,"(1, 2)",6122f332c9f0e8bb1209dc7d
56.0,73.99999999999318,4990,test,2929.486309303082,1.0,1.0,"(1, 2)",6122f332c9f0e8bb1209dc7d
56.0,72.7499999999929,4991,test,2930.7363093030826,1.0,1.0,"(1, 2)",6122f332c9f0e8bb1209dc7d
56.0,71.49999999999261,4992,test,2931.986309303083,1.0,1.0,"(1, 2)",6122f332c9f0e8bb1209dc7d
56.0,70.24999999999233,4993,test,2933.2363093030835,1.0,1.0,"(1, 2)",6122f332c9f0e8bb1209dc7d
56.0,68.99999999999204,4994,test,2934.486309303084,1.0,1.0,"(1, 2)",6122f332c9f0e8bb1209dc7d
56.0,67.74999999999176,4995,test,2935.7363093030845,1.0,1.0,"(1, 2)",6122f332c9f0e8bb1209dc7d
56.0,66.49999999999147,4996,test,2936.986309303085,1.0,1.0,"(1, 2)",6122f332c9f0e8bb1209dc7d
56.0,65.24999999999119,4997,test,2938.2363093030854,1.0,1.0,"(1, 2)",6122f332c9f0e8bb1209dc7d
56.0,63.999999999990905,4998,test,2939.486309303086,1.0,1.0,"(1, 2)",6122f332c9f0e8bb1209dc7d
56.0,62.74999999999062,4999,test,2940.7363093030863,1.0,1.0,"(1, 2)",6122f332c9f0e8bb1209dc7d
56.0,61.49999999999034,5000,test,2941.9863093030867,1.0,1.0,"(1, 2)",6122f332c9f0e8bb1209dc7d
56.0,60.24999999999005,5001,test,2943.236309303087,1.0,1.0,"(1, 2)",6122f332c9f0e8bb1209dc7d
56.0,58.99999999998977,5002,test,2944.4863093030876,1.0,1.0,"(1, 2)",6122f332c9f0e8bb1209dc7d
56.0,57.749999999989484,5003,test,2945.736309303088,1.0,1.0,"(1, 2)",6122f332c9f0e8bb1209dc7d
56.0,56.4999999999892,5004,test,2946.9863093030885,1.0,1.0,"(1, 2)",6122f332c9f0e8bb1209dc7d
56.66756619610814,55.52408922643008,5005,test,2948.1686994519546,1.0,1.0,"(1, 2)",6122f332c9f0e8bb1209dc7d
57.54594276993464,54.634732945431324,5006,test,2949.418699451954,1.0,1.0,"(1, 2)",6122f332c9f0e8bb1209dc7d
58.42431934376114,53.74537666443257,5007,test,2950.6686994519537,1.0,1.0,"(1, 2)",6122f332c9f0e8bb1209dc7d
59.30269591758764,52.856020383433815,5008,test,2951.918699451953,1.0,1.0,"(1, 2)",6122f332c9f0e8bb1209dc7d
60.18107249141414,51.96666410243506,5009,test,2953.1686994519528,1.0,1.0,"(1, 2)",6122f332c9f0e8bb1209dc7d
61.05944906524064,51.07730782143631,5010,test,2954.4186994519523,1.0,1.0,"(1, 2)",6122f332c9f0e8bb1209dc7d
61.93782563906714,50.18795154043755,5011,test,2955.668699451952,1.0,1.0,"(1, 2)",6122f332c9f0e8bb1209dc7d
62.81620221289364,49.2985952594388,5012,test,2956.9186994519514,1.0,1.0,"(1, 2)",6122f332c9f0e8bb1209dc7d
63.69457878672014,48.409238978440044,5013,test,2958.168699451951,1.0,1.0,"(1, 2)",6122f332c9f0e8bb1209dc7d
64.57295536054711,47.51988269744129,5014,test,2959.418699451951,1.0,1.0,"(1, 2)",6122f332c9f0e8bb1209dc7d
65.45133193437432,46.630526416442535,5015,test,2960.668699451951,1.0,1.0,"(1, 2)",6122f332c9f0e8bb1209dc7d
66.32970850820153,45.74117013544363,5016,test,2961.9186994519514,1.0,1.0,"(1, 2)",6122f332c9f0e8bb1209dc7d
67.20808508202875,44.85181385444417,5017,test,2963.168699451952,1.0,1.0,"(1, 2)",6122f332c9f0e8bb1209dc7d
68.08646165585596,43.9624575734447,5018,test,2964.4186994519523,1.0,1.0,"(1, 2)",6122f332c9f0e8bb1209dc7d
68.96483822968317,43.07310129244524,5019,test,2965.6686994519528,1.0,1.0,"(1, 2)",6122f332c9f0e8bb1209dc7d
69.84321480351015,42.18374501144577,5020,test,2966.918699451953,1.0,1.0,"(1, 2)",6122f332c9f0e8bb1209dc7d
70.72159137733686,41.29438873044631,5021,test,2968.1686994519537,1.0,1.0,"(1, 2)",6122f332c9f0e8bb1209dc7d
71.59996795116358,40.40503244944684,5022,test,2969.418699451954,1.0,1.0,"(1, 2)",6122f332c9f0e8bb1209dc7d
72.48248070082789,39.51978643328271,5023,test,2970.6686951569286,1.0,1.0,"(1, 2)",6122f332c9f0e8bb1209dc7d
73.36629961128304,38.63583839548705,5024,test,2971.918695156929,1.0,1.0,"(1, 2)",6122f332c9f0e8bb1209dc7d
74.25011852173819,37.75189035769132,5025,test,2973.1686951569295,1.0,1.0,"(1, 2)",6122f332c9f0e8bb1209dc7d
75.13393743219333,36.86794231989559,5026,test,2974.41869515693,1.0,1.0,"(1, 2)",6122f332c9f0e8bb1209dc7d
76.01775634264848,35.98399428209986,5027,test,2975.6686951569304,1.0,1.0,"(1, 2)",6122f332c9f0e8bb1209dc7d
76.90157525310363,35.100046244304124,5028,test,2976.918695156931,1.0,1.0,"(1, 2)",6122f332c9f0e8bb1209dc7d
77.78539416355878,34.21609820650839,5029,test,2978.1686951569313,1.0,1.0,"(1, 2)",6122f332c9f0e8bb1209dc7d
78.66921307401392,33.332150168712666,5030,test,2979.418695156932,1.0,1.0,"(1, 2)",6122f332c9f0e8bb1209dc7d
79.55303198446907,32.44820213091694,5031,test,2980.6686951569322,1.0,1.0,"(1, 2)",6122f332c9f0e8bb1209dc7d
80.43685089492422,31.564254093121356,5032,test,2981.9186951569327,1.0,1.0,"(1, 2)",6122f332c9f0e8bb1209dc7d
81.32066980537937,30.68030605532592,5033,test,2983.1686951569327,1.0,1.0,"(1, 2)",6122f332c9f0e8bb1209dc7d
82.20448871583451,29.796358017530487,5034,test,2984.4186951569327,1.0,1.0,"(1, 2)",6122f332c9f0e8bb1209dc7d
83.08830762628966,28.912409979735052,5035,test,2985.6686951569327,1.0,1.0,"(1, 2)",6122f332c9f0e8bb1209dc7d
83.97212653674481,28.028461941939618,5036,test,2986.9186951569327,1.0,1.0,"(1, 2)",6122f332c9f0e8bb1209dc7d
84.85594544719996,27.144513904143984,5037,test,2988.168695156933,1.0,1.0,"(1, 2)",6122f332c9f0e8bb1209dc7d
85.7397643576551,26.260565866348195,5038,test,2989.4186951569336,1.0,1.0,"(1, 2)",6122f332c9f0e8bb1209dc7d
86.62358326811022,25.376617828552405,5039,test,2990.668695156934,1.0,1.0,"(1, 2)",6122f332c9f0e8bb1209dc7d
87.5074021785646,24.492669790756615,5040,test,2991.918695156934,1.0,1.0,"(1, 2)",6122f332c9f0e8bb1209dc7d
88.0,24.0,5041,test,2992.615384568657,1.0,1.0,"(1, 2)",6122f332c9f0e8bb1209dc7d
88.0,24.0,5042,test,2992.615384568657,1.0,1.0,"(1, 2)",6122f332c9f0e8bb1209dc7d
88.0,24.0,5043,test,2992.615384568657,1.0,1.0,"(1, 2)",6122f332c9f0e8bb1209dc7d
88.0,24.0,5044,test,2992.615384568657,1.0,1.0,"(1, 2)",6122f332c9f0e8bb1209dc7d
88.0,24.0,5045,test,2992.615384568657,1.0,1.0,"(1, 2)",6122f332c9f0e8bb1209dc7d
88.0,24.0,5046,test,2992.615384568657,1.0,1.0,"(1, 2)",6122f332c9f0e8bb1209dc7d
88.0,24.0,5047,test,2992.615384568657,1.0,1.0,"(1, 2)",6122f332c9f0e8bb1209dc7d
88.0,24.0,5048,test,2992.615384568657,1.0,1.0,"(1, 2)",6122f332c9f0e8bb1209dc7d
88.0,24.0,5049,test,2992.615384568657,1.0,1.0,"(1, 2)",6122f332c9f0e8bb1209dc7d
88.0,24.0,5050,test,2992.615384568657,1.0,1.0,"(1, 2)",6122f332c9f0e8bb1209dc7d
88.0,24.0,5051,test,2992.615384568657,1.0,1.0,"(1, 2)",6122f332c9f0e8bb1209dc7d
88.0,24.0,5052,test,2992.615384568657,1.0,1.0,"(1, 2)",6122f332c9f0e8bb1209dc7d
88.0,24.0,5053,test,2992.615384568657,1.0,1.0,"(1, 2)",6122f332c9f0e8bb1209dc7d
88.0,24.0,5054,test,2992.615384568657,1.0,1.0,"(1, 2)",6122f332c9f0e8bb1209dc7d
88.0,24.0,5055,test,2992.615384568657,1.0,1.0,"(1, 2)",6122f332c9f0e8bb1209dc7d
88.0,24.0,5056,test,2992.615384568657,1.0,1.0,"(1, 2)",6122f332c9f0e8bb1209dc7d
88.0,24.0,5057,test,2992.615384568657,1.0,1.0,"(1, 2)",6122f332c9f0e8bb1209dc7d
88.0,24.0,5058,test,2992.615384568657,1.0,1.0,"(1, 2)",6122f332c9f0e8bb1209dc7d
88.0,24.0,5059,test,2992.615384568657,1.0,1.0,"(1, 2)",6122f332c9f0e8bb1209dc7d
88.0,24.0,5060,test,2992.615384568657,1.0,1.0,"(1, 2)",6122f332c9f0e8bb1209dc7d
88.0,24.0,5061,test,2992.615384568657,1.0,1.0,"(1, 2)",6122f332c9f0e8bb1209dc7d
88.0,24.0,5062,test,2992.615384568657,1.0,1.0,"(1, 2)",6122f332c9f0e8bb1209dc7d
88.0,24.0,5063,test,2992.615384568657,1.0,1.0,"(1, 2)",6122f332c9f0e8bb1209dc7d
88.0,24.0,5064,test,2992.615384568657,1.0,1.0,"(1, 2)",6122f332c9f0e8bb1209dc7d
88.0,24.0,5065,test,2992.615384568657,1.0,1.0,"(1, 2)",6122f332c9f0e8bb1209dc7d
88.0,24.0,5066,test,2992.615384568657,1.0,1.0,"(1, 2)",6122f332c9f0e8bb1209dc7d
88.0,24.0,5067,test,2992.615384568657,1.0,1.0,"(1, 2)",6122f332c9f0e8bb1209dc7d
88.0,24.0,5068,test,2992.615384568657,1.0,1.0,"(1, 2)",6122f332c9f0e8bb1209dc7d
88.0,24.0,5069,test,2992.615384568657,1.0,1.0,"(1, 2)",6122f332c9f0e8bb1209dc7d
88.0,24.0,5070,test,2992.615384568657,1.0,1.0,"(1, 2)",6122f332c9f0e8bb1209dc7d
88.0,24.0,5071,test,2992.615384568657,1.0,1.0,"(1, 2)",6122f332c9f0e8bb1209dc7d
88.0,24.0,5072,test,2992.615384568657,1.0,1.0,"(1, 2)",6122f332c9f0e8bb1209dc7d
88.0,24.0,5073,test,2992.615384568657,1.0,1.0,"(1, 2)",6122f332c9f0e8bb1209dc7d
88.0,24.0,5074,test,2992.615384568657,1.0,1.0,"(1, 2)",6122f332c9f0e8bb1209dc7d
88.0,24.0,5075,test,2992.615384568657,1.0,1.0,"(1, 2)",6122f332c9f0e8bb1209dc7d
88.0,24.0,5076,test,2992.615384568657,1.0,1.0,"(1, 2)",6122f332c9f0e8bb1209dc7d
88.0,24.0,5077,test,2992.615384568657,1.0,1.0,"(1, 2)",6122f332c9f0e8bb1209dc7d
88.0,24.0,5078,test,2992.615384568657,1.0,1.0,"(1, 2)",6122f332c9f0e8bb1209dc7d
88.0,24.0,5079,test,2992.615384568657,1.0,1.0,"(1, 2)",6122f332c9f0e8bb1209dc7d
88.0,24.0,5080,test,2992.615384568657,1.0,1.0,"(1, 2)",6122f332c9f0e8bb1209dc7d
88.0,24.0,5081,test,2992.615384568657,1.0,1.0,"(1, 2)",6122f332c9f0e8bb1209dc7d
88.0,24.0,5082,test,2992.615384568657,1.0,1.0,"(1, 2)",6122f332c9f0e8bb1209dc7d
87.11611652351695,24.88388347648305,5083,test,2993.865384568657,1.0,1.0,"(1, 2)",6122f332c9f0e8bb1209dc7d
86.2322330470339,25.7677669529661,5084,test,2995.115384568657,1.0,1.0,"(1, 2)",6122f332c9f0e8bb1209dc7d
85.34834957055085,26.65165042944915,5085,test,2996.365384568657,1.0,1.0,"(1, 2)",6122f332c9f0e8bb1209dc7d
84.4644660940678,27.535533905932198,5086,test,2997.615384568657,1.0,1.0,"(1, 2)",6122f332c9f0e8bb1209dc7d
83.58058261758475,28.419417382415247,5087,test,2998.865384568657,1.0,1.0,"(1, 2)",6122f332c9f0e8bb1209dc7d
82.6966991411017,29.303300858898297,5088,test,3000.115384568657,1.0,1.0,"(1, 2)",6122f332c9f0e8bb1209dc7d
81.81281566461865,30.187184335381346,5089,test,3001.365384568657,1.0,1.0,"(1, 2)",6122f332c9f0e8bb1209dc7d
80.9289321881356,31.071067811864395,5090,test,3002.615384568657,1.0,1.0,"(1, 2)",6122f332c9f0e8bb1209dc7d
80.04504871165256,31.954951288347445,5091,test,3003.865384568657,1.0,1.0,"(1, 2)",6122f332c9f0e8bb1209dc7d
79.1611652351695,32.838834764830494,5092,test,3005.115384568657,1.0,1.0,"(1, 2)",6122f332c9f0e8bb1209dc7d
78.27728175868646,33.722718241313544,5093,test,3006.365384568657,1.0,1.0,"(1, 2)",6122f332c9f0e8bb1209dc7d
77.3933982822034,34.60660171779659,5094,test,3007.615384568657,1.0,1.0,"(1, 2)",6122f332c9f0e8bb1209dc7d
76.50951480572036,35.49048519427964,5095,test,3008.865384568657,1.0,1.0,"(1, 2)",6122f332c9f0e8bb1209dc7d
75.62563132923731,36.37436867076269,5096,test,3010.115384568657,1.0,1.0,"(1, 2)",6122f332c9f0e8bb1209dc7d
74.74174785275426,37.25825214724574,5097,test,3011.365384568657,1.0,1.0,"(1, 2)",6122f332c9f0e8bb1209dc7d
73.85786437627121,38.14213562372879,5098,test,3012.615384568657,1.0,1.0,"(1, 2)",6122f332c9f0e8bb1209dc7d
72.97398089978816,39.02601910021184,5099,test,3013.865384568657,1.0,1.0,"(1, 2)",6122f332c9f0e8bb1209dc7d
72.09009742330511,39.90990257669489,5100,test,3015.115384568657,1.0,1.0,"(1, 2)",6122f332c9f0e8bb1209dc7d
71.20621394682206,40.79378605317794,5101,test,3016.365384568657,1.0,1.0,"(1, 2)",6122f332c9f0e8bb1209dc7d
70.32233047033901,41.67766952966099,5102,test,3017.615384568657,1.0,1.0,"(1, 2)",6122f332c9f0e8bb1209dc7d
69.43844699385596,42.56155300614404,5103,test,3018.865384568657,1.0,1.0,"(1, 2)",6122f332c9f0e8bb1209dc7d
68.55456351737291,43.44543648262709,5104,test,3020.115384568657,1.0,1.0,"(1, 2)",6122f332c9f0e8bb1209dc7d
67.67068004088986,44.32931995911014,5105,test,3021.365384568657,1.0,1.0,"(1, 2)",6122f332c9f0e8bb1209dc7d
66.78679656440681,45.213203435593186,5106,test,3022.615384568657,1.0,1.0,"(1, 2)",6122f332c9f0e8bb1209dc7d
65.90291308792376,46.097086912076236,5107,test,3023.865384568657,1.0,1.0,"(1, 2)",6122f332c9f0e8bb1209dc7d
65.01902961144071,46.980970388559285,5108,test,3025.115384568657,1.0,1.0,"(1, 2)",6122f332c9f0e8bb1209dc7d
64.13514613495767,47.864853865042335,5109,test,3026.365384568657,1.0,1.0,"(1, 2)",6122f332c9f0e8bb1209dc7d
63.251262658474616,48.748737341525384,5110,test,3027.615384568657,1.0,1.0,"(1, 2)",6122f332c9f0e8bb1209dc7d
62.367379181991566,49.632620818008434,5111,test,3028.865384568657,1.0,1.0,"(1, 2)",6122f332c9f0e8bb1209dc7d
61.48349570550852,50.51650429449148,5112,test,3030.115384568657,1.0,1.0,"(1, 2)",6122f332c9f0e8bb1209dc7d
60.59961222902547,51.40038777097453,5113,test,3031.365384568657,1.0,1.0,"(1, 2)",6122f332c9f0e8bb1209dc7d
59.71572875254242,52.28427124745758,5114,test,3032.615384568657,1.0,1.0,"(1, 2)",6122f332c9f0e8bb1209dc7d
58.83184527605937,53.16815472394063,5115,test,3033.865384568657,1.0,1.0,"(1, 2)",6122f332c9f0e8bb1209dc7d
57.94796179957632,54.05203820042368,5116,test,3035.115384568657,1.0,1.0,"(1, 2)",6122f332c9f0e8bb1209dc7d
57.06407832309327,54.93592167690673,5117,test,3036.365384568657,1.0,1.0,"(1, 2)",6122f332c9f0e8bb1209dc7d
56.197567139996536,55.82712561869876,5118,test,3037.6083994906503,1.0,1.0,"(1, 2)",6122f332c9f0e8bb1209dc7d
57.08076031173822,54.94255237617516,5119,test,3038.8583994906503,1.0,1.0,"(1, 2)",6122f332c9f0e8bb1209dc7d
57.9639534834799,54.05797913365156,5120,test,3040.1083994906503,1.0,1.0,"(1, 2)",6122f332c9f0e8bb1209dc7d
58.84714665522158,53.173405891127956,5121,test,3041.3583994906503,1.0,1.0,"(1, 2)",6122f332c9f0e8bb1209dc7d
59.73033982696326,52.288832648604355,5122,test,3042.6083994906503,1.0,1.0,"(1, 2)",6122f332c9f0e8bb1209dc7d
60.61353299870494,51.404259406080755,5123,test,3043.8583994906503,1.0,1.0,"(1, 2)",6122f332c9f0e8bb1209dc7d
61.49672617044662,50.519686163557154,5124,test,3045.1083994906503,1.0,1.0,"(1, 2)",6122f332c9f0e8bb1209dc7d
62.3799193421883,49.63511292103355,5125,test,3046.3583994906503,1.0,1.0,"(1, 2)",6122f332c9f0e8bb1209dc7d
63.26311251392998,48.75053967850995,5126,test,3047.6083994906503,1.0,1.0,"(1, 2)",6122f332c9f0e8bb1209dc7d
64.14630568567178,47.86596643598635,5127,test,3048.8583994906503,1.0,1.0,"(1, 2)",6122f332c9f0e8bb1209dc7d
65.02949885741417,46.98139319346275,5128,test,3050.1083994906508,1.0,1.0,"(1, 2)",6122f332c9f0e8bb1209dc7d
65.91269202915656,46.09681995093915,5129,test,3051.358399490651,1.0,1.0,"(1, 2)",6122f332c9f0e8bb1209dc7d
66.79588520089895,45.21224670841555,5130,test,3052.6083994906517,1.0,1.0,"(1, 2)",6122f332c9f0e8bb1209dc7d
67.67907837264129,44.32767346589195,5131,test,3053.858399490652,1.0,1.0,"(1, 2)",6122f332c9f0e8bb1209dc7d
68.56227154438288,43.44310022336835,5132,test,3055.108399490652,1.0,1.0,"(1, 2)",6122f332c9f0e8bb1209dc7d
69.44546471612448,42.558526980844746,5133,test,3056.358399490652,1.0,1.0,"(1, 2)",6122f332c9f0e8bb1209dc7d
70.32865788786607,41.673953738321146,5134,test,3057.608399490652,1.0,1.0,"(1, 2)",6122f332c9f0e8bb1209dc7d
71.21185105960767,40.789380495797545,5135,test,3058.858399490652,1.0,1.0,"(1, 2)",6122f332c9f0e8bb1209dc7d
72.09526926837043,39.90503211254985,5136,test,3060.108399408463,1.0,1.0,"(1, 2)",6122f332c9f0e8bb1209dc7d
72.97914437047922,39.02114026177141,5137,test,3061.358399408463,1.0,1.0,"(1, 2)",6122f332c9f0e8bb1209dc7d
73.86301947258801,38.13724841099297,5138,test,3062.608399408463,1.0,1.0,"(1, 2)",6122f332c9f0e8bb1209dc7d
74.7468945746968,37.25335656021453,5139,test,3063.858399408463,1.0,1.0,"(1, 2)",6122f332c9f0e8bb1209dc7d
75.63076967680558,36.36946470943609,5140,test,3065.108399408463,1.0,1.0,"(1, 2)",6122f332c9f0e8bb1209dc7d
76.51464477891437,35.485572858657406,5141,test,3066.3583994084634,1.0,1.0,"(1, 2)",6122f332c9f0e8bb1209dc7d
77.39851988102316,34.601681007878256,5142,test,3067.608399408464,1.0,1.0,"(1, 2)",6122f332c9f0e8bb1209dc7d
78.28239498313195,33.717789157099105,5143,test,3068.8583994084643,1.0,1.0,"(1, 2)",6122f332c9f0e8bb1209dc7d
79.16627008524074,32.833897306319955,5144,test,3070.1083994084647,1.0,1.0,"(1, 2)",6122f332c9f0e8bb1209dc7d
80.05014518734953,31.950005455540825,5145,test,3071.358399408465,1.0,1.0,"(1, 2)",6122f332c9f0e8bb1209dc7d
80.93402028945832,31.06611360476203,5146,test,3072.6083994084656,1.0,1.0,"(1, 2)",6122f332c9f0e8bb1209dc7d
81.8178953915671,30.182221753983235,5147,test,3073.858399408466,1.0,1.0,"(1, 2)",6122f332c9f0e8bb1209dc7d
82.70177049367516,29.29832990320444,5148,test,3075.108399408466,1.0,1.0,"(1, 2)",6122f332c9f0e8bb1209dc7d
83.58564559578308,28.414438052425645,5149,test,3076.358399408466,1.0,1.0,"(1, 2)",6122f332c9f0e8bb1209dc7d
84.469520697891,27.53054620164685,5150,test,3077.608399408466,1.0,1.0,"(1, 2)",6122f332c9f0e8bb1209dc7d
85.35339579999892,26.646654350868054,5151,test,3078.858399408466,1.0,1.0,"(1, 2)",6122f332c9f0e8bb1209dc7d
86.23727090210684,25.76276250008926,5152,test,3080.108399408466,1.0,1.0,"(1, 2)",6122f332c9f0e8bb1209dc7d
87.12114600421478,24.878870649310464,5153,test,3081.358399408466,1.0,1.0,"(1, 2)",6122f332c9f0e8bb1209dc7d
88.0,24.0,5154,test,3082.6012984245276,1.0,1.0,"(1, 2)",6122f332c9f0e8bb1209dc7d
88.0,24.0,5155,test,3082.6012984245276,1.0,1.0,"(1, 2)",6122f332c9f0e8bb1209dc7d
88.0,24.0,5156,test,3082.6012984245276,1.0,1.0,"(1, 2)",6122f332c9f0e8bb1209dc7d
88.0,24.0,5157,test,3082.6012984245276,1.0,1.0,"(1, 2)",6122f332c9f0e8bb1209dc7d
88.0,24.0,5158,test,3082.6012984245276,1.0,1.0,"(1, 2)",6122f332c9f0e8bb1209dc7d
88.0,24.0,5159,test,3082.6012984245276,1.0,1.0,"(1, 2)",6122f332c9f0e8bb1209dc7d
88.0,24.0,5160,test,3082.6012984245276,1.0,1.0,"(1, 2)",6122f332c9f0e8bb1209dc7d
88.0,24.0,5161,test,3082.6012984245276,1.0,1.0,"(1, 2)",6122f332c9f0e8bb1209dc7d
88.0,24.0,5162,test,3082.6012984245276,1.0,1.0,"(1, 2)",6122f332c9f0e8bb1209dc7d
88.0,24.0,5163,test,3082.6012984245276,1.0,1.0,"(1, 2)",6122f332c9f0e8bb1209dc7d
88.0,24.0,5164,test,3082.6012984245276,1.0,1.0,"(1, 2)",6122f332c9f0e8bb1209dc7d
88.0,24.0,5165,test,3082.6012984245276,1.0,1.0,"(1, 2)",6122f332c9f0e8bb1209dc7d
88.0,24.0,5166,test,3082.6012984245276,1.0,1.0,"(1, 2)",6122f332c9f0e8bb1209dc7d
88.0,24.0,5167,test,3082.6012984245276,1.0,1.0,"(1, 2)",6122f332c9f0e8bb1209dc7d
88.0,24.0,5168,test,3082.6012984245276,1.0,1.0,"(1, 2)",6122f332c9f0e8bb1209dc7d
88.0,24.0,5169,test,3082.6012984245276,1.0,1.0,"(1, 2)",6122f332c9f0e8bb1209dc7d
88.0,24.0,5170,test,3082.6012984245276,1.0,1.0,"(1, 2)",6122f332c9f0e8bb1209dc7d
88.0,24.0,5171,test,3082.6012984245276,1.0,1.0,"(1, 2)",6122f332c9f0e8bb1209dc7d
88.0,24.0,5172,test,3082.6012984245276,1.0,1.0,"(1, 2)",6122f332c9f0e8bb1209dc7d
88.0,24.0,5173,test,3082.6012984245276,1.0,1.0,"(1, 2)",6122f332c9f0e8bb1209dc7d
88.0,24.0,5174,test,3082.6012984245276,1.0,1.0,"(1, 2)",6122f332c9f0e8bb1209dc7d
88.0,24.0,5175,test,3082.6012984245276,1.0,1.0,"(1, 2)",6122f332c9f0e8bb1209dc7d
88.0,24.0,5176,test,3082.6012984245276,1.0,1.0,"(1, 2)",6122f332c9f0e8bb1209dc7d
88.0,24.0,5177,test,3082.6012984245276,1.0,1.0,"(1, 2)",6122f332c9f0e8bb1209dc7d
88.0,24.0,5178,test,3082.6012984245276,1.0,1.0,"(1, 2)",6122f332c9f0e8bb1209dc7d
88.0,24.0,5179,test,3082.6012984245276,1.0,1.0,"(1, 2)",6122f332c9f0e8bb1209dc7d
88.0,24.0,5180,test,3082.6012984245276,1.0,1.0,"(1, 2)",6122f332c9f0e8bb1209dc7d
88.0,24.0,5181,test,3082.6012984245276,1.0,1.0,"(1, 2)",6122f332c9f0e8bb1209dc7d
88.0,24.0,5182,test,3082.6012984245276,1.0,1.0,"(1, 2)",6122f332c9f0e8bb1209dc7d
89.25000000000028,24.0,5183,test,3083.851298424528,1.0,1.0,"(1, 2)",6122f332c9f0e8bb1209dc7d
90.50000000000057,24.0,5184,test,3085.1012984245285,1.0,1.0,"(1, 2)",6122f332c9f0e8bb1209dc7d
91.75000000000085,24.0,5185,test,3086.351298424529,1.0,1.0,"(1, 2)",6122f332c9f0e8bb1209dc7d
93.00000000000114,24.0,5186,test,3087.6012984245294,1.0,1.0,"(1, 2)",6122f332c9f0e8bb1209dc7d
94.25000000000142,24.0,5187,test,3088.85129842453,1.0,1.0,"(1, 2)",6122f332c9f0e8bb1209dc7d
95.5000000000017,24.0,5188,test,3090.1012984245303,1.0,1.0,"(1, 2)",6122f332c9f0e8bb1209dc7d
96.75000000000199,24.0,5189,test,3091.351298424531,1.0,1.0,"(1, 2)",6122f332c9f0e8bb1209dc7d
98.00000000000227,24.0,5190,test,3092.6012984245313,1.0,1.0,"(1, 2)",6122f332c9f0e8bb1209dc7d
99.25000000000256,24.0,5191,test,3093.8512984245317,1.0,1.0,"(1, 2)",6122f332c9f0e8bb1209dc7d
100.50000000000284,24.0,5192,test,3095.101298424532,1.0,1.0,"(1, 2)",6122f332c9f0e8bb1209dc7d
101.75000000000313,24.0,5193,test,3096.3512984245326,1.0,1.0,"(1, 2)",6122f332c9f0e8bb1209dc7d
103.00000000000341,24.0,5194,test,3097.601298424533,1.0,1.0,"(1, 2)",6122f332c9f0e8bb1209dc7d
104.0,24.0,5195,test,3098.60129842453,1.0,1.0,"(1, 2)",6122f332c9f0e8bb1209dc7d
104.0,24.0,5196,test,3098.60129842453,1.0,1.0,"(1, 2)",6122f332c9f0e8bb1209dc7d
104.0,24.0,5197,test,3098.60129842453,1.0,1.0,"(1, 2)",6122f332c9f0e8bb1209dc7d
104.0,24.0,5198,test,3098.60129842453,1.0,1.0,"(1, 2)",6122f332c9f0e8bb1209dc7d
104.0,24.0,5199,test,3098.60129842453,1.0,1.0,"(1, 2)",6122f332c9f0e8bb1209dc7d
104.0,24.0,5200,test,3098.60129842453,1.0,1.0,"(1, 2)",6122f332c9f0e8bb1209dc7d
104.0,24.0,5201,test,3098.60129842453,1.0,1.0,"(1, 2)",6122f332c9f0e8bb1209dc7d
104.0,24.0,5202,test,3098.60129842453,1.0,1.0,"(1, 2)",6122f332c9f0e8bb1209dc7d
104.0,24.0,5203,test,3098.60129842453,1.0,1.0,"(1, 2)",6122f332c9f0e8bb1209dc7d
104.0,24.0,5204,test,3098.60129842453,1.0,1.0,"(1, 2)",6122f332c9f0e8bb1209dc7d
104.0,24.0,5205,test,3098.60129842453,1.0,1.0,"(1, 2)",6122f332c9f0e8bb1209dc7d
104.0,24.0,5206,test,3098.60129842453,1.0,1.0,"(1, 2)",6122f332c9f0e8bb1209dc7d
104.0,24.0,5207,test,3098.60129842453,1.0,1.0,"(1, 2)",6122f332c9f0e8bb1209dc7d
104.0,24.0,5208,test,3098.60129842453,1.0,1.0,"(1, 2)",6122f332c9f0e8bb1209dc7d
104.0,24.0,5209,test,3098.60129842453,1.0,1.0,"(1, 2)",6122f332c9f0e8bb1209dc7d
104.0,24.0,5210,test,3098.60129842453,1.0,1.0,"(1, 2)",6122f332c9f0e8bb1209dc7d
104.0,24.0,5211,test,3098.60129842453,1.0,1.0,"(1, 2)",6122f332c9f0e8bb1209dc7d
104.0,24.0,5212,test,3098.60129842453,1.0,1.0,"(1, 2)",6122f332c9f0e8bb1209dc7d
104.0,24.0,5213,test,3098.60129842453,1.0,1.0,"(1, 2)",6122f332c9f0e8bb1209dc7d
104.0,24.0,5214,test,3098.60129842453,1.0,1.0,"(1, 2)",6122f332c9f0e8bb1209dc7d
104.0,24.0,5215,test,3098.60129842453,1.0,1.0,"(1, 2)",6122f332c9f0e8bb1209dc7d
104.0,24.0,5216,test,3098.60129842453,1.0,1.0,"(1, 2)",6122f332c9f0e8bb1209dc7d
104.0,24.0,5217,test,3098.60129842453,1.0,1.0,"(1, 2)",6122f332c9f0e8bb1209dc7d
104.0,24.0,5218,test,3098.60129842453,1.0,1.0,"(1, 2)",6122f332c9f0e8bb1209dc7d
104.0,24.0,5219,test,3098.60129842453,1.0,1.0,"(1, 2)",6122f332c9f0e8bb1209dc7d
104.0,24.0,5220,test,3098.60129842453,1.0,1.0,"(1, 2)",6122f332c9f0e8bb1209dc7d
104.0,24.0,5221,test,3098.60129842453,1.0,1.0,"(1, 2)",6122f332c9f0e8bb1209dc7d
104.0,24.0,5222,test,3098.60129842453,1.0,1.0,"(1, 2)",6122f332c9f0e8bb1209dc7d
104.0,24.0,5223,test,3098.60129842453,1.0,1.0,"(1, 2)",6122f332c9f0e8bb1209dc7d
104.0,24.0,5224,test,3098.60129842453,1.0,1.0,"(1, 2)",6122f332c9f0e8bb1209dc7d
104.0,24.0,5225,test,3098.60129842453,1.0,1.0,"(1, 2)",6122f332c9f0e8bb1209dc7d
104.0,24.0,5226,test,3098.60129842453,1.0,1.0,"(1, 2)",6122f332c9f0e8bb1209dc7d
104.0,24.0,5227,test,3098.60129842453,1.0,1.0,"(1, 2)",6122f332c9f0e8bb1209dc7d
104.0,24.0,5228,test,3098.60129842453,1.0,1.0,"(1, 2)",6122f332c9f0e8bb1209dc7d
104.0,24.0,5229,test,3098.60129842453,1.0,1.0,"(1, 2)",6122f332c9f0e8bb1209dc7d
104.0,24.0,5230,test,3098.60129842453,1.0,1.0,"(1, 2)",6122f332c9f0e8bb1209dc7d
104.0,24.0,5231,test,3098.60129842453,1.0,1.0,"(1, 2)",6122f332c9f0e8bb1209dc7d
104.0,24.0,5232,test,3098.60129842453,1.0,1.0,"(1, 2)",6122f332c9f0e8bb1209dc7d
104.0,24.0,5233,test,3098.60129842453,1.0,1.0,"(1, 2)",6122f332c9f0e8bb1209dc7d
104.0,24.0,5234,test,3098.60129842453,1.0,1.0,"(1, 2)",6122f332c9f0e8bb1209dc7d
104.0,24.0,5235,test,3098.60129842453,1.0,1.0,"(1, 2)",6122f332c9f0e8bb1209dc7d
104.0,24.0,5236,test,3098.60129842453,1.0,1.0,"(1, 2)",6122f332c9f0e8bb1209dc7d
104.0,24.0,5237,test,3098.60129842453,1.0,1.0,"(1, 2)",6122f332c9f0e8bb1209dc7d
104.0,24.0,5238,test,3098.60129842453,1.0,1.0,"(1, 2)",6122f332c9f0e8bb1209dc7d
104.0,24.0,5239,test,3098.60129842453,1.0,1.0,"(1, 2)",6122f332c9f0e8bb1209dc7d
104.0,24.0,5240,test,3098.60129842453,1.0,1.0,"(1, 2)",6122f332c9f0e8bb1209dc7d
104.0,24.0,5241,test,3098.60129842453,1.0,1.0,"(1, 2)",6122f332c9f0e8bb1209dc7d
104.0,24.0,5242,test,3098.60129842453,1.0,1.0,"(1, 2)",6122f332c9f0e8bb1209dc7d
104.0,24.0,5243,test,3098.60129842453,1.0,1.0,"(1, 2)",6122f332c9f0e8bb1209dc7d
104.0,24.0,5244,test,3098.60129842453,1.0,1.0,"(1, 2)",6122f332c9f0e8bb1209dc7d
104.0,24.0,5245,test,3098.60129842453,1.0,1.0,"(1, 2)",6122f332c9f0e8bb1209dc7d
104.0,24.0,5246,test,3098.60129842453,1.0,1.0,"(1, 2)",6122f332c9f0e8bb1209dc7d
104.0,24.0,5247,test,3098.60129842453,1.0,1.0,"(1, 2)",6122f332c9f0e8bb1209dc7d
104.0,24.0,5248,test,3098.60129842453,1.0,1.0,"(1, 2)",6122f332c9f0e8bb1209dc7d
104.0,24.0,5249,test,3098.60129842453,1.0,1.0,"(1, 2)",6122f332c9f0e8bb1209dc7d
104.0,24.0,5250,test,3098.60129842453,1.0,1.0,"(1, 2)",6122f332c9f0e8bb1209dc7d
104.0,24.0,5251,test,3098.60129842453,1.0,1.0,"(1, 2)",6122f332c9f0e8bb1209dc7d
104.0,24.0,5252,test,3098.60129842453,1.0,1.0,"(1, 2)",6122f332c9f0e8bb1209dc7d
104.0,24.0,5253,test,3098.60129842453,1.0,1.0,"(1, 2)",6122f332c9f0e8bb1209dc7d
104.0,24.0,5254,test,3098.60129842453,1.0,1.0,"(1, 2)",6122f332c9f0e8bb1209dc7d
104.0,24.0,5255,test,3098.60129842453,1.0,1.0,"(1, 2)",6122f332c9f0e8bb1209dc7d
104.0,24.0,5256,test,3098.60129842453,1.0,1.0,"(1, 2)",6122f332c9f0e8bb1209dc7d
104.0,24.0,5257,test,3098.60129842453,1.0,1.0,"(1, 2)",6122f332c9f0e8bb1209dc7d
104.0,24.0,5258,test,3098.60129842453,1.0,1.0,"(1, 2)",6122f332c9f0e8bb1209dc7d
104.0,24.0,5259,test,3098.60129842453,1.0,1.0,"(1, 2)",6122f332c9f0e8bb1209dc7d
104.0,24.0,5260,test,3098.60129842453,1.0,1.0,"(1, 2)",6122f332c9f0e8bb1209dc7d
104.0,24.0,5261,test,3098.60129842453,1.0,1.0,"(1, 2)",6122f332c9f0e8bb1209dc7d
104.0,24.0,5262,test,3098.60129842453,1.0,1.0,"(1, 2)",6122f332c9f0e8bb1209dc7d
104.0,24.0,5263,test,3098.60129842453,1.0,1.0,"(1, 2)",6122f332c9f0e8bb1209dc7d
104.0,24.0,5264,test,3098.60129842453,1.0,1.0,"(1, 2)",6122f332c9f0e8bb1209dc7d
104.0,24.0,5265,test,3098.60129842453,1.0,1.0,"(1, 2)",6122f332c9f0e8bb1209dc7d
104.0,24.0,5266,test,3098.60129842453,1.0,1.0,"(1, 2)",6122f332c9f0e8bb1209dc7d
104.0,24.0,5267,test,3098.60129842453,1.0,1.0,"(1, 2)",6122f332c9f0e8bb1209dc7d
104.0,24.0,5268,test,3098.60129842453,1.0,1.0,"(1, 2)",6122f332c9f0e8bb1209dc7d
104.0,24.0,5269,test,3098.60129842453,1.0,1.0,"(1, 2)",6122f332c9f0e8bb1209dc7d
104.0,24.0,5270,test,3098.60129842453,1.0,1.0,"(1, 2)",6122f332c9f0e8bb1209dc7d
104.0,24.0,5271,test,3098.60129842453,1.0,1.0,"(1, 2)",6122f332c9f0e8bb1209dc7d
104.0,24.0,5272,test,3098.60129842453,1.0,1.0,"(1, 2)",6122f332c9f0e8bb1209dc7d
104.0,24.0,5273,test,3098.60129842453,1.0,1.0,"(1, 2)",6122f332c9f0e8bb1209dc7d
104.0,24.0,5274,test,3098.60129842453,1.0,1.0,"(1, 2)",6122f332c9f0e8bb1209dc7d
104.0,24.0,5275,test,3098.60129842453,1.0,1.0,"(1, 2)",6122f332c9f0e8bb1209dc7d
104.0,24.0,5276,test,3098.60129842453,1.0,1.0,"(1, 2)",6122f332c9f0e8bb1209dc7d
104.0,24.0,5277,test,3098.60129842453,1.0,1.0,"(1, 2)",6122f332c9f0e8bb1209dc7d
104.0,24.0,5278,test,3098.60129842453,1.0,1.0,"(1, 2)",6122f332c9f0e8bb1209dc7d
104.0,24.0,5279,test,3098.60129842453,1.0,1.0,"(1, 2)",6122f332c9f0e8bb1209dc7d
104.0,24.0,5280,test,3098.60129842453,1.0,1.0,"(1, 2)",6122f332c9f0e8bb1209dc7d
104.0,24.0,5281,test,3098.60129842453,1.0,1.0,"(1, 2)",6122f332c9f0e8bb1209dc7d
104.0,24.0,5282,test,3098.60129842453,1.0,1.0,"(1, 2)",6122f332c9f0e8bb1209dc7d
104.0,24.0,5283,test,3098.60129842453,1.0,1.0,"(1, 2)",6122f332c9f0e8bb1209dc7d
104.0,24.0,5284,test,3098.60129842453,1.0,1.0,"(1, 2)",6122f332c9f0e8bb1209dc7d
104.0,24.0,5285,test,3098.60129842453,1.0,1.0,"(1, 2)",6122f332c9f0e8bb1209dc7d
104.0,24.0,5286,test,3098.60129842453,1.0,1.0,"(1, 2)",6122f332c9f0e8bb1209dc7d
104.0,24.0,5287,test,3098.60129842453,1.0,1.0,"(1, 2)",6122f332c9f0e8bb1209dc7d
104.0,24.0,5288,test,3098.60129842453,1.0,1.0,"(1, 2)",6122f332c9f0e8bb1209dc7d
104.0,24.0,5289,test,3098.60129842453,1.0,1.0,"(1, 2)",6122f332c9f0e8bb1209dc7d
104.0,24.0,5290,test,3098.60129842453,1.0,1.0,"(1, 2)",6122f332c9f0e8bb1209dc7d
104.0,24.0,5291,test,3098.60129842453,1.0,1.0,"(1, 2)",6122f332c9f0e8bb1209dc7d
104.0,24.0,5292,test,3098.60129842453,1.0,1.0,"(1, 2)",6122f332c9f0e8bb1209dc7d
104.0,24.0,5293,test,3098.60129842453,1.0,1.0,"(1, 2)",6122f332c9f0e8bb1209dc7d
104.0,24.0,5294,test,3098.60129842453,1.0,1.0,"(1, 2)",6122f332c9f0e8bb1209dc7d
104.0,24.0,5295,test,3098.60129842453,1.0,1.0,"(1, 2)",6122f332c9f0e8bb1209dc7d
104.0,24.0,5296,test,3098.60129842453,1.0,1.0,"(1, 2)",6122f332c9f0e8bb1209dc7d
104.0,24.0,5297,test,3098.60129842453,1.0,1.0,"(1, 2)",6122f332c9f0e8bb1209dc7d
104.0,24.0,5298,test,3098.60129842453,1.0,1.0,"(1, 2)",6122f332c9f0e8bb1209dc7d
104.0,24.0,5299,test,3098.60129842453,1.0,1.0,"(1, 2)",6122f332c9f0e8bb1209dc7d
104.0,24.0,5300,test,3098.60129842453,1.0,1.0,"(1, 2)",6122f332c9f0e8bb1209dc7d
104.0,24.0,5301,test,3098.60129842453,1.0,1.0,"(1, 2)",6122f332c9f0e8bb1209dc7d
104.0,24.0,5302,test,3098.60129842453,1.0,1.0,"(1, 2)",6122f332c9f0e8bb1209dc7d
104.0,24.0,5303,test,3098.60129842453,1.0,1.0,"(1, 2)",6122f332c9f0e8bb1209dc7d
104.0,24.0,5304,test,3098.60129842453,1.0,1.0,"(1, 2)",6122f332c9f0e8bb1209dc7d
104.0,24.0,5305,test,3098.60129842453,1.0,1.0,"(1, 2)",6122f332c9f0e8bb1209dc7d
104.0,24.0,5306,test,3098.60129842453,1.0,1.0,"(1, 2)",6122f332c9f0e8bb1209dc7d
104.0,24.0,5307,test,3098.60129842453,1.0,1.0,"(1, 2)",6122f332c9f0e8bb1209dc7d
104.0,24.0,5308,test,3098.60129842453,1.0,1.0,"(1, 2)",6122f332c9f0e8bb1209dc7d
104.0,24.0,5309,test,3098.60129842453,1.0,1.0,"(1, 2)",6122f332c9f0e8bb1209dc7d
104.0,24.0,5310,test,3098.60129842453,1.0,1.0,"(1, 2)",6122f332c9f0e8bb1209dc7d
104.0,24.0,5311,test,3098.60129842453,1.0,1.0,"(1, 2)",6122f332c9f0e8bb1209dc7d
104.0,24.0,5312,test,3098.60129842453,1.0,1.0,"(1, 2)",6122f332c9f0e8bb1209dc7d
104.0,24.0,5313,test,3098.60129842453,1.0,1.0,"(1, 2)",6122f332c9f0e8bb1209dc7d
104.0,24.0,5314,test,3098.60129842453,1.0,1.0,"(1, 2)",6122f332c9f0e8bb1209dc7d
104.0,24.0,5315,test,3098.60129842453,1.0,1.0,"(1, 2)",6122f332c9f0e8bb1209dc7d
104.0,24.0,5316,test,3098.60129842453,1.0,1.0,"(1, 2)",6122f332c9f0e8bb1209dc7d
104.0,24.0,5317,test,3098.60129842453,1.0,1.0,"(1, 2)",6122f332c9f0e8bb1209dc7d
104.0,24.0,5318,test,3098.60129842453,1.0,1.0,"(1, 2)",6122f332c9f0e8bb1209dc7d
104.0,24.0,5319,test,3098.60129842453,1.0,1.0,"(1, 2)",6122f332c9f0e8bb1209dc7d
104.0,24.0,5320,test,3098.60129842453,1.0,1.0,"(1, 2)",6122f332c9f0e8bb1209dc7d
104.0,24.0,5321,test,3098.60129842453,1.0,1.0,"(1, 2)",6122f332c9f0e8bb1209dc7d
104.0,24.0,5322,test,3098.60129842453,1.0,1.0,"(1, 2)",6122f332c9f0e8bb1209dc7d
104.0,24.0,5323,test,3098.60129842453,1.0,1.0,"(1, 2)",6122f332c9f0e8bb1209dc7d
104.0,24.0,5324,test,3098.60129842453,1.0,1.0,"(1, 2)",6122f332c9f0e8bb1209dc7d
104.0,24.0,5325,test,3098.60129842453,1.0,1.0,"(1, 2)",6122f332c9f0e8bb1209dc7d
104.0,24.0,5326,test,3098.60129842453,1.0,1.0,"(1, 2)",6122f332c9f0e8bb1209dc7d
104.0,24.0,5327,test,3098.60129842453,1.0,1.0,"(1, 2)",6122f332c9f0e8bb1209dc7d
104.0,24.0,5328,test,3098.60129842453,1.0,1.0,"(1, 2)",6122f332c9f0e8bb1209dc7d
104.0,24.0,5329,test,3098.60129842453,1.0,1.0,"(1, 2)",6122f332c9f0e8bb1209dc7d
104.0,24.0,5330,test,3098.60129842453,1.0,1.0,"(1, 2)",6122f332c9f0e8bb1209dc7d
104.0,24.0,5331,test,3098.60129842453,1.0,1.0,"(1, 2)",6122f332c9f0e8bb1209dc7d
104.0,24.0,5332,test,3098.60129842453,1.0,1.0,"(1, 2)",6122f332c9f0e8bb1209dc7d
104.0,24.0,5333,test,3098.60129842453,1.0,1.0,"(1, 2)",6122f332c9f0e8bb1209dc7d
104.0,24.0,5334,test,3098.60129842453,1.0,1.0,"(1, 2)",6122f332c9f0e8bb1209dc7d
104.0,24.0,5335,test,3098.60129842453,1.0,1.0,"(1, 2)",6122f332c9f0e8bb1209dc7d
104.0,24.0,5336,test,3098.60129842453,1.0,1.0,"(1, 2)",6122f332c9f0e8bb1209dc7d
104.0,24.0,5337,test,3098.60129842453,1.0,1.0,"(1, 2)",6122f332c9f0e8bb1209dc7d
104.0,24.0,5338,test,3098.60129842453,1.0,1.0,"(1, 2)",6122f332c9f0e8bb1209dc7d
104.0,24.0,5339,test,3098.60129842453,1.0,1.0,"(1, 2)",6122f332c9f0e8bb1209dc7d
104.0,24.0,5340,test,3098.60129842453,1.0,1.0,"(1, 2)",6122f332c9f0e8bb1209dc7d
104.0,24.0,5341,test,3098.60129842453,1.0,1.0,"(1, 2)",6122f332c9f0e8bb1209dc7d
104.0,24.0,5342,test,3098.60129842453,1.0,1.0,"(1, 2)",6122f332c9f0e8bb1209dc7d
104.0,24.0,5343,test,3098.60129842453,1.0,1.0,"(1, 2)",6122f332c9f0e8bb1209dc7d
104.0,24.0,5344,test,3098.60129842453,1.0,1.0,"(1, 2)",6122f332c9f0e8bb1209dc7d
104.0,24.0,5345,test,3098.60129842453,1.0,1.0,"(1, 2)",6122f332c9f0e8bb1209dc7d
104.0,24.0,5346,test,3098.60129842453,1.0,1.0,"(1, 2)",6122f332c9f0e8bb1209dc7d
104.0,24.0,5347,test,3098.60129842453,1.0,1.0,"(1, 2)",6122f332c9f0e8bb1209dc7d
104.0,24.0,5348,test,3098.60129842453,1.0,1.0,"(1, 2)",6122f332c9f0e8bb1209dc7d
104.0,24.0,5349,test,3098.60129842453,1.0,1.0,"(1, 2)",6122f332c9f0e8bb1209dc7d
104.0,24.0,5350,test,3098.60129842453,1.0,1.0,"(1, 2)",6122f332c9f0e8bb1209dc7d
104.0,24.0,5351,test,3098.60129842453,1.0,1.0,"(1, 2)",6122f332c9f0e8bb1209dc7d
104.0,24.0,5352,test,3098.60129842453,1.0,1.0,"(1, 2)",6122f332c9f0e8bb1209dc7d
104.0,24.0,5353,test,3098.60129842453,1.0,1.0,"(1, 2)",6122f332c9f0e8bb1209dc7d
104.0,24.0,5354,test,3098.60129842453,1.0,1.0,"(1, 2)",6122f332c9f0e8bb1209dc7d
104.0,24.0,5355,test,3098.60129842453,1.0,1.0,"(1, 2)",6122f332c9f0e8bb1209dc7d
104.0,24.0,5356,test,3098.60129842453,1.0,1.0,"(1, 2)",6122f332c9f0e8bb1209dc7d
104.0,24.0,5357,test,3098.60129842453,1.0,1.0,"(1, 2)",6122f332c9f0e8bb1209dc7d
104.0,24.0,5358,test,3098.60129842453,1.0,1.0,"(1, 2)",6122f332c9f0e8bb1209dc7d
104.0,24.0,5359,test,3098.60129842453,1.0,1.0,"(1, 2)",6122f332c9f0e8bb1209dc7d
104.0,24.0,5360,test,3098.60129842453,1.0,1.0,"(1, 2)",6122f332c9f0e8bb1209dc7d
104.0,24.0,5361,test,3098.60129842453,1.0,1.0,"(1, 2)",6122f332c9f0e8bb1209dc7d
104.0,24.0,5362,test,3098.60129842453,1.0,1.0,"(1, 2)",6122f332c9f0e8bb1209dc7d
104.0,24.0,5363,test,3098.60129842453,1.0,1.0,"(1, 2)",6122f332c9f0e8bb1209dc7d
104.0,24.0,5364,test,3098.60129842453,1.0,1.0,"(1, 2)",6122f332c9f0e8bb1209dc7d
104.0,24.0,5365,test,3098.60129842453,1.0,1.0,"(1, 2)",6122f332c9f0e8bb1209dc7d
104.0,24.0,5366,test,3098.60129842453,1.0,1.0,"(1, 2)",6122f332c9f0e8bb1209dc7d
104.0,24.0,5367,test,3098.60129842453,1.0,1.0,"(1, 2)",6122f332c9f0e8bb1209dc7d
104.0,24.0,5368,test,3098.60129842453,1.0,1.0,"(1, 2)",6122f332c9f0e8bb1209dc7d
104.0,24.0,5369,test,3098.60129842453,1.0,1.0,"(1, 2)",6122f332c9f0e8bb1209dc7d
104.0,24.0,5370,test,3098.60129842453,1.0,1.0,"(1, 2)",6122f332c9f0e8bb1209dc7d
104.0,24.0,5371,test,3098.60129842453,1.0,1.0,"(1, 2)",6122f332c9f0e8bb1209dc7d
104.0,24.0,5372,test,3098.60129842453,1.0,1.0,"(1, 2)",6122f332c9f0e8bb1209dc7d
104.0,24.0,5373,test,3098.60129842453,1.0,1.0,"(1, 2)",6122f332c9f0e8bb1209dc7d
104.0,24.0,5374,test,3098.60129842453,1.0,1.0,"(1, 2)",6122f332c9f0e8bb1209dc7d
104.0,24.0,5375,test,3098.60129842453,1.0,1.0,"(1, 2)",6122f332c9f0e8bb1209dc7d
104.0,24.0,5376,test,3098.60129842453,1.0,1.0,"(1, 2)",6122f332c9f0e8bb1209dc7d
104.0,24.0,5377,test,3098.60129842453,1.0,1.0,"(1, 2)",6122f332c9f0e8bb1209dc7d
104.0,24.0,5378,test,3098.60129842453,1.0,1.0,"(1, 2)",6122f332c9f0e8bb1209dc7d
104.0,24.0,5379,test,3098.60129842453,1.0,1.0,"(1, 2)",6122f332c9f0e8bb1209dc7d
104.0,24.0,5380,test,3098.60129842453,1.0,1.0,"(1, 2)",6122f332c9f0e8bb1209dc7d
104.0,24.0,5381,test,3098.60129842453,1.0,1.0,"(1, 2)",6122f332c9f0e8bb1209dc7d
104.0,24.0,5382,test,3098.60129842453,1.0,1.0,"(1, 2)",6122f332c9f0e8bb1209dc7d
104.0,24.0,5383,test,3098.60129842453,1.0,1.0,"(1, 2)",6122f332c9f0e8bb1209dc7d
104.0,24.0,5384,test,3098.60129842453,1.0,1.0,"(1, 2)",6122f332c9f0e8bb1209dc7d
104.0,24.0,5385,test,3098.60129842453,1.0,1.0,"(1, 2)",6122f332c9f0e8bb1209dc7d
104.0,24.0,5386,test,3098.60129842453,1.0,1.0,"(1, 2)",6122f332c9f0e8bb1209dc7d
104.0,24.0,5387,test,3098.60129842453,1.0,1.0,"(1, 2)",6122f332c9f0e8bb1209dc7d
104.0,24.0,5388,test,3098.60129842453,1.0,1.0,"(1, 2)",6122f332c9f0e8bb1209dc7d
104.0,24.0,5389,test,3098.60129842453,1.0,1.0,"(1, 2)",6122f332c9f0e8bb1209dc7d
104.0,24.0,5390,test,3098.60129842453,1.0,1.0,"(1, 2)",6122f332c9f0e8bb1209dc7d
104.0,24.0,5391,test,3098.60129842453,1.0,1.0,"(1, 2)",6122f332c9f0e8bb1209dc7d
104.0,24.0,5392,test,3098.60129842453,1.0,1.0,"(1, 2)",6122f332c9f0e8bb1209dc7d
104.0,24.0,5393,test,3098.60129842453,1.0,1.0,"(1, 2)",6122f332c9f0e8bb1209dc7d
104.0,24.0,5394,test,3098.60129842453,1.0,1.0,"(1, 2)",6122f332c9f0e8bb1209dc7d
104.0,24.0,5395,test,3098.60129842453,1.0,1.0,"(1, 2)",6122f332c9f0e8bb1209dc7d
104.0,24.0,5396,test,3098.60129842453,1.0,1.0,"(1, 2)",6122f332c9f0e8bb1209dc7d
104.0,24.0,5397,test,3098.60129842453,1.0,1.0,"(1, 2)",6122f332c9f0e8bb1209dc7d
104.0,24.0,5398,test,3098.60129842453,1.0,1.0,"(1, 2)",6122f332c9f0e8bb1209dc7d
104.0,24.0,5399,test,3098.60129842453,1.0,1.0,"(1, 2)",6122f332c9f0e8bb1209dc7d
104.0,24.0,5400,test,3098.60129842453,1.0,1.0,"(1, 2)",6122f332c9f0e8bb1209dc7d
104.0,24.0,5401,test,3098.60129842453,1.0,1.0,"(1, 2)",6122f332c9f0e8bb1209dc7d
104.0,24.0,5402,test,3098.60129842453,1.0,1.0,"(1, 2)",6122f332c9f0e8bb1209dc7d
104.0,24.0,5403,test,3098.60129842453,1.0,1.0,"(1, 2)",6122f332c9f0e8bb1209dc7d
104.0,24.0,5404,test,3098.60129842453,1.0,1.0,"(1, 2)",6122f332c9f0e8bb1209dc7d
104.0,24.0,5405,test,3098.60129842453,1.0,1.0,"(1, 2)",6122f332c9f0e8bb1209dc7d
104.0,24.0,5406,test,3098.60129842453,1.0,1.0,"(1, 2)",6122f332c9f0e8bb1209dc7d
104.0,24.0,5407,test,3098.60129842453,1.0,1.0,"(1, 2)",6122f332c9f0e8bb1209dc7d
104.0,24.0,5408,test,3098.60129842453,1.0,1.0,"(1, 2)",6122f332c9f0e8bb1209dc7d
104.0,24.0,5409,test,3098.60129842453,1.0,1.0,"(1, 2)",6122f332c9f0e8bb1209dc7d
104.0,24.0,5410,test,3098.60129842453,1.0,1.0,"(1, 2)",6122f332c9f0e8bb1209dc7d
104.0,24.0,5411,test,3098.60129842453,1.0,1.0,"(1, 2)",6122f332c9f0e8bb1209dc7d
104.0,24.0,5412,test,3098.60129842453,1.0,1.0,"(1, 2)",6122f332c9f0e8bb1209dc7d
104.0,24.0,5413,test,3098.60129842453,1.0,1.0,"(1, 2)",6122f332c9f0e8bb1209dc7d
104.0,24.0,5414,test,3098.60129842453,1.0,1.0,"(1, 2)",6122f332c9f0e8bb1209dc7d
104.0,24.0,5415,test,3098.60129842453,1.0,1.0,"(1, 2)",6122f332c9f0e8bb1209dc7d
104.0,24.0,5416,test,3098.60129842453,1.0,1.0,"(1, 2)",6122f332c9f0e8bb1209dc7d
104.0,24.0,5417,test,3098.60129842453,1.0,1.0,"(1, 2)",6122f332c9f0e8bb1209dc7d
104.0,24.0,5418,test,3098.60129842453,1.0,1.0,"(1, 2)",6122f332c9f0e8bb1209dc7d
104.0,24.0,5419,test,3098.60129842453,1.0,1.0,"(1, 2)",6122f332c9f0e8bb1209dc7d
104.0,24.0,5420,test,3098.60129842453,1.0,1.0,"(1, 2)",6122f332c9f0e8bb1209dc7d
104.0,24.0,5421,test,3098.60129842453,1.0,1.0,"(1, 2)",6122f332c9f0e8bb1209dc7d
104.0,24.0,5422,test,3098.60129842453,1.0,1.0,"(1, 2)",6122f332c9f0e8bb1209dc7d
104.0,24.0,5423,test,3098.60129842453,1.0,1.0,"(1, 2)",6122f332c9f0e8bb1209dc7d
104.0,24.0,5424,test,3098.60129842453,1.0,1.0,"(1, 2)",6122f332c9f0e8bb1209dc7d
104.0,24.0,5425,test,3098.60129842453,1.0,1.0,"(1, 2)",6122f332c9f0e8bb1209dc7d
104.0,24.0,5426,test,3098.60129842453,1.0,1.0,"(1, 2)",6122f332c9f0e8bb1209dc7d
104.0,24.0,5427,test,3098.60129842453,1.0,1.0,"(1, 2)",6122f332c9f0e8bb1209dc7d
104.0,24.0,5428,test,3098.60129842453,1.0,1.0,"(1, 2)",6122f332c9f0e8bb1209dc7d
104.0,24.0,5429,test,3098.60129842453,1.0,1.0,"(1, 2)",6122f332c9f0e8bb1209dc7d
104.0,24.0,5430,test,3098.60129842453,1.0,1.0,"(1, 2)",6122f332c9f0e8bb1209dc7d
104.0,24.0,5431,test,3098.60129842453,1.0,1.0,"(1, 2)",6122f332c9f0e8bb1209dc7d
104.0,24.0,5432,test,3098.60129842453,1.0,1.0,"(1, 2)",6122f332c9f0e8bb1209dc7d
104.0,24.0,5433,test,3098.60129842453,1.0,1.0,"(1, 2)",6122f332c9f0e8bb1209dc7d
104.0,24.0,5434,test,3098.60129842453,1.0,1.0,"(1, 2)",6122f332c9f0e8bb1209dc7d
104.0,24.0,5435,test,3098.60129842453,1.0,1.0,"(1, 2)",6122f332c9f0e8bb1209dc7d
104.0,24.0,5436,test,3098.60129842453,1.0,1.0,"(1, 2)",6122f332c9f0e8bb1209dc7d
104.0,24.0,5437,test,3098.60129842453,1.0,1.0,"(1, 2)",6122f332c9f0e8bb1209dc7d
104.0,24.0,5438,test,3098.60129842453,1.0,1.0,"(1, 2)",6122f332c9f0e8bb1209dc7d
104.0,24.0,5439,test,3098.60129842453,1.0,1.0,"(1, 2)",6122f332c9f0e8bb1209dc7d
104.0,24.0,5440,test,3098.60129842453,1.0,1.0,"(1, 2)",6122f332c9f0e8bb1209dc7d
103.11611652351695,24.88388347648305,5441,test,3099.85129842453,1.0,1.0,"(1, 2)",6122f332c9f0e8bb1209dc7d
102.2322330470339,25.7677669529661,5442,test,3101.10129842453,1.0,1.0,"(1, 2)",6122f332c9f0e8bb1209dc7d
101.34834957055085,26.65165042944915,5443,test,3102.35129842453,1.0,1.0,"(1, 2)",6122f332c9f0e8bb1209dc7d
100.4644660940678,27.535533905932198,5444,test,3103.60129842453,1.0,1.0,"(1, 2)",6122f332c9f0e8bb1209dc7d
99.58058261758475,28.419417382415247,5445,test,3104.85129842453,1.0,1.0,"(1, 2)",6122f332c9f0e8bb1209dc7d
98.6966991411017,29.303300858898297,5446,test,3106.10129842453,1.0,1.0,"(1, 2)",6122f332c9f0e8bb1209dc7d
97.81281566461865,30.187184335381346,5447,test,3107.35129842453,1.0,1.0,"(1, 2)",6122f332c9f0e8bb1209dc7d
96.9289321881356,31.071067811864395,5448,test,3108.60129842453,1.0,1.0,"(1, 2)",6122f332c9f0e8bb1209dc7d
96.04504871165256,31.954951288347445,5449,test,3109.85129842453,1.0,1.0,"(1, 2)",6122f332c9f0e8bb1209dc7d
95.1611652351695,32.838834764830494,5450,test,3111.10129842453,1.0,1.0,"(1, 2)",6122f332c9f0e8bb1209dc7d
94.27728175868646,33.722718241313544,5451,test,3112.35129842453,1.0,1.0,"(1, 2)",6122f332c9f0e8bb1209dc7d
93.3933982822034,34.60660171779659,5452,test,3113.60129842453,1.0,1.0,"(1, 2)",6122f332c9f0e8bb1209dc7d
92.50951480572036,35.49048519427964,5453,test,3114.85129842453,1.0,1.0,"(1, 2)",6122f332c9f0e8bb1209dc7d
91.62563132923731,36.37436867076269,5454,test,3116.10129842453,1.0,1.0,"(1, 2)",6122f332c9f0e8bb1209dc7d
90.74174785275426,37.25825214724574,5455,test,3117.35129842453,1.0,1.0,"(1, 2)",6122f332c9f0e8bb1209dc7d
89.85786437627121,38.14213562372879,5456,test,3118.60129842453,1.0,1.0,"(1, 2)",6122f332c9f0e8bb1209dc7d
88.97398089978816,39.02601910021184,5457,test,3119.85129842453,1.0,1.0,"(1, 2)",6122f332c9f0e8bb1209dc7d
88.04617444130974,39.80565318468376,5458,test,3121.063178835323,1.0,1.0,"(1, 2)",6122f332c9f0e8bb1209dc7d
86.79626611486532,39.820791727740755,5459,test,3122.3131788353235,1.0,1.0,"(1, 2)",6122f332c9f0e8bb1209dc7d
85.54635778842089,39.835930270797746,5460,test,3123.563178835324,1.0,1.0,"(1, 2)",6122f332c9f0e8bb1209dc7d
84.29644946197647,39.85106881385474,5461,test,3124.8131788353244,1.0,1.0,"(1, 2)",6122f332c9f0e8bb1209dc7d
83.04654113553204,39.86620735691173,5462,test,3126.063178835325,1.0,1.0,"(1, 2)",6122f332c9f0e8bb1209dc7d
81.79663280908761,39.88134589996872,5463,test,3127.3131788353253,1.0,1.0,"(1, 2)",6122f332c9f0e8bb1209dc7d
80.54672448264319,39.89648444302571,5464,test,3128.5631788353257,1.0,1.0,"(1, 2)",6122f332c9f0e8bb1209dc7d
79.29681615619876,39.911622986082705,5465,test,3129.813178835326,1.0,1.0,"(1, 2)",6122f332c9f0e8bb1209dc7d
78.04690782975433,39.9267615291397,5466,test,3131.0631788353267,1.0,1.0,"(1, 2)",6122f332c9f0e8bb1209dc7d
76.7969995033099,39.94190007219687,5467,test,3132.313178835327,1.0,1.0,"(1, 2)",6122f332c9f0e8bb1209dc7d
75.54709117686548,39.95703861525422,5468,test,3133.5631788353276,1.0,1.0,"(1, 2)",6122f332c9f0e8bb1209dc7d
74.29718285042105,39.972177158311574,5469,test,3134.813178835328,1.0,1.0,"(1, 2)",6122f332c9f0e8bb1209dc7d
73.04727452397663,39.98731570136893,5470,test,3136.0631788353285,1.0,1.0,"(1, 2)",6122f332c9f0e8bb1209dc7d
71.91278695016098,40.27873505658064,5471,test,3137.234497449427,1.0,1.0,"(1, 2)",6122f332c9f0e8bb1209dc7d
71.02356847568149,41.15725113762039,5472,test,3138.4844974494276,1.0,1.0,"(1, 2)",6122f332c9f0e8bb1209dc7d
70.134350001202,42.03576721866014,5473,test,3139.734497449428,1.0,1.0,"(1, 2)",6122f332c9f0e8bb1209dc7d
69.2451315267225,42.91428329969989,5474,test,3140.9844974494285,1.0,1.0,"(1, 2)",6122f332c9f0e8bb1209dc7d
68.35591305224301,43.79279938073964,5475,test,3142.234497449429,1.0,1.0,"(1, 2)",6122f332c9f0e8bb1209dc7d
67.46669457776352,44.671315461779386,5476,test,3143.4844974494295,1.0,1.0,"(1, 2)",6122f332c9f0e8bb1209dc7d
66.57747610328403,45.549831542819135,5477,test,3144.73449744943,1.0,1.0,"(1, 2)",6122f332c9f0e8bb1209dc7d
65.68825762880454,46.42834762385888,5478,test,3145.9844974494304,1.0,1.0,"(1, 2)",6122f332c9f0e8bb1209dc7d
64.79903915432504,47.30686370489863,5479,test,3147.234497449431,1.0,1.0,"(1, 2)",6122f332c9f0e8bb1209dc7d
63.90982067984555,48.18537978593838,5480,test,3148.4844974494313,1.0,1.0,"(1, 2)",6122f332c9f0e8bb1209dc7d
63.02060220536606,49.06389586697813,5481,test,3149.7344974494317,1.0,1.0,"(1, 2)",6122f332c9f0e8bb1209dc7d
62.13138373088657,49.94241194801788,5482,test,3150.984497449432,1.0,1.0,"(1, 2)",6122f332c9f0e8bb1209dc7d
61.24216525640708,50.82092802905757,5483,test,3152.2344974494326,1.0,1.0,"(1, 2)",6122f332c9f0e8bb1209dc7d
60.352946781927585,51.69944411009722,5484,test,3153.484497449433,1.0,1.0,"(1, 2)",6122f332c9f0e8bb1209dc7d
59.46372830744809,52.57796019113686,5485,test,3154.7344974494335,1.0,1.0,"(1, 2)",6122f332c9f0e8bb1209dc7d
58.5745098329686,53.4564762721765,5486,test,3155.984497449434,1.0,1.0,"(1, 2)",6122f332c9f0e8bb1209dc7d
57.68529135848911,54.334992353216144,5487,test,3157.2344974494345,1.0,1.0,"(1, 2)",6122f332c9f0e8bb1209dc7d
56.79607288400962,55.213508434255786,5488,test,3158.484497449435,1.0,1.0,"(1, 2)",6122f332c9f0e8bb1209dc7d
56.18667543741918,56.21087141545678,5489,test,3159.6532994703866,1.0,1.0,"(1, 2)",6122f332c9f0e8bb1209dc7d
56.17189767509299,57.46078405950064,5490,test,3160.9032994703866,1.0,1.0,"(1, 2)",6122f332c9f0e8bb1209dc7d
56.1571199127668,58.7106967035445,5491,test,3162.1532994703866,1.0,1.0,"(1, 2)",6122f332c9f0e8bb1209dc7d
56.14234215044061,59.96060934758836,5492,test,3163.4032994703866,1.0,1.0,"(1, 2)",6122f332c9f0e8bb1209dc7d
56.12756438811442,61.21052199163222,5493,test,3164.6532994703866,1.0,1.0,"(1, 2)",6122f332c9f0e8bb1209dc7d
56.11278662578823,62.46043463567608,5494,test,3165.9032994703866,1.0,1.0,"(1, 2)",6122f332c9f0e8bb1209dc7d
56.09800886346204,63.71034727971994,5495,test,3167.1532994703866,1.0,1.0,"(1, 2)",6122f332c9f0e8bb1209dc7d
56.083231101135766,64.96025992376326,5496,test,3168.403299470386,1.0,1.0,"(1, 2)",6122f332c9f0e8bb1209dc7d
56.06845333880923,66.21017256780641,5497,test,3169.6532994703857,1.0,1.0,"(1, 2)",6122f332c9f0e8bb1209dc7d
56.05367557648269,67.46008521184956,5498,test,3170.9032994703853,1.0,1.0,"(1, 2)",6122f332c9f0e8bb1209dc7d
56.03889781415615,68.70999785589271,5499,test,3172.153299470385,1.0,1.0,"(1, 2)",6122f332c9f0e8bb1209dc7d
56.02412005182961,69.95991049993586,5500,test,3173.4032994703844,1.0,1.0,"(1, 2)",6122f332c9f0e8bb1209dc7d
56.00934228950308,71.20982314397901,5501,test,3174.653299470384,1.0,1.0,"(1, 2)",6122f332c9f0e8bb1209dc7d
56.00215867287827,72.45978120684828,5502,test,3175.9032781755145,1.0,1.0,"(1, 2)",6122f332c9f0e8bb1209dc7d
56.0019850369012,73.70978119478781,5503,test,3177.1532781755136,1.0,1.0,"(1, 2)",6122f332c9f0e8bb1209dc7d
56.00181140092414,74.95978118272734,5504,test,3178.4032781755127,1.0,1.0,"(1, 2)",6122f332c9f0e8bb1209dc7d
56.00163776494708,76.20978117066687,5505,test,3179.653278175512,1.0,1.0,"(1, 2)",6122f332c9f0e8bb1209dc7d
56.001464128970014,77.4597811586064,5506,test,3180.903278175511,1.0,1.0,"(1, 2)",6122f332c9f0e8bb1209dc7d
56.00129049299295,78.70978114654594,5507,test,3182.15327817551,1.0,1.0,"(1, 2)",6122f332c9f0e8bb1209dc7d
56.00111685701589,79.95978113448547,5508,test,3183.403278175509,1.0,1.0,"(1, 2)",6122f332c9f0e8bb1209dc7d
56.000943221038824,81.209781122425,5509,test,3184.653278175508,1.0,1.0,"(1, 2)",6122f332c9f0e8bb1209dc7d
56.00076958506189,82.45978111036453,5510,test,3185.9032781755072,1.0,1.0,"(1, 2)",6122f332c9f0e8bb1209dc7d
56.00059594908518,83.70978109830406,5511,test,3187.1532781755063,1.0,1.0,"(1, 2)",6122f332c9f0e8bb1209dc7d
56.00042231310847,84.9597810862436,5512,test,3188.4032781755054,1.0,1.0,"(1, 2)",6122f332c9f0e8bb1209dc7d
56.000248677131765,86.20978107418313,5513,test,3189.6532781755045,1.0,1.0,"(1, 2)",6122f332c9f0e8bb1209dc7d
56.00007504115506,87.45978106212266,5514,test,3190.9032781755036,1.0,1.0,"(1, 2)",6122f332c9f0e8bb1209dc7d
56.0,88.0,5515,test,3191.443497118593,1.0,1.0,"(1, 2)",6122f332c9f0e8bb1209dc7d
56.0,88.0,5516,test,3191.443497118593,1.0,1.0,"(1, 2)",6122f332c9f0e8bb1209dc7d
56.0,88.0,5517,test,3191.443497118593,1.0,1.0,"(1, 2)",6122f332c9f0e8bb1209dc7d
56.0,88.0,5518,test,3191.443497118593,1.0,1.0,"(1, 2)",6122f332c9f0e8bb1209dc7d
56.0,88.0,5519,test,3191.443497118593,1.0,1.0,"(1, 2)",6122f332c9f0e8bb1209dc7d
56.0,88.0,5520,test,3191.443497118593,1.0,1.0,"(1, 2)",6122f332c9f0e8bb1209dc7d
56.0,88.0,5521,test,3191.443497118593,1.0,1.0,"(1, 2)",6122f332c9f0e8bb1209dc7d
56.0,88.0,5522,test,3191.443497118593,1.0,1.0,"(1, 2)",6122f332c9f0e8bb1209dc7d
56.0,88.0,5523,test,3191.443497118593,1.0,1.0,"(1, 2)",6122f332c9f0e8bb1209dc7d
56.0,88.0,5524,test,3191.443497118593,1.0,1.0,"(1, 2)",6122f332c9f0e8bb1209dc7d
56.0,88.0,5525,test,3191.443497118593,1.0,1.0,"(1, 2)",6122f332c9f0e8bb1209dc7d
56.0,88.0,5526,test,3191.443497118593,1.0,1.0,"(1, 2)",6122f332c9f0e8bb1209dc7d
56.0,88.0,5527,test,3191.443497118593,1.0,1.0,"(1, 2)",6122f332c9f0e8bb1209dc7d
56.0,88.0,5528,test,3191.443497118593,1.0,1.0,"(1, 2)",6122f332c9f0e8bb1209dc7d
56.0,88.0,5529,test,3191.443497118593,1.0,1.0,"(1, 2)",6122f332c9f0e8bb1209dc7d
56.0,88.0,5530,test,3191.443497118593,1.0,1.0,"(1, 2)",6122f332c9f0e8bb1209dc7d
56.0,88.0,5531,test,3191.443497118593,1.0,1.0,"(1, 2)",6122f332c9f0e8bb1209dc7d
56.0,88.0,5532,test,3191.443497118593,1.0,1.0,"(1, 2)",6122f332c9f0e8bb1209dc7d
56.0,88.0,5533,test,3191.443497118593,1.0,1.0,"(1, 2)",6122f332c9f0e8bb1209dc7d
56.0,88.0,5534,test,3191.443497118593,1.0,1.0,"(1, 2)",6122f332c9f0e8bb1209dc7d
56.0,88.0,5535,test,3191.443497118593,1.0,1.0,"(1, 2)",6122f332c9f0e8bb1209dc7d
56.0,88.0,5536,test,3191.443497118593,1.0,1.0,"(1, 2)",6122f332c9f0e8bb1209dc7d
56.0,88.0,5537,test,3191.443497118593,1.0,1.0,"(1, 2)",6122f332c9f0e8bb1209dc7d
56.0,88.0,5538,test,3191.443497118593,1.0,1.0,"(1, 2)",6122f332c9f0e8bb1209dc7d
56.0,88.0,5539,test,3191.443497118593,1.0,1.0,"(1, 2)",6122f332c9f0e8bb1209dc7d
56.0,88.0,5540,test,3191.443497118593,1.0,1.0,"(1, 2)",6122f332c9f0e8bb1209dc7d
56.0,88.0,5541,test,3191.443497118593,1.0,1.0,"(1, 2)",6122f332c9f0e8bb1209dc7d
56.0,88.0,5542,test,3191.443497118593,1.0,1.0,"(1, 2)",6122f332c9f0e8bb1209dc7d
56.0,88.0,5543,test,3191.443497118593,1.0,1.0,"(1, 2)",6122f332c9f0e8bb1209dc7d
56.0,88.0,5544,test,3191.443497118593,1.0,1.0,"(1, 2)",6122f332c9f0e8bb1209dc7d
56.0,88.0,5545,test,3191.443497118593,1.0,1.0,"(1, 2)",6122f332c9f0e8bb1209dc7d
56.0,88.0,5546,test,3191.443497118593,1.0,1.0,"(1, 2)",6122f332c9f0e8bb1209dc7d
56.0,88.0,5547,test,3191.443497118593,1.0,1.0,"(1, 2)",6122f332c9f0e8bb1209dc7d
56.0,88.0,5548,test,3191.443497118593,1.0,1.0,"(1, 2)",6122f332c9f0e8bb1209dc7d
56.0,88.0,5549,test,3191.443497118593,1.0,1.0,"(1, 2)",6122f332c9f0e8bb1209dc7d
56.0,88.0,5550,test,3191.443497118593,1.0,1.0,"(1, 2)",6122f332c9f0e8bb1209dc7d
56.0,88.0,5551,test,3191.443497118593,1.0,1.0,"(1, 2)",6122f332c9f0e8bb1209dc7d
56.0,88.0,5552,test,3191.443497118593,1.0,1.0,"(1, 2)",6122f332c9f0e8bb1209dc7d
56.0,88.0,5553,test,3191.443497118593,1.0,1.0,"(1, 2)",6122f332c9f0e8bb1209dc7d
56.0,88.0,5554,test,3191.443497118593,1.0,1.0,"(1, 2)",6122f332c9f0e8bb1209dc7d
56.0,88.0,5555,test,3191.443497118593,1.0,1.0,"(1, 2)",6122f332c9f0e8bb1209dc7d
56.0,88.0,5556,test,3191.443497118593,1.0,1.0,"(1, 2)",6122f332c9f0e8bb1209dc7d
56.0,88.0,5557,test,3191.443497118593,1.0,1.0,"(1, 2)",6122f332c9f0e8bb1209dc7d
56.0,88.0,5558,test,3191.443497118593,1.0,1.0,"(1, 2)",6122f332c9f0e8bb1209dc7d
56.0,88.0,5559,test,3191.443497118593,1.0,1.0,"(1, 2)",6122f332c9f0e8bb1209dc7d
56.0,88.0,5560,test,3191.443497118593,1.0,1.0,"(1, 2)",6122f332c9f0e8bb1209dc7d
56.0,88.0,5561,test,3191.443497118593,1.0,1.0,"(1, 2)",6122f332c9f0e8bb1209dc7d
56.0,88.0,5562,test,3191.443497118593,1.0,1.0,"(1, 2)",6122f332c9f0e8bb1209dc7d
56.0,88.0,5563,test,3191.443497118593,1.0,1.0,"(1, 2)",6122f332c9f0e8bb1209dc7d
56.0,88.0,5564,test,3191.443497118593,1.0,1.0,"(1, 2)",6122f332c9f0e8bb1209dc7d
56.0,88.0,5565,test,3191.443497118593,1.0,1.0,"(1, 2)",6122f332c9f0e8bb1209dc7d
56.0,88.0,5566,test,3191.443497118593,1.0,1.0,"(1, 2)",6122f332c9f0e8bb1209dc7d
56.0,88.0,5567,test,3191.443497118593,1.0,1.0,"(1, 2)",6122f332c9f0e8bb1209dc7d
56.0,88.0,5568,test,3191.443497118593,1.0,1.0,"(1, 2)",6122f332c9f0e8bb1209dc7d
56.0,88.0,5569,test,3191.443497118593,1.0,1.0,"(1, 2)",6122f332c9f0e8bb1209dc7d
56.0,88.0,5570,test,3191.443497118593,1.0,1.0,"(1, 2)",6122f332c9f0e8bb1209dc7d
56.0,88.0,5571,test,3191.443497118593,1.0,1.0,"(1, 2)",6122f332c9f0e8bb1209dc7d
56.0,88.0,5572,test,3191.443497118593,1.0,1.0,"(1, 2)",6122f332c9f0e8bb1209dc7d
56.0,88.0,5573,test,3191.443497118593,1.0,1.0,"(1, 2)",6122f332c9f0e8bb1209dc7d
56.0,88.0,5574,test,3191.443497118593,1.0,1.0,"(1, 2)",6122f332c9f0e8bb1209dc7d
56.0,88.0,5575,test,3191.443497118593,1.0,1.0,"(1, 2)",6122f332c9f0e8bb1209dc7d
56.0,88.0,5576,test,3191.443497118593,1.0,1.0,"(1, 2)",6122f332c9f0e8bb1209dc7d
56.0,88.0,5577,test,3191.443497118593,1.0,1.0,"(1, 2)",6122f332c9f0e8bb1209dc7d
56.0,88.0,5578,test,3191.443497118593,1.0,1.0,"(1, 2)",6122f332c9f0e8bb1209dc7d
56.0,88.0,5579,test,3191.443497118593,1.0,1.0,"(1, 2)",6122f332c9f0e8bb1209dc7d
56.0,88.0,5580,test,3191.443497118593,1.0,1.0,"(1, 2)",6122f332c9f0e8bb1209dc7d
56.0,88.0,5581,test,3191.443497118593,1.0,1.0,"(1, 2)",6122f332c9f0e8bb1209dc7d
56.0,88.0,5582,test,3191.443497118593,1.0,1.0,"(1, 2)",6122f332c9f0e8bb1209dc7d
56.0,88.0,5583,test,3191.443497118593,1.0,1.0,"(1, 2)",6122f332c9f0e8bb1209dc7d
56.0,88.0,5584,test,3191.443497118593,1.0,1.0,"(1, 2)",6122f332c9f0e8bb1209dc7d
56.0,88.0,5585,test,3191.443497118593,1.0,1.0,"(1, 2)",6122f332c9f0e8bb1209dc7d
56.0,88.0,5586,test,3191.443497118593,1.0,1.0,"(1, 2)",6122f332c9f0e8bb1209dc7d
56.0,88.0,5587,test,3191.443497118593,1.0,1.0,"(1, 2)",6122f332c9f0e8bb1209dc7d
56.0,88.0,5588,test,3191.443497118593,1.0,1.0,"(1, 2)",6122f332c9f0e8bb1209dc7d
56.0,88.0,5589,test,3191.443497118593,1.0,1.0,"(1, 2)",6122f332c9f0e8bb1209dc7d
56.0,88.0,5590,test,3191.443497118593,1.0,1.0,"(1, 2)",6122f332c9f0e8bb1209dc7d
56.0,88.0,5591,test,3191.443497118593,1.0,1.0,"(1, 2)",6122f332c9f0e8bb1209dc7d
56.0,88.0,5592,test,3191.443497118593,1.0,1.0,"(1, 2)",6122f332c9f0e8bb1209dc7d
56.0,88.0,5593,test,3191.443497118593,1.0,1.0,"(1, 2)",6122f332c9f0e8bb1209dc7d
56.0,88.0,5594,test,3191.443497118593,1.0,1.0,"(1, 2)",6122f332c9f0e8bb1209dc7d
56.0,88.0,5595,test,3191.443497118593,1.0,1.0,"(1, 2)",6122f332c9f0e8bb1209dc7d
56.0,88.0,5596,test,3191.443497118593,1.0,1.0,"(1, 2)",6122f332c9f0e8bb1209dc7d
56.0,88.0,5597,test,3191.443497118593,1.0,1.0,"(1, 2)",6122f332c9f0e8bb1209dc7d
56.0,88.0,5598,test,3191.443497118593,1.0,1.0,"(1, 2)",6122f332c9f0e8bb1209dc7d
56.0,88.0,5599,test,3191.443497118593,1.0,1.0,"(1, 2)",6122f332c9f0e8bb1209dc7d
56.0,88.0,5600,test,3191.443497118593,1.0,1.0,"(1, 2)",6122f332c9f0e8bb1209dc7d
56.0,88.0,5601,test,3191.443497118593,1.0,1.0,"(1, 2)",6122f332c9f0e8bb1209dc7d
56.0,88.0,5602,test,3191.443497118593,1.0,1.0,"(1, 2)",6122f332c9f0e8bb1209dc7d
56.0,88.0,5603,test,3191.443497118593,1.0,1.0,"(1, 2)",6122f332c9f0e8bb1209dc7d
56.0,88.0,5604,test,3191.443497118593,1.0,1.0,"(1, 2)",6122f332c9f0e8bb1209dc7d
56.0,88.0,5605,test,3191.443497118593,1.0,1.0,"(1, 2)",6122f332c9f0e8bb1209dc7d
56.0,88.0,5606,test,3191.443497118593,1.0,1.0,"(1, 2)",6122f332c9f0e8bb1209dc7d
56.0,88.0,5607,test,3191.443497118593,1.0,1.0,"(1, 2)",6122f332c9f0e8bb1209dc7d
56.0,88.0,5608,test,3191.443497118593,1.0,1.0,"(1, 2)",6122f332c9f0e8bb1209dc7d
56.0,88.0,5609,test,3191.443497118593,1.0,1.0,"(1, 2)",6122f332c9f0e8bb1209dc7d
56.0,88.0,5610,test,3191.443497118593,1.0,1.0,"(1, 2)",6122f332c9f0e8bb1209dc7d
56.0,88.0,5611,test,3191.443497118593,1.0,1.0,"(1, 2)",6122f332c9f0e8bb1209dc7d
56.0,88.0,5612,test,3191.443497118593,1.0,1.0,"(1, 2)",6122f332c9f0e8bb1209dc7d
56.0,88.0,5613,test,3191.443497118593,1.0,1.0,"(1, 2)",6122f332c9f0e8bb1209dc7d
56.0,88.0,5614,test,3191.443497118593,1.0,1.0,"(1, 2)",6122f332c9f0e8bb1209dc7d
56.0,88.0,5615,test,3191.443497118593,1.0,1.0,"(1, 2)",6122f332c9f0e8bb1209dc7d
56.0,88.0,5616,test,3191.443497118593,1.0,1.0,"(1, 2)",6122f332c9f0e8bb1209dc7d
56.0,88.0,5617,test,3191.443497118593,1.0,1.0,"(1, 2)",6122f332c9f0e8bb1209dc7d
56.0,88.0,5618,test,3191.443497118593,1.0,1.0,"(1, 2)",6122f332c9f0e8bb1209dc7d
56.0,88.0,5619,test,3191.443497118593,1.0,1.0,"(1, 2)",6122f332c9f0e8bb1209dc7d
56.0,88.0,5620,test,3191.443497118593,1.0,1.0,"(1, 2)",6122f332c9f0e8bb1209dc7d
56.0,88.0,5621,test,3191.443497118593,1.0,1.0,"(1, 2)",6122f332c9f0e8bb1209dc7d
56.0,88.0,5622,test,3191.443497118593,1.0,1.0,"(1, 2)",6122f332c9f0e8bb1209dc7d
56.0,88.0,5623,test,3191.443497118593,1.0,1.0,"(1, 2)",6122f332c9f0e8bb1209dc7d
56.0,88.0,5624,test,3191.443497118593,1.0,1.0,"(1, 2)",6122f332c9f0e8bb1209dc7d
56.0,88.0,5625,test,3191.443497118593,1.0,1.0,"(1, 2)",6122f332c9f0e8bb1209dc7d
56.0,89.25000000000028,5626,test,3192.6934971185933,1.0,1.0,"(1, 2)",6122f332c9f0e8bb1209dc7d
56.0,90.50000000000057,5627,test,3193.9434971185938,1.0,1.0,"(1, 2)",6122f332c9f0e8bb1209dc7d
56.0,91.75000000000085,5628,test,3195.193497118594,1.0,1.0,"(1, 2)",6122f332c9f0e8bb1209dc7d
56.0,93.00000000000114,5629,test,3196.4434971185947,1.0,1.0,"(1, 2)",6122f332c9f0e8bb1209dc7d
56.0,94.25000000000142,5630,test,3197.693497118595,1.0,1.0,"(1, 2)",6122f332c9f0e8bb1209dc7d
56.0,95.5000000000017,5631,test,3198.9434971185956,1.0,1.0,"(1, 2)",6122f332c9f0e8bb1209dc7d
56.0,96.75000000000199,5632,test,3200.193497118596,1.0,1.0,"(1, 2)",6122f332c9f0e8bb1209dc7d
56.0,98.00000000000227,5633,test,3201.4434971185965,1.0,1.0,"(1, 2)",6122f332c9f0e8bb1209dc7d
56.0,99.25000000000256,5634,test,3202.693497118597,1.0,1.0,"(1, 2)",6122f332c9f0e8bb1209dc7d
56.0,100.50000000000284,5635,test,3203.9434971185974,1.0,1.0,"(1, 2)",6122f332c9f0e8bb1209dc7d
56.0,101.75000000000313,5636,test,3205.193497118598,1.0,1.0,"(1, 2)",6122f332c9f0e8bb1209dc7d
56.0,103.00000000000341,5637,test,3206.4434971185983,1.0,1.0,"(1, 2)",6122f332c9f0e8bb1209dc7d
56.0,104.2500000000037,5638,test,3207.6934971185988,1.0,1.0,"(1, 2)",6122f332c9f0e8bb1209dc7d
56.0,105.50000000000398,5639,test,3208.943497118599,1.0,1.0,"(1, 2)",6122f332c9f0e8bb1209dc7d
56.0,106.75000000000426,5640,test,3210.1934971185997,1.0,1.0,"(1, 2)",6122f332c9f0e8bb1209dc7d
56.0,108.00000000000455,5641,test,3211.4434971186,1.0,1.0,"(1, 2)",6122f332c9f0e8bb1209dc7d
56.0,109.25000000000483,5642,test,3212.6934971186006,1.0,1.0,"(1, 2)",6122f332c9f0e8bb1209dc7d
56.0,110.50000000000512,5643,test,3213.943497118601,1.0,1.0,"(1, 2)",6122f332c9f0e8bb1209dc7d
56.0,111.7500000000054,5644,test,3215.1934971186015,1.0,1.0,"(1, 2)",6122f332c9f0e8bb1209dc7d
56.0,113.00000000000568,5645,test,3216.443497118602,1.0,1.0,"(1, 2)",6122f332c9f0e8bb1209dc7d
56.0,114.25000000000597,5646,test,3217.6934971186024,1.0,1.0,"(1, 2)",6122f332c9f0e8bb1209dc7d
56.0,115.50000000000625,5647,test,3218.943497118603,1.0,1.0,"(1, 2)",6122f332c9f0e8bb1209dc7d
56.0,116.75000000000654,5648,test,3220.1934971186033,1.0,1.0,"(1, 2)",6122f332c9f0e8bb1209dc7d
56.0,118.00000000000682,5649,test,3221.443497118604,1.0,1.0,"(1, 2)",6122f332c9f0e8bb1209dc7d
56.0,119.2500000000071,5650,test,3222.6934971186042,1.0,1.0,"(1, 2)",6122f332c9f0e8bb1209dc7d
56.0,120.0,5651,test,3223.443497118597,1.0,1.0,"(1, 2)",6122f332c9f0e8bb1209dc7d
56.0,120.0,5652,test,3223.443497118597,1.0,1.0,"(1, 2)",6122f332c9f0e8bb1209dc7d
56.0,120.0,5653,test,3223.443497118597,1.0,1.0,"(1, 2)",6122f332c9f0e8bb1209dc7d
56.0,120.0,5654,test,3223.443497118597,1.0,1.0,"(1, 2)",6122f332c9f0e8bb1209dc7d
56.0,120.0,5655,test,3223.443497118597,1.0,1.0,"(1, 2)",6122f332c9f0e8bb1209dc7d
56.0,120.0,5656,test,3223.443497118597,1.0,1.0,"(1, 2)",6122f332c9f0e8bb1209dc7d
56.0,120.0,5657,test,3223.443497118597,1.0,1.0,"(1, 2)",6122f332c9f0e8bb1209dc7d
56.0,120.0,5658,test,3223.443497118597,1.0,1.0,"(1, 2)",6122f332c9f0e8bb1209dc7d
56.0,120.0,5659,test,3223.443497118597,1.0,1.0,"(1, 2)",6122f332c9f0e8bb1209dc7d
56.0,120.0,5660,test,3223.443497118597,1.0,1.0,"(1, 2)",6122f332c9f0e8bb1209dc7d
56.0,120.0,5661,test,3223.443497118597,1.0,1.0,"(1, 2)",6122f332c9f0e8bb1209dc7d
56.0,120.0,5662,test,3223.443497118597,1.0,1.0,"(1, 2)",6122f332c9f0e8bb1209dc7d
56.0,120.0,5663,test,3223.443497118597,1.0,1.0,"(1, 2)",6122f332c9f0e8bb1209dc7d
56.0,120.0,5664,test,3223.443497118597,1.0,1.0,"(1, 2)",6122f332c9f0e8bb1209dc7d
56.0,120.0,5665,test,3223.443497118597,1.0,1.0,"(1, 2)",6122f332c9f0e8bb1209dc7d
56.0,120.0,5666,test,3223.443497118597,1.0,1.0,"(1, 2)",6122f332c9f0e8bb1209dc7d
56.0,120.0,5667,test,3223.443497118597,1.0,1.0,"(1, 2)",6122f332c9f0e8bb1209dc7d
56.0,120.0,5668,test,3223.443497118597,1.0,1.0,"(1, 2)",6122f332c9f0e8bb1209dc7d
56.0,120.0,5669,test,3223.443497118597,1.0,1.0,"(1, 2)",6122f332c9f0e8bb1209dc7d
56.0,120.0,5670,test,3223.443497118597,1.0,1.0,"(1, 2)",6122f332c9f0e8bb1209dc7d
56.0,120.0,5671,test,3223.443497118597,1.0,1.0,"(1, 2)",6122f332c9f0e8bb1209dc7d
56.0,120.0,5672,test,3223.443497118597,1.0,1.0,"(1, 2)",6122f332c9f0e8bb1209dc7d
56.0,120.0,5673,test,3223.443497118597,1.0,1.0,"(1, 2)",6122f332c9f0e8bb1209dc7d
56.0,120.0,5674,test,3223.443497118597,1.0,1.0,"(1, 2)",6122f332c9f0e8bb1209dc7d
56.0,120.0,5675,test,3223.443497118597,1.0,1.0,"(1, 2)",6122f332c9f0e8bb1209dc7d
56.0,120.0,5676,test,3223.443497118597,1.0,1.0,"(1, 2)",6122f332c9f0e8bb1209dc7d
56.0,120.0,5677,test,3223.443497118597,1.0,1.0,"(1, 2)",6122f332c9f0e8bb1209dc7d
56.0,120.0,5678,test,3223.443497118597,1.0,1.0,"(1, 2)",6122f332c9f0e8bb1209dc7d
56.0,120.0,5679,test,3223.443497118597,1.0,1.0,"(1, 2)",6122f332c9f0e8bb1209dc7d
56.0,120.0,5680,test,3223.443497118597,1.0,1.0,"(1, 2)",6122f332c9f0e8bb1209dc7d
56.0,120.0,5681,test,3223.443497118597,1.0,1.0,"(1, 2)",6122f332c9f0e8bb1209dc7d
56.0,120.0,5682,test,3223.443497118597,1.0,1.0,"(1, 2)",6122f332c9f0e8bb1209dc7d
56.0,120.0,5683,test,3223.443497118597,1.0,1.0,"(1, 2)",6122f332c9f0e8bb1209dc7d
56.0,120.0,5684,test,3223.443497118597,1.0,1.0,"(1, 2)",6122f332c9f0e8bb1209dc7d
56.0,120.0,5685,test,3223.443497118597,1.0,1.0,"(1, 2)",6122f332c9f0e8bb1209dc7d
56.0,120.0,5686,test,3223.443497118597,1.0,1.0,"(1, 2)",6122f332c9f0e8bb1209dc7d
56.0,120.0,5687,test,3223.443497118597,1.0,1.0,"(1, 2)",6122f332c9f0e8bb1209dc7d
56.0,120.0,5688,test,3223.443497118597,1.0,1.0,"(1, 2)",6122f332c9f0e8bb1209dc7d
56.0,120.0,5689,test,3223.443497118597,1.0,1.0,"(1, 2)",6122f332c9f0e8bb1209dc7d
56.0,120.0,5690,test,3223.443497118597,1.0,1.0,"(1, 2)",6122f332c9f0e8bb1209dc7d
56.0,120.0,5691,test,3223.443497118597,1.0,1.0,"(1, 2)",6122f332c9f0e8bb1209dc7d
56.0,120.0,5692,test,3223.443497118597,1.0,1.0,"(1, 2)",6122f332c9f0e8bb1209dc7d
56.0,120.0,5693,test,3223.443497118597,1.0,1.0,"(1, 2)",6122f332c9f0e8bb1209dc7d
56.0,120.0,5694,test,3223.443497118597,1.0,1.0,"(1, 2)",6122f332c9f0e8bb1209dc7d
56.0,120.0,5695,test,3223.443497118597,1.0,1.0,"(1, 2)",6122f332c9f0e8bb1209dc7d
56.0,120.0,5696,test,3223.443497118597,1.0,1.0,"(1, 2)",6122f332c9f0e8bb1209dc7d
56.0,120.0,5697,test,3223.443497118597,1.0,1.0,"(1, 2)",6122f332c9f0e8bb1209dc7d
56.0,120.0,5698,test,3223.443497118597,1.0,1.0,"(1, 2)",6122f332c9f0e8bb1209dc7d
56.0,120.0,5699,test,3223.443497118597,1.0,1.0,"(1, 2)",6122f332c9f0e8bb1209dc7d
56.0,120.0,5700,test,3223.443497118597,1.0,1.0,"(1, 2)",6122f332c9f0e8bb1209dc7d
56.0,120.0,5701,test,3223.443497118597,1.0,1.0,"(1, 2)",6122f332c9f0e8bb1209dc7d
56.0,120.0,5702,test,3223.443497118597,1.0,1.0,"(1, 2)",6122f332c9f0e8bb1209dc7d
56.0,120.0,5703,test,3223.443497118597,1.0,1.0,"(1, 2)",6122f332c9f0e8bb1209dc7d
56.0,120.0,5704,test,3223.443497118597,1.0,1.0,"(1, 2)",6122f332c9f0e8bb1209dc7d
56.0,120.0,5705,test,3223.443497118597,1.0,1.0,"(1, 2)",6122f332c9f0e8bb1209dc7d
56.0,120.0,5706,test,3223.443497118597,1.0,1.0,"(1, 2)",6122f332c9f0e8bb1209dc7d
56.0,120.0,5707,test,3223.443497118597,1.0,1.0,"(1, 2)",6122f332c9f0e8bb1209dc7d
56.0,120.0,5708,test,3223.443497118597,1.0,1.0,"(1, 2)",6122f332c9f0e8bb1209dc7d
56.0,120.0,5709,test,3223.443497118597,1.0,1.0,"(1, 2)",6122f332c9f0e8bb1209dc7d
56.0,120.0,5710,test,3223.443497118597,1.0,1.0,"(1, 2)",6122f332c9f0e8bb1209dc7d
56.0,120.0,5711,test,3223.443497118597,1.0,1.0,"(1, 2)",6122f332c9f0e8bb1209dc7d
56.0,120.0,5712,test,3223.443497118597,1.0,1.0,"(1, 2)",6122f332c9f0e8bb1209dc7d
56.0,120.0,5713,test,3223.443497118597,1.0,1.0,"(1, 2)",6122f332c9f0e8bb1209dc7d
56.0,120.0,5714,test,3223.443497118597,1.0,1.0,"(1, 2)",6122f332c9f0e8bb1209dc7d
56.0,120.0,5715,test,3223.443497118597,1.0,1.0,"(1, 2)",6122f332c9f0e8bb1209dc7d
56.0,120.0,5716,test,3223.443497118597,1.0,1.0,"(1, 2)",6122f332c9f0e8bb1209dc7d
56.0,120.0,5717,test,3223.443497118597,1.0,1.0,"(1, 2)",6122f332c9f0e8bb1209dc7d
56.0,120.0,5718,test,3223.443497118597,1.0,1.0,"(1, 2)",6122f332c9f0e8bb1209dc7d
56.0,120.0,5719,test,3223.443497118597,1.0,1.0,"(1, 2)",6122f332c9f0e8bb1209dc7d
56.0,120.0,5720,test,3223.443497118597,1.0,1.0,"(1, 2)",6122f332c9f0e8bb1209dc7d
56.0,120.0,5721,test,3223.443497118597,1.0,1.0,"(1, 2)",6122f332c9f0e8bb1209dc7d
56.0,120.0,5722,test,3223.443497118597,1.0,1.0,"(1, 2)",6122f332c9f0e8bb1209dc7d
56.0,120.0,5723,test,3223.443497118597,1.0,1.0,"(1, 2)",6122f332c9f0e8bb1209dc7d
56.0,120.0,5724,test,3223.443497118597,1.0,1.0,"(1, 2)",6122f332c9f0e8bb1209dc7d
56.0,120.0,5725,test,3223.443497118597,1.0,1.0,"(1, 2)",6122f332c9f0e8bb1209dc7d
56.0,120.0,5726,test,3223.443497118597,1.0,1.0,"(1, 2)",6122f332c9f0e8bb1209dc7d
56.0,120.0,5727,test,3223.443497118597,1.0,1.0,"(1, 2)",6122f332c9f0e8bb1209dc7d
56.0,120.0,5728,test,3223.443497118597,1.0,1.0,"(1, 2)",6122f332c9f0e8bb1209dc7d
56.0,120.0,5729,test,3223.443497118597,1.0,1.0,"(1, 2)",6122f332c9f0e8bb1209dc7d
56.0,120.0,5730,test,3223.443497118597,1.0,1.0,"(1, 2)",6122f332c9f0e8bb1209dc7d
56.0,120.0,5731,test,3223.443497118597,1.0,1.0,"(1, 2)",6122f332c9f0e8bb1209dc7d
56.0,120.0,5732,test,3223.443497118597,1.0,1.0,"(1, 2)",6122f332c9f0e8bb1209dc7d
56.0,120.0,5733,test,3223.443497118597,1.0,1.0,"(1, 2)",6122f332c9f0e8bb1209dc7d
56.0,120.0,5734,test,3223.443497118597,1.0,1.0,"(1, 2)",6122f332c9f0e8bb1209dc7d
56.0,120.0,5735,test,3223.443497118597,1.0,1.0,"(1, 2)",6122f332c9f0e8bb1209dc7d
56.0,120.0,5736,test,3223.443497118597,1.0,1.0,"(1, 2)",6122f332c9f0e8bb1209dc7d
56.0,120.0,5737,test,3223.443497118597,1.0,1.0,"(1, 2)",6122f332c9f0e8bb1209dc7d
56.0,120.0,5738,test,3223.443497118597,1.0,1.0,"(1, 2)",6122f332c9f0e8bb1209dc7d
56.0,120.0,5739,test,3223.443497118597,1.0,1.0,"(1, 2)",6122f332c9f0e8bb1209dc7d
56.0,120.0,5740,test,3223.443497118597,1.0,1.0,"(1, 2)",6122f332c9f0e8bb1209dc7d
56.0,120.0,5741,test,3223.443497118597,1.0,1.0,"(1, 2)",6122f332c9f0e8bb1209dc7d
56.0,120.0,5742,test,3223.443497118597,1.0,1.0,"(1, 2)",6122f332c9f0e8bb1209dc7d
56.0,120.0,5743,test,3223.443497118597,1.0,1.0,"(1, 2)",6122f332c9f0e8bb1209dc7d
56.0,120.0,5744,test,3223.443497118597,1.0,1.0,"(1, 2)",6122f332c9f0e8bb1209dc7d
56.0,120.0,5745,test,3223.443497118597,1.0,1.0,"(1, 2)",6122f332c9f0e8bb1209dc7d
56.0,120.0,5746,test,3223.443497118597,1.0,1.0,"(1, 2)",6122f332c9f0e8bb1209dc7d
56.0,120.0,5747,test,3223.443497118597,1.0,1.0,"(1, 2)",6122f332c9f0e8bb1209dc7d
56.0,120.0,5748,test,3223.443497118597,1.0,1.0,"(1, 2)",6122f332c9f0e8bb1209dc7d
56.0,120.0,5749,test,3223.443497118597,1.0,1.0,"(1, 2)",6122f332c9f0e8bb1209dc7d
56.0,120.0,5750,test,3223.443497118597,1.0,1.0,"(1, 2)",6122f332c9f0e8bb1209dc7d
56.0,120.0,5751,test,3223.443497118597,1.0,1.0,"(1, 2)",6122f332c9f0e8bb1209dc7d
56.0,120.0,5752,test,3223.443497118597,1.0,1.0,"(1, 2)",6122f332c9f0e8bb1209dc7d
56.0,120.0,5753,test,3223.443497118597,1.0,1.0,"(1, 2)",6122f332c9f0e8bb1209dc7d
56.0,120.0,5754,test,3223.443497118597,1.0,1.0,"(1, 2)",6122f332c9f0e8bb1209dc7d
56.0,120.0,5755,test,3223.443497118597,1.0,1.0,"(1, 2)",6122f332c9f0e8bb1209dc7d
56.0,120.0,5756,test,3223.443497118597,1.0,1.0,"(1, 2)",6122f332c9f0e8bb1209dc7d
56.0,120.0,5757,test,3223.443497118597,1.0,1.0,"(1, 2)",6122f332c9f0e8bb1209dc7d
56.0,120.0,5758,test,3223.443497118597,1.0,1.0,"(1, 2)",6122f332c9f0e8bb1209dc7d
56.0,120.0,5759,test,3223.443497118597,1.0,1.0,"(1, 2)",6122f332c9f0e8bb1209dc7d
56.0,120.0,5760,test,3223.443497118597,1.0,1.0,"(1, 2)",6122f332c9f0e8bb1209dc7d
56.0,120.0,5761,test,3223.443497118597,1.0,1.0,"(1, 2)",6122f332c9f0e8bb1209dc7d
56.0,120.0,5762,test,3223.443497118597,1.0,1.0,"(1, 2)",6122f332c9f0e8bb1209dc7d
56.0,120.0,5763,test,3223.443497118597,1.0,1.0,"(1, 2)",6122f332c9f0e8bb1209dc7d
56.0,120.0,5764,test,3223.443497118597,1.0,1.0,"(1, 2)",6122f332c9f0e8bb1209dc7d
56.0,120.0,5765,test,3223.443497118597,1.0,1.0,"(1, 2)",6122f332c9f0e8bb1209dc7d
56.0,120.0,5766,test,3223.443497118597,1.0,1.0,"(1, 2)",6122f332c9f0e8bb1209dc7d
56.0,120.0,5767,test,3223.443497118597,1.0,1.0,"(1, 2)",6122f332c9f0e8bb1209dc7d
56.0,120.0,5768,test,3223.443497118597,1.0,1.0,"(1, 2)",6122f332c9f0e8bb1209dc7d
56.0,120.0,5769,test,3223.443497118597,1.0,1.0,"(1, 2)",6122f332c9f0e8bb1209dc7d
56.0,120.0,5770,test,3223.443497118597,1.0,1.0,"(1, 2)",6122f332c9f0e8bb1209dc7d
56.0,120.0,5771,test,3223.443497118597,1.0,1.0,"(1, 2)",6122f332c9f0e8bb1209dc7d
56.0,120.0,5772,test,3223.443497118597,1.0,1.0,"(1, 2)",6122f332c9f0e8bb1209dc7d
56.0,120.0,5773,test,3223.443497118597,1.0,1.0,"(1, 2)",6122f332c9f0e8bb1209dc7d
56.0,120.0,5774,test,3223.443497118597,1.0,1.0,"(1, 2)",6122f332c9f0e8bb1209dc7d
56.0,120.0,5775,test,3223.443497118597,1.0,1.0,"(1, 2)",6122f332c9f0e8bb1209dc7d
56.0,120.0,5776,test,3223.443497118597,1.0,1.0,"(1, 2)",6122f332c9f0e8bb1209dc7d
56.0,120.0,5777,test,3223.443497118597,1.0,1.0,"(1, 2)",6122f332c9f0e8bb1209dc7d
56.0,120.0,5778,test,3223.443497118597,1.0,1.0,"(1, 2)",6122f332c9f0e8bb1209dc7d
56.0,120.0,5779,test,3223.443497118597,1.0,1.0,"(1, 2)",6122f332c9f0e8bb1209dc7d
56.0,120.0,5780,test,3223.443497118597,1.0,1.0,"(1, 2)",6122f332c9f0e8bb1209dc7d
56.0,120.0,5781,test,3223.443497118597,1.0,1.0,"(1, 2)",6122f332c9f0e8bb1209dc7d
56.0,120.0,5782,test,3223.443497118597,1.0,1.0,"(1, 2)",6122f332c9f0e8bb1209dc7d
56.0,120.0,5783,test,3223.443497118597,1.0,1.0,"(1, 2)",6122f332c9f0e8bb1209dc7d
56.0,120.0,5784,test,3223.443497118597,1.0,1.0,"(1, 2)",6122f332c9f0e8bb1209dc7d
56.0,120.0,5785,test,3223.443497118597,1.0,1.0,"(1, 2)",6122f332c9f0e8bb1209dc7d
56.0,120.0,5786,test,3223.443497118597,1.0,1.0,"(1, 2)",6122f332c9f0e8bb1209dc7d
56.0,120.0,5787,test,3223.443497118597,1.0,1.0,"(1, 2)",6122f332c9f0e8bb1209dc7d
56.0,120.0,5788,test,3223.443497118597,1.0,1.0,"(1, 2)",6122f332c9f0e8bb1209dc7d
56.0,120.0,5789,test,3223.443497118597,1.0,1.0,"(1, 2)",6122f332c9f0e8bb1209dc7d
56.0,120.0,5790,test,3223.443497118597,1.0,1.0,"(1, 2)",6122f332c9f0e8bb1209dc7d
56.0,120.0,5791,test,3223.443497118597,1.0,1.0,"(1, 2)",6122f332c9f0e8bb1209dc7d
56.0,120.0,5792,test,3223.443497118597,1.0,1.0,"(1, 2)",6122f332c9f0e8bb1209dc7d
56.0,120.0,5793,test,3223.443497118597,1.0,1.0,"(1, 2)",6122f332c9f0e8bb1209dc7d
56.0,120.0,5794,test,3223.443497118597,1.0,1.0,"(1, 2)",6122f332c9f0e8bb1209dc7d
56.0,120.0,5795,test,3223.443497118597,1.0,1.0,"(1, 2)",6122f332c9f0e8bb1209dc7d
56.0,120.0,5796,test,3223.443497118597,1.0,1.0,"(1, 2)",6122f332c9f0e8bb1209dc7d
56.0,120.0,5797,test,3223.443497118597,1.0,1.0,"(1, 2)",6122f332c9f0e8bb1209dc7d
56.0,120.0,5798,test,3223.443497118597,1.0,1.0,"(1, 2)",6122f332c9f0e8bb1209dc7d
56.0,120.0,5799,test,3223.443497118597,1.0,1.0,"(1, 2)",6122f332c9f0e8bb1209dc7d
56.0,120.0,5800,test,3223.443497118597,1.0,1.0,"(1, 2)",6122f332c9f0e8bb1209dc7d
56.0,120.0,5801,test,3223.443497118597,1.0,1.0,"(1, 2)",6122f332c9f0e8bb1209dc7d
56.0,120.0,5802,test,3223.443497118597,1.0,1.0,"(1, 2)",6122f332c9f0e8bb1209dc7d
56.0,120.0,5803,test,3223.443497118597,1.0,1.0,"(1, 2)",6122f332c9f0e8bb1209dc7d
56.0,120.0,5804,test,3223.443497118597,1.0,1.0,"(1, 2)",6122f332c9f0e8bb1209dc7d
56.0,120.0,5805,test,3223.443497118597,1.0,1.0,"(1, 2)",6122f332c9f0e8bb1209dc7d
56.0,120.0,5806,test,3223.443497118597,1.0,1.0,"(1, 2)",6122f332c9f0e8bb1209dc7d
56.0,120.0,5807,test,3223.443497118597,1.0,1.0,"(1, 2)",6122f332c9f0e8bb1209dc7d
56.0,120.0,5808,test,3223.443497118597,1.0,1.0,"(1, 2)",6122f332c9f0e8bb1209dc7d
56.0,120.0,5809,test,3223.443497118597,1.0,1.0,"(1, 2)",6122f332c9f0e8bb1209dc7d
56.0,120.0,5810,test,3223.443497118597,1.0,1.0,"(1, 2)",6122f332c9f0e8bb1209dc7d
56.0,120.0,5811,test,3223.443497118597,1.0,1.0,"(1, 2)",6122f332c9f0e8bb1209dc7d
56.0,120.0,5812,test,3223.443497118597,1.0,1.0,"(1, 2)",6122f332c9f0e8bb1209dc7d
56.0,120.0,5813,test,3223.443497118597,1.0,1.0,"(1, 2)",6122f332c9f0e8bb1209dc7d
56.0,120.0,5814,test,3223.443497118597,1.0,1.0,"(1, 2)",6122f332c9f0e8bb1209dc7d
56.0,120.0,5815,test,3223.443497118597,1.0,1.0,"(1, 2)",6122f332c9f0e8bb1209dc7d
56.0,120.0,5816,test,3223.443497118597,1.0,1.0,"(1, 2)",6122f332c9f0e8bb1209dc7d
56.0,120.0,5817,test,3223.443497118597,1.0,1.0,"(1, 2)",6122f332c9f0e8bb1209dc7d
56.0,120.0,5818,test,3223.443497118597,1.0,1.0,"(1, 2)",6122f332c9f0e8bb1209dc7d
56.0,120.0,5819,test,3223.443497118597,1.0,1.0,"(1, 2)",6122f332c9f0e8bb1209dc7d
56.0,120.0,5820,test,3223.443497118597,1.0,1.0,"(1, 2)",6122f332c9f0e8bb1209dc7d
56.0,120.0,5821,test,3223.443497118597,1.0,1.0,"(1, 2)",6122f332c9f0e8bb1209dc7d
56.0,120.0,5822,test,3223.443497118597,1.0,1.0,"(1, 2)",6122f332c9f0e8bb1209dc7d
56.0,120.0,5823,test,3223.443497118597,1.0,1.0,"(1, 2)",6122f332c9f0e8bb1209dc7d
56.0,120.0,5824,test,3223.443497118597,1.0,1.0,"(1, 2)",6122f332c9f0e8bb1209dc7d
56.0,120.0,5825,test,3223.443497118597,1.0,1.0,"(1, 2)",6122f332c9f0e8bb1209dc7d
56.0,120.0,5826,test,3223.443497118597,1.0,1.0,"(1, 2)",6122f332c9f0e8bb1209dc7d
56.0,120.0,5827,test,3223.443497118597,1.0,1.0,"(1, 2)",6122f332c9f0e8bb1209dc7d
56.0,120.0,5828,test,3223.443497118597,1.0,1.0,"(1, 2)",6122f332c9f0e8bb1209dc7d
56.0,120.0,5829,test,3223.443497118597,1.0,1.0,"(1, 2)",6122f332c9f0e8bb1209dc7d
56.0,120.0,5830,test,3223.443497118597,1.0,1.0,"(1, 2)",6122f332c9f0e8bb1209dc7d
56.0,120.0,5831,test,3223.443497118597,1.0,1.0,"(1, 2)",6122f332c9f0e8bb1209dc7d
56.0,120.0,5832,test,3223.443497118597,1.0,1.0,"(1, 2)",6122f332c9f0e8bb1209dc7d
56.0,120.0,5833,test,3223.443497118597,1.0,1.0,"(1, 2)",6122f332c9f0e8bb1209dc7d
56.0,120.0,5834,test,3223.443497118597,1.0,1.0,"(1, 2)",6122f332c9f0e8bb1209dc7d
56.0,120.0,5835,test,3223.443497118597,1.0,1.0,"(1, 2)",6122f332c9f0e8bb1209dc7d
56.0,120.0,5836,test,3223.443497118597,1.0,1.0,"(1, 2)",6122f332c9f0e8bb1209dc7d
56.0,120.0,5837,test,3223.443497118597,1.0,1.0,"(1, 2)",6122f332c9f0e8bb1209dc7d
56.0,120.0,5838,test,3223.443497118597,1.0,1.0,"(1, 2)",6122f332c9f0e8bb1209dc7d
56.0,120.0,5839,test,3223.443497118597,1.0,1.0,"(1, 2)",6122f332c9f0e8bb1209dc7d
56.0,120.0,5840,test,3223.443497118597,1.0,1.0,"(1, 2)",6122f332c9f0e8bb1209dc7d
56.0,120.0,5841,test,3223.443497118597,1.0,1.0,"(1, 2)",6122f332c9f0e8bb1209dc7d
56.0,120.0,5842,test,3223.443497118597,1.0,1.0,"(1, 2)",6122f332c9f0e8bb1209dc7d
56.0,120.0,5843,test,3223.443497118597,1.0,1.0,"(1, 2)",6122f332c9f0e8bb1209dc7d
56.0,120.0,5844,test,3223.443497118597,1.0,1.0,"(1, 2)",6122f332c9f0e8bb1209dc7d
56.0,120.0,5845,test,3223.443497118597,1.0,1.0,"(1, 2)",6122f332c9f0e8bb1209dc7d
56.0,120.0,5846,test,3223.443497118597,1.0,1.0,"(1, 2)",6122f332c9f0e8bb1209dc7d
56.0,120.0,5847,test,3223.443497118597,1.0,1.0,"(1, 2)",6122f332c9f0e8bb1209dc7d
56.0,120.0,5848,test,3223.443497118597,1.0,1.0,"(1, 2)",6122f332c9f0e8bb1209dc7d
56.0,120.0,5849,test,3223.443497118597,1.0,1.0,"(1, 2)",6122f332c9f0e8bb1209dc7d
56.0,120.0,5850,test,3223.443497118597,1.0,1.0,"(1, 2)",6122f332c9f0e8bb1209dc7d
56.0,120.0,5851,test,3223.443497118597,1.0,1.0,"(1, 2)",6122f332c9f0e8bb1209dc7d
56.0,120.0,5852,test,3223.443497118597,1.0,1.0,"(1, 2)",6122f332c9f0e8bb1209dc7d
56.0,120.0,5853,test,3223.443497118597,1.0,1.0,"(1, 2)",6122f332c9f0e8bb1209dc7d
56.0,120.0,5854,test,3223.443497118597,1.0,1.0,"(1, 2)",6122f332c9f0e8bb1209dc7d
56.0,120.0,5855,test,3223.443497118597,1.0,1.0,"(1, 2)",6122f332c9f0e8bb1209dc7d
56.0,120.0,5856,test,3223.443497118597,1.0,1.0,"(1, 2)",6122f332c9f0e8bb1209dc7d
56.0,120.0,5857,test,3223.443497118597,1.0,1.0,"(1, 2)",6122f332c9f0e8bb1209dc7d
56.0,120.0,5858,test,3223.443497118597,1.0,1.0,"(1, 2)",6122f332c9f0e8bb1209dc7d
56.0,120.0,5859,test,3223.443497118597,1.0,1.0,"(1, 2)",6122f332c9f0e8bb1209dc7d
56.0,120.0,5860,test,3223.443497118597,1.0,1.0,"(1, 2)",6122f332c9f0e8bb1209dc7d
56.0,120.0,5861,test,3223.443497118597,1.0,1.0,"(1, 2)",6122f332c9f0e8bb1209dc7d
56.0,120.0,5862,test,3223.443497118597,1.0,1.0,"(1, 2)",6122f332c9f0e8bb1209dc7d
56.0,120.0,5863,test,3223.443497118597,1.0,1.0,"(1, 2)",6122f332c9f0e8bb1209dc7d
56.0,120.0,5864,test,3223.443497118597,1.0,1.0,"(1, 2)",6122f332c9f0e8bb1209dc7d
56.0,120.0,5865,test,3223.443497118597,1.0,1.0,"(1, 2)",6122f332c9f0e8bb1209dc7d
56.0,120.0,5866,test,3223.443497118597,1.0,1.0,"(1, 2)",6122f332c9f0e8bb1209dc7d
56.0,120.0,5867,test,3223.443497118597,1.0,1.0,"(1, 2)",6122f332c9f0e8bb1209dc7d
56.0,120.0,5868,test,3223.443497118597,1.0,1.0,"(1, 2)",6122f332c9f0e8bb1209dc7d
56.0,120.0,5869,test,3223.443497118597,1.0,1.0,"(1, 2)",6122f332c9f0e8bb1209dc7d
56.0,120.0,5870,test,3223.443497118597,1.0,1.0,"(1, 2)",6122f332c9f0e8bb1209dc7d
56.0,120.0,5871,test,3223.443497118597,1.0,1.0,"(1, 2)",6122f332c9f0e8bb1209dc7d
56.0,120.0,5872,test,3223.443497118597,1.0,1.0,"(1, 2)",6122f332c9f0e8bb1209dc7d
56.0,120.0,5873,test,3223.443497118597,1.0,1.0,"(1, 2)",6122f332c9f0e8bb1209dc7d
56.0,120.0,5874,test,3223.443497118597,1.0,1.0,"(1, 2)",6122f332c9f0e8bb1209dc7d
56.0,120.0,5875,test,3223.443497118597,1.0,1.0,"(1, 2)",6122f332c9f0e8bb1209dc7d
56.0,120.0,5876,test,3223.443497118597,1.0,1.0,"(1, 2)",6122f332c9f0e8bb1209dc7d
56.0,120.0,5877,test,3223.443497118597,1.0,1.0,"(1, 2)",6122f332c9f0e8bb1209dc7d
56.0,120.0,5878,test,3223.443497118597,1.0,1.0,"(1, 2)",6122f332c9f0e8bb1209dc7d
56.0,120.0,5879,test,3223.443497118597,1.0,1.0,"(1, 2)",6122f332c9f0e8bb1209dc7d
56.0,120.0,5880,test,3223.443497118597,1.0,1.0,"(1, 2)",6122f332c9f0e8bb1209dc7d
56.0,120.0,5881,test,3223.443497118597,1.0,1.0,"(1, 2)",6122f332c9f0e8bb1209dc7d
56.0,120.0,5882,test,3223.443497118597,1.0,1.0,"(1, 2)",6122f332c9f0e8bb1209dc7d
56.0,120.0,5883,test,3223.443497118597,1.0,1.0,"(1, 2)",6122f332c9f0e8bb1209dc7d
56.0,120.0,5884,test,3223.443497118597,1.0,1.0,"(1, 2)",6122f332c9f0e8bb1209dc7d
56.0,120.0,5885,test,3223.443497118597,1.0,1.0,"(1, 2)",6122f332c9f0e8bb1209dc7d
56.0,120.0,5886,test,3223.443497118597,1.0,1.0,"(1, 2)",6122f332c9f0e8bb1209dc7d
56.0,120.0,5887,test,3223.443497118597,1.0,1.0,"(1, 2)",6122f332c9f0e8bb1209dc7d
56.0,120.0,5888,test,3223.443497118597,1.0,1.0,"(1, 2)",6122f332c9f0e8bb1209dc7d
56.0,120.0,5889,test,3223.443497118597,1.0,1.0,"(1, 2)",6122f332c9f0e8bb1209dc7d
56.0,120.0,5890,test,3223.443497118597,1.0,1.0,"(1, 2)",6122f332c9f0e8bb1209dc7d
56.0,120.0,5891,test,3223.443497118597,1.0,1.0,"(1, 2)",6122f332c9f0e8bb1209dc7d
56.0,120.0,5892,test,3223.443497118597,1.0,1.0,"(1, 2)",6122f332c9f0e8bb1209dc7d
56.0,120.0,5893,test,3223.443497118597,1.0,1.0,"(1, 2)",6122f332c9f0e8bb1209dc7d
56.0,120.0,5894,test,3223.443497118597,1.0,1.0,"(1, 2)",6122f332c9f0e8bb1209dc7d
56.0,120.0,5895,test,3223.443497118597,1.0,1.0,"(1, 2)",6122f332c9f0e8bb1209dc7d
56.0,120.0,5896,test,3223.443497118597,1.0,1.0,"(1, 2)",6122f332c9f0e8bb1209dc7d
56.0,120.0,5897,test,3223.443497118597,1.0,1.0,"(1, 2)",6122f332c9f0e8bb1209dc7d
56.0,120.0,5898,test,3223.443497118597,1.0,1.0,"(1, 2)",6122f332c9f0e8bb1209dc7d
56.0,120.0,5899,test,3223.443497118597,1.0,1.0,"(1, 2)",6122f332c9f0e8bb1209dc7d
56.0,120.0,5900,test,3223.443497118597,1.0,1.0,"(1, 2)",6122f332c9f0e8bb1209dc7d
56.0,120.0,5901,test,3223.443497118597,1.0,1.0,"(1, 2)",6122f332c9f0e8bb1209dc7d
56.0,120.0,5902,test,3223.443497118597,1.0,1.0,"(1, 2)",6122f332c9f0e8bb1209dc7d
56.0,120.0,5903,test,3223.443497118597,1.0,1.0,"(1, 2)",6122f332c9f0e8bb1209dc7d
56.0,120.0,5904,test,3223.443497118597,1.0,1.0,"(1, 2)",6122f332c9f0e8bb1209dc7d
56.0,120.0,5905,test,3223.443497118597,1.0,1.0,"(1, 2)",6122f332c9f0e8bb1209dc7d
56.0,120.0,5906,test,3223.443497118597,1.0,1.0,"(1, 2)",6122f332c9f0e8bb1209dc7d
56.0,120.0,5907,test,3223.443497118597,1.0,1.0,"(1, 2)",6122f332c9f0e8bb1209dc7d
56.0,120.0,5908,test,3223.443497118597,1.0,1.0,"(1, 2)",6122f332c9f0e8bb1209dc7d
56.0,120.0,5909,test,3223.443497118597,1.0,1.0,"(1, 2)",6122f332c9f0e8bb1209dc7d
56.0,120.0,5910,test,3223.443497118597,1.0,1.0,"(1, 2)",6122f332c9f0e8bb1209dc7d
56.0,120.0,5911,test,3223.443497118597,1.0,1.0,"(1, 2)",6122f332c9f0e8bb1209dc7d
56.0,120.0,5912,test,3223.443497118597,1.0,1.0,"(1, 2)",6122f332c9f0e8bb1209dc7d
56.0,120.0,5913,test,3223.443497118597,1.0,1.0,"(1, 2)",6122f332c9f0e8bb1209dc7d
56.0,120.0,5914,test,3223.443497118597,1.0,1.0,"(1, 2)",6122f332c9f0e8bb1209dc7d
56.0,120.0,5915,test,3223.443497118597,1.0,1.0,"(1, 2)",6122f332c9f0e8bb1209dc7d
56.0,120.0,5916,test,3223.443497118597,1.0,1.0,"(1, 2)",6122f332c9f0e8bb1209dc7d
56.0,120.0,5917,test,3223.443497118597,1.0,1.0,"(1, 2)",6122f332c9f0e8bb1209dc7d
56.0,120.0,5918,test,3223.443497118597,1.0,1.0,"(1, 2)",6122f332c9f0e8bb1209dc7d
56.0,120.0,5919,test,3223.443497118597,1.0,1.0,"(1, 2)",6122f332c9f0e8bb1209dc7d
56.0,120.0,5920,test,3223.443497118597,1.0,1.0,"(1, 2)",6122f332c9f0e8bb1209dc7d
56.0,120.0,5921,test,3223.443497118597,1.0,1.0,"(1, 2)",6122f332c9f0e8bb1209dc7d
56.0,120.0,5922,test,3223.443497118597,1.0,1.0,"(1, 2)",6122f332c9f0e8bb1209dc7d
56.0,120.0,5923,test,3223.443497118597,1.0,1.0,"(1, 2)",6122f332c9f0e8bb1209dc7d
56.0,120.0,5924,test,3223.443497118597,1.0,1.0,"(1, 2)",6122f332c9f0e8bb1209dc7d
56.0,120.0,5925,test,3223.443497118597,1.0,1.0,"(1, 2)",6122f332c9f0e8bb1209dc7d
56.0,120.0,5926,test,3223.443497118597,1.0,1.0,"(1, 2)",6122f332c9f0e8bb1209dc7d
56.0,120.0,5927,test,3223.443497118597,1.0,1.0,"(1, 2)",6122f332c9f0e8bb1209dc7d
56.0,120.0,5928,test,3223.443497118597,1.0,1.0,"(1, 2)",6122f332c9f0e8bb1209dc7d
56.0,120.0,5929,test,3223.443497118597,1.0,1.0,"(1, 2)",6122f332c9f0e8bb1209dc7d
56.0,120.0,5930,test,3223.443497118597,1.0,1.0,"(1, 2)",6122f332c9f0e8bb1209dc7d
56.0,120.0,5931,test,3223.443497118597,1.0,1.0,"(1, 2)",6122f332c9f0e8bb1209dc7d
56.0,120.0,5932,test,3223.443497118597,1.0,1.0,"(1, 2)",6122f332c9f0e8bb1209dc7d
56.0,120.0,5933,test,3223.443497118597,1.0,1.0,"(1, 2)",6122f332c9f0e8bb1209dc7d
56.0,120.0,5934,test,3223.443497118597,1.0,1.0,"(1, 2)",6122f332c9f0e8bb1209dc7d
56.0,120.0,5935,test,3223.443497118597,1.0,1.0,"(1, 2)",6122f332c9f0e8bb1209dc7d
56.0,120.0,5936,test,3223.443497118597,1.0,1.0,"(1, 2)",6122f332c9f0e8bb1209dc7d
56.0,120.0,5937,test,3223.443497118597,1.0,1.0,"(1, 2)",6122f332c9f0e8bb1209dc7d
56.0,120.0,5938,test,3223.443497118597,1.0,1.0,"(1, 2)",6122f332c9f0e8bb1209dc7d
56.0,120.0,5939,test,3223.443497118597,1.0,1.0,"(1, 2)",6122f332c9f0e8bb1209dc7d
56.0,120.0,5940,test,3223.443497118597,1.0,1.0,"(1, 2)",6122f332c9f0e8bb1209dc7d
56.0,120.0,5941,test,3223.443497118597,1.0,1.0,"(1, 2)",6122f332c9f0e8bb1209dc7d
56.0,120.0,5942,test,3223.443497118597,1.0,1.0,"(1, 2)",6122f332c9f0e8bb1209dc7d
56.0,120.0,5943,test,3223.443497118597,1.0,1.0,"(1, 2)",6122f332c9f0e8bb1209dc7d
56.0,120.0,5944,test,3223.443497118597,1.0,1.0,"(1, 2)",6122f332c9f0e8bb1209dc7d
56.0,120.0,5945,test,3223.443497118597,1.0,1.0,"(1, 2)",6122f332c9f0e8bb1209dc7d
56.0,120.0,5946,test,3223.443497118597,1.0,1.0,"(1, 2)",6122f332c9f0e8bb1209dc7d
56.0,120.0,5947,test,3223.443497118597,1.0,1.0,"(1, 2)",6122f332c9f0e8bb1209dc7d
56.0,120.0,5948,test,3223.443497118597,1.0,1.0,"(1, 2)",6122f332c9f0e8bb1209dc7d
56.0,120.0,5949,test,3223.443497118597,1.0,1.0,"(1, 2)",6122f332c9f0e8bb1209dc7d
56.0,118.74999999999972,5950,test,3224.6934971185974,1.0,1.0,"(1, 2)",6122f332c9f0e8bb1209dc7d
56.0,117.49999999999943,5951,test,3225.943497118598,1.0,1.0,"(1, 2)",6122f332c9f0e8bb1209dc7d
56.0,116.24999999999915,5952,test,3227.1934971185983,1.0,1.0,"(1, 2)",6122f332c9f0e8bb1209dc7d
56.0,114.99999999999886,5953,test,3228.4434971185988,1.0,1.0,"(1, 2)",6122f332c9f0e8bb1209dc7d
56.0,113.74999999999858,5954,test,3229.693497118599,1.0,1.0,"(1, 2)",6122f332c9f0e8bb1209dc7d
56.0,112.4999999999983,5955,test,3230.9434971185997,1.0,1.0,"(1, 2)",6122f332c9f0e8bb1209dc7d
56.0,111.24999999999801,5956,test,3232.1934971186,1.0,1.0,"(1, 2)",6122f332c9f0e8bb1209dc7d
56.0,109.99999999999773,5957,test,3233.4434971186006,1.0,1.0,"(1, 2)",6122f332c9f0e8bb1209dc7d
56.0,108.74999999999744,5958,test,3234.693497118601,1.0,1.0,"(1, 2)",6122f332c9f0e8bb1209dc7d
56.0,107.49999999999716,5959,test,3235.9434971186015,1.0,1.0,"(1, 2)",6122f332c9f0e8bb1209dc7d
56.0,106.24999999999687,5960,test,3237.193497118602,1.0,1.0,"(1, 2)",6122f332c9f0e8bb1209dc7d
56.0,104.99999999999659,5961,test,3238.4434971186024,1.0,1.0,"(1, 2)",6122f332c9f0e8bb1209dc7d
56.0,103.7499999999963,5962,test,3239.693497118603,1.0,1.0,"(1, 2)",6122f332c9f0e8bb1209dc7d
56.0,102.49999999999602,5963,test,3240.9434971186033,1.0,1.0,"(1, 2)",6122f332c9f0e8bb1209dc7d
56.0,101.24999999999574,5964,test,3242.193497118604,1.0,1.0,"(1, 2)",6122f332c9f0e8bb1209dc7d
56.0,99.99999999999545,5965,test,3243.4434971186042,1.0,1.0,"(1, 2)",6122f332c9f0e8bb1209dc7d
56.0,98.74999999999517,5966,test,3244.6934971186047,1.0,1.0,"(1, 2)",6122f332c9f0e8bb1209dc7d
56.0,97.49999999999488,5967,test,3245.943497118605,1.0,1.0,"(1, 2)",6122f332c9f0e8bb1209dc7d
56.0,96.2499999999946,5968,test,3247.1934971186056,1.0,1.0,"(1, 2)",6122f332c9f0e8bb1209dc7d
56.0,94.99999999999432,5969,test,3248.443497118606,1.0,1.0,"(1, 2)",6122f332c9f0e8bb1209dc7d
56.0,93.74999999999403,5970,test,3249.6934971186065,1.0,1.0,"(1, 2)",6122f332c9f0e8bb1209dc7d
56.0,92.49999999999375,5971,test,3250.943497118607,1.0,1.0,"(1, 2)",6122f332c9f0e8bb1209dc7d
56.0,91.24999999999346,5972,test,3252.1934971186074,1.0,1.0,"(1, 2)",6122f332c9f0e8bb1209dc7d
56.0,89.99999999999318,5973,test,3253.443497118608,1.0,1.0,"(1, 2)",6122f332c9f0e8bb1209dc7d
56.0,88.7499999999929,5974,test,3254.6934971186083,1.0,1.0,"(1, 2)",6122f332c9f0e8bb1209dc7d
56.0,87.49999999999261,5975,test,3255.943497118609,1.0,1.0,"(1, 2)",6122f332c9f0e8bb1209dc7d
56.0,86.24999999999233,5976,test,3257.1934971186092,1.0,1.0,"(1, 2)",6122f332c9f0e8bb1209dc7d
56.0,84.99999999999204,5977,test,3258.4434971186097,1.0,1.0,"(1, 2)",6122f332c9f0e8bb1209dc7d
56.0,83.74999999999176,5978,test,3259.69349711861,1.0,1.0,"(1, 2)",6122f332c9f0e8bb1209dc7d
56.0,82.49999999999147,5979,test,3260.9434971186106,1.0,1.0,"(1, 2)",6122f332c9f0e8bb1209dc7d
56.0,81.24999999999119,5980,test,3262.193497118611,1.0,1.0,"(1, 2)",6122f332c9f0e8bb1209dc7d
56.0,79.9999999999909,5981,test,3263.4434971186115,1.0,1.0,"(1, 2)",6122f332c9f0e8bb1209dc7d
56.0,78.74999999999062,5982,test,3264.693497118612,1.0,1.0,"(1, 2)",6122f332c9f0e8bb1209dc7d
56.0,77.49999999999034,5983,test,3265.9434971186124,1.0,1.0,"(1, 2)",6122f332c9f0e8bb1209dc7d
56.0,76.24999999999005,5984,test,3267.193497118613,1.0,1.0,"(1, 2)",6122f332c9f0e8bb1209dc7d
56.0,74.99999999998977,5985,test,3268.4434971186133,1.0,1.0,"(1, 2)",6122f332c9f0e8bb1209dc7d
56.0,73.74999999998948,5986,test,3269.693497118614,1.0,1.0,"(1, 2)",6122f332c9f0e8bb1209dc7d
56.0,72.4999999999892,5987,test,3270.9434971186142,1.0,1.0,"(1, 2)",6122f332c9f0e8bb1209dc7d
56.0,71.24999999998892,5988,test,3272.1934971186147,1.0,1.0,"(1, 2)",6122f332c9f0e8bb1209dc7d
56.0,69.99999999998863,5989,test,3273.443497118615,1.0,1.0,"(1, 2)",6122f332c9f0e8bb1209dc7d
56.0,68.74999999998835,5990,test,3274.6934971186156,1.0,1.0,"(1, 2)",6122f332c9f0e8bb1209dc7d
56.0,67.49999999998806,5991,test,3275.943497118616,1.0,1.0,"(1, 2)",6122f332c9f0e8bb1209dc7d
56.0,66.24999999998778,5992,test,3277.1934971186165,1.0,1.0,"(1, 2)",6122f332c9f0e8bb1209dc7d
56.0,64.9999999999875,5993,test,3278.443497118617,1.0,1.0,"(1, 2)",6122f332c9f0e8bb1209dc7d
56.0,63.74999999998721,5994,test,3279.6934971186174,1.0,1.0,"(1, 2)",6122f332c9f0e8bb1209dc7d
56.0,62.499999999986926,5995,test,3280.943497118618,1.0,1.0,"(1, 2)",6122f332c9f0e8bb1209dc7d
56.0,61.24999999998664,5996,test,3282.1934971186183,1.0,1.0,"(1, 2)",6122f332c9f0e8bb1209dc7d
56.0,59.99999999998636,5997,test,3283.443497118619,1.0,1.0,"(1, 2)",6122f332c9f0e8bb1209dc7d
56.0,58.74999999998607,5998,test,3284.6934971186192,1.0,1.0,"(1, 2)",6122f332c9f0e8bb1209dc7d
56.0,57.49999999998579,5999,test,3285.9434971186197,1.0,1.0,"(1, 2)",6122f332c9f0e8bb1209dc7d
56.0,56.249999999985505,6000,test,3287.19349711862,1.0,1.0,"(1, 2)",6122f332c9f0e8bb1209dc7d
56.0,54.99999999998522,6001,test,3288.4434971186206,1.0,1.0,"(1, 2)",6122f332c9f0e8bb1209dc7d
56.0,53.74999999998494,6002,test,3289.693497118621,1.0,1.0,"(1, 2)",6122f332c9f0e8bb1209dc7d
56.0,52.49999999998465,6003,test,3290.9434971186215,1.0,1.0,"(1, 2)",6122f332c9f0e8bb1209dc7d
56.0,51.24999999998437,6004,test,3292.193497118622,1.0,1.0,"(1, 2)",6122f332c9f0e8bb1209dc7d
56.0,49.999999999984084,6005,test,3293.4434971186224,1.0,1.0,"(1, 2)",6122f332c9f0e8bb1209dc7d
56.0,48.7499999999838,6006,test,3294.693497118623,1.0,1.0,"(1, 2)",6122f332c9f0e8bb1209dc7d
56.0,47.499999999983515,6007,test,3295.9434971186233,1.0,1.0,"(1, 2)",6122f332c9f0e8bb1209dc7d
56.0,46.24999999998323,6008,test,3297.193497118624,1.0,1.0,"(1, 2)",6122f332c9f0e8bb1209dc7d
56.0,44.99999999998295,6009,test,3298.4434971186242,1.0,1.0,"(1, 2)",6122f332c9f0e8bb1209dc7d
56.0,43.74999999998266,6010,test,3299.6934971186247,1.0,1.0,"(1, 2)",6122f332c9f0e8bb1209dc7d
56.0,42.49999999998238,6011,test,3300.943497118625,1.0,1.0,"(1, 2)",6122f332c9f0e8bb1209dc7d
56.0,40.0,6012,test,3303.4434971186074,1.0,1.0,"(1, 2)",6122f332c9f0e8bb1209dc7d
56.0,40.0,6013,test,3303.4434971186074,1.0,1.0,"(1, 2)",6122f332c9f0e8bb1209dc7d
56.0,40.0,6014,test,3303.4434971186074,1.0,1.0,"(1, 2)",6122f332c9f0e8bb1209dc7d
56.0,40.0,6015,test,3303.4434971186074,1.0,1.0,"(1, 2)",6122f332c9f0e8bb1209dc7d
56.0,40.0,6016,test,3303.4434971186074,1.0,1.0,"(1, 2)",6122f332c9f0e8bb1209dc7d
56.0,40.0,6017,test,3303.4434971186074,1.0,1.0,"(1, 2)",6122f332c9f0e8bb1209dc7d
56.0,40.0,6018,test,3303.4434971186074,1.0,1.0,"(1, 2)",6122f332c9f0e8bb1209dc7d
56.0,40.0,6019,test,3303.4434971186074,1.0,1.0,"(1, 2)",6122f332c9f0e8bb1209dc7d
56.0,40.0,6020,test,3303.4434971186074,1.0,1.0,"(1, 2)",6122f332c9f0e8bb1209dc7d
56.0,40.0,6021,test,3303.4434971186074,1.0,1.0,"(1, 2)",6122f332c9f0e8bb1209dc7d
56.0,40.0,6022,test,3303.4434971186074,1.0,1.0,"(1, 2)",6122f332c9f0e8bb1209dc7d
56.0,40.0,6023,test,3303.4434971186074,1.0,1.0,"(1, 2)",6122f332c9f0e8bb1209dc7d
56.0,40.0,6024,test,3303.4434971186074,1.0,1.0,"(1, 2)",6122f332c9f0e8bb1209dc7d
56.0,40.0,6025,test,3303.4434971186074,1.0,1.0,"(1, 2)",6122f332c9f0e8bb1209dc7d
56.0,40.0,6026,test,3303.4434971186074,1.0,1.0,"(1, 2)",6122f332c9f0e8bb1209dc7d
56.0,40.0,6027,test,3303.4434971186074,1.0,1.0,"(1, 2)",6122f332c9f0e8bb1209dc7d
56.0,40.0,6028,test,3303.4434971186074,1.0,1.0,"(1, 2)",6122f332c9f0e8bb1209dc7d
56.0,40.0,6029,test,3303.4434971186074,1.0,1.0,"(1, 2)",6122f332c9f0e8bb1209dc7d
56.0,40.0,6030,test,3303.4434971186074,1.0,1.0,"(1, 2)",6122f332c9f0e8bb1209dc7d
56.0,40.0,6031,test,3303.4434971186074,1.0,1.0,"(1, 2)",6122f332c9f0e8bb1209dc7d
56.0,40.0,6032,test,3303.4434971186074,1.0,1.0,"(1, 2)",6122f332c9f0e8bb1209dc7d
56.0,40.0,6033,test,3303.4434971186074,1.0,1.0,"(1, 2)",6122f332c9f0e8bb1209dc7d
56.0,40.0,6034,test,3303.4434971186074,1.0,1.0,"(1, 2)",6122f332c9f0e8bb1209dc7d
56.0,40.0,6035,test,3303.4434971186074,1.0,1.0,"(1, 2)",6122f332c9f0e8bb1209dc7d
56.0,40.0,6036,test,3303.4434971186074,1.0,1.0,"(1, 2)",6122f332c9f0e8bb1209dc7d
56.0,40.0,6037,test,3303.4434971186074,1.0,1.0,"(1, 2)",6122f332c9f0e8bb1209dc7d
56.0,40.0,6038,test,3303.4434971186074,1.0,1.0,"(1, 2)",6122f332c9f0e8bb1209dc7d
56.0,40.0,6039,test,3303.4434971186074,1.0,1.0,"(1, 2)",6122f332c9f0e8bb1209dc7d
56.0,40.0,6040,test,3303.4434971186074,1.0,1.0,"(1, 2)",6122f332c9f0e8bb1209dc7d
56.0,40.0,6041,test,3303.4434971186074,1.0,1.0,"(1, 2)",6122f332c9f0e8bb1209dc7d
56.0,40.0,6042,test,3303.4434971186074,1.0,1.0,"(1, 2)",6122f332c9f0e8bb1209dc7d
56.0,40.0,6043,test,3303.4434971186074,1.0,1.0,"(1, 2)",6122f332c9f0e8bb1209dc7d
56.0,40.0,6044,test,3303.4434971186074,1.0,1.0,"(1, 2)",6122f332c9f0e8bb1209dc7d
56.0,40.0,6045,test,3303.4434971186074,1.0,1.0,"(1, 2)",6122f332c9f0e8bb1209dc7d
56.0,40.0,6046,test,3303.4434971186074,1.0,1.0,"(1, 2)",6122f332c9f0e8bb1209dc7d
56.0,40.0,6047,test,3303.4434971186074,1.0,1.0,"(1, 2)",6122f332c9f0e8bb1209dc7d
56.0,40.0,6048,test,3303.4434971186074,1.0,1.0,"(1, 2)",6122f332c9f0e8bb1209dc7d
56.0,40.0,6049,test,3303.4434971186074,1.0,1.0,"(1, 2)",6122f332c9f0e8bb1209dc7d
56.0,40.0,6050,test,3303.4434971186074,1.0,1.0,"(1, 2)",6122f332c9f0e8bb1209dc7d
56.0,40.0,6051,test,3303.4434971186074,1.0,1.0,"(1, 2)",6122f332c9f0e8bb1209dc7d
56.0,40.0,6052,test,3303.4434971186074,1.0,1.0,"(1, 2)",6122f332c9f0e8bb1209dc7d
56.0,40.0,6053,test,3303.4434971186074,1.0,1.0,"(1, 2)",6122f332c9f0e8bb1209dc7d
56.0,40.0,6054,test,3303.4434971186074,1.0,1.0,"(1, 2)",6122f332c9f0e8bb1209dc7d
56.0,40.0,6055,test,3303.4434971186074,1.0,1.0,"(1, 2)",6122f332c9f0e8bb1209dc7d
56.0,40.0,6056,test,3303.4434971186074,1.0,1.0,"(1, 2)",6122f332c9f0e8bb1209dc7d
56.0,40.0,6057,test,3303.4434971186074,1.0,1.0,"(1, 2)",6122f332c9f0e8bb1209dc7d
56.0,40.0,6058,test,3303.4434971186074,1.0,1.0,"(1, 2)",6122f332c9f0e8bb1209dc7d
56.0,40.0,6059,test,3303.4434971186074,1.0,1.0,"(1, 2)",6122f332c9f0e8bb1209dc7d
56.0,40.0,6060,test,3303.4434971186074,1.0,1.0,"(1, 2)",6122f332c9f0e8bb1209dc7d
56.0,40.0,6061,test,3303.4434971186074,1.0,1.0,"(1, 2)",6122f332c9f0e8bb1209dc7d
56.0,40.0,6062,test,3303.4434971186074,1.0,1.0,"(1, 2)",6122f332c9f0e8bb1209dc7d
56.0,40.0,6063,test,3303.4434971186074,1.0,1.0,"(1, 2)",6122f332c9f0e8bb1209dc7d
56.0,40.0,6064,test,3303.4434971186074,1.0,1.0,"(1, 2)",6122f332c9f0e8bb1209dc7d
56.0,40.0,6065,test,3303.4434971186074,1.0,1.0,"(1, 2)",6122f332c9f0e8bb1209dc7d
56.0,40.0,6066,test,3303.4434971186074,1.0,1.0,"(1, 2)",6122f332c9f0e8bb1209dc7d
56.0,40.0,6067,test,3303.4434971186074,1.0,1.0,"(1, 2)",6122f332c9f0e8bb1209dc7d
56.0,40.0,6068,test,3303.4434971186074,1.0,1.0,"(1, 2)",6122f332c9f0e8bb1209dc7d
56.0,40.0,6069,test,3303.4434971186074,1.0,1.0,"(1, 2)",6122f332c9f0e8bb1209dc7d
56.0,40.0,6070,test,3303.4434971186074,1.0,1.0,"(1, 2)",6122f332c9f0e8bb1209dc7d
56.0,40.0,6071,test,3303.4434971186074,1.0,1.0,"(1, 2)",6122f332c9f0e8bb1209dc7d
56.0,40.0,6072,test,3303.4434971186074,1.0,1.0,"(1, 2)",6122f332c9f0e8bb1209dc7d
56.0,40.0,6073,test,3303.4434971186074,1.0,1.0,"(1, 2)",6122f332c9f0e8bb1209dc7d
56.0,40.0,6074,test,3303.4434971186074,1.0,1.0,"(1, 2)",6122f332c9f0e8bb1209dc7d
56.0,40.0,6075,test,3303.4434971186074,1.0,1.0,"(1, 2)",6122f332c9f0e8bb1209dc7d
56.0,40.0,6076,test,3303.4434971186074,1.0,1.0,"(1, 2)",6122f332c9f0e8bb1209dc7d
56.0,40.0,6077,test,3303.4434971186074,1.0,1.0,"(1, 2)",6122f332c9f0e8bb1209dc7d
56.0,40.0,6078,test,3303.4434971186074,1.0,1.0,"(1, 2)",6122f332c9f0e8bb1209dc7d
56.0,40.0,6079,test,3303.4434971186074,1.0,1.0,"(1, 2)",6122f332c9f0e8bb1209dc7d
56.0,40.0,6080,test,3303.4434971186074,1.0,1.0,"(1, 2)",6122f332c9f0e8bb1209dc7d
56.0,40.0,6081,test,3303.4434971186074,1.0,1.0,"(1, 2)",6122f332c9f0e8bb1209dc7d
56.0,40.0,6082,test,3303.4434971186074,1.0,1.0,"(1, 2)",6122f332c9f0e8bb1209dc7d
56.0,40.0,6083,test,3303.4434971186074,1.0,1.0,"(1, 2)",6122f332c9f0e8bb1209dc7d
56.0,40.0,6084,test,3303.4434971186074,1.0,1.0,"(1, 2)",6122f332c9f0e8bb1209dc7d
56.0,40.0,6085,test,3303.4434971186074,1.0,1.0,"(1, 2)",6122f332c9f0e8bb1209dc7d
56.0,40.0,6086,test,3303.4434971186074,1.0,1.0,"(1, 2)",6122f332c9f0e8bb1209dc7d
56.0,40.0,6087,test,3303.4434971186074,1.0,1.0,"(1, 2)",6122f332c9f0e8bb1209dc7d
56.0,40.0,6088,test,3303.4434971186074,1.0,1.0,"(1, 2)",6122f332c9f0e8bb1209dc7d
56.0,40.0,6089,test,3303.4434971186074,1.0,1.0,"(1, 2)",6122f332c9f0e8bb1209dc7d
56.0,40.0,6090,test,3303.4434971186074,1.0,1.0,"(1, 2)",6122f332c9f0e8bb1209dc7d
56.0,40.0,6091,test,3303.4434971186074,1.0,1.0,"(1, 2)",6122f332c9f0e8bb1209dc7d
56.0,40.0,6092,test,3303.4434971186074,1.0,1.0,"(1, 2)",6122f332c9f0e8bb1209dc7d
56.0,40.0,6093,test,3303.4434971186074,1.0,1.0,"(1, 2)",6122f332c9f0e8bb1209dc7d
56.0,40.0,6094,test,3303.4434971186074,1.0,1.0,"(1, 2)",6122f332c9f0e8bb1209dc7d
56.0,40.0,6095,test,3303.4434971186074,1.0,1.0,"(1, 2)",6122f332c9f0e8bb1209dc7d
56.0,40.0,6096,test,3303.4434971186074,1.0,1.0,"(1, 2)",6122f332c9f0e8bb1209dc7d
56.0,40.0,6097,test,3303.4434971186074,1.0,1.0,"(1, 2)",6122f332c9f0e8bb1209dc7d
56.0,40.0,6098,test,3303.4434971186074,1.0,1.0,"(1, 2)",6122f332c9f0e8bb1209dc7d
56.0,40.0,6099,test,3303.4434971186074,1.0,1.0,"(1, 2)",6122f332c9f0e8bb1209dc7d
56.0,40.0,6100,test,3303.4434971186074,1.0,1.0,"(1, 2)",6122f332c9f0e8bb1209dc7d
56.0,40.0,6101,test,3303.4434971186074,1.0,1.0,"(1, 2)",6122f332c9f0e8bb1209dc7d
56.0,40.0,6102,test,3303.4434971186074,1.0,1.0,"(1, 2)",6122f332c9f0e8bb1209dc7d
56.0,40.0,6103,test,3303.4434971186074,1.0,1.0,"(1, 2)",6122f332c9f0e8bb1209dc7d
56.0,40.0,6104,test,3303.4434971186074,1.0,1.0,"(1, 2)",6122f332c9f0e8bb1209dc7d
56.0,40.0,6105,test,3303.4434971186074,1.0,1.0,"(1, 2)",6122f332c9f0e8bb1209dc7d
56.0,40.0,6106,test,3303.4434971186074,1.0,1.0,"(1, 2)",6122f332c9f0e8bb1209dc7d
56.0,40.0,6107,test,3303.4434971186074,1.0,1.0,"(1, 2)",6122f332c9f0e8bb1209dc7d
56.0,40.0,6108,test,3303.4434971186074,1.0,1.0,"(1, 2)",6122f332c9f0e8bb1209dc7d
56.0,40.0,6109,test,3303.4434971186074,1.0,1.0,"(1, 2)",6122f332c9f0e8bb1209dc7d
56.0,40.0,6110,test,3303.4434971186074,1.0,1.0,"(1, 2)",6122f332c9f0e8bb1209dc7d
56.0,40.0,6111,test,3303.4434971186074,1.0,1.0,"(1, 2)",6122f332c9f0e8bb1209dc7d
56.0,40.0,6112,test,3303.4434971186074,1.0,1.0,"(1, 2)",6122f332c9f0e8bb1209dc7d
56.0,40.0,6113,test,3303.4434971186074,1.0,1.0,"(1, 2)",6122f332c9f0e8bb1209dc7d
56.0,40.0,6114,test,3303.4434971186074,1.0,1.0,"(1, 2)",6122f332c9f0e8bb1209dc7d
56.0,40.0,6115,test,3303.4434971186074,1.0,1.0,"(1, 2)",6122f332c9f0e8bb1209dc7d
56.0,40.0,6116,test,3303.4434971186074,1.0,1.0,"(1, 2)",6122f332c9f0e8bb1209dc7d
56.0,40.0,6117,test,3303.4434971186074,1.0,1.0,"(1, 2)",6122f332c9f0e8bb1209dc7d
56.0,40.0,6118,test,3303.4434971186074,1.0,1.0,"(1, 2)",6122f332c9f0e8bb1209dc7d
56.0,40.0,6119,test,3303.4434971186074,1.0,1.0,"(1, 2)",6122f332c9f0e8bb1209dc7d
56.0,40.0,6120,test,3303.4434971186074,1.0,1.0,"(1, 2)",6122f332c9f0e8bb1209dc7d
56.0,40.0,6121,test,3303.4434971186074,1.0,1.0,"(1, 2)",6122f332c9f0e8bb1209dc7d
56.0,40.0,6122,test,3303.4434971186074,1.0,1.0,"(1, 2)",6122f332c9f0e8bb1209dc7d
56.0,40.0,6123,test,3303.4434971186074,1.0,1.0,"(1, 2)",6122f332c9f0e8bb1209dc7d
56.0,40.0,6124,test,3303.4434971186074,1.0,1.0,"(1, 2)",6122f332c9f0e8bb1209dc7d
56.0,40.0,6125,test,3303.4434971186074,1.0,1.0,"(1, 2)",6122f332c9f0e8bb1209dc7d
56.0,40.0,6126,test,3303.4434971186074,1.0,1.0,"(1, 2)",6122f332c9f0e8bb1209dc7d
56.0,40.0,6127,test,3303.4434971186074,1.0,1.0,"(1, 2)",6122f332c9f0e8bb1209dc7d
56.0,40.0,6128,test,3303.4434971186074,1.0,1.0,"(1, 2)",6122f332c9f0e8bb1209dc7d
56.0,40.0,6129,test,3303.4434971186074,1.0,1.0,"(1, 2)",6122f332c9f0e8bb1209dc7d
56.0,40.0,6130,test,3303.4434971186074,1.0,1.0,"(1, 2)",6122f332c9f0e8bb1209dc7d
56.0,40.0,6131,test,3303.4434971186074,1.0,1.0,"(1, 2)",6122f332c9f0e8bb1209dc7d
56.0,40.0,6132,test,3303.4434971186074,1.0,1.0,"(1, 2)",6122f332c9f0e8bb1209dc7d
56.0,40.0,6133,test,3303.4434971186074,1.0,1.0,"(1, 2)",6122f332c9f0e8bb1209dc7d
56.0,40.0,6134,test,3303.4434971186074,1.0,1.0,"(1, 2)",6122f332c9f0e8bb1209dc7d
56.0,40.0,6135,test,3303.4434971186074,1.0,1.0,"(1, 2)",6122f332c9f0e8bb1209dc7d
56.0,40.0,6136,test,3303.4434971186074,1.0,1.0,"(1, 2)",6122f332c9f0e8bb1209dc7d
56.0,40.0,6137,test,3303.4434971186074,1.0,1.0,"(1, 2)",6122f332c9f0e8bb1209dc7d
56.0,40.0,6138,test,3303.4434971186074,1.0,1.0,"(1, 2)",6122f332c9f0e8bb1209dc7d
56.0,40.0,6139,test,3303.4434971186074,1.0,1.0,"(1, 2)",6122f332c9f0e8bb1209dc7d
56.0,40.0,6140,test,3303.4434971186074,1.0,1.0,"(1, 2)",6122f332c9f0e8bb1209dc7d
56.0,40.0,6141,test,3303.4434971186074,1.0,1.0,"(1, 2)",6122f332c9f0e8bb1209dc7d
56.0,40.0,6142,test,3303.4434971186074,1.0,1.0,"(1, 2)",6122f332c9f0e8bb1209dc7d
56.0,40.0,6143,test,3303.4434971186074,1.0,1.0,"(1, 2)",6122f332c9f0e8bb1209dc7d
56.0,40.0,6144,test,3303.4434971186074,1.0,1.0,"(1, 2)",6122f332c9f0e8bb1209dc7d
56.0,40.0,6145,test,3303.4434971186074,1.0,1.0,"(1, 2)",6122f332c9f0e8bb1209dc7d
56.0,40.0,6146,test,3303.4434971186074,1.0,1.0,"(1, 2)",6122f332c9f0e8bb1209dc7d
56.0,40.0,6147,test,3303.4434971186074,1.0,1.0,"(1, 2)",6122f332c9f0e8bb1209dc7d
56.0,40.0,6148,test,3303.4434971186074,1.0,1.0,"(1, 2)",6122f332c9f0e8bb1209dc7d
56.0,40.0,6149,test,3303.4434971186074,1.0,1.0,"(1, 2)",6122f332c9f0e8bb1209dc7d
56.0,40.0,6150,test,3303.4434971186074,1.0,1.0,"(1, 2)",6122f332c9f0e8bb1209dc7d
56.0,40.0,6151,test,3303.4434971186074,1.0,1.0,"(1, 2)",6122f332c9f0e8bb1209dc7d
56.0,40.0,6152,test,3303.4434971186074,1.0,1.0,"(1, 2)",6122f332c9f0e8bb1209dc7d
56.0,40.0,6153,test,3303.4434971186074,1.0,1.0,"(1, 2)",6122f332c9f0e8bb1209dc7d
56.0,40.0,6154,test,3303.4434971186074,1.0,1.0,"(1, 2)",6122f332c9f0e8bb1209dc7d
56.0,40.0,6155,test,3303.4434971186074,1.0,1.0,"(1, 2)",6122f332c9f0e8bb1209dc7d
56.0,40.0,6156,test,3303.4434971186074,1.0,1.0,"(1, 2)",6122f332c9f0e8bb1209dc7d
56.0,40.0,6157,test,3303.4434971186074,1.0,1.0,"(1, 2)",6122f332c9f0e8bb1209dc7d
56.0,40.0,6158,test,3303.4434971186074,1.0,1.0,"(1, 2)",6122f332c9f0e8bb1209dc7d
56.0,40.0,6159,test,3303.4434971186074,1.0,1.0,"(1, 2)",6122f332c9f0e8bb1209dc7d
57.250000000000284,40.0,6160,test,3304.693497118608,1.0,1.0,"(1, 2)",6122f332c9f0e8bb1209dc7d
58.50000000000057,40.0,6161,test,3305.9434971186083,1.0,1.0,"(1, 2)",6122f332c9f0e8bb1209dc7d
59.75000000000085,40.0,6162,test,3307.193497118609,1.0,1.0,"(1, 2)",6122f332c9f0e8bb1209dc7d
61.00000000000114,40.0,6163,test,3308.4434971186092,1.0,1.0,"(1, 2)",6122f332c9f0e8bb1209dc7d
62.25000000000142,40.0,6164,test,3309.6934971186097,1.0,1.0,"(1, 2)",6122f332c9f0e8bb1209dc7d
63.500000000001705,40.0,6165,test,3310.94349711861,1.0,1.0,"(1, 2)",6122f332c9f0e8bb1209dc7d
64.75000000000199,40.0,6166,test,3312.1934971186106,1.0,1.0,"(1, 2)",6122f332c9f0e8bb1209dc7d
66.00000000000227,40.0,6167,test,3313.443497118611,1.0,1.0,"(1, 2)",6122f332c9f0e8bb1209dc7d
67.25000000000256,40.0,6168,test,3314.6934971186115,1.0,1.0,"(1, 2)",6122f332c9f0e8bb1209dc7d
68.50000000000284,40.0,6169,test,3315.943497118612,1.0,1.0,"(1, 2)",6122f332c9f0e8bb1209dc7d
69.75000000000313,40.0,6170,test,3317.1934971186124,1.0,1.0,"(1, 2)",6122f332c9f0e8bb1209dc7d
71.00000000000341,40.0,6171,test,3318.443497118613,1.0,1.0,"(1, 2)",6122f332c9f0e8bb1209dc7d
72.2500000000037,40.0,6172,test,3319.6934971186133,1.0,1.0,"(1, 2)",6122f332c9f0e8bb1209dc7d
73.50000000000398,40.0,6173,test,3320.943497118614,1.0,1.0,"(1, 2)",6122f332c9f0e8bb1209dc7d
74.75000000000426,40.0,6174,test,3322.1934971186142,1.0,1.0,"(1, 2)",6122f332c9f0e8bb1209dc7d
76.00000000000455,40.0,6175,test,3323.4434971186147,1.0,1.0,"(1, 2)",6122f332c9f0e8bb1209dc7d
77.25000000000483,40.0,6176,test,3324.693497118615,1.0,1.0,"(1, 2)",6122f332c9f0e8bb1209dc7d
78.50000000000512,40.0,6177,test,3325.9434971186156,1.0,1.0,"(1, 2)",6122f332c9f0e8bb1209dc7d
79.7500000000054,40.0,6178,test,3327.193497118616,1.0,1.0,"(1, 2)",6122f332c9f0e8bb1209dc7d
81.00000000000568,40.0,6179,test,3328.4434971186165,1.0,1.0,"(1, 2)",6122f332c9f0e8bb1209dc7d
82.25000000000597,40.0,6180,test,3329.693497118617,1.0,1.0,"(1, 2)",6122f332c9f0e8bb1209dc7d
83.50000000000625,40.0,6181,test,3330.9434971186174,1.0,1.0,"(1, 2)",6122f332c9f0e8bb1209dc7d
84.75000000000654,40.0,6182,test,3332.193497118618,1.0,1.0,"(1, 2)",6122f332c9f0e8bb1209dc7d
86.00000000000682,40.0,6183,test,3333.4434971186183,1.0,1.0,"(1, 2)",6122f332c9f0e8bb1209dc7d
87.2500000000071,40.0,6184,test,3334.693497118619,1.0,1.0,"(1, 2)",6122f332c9f0e8bb1209dc7d
88.0,40.0,6185,test,3335.4434971186115,1.0,1.0,"(1, 2)",6122f332c9f0e8bb1209dc7d
88.0,40.0,6186,test,3335.4434971186115,1.0,1.0,"(1, 2)",6122f332c9f0e8bb1209dc7d
88.0,40.0,6187,test,3335.4434971186115,1.0,1.0,"(1, 2)",6122f332c9f0e8bb1209dc7d
88.0,40.0,6188,test,3335.4434971186115,1.0,1.0,"(1, 2)",6122f332c9f0e8bb1209dc7d
88.0,40.0,6189,test,3335.4434971186115,1.0,1.0,"(1, 2)",6122f332c9f0e8bb1209dc7d
88.0,40.0,6190,test,3335.4434971186115,1.0,1.0,"(1, 2)",6122f332c9f0e8bb1209dc7d
88.0,40.0,6191,test,3335.4434971186115,1.0,1.0,"(1, 2)",6122f332c9f0e8bb1209dc7d
88.0,40.0,6192,test,3335.4434971186115,1.0,1.0,"(1, 2)",6122f332c9f0e8bb1209dc7d
88.0,40.0,6193,test,3335.4434971186115,1.0,1.0,"(1, 2)",6122f332c9f0e8bb1209dc7d
88.0,40.0,6194,test,3335.4434971186115,1.0,1.0,"(1, 2)",6122f332c9f0e8bb1209dc7d
88.0,40.0,6195,test,3335.4434971186115,1.0,1.0,"(1, 2)",6122f332c9f0e8bb1209dc7d
88.0,40.0,6196,test,3335.4434971186115,1.0,1.0,"(1, 2)",6122f332c9f0e8bb1209dc7d
88.0,40.0,6197,test,3335.4434971186115,1.0,1.0,"(1, 2)",6122f332c9f0e8bb1209dc7d
88.0,40.0,6198,test,3335.4434971186115,1.0,1.0,"(1, 2)",6122f332c9f0e8bb1209dc7d
88.0,40.0,6199,test,3335.4434971186115,1.0,1.0,"(1, 2)",6122f332c9f0e8bb1209dc7d
88.0,40.0,6200,test,3335.4434971186115,1.0,1.0,"(1, 2)",6122f332c9f0e8bb1209dc7d
88.0,40.0,6201,test,3335.4434971186115,1.0,1.0,"(1, 2)",6122f332c9f0e8bb1209dc7d
88.0,40.0,6202,test,3335.4434971186115,1.0,1.0,"(1, 2)",6122f332c9f0e8bb1209dc7d
88.0,40.0,6203,test,3335.4434971186115,1.0,1.0,"(1, 2)",6122f332c9f0e8bb1209dc7d
88.0,40.0,6204,test,3335.4434971186115,1.0,1.0,"(1, 2)",6122f332c9f0e8bb1209dc7d
88.0,40.0,6205,test,3335.4434971186115,1.0,1.0,"(1, 2)",6122f332c9f0e8bb1209dc7d
88.0,40.0,6206,test,3335.4434971186115,1.0,1.0,"(1, 2)",6122f332c9f0e8bb1209dc7d
88.0,40.0,6207,test,3335.4434971186115,1.0,1.0,"(1, 2)",6122f332c9f0e8bb1209dc7d
88.0,40.0,6208,test,3335.4434971186115,1.0,1.0,"(1, 2)",6122f332c9f0e8bb1209dc7d
88.0,40.0,6209,test,3335.4434971186115,1.0,1.0,"(1, 2)",6122f332c9f0e8bb1209dc7d
88.0,40.0,6210,test,3335.4434971186115,1.0,1.0,"(1, 2)",6122f332c9f0e8bb1209dc7d
88.0,40.0,6211,test,3335.4434971186115,1.0,1.0,"(1, 2)",6122f332c9f0e8bb1209dc7d
88.0,40.0,6212,test,3335.4434971186115,1.0,1.0,"(1, 2)",6122f332c9f0e8bb1209dc7d
88.0,40.0,6213,test,3335.4434971186115,1.0,1.0,"(1, 2)",6122f332c9f0e8bb1209dc7d
88.0,40.0,6214,test,3335.4434971186115,1.0,1.0,"(1, 2)",6122f332c9f0e8bb1209dc7d
88.0,40.0,6215,test,3335.4434971186115,1.0,1.0,"(1, 2)",6122f332c9f0e8bb1209dc7d
88.0,40.0,6216,test,3335.4434971186115,1.0,1.0,"(1, 2)",6122f332c9f0e8bb1209dc7d
88.0,40.0,6217,test,3335.4434971186115,1.0,1.0,"(1, 2)",6122f332c9f0e8bb1209dc7d
88.0,40.0,6218,test,3335.4434971186115,1.0,1.0,"(1, 2)",6122f332c9f0e8bb1209dc7d
88.0,40.0,6219,test,3335.4434971186115,1.0,1.0,"(1, 2)",6122f332c9f0e8bb1209dc7d
88.0,40.0,6220,test,3335.4434971186115,1.0,1.0,"(1, 2)",6122f332c9f0e8bb1209dc7d
88.0,40.0,6221,test,3335.4434971186115,1.0,1.0,"(1, 2)",6122f332c9f0e8bb1209dc7d
88.0,40.0,6222,test,3335.4434971186115,1.0,1.0,"(1, 2)",6122f332c9f0e8bb1209dc7d
88.0,40.0,6223,test,3335.4434971186115,1.0,1.0,"(1, 2)",6122f332c9f0e8bb1209dc7d
88.0,40.0,6224,test,3335.4434971186115,1.0,1.0,"(1, 2)",6122f332c9f0e8bb1209dc7d
88.0,40.0,6225,test,3335.4434971186115,1.0,1.0,"(1, 2)",6122f332c9f0e8bb1209dc7d
88.0,40.0,6226,test,3335.4434971186115,1.0,1.0,"(1, 2)",6122f332c9f0e8bb1209dc7d
88.0,40.0,6227,test,3335.4434971186115,1.0,1.0,"(1, 2)",6122f332c9f0e8bb1209dc7d
88.0,40.0,6228,test,3335.4434971186115,1.0,1.0,"(1, 2)",6122f332c9f0e8bb1209dc7d
88.0,40.0,6229,test,3335.4434971186115,1.0,1.0,"(1, 2)",6122f332c9f0e8bb1209dc7d
88.0,40.0,6230,test,3335.4434971186115,1.0,1.0,"(1, 2)",6122f332c9f0e8bb1209dc7d
86.74999999999972,40.0,6231,test,3336.693497118612,1.0,1.0,"(1, 2)",6122f332c9f0e8bb1209dc7d
85.49999999999943,40.0,6232,test,3337.9434971186124,1.0,1.0,"(1, 2)",6122f332c9f0e8bb1209dc7d
84.24999999999915,40.0,6233,test,3339.193497118613,1.0,1.0,"(1, 2)",6122f332c9f0e8bb1209dc7d
82.99999999999886,40.0,6234,test,3340.4434971186133,1.0,1.0,"(1, 2)",6122f332c9f0e8bb1209dc7d
81.74999999999858,40.0,6235,test,3341.693497118614,1.0,1.0,"(1, 2)",6122f332c9f0e8bb1209dc7d
80.4999999999983,40.0,6236,test,3342.9434971186142,1.0,1.0,"(1, 2)",6122f332c9f0e8bb1209dc7d
79.24999999999801,40.0,6237,test,3344.1934971186147,1.0,1.0,"(1, 2)",6122f332c9f0e8bb1209dc7d
77.99999999999773,40.0,6238,test,3345.443497118615,1.0,1.0,"(1, 2)",6122f332c9f0e8bb1209dc7d
76.74999999999744,40.0,6239,test,3346.6934971186156,1.0,1.0,"(1, 2)",6122f332c9f0e8bb1209dc7d
75.49999999999716,40.0,6240,test,3347.943497118616,1.0,1.0,"(1, 2)",6122f332c9f0e8bb1209dc7d
74.24999999999687,40.0,6241,test,3349.1934971186165,1.0,1.0,"(1, 2)",6122f332c9f0e8bb1209dc7d
72.99999999999659,40.0,6242,test,3350.443497118617,1.0,1.0,"(1, 2)",6122f332c9f0e8bb1209dc7d
71.7499999999963,40.0,6243,test,3351.6934971186174,1.0,1.0,"(1, 2)",6122f332c9f0e8bb1209dc7d
70.49999999999602,40.0,6244,test,3352.943497118618,1.0,1.0,"(1, 2)",6122f332c9f0e8bb1209dc7d
69.24999999999574,40.0,6245,test,3354.1934971186183,1.0,1.0,"(1, 2)",6122f332c9f0e8bb1209dc7d
67.99999999999545,40.0,6246,test,3355.443497118619,1.0,1.0,"(1, 2)",6122f332c9f0e8bb1209dc7d
66.74999999999517,40.0,6247,test,3356.6934971186192,1.0,1.0,"(1, 2)",6122f332c9f0e8bb1209dc7d
65.49999999999488,40.0,6248,test,3357.9434971186197,1.0,1.0,"(1, 2)",6122f332c9f0e8bb1209dc7d
64.2499999999946,40.0,6249,test,3359.19349711862,1.0,1.0,"(1, 2)",6122f332c9f0e8bb1209dc7d
62.999999999994316,40.0,6250,test,3360.4434971186206,1.0,1.0,"(1, 2)",6122f332c9f0e8bb1209dc7d
61.74999999999403,40.0,6251,test,3361.693497118621,1.0,1.0,"(1, 2)",6122f332c9f0e8bb1209dc7d
60.49999999999375,40.0,6252,test,3362.9434971186215,1.0,1.0,"(1, 2)",6122f332c9f0e8bb1209dc7d
59.24999999999346,40.0,6253,test,3364.193497118622,1.0,1.0,"(1, 2)",6122f332c9f0e8bb1209dc7d
57.99999999999318,40.0,6254,test,3365.4434971186224,1.0,1.0,"(1, 2)",6122f332c9f0e8bb1209dc7d
56.749999999992895,40.0,6255,test,3366.693497118623,1.0,1.0,"(1, 2)",6122f332c9f0e8bb1209dc7d
56.0,40.0,6256,test,3367.4434971186156,1.0,1.0,"(1, 2)",6122f332c9f0e8bb1209dc7d
56.0,40.0,6257,test,3367.4434971186156,1.0,1.0,"(1, 2)",6122f332c9f0e8bb1209dc7d
56.0,40.0,6258,test,3367.4434971186156,1.0,1.0,"(1, 2)",6122f332c9f0e8bb1209dc7d
56.0,40.0,6259,test,3367.4434971186156,1.0,1.0,"(1, 2)",6122f332c9f0e8bb1209dc7d
56.0,40.0,6260,test,3367.4434971186156,1.0,1.0,"(1, 2)",6122f332c9f0e8bb1209dc7d
56.0,40.0,6261,test,3367.4434971186156,1.0,1.0,"(1, 2)",6122f332c9f0e8bb1209dc7d
56.0,40.0,6262,test,3367.4434971186156,1.0,1.0,"(1, 2)",6122f332c9f0e8bb1209dc7d
56.0,40.0,6263,test,3367.4434971186156,1.0,1.0,"(1, 2)",6122f332c9f0e8bb1209dc7d
56.0,40.0,6264,test,3367.4434971186156,1.0,1.0,"(1, 2)",6122f332c9f0e8bb1209dc7d
56.0,40.0,6265,test,3367.4434971186156,1.0,1.0,"(1, 2)",6122f332c9f0e8bb1209dc7d
56.0,40.0,6266,test,3367.4434971186156,1.0,1.0,"(1, 2)",6122f332c9f0e8bb1209dc7d
56.0,40.0,6267,test,3367.4434971186156,1.0,1.0,"(1, 2)",6122f332c9f0e8bb1209dc7d
56.0,40.0,6268,test,3367.4434971186156,1.0,1.0,"(1, 2)",6122f332c9f0e8bb1209dc7d
56.0,40.0,6269,test,3367.4434971186156,1.0,1.0,"(1, 2)",6122f332c9f0e8bb1209dc7d
56.0,40.0,6270,test,3367.4434971186156,1.0,1.0,"(1, 2)",6122f332c9f0e8bb1209dc7d
56.0,40.0,6271,test,3367.4434971186156,1.0,1.0,"(1, 2)",6122f332c9f0e8bb1209dc7d
56.0,40.0,6272,test,3367.4434971186156,1.0,1.0,"(1, 2)",6122f332c9f0e8bb1209dc7d
56.0,40.0,6273,test,3367.4434971186156,1.0,1.0,"(1, 2)",6122f332c9f0e8bb1209dc7d
56.0,40.0,6274,test,3367.4434971186156,1.0,1.0,"(1, 2)",6122f332c9f0e8bb1209dc7d
56.0,40.0,6275,test,3367.4434971186156,1.0,1.0,"(1, 2)",6122f332c9f0e8bb1209dc7d
56.0,40.0,6276,test,3367.4434971186156,1.0,1.0,"(1, 2)",6122f332c9f0e8bb1209dc7d
56.0,40.0,6277,test,3367.4434971186156,1.0,1.0,"(1, 2)",6122f332c9f0e8bb1209dc7d
56.0,40.0,6278,test,3367.4434971186156,1.0,1.0,"(1, 2)",6122f332c9f0e8bb1209dc7d
56.0,40.0,6279,test,3367.4434971186156,1.0,1.0,"(1, 2)",6122f332c9f0e8bb1209dc7d
56.0,40.0,6280,test,3367.4434971186156,1.0,1.0,"(1, 2)",6122f332c9f0e8bb1209dc7d
56.0,40.0,6281,test,3367.4434971186156,1.0,1.0,"(1, 2)",6122f332c9f0e8bb1209dc7d
56.0,40.0,6282,test,3367.4434971186156,1.0,1.0,"(1, 2)",6122f332c9f0e8bb1209dc7d
56.0,40.0,6283,test,3367.4434971186156,1.0,1.0,"(1, 2)",6122f332c9f0e8bb1209dc7d
56.0,40.0,6284,test,3367.4434971186156,1.0,1.0,"(1, 2)",6122f332c9f0e8bb1209dc7d
56.0,40.0,6285,test,3367.4434971186156,1.0,1.0,"(1, 2)",6122f332c9f0e8bb1209dc7d
56.0,40.0,6286,test,3367.4434971186156,1.0,1.0,"(1, 2)",6122f332c9f0e8bb1209dc7d
56.0,40.0,6287,test,3367.4434971186156,1.0,1.0,"(1, 2)",6122f332c9f0e8bb1209dc7d
56.0,40.0,6288,test,3367.4434971186156,1.0,1.0,"(1, 2)",6122f332c9f0e8bb1209dc7d
56.0,40.0,6289,test,3367.4434971186156,1.0,1.0,"(1, 2)",6122f332c9f0e8bb1209dc7d
56.0,40.0,6290,test,3367.4434971186156,1.0,1.0,"(1, 2)",6122f332c9f0e8bb1209dc7d
56.0,40.0,6291,test,3367.4434971186156,1.0,1.0,"(1, 2)",6122f332c9f0e8bb1209dc7d
56.0,40.0,6292,test,3367.4434971186156,1.0,1.0,"(1, 2)",6122f332c9f0e8bb1209dc7d
56.0,40.0,6293,test,3367.4434971186156,1.0,1.0,"(1, 2)",6122f332c9f0e8bb1209dc7d
56.0,40.0,6294,test,3367.4434971186156,1.0,1.0,"(1, 2)",6122f332c9f0e8bb1209dc7d
56.0,40.0,6295,test,3367.4434971186156,1.0,1.0,"(1, 2)",6122f332c9f0e8bb1209dc7d
56.0,40.0,6296,test,3367.4434971186156,1.0,1.0,"(1, 2)",6122f332c9f0e8bb1209dc7d
56.0,40.0,6297,test,3367.4434971186156,1.0,1.0,"(1, 2)",6122f332c9f0e8bb1209dc7d
56.0,40.0,6298,test,3367.4434971186156,1.0,1.0,"(1, 2)",6122f332c9f0e8bb1209dc7d
56.0,40.0,6299,test,3367.4434971186156,1.0,1.0,"(1, 2)",6122f332c9f0e8bb1209dc7d
56.0,40.0,6300,test,3367.4434971186156,1.0,1.0,"(1, 2)",6122f332c9f0e8bb1209dc7d
56.0,40.0,6301,test,3367.4434971186156,1.0,1.0,"(1, 2)",6122f332c9f0e8bb1209dc7d
56.0,40.0,6302,test,3367.4434971186156,1.0,1.0,"(1, 2)",6122f332c9f0e8bb1209dc7d
56.0,40.0,6303,test,3367.4434971186156,1.0,1.0,"(1, 2)",6122f332c9f0e8bb1209dc7d
56.0,40.0,6304,test,3367.4434971186156,1.0,1.0,"(1, 2)",6122f332c9f0e8bb1209dc7d
56.0,40.0,6305,test,3367.4434971186156,1.0,1.0,"(1, 2)",6122f332c9f0e8bb1209dc7d
56.0,40.0,6306,test,3367.4434971186156,1.0,1.0,"(1, 2)",6122f332c9f0e8bb1209dc7d
56.0,40.0,6307,test,3367.4434971186156,1.0,1.0,"(1, 2)",6122f332c9f0e8bb1209dc7d
56.0,40.0,6308,test,3367.4434971186156,1.0,1.0,"(1, 2)",6122f332c9f0e8bb1209dc7d
56.0,40.0,6309,test,3367.4434971186156,1.0,1.0,"(1, 2)",6122f332c9f0e8bb1209dc7d
56.0,40.0,6310,test,3367.4434971186156,1.0,1.0,"(1, 2)",6122f332c9f0e8bb1209dc7d
56.0,40.0,6311,test,3367.4434971186156,1.0,1.0,"(1, 2)",6122f332c9f0e8bb1209dc7d
56.0,40.0,6312,test,3367.4434971186156,1.0,1.0,"(1, 2)",6122f332c9f0e8bb1209dc7d
56.0,40.0,6313,test,3367.4434971186156,1.0,1.0,"(1, 2)",6122f332c9f0e8bb1209dc7d
56.0,40.0,6314,test,3367.4434971186156,1.0,1.0,"(1, 2)",6122f332c9f0e8bb1209dc7d
56.0,40.0,6315,test,3367.4434971186156,1.0,1.0,"(1, 2)",6122f332c9f0e8bb1209dc7d
56.0,40.0,6316,test,3367.4434971186156,1.0,1.0,"(1, 2)",6122f332c9f0e8bb1209dc7d
56.0,40.0,6317,test,3367.4434971186156,1.0,1.0,"(1, 2)",6122f332c9f0e8bb1209dc7d
56.0,40.0,6318,test,3367.4434971186156,1.0,1.0,"(1, 2)",6122f332c9f0e8bb1209dc7d
56.0,40.0,6319,test,3367.4434971186156,1.0,1.0,"(1, 2)",6122f332c9f0e8bb1209dc7d
56.0,40.0,6320,test,3367.4434971186156,1.0,1.0,"(1, 2)",6122f332c9f0e8bb1209dc7d
56.0,40.0,6321,test,3367.4434971186156,1.0,1.0,"(1, 2)",6122f332c9f0e8bb1209dc7d
56.0,40.0,6322,test,3367.4434971186156,1.0,1.0,"(1, 2)",6122f332c9f0e8bb1209dc7d
56.0,40.0,6323,test,3367.4434971186156,1.0,1.0,"(1, 2)",6122f332c9f0e8bb1209dc7d
56.0,40.0,6324,test,3367.4434971186156,1.0,1.0,"(1, 2)",6122f332c9f0e8bb1209dc7d
56.0,40.0,6325,test,3367.4434971186156,1.0,1.0,"(1, 2)",6122f332c9f0e8bb1209dc7d
56.0,40.0,6326,test,3367.4434971186156,1.0,1.0,"(1, 2)",6122f332c9f0e8bb1209dc7d
56.0,40.0,6327,test,3367.4434971186156,1.0,1.0,"(1, 2)",6122f332c9f0e8bb1209dc7d
56.0,40.0,6328,test,3367.4434971186156,1.0,1.0,"(1, 2)",6122f332c9f0e8bb1209dc7d
56.0,40.0,6329,test,3367.4434971186156,1.0,1.0,"(1, 2)",6122f332c9f0e8bb1209dc7d
56.0,40.0,6330,test,3367.4434971186156,1.0,1.0,"(1, 2)",6122f332c9f0e8bb1209dc7d
56.0,40.0,6331,test,3367.4434971186156,1.0,1.0,"(1, 2)",6122f332c9f0e8bb1209dc7d
56.0,40.0,6332,test,3367.4434971186156,1.0,1.0,"(1, 2)",6122f332c9f0e8bb1209dc7d
56.0,40.0,6333,test,3367.4434971186156,1.0,1.0,"(1, 2)",6122f332c9f0e8bb1209dc7d
56.0,40.0,6334,test,3367.4434971186156,1.0,1.0,"(1, 2)",6122f332c9f0e8bb1209dc7d
56.0,40.0,6335,test,3367.4434971186156,1.0,1.0,"(1, 2)",6122f332c9f0e8bb1209dc7d
56.0,40.0,6336,test,3367.4434971186156,1.0,1.0,"(1, 2)",6122f332c9f0e8bb1209dc7d
56.0,40.0,6337,test,3367.4434971186156,1.0,1.0,"(1, 2)",6122f332c9f0e8bb1209dc7d
56.0,40.0,6338,test,3367.4434971186156,1.0,1.0,"(1, 2)",6122f332c9f0e8bb1209dc7d
56.0,40.0,6339,test,3367.4434971186156,1.0,1.0,"(1, 2)",6122f332c9f0e8bb1209dc7d
57.250000000000284,40.0,6340,test,3368.693497118616,1.0,1.0,"(1, 2)",6122f332c9f0e8bb1209dc7d
58.50000000000057,40.0,6341,test,3369.9434971186165,1.0,1.0,"(1, 2)",6122f332c9f0e8bb1209dc7d
59.75000000000085,40.0,6342,test,3371.193497118617,1.0,1.0,"(1, 2)",6122f332c9f0e8bb1209dc7d
61.00000000000114,40.0,6343,test,3372.4434971186174,1.0,1.0,"(1, 2)",6122f332c9f0e8bb1209dc7d
62.25000000000142,40.0,6344,test,3373.693497118618,1.0,1.0,"(1, 2)",6122f332c9f0e8bb1209dc7d
63.500000000001705,40.0,6345,test,3374.9434971186183,1.0,1.0,"(1, 2)",6122f332c9f0e8bb1209dc7d
64.75000000000199,40.0,6346,test,3376.193497118619,1.0,1.0,"(1, 2)",6122f332c9f0e8bb1209dc7d
66.00000000000227,40.0,6347,test,3377.4434971186192,1.0,1.0,"(1, 2)",6122f332c9f0e8bb1209dc7d
67.25000000000256,40.0,6348,test,3378.6934971186197,1.0,1.0,"(1, 2)",6122f332c9f0e8bb1209dc7d
68.50000000000284,40.0,6349,test,3379.94349711862,1.0,1.0,"(1, 2)",6122f332c9f0e8bb1209dc7d
69.75000000000313,40.0,6350,test,3381.1934971186206,1.0,1.0,"(1, 2)",6122f332c9f0e8bb1209dc7d
71.00000000000341,40.0,6351,test,3382.443497118621,1.0,1.0,"(1, 2)",6122f332c9f0e8bb1209dc7d
72.2500000000037,40.0,6352,test,3383.6934971186215,1.0,1.0,"(1, 2)",6122f332c9f0e8bb1209dc7d
73.50000000000398,40.0,6353,test,3384.943497118622,1.0,1.0,"(1, 2)",6122f332c9f0e8bb1209dc7d
74.75000000000426,40.0,6354,test,3386.1934971186224,1.0,1.0,"(1, 2)",6122f332c9f0e8bb1209dc7d
76.00000000000455,40.0,6355,test,3387.443497118623,1.0,1.0,"(1, 2)",6122f332c9f0e8bb1209dc7d
77.25000000000483,40.0,6356,test,3388.6934971186233,1.0,1.0,"(1, 2)",6122f332c9f0e8bb1209dc7d
78.50000000000512,40.0,6357,test,3389.943497118624,1.0,1.0,"(1, 2)",6122f332c9f0e8bb1209dc7d
79.7500000000054,40.0,6358,test,3391.1934971186242,1.0,1.0,"(1, 2)",6122f332c9f0e8bb1209dc7d
81.00000000000568,40.0,6359,test,3392.4434971186247,1.0,1.0,"(1, 2)",6122f332c9f0e8bb1209dc7d
82.25000000000597,40.0,6360,test,3393.693497118625,1.0,1.0,"(1, 2)",6122f332c9f0e8bb1209dc7d
83.50000000000625,40.0,6361,test,3394.9434971186256,1.0,1.0,"(1, 2)",6122f332c9f0e8bb1209dc7d
84.75000000000654,40.0,6362,test,3396.193497118626,1.0,1.0,"(1, 2)",6122f332c9f0e8bb1209dc7d
86.00000000000682,40.0,6363,test,3397.4434971186265,1.0,1.0,"(1, 2)",6122f332c9f0e8bb1209dc7d
87.2500000000071,40.0,6364,test,3398.693497118627,1.0,1.0,"(1, 2)",6122f332c9f0e8bb1209dc7d
88.0,40.0,6365,test,3399.4434971186197,1.0,1.0,"(1, 2)",6122f332c9f0e8bb1209dc7d
88.0,40.0,6366,test,3399.4434971186197,1.0,1.0,"(1, 2)",6122f332c9f0e8bb1209dc7d
88.0,40.0,6367,test,3399.4434971186197,1.0,1.0,"(1, 2)",6122f332c9f0e8bb1209dc7d
88.0,40.0,6368,test,3399.4434971186197,1.0,1.0,"(1, 2)",6122f332c9f0e8bb1209dc7d
88.0,40.0,6369,test,3399.4434971186197,1.0,1.0,"(1, 2)",6122f332c9f0e8bb1209dc7d
88.0,40.0,6370,test,3399.4434971186197,1.0,1.0,"(1, 2)",6122f332c9f0e8bb1209dc7d
88.0,40.0,6371,test,3399.4434971186197,1.0,1.0,"(1, 2)",6122f332c9f0e8bb1209dc7d
88.0,40.0,6372,test,3399.4434971186197,1.0,1.0,"(1, 2)",6122f332c9f0e8bb1209dc7d
88.0,40.0,6373,test,3399.4434971186197,1.0,1.0,"(1, 2)",6122f332c9f0e8bb1209dc7d
88.0,40.0,6374,test,3399.4434971186197,1.0,1.0,"(1, 2)",6122f332c9f0e8bb1209dc7d
88.0,40.0,6375,test,3399.4434971186197,1.0,1.0,"(1, 2)",6122f332c9f0e8bb1209dc7d
88.0,40.0,6376,test,3399.4434971186197,1.0,1.0,"(1, 2)",6122f332c9f0e8bb1209dc7d
88.0,40.0,6377,test,3399.4434971186197,1.0,1.0,"(1, 2)",6122f332c9f0e8bb1209dc7d
88.0,40.0,6378,test,3399.4434971186197,1.0,1.0,"(1, 2)",6122f332c9f0e8bb1209dc7d
88.0,40.0,6379,test,3399.4434971186197,1.0,1.0,"(1, 2)",6122f332c9f0e8bb1209dc7d
88.0,40.0,6380,test,3399.4434971186197,1.0,1.0,"(1, 2)",6122f332c9f0e8bb1209dc7d
88.0,40.0,6381,test,3399.4434971186197,1.0,1.0,"(1, 2)",6122f332c9f0e8bb1209dc7d
88.0,40.0,6382,test,3399.4434971186197,1.0,1.0,"(1, 2)",6122f332c9f0e8bb1209dc7d
88.0,40.0,6383,test,3399.4434971186197,1.0,1.0,"(1, 2)",6122f332c9f0e8bb1209dc7d
88.0,40.0,6384,test,3399.4434971186197,1.0,1.0,"(1, 2)",6122f332c9f0e8bb1209dc7d
88.0,40.0,6385,test,3399.4434971186197,1.0,1.0,"(1, 2)",6122f332c9f0e8bb1209dc7d
88.0,40.0,6386,test,3399.4434971186197,1.0,1.0,"(1, 2)",6122f332c9f0e8bb1209dc7d
88.0,40.0,6387,test,3399.4434971186197,1.0,1.0,"(1, 2)",6122f332c9f0e8bb1209dc7d
88.0,40.0,6388,test,3399.4434971186197,1.0,1.0,"(1, 2)",6122f332c9f0e8bb1209dc7d
88.0,40.0,6389,test,3399.4434971186197,1.0,1.0,"(1, 2)",6122f332c9f0e8bb1209dc7d
88.0,40.0,6390,test,3399.4434971186197,1.0,1.0,"(1, 2)",6122f332c9f0e8bb1209dc7d
88.0,40.0,6391,test,3399.4434971186197,1.0,1.0,"(1, 2)",6122f332c9f0e8bb1209dc7d
88.0,40.0,6392,test,3399.4434971186197,1.0,1.0,"(1, 2)",6122f332c9f0e8bb1209dc7d
88.0,40.0,6393,test,3399.4434971186197,1.0,1.0,"(1, 2)",6122f332c9f0e8bb1209dc7d
88.0,40.0,6394,test,3399.4434971186197,1.0,1.0,"(1, 2)",6122f332c9f0e8bb1209dc7d
88.0,40.0,6395,test,3399.4434971186197,1.0,1.0,"(1, 2)",6122f332c9f0e8bb1209dc7d
88.0,40.0,6396,test,3399.4434971186197,1.0,1.0,"(1, 2)",6122f332c9f0e8bb1209dc7d
88.0,40.0,6397,test,3399.4434971186197,1.0,1.0,"(1, 2)",6122f332c9f0e8bb1209dc7d
88.0,40.0,6398,test,3399.4434971186197,1.0,1.0,"(1, 2)",6122f332c9f0e8bb1209dc7d
88.0,40.0,6399,test,3399.4434971186197,1.0,1.0,"(1, 2)",6122f332c9f0e8bb1209dc7d
88.0,40.0,6400,test,3399.4434971186197,1.0,1.0,"(1, 2)",6122f332c9f0e8bb1209dc7d
88.0,40.0,6401,test,3399.4434971186197,1.0,1.0,"(1, 2)",6122f332c9f0e8bb1209dc7d
88.0,40.0,6402,test,3399.4434971186197,1.0,1.0,"(1, 2)",6122f332c9f0e8bb1209dc7d
88.0,40.0,6403,test,3399.4434971186197,1.0,1.0,"(1, 2)",6122f332c9f0e8bb1209dc7d
88.0,40.0,6404,test,3399.4434971186197,1.0,1.0,"(1, 2)",6122f332c9f0e8bb1209dc7d
88.0,40.0,6405,test,3399.4434971186197,1.0,1.0,"(1, 2)",6122f332c9f0e8bb1209dc7d
88.0,40.0,6406,test,3399.4434971186197,1.0,1.0,"(1, 2)",6122f332c9f0e8bb1209dc7d
88.0,40.0,6407,test,3399.4434971186197,1.0,1.0,"(1, 2)",6122f332c9f0e8bb1209dc7d
88.0,40.0,6408,test,3399.4434971186197,1.0,1.0,"(1, 2)",6122f332c9f0e8bb1209dc7d
88.0,40.0,6409,test,3399.4434971186197,1.0,1.0,"(1, 2)",6122f332c9f0e8bb1209dc7d
88.0,40.0,6410,test,3399.4434971186197,1.0,1.0,"(1, 2)",6122f332c9f0e8bb1209dc7d
88.0,40.0,6411,test,3399.4434971186197,1.0,1.0,"(1, 2)",6122f332c9f0e8bb1209dc7d
88.0,40.0,6412,test,3399.4434971186197,1.0,1.0,"(1, 2)",6122f332c9f0e8bb1209dc7d
88.0,40.0,6413,test,3399.4434971186197,1.0,1.0,"(1, 2)",6122f332c9f0e8bb1209dc7d
88.0,40.0,6414,test,3399.4434971186197,1.0,1.0,"(1, 2)",6122f332c9f0e8bb1209dc7d
88.0,40.0,6415,test,3399.4434971186197,1.0,1.0,"(1, 2)",6122f332c9f0e8bb1209dc7d
88.0,40.0,6416,test,3399.4434971186197,1.0,1.0,"(1, 2)",6122f332c9f0e8bb1209dc7d
88.0,40.0,6417,test,3399.4434971186197,1.0,1.0,"(1, 2)",6122f332c9f0e8bb1209dc7d
88.0,40.0,6418,test,3399.4434971186197,1.0,1.0,"(1, 2)",6122f332c9f0e8bb1209dc7d
88.0,40.0,6419,test,3399.4434971186197,1.0,1.0,"(1, 2)",6122f332c9f0e8bb1209dc7d
88.0,40.0,6420,test,3399.4434971186197,1.0,1.0,"(1, 2)",6122f332c9f0e8bb1209dc7d
88.0,40.0,6421,test,3399.4434971186197,1.0,1.0,"(1, 2)",6122f332c9f0e8bb1209dc7d
88.0,40.0,6422,test,3399.4434971186197,1.0,1.0,"(1, 2)",6122f332c9f0e8bb1209dc7d
88.0,40.0,6423,test,3399.4434971186197,1.0,1.0,"(1, 2)",6122f332c9f0e8bb1209dc7d
88.0,40.0,6424,test,3399.4434971186197,1.0,1.0,"(1, 2)",6122f332c9f0e8bb1209dc7d
88.0,40.0,6425,test,3399.4434971186197,1.0,1.0,"(1, 2)",6122f332c9f0e8bb1209dc7d
88.0,40.0,6426,test,3399.4434971186197,1.0,1.0,"(1, 2)",6122f332c9f0e8bb1209dc7d
88.0,40.0,6427,test,3399.4434971186197,1.0,1.0,"(1, 2)",6122f332c9f0e8bb1209dc7d
88.0,40.0,6428,test,3399.4434971186197,1.0,1.0,"(1, 2)",6122f332c9f0e8bb1209dc7d
88.0,40.0,6429,test,3399.4434971186197,1.0,1.0,"(1, 2)",6122f332c9f0e8bb1209dc7d
88.0,40.0,6430,test,3399.4434971186197,1.0,1.0,"(1, 2)",6122f332c9f0e8bb1209dc7d
88.0,40.0,6431,test,3399.4434971186197,1.0,1.0,"(1, 2)",6122f332c9f0e8bb1209dc7d
88.0,40.0,6432,test,3399.4434971186197,1.0,1.0,"(1, 2)",6122f332c9f0e8bb1209dc7d
88.0,40.0,6433,test,3399.4434971186197,1.0,1.0,"(1, 2)",6122f332c9f0e8bb1209dc7d
88.0,40.0,6434,test,3399.4434971186197,1.0,1.0,"(1, 2)",6122f332c9f0e8bb1209dc7d
88.0,40.0,6435,test,3399.4434971186197,1.0,1.0,"(1, 2)",6122f332c9f0e8bb1209dc7d
88.0,40.0,6436,test,3399.4434971186197,1.0,1.0,"(1, 2)",6122f332c9f0e8bb1209dc7d
88.0,40.0,6437,test,3399.4434971186197,1.0,1.0,"(1, 2)",6122f332c9f0e8bb1209dc7d
88.0,40.0,6438,test,3399.4434971186197,1.0,1.0,"(1, 2)",6122f332c9f0e8bb1209dc7d
88.0,40.0,6439,test,3399.4434971186197,1.0,1.0,"(1, 2)",6122f332c9f0e8bb1209dc7d
88.0,40.0,6440,test,3399.4434971186197,1.0,1.0,"(1, 2)",6122f332c9f0e8bb1209dc7d
88.0,40.0,6441,test,3399.4434971186197,1.0,1.0,"(1, 2)",6122f332c9f0e8bb1209dc7d
88.0,40.0,6442,test,3399.4434971186197,1.0,1.0,"(1, 2)",6122f332c9f0e8bb1209dc7d
88.0,40.0,6443,test,3399.4434971186197,1.0,1.0,"(1, 2)",6122f332c9f0e8bb1209dc7d
88.0,40.0,6444,test,3399.4434971186197,1.0,1.0,"(1, 2)",6122f332c9f0e8bb1209dc7d
88.0,40.0,6445,test,3399.4434971186197,1.0,1.0,"(1, 2)",6122f332c9f0e8bb1209dc7d
88.0,40.0,6446,test,3399.4434971186197,1.0,1.0,"(1, 2)",6122f332c9f0e8bb1209dc7d
88.0,40.0,6447,test,3399.4434971186197,1.0,1.0,"(1, 2)",6122f332c9f0e8bb1209dc7d
88.0,40.0,6448,test,3399.4434971186197,1.0,1.0,"(1, 2)",6122f332c9f0e8bb1209dc7d
88.0,40.0,6449,test,3399.4434971186197,1.0,1.0,"(1, 2)",6122f332c9f0e8bb1209dc7d
88.0,40.0,6450,test,3399.4434971186197,1.0,1.0,"(1, 2)",6122f332c9f0e8bb1209dc7d
88.0,40.0,6451,test,3399.4434971186197,1.0,1.0,"(1, 2)",6122f332c9f0e8bb1209dc7d
88.0,40.0,6452,test,3399.4434971186197,1.0,1.0,"(1, 2)",6122f332c9f0e8bb1209dc7d
88.0,40.0,6453,test,3399.4434971186197,1.0,1.0,"(1, 2)",6122f332c9f0e8bb1209dc7d
88.0,40.0,6454,test,3399.4434971186197,1.0,1.0,"(1, 2)",6122f332c9f0e8bb1209dc7d
88.0,40.0,6455,test,3399.4434971186197,1.0,1.0,"(1, 2)",6122f332c9f0e8bb1209dc7d
88.0,40.0,6456,test,3399.4434971186197,1.0,1.0,"(1, 2)",6122f332c9f0e8bb1209dc7d
88.0,40.0,6457,test,3399.4434971186197,1.0,1.0,"(1, 2)",6122f332c9f0e8bb1209dc7d
88.0,40.0,6458,test,3399.4434971186197,1.0,1.0,"(1, 2)",6122f332c9f0e8bb1209dc7d
88.0,40.0,6459,test,3399.4434971186197,1.0,1.0,"(1, 2)",6122f332c9f0e8bb1209dc7d
88.0,40.0,6460,test,3399.4434971186197,1.0,1.0,"(1, 2)",6122f332c9f0e8bb1209dc7d
88.0,40.0,6461,test,3399.4434971186197,1.0,1.0,"(1, 2)",6122f332c9f0e8bb1209dc7d
88.0,40.0,6462,test,3399.4434971186197,1.0,1.0,"(1, 2)",6122f332c9f0e8bb1209dc7d
88.0,40.0,6463,test,3399.4434971186197,1.0,1.0,"(1, 2)",6122f332c9f0e8bb1209dc7d
88.0,40.0,6464,test,3399.4434971186197,1.0,1.0,"(1, 2)",6122f332c9f0e8bb1209dc7d
88.0,40.0,6465,test,3399.4434971186197,1.0,1.0,"(1, 2)",6122f332c9f0e8bb1209dc7d
88.0,40.0,6466,test,3399.4434971186197,1.0,1.0,"(1, 2)",6122f332c9f0e8bb1209dc7d
88.0,40.0,6467,test,3399.4434971186197,1.0,1.0,"(1, 2)",6122f332c9f0e8bb1209dc7d
88.0,40.0,6468,test,3399.4434971186197,1.0,1.0,"(1, 2)",6122f332c9f0e8bb1209dc7d
88.0,40.0,6469,test,3399.4434971186197,1.0,1.0,"(1, 2)",6122f332c9f0e8bb1209dc7d
88.0,40.0,6470,test,3399.4434971186197,1.0,1.0,"(1, 2)",6122f332c9f0e8bb1209dc7d
88.0,40.0,6471,test,3399.4434971186197,1.0,1.0,"(1, 2)",6122f332c9f0e8bb1209dc7d
88.0,40.0,6472,test,3399.4434971186197,1.0,1.0,"(1, 2)",6122f332c9f0e8bb1209dc7d
88.0,40.0,6473,test,3399.4434971186197,1.0,1.0,"(1, 2)",6122f332c9f0e8bb1209dc7d
88.0,40.0,6474,test,3399.4434971186197,1.0,1.0,"(1, 2)",6122f332c9f0e8bb1209dc7d
88.0,40.0,6475,test,3399.4434971186197,1.0,1.0,"(1, 2)",6122f332c9f0e8bb1209dc7d
88.0,40.0,6476,test,3399.4434971186197,1.0,1.0,"(1, 2)",6122f332c9f0e8bb1209dc7d
88.0,40.0,6477,test,3399.4434971186197,1.0,1.0,"(1, 2)",6122f332c9f0e8bb1209dc7d
88.0,40.0,6478,test,3399.4434971186197,1.0,1.0,"(1, 2)",6122f332c9f0e8bb1209dc7d
88.0,40.0,6479,test,3399.4434971186197,1.0,1.0,"(1, 2)",6122f332c9f0e8bb1209dc7d
88.0,40.0,6480,test,3399.4434971186197,1.0,1.0,"(1, 2)",6122f332c9f0e8bb1209dc7d
88.0,40.0,6481,test,3399.4434971186197,1.0,1.0,"(1, 2)",6122f332c9f0e8bb1209dc7d
86.74999999999972,40.0,6482,test,3400.69349711862,1.0,1.0,"(1, 2)",6122f332c9f0e8bb1209dc7d
85.49999999999943,40.0,6483,test,3401.9434971186206,1.0,1.0,"(1, 2)",6122f332c9f0e8bb1209dc7d
84.24999999999915,40.0,6484,test,3403.193497118621,1.0,1.0,"(1, 2)",6122f332c9f0e8bb1209dc7d
82.99999999999886,40.0,6485,test,3404.4434971186215,1.0,1.0,"(1, 2)",6122f332c9f0e8bb1209dc7d
81.74999999999858,40.0,6486,test,3405.693497118622,1.0,1.0,"(1, 2)",6122f332c9f0e8bb1209dc7d
80.4999999999983,40.0,6487,test,3406.9434971186224,1.0,1.0,"(1, 2)",6122f332c9f0e8bb1209dc7d
79.24999999999801,40.0,6488,test,3408.193497118623,1.0,1.0,"(1, 2)",6122f332c9f0e8bb1209dc7d
77.99999999999773,40.0,6489,test,3409.4434971186233,1.0,1.0,"(1, 2)",6122f332c9f0e8bb1209dc7d
76.74999999999744,40.0,6490,test,3410.693497118624,1.0,1.0,"(1, 2)",6122f332c9f0e8bb1209dc7d
75.49999999999716,40.0,6491,test,3411.9434971186242,1.0,1.0,"(1, 2)",6122f332c9f0e8bb1209dc7d
74.24999999999687,40.0,6492,test,3413.1934971186247,1.0,1.0,"(1, 2)",6122f332c9f0e8bb1209dc7d
72.99999999999659,40.0,6493,test,3414.443497118625,1.0,1.0,"(1, 2)",6122f332c9f0e8bb1209dc7d
71.87983173883686,40.31621556657754,6494,test,3415.607442657667,1.0,1.0,"(1, 2)",6122f332c9f0e8bb1209dc7d
70.9904754578381,41.19459214040404,6495,test,3416.8574426576665,1.0,1.0,"(1, 2)",6122f332c9f0e8bb1209dc7d
70.10111917683935,42.07296871423054,6496,test,3418.107442657666,1.0,1.0,"(1, 2)",6122f332c9f0e8bb1209dc7d
69.2117628958406,42.95134528805704,6497,test,3419.3574426576656,1.0,1.0,"(1, 2)",6122f332c9f0e8bb1209dc7d
68.32240661484184,43.82972186188354,6498,test,3420.607442657665,1.0,1.0,"(1, 2)",6122f332c9f0e8bb1209dc7d
67.43305033384308,44.70809843571004,6499,test,3421.8574426576647,1.0,1.0,"(1, 2)",6122f332c9f0e8bb1209dc7d
66.54369405284433,45.58647500953654,6500,test,3423.1074426576643,1.0,1.0,"(1, 2)",6122f332c9f0e8bb1209dc7d
65.65433777184558,46.46485158336304,6501,test,3424.357442657664,1.0,1.0,"(1, 2)",6122f332c9f0e8bb1209dc7d
64.76498149084682,47.34322815718954,6502,test,3425.6074426576633,1.0,1.0,"(1, 2)",6122f332c9f0e8bb1209dc7d
63.87562520984797,48.22160473101604,6503,test,3426.857442657663,1.0,1.0,"(1, 2)",6122f332c9f0e8bb1209dc7d
62.9862689288485,49.099981304842544,6504,test,3428.107442657663,1.0,1.0,"(1, 2)",6122f332c9f0e8bb1209dc7d
62.09691264784904,49.978357878669044,6505,test,3429.357442657663,1.0,1.0,"(1, 2)",6122f332c9f0e8bb1209dc7d
61.20755636684957,50.856734452495544,6506,test,3430.607442657663,1.0,1.0,"(1, 2)",6122f332c9f0e8bb1209dc7d
60.31820008585011,51.735111026322045,6507,test,3431.857442657663,1.0,1.0,"(1, 2)",6122f332c9f0e8bb1209dc7d
59.42884380485064,52.613487600148545,6508,test,3433.107442657663,1.0,1.0,"(1, 2)",6122f332c9f0e8bb1209dc7d
58.53948752385118,53.491864173975046,6509,test,3434.357442657663,1.0,1.0,"(1, 2)",6122f332c9f0e8bb1209dc7d
57.650131242851714,54.370240747801546,6510,test,3435.607442657663,1.0,1.0,"(1, 2)",6122f332c9f0e8bb1209dc7d
56.76077496185225,55.24861732162794,6511,test,3436.857442657663,1.0,1.0,"(1, 2)",6122f332c9f0e8bb1209dc7d
56.18626191223713,56.26074682117119,6512,test,3438.0212602413176,1.0,1.0,"(1, 2)",6122f332c9f0e8bb1209dc7d
56.17147016286084,57.510659299767305,6513,test,3439.2712602413176,1.0,1.0,"(1, 2)",6122f332c9f0e8bb1209dc7d
56.156678413484556,58.76057177836342,6514,test,3440.5212602413176,1.0,1.0,"(1, 2)",6122f332c9f0e8bb1209dc7d
56.14188666410827,60.010484256959536,6515,test,3441.7712602413176,1.0,1.0,"(1, 2)",6122f332c9f0e8bb1209dc7d
56.127094914731984,61.26039673555565,6516,test,3443.0212602413176,1.0,1.0,"(1, 2)",6122f332c9f0e8bb1209dc7d
56.1123031653557,62.51030921415177,6517,test,3444.2712602413176,1.0,1.0,"(1, 2)",6122f332c9f0e8bb1209dc7d
56.09751141597941,63.76022169274788,6518,test,3445.5212602413176,1.0,1.0,"(1, 2)",6122f332c9f0e8bb1209dc7d
56.082719666603126,65.010134171344,6519,test,3446.7712602413176,1.0,1.0,"(1, 2)",6122f332c9f0e8bb1209dc7d
56.06792791722684,66.26004664994012,6520,test,3448.0212602413176,1.0,1.0,"(1, 2)",6122f332c9f0e8bb1209dc7d
56.05313616785055,67.50995912853624,6521,test,3449.2712602413176,1.0,1.0,"(1, 2)",6122f332c9f0e8bb1209dc7d
56.03834441847422,68.75987160713235,6522,test,3450.5212602413176,1.0,1.0,"(1, 2)",6122f332c9f0e8bb1209dc7d
56.023552669097576,70.00978408572847,6523,test,3451.7712602413176,1.0,1.0,"(1, 2)",6122f332c9f0e8bb1209dc7d
56.008760919720935,71.25969656432459,6524,test,3453.0212602413176,1.0,1.0,"(1, 2)",6122f332c9f0e8bb1209dc7d
56.002155159526986,72.50965804813232,6525,test,3454.2712391799682,1.0,1.0,"(1, 2)",6122f332c9f0e8bb1209dc7d
56.00198124797658,73.7596580360349,6526,test,3455.5212391799687,1.0,1.0,"(1, 2)",6122f332c9f0e8bb1209dc7d
56.001807336426175,75.00965802393749,6527,test,3456.771239179969,1.0,1.0,"(1, 2)",6122f332c9f0e8bb1209dc7d
56.00163342487577,76.25965801184007,6528,test,3458.0212391799696,1.0,1.0,"(1, 2)",6122f332c9f0e8bb1209dc7d
56.001459513325365,77.50965799974266,6529,test,3459.27123917997,1.0,1.0,"(1, 2)",6122f332c9f0e8bb1209dc7d
56.00128560177496,78.75965798764524,6530,test,3460.5212391799705,1.0,1.0,"(1, 2)",6122f332c9f0e8bb1209dc7d
56.001111690224555,80.00965797554782,6531,test,3461.771239179971,1.0,1.0,"(1, 2)",6122f332c9f0e8bb1209dc7d
56.00093777867423,81.25965796345041,6532,test,3463.0212391799714,1.0,1.0,"(1, 2)",6122f332c9f0e8bb1209dc7d
56.00076386712418,82.50965795135299,6533,test,3464.271239179972,1.0,1.0,"(1, 2)",6122f332c9f0e8bb1209dc7d
56.00058995557413,83.75965793925558,6534,test,3465.5212391799723,1.0,1.0,"(1, 2)",6122f332c9f0e8bb1209dc7d
56.00041604402408,85.00965792715816,6535,test,3466.771239179973,1.0,1.0,"(1, 2)",6122f332c9f0e8bb1209dc7d
56.00024213247403,86.25965791506074,6536,test,3468.0212391799732,1.0,1.0,"(1, 2)",6122f332c9f0e8bb1209dc7d
56.00006822092398,87.50965790296333,6537,test,3469.2712391799737,1.0,1.0,"(1, 2)",6122f332c9f0e8bb1209dc7d
56.0,88.0,6538,test,3469.761581281756,1.0,1.0,"(1, 2)",6122f332c9f0e8bb1209dc7d
56.0,88.0,6539,test,3469.761581281756,1.0,1.0,"(1, 2)",6122f332c9f0e8bb1209dc7d
56.0,88.0,6540,test,3469.761581281756,1.0,1.0,"(1, 2)",6122f332c9f0e8bb1209dc7d
56.0,88.0,6541,test,3469.761581281756,1.0,1.0,"(1, 2)",6122f332c9f0e8bb1209dc7d
56.0,88.0,6542,test,3469.761581281756,1.0,1.0,"(1, 2)",6122f332c9f0e8bb1209dc7d
56.0,88.0,6543,test,3469.761581281756,1.0,1.0,"(1, 2)",6122f332c9f0e8bb1209dc7d
56.0,88.0,6544,test,3469.761581281756,1.0,1.0,"(1, 2)",6122f332c9f0e8bb1209dc7d
56.0,88.0,6545,test,3469.761581281756,1.0,1.0,"(1, 2)",6122f332c9f0e8bb1209dc7d
56.0,88.0,6546,test,3469.761581281756,1.0,1.0,"(1, 2)",6122f332c9f0e8bb1209dc7d
56.0,88.0,6547,test,3469.761581281756,1.0,1.0,"(1, 2)",6122f332c9f0e8bb1209dc7d
56.0,88.0,6548,test,3469.761581281756,1.0,1.0,"(1, 2)",6122f332c9f0e8bb1209dc7d
56.0,88.0,6549,test,3469.761581281756,1.0,1.0,"(1, 2)",6122f332c9f0e8bb1209dc7d
56.0,88.0,6550,test,3469.761581281756,1.0,1.0,"(1, 2)",6122f332c9f0e8bb1209dc7d
56.0,88.0,6551,test,3469.761581281756,1.0,1.0,"(1, 2)",6122f332c9f0e8bb1209dc7d
56.0,88.0,6552,test,3469.761581281756,1.0,1.0,"(1, 2)",6122f332c9f0e8bb1209dc7d
56.0,88.0,6553,test,3469.761581281756,1.0,1.0,"(1, 2)",6122f332c9f0e8bb1209dc7d
56.0,88.0,6554,test,3469.761581281756,1.0,1.0,"(1, 2)",6122f332c9f0e8bb1209dc7d
56.0,88.0,6555,test,3469.761581281756,1.0,1.0,"(1, 2)",6122f332c9f0e8bb1209dc7d
56.0,88.0,6556,test,3469.761581281756,1.0,1.0,"(1, 2)",6122f332c9f0e8bb1209dc7d
56.0,88.0,6557,test,3469.761581281756,1.0,1.0,"(1, 2)",6122f332c9f0e8bb1209dc7d
56.0,88.0,6558,test,3469.761581281756,1.0,1.0,"(1, 2)",6122f332c9f0e8bb1209dc7d
56.0,88.0,6559,test,3469.761581281756,1.0,1.0,"(1, 2)",6122f332c9f0e8bb1209dc7d
56.0,88.0,6560,test,3469.761581281756,1.0,1.0,"(1, 2)",6122f332c9f0e8bb1209dc7d
56.0,88.0,6561,test,3469.761581281756,1.0,1.0,"(1, 2)",6122f332c9f0e8bb1209dc7d
56.0,88.0,6562,test,3469.761581281756,1.0,1.0,"(1, 2)",6122f332c9f0e8bb1209dc7d
56.0,88.0,6563,test,3469.761581281756,1.0,1.0,"(1, 2)",6122f332c9f0e8bb1209dc7d
56.0,88.0,6564,test,3469.761581281756,1.0,1.0,"(1, 2)",6122f332c9f0e8bb1209dc7d
56.0,88.0,6565,test,3469.761581281756,1.0,1.0,"(1, 2)",6122f332c9f0e8bb1209dc7d
56.0,88.0,6566,test,3469.761581281756,1.0,1.0,"(1, 2)",6122f332c9f0e8bb1209dc7d
56.0,88.0,6567,test,3469.761581281756,1.0,1.0,"(1, 2)",6122f332c9f0e8bb1209dc7d
56.0,88.0,6568,test,3469.761581281756,1.0,1.0,"(1, 2)",6122f332c9f0e8bb1209dc7d
56.0,88.0,6569,test,3469.761581281756,1.0,1.0,"(1, 2)",6122f332c9f0e8bb1209dc7d
56.0,88.0,6570,test,3469.761581281756,1.0,1.0,"(1, 2)",6122f332c9f0e8bb1209dc7d
56.0,88.0,6571,test,3469.761581281756,1.0,1.0,"(1, 2)",6122f332c9f0e8bb1209dc7d
56.0,88.0,6572,test,3469.761581281756,1.0,1.0,"(1, 2)",6122f332c9f0e8bb1209dc7d
56.0,88.0,6573,test,3469.761581281756,1.0,1.0,"(1, 2)",6122f332c9f0e8bb1209dc7d
56.0,88.0,6574,test,3469.761581281756,1.0,1.0,"(1, 2)",6122f332c9f0e8bb1209dc7d
56.0,88.0,6575,test,3469.761581281756,1.0,1.0,"(1, 2)",6122f332c9f0e8bb1209dc7d
56.0,88.0,6576,test,3469.761581281756,1.0,1.0,"(1, 2)",6122f332c9f0e8bb1209dc7d
56.0,88.0,6577,test,3469.761581281756,1.0,1.0,"(1, 2)",6122f332c9f0e8bb1209dc7d
56.0,88.0,6578,test,3469.761581281756,1.0,1.0,"(1, 2)",6122f332c9f0e8bb1209dc7d
56.0,88.0,6579,test,3469.761581281756,1.0,1.0,"(1, 2)",6122f332c9f0e8bb1209dc7d
56.0,89.25000000000028,6580,test,3471.0115812817567,1.0,1.0,"(1, 2)",6122f332c9f0e8bb1209dc7d
56.0,90.50000000000057,6581,test,3472.261581281757,1.0,1.0,"(1, 2)",6122f332c9f0e8bb1209dc7d
56.0,91.75000000000085,6582,test,3473.5115812817576,1.0,1.0,"(1, 2)",6122f332c9f0e8bb1209dc7d
56.0,93.00000000000114,6583,test,3474.761581281758,1.0,1.0,"(1, 2)",6122f332c9f0e8bb1209dc7d
56.0,94.25000000000142,6584,test,3476.0115812817585,1.0,1.0,"(1, 2)",6122f332c9f0e8bb1209dc7d
56.0,95.5000000000017,6585,test,3477.261581281759,1.0,1.0,"(1, 2)",6122f332c9f0e8bb1209dc7d
56.0,96.75000000000199,6586,test,3478.5115812817594,1.0,1.0,"(1, 2)",6122f332c9f0e8bb1209dc7d
56.0,98.00000000000227,6587,test,3479.76158128176,1.0,1.0,"(1, 2)",6122f332c9f0e8bb1209dc7d
56.0,99.25000000000256,6588,test,3481.0115812817603,1.0,1.0,"(1, 2)",6122f332c9f0e8bb1209dc7d
56.0,100.50000000000284,6589,test,3482.2615812817608,1.0,1.0,"(1, 2)",6122f332c9f0e8bb1209dc7d
56.0,101.75000000000313,6590,test,3483.511581281761,1.0,1.0,"(1, 2)",6122f332c9f0e8bb1209dc7d
56.0,103.00000000000341,6591,test,3484.7615812817617,1.0,1.0,"(1, 2)",6122f332c9f0e8bb1209dc7d
56.0,104.2500000000037,6592,test,3486.011581281762,1.0,1.0,"(1, 2)",6122f332c9f0e8bb1209dc7d
56.0,105.50000000000398,6593,test,3487.2615812817626,1.0,1.0,"(1, 2)",6122f332c9f0e8bb1209dc7d
56.0,106.75000000000426,6594,test,3488.511581281763,1.0,1.0,"(1, 2)",6122f332c9f0e8bb1209dc7d
56.0,108.00000000000455,6595,test,3489.7615812817635,1.0,1.0,"(1, 2)",6122f332c9f0e8bb1209dc7d
56.0,109.25000000000483,6596,test,3491.011581281764,1.0,1.0,"(1, 2)",6122f332c9f0e8bb1209dc7d
56.0,110.50000000000512,6597,test,3492.2615812817644,1.0,1.0,"(1, 2)",6122f332c9f0e8bb1209dc7d
56.0,111.7500000000054,6598,test,3493.511581281765,1.0,1.0,"(1, 2)",6122f332c9f0e8bb1209dc7d
56.0,113.00000000000568,6599,test,3494.7615812817653,1.0,1.0,"(1, 2)",6122f332c9f0e8bb1209dc7d
56.0,114.25000000000597,6600,test,3496.0115812817658,1.0,1.0,"(1, 2)",6122f332c9f0e8bb1209dc7d
56.0,115.50000000000625,6601,test,3497.261581281766,1.0,1.0,"(1, 2)",6122f332c9f0e8bb1209dc7d
56.0,116.75000000000654,6602,test,3498.5115812817667,1.0,1.0,"(1, 2)",6122f332c9f0e8bb1209dc7d
56.0,118.00000000000682,6603,test,3499.761581281767,1.0,1.0,"(1, 2)",6122f332c9f0e8bb1209dc7d
56.0,119.2500000000071,6604,test,3501.0115812817676,1.0,1.0,"(1, 2)",6122f332c9f0e8bb1209dc7d
55.50810911865716,120.29803951736653,6605,test,3502.1693133185945,1.0,1.0,"(1, 2)",6122f332c9f0e8bb1209dc7d
54.62973254483066,121.18739579836529,6606,test,3503.419313318594,1.0,1.0,"(1, 2)",6122f332c9f0e8bb1209dc7d
53.75135597100416,122.07675207936404,6607,test,3504.6693133185936,1.0,1.0,"(1, 2)",6122f332c9f0e8bb1209dc7d
52.87297939717766,122.9661083603628,6608,test,3505.919313318593,1.0,1.0,"(1, 2)",6122f332c9f0e8bb1209dc7d
51.99460282335116,123.85546464136155,6609,test,3507.1693133185927,1.0,1.0,"(1, 2)",6122f332c9f0e8bb1209dc7d
51.11622624952466,124.7448209223603,6610,test,3508.4193133185922,1.0,1.0,"(1, 2)",6122f332c9f0e8bb1209dc7d
50.23784967569816,125.63417720335906,6611,test,3509.669313318592,1.0,1.0,"(1, 2)",6122f332c9f0e8bb1209dc7d
49.35947310187166,126.52353348435781,6612,test,3510.9193133185913,1.0,1.0,"(1, 2)",6122f332c9f0e8bb1209dc7d
48.48109652804516,127.41288976535657,6613,test,3512.169313318591,1.0,1.0,"(1, 2)",6122f332c9f0e8bb1209dc7d
47.60271995421866,128.30224604635532,6614,test,3513.4193133185904,1.0,1.0,"(1, 2)",6122f332c9f0e8bb1209dc7d
46.724343380392156,129.19160232735408,6615,test,3514.66931331859,1.0,1.0,"(1, 2)",6122f332c9f0e8bb1209dc7d
45.845966806565656,130.08095860835283,6616,test,3515.9193133185895,1.0,1.0,"(1, 2)",6122f332c9f0e8bb1209dc7d
44.967590232739155,130.97031488935158,6617,test,3517.169313318589,1.0,1.0,"(1, 2)",6122f332c9f0e8bb1209dc7d
44.089213658912655,131.85967117035034,6618,test,3518.4193133185886,1.0,1.0,"(1, 2)",6122f332c9f0e8bb1209dc7d
43.210837085086155,132.7490274513491,6619,test,3519.669313318588,1.0,1.0,"(1, 2)",6122f332c9f0e8bb1209dc7d
42.3324605112597,133.63838373234785,6620,test,3520.9193133185877,1.0,1.0,"(1, 2)",6122f332c9f0e8bb1209dc7d
41.45408393743391,134.5277400133466,6621,test,3522.169313318587,1.0,1.0,"(1, 2)",6122f332c9f0e8bb1209dc7d
40.57570736360812,135.4170962943456,6622,test,3523.4193133185863,1.0,1.0,"(1, 2)",6122f332c9f0e8bb1209dc7d
39.68839162302784,135.31936371188277,6623,test,3524.3119951662547,1.0,1.0,"(1, 2)",6122f332c9f0e8bb1209dc7d
38.79405225142618,134.4460613081274,6624,test,3525.5619951662557,1.0,1.0,"(1, 2)",6122f332c9f0e8bb1209dc7d
37.89971287982452,133.57275890437205,6625,test,3526.8119951662566,1.0,1.0,"(1, 2)",6122f332c9f0e8bb1209dc7d
37.005373508222426,132.6994565006167,6626,test,3528.0619951662575,1.0,1.0,"(1, 2)",6122f332c9f0e8bb1209dc7d
36.111034136620056,131.82615409686142,6627,test,3529.311995166259,1.0,1.0,"(1, 2)",6122f332c9f0e8bb1209dc7d
35.216694765017685,130.95285169310716,6628,test,3530.5619951662593,1.0,1.0,"(1, 2)",6122f332c9f0e8bb1209dc7d
34.322355393415314,130.07954928935294,6629,test,3531.8119951662597,1.0,1.0,"(1, 2)",6122f332c9f0e8bb1209dc7d
33.428016021812944,129.20624688559872,6630,test,3533.06199516626,1.0,1.0,"(1, 2)",6122f332c9f0e8bb1209dc7d
32.53367665021057,128.3329444818445,6631,test,3534.3119951662607,1.0,1.0,"(1, 2)",6122f332c9f0e8bb1209dc7d
31.639337278608348,127.45964207809044,6632,test,3535.5619951662607,1.0,1.0,"(1, 2)",6122f332c9f0e8bb1209dc7d
30.744997907006333,126.5863396743365,6633,test,3536.8119951662607,1.0,1.0,"(1, 2)",6122f332c9f0e8bb1209dc7d
29.850658535404317,125.71303727058256,6634,test,3538.0619951662607,1.0,1.0,"(1, 2)",6122f332c9f0e8bb1209dc7d
28.956319163802302,124.83973486682862,6635,test,3539.3119951662607,1.0,1.0,"(1, 2)",6122f332c9f0e8bb1209dc7d
28.061979792200287,123.96643246307468,6636,test,3540.5619951662607,1.0,1.0,"(1, 2)",6122f332c9f0e8bb1209dc7d
27.16764042059827,123.09313005932074,6637,test,3541.8119951662607,1.0,1.0,"(1, 2)",6122f332c9f0e8bb1209dc7d
26.273301048996256,122.2198276555668,6638,test,3543.0619951662607,1.0,1.0,"(1, 2)",6122f332c9f0e8bb1209dc7d
25.37896167739424,121.34652525181286,6639,test,3544.3119951662607,1.0,1.0,"(1, 2)",6122f332c9f0e8bb1209dc7d
24.48462230579194,120.47322284805892,6640,test,3545.5619951662607,1.0,1.0,"(1, 2)",6122f332c9f0e8bb1209dc7d
24.18801883560306,119.3438298868661,6641,test,3546.7296860839783,1.0,1.0,"(1, 2)",6122f332c9f0e8bb1209dc7d
24.172702848432266,118.09392372217263,6642,test,3547.9796860839792,1.0,1.0,"(1, 2)",6122f332c9f0e8bb1209dc7d
24.15738686126147,116.84401755747916,6643,test,3549.22968608398,1.0,1.0,"(1, 2)",6122f332c9f0e8bb1209dc7d
24.142070874090678,115.59411139278569,6644,test,3550.479686083981,1.0,1.0,"(1, 2)",6122f332c9f0e8bb1209dc7d
24.126754886919883,114.34420522809222,6645,test,3551.729686083982,1.0,1.0,"(1, 2)",6122f332c9f0e8bb1209dc7d
24.11143889974909,113.09429906339875,6646,test,3552.979686083983,1.0,1.0,"(1, 2)",6122f332c9f0e8bb1209dc7d
24.096122912578295,111.84439289870528,6647,test,3554.229686083984,1.0,1.0,"(1, 2)",6122f332c9f0e8bb1209dc7d
24.0808069254075,110.59448673401181,6648,test,3555.4796860839847,1.0,1.0,"(1, 2)",6122f332c9f0e8bb1209dc7d
24.065490938236707,109.34458056931834,6649,test,3556.7296860839856,1.0,1.0,"(1, 2)",6122f332c9f0e8bb1209dc7d
24.050174951065912,108.09467440462487,6650,test,3557.9796860839865,1.0,1.0,"(1, 2)",6122f332c9f0e8bb1209dc7d
24.03485896389501,106.8447682399314,6651,test,3559.2296860839874,1.0,1.0,"(1, 2)",6122f332c9f0e8bb1209dc7d
24.019542976724033,105.59486207523793,6652,test,3560.4796860839883,1.0,1.0,"(1, 2)",6122f332c9f0e8bb1209dc7d
24.00422698955305,104.34495591054446,6653,test,3561.7296860839892,1.0,1.0,"(1, 2)",6122f332c9f0e8bb1209dc7d
24.002226799805054,103.09496718275005,6654,test,3562.9796764121006,1.0,1.0,"(1, 2)",6122f332c9f0e8bb1209dc7d
24.002042400614737,101.84496719635098,6655,test,3564.229676412101,1.0,1.0,"(1, 2)",6122f332c9f0e8bb1209dc7d
24.00185800142442,100.5949672099519,6656,test,3565.4796764121015,1.0,1.0,"(1, 2)",6122f332c9f0e8bb1209dc7d
24.001673602234103,99.34496722355283,6657,test,3566.729676412102,1.0,1.0,"(1, 2)",6122f332c9f0e8bb1209dc7d
24.001489203043786,98.09496723715375,6658,test,3567.9796764121024,1.0,1.0,"(1, 2)",6122f332c9f0e8bb1209dc7d
24.00130480385347,96.84496725075468,6659,test,3569.229676412103,1.0,1.0,"(1, 2)",6122f332c9f0e8bb1209dc7d
24.00112040466315,95.5949672643556,6660,test,3570.4796764121033,1.0,1.0,"(1, 2)",6122f332c9f0e8bb1209dc7d
24.000936005472834,94.34496727795653,6661,test,3571.729676412104,1.0,1.0,"(1, 2)",6122f332c9f0e8bb1209dc7d
24.000751606282517,93.09496729155745,6662,test,3572.9796764121043,1.0,1.0,"(1, 2)",6122f332c9f0e8bb1209dc7d
24.0005672070922,91.84496730515838,6663,test,3574.2296764121047,1.0,1.0,"(1, 2)",6122f332c9f0e8bb1209dc7d
24.000382807901882,90.5949673187593,6664,test,3575.479676412105,1.0,1.0,"(1, 2)",6122f332c9f0e8bb1209dc7d
24.00019840871164,89.34496733236023,6665,test,3576.7296764121056,1.0,1.0,"(1, 2)",6122f332c9f0e8bb1209dc7d
24.00002858386167,88.09496734487328,6666,test,3577.979676411129,1.0,1.0,"(1, 2)",6122f332c9f0e8bb1209dc7d
24.000026363923716,86.84496734487584,6667,test,3579.2296764111284,1.0,1.0,"(1, 2)",6122f332c9f0e8bb1209dc7d
24.000024143985883,85.5949673448784,6668,test,3580.479676411128,1.0,1.0,"(1, 2)",6122f332c9f0e8bb1209dc7d
24.00002192404805,84.34496734488096,6669,test,3581.7296764111275,1.0,1.0,"(1, 2)",6122f332c9f0e8bb1209dc7d
24.000019704110215,83.09496734488351,6670,test,3582.979676411127,1.0,1.0,"(1, 2)",6122f332c9f0e8bb1209dc7d
24.000017484172382,81.84496734488607,6671,test,3584.2296764111265,1.0,1.0,"(1, 2)",6122f332c9f0e8bb1209dc7d
24.00001526423455,80.59496734488863,6672,test,3585.479676411126,1.0,1.0,"(1, 2)",6122f332c9f0e8bb1209dc7d
24.000013044296715,79.34496734489119,6673,test,3586.7296764111256,1.0,1.0,"(1, 2)",6122f332c9f0e8bb1209dc7d
24.00001082435888,78.09496734489375,6674,test,3587.979676411125,1.0,1.0,"(1, 2)",6122f332c9f0e8bb1209dc7d
24.000008604421048,76.8449673448963,6675,test,3589.2296764111247,1.0,1.0,"(1, 2)",6122f332c9f0e8bb1209dc7d
24.000006384483214,75.59496734489886,6676,test,3590.4796764111243,1.0,1.0,"(1, 2)",6122f332c9f0e8bb1209dc7d
24.00000416454538,74.34496734490142,6677,test,3591.729676411124,1.0,1.0,"(1, 2)",6122f332c9f0e8bb1209dc7d
24.000001944607547,73.09496734490398,6678,test,3592.9796764111234,1.0,1.0,"(1, 2)",6122f332c9f0e8bb1209dc7d
24.000000338769226,71.84496734490574,6679,test,3594.2296764111225,1.0,1.0,"(1, 2)",6122f332c9f0e8bb1209dc7d
24.000000312043937,70.59496734490546,6680,test,3595.479676411123,1.0,1.0,"(1, 2)",6122f332c9f0e8bb1209dc7d
24.00000028531865,69.34496734490517,6681,test,3596.7296764111234,1.0,1.0,"(1, 2)",6122f332c9f0e8bb1209dc7d
24.00000025859336,68.09496734490489,6682,test,3597.979676411124,1.0,1.0,"(1, 2)",6122f332c9f0e8bb1209dc7d
24.00000023186807,66.8449673449046,6683,test,3599.2296764111243,1.0,1.0,"(1, 2)",6122f332c9f0e8bb1209dc7d
24.000000205142783,65.59496734490432,6684,test,3600.4796764111247,1.0,1.0,"(1, 2)",6122f332c9f0e8bb1209dc7d
24.000000178417494,64.34496734490403,6685,test,3601.729676411125,1.0,1.0,"(1, 2)",6122f332c9f0e8bb1209dc7d
24.000000151692205,63.09496734490375,6686,test,3602.9796764111256,1.0,1.0,"(1, 2)",6122f332c9f0e8bb1209dc7d
24.000000124966917,61.844967344903466,6687,test,3604.229676411126,1.0,1.0,"(1, 2)",6122f332c9f0e8bb1209dc7d
24.000000098241628,60.59496734490318,6688,test,3605.4796764111265,1.0,1.0,"(1, 2)",6122f332c9f0e8bb1209dc7d
24.00000007151634,59.3449673449029,6689,test,3606.729676411127,1.0,1.0,"(1, 2)",6122f332c9f0e8bb1209dc7d
24.00000004479105,58.094967344902614,6690,test,3607.9796764111275,1.0,1.0,"(1, 2)",6122f332c9f0e8bb1209dc7d
24.000000018065716,56.84496734490233,6691,test,3609.229676411128,1.0,1.0,"(1, 2)",6122f332c9f0e8bb1209dc7d
24.000000004013973,55.594967344902045,6692,test,3610.4796764111284,1.0,1.0,"(1, 2)",6122f332c9f0e8bb1209dc7d
24.000000003692097,54.34496734490176,6693,test,3611.729676411129,1.0,1.0,"(1, 2)",6122f332c9f0e8bb1209dc7d
24.00000000337022,53.09496734490148,6694,test,3612.9796764111293,1.0,1.0,"(1, 2)",6122f332c9f0e8bb1209dc7d
24.000000003048402,51.84496734490119,6695,test,3614.2296764111297,1.0,1.0,"(1, 2)",6122f332c9f0e8bb1209dc7d
24.000000002726704,50.59496734490091,6696,test,3615.47967641113,1.0,1.0,"(1, 2)",6122f332c9f0e8bb1209dc7d
24.000000002405006,49.344967344900624,6697,test,3616.7296764111306,1.0,1.0,"(1, 2)",6122f332c9f0e8bb1209dc7d
24.000000002083308,48.09496734490034,6698,test,3617.979676411131,1.0,1.0,"(1, 2)",6122f332c9f0e8bb1209dc7d
24.00000000176161,46.844967344900056,6699,test,3619.2296764111315,1.0,1.0,"(1, 2)",6122f332c9f0e8bb1209dc7d
24.00000000143991,45.59496734489977,6700,test,3620.479676411132,1.0,1.0,"(1, 2)",6122f332c9f0e8bb1209dc7d
24.000000001118213,44.34496734489949,6701,test,3621.7296764111325,1.0,1.0,"(1, 2)",6122f332c9f0e8bb1209dc7d
24.000000000796515,43.0949673448992,6702,test,3622.979676411133,1.0,1.0,"(1, 2)",6122f332c9f0e8bb1209dc7d
24.000000000474817,41.84496734489892,6703,test,3624.2296764111334,1.0,1.0,"(1, 2)",6122f332c9f0e8bb1209dc7d
24.00000000015312,40.594967344898635,6704,test,3625.479676411134,1.0,1.0,"(1, 2)",6122f332c9f0e8bb1209dc7d
24.0,40.0,6705,test,3626.0746437560324,1.0,1.0,"(1, 2)",6122f332c9f0e8bb1209dc7d
24.0,40.0,6706,test,3626.0746437560324,1.0,1.0,"(1, 2)",6122f332c9f0e8bb1209dc7d
24.0,40.0,6707,test,3626.0746437560324,1.0,1.0,"(1, 2)",6122f332c9f0e8bb1209dc7d
24.0,40.0,6708,test,3626.0746437560324,1.0,1.0,"(1, 2)",6122f332c9f0e8bb1209dc7d
24.0,40.0,6709,test,3626.0746437560324,1.0,1.0,"(1, 2)",6122f332c9f0e8bb1209dc7d
24.0,40.0,6710,test,3626.0746437560324,1.0,1.0,"(1, 2)",6122f332c9f0e8bb1209dc7d
24.0,40.0,6711,test,3626.0746437560324,1.0,1.0,"(1, 2)",6122f332c9f0e8bb1209dc7d
24.0,40.0,6712,test,3626.0746437560324,1.0,1.0,"(1, 2)",6122f332c9f0e8bb1209dc7d
24.0,40.0,6713,test,3626.0746437560324,1.0,1.0,"(1, 2)",6122f332c9f0e8bb1209dc7d
24.0,40.0,6714,test,3626.0746437560324,1.0,1.0,"(1, 2)",6122f332c9f0e8bb1209dc7d
24.0,40.0,6715,test,3626.0746437560324,1.0,1.0,"(1, 2)",6122f332c9f0e8bb1209dc7d
24.0,40.0,6716,test,3626.0746437560324,1.0,1.0,"(1, 2)",6122f332c9f0e8bb1209dc7d
24.0,40.0,6717,test,3626.0746437560324,1.0,1.0,"(1, 2)",6122f332c9f0e8bb1209dc7d
24.0,40.0,6718,test,3626.0746437560324,1.0,1.0,"(1, 2)",6122f332c9f0e8bb1209dc7d
24.0,40.0,6719,test,3626.0746437560324,1.0,1.0,"(1, 2)",6122f332c9f0e8bb1209dc7d
24.0,40.0,6720,test,3626.0746437560324,1.0,1.0,"(1, 2)",6122f332c9f0e8bb1209dc7d
24.0,40.0,6721,test,3626.0746437560324,1.0,1.0,"(1, 2)",6122f332c9f0e8bb1209dc7d
24.0,40.0,6722,test,3626.0746437560324,1.0,1.0,"(1, 2)",6122f332c9f0e8bb1209dc7d
24.0,40.0,6723,test,3626.0746437560324,1.0,1.0,"(1, 2)",6122f332c9f0e8bb1209dc7d
24.0,40.0,6724,test,3626.0746437560324,1.0,1.0,"(1, 2)",6122f332c9f0e8bb1209dc7d
24.0,40.0,6725,test,3626.0746437560324,1.0,1.0,"(1, 2)",6122f332c9f0e8bb1209dc7d
24.0,40.0,6726,test,3626.0746437560324,1.0,1.0,"(1, 2)",6122f332c9f0e8bb1209dc7d
24.0,40.0,6727,test,3626.0746437560324,1.0,1.0,"(1, 2)",6122f332c9f0e8bb1209dc7d
24.0,40.0,6728,test,3626.0746437560324,1.0,1.0,"(1, 2)",6122f332c9f0e8bb1209dc7d
24.0,40.0,6729,test,3626.0746437560324,1.0,1.0,"(1, 2)",6122f332c9f0e8bb1209dc7d
24.0,40.0,6730,test,3626.0746437560324,1.0,1.0,"(1, 2)",6122f332c9f0e8bb1209dc7d
24.0,40.0,6731,test,3626.0746437560324,1.0,1.0,"(1, 2)",6122f332c9f0e8bb1209dc7d
24.0,40.0,6732,test,3626.0746437560324,1.0,1.0,"(1, 2)",6122f332c9f0e8bb1209dc7d
24.0,40.0,6733,test,3626.0746437560324,1.0,1.0,"(1, 2)",6122f332c9f0e8bb1209dc7d
24.0,40.0,6734,test,3626.0746437560324,1.0,1.0,"(1, 2)",6122f332c9f0e8bb1209dc7d
24.0,40.0,6735,test,3626.0746437560324,1.0,1.0,"(1, 2)",6122f332c9f0e8bb1209dc7d
24.0,40.0,6736,test,3626.0746437560324,1.0,1.0,"(1, 2)",6122f332c9f0e8bb1209dc7d
24.0,40.0,6737,test,3626.0746437560324,1.0,1.0,"(1, 2)",6122f332c9f0e8bb1209dc7d
24.0,40.0,6738,test,3626.0746437560324,1.0,1.0,"(1, 2)",6122f332c9f0e8bb1209dc7d
24.0,40.0,6739,test,3626.0746437560324,1.0,1.0,"(1, 2)",6122f332c9f0e8bb1209dc7d
24.0,40.0,6740,test,3626.0746437560324,1.0,1.0,"(1, 2)",6122f332c9f0e8bb1209dc7d
24.0,40.0,6741,test,3626.0746437560324,1.0,1.0,"(1, 2)",6122f332c9f0e8bb1209dc7d
24.0,40.0,6742,test,3626.0746437560324,1.0,1.0,"(1, 2)",6122f332c9f0e8bb1209dc7d
24.0,40.0,6743,test,3626.0746437560324,1.0,1.0,"(1, 2)",6122f332c9f0e8bb1209dc7d
24.0,40.0,6744,test,3626.0746437560324,1.0,1.0,"(1, 2)",6122f332c9f0e8bb1209dc7d
24.0,40.0,6745,test,3626.0746437560324,1.0,1.0,"(1, 2)",6122f332c9f0e8bb1209dc7d
24.0,40.0,6746,test,3626.0746437560324,1.0,1.0,"(1, 2)",6122f332c9f0e8bb1209dc7d
24.0,40.0,6747,test,3626.0746437560324,1.0,1.0,"(1, 2)",6122f332c9f0e8bb1209dc7d
24.0,40.0,6748,test,3626.0746437560324,1.0,1.0,"(1, 2)",6122f332c9f0e8bb1209dc7d
24.0,40.0,6749,test,3626.0746437560324,1.0,1.0,"(1, 2)",6122f332c9f0e8bb1209dc7d
24.0,40.0,6750,test,3626.0746437560324,1.0,1.0,"(1, 2)",6122f332c9f0e8bb1209dc7d
24.0,40.0,6751,test,3626.0746437560324,1.0,1.0,"(1, 2)",6122f332c9f0e8bb1209dc7d
24.0,40.0,6752,test,3626.0746437560324,1.0,1.0,"(1, 2)",6122f332c9f0e8bb1209dc7d
24.0,40.0,6753,test,3626.0746437560324,1.0,1.0,"(1, 2)",6122f332c9f0e8bb1209dc7d
24.0,40.0,6754,test,3626.0746437560324,1.0,1.0,"(1, 2)",6122f332c9f0e8bb1209dc7d
24.0,40.0,6755,test,3626.0746437560324,1.0,1.0,"(1, 2)",6122f332c9f0e8bb1209dc7d
24.0,40.0,6756,test,3626.0746437560324,1.0,1.0,"(1, 2)",6122f332c9f0e8bb1209dc7d
24.0,40.0,6757,test,3626.0746437560324,1.0,1.0,"(1, 2)",6122f332c9f0e8bb1209dc7d
24.0,40.0,6758,test,3626.0746437560324,1.0,1.0,"(1, 2)",6122f332c9f0e8bb1209dc7d
24.0,40.0,6759,test,3626.0746437560324,1.0,1.0,"(1, 2)",6122f332c9f0e8bb1209dc7d
24.0,40.0,6760,test,3626.0746437560324,1.0,1.0,"(1, 2)",6122f332c9f0e8bb1209dc7d
24.0,40.0,6761,test,3626.0746437560324,1.0,1.0,"(1, 2)",6122f332c9f0e8bb1209dc7d
24.0,40.0,6762,test,3626.0746437560324,1.0,1.0,"(1, 2)",6122f332c9f0e8bb1209dc7d
24.0,40.0,6763,test,3626.0746437560324,1.0,1.0,"(1, 2)",6122f332c9f0e8bb1209dc7d
24.0,40.0,6764,test,3626.0746437560324,1.0,1.0,"(1, 2)",6122f332c9f0e8bb1209dc7d
24.0,40.0,6765,test,3626.0746437560324,1.0,1.0,"(1, 2)",6122f332c9f0e8bb1209dc7d
24.0,40.0,6766,test,3626.0746437560324,1.0,1.0,"(1, 2)",6122f332c9f0e8bb1209dc7d
24.0,40.0,6767,test,3626.0746437560324,1.0,1.0,"(1, 2)",6122f332c9f0e8bb1209dc7d
24.0,41.250000000000284,6768,test,3627.324643756033,1.0,1.0,"(1, 2)",6122f332c9f0e8bb1209dc7d
24.0,42.50000000000057,6769,test,3628.5746437560333,1.0,1.0,"(1, 2)",6122f332c9f0e8bb1209dc7d
24.0,43.75000000000085,6770,test,3629.8246437560338,1.0,1.0,"(1, 2)",6122f332c9f0e8bb1209dc7d
24.0,45.00000000000114,6771,test,3631.074643756034,1.0,1.0,"(1, 2)",6122f332c9f0e8bb1209dc7d
24.0,46.25000000000142,6772,test,3632.3246437560347,1.0,1.0,"(1, 2)",6122f332c9f0e8bb1209dc7d
24.0,47.500000000001705,6773,test,3633.574643756035,1.0,1.0,"(1, 2)",6122f332c9f0e8bb1209dc7d
24.0,48.75000000000199,6774,test,3634.8246437560356,1.0,1.0,"(1, 2)",6122f332c9f0e8bb1209dc7d
24.0,50.000000000002274,6775,test,3636.074643756036,1.0,1.0,"(1, 2)",6122f332c9f0e8bb1209dc7d
24.0,51.25000000000256,6776,test,3637.3246437560365,1.0,1.0,"(1, 2)",6122f332c9f0e8bb1209dc7d
24.0,52.50000000000284,6777,test,3638.574643756037,1.0,1.0,"(1, 2)",6122f332c9f0e8bb1209dc7d
24.0,53.750000000003126,6778,test,3639.8246437560374,1.0,1.0,"(1, 2)",6122f332c9f0e8bb1209dc7d
24.0,55.00000000000341,6779,test,3641.074643756038,1.0,1.0,"(1, 2)",6122f332c9f0e8bb1209dc7d
24.0,56.250000000003695,6780,test,3642.3246437560383,1.0,1.0,"(1, 2)",6122f332c9f0e8bb1209dc7d
24.0,57.50000000000398,6781,test,3643.5746437560388,1.0,1.0,"(1, 2)",6122f332c9f0e8bb1209dc7d
24.0,58.75000000000426,6782,test,3644.824643756039,1.0,1.0,"(1, 2)",6122f332c9f0e8bb1209dc7d
24.0,60.00000000000455,6783,test,3646.0746437560397,1.0,1.0,"(1, 2)",6122f332c9f0e8bb1209dc7d
24.0,61.25000000000483,6784,test,3647.32464375604,1.0,1.0,"(1, 2)",6122f332c9f0e8bb1209dc7d
24.0,62.500000000005116,6785,test,3648.5746437560406,1.0,1.0,"(1, 2)",6122f332c9f0e8bb1209dc7d
24.0,63.7500000000054,6786,test,3649.824643756041,1.0,1.0,"(1, 2)",6122f332c9f0e8bb1209dc7d
24.0,65.00000000000568,6787,test,3651.0746437560415,1.0,1.0,"(1, 2)",6122f332c9f0e8bb1209dc7d
24.0,66.25000000000597,6788,test,3652.324643756042,1.0,1.0,"(1, 2)",6122f332c9f0e8bb1209dc7d
24.0,67.50000000000625,6789,test,3653.5746437560424,1.0,1.0,"(1, 2)",6122f332c9f0e8bb1209dc7d
24.0,68.75000000000654,6790,test,3654.824643756043,1.0,1.0,"(1, 2)",6122f332c9f0e8bb1209dc7d
24.0,70.00000000000682,6791,test,3656.0746437560433,1.0,1.0,"(1, 2)",6122f332c9f0e8bb1209dc7d
24.0,71.2500000000071,6792,test,3657.3246437560438,1.0,1.0,"(1, 2)",6122f332c9f0e8bb1209dc7d
24.0,72.50000000000739,6793,test,3658.574643756044,1.0,1.0,"(1, 2)",6122f332c9f0e8bb1209dc7d
24.0,73.75000000000767,6794,test,3659.8246437560447,1.0,1.0,"(1, 2)",6122f332c9f0e8bb1209dc7d
24.0,75.00000000000796,6795,test,3661.074643756045,1.0,1.0,"(1, 2)",6122f332c9f0e8bb1209dc7d
24.0,76.25000000000824,6796,test,3662.3246437560456,1.0,1.0,"(1, 2)",6122f332c9f0e8bb1209dc7d
24.0,77.50000000000853,6797,test,3663.574643756046,1.0,1.0,"(1, 2)",6122f332c9f0e8bb1209dc7d
24.0,78.75000000000881,6798,test,3664.8246437560465,1.0,1.0,"(1, 2)",6122f332c9f0e8bb1209dc7d
24.0,80.0000000000091,6799,test,3666.074643756047,1.0,1.0,"(1, 2)",6122f332c9f0e8bb1209dc7d
24.0,81.25000000000938,6800,test,3667.3246437560474,1.0,1.0,"(1, 2)",6122f332c9f0e8bb1209dc7d
24.0,82.50000000000966,6801,test,3668.574643756048,1.0,1.0,"(1, 2)",6122f332c9f0e8bb1209dc7d
24.0,83.75000000000995,6802,test,3669.8246437560483,1.0,1.0,"(1, 2)",6122f332c9f0e8bb1209dc7d
24.0,85.00000000001023,6803,test,3671.0746437560488,1.0,1.0,"(1, 2)",6122f332c9f0e8bb1209dc7d
24.0,86.25000000001052,6804,test,3672.324643756049,1.0,1.0,"(1, 2)",6122f332c9f0e8bb1209dc7d
24.0,87.5000000000108,6805,test,3673.5746437560497,1.0,1.0,"(1, 2)",6122f332c9f0e8bb1209dc7d
24.0,88.75000000001108,6806,test,3674.82464375605,1.0,1.0,"(1, 2)",6122f332c9f0e8bb1209dc7d
24.0,90.00000000001137,6807,test,3676.0746437560506,1.0,1.0,"(1, 2)",6122f332c9f0e8bb1209dc7d
24.0,91.25000000001165,6808,test,3677.324643756051,1.0,1.0,"(1, 2)",6122f332c9f0e8bb1209dc7d
24.0,92.50000000001194,6809,test,3678.5746437560515,1.0,1.0,"(1, 2)",6122f332c9f0e8bb1209dc7d
24.0,93.75000000001222,6810,test,3679.824643756052,1.0,1.0,"(1, 2)",6122f332c9f0e8bb1209dc7d
24.0,95.0000000000125,6811,test,3681.0746437560524,1.0,1.0,"(1, 2)",6122f332c9f0e8bb1209dc7d
24.0,96.25000000001279,6812,test,3682.324643756053,1.0,1.0,"(1, 2)",6122f332c9f0e8bb1209dc7d
24.0,97.50000000001307,6813,test,3683.5746437560533,1.0,1.0,"(1, 2)",6122f332c9f0e8bb1209dc7d
24.0,98.75000000001336,6814,test,3684.824643756054,1.0,1.0,"(1, 2)",6122f332c9f0e8bb1209dc7d
24.0,100.00000000001364,6815,test,3686.0746437560542,1.0,1.0,"(1, 2)",6122f332c9f0e8bb1209dc7d
24.0,101.25000000001393,6816,test,3687.3246437560547,1.0,1.0,"(1, 2)",6122f332c9f0e8bb1209dc7d
24.0,102.50000000001421,6817,test,3688.574643756055,1.0,1.0,"(1, 2)",6122f332c9f0e8bb1209dc7d
24.0,103.7500000000145,6818,test,3689.8246437560556,1.0,1.0,"(1, 2)",6122f332c9f0e8bb1209dc7d
24.0,104.0,6819,test,3690.074643756041,1.0,1.0,"(1, 2)",6122f332c9f0e8bb1209dc7d
24.0,104.0,6820,test,3690.074643756041,1.0,1.0,"(1, 2)",6122f332c9f0e8bb1209dc7d
24.0,104.0,6821,test,3690.074643756041,1.0,1.0,"(1, 2)",6122f332c9f0e8bb1209dc7d
24.0,104.0,6822,test,3690.074643756041,1.0,1.0,"(1, 2)",6122f332c9f0e8bb1209dc7d
24.0,104.0,6823,test,3690.074643756041,1.0,1.0,"(1, 2)",6122f332c9f0e8bb1209dc7d
24.0,104.0,6824,test,3690.074643756041,1.0,1.0,"(1, 2)",6122f332c9f0e8bb1209dc7d
24.0,104.0,6825,test,3690.074643756041,1.0,1.0,"(1, 2)",6122f332c9f0e8bb1209dc7d
24.0,104.0,6826,test,3690.074643756041,1.0,1.0,"(1, 2)",6122f332c9f0e8bb1209dc7d
24.0,104.0,6827,test,3690.074643756041,1.0,1.0,"(1, 2)",6122f332c9f0e8bb1209dc7d
24.0,104.0,6828,test,3690.074643756041,1.0,1.0,"(1, 2)",6122f332c9f0e8bb1209dc7d
24.0,104.0,6829,test,3690.074643756041,1.0,1.0,"(1, 2)",6122f332c9f0e8bb1209dc7d
24.0,104.0,6830,test,3690.074643756041,1.0,1.0,"(1, 2)",6122f332c9f0e8bb1209dc7d
24.0,104.0,6831,test,3690.074643756041,1.0,1.0,"(1, 2)",6122f332c9f0e8bb1209dc7d
24.0,104.0,6832,test,3690.074643756041,1.0,1.0,"(1, 2)",6122f332c9f0e8bb1209dc7d
24.0,104.0,6833,test,3690.074643756041,1.0,1.0,"(1, 2)",6122f332c9f0e8bb1209dc7d
24.0,104.0,6834,test,3690.074643756041,1.0,1.0,"(1, 2)",6122f332c9f0e8bb1209dc7d
24.0,104.0,6835,test,3690.074643756041,1.0,1.0,"(1, 2)",6122f332c9f0e8bb1209dc7d
24.0,104.0,6836,test,3690.074643756041,1.0,1.0,"(1, 2)",6122f332c9f0e8bb1209dc7d
24.0,104.0,6837,test,3690.074643756041,1.0,1.0,"(1, 2)",6122f332c9f0e8bb1209dc7d
24.0,104.0,6838,test,3690.074643756041,1.0,1.0,"(1, 2)",6122f332c9f0e8bb1209dc7d
24.0,104.0,6839,test,3690.074643756041,1.0,1.0,"(1, 2)",6122f332c9f0e8bb1209dc7d
24.0,104.0,6840,test,3690.074643756041,1.0,1.0,"(1, 2)",6122f332c9f0e8bb1209dc7d
24.0,104.0,6841,test,3690.074643756041,1.0,1.0,"(1, 2)",6122f332c9f0e8bb1209dc7d
24.0,104.0,6842,test,3690.074643756041,1.0,1.0,"(1, 2)",6122f332c9f0e8bb1209dc7d
24.0,104.0,6843,test,3690.074643756041,1.0,1.0,"(1, 2)",6122f332c9f0e8bb1209dc7d
24.0,104.0,6844,test,3690.074643756041,1.0,1.0,"(1, 2)",6122f332c9f0e8bb1209dc7d
24.0,104.0,6845,test,3690.074643756041,1.0,1.0,"(1, 2)",6122f332c9f0e8bb1209dc7d
24.0,104.0,6846,test,3690.074643756041,1.0,1.0,"(1, 2)",6122f332c9f0e8bb1209dc7d
24.0,104.0,6847,test,3690.074643756041,1.0,1.0,"(1, 2)",6122f332c9f0e8bb1209dc7d
24.0,104.0,6848,test,3690.074643756041,1.0,1.0,"(1, 2)",6122f332c9f0e8bb1209dc7d
24.0,104.0,6849,test,3690.074643756041,1.0,1.0,"(1, 2)",6122f332c9f0e8bb1209dc7d
24.0,104.0,6850,test,3690.074643756041,1.0,1.0,"(1, 2)",6122f332c9f0e8bb1209dc7d
24.0,104.0,6851,test,3690.074643756041,1.0,1.0,"(1, 2)",6122f332c9f0e8bb1209dc7d
24.0,104.0,6852,test,3690.074643756041,1.0,1.0,"(1, 2)",6122f332c9f0e8bb1209dc7d
24.0,104.0,6853,test,3690.074643756041,1.0,1.0,"(1, 2)",6122f332c9f0e8bb1209dc7d
24.0,104.0,6854,test,3690.074643756041,1.0,1.0,"(1, 2)",6122f332c9f0e8bb1209dc7d
24.0,102.74999999999972,6855,test,3691.3246437560415,1.0,1.0,"(1, 2)",6122f332c9f0e8bb1209dc7d
24.0,101.49999999999943,6856,test,3692.574643756042,1.0,1.0,"(1, 2)",6122f332c9f0e8bb1209dc7d
24.0,100.24999999999915,6857,test,3693.8246437560424,1.0,1.0,"(1, 2)",6122f332c9f0e8bb1209dc7d
24.0,98.99999999999886,6858,test,3695.074643756043,1.0,1.0,"(1, 2)",6122f332c9f0e8bb1209dc7d
24.0,97.74999999999858,6859,test,3696.3246437560433,1.0,1.0,"(1, 2)",6122f332c9f0e8bb1209dc7d
24.0,96.4999999999983,6860,test,3697.5746437560438,1.0,1.0,"(1, 2)",6122f332c9f0e8bb1209dc7d
24.0,95.24999999999801,6861,test,3698.824643756044,1.0,1.0,"(1, 2)",6122f332c9f0e8bb1209dc7d
24.0,93.99999999999773,6862,test,3700.0746437560447,1.0,1.0,"(1, 2)",6122f332c9f0e8bb1209dc7d
24.0,92.74999999999744,6863,test,3701.324643756045,1.0,1.0,"(1, 2)",6122f332c9f0e8bb1209dc7d
24.0,91.49999999999716,6864,test,3702.5746437560456,1.0,1.0,"(1, 2)",6122f332c9f0e8bb1209dc7d
24.0,90.24999999999687,6865,test,3703.824643756046,1.0,1.0,"(1, 2)",6122f332c9f0e8bb1209dc7d
24.0,88.99999999999659,6866,test,3705.0746437560465,1.0,1.0,"(1, 2)",6122f332c9f0e8bb1209dc7d
24.0,87.7499999999963,6867,test,3706.324643756047,1.0,1.0,"(1, 2)",6122f332c9f0e8bb1209dc7d
24.0,86.49999999999602,6868,test,3707.5746437560474,1.0,1.0,"(1, 2)",6122f332c9f0e8bb1209dc7d
24.0,85.24999999999574,6869,test,3708.824643756048,1.0,1.0,"(1, 2)",6122f332c9f0e8bb1209dc7d
24.0,83.99999999999545,6870,test,3710.0746437560483,1.0,1.0,"(1, 2)",6122f332c9f0e8bb1209dc7d
24.0,82.74999999999517,6871,test,3711.3246437560488,1.0,1.0,"(1, 2)",6122f332c9f0e8bb1209dc7d
24.0,81.49999999999488,6872,test,3712.574643756049,1.0,1.0,"(1, 2)",6122f332c9f0e8bb1209dc7d
24.0,80.2499999999946,6873,test,3713.8246437560497,1.0,1.0,"(1, 2)",6122f332c9f0e8bb1209dc7d
24.0,78.99999999999432,6874,test,3715.07464375605,1.0,1.0,"(1, 2)",6122f332c9f0e8bb1209dc7d
24.0,77.74999999999403,6875,test,3716.3246437560506,1.0,1.0,"(1, 2)",6122f332c9f0e8bb1209dc7d
24.0,76.49999999999375,6876,test,3717.574643756051,1.0,1.0,"(1, 2)",6122f332c9f0e8bb1209dc7d
24.0,75.24999999999346,6877,test,3718.8246437560515,1.0,1.0,"(1, 2)",6122f332c9f0e8bb1209dc7d
24.0,73.99999999999318,6878,test,3720.074643756052,1.0,1.0,"(1, 2)",6122f332c9f0e8bb1209dc7d
24.0,72.7499999999929,6879,test,3721.3246437560524,1.0,1.0,"(1, 2)",6122f332c9f0e8bb1209dc7d
24.0,71.49999999999261,6880,test,3722.574643756053,1.0,1.0,"(1, 2)",6122f332c9f0e8bb1209dc7d
24.0,70.24999999999233,6881,test,3723.8246437560533,1.0,1.0,"(1, 2)",6122f332c9f0e8bb1209dc7d
24.0,68.99999999999204,6882,test,3725.074643756054,1.0,1.0,"(1, 2)",6122f332c9f0e8bb1209dc7d
24.0,67.74999999999176,6883,test,3726.3246437560542,1.0,1.0,"(1, 2)",6122f332c9f0e8bb1209dc7d
24.0,66.49999999999147,6884,test,3727.5746437560547,1.0,1.0,"(1, 2)",6122f332c9f0e8bb1209dc7d
24.0,65.24999999999119,6885,test,3728.824643756055,1.0,1.0,"(1, 2)",6122f332c9f0e8bb1209dc7d
24.0,63.999999999990905,6886,test,3730.0746437560556,1.0,1.0,"(1, 2)",6122f332c9f0e8bb1209dc7d
24.0,62.74999999999062,6887,test,3731.324643756056,1.0,1.0,"(1, 2)",6122f332c9f0e8bb1209dc7d
24.0,61.49999999999034,6888,test,3732.5746437560565,1.0,1.0,"(1, 2)",6122f332c9f0e8bb1209dc7d
24.0,60.24999999999005,6889,test,3733.824643756057,1.0,1.0,"(1, 2)",6122f332c9f0e8bb1209dc7d
24.0,58.99999999998977,6890,test,3735.0746437560574,1.0,1.0,"(1, 2)",6122f332c9f0e8bb1209dc7d
24.0,57.749999999989484,6891,test,3736.324643756058,1.0,1.0,"(1, 2)",6122f332c9f0e8bb1209dc7d
24.0,56.4999999999892,6892,test,3737.5746437560583,1.0,1.0,"(1, 2)",6122f332c9f0e8bb1209dc7d
24.0,55.249999999988916,6893,test,3738.824643756059,1.0,1.0,"(1, 2)",6122f332c9f0e8bb1209dc7d
24.0,53.99999999998863,6894,test,3740.0746437560592,1.0,1.0,"(1, 2)",6122f332c9f0e8bb1209dc7d
24.0,52.74999999998835,6895,test,3741.3246437560597,1.0,1.0,"(1, 2)",6122f332c9f0e8bb1209dc7d
24.0,51.49999999998806,6896,test,3742.57464375606,1.0,1.0,"(1, 2)",6122f332c9f0e8bb1209dc7d
24.0,50.24999999998778,6897,test,3743.8246437560606,1.0,1.0,"(1, 2)",6122f332c9f0e8bb1209dc7d
24.0,48.999999999987494,6898,test,3745.074643756061,1.0,1.0,"(1, 2)",6122f332c9f0e8bb1209dc7d
24.0,47.74999999998721,6899,test,3746.3246437560615,1.0,1.0,"(1, 2)",6122f332c9f0e8bb1209dc7d
24.0,46.499999999986926,6900,test,3747.574643756062,1.0,1.0,"(1, 2)",6122f332c9f0e8bb1209dc7d
24.0,45.24999999998664,6901,test,3748.8246437560624,1.0,1.0,"(1, 2)",6122f332c9f0e8bb1209dc7d
24.0,43.99999999998636,6902,test,3750.074643756063,1.0,1.0,"(1, 2)",6122f332c9f0e8bb1209dc7d
24.0,42.74999999998607,6903,test,3751.3246437560633,1.0,1.0,"(1, 2)",6122f332c9f0e8bb1209dc7d
24.0,41.49999999998579,6904,test,3752.574643756064,1.0,1.0,"(1, 2)",6122f332c9f0e8bb1209dc7d
24.0,40.249999999985505,6905,test,3753.8246437560642,1.0,1.0,"(1, 2)",6122f332c9f0e8bb1209dc7d
24.0,38.99999999998522,6906,test,3755.0746437560647,1.0,1.0,"(1, 2)",6122f332c9f0e8bb1209dc7d
24.0,37.74999999998494,6907,test,3756.324643756065,1.0,1.0,"(1, 2)",6122f332c9f0e8bb1209dc7d
24.0,36.49999999998465,6908,test,3757.5746437560656,1.0,1.0,"(1, 2)",6122f332c9f0e8bb1209dc7d
24.0,35.24999999998437,6909,test,3758.824643756066,1.0,1.0,"(1, 2)",6122f332c9f0e8bb1209dc7d
24.0,33.999999999984084,6910,test,3760.0746437560665,1.0,1.0,"(1, 2)",6122f332c9f0e8bb1209dc7d
24.0,32.7499999999838,6911,test,3761.324643756067,1.0,1.0,"(1, 2)",6122f332c9f0e8bb1209dc7d
24.0,31.49999999998366,6912,test,3762.574643756067,1.0,1.0,"(1, 2)",6122f332c9f0e8bb1209dc7d
24.0,30.249999999983732,6913,test,3763.824643756067,1.0,1.0,"(1, 2)",6122f332c9f0e8bb1209dc7d
24.0,28.999999999983803,6914,test,3765.074643756067,1.0,1.0,"(1, 2)",6122f332c9f0e8bb1209dc7d
24.0,27.749999999983874,6915,test,3766.324643756067,1.0,1.0,"(1, 2)",6122f332c9f0e8bb1209dc7d
24.0,26.499999999983945,6916,test,3767.574643756067,1.0,1.0,"(1, 2)",6122f332c9f0e8bb1209dc7d
24.0,25.249999999984016,6917,test,3768.824643756067,1.0,1.0,"(1, 2)",6122f332c9f0e8bb1209dc7d
24.0,24.0,6918,test,3770.074643756051,1.0,1.0,"(1, 2)",6122f332c9f0e8bb1209dc7d
24.0,24.0,6919,test,3770.074643756051,1.0,1.0,"(1, 2)",6122f332c9f0e8bb1209dc7d
24.0,24.0,6920,test,3770.074643756051,1.0,1.0,"(1, 2)",6122f332c9f0e8bb1209dc7d
24.0,24.0,6921,test,3770.074643756051,1.0,1.0,"(1, 2)",6122f332c9f0e8bb1209dc7d
24.0,24.0,6922,test,3770.074643756051,1.0,1.0,"(1, 2)",6122f332c9f0e8bb1209dc7d
24.0,24.0,6923,test,3770.074643756051,1.0,1.0,"(1, 2)",6122f332c9f0e8bb1209dc7d
24.0,24.0,6924,test,3770.074643756051,1.0,1.0,"(1, 2)",6122f332c9f0e8bb1209dc7d
24.0,24.0,6925,test,3770.074643756051,1.0,1.0,"(1, 2)",6122f332c9f0e8bb1209dc7d
24.0,24.0,6926,test,3770.074643756051,1.0,1.0,"(1, 2)",6122f332c9f0e8bb1209dc7d
24.0,24.0,6927,test,3770.074643756051,1.0,1.0,"(1, 2)",6122f332c9f0e8bb1209dc7d
24.0,24.0,6928,test,3770.074643756051,1.0,1.0,"(1, 2)",6122f332c9f0e8bb1209dc7d
24.0,24.0,6929,test,3770.074643756051,1.0,1.0,"(1, 2)",6122f332c9f0e8bb1209dc7d
24.0,24.0,6930,test,3770.074643756051,1.0,1.0,"(1, 2)",6122f332c9f0e8bb1209dc7d
24.0,24.0,6931,test,3770.074643756051,1.0,1.0,"(1, 2)",6122f332c9f0e8bb1209dc7d
24.0,24.0,6932,test,3770.074643756051,1.0,1.0,"(1, 2)",6122f332c9f0e8bb1209dc7d
24.0,24.0,6933,test,3770.074643756051,1.0,1.0,"(1, 2)",6122f332c9f0e8bb1209dc7d
24.0,24.0,6934,test,3770.074643756051,1.0,1.0,"(1, 2)",6122f332c9f0e8bb1209dc7d
24.0,24.0,6935,test,3770.074643756051,1.0,1.0,"(1, 2)",6122f332c9f0e8bb1209dc7d
24.0,24.0,6936,test,3770.074643756051,1.0,1.0,"(1, 2)",6122f332c9f0e8bb1209dc7d
24.0,24.0,6937,test,3770.074643756051,1.0,1.0,"(1, 2)",6122f332c9f0e8bb1209dc7d
24.0,24.0,6938,test,3770.074643756051,1.0,1.0,"(1, 2)",6122f332c9f0e8bb1209dc7d
24.0,24.0,6939,test,3770.074643756051,1.0,1.0,"(1, 2)",6122f332c9f0e8bb1209dc7d
24.0,24.0,6940,test,3770.074643756051,1.0,1.0,"(1, 2)",6122f332c9f0e8bb1209dc7d
24.0,24.0,6941,test,3770.074643756051,1.0,1.0,"(1, 2)",6122f332c9f0e8bb1209dc7d
24.0,24.0,6942,test,3770.074643756051,1.0,1.0,"(1, 2)",6122f332c9f0e8bb1209dc7d
24.0,24.0,6943,test,3770.074643756051,1.0,1.0,"(1, 2)",6122f332c9f0e8bb1209dc7d
24.0,24.0,6944,test,3770.074643756051,1.0,1.0,"(1, 2)",6122f332c9f0e8bb1209dc7d
24.0,24.0,6945,test,3770.074643756051,1.0,1.0,"(1, 2)",6122f332c9f0e8bb1209dc7d
24.0,24.0,6946,test,3770.074643756051,1.0,1.0,"(1, 2)",6122f332c9f0e8bb1209dc7d
24.0,24.0,6947,test,3770.074643756051,1.0,1.0,"(1, 2)",6122f332c9f0e8bb1209dc7d
24.0,24.0,6948,test,3770.074643756051,1.0,1.0,"(1, 2)",6122f332c9f0e8bb1209dc7d
24.0,24.0,6949,test,3770.074643756051,1.0,1.0,"(1, 2)",6122f332c9f0e8bb1209dc7d
24.0,24.0,6950,test,3770.074643756051,1.0,1.0,"(1, 2)",6122f332c9f0e8bb1209dc7d
24.0,24.0,6951,test,3770.074643756051,1.0,1.0,"(1, 2)",6122f332c9f0e8bb1209dc7d
24.0,24.0,6952,test,3770.074643756051,1.0,1.0,"(1, 2)",6122f332c9f0e8bb1209dc7d
24.0,24.0,6953,test,3770.074643756051,1.0,1.0,"(1, 2)",6122f332c9f0e8bb1209dc7d
24.0,24.0,6954,test,3770.074643756051,1.0,1.0,"(1, 2)",6122f332c9f0e8bb1209dc7d
24.0,24.0,6955,test,3770.074643756051,1.0,1.0,"(1, 2)",6122f332c9f0e8bb1209dc7d
24.0,24.0,6956,test,3770.074643756051,1.0,1.0,"(1, 2)",6122f332c9f0e8bb1209dc7d
24.0,24.0,6957,test,3770.074643756051,1.0,1.0,"(1, 2)",6122f332c9f0e8bb1209dc7d
24.0,24.0,6958,test,3770.074643756051,1.0,1.0,"(1, 2)",6122f332c9f0e8bb1209dc7d
24.0,24.0,6959,test,3770.074643756051,1.0,1.0,"(1, 2)",6122f332c9f0e8bb1209dc7d
24.0,24.0,6960,test,3770.074643756051,1.0,1.0,"(1, 2)",6122f332c9f0e8bb1209dc7d
24.0,24.0,6961,test,3770.074643756051,1.0,1.0,"(1, 2)",6122f332c9f0e8bb1209dc7d
24.0,24.0,6962,test,3770.074643756051,1.0,1.0,"(1, 2)",6122f332c9f0e8bb1209dc7d
24.0,24.0,6963,test,3770.074643756051,1.0,1.0,"(1, 2)",6122f332c9f0e8bb1209dc7d
24.0,24.0,6964,test,3770.074643756051,1.0,1.0,"(1, 2)",6122f332c9f0e8bb1209dc7d
24.0,24.0,6965,test,3770.074643756051,1.0,1.0,"(1, 2)",6122f332c9f0e8bb1209dc7d
24.0,24.0,6966,test,3770.074643756051,1.0,1.0,"(1, 2)",6122f332c9f0e8bb1209dc7d
24.0,24.0,6967,test,3770.074643756051,1.0,1.0,"(1, 2)",6122f332c9f0e8bb1209dc7d
24.0,24.0,6968,test,3770.074643756051,1.0,1.0,"(1, 2)",6122f332c9f0e8bb1209dc7d
24.0,24.0,6969,test,3770.074643756051,1.0,1.0,"(1, 2)",6122f332c9f0e8bb1209dc7d
24.0,24.0,6970,test,3770.074643756051,1.0,1.0,"(1, 2)",6122f332c9f0e8bb1209dc7d
24.0,24.0,6971,test,3770.074643756051,1.0,1.0,"(1, 2)",6122f332c9f0e8bb1209dc7d
24.0,24.0,6972,test,3770.074643756051,1.0,1.0,"(1, 2)",6122f332c9f0e8bb1209dc7d
24.0,24.0,6973,test,3770.074643756051,1.0,1.0,"(1, 2)",6122f332c9f0e8bb1209dc7d
24.0,24.0,6974,test,3770.074643756051,1.0,1.0,"(1, 2)",6122f332c9f0e8bb1209dc7d
24.0,24.0,6975,test,3770.074643756051,1.0,1.0,"(1, 2)",6122f332c9f0e8bb1209dc7d
24.0,24.0,6976,test,3770.074643756051,1.0,1.0,"(1, 2)",6122f332c9f0e8bb1209dc7d
24.0,24.0,6977,test,3770.074643756051,1.0,1.0,"(1, 2)",6122f332c9f0e8bb1209dc7d
24.0,24.0,6978,test,3770.074643756051,1.0,1.0,"(1, 2)",6122f332c9f0e8bb1209dc7d
24.0,24.0,6979,test,3770.074643756051,1.0,1.0,"(1, 2)",6122f332c9f0e8bb1209dc7d
24.0,24.0,6980,test,3770.074643756051,1.0,1.0,"(1, 2)",6122f332c9f0e8bb1209dc7d
24.0,24.0,6981,test,3770.074643756051,1.0,1.0,"(1, 2)",6122f332c9f0e8bb1209dc7d
24.0,24.0,6982,test,3770.074643756051,1.0,1.0,"(1, 2)",6122f332c9f0e8bb1209dc7d
24.0,24.0,6983,test,3770.074643756051,1.0,1.0,"(1, 2)",6122f332c9f0e8bb1209dc7d
24.0,24.0,6984,test,3770.074643756051,1.0,1.0,"(1, 2)",6122f332c9f0e8bb1209dc7d
24.0,25.24999999999993,6985,test,3771.324643756051,1.0,1.0,"(1, 2)",6122f332c9f0e8bb1209dc7d
24.0,26.499999999999858,6986,test,3772.574643756051,1.0,1.0,"(1, 2)",6122f332c9f0e8bb1209dc7d
24.0,27.749999999999787,6987,test,3773.824643756051,1.0,1.0,"(1, 2)",6122f332c9f0e8bb1209dc7d
24.0,28.999999999999716,6988,test,3775.074643756051,1.0,1.0,"(1, 2)",6122f332c9f0e8bb1209dc7d
24.0,30.249999999999645,6989,test,3776.324643756051,1.0,1.0,"(1, 2)",6122f332c9f0e8bb1209dc7d
24.0,31.499999999999574,6990,test,3777.574643756051,1.0,1.0,"(1, 2)",6122f332c9f0e8bb1209dc7d
24.0,32.749999999999716,6991,test,3778.824643756051,1.0,1.0,"(1, 2)",6122f332c9f0e8bb1209dc7d
24.0,34.0,6992,test,3780.0746437560515,1.0,1.0,"(1, 2)",6122f332c9f0e8bb1209dc7d
24.0,35.250000000000284,6993,test,3781.324643756052,1.0,1.0,"(1, 2)",6122f332c9f0e8bb1209dc7d
24.0,36.50000000000057,6994,test,3782.5746437560524,1.0,1.0,"(1, 2)",6122f332c9f0e8bb1209dc7d
24.0,37.75000000000085,6995,test,3783.824643756053,1.0,1.0,"(1, 2)",6122f332c9f0e8bb1209dc7d
24.0,39.00000000000114,6996,test,3785.0746437560533,1.0,1.0,"(1, 2)",6122f332c9f0e8bb1209dc7d
24.0,40.25000000000142,6997,test,3786.324643756054,1.0,1.0,"(1, 2)",6122f332c9f0e8bb1209dc7d
24.0,41.500000000001705,6998,test,3787.5746437560542,1.0,1.0,"(1, 2)",6122f332c9f0e8bb1209dc7d
24.0,42.75000000000199,6999,test,3788.8246437560547,1.0,1.0,"(1, 2)",6122f332c9f0e8bb1209dc7d
24.0,44.000000000002274,7000,test,3790.074643756055,1.0,1.0,"(1, 2)",6122f332c9f0e8bb1209dc7d
24.0,45.25000000000256,7001,test,3791.3246437560556,1.0,1.0,"(1, 2)",6122f332c9f0e8bb1209dc7d
24.0,46.50000000000284,7002,test,3792.574643756056,1.0,1.0,"(1, 2)",6122f332c9f0e8bb1209dc7d
24.0,47.750000000003126,7003,test,3793.8246437560565,1.0,1.0,"(1, 2)",6122f332c9f0e8bb1209dc7d
24.0,49.00000000000341,7004,test,3795.074643756057,1.0,1.0,"(1, 2)",6122f332c9f0e8bb1209dc7d
24.0,50.250000000003695,7005,test,3796.3246437560574,1.0,1.0,"(1, 2)",6122f332c9f0e8bb1209dc7d
24.0,51.50000000000398,7006,test,3797.574643756058,1.0,1.0,"(1, 2)",6122f332c9f0e8bb1209dc7d
24.0,52.75000000000426,7007,test,3798.8246437560583,1.0,1.0,"(1, 2)",6122f332c9f0e8bb1209dc7d
24.0,54.00000000000455,7008,test,3800.074643756059,1.0,1.0,"(1, 2)",6122f332c9f0e8bb1209dc7d
24.0,55.25000000000483,7009,test,3801.3246437560592,1.0,1.0,"(1, 2)",6122f332c9f0e8bb1209dc7d
24.0,56.500000000005116,7010,test,3802.5746437560597,1.0,1.0,"(1, 2)",6122f332c9f0e8bb1209dc7d
24.0,57.7500000000054,7011,test,3803.82464375606,1.0,1.0,"(1, 2)",6122f332c9f0e8bb1209dc7d
24.0,59.000000000005684,7012,test,3805.0746437560606,1.0,1.0,"(1, 2)",6122f332c9f0e8bb1209dc7d
24.0,60.25000000000597,7013,test,3806.324643756061,1.0,1.0,"(1, 2)",6122f332c9f0e8bb1209dc7d
24.0,61.50000000000625,7014,test,3807.5746437560615,1.0,1.0,"(1, 2)",6122f332c9f0e8bb1209dc7d
24.0,62.75000000000654,7015,test,3808.824643756062,1.0,1.0,"(1, 2)",6122f332c9f0e8bb1209dc7d
24.0,64.00000000000682,7016,test,3810.0746437560624,1.0,1.0,"(1, 2)",6122f332c9f0e8bb1209dc7d
24.0,65.2500000000071,7017,test,3811.324643756063,1.0,1.0,"(1, 2)",6122f332c9f0e8bb1209dc7d
24.0,66.50000000000739,7018,test,3812.5746437560633,1.0,1.0,"(1, 2)",6122f332c9f0e8bb1209dc7d
24.0,67.75000000000767,7019,test,3813.824643756064,1.0,1.0,"(1, 2)",6122f332c9f0e8bb1209dc7d
24.0,69.00000000000796,7020,test,3815.0746437560642,1.0,1.0,"(1, 2)",6122f332c9f0e8bb1209dc7d
24.0,70.25000000000824,7021,test,3816.3246437560647,1.0,1.0,"(1, 2)",6122f332c9f0e8bb1209dc7d
24.0,71.50000000000853,7022,test,3817.574643756065,1.0,1.0,"(1, 2)",6122f332c9f0e8bb1209dc7d
24.0,72.75000000000881,7023,test,3818.8246437560656,1.0,1.0,"(1, 2)",6122f332c9f0e8bb1209dc7d
24.0,74.0000000000091,7024,test,3820.074643756066,1.0,1.0,"(1, 2)",6122f332c9f0e8bb1209dc7d
24.0,75.25000000000938,7025,test,3821.3246437560665,1.0,1.0,"(1, 2)",6122f332c9f0e8bb1209dc7d
24.0,76.50000000000966,7026,test,3822.574643756067,1.0,1.0,"(1, 2)",6122f332c9f0e8bb1209dc7d
24.0,77.75000000000995,7027,test,3823.8246437560674,1.0,1.0,"(1, 2)",6122f332c9f0e8bb1209dc7d
24.0,79.00000000001023,7028,test,3825.074643756068,1.0,1.0,"(1, 2)",6122f332c9f0e8bb1209dc7d
24.0,80.25000000001052,7029,test,3826.3246437560683,1.0,1.0,"(1, 2)",6122f332c9f0e8bb1209dc7d
24.0,81.5000000000108,7030,test,3827.574643756069,1.0,1.0,"(1, 2)",6122f332c9f0e8bb1209dc7d
24.0,82.75000000001108,7031,test,3828.8246437560692,1.0,1.0,"(1, 2)",6122f332c9f0e8bb1209dc7d
24.0,84.00000000001137,7032,test,3830.0746437560697,1.0,1.0,"(1, 2)",6122f332c9f0e8bb1209dc7d
24.0,85.25000000001165,7033,test,3831.32464375607,1.0,1.0,"(1, 2)",6122f332c9f0e8bb1209dc7d
24.0,86.50000000001194,7034,test,3832.5746437560706,1.0,1.0,"(1, 2)",6122f332c9f0e8bb1209dc7d
24.0,87.75000000001222,7035,test,3833.824643756071,1.0,1.0,"(1, 2)",6122f332c9f0e8bb1209dc7d
24.0,89.0000000000125,7036,test,3835.0746437560715,1.0,1.0,"(1, 2)",6122f332c9f0e8bb1209dc7d
24.0,90.25000000001279,7037,test,3836.324643756072,1.0,1.0,"(1, 2)",6122f332c9f0e8bb1209dc7d
24.0,91.50000000001307,7038,test,3837.5746437560724,1.0,1.0,"(1, 2)",6122f332c9f0e8bb1209dc7d
24.0,92.75000000001336,7039,test,3838.824643756073,1.0,1.0,"(1, 2)",6122f332c9f0e8bb1209dc7d
24.0,94.00000000001364,7040,test,3840.0746437560733,1.0,1.0,"(1, 2)",6122f332c9f0e8bb1209dc7d
24.0,95.25000000001393,7041,test,3841.324643756074,1.0,1.0,"(1, 2)",6122f332c9f0e8bb1209dc7d
24.0,96.50000000001421,7042,test,3842.5746437560742,1.0,1.0,"(1, 2)",6122f332c9f0e8bb1209dc7d
24.0,97.7500000000145,7043,test,3843.8246437560747,1.0,1.0,"(1, 2)",6122f332c9f0e8bb1209dc7d
24.0,99.00000000001478,7044,test,3845.074643756075,1.0,1.0,"(1, 2)",6122f332c9f0e8bb1209dc7d
24.0,100.25000000001506,7045,test,3846.3246437560756,1.0,1.0,"(1, 2)",6122f332c9f0e8bb1209dc7d
24.0,101.50000000001535,7046,test,3847.574643756076,1.0,1.0,"(1, 2)",6122f332c9f0e8bb1209dc7d
24.0,102.75000000001563,7047,test,3848.8246437560765,1.0,1.0,"(1, 2)",6122f332c9f0e8bb1209dc7d
24.0,104.00000000001592,7048,test,3850.074643756077,1.0,1.0,"(1, 2)",6122f332c9f0e8bb1209dc7d
24.0,105.2500000000162,7049,test,3851.3246437560774,1.0,1.0,"(1, 2)",6122f332c9f0e8bb1209dc7d
24.0,106.50000000001648,7050,test,3852.574643756078,1.0,1.0,"(1, 2)",6122f332c9f0e8bb1209dc7d
24.0,107.75000000001677,7051,test,3853.8246437560783,1.0,1.0,"(1, 2)",6122f332c9f0e8bb1209dc7d
24.0,109.00000000001705,7052,test,3855.074643756079,1.0,1.0,"(1, 2)",6122f332c9f0e8bb1209dc7d
24.0,110.25000000001734,7053,test,3856.3246437560792,1.0,1.0,"(1, 2)",6122f332c9f0e8bb1209dc7d
24.0,111.50000000001762,7054,test,3857.5746437560797,1.0,1.0,"(1, 2)",6122f332c9f0e8bb1209dc7d
24.0,112.7500000000179,7055,test,3858.82464375608,1.0,1.0,"(1, 2)",6122f332c9f0e8bb1209dc7d
24.0,114.00000000001819,7056,test,3860.0746437560806,1.0,1.0,"(1, 2)",6122f332c9f0e8bb1209dc7d
24.0,115.25000000001847,7057,test,3861.324643756081,1.0,1.0,"(1, 2)",6122f332c9f0e8bb1209dc7d
24.0,116.50000000001876,7058,test,3862.5746437560815,1.0,1.0,"(1, 2)",6122f332c9f0e8bb1209dc7d
24.0,117.75000000001904,7059,test,3863.824643756082,1.0,1.0,"(1, 2)",6122f332c9f0e8bb1209dc7d
24.0,119.00000000001933,7060,test,3865.0746437560824,1.0,1.0,"(1, 2)",6122f332c9f0e8bb1209dc7d
24.0,120.0,7061,test,3866.074643756063,1.0,1.0,"(1, 2)",6122f332c9f0e8bb1209dc7d
24.0,120.0,7062,test,3866.074643756063,1.0,1.0,"(1, 2)",6122f332c9f0e8bb1209dc7d
24.0,120.0,7063,test,3866.074643756063,1.0,1.0,"(1, 2)",6122f332c9f0e8bb1209dc7d
24.0,120.0,7064,test,3866.074643756063,1.0,1.0,"(1, 2)",6122f332c9f0e8bb1209dc7d
24.0,120.0,7065,test,3866.074643756063,1.0,1.0,"(1, 2)",6122f332c9f0e8bb1209dc7d
24.0,120.0,7066,test,3866.074643756063,1.0,1.0,"(1, 2)",6122f332c9f0e8bb1209dc7d
24.0,120.0,7067,test,3866.074643756063,1.0,1.0,"(1, 2)",6122f332c9f0e8bb1209dc7d
24.0,120.0,7068,test,3866.074643756063,1.0,1.0,"(1, 2)",6122f332c9f0e8bb1209dc7d
24.0,120.0,7069,test,3866.074643756063,1.0,1.0,"(1, 2)",6122f332c9f0e8bb1209dc7d
24.0,120.0,7070,test,3866.074643756063,1.0,1.0,"(1, 2)",6122f332c9f0e8bb1209dc7d
24.0,120.0,7071,test,3866.074643756063,1.0,1.0,"(1, 2)",6122f332c9f0e8bb1209dc7d
24.0,120.0,7072,test,3866.074643756063,1.0,1.0,"(1, 2)",6122f332c9f0e8bb1209dc7d
24.0,120.0,7073,test,3866.074643756063,1.0,1.0,"(1, 2)",6122f332c9f0e8bb1209dc7d
24.0,120.0,7074,test,3866.074643756063,1.0,1.0,"(1, 2)",6122f332c9f0e8bb1209dc7d
24.0,120.0,7075,test,3866.074643756063,1.0,1.0,"(1, 2)",6122f332c9f0e8bb1209dc7d
24.0,120.0,7076,test,3866.074643756063,1.0,1.0,"(1, 2)",6122f332c9f0e8bb1209dc7d
24.0,120.0,7077,test,3866.074643756063,1.0,1.0,"(1, 2)",6122f332c9f0e8bb1209dc7d
24.0,120.0,7078,test,3866.074643756063,1.0,1.0,"(1, 2)",6122f332c9f0e8bb1209dc7d
24.0,120.0,7079,test,3866.074643756063,1.0,1.0,"(1, 2)",6122f332c9f0e8bb1209dc7d
24.0,120.0,7080,test,3866.074643756063,1.0,1.0,"(1, 2)",6122f332c9f0e8bb1209dc7d
24.0,120.0,7081,test,3866.074643756063,1.0,1.0,"(1, 2)",6122f332c9f0e8bb1209dc7d
24.0,120.0,7082,test,3866.074643756063,1.0,1.0,"(1, 2)",6122f332c9f0e8bb1209dc7d
24.0,120.0,7083,test,3866.074643756063,1.0,1.0,"(1, 2)",6122f332c9f0e8bb1209dc7d
24.0,120.0,7084,test,3866.074643756063,1.0,1.0,"(1, 2)",6122f332c9f0e8bb1209dc7d
24.0,120.0,7085,test,3866.074643756063,1.0,1.0,"(1, 2)",6122f332c9f0e8bb1209dc7d
24.0,120.0,7086,test,3866.074643756063,1.0,1.0,"(1, 2)",6122f332c9f0e8bb1209dc7d
24.0,120.0,7087,test,3866.074643756063,1.0,1.0,"(1, 2)",6122f332c9f0e8bb1209dc7d
24.0,120.0,7088,test,3866.074643756063,1.0,1.0,"(1, 2)",6122f332c9f0e8bb1209dc7d
24.0,120.0,7089,test,3866.074643756063,1.0,1.0,"(1, 2)",6122f332c9f0e8bb1209dc7d
24.0,120.0,7090,test,3866.074643756063,1.0,1.0,"(1, 2)",6122f332c9f0e8bb1209dc7d
24.0,120.0,7091,test,3866.074643756063,1.0,1.0,"(1, 2)",6122f332c9f0e8bb1209dc7d
24.0,120.0,7092,test,3866.074643756063,1.0,1.0,"(1, 2)",6122f332c9f0e8bb1209dc7d
24.0,120.0,7093,test,3866.074643756063,1.0,1.0,"(1, 2)",6122f332c9f0e8bb1209dc7d
24.0,120.0,7094,test,3866.074643756063,1.0,1.0,"(1, 2)",6122f332c9f0e8bb1209dc7d
24.0,120.0,7095,test,3866.074643756063,1.0,1.0,"(1, 2)",6122f332c9f0e8bb1209dc7d
24.0,120.0,7096,test,3866.074643756063,1.0,1.0,"(1, 2)",6122f332c9f0e8bb1209dc7d
24.0,120.0,7097,test,3866.074643756063,1.0,1.0,"(1, 2)",6122f332c9f0e8bb1209dc7d
24.0,120.0,7098,test,3866.074643756063,1.0,1.0,"(1, 2)",6122f332c9f0e8bb1209dc7d
24.0,120.0,7099,test,3866.074643756063,1.0,1.0,"(1, 2)",6122f332c9f0e8bb1209dc7d
24.0,120.0,7100,test,3866.074643756063,1.0,1.0,"(1, 2)",6122f332c9f0e8bb1209dc7d
24.0,120.0,7101,test,3866.074643756063,1.0,1.0,"(1, 2)",6122f332c9f0e8bb1209dc7d
24.0,120.0,7102,test,3866.074643756063,1.0,1.0,"(1, 2)",6122f332c9f0e8bb1209dc7d
24.0,120.0,7103,test,3866.074643756063,1.0,1.0,"(1, 2)",6122f332c9f0e8bb1209dc7d
24.0,120.0,7104,test,3866.074643756063,1.0,1.0,"(1, 2)",6122f332c9f0e8bb1209dc7d
24.0,120.0,7105,test,3866.074643756063,1.0,1.0,"(1, 2)",6122f332c9f0e8bb1209dc7d
24.0,120.0,7106,test,3866.074643756063,1.0,1.0,"(1, 2)",6122f332c9f0e8bb1209dc7d
24.0,120.0,7107,test,3866.074643756063,1.0,1.0,"(1, 2)",6122f332c9f0e8bb1209dc7d
24.0,120.0,7108,test,3866.074643756063,1.0,1.0,"(1, 2)",6122f332c9f0e8bb1209dc7d
24.0,120.0,7109,test,3866.074643756063,1.0,1.0,"(1, 2)",6122f332c9f0e8bb1209dc7d
24.0,120.0,7110,test,3866.074643756063,1.0,1.0,"(1, 2)",6122f332c9f0e8bb1209dc7d
24.0,120.0,7111,test,3866.074643756063,1.0,1.0,"(1, 2)",6122f332c9f0e8bb1209dc7d
24.0,120.0,7112,test,3866.074643756063,1.0,1.0,"(1, 2)",6122f332c9f0e8bb1209dc7d
24.0,120.0,7113,test,3866.074643756063,1.0,1.0,"(1, 2)",6122f332c9f0e8bb1209dc7d
24.0,120.0,7114,test,3866.074643756063,1.0,1.0,"(1, 2)",6122f332c9f0e8bb1209dc7d
24.0,120.0,7115,test,3866.074643756063,1.0,1.0,"(1, 2)",6122f332c9f0e8bb1209dc7d
24.0,120.0,7116,test,3866.074643756063,1.0,1.0,"(1, 2)",6122f332c9f0e8bb1209dc7d
24.0,120.0,7117,test,3866.074643756063,1.0,1.0,"(1, 2)",6122f332c9f0e8bb1209dc7d
24.0,120.0,7118,test,3866.074643756063,1.0,1.0,"(1, 2)",6122f332c9f0e8bb1209dc7d
24.0,120.0,7119,test,3866.074643756063,1.0,1.0,"(1, 2)",6122f332c9f0e8bb1209dc7d
24.0,120.0,7120,test,3866.074643756063,1.0,1.0,"(1, 2)",6122f332c9f0e8bb1209dc7d
24.0,120.0,7121,test,3866.074643756063,1.0,1.0,"(1, 2)",6122f332c9f0e8bb1209dc7d
24.0,120.0,7122,test,3866.074643756063,1.0,1.0,"(1, 2)",6122f332c9f0e8bb1209dc7d
24.0,120.0,7123,test,3866.074643756063,1.0,1.0,"(1, 2)",6122f332c9f0e8bb1209dc7d
24.0,120.0,7124,test,3866.074643756063,1.0,1.0,"(1, 2)",6122f332c9f0e8bb1209dc7d
24.0,120.0,7125,test,3866.074643756063,1.0,1.0,"(1, 2)",6122f332c9f0e8bb1209dc7d
24.0,120.0,7126,test,3866.074643756063,1.0,1.0,"(1, 2)",6122f332c9f0e8bb1209dc7d
24.0,120.0,7127,test,3866.074643756063,1.0,1.0,"(1, 2)",6122f332c9f0e8bb1209dc7d
24.0,120.0,7128,test,3866.074643756063,1.0,1.0,"(1, 2)",6122f332c9f0e8bb1209dc7d
24.0,120.0,7129,test,3866.074643756063,1.0,1.0,"(1, 2)",6122f332c9f0e8bb1209dc7d
24.0,120.0,7130,test,3866.074643756063,1.0,1.0,"(1, 2)",6122f332c9f0e8bb1209dc7d
24.0,120.0,7131,test,3866.074643756063,1.0,1.0,"(1, 2)",6122f332c9f0e8bb1209dc7d
24.0,120.0,7132,test,3866.074643756063,1.0,1.0,"(1, 2)",6122f332c9f0e8bb1209dc7d
24.0,120.0,7133,test,3866.074643756063,1.0,1.0,"(1, 2)",6122f332c9f0e8bb1209dc7d
24.0,120.0,7134,test,3866.074643756063,1.0,1.0,"(1, 2)",6122f332c9f0e8bb1209dc7d
24.0,120.0,7135,test,3866.074643756063,1.0,1.0,"(1, 2)",6122f332c9f0e8bb1209dc7d
24.0,120.0,7136,test,3866.074643756063,1.0,1.0,"(1, 2)",6122f332c9f0e8bb1209dc7d
24.0,120.0,7137,test,3866.074643756063,1.0,1.0,"(1, 2)",6122f332c9f0e8bb1209dc7d
24.0,120.0,7138,test,3866.074643756063,1.0,1.0,"(1, 2)",6122f332c9f0e8bb1209dc7d
24.0,120.0,7139,test,3866.074643756063,1.0,1.0,"(1, 2)",6122f332c9f0e8bb1209dc7d
24.0,120.0,7140,test,3866.074643756063,1.0,1.0,"(1, 2)",6122f332c9f0e8bb1209dc7d
24.0,120.0,7141,test,3866.074643756063,1.0,1.0,"(1, 2)",6122f332c9f0e8bb1209dc7d
24.0,120.0,7142,test,3866.074643756063,1.0,1.0,"(1, 2)",6122f332c9f0e8bb1209dc7d
24.0,120.0,7143,test,3866.074643756063,1.0,1.0,"(1, 2)",6122f332c9f0e8bb1209dc7d
24.0,120.0,7144,test,3866.074643756063,1.0,1.0,"(1, 2)",6122f332c9f0e8bb1209dc7d
24.0,120.0,7145,test,3866.074643756063,1.0,1.0,"(1, 2)",6122f332c9f0e8bb1209dc7d
24.0,120.0,7146,test,3866.074643756063,1.0,1.0,"(1, 2)",6122f332c9f0e8bb1209dc7d
24.0,120.0,7147,test,3866.074643756063,1.0,1.0,"(1, 2)",6122f332c9f0e8bb1209dc7d
24.0,120.0,7148,test,3866.074643756063,1.0,1.0,"(1, 2)",6122f332c9f0e8bb1209dc7d
24.0,120.0,7149,test,3866.074643756063,1.0,1.0,"(1, 2)",6122f332c9f0e8bb1209dc7d
24.0,120.0,7150,test,3866.074643756063,1.0,1.0,"(1, 2)",6122f332c9f0e8bb1209dc7d
24.0,120.0,7151,test,3866.074643756063,1.0,1.0,"(1, 2)",6122f332c9f0e8bb1209dc7d
24.0,120.0,7152,test,3866.074643756063,1.0,1.0,"(1, 2)",6122f332c9f0e8bb1209dc7d
24.0,120.0,7153,test,3866.074643756063,1.0,1.0,"(1, 2)",6122f332c9f0e8bb1209dc7d
24.0,120.0,7154,test,3866.074643756063,1.0,1.0,"(1, 2)",6122f332c9f0e8bb1209dc7d
24.0,120.0,7155,test,3866.074643756063,1.0,1.0,"(1, 2)",6122f332c9f0e8bb1209dc7d
24.0,120.0,7156,test,3866.074643756063,1.0,1.0,"(1, 2)",6122f332c9f0e8bb1209dc7d
24.0,120.0,7157,test,3866.074643756063,1.0,1.0,"(1, 2)",6122f332c9f0e8bb1209dc7d
24.0,120.0,7158,test,3866.074643756063,1.0,1.0,"(1, 2)",6122f332c9f0e8bb1209dc7d
24.0,120.0,7159,test,3866.074643756063,1.0,1.0,"(1, 2)",6122f332c9f0e8bb1209dc7d
24.0,120.0,7160,test,3866.074643756063,1.0,1.0,"(1, 2)",6122f332c9f0e8bb1209dc7d
24.0,120.0,7161,test,3866.074643756063,1.0,1.0,"(1, 2)",6122f332c9f0e8bb1209dc7d
24.0,118.74999999999972,7162,test,3867.3246437560633,1.0,1.0,"(1, 2)",6122f332c9f0e8bb1209dc7d
24.0,117.49999999999943,7163,test,3868.574643756064,1.0,1.0,"(1, 2)",6122f332c9f0e8bb1209dc7d
24.0,116.24999999999915,7164,test,3869.8246437560642,1.0,1.0,"(1, 2)",6122f332c9f0e8bb1209dc7d
24.0,114.99999999999886,7165,test,3871.0746437560647,1.0,1.0,"(1, 2)",6122f332c9f0e8bb1209dc7d
24.0,113.74999999999858,7166,test,3872.324643756065,1.0,1.0,"(1, 2)",6122f332c9f0e8bb1209dc7d
24.0,112.4999999999983,7167,test,3873.5746437560656,1.0,1.0,"(1, 2)",6122f332c9f0e8bb1209dc7d
24.0,111.24999999999801,7168,test,3874.824643756066,1.0,1.0,"(1, 2)",6122f332c9f0e8bb1209dc7d
24.0,109.99999999999773,7169,test,3876.0746437560665,1.0,1.0,"(1, 2)",6122f332c9f0e8bb1209dc7d
24.0,108.74999999999744,7170,test,3877.324643756067,1.0,1.0,"(1, 2)",6122f332c9f0e8bb1209dc7d
24.0,107.49999999999716,7171,test,3878.5746437560674,1.0,1.0,"(1, 2)",6122f332c9f0e8bb1209dc7d
24.0,106.24999999999687,7172,test,3879.824643756068,1.0,1.0,"(1, 2)",6122f332c9f0e8bb1209dc7d
24.0,104.99999999999659,7173,test,3881.0746437560683,1.0,1.0,"(1, 2)",6122f332c9f0e8bb1209dc7d
24.0,103.7499999999963,7174,test,3882.324643756069,1.0,1.0,"(1, 2)",6122f332c9f0e8bb1209dc7d
24.0,102.49999999999602,7175,test,3883.5746437560692,1.0,1.0,"(1, 2)",6122f332c9f0e8bb1209dc7d
24.0,101.24999999999574,7176,test,3884.8246437560697,1.0,1.0,"(1, 2)",6122f332c9f0e8bb1209dc7d
24.0,99.99999999999545,7177,test,3886.07464375607,1.0,1.0,"(1, 2)",6122f332c9f0e8bb1209dc7d
24.0,98.74999999999517,7178,test,3887.3246437560706,1.0,1.0,"(1, 2)",6122f332c9f0e8bb1209dc7d
24.0,97.49999999999488,7179,test,3888.574643756071,1.0,1.0,"(1, 2)",6122f332c9f0e8bb1209dc7d
24.0,96.2499999999946,7180,test,3889.8246437560715,1.0,1.0,"(1, 2)",6122f332c9f0e8bb1209dc7d
24.0,94.99999999999432,7181,test,3891.074643756072,1.0,1.0,"(1, 2)",6122f332c9f0e8bb1209dc7d
24.0,93.74999999999403,7182,test,3892.3246437560724,1.0,1.0,"(1, 2)",6122f332c9f0e8bb1209dc7d
24.0,92.49999999999375,7183,test,3893.574643756073,1.0,1.0,"(1, 2)",6122f332c9f0e8bb1209dc7d
24.0,91.24999999999346,7184,test,3894.8246437560733,1.0,1.0,"(1, 2)",6122f332c9f0e8bb1209dc7d
24.0,89.99999999999318,7185,test,3896.074643756074,1.0,1.0,"(1, 2)",6122f332c9f0e8bb1209dc7d
24.0,88.7499999999929,7186,test,3897.3246437560742,1.0,1.0,"(1, 2)",6122f332c9f0e8bb1209dc7d
24.0,87.49999999999261,7187,test,3898.5746437560747,1.0,1.0,"(1, 2)",6122f332c9f0e8bb1209dc7d
24.0,86.24999999999233,7188,test,3899.824643756075,1.0,1.0,"(1, 2)",6122f332c9f0e8bb1209dc7d
24.0,84.99999999999204,7189,test,3901.0746437560756,1.0,1.0,"(1, 2)",6122f332c9f0e8bb1209dc7d
24.0,83.74999999999176,7190,test,3902.324643756076,1.0,1.0,"(1, 2)",6122f332c9f0e8bb1209dc7d
24.0,82.49999999999147,7191,test,3903.5746437560765,1.0,1.0,"(1, 2)",6122f332c9f0e8bb1209dc7d
24.0,81.24999999999119,7192,test,3904.824643756077,1.0,1.0,"(1, 2)",6122f332c9f0e8bb1209dc7d
24.0,79.9999999999909,7193,test,3906.0746437560774,1.0,1.0,"(1, 2)",6122f332c9f0e8bb1209dc7d
24.0,78.74999999999062,7194,test,3907.324643756078,1.0,1.0,"(1, 2)",6122f332c9f0e8bb1209dc7d
24.0,77.49999999999034,7195,test,3908.5746437560783,1.0,1.0,"(1, 2)",6122f332c9f0e8bb1209dc7d
24.0,76.24999999999005,7196,test,3909.824643756079,1.0,1.0,"(1, 2)",6122f332c9f0e8bb1209dc7d
24.0,74.99999999998977,7197,test,3911.0746437560792,1.0,1.0,"(1, 2)",6122f332c9f0e8bb1209dc7d
24.0,73.74999999998948,7198,test,3912.3246437560797,1.0,1.0,"(1, 2)",6122f332c9f0e8bb1209dc7d
24.0,72.4999999999892,7199,test,3913.57464375608,1.0,1.0,"(1, 2)",6122f332c9f0e8bb1209dc7d
24.0,71.24999999998892,7200,test,3914.8246437560806,1.0,1.0,"(1, 2)",6122f332c9f0e8bb1209dc7d
24.0,69.99999999998863,7201,test,3916.074643756081,1.0,1.0,"(1, 2)",6122f332c9f0e8bb1209dc7d
24.0,68.74999999998835,7202,test,3917.3246437560815,1.0,1.0,"(1, 2)",6122f332c9f0e8bb1209dc7d
24.0,67.49999999998806,7203,test,3918.574643756082,1.0,1.0,"(1, 2)",6122f332c9f0e8bb1209dc7d
24.0,66.24999999998778,7204,test,3919.8246437560824,1.0,1.0,"(1, 2)",6122f332c9f0e8bb1209dc7d
24.0,64.9999999999875,7205,test,3921.074643756083,1.0,1.0,"(1, 2)",6122f332c9f0e8bb1209dc7d
24.0,63.74999999998721,7206,test,3922.3246437560833,1.0,1.0,"(1, 2)",6122f332c9f0e8bb1209dc7d
24.0,62.499999999986926,7207,test,3923.574643756084,1.0,1.0,"(1, 2)",6122f332c9f0e8bb1209dc7d
24.0,61.24999999998664,7208,test,3924.8246437560842,1.0,1.0,"(1, 2)",6122f332c9f0e8bb1209dc7d
24.0,59.99999999998636,7209,test,3926.0746437560847,1.0,1.0,"(1, 2)",6122f332c9f0e8bb1209dc7d
24.0,58.74999999998607,7210,test,3927.324643756085,1.0,1.0,"(1, 2)",6122f332c9f0e8bb1209dc7d
24.0,57.49999999998579,7211,test,3928.5746437560856,1.0,1.0,"(1, 2)",6122f332c9f0e8bb1209dc7d
24.0,56.249999999985505,7212,test,3929.824643756086,1.0,1.0,"(1, 2)",6122f332c9f0e8bb1209dc7d
24.0,54.99999999998522,7213,test,3931.0746437560865,1.0,1.0,"(1, 2)",6122f332c9f0e8bb1209dc7d
24.0,53.74999999998494,7214,test,3932.324643756087,1.0,1.0,"(1, 2)",6122f332c9f0e8bb1209dc7d
24.0,52.49999999998465,7215,test,3933.5746437560874,1.0,1.0,"(1, 2)",6122f332c9f0e8bb1209dc7d
24.0,51.24999999998437,7216,test,3934.824643756088,1.0,1.0,"(1, 2)",6122f332c9f0e8bb1209dc7d
24.0,49.999999999984084,7217,test,3936.0746437560883,1.0,1.0,"(1, 2)",6122f332c9f0e8bb1209dc7d
24.0,48.7499999999838,7218,test,3937.324643756089,1.0,1.0,"(1, 2)",6122f332c9f0e8bb1209dc7d
24.0,47.499999999983515,7219,test,3938.5746437560892,1.0,1.0,"(1, 2)",6122f332c9f0e8bb1209dc7d
24.0,46.24999999998323,7220,test,3939.8246437560897,1.0,1.0,"(1, 2)",6122f332c9f0e8bb1209dc7d
24.0,44.99999999998295,7221,test,3941.07464375609,1.0,1.0,"(1, 2)",6122f332c9f0e8bb1209dc7d
24.0,43.74999999998266,7222,test,3942.3246437560906,1.0,1.0,"(1, 2)",6122f332c9f0e8bb1209dc7d
24.0,42.49999999998238,7223,test,3943.574643756091,1.0,1.0,"(1, 2)",6122f332c9f0e8bb1209dc7d
24.0,41.249999999982094,7224,test,3944.8246437560915,1.0,1.0,"(1, 2)",6122f332c9f0e8bb1209dc7d
24.0,39.99999999998181,7225,test,3946.074643756092,1.0,1.0,"(1, 2)",6122f332c9f0e8bb1209dc7d
24.0,38.749999999981526,7226,test,3947.3246437560924,1.0,1.0,"(1, 2)",6122f332c9f0e8bb1209dc7d
24.0,37.49999999998124,7227,test,3948.574643756093,1.0,1.0,"(1, 2)",6122f332c9f0e8bb1209dc7d
24.0,36.24999999998096,7228,test,3949.8246437560933,1.0,1.0,"(1, 2)",6122f332c9f0e8bb1209dc7d
24.0,34.99999999998067,7229,test,3951.074643756094,1.0,1.0,"(1, 2)",6122f332c9f0e8bb1209dc7d
24.0,33.74999999998039,7230,test,3952.3246437560942,1.0,1.0,"(1, 2)",6122f332c9f0e8bb1209dc7d
24.0,32.499999999980105,7231,test,3953.5746437560947,1.0,1.0,"(1, 2)",6122f332c9f0e8bb1209dc7d
24.0,31.249999999980037,7232,test,3954.8246437560947,1.0,1.0,"(1, 2)",6122f332c9f0e8bb1209dc7d
24.0,29.99999999998011,7233,test,3956.0746437560947,1.0,1.0,"(1, 2)",6122f332c9f0e8bb1209dc7d
24.0,28.74999999998018,7234,test,3957.3246437560947,1.0,1.0,"(1, 2)",6122f332c9f0e8bb1209dc7d
24.0,27.49999999998025,7235,test,3958.5746437560947,1.0,1.0,"(1, 2)",6122f332c9f0e8bb1209dc7d
24.0,26.24999999998032,7236,test,3959.8246437560947,1.0,1.0,"(1, 2)",6122f332c9f0e8bb1209dc7d
24.0,24.999999999980393,7237,test,3961.0746437560947,1.0,1.0,"(1, 2)",6122f332c9f0e8bb1209dc7d
24.0,24.0,7238,test,3962.074643756075,1.0,1.0,"(1, 2)",6122f332c9f0e8bb1209dc7d
24.0,24.0,7239,test,3962.074643756075,1.0,1.0,"(1, 2)",6122f332c9f0e8bb1209dc7d
24.0,24.0,7240,test,3962.074643756075,1.0,1.0,"(1, 2)",6122f332c9f0e8bb1209dc7d
24.0,24.0,7241,test,3962.074643756075,1.0,1.0,"(1, 2)",6122f332c9f0e8bb1209dc7d
24.0,24.0,7242,test,3962.074643756075,1.0,1.0,"(1, 2)",6122f332c9f0e8bb1209dc7d
24.0,24.0,7243,test,3962.074643756075,1.0,1.0,"(1, 2)",6122f332c9f0e8bb1209dc7d
24.0,24.0,7244,test,3962.074643756075,1.0,1.0,"(1, 2)",6122f332c9f0e8bb1209dc7d
24.0,24.0,7245,test,3962.074643756075,1.0,1.0,"(1, 2)",6122f332c9f0e8bb1209dc7d
24.0,24.0,7246,test,3962.074643756075,1.0,1.0,"(1, 2)",6122f332c9f0e8bb1209dc7d
24.0,24.0,7247,test,3962.074643756075,1.0,1.0,"(1, 2)",6122f332c9f0e8bb1209dc7d
24.0,24.0,7248,test,3962.074643756075,1.0,1.0,"(1, 2)",6122f332c9f0e8bb1209dc7d
24.0,24.0,7249,test,3962.074643756075,1.0,1.0,"(1, 2)",6122f332c9f0e8bb1209dc7d
24.0,24.0,7250,test,3962.074643756075,1.0,1.0,"(1, 2)",6122f332c9f0e8bb1209dc7d
24.0,24.0,7251,test,3962.074643756075,1.0,1.0,"(1, 2)",6122f332c9f0e8bb1209dc7d
24.0,24.0,7252,test,3962.074643756075,1.0,1.0,"(1, 2)",6122f332c9f0e8bb1209dc7d
24.0,24.0,7253,test,3962.074643756075,1.0,1.0,"(1, 2)",6122f332c9f0e8bb1209dc7d
24.0,24.0,7254,test,3962.074643756075,1.0,1.0,"(1, 2)",6122f332c9f0e8bb1209dc7d
24.0,24.0,7255,test,3962.074643756075,1.0,1.0,"(1, 2)",6122f332c9f0e8bb1209dc7d
24.0,24.0,7256,test,3962.074643756075,1.0,1.0,"(1, 2)",6122f332c9f0e8bb1209dc7d
24.0,24.0,7257,test,3962.074643756075,1.0,1.0,"(1, 2)",6122f332c9f0e8bb1209dc7d
24.0,24.0,7258,test,3962.074643756075,1.0,1.0,"(1, 2)",6122f332c9f0e8bb1209dc7d
24.0,24.0,7259,test,3962.074643756075,1.0,1.0,"(1, 2)",6122f332c9f0e8bb1209dc7d
24.0,24.0,7260,test,3962.074643756075,1.0,1.0,"(1, 2)",6122f332c9f0e8bb1209dc7d
24.0,24.0,7261,test,3962.074643756075,1.0,1.0,"(1, 2)",6122f332c9f0e8bb1209dc7d
24.0,24.0,7262,test,3962.074643756075,1.0,1.0,"(1, 2)",6122f332c9f0e8bb1209dc7d
24.0,24.0,7263,test,3962.074643756075,1.0,1.0,"(1, 2)",6122f332c9f0e8bb1209dc7d
24.0,24.0,7264,test,3962.074643756075,1.0,1.0,"(1, 2)",6122f332c9f0e8bb1209dc7d
24.0,24.0,7265,test,3962.074643756075,1.0,1.0,"(1, 2)",6122f332c9f0e8bb1209dc7d
24.0,24.0,7266,test,3962.074643756075,1.0,1.0,"(1, 2)",6122f332c9f0e8bb1209dc7d
24.0,24.0,7267,test,3962.074643756075,1.0,1.0,"(1, 2)",6122f332c9f0e8bb1209dc7d
24.0,24.0,7268,test,3962.074643756075,1.0,1.0,"(1, 2)",6122f332c9f0e8bb1209dc7d
24.0,24.0,7269,test,3962.074643756075,1.0,1.0,"(1, 2)",6122f332c9f0e8bb1209dc7d
24.0,24.0,7270,test,3962.074643756075,1.0,1.0,"(1, 2)",6122f332c9f0e8bb1209dc7d
24.0,24.0,7271,test,3962.074643756075,1.0,1.0,"(1, 2)",6122f332c9f0e8bb1209dc7d
24.0,24.0,7272,test,3962.074643756075,1.0,1.0,"(1, 2)",6122f332c9f0e8bb1209dc7d
24.0,24.0,7273,test,3962.074643756075,1.0,1.0,"(1, 2)",6122f332c9f0e8bb1209dc7d
24.0,24.0,7274,test,3962.074643756075,1.0,1.0,"(1, 2)",6122f332c9f0e8bb1209dc7d
24.0,24.0,7275,test,3962.074643756075,1.0,1.0,"(1, 2)",6122f332c9f0e8bb1209dc7d
24.0,24.0,7276,test,3962.074643756075,1.0,1.0,"(1, 2)",6122f332c9f0e8bb1209dc7d
24.0,24.0,7277,test,3962.074643756075,1.0,1.0,"(1, 2)",6122f332c9f0e8bb1209dc7d
24.0,24.0,7278,test,3962.074643756075,1.0,1.0,"(1, 2)",6122f332c9f0e8bb1209dc7d
24.0,24.0,7279,test,3962.074643756075,1.0,1.0,"(1, 2)",6122f332c9f0e8bb1209dc7d
24.0,24.0,7280,test,3962.074643756075,1.0,1.0,"(1, 2)",6122f332c9f0e8bb1209dc7d
24.0,24.0,7281,test,3962.074643756075,1.0,1.0,"(1, 2)",6122f332c9f0e8bb1209dc7d
24.0,24.0,7282,test,3962.074643756075,1.0,1.0,"(1, 2)",6122f332c9f0e8bb1209dc7d
24.0,24.0,7283,test,3962.074643756075,1.0,1.0,"(1, 2)",6122f332c9f0e8bb1209dc7d
24.0,24.0,7284,test,3962.074643756075,1.0,1.0,"(1, 2)",6122f332c9f0e8bb1209dc7d
24.0,24.0,7285,test,3962.074643756075,1.0,1.0,"(1, 2)",6122f332c9f0e8bb1209dc7d
24.0,24.0,7286,test,3962.074643756075,1.0,1.0,"(1, 2)",6122f332c9f0e8bb1209dc7d
24.0,24.0,7287,test,3962.074643756075,1.0,1.0,"(1, 2)",6122f332c9f0e8bb1209dc7d
24.0,24.0,7288,test,3962.074643756075,1.0,1.0,"(1, 2)",6122f332c9f0e8bb1209dc7d
24.0,24.0,7289,test,3962.074643756075,1.0,1.0,"(1, 2)",6122f332c9f0e8bb1209dc7d
24.0,24.0,7290,test,3962.074643756075,1.0,1.0,"(1, 2)",6122f332c9f0e8bb1209dc7d
24.0,24.0,7291,test,3962.074643756075,1.0,1.0,"(1, 2)",6122f332c9f0e8bb1209dc7d
24.0,24.0,7292,test,3962.074643756075,1.0,1.0,"(1, 2)",6122f332c9f0e8bb1209dc7d
24.0,24.0,7293,test,3962.074643756075,1.0,1.0,"(1, 2)",6122f332c9f0e8bb1209dc7d
24.0,24.0,7294,test,3962.074643756075,1.0,1.0,"(1, 2)",6122f332c9f0e8bb1209dc7d
24.0,24.0,7295,test,3962.074643756075,1.0,1.0,"(1, 2)",6122f332c9f0e8bb1209dc7d
24.0,24.0,7296,test,3962.074643756075,1.0,1.0,"(1, 2)",6122f332c9f0e8bb1209dc7d
24.0,24.0,7297,test,3962.074643756075,1.0,1.0,"(1, 2)",6122f332c9f0e8bb1209dc7d
24.0,24.0,7298,test,3962.074643756075,1.0,1.0,"(1, 2)",6122f332c9f0e8bb1209dc7d
24.0,24.0,7299,test,3962.074643756075,1.0,1.0,"(1, 2)",6122f332c9f0e8bb1209dc7d
24.0,24.0,7300,test,3962.074643756075,1.0,1.0,"(1, 2)",6122f332c9f0e8bb1209dc7d
24.0,24.0,7301,test,3962.074643756075,1.0,1.0,"(1, 2)",6122f332c9f0e8bb1209dc7d
24.0,24.0,7302,test,3962.074643756075,1.0,1.0,"(1, 2)",6122f332c9f0e8bb1209dc7d
24.0,24.0,7303,test,3962.074643756075,1.0,1.0,"(1, 2)",6122f332c9f0e8bb1209dc7d
24.0,24.0,7304,test,3962.074643756075,1.0,1.0,"(1, 2)",6122f332c9f0e8bb1209dc7d
24.0,24.0,7305,test,3962.074643756075,1.0,1.0,"(1, 2)",6122f332c9f0e8bb1209dc7d
24.0,24.0,7306,test,3962.074643756075,1.0,1.0,"(1, 2)",6122f332c9f0e8bb1209dc7d
24.0,24.0,7307,test,3962.074643756075,1.0,1.0,"(1, 2)",6122f332c9f0e8bb1209dc7d
24.0,24.0,7308,test,3962.074643756075,1.0,1.0,"(1, 2)",6122f332c9f0e8bb1209dc7d
24.0,24.0,7309,test,3962.074643756075,1.0,1.0,"(1, 2)",6122f332c9f0e8bb1209dc7d
24.0,24.0,7310,test,3962.074643756075,1.0,1.0,"(1, 2)",6122f332c9f0e8bb1209dc7d
24.0,24.0,7311,test,3962.074643756075,1.0,1.0,"(1, 2)",6122f332c9f0e8bb1209dc7d
24.0,24.0,7312,test,3962.074643756075,1.0,1.0,"(1, 2)",6122f332c9f0e8bb1209dc7d
24.0,24.0,7313,test,3962.074643756075,1.0,1.0,"(1, 2)",6122f332c9f0e8bb1209dc7d
24.0,24.0,7314,test,3962.074643756075,1.0,1.0,"(1, 2)",6122f332c9f0e8bb1209dc7d
24.0,24.0,7315,test,3962.074643756075,1.0,1.0,"(1, 2)",6122f332c9f0e8bb1209dc7d
24.0,24.0,7316,test,3962.074643756075,1.0,1.0,"(1, 2)",6122f332c9f0e8bb1209dc7d
24.0,24.0,7317,test,3962.074643756075,1.0,1.0,"(1, 2)",6122f332c9f0e8bb1209dc7d
24.0,24.0,7318,test,3962.074643756075,1.0,1.0,"(1, 2)",6122f332c9f0e8bb1209dc7d
24.0,24.0,7319,test,3962.074643756075,1.0,1.0,"(1, 2)",6122f332c9f0e8bb1209dc7d
24.0,24.0,7320,test,3962.074643756075,1.0,1.0,"(1, 2)",6122f332c9f0e8bb1209dc7d
