Submission id,Participant id,Status,Custom study tncs accepted at,Started at,Completed at,Reviewed at,Archived at,Time taken,Completion code,Total approvals,Age,Sex,Ethnicity simplified,Country of birth,Country of residence,Nationality,Language,Student status,Employment status
68c5c216a920f26a9d7d8c26,670453b0d93209a1e156916d,APPROVED,Not Applicable,2025-09-13T19:12:28.743000Z,2025-09-13T19:19:08.461000Z,2025-10-04T00:02:10.313000Z,2025-09-13T19:19:08.836831Z,400.0,CX0Z37FL,1804,25,Male,White,United States,United States,United States,English,No,Part-Time
68c5c23dbf6fe0991fbf4ea4,5a501c26eedc32000141f4f2,APPROVED,Not Applicable,2025-09-13T19:13:06.653000Z,2025-09-13T19:34:38.537000Z,2025-10-04T00:02:10.630000Z,2025-09-13T19:34:38.948258Z,1292.0,CX0Z37FL,2803,22,Male,Asian,United States,United States,United States,English,DATA_EXPIRED,DATA_EXPIRED
68c5c24d831ebbf59629d244,662945728093113a43ab8077,APPROVED,Not Applicable,2025-09-13T19:13:33.940000Z,2025-09-13T19:23:26.947000Z,2025-10-04T00:02:10.899000Z,2025-09-13T19:23:27.420105Z,594.0,CX0Z37FL,2469,50,Female,White,United States,United States,United States,English,No,Part-Time
68c5c257796212f08c48bf54,67a692bc6cb5578e397df372,APPROVED,Not Applicable,2025-09-13T19:13:30.267000Z,2025-09-13T19:19:02.965000Z,2025-10-04T00:02:11.196000Z,2025-09-13T19:19:03.333718Z,333.0,CX0Z37FL,572,27,Female,White,United States,United States,United States,English,No,Part-Time
68c5c275444da6e3d5f23c03,665d92a608fef982937744df,APPROVED,Not Applicable,2025-09-13T19:14:02.023000Z,2025-09-13T19:21:50.096000Z,2025-10-04T00:02:11.465000Z,2025-09-13T19:21:50.523569Z,469.0,CX0Z37FL,3301,51,Male,White,United States,United States,United States,English,No,Full-Time
68c5c289022998c28641932b,6677d6717517a30156ec9a88,RETURNED,Not Applicable,2025-09-13T19:14:48.001000Z,,,2025-09-13T21:22:22.100432Z,,,2061,CONSENT_REVOKED,CONSENT_REVOKED,CONSENT_REVOKED,CONSENT_REVOKED,CONSENT_REVOKED,CONSENT_REVOKED,CONSENT_REVOKED,CONSENT_REVOKED,CONSENT_REVOKED
68c5c2af095020de01b35d00,675f7f733de701819974353e,APPROVED,Not Applicable,2025-09-13T19:15:00.764000Z,2025-09-13T19:28:55.352000Z,2025-10-04T00:02:11.737000Z,2025-09-13T19:28:55.741567Z,835.0,NOCODE,974,37,Male,White,United States,United States,United States,English,DATA_EXPIRED,DATA_EXPIRED
68c5c2ba39e44a3f60605dcd,63d69e4d6648b39324fdf0ad,APPROVED,Not Applicable,2025-09-13T19:15:12.819000Z,2025-09-13T19:21:51.248000Z,2025-10-04T00:02:12.041000Z,2025-09-13T19:21:51.667994Z,399.0,CX0Z37FL,4801,33,Male,Asian,United States,United States,United States,English,DATA_EXPIRED,DATA_EXPIRED
68c5c2ffc5a29bff6eaac3d5,6883bf2f3788be74299ad124,RETURNED,Not Applicable,2025-09-13T19:16:18.363000Z,,,2025-09-13T21:22:22.101883Z,,,650,CONSENT_REVOKED,CONSENT_REVOKED,CONSENT_REVOKED,CONSENT_REVOKED,CONSENT_REVOKED,CONSENT_REVOKED,CONSENT_REVOKED,CONSENT_REVOKED,CONSENT_REVOKED
68c5c30cd1faa61fecf8c499,650c3f3a36d72f87324d708f,APPROVED,Not Applicable,2025-09-13T19:16:44.118000Z,2025-09-13T19:27:25.063000Z,2025-10-04T00:02:12.389000Z,2025-09-13T19:27:25.427816Z,641.0,CX0Z37FL,3485,55,Female,White,United States,United States,United States,English,No,Unemployed (and job seeking)
68c5c358bf6fe0991fbf4eae,6669d0b650f615804a4d534f,APPROVED,Not Applicable,2025-09-13T19:17:52.236000Z,2025-09-13T19:25:37.732000Z,2025-10-04T00:02:12.717000Z,2025-09-13T19:25:38.108697Z,466.0,CX0Z37FL,2135,37,Male,Asian,United States,United States,United States,English,No,Full-Time
68c5c368f08f173349dc64a8,638830ada9bb5ac1459d96f2,APPROVED,Not Applicable,2025-09-13T19:18:05.015000Z,2025-09-13T19:25:33.134000Z,2025-10-04T00:02:13.063000Z,2025-09-13T19:25:33.510186Z,449.0,CX0Z37FL,1193,54,Male,Black,United States,United States,United States,English,No,Full-Time
68c5c40b34485f91f4a15880,6150d9b1c3a76e96ed6fc9cd,APPROVED,Not Applicable,2025-09-13T19:20:47.914000Z,2025-09-13T19:27:23.213000Z,2025-10-04T00:02:13.423000Z,2025-09-13T19:27:23.580468Z,396.0,CX0Z37FL,684,41,Female,White,United States,United States,United States,English,DATA_EXPIRED,DATA_EXPIRED
68c5c4445f04f5c466c109c0,662ae95388403e308b37514d,APPROVED,Not Applicable,2025-09-13T19:22:05.637000Z,2025-09-13T19:33:40.454000Z,2025-10-04T00:02:13.770000Z,2025-09-13T19:33:40.813269Z,695.0,CX0Z37FL,1088,49,Female,White,United States,United States,United States,English,DATA_EXPIRED,DATA_EXPIRED
68c5c472b0e0c14406ab4042,67eb2f7bde953c130a671bd0,RETURNED,Not Applicable,2025-09-13T19:22:32.628000Z,,,2025-09-13T21:22:22.104002Z,,,628,CONSENT_REVOKED,CONSENT_REVOKED,CONSENT_REVOKED,CONSENT_REVOKED,CONSENT_REVOKED,CONSENT_REVOKED,CONSENT_REVOKED,CONSENT_REVOKED,CONSENT_REVOKED
68c5c476e8994f0e24a68f93,66cbc2627559d53c0e3e4ac4,APPROVED,Not Applicable,2025-09-13T19:22:46.874000Z,2025-09-13T19:33:35.981000Z,2025-10-04T00:02:14.143000Z,2025-09-13T19:33:36.378540Z,650.0,CX0Z37FL,1801,34,Female,White,United States,United States,United States,English,No,DATA_EXPIRED
68c5c4b8e3a837ce1a4a5eb1,666ccdc2dae0b24e5bd629dd,RETURNED,Not Applicable,2025-09-13T19:23:41.787000Z,,,2025-09-13T21:22:22.104698Z,,,1514,CONSENT_REVOKED,CONSENT_REVOKED,CONSENT_REVOKED,CONSENT_REVOKED,CONSENT_REVOKED,CONSENT_REVOKED,CONSENT_REVOKED,CONSENT_REVOKED,CONSENT_REVOKED
68c5c4ded3803177c4ada9b9,5a947fb0f05361000171b5a3,APPROVED,Not Applicable,2025-09-13T19:24:19.909000Z,2025-09-13T19:31:42.793000Z,2025-10-04T00:02:14.493000Z,2025-09-13T19:31:43.288655Z,443.0,CX0Z37FL,5715,25,Male,White,United States,United States,United States,English,DATA_EXPIRED,DATA_EXPIRED
68c5c4f42b8df031253e3a02,65fd19896d58d64c0d8cbc3c,APPROVED,Not Applicable,2025-09-13T19:24:41.459000Z,2025-09-13T19:31:42.964000Z,2025-10-04T00:02:14.802000Z,2025-09-13T19:31:43.446138Z,422.0,CX0Z37FL,1243,44,Male,Asian,Singapore,United States,Singapore,English,No,Full-Time
68c5c560e88d97ced1011cfe,639b9ab341f4429b1b3c06a2,RETURNED,Not Applicable,2025-09-13T19:26:29.119000Z,,,2025-09-13T21:22:22.105920Z,,,7135,CONSENT_REVOKED,CONSENT_REVOKED,CONSENT_REVOKED,CONSENT_REVOKED,CONSENT_REVOKED,CONSENT_REVOKED,CONSENT_REVOKED,CONSENT_REVOKED,CONSENT_REVOKED
68c5c59e22d9a054378841ce,6604cdce9c02df4997ec8b68,APPROVED,Not Applicable,2025-09-13T19:27:30.628000Z,2025-09-13T19:38:28.979000Z,2025-10-04T00:02:15.098000Z,2025-09-13T19:38:29.354563Z,659.0,CX0Z37FL,2171,55,Female,White,United States,United States,United States,English,Yes,Part-Time
68c5c5ace1d2d4414dac586a,631b0988a96b930d4bbf0e64,APPROVED,Not Applicable,2025-09-13T19:27:43.901000Z,2025-09-13T19:34:40.562000Z,2025-10-04T00:02:15.406000Z,2025-09-13T19:34:40.953991Z,417.0,CX0Z37FL,819,22,Male,Other,United States,United States,United States,English,DATA_EXPIRED,DATA_EXPIRED
68c5c61ae4558d4171a9f268,6883a396619a8dd9710bec34,APPROVED,Not Applicable,2025-09-13T19:29:33.849000Z,2025-09-13T19:37:42.940000Z,2025-10-04T00:02:15.665000Z,2025-09-13T19:37:43.339891Z,490.0,CX0Z37FL,91,35,Male,White,United States,United States,United States,English,No,Full-Time
68c5c627fba57a8deaa9f207,676191c90a2f4ed117de625d,APPROVED,Not Applicable,2025-09-13T19:29:52.181000Z,2025-09-13T19:37:43.500000Z,2025-10-04T00:02:15.974000Z,2025-09-13T19:37:43.922051Z,472.0,CX0Z37FL,2654,42,Male,Mixed,United States,United States,United States,English,No,Full-Time
68c5c69a92bf6f1e61d62201,675a42d99110f59947a4f393,APPROVED,Not Applicable,2025-09-13T19:31:42.627000Z,2025-09-13T19:38:28.834000Z,2025-10-04T00:02:16.273000Z,2025-09-13T19:38:29.244081Z,407.0,CX0Z37FL,1010,47,Male,White,Australia,United States,Australia,English,No,Full-Time
68c5c72b91ce692cc9fbed21,5f123d2f9926a1193a114e68,RETURNED,Not Applicable,2025-09-13T19:35:25.120000Z,,,2025-09-13T21:22:22.106957Z,,,7421,CONSENT_REVOKED,CONSENT_REVOKED,CONSENT_REVOKED,CONSENT_REVOKED,CONSENT_REVOKED,CONSENT_REVOKED,CONSENT_REVOKED,CONSENT_REVOKED,CONSENT_REVOKED
68c5c75605b45560c28e03e8,645906dc264ac9eb66b7f3ec,RETURNED,Not Applicable,2025-09-13T19:34:52.364000Z,,,2025-09-13T21:22:22.107835Z,,,7172,CONSENT_REVOKED,CONSENT_REVOKED,CONSENT_REVOKED,CONSENT_REVOKED,CONSENT_REVOKED,CONSENT_REVOKED,CONSENT_REVOKED,CONSENT_REVOKED,CONSENT_REVOKED
68c5c7fff014ca14a5820593,623a4d7294028cfe9638272f,APPROVED,Not Applicable,2025-09-13T19:38:14.006000Z,2025-09-13T19:59:11.796000Z,2025-10-04T00:02:16.533000Z,2025-09-13T19:59:12.207491Z,1258.0,NOCODE,6592,57,Female,White,United States,United States,United States,English,No,Part-Time
68c5ccbe12ae44c925ac53d3,5f4ee7ff2c5da213f015a27e,APPROVED,Not Applicable,2025-09-13T19:58:02.226000Z,2025-09-13T20:06:31.189000Z,2025-10-04T00:02:16.787000Z,2025-09-13T20:06:31.588575Z,509.0,CX0Z37FL,7606,39,Female,White,United States,United States,United States,English,No,Full-Time
68c5ccc03cd926549b48a622,6647443588883f73ce4f36e4,RETURNED,Not Applicable,2025-09-13T19:57:59.001000Z,,,2025-09-13T21:22:22.109519Z,,,1116,CONSENT_REVOKED,CONSENT_REVOKED,CONSENT_REVOKED,CONSENT_REVOKED,CONSENT_REVOKED,CONSENT_REVOKED,CONSENT_REVOKED,CONSENT_REVOKED,CONSENT_REVOKED
68c5cccca2ce8f22dcc3b403,67691aa7e341fc63fdc3e6a0,RETURNED,Not Applicable,2025-09-13T19:59:06.010000Z,,,2025-09-13T21:22:22.110381Z,,,2648,CONSENT_REVOKED,CONSENT_REVOKED,CONSENT_REVOKED,CONSENT_REVOKED,CONSENT_REVOKED,CONSENT_REVOKED,CONSENT_REVOKED,CONSENT_REVOKED,CONSENT_REVOKED
68c5cd2020241c59033b19c1,67bcdb18c5a07dca6589a461,APPROVED,Not Applicable,2025-09-13T19:59:33.650000Z,2025-09-13T20:12:21.264000Z,2025-10-04T00:02:17.097000Z,2025-09-13T20:12:21.716311Z,768.0,CX0Z37FL,2470,30,Male,White,United States,United States,United States,English,DATA_EXPIRED,DATA_EXPIRED
68c5cd32ccb64783cfac4835,5f79bca83a2eb65c0983816d,APPROVED,Not Applicable,2025-09-13T19:59:50.661000Z,2025-09-13T20:06:32.105000Z,2025-10-04T00:02:17.359000Z,2025-09-13T20:06:32.507870Z,402.0,CX0Z37FL,9590,36,Male,White,United States,United States,United States,English,No,Full-Time
68c5cd3b3e3a9146f4abdc29,65fcdebb4bb107ea35f4ab42,RETURNED,Not Applicable,2025-09-13T20:00:16.877000Z,,,2025-09-13T21:22:22.113142Z,,,4192,CONSENT_REVOKED,CONSENT_REVOKED,CONSENT_REVOKED,CONSENT_REVOKED,CONSENT_REVOKED,CONSENT_REVOKED,CONSENT_REVOKED,CONSENT_REVOKED,CONSENT_REVOKED
68c5cd3bc24d9e17d0759a42,65ca7ce3db12aa7ea5156a0c,APPROVED,Not Applicable,2025-09-13T20:00:00.367000Z,2025-09-13T20:12:14.248000Z,2025-10-04T00:02:17.643000Z,2025-09-13T20:12:14.699618Z,734.0,CX0Z37FL,611,31,Female,Black,United States,United States,United States,English,DATA_EXPIRED,DATA_EXPIRED
68c5cd3df545cc9c94c3229c,6092dea4efd6d61350f0fdbf,APPROVED,Not Applicable,2025-09-13T20:00:50.464000Z,2025-09-13T20:07:20.947000Z,2025-10-04T00:02:17.907000Z,2025-09-13T20:07:21.346486Z,391.0,CX0Z37FL,4833,40,Female,White,United States,United States,United States,English,No,Part-Time
68c5cd413e46bf8bee582e35,668a08bcc623b9b9500b85c8,RETURNED,Not Applicable,2025-09-13T20:00:06.617000Z,,,2025-09-13T21:22:22.113432Z,,,2079,CONSENT_REVOKED,CONSENT_REVOKED,CONSENT_REVOKED,CONSENT_REVOKED,CONSENT_REVOKED,CONSENT_REVOKED,CONSENT_REVOKED,CONSENT_REVOKED,CONSENT_REVOKED
68c5cd465e2bcc6fa2a04e25,65959405ee4e37b77f945584,TIMED-OUT,Not Applicable,2025-09-13T20:00:17.976000Z,,,2025-09-13T21:22:22.128733Z,4925.0,,1545,26,Female,Black,United States,United States,United States,English,No,Other
68c5cd466724d38f21a1878c,5e8bd4b0fc9f9e0bf754ad56,RETURNED,Not Applicable,2025-09-13T20:00:11.641000Z,,,2025-09-13T21:22:22.128407Z,,,805,CONSENT_REVOKED,CONSENT_REVOKED,CONSENT_REVOKED,CONSENT_REVOKED,CONSENT_REVOKED,CONSENT_REVOKED,CONSENT_REVOKED,CONSENT_REVOKED,CONSENT_REVOKED
68c5cd4843dcf4e8dfe09a21,671fb1678950ee90f0368488,APPROVED,Not Applicable,2025-09-13T20:00:11.357000Z,2025-09-13T20:07:19.970000Z,2025-10-04T00:02:18.210000Z,2025-09-13T20:07:20.394140Z,429.0,CX0Z37FL,105,29,Female,White,United States,United States,United States,English,DATA_EXPIRED,DATA_EXPIRED
68c5cd48492753a4a918faf9,67d0a57b0a4981c5e65c3bcc,APPROVED,Not Applicable,2025-09-13T20:00:39.837000Z,2025-09-13T20:10:57.530000Z,2025-10-04T00:02:18.478000Z,2025-09-13T20:10:57.914197Z,618.0,CX0Z37FL,3754,55,Male,White,United States,United States,United States,English,DATA_EXPIRED,DATA_EXPIRED
68c5cd51ab9ab86e536637e1,67fb83a45968b91574cc00e1,APPROVED,Not Applicable,2025-09-13T20:00:23.021000Z,2025-09-13T20:20:23.534000Z,2025-10-04T00:02:18.735000Z,2025-09-13T20:20:23.936216Z,1201.0,CX0Z37FL,153,55,Female,White,United States,United States,United States,English,No,Full-Time
68c5cd52ec966eb0ca1dc07a,654bc148c95bca00d541ec33,APPROVED,Not Applicable,2025-09-13T20:00:23.926000Z,2025-09-13T20:12:47.585000Z,2025-10-04T00:02:19.016000Z,2025-09-13T20:12:48.038591Z,744.0,CX0Z37FL,4358,54,Female,White,United States,United States,United States,English,DATA_EXPIRED,DATA_EXPIRED
68c5cd58af773deda30a662a,5e0696dea7fba607951ae479,APPROVED,Not Applicable,2025-09-13T20:00:28.857000Z,2025-09-13T20:14:04.235000Z,2025-10-04T00:02:19.332000Z,2025-09-13T20:14:04.686589Z,816.0,NOCODE,12511,40,Male,Black,United States,United States,United States,English,No,Full-Time
68c5cd69e398886ccd626c62,5dcf6d762e4a050ac2cba07d,APPROVED,Not Applicable,2025-09-13T20:00:46.478000Z,2025-09-13T20:08:13.904000Z,2025-10-04T00:02:19.589000Z,2025-09-13T20:08:14.331205Z,448.0,CX0Z37FL,7490,56,Male,White,United States,United States,United States,English,No,DATA_EXPIRED
68c5cd85ec6cb5505b625dd8,66b638403cc5a94acf985177,RETURNED,Not Applicable,2025-09-13T20:01:14.873000Z,,,2025-09-13T21:22:22.128052Z,,,201,CONSENT_REVOKED,CONSENT_REVOKED,CONSENT_REVOKED,CONSENT_REVOKED,CONSENT_REVOKED,CONSENT_REVOKED,CONSENT_REVOKED,CONSENT_REVOKED,CONSENT_REVOKED
68c5cdc50b71c7fe5b28fd1d,643ac28192af48c396d97709,APPROVED,Not Applicable,2025-09-13T20:02:42.049000Z,2025-09-13T20:11:39.072000Z,2025-10-04T00:02:19.847000Z,2025-09-13T20:11:39.517185Z,538.0,CX0Z37FL,2741,53,Male,White,United States,United States,United States,English,DATA_EXPIRED,DATA_EXPIRED
68c5cdc584e22db70a9ecb38,67195ce0322d3935df36e8be,RETURNED,Not Applicable,2025-09-13T20:02:17.264000Z,,,2025-09-13T21:22:22.121323Z,,,2419,CONSENT_REVOKED,CONSENT_REVOKED,CONSENT_REVOKED,CONSENT_REVOKED,CONSENT_REVOKED,CONSENT_REVOKED,CONSENT_REVOKED,CONSENT_REVOKED,CONSENT_REVOKED
68c5cdc6f9a862b0d1e9d7d6,61363ce02e6022a741d63a6e,APPROVED,Not Applicable,2025-09-13T20:02:17.648000Z,2025-09-13T20:09:44.678000Z,2025-10-04T00:02:20.203000Z,2025-09-13T20:09:45.098866Z,448.0,CX0Z37FL,3801,28,Male,White,United States,United States,United States,English,DATA_EXPIRED,DATA_EXPIRED
68c5cdc768c0d89cd43584e1,66231fc6e1ecba676935943a,APPROVED,Not Applicable,2025-09-13T20:02:18.527000Z,2025-09-13T20:08:10.862000Z,2025-10-04T00:02:20.473000Z,2025-09-13T20:08:11.313522Z,353.0,CX0Z37FL,4283,39,Male,White,United States,United States,United States,English,DATA_EXPIRED,DATA_EXPIRED
68c5ce1168a8cc1f1a6d8128,6684faf184aece78a44eab97,APPROVED,Not Applicable,2025-09-13T20:03:33.969000Z,2025-09-13T20:09:42.159000Z,2025-10-04T00:02:20.726000Z,2025-09-13T20:09:42.577543Z,369.0,CX0Z37FL,736,40,Male,White,United States,United States,United States,English,DATA_EXPIRED,DATA_EXPIRED
68c5ce39387d8e5258c87e5a,66d1c216f7c6746d8edc3acd,APPROVED,Not Applicable,2025-09-13T20:04:15.308000Z,2025-09-13T20:22:50.580000Z,2025-10-04T00:02:21Z,2025-09-13T20:22:51.000771Z,1116.0,CX0Z37FL,908,34,Male,White,United States,United States,United States,English,DATA_EXPIRED,DATA_EXPIRED
68c5ce396b97ea1a6fa68cc8,5e63e793e50a6316a75213c4,APPROVED,Not Applicable,2025-09-13T20:04:12.932000Z,2025-09-13T20:14:26.814000Z,2025-10-04T00:02:21.281000Z,2025-09-13T20:14:27.251119Z,614.0,CX0Z37FL,3632,35,Male,White,United States,United States,United States,English,DATA_EXPIRED,DATA_EXPIRED
68c5ce4ee62255126708f324,63f7a84b6e32b3b093b7b241,RETURNED,Not Applicable,2025-09-13T20:04:33.610000Z,,,2025-09-13T21:22:22.127774Z,,,5992,CONSENT_REVOKED,CONSENT_REVOKED,CONSENT_REVOKED,CONSENT_REVOKED,CONSENT_REVOKED,CONSENT_REVOKED,CONSENT_REVOKED,CONSENT_REVOKED,CONSENT_REVOKED
68c5ce605c5465e3ecab4d77,66c1175e2a6eac30bb107cf1,APPROVED,Not Applicable,2025-09-13T20:04:51.948000Z,2025-09-13T20:10:55.862000Z,2025-10-04T00:02:21.534000Z,2025-09-13T20:10:56.288569Z,364.0,CX0Z37FL,961,30,Female,White,United States,United States,United States,English,No,Part-Time
68c5ce678b6460bbb65e5291,662bbc5c823afb7c3a3a1629,APPROVED,Not Applicable,2025-09-13T20:04:59.993000Z,2025-09-13T20:12:48.127000Z,2025-10-04T00:02:21.827000Z,2025-09-13T20:12:48.555017Z,469.0,CX0Z37FL,4017,47,Female,White,United States,United States,United States,English,No,Full-Time
68c5ce759056e6e25a999ea9,59c28b9cc458e800017b5b2b,APPROVED,Not Applicable,2025-09-13T20:05:19.295000Z,2025-09-13T20:11:41.013000Z,2025-10-04T00:02:22.098000Z,2025-09-13T20:11:41.443141Z,382.0,CX0Z37FL,392,35,Female,White,United States,United States,United States,English,No,Full-Time
68c5ce9b04f641443c0a3c42,68114b50b766b8f5b3b6cc8e,APPROVED,Not Applicable,2025-09-13T20:05:55.098000Z,2025-09-13T20:20:24.384000Z,2025-10-04T00:02:22.398000Z,2025-09-13T20:20:24.794835Z,870.0,CX0Z37FL,1612,54,Male,White,United States,United States,United States,English,No,Part-Time
68c5cea5f0e6bf8c90cf26a4,669065b3f32d0553ca1a5c02,APPROVED,Not Applicable,2025-09-13T20:06:01.725000Z,2025-09-13T20:27:05.927000Z,2025-10-04T00:02:22.657000Z,2025-09-13T20:27:06.351890Z,1265.0,CX0Z37FL,1371,29,Female,White,United States,United States,United States,English,No,Full-Time
68c5ceb1b1dfc1a6262fbd59,66fee5f27e91b11407186319,APPROVED,Not Applicable,2025-09-13T20:06:15.336000Z,2025-09-13T20:15:57.573000Z,2025-10-04T00:02:22.959000Z,2025-09-13T20:15:57.992184Z,583.0,CX0Z37FL,142,38,Female,Mixed,United States,United States,United States,English,No,Part-Time
68c5cedbd6c728e620e1098d,66d3728a3990854e1d6e9939,RETURNED,Not Applicable,2025-09-13T20:06:57.225000Z,,,2025-09-13T21:22:22.128476Z,,,526,CONSENT_REVOKED,CONSENT_REVOKED,CONSENT_REVOKED,CONSENT_REVOKED,CONSENT_REVOKED,CONSENT_REVOKED,CONSENT_REVOKED,CONSENT_REVOKED,CONSENT_REVOKED
68c5cef2b1ebd91c0dca5a1d,6400f8f41e203f131c68b79f,APPROVED,Not Applicable,2025-09-13T20:07:18.223000Z,2025-09-13T20:16:44.714000Z,2025-10-04T00:02:23.252000Z,2025-09-13T20:16:45.126619Z,567.0,CX0Z37FL,7563,40,Male,Asian,United States,United States,United States,English,No,Full-Time
68c5cf2942a0d2b487ca5801,65b7cd609e8e7e53fb113123,APPROVED,Not Applicable,2025-09-13T20:08:12.963000Z,2025-09-13T20:15:55.947000Z,2025-10-04T00:02:23.514000Z,2025-09-13T20:15:56.314833Z,463.0,CX0Z37FL,1051,44,Female,White,United States,United States,United States,English,DATA_EXPIRED,DATA_EXPIRED
68c5cf2d57a28184b807a8cf,6712acd49ca5448a6e983e6c,APPROVED,Not Applicable,2025-09-13T20:08:21.221000Z,2025-09-13T20:14:26.405000Z,2025-10-04T00:02:23.760000Z,2025-09-13T20:14:26.799883Z,366.0,CX0Z37FL,2128,49,Male,Black,United States,United States,United States,English,DATA_EXPIRED,DATA_EXPIRED
68c5cf61d35cf147d2b5e8cf,63a1ae117fa485cabe593f2a,APPROVED,Not Applicable,2025-09-13T20:09:11.230000Z,2025-09-13T20:27:09.957000Z,2025-10-04T00:02:24.048000Z,2025-09-13T20:27:10.330642Z,1079.0,CX0Z37FL,1809,57,Female,Mixed,United States,United States,United States,English,No,DATA_EXPIRED
68c5cf9dac7594664073a24f,6746c680672c3ab45f25efb7,APPROVED,Not Applicable,2025-09-13T20:10:10.141000Z,2025-09-13T20:16:48.604000Z,2025-10-04T00:02:24.337000Z,2025-09-13T20:16:48.975164Z,399.0,CX0Z37FL,2299,46,Female,White,United States,United States,United States,English,No,DATA_EXPIRED
68c5cfa5bc7618f59d3886e8,60e8a63f733f423be3da1846,APPROVED,Not Applicable,2025-09-13T20:11:59.299000Z,2025-09-13T20:19:47.115000Z,2025-10-04T00:02:24.586000Z,2025-09-13T20:19:47.528656Z,468.0,CX0Z37FL,2060,35,Female,White,United States,United States,United States,English,No,Unemployed (and job seeking)
68c5cfa69f31662345d411f6,6613806ccc390085132f9c99,APPROVED,Not Applicable,2025-09-13T20:10:19.833000Z,2025-09-13T20:16:45.844000Z,2025-10-04T00:02:24.865000Z,2025-09-13T20:16:46.245327Z,387.0,CX0Z37FL,1724,31,Male,Asian,Philippines,United States,United States,English,No,Full-Time
68c5cfb8ebefd1f4cd1fb18a,6643619d14d3fb12d1f9a8e3,APPROVED,Not Applicable,2025-09-13T20:10:36.695000Z,2025-09-13T20:16:49.402000Z,2025-10-04T00:02:25.143000Z,2025-09-13T20:16:49.829362Z,373.0,CX0Z37FL,792,19,Female,White,United States,United States,United States,English,Yes,Part-Time
68c5cfbafefddc00cb4a13f0,66c110122b25034052d535bc,RETURNED,Not Applicable,2025-09-13T20:10:43.182000Z,,,2025-09-13T21:22:22.128493Z,,,3244,CONSENT_REVOKED,CONSENT_REVOKED,CONSENT_REVOKED,CONSENT_REVOKED,CONSENT_REVOKED,CONSENT_REVOKED,CONSENT_REVOKED,CONSENT_REVOKED,CONSENT_REVOKED
68c5cfc4cb31633ab5333f79,5d4a41890e604c00011ade8b,APPROVED,Not Applicable,2025-09-13T20:11:16.614000Z,2025-09-13T20:19:44.194000Z,2025-10-04T00:02:25.429000Z,2025-09-13T20:19:44.589448Z,508.0,CX0Z37FL,10699,29,Male,Asian,United States,United States,United States,English,DATA_EXPIRED,DATA_EXPIRED
68c5d02a359865952589b66b,66463befa0697e6fa5a53abd,APPROVED,Not Applicable,2025-09-13T20:12:32.014000Z,2025-09-13T20:21:20.857000Z,2025-10-04T00:02:25.672000Z,2025-09-13T20:21:21.291848Z,529.0,CX0Z37FL,827,31,Female,White,United States,United States,United States,English,DATA_EXPIRED,DATA_EXPIRED
68c5d02b0f4529989aa124e7,6111add3ae6abf5702a22d53,APPROVED,Not Applicable,2025-09-13T20:12:31.868000Z,2025-09-13T20:21:16.858000Z,2025-10-04T00:02:25.956000Z,2025-09-13T20:21:17.301904Z,525.0,CX0Z37FL,2019,47,Female,Asian,United States,United States,Japan,English,No,Full-Time
68c5d03e15c0a46af16737c2,6746165f4a38c50b80da3b67,APPROVED,Not Applicable,2025-09-13T20:12:53.313000Z,2025-09-13T20:22:42.722000Z,2025-10-04T00:02:26.261000Z,2025-09-13T20:22:43.112224Z,590.0,CX0Z37FL,673,46,Female,White,United States,United States,United States,English,No,Full-Time
68c5d083d8b11a777b36c44f,657632a302676ad9ef985cf1,RETURNED,Not Applicable,2025-09-13T20:14:08.981000Z,,,2025-09-13T21:22:22.128072Z,,,649,CONSENT_REVOKED,CONSENT_REVOKED,CONSENT_REVOKED,CONSENT_REVOKED,CONSENT_REVOKED,CONSENT_REVOKED,CONSENT_REVOKED,CONSENT_REVOKED,CONSENT_REVOKED
68c5d0ff803261d76eed9b1f,5b60ddcc6b25590001782ce4,APPROVED,Not Applicable,2025-09-13T20:16:04.248000Z,2025-09-13T20:23:25.862000Z,2025-10-04T00:02:26.520000Z,2025-09-13T20:23:26.281521Z,442.0,CX0Z37FL,2767,29,Male,Asian,United States,United States,United States,English,DATA_EXPIRED,DATA_EXPIRED
68c5d19092c0cbd3845c07a1,662fecef2a008847dc4f0d9b,RETURNED,Not Applicable,2025-09-13T20:18:47.618000Z,,,2025-09-13T21:22:22.129288Z,,,1888,CONSENT_REVOKED,CONSENT_REVOKED,CONSENT_REVOKED,CONSENT_REVOKED,CONSENT_REVOKED,CONSENT_REVOKED,CONSENT_REVOKED,CONSENT_REVOKED,CONSENT_REVOKED
68c5d214f1d808eb5f46b061,6077314ace74aa8fd3f90e9c,APPROVED,Not Applicable,2025-09-13T20:24:14.496000Z,2025-09-13T20:32:02.942000Z,2025-10-04T00:02:26.776000Z,2025-09-13T20:32:03.431492Z,469.0,CX0Z37FL,1179,26,Female,Black,United States,United States,United States,English,No,Part-Time
68c5d250b1ebd91c0dca5a49,606604f1ca47696cf97529c0,APPROVED,Not Applicable,2025-09-13T20:21:41.498000Z,2025-09-13T20:32:02.597000Z,2025-10-04T00:02:27.014000Z,2025-09-13T20:32:02.999553Z,622.0,CX0Z37FL,10394,40,Male,White,United States,United States,United States,English,No,Full-Time
68c5d2cb229a6a6bb0dedde7,600f4361d8ad4b1021236a24,RETURNED,Not Applicable,2025-09-13T20:23:44.697000Z,,,2025-09-13T21:22:22.133052Z,,,6660,CONSENT_REVOKED,CONSENT_REVOKED,CONSENT_REVOKED,CONSENT_REVOKED,CONSENT_REVOKED,CONSENT_REVOKED,CONSENT_REVOKED,CONSENT_REVOKED,CONSENT_REVOKED
68c5d2f89056e6e25a999ee7,67819f666062825529fe313e,RETURNED,Not Applicable,2025-09-13T20:24:34.360000Z,,,2025-09-13T21:22:22.137185Z,,,1096,CONSENT_REVOKED,CONSENT_REVOKED,CONSENT_REVOKED,CONSENT_REVOKED,CONSENT_REVOKED,CONSENT_REVOKED,CONSENT_REVOKED,CONSENT_REVOKED,CONSENT_REVOKED
68c5d3033d5ec6165efd0996,6741952bc1bf313739497ac2,APPROVED,Not Applicable,2025-09-13T20:24:40.298000Z,2025-09-13T20:40:51.931000Z,2025-10-04T00:02:27.346000Z,2025-09-13T20:40:52.342742Z,972.0,CX0Z37FL,1242,45,Male,White,United States,United States,United States,English,No,Part-Time
68c5d3e052b544e0fb4ec30c,67d26f091d1d3ba56b594c7d,APPROVED,Not Applicable,2025-09-13T20:30:53.748000Z,2025-09-13T20:42:27.986000Z,2025-10-04T00:02:28.992000Z,2025-09-13T20:42:28.361645Z,695.0,CX0Z37FL,2280,36,Female,White,United States,United States,United States,English,No,Full-Time
68c5d3ee81fb4f759dac5ea2,675d8e72fa00e783c0d8baa4,RETURNED,Not Applicable,2025-09-13T20:28:36.943000Z,,,2025-09-13T21:22:22.133060Z,,,1927,CONSENT_REVOKED,CONSENT_REVOKED,CONSENT_REVOKED,CONSENT_REVOKED,CONSENT_REVOKED,CONSENT_REVOKED,CONSENT_REVOKED,CONSENT_REVOKED,CONSENT_REVOKED
68c5d57e623161aba67b0ea9,6630e01b7d69d22b8be429a6,APPROVED,Not Applicable,2025-09-13T20:35:15.131000Z,2025-09-13T20:40:49.297000Z,2025-10-04T00:02:29.276000Z,2025-09-13T20:40:49.754797Z,335.0,CX0Z37FL,2547,31,Male,Asian,Korea,United States,United States,English,No,Full-Time
68c5d5b8c9a01e3baa397c42,66ce5adac1cd4b6037be4a63,RETURNED,Not Applicable,2025-09-13T20:45:15.222000Z,,,2025-09-13T21:22:22.138748Z,,,2320,CONSENT_REVOKED,CONSENT_REVOKED,CONSENT_REVOKED,CONSENT_REVOKED,CONSENT_REVOKED,CONSENT_REVOKED,CONSENT_REVOKED,CONSENT_REVOKED,CONSENT_REVOKED
68c5d5c6c91d1ec51ca40ee3,5a381de00006450001bf2691,APPROVED,Not Applicable,2025-09-13T20:36:26.053000Z,2025-09-13T20:42:26.861000Z,2025-10-04T00:02:29.592000Z,2025-09-13T20:42:27.274165Z,361.0,CX0Z37FL,7338,37,Male,White,United States,United States,United States,English,No,Part-Time
68c5d63786cd21e139156880,62d21a095ad69a4459f6d664,APPROVED,Not Applicable,2025-09-13T20:38:21.120000Z,2025-09-13T20:48:10.892000Z,2025-10-04T00:02:29.880000Z,2025-09-13T20:48:11.278499Z,590.0,CX0Z37FL,3093,41,Male,White,United States,United States,United States,English,No,Full-Time
68c5d7245f04f5c466c10e78,65031ea9cb2723bf741d4151,APPROVED,Not Applicable,2025-09-13T20:42:16.015000Z,2025-09-13T20:48:10.970000Z,2025-10-04T00:02:30.172000Z,2025-09-13T20:48:11.389348Z,355.0,CX0Z37FL,1978,33,Female,Mixed,United States,United States,United States,English,No,Full-Time
68c5d8a1873b2f17665d3914,6647af9679918adaa2d85729,APPROVED,Not Applicable,2025-09-13T20:48:39.408000Z,2025-09-13T20:59:41.080000Z,2025-10-04T00:02:30.493000Z,2025-09-13T20:59:41.492338Z,662.0,CX0Z37FL,1688,37,Female,White,United States,United States,United States,English,No,Part-Time
68c5d8b4bc7618f59d388739,65de67e5627faa3ffb10dec8,APPROVED,Not Applicable,2025-09-13T20:49:21.864000Z,2025-09-13T20:58:04.071000Z,2025-10-04T00:02:30.837000Z,2025-09-13T20:58:04.527486Z,523.0,CX0Z37FL,1195,37,Male,White,United States,United States,United States,English,DATA_EXPIRED,DATA_EXPIRED
68c5d91bb5eb003a99ad9b53,67aff3bf3a0bd220686a0756,APPROVED,Not Applicable,2025-09-13T20:50:44.177000Z,2025-09-13T20:58:01.696000Z,2025-10-04T00:02:31.128000Z,2025-09-13T20:58:02.091717Z,438.0,CX0Z37FL,321,30,Male,White,United States,United States,United States,English,No,Full-Time
68c5d98851150a25ffb759dd,657f5c2d51e703ef98eede73,APPROVED,Not Applicable,2025-09-13T20:52:29.279000Z,2025-09-13T20:59:38.838000Z,2025-10-04T00:02:31.412000Z,2025-09-13T20:59:39.261156Z,430.0,CX0Z37FL,2961,54,Male,White,United States,United States,United States,English,No,Full-Time
68c5d9933f9ff1e4b6553fa2,62c3992bda6cb92e0a6aad95,RETURNED,Not Applicable,2025-09-13T20:52:39.909000Z,,,2025-09-13T21:22:22.145034Z,,,667,CONSENT_REVOKED,CONSENT_REVOKED,CONSENT_REVOKED,CONSENT_REVOKED,CONSENT_REVOKED,CONSENT_REVOKED,CONSENT_REVOKED,CONSENT_REVOKED,CONSENT_REVOKED
68c5d9fc4c694335fbffb97e,65ccf0ceb42202f1d53bedb7,RETURNED,Not Applicable,2025-09-13T20:54:32.820000Z,,,2025-09-13T21:22:22.144120Z,,,762,CONSENT_REVOKED,CONSENT_REVOKED,CONSENT_REVOKED,CONSENT_REVOKED,CONSENT_REVOKED,CONSENT_REVOKED,CONSENT_REVOKED,CONSENT_REVOKED,CONSENT_REVOKED
68c5e4ee958d5375757264b8,63ae111b15843aca0165d6ae,APPROVED,Not Applicable,2025-09-13T21:41:06.776000Z,2025-09-13T21:43:40.385000Z,2025-10-04T00:02:31.719000Z,2025-09-13T21:43:40.766749Z,154.0,NOCODE,1777,51,Female,Black,United States,United States,United States,English,Yes,Full-Time
68c5e5538448d8654c7af8df,67e633780d5ed72e675100a5,APPROVED,Not Applicable,2025-09-13T21:42:47.395000Z,2025-09-13T22:02:45.368000Z,2025-10-04T00:02:31.983000Z,2025-09-13T22:02:45.805965Z,1198.0,NOCODE,266,22,Female,White,United States,United States,United States,English,No,Full-Time
68c5e72f4b562c15dd1b98cc,601a67866e12e328676f82da,APPROVED,Not Applicable,2025-09-13T21:50:53.744000Z,2025-09-13T21:58:15.555000Z,2025-10-04T00:02:32.293000Z,2025-09-13T21:58:15.943743Z,442.0,NOCODE,1238,26,Male,Black,United States,United States,United States,English,No,Unemployed (and job seeking)
68c5e7ccec966eb0ca1dc561,674934b4b6bd253249a72d63,APPROVED,Not Applicable,2025-09-13T21:53:20.806000Z,2025-09-13T22:32:33.952000Z,2025-10-04T00:02:32.586000Z,2025-09-13T22:32:34.360973Z,2354.0,NOCODE,1427,54,Male,White,United States,United States,United States,English,No,Full-Time
68c5e9f077599421246484f6,66b799c39798fd79dd188ed0,APPROVED,Not Applicable,2025-09-13T22:02:26.913000Z,2025-09-13T22:14:07.402000Z,2025-10-04T00:02:32.907000Z,2025-09-13T22:14:07.803690Z,701.0,NOCODE,1522,56,Female,White,United States,United States,United States,English,No,Unemployed (and job seeking)
68c5f6d488ad49d17a77fed4,66d0217be06f8783cc04f0a7,APPROVED,Not Applicable,2025-09-13T22:57:27.590000Z,2025-09-13T23:04:30.541000Z,2025-10-04T00:02:33.214000Z,2025-09-13T23:04:30.940186Z,423.0,CX0Z37FL,1417,35,Male,White,United States,United States,United States,English,No,Full-Time
68c5f6daa945d64915713bdb,67c585f8e60aec06bb2e7863,APPROVED,Not Applicable,2025-09-13T22:57:36.300000Z,2025-09-13T23:09:27.748000Z,2025-10-04T00:02:33.495000Z,2025-09-13T23:09:28.112873Z,712.0,CX0Z37FL,1544,54,Female,White,United States,United States,United States,English,No,Full-Time
68c5f6e4235654b0d0290af7,63e51bd9b573cd46809e1d56,APPROVED,Not Applicable,2025-09-13T22:57:42.656000Z,2025-09-13T23:04:32.100000Z,2025-10-04T00:02:33.749000Z,2025-09-13T23:04:32.516073Z,410.0,CX0Z37FL,5443,30,Male,Asian,United States,United States,United States,English,No,Full-Time
68c5f7545ed943572748d7ba,5b133bf71e55760001b9f8de,APPROVED,Not Applicable,2025-09-13T22:59:36.771000Z,2025-09-13T23:03:10.523000Z,2025-10-04T00:02:34.008000Z,2025-09-13T23:03:10.949707Z,214.0,NOCODE,5732,37,Female,White,United States,United States,United States,English,No,Full-Time
68c5f75934b778a3db47e573,673378009f99d14c232c1f2b,APPROVED,Not Applicable,2025-09-13T22:59:43.561000Z,2025-09-13T23:08:56.595000Z,2025-10-04T00:02:53.866000Z,2025-09-13T23:08:56.983663Z,554.0,CX0Z37FL,4232,37,Male,Mixed,United States,United States,United States,English,Yes,Full-Time
68c5f768c85f122856e9d2f0,65de09d5b564cfa85d360bba,APPROVED,Not Applicable,2025-09-13T23:00:00.944000Z,2025-09-13T23:10:22.170000Z,2025-10-04T00:02:54.366000Z,2025-09-13T23:10:22.654648Z,622.0,CX0Z37FL,2174,29,Female,White,United States,United States,United States,English,DATA_EXPIRED,DATA_EXPIRED
68c5f76f9c188a5b28111dc5,67a8bfb2f846cd3ea9bcd898,APPROVED,Not Applicable,2025-09-13T23:00:04.169000Z,2025-09-13T23:08:17.672000Z,2025-10-04T00:02:54.830000Z,2025-09-13T23:08:18.057354Z,494.0,CX0Z37FL,1955,29,Female,Black,United States,United States,United States,English,DATA_EXPIRED,DATA_EXPIRED
68c5f78fec966eb0ca1dc5e9,611341c34be95409850e4341,APPROVED,Not Applicable,2025-09-13T23:00:39.016000Z,2025-09-13T23:09:30.839000Z,2025-10-04T00:02:55.347000Z,2025-09-13T23:09:31.204072Z,532.0,CX0Z37FL,6085,55,Female,White,United States,United States,United States,English,No,DATA_EXPIRED
68c5f7b163e78137653a1d0b,655fdb5fd3416866732de4e7,APPROVED,Not Applicable,2025-09-13T23:01:09.703000Z,2025-09-13T23:09:24.477000Z,2025-10-04T00:02:55.806000Z,2025-09-13T23:09:24.911532Z,495.0,CX0Z37FL,986,28,Female,Asian,United States,United States,United States,English,No,Full-Time
68c5f7c9b43280c59112a5f7,672adb2909ca72744f212a7d,APPROVED,Not Applicable,2025-09-13T23:01:41.156000Z,2025-09-13T23:08:54.516000Z,2025-10-04T00:02:56.265000Z,2025-09-13T23:08:54.909656Z,434.0,CX0Z37FL,3001,55,Male,White,United States,United States,United States,English,No,"Not in paid work (e.g. homemaker', 'retired or disabled)"
68c5f7cdf1e8bec04f387d5a,58509fbda6946500016117ed,APPROVED,Not Applicable,2025-09-13T23:01:38.464000Z,2025-09-13T23:08:17.365000Z,2025-10-04T00:02:58.442000Z,2025-09-13T23:08:17.805131Z,399.0,CX0Z37FL,9081,40,Male,White,United States,United States,United States,English,No,Full-Time
68c5f7e17201730aa0d3e97b,6143af8721d1445864c4f6c8,APPROVED,Not Applicable,2025-09-13T23:02:02.459000Z,2025-09-13T23:09:24.405000Z,2025-10-04T00:02:58.853000Z,2025-09-13T23:09:24.866745Z,442.0,CX0Z37FL,10745,53,Male,White,United States,United States,United States,English,No,Unemployed (and job seeking)
68c5f856da28cd8e7467e8e0,6695704d3496e2d9ed79c301,APPROVED,Not Applicable,2025-09-13T23:03:57.328000Z,2025-09-13T23:20:35.866000Z,2025-10-04T00:02:59.465000Z,2025-09-13T23:20:36.311385Z,999.0,NOCODE,1584,49,Female,Black,United States,United States,United States,English,DATA_EXPIRED,Full-Time
68c5f856fa43fae3bbca91eb,5ed586e76d5ca91174686894,APPROVED,Not Applicable,2025-09-13T23:03:54.654000Z,2025-09-13T23:10:24.933000Z,2025-10-04T00:02:59.852000Z,2025-09-13T23:10:25.412496Z,391.0,CX0Z37FL,1653,29,Female,Black,United States,United States,United States,English,DATA_EXPIRED,DATA_EXPIRED
68c5f873319611945166fd36,6650e129f8317171a2a81b2b,APPROVED,Not Applicable,2025-09-13T23:04:23.771000Z,2025-09-13T23:10:54.787000Z,2025-10-04T00:03:00.300000Z,2025-09-13T23:10:55.172742Z,392.0,CX0Z37FL,1498,22,Female,Mixed,United States,United States,United States,English,No,Unemployed (and job seeking)
68c5f8b6bf81c659ebed1c0b,5e8bbb3680cbf20986c677e1,APPROVED,Not Applicable,2025-09-13T23:05:30.862000Z,2025-09-13T23:15:45.940000Z,2025-10-04T00:03:00.706000Z,2025-09-13T23:15:46.317798Z,616.0,CX0Z37FL,6913,27,Male,White,United States,United States,Italy,English,No,Full-Time
68c5f983ae70024b9fab6206,660463cc875a9e656e03734f,APPROVED,Not Applicable,2025-09-13T23:08:57.002000Z,2025-09-13T23:15:45.266000Z,2025-10-04T00:03:01.134000Z,2025-09-13T23:15:45.649978Z,409.0,CX0Z37FL,895,57,Female,White,Canada,United States,United States,English,No,Full-Time
68c5f9c13000792c1258782e,663299ea88551960f4132bb7,APPROVED,Not Applicable,2025-09-13T23:09:57.189000Z,2025-09-13T23:21:04.299000Z,2025-10-04T00:03:01.535000Z,2025-09-13T23:21:04.698731Z,668.0,CX0Z37FL,2070,49,Female,White,United States,United States,United States,English,No,"Not in paid work (e.g. homemaker', 'retired or disabled)"
68c5fa1f4ee3caa136567bb3,6574890e515887ae3dd1a434,APPROVED,Not Applicable,2025-09-13T23:11:31.280000Z,2025-09-13T23:18:42.086000Z,2025-10-04T00:03:01.941000Z,2025-09-13T23:18:42.498123Z,431.0,CX0Z37FL,1091,48,Female,Mixed,United States,United States,United States,English,No,Part-Time
68c5fa37dc73954a596951a8,616c1cc2510fe9022f6577f8,APPROVED,Not Applicable,2025-09-13T23:11:55.728000Z,2025-09-13T23:18:41.875000Z,2025-10-04T00:03:02.355000Z,2025-09-13T23:18:42.271150Z,407.0,CX0Z37FL,5487,55,Male,White,United Kingdom,United States,United States,English,No,Full-Time
68c5fa3f33664fab23446137,54837312fdf99b2490ad57b6,APPROVED,Not Applicable,2025-09-13T23:13:26.211000Z,2025-09-13T23:21:03.955000Z,2025-10-04T00:03:02.698000Z,2025-09-13T23:21:04.341776Z,458.0,CX0Z37FL,11700,43,Female,White,United States,United States,United States,English,DATA_EXPIRED,DATA_EXPIRED
68c5fb95307993da71e556ce,67364113bdafe2840fa05b69,APPROVED,Not Applicable,2025-09-13T23:17:44.456000Z,2025-09-13T23:27:54.778000Z,2025-10-04T00:03:03.184000Z,2025-09-13T23:27:55.241939Z,611.0,CX0Z37FL,4929,55,Male,White,United States,United States,United States,English,No,Full-Time
68c5fbbe70c7c38e249d974f,68c04a1e1b8ad965070945b8,APPROVED,Not Applicable,2025-09-13T23:18:22.271000Z,2025-09-13T23:27:03.989000Z,2025-10-04T00:03:03.585000Z,2025-09-13T23:27:04.390953Z,522.0,CX0Z37FL,48,43,Female,Asian,Korea,United States,United States,English,No,Full-Time
68c5fc292612bc556103ddad,664b8bef90cdb799d4c4c35d,APPROVED,Not Applicable,2025-09-13T23:20:16.300000Z,2025-09-13T23:27:57.946000Z,2025-10-04T00:03:03.974000Z,2025-09-13T23:27:58.340645Z,462.0,CX0Z37FL,1486,31,Male,White,United States,United States,United States,English,No,Full-Time
68c5fc2b1c9a29b234ebfa24,67f24d9d37225c87ef8b09c4,APPROVED,Not Applicable,2025-09-13T23:20:18.552000Z,2025-09-13T23:27:14.353000Z,2025-10-04T00:03:04.444000Z,2025-09-13T23:27:14.718028Z,416.0,CX0Z37FL,2885,27,Female,Black,United States,United States,United States,English,No,Full-Time
68c5fd9cf3db11599638653c,66f8a0c3c0fccbcc1095d525,APPROVED,Not Applicable,2025-09-13T23:26:25.554000Z,2025-09-13T23:34:30.883000Z,2025-10-04T00:03:04.820000Z,2025-09-13T23:34:31.268231Z,486.0,CX0Z37FL,334,39,Male,White,United States,United States,United States,English,No,Part-Time
68c5fde96f7df67c49e96f20,64014527b3cff9215591758d,APPROVED,Not Applicable,2025-09-13T23:27:41.648000Z,2025-09-13T23:34:30.799000Z,2025-10-04T00:03:05.256000Z,2025-09-13T23:34:31.160675Z,410.0,CX0Z37FL,4513,26,Male,White,United States,United States,United States,English,Yes,Unemployed (and job seeking)
68c5fe192467ca515a7fae17,5e8c0ebdcd34af1040492ef8,APPROVED,Not Applicable,2025-09-13T23:29:50.106000Z,2025-09-13T23:37:53.440000Z,2025-10-04T00:03:05.801000Z,2025-09-13T23:37:53.866604Z,484.0,CX0Z37FL,282,35,Female,DATA_EXPIRED,United States,United States,United States,English,Yes,DATA_EXPIRED
68c5fe56b42f74df55632191,5d9be88c195db300128d652a,APPROVED,Not Applicable,2025-09-13T23:29:32.614000Z,2025-09-13T23:37:53.425000Z,2025-10-04T00:03:06.312000Z,2025-09-13T23:37:53.828590Z,501.0,CX0Z37FL,3882,35,Female,White,United States,United States,United States,English,Yes,Unemployed (and job seeking)
68c5fe604a1b40c14ae3982e,66d0a375c1c8aa9cac493997,APPROVED,Not Applicable,2025-09-13T23:30:01.955000Z,2025-09-13T23:38:21.261000Z,2025-10-04T00:03:06.726000Z,2025-09-13T23:38:21.680119Z,500.0,CX0Z37FL,2978,41,Female,White,United States,United States,United States,English,No,Unemployed (and job seeking)
68c5fe6217b3525ad607a18c,65603f388b128e01321fdee9,APPROVED,Not Applicable,2025-09-13T23:29:41.789000Z,2025-09-13T23:38:19.982000Z,2025-10-04T00:03:07.118000Z,2025-09-13T23:38:20.378702Z,519.0,CX0Z37FL,2736,51,Female,Mixed,United States,United States,United States,English,Yes,Other
68c5fe670287bbae900ec029,65d659edd2fb402f9170d123,APPROVED,Not Applicable,2025-09-13T23:30:04.242000Z,2025-09-13T23:42:02.806000Z,2025-10-04T00:03:07.517000Z,2025-09-13T23:42:03.227907Z,719.0,CX0Z37FL,422,30,Female,Black,United States,United States,United States,English,Yes,Part-Time
68c5fed3229a6a6bb0dee378,667d81a95170bdd075f74203,APPROVED,Not Applicable,2025-09-13T23:31:37.073000Z,2025-09-13T23:42:07.817000Z,2025-10-04T00:03:08.045000Z,2025-09-13T23:42:08.223736Z,631.0,CX0Z37FL,2371,49,Female,Black,United States,United States,United States,English,DATA_EXPIRED,DATA_EXPIRED
68c5ffbff014ca14a5820c29,6650a38d75c08f70233642b1,APPROVED,Not Applicable,2025-09-13T23:35:40.041000Z,2025-09-13T23:43:08.723000Z,2025-10-04T00:03:08.415000Z,2025-09-13T23:43:09.109718Z,449.0,CX0Z37FL,2444,57,Male,White,Canada,United States,Canada,English,No,Full-Time
68c6003611d5924b78578b83,67cb97aa66285604188d577a,APPROVED,Not Applicable,2025-09-13T23:38:38.497000Z,2025-09-13T23:45:46.984000Z,2025-10-04T00:03:08.983000Z,2025-09-13T23:45:47.418262Z,429.0,CX0Z37FL,2593,55,Male,White,United States,United States,United States,English,No,Full-Time
68c600b51b6303e5d72fd4e1,5cbdc6f1214b1a0015ccfbab,APPROVED,Not Applicable,2025-09-13T23:39:52.520000Z,2025-09-13T23:51:56.476000Z,2025-10-04T00:03:09.377000Z,2025-09-13T23:51:56.842310Z,724.0,CX0Z37FL,6397,35,Female,Black,United States,United States,United States,English,No,Full-Time
68c600c93000792c1258785a,5c570f52b45c6600010b6d1e,APPROVED,Not Applicable,2025-09-13T23:39:56.562000Z,2025-09-13T23:45:47.036000Z,2025-10-04T00:03:09.731000Z,2025-09-13T23:45:47.417917Z,351.0,CX0Z37FL,6195,32,Prefer not to say,White,United States,United States,United States,English,DATA_EXPIRED,DATA_EXPIRED
68c6013dabfb18e71df69274,63f7ac13d942e94c18c92d4b,APPROVED,Not Applicable,2025-09-13T23:41:53.930000Z,2025-09-13T23:51:21.430000Z,2025-10-04T00:03:10.131000Z,2025-09-13T23:51:21.813205Z,568.0,CX0Z37FL,4910,26,Male,Asian,United States,United States,United States,English,DATA_EXPIRED,DATA_EXPIRED
68c601b258af1105af4804c3,60a72221b1eb879f1f8a9d25,APPROVED,Not Applicable,2025-09-13T23:43:50.096000Z,2025-09-13T23:51:22.259000Z,2025-10-04T00:03:11.420000Z,2025-09-13T23:51:22.671031Z,453.0,CX0Z37FL,391,36,Female,White,United States,United States,United States,English,Yes,Full-Time
68c601bbccb64783cfac4e1e,5eb693937a030e5923b44068,APPROVED,Not Applicable,2025-09-13T23:44:00.483000Z,2025-09-13T23:51:45.918000Z,2025-10-04T00:03:11.724000Z,2025-09-13T23:51:46.288611Z,466.0,CX0Z37FL,4836,39,Male,White,United States,United States,United States,English,DATA_EXPIRED,Full-Time
68c601be1c9a29b234ebfa37,5f687f228c21714dbc4fa18a,APPROVED,Not Applicable,2025-09-13T23:44:16.971000Z,2025-09-13T23:58:00.628000Z,2025-10-04T00:03:12.075000Z,2025-09-13T23:58:01.045598Z,824.0,CX0Z37FL,1066,42,Female,Black,United States,United States,United States,English,DATA_EXPIRED,DATA_EXPIRED
68c60204ee4ae8d3b54b8b40,676cdf06a9a9208a2b1ed100,APPROVED,Not Applicable,2025-09-13T23:45:12.817000Z,2025-09-13T23:54:04.623000Z,2025-10-04T00:03:12.413000Z,2025-09-13T23:54:05.011460Z,532.0,CX0Z37FL,1019,31,Female,White,United States,United States,United States,English,DATA_EXPIRED,Full-Time
68c6023005da74a9568e15f8,663817b7de64fca4fb45a414,APPROVED,Not Applicable,2025-09-13T23:46:08.368000Z,2025-09-13T23:54:04.166000Z,2025-10-04T00:03:12.762000Z,2025-09-13T23:54:04.594405Z,476.0,CX0Z37FL,726,43,Male,White,United States,United States,United States,English,No,Full-Time
68c602303b17df42aec43c83,66404f7c39df6ec6f06106e4,APPROVED,Not Applicable,2025-09-13T23:45:55.451000Z,2025-09-13T23:56:41.825000Z,2025-10-04T00:03:13.102000Z,2025-09-13T23:56:42.252806Z,647.0,CX0Z37FL,1342,36,Female,White,United States,United States,United States,English,No,Full-Time
68c602ed7a22ef76aca62a40,60255cc2f0319509011ac0a8,APPROVED,Not Applicable,2025-09-13T23:49:12.213000Z,2025-09-13T23:56:41.367000Z,2025-10-04T00:03:13.482000Z,2025-09-13T23:56:41.746050Z,450.0,CX0Z37FL,1177,45,Female,White,United States,United States,United States,English,Yes,"Not in paid work (e.g. homemaker', 'retired or disabled)"
68c6031885ad208aee58abe2,6631d1c59cc1588986a77fdf,APPROVED,Not Applicable,2025-09-13T23:49:52.773000Z,2025-09-13T23:57:24.098000Z,2025-10-04T00:03:13.837000Z,2025-09-13T23:57:24.519871Z,452.0,CX0Z37FL,310,54,Female,White,United States,United States,United States,English,No,Full-Time
68c60325e1d2d4414dac66a5,67ace3fc5892a4d45463156b,APPROVED,Not Applicable,2025-09-13T23:50:09.483000Z,2025-09-13T23:57:59.142000Z,2025-10-04T00:03:14.224000Z,2025-09-13T23:57:59.535775Z,470.0,CX0Z37FL,942,43,Female,White,United States,United States,United States,English,No,DATA_EXPIRED
68c6039d91ce692cc9fbf9d3,5bcbaa10b9ce3200017738ee,APPROVED,Not Applicable,2025-09-13T23:52:02.780000Z,2025-09-14T00:03:51.083000Z,2025-10-05T00:02:15.131000Z,2025-09-14T00:03:51.548947Z,709.0,CX0Z37FL,1261,57,Male,White,United States,United States,United States,English,No,Part-Time
68c603a208f2b7a1e484a905,6740e1e09ca406ab781318cb,APPROVED,Not Applicable,2025-09-13T23:52:14.665000Z,2025-09-14T00:06:07.477000Z,2025-10-05T00:02:15.417000Z,2025-09-14T00:06:07.890683Z,833.0,CX0Z37FL,2903,47,Male,White,United States,United States,United States,English,DATA_EXPIRED,DATA_EXPIRED
68c603f2383fccd7d674e716,5ed9569ba4175a121cf546ea,APPROVED,Not Applicable,2025-09-13T23:53:31.279000Z,2025-09-13T23:59:38.180000Z,2025-10-04T00:03:14.565000Z,2025-09-13T23:59:38.610207Z,367.0,CX0Z37FL,726,29,Female,White,United States,United States,United States,English,DATA_EXPIRED,Full-Time
68c60488169563070d20f876,670e5e609d33ddb280fab011,APPROVED,Not Applicable,2025-09-13T23:56:27.836000Z,2025-09-14T00:03:50.691000Z,2025-10-05T00:02:15.647000Z,2025-09-14T00:03:51.125926Z,443.0,CX0Z37FL,2200,39,Male,White,United States,United States,United States,English,No,Full-Time
68c604892fddaf61a326c2a8,63b703a29611ae603966dac3,APPROVED,Not Applicable,2025-09-13T23:56:10.765000Z,2025-09-14T00:13:01.901000Z,2025-10-05T00:02:15.891000Z,2025-09-14T00:13:02.322998Z,1012.0,CX0Z37FL,4708,27,Female,Mixed,United States,United States,United States,English,No,Full-Time
68c605300df987d46a7f1f9f,67cf0c70aa43b13b6168ecbf,APPROVED,Not Applicable,2025-09-13T23:58:49.360000Z,2025-09-14T00:05:40.068000Z,2025-10-05T00:02:16.211000Z,2025-09-14T00:05:40.524558Z,411.0,CX0Z37FL,2173,33,Female,White,United States,United States,United States,English,DATA_EXPIRED,DATA_EXPIRED
68c60540b51307efb3849f6b,66b2a6152d3083bbaccd3431,APPROVED,Not Applicable,2025-09-13T23:59:00.999000Z,2025-09-14T00:08:05.585000Z,2025-10-05T00:02:16.528000Z,2025-09-14T00:08:06.058675Z,545.0,CX0Z37FL,2065,35,Male,White,United States,United States,United States,English,DATA_EXPIRED,DATA_EXPIRED
68c6055bb16a370509c4216c,5dce29700ad506063969a4a5,APPROVED,Not Applicable,2025-09-13T23:59:28.365000Z,2025-09-14T00:08:00.902000Z,2025-10-05T00:02:16.774000Z,2025-09-14T00:08:01.288383Z,513.0,CX0Z37FL,10393,42,Female,White,United States,United States,United States,English,No,"Not in paid work (e.g. homemaker', 'retired or disabled)"
68c6057383d635703116ea7f,66e465310995bbdb0cb21fc4,APPROVED,Not Applicable,2025-09-13T23:59:58.542000Z,2025-09-14T00:06:07.683000Z,2025-10-05T00:02:16.999000Z,2025-09-14T00:06:08.100378Z,370.0,CX0Z37FL,982,24,Female,Black,United States,United States,United States,English,No,Part-Time
68c6058ce0810a89d1ed98ea,5b26dc24a7cee100011dae53,APPROVED,Not Applicable,2025-09-14T00:00:32.372000Z,2025-09-14T00:10:55.286000Z,2025-10-05T00:02:17.260000Z,2025-09-14T00:10:55.707825Z,623.0,CX0Z37FL,1243,28,Female,Other,United States,United States,United States,English,No,Other
68c60594ef766cd532156219,665d3b8935ef56ce74c4761f,APPROVED,Not Applicable,2025-09-14T00:00:28.497000Z,2025-09-14T00:10:54.315000Z,2025-10-05T00:02:17.618000Z,2025-09-14T00:10:54.742916Z,626.0,CX0Z37FL,2899,55,Female,White,United States,United States,United States,English,No,Part-Time
68c606d9eca6907660af60c1,65ddb419cd6dd91fdbe6dbdc,APPROVED,Not Applicable,2025-09-14T00:05:49.686000Z,2025-09-14T00:12:58.891000Z,2025-10-05T00:02:17.963000Z,2025-09-14T00:12:59.289770Z,430.0,CX0Z37FL,888,20,Female,White,United States,United States,United States,English,Yes,"Not in paid work (e.g. homemaker', 'retired or disabled)"
68c606e6fa43fae3bbca9231,657b0da1a8bd5027b9c32bd5,APPROVED,Not Applicable,2025-09-14T00:13:19.529000Z,2025-09-14T00:52:40.425000Z,2025-10-05T00:02:18.229000Z,2025-09-14T00:52:40.793049Z,2361.0,NOCODE,2127,34,Female,White,United States,United States,United States,English,No,"Not in paid work (e.g. homemaker', 'retired or disabled)"
68c60729aba1edfa93499269,66f4c82536b5c8271f53564c,APPROVED,Not Applicable,2025-09-14T00:07:13.702000Z,2025-09-14T00:16:58.067000Z,2025-10-05T00:02:18.471000Z,2025-09-14T00:16:58.451528Z,585.0,CX0Z37FL,2264,30,Female,White,United States,United States,United States,English,No,"Not in paid work (e.g. homemaker', 'retired or disabled)"
68c607cf07c0fefce7affad4,63d7b776a9923fe2a69d36bd,APPROVED,Not Applicable,2025-09-14T00:09:54.877000Z,2025-09-14T00:16:58.828000Z,2025-10-05T00:02:18.693000Z,2025-09-14T00:16:59.222614Z,424.0,CX0Z37FL,3051,35,Male,Black,United States,United States,United States,English,No,Full-Time
68c613533cce4d991873fe04,678f6e1f6a3d68ee8c1533f5,APPROVED,Not Applicable,2025-09-14T00:59:05.252000Z,2025-09-14T01:12:51.109000Z,2025-10-05T00:02:18.963000Z,2025-09-14T01:12:51.499175Z,826.0,CX0Z37FL,2433,28,Female,White,United States,United States,United States,English,DATA_EXPIRED,DATA_EXPIRED
68c6139804cbd390d74fd5d8,66e784f4fbbea5080adb18df,APPROVED,Not Applicable,2025-09-14T01:00:13.704000Z,2025-09-14T01:08:11.345000Z,2025-10-05T00:02:19.269000Z,2025-09-14T01:08:11.782995Z,478.0,CX0Z37FL,1144,45,Male,White,United States,United States,United States,English,No,Other
68c6139c7d5c39763903dfe0,668dcd1f9dd44752b86c48a0,APPROVED,Not Applicable,2025-09-14T01:00:15.661000Z,2025-09-14T01:07:32.951000Z,2025-10-05T00:02:19.502000Z,2025-09-14T01:07:33.421048Z,438.0,CX0Z37FL,963,29,Female,White,United States,United States,United States,English,DATA_EXPIRED,DATA_EXPIRED
68c6139f99fc2618972a5d1a,5af3c4e197a14300017d3f49,APPROVED,Not Applicable,2025-09-14T01:00:19.802000Z,2025-09-14T01:07:27.438000Z,2025-10-05T00:02:19.754000Z,2025-09-14T01:07:27.839252Z,428.0,CX0Z37FL,1464,41,Male,White,United States,United States,United States,English,No,Full-Time
68c6139ff2a3c46e01759b91,64135e3d9cd5e3f16290d29c,APPROVED,Not Applicable,2025-09-14T01:00:25.618000Z,2025-09-14T01:22:59.911000Z,2025-10-05T00:02:20.058000Z,2025-09-14T01:23:00.353768Z,1355.0,CX0Z37FL,3738,27,Male,Asian,United States,United States,United States,English,DATA_EXPIRED,DATA_EXPIRED
68c613a99c188a5b28111e9e,5e84c817507cd3066a527e5e,APPROVED,Not Applicable,2025-09-14T01:02:39.937000Z,2025-09-14T01:11:13.874000Z,2025-10-05T00:02:20.301000Z,2025-09-14T01:11:14.306580Z,514.0,CX0Z37FL,3193,45,Male,Asian,Thailand,United States,United States,English,DATA_EXPIRED,Part-Time
68c613b4498cda21411955ae,5e5c2320b22c133f86923d14,APPROVED,Not Applicable,2025-09-14T01:00:36.860000Z,2025-09-14T01:28:19.543000Z,2025-10-05T00:02:20.553000Z,2025-09-14T01:28:19.960777Z,1663.0,CX0Z37FL,4808,34,DATA_EXPIRED,DATA_EXPIRED,United States,United States,United States,English,DATA_EXPIRED,DATA_EXPIRED
68c613b5fb99fee9f8c49e92,60778db7ed3bae21972be1b4,APPROVED,Not Applicable,2025-09-14T01:00:43.694000Z,2025-09-14T01:09:23.778000Z,2025-10-05T00:02:20.819000Z,2025-09-14T01:09:24.198082Z,521.0,CX0Z37FL,2354,56,Female,Black,United States,United States,United States,English,DATA_EXPIRED,DATA_EXPIRED
68c613b78c70b8dd240f2a91,673d557afaf168a9beecc6d1,APPROVED,Not Applicable,2025-09-14T01:00:43.657000Z,2025-09-14T01:11:12.986000Z,2025-10-05T00:02:21.124000Z,2025-09-14T01:11:13.411663Z,630.0,CX0Z37FL,891,35,Male,White,United States,United States,United States,English,No,Full-Time
68c613b8a1b78dbfcba7d6d4,671d553e0d035028da7d29a1,APPROVED,Not Applicable,2025-09-14T01:00:50.308000Z,2025-09-14T01:07:54.556000Z,2025-10-05T00:02:21.384000Z,2025-09-14T01:07:54.947379Z,425.0,CX0Z37FL,2471,34,Female,Mixed,United States,United States,United States,English,Yes,Full-Time
68c613bcb221703eee9b29fc,677fb35eafd357a07e351a9f,APPROVED,Not Applicable,2025-09-14T01:00:55.717000Z,2025-09-14T01:09:23.349000Z,2025-10-05T00:02:21.622000Z,2025-09-14T01:09:23.766666Z,508.0,CX0Z37FL,2384,46,Male,White,United States,United States,United States,English,DATA_EXPIRED,DATA_EXPIRED
68c613bcc30bab544b1981a2,59e7b0ab3e4b5a00016aa559,APPROVED,Not Applicable,2025-09-14T01:00:54.092000Z,2025-09-14T01:09:35.222000Z,2025-10-05T00:02:21.952000Z,2025-09-14T01:09:35.675189Z,522.0,CX0Z37FL,6906,42,Male,White,United States,United States,United States,English,No,Full-Time
68c613bddea2de0fe69bf5a4,5fd63cb585f88c4eb1933661,APPROVED,Not Applicable,2025-09-14T01:00:51.789000Z,2025-09-14T01:18:14.472000Z,2025-10-05T00:02:22.225000Z,2025-09-14T01:18:14.932609Z,1043.0,CX0Z37FL,9183,50,Female,Black,United States,United States,United States,English,DATA_EXPIRED,DATA_EXPIRED
68c613c11414e0b6a836ba42,5d27dc6b46dea800184f8bfa,APPROVED,Not Applicable,2025-09-14T01:00:58.936000Z,2025-09-14T01:12:51.277000Z,2025-10-05T00:02:22.496000Z,2025-09-14T01:12:51.725679Z,713.0,CX0Z37FL,5654,42,Female,Asian,United Arab Emirates,United States,United States,English,DATA_EXPIRED,DATA_EXPIRED
68c613c1796212f08c48d2b0,662a4e22949ca6084a2e5368,APPROVED,Not Applicable,2025-09-14T01:00:53.199000Z,2025-09-14T01:07:48.776000Z,2025-10-05T00:02:22.780000Z,2025-09-14T01:07:49.227028Z,416.0,CX0Z37FL,2315,39,Female,White,United States,United States,United States,English,No,Full-Time
68c613c4966c8cdc899ee4a0,662942069e781c3f1a1355c4,APPROVED,Not Applicable,2025-09-14T01:01:08.448000Z,2025-09-14T01:09:31.197000Z,2025-10-05T00:02:23.081000Z,2025-09-14T01:09:31.594271Z,503.0,CX0Z37FL,3291,50,Male,White,United States,United States,United States,English,DATA_EXPIRED,DATA_EXPIRED
68c613c51ce6895df4a7709b,65c0ed76e2e195876cfd9b74,APPROVED,Not Applicable,2025-09-14T01:00:56.438000Z,2025-09-14T01:06:59.117000Z,2025-10-05T00:02:23.353000Z,2025-09-14T01:06:59.537598Z,363.0,CX0Z37FL,5607,56,Male,White,United States,United States,United States,English,DATA_EXPIRED,DATA_EXPIRED
68c613c599e1e84b08727fd0,660eb104e6656602d708f33e,APPROVED,Not Applicable,2025-09-14T01:01:17.053000Z,2025-09-14T01:10:17.020000Z,2025-10-05T00:02:23.613000Z,2025-09-14T01:10:17.423350Z,540.0,CX0Z37FL,1510,32,Male,Mixed,United States,United States,United States,English,No,Full-Time
68c613c8206d992985ae6876,60e118d7333fb510bda4c9e9,APPROVED,Not Applicable,2025-09-14T01:01:00.380000Z,2025-09-14T01:07:03.965000Z,2025-10-05T00:02:23.940000Z,2025-09-14T01:07:04.377093Z,364.0,CX0Z37FL,1497,22,Male,Other,United States,United States,United States,English,DATA_EXPIRED,DATA_EXPIRED
68c613d3b89fc9daf8bb7cef,5fa87e9acb1c0a729aa67623,APPROVED,Not Applicable,2025-09-14T01:01:10.275000Z,2025-09-14T01:08:08.013000Z,2025-10-05T00:02:24.218000Z,2025-09-14T01:08:08.429695Z,418.0,CX0Z37FL,787,27,Female,White,United States,United States,United States,English,No,Full-Time
68c613d65c2a6ddf0ff73dd1,666b254d9bc6d71a71b89cee,APPROVED,Not Applicable,2025-09-14T01:06:13.098000Z,2025-09-14T01:18:21.254000Z,2025-10-05T00:02:24.600000Z,2025-09-14T01:18:21.693821Z,729.0,CX0Z37FL,2632,47,Female,White,United States,United States,United States,English,DATA_EXPIRED,DATA_EXPIRED
68c613dbf1e8bec04f388266,603006ea5f6c24dfc908f835,APPROVED,Not Applicable,2025-09-14T01:01:18.966000Z,2025-09-14T01:10:47.139000Z,2025-10-05T00:02:24.929000Z,2025-09-14T01:10:47.505179Z,569.0,CX0Z37FL,348,47,Female,White,United States,United States,United States,English,DATA_EXPIRED,DATA_EXPIRED
68c613dc9cad6064e4bb8163,65f97f0b0b647e7d3f140edf,APPROVED,Not Applicable,2025-09-14T01:01:21.498000Z,2025-09-14T01:11:53.682000Z,2025-10-05T00:02:26.582000Z,2025-09-14T01:11:54.093589Z,633.0,CX0Z37FL,592,52,Male,White,United States,United States,United States,English,No,Full-Time
68c613dce7daf677116615a3,66e5312010b7e7f8074c81a7,APPROVED,Not Applicable,2025-09-14T01:01:36.078000Z,2025-09-14T01:16:50.359000Z,2025-10-05T00:02:26.850000Z,2025-09-14T01:16:50.790804Z,915.0,CX0Z37FL,2003,43,Female,Black,United States,United States,United States,English,DATA_EXPIRED,DATA_EXPIRED
68c613dd9288b8e6361ab675,67bd6c87f503d16fdf672aad,APPROVED,Not Applicable,2025-09-14T01:01:35.245000Z,2025-09-14T01:10:59.585000Z,2025-10-05T00:02:27.187000Z,2025-09-14T01:11:00.039013Z,565.0,CX0Z37FL,2228,29,Male,Black,United States,United States,United States,English,No,Full-Time
68c613de3493de536087a1b9,6751029bbc56ad2917b27778,APPROVED,Not Applicable,2025-09-14T01:01:44.279000Z,2025-09-14T01:10:17.356000Z,2025-10-05T00:02:27.552000Z,2025-09-14T01:10:17.732319Z,514.0,CX0Z37FL,1220,47,Male,Black,United States,United States,United States,English,No,Full-Time
68c61407eceeaf2d6a198e01,66d0e8813c0a69291c362cba,APPROVED,Not Applicable,2025-09-14T01:06:11.541000Z,2025-09-14T01:20:13.366000Z,2025-10-05T00:02:28.550000Z,2025-09-14T01:20:13.768330Z,842.0,CX0Z37FL,1453,24,Male,Mixed,United States,United States,United States,English,No,Unemployed (and job seeking)
68c614c65c67c21a4a8b4fc0,5f77e37c882a5720cfd8b568,APPROVED,Not Applicable,2025-09-14T01:05:13.806000Z,2025-09-14T01:11:52.584000Z,2025-10-05T00:02:28.854000Z,2025-09-14T01:11:53.001682Z,399.0,CX0Z37FL,578,25,Female,Asian,United States,United States,United States,English,DATA_EXPIRED,DATA_EXPIRED
68c6151a43ed04931a0b9661,6628591817056f60a12cb03b,APPROVED,Not Applicable,2025-09-14T01:06:42.173000Z,2025-09-14T01:16:40.410000Z,2025-10-05T00:02:29.145000Z,2025-09-14T01:16:40.806877Z,599.0,CX0Z37FL,2303,33,Male,White,United States,United States,United States,English,Yes,Full-Time
68c616b71585ff4f09264e9d,65983c420d89145cbdb05468,APPROVED,Not Applicable,2025-09-14T01:13:32.202000Z,2025-09-14T01:20:13.069000Z,2025-10-05T00:02:29.425000Z,2025-09-14T01:20:13.476849Z,401.0,CX0Z37FL,917,43,Female,Other,United States,United States,United States,English,No,Part-Time
68c617954c619ce2ccdd1ee6,5efd580f4946481a427257d2,APPROVED,Not Applicable,2025-09-14T01:17:31.052000Z,2025-09-14T01:26:40.336000Z,2025-10-05T00:02:29.709000Z,2025-09-14T01:26:40.736777Z,550.0,CX0Z37FL,2805,25,Female,White,United States,United States,United States,English,No,Other
68c6179665cd082be50e00d5,6296295f57c07906c9052955,APPROVED,Not Applicable,2025-09-14T01:17:14.791000Z,2025-09-14T01:23:35.405000Z,2025-10-05T00:02:29.993000Z,2025-09-14T01:23:35.784216Z,381.0,CX0Z37FL,7255,39,Male,White,United States,United States,United States,English,DATA_EXPIRED,DATA_EXPIRED
68c61796803261d76eeda4d9,6686c320dc2edf06d5f795bf,APPROVED,Not Applicable,2025-09-14T01:17:25.098000Z,2025-09-14T01:25:30.589000Z,2025-10-05T00:02:30.254000Z,2025-09-14T01:25:31.059653Z,486.0,CX0Z37FL,99,50,Female,White,Belarus,United States,United States,English,No,Full-Time
68c61798f1d808eb5f46ba2b,666f9b23519a8d810a4c5b8a,APPROVED,Not Applicable,2025-09-14T01:17:20.095000Z,2025-09-14T01:23:37.526000Z,2025-10-05T00:02:30.502000Z,2025-09-14T01:23:37.948165Z,378.0,CX0Z37FL,1853,25,Male,White,United States,United States,United States,English,DATA_EXPIRED,DATA_EXPIRED
68c6179d733c9e9fca9bfae9,60d68186872b4738c7da0f8e,APPROVED,Not Applicable,2025-09-14T01:17:22.471000Z,2025-09-14T01:24:54.310000Z,2025-10-05T00:02:30.790000Z,2025-09-14T01:24:54.687060Z,452.0,NOCODE,2823,52,Male,White,United States,United States,United States,English,No,Full-Time
68c6179e444da6e3d5f23eb7,63d1834e69a637cd32f16634,APPROVED,Not Applicable,2025-09-14T01:17:25.584000Z,2025-09-14T01:25:30.817000Z,2025-10-05T00:02:31.055000Z,2025-09-14T01:25:31.217581Z,486.0,CX0Z37FL,5823,44,Male,White,United States,United States,United States,English,DATA_EXPIRED,DATA_EXPIRED
68c617a1edbb2393619305a2,6659ca3aede1cd81f25f5d46,APPROVED,Not Applicable,2025-09-14T01:17:24.113000Z,2025-09-14T01:40:58.011000Z,2025-10-05T00:02:31.292000Z,2025-09-14T01:40:58.441669Z,1414.0,CX0Z37FL,772,28,Female,Other,Peru,United States,Peru,English,DATA_EXPIRED,DATA_EXPIRED
68c617a4873b2f17665d3f40,5c46315c85b76000017ce729,APPROVED,Not Applicable,2025-09-14T01:19:18.092000Z,2025-09-14T01:32:53.979000Z,2025-10-05T00:02:31.564000Z,2025-09-14T01:32:54.454539Z,816.0,CX0Z37FL,2109,33,Female,Black,United States,United States,United States,English,No,DATA_EXPIRED
68c617a646a600a2b3aadfb2,60fcc58f020a0d9d03ce0e2e,APPROVED,Not Applicable,2025-09-14T01:17:31.074000Z,2025-09-14T01:22:59.361000Z,2025-10-05T00:02:31.830000Z,2025-09-14T01:22:59.763418Z,329.0,CX0Z37FL,1080,23,Male,White,United States,United States,United States,English,DATA_EXPIRED,Full-Time
68c617a867d90258a884b479,6526ba5706ea8e4e5cafde48,APPROVED,Not Applicable,2025-09-14T01:17:28.177000Z,2025-09-14T01:25:07.045000Z,2025-10-05T00:02:32.097000Z,2025-09-14T01:25:07.429608Z,459.0,CX0Z37FL,4041,40,Male,DATA_EXPIRED,United States,United States,United States,English,No,Part-Time
68c617ae98fc2bec3794336d,66c08c428977b7440967870d,APPROVED,Not Applicable,2025-09-14T01:17:45.812000Z,2025-09-14T01:28:19.270000Z,2025-10-05T00:02:32.433000Z,2025-09-14T01:28:19.705792Z,634.0,CX0Z37FL,2236,54,Male,Black,United States,United States,United States,English,DATA_EXPIRED,Full-Time
68c617b2dea2de0fe69bf5bf,6628f4e77ba6d4332996845e,APPROVED,Not Applicable,2025-09-14T01:17:48.589000Z,2025-09-14T01:23:59.971000Z,2025-10-05T00:02:32.850000Z,2025-09-14T01:24:00.357681Z,372.0,CX0Z37FL,2885,55,Male,White,United States,United States,United States,English,DATA_EXPIRED,DATA_EXPIRED
68c617b41c67232733c5df96,65c2052576646afc7d0472d8,APPROVED,Not Applicable,2025-09-14T01:18:28.405000Z,2025-09-14T01:25:08.836000Z,2025-10-05T00:02:33.124000Z,2025-09-14T01:25:09.193936Z,401.0,CX0Z37FL,2322,34,Female,Black,United States,United States,United States,English,No,Full-Time
68c617b48b6460bbb65e612d,66aafcc3d4f933f032778877,APPROVED,Not Applicable,2025-09-14T01:17:45.097000Z,2025-09-14T01:24:05.925000Z,2025-10-05T00:02:33.398000Z,2025-09-14T01:24:06.321150Z,381.0,CX0Z37FL,1182,28,Female,White,Ukraine,United States,United States,English,Yes,Other
68c617b7444da6e3d5f23ebe,671a9abcbb80944c71371d12,APPROVED,Not Applicable,2025-09-14T01:17:48.107000Z,2025-09-14T01:31:43.539000Z,2025-10-05T00:02:33.685000Z,2025-09-14T01:31:43.945028Z,836.0,CX0Z37FL,169,26,Female,White,United States,United States,United States,English,No,Full-Time
68c618825173a3f44b6926e8,5e8f2460dfcafb031f473c9d,APPROVED,Not Applicable,2025-09-14T01:21:21.646000Z,2025-09-14T01:32:54.070000Z,2025-10-05T00:02:33.967000Z,2025-09-14T01:32:54.521911Z,693.0,CX0Z37FL,1893,48,Female,White,United States,United States,United States,English,DATA_EXPIRED,DATA_EXPIRED
68c6188c4f471d4cbc617ae3,558acd52fdf99b65685f03d9,APPROVED,Not Applicable,2025-09-14T01:25:43.178000Z,2025-09-14T01:34:48.798000Z,2025-10-05T00:02:34.239000Z,2025-09-14T01:34:49.198075Z,546.0,CX0Z37FL,4819,34,Female,Black,Italy,United States,United States,English,DATA_EXPIRED,DATA_EXPIRED
68c6193b399477dc2139ca0a,667cb1323a8c88dd0b22bef9,APPROVED,Not Applicable,2025-09-14T01:24:18.290000Z,2025-09-14T01:31:43.920000Z,2025-10-05T00:02:34.573000Z,2025-09-14T01:31:44.353818Z,446.0,CX0Z37FL,222,33,Female,Mixed,United States,United States,United States,English,No,Full-Time
68c619a0d801e60330943421,67d48133208e9bbe96dc6761,APPROVED,Not Applicable,2025-09-14T01:26:00.953000Z,2025-09-14T01:59:26.931000Z,2025-10-05T00:02:34.862000Z,2025-09-14T01:59:27.314764Z,2006.0,NOCODE,1102,23,Female,Black,United States,United States,United States,English,No,Part-Time
68c619a6e67104eaf4cd0b3b,5f9680c928b51354f0244d31,APPROVED,Not Applicable,2025-09-14T01:26:04.051000Z,2025-09-14T01:35:07.697000Z,2025-10-05T00:02:35.130000Z,2025-09-14T01:35:08.162404Z,544.0,CX0Z37FL,2179,31,Male,Other,United States,United States,United States,English,DATA_EXPIRED,DATA_EXPIRED
68c619a7120612b32792b813,63a9e5cb1dd0a02fffe7b8b4,APPROVED,Not Applicable,2025-09-14T01:26:07.229000Z,2025-09-14T01:52:04.433000Z,2025-10-05T00:02:35.380000Z,2025-09-14T01:52:04.832665Z,1558.0,CX0Z37FL,1204,57,Female,White,United States,United States,United States,English,No,Full-Time
68c619ab98f054e9a2a7187a,58a1fe40ea3d11000170d9b9,APPROVED,Not Applicable,2025-09-14T01:26:08.946000Z,2025-09-14T01:34:47.646000Z,2025-10-05T00:02:35.671000Z,2025-09-14T01:34:48.093686Z,519.0,CX0Z37FL,7742,33,Female,White,United States,United States,United States,English,No,Full-Time
68c619adecc56cd3814210f0,6109a1d93ad976cdff4749ef,APPROVED,Not Applicable,2025-09-14T01:26:08.980000Z,2025-09-14T01:36:13.916000Z,2025-10-05T00:02:35.931000Z,2025-09-14T01:36:14.307808Z,605.0,CX0Z37FL,128,22,Female,White,United States,United States,United States,English,DATA_EXPIRED,DATA_EXPIRED
68c619bbe7daf677116615c1,6675ebfe4ca3bfdd2a986877,APPROVED,Not Applicable,2025-09-14T01:27:31.770000Z,2025-09-14T01:35:08.125000Z,2025-10-05T00:02:36.186000Z,2025-09-14T01:35:08.540088Z,457.0,CX0Z37FL,1813,52,Female,Asian,United States,United States,United States,English,DATA_EXPIRED,DATA_EXPIRED
68c619bdb3a1e6857887cb3e,660da7d2c59a62056d87c9b8,APPROVED,Not Applicable,2025-09-14T01:26:31.380000Z,2025-09-14T01:36:38.311000Z,2025-10-05T00:02:36.480000Z,2025-09-14T01:36:38.697070Z,607.0,CX0Z37FL,1171,45,Female,White,United States,United States,United States,English,Yes,Other
68c619c16a2130779e7b20de,65fc9f54bf0a6174674f0851,APPROVED,Not Applicable,2025-09-14T01:26:32.903000Z,2025-09-14T01:36:38.702000Z,2025-10-05T00:02:37.687000Z,2025-09-14T01:36:39.114218Z,606.0,CX0Z37FL,2491,48,Female,White,United States,United States,United States,English,Yes,Full-Time
68c619c7417e068c1d26d200,5eb15429b3b24804a0bbd6c3,APPROVED,Not Applicable,2025-09-14T01:26:38.233000Z,2025-09-14T01:37:03.693000Z,2025-10-05T00:02:37.946000Z,2025-09-14T01:37:04.093651Z,626.0,CX0Z37FL,2649,44,Male,Black,United States,United States,United States,English,DATA_EXPIRED,DATA_EXPIRED
68c61a23ac8da79747850549,6638068d9ab49383d1fe00ae,APPROVED,Not Applicable,2025-09-14T01:28:14.726000Z,2025-09-14T01:52:07.598000Z,2025-10-05T00:02:38.171000Z,2025-09-14T01:52:07.969238Z,1433.0,CX0Z37FL,1141,42,Female,Black,United States,United States,United States,English,No,Other
68c61b5f1e3a53f1033b492b,672fcaf82c52010e8586b90a,APPROVED,Not Applicable,2025-09-14T01:33:25.069000Z,2025-09-14T01:40:58.591000Z,2025-10-05T00:02:38.449000Z,2025-09-14T01:40:58.979343Z,454.0,CX0Z37FL,887,34,Female,White,United States,United States,United States,English,DATA_EXPIRED,DATA_EXPIRED
68c61e0f966c8cdc899ee8d7,67744d33b5b14e7a0561f52e,APPROVED,Not Applicable,2025-09-14T01:45:00.149000Z,2025-09-14T01:58:44.697000Z,2025-10-05T00:02:38.697000Z,2025-09-14T01:58:45.174110Z,825.0,CX0Z37FL,640,55,Male,Black,United States,United States,United States,English,DATA_EXPIRED,DATA_EXPIRED
68c61e3b7f80d731407d45d8,5ee0dbc4b229c1091c2fa9b5,APPROVED,Not Applicable,2025-09-14T01:45:41.224000Z,2025-09-14T01:55:19.165000Z,2025-10-05T00:02:38.948000Z,2025-09-14T01:55:19.604110Z,578.0,CX0Z37FL,2250,31,Female,White,United States,United States,United States,English,DATA_EXPIRED,Full-Time
68c61ebbaa5205709d69fdb7,5bcc2cee0ba8a400012592f9,APPROVED,Not Applicable,2025-09-14T01:51:01.695000Z,2025-09-14T02:00:04.308000Z,2025-10-05T00:02:39.264000Z,2025-09-14T02:00:04.734365Z,543.0,CX0Z37FL,2033,45,Male,White,United States,United States,United States,English,No,Full-Time
68c61f4ee4a592df0f8b4e01,676a2c97280c39f6edfd813e,APPROVED,Not Applicable,2025-09-14T01:50:17.512000Z,2025-09-14T02:05:03.582000Z,2025-10-05T00:02:39.524000Z,2025-09-14T02:05:03.976483Z,887.0,CX0Z37FL,1007,39,Female,White,United States,United States,United States,English,No,Full-Time
68c61f56255e1bf37f81f141,678999ae711e51b34f896a93,APPROVED,Not Applicable,2025-09-14T01:50:17.946000Z,2025-09-14T01:57:25.280000Z,2025-10-05T00:02:39.796000Z,2025-09-14T01:57:25.693451Z,428.0,CX0Z37FL,606,37,Male,White,United States,United States,United States,English,No,Full-Time
68c61f5df93bcace614c323c,63d77a647dbf6c0c53b0d375,APPROVED,Not Applicable,2025-09-14T01:50:24.503000Z,2025-09-14T01:57:22.951000Z,2025-10-05T00:02:40.053000Z,2025-09-14T01:57:23.399362Z,419.0,CX0Z37FL,4344,39,Male,White,United States,United States,United States,English,Yes,Part-Time
68c61f60d8b11a777b36d2c6,67e0a7230db1221a71fc885f,APPROVED,Not Applicable,2025-09-14T01:50:30.251000Z,2025-09-14T02:03:48.115000Z,2025-10-05T00:02:40.384000Z,2025-09-14T02:03:48.523073Z,798.0,CX0Z37FL,241,49,Male,Asian,United States,United States,United States,English,No,Unemployed (and job seeking)
68c61f72ae3fa065bf8d024b,63d13bce0971871b9ff88f56,APPROVED,Not Applicable,2025-09-14T01:50:47.626000Z,2025-09-14T01:57:25.300000Z,2025-10-05T00:02:40.716000Z,2025-09-14T01:57:25.699835Z,398.0,CX0Z37FL,6065,30,Female,White,United States,United States,United States,English,No,Other
68c61f7d9b5d5bcccf476f4d,60fcc4120cecba5bc510e142,APPROVED,Not Applicable,2025-09-14T01:50:56.548000Z,2025-09-14T01:57:22.908000Z,2025-10-05T00:02:41.672000Z,2025-09-14T01:57:23.394462Z,387.0,CX0Z37FL,1316,24,Female,White,United States,United States,United States,English,DATA_EXPIRED,DATA_EXPIRED
68c61f7dd33f3b4cd62155ad,602854edbf92e76fc9c56355,APPROVED,Not Applicable,2025-09-14T01:50:58.583000Z,2025-09-14T01:58:05.842000Z,2025-10-05T00:02:41.961000Z,2025-09-14T01:58:06.217514Z,428.0,CX0Z37FL,1277,28,Male,White,United States,United States,United States,English,No,Full-Time
68c61f814a3460a326181a8c,675a35800dc96d8b29feb198,APPROVED,Not Applicable,2025-09-14T01:51:04.276000Z,2025-09-14T01:58:15.215000Z,2025-10-05T00:02:42.207000Z,2025-09-14T01:58:15.590385Z,431.0,CX0Z37FL,1207,27,Female,White,United States,United States,United States,English,DATA_EXPIRED,DATA_EXPIRED
68c61f855c00b641eaee67e6,664b993056010d18f1049b69,APPROVED,Not Applicable,2025-09-14T01:51:08.246000Z,2025-09-14T02:01:22.507000Z,2025-10-05T00:02:42.454000Z,2025-09-14T02:01:22.919730Z,615.0,CX0Z37FL,1342,46,Female,White,United States,United States,United States,English,No,"Not in paid work (e.g. homemaker', 'retired or disabled)"
68c61f894a3460a326181a8e,669d1a23436b0d288c4182b0,APPROVED,Not Applicable,2025-09-14T01:51:18.468000Z,2025-09-14T02:01:21.771000Z,2025-10-05T00:02:42.796000Z,2025-09-14T02:01:22.226739Z,604.0,CX0Z37FL,1528,34,Male,White,United States,United States,United States,English,DATA_EXPIRED,DATA_EXPIRED
68c61f8a8f0b62eeea7a4507,5dd38420a71de83809342ca3,APPROVED,Not Applicable,2025-09-14T01:51:12.670000Z,2025-09-14T02:03:40.384000Z,2025-10-05T00:02:43.037000Z,2025-09-14T02:03:40.762634Z,748.0,CX0Z37FL,2965,55,Male,White,United States,United States,United States,English,DATA_EXPIRED,DATA_EXPIRED
68c61f8eba5be52c418f6b33,5ea5dd6605b5170963934a65,APPROVED,Not Applicable,2025-09-14T01:51:13.661000Z,2025-09-14T01:57:23.565000Z,2025-10-05T00:02:43.284000Z,2025-09-14T01:57:23.965056Z,370.0,CX0Z37FL,1935,55,Male,White,United States,United States,United States,English,No,Unemployed (and job seeking)
68c61f9636a95a9fb61fa845,65c82f1e7bc7b12a648fbce0,APPROVED,Not Applicable,2025-09-14T01:51:22.617000Z,2025-09-14T01:58:48.507000Z,2025-10-05T00:02:43.520000Z,2025-09-14T01:58:48.930045Z,446.0,CX0Z37FL,751,41,Female,White,United States,United States,United States,English,No,Full-Time
68c61fe8444da6e3d5f23ee0,67adfaf8a21a0f5643a55d7b,APPROVED,Not Applicable,2025-09-14T01:52:52.959000Z,2025-09-14T02:16:57.507000Z,2025-10-05T00:02:43.827000Z,2025-09-14T02:16:57.899949Z,1445.0,CX0Z37FL,694,40,Female,Other,United States,United States,United States,English,No,"Not in paid work (e.g. homemaker', 'retired or disabled)"
68c620550bcd183401e66b8b,66467f17d20e4b68c8b78a11,APPROVED,Not Applicable,2025-09-14T01:54:35.768000Z,2025-09-14T02:05:53.945000Z,2025-10-05T00:02:44.225000Z,2025-09-14T02:05:54.310216Z,679.0,CX0Z37FL,601,35,Prefer not to say,Black,United States,United States,United States,English,No,Full-Time
68c62078bbe7d8a96c4c341b,6682fbc595609e3f88048a53,APPROVED,Not Applicable,2025-09-14T01:56:43.293000Z,2025-09-14T02:08:44.422000Z,2025-10-05T00:02:46.027000Z,2025-09-14T02:08:44.838894Z,722.0,CX0Z37FL,3016,53,Male,Black,United States,United States,United States,English,No,Part-Time
68c620bf856c94201a907826,65a74f0bddbf9042d8d537e7,APPROVED,Not Applicable,2025-09-14T01:56:31.646000Z,2025-09-14T02:05:56.399000Z,2025-10-05T00:02:46.373000Z,2025-09-14T02:05:56.820759Z,565.0,CX0Z37FL,1698,51,Male,White,United States,United States,United States,English,DATA_EXPIRED,DATA_EXPIRED
68c62120530b885e4554eb43,6729755f9a2fac886980e7c1,APPROVED,Not Applicable,2025-09-14T01:58:00.199000Z,2025-09-14T02:04:56.700000Z,2025-10-05T00:02:46.623000Z,2025-09-14T02:04:57.112007Z,417.0,CX0Z37FL,263,45,Female,White,United States,United States,United States,English,No,Unemployed (and job seeking)
68c621bb1489c3769bf9ef2e,60b6e7dd6757d41e765d2ff7,APPROVED,Not Applicable,2025-09-14T02:00:32.204000Z,2025-09-14T02:08:43.254000Z,2025-10-05T00:02:46.879000Z,2025-09-14T02:08:43.682786Z,492.0,CX0Z37FL,496,24,Female,White,United States,United States,United States,English,Yes,Unemployed (and job seeking)
68c6220e58af1105af4805a2,6738bbb49b751f21694bb4af,APPROVED,Not Applicable,2025-09-14T02:01:58.932000Z,2025-09-14T02:16:54.118000Z,2025-10-05T00:02:47.134000Z,2025-09-14T02:16:54.541564Z,896.0,CX0Z37FL,2020,50,Female,White,United States,United States,United States,English,DATA_EXPIRED,DATA_EXPIRED
68c626481489c3769bf9f743,66cb4f58e9880a1fcf7bf516,APPROVED,Not Applicable,2025-09-14T02:19:56.058000Z,2025-09-14T02:26:56.057000Z,2025-10-05T00:02:47.456000Z,2025-09-14T02:26:56.455069Z,420.0,CX0Z37FL,372,27,Female,White,United States,United States,United States,English,No,Part-Time
68c62652f0e6bf8c90cf2dc1,677e5bad4d8c2c5b61965ec3,APPROVED,Not Applicable,2025-09-14T02:20:11.425000Z,2025-09-14T02:30:29.980000Z,2025-10-05T00:02:47.830000Z,2025-09-14T02:30:30.383878Z,619.0,CX0Z37FL,618,45,Male,Black,United States,United States,United States,English,DATA_EXPIRED,DATA_EXPIRED
68c62659fdba9b553c6f109f,663170bb631c1b3b21b7828b,APPROVED,Not Applicable,2025-09-14T02:20:14.126000Z,2025-09-14T02:28:43.381000Z,2025-10-05T00:02:48.764000Z,2025-09-14T02:28:43.754817Z,510.0,CX0Z37FL,1034,40,Female,Other,United States,United States,United States,English,DATA_EXPIRED,DATA_EXPIRED
68c6265a5c2a6ddf0ff74a8e,66562875b665d8e2b1b6fc66,APPROVED,Not Applicable,2025-09-14T02:20:15.400000Z,2025-09-14T02:29:44.587000Z,2025-10-05T00:02:49.174000Z,2025-09-14T02:29:44.977992Z,570.0,CX0Z37FL,4913,54,Female,White,United States,United States,United States,English,DATA_EXPIRED,DATA_EXPIRED
68c6265c44779cddc705ec37,66b2a0185f09a50e021bfebb,APPROVED,Not Applicable,2025-09-14T02:20:16.747000Z,2025-09-14T02:27:18.699000Z,2025-10-05T00:02:49.526000Z,2025-09-14T02:49:50.590367Z,422.0,CX0Z37FL,1036,37,Male,White,United States,United States,United States,English,No,Full-Time
68c626657ca147a2f3660a25,6088c08b5db0d7af3daf4b69,APPROVED,Not Applicable,2025-09-14T02:20:28.346000Z,2025-09-14T02:38:05.265000Z,2025-10-05T00:02:49.868000Z,2025-09-14T02:38:05.642028Z,1057.0,CX0Z37FL,3113,44,Female,White,United States,United States,United States,English,No,Part-Time
68c6266a88f1996f938955cc,5acc2d21436f550001003111,APPROVED,Not Applicable,2025-09-14T02:20:39.550000Z,2025-09-14T02:30:25.013000Z,2025-10-05T00:02:50.194000Z,2025-09-14T02:30:25.443521Z,586.0,CX0Z37FL,3391,34,Male,Black,United States,United States,United States,English,No,Full-Time
68c6266c540eacc6a91020a1,5c1aef734fe6f40001968e3c,APPROVED,Not Applicable,2025-09-14T02:20:32.923000Z,2025-09-14T02:32:52.766000Z,2025-10-05T00:02:50.519000Z,2025-09-14T02:32:53.153759Z,740.0,CX0Z37FL,819,37,Female,White,United States,United States,United States,English,DATA_EXPIRED,Full-Time
68c62673e3d12dba2c1ad24e,660c21b888db988a05a6afd2,APPROVED,Not Applicable,2025-09-14T02:20:41.387000Z,2025-09-14T02:27:32.884000Z,2025-10-05T00:02:50.856000Z,2025-09-14T02:27:33.255807Z,412.0,CX0Z37FL,2957,41,Male,White,United States,United States,United States,English,No,Full-Time
68c626778d0b39186f4a3765,655f972cbc7b681ef0fdc0bd,APPROVED,Not Applicable,2025-09-14T02:21:13.908000Z,2025-09-14T02:28:54.534000Z,2025-10-05T00:02:51.188000Z,2025-09-14T02:28:54.952002Z,461.0,CX0Z37FL,4250,29,Female,Asian,United States,United States,United States,English,No,Full-Time
68c6267964c7fe03c5aa6180,65c10cdd7d0ee22292b783a3,APPROVED,Not Applicable,2025-09-14T02:20:54.134000Z,2025-09-14T02:31:50.951000Z,2025-10-05T00:02:51.524000Z,2025-09-14T02:31:51.351158Z,657.0,CX0Z37FL,1206,46,Female,Black,United States,United States,United States,English,No,Full-Time
68c626837a93ae91e27e5876,65ebc0459e72647fd829c07c,APPROVED,Not Applicable,2025-09-14T02:22:52.433000Z,2025-09-14T02:30:06.394000Z,2025-10-05T00:02:51.831000Z,2025-09-14T02:30:06.755878Z,434.0,CX0Z37FL,1269,40,Female,White,United States,United States,United States,English,DATA_EXPIRED,DATA_EXPIRED
68c62684fa09203d42ef6a84,5cd71d030984f90019d8b151,APPROVED,Not Applicable,2025-09-14T02:20:57.471000Z,2025-09-14T02:31:35.748000Z,2025-10-05T00:02:52.161000Z,2025-09-14T02:31:36.122173Z,639.0,CX0Z37FL,146,27,Female,Black,United States,United States,Nigeria,English,No,Due to start a new job within the next month
68c6268d05b45560c28e1b63,65f8c7701b92017a3902e203,APPROVED,Not Applicable,2025-09-14T02:21:05.845000Z,2025-09-14T02:28:41.357000Z,2025-10-05T00:02:52.493000Z,2025-09-14T02:28:41.763020Z,456.0,CX0Z37FL,1777,28,Female,White,United States,United States,United States,English,No,Full-Time
68c62690fd0eca5bb73598da,5f4dc39ffc6fe9aa6901cc6d,APPROVED,Not Applicable,2025-09-14T02:21:07.883000Z,2025-09-14T02:26:54.084000Z,2025-10-05T00:02:52.811000Z,2025-09-14T02:26:54.506822Z,347.0,CX0Z37FL,307,37,Male,White,United States,United States,United States,English,No,Full-Time
68c62693033eb41a81c2a5fe,670ae0f9f8f15de0b8286141,APPROVED,Not Applicable,2025-09-14T02:21:10.513000Z,2025-09-14T02:27:16.836000Z,2025-10-05T00:02:53.121000Z,2025-09-14T02:27:17.207666Z,367.0,CX0Z37FL,601,21,Female,White,United States,United States,United States,English,No,Unemployed (and job seeking)
68c62693229a6a6bb0dee49c,5c4e3977c0783c00016936f9,APPROVED,Not Applicable,2025-09-14T02:21:14.732000Z,2025-09-14T02:28:11.675000Z,2025-10-05T00:02:53.435000Z,2025-09-14T02:28:12.073774Z,417.0,CX0Z37FL,2758,31,Male,White,United States,United States,United States,English,DATA_EXPIRED,DATA_EXPIRED
68c6269e1414e0b6a836ba8b,6682ff3b64d208c399214448,APPROVED,Not Applicable,2025-09-14T02:21:33.520000Z,2025-09-14T02:27:33.277000Z,2025-10-05T00:02:53.826000Z,2025-09-14T02:27:33.665477Z,360.0,CX0Z37FL,1321,36,Female,Asian,United States,United States,United States,English,No,DATA_EXPIRED
68c626a2cc75abce2d3e737a,5cbcfce214b3cb0015f03471,APPROVED,Not Applicable,2025-09-14T02:22:14.496000Z,2025-09-14T02:33:53.377000Z,2025-10-05T00:02:54.164000Z,2025-09-14T02:33:53.786868Z,699.0,CX0Z37FL,11200,46,Male,White,United States,United States,United States,English,Yes,Full-Time
68c626a7d33f3b4cd6215d2e,5e304f1055c80a04bc53dc29,APPROVED,Not Applicable,2025-09-14T02:21:35.615000Z,2025-09-14T02:28:10.201000Z,2025-10-05T00:02:55.497000Z,2025-09-14T02:28:10.603063Z,395.0,CX0Z37FL,825,27,Female,White,United States,United States,United States,English,No,Full-Time
68c626b01d6583ad0c3b3e86,5e643d29df313c1ced363682,APPROVED,Not Applicable,2025-09-14T02:21:41.580000Z,2025-09-14T02:28:41.951000Z,2025-10-05T00:02:55.838000Z,2025-09-14T02:28:42.329007Z,421.0,CX0Z37FL,3296,42,Male,White,United States,United States,United States,English,No,Full-Time
68c626b14b562c15dd1ba224,6556364a457cabc2f54b1063,APPROVED,Not Applicable,2025-09-14T02:21:44.285000Z,2025-09-14T02:38:05.692000Z,2025-10-05T00:02:56.191000Z,2025-09-14T02:38:06.053532Z,982.0,CX0Z37FL,1923,36,Female,Mixed,United States,United States,United States,English,No,DATA_EXPIRED
68c626b4d6656099f6212cb5,67788cee243102d88d2fd53b,APPROVED,Not Applicable,2025-09-14T02:21:45.909000Z,2025-09-14T02:30:07.817000Z,2025-10-05T00:02:56.666000Z,2025-09-14T02:30:08.222372Z,502.0,CX0Z37FL,986,38,Female,White,United States,United States,United States,English,No,Full-Time
68c627c456a3eac9f57eda18,6675bdeb20afaf4d46c56137,APPROVED,Not Applicable,2025-09-14T02:26:17.462000Z,2025-09-14T02:33:17.805000Z,2025-10-05T00:02:56.995000Z,2025-09-14T02:33:18.233070Z,421.0,CX0Z37FL,240,31,Female,White,United States,United States,United States,English,No,Unemployed (and job seeking)
68c627ccbf81c659ebed2115,66c4aa48f2659e68001f92b9,APPROVED,Not Applicable,2025-09-14T02:26:30.281000Z,2025-09-14T02:31:51.318000Z,2025-10-05T00:02:57.363000Z,2025-09-14T02:31:51.697165Z,322.0,CX0Z37FL,276,24,Male,White,United States,United States,United States,English,DATA_EXPIRED,DATA_EXPIRED
68c6286d64c7fe03c5aa6189,5dc916d584b21f64f98d61dd,APPROVED,Not Applicable,2025-09-14T02:29:07.395000Z,2025-09-14T02:35:47.604000Z,2025-10-05T00:02:57.676000Z,2025-09-14T02:35:48.034158Z,401.0,CX0Z37FL,2041,32,Male,White,United States,United States,United States,English,Yes,Part-Time
68c62874c46f12f0b65899ad,673aa533bc49273bf832d505,APPROVED,Not Applicable,2025-09-14T02:29:26.429000Z,2025-09-14T02:35:45.566000Z,2025-10-05T00:02:58.004000Z,2025-09-14T02:35:45.972087Z,380.0,CX0Z37FL,1079,22,Male,White,United States,United States,United States,English,No,DATA_EXPIRED
68c63306518251f7d8882df0,66ede73c8d20c24c8a01946b,APPROVED,Not Applicable,2025-09-14T03:14:19.105000Z,2025-09-14T03:23:46.055000Z,2025-10-05T00:02:58.366000Z,2025-09-14T03:23:46.451361Z,567.0,CX0Z37FL,594,41,Female,White,United States,United States,United States,English,No,Part-Time
68c6330a5545af34e542a9f7,67a4dec06f2d8a670d5ed2fb,APPROVED,Not Applicable,2025-09-14T03:14:22.967000Z,2025-09-14T03:19:11.312000Z,2025-10-05T00:02:58.752000Z,2025-09-14T03:19:11.715847Z,289.0,NOCODE,440,40,Female,White,United States,United States,United States,English,No,Part-Time
68c6330cf08f173349dc7022,66bfe2f6eefa90ef710fb3c3,APPROVED,Not Applicable,2025-09-14T03:14:25.541000Z,2025-09-14T03:22:25.403000Z,2025-10-05T00:02:59.021000Z,2025-09-14T03:22:25.849823Z,480.0,CX0Z37FL,829,36,Female,White,United States,United States,United States,English,Yes,Full-Time
68c6331afab4adaf101fd370,6643fed25c5bac6cc2c0d290,APPROVED,Not Applicable,2025-09-14T03:14:39.068000Z,2025-09-14T03:26:29.427000Z,2025-10-05T00:02:59.271000Z,2025-09-14T03:26:29.798488Z,711.0,CX0Z37FL,1519,44,Female,White,United States,United States,United States,English,No,"Not in paid work (e.g. homemaker', 'retired or disabled)"
68c633216165ef7813b36a8d,6643c5d1c53f7ffbef7b96e0,APPROVED,Not Applicable,2025-09-14T03:14:45.667000Z,2025-09-14T03:47:35.208000Z,2025-10-05T00:02:59.581000Z,2025-09-14T03:47:35.615873Z,1970.0,CX0Z37FL,1480,34,Female,White,United States,United States,United States,English,DATA_EXPIRED,DATA_EXPIRED
68c63323e67f7d0392bc87c3,6111c4865701e1ba367af3e3,APPROVED,Not Applicable,2025-09-14T03:15:56.938000Z,2025-09-14T03:22:35.208000Z,2025-10-05T00:02:59.850000Z,2025-09-14T03:22:35.570237Z,399.0,NOCODE,6731,27,Female,White,United States,United States,United States,English,DATA_EXPIRED,DATA_EXPIRED
68c6332a62f588b8ee16e91c,63d3fb1e3808efad214cccf0,APPROVED,Not Applicable,2025-09-14T03:14:54.948000Z,2025-09-14T03:22:26.662000Z,2025-10-05T00:03:00.116000Z,2025-09-14T03:22:27.065162Z,452.0,CX0Z37FL,2130,29,Female,Other,United States,United States,United States,English,Yes,Part-Time
68c63331e7a03bd658aaedae,63e9b9aff82ab9e7e1a9f7dd,APPROVED,Not Applicable,2025-09-14T03:15:03.902000Z,2025-09-14T03:32:00.939000Z,2025-10-05T00:03:00.363000Z,2025-09-14T03:32:01.332021Z,1018.0,CX0Z37FL,5285,56,Male,White,United States,United States,United States,English,No,Full-Time
68c63338095020de01b37b94,60e5caad22e3f82821cf5d15,APPROVED,Not Applicable,2025-09-14T03:16:30.305000Z,2025-09-14T03:22:51.275000Z,2025-10-05T00:03:00.654000Z,2025-09-14T03:22:51.634398Z,381.0,CX0Z37FL,702,29,Female,Mixed,United States,United States,United States,English,No,Other
68c6333ffa43fae3bbca9320,605f9af8c82804b8ffbdcece,APPROVED,Not Applicable,2025-09-14T03:15:16.041000Z,2025-09-14T03:21:48.751000Z,2025-10-05T00:03:01.082000Z,2025-09-14T03:21:49.135592Z,393.0,CX0Z37FL,743,23,Female,White,United States,United States,United States,English,Yes,Part-Time
68c633423b17df42aec445a8,671e9d93e055c47ec6932e61,APPROVED,Not Applicable,2025-09-14T03:15:19.231000Z,2025-09-14T03:21:47.639000Z,2025-10-05T00:03:01.391000Z,2025-09-14T03:21:47.998627Z,389.0,CX0Z37FL,537,28,Male,White,United States,United States,United States,English,No,Unemployed (and job seeking)
68c6334842e92ffcdf9afc4e,6745f0206dd8c1fed2c5d160,APPROVED,Not Applicable,2025-09-14T03:15:28.310000Z,2025-09-14T03:23:37.067000Z,2025-10-05T00:03:02.386000Z,2025-09-14T03:23:37.444362Z,489.0,CX0Z37FL,935,38,Female,White,United States,United States,United States,English,No,Part-Time
68c63355e02d7d4b261ac77a,61008462e0ead7f43d1c5c1e,APPROVED,Not Applicable,2025-09-14T03:15:37.643000Z,2025-09-14T03:22:52.576000Z,2025-10-05T00:03:02.626000Z,2025-09-14T03:22:52.979166Z,435.0,CX0Z37FL,3275,28,Female,Other,United States,United States,United States,English,No,Full-Time
68c6335edab9efdf3a4e7a30,5c33933cf3eeb60001d627c1,APPROVED,Not Applicable,2025-09-14T03:15:45.508000Z,2025-09-14T03:20:58.153000Z,2025-10-05T00:03:02.885000Z,2025-09-14T03:20:58.544654Z,313.0,CX0Z37FL,2745,38,Male,Asian,United States,United States,United States,English,No,Full-Time
68c6335fef766cd532156f2a,646ff124ef129159bf5f08f7,APPROVED,Not Applicable,2025-09-14T03:15:46.265000Z,2025-09-14T03:23:32.271000Z,2025-10-05T00:03:03.126000Z,2025-09-14T03:23:32.679961Z,467.0,CX0Z37FL,5840,37,Male,White,United States,United States,United States,English,No,Full-Time
68c6336d319611945166fe86,66f4390df2bca2eee3129f28,APPROVED,Not Applicable,2025-09-14T03:16:05.252000Z,2025-09-14T03:24:06.803000Z,2025-10-05T00:03:03.419000Z,2025-09-14T03:24:07.177491Z,482.0,CX0Z37FL,1017,38,Male,Black,United States,United States,United States,English,Yes,DATA_EXPIRED
68c6337d7fe624e1dc8a93fc,5dd4767b32288646716dc98a,APPROVED,Not Applicable,2025-09-14T03:16:17.448000Z,2025-09-14T03:24:58.547000Z,2025-10-05T00:03:03.686000Z,2025-09-14T03:24:58.932004Z,522.0,CX0Z37FL,9329,51,Female,White,Ukraine,United States,United States,English,No,Part-Time
68c6337e4013af56004f7c05,5c1655c7ad682500017070d2,APPROVED,Not Applicable,2025-09-14T03:16:20.339000Z,2025-09-14T03:26:30.040000Z,2025-10-05T00:03:03.936000Z,2025-09-14T03:26:30.423683Z,610.0,CX0Z37FL,11495,37,Male,White,United States,United States,United States,English,DATA_EXPIRED,Full-Time
68c6338405b8a8d0daa432db,67723586b1475effb201efa5,APPROVED,Not Applicable,2025-09-14T03:16:28.366000Z,2025-09-14T03:24:03.498000Z,2025-10-05T00:03:04.224000Z,2025-09-14T03:24:03.868220Z,456.0,CX0Z37FL,464,52,Female,White,United States,United States,United States,English,DATA_EXPIRED,DATA_EXPIRED
68c6338d99fc2618972a69c1,67f9613e658e3cf579bf5c25,APPROVED,Not Applicable,2025-09-14T03:16:52.476000Z,2025-09-14T03:24:58.516000Z,2025-10-05T00:03:04.497000Z,2025-09-14T03:24:58.952416Z,487.0,CX0Z37FL,356,57,Male,White,United States,United States,United States,English,No,Part-Time
68c6338e43dcf4e8dfe0adb2,6111869f2085bbed7c283e5c,APPROVED,Not Applicable,2025-09-14T03:16:35.449000Z,2025-09-14T03:23:34.170000Z,2025-10-05T00:03:04.771000Z,2025-09-14T03:23:34.553590Z,419.0,CX0Z37FL,525,23,Female,White,United States,United States,United States,English,DATA_EXPIRED,DATA_EXPIRED
68c6338f46a136d86b38b2ce,66045d9597282a2c36b8adbd,APPROVED,Not Applicable,2025-09-14T03:16:34.853000Z,2025-09-14T03:22:49.200000Z,2025-10-05T00:03:05.039000Z,2025-09-14T03:22:49.589789Z,375.0,CX0Z37FL,2612,51,Male,White,United States,United States,United States,English,No,Full-Time
68c633915c3cf73aa34c0338,6785a0351b46b57b6bcbd039,APPROVED,Not Applicable,2025-09-14T03:16:33.614000Z,2025-09-14T03:23:43.711000Z,2025-10-05T00:03:05.324000Z,2025-09-14T03:23:44.126813Z,431.0,CX0Z37FL,1072,51,Female,White,United States,United States,United States,English,No,Full-Time
68c633a2a019ebd800358c64,671147d91280c7052893e827,APPROVED,Not Applicable,2025-09-14T03:16:53.439000Z,2025-09-14T03:22:51.208000Z,2025-10-05T00:03:05.571000Z,2025-09-14T03:22:51.605408Z,358.0,CX0Z37FL,1185,32,Male,White,United States,United States,United States,English,No,Full-Time
68c633ab9e7428b36cad8a09,5f24b0fc546c5a0c3c2e43b6,APPROVED,Not Applicable,2025-09-14T03:17:04.397000Z,2025-09-14T03:28:19.332000Z,2025-10-05T00:03:05.825000Z,2025-09-14T03:28:19.714117Z,675.0,CX0Z37FL,6106,42,Female,White,United States,United States,United States,English,No,Full-Time
68c6341b46e1a6622697398d,67094d6215b6d0fe3e8c3e39,APPROVED,Not Applicable,2025-09-14T03:18:54.848000Z,2025-09-14T03:28:19.718000Z,2025-10-05T00:03:07.109000Z,2025-09-14T03:28:20.134090Z,565.0,CX0Z37FL,3366,24,Male,White,United States,United States,United States,English,DATA_EXPIRED,DATA_EXPIRED
68c6347512ae44c925ac61e0,663a5efc3be407346e417ff2,APPROVED,Not Applicable,2025-09-14T03:24:00.733000Z,2025-09-14T03:44:23.360000Z,2025-10-05T00:03:07.427000Z,2025-09-14T03:44:23.751235Z,1223.0,CX0Z37FL,479,35,Male,White,United States,United States,United States,English,Yes,Full-Time
68c635207fe624e1dc8a9402,66078bc8689d135b459db8aa,APPROVED,Not Applicable,2025-09-14T03:23:17.382000Z,2025-09-14T03:31:58.066000Z,2025-10-05T00:03:07.724000Z,2025-09-14T03:31:58.422253Z,521.0,CX0Z37FL,430,56,Female,Other,United States,United States,United States,English,DATA_EXPIRED,DATA_EXPIRED
68c6361e7201730aa0d3ef46,6779f9e5ba9a9ab258410801,APPROVED,Not Applicable,2025-09-14T03:27:49.277000Z,2025-09-14T03:35:30.669000Z,2025-10-05T00:03:08.116000Z,2025-09-14T03:35:31.042181Z,462.0,CX0Z37FL,317,21,Female,White,United States,United States,United States,English,DATA_EXPIRED,DATA_EXPIRED
68c636762612bc556103e325,61562037d8d42a74687762c6,APPROVED,Not Applicable,2025-09-14T03:29:02.896000Z,2025-09-14T03:35:23.149000Z,2025-10-05T00:03:09.102000Z,2025-09-14T03:35:23.530716Z,381.0,CX0Z37FL,3307,34,Prefer not to say,White,United States,United States,United States,English,DATA_EXPIRED,DATA_EXPIRED
68c636f4f6115631d408faca,675de3bd64119cef93edfc75,APPROVED,Not Applicable,2025-09-14T03:31:15.695000Z,2025-09-14T03:39:08.157000Z,2025-10-05T00:03:09.402000Z,2025-09-14T03:39:08.529500Z,473.0,CX0Z37FL,3843,46,Male,White,United States,United States,United States,English,No,Full-Time
68c63890d3cbf42535f00c70,6684b71a5615b7da8e59ce56,APPROVED,Not Applicable,2025-09-14T03:37:55.628000Z,2025-09-14T03:45:59.122000Z,2025-10-05T00:03:09.645000Z,2025-09-14T03:45:59.530784Z,484.0,CX0Z37FL,3817,48,Female,Other,United States,United States,United States,English,DATA_EXPIRED,DATA_EXPIRED
68c638acb43280c59112ab45,6648cac7c9b78d3617bb07c9,APPROVED,Not Applicable,2025-09-14T03:38:25.144000Z,2025-09-14T03:45:48.402000Z,2025-10-05T00:03:09.869000Z,2025-09-14T03:45:48.792767Z,444.0,CX0Z37FL,1936,48,Female,White,United States,United States,United States,English,No,"Not in paid work (e.g. homemaker', 'retired or disabled)"
68c638b0f94a8caa1439dc8d,5f405adcda0ade19c87826bd,APPROVED,Not Applicable,2025-09-14T03:38:31.206000Z,2025-09-14T03:46:31.652000Z,2025-10-05T00:03:10.120000Z,2025-09-14T03:46:32.072376Z,481.0,CX0Z37FL,3944,35,Female,White,United States,United States,United States,English,No,Full-Time
68c638b80255c609f6cf004c,57bf2f693aa21900017f7ae6,APPROVED,Not Applicable,2025-09-14T03:44:10.110000Z,2025-09-14T03:54:04.819000Z,2025-10-05T00:03:10.400000Z,2025-09-14T03:54:05.217573Z,595.0,CX0Z37FL,3421,41,Male,White,United States,United States,United States,English,DATA_EXPIRED,DATA_EXPIRED
68c638b95cd6921f9ce87627,6404fb7b9a7b3cfb4179d185,APPROVED,Not Applicable,2025-09-14T03:38:38.516000Z,2025-09-14T03:50:50.612000Z,2025-10-05T00:03:10.642000Z,2025-09-14T03:50:50.996326Z,733.0,CX0Z37FL,944,43,Female,White,United States,United States,United States,English,No,DATA_EXPIRED
68c638c1bbec78477dbef4af,6787f20d2450c83ac325e446,APPROVED,Not Applicable,2025-09-14T03:38:46.792000Z,2025-09-14T03:45:51.988000Z,2025-10-05T00:03:10.873000Z,2025-09-14T03:45:52.414146Z,426.0,CX0Z37FL,1124,19,Female,White,United States,United States,Colombia,English,Yes,Part-Time
68c638c2d6656099f6212d03,614ea93d581d6f4281e9d232,APPROVED,Not Applicable,2025-09-14T03:38:56.591000Z,2025-09-14T03:48:36.265000Z,2025-10-05T00:03:11.140000Z,2025-09-14T03:48:36.665165Z,580.0,CX0Z37FL,5171,41,Female,White,United States,United States,United States,English,No,Full-Time
68c638cddf1292a4d360110c,5e4044797946592823cbec2a,APPROVED,Not Applicable,2025-09-14T03:38:57.115000Z,2025-09-14T03:45:58.853000Z,2025-10-05T00:03:11.427000Z,2025-09-14T03:45:59.242293Z,422.0,CX0Z37FL,7347,30,Female,White,United States,United States,United States,English,No,Full-Time
68c638cf3472bfc085aae5ec,66306ac39d18c5aad9685a9e,APPROVED,Not Applicable,2025-09-14T03:39:00.137000Z,2025-09-14T03:50:51.657000Z,2025-10-05T00:03:11.677000Z,2025-09-14T03:50:52.069899Z,712.0,CX0Z37FL,1015,38,Female,White,United States,United States,United States,English,No,Full-Time
68c638d07a93ae91e27e58e4,60fd00abc3abd38c0302fde8,APPROVED,Not Applicable,2025-09-14T03:39:01.825000Z,2025-09-14T03:44:23.256000Z,2025-10-05T00:03:11.945000Z,2025-09-14T03:44:23.695666Z,322.0,CX0Z37FL,2290,32,Male,White,United States,United States,United States,English,No,Full-Time
68c638d1f124f2632efae8cf,5bac0a6db6db160001306f22,APPROVED,Not Applicable,2025-09-14T03:43:20.717000Z,2025-09-14T03:54:03.258000Z,2025-10-05T00:03:12.239000Z,2025-09-14T03:54:03.711692Z,643.0,CX0Z37FL,589,30,Female,White,United States,United States,United States,English,No,Unemployed (and job seeking)
68c638e231d91a9a85bf6e5f,66b1ae2bf1b4bbd5740d658a,APPROVED,Not Applicable,2025-09-14T03:39:20.712000Z,2025-09-14T03:47:51.902000Z,2025-10-05T00:03:12.604000Z,2025-09-14T03:47:52.272697Z,512.0,CX0Z37FL,376,29,Female,White,United States,United States,United States,English,No,DATA_EXPIRED
68c638e5cc02ac9cb2e09f55,6711e09a6906af2fa5b782bd,APPROVED,Not Applicable,2025-09-14T03:39:26.064000Z,2025-09-14T03:47:42.878000Z,2025-10-05T00:03:12.939000Z,2025-09-14T03:47:43.267178Z,497.0,CX0Z37FL,1178,33,Female,White,United States,United States,United States,English,DATA_EXPIRED,DATA_EXPIRED
68c638e5eceeaf2d6a1996d5,64ee18fad7ff63875d973306,APPROVED,Not Applicable,2025-09-14T03:39:22.201000Z,2025-09-14T04:00:31.237000Z,2025-10-05T00:03:14.878000Z,2025-09-14T04:00:31.640523Z,1270.0,CX0Z37FL,2681,36,Female,Black,United States,United States,United States,English,DATA_EXPIRED,DATA_EXPIRED
68c638e7229a6a6bb0deed16,5f828a47a08cb43c715fe3a2,APPROVED,Not Applicable,2025-09-14T03:39:22.723000Z,2025-09-14T03:46:31.286000Z,2025-10-05T00:03:15.123000Z,2025-09-14T03:46:31.704828Z,429.0,CX0Z37FL,3069,41,Male,White,United States,United States,United States,English,No,Full-Time
68c638ec1bd907c5379958bb,5ba910505620a600016144ca,APPROVED,Not Applicable,2025-09-14T03:39:32.791000Z,2025-09-14T03:48:38.194000Z,2025-10-05T00:03:15.366000Z,2025-09-14T03:48:38.635609Z,546.0,CX0Z37FL,1553,42,Female,White,United States,United States,United States,English,No,Full-Time
68c63a04e3d12dba2c1ad6bc,67a5669452a6651f8be0b0bc,APPROVED,Not Applicable,2025-09-14T03:44:15.004000Z,2025-09-14T04:00:41.552000Z,2025-10-05T00:03:15.583000Z,2025-09-14T04:00:41.947549Z,987.0,CX0Z37FL,645,45,Female,Black,United States,United States,United States,English,No,Full-Time
68c63bcbecc56cd3814211a5,6446b4a6eb2ba64c1505307d,APPROVED,Not Applicable,2025-09-14T03:51:42.991000Z,2025-09-14T04:29:46.649000Z,2025-10-05T00:03:15.902000Z,2025-09-14T04:29:47.050569Z,2284.0,CX0Z37FL,3422,28,Male,Mixed,United States,United States,United States,English,DATA_EXPIRED,DATA_EXPIRED
68c63dd6120612b32792c0cb,678c21297d5530210477d1ec,APPROVED,Not Applicable,2025-09-14T04:00:42.840000Z,2025-09-14T04:22:39.378000Z,2025-10-05T00:03:16.179000Z,2025-09-14T04:22:39.745283Z,1317.0,CX0Z37FL,1123,51,Female,Black,United States,United States,United States,English,No,Full-Time
68c63e7f8521c69f3625f1bd,66d719a522a3689e93fd0351,APPROVED,Not Applicable,2025-09-14T04:03:19.188000Z,2025-09-14T04:18:06.292000Z,2025-10-05T00:03:16.470000Z,2025-09-14T04:18:06.681804Z,888.0,CX0Z37FL,1928,34,Male,White,United States,United States,United States,English,No,"Not in paid work (e.g. homemaker', 'retired or disabled)"
68c63fa334b778a3db47f2dc,67450bce7a49cb1c784dcc2b,APPROVED,Not Applicable,2025-09-14T04:08:08.539000Z,2025-09-14T04:29:50.774000Z,2025-10-05T00:03:16.785000Z,2025-09-14T04:29:51.215330Z,1303.0,CX0Z37FL,961,26,Female,Asian,United States,United States,United States,English,DATA_EXPIRED,DATA_EXPIRED
68c63fe8f910b9e5859b05b8,60fce0bedbae8b8996c93203,APPROVED,Not Applicable,2025-09-14T04:09:51.628000Z,2025-09-14T04:18:08.258000Z,2025-10-05T00:03:17.115000Z,2025-09-14T04:18:08.631272Z,497.0,CX0Z37FL,6010,23,Female,White,United States,United States,United States,English,DATA_EXPIRED,"Not in paid work (e.g. homemaker', 'retired or disabled)"
68c675f1ec966eb0ca1dd0ad,5a519789e0cf3d000125ee02,APPROVED,Not Applicable,2025-09-14T07:59:56.462000Z,2025-09-14T08:10:04.165000Z,2025-10-05T00:03:17.442000Z,2025-09-14T08:10:04.739745Z,608.0,CX0Z37FL,2116,41,Male,Black,United States,United States,United States,English,DATA_EXPIRED,DATA_EXPIRED
68c6eddea61ce1582c7c5e50,661571d6cc16ee34676734df,APPROVED,Not Applicable,2025-09-14T16:31:31.094000Z,2025-09-14T16:47:24.371000Z,2025-10-05T00:03:17.849000Z,2025-09-14T16:47:24.729365Z,954.0,CX0Z37FL,2908,42,Female,Black,United States,United States,United States,English,DATA_EXPIRED,DATA_EXPIRED
68c6ede2383fccd7d674f9b9,5ed2bb7a67d51b24b2ac4037,APPROVED,Not Applicable,2025-09-14T16:31:53.372000Z,2025-09-14T16:39:16.791000Z,2025-10-05T00:03:18.837000Z,2025-09-14T16:39:17.154848Z,444.0,CX0Z37FL,8213,36,Male,White,United States,United States,United States,English,DATA_EXPIRED,DATA_EXPIRED
68c6ede3444da6e3d5f24fb8,5bcbfa2832e46700016f1c1d,APPROVED,Not Applicable,2025-09-14T16:31:37.871000Z,2025-09-14T16:39:45.636000Z,2025-10-05T00:03:19.195000Z,2025-09-14T16:39:46.043052Z,488.0,CX0Z37FL,2320,34,Female,Black,United States,United States,United States,English,No,Full-Time
68c6ede3fa09203d42ef72f5,651ed17c366df83eeabae9dd,APPROVED,Not Applicable,2025-09-14T16:31:36.517000Z,2025-09-14T16:37:34.134000Z,2025-10-05T00:03:19.470000Z,2025-09-14T16:37:34.557672Z,358.0,Novode,3065,56,Female,White,United States,United States,United States,English,DATA_EXPIRED,DATA_EXPIRED
68c6ede577084a8a494e80a0,6686b14f080dac40e2e2b3c8,APPROVED,Not Applicable,2025-09-14T16:31:38.186000Z,2025-09-14T16:38:18.284000Z,2025-10-05T00:03:19.720000Z,2025-09-14T16:38:18.702795Z,401.0,CX0Z37FL,896,56,Male,Asian,United States,United States,United States,English,No,Unemployed (and job seeking)
68c6ede7e8fcfa4623bc93fa,66ca18ce20c4af7baa912758,APPROVED,Not Applicable,2025-09-14T16:31:40.508000Z,2025-09-14T16:43:20.222000Z,2025-10-05T00:03:20.023000Z,2025-09-14T16:43:20.634790Z,700.0,CX0Z37FL,589,29,Female,Black,United States,United States,United States,English,DATA_EXPIRED,DATA_EXPIRED
68c6ede88c70b8dd240f3ca6,5dd5e27fe25acf59990e1adf,APPROVED,Not Applicable,2025-09-14T16:31:43.387000Z,2025-09-14T16:40:16.495000Z,2025-10-05T00:03:20.289000Z,2025-09-14T16:40:16.888093Z,514.0,CX0Z37FL,6897,37,Male,Mixed,United States,United States,United States,English,DATA_EXPIRED,DATA_EXPIRED
68c6ede9353ead6a8b42c5d7,672285407273e65dc89d6f75,APPROVED,Not Applicable,2025-09-14T16:31:46.857000Z,2025-09-14T16:39:06.916000Z,2025-10-05T00:03:20.513000Z,2025-09-14T23:34:43.079510Z,441.0,CX0Z37FL,1413,33,Male,White,United States,United States,United States,English,DATA_EXPIRED,DATA_EXPIRED
68c6edec05b45560c28e2d37,628f83dc5398c04bac86f9e6,APPROVED,Not Applicable,2025-09-14T16:31:43.799000Z,2025-09-14T16:47:53.942000Z,2025-10-05T00:03:20.784000Z,2025-09-14T16:47:54.302924Z,971.0,CX0Z37FL,13297,40,Male,White,United States,United States,United States,English,DATA_EXPIRED,DATA_EXPIRED
68c6edec3493de536087a8d9,5fdfb7d6e1442280fc095a66,APPROVED,Not Applicable,2025-09-14T16:31:43.503000Z,2025-09-14T16:43:17.114000Z,2025-10-05T00:03:21.056000Z,2025-09-14T16:43:17.533548Z,694.0,CX0Z37FL,15460,34,Male,White,United States,United States,United States,English,No,Full-Time
68c6eded2742ff72a0291eb4,67afa55fbc4aa45a19e07e11,APPROVED,Not Applicable,2025-09-14T16:32:29.328000Z,2025-09-14T16:45:02.675000Z,2025-10-05T00:03:21.300000Z,2025-09-14T16:45:03.107289Z,754.0,CX0Z37FL,589,27,Male,Black,Kenya,United States,Kenya,English,Yes,Part-Time
68c6ededa4e5b00f3fb83c0c,5a03d20a7ecfc50001be0a7a,APPROVED,Not Applicable,2025-09-14T16:31:50.949000Z,2025-09-14T16:38:41.067000Z,2025-10-05T00:03:21.520000Z,2025-09-14T16:38:41.481309Z,411.0,CX0Z37FL,5238,40,Female,White,United States,United States,United States,English,DATA_EXPIRED,DATA_EXPIRED
68c6ededcc75abce2d3e814c,66cfa1d19c12678a0726df11,APPROVED,Not Applicable,2025-09-14T16:31:54.043000Z,2025-09-14T16:39:04.925000Z,2025-10-05T00:03:21.839000Z,2025-09-14T16:39:05.366394Z,431.0,CX0Z37FL,595,33,Female,White,United States,United States,United States,English,No,Full-Time
68c6edee387d8e5258c89f19,615085e1473e6bb28212e205,APPROVED,Not Applicable,2025-09-14T16:31:47.098000Z,2025-09-14T16:39:41.965000Z,2025-10-05T00:03:22.110000Z,2025-09-14T16:39:42.368637Z,475.0,CX0Z37FL,2852,35,Female,White,United States,United States,United States,English,DATA_EXPIRED,DATA_EXPIRED
68c6edee7b3fcff31f3c2b98,66a56853eae42f430895b05e,APPROVED,Not Applicable,2025-09-14T16:31:50.284000Z,2025-09-14T16:38:41.203000Z,2025-10-05T00:03:22.381000Z,2025-09-14T16:38:41.584947Z,411.0,CX0Z37FL,2865,47,Female,White,United States,United States,United States,English,DATA_EXPIRED,DATA_EXPIRED
68c6edfbe7daf67711661ec6,5d7ff85ffec5620017b07c40,APPROVED,Not Applicable,2025-09-14T16:31:59.817000Z,2025-09-14T16:39:04.944000Z,2025-10-05T00:03:22.604000Z,2025-09-14T16:39:05.354362Z,426.0,CX0Z37FL,11785,48,Female,Mixed,United States,United States,United States,English,No,Full-Time
68c6edff5e51933448aaec6a,5f8b90a4b237f91824a88aeb,APPROVED,Not Applicable,2025-09-14T16:40:34.136000Z,2025-09-14T17:09:01.048000Z,2025-10-05T00:03:22.873000Z,2025-09-14T17:09:01.459452Z,1707.0,CX0Z37FL,8730,52,Female,White,United States,United States,United States,English,No,"Not in paid work (e.g. homemaker', 'retired or disabled)"
68c6ee002fddaf61a326cc22,62fba37f3560a85b4eb94aac,APPROVED,Not Applicable,2025-09-14T16:33:15.837000Z,2025-09-14T16:40:19.930000Z,2025-10-05T00:03:23.130000Z,2025-09-14T16:40:21.297659Z,425.0,CX0Z37FL,7449,47,Male,White,United States,United States,United States,English,DATA_EXPIRED,DATA_EXPIRED
68c6ee00713da4ddc93e584c,63ea6344bf5cfafd40b0dce2,APPROVED,Not Applicable,2025-09-14T16:32:08.052000Z,2025-09-14T16:38:04.282000Z,2025-10-05T00:03:23.375000Z,2025-09-14T16:38:04.676700Z,357.0,CX0Z37FL,4123,33,Female,Black,United States,United States,United States,English,Yes,Full-Time
68c6ee024db690ff2d57aef6,66772da1add67a4a8e713540,APPROVED,Not Applicable,2025-09-14T16:32:09.271000Z,2025-09-14T16:54:34.097000Z,2025-10-05T00:03:23.629000Z,2025-09-14T16:54:34.508971Z,1345.0,CX0Z37FL,1669,42,Female,White,United States,United States,United States,English,Yes,Part-Time
68c6ee0686edf77de59ff44d,607dadd7d36ac2f5d4e9d551,APPROVED,Not Applicable,2025-09-14T16:32:10.342000Z,2025-09-14T16:38:16.314000Z,2025-10-05T00:03:23.933000Z,2025-09-14T16:38:16.733714Z,366.0,CX0Z37FL,2349,35,Female,White,United States,United States,United States,English,No,Full-Time
68c6ee076f3f8a7754d9f70d,67d070528f54dbfce58f90a2,APPROVED,Not Applicable,2025-09-14T16:32:15.619000Z,2025-09-14T16:45:20.266000Z,2025-10-05T00:03:24.205000Z,2025-09-14T16:45:20.672731Z,785.0,CX0Z37FL,1595,26,Male,White,United States,United States,United States,English,No,Part-Time
68c6ee757cda957cbeb6018a,671806b3171e9a08f5c29cc6,APPROVED,Not Applicable,2025-09-14T16:34:02.471000Z,2025-09-14T16:40:18.896000Z,2025-10-05T00:03:24.445000Z,2025-09-14T16:40:19.333442Z,377.0,CX0Z37FL,2033,31,Female,White,United States,United States,United States,English,No,Part-Time
68c6efa5caf72acda7551cff,673cc0c935b49103f2be1e27,APPROVED,Not Applicable,2025-09-14T16:39:29.645000Z,2025-09-14T16:50:30.834000Z,2025-10-05T00:03:26.100000Z,2025-09-14T16:50:31.233918Z,662.0,CX0Z37FL,2357,31,Male,White,United States,United States,United States,English,DATA_EXPIRED,DATA_EXPIRED
68c6f004b5c13053d15d5b29,5c553e0ad3cc6b0001d98fd3,APPROVED,Not Applicable,2025-09-14T16:40:40.902000Z,2025-09-14T16:47:23.966000Z,2025-10-05T00:03:26.416000Z,2025-09-14T16:47:24.368277Z,404.0,CX0Z37FL,930,53,Female,White,United States,United States,United States,English,DATA_EXPIRED,DATA_EXPIRED
68c6f045a3f9a2ece655f536,6150039e1a0e850f5c3d3fa9,APPROVED,Not Applicable,2025-09-14T16:41:46.188000Z,2025-09-14T16:47:52.670000Z,2025-10-05T00:03:26.674000Z,2025-09-14T16:47:53.048749Z,367.0,CX0Z37FL,1027,23,Female,White,United States,United States,United States,English,No,Unemployed (and job seeking)
68c6f06a4c7702a5a810267c,66c1c5cb4b460dacc8290b9e,APPROVED,Not Applicable,2025-09-14T16:42:23.854000Z,2025-09-14T16:50:29.335000Z,2025-10-05T00:03:26.959000Z,2025-09-14T16:50:29.797906Z,486.0,CX0Z37FL,2031,29,Female,Mixed,United States,United States,United States,English,Yes,Full-Time
68c6f15af7cae89276d8a7c7,65707ef834f5c6af96da98ce,APPROVED,Not Applicable,2025-09-14T16:46:25.936000Z,2025-09-14T16:54:37.359000Z,2025-10-05T00:03:27.370000Z,2025-09-14T16:54:37.796532Z,492.0,CX0Z37FL,1231,41,Female,White,United States,United States,United States,English,DATA_EXPIRED,DATA_EXPIRED
68c6f5ac91ce692cc9fc0ff4,67eb6e6dc32d33ebc7a6ff02,APPROVED,Not Applicable,2025-09-14T17:04:52.722000Z,2025-09-14T17:15:47.175000Z,2025-10-05T00:03:27.742000Z,2025-09-14T17:15:47.572717Z,655.0,NOCODE,595,39,Female,Black,United States,United States,DATA_EXPIRED,English,No,DATA_EXPIRED
68c6f697359865952589d436,670f0a3ed9a0843666815df1,APPROVED,Not Applicable,2025-09-14T17:08:39.477000Z,2025-09-14T17:17:46.107000Z,2025-10-05T00:03:28.087000Z,2025-09-14T17:17:46.552363Z,547.0,CX0Z37FL,1199,34,Male,Asian,United States,United States,United States,English,No,Unemployed (and job seeking)
68c6f6985f881f4a1d9c794c,66a9d46ff5d39bbede9f2e92,APPROVED,Not Applicable,2025-09-14T17:08:51.095000Z,2025-09-14T17:46:46.477000Z,2025-10-05T00:03:28.378000Z,2025-09-14T17:51:23.045423Z,2276.0,NOCODE,1139,28,Male,White,United States,United States,United States,English,DATA_EXPIRED,DATA_EXPIRED
68c6f69a3f049678da8eab0e,65ce22d6bf3cf27376a9babd,APPROVED,Not Applicable,2025-09-14T17:08:51.398000Z,2025-09-14T17:16:42.166000Z,2025-10-05T00:03:28.640000Z,2025-09-14T17:16:42.573583Z,471.0,CX0Z37FL,984,22,Female,Black,United States,United States,United States,English,DATA_EXPIRED,Part-Time
68c6f69c96624ee780601885,66f043f0c38f7c2ec60770e4,APPROVED,Not Applicable,2025-09-14T17:08:53.336000Z,2025-09-14T17:14:40.976000Z,2025-10-05T00:03:28.931000Z,2025-09-14T17:14:41.418868Z,348.0,CX0Z37FL,2677,31,Female,Other,United States,United States,United States,English,No,"Not in paid work (e.g. homemaker', 'retired or disabled)"
68c6f69e4db690ff2d57b34e,66442ca351653be6d0357e94,APPROVED,Not Applicable,2025-09-14T17:08:53.484000Z,2025-09-14T17:17:05.500000Z,2025-10-05T00:03:29.235000Z,2025-09-14T17:17:05.991195Z,493.0,CX0Z37FL,2866,38,Female,Mixed,United States,United States,United States,English,No,Full-Time
68c6f6a33a90cf23c0673949,6554ea27378d1f1b846788b3,APPROVED,Not Applicable,2025-09-14T17:09:40.905000Z,2025-09-14T17:28:59.244000Z,2025-10-05T00:03:29.498000Z,2025-09-14T17:28:59.648071Z,1159.0,CX0Z37FL,4576,47,Male,Black,United States,United States,United States,English,No,Full-Time
68c6f6a88e58e902731ac52a,670a7974af415c94f39a8c13,APPROVED,Not Applicable,2025-09-14T17:09:09.341000Z,2025-09-14T17:24:09.759000Z,2025-10-05T00:03:29.789000Z,2025-09-14T17:24:10.201496Z,901.0,CX0Z37FL,727,36,Female,Other,United States,United States,United States,English,DATA_EXPIRED,Full-Time
68c6f6b04aa22ce8e323501f,6782b2f4bd70e1c0a9a36590,APPROVED,Not Applicable,2025-09-14T17:09:26.001000Z,2025-09-14T17:15:44.456000Z,2025-10-05T00:03:30.144000Z,2025-09-14T17:15:44.887264Z,379.0,CX0Z37FL,1972,33,Male,White,United States,United States,United States,English,No,Full-Time
68c6f6b24f30cd6848245fea,663140c398e19ff9b77d4663,APPROVED,Not Applicable,2025-09-14T17:09:12.184000Z,2025-09-14T17:16:25.828000Z,2025-10-05T00:03:30.412000Z,2025-09-14T17:16:26.288190Z,434.0,CX0Z37FL,4007,34,Female,Asian,United States,United States,United States,English,DATA_EXPIRED,DATA_EXPIRED
68c6f6b50301b5482d0f08ec,593890eac6aa16000101f037,APPROVED,Not Applicable,2025-09-14T17:09:12.643000Z,2025-09-14T17:14:37.357000Z,2025-10-05T00:03:30.634000Z,2025-09-14T17:14:37.800596Z,325.0,CX0Z37FL,2248,28,Male,White,United States,United States,United States,English,No,Full-Time
68c6f6bab1c077b6e67c4224,6150a7aff22eb4723de2341a,APPROVED,Not Applicable,2025-09-14T17:09:18.321000Z,2025-09-14T17:16:40.341000Z,2025-10-05T00:03:30.877000Z,2025-09-14T17:16:40.716547Z,443.0,CX0Z37FL,2665,48,Male,White,United States,United States,United States,English,No,Full-Time
68c6f6bea019ebd800359535,66bf6ab25d76db9c95e01458,APPROVED,Not Applicable,2025-09-14T17:09:25.263000Z,2025-09-14T17:20:35.855000Z,2025-10-05T00:03:31.158000Z,2025-09-14T17:20:36.261538Z,671.0,CX0Z37FL,1808,27,Male,White,United States,United States,United States,English,No,DATA_EXPIRED
68c6f6cd4f30cd6848245fed,6430c599f0887cb443f8da9a,APPROVED,Not Applicable,2025-09-14T17:14:43.816000Z,2025-09-14T17:23:15.573000Z,2025-10-05T00:03:31.415000Z,2025-09-14T17:23:15.991691Z,512.0,CX0Z37FL,4517,55,Male,White,United States,United States,United States,English,DATA_EXPIRED,DATA_EXPIRED
68c6f6cf8c70b8dd240f4103,6737e90a9048106a0d79777a,APPROVED,Not Applicable,2025-09-14T17:09:43.114000Z,2025-09-14T17:18:14.701000Z,2025-10-05T00:03:31.675000Z,2025-09-14T17:18:15.140886Z,512.0,CX0Z37FL,2545,25,Male,Black,United States,United States,United States,English,DATA_EXPIRED,DATA_EXPIRED
68c6f6d7fe1079cbeda16869,60e7c5cd5803eaf98429d9a2,APPROVED,Not Applicable,2025-09-14T17:09:48.448000Z,2025-09-14T17:15:38.548000Z,2025-10-05T00:03:32.040000Z,2025-09-14T17:15:38.965464Z,351.0,CX0Z37FL,235,41,Male,White,United States,United States,United States,English,Yes,Full-Time
68c6f6ddc2109376a2b65a73,5d30d94d6c17550001d3ba17,APPROVED,Not Applicable,2025-09-14T17:09:53.448000Z,2025-09-14T17:16:08.546000Z,2025-10-05T00:03:32.841000Z,2025-09-14T17:16:08.971929Z,376.0,CX0Z37FL,7904,49,Male,White,United States,United States,United States,English,No,Full-Time
68c6f6e50287bbae900ed3b1,5fb7f3297970dd44ef7b0e43,APPROVED,Not Applicable,2025-09-14T17:10:03.104000Z,2025-09-14T17:17:45.896000Z,2025-10-05T00:03:33.089000Z,2025-09-14T17:17:46.314258Z,463.0,CX0Z37FL,1200,39,Female,White,United States,United States,United States,English,No,"Not in paid work (e.g. homemaker', 'retired or disabled)"
68c6f6e598f054e9a2a72f07,65ccfdf16bdcab83d5bd1163,APPROVED,Not Applicable,2025-09-14T17:10:00.813000Z,2025-09-14T17:16:25.193000Z,2025-10-05T00:03:33.362000Z,2025-09-14T17:16:25.610556Z,385.0,CX0Z37FL,3159,52,Female,White,United States,United States,United States,English,No,Full-Time
68c6f6e66a2130779e7b36eb,5ef32f0aeb0c9103d56a8558,APPROVED,Not Applicable,2025-09-14T17:10:03.097000Z,2025-09-14T17:16:11.593000Z,2025-10-05T00:03:33.620000Z,2025-09-14T17:16:11.959427Z,369.0,CX0Z37FL,2458,33,Male,White,United States,United States,United States,English,No,Full-Time
68c6f6e8353ead6a8b42ca3f,5da8b26395be5f0017360ad5,APPROVED,Not Applicable,2025-09-14T17:10:07.448000Z,2025-09-14T17:16:07.321000Z,2025-10-05T00:03:33.863000Z,2025-09-14T17:16:07.755260Z,360.0,CX0Z37FL,6365,45,Female,White,United States,United States,United States,English,No,Full-Time
68c6f7551695f546573715a1,67870d79f5abb0aa321e6c6e,APPROVED,Not Applicable,2025-09-14T17:11:55.615000Z,2025-09-14T17:20:33.480000Z,2025-10-05T00:03:34.142000Z,2025-09-14T17:20:33.864820Z,518.0,CX0Z37FL,204,38,Male,White,United States,United States,United States,English,DATA_EXPIRED,DATA_EXPIRED
68c6f7fd0f4529989aa145ed,668b596bce6cb1fdb760e0b7,APPROVED,Not Applicable,2025-09-14T17:14:41.374000Z,2025-09-14T17:23:38.546000Z,2025-10-05T00:03:34.442000Z,2025-09-14T17:23:38.962622Z,538.0,CX0Z37FL,216,37,Female,White,United States,United States,United States,English,No,"Not in paid work (e.g. homemaker', 'retired or disabled)"
68c6f802865aa72d16dbb20f,6665ff6243fd002652aac355,APPROVED,Not Applicable,2025-09-14T17:14:55.733000Z,2025-09-14T17:23:59.269000Z,2025-10-05T00:03:34.703000Z,2025-09-14T17:23:59.649353Z,544.0,CX0Z37FL,1209,53,Male,White,United States,United States,United States,English,No,Full-Time
68c6f82a3bd1143fc6ca1848,66bbef30b448c88bf53675f3,APPROVED,Not Applicable,2025-09-14T17:15:27.115000Z,2025-09-14T17:18:40.393000Z,2025-10-05T00:03:34.987000Z,2025-09-14T17:18:40.846290Z,194.0,NOCODE,1726,52,Female,Black,United States,United States,United States,English,Yes,Part-Time
68c6f82cbc48dd03744a3f92,667e3c908dfe54c0973bbe34,APPROVED,Not Applicable,2025-09-14T17:15:29.587000Z,2025-09-14T17:23:15.064000Z,2025-10-05T00:03:35.271000Z,2025-09-14T17:23:15.447790Z,466.0,CX0Z37FL,984,51,Female,Black,United States,United States,United States,English,No,Full-Time
68c6f8462b8df031253e7857,6400d9b9ff7296c2bce939ef,APPROVED,Not Applicable,2025-09-14T17:15:55.619000Z,2025-09-14T17:30:22.854000Z,2025-10-05T00:03:35.517000Z,2025-09-14T17:30:23.281396Z,868.0,CX0Z37FL,365,44,Female,White,United States,United States,United States,English,No,Full-Time
68c6f84696624ee780601c98,5f93186d0e61130ad2fe395c,APPROVED,Not Applicable,2025-09-14T17:15:53.872000Z,2025-09-14T17:26:24.815000Z,2025-10-05T00:03:35.781000Z,2025-09-14T17:26:25.223994Z,631.0,NOCODE,3094,52,Female,Black,United States,United States,United States,English,No,Full-Time
68c6f98092bf6f1e61d650f3,6238dfab577ecd4adb97a917,APPROVED,Not Applicable,2025-09-14T17:21:07.103000Z,2025-09-14T17:30:19.415000Z,2025-10-05T00:03:36.051000Z,2025-09-14T17:30:19.840576Z,553.0,CX0Z37FL,6211,52,Male,White,United States,United States,United States,English,No,Full-Time
68c6fe81bf81c659ebed2de7,5f3d42de03555c0832cbef73,APPROVED,Not Applicable,2025-09-14T17:42:30.638000Z,2025-09-14T17:51:13.288000Z,2025-10-05T00:03:36.346000Z,2025-09-14T17:51:13.658960Z,523.0,CX0Z37FL,1997,23,Female,White,United States,United States,United States,English,Yes,DATA_EXPIRED
68c7069c43dcf4e8dfe0bcd9,5f8275c36d72281a1c8a2927,APPROVED,Not Applicable,2025-09-14T18:17:05.896000Z,2025-09-14T18:32:55.259000Z,2025-10-05T00:03:36.598000Z,2025-09-14T18:32:55.723801Z,950.0,NOCODE,6493,47,Female,White,United States,United States,United States,English,No,Full-Time
68c71141196d0581982320c9,6038743a95e000257b4fefdd,APPROVED,Not Applicable,2025-09-14T19:02:30.705000Z,2025-09-14T19:09:05.466000Z,2025-10-05T00:03:36.844000Z,2025-09-14T19:09:05.872073Z,395.0,CX0Z37FL,4454,33,Male,White,United States,United States,United States,English,DATA_EXPIRED,DATA_EXPIRED
68c7114200940e9aafd54901,66a276d13f40200c70c28109,APPROVED,Not Applicable,2025-09-14T19:02:30.928000Z,2025-09-14T19:10:31.333000Z,2025-10-05T00:03:37.137000Z,2025-09-14T19:10:31.775882Z,481.0,CX0Z37FL,3684,47,Female,White,United States,United States,United States,English,No,Full-Time
68c711481585ff4f09266900,66c7afe345bcfdeba3506d7d,APPROVED,Not Applicable,2025-09-14T19:04:41.311000Z,2025-09-14T19:15:04.856000Z,2025-10-05T00:03:37.378000Z,2025-09-14T19:15:05.281498Z,624.0,CX0Z37FL,1530,55,Female,White,United States,United States,United States,English,DATA_EXPIRED,DATA_EXPIRED
68c71148f52172ffc70a29b0,615a3aff99c738f7dd86fded,APPROVED,Not Applicable,2025-09-14T19:02:45.824000Z,2025-09-14T19:10:26.090000Z,2025-10-05T00:03:37.642000Z,2025-09-14T19:10:26.479326Z,461.0,CX0Z37FL,3920,44,Female,Mixed,United States,United States,United States,English,No,Unemployed (and job seeking)
68c7114ae90d79e33a7fb05f,6717f5c74ec821ced7af6e43,APPROVED,Not Applicable,2025-09-14T19:02:39.796000Z,2025-09-14T19:09:34.902000Z,2025-10-05T00:03:37.933000Z,2025-09-14T19:09:35.331489Z,416.0,CX0Z37FL,247,34,Female,White,United States,United States,United States,English,No,Full-Time
68c7114afefddc00cb4a371d,63d45a7df8f7c19c1dce7c3d,APPROVED,Not Applicable,2025-09-14T19:02:49.336000Z,2025-09-14T19:08:15.481000Z,2025-10-05T00:03:38.271000Z,2025-09-14T19:08:15.898685Z,327.0,CX0Z37FL,3063,33,Male,White,United States,United States,United States,English,No,Full-Time
68c711522612bc556103f095,65c118f1cd19001157ace3a0,APPROVED,Not Applicable,2025-09-14T19:02:47.718000Z,2025-09-14T19:09:34.606000Z,2025-10-05T00:03:38.524000Z,2025-09-14T19:09:35.071334Z,407.0,CX0Z37FL,2828,31,Female,Black,United States,United States,United States,English,No,Full-Time
68c711528212dc355b0b819d,6597691b6cf046f7396fcef4,APPROVED,Not Applicable,2025-09-14T19:05:39.064000Z,2025-09-14T19:11:46.590000Z,2025-10-05T00:03:38.794000Z,2025-09-14T19:11:47.007338Z,368.0,CX0Z37FL,871,25,Male,Asian,United States,United States,Afghanistan,English,No,Unemployed (and job seeking)
68c711541376f6f506b30348,672a3b3af4fe3ca8478cd6c6,APPROVED,Not Applicable,2025-09-14T19:02:48.564000Z,2025-09-14T19:09:07.559000Z,2025-10-05T00:03:39.112000Z,2025-09-14T19:09:07.963404Z,379.0,CX0Z37FL,893,22,Female,White,United States,United States,United States,English,Yes,Other
68c711541d6583ad0c3b5623,5f2de2dbf9dbae126ed085b0,APPROVED,Not Applicable,2025-09-14T19:02:47.792000Z,2025-09-14T19:08:19.943000Z,2025-10-05T00:03:39.376000Z,2025-09-14T19:08:20.370784Z,333.0,CX0Z37FL,4119,47,Male,White,United States,United States,United States,English,DATA_EXPIRED,DATA_EXPIRED
68c71155a2960f792d3b406d,62b072828cfef4de9971753b,APPROVED,Not Applicable,2025-09-14T19:02:55.563000Z,2025-09-14T19:09:12.973000Z,2025-10-05T00:03:39.608000Z,2025-09-14T19:09:13.459653Z,378.0,CX0Z37FL,1863,28,Male,White,Russian Federation,United States,Russian Federation,English,No,Part-Time
68c7115685ad208aee58d4f0,5ee00b8630f30b34f2a5dc1c,APPROVED,Not Applicable,2025-09-14T19:03:03.462000Z,2025-09-14T19:10:52.965000Z,2025-10-05T00:03:39.857000Z,2025-09-14T19:10:53.385697Z,470.0,CX0Z37FL,8588,35,Male,White,United States,United States,United States,English,No,DATA_EXPIRED
68c711586d0e7274e40e418c,67870824e02758bc16fa96f3,APPROVED,Not Applicable,2025-09-14T19:02:53.127000Z,2025-09-14T19:10:32.210000Z,2025-10-05T00:03:40.158000Z,2025-09-14T19:10:32.637840Z,460.0,CX0Z37FL,1060,50,Female,White,United States,United States,United States,English,No,Unemployed (and job seeking)
68c71159129f59976a1ff895,5c1942e200849900010afdcd,APPROVED,Not Applicable,2025-09-14T19:04:03.647000Z,2025-09-14T19:10:54.662000Z,2025-10-05T00:03:40.406000Z,2025-09-14T19:10:55.066468Z,412.0,CX0Z37FL,7435,27,Male,White,United States,United States,United States,English,DATA_EXPIRED,DATA_EXPIRED
68c7115b4aa22ce8e3235577,663a7af013938e6bbfb065d5,APPROVED,Not Applicable,2025-09-14T19:09:55.913000Z,2025-09-14T19:17:47.307000Z,2025-10-05T00:03:40.653000Z,2025-09-14T19:17:47.747444Z,472.0,CX0Z37FL,3393,35,Male,White,United States,United States,United States,English,DATA_EXPIRED,DATA_EXPIRED
68c7115bc50599962580bbfd,6234965d3869b875dc31d93a,APPROVED,Not Applicable,2025-09-14T19:02:55.313000Z,2025-09-14T19:10:38.279000Z,2025-10-05T00:03:40.968000Z,2025-09-14T19:10:38.692708Z,463.0,CX0Z37FL,5779,32,Male,Asian,United States,United States,United States,English,DATA_EXPIRED,Full-Time
68c7115f74e9bfc0c10d30d2,674dcf86d562257d64750471,APPROVED,Not Applicable,2025-09-14T19:06:48.835000Z,2025-09-14T19:23:14.053000Z,2025-10-05T00:03:41.236000Z,2025-09-14T19:23:14.461233Z,986.0,CX0Z37FL,2355,54,Female,White,United States,United States,United States,English,DATA_EXPIRED,DATA_EXPIRED
68c71164e67f7d0392bca1bc,6716283de5fe806da4523e16,APPROVED,Not Applicable,2025-09-14T19:03:05.402000Z,2025-09-14T19:11:50.354000Z,2025-10-05T00:03:41.492000Z,2025-09-14T19:11:50.744374Z,525.0,CX0Z37FL,1481,47,Female,White,United States,United States,United States,English,No,Other
68c71166f7cae89276d8ada4,6732dd2ad292849faaca9cd3,APPROVED,Not Applicable,2025-09-14T19:03:23.694000Z,2025-09-14T19:13:03.781000Z,2025-10-05T00:03:41.784000Z,2025-09-14T19:13:04.243226Z,581.0,CX0Z37FL,1101,35,Female,White,United States,United States,United States,English,No,Part-Time
68c7116f2c3d152ba8b79156,65e375588229327640a29ad9,APPROVED,Not Applicable,2025-09-14T19:03:17.182000Z,2025-09-14T19:13:01.144000Z,2025-10-05T00:03:42.184000Z,2025-09-14T19:13:01.595109Z,584.0,CX0Z37FL,2526,41,Female,Black,United States,United States,United States,English,DATA_EXPIRED,DATA_EXPIRED
68c71176460da70a78672fcb,655f96e689f922fe983fed35,APPROVED,Not Applicable,2025-09-14T19:03:21.888000Z,2025-09-14T19:15:04.675000Z,2025-10-05T00:03:42.513000Z,2025-09-14T19:15:05.105436Z,703.0,CX0Z37FL,4961,30,Female,Asian,United States,United States,United States,English,DATA_EXPIRED,DATA_EXPIRED
68c71177444da6e3d5f25d42,5ecc6ffce3ca77849333e83e,APPROVED,Not Applicable,2025-09-14T19:04:07.731000Z,2025-09-14T19:15:16.042000Z,2025-10-05T00:03:44.096000Z,2025-09-14T19:15:16.518794Z,669.0,CX0Z37FL,10179,46,Male,Asian,Australia,United States,United States,English,No,DATA_EXPIRED
68c71178578c85fee33b5894,67e5c355411c738824ca3aad,APPROVED,Not Applicable,2025-09-14T19:03:28.447000Z,2025-09-14T19:15:15.266000Z,2025-10-05T00:03:44.369000Z,2025-09-14T19:15:15.734291Z,707.0,CX0Z37FL,1510,20,Female,White,United States,United States,United States,English,Yes,"Not in paid work (e.g. homemaker', 'retired or disabled)"
68c7117b1ffd28832712ebaf,66db9db4324609f1a7231f49,APPROVED,Not Applicable,2025-09-14T19:03:30.448000Z,2025-09-14T19:10:36.288000Z,2025-10-05T00:03:44.627000Z,2025-09-14T19:10:36.708004Z,426.0,CX0Z37FL,2512,47,Female,White,United States,United States,United States,English,DATA_EXPIRED,DATA_EXPIRED
68c7121eebefd1f4cd1fcf3b,674650ee22c7f25c624d3e5f,APPROVED,Not Applicable,2025-09-14T19:06:10.664000Z,2025-09-14T19:14:40.335000Z,2025-10-05T00:03:44.913000Z,2025-09-14T19:14:40.761315Z,510.0,CX0Z37FL,1804,55,Male,White,United States,United States,United States,English,No,Full-Time
68c7127e447df5b0bed493cf,63f56ffdcfc1604bae8a0aac,APPROVED,Not Applicable,2025-09-14T19:07:53.770000Z,2025-09-14T19:14:58.771000Z,2025-10-05T00:03:45.276000Z,2025-09-14T19:14:59.192079Z,426.0,CX0Z37FL,414,41,Female,Black,United States,United States,United States,English,No,Part-Time
68c71282ab9ab86e53665065,65d0b965045891ca868a35a2,APPROVED,Not Applicable,2025-09-14T19:07:52.048000Z,2025-09-14T19:18:19.081000Z,2025-10-05T00:03:45.566000Z,2025-09-14T19:18:19.511749Z,628.0,CX0Z37FL,2767,44,Female,Black,United States,United States,United States,English,DATA_EXPIRED,DATA_EXPIRED
68c712914aa22ce8e3235580,65c1287985e524df48a330b8,APPROVED,Not Applicable,2025-09-14T19:08:05.874000Z,2025-09-14T19:15:15.969000Z,2025-10-05T00:03:45.856000Z,2025-09-14T19:15:16.390295Z,431.0,CX0Z37FL,691,37,Female,Black,United States,United States,United States,English,DATA_EXPIRED,DATA_EXPIRED
68c712c82fddaf61a326cdb0,612cd21ab53f52338b7b4f19,APPROVED,Not Applicable,2025-09-14T19:09:38.519000Z,2025-09-14T19:17:46.017000Z,2025-10-05T00:03:46.135000Z,2025-09-14T19:17:46.452894Z,488.0,CX0Z37FL,3976,46,Female,White,United States,United States,United States,English,No,DATA_EXPIRED
68c7139ec1a7079923778287,66b0dbca7f5f04da0a408c1d,APPROVED,Not Applicable,2025-09-14T19:12:35.620000Z,2025-09-14T19:18:22.477000Z,2025-10-05T00:03:46.378000Z,2025-09-14T19:18:22.883826Z,347.0,CX0Z37FL,1598,34,Male,White,United States,United States,United States,English,No,DATA_EXPIRED
68c714a64892c2e5a49a9b85,62b14f89e9222d3aab48489b,APPROVED,Not Applicable,2025-09-14T19:17:01.609000Z,2025-09-14T19:24:05.858000Z,2025-10-05T00:03:46.617000Z,2025-09-14T19:24:06.269647Z,425.0,CX0Z37FL,3153,38,Male,White,United States,United States,United States,English,DATA_EXPIRED,DATA_EXPIRED
68c714a7df1292a4d3603acd,63e528909792824acff88847,APPROVED,Not Applicable,2025-09-14T19:17:05.343000Z,2025-09-14T19:25:37.074000Z,2025-10-05T00:03:46.861000Z,2025-09-14T19:25:38.116313Z,512.0,CX0Z37FL,555,49,Male,Other,United States,United States,United States,English,DATA_EXPIRED,DATA_EXPIRED
68c714ad50497c74bb4507e3,66e12593ddd5a01785c4e288,APPROVED,Not Applicable,2025-09-14T19:17:04.129000Z,2025-09-14T19:24:19.810000Z,2025-10-05T00:03:47.158000Z,2025-09-14T19:24:20.218329Z,436.0,CX0Z37FL,3106,20,Male,Mixed,United States,United States,United States,English,DATA_EXPIRED,DATA_EXPIRED
68c714b264596c5025fecd6e,66e359c586c5a532a82a1aa0,APPROVED,Not Applicable,2025-09-14T19:17:14.695000Z,2025-09-14T19:28:55.064000Z,2025-10-05T00:03:47.403000Z,2025-09-14T19:28:55.518575Z,701.0,CX0Z37FL,1500,54,Female,Black,United States,United States,United States,English,No,Full-Time
68c714b78f792c2dded6361f,665b87b071032e43070156f7,APPROVED,Not Applicable,2025-09-14T19:17:16.796000Z,2025-09-14T19:28:54.353000Z,2025-10-05T00:03:47.635000Z,2025-09-14T19:28:54.807186Z,698.0,CX0Z37FL,156,54,Female,White,United States,United States,United States,English,DATA_EXPIRED,DATA_EXPIRED
68c714b988f1996f938961bf,67eee89119de070d8b864f60,APPROVED,Not Applicable,2025-09-14T19:17:24.724000Z,2025-09-14T19:38:49.223000Z,2025-10-05T00:03:47.880000Z,2025-09-14T19:38:49.627512Z,1285.0,CX0Z37FL,1681,35,Male,White,United States,United States,United States,English,Yes,Full-Time
68c714bb2c3d152ba8b7917d,65282578835559f0ebab8cf7,APPROVED,Not Applicable,2025-09-14T19:17:19.062000Z,2025-09-14T19:23:01.693000Z,2025-10-05T00:03:48.205000Z,2025-09-14T19:23:02.080473Z,343.0,CX0Z37FL,1521,25,Female,Asian,Pakistan,United States,United States,English,Yes,Part-Time
68c714bb5c3cf73aa34c1703,6654c3056acf3abb982b23ab,APPROVED,Not Applicable,2025-09-14T19:17:24.348000Z,2025-09-14T19:26:51.074000Z,2025-10-05T00:03:48.440000Z,2025-09-14T19:26:51.495230Z,567.0,CX0Z37FL,2132,42,Female,White,United States,United States,United States,English,No,Full-Time
68c714bdeceeaf2d6a199e4f,67effc951ce344a94949e0e7,APPROVED,Not Applicable,2025-09-14T19:18:57.806000Z,2025-09-14T19:31:21.198000Z,2025-10-05T00:03:48.670000Z,2025-09-14T19:31:21.633415Z,744.0,CX0Z37FL,2094,31,Female,Black,United States,United States,United States,English,No,Part-Time
68c714c2184ec641a946c8c3,612fd3208d3decaf3ec80bcc,APPROVED,Not Applicable,2025-09-14T19:17:30.062000Z,2025-09-14T19:35:59.014000Z,2025-10-05T00:03:48.966000Z,2025-09-14T19:35:59.434179Z,1109.0,CX0Z37FL,7347,50,Female,White,United States,United States,United States,English,No,Full-Time
68c714c8b0dfef488e07ed52,6752993adafe95d86087831b,APPROVED,Not Applicable,2025-09-14T19:17:39.497000Z,2025-09-14T19:24:17.013000Z,2025-10-05T00:03:49.224000Z,2025-09-14T19:24:17.471947Z,398.0,CX0Z37FL,19,39,Female,Other,United States,United States,United States,English,No,Full-Time
68c714cae0810a89d1edc1af,671176d0ec7b61ae6896ea0a,APPROVED,Not Applicable,2025-09-14T19:17:35.216000Z,2025-09-14T19:25:36.107000Z,2025-10-05T00:03:49.475000Z,2025-09-14T19:25:45.990921Z,481.0,CX0Z37FL,689,37,Female,White,United States,United States,United States,English,No,"Not in paid work (e.g. homemaker', 'retired or disabled)"
68c714cb25dd4df9a02e8594,663160b0ef20b31550d9189c,APPROVED,Not Applicable,2025-09-14T19:17:35.109000Z,2025-09-14T19:28:32.649000Z,2025-10-05T00:03:49.717000Z,2025-09-14T19:28:33.088672Z,658.0,NOCODE,1270,47,Female,DATA_EXPIRED,United States,United States,United States,English,DATA_EXPIRED,Full-Time
68c714cc42a0d2b487ca7d59,66d679c95cd74b019802b884,APPROVED,Not Applicable,2025-09-14T19:20:06.264000Z,2025-09-14T19:31:12.439000Z,2025-10-05T00:03:50.039000Z,2025-09-14T19:31:12.877261Z,667.0,CX0Z37FL,1303,45,Female,White,United States,United States,United States,English,DATA_EXPIRED,"Not in paid work (e.g. homemaker', 'retired or disabled)"
68c714ccfa43fae3bbcaa4d4,67464a428b30af4bc2dd414a,APPROVED,Not Applicable,2025-09-14T19:17:39.484000Z,2025-09-14T19:23:26.748000Z,2025-10-05T00:03:50.338000Z,2025-09-14T19:23:27.188820Z,348.0,NOCODE,982,44,Female,Black,United States,United States,United States,English,DATA_EXPIRED,DATA_EXPIRED
68c714cd713da4ddc93e65bb,56b53292a9d33a000c8981a6,APPROVED,Not Applicable,2025-09-14T19:18:11.388000Z,2025-09-14T19:26:54.857000Z,2025-10-05T00:03:50.572000Z,2025-09-14T19:26:55.356633Z,524.0,CX0Z37FL,2062,47,Female,White,United States,United States,United States,English,No,DATA_EXPIRED
68c714cdaca9aa0a057f30b5,5ea361c1e8046c12f27bc2c8,APPROVED,Not Applicable,2025-09-14T19:17:38.062000Z,2025-09-14T19:24:07.151000Z,2025-10-05T00:03:50.852000Z,2025-09-14T19:24:07.521356Z,390.0,CX0Z37FL,1863,24,Male,White,United States,United States,United States,English,DATA_EXPIRED,DATA_EXPIRED
68c7160b3bd1143fc6ca1e3b,5ee6349943bdaa39363f9439,APPROVED,Not Applicable,2025-09-14T19:22:56.850000Z,2025-09-14T19:35:57.299000Z,2025-10-05T00:03:51.096000Z,2025-09-14T19:35:57.672243Z,781.0,CX0Z37FL,2636,43,Female,Mixed,United States,United States,United States,English,No,Full-Time
68c717d23a1043cb7d0e32e2,614f39b82ccdbdd51c76cc50,APPROVED,Not Applicable,2025-09-14T19:30:30.396000Z,2025-09-14T19:38:12.356000Z,2025-10-05T00:03:51.334000Z,2025-09-14T19:38:12.772227Z,462.0,CX0Z37FL,2188,54,Male,White,United States,United States,United States,English,No,Full-Time
68c7191b5c5465e3ecab77a2,5cd062b7c24ebe0001f9fdb6,APPROVED,Not Applicable,2025-09-14T19:35:59.983000Z,2025-09-14T19:42:21.261000Z,2025-10-05T00:03:51.556000Z,2025-09-14T19:42:21.673056Z,382.0,CX0Z37FL,1370,42,Female,White,United States,United States,United States,English,No,"Not in paid work (e.g. homemaker', 'retired or disabled)"
68c71f2f57a28184b807e7f7,67101c3dfe5b4472590f64ff,APPROVED,Not Applicable,2025-09-14T20:01:54.882000Z,2025-09-14T20:07:44.115000Z,2025-10-05T00:03:51.866000Z,2025-09-14T20:07:44.706918Z,350.0,CX0Z37FL,934,35,Male,White,Poland,United States,United States,English,No,Full-Time
68c5d80cf33b11a2acdee0f0,67838c00a0e049fdf173f9bd,RETURNED,Not Applicable,2025-09-13T20:55:03.627000Z,2025-09-13T21:26:06.449000Z,,2025-09-13T21:26:06.824000Z,,NOCODE,4191,CONSENT_REVOKED,CONSENT_REVOKED,CONSENT_REVOKED,CONSENT_REVOKED,CONSENT_REVOKED,CONSENT_REVOKED,CONSENT_REVOKED,CONSENT_REVOKED,CONSENT_REVOKED
68c5e46db1ebd91c0dca5f1d,67e97bda2df1eefc679a1cc2,RETURNED,Not Applicable,2025-09-13T21:39:02.323000Z,,,,,,1152,CONSENT_REVOKED,CONSENT_REVOKED,CONSENT_REVOKED,CONSENT_REVOKED,CONSENT_REVOKED,CONSENT_REVOKED,CONSENT_REVOKED,CONSENT_REVOKED,CONSENT_REVOKED
68c5e471d817d2f91c5baf03,67c203962e35aa4959661660,RETURNED,Not Applicable,2025-09-13T21:40:08.951000Z,,,,,,1170,CONSENT_REVOKED,CONSENT_REVOKED,CONSENT_REVOKED,CONSENT_REVOKED,CONSENT_REVOKED,CONSENT_REVOKED,CONSENT_REVOKED,CONSENT_REVOKED,CONSENT_REVOKED
68c5e49ce71f273c36945dc8,663eaf71449fd111b8647d15,RETURNED,Not Applicable,2025-09-13T21:40:05.042000Z,,,,,,3108,CONSENT_REVOKED,CONSENT_REVOKED,CONSENT_REVOKED,CONSENT_REVOKED,CONSENT_REVOKED,CONSENT_REVOKED,CONSENT_REVOKED,CONSENT_REVOKED,CONSENT_REVOKED
68c5e4ddbf6fe0991fbf53e6,65462d3be36b05a1f97d2dc8,RETURNED,Not Applicable,2025-09-13T21:40:54.661000Z,,,,,,1792,CONSENT_REVOKED,CONSENT_REVOKED,CONSENT_REVOKED,CONSENT_REVOKED,CONSENT_REVOKED,CONSENT_REVOKED,CONSENT_REVOKED,CONSENT_REVOKED,CONSENT_REVOKED
68c5e4dee235b0fac0971548,5d18251e19c4900016c01035,RETURNED,Not Applicable,2025-09-13T21:40:50.477000Z,,,,,,6567,CONSENT_REVOKED,CONSENT_REVOKED,CONSENT_REVOKED,CONSENT_REVOKED,CONSENT_REVOKED,CONSENT_REVOKED,CONSENT_REVOKED,CONSENT_REVOKED,CONSENT_REVOKED
68c5e4e9edbb2393619303e5,67b9d746fcdac8285c79cb7e,RETURNED,Not Applicable,2025-09-13T21:41:02.647000Z,,,,,,3193,CONSENT_REVOKED,CONSENT_REVOKED,CONSENT_REVOKED,CONSENT_REVOKED,CONSENT_REVOKED,CONSENT_REVOKED,CONSENT_REVOKED,CONSENT_REVOKED,CONSENT_REVOKED
68c5e4f6f0e6bf8c90cf2793,5da640b9640c5d00133f384b,RETURNED,Not Applicable,2025-09-13T21:41:15.789000Z,,,,,,4531,CONSENT_REVOKED,CONSENT_REVOKED,CONSENT_REVOKED,CONSENT_REVOKED,CONSENT_REVOKED,CONSENT_REVOKED,CONSENT_REVOKED,CONSENT_REVOKED,CONSENT_REVOKED
68c5e508c53cc1cc16626c48,62b9ddea12bb2643ff512fea,RETURNED,Not Applicable,2025-09-13T21:41:38.735000Z,,,,,,3379,CONSENT_REVOKED,CONSENT_REVOKED,CONSENT_REVOKED,CONSENT_REVOKED,CONSENT_REVOKED,CONSENT_REVOKED,CONSENT_REVOKED,CONSENT_REVOKED,CONSENT_REVOKED
68c5e520e8bc08c809265198,5befb6e27c387400016983bf,RETURNED,Not Applicable,2025-09-13T21:42:02.547000Z,,,,,,9953,CONSENT_REVOKED,CONSENT_REVOKED,CONSENT_REVOKED,CONSENT_REVOKED,CONSENT_REVOKED,CONSENT_REVOKED,CONSENT_REVOKED,CONSENT_REVOKED,CONSENT_REVOKED
68c5e55c46a600a2b3aad9dc,646ae503018c43cc5e033ae6,RETURNED,Not Applicable,2025-09-13T21:42:55.286000Z,,,,,,5143,CONSENT_REVOKED,CONSENT_REVOKED,CONSENT_REVOKED,CONSENT_REVOKED,CONSENT_REVOKED,CONSENT_REVOKED,CONSENT_REVOKED,CONSENT_REVOKED,CONSENT_REVOKED
68c5e56f5977dc5cfe242db9,65f66a9c78b358ac9108f8fe,RETURNED,Not Applicable,2025-09-13T21:43:17.096000Z,,,,,,1063,CONSENT_REVOKED,CONSENT_REVOKED,CONSENT_REVOKED,CONSENT_REVOKED,CONSENT_REVOKED,CONSENT_REVOKED,CONSENT_REVOKED,CONSENT_REVOKED,CONSENT_REVOKED
68c5e58a04be9c838b0e5ca7,5a0a30d90fff620001a6c16d,RETURNED,Not Applicable,2025-09-13T21:43:42.579000Z,,,,,,5420,CONSENT_REVOKED,CONSENT_REVOKED,CONSENT_REVOKED,CONSENT_REVOKED,CONSENT_REVOKED,CONSENT_REVOKED,CONSENT_REVOKED,CONSENT_REVOKED,CONSENT_REVOKED
68c5e5ab9550b4577535e58a,5dd2f0818950ba2f90b01bc1,RETURNED,Not Applicable,2025-09-13T21:44:14.694000Z,,,,,,10495,CONSENT_REVOKED,CONSENT_REVOKED,CONSENT_REVOKED,CONSENT_REVOKED,CONSENT_REVOKED,CONSENT_REVOKED,CONSENT_REVOKED,CONSENT_REVOKED,CONSENT_REVOKED
68c5e5c72fd95ca75e3b1824,648746670a6ffb0022fdb933,RETURNED,Not Applicable,2025-09-13T21:44:43.436000Z,,,,,,5323,CONSENT_REVOKED,CONSENT_REVOKED,CONSENT_REVOKED,CONSENT_REVOKED,CONSENT_REVOKED,CONSENT_REVOKED,CONSENT_REVOKED,CONSENT_REVOKED,CONSENT_REVOKED
68c5e5d534b778a3db47e4e4,67eda7cef014b05ef5504c28,RETURNED,Not Applicable,2025-09-13T21:45:01.342000Z,,,,,,2288,CONSENT_REVOKED,CONSENT_REVOKED,CONSENT_REVOKED,CONSENT_REVOKED,CONSENT_REVOKED,CONSENT_REVOKED,CONSENT_REVOKED,CONSENT_REVOKED,CONSENT_REVOKED
68c5e5fb56c0f7456348fe75,65e5ec7c5cc8e775d79139b5,RETURNED,Not Applicable,2025-09-13T21:48:38.752000Z,,,,,,3828,CONSENT_REVOKED,CONSENT_REVOKED,CONSENT_REVOKED,CONSENT_REVOKED,CONSENT_REVOKED,CONSENT_REVOKED,CONSENT_REVOKED,CONSENT_REVOKED,CONSENT_REVOKED
68c5e613ae8e672a7d3865d0,6788253c4b6d46ac0aa809b0,RETURNED,Not Applicable,2025-09-13T21:46:22.933000Z,,,,,,1417,CONSENT_REVOKED,CONSENT_REVOKED,CONSENT_REVOKED,CONSENT_REVOKED,CONSENT_REVOKED,CONSENT_REVOKED,CONSENT_REVOKED,CONSENT_REVOKED,CONSENT_REVOKED
68c5e62bc96b9afb29d41518,66a81c50acd2067a9f277d3d,RETURNED,Not Applicable,2025-09-13T21:46:23.975000Z,,,,,,1485,CONSENT_REVOKED,CONSENT_REVOKED,CONSENT_REVOKED,CONSENT_REVOKED,CONSENT_REVOKED,CONSENT_REVOKED,CONSENT_REVOKED,CONSENT_REVOKED,CONSENT_REVOKED
68c5e64146f67bd64f9d8a43,67cdf158555dc24e9c13714a,RETURNED,Not Applicable,2025-09-13T21:48:07.949000Z,,,,,,3627,CONSENT_REVOKED,CONSENT_REVOKED,CONSENT_REVOKED,CONSENT_REVOKED,CONSENT_REVOKED,CONSENT_REVOKED,CONSENT_REVOKED,CONSENT_REVOKED,CONSENT_REVOKED
68c5e654a2960f792d3b29bf,65d8f13170b60164843096a0,RETURNED,Not Applicable,2025-09-13T21:47:05.016000Z,,,,,,384,CONSENT_REVOKED,CONSENT_REVOKED,CONSENT_REVOKED,CONSENT_REVOKED,CONSENT_REVOKED,CONSENT_REVOKED,CONSENT_REVOKED,CONSENT_REVOKED,CONSENT_REVOKED
68c5e6a3307993da71e551dd,67dc79c64b90e2a33731099b,RETURNED,Not Applicable,2025-09-13T21:48:29.249000Z,,,,,,1086,CONSENT_REVOKED,CONSENT_REVOKED,CONSENT_REVOKED,CONSENT_REVOKED,CONSENT_REVOKED,CONSENT_REVOKED,CONSENT_REVOKED,CONSENT_REVOKED,CONSENT_REVOKED
68c5e6b84013af56004f71e7,5f1b0abbb84a5207673cb637,RETURNED,Not Applicable,2025-09-13T21:49:43.114000Z,,,,,,3405,CONSENT_REVOKED,CONSENT_REVOKED,CONSENT_REVOKED,CONSENT_REVOKED,CONSENT_REVOKED,CONSENT_REVOKED,CONSENT_REVOKED,CONSENT_REVOKED,CONSENT_REVOKED
68c5e6bdedbb239361930400,67770b23681602f3e0edc0ca,RETURNED,Not Applicable,2025-09-13T21:48:50.106000Z,,,,,,1038,CONSENT_REVOKED,CONSENT_REVOKED,CONSENT_REVOKED,CONSENT_REVOKED,CONSENT_REVOKED,CONSENT_REVOKED,CONSENT_REVOKED,CONSENT_REVOKED,CONSENT_REVOKED
68c5e6ccc56c64807df66f12,61fa94df5719bc09cb835064,RETURNED,Not Applicable,2025-09-13T21:49:13.823000Z,,,,,,6241,CONSENT_REVOKED,CONSENT_REVOKED,CONSENT_REVOKED,CONSENT_REVOKED,CONSENT_REVOKED,CONSENT_REVOKED,CONSENT_REVOKED,CONSENT_REVOKED,CONSENT_REVOKED
68c5e7335fbe7341c9d0645a,572535bba34b2a001306827c,RETURNED,Not Applicable,2025-09-13T21:50:47.196000Z,,,,,,5831,CONSENT_REVOKED,CONSENT_REVOKED,CONSENT_REVOKED,CONSENT_REVOKED,CONSENT_REVOKED,CONSENT_REVOKED,CONSENT_REVOKED,CONSENT_REVOKED,CONSENT_REVOKED
68c5e7559cad6064e4bb7c2c,6008bb26b4bbfe568fa29d80,RETURNED,Not Applicable,2025-09-13T21:51:20.467000Z,,,,,,628,CONSENT_REVOKED,CONSENT_REVOKED,CONSENT_REVOKED,CONSENT_REVOKED,CONSENT_REVOKED,CONSENT_REVOKED,CONSENT_REVOKED,CONSENT_REVOKED,CONSENT_REVOKED
68c5e75e05b8a8d0daa428c6,5a01e188ab721b0001ef7134,RETURNED,Not Applicable,2025-09-13T21:51:26.140000Z,,,,,,2114,CONSENT_REVOKED,CONSENT_REVOKED,CONSENT_REVOKED,CONSENT_REVOKED,CONSENT_REVOKED,CONSENT_REVOKED,CONSENT_REVOKED,CONSENT_REVOKED,CONSENT_REVOKED
68c5e8616646d5ee4984be55,6655c26b3febe837edb0fe02,RETURNED,Not Applicable,2025-09-13T21:55:49.388000Z,,,,,,1287,CONSENT_REVOKED,CONSENT_REVOKED,CONSENT_REVOKED,CONSENT_REVOKED,CONSENT_REVOKED,CONSENT_REVOKED,CONSENT_REVOKED,CONSENT_REVOKED,CONSENT_REVOKED
68c5e87a817c5080347774ab,65f6e1abe3931d0da1de33dd,RETURNED,Not Applicable,2025-09-13T21:56:58.572000Z,,,,,,2151,CONSENT_REVOKED,CONSENT_REVOKED,CONSENT_REVOKED,CONSENT_REVOKED,CONSENT_REVOKED,CONSENT_REVOKED,CONSENT_REVOKED,CONSENT_REVOKED,CONSENT_REVOKED
68c5e895f33b9c69619aaaaa,66a644575f01ba4d2c814d8a,RETURNED,Not Applicable,2025-09-13T21:57:09.193000Z,,,,,,537,CONSENT_REVOKED,CONSENT_REVOKED,CONSENT_REVOKED,CONSENT_REVOKED,CONSENT_REVOKED,CONSENT_REVOKED,CONSENT_REVOKED,CONSENT_REVOKED,CONSENT_REVOKED
68c5e8bf4f1cd4654bec0af6,63b6ef9027eb90f292852ee4,RETURNED,Not Applicable,2025-09-13T21:57:23.610000Z,,,,,,4208,CONSENT_REVOKED,CONSENT_REVOKED,CONSENT_REVOKED,CONSENT_REVOKED,CONSENT_REVOKED,CONSENT_REVOKED,CONSENT_REVOKED,CONSENT_REVOKED,CONSENT_REVOKED
68c5e8d757a28184b807b1dc,62bdeb6839de2a6585202286,RETURNED,Not Applicable,2025-09-13T21:57:49.545000Z,,,,,,2339,CONSENT_REVOKED,CONSENT_REVOKED,CONSENT_REVOKED,CONSENT_REVOKED,CONSENT_REVOKED,CONSENT_REVOKED,CONSENT_REVOKED,CONSENT_REVOKED,CONSENT_REVOKED
68c5e91068897e65b95698c5,60a2a8570a0f9cc00d6b9d1a,RETURNED,Not Applicable,2025-09-13T21:58:46.438000Z,,,,,,6138,CONSENT_REVOKED,CONSENT_REVOKED,CONSENT_REVOKED,CONSENT_REVOKED,CONSENT_REVOKED,CONSENT_REVOKED,CONSENT_REVOKED,CONSENT_REVOKED,CONSENT_REVOKED
68c5e9210526a22402fdbb49,6635054dfb8caedd407ca84b,TIMED-OUT,Not Applicable,2025-09-13T21:59:01.963000Z,,,,6739017.0,,3282,45,Female,Black,United States,United States,United States,English,Yes,Full-Time
68c5e925704e5db8dfc5e006,673fdd7f42e67ec8e39d79e6,RETURNED,Not Applicable,2025-09-13T21:59:09.728000Z,,,,,,489,CONSENT_REVOKED,CONSENT_REVOKED,CONSENT_REVOKED,CONSENT_REVOKED,CONSENT_REVOKED,CONSENT_REVOKED,CONSENT_REVOKED,CONSENT_REVOKED,CONSENT_REVOKED
68c5e99af5f2abb2a202be37,65c10df5506dc57432300ee0,RETURNED,Not Applicable,2025-09-13T22:01:04.775000Z,,,,,,3050,CONSENT_REVOKED,CONSENT_REVOKED,CONSENT_REVOKED,CONSENT_REVOKED,CONSENT_REVOKED,CONSENT_REVOKED,CONSENT_REVOKED,CONSENT_REVOKED,CONSENT_REVOKED
68c5e9ed5cd6921f9ce87075,6667a6558073abc1cd0e6daf,RETURNED,Not Applicable,2025-09-13T22:03:24.425000Z,,,,,,1778,CONSENT_REVOKED,CONSENT_REVOKED,CONSENT_REVOKED,CONSENT_REVOKED,CONSENT_REVOKED,CONSENT_REVOKED,CONSENT_REVOKED,CONSENT_REVOKED,CONSENT_REVOKED
68c5e9fbaa9eaa02804135a7,6720c26f12695d0297414d2d,RETURNED,Not Applicable,2025-09-13T22:12:33.813000Z,,,,,,3548,CONSENT_REVOKED,CONSENT_REVOKED,CONSENT_REVOKED,CONSENT_REVOKED,CONSENT_REVOKED,CONSENT_REVOKED,CONSENT_REVOKED,CONSENT_REVOKED,CONSENT_REVOKED
68c5eb00ef766cd532156154,5a57a9bbac5624000153bc85,RETURNED,Not Applicable,2025-09-13T22:07:43.834000Z,,,,,,3043,CONSENT_REVOKED,CONSENT_REVOKED,CONSENT_REVOKED,CONSENT_REVOKED,CONSENT_REVOKED,CONSENT_REVOKED,CONSENT_REVOKED,CONSENT_REVOKED,CONSENT_REVOKED
68c5eb013a90cf23c0671932,6032aa14166df72d4c8a331f,RETURNED,Not Applicable,2025-09-13T22:07:00.095000Z,,,,,,2884,CONSENT_REVOKED,CONSENT_REVOKED,CONSENT_REVOKED,CONSENT_REVOKED,CONSENT_REVOKED,CONSENT_REVOKED,CONSENT_REVOKED,CONSENT_REVOKED,CONSENT_REVOKED
68c5eb050eac9d293b69ea5c,664aa32c6cf60f70afed78ea,RETURNED,Not Applicable,2025-09-13T22:07:06.869000Z,,,,,,2135,CONSENT_REVOKED,CONSENT_REVOKED,CONSENT_REVOKED,CONSENT_REVOKED,CONSENT_REVOKED,CONSENT_REVOKED,CONSENT_REVOKED,CONSENT_REVOKED,CONSENT_REVOKED
68c5eb5b54797c6f46fdff56,6409110921de1c850a685bf6,RETURNED,Not Applicable,2025-09-13T22:08:38.423000Z,,,,,,3834,CONSENT_REVOKED,CONSENT_REVOKED,CONSENT_REVOKED,CONSENT_REVOKED,CONSENT_REVOKED,CONSENT_REVOKED,CONSENT_REVOKED,CONSENT_REVOKED,CONSENT_REVOKED
68c5eb6504cbd390d74fd46a,670dbc335bb9e80f94a636ca,RETURNED,Not Applicable,2025-09-13T22:09:41.490000Z,,,,,,2310,CONSENT_REVOKED,CONSENT_REVOKED,CONSENT_REVOKED,CONSENT_REVOKED,CONSENT_REVOKED,CONSENT_REVOKED,CONSENT_REVOKED,CONSENT_REVOKED,CONSENT_REVOKED
68c5eb675cd3e1f32ad2de6e,66d327f02e9e567850b49aee,RETURNED,Not Applicable,2025-09-13T22:15:41.523000Z,,,,,,1174,CONSENT_REVOKED,CONSENT_REVOKED,CONSENT_REVOKED,CONSENT_REVOKED,CONSENT_REVOKED,CONSENT_REVOKED,CONSENT_REVOKED,CONSENT_REVOKED,CONSENT_REVOKED
68c5ebbc6226daff9689d5ac,5bc731d935b90f0001431bde,RETURNED,Not Applicable,2025-09-13T22:10:18.319000Z,,,,,,4823,CONSENT_REVOKED,CONSENT_REVOKED,CONSENT_REVOKED,CONSENT_REVOKED,CONSENT_REVOKED,CONSENT_REVOKED,CONSENT_REVOKED,CONSENT_REVOKED,CONSENT_REVOKED
68c5ebc29201536d07aa7fe7,65d2f996341d070378ca56ec,RETURNED,Not Applicable,2025-09-13T22:11:20.291000Z,,,,,,4443,CONSENT_REVOKED,CONSENT_REVOKED,CONSENT_REVOKED,CONSENT_REVOKED,CONSENT_REVOKED,CONSENT_REVOKED,CONSENT_REVOKED,CONSENT_REVOKED,CONSENT_REVOKED
68c5f758d33f3b4cd6214c53,66df1a0ecaeaa481c05c1060,RETURNED,Not Applicable,2025-09-13T23:00:43.547000Z,,,,,,2678,CONSENT_REVOKED,CONSENT_REVOKED,CONSENT_REVOKED,CONSENT_REVOKED,CONSENT_REVOKED,CONSENT_REVOKED,CONSENT_REVOKED,CONSENT_REVOKED,CONSENT_REVOKED
68c5f859733c9e9fca9bf624,6296ecaf7ea72c4951583ffd,RETURNED,Not Applicable,2025-09-13T23:03:57.875000Z,2025-09-13T23:10:53.111000Z,,2025-09-13T23:10:53.521000Z,,CX0Z37FL,1510,CONSENT_REVOKED,CONSENT_REVOKED,CONSENT_REVOKED,CONSENT_REVOKED,CONSENT_REVOKED,CONSENT_REVOKED,CONSENT_REVOKED,CONSENT_REVOKED,CONSENT_REVOKED
68c5f956f116ebd39fe375e5,6612b3449105fbfa6c67d9c1,RETURNED,Not Applicable,2025-09-13T23:08:13.120000Z,,,,,,2278,CONSENT_REVOKED,CONSENT_REVOKED,CONSENT_REVOKED,CONSENT_REVOKED,CONSENT_REVOKED,CONSENT_REVOKED,CONSENT_REVOKED,CONSENT_REVOKED,CONSENT_REVOKED
68c5fa229eb813c97d6820b0,675a5ad39c319c39e7753011,RETURNED,Not Applicable,2025-09-13T23:11:53.825000Z,,,,,,7283,CONSENT_REVOKED,CONSENT_REVOKED,CONSENT_REVOKED,CONSENT_REVOKED,CONSENT_REVOKED,CONSENT_REVOKED,CONSENT_REVOKED,CONSENT_REVOKED,CONSENT_REVOKED
68c5faacc6c0a4f3cd173454,5ef05a7425018a31e8bb3c68,RETURNED,Not Applicable,2025-09-13T23:14:38.267000Z,,,,,,3787,CONSENT_REVOKED,CONSENT_REVOKED,CONSENT_REVOKED,CONSENT_REVOKED,CONSENT_REVOKED,CONSENT_REVOKED,CONSENT_REVOKED,CONSENT_REVOKED,CONSENT_REVOKED
68c5fab825dd4df9a02e75c5,60e8b06bfb1c78d450ae9f79,RETURNED,Not Applicable,2025-09-13T23:14:14.900000Z,,,,,,10677,CONSENT_REVOKED,CONSENT_REVOKED,CONSENT_REVOKED,CONSENT_REVOKED,CONSENT_REVOKED,CONSENT_REVOKED,CONSENT_REVOKED,CONSENT_REVOKED,CONSENT_REVOKED
68c5fc0d7f69182ef09079fb,5a5daf4f8e6259000176209b,TIMED-OUT,Not Applicable,2025-09-13T23:19:46.742000Z,,,,6734172.0,,530,41,Female,White,United States,United States,United States,English,No,Unemployed (and job seeking)
68c5fc40f2a3c46e0175969a,67bf8696b3b7e7a95c9cd9bf,RETURNED,Not Applicable,2025-09-13T23:20:38.681000Z,,,,,,1785,CONSENT_REVOKED,CONSENT_REVOKED,CONSENT_REVOKED,CONSENT_REVOKED,CONSENT_REVOKED,CONSENT_REVOKED,CONSENT_REVOKED,CONSENT_REVOKED,CONSENT_REVOKED
68c5fcb53ddafc8412ebd137,664533b11cf66a44e90f90e5,RETURNED,Not Applicable,2025-09-13T23:28:32.886000Z,,,,,,2705,CONSENT_REVOKED,CONSENT_REVOKED,CONSENT_REVOKED,CONSENT_REVOKED,CONSENT_REVOKED,CONSENT_REVOKED,CONSENT_REVOKED,CONSENT_REVOKED,CONSENT_REVOKED
68c5fd0fe2c9fb1093791b1e,65c11f6098be0f40918869d2,RETURNED,Not Applicable,2025-09-13T23:28:34.325000Z,,,,,,4349,CONSENT_REVOKED,CONSENT_REVOKED,CONSENT_REVOKED,CONSENT_REVOKED,CONSENT_REVOKED,CONSENT_REVOKED,CONSENT_REVOKED,CONSENT_REVOKED,CONSENT_REVOKED
68c5fe5316f6f64956617dcf,65ff13cac7dc7dc6c54458ce,RETURNED,Not Applicable,2025-09-13T23:29:27.741000Z,,,,,,898,CONSENT_REVOKED,CONSENT_REVOKED,CONSENT_REVOKED,CONSENT_REVOKED,CONSENT_REVOKED,CONSENT_REVOKED,CONSENT_REVOKED,CONSENT_REVOKED,CONSENT_REVOKED
68c5fe70b79ba2157b79ca11,67ee8226309b7b9917cd01ab,RETURNED,Not Applicable,2025-09-13T23:30:09.046000Z,,,,,,635,CONSENT_REVOKED,CONSENT_REVOKED,CONSENT_REVOKED,CONSENT_REVOKED,CONSENT_REVOKED,CONSENT_REVOKED,CONSENT_REVOKED,CONSENT_REVOKED,CONSENT_REVOKED
68c5ff8f0526a22402fdbfe0,670160e896ff65768997d75f,RETURNED,Not Applicable,2025-09-13T23:34:46.001000Z,,,,,,3247,CONSENT_REVOKED,CONSENT_REVOKED,CONSENT_REVOKED,CONSENT_REVOKED,CONSENT_REVOKED,CONSENT_REVOKED,CONSENT_REVOKED,CONSENT_REVOKED,CONSENT_REVOKED
68c6015f98f054e9a2a717a5,65612a45629022b7c905ef6c,RETURNED,Not Applicable,2025-09-13T23:42:30.394000Z,,,,,,2928,CONSENT_REVOKED,CONSENT_REVOKED,CONSENT_REVOKED,CONSENT_REVOKED,CONSENT_REVOKED,CONSENT_REVOKED,CONSENT_REVOKED,CONSENT_REVOKED,CONSENT_REVOKED
68c6016c6a2130779e7b2018,66e7549ffa6e7b90fd01ce13,RETURNED,Not Applicable,2025-09-13T23:42:41.439000Z,,,,,,1697,CONSENT_REVOKED,CONSENT_REVOKED,CONSENT_REVOKED,CONSENT_REVOKED,CONSENT_REVOKED,CONSENT_REVOKED,CONSENT_REVOKED,CONSENT_REVOKED,CONSENT_REVOKED
68c601b4307993da71e556fc,60f30a747b80c5af8f01df4f,RETURNED,Not Applicable,2025-09-13T23:43:54.164000Z,,,,,,1448,CONSENT_REVOKED,CONSENT_REVOKED,CONSENT_REVOKED,CONSENT_REVOKED,CONSENT_REVOKED,CONSENT_REVOKED,CONSENT_REVOKED,CONSENT_REVOKED,CONSENT_REVOKED
68c601bf42aa52faafeaf388,611144542cf9d49b089b7d55,RETURNED,Not Applicable,2025-09-13T23:44:05.919000Z,,,,,,3073,CONSENT_REVOKED,CONSENT_REVOKED,CONSENT_REVOKED,CONSENT_REVOKED,CONSENT_REVOKED,CONSENT_REVOKED,CONSENT_REVOKED,CONSENT_REVOKED,CONSENT_REVOKED
68c602c044779cddc705e31a,657f5cb338e31904b66cd970,RETURNED,Not Applicable,2025-09-13T23:48:24.515000Z,,,,,,5760,CONSENT_REVOKED,CONSENT_REVOKED,CONSENT_REVOKED,CONSENT_REVOKED,CONSENT_REVOKED,CONSENT_REVOKED,CONSENT_REVOKED,CONSENT_REVOKED,CONSENT_REVOKED
68c60318e0810a89d1ed98d6,67acb23abb3a7f119c0b1485,RETURNED,Not Applicable,2025-09-13T23:49:48.804000Z,,,,,,170,CONSENT_REVOKED,CONSENT_REVOKED,CONSENT_REVOKED,CONSENT_REVOKED,CONSENT_REVOKED,CONSENT_REVOKED,CONSENT_REVOKED,CONSENT_REVOKED,CONSENT_REVOKED
68c603937cda957cbeb5f285,66a96940ed1a29154e664694,TIMED-OUT,Not Applicable,2025-09-13T23:52:06.107000Z,,,,6732233.0,,1469,25,Female,White,United States,United States,United States,English,No,Full-Time
68c613722472d2071125457f,60e88e0b7d305b5fbae3ebef,RETURNED,Not Applicable,2025-09-14T00:59:46.392000Z,,,,,,12613,CONSENT_REVOKED,CONSENT_REVOKED,CONSENT_REVOKED,CONSENT_REVOKED,CONSENT_REVOKED,CONSENT_REVOKED,CONSENT_REVOKED,CONSENT_REVOKED,CONSENT_REVOKED
68c613a3df4a95259046703e,657ad57e01c74d995e584ec5,RETURNED,Not Applicable,2025-09-14T01:00:24.729000Z,,,,,,1153,CONSENT_REVOKED,CONSENT_REVOKED,CONSENT_REVOKED,CONSENT_REVOKED,CONSENT_REVOKED,CONSENT_REVOKED,CONSENT_REVOKED,CONSENT_REVOKED,CONSENT_REVOKED
68c613acfc5c522539a70b89,5d61547443c13200193ccb12,RETURNED,Not Applicable,2025-09-14T01:00:33.391000Z,,,,,,5730,CONSENT_REVOKED,CONSENT_REVOKED,CONSENT_REVOKED,CONSENT_REVOKED,CONSENT_REVOKED,CONSENT_REVOKED,CONSENT_REVOKED,CONSENT_REVOKED,CONSENT_REVOKED
68c613c331d91a9a85bf658e,65e5fb136cfa65d99f388a87,RETURNED,Not Applicable,2025-09-14T01:00:59.498000Z,,,,,,1400,CONSENT_REVOKED,CONSENT_REVOKED,CONSENT_REVOKED,CONSENT_REVOKED,CONSENT_REVOKED,CONSENT_REVOKED,CONSENT_REVOKED,CONSENT_REVOKED,CONSENT_REVOKED
68c613c698fc2bec37943359,5f515a506d9ce737f636eef3,RETURNED,Not Applicable,2025-09-14T01:00:58.413000Z,,,,,,976,CONSENT_REVOKED,CONSENT_REVOKED,CONSENT_REVOKED,CONSENT_REVOKED,CONSENT_REVOKED,CONSENT_REVOKED,CONSENT_REVOKED,CONSENT_REVOKED,CONSENT_REVOKED
68c613ddc53cc1cc166271f8,676cf90aed03f2b40fe45e0c,RETURNED,Not Applicable,2025-09-14T01:01:22.682000Z,,,,,,1536,CONSENT_REVOKED,CONSENT_REVOKED,CONSENT_REVOKED,CONSENT_REVOKED,CONSENT_REVOKED,CONSENT_REVOKED,CONSENT_REVOKED,CONSENT_REVOKED,CONSENT_REVOKED
68c613ded9773fb4efc4a267,673f7fc31e2412a7b226d7fc,TIMED-OUT,Not Applicable,2025-09-14T01:01:24.305000Z,,,,6728075.0,,558,46,Female,White,United States,United States,United States,English,DATA_EXPIRED,Full-Time
68c6178f52b544e0fb4ecd68,638a66471585cb7583285740,RETURNED,Not Applicable,2025-09-14T01:17:07.991000Z,,,,,,6502,CONSENT_REVOKED,CONSENT_REVOKED,CONSENT_REVOKED,CONSENT_REVOKED,CONSENT_REVOKED,CONSENT_REVOKED,CONSENT_REVOKED,CONSENT_REVOKED,CONSENT_REVOKED
68c6179f88f1996f93894d81,6642690a93cc7510324fc235,RETURNED,Not Applicable,2025-09-14T01:17:34.581000Z,,,,,,1916,CONSENT_REVOKED,CONSENT_REVOKED,CONSENT_REVOKED,CONSENT_REVOKED,CONSENT_REVOKED,CONSENT_REVOKED,CONSENT_REVOKED,CONSENT_REVOKED,CONSENT_REVOKED
68c617a744779cddc705e7e0,66199b3cd796398a2ba74e05,RETURNED,Not Applicable,2025-09-14T01:17:31.423000Z,,,,,,2271,CONSENT_REVOKED,CONSENT_REVOKED,CONSENT_REVOKED,CONSENT_REVOKED,CONSENT_REVOKED,CONSENT_REVOKED,CONSENT_REVOKED,CONSENT_REVOKED,CONSENT_REVOKED
68c617abcc75abce2d3e6f24,611af405085b2a25ec6e1eae,RETURNED,Not Applicable,2025-09-14T01:17:37.388000Z,,,,,,6011,CONSENT_REVOKED,CONSENT_REVOKED,CONSENT_REVOKED,CONSENT_REVOKED,CONSENT_REVOKED,CONSENT_REVOKED,CONSENT_REVOKED,CONSENT_REVOKED,CONSENT_REVOKED
68c617bdd26457fc8deca3d5,675a2ef45fbe0cc52b8403ae,RETURNED,Not Applicable,2025-09-14T01:17:58.024000Z,,,,,,4063,CONSENT_REVOKED,CONSENT_REVOKED,CONSENT_REVOKED,CONSENT_REVOKED,CONSENT_REVOKED,CONSENT_REVOKED,CONSENT_REVOKED,CONSENT_REVOKED,CONSENT_REVOKED
68c6187df014ca14a5821100,67ba35b0a2aff76b7c7beae0,RETURNED,Not Applicable,2025-09-14T01:21:05.592000Z,,,,,,1750,CONSENT_REVOKED,CONSENT_REVOKED,CONSENT_REVOKED,CONSENT_REVOKED,CONSENT_REVOKED,CONSENT_REVOKED,CONSENT_REVOKED,CONSENT_REVOKED,CONSENT_REVOKED
68c619b0be277a33dcd4674e,6692e6d4b97500a3b6f6efec,RETURNED,Not Applicable,2025-09-14T01:26:19.406000Z,,,,,,1838,CONSENT_REVOKED,CONSENT_REVOKED,CONSENT_REVOKED,CONSENT_REVOKED,CONSENT_REVOKED,CONSENT_REVOKED,CONSENT_REVOKED,CONSENT_REVOKED,CONSENT_REVOKED
68c61f5d5c5465e3ecab676d,62349f9ac56251496a619264,RETURNED,Not Applicable,2025-09-14T01:50:29.879000Z,,,,,,6864,CONSENT_REVOKED,CONSENT_REVOKED,CONSENT_REVOKED,CONSENT_REVOKED,CONSENT_REVOKED,CONSENT_REVOKED,CONSENT_REVOKED,CONSENT_REVOKED,CONSENT_REVOKED
68c61f5fc1a70799237767a2,67095387c465675aea460ef4,RETURNED,Not Applicable,2025-09-14T01:50:28.162000Z,,,,,,2355,CONSENT_REVOKED,CONSENT_REVOKED,CONSENT_REVOKED,CONSENT_REVOKED,CONSENT_REVOKED,CONSENT_REVOKED,CONSENT_REVOKED,CONSENT_REVOKED,CONSENT_REVOKED
68c61f63dc90335577ac6163,67872c15afd8f8159d86cede,RETURNED,Not Applicable,2025-09-14T01:50:40.061000Z,,,,,,226,CONSENT_REVOKED,CONSENT_REVOKED,CONSENT_REVOKED,CONSENT_REVOKED,CONSENT_REVOKED,CONSENT_REVOKED,CONSENT_REVOKED,CONSENT_REVOKED,CONSENT_REVOKED
68c61f93d0844ad24572d0d8,66ef8c16db6307178a651f0a,RETURNED,Not Applicable,2025-09-14T01:51:26.912000Z,,,,,,917,CONSENT_REVOKED,CONSENT_REVOKED,CONSENT_REVOKED,CONSENT_REVOKED,CONSENT_REVOKED,CONSENT_REVOKED,CONSENT_REVOKED,CONSENT_REVOKED,CONSENT_REVOKED
68c61f988db35df27a3e55f9,67796fc8afa2c53e07a6822a,RETURNED,Not Applicable,2025-09-14T01:51:33.736000Z,,,,,,672,CONSENT_REVOKED,CONSENT_REVOKED,CONSENT_REVOKED,CONSENT_REVOKED,CONSENT_REVOKED,CONSENT_REVOKED,CONSENT_REVOKED,CONSENT_REVOKED,CONSENT_REVOKED
68c61f9899e1e84b08728811,5bf0a682e938aa0001df6c54,RETURNED,Not Applicable,2025-09-14T01:51:29.375000Z,,,,,,3389,CONSENT_REVOKED,CONSENT_REVOKED,CONSENT_REVOKED,CONSENT_REVOKED,CONSENT_REVOKED,CONSENT_REVOKED,CONSENT_REVOKED,CONSENT_REVOKED,CONSENT_REVOKED
68c61f9e76b09a8438692a36,58be162d2e4dc0000164b12c,RETURNED,Not Applicable,2025-09-14T01:51:31.092000Z,,,,,,9029,CONSENT_REVOKED,CONSENT_REVOKED,CONSENT_REVOKED,CONSENT_REVOKED,CONSENT_REVOKED,CONSENT_REVOKED,CONSENT_REVOKED,CONSENT_REVOKED,CONSENT_REVOKED
68c621093ea5365b868f5f47,664e1a71d20f44f2ffe39360,RETURNED,Not Applicable,2025-09-14T01:57:32.772000Z,,,,,,6648,CONSENT_REVOKED,CONSENT_REVOKED,CONSENT_REVOKED,CONSENT_REVOKED,CONSENT_REVOKED,CONSENT_REVOKED,CONSENT_REVOKED,CONSENT_REVOKED,CONSENT_REVOKED
68c62650dc90335577ac6584,678f46cd0f21903076471f34,RETURNED,Not Applicable,2025-09-14T02:20:05.977000Z,,,,,,626,CONSENT_REVOKED,CONSENT_REVOKED,CONSENT_REVOKED,CONSENT_REVOKED,CONSENT_REVOKED,CONSENT_REVOKED,CONSENT_REVOKED,CONSENT_REVOKED,CONSENT_REVOKED
68c6265fe6d09bf252cea188,66f578343a3ef5afed111fb9,RETURNED,Not Applicable,2025-09-14T02:20:33.213000Z,,,,,,3874,CONSENT_REVOKED,CONSENT_REVOKED,CONSENT_REVOKED,CONSENT_REVOKED,CONSENT_REVOKED,CONSENT_REVOKED,CONSENT_REVOKED,CONSENT_REVOKED,CONSENT_REVOKED
68c6266c42a0d2b487ca6a43,65177add8af27911a3ee59cb,RETURNED,Not Applicable,2025-09-14T02:20:45.227000Z,,,,,,2672,CONSENT_REVOKED,CONSENT_REVOKED,CONSENT_REVOKED,CONSENT_REVOKED,CONSENT_REVOKED,CONSENT_REVOKED,CONSENT_REVOKED,CONSENT_REVOKED,CONSENT_REVOKED
68c626759291384d79491671,614996ea0d6f318ed4ff81e9,RETURNED,Not Applicable,2025-09-14T02:20:37.502000Z,,,,,,4404,CONSENT_REVOKED,CONSENT_REVOKED,CONSENT_REVOKED,CONSENT_REVOKED,CONSENT_REVOKED,CONSENT_REVOKED,CONSENT_REVOKED,CONSENT_REVOKED,CONSENT_REVOKED
68c6267e966c8cdc899eecfa,671863c528bdd7525420eb8b,RETURNED,Not Applicable,2025-09-14T02:20:51.881000Z,,,,,,475,CONSENT_REVOKED,CONSENT_REVOKED,CONSENT_REVOKED,CONSENT_REVOKED,CONSENT_REVOKED,CONSENT_REVOKED,CONSENT_REVOKED,CONSENT_REVOKED,CONSENT_REVOKED
68c6268e15c0a46af16742c2,6691bc059b0182b0bdd7d682,TIMED-OUT,Not Applicable,2025-09-14T02:21:10.440000Z,,,,6723289.0,,6002,57,Male,Mixed,United States,United States,United States,English,No,Part-Time
68c6269e130a9e36efd20e8c,66314487133b2b779cec7ef9,RETURNED,Not Applicable,2025-09-14T02:21:21.733000Z,,,,,,1130,CONSENT_REVOKED,CONSENT_REVOKED,CONSENT_REVOKED,CONSENT_REVOKED,CONSENT_REVOKED,CONSENT_REVOKED,CONSENT_REVOKED,CONSENT_REVOKED,CONSENT_REVOKED
68c626a46a2130779e7b2927,6400dbb883a12b7946a0c4b5,RETURNED,Not Applicable,2025-09-14T02:21:27.939000Z,,,,,,2713,CONSENT_REVOKED,CONSENT_REVOKED,CONSENT_REVOKED,CONSENT_REVOKED,CONSENT_REVOKED,CONSENT_REVOKED,CONSENT_REVOKED,CONSENT_REVOKED,CONSENT_REVOKED
68c626a91ce6895df4a77506,5ebe14249a676b1650b48531,RETURNED,Not Applicable,2025-09-14T02:21:33.113000Z,,,,,,3891,CONSENT_REVOKED,CONSENT_REVOKED,CONSENT_REVOKED,CONSENT_REVOKED,CONSENT_REVOKED,CONSENT_REVOKED,CONSENT_REVOKED,CONSENT_REVOKED,CONSENT_REVOKED
68c6277940c6ebfb1632b65a,5f4ee0e82f0d6c12d692c29b,RETURNED,Not Applicable,2025-09-14T02:25:01.644000Z,,,,,,3630,CONSENT_REVOKED,CONSENT_REVOKED,CONSENT_REVOKED,CONSENT_REVOKED,CONSENT_REVOKED,CONSENT_REVOKED,CONSENT_REVOKED,CONSENT_REVOKED,CONSENT_REVOKED
68c6331757a28184b807cbd1,5ec19ca1d0ff850911b13593,RETURNED,Not Applicable,2025-09-14T03:14:35.874000Z,,,,,,2602,CONSENT_REVOKED,CONSENT_REVOKED,CONSENT_REVOKED,CONSENT_REVOKED,CONSENT_REVOKED,CONSENT_REVOKED,CONSENT_REVOKED,CONSENT_REVOKED,CONSENT_REVOKED
68c6331e4c637587c87a3016,65073dbb1b6c2cf65c8fe8b8,TIMED-OUT,Not Applicable,2025-09-14T03:14:42.408000Z,,,,6720077.0,,388,23,Female,White,United States,United States,United States,English,DATA_EXPIRED,DATA_EXPIRED
68c6334e3cd926549b48b89b,67f13eb64b6c069fbc9e7f1e,RETURNED,Not Applicable,2025-09-14T03:15:32.886000Z,,,,,,629,CONSENT_REVOKED,CONSENT_REVOKED,CONSENT_REVOKED,CONSENT_REVOKED,CONSENT_REVOKED,CONSENT_REVOKED,CONSENT_REVOKED,CONSENT_REVOKED,CONSENT_REVOKED
68c63363abfb18e71df69fea,5dd9e1e0a4aa2696d9a15c0d,RETURNED,Not Applicable,2025-09-14T03:15:53.393000Z,,,,,,8197,CONSENT_REVOKED,CONSENT_REVOKED,CONSENT_REVOKED,CONSENT_REVOKED,CONSENT_REVOKED,CONSENT_REVOKED,CONSENT_REVOKED,CONSENT_REVOKED,CONSENT_REVOKED
68c6336ab1c077b6e67c3386,671e4ee2ee4630edd77cfc0c,TIMED-OUT,Not Applicable,2025-09-14T03:15:58.739000Z,,,,6720001.0,,1153,24,Male,White,United States,United States,United States,English,DATA_EXPIRED,Full-Time
68c6337e8448d8654c7b069f,668ddcae66b7fcec2f492fd0,RETURNED,Not Applicable,2025-09-14T03:16:19.972000Z,,,,,,2574,CONSENT_REVOKED,CONSENT_REVOKED,CONSENT_REVOKED,CONSENT_REVOKED,CONSENT_REVOKED,CONSENT_REVOKED,CONSENT_REVOKED,CONSENT_REVOKED,CONSENT_REVOKED
68c63397a42d3c4eac4b86c5,6444b1e677ebe8b4e2c23abd,RETURNED,Not Applicable,2025-09-14T03:19:07.900000Z,,,,,,9020,CONSENT_REVOKED,CONSENT_REVOKED,CONSENT_REVOKED,CONSENT_REVOKED,CONSENT_REVOKED,CONSENT_REVOKED,CONSENT_REVOKED,CONSENT_REVOKED,CONSENT_REVOKED
68c633af1e6eda360f1de736,67ec344b9c94fc1b07c6a0f6,RETURNED,Not Applicable,2025-09-14T03:18:57.322000Z,,,,,,1477,CONSENT_REVOKED,CONSENT_REVOKED,CONSENT_REVOKED,CONSENT_REVOKED,CONSENT_REVOKED,CONSENT_REVOKED,CONSENT_REVOKED,CONSENT_REVOKED,CONSENT_REVOKED
68c633b0129f59976a1fd50a,65cbd1d82ab8a232e2e37546,RETURNED,Not Applicable,2025-09-14T03:17:11.125000Z,,,,,,1214,CONSENT_REVOKED,CONSENT_REVOKED,CONSENT_REVOKED,CONSENT_REVOKED,CONSENT_REVOKED,CONSENT_REVOKED,CONSENT_REVOKED,CONSENT_REVOKED,CONSENT_REVOKED
68c6341a16f6f64956618ad8,67e96753bfae841df194dd24,RETURNED,Not Applicable,2025-09-14T03:18:56.139000Z,,,,,,807,CONSENT_REVOKED,CONSENT_REVOKED,CONSENT_REVOKED,CONSENT_REVOKED,CONSENT_REVOKED,CONSENT_REVOKED,CONSENT_REVOKED,CONSENT_REVOKED,CONSENT_REVOKED
68c636b246fa8b5e36990aa5,671d62e4bc3a037cc203f99a,RETURNED,Not Applicable,2025-09-14T03:30:02.098000Z,,,,,,739,CONSENT_REVOKED,CONSENT_REVOKED,CONSENT_REVOKED,CONSENT_REVOKED,CONSENT_REVOKED,CONSENT_REVOKED,CONSENT_REVOKED,CONSENT_REVOKED,CONSENT_REVOKED
68c638a7adcda6afac894255,6732a429118814387a90a02f,RETURNED,Not Applicable,2025-09-14T03:38:21.318000Z,,,,,,686,CONSENT_REVOKED,CONSENT_REVOKED,CONSENT_REVOKED,CONSENT_REVOKED,CONSENT_REVOKED,CONSENT_REVOKED,CONSENT_REVOKED,CONSENT_REVOKED,CONSENT_REVOKED
68c638b7b41ccb3590a1aa9d,672d533e0725ac855a0feab1,RETURNED,Not Applicable,2025-09-14T03:38:35.449000Z,,,,,,801,CONSENT_REVOKED,CONSENT_REVOKED,CONSENT_REVOKED,CONSENT_REVOKED,CONSENT_REVOKED,CONSENT_REVOKED,CONSENT_REVOKED,CONSENT_REVOKED,CONSENT_REVOKED
68c638c33cce4d99187406e7,63f0e61bbeb61d5ced623832,RETURNED,Not Applicable,2025-09-14T03:39:03.575000Z,,,,,,6018,CONSENT_REVOKED,CONSENT_REVOKED,CONSENT_REVOKED,CONSENT_REVOKED,CONSENT_REVOKED,CONSENT_REVOKED,CONSENT_REVOKED,CONSENT_REVOKED,CONSENT_REVOKED
68c638d62d8ceec75733478f,5ba802ee60f3d5000169e5da,RETURNED,Not Applicable,2025-09-14T03:43:04.706000Z,,,,,,4310,CONSENT_REVOKED,CONSENT_REVOKED,CONSENT_REVOKED,CONSENT_REVOKED,CONSENT_REVOKED,CONSENT_REVOKED,CONSENT_REVOKED,CONSENT_REVOKED,CONSENT_REVOKED
68c63aa267d90258a884b50b,5ec0ba1bfa01894cceaa1b8e,RETURNED,Not Applicable,2025-09-14T03:46:46.191000Z,,,,,,7319,CONSENT_REVOKED,CONSENT_REVOKED,CONSENT_REVOKED,CONSENT_REVOKED,CONSENT_REVOKED,CONSENT_REVOKED,CONSENT_REVOKED,CONSENT_REVOKED,CONSENT_REVOKED
68c63abbf3c63e955f46de8c,59c96ffd21454d000194c258,RETURNED,Not Applicable,2025-09-14T03:47:13.114000Z,,,,,,1437,CONSENT_REVOKED,CONSENT_REVOKED,CONSENT_REVOKED,CONSENT_REVOKED,CONSENT_REVOKED,CONSENT_REVOKED,CONSENT_REVOKED,CONSENT_REVOKED,CONSENT_REVOKED
68c63ae344779cddc705ecd6,655fb1bde4a69a513fd68c7c,RETURNED,Not Applicable,2025-09-14T03:47:51.331000Z,,,,,,2018,CONSENT_REVOKED,CONSENT_REVOKED,CONSENT_REVOKED,CONSENT_REVOKED,CONSENT_REVOKED,CONSENT_REVOKED,CONSENT_REVOKED,CONSENT_REVOKED,CONSENT_REVOKED
68c63c1f4db690ff2d57a16d,58014df907d709000141b54f,RETURNED,Not Applicable,2025-09-14T03:53:08.755000Z,,,,,,1754,CONSENT_REVOKED,CONSENT_REVOKED,CONSENT_REVOKED,CONSENT_REVOKED,CONSENT_REVOKED,CONSENT_REVOKED,CONSENT_REVOKED,CONSENT_REVOKED,CONSENT_REVOKED
68c63d82383fccd7d674f079,66594968a8fca6ea85c9ac19,RETURNED,Not Applicable,2025-09-14T03:59:59.261000Z,,,,,,3132,CONSENT_REVOKED,CONSENT_REVOKED,CONSENT_REVOKED,CONSENT_REVOKED,CONSENT_REVOKED,CONSENT_REVOKED,CONSENT_REVOKED,CONSENT_REVOKED,CONSENT_REVOKED
68c63e28d0373dc86fa219b7,672675b43041ee0d6eb749f8,RETURNED,Not Applicable,2025-09-14T04:01:48.157000Z,,,,,,5770,CONSENT_REVOKED,CONSENT_REVOKED,CONSENT_REVOKED,CONSENT_REVOKED,CONSENT_REVOKED,CONSENT_REVOKED,CONSENT_REVOKED,CONSENT_REVOKED,CONSENT_REVOKED
68c64293a7978d20de99a5e2,66a90655f7c843384a6c8178,RETURNED,Not Applicable,2025-09-14T04:20:42.200000Z,,,,,,2657,CONSENT_REVOKED,CONSENT_REVOKED,CONSENT_REVOKED,CONSENT_REVOKED,CONSENT_REVOKED,CONSENT_REVOKED,CONSENT_REVOKED,CONSENT_REVOKED,CONSENT_REVOKED
68c643402c2b5765a6f00901,66813c65d6816913e30341ff,RETURNED,Not Applicable,2025-09-14T04:23:31.841000Z,,,,,,2616,CONSENT_REVOKED,CONSENT_REVOKED,CONSENT_REVOKED,CONSENT_REVOKED,CONSENT_REVOKED,CONSENT_REVOKED,CONSENT_REVOKED,CONSENT_REVOKED,CONSENT_REVOKED
68c64c50e1d2d4414dac6bc1,63ea4735e283a1670ea382f4,RETURNED,Not Applicable,2025-09-14T05:02:17.456000Z,,,,,,3460,CONSENT_REVOKED,CONSENT_REVOKED,CONSENT_REVOKED,CONSENT_REVOKED,CONSENT_REVOKED,CONSENT_REVOKED,CONSENT_REVOKED,CONSENT_REVOKED,CONSENT_REVOKED
68c6554663ce0550711d8a7a,675ce427f72ea526d6083376,RETURNED,Not Applicable,2025-09-14T05:40:41.629000Z,,,,,,1824,CONSENT_REVOKED,CONSENT_REVOKED,CONSENT_REVOKED,CONSENT_REVOKED,CONSENT_REVOKED,CONSENT_REVOKED,CONSENT_REVOKED,CONSENT_REVOKED,CONSENT_REVOKED
68c65eaa12ae44c925ac66a2,67ebfd4d8ea1101322300f73,RETURNED,Not Applicable,2025-09-14T06:22:23.907000Z,,,,,,1802,CONSENT_REVOKED,CONSENT_REVOKED,CONSENT_REVOKED,CONSENT_REVOKED,CONSENT_REVOKED,CONSENT_REVOKED,CONSENT_REVOKED,CONSENT_REVOKED,CONSENT_REVOKED
68c663fd7d0a818eebd9865b,66c0df311f98d7c9661669d9,RETURNED,Not Applicable,2025-09-14T06:43:17.052000Z,,,,,,2205,CONSENT_REVOKED,CONSENT_REVOKED,CONSENT_REVOKED,CONSENT_REVOKED,CONSENT_REVOKED,CONSENT_REVOKED,CONSENT_REVOKED,CONSENT_REVOKED,CONSENT_REVOKED
68c66a8df910b9e5859b06c0,67d6f60c73ddec2e3ccfe0b8,RETURNED,Not Applicable,2025-09-14T07:11:13.579000Z,,,,,,3039,CONSENT_REVOKED,CONSENT_REVOKED,CONSENT_REVOKED,CONSENT_REVOKED,CONSENT_REVOKED,CONSENT_REVOKED,CONSENT_REVOKED,CONSENT_REVOKED,CONSENT_REVOKED
68c66b9fbc618dd34128bec5,6562421abbbe0dc4b89ad4ff,RETURNED,Not Applicable,2025-09-14T07:15:55.724000Z,,,,,,3114,CONSENT_REVOKED,CONSENT_REVOKED,CONSENT_REVOKED,CONSENT_REVOKED,CONSENT_REVOKED,CONSENT_REVOKED,CONSENT_REVOKED,CONSENT_REVOKED,CONSENT_REVOKED
68c6ede614abc0cecaf26722,6682b197d953c2cf476e0bd7,RETURNED,Not Applicable,2025-09-14T16:31:37.932000Z,,,,,,3972,CONSENT_REVOKED,CONSENT_REVOKED,CONSENT_REVOKED,CONSENT_REVOKED,CONSENT_REVOKED,CONSENT_REVOKED,CONSENT_REVOKED,CONSENT_REVOKED,CONSENT_REVOKED
68c6edea2b8df031253e6bee,67f67d04686f4f467e3a6c76,RETURNED,Not Applicable,,,,,,,2135,CONSENT_REVOKED,CONSENT_REVOKED,CONSENT_REVOKED,CONSENT_REVOKED,CONSENT_REVOKED,CONSENT_REVOKED,CONSENT_REVOKED,CONSENT_REVOKED,CONSENT_REVOKED
68c6edf4775994212464a042,67d1af22429207c7c4bd0d63,RETURNED,Not Applicable,2025-09-14T16:31:54.240000Z,,,,,,4068,CONSENT_REVOKED,CONSENT_REVOKED,CONSENT_REVOKED,CONSENT_REVOKED,CONSENT_REVOKED,CONSENT_REVOKED,CONSENT_REVOKED,CONSENT_REVOKED,CONSENT_REVOKED
68c6edfcccbfb8590f422b3e,61bb370140db417c1a138984,RETURNED,Not Applicable,2025-09-14T16:32:02.686000Z,,,,,,4489,CONSENT_REVOKED,CONSENT_REVOKED,CONSENT_REVOKED,CONSENT_REVOKED,CONSENT_REVOKED,CONSENT_REVOKED,CONSENT_REVOKED,CONSENT_REVOKED,CONSENT_REVOKED
68c6edfdcc22ce428eac92dd,662954f2cb1bde784c9a4ad4,RETURNED,Not Applicable,2025-09-14T16:32:03.160000Z,,,,,,3884,CONSENT_REVOKED,CONSENT_REVOKED,CONSENT_REVOKED,CONSENT_REVOKED,CONSENT_REVOKED,CONSENT_REVOKED,CONSENT_REVOKED,CONSENT_REVOKED,CONSENT_REVOKED
68c6edff75c19403eb25de7d,6317ac941faaf331c4573eab,RETURNED,Not Applicable,2025-09-14T16:32:04.604000Z,,,,,,5521,CONSENT_REVOKED,CONSENT_REVOKED,CONSENT_REVOKED,CONSENT_REVOKED,CONSENT_REVOKED,CONSENT_REVOKED,CONSENT_REVOKED,CONSENT_REVOKED,CONSENT_REVOKED
68c6edfffe59492c853c4300,666c8f4f6e483617ffb20ef4,RETURNED,Not Applicable,2025-09-14T16:32:04.767000Z,,,,,,2196,CONSENT_REVOKED,CONSENT_REVOKED,CONSENT_REVOKED,CONSENT_REVOKED,CONSENT_REVOKED,CONSENT_REVOKED,CONSENT_REVOKED,CONSENT_REVOKED,CONSENT_REVOKED
68c6ee08d33f3b4cd62166c4,5d88db42c1d06e001a1fdcab,RETURNED,Not Applicable,2025-09-14T16:32:15.525000Z,,,,,,18612,CONSENT_REVOKED,CONSENT_REVOKED,CONSENT_REVOKED,CONSENT_REVOKED,CONSENT_REVOKED,CONSENT_REVOKED,CONSENT_REVOKED,CONSENT_REVOKED,CONSENT_REVOKED
68c6eebb9291384d794924d2,5d2fbee1fb16450018a7a023,RETURNED,Not Applicable,2025-09-14T16:35:12.614000Z,,,,,,8973,CONSENT_REVOKED,CONSENT_REVOKED,CONSENT_REVOKED,CONSENT_REVOKED,CONSENT_REVOKED,CONSENT_REVOKED,CONSENT_REVOKED,CONSENT_REVOKED,CONSENT_REVOKED
68c6eedd417e068c1d26e0d4,67ca05b811f9ce2ffe685f2f,RETURNED,Not Applicable,2025-09-14T16:35:47.931000Z,,,,,,1992,CONSENT_REVOKED,CONSENT_REVOKED,CONSENT_REVOKED,CONSENT_REVOKED,CONSENT_REVOKED,CONSENT_REVOKED,CONSENT_REVOKED,CONSENT_REVOKED,CONSENT_REVOKED
68c6ef5ec1a70799237778f7,5f0c7ea47cf1495f4587f741,RETURNED,Not Applicable,2025-09-14T16:37:53.312000Z,,,,,,11728,CONSENT_REVOKED,CONSENT_REVOKED,CONSENT_REVOKED,CONSENT_REVOKED,CONSENT_REVOKED,CONSENT_REVOKED,CONSENT_REVOKED,CONSENT_REVOKED,CONSENT_REVOKED
68c6f38d1b904db02505da5c,65e537f5dbc347495ce3c059,RETURNED,Not Applicable,2025-09-14T16:55:45.730000Z,,,,,,1805,CONSENT_REVOKED,CONSENT_REVOKED,CONSENT_REVOKED,CONSENT_REVOKED,CONSENT_REVOKED,CONSENT_REVOKED,CONSENT_REVOKED,CONSENT_REVOKED,CONSENT_REVOKED
68c6f4d1056539219a5ba5b5,654455ad0b76675379c66db4,RETURNED,Not Applicable,2025-09-14T17:01:14.447000Z,,,,,,5285,CONSENT_REVOKED,CONSENT_REVOKED,CONSENT_REVOKED,CONSENT_REVOKED,CONSENT_REVOKED,CONSENT_REVOKED,CONSENT_REVOKED,CONSENT_REVOKED,CONSENT_REVOKED
68c6f698dc2be63dd59c6b96,628eabb243fb4a73e29d9385,RETURNED,Not Applicable,2025-09-14T17:08:44.138000Z,,,,,,7903,CONSENT_REVOKED,CONSENT_REVOKED,CONSENT_REVOKED,CONSENT_REVOKED,CONSENT_REVOKED,CONSENT_REVOKED,CONSENT_REVOKED,CONSENT_REVOKED,CONSENT_REVOKED
68c6f699bcb0ff4759908e5b,67e8aa454848956e5e32c19d,RETURNED,Not Applicable,2025-09-14T17:08:45.585000Z,,,,,,5493,CONSENT_REVOKED,CONSENT_REVOKED,CONSENT_REVOKED,CONSENT_REVOKED,CONSENT_REVOKED,CONSENT_REVOKED,CONSENT_REVOKED,CONSENT_REVOKED,CONSENT_REVOKED
68c6f69b43aa95cbf8740868,59dc4083ae9f950001d83b4b,RETURNED,Not Applicable,2025-09-14T17:08:57.023000Z,,,,,,8113,CONSENT_REVOKED,CONSENT_REVOKED,CONSENT_REVOKED,CONSENT_REVOKED,CONSENT_REVOKED,CONSENT_REVOKED,CONSENT_REVOKED,CONSENT_REVOKED,CONSENT_REVOKED
68c6f6bda4e5b00f3fb83c57,5b06efd1732c5d000154de23,RETURNED,Not Applicable,2025-09-14T17:09:20.018000Z,,,,,,6183,CONSENT_REVOKED,CONSENT_REVOKED,CONSENT_REVOKED,CONSENT_REVOKED,CONSENT_REVOKED,CONSENT_REVOKED,CONSENT_REVOKED,CONSENT_REVOKED,CONSENT_REVOKED
68c6f6c23f2f794bfab52719,65831ec7a0cb41561b8e43e9,RETURNED,Not Applicable,2025-09-14T17:09:28.419000Z,,,,,,4021,CONSENT_REVOKED,CONSENT_REVOKED,CONSENT_REVOKED,CONSENT_REVOKED,CONSENT_REVOKED,CONSENT_REVOKED,CONSENT_REVOKED,CONSENT_REVOKED,CONSENT_REVOKED
68c6f6ca353ead6a8b42c63d,628eada3a9c9e0776884f27d,RETURNED,Not Applicable,2025-09-14T17:10:51.190000Z,,,,,,7334,CONSENT_REVOKED,CONSENT_REVOKED,CONSENT_REVOKED,CONSENT_REVOKED,CONSENT_REVOKED,CONSENT_REVOKED,CONSENT_REVOKED,CONSENT_REVOKED,CONSENT_REVOKED
68c6f6d07b3fcff31f3c2be3,63d569384ae2cf6d4dce7c32,RETURNED,Not Applicable,2025-09-14T17:09:40.318000Z,,,,,,6781,CONSENT_REVOKED,CONSENT_REVOKED,CONSENT_REVOKED,CONSENT_REVOKED,CONSENT_REVOKED,CONSENT_REVOKED,CONSENT_REVOKED,CONSENT_REVOKED,CONSENT_REVOKED
68c6f6d38f792c2dded628d5,67197894611a27c0434adff7,TIMED-OUT,Not Applicable,2025-09-14T17:09:43.660000Z,,,,6669977.0,,2497,52,Female,White,United States,United States,United States,English,No,Full-Time
68c6f6d4c474edafd8e8a952,5f4a761d2a3d075f5bf652cc,RETURNED,Not Applicable,2025-09-14T17:09:46.378000Z,,,,,,6468,CONSENT_REVOKED,CONSENT_REVOKED,CONSENT_REVOKED,CONSENT_REVOKED,CONSENT_REVOKED,CONSENT_REVOKED,CONSENT_REVOKED,CONSENT_REVOKED,CONSENT_REVOKED
68c6f6e07748cc0d5f7f027d,676c759c9461dbd7edccdca6,RETURNED,Not Applicable,2025-09-14T17:09:56.211000Z,,,,,,1221,CONSENT_REVOKED,CONSENT_REVOKED,CONSENT_REVOKED,CONSENT_REVOKED,CONSENT_REVOKED,CONSENT_REVOKED,CONSENT_REVOKED,CONSENT_REVOKED,CONSENT_REVOKED
68c6f6f3704e5db8dfc5f8a4,5e976f67be609822f1146463,TIMED-OUT,Not Applicable,2025-09-14T17:10:19.228000Z,,,,6669942.0,,7979,54,Male,White,United States,United States,United States,English,No,Part-Time
68c6fba40199a63cb6b5e1b7,63d29a1e50cf0f82998d2564,RETURNED,Not Applicable,2025-09-14T17:30:16.305000Z,,,,,,5630,CONSENT_REVOKED,CONSENT_REVOKED,CONSENT_REVOKED,CONSENT_REVOKED,CONSENT_REVOKED,CONSENT_REVOKED,CONSENT_REVOKED,CONSENT_REVOKED,CONSENT_REVOKED
68c70138d0844ad24572e9d9,5c005292232b6c000122198c,TIMED-OUT,Not Applicable,2025-09-14T17:54:05.902000Z,,,,6667315.0,,1694,54,Female,White,United States,United States,United States,English,DATA_EXPIRED,DATA_EXPIRED
68c7015690f24659c898ed24,5daf506a5bd1b30013605e31,RETURNED,Not Applicable,2025-09-14T17:54:37.229000Z,,,,,,8992,CONSENT_REVOKED,CONSENT_REVOKED,CONSENT_REVOKED,CONSENT_REVOKED,CONSENT_REVOKED,CONSENT_REVOKED,CONSENT_REVOKED,CONSENT_REVOKED,CONSENT_REVOKED
68c7113fe1917014ef0fded9,6000c257783c491e6ccdfdbb,RETURNED,Not Applicable,2025-09-14T19:02:28.787000Z,,,,,,1965,CONSENT_REVOKED,CONSENT_REVOKED,CONSENT_REVOKED,CONSENT_REVOKED,CONSENT_REVOKED,CONSENT_REVOKED,CONSENT_REVOKED,CONSENT_REVOKED,CONSENT_REVOKED
68c711493b6008e0a789e68d,65a2a6f083e9bfcacd4e1704,RETURNED,Not Applicable,2025-09-14T19:02:38.177000Z,,,,,,2504,CONSENT_REVOKED,CONSENT_REVOKED,CONSENT_REVOKED,CONSENT_REVOKED,CONSENT_REVOKED,CONSENT_REVOKED,CONSENT_REVOKED,CONSENT_REVOKED,CONSENT_REVOKED
68c7114b42aa52faafeb186f,66dc38b73a438ca9e1aa3ad9,RETURNED,Not Applicable,2025-09-14T19:02:39.802000Z,,,,,,1855,CONSENT_REVOKED,CONSENT_REVOKED,CONSENT_REVOKED,CONSENT_REVOKED,CONSENT_REVOKED,CONSENT_REVOKED,CONSENT_REVOKED,CONSENT_REVOKED,CONSENT_REVOKED
68c7114e7f80d731407d5c1f,66d7a63854decf633f48f674,RETURNED,Not Applicable,2025-09-14T19:02:46.952000Z,,,,,,4395,CONSENT_REVOKED,CONSENT_REVOKED,CONSENT_REVOKED,CONSENT_REVOKED,CONSENT_REVOKED,CONSENT_REVOKED,CONSENT_REVOKED,CONSENT_REVOKED,CONSENT_REVOKED
68c7115258ac41467afb1037,63ed0065eb23ac3ee1726453,RETURNED,Not Applicable,2025-09-14T19:03:00.217000Z,,,,,,4885,CONSENT_REVOKED,CONSENT_REVOKED,CONSENT_REVOKED,CONSENT_REVOKED,CONSENT_REVOKED,CONSENT_REVOKED,CONSENT_REVOKED,CONSENT_REVOKED,CONSENT_REVOKED
68c71153cf94587962f7f430,66eb4c524a53dee8ff61c871,RETURNED,Not Applicable,2025-09-14T19:02:50.096000Z,,,,,,1203,CONSENT_REVOKED,CONSENT_REVOKED,CONSENT_REVOKED,CONSENT_REVOKED,CONSENT_REVOKED,CONSENT_REVOKED,CONSENT_REVOKED,CONSENT_REVOKED,CONSENT_REVOKED
68c71158aaa82a717ccea785,676063838d4db0d3eaa69c2b,RETURNED,Not Applicable,2025-09-14T19:03:00.060000Z,,,,,,2659,CONSENT_REVOKED,CONSENT_REVOKED,CONSENT_REVOKED,CONSENT_REVOKED,CONSENT_REVOKED,CONSENT_REVOKED,CONSENT_REVOKED,CONSENT_REVOKED,CONSENT_REVOKED
68c714b6459244b1d35c29ac,62b0b6c050a175081568bf35,RETURNED,Not Applicable,2025-09-14T19:17:18.567000Z,,,,,,6551,CONSENT_REVOKED,CONSENT_REVOKED,CONSENT_REVOKED,CONSENT_REVOKED,CONSENT_REVOKED,CONSENT_REVOKED,CONSENT_REVOKED,CONSENT_REVOKED,CONSENT_REVOKED
68c714c5133a81e5073ed09c,67ac8ac7ff629901b8ab0ffd,RETURNED,Not Applicable,2025-09-14T19:19:49.464000Z,,,,,,1808,CONSENT_REVOKED,CONSENT_REVOKED,CONSENT_REVOKED,CONSENT_REVOKED,CONSENT_REVOKED,CONSENT_REVOKED,CONSENT_REVOKED,CONSENT_REVOKED,CONSENT_REVOKED
68c714cba17c1c0de781ffad,67e7d7ba69a2afc3b987fd3f,TIMED-OUT,Not Applicable,2025-09-14T19:17:43.929000Z,,,,6662297.0,,4028,37,Male,White,United States,United States,United States,English,No,Full-Time
68c718562d08bfa6990b9b07,66d8621d3f2c629c9517eb80,RETURNED,Not Applicable,2025-09-14T19:32:40.877000Z,,,,,,207,CONSENT_REVOKED,CONSENT_REVOKED,CONSENT_REVOKED,CONSENT_REVOKED,CONSENT_REVOKED,CONSENT_REVOKED,CONSENT_REVOKED,CONSENT_REVOKED,CONSENT_REVOKED
