x,y,tick,distance_walked,walking_speed,cutting_speed,start_pos,prolific_id
24.0,40.0,1,0.0,1.0,1.0,"(1, 2)",663388f6d4e404ce37e9b350
24.0,40.0,2,0.0,1.0,1.0,"(1, 2)",663388f6d4e404ce37e9b350
24.0,40.0,3,0.0,1.0,1.0,"(1, 2)",663388f6d4e404ce37e9b350
24.0,40.0,4,0.0,1.0,1.0,"(1, 2)",663388f6d4e404ce37e9b350
24.0,40.0,5,0.0,1.0,1.0,"(1, 2)",663388f6d4e404ce37e9b350
24.0,40.0,6,0.0,1.0,1.0,"(1, 2)",663388f6d4e404ce37e9b350
24.0,40.0,7,0.0,1.0,1.0,"(1, 2)",663388f6d4e404ce37e9b350
24.0,40.0,8,0.0,1.0,1.0,"(1, 2)",663388f6d4e404ce37e9b350
24.0,40.0,9,0.0,1.0,1.0,"(1, 2)",663388f6d4e404ce37e9b350
24.0,40.0,10,0.0,1.0,1.0,"(1, 2)",663388f6d4e404ce37e9b350
24.0,40.0,11,0.0,1.0,1.0,"(1, 2)",663388f6d4e404ce37e9b350
24.0,40.0,12,0.0,1.0,1.0,"(1, 2)",663388f6d4e404ce37e9b350
24.0,40.0,13,0.0,1.0,1.0,"(1, 2)",663388f6d4e404ce37e9b350
24.0,40.0,14,0.0,1.0,1.0,"(1, 2)",663388f6d4e404ce37e9b350
24.0,40.0,15,0.0,1.0,1.0,"(1, 2)",663388f6d4e404ce37e9b350
24.0,40.0,16,0.0,1.0,1.0,"(1, 2)",663388f6d4e404ce37e9b350
24.0,40.0,17,0.0,1.0,1.0,"(1, 2)",663388f6d4e404ce37e9b350
24.0,40.0,18,0.0,1.0,1.0,"(1, 2)",663388f6d4e404ce37e9b350
24.0,40.0,19,0.0,1.0,1.0,"(1, 2)",663388f6d4e404ce37e9b350
24.0,40.0,20,0.0,1.0,1.0,"(1, 2)",663388f6d4e404ce37e9b350
24.0,40.0,21,0.0,1.0,1.0,"(1, 2)",663388f6d4e404ce37e9b350
24.0,40.0,22,0.0,1.0,1.0,"(1, 2)",663388f6d4e404ce37e9b350
24.0,40.0,23,0.0,1.0,1.0,"(1, 2)",663388f6d4e404ce37e9b350
24.0,40.0,24,0.0,1.0,1.0,"(1, 2)",663388f6d4e404ce37e9b350
24.0,40.0,25,0.0,1.0,1.0,"(1, 2)",663388f6d4e404ce37e9b350
24.0,40.0,26,0.0,1.0,1.0,"(1, 2)",663388f6d4e404ce37e9b350
24.0,40.0,27,0.0,1.0,1.0,"(1, 2)",663388f6d4e404ce37e9b350
24.0,40.0,28,0.0,1.0,1.0,"(1, 2)",663388f6d4e404ce37e9b350
24.0,40.0,29,0.0,1.0,1.0,"(1, 2)",663388f6d4e404ce37e9b350
24.0,40.0,30,0.0,1.0,1.0,"(1, 2)",663388f6d4e404ce37e9b350
24.0,40.0,31,0.0,1.0,1.0,"(1, 2)",663388f6d4e404ce37e9b350
24.0,40.0,32,0.0,1.0,1.0,"(1, 2)",663388f6d4e404ce37e9b350
24.0,40.0,33,0.0,1.0,1.0,"(1, 2)",663388f6d4e404ce37e9b350
24.0,40.0,34,0.0,1.0,1.0,"(1, 2)",663388f6d4e404ce37e9b350
24.0,40.0,35,0.0,1.0,1.0,"(1, 2)",663388f6d4e404ce37e9b350
24.0,40.0,36,0.0,1.0,1.0,"(1, 2)",663388f6d4e404ce37e9b350
24.0,40.0,37,0.0,1.0,1.0,"(1, 2)",663388f6d4e404ce37e9b350
24.0,40.0,38,0.0,1.0,1.0,"(1, 2)",663388f6d4e404ce37e9b350
24.0,40.0,39,0.0,1.0,1.0,"(1, 2)",663388f6d4e404ce37e9b350
24.0,40.0,40,0.0,1.0,1.0,"(1, 2)",663388f6d4e404ce37e9b350
24.0,40.0,41,0.0,1.0,1.0,"(1, 2)",663388f6d4e404ce37e9b350
24.0,40.0,42,0.0,1.0,1.0,"(1, 2)",663388f6d4e404ce37e9b350
24.0,40.0,43,0.0,1.0,1.0,"(1, 2)",663388f6d4e404ce37e9b350
24.0,40.0,44,0.0,1.0,1.0,"(1, 2)",663388f6d4e404ce37e9b350
24.0,40.0,45,0.0,1.0,1.0,"(1, 2)",663388f6d4e404ce37e9b350
24.0,40.0,46,0.0,1.0,1.0,"(1, 2)",663388f6d4e404ce37e9b350
24.0,40.0,47,0.0,1.0,1.0,"(1, 2)",663388f6d4e404ce37e9b350
24.0,40.0,48,0.0,1.0,1.0,"(1, 2)",663388f6d4e404ce37e9b350
24.0,40.0,49,0.0,1.0,1.0,"(1, 2)",663388f6d4e404ce37e9b350
24.0,40.0,50,0.0,1.0,1.0,"(1, 2)",663388f6d4e404ce37e9b350
24.0,40.0,51,0.0,1.0,1.0,"(1, 2)",663388f6d4e404ce37e9b350
24.0,40.0,52,0.0,1.0,1.0,"(1, 2)",663388f6d4e404ce37e9b350
24.0,40.0,53,0.0,1.0,1.0,"(1, 2)",663388f6d4e404ce37e9b350
24.0,40.0,54,0.0,1.0,1.0,"(1, 2)",663388f6d4e404ce37e9b350
24.0,40.0,55,0.0,1.0,1.0,"(1, 2)",663388f6d4e404ce37e9b350
24.0,40.0,56,0.0,1.0,1.0,"(1, 2)",663388f6d4e404ce37e9b350
24.0,40.0,57,0.0,1.0,1.0,"(1, 2)",663388f6d4e404ce37e9b350
24.0,40.0,58,0.0,1.0,1.0,"(1, 2)",663388f6d4e404ce37e9b350
24.0,40.0,59,0.0,1.0,1.0,"(1, 2)",663388f6d4e404ce37e9b350
24.0,40.0,60,0.0,1.0,1.0,"(1, 2)",663388f6d4e404ce37e9b350
24.0,40.0,61,0.0,1.0,1.0,"(1, 2)",663388f6d4e404ce37e9b350
24.0,40.0,62,0.0,1.0,1.0,"(1, 2)",663388f6d4e404ce37e9b350
24.0,40.0,63,0.0,1.0,1.0,"(1, 2)",663388f6d4e404ce37e9b350
24.0,40.0,64,0.0,1.0,1.0,"(1, 2)",663388f6d4e404ce37e9b350
24.0,40.0,65,0.0,1.0,1.0,"(1, 2)",663388f6d4e404ce37e9b350
24.0,40.0,66,0.0,1.0,1.0,"(1, 2)",663388f6d4e404ce37e9b350
24.0,40.0,67,0.0,1.0,1.0,"(1, 2)",663388f6d4e404ce37e9b350
24.0,40.0,68,0.0,1.0,1.0,"(1, 2)",663388f6d4e404ce37e9b350
24.0,40.0,69,0.0,1.0,1.0,"(1, 2)",663388f6d4e404ce37e9b350
24.0,40.0,70,0.0,1.0,1.0,"(1, 2)",663388f6d4e404ce37e9b350
24.0,40.0,71,0.0,1.0,1.0,"(1, 2)",663388f6d4e404ce37e9b350
24.0,40.0,72,0.0,1.0,1.0,"(1, 2)",663388f6d4e404ce37e9b350
24.0,40.0,73,0.0,1.0,1.0,"(1, 2)",663388f6d4e404ce37e9b350
24.0,40.0,74,0.0,1.0,1.0,"(1, 2)",663388f6d4e404ce37e9b350
24.0,40.0,75,0.0,1.0,1.0,"(1, 2)",663388f6d4e404ce37e9b350
24.0,40.0,76,0.0,1.0,1.0,"(1, 2)",663388f6d4e404ce37e9b350
24.0,40.0,77,0.0,1.0,1.0,"(1, 2)",663388f6d4e404ce37e9b350
24.0,40.0,78,0.0,1.0,1.0,"(1, 2)",663388f6d4e404ce37e9b350
24.0,40.0,79,0.0,1.0,1.0,"(1, 2)",663388f6d4e404ce37e9b350
24.0,40.0,80,0.0,1.0,1.0,"(1, 2)",663388f6d4e404ce37e9b350
24.0,40.0,81,0.0,1.0,1.0,"(1, 2)",663388f6d4e404ce37e9b350
24.0,40.0,82,0.0,1.0,1.0,"(1, 2)",663388f6d4e404ce37e9b350
24.0,40.0,83,0.0,1.0,1.0,"(1, 2)",663388f6d4e404ce37e9b350
24.0,40.0,84,0.0,1.0,1.0,"(1, 2)",663388f6d4e404ce37e9b350
24.0,40.0,85,0.0,1.0,1.0,"(1, 2)",663388f6d4e404ce37e9b350
24.0,40.0,86,0.0,1.0,1.0,"(1, 2)",663388f6d4e404ce37e9b350
24.0,40.0,87,0.0,1.0,1.0,"(1, 2)",663388f6d4e404ce37e9b350
24.0,40.0,88,0.0,1.0,1.0,"(1, 2)",663388f6d4e404ce37e9b350
24.0,40.0,89,0.0,1.0,1.0,"(1, 2)",663388f6d4e404ce37e9b350
24.0,40.0,90,0.0,1.0,1.0,"(1, 2)",663388f6d4e404ce37e9b350
24.0,40.0,91,0.0,1.0,1.0,"(1, 2)",663388f6d4e404ce37e9b350
24.0,40.0,92,0.0,1.0,1.0,"(1, 2)",663388f6d4e404ce37e9b350
24.0,40.0,93,0.0,1.0,1.0,"(1, 2)",663388f6d4e404ce37e9b350
24.0,40.0,94,0.0,1.0,1.0,"(1, 2)",663388f6d4e404ce37e9b350
24.0,40.0,95,0.0,1.0,1.0,"(1, 2)",663388f6d4e404ce37e9b350
24.88388347648305,39.11611652351695,96,1.249999999999809,1.0,1.0,"(1, 2)",663388f6d4e404ce37e9b350
25.7677669529661,38.2322330470339,97,2.499999999999618,1.0,1.0,"(1, 2)",663388f6d4e404ce37e9b350
26.65165042944915,37.34834957055085,98,3.749999999999427,1.0,1.0,"(1, 2)",663388f6d4e404ce37e9b350
27.535533905932198,36.4644660940678,99,4.999999999999236,1.0,1.0,"(1, 2)",663388f6d4e404ce37e9b350
28.419417382415247,35.58058261758475,100,6.249999999999045,1.0,1.0,"(1, 2)",663388f6d4e404ce37e9b350
29.303300858898297,34.6966991411017,101,7.499999999998854,1.0,1.0,"(1, 2)",663388f6d4e404ce37e9b350
30.187184335381346,33.812815664618654,102,8.749999999998664,1.0,1.0,"(1, 2)",663388f6d4e404ce37e9b350
31.071067811864395,32.928932188135605,103,9.999999999998472,1.0,1.0,"(1, 2)",663388f6d4e404ce37e9b350
31.954951288347445,32.045048711652555,104,11.24999999999828,1.0,1.0,"(1, 2)",663388f6d4e404ce37e9b350
32.838834764830494,31.161165235169506,105,12.499999999998089,1.0,1.0,"(1, 2)",663388f6d4e404ce37e9b350
33.722718241313544,30.277281758686456,106,13.749999999997897,1.0,1.0,"(1, 2)",663388f6d4e404ce37e9b350
34.60660171779659,29.393398282203407,107,14.999999999997705,1.0,1.0,"(1, 2)",663388f6d4e404ce37e9b350
35.49048519427964,28.509514805720357,108,16.249999999997513,1.0,1.0,"(1, 2)",663388f6d4e404ce37e9b350
36.37436867076269,27.625631329237308,109,17.49999999999732,1.0,1.0,"(1, 2)",663388f6d4e404ce37e9b350
37.25825214724574,26.74174785275426,110,18.74999999999713,1.0,1.0,"(1, 2)",663388f6d4e404ce37e9b350
38.14213562372879,25.85786437627121,111,19.999999999996938,1.0,1.0,"(1, 2)",663388f6d4e404ce37e9b350
39.02601910021184,24.97398089978816,112,21.249999999996746,1.0,1.0,"(1, 2)",663388f6d4e404ce37e9b350
39.95382555869017,24.194346815316237,113,22.46188041079002,1.0,1.0,"(1, 2)",663388f6d4e404ce37e9b350
41.203733885133886,24.179208272259245,114,23.711880410789707,1.0,1.0,"(1, 2)",663388f6d4e404ce37e9b350
42.4536422115776,24.164069729202254,115,24.961880410789394,1.0,1.0,"(1, 2)",663388f6d4e404ce37e9b350
43.70355053802132,24.148931186145262,116,26.21188041078908,1.0,1.0,"(1, 2)",663388f6d4e404ce37e9b350
44.953458864465034,24.13379264308827,117,27.46188041078877,1.0,1.0,"(1, 2)",663388f6d4e404ce37e9b350
46.20336719090875,24.11865410003119,118,28.711880410788456,1.0,1.0,"(1, 2)",663388f6d4e404ce37e9b350
47.453275517352466,24.103515556974024,119,29.961880410788147,1.0,1.0,"(1, 2)",663388f6d4e404ce37e9b350
48.70318384379618,24.08837701391686,120,31.21188041078784,1.0,1.0,"(1, 2)",663388f6d4e404ce37e9b350
49.9530921702399,24.073238470859692,121,32.46188041078753,1.0,1.0,"(1, 2)",663388f6d4e404ce37e9b350
51.203000496683615,24.058099927802527,122,33.71188041078722,1.0,1.0,"(1, 2)",663388f6d4e404ce37e9b350
52.45290882312733,24.04296138474536,123,34.961880410786904,1.0,1.0,"(1, 2)",663388f6d4e404ce37e9b350
53.70281714957105,24.027822841688195,124,36.21188041078659,1.0,1.0,"(1, 2)",663388f6d4e404ce37e9b350
54.95272547601476,24.01268429863103,125,37.46188041078628,1.0,1.0,"(1, 2)",663388f6d4e404ce37e9b350
56.20266313364169,24.00233106509779,126,38.71186094559412,1.0,1.0,"(1, 2)",663388f6d4e404ce37e9b350
57.45266312003295,24.002146614302884,127,39.96186094559422,1.0,1.0,"(1, 2)",663388f6d4e404ce37e9b350
58.70266310642421,24.00196216350798,128,41.21186094559432,1.0,1.0,"(1, 2)",663388f6d4e404ce37e9b350
59.95266309281547,24.001777712713075,129,42.46186094559442,1.0,1.0,"(1, 2)",663388f6d4e404ce37e9b350
61.20266307920673,24.00159326191817,130,43.711860945594516,1.0,1.0,"(1, 2)",663388f6d4e404ce37e9b350
62.45266306559799,24.001408811123397,131,44.961860945594616,1.0,1.0,"(1, 2)",663388f6d4e404ce37e9b350
63.70266305198925,24.00122436032867,132,46.211860945594715,1.0,1.0,"(1, 2)",663388f6d4e404ce37e9b350
64.95266303837997,24.001039909533944,133,47.461860945594275,1.0,1.0,"(1, 2)",663388f6d4e404ce37e9b350
66.20266302477052,24.000855458739217,134,48.71186094559366,1.0,1.0,"(1, 2)",663388f6d4e404ce37e9b350
67.45266301116106,24.00067100794449,135,49.96186094559305,1.0,1.0,"(1, 2)",663388f6d4e404ce37e9b350
68.70266299755161,24.000486557149763,136,51.21186094559244,1.0,1.0,"(1, 2)",663388f6d4e404ce37e9b350
69.95266298394216,24.000302106355036,137,52.46186094559183,1.0,1.0,"(1, 2)",663388f6d4e404ce37e9b350
71.20266297033271,24.00011765556031,138,53.71186094559122,1.0,1.0,"(1, 2)",663388f6d4e404ce37e9b350
72.45266296379884,24.00002795062462,139,54.96186094227614,1.0,1.0,"(1, 2)",663388f6d4e404ce37e9b350
73.70266296379629,24.000025703404965,140,56.2118609422756,1.0,1.0,"(1, 2)",663388f6d4e404ce37e9b350
74.95266296379373,24.00002345618531,141,57.46186094227506,1.0,1.0,"(1, 2)",663388f6d4e404ce37e9b350
76.20266296379117,24.000021208965656,142,58.71186094227452,1.0,1.0,"(1, 2)",663388f6d4e404ce37e9b350
77.45266296378861,24.000018961746,143,59.96186094227398,1.0,1.0,"(1, 2)",663388f6d4e404ce37e9b350
78.70266296378605,24.000016714526346,144,61.21186094227344,1.0,1.0,"(1, 2)",663388f6d4e404ce37e9b350
79.9526629637835,24.00001446730669,145,62.4618609422729,1.0,1.0,"(1, 2)",663388f6d4e404ce37e9b350
81.20266296378094,24.000012220087036,146,63.71186094227236,1.0,1.0,"(1, 2)",663388f6d4e404ce37e9b350
82.45266296377838,24.00000997286738,147,64.96186094227183,1.0,1.0,"(1, 2)",663388f6d4e404ce37e9b350
83.70266296377582,24.000007725647727,148,66.21186094227129,1.0,1.0,"(1, 2)",663388f6d4e404ce37e9b350
84.95266296377326,24.000005478428115,149,67.46186094227075,1.0,1.0,"(1, 2)",663388f6d4e404ce37e9b350
86.2026629637707,24.000003231208638,150,68.7118609422702,1.0,1.0,"(1, 2)",663388f6d4e404ce37e9b350
87.45266296376815,24.00000098398916,151,69.96186094226967,1.0,1.0,"(1, 2)",663388f6d4e404ce37e9b350
88.0,24.0,152,70.5091979785024,1.0,1.0,"(1, 2)",663388f6d4e404ce37e9b350
88.0,24.0,153,70.5091979785024,1.0,1.0,"(1, 2)",663388f6d4e404ce37e9b350
88.0,24.0,154,70.5091979785024,1.0,1.0,"(1, 2)",663388f6d4e404ce37e9b350
88.0,24.0,155,70.5091979785024,1.0,1.0,"(1, 2)",663388f6d4e404ce37e9b350
88.0,24.0,156,70.5091979785024,1.0,1.0,"(1, 2)",663388f6d4e404ce37e9b350
88.0,24.0,157,70.5091979785024,1.0,1.0,"(1, 2)",663388f6d4e404ce37e9b350
88.0,24.0,158,70.5091979785024,1.0,1.0,"(1, 2)",663388f6d4e404ce37e9b350
88.0,24.0,159,70.5091979785024,1.0,1.0,"(1, 2)",663388f6d4e404ce37e9b350
88.0,24.0,160,70.5091979785024,1.0,1.0,"(1, 2)",663388f6d4e404ce37e9b350
88.0,24.0,161,70.5091979785024,1.0,1.0,"(1, 2)",663388f6d4e404ce37e9b350
88.0,24.0,162,70.5091979785024,1.0,1.0,"(1, 2)",663388f6d4e404ce37e9b350
88.0,24.0,163,70.5091979785024,1.0,1.0,"(1, 2)",663388f6d4e404ce37e9b350
88.0,24.0,164,70.5091979785024,1.0,1.0,"(1, 2)",663388f6d4e404ce37e9b350
88.0,24.0,165,70.5091979785024,1.0,1.0,"(1, 2)",663388f6d4e404ce37e9b350
88.0,24.0,166,70.5091979785024,1.0,1.0,"(1, 2)",663388f6d4e404ce37e9b350
86.74999999999972,24.0,167,71.75919797850268,1.0,1.0,"(1, 2)",663388f6d4e404ce37e9b350
85.49999999999943,24.0,168,73.00919797850297,1.0,1.0,"(1, 2)",663388f6d4e404ce37e9b350
84.24999999999915,24.0,169,74.25919797850325,1.0,1.0,"(1, 2)",663388f6d4e404ce37e9b350
82.99999999999886,24.0,170,75.50919797850354,1.0,1.0,"(1, 2)",663388f6d4e404ce37e9b350
81.74999999999858,24.0,171,76.75919797850382,1.0,1.0,"(1, 2)",663388f6d4e404ce37e9b350
80.4999999999983,24.0,172,78.0091979785041,1.0,1.0,"(1, 2)",663388f6d4e404ce37e9b350
79.24999999999801,24.0,173,79.25919797850439,1.0,1.0,"(1, 2)",663388f6d4e404ce37e9b350
77.99999999999773,24.0,174,80.50919797850467,1.0,1.0,"(1, 2)",663388f6d4e404ce37e9b350
76.74999999999744,24.0,175,81.75919797850496,1.0,1.0,"(1, 2)",663388f6d4e404ce37e9b350
75.49999999999716,24.0,176,83.00919797850524,1.0,1.0,"(1, 2)",663388f6d4e404ce37e9b350
74.24999999999687,24.0,177,84.25919797850553,1.0,1.0,"(1, 2)",663388f6d4e404ce37e9b350
72.99999999999659,24.0,178,85.50919797850581,1.0,1.0,"(1, 2)",663388f6d4e404ce37e9b350
71.7499999999963,24.0,179,86.7591979785061,1.0,1.0,"(1, 2)",663388f6d4e404ce37e9b350
70.49999999999602,24.0,180,88.00919797850638,1.0,1.0,"(1, 2)",663388f6d4e404ce37e9b350
69.24999999999574,24.0,181,89.25919797850666,1.0,1.0,"(1, 2)",663388f6d4e404ce37e9b350
67.99999999999545,24.0,182,90.50919797850695,1.0,1.0,"(1, 2)",663388f6d4e404ce37e9b350
66.74999999999517,24.0,183,91.75919797850723,1.0,1.0,"(1, 2)",663388f6d4e404ce37e9b350
65.49999999999488,24.0,184,93.00919797850752,1.0,1.0,"(1, 2)",663388f6d4e404ce37e9b350
64.2499999999946,24.0,185,94.2591979785078,1.0,1.0,"(1, 2)",663388f6d4e404ce37e9b350
62.999999999994316,24.0,186,95.50919797850808,1.0,1.0,"(1, 2)",663388f6d4e404ce37e9b350
61.74999999999403,24.0,187,96.75919797850837,1.0,1.0,"(1, 2)",663388f6d4e404ce37e9b350
60.49999999999375,24.0,188,98.00919797850865,1.0,1.0,"(1, 2)",663388f6d4e404ce37e9b350
59.24999999999346,24.0,189,99.25919797850894,1.0,1.0,"(1, 2)",663388f6d4e404ce37e9b350
57.99999999999318,24.0,190,100.50919797850922,1.0,1.0,"(1, 2)",663388f6d4e404ce37e9b350
56.749999999992895,24.0,191,101.7591979785095,1.0,1.0,"(1, 2)",663388f6d4e404ce37e9b350
55.49999999999261,24.0,192,103.00919797850979,1.0,1.0,"(1, 2)",663388f6d4e404ce37e9b350
54.249999999992326,24.0,193,104.25919797851007,1.0,1.0,"(1, 2)",663388f6d4e404ce37e9b350
52.99999999999204,24.0,194,105.50919797851036,1.0,1.0,"(1, 2)",663388f6d4e404ce37e9b350
51.74999999999176,24.0,195,106.75919797851064,1.0,1.0,"(1, 2)",663388f6d4e404ce37e9b350
50.49999999999147,24.0,196,108.00919797851093,1.0,1.0,"(1, 2)",663388f6d4e404ce37e9b350
49.24999999999119,24.0,197,109.25919797851121,1.0,1.0,"(1, 2)",663388f6d4e404ce37e9b350
47.999999999990905,24.0,198,110.5091979785115,1.0,1.0,"(1, 2)",663388f6d4e404ce37e9b350
46.74999999999062,24.0,199,111.75919797851178,1.0,1.0,"(1, 2)",663388f6d4e404ce37e9b350
45.49999999999034,24.0,200,113.00919797851206,1.0,1.0,"(1, 2)",663388f6d4e404ce37e9b350
44.24999999999005,24.0,201,114.25919797851235,1.0,1.0,"(1, 2)",663388f6d4e404ce37e9b350
42.99999999998977,24.0,202,115.50919797851263,1.0,1.0,"(1, 2)",663388f6d4e404ce37e9b350
41.749999999989484,24.0,203,116.75919797851292,1.0,1.0,"(1, 2)",663388f6d4e404ce37e9b350
40.4999999999892,24.0,204,118.0091979785132,1.0,1.0,"(1, 2)",663388f6d4e404ce37e9b350
39.52408922643008,24.66756619610841,205,119.19158812737922,1.0,1.0,"(1, 2)",663388f6d4e404ce37e9b350
38.634732945431324,25.545942769935266,206,120.44158812737912,1.0,1.0,"(1, 2)",663388f6d4e404ce37e9b350
37.74537666443257,26.42431934376212,207,121.69158812737902,1.0,1.0,"(1, 2)",663388f6d4e404ce37e9b350
36.856020383433815,27.302695917588977,208,122.94158812737892,1.0,1.0,"(1, 2)",663388f6d4e404ce37e9b350
35.96666410243506,28.181072491415833,209,124.19158812737882,1.0,1.0,"(1, 2)",663388f6d4e404ce37e9b350
35.07730782143631,29.05944906524269,210,125.44158812737872,1.0,1.0,"(1, 2)",663388f6d4e404ce37e9b350
34.18795154043755,29.937825639069217,211,126.6915881273784,1.0,1.0,"(1, 2)",663388f6d4e404ce37e9b350
33.2985952594388,30.816202212895718,212,127.94158812737804,1.0,1.0,"(1, 2)",663388f6d4e404ce37e9b350
32.409238978440044,31.694578786722218,213,129.19158812737768,1.0,1.0,"(1, 2)",663388f6d4e404ce37e9b350
31.519882697441098,32.57295536054872,214,130.44158812737746,1.0,1.0,"(1, 2)",663388f6d4e404ce37e9b350
30.630526416441988,33.45133193437522,215,131.69158812737734,1.0,1.0,"(1, 2)",663388f6d4e404ce37e9b350
29.74117013544288,34.32970850820172,216,132.94158812737723,1.0,1.0,"(1, 2)",663388f6d4e404ce37e9b350
28.85181385444377,35.20808508202822,217,134.19158812737712,1.0,1.0,"(1, 2)",663388f6d4e404ce37e9b350
27.96245757344466,36.08646165585472,218,135.441588127377,1.0,1.0,"(1, 2)",663388f6d4e404ce37e9b350
27.07310129244555,36.96483822968122,219,136.6915881273769,1.0,1.0,"(1, 2)",663388f6d4e404ce37e9b350
26.183745011446586,37.84321480350772,220,137.9415881273767,1.0,1.0,"(1, 2)",663388f6d4e404ce37e9b350
25.29438873044783,38.72159137733434,221,139.19158812737643,1.0,1.0,"(1, 2)",663388f6d4e404ce37e9b350
24.405032449449077,39.59996795116105,222,140.44158812737624,1.0,1.0,"(1, 2)",663388f6d4e404ce37e9b350
24.0,40.0,223,141.01086567410104,1.0,1.0,"(1, 2)",663388f6d4e404ce37e9b350
24.0,40.0,224,141.01086567410104,1.0,1.0,"(1, 2)",663388f6d4e404ce37e9b350
24.0,40.0,225,141.01086567410104,1.0,1.0,"(1, 2)",663388f6d4e404ce37e9b350
24.0,40.0,226,141.01086567410104,1.0,1.0,"(1, 2)",663388f6d4e404ce37e9b350
24.0,40.0,227,141.01086567410104,1.0,1.0,"(1, 2)",663388f6d4e404ce37e9b350
24.0,40.0,228,141.01086567410104,1.0,1.0,"(1, 2)",663388f6d4e404ce37e9b350
24.0,40.0,229,141.01086567410104,1.0,1.0,"(1, 2)",663388f6d4e404ce37e9b350
24.0,40.0,230,141.01086567410104,1.0,1.0,"(1, 2)",663388f6d4e404ce37e9b350
24.0,40.0,231,141.01086567410104,1.0,1.0,"(1, 2)",663388f6d4e404ce37e9b350
24.0,40.0,232,141.01086567410104,1.0,1.0,"(1, 2)",663388f6d4e404ce37e9b350
24.0,40.0,233,141.01086567410104,1.0,1.0,"(1, 2)",663388f6d4e404ce37e9b350
24.0,40.0,234,141.01086567410104,1.0,1.0,"(1, 2)",663388f6d4e404ce37e9b350
24.0,40.0,235,141.01086567410104,1.0,1.0,"(1, 2)",663388f6d4e404ce37e9b350
24.0,40.0,236,141.01086567410104,1.0,1.0,"(1, 2)",663388f6d4e404ce37e9b350
24.0,40.0,237,141.01086567410104,1.0,1.0,"(1, 2)",663388f6d4e404ce37e9b350
24.0,40.0,238,141.01086567410104,1.0,1.0,"(1, 2)",663388f6d4e404ce37e9b350
24.0,40.0,239,141.01086567410104,1.0,1.0,"(1, 2)",663388f6d4e404ce37e9b350
24.0,40.0,240,141.01086567410104,1.0,1.0,"(1, 2)",663388f6d4e404ce37e9b350
24.0,40.0,241,141.01086567410104,1.0,1.0,"(1, 2)",663388f6d4e404ce37e9b350
24.0,40.0,242,141.01086567410104,1.0,1.0,"(1, 2)",663388f6d4e404ce37e9b350
24.0,40.0,243,141.01086567410104,1.0,1.0,"(1, 2)",663388f6d4e404ce37e9b350
24.0,40.0,244,141.01086567410104,1.0,1.0,"(1, 2)",663388f6d4e404ce37e9b350
24.0,40.0,245,141.01086567410104,1.0,1.0,"(1, 2)",663388f6d4e404ce37e9b350
24.0,40.0,246,141.01086567410104,1.0,1.0,"(1, 2)",663388f6d4e404ce37e9b350
24.0,40.0,247,141.01086567410104,1.0,1.0,"(1, 2)",663388f6d4e404ce37e9b350
24.0,40.0,248,141.01086567410104,1.0,1.0,"(1, 2)",663388f6d4e404ce37e9b350
24.0,40.0,249,141.01086567410104,1.0,1.0,"(1, 2)",663388f6d4e404ce37e9b350
24.0,40.0,250,141.01086567410104,1.0,1.0,"(1, 2)",663388f6d4e404ce37e9b350
24.0,40.0,251,141.01086567410104,1.0,1.0,"(1, 2)",663388f6d4e404ce37e9b350
24.0,40.0,252,141.01086567410104,1.0,1.0,"(1, 2)",663388f6d4e404ce37e9b350
24.0,40.0,253,141.01086567410104,1.0,1.0,"(1, 2)",663388f6d4e404ce37e9b350
24.0,40.0,254,141.01086567410104,1.0,1.0,"(1, 2)",663388f6d4e404ce37e9b350
24.0,40.0,255,141.01086567410104,1.0,1.0,"(1, 2)",663388f6d4e404ce37e9b350
24.0,40.0,256,141.01086567410104,1.0,1.0,"(1, 2)",663388f6d4e404ce37e9b350
24.0,40.0,257,141.01086567410104,1.0,1.0,"(1, 2)",663388f6d4e404ce37e9b350
24.0,40.0,258,141.01086567410104,1.0,1.0,"(1, 2)",663388f6d4e404ce37e9b350
24.0,40.0,259,141.01086567410104,1.0,1.0,"(1, 2)",663388f6d4e404ce37e9b350
24.0,40.0,260,141.01086567410104,1.0,1.0,"(1, 2)",663388f6d4e404ce37e9b350
24.0,40.0,261,141.01086567410104,1.0,1.0,"(1, 2)",663388f6d4e404ce37e9b350
24.0,40.0,262,141.01086567410104,1.0,1.0,"(1, 2)",663388f6d4e404ce37e9b350
24.0,40.0,263,141.01086567410104,1.0,1.0,"(1, 2)",663388f6d4e404ce37e9b350
24.0,40.0,264,141.01086567410104,1.0,1.0,"(1, 2)",663388f6d4e404ce37e9b350
24.0,40.0,265,141.01086567410104,1.0,1.0,"(1, 2)",663388f6d4e404ce37e9b350
24.0,40.0,266,141.01086567410104,1.0,1.0,"(1, 2)",663388f6d4e404ce37e9b350
24.0,40.0,267,141.01086567410104,1.0,1.0,"(1, 2)",663388f6d4e404ce37e9b350
24.0,40.0,268,141.01086567410104,1.0,1.0,"(1, 2)",663388f6d4e404ce37e9b350
24.0,40.0,269,141.01086567410104,1.0,1.0,"(1, 2)",663388f6d4e404ce37e9b350
24.0,40.0,270,141.01086567410104,1.0,1.0,"(1, 2)",663388f6d4e404ce37e9b350
24.0,40.0,271,141.01086567410104,1.0,1.0,"(1, 2)",663388f6d4e404ce37e9b350
24.0,40.0,272,141.01086567410104,1.0,1.0,"(1, 2)",663388f6d4e404ce37e9b350
24.0,40.0,273,141.01086567410104,1.0,1.0,"(1, 2)",663388f6d4e404ce37e9b350
24.0,40.0,274,141.01086567410104,1.0,1.0,"(1, 2)",663388f6d4e404ce37e9b350
24.0,40.0,275,141.01086567410104,1.0,1.0,"(1, 2)",663388f6d4e404ce37e9b350
24.0,40.0,276,141.01086567410104,1.0,1.0,"(1, 2)",663388f6d4e404ce37e9b350
24.0,40.0,277,141.01086567410104,1.0,1.0,"(1, 2)",663388f6d4e404ce37e9b350
24.0,40.0,278,141.01086567410104,1.0,1.0,"(1, 2)",663388f6d4e404ce37e9b350
24.0,40.0,279,141.01086567410104,1.0,1.0,"(1, 2)",663388f6d4e404ce37e9b350
24.0,40.0,280,141.01086567410104,1.0,1.0,"(1, 2)",663388f6d4e404ce37e9b350
24.0,40.0,281,141.01086567410104,1.0,1.0,"(1, 2)",663388f6d4e404ce37e9b350
24.0,40.0,282,141.01086567410104,1.0,1.0,"(1, 2)",663388f6d4e404ce37e9b350
24.0,40.0,283,141.01086567410104,1.0,1.0,"(1, 2)",663388f6d4e404ce37e9b350
24.0,40.0,284,141.01086567410104,1.0,1.0,"(1, 2)",663388f6d4e404ce37e9b350
24.0,40.0,285,141.01086567410104,1.0,1.0,"(1, 2)",663388f6d4e404ce37e9b350
24.0,40.0,286,141.01086567410104,1.0,1.0,"(1, 2)",663388f6d4e404ce37e9b350
24.0,40.0,287,141.01086567410104,1.0,1.0,"(1, 2)",663388f6d4e404ce37e9b350
24.0,40.0,288,141.01086567410104,1.0,1.0,"(1, 2)",663388f6d4e404ce37e9b350
24.0,40.0,289,141.01086567410104,1.0,1.0,"(1, 2)",663388f6d4e404ce37e9b350
24.0,40.0,290,141.01086567410104,1.0,1.0,"(1, 2)",663388f6d4e404ce37e9b350
24.0,40.0,291,141.01086567410104,1.0,1.0,"(1, 2)",663388f6d4e404ce37e9b350
24.0,40.0,292,141.01086567410104,1.0,1.0,"(1, 2)",663388f6d4e404ce37e9b350
24.0,40.0,293,141.01086567410104,1.0,1.0,"(1, 2)",663388f6d4e404ce37e9b350
24.0,40.0,294,141.01086567410104,1.0,1.0,"(1, 2)",663388f6d4e404ce37e9b350
24.0,40.0,295,141.01086567410104,1.0,1.0,"(1, 2)",663388f6d4e404ce37e9b350
24.0,40.0,296,141.01086567410104,1.0,1.0,"(1, 2)",663388f6d4e404ce37e9b350
24.0,40.0,297,141.01086567410104,1.0,1.0,"(1, 2)",663388f6d4e404ce37e9b350
24.0,40.0,298,141.01086567410104,1.0,1.0,"(1, 2)",663388f6d4e404ce37e9b350
24.0,40.0,299,141.01086567410104,1.0,1.0,"(1, 2)",663388f6d4e404ce37e9b350
24.0,40.0,300,141.01086567410104,1.0,1.0,"(1, 2)",663388f6d4e404ce37e9b350
24.0,40.0,301,141.01086567410104,1.0,1.0,"(1, 2)",663388f6d4e404ce37e9b350
24.0,40.0,302,141.01086567410104,1.0,1.0,"(1, 2)",663388f6d4e404ce37e9b350
24.0,40.0,303,141.01086567410104,1.0,1.0,"(1, 2)",663388f6d4e404ce37e9b350
24.0,40.0,304,141.01086567410104,1.0,1.0,"(1, 2)",663388f6d4e404ce37e9b350
24.0,40.0,305,141.01086567410104,1.0,1.0,"(1, 2)",663388f6d4e404ce37e9b350
24.0,40.0,306,141.01086567410104,1.0,1.0,"(1, 2)",663388f6d4e404ce37e9b350
24.0,40.0,307,141.01086567410104,1.0,1.0,"(1, 2)",663388f6d4e404ce37e9b350
24.0,40.0,308,141.01086567410104,1.0,1.0,"(1, 2)",663388f6d4e404ce37e9b350
24.0,40.0,309,141.01086567410104,1.0,1.0,"(1, 2)",663388f6d4e404ce37e9b350
24.0,40.0,310,141.01086567410104,1.0,1.0,"(1, 2)",663388f6d4e404ce37e9b350
24.0,40.0,311,141.01086567410104,1.0,1.0,"(1, 2)",663388f6d4e404ce37e9b350
24.0,40.0,312,141.01086567410104,1.0,1.0,"(1, 2)",663388f6d4e404ce37e9b350
24.0,40.0,313,141.01086567410104,1.0,1.0,"(1, 2)",663388f6d4e404ce37e9b350
24.0,40.0,314,141.01086567410104,1.0,1.0,"(1, 2)",663388f6d4e404ce37e9b350
24.0,40.0,315,141.01086567410104,1.0,1.0,"(1, 2)",663388f6d4e404ce37e9b350
24.0,40.0,316,141.01086567410104,1.0,1.0,"(1, 2)",663388f6d4e404ce37e9b350
24.0,40.0,317,141.01086567410104,1.0,1.0,"(1, 2)",663388f6d4e404ce37e9b350
24.0,40.0,318,141.01086567410104,1.0,1.0,"(1, 2)",663388f6d4e404ce37e9b350
24.0,40.0,319,141.01086567410104,1.0,1.0,"(1, 2)",663388f6d4e404ce37e9b350
24.0,40.0,320,141.01086567410104,1.0,1.0,"(1, 2)",663388f6d4e404ce37e9b350
24.0,40.0,321,141.01086567410104,1.0,1.0,"(1, 2)",663388f6d4e404ce37e9b350
24.0,40.0,322,141.01086567410104,1.0,1.0,"(1, 2)",663388f6d4e404ce37e9b350
24.0,40.0,323,141.01086567410104,1.0,1.0,"(1, 2)",663388f6d4e404ce37e9b350
24.0,40.0,324,141.01086567410104,1.0,1.0,"(1, 2)",663388f6d4e404ce37e9b350
24.0,40.0,325,141.01086567410104,1.0,1.0,"(1, 2)",663388f6d4e404ce37e9b350
24.0,40.0,326,141.01086567410104,1.0,1.0,"(1, 2)",663388f6d4e404ce37e9b350
24.0,40.0,327,141.01086567410104,1.0,1.0,"(1, 2)",663388f6d4e404ce37e9b350
24.0,40.0,328,141.01086567410104,1.0,1.0,"(1, 2)",663388f6d4e404ce37e9b350
24.0,40.0,329,141.01086567410104,1.0,1.0,"(1, 2)",663388f6d4e404ce37e9b350
24.0,40.0,330,141.01086567410104,1.0,1.0,"(1, 2)",663388f6d4e404ce37e9b350
24.0,40.0,331,141.01086567410104,1.0,1.0,"(1, 2)",663388f6d4e404ce37e9b350
24.0,40.0,332,141.01086567410104,1.0,1.0,"(1, 2)",663388f6d4e404ce37e9b350
24.0,40.0,333,141.01086567410104,1.0,1.0,"(1, 2)",663388f6d4e404ce37e9b350
24.0,40.0,334,141.01086567410104,1.0,1.0,"(1, 2)",663388f6d4e404ce37e9b350
24.0,40.0,335,141.01086567410104,1.0,1.0,"(1, 2)",663388f6d4e404ce37e9b350
24.0,40.0,336,141.01086567410104,1.0,1.0,"(1, 2)",663388f6d4e404ce37e9b350
24.0,40.0,337,141.01086567410104,1.0,1.0,"(1, 2)",663388f6d4e404ce37e9b350
24.0,40.0,338,141.01086567410104,1.0,1.0,"(1, 2)",663388f6d4e404ce37e9b350
24.0,40.0,339,141.01086567410104,1.0,1.0,"(1, 2)",663388f6d4e404ce37e9b350
24.0,40.0,340,141.01086567410104,1.0,1.0,"(1, 2)",663388f6d4e404ce37e9b350
24.0,40.0,341,141.01086567410104,1.0,1.0,"(1, 2)",663388f6d4e404ce37e9b350
24.0,40.0,342,141.01086567410104,1.0,1.0,"(1, 2)",663388f6d4e404ce37e9b350
24.0,40.0,343,141.01086567410104,1.0,1.0,"(1, 2)",663388f6d4e404ce37e9b350
24.0,40.0,344,141.01086567410104,1.0,1.0,"(1, 2)",663388f6d4e404ce37e9b350
24.0,40.0,345,141.01086567410104,1.0,1.0,"(1, 2)",663388f6d4e404ce37e9b350
24.0,40.0,346,141.01086567410104,1.0,1.0,"(1, 2)",663388f6d4e404ce37e9b350
24.0,40.0,347,141.01086567410104,1.0,1.0,"(1, 2)",663388f6d4e404ce37e9b350
24.0,40.0,348,141.01086567410104,1.0,1.0,"(1, 2)",663388f6d4e404ce37e9b350
24.0,40.0,349,141.01086567410104,1.0,1.0,"(1, 2)",663388f6d4e404ce37e9b350
24.0,40.0,350,141.01086567410104,1.0,1.0,"(1, 2)",663388f6d4e404ce37e9b350
24.0,40.0,351,141.01086567410104,1.0,1.0,"(1, 2)",663388f6d4e404ce37e9b350
24.0,40.0,352,141.01086567410104,1.0,1.0,"(1, 2)",663388f6d4e404ce37e9b350
24.0,40.0,353,141.01086567410104,1.0,1.0,"(1, 2)",663388f6d4e404ce37e9b350
24.0,40.0,354,141.01086567410104,1.0,1.0,"(1, 2)",663388f6d4e404ce37e9b350
24.0,40.0,355,141.01086567410104,1.0,1.0,"(1, 2)",663388f6d4e404ce37e9b350
24.0,40.0,356,141.01086567410104,1.0,1.0,"(1, 2)",663388f6d4e404ce37e9b350
24.0,40.0,357,141.01086567410104,1.0,1.0,"(1, 2)",663388f6d4e404ce37e9b350
24.0,40.0,358,141.01086567410104,1.0,1.0,"(1, 2)",663388f6d4e404ce37e9b350
24.0,40.0,359,141.01086567410104,1.0,1.0,"(1, 2)",663388f6d4e404ce37e9b350
24.0,40.0,360,141.01086567410104,1.0,1.0,"(1, 2)",663388f6d4e404ce37e9b350
24.0,40.0,361,141.01086567410104,1.0,1.0,"(1, 2)",663388f6d4e404ce37e9b350
24.0,40.0,362,141.01086567410104,1.0,1.0,"(1, 2)",663388f6d4e404ce37e9b350
24.0,40.0,363,141.01086567410104,1.0,1.0,"(1, 2)",663388f6d4e404ce37e9b350
24.88388347648305,39.11611652351695,364,142.26086567410084,1.0,1.0,"(1, 2)",663388f6d4e404ce37e9b350
25.7677669529661,38.2322330470339,365,143.51086567410064,1.0,1.0,"(1, 2)",663388f6d4e404ce37e9b350
26.65165042944915,37.34834957055085,366,144.76086567410044,1.0,1.0,"(1, 2)",663388f6d4e404ce37e9b350
27.535533905932198,36.4644660940678,367,146.01086567410024,1.0,1.0,"(1, 2)",663388f6d4e404ce37e9b350
28.419417382415247,35.58058261758475,368,147.26086567410005,1.0,1.0,"(1, 2)",663388f6d4e404ce37e9b350
29.303300858898297,34.6966991411017,369,148.51086567409985,1.0,1.0,"(1, 2)",663388f6d4e404ce37e9b350
30.187184335381346,33.812815664618654,370,149.76086567409965,1.0,1.0,"(1, 2)",663388f6d4e404ce37e9b350
31.071067811864395,32.928932188135605,371,151.01086567409945,1.0,1.0,"(1, 2)",663388f6d4e404ce37e9b350
31.954951288347445,32.045048711652555,372,152.26086567409925,1.0,1.0,"(1, 2)",663388f6d4e404ce37e9b350
32.838834764830494,31.161165235169506,373,153.51086567409905,1.0,1.0,"(1, 2)",663388f6d4e404ce37e9b350
33.722718241313544,30.277281758686456,374,154.76086567409885,1.0,1.0,"(1, 2)",663388f6d4e404ce37e9b350
34.60660171779659,29.393398282203407,375,156.01086567409865,1.0,1.0,"(1, 2)",663388f6d4e404ce37e9b350
35.49048519427964,28.509514805720357,376,157.26086567409845,1.0,1.0,"(1, 2)",663388f6d4e404ce37e9b350
36.37436867076269,27.625631329237308,377,158.51086567409826,1.0,1.0,"(1, 2)",663388f6d4e404ce37e9b350
37.25825214724574,26.74174785275426,378,159.76086567409806,1.0,1.0,"(1, 2)",663388f6d4e404ce37e9b350
38.14213562372879,25.85786437627121,379,161.01086567409786,1.0,1.0,"(1, 2)",663388f6d4e404ce37e9b350
39.02601910021184,24.97398089978816,380,162.26086567409766,1.0,1.0,"(1, 2)",663388f6d4e404ce37e9b350
39.95382555869017,24.194346815316237,381,163.47274608489093,1.0,1.0,"(1, 2)",663388f6d4e404ce37e9b350
41.203733885133886,24.179208272259245,382,164.72274608489062,1.0,1.0,"(1, 2)",663388f6d4e404ce37e9b350
42.4536422115776,24.164069729202254,383,165.9727460848903,1.0,1.0,"(1, 2)",663388f6d4e404ce37e9b350
43.70355053802132,24.148931186145262,384,167.22274608489,1.0,1.0,"(1, 2)",663388f6d4e404ce37e9b350
44.953458864465034,24.13379264308827,385,168.47274608488968,1.0,1.0,"(1, 2)",663388f6d4e404ce37e9b350
46.20336719090875,24.11865410003119,386,169.72274608488937,1.0,1.0,"(1, 2)",663388f6d4e404ce37e9b350
47.453275517352466,24.103515556974024,387,170.97274608488905,1.0,1.0,"(1, 2)",663388f6d4e404ce37e9b350
48.70318384379618,24.08837701391686,388,172.22274608488874,1.0,1.0,"(1, 2)",663388f6d4e404ce37e9b350
49.9530921702399,24.073238470859692,389,173.47274608488843,1.0,1.0,"(1, 2)",663388f6d4e404ce37e9b350
51.203000496683615,24.058099927802527,390,174.72274608488812,1.0,1.0,"(1, 2)",663388f6d4e404ce37e9b350
52.45290882312733,24.04296138474536,391,175.9727460848878,1.0,1.0,"(1, 2)",663388f6d4e404ce37e9b350
53.70281714957105,24.027822841688195,392,177.2227460848875,1.0,1.0,"(1, 2)",663388f6d4e404ce37e9b350
54.95272547601476,24.01268429863103,393,178.47274608488718,1.0,1.0,"(1, 2)",663388f6d4e404ce37e9b350
56.20266313364169,24.00233106509779,394,179.722726619695,1.0,1.0,"(1, 2)",663388f6d4e404ce37e9b350
57.45266312003295,24.002146614302884,395,180.9727266196951,1.0,1.0,"(1, 2)",663388f6d4e404ce37e9b350
58.70266310642421,24.00196216350798,396,182.22272661969518,1.0,1.0,"(1, 2)",663388f6d4e404ce37e9b350
59.95266309281547,24.001777712713075,397,183.47272661969527,1.0,1.0,"(1, 2)",663388f6d4e404ce37e9b350
61.20266307920673,24.00159326191817,398,184.72272661969535,1.0,1.0,"(1, 2)",663388f6d4e404ce37e9b350
62.45266306559799,24.001408811123397,399,185.97272661969544,1.0,1.0,"(1, 2)",663388f6d4e404ce37e9b350
63.70266305198925,24.00122436032867,400,187.22272661969552,1.0,1.0,"(1, 2)",663388f6d4e404ce37e9b350
64.95266303837997,24.001039909533944,401,188.47272661969507,1.0,1.0,"(1, 2)",663388f6d4e404ce37e9b350
66.20266302477052,24.000855458739217,402,189.72272661969444,1.0,1.0,"(1, 2)",663388f6d4e404ce37e9b350
67.45266301116106,24.00067100794449,403,190.97272661969382,1.0,1.0,"(1, 2)",663388f6d4e404ce37e9b350
68.70266299755161,24.000486557149763,404,192.2227266196932,1.0,1.0,"(1, 2)",663388f6d4e404ce37e9b350
69.95266298394216,24.000302106355036,405,193.47272661969257,1.0,1.0,"(1, 2)",663388f6d4e404ce37e9b350
71.20266297033271,24.00011765556031,406,194.72272661969194,1.0,1.0,"(1, 2)",663388f6d4e404ce37e9b350
72.45266296379884,24.00002795062462,407,195.97272661637686,1.0,1.0,"(1, 2)",663388f6d4e404ce37e9b350
73.70266296379629,24.000025703404965,408,197.22272661637632,1.0,1.0,"(1, 2)",663388f6d4e404ce37e9b350
74.95266296379373,24.00002345618531,409,198.47272661637578,1.0,1.0,"(1, 2)",663388f6d4e404ce37e9b350
76.20266296379117,24.000021208965656,410,199.72272661637524,1.0,1.0,"(1, 2)",663388f6d4e404ce37e9b350
77.45266296378861,24.000018961746,411,200.9727266163747,1.0,1.0,"(1, 2)",663388f6d4e404ce37e9b350
78.70266296378605,24.000016714526346,412,202.22272661637416,1.0,1.0,"(1, 2)",663388f6d4e404ce37e9b350
79.9526629637835,24.00001446730669,413,203.47272661637362,1.0,1.0,"(1, 2)",663388f6d4e404ce37e9b350
81.20266296378094,24.000012220087036,414,204.72272661637308,1.0,1.0,"(1, 2)",663388f6d4e404ce37e9b350
82.45266296377838,24.00000997286738,415,205.97272661637254,1.0,1.0,"(1, 2)",663388f6d4e404ce37e9b350
83.70266296377582,24.000007725647727,416,207.222726616372,1.0,1.0,"(1, 2)",663388f6d4e404ce37e9b350
84.95266296377326,24.000005478428115,417,208.47272661637146,1.0,1.0,"(1, 2)",663388f6d4e404ce37e9b350
86.2026629637707,24.000003231208638,418,209.72272661637092,1.0,1.0,"(1, 2)",663388f6d4e404ce37e9b350
87.45266296376815,24.00000098398916,419,210.97272661637038,1.0,1.0,"(1, 2)",663388f6d4e404ce37e9b350
88.70266296376764,24.00000033505509,420,212.22272661637004,1.0,1.0,"(1, 2)",663388f6d4e404ce37e9b350
89.95266296376792,24.00000030767646,421,213.47272661637032,1.0,1.0,"(1, 2)",663388f6d4e404ce37e9b350
91.2026629637682,24.000000280297826,422,214.7227266163706,1.0,1.0,"(1, 2)",663388f6d4e404ce37e9b350
92.45266296376849,24.000000252919193,423,215.9727266163709,1.0,1.0,"(1, 2)",663388f6d4e404ce37e9b350
93.70266296376877,24.00000022554056,424,217.22272661637118,1.0,1.0,"(1, 2)",663388f6d4e404ce37e9b350
94.95266296376906,24.000000198161928,425,218.47272661637146,1.0,1.0,"(1, 2)",663388f6d4e404ce37e9b350
96.20266296376934,24.000000170783295,426,219.72272661637174,1.0,1.0,"(1, 2)",663388f6d4e404ce37e9b350
97.45266296376963,24.00000014340478,427,220.97272661637203,1.0,1.0,"(1, 2)",663388f6d4e404ce37e9b350
98.70266296376991,24.000000116026325,428,222.2227266163723,1.0,1.0,"(1, 2)",663388f6d4e404ce37e9b350
99.9526629637702,24.00000008864787,429,223.4727266163726,1.0,1.0,"(1, 2)",663388f6d4e404ce37e9b350
101.20266296377048,24.000000061269414,430,224.72272661637288,1.0,1.0,"(1, 2)",663388f6d4e404ce37e9b350
102.45266296377076,24.00000003389096,431,225.97272661637317,1.0,1.0,"(1, 2)",663388f6d4e404ce37e9b350
103.70266296377105,24.000000006512504,432,227.22272661637345,1.0,1.0,"(1, 2)",663388f6d4e404ce37e9b350
104.0,24.0,433,227.5200636526024,1.0,1.0,"(1, 2)",663388f6d4e404ce37e9b350
104.0,24.0,434,227.5200636526024,1.0,1.0,"(1, 2)",663388f6d4e404ce37e9b350
104.0,24.0,435,227.5200636526024,1.0,1.0,"(1, 2)",663388f6d4e404ce37e9b350
104.0,24.0,436,227.5200636526024,1.0,1.0,"(1, 2)",663388f6d4e404ce37e9b350
104.0,24.0,437,227.5200636526024,1.0,1.0,"(1, 2)",663388f6d4e404ce37e9b350
104.0,24.0,438,227.5200636526024,1.0,1.0,"(1, 2)",663388f6d4e404ce37e9b350
104.0,24.0,439,227.5200636526024,1.0,1.0,"(1, 2)",663388f6d4e404ce37e9b350
104.0,24.0,440,227.5200636526024,1.0,1.0,"(1, 2)",663388f6d4e404ce37e9b350
104.0,24.0,441,227.5200636526024,1.0,1.0,"(1, 2)",663388f6d4e404ce37e9b350
104.0,24.0,442,227.5200636526024,1.0,1.0,"(1, 2)",663388f6d4e404ce37e9b350
104.0,24.0,443,227.5200636526024,1.0,1.0,"(1, 2)",663388f6d4e404ce37e9b350
104.0,24.0,444,227.5200636526024,1.0,1.0,"(1, 2)",663388f6d4e404ce37e9b350
104.0,24.0,445,227.5200636526024,1.0,1.0,"(1, 2)",663388f6d4e404ce37e9b350
104.0,24.0,446,227.5200636526024,1.0,1.0,"(1, 2)",663388f6d4e404ce37e9b350
104.0,24.0,447,227.5200636526024,1.0,1.0,"(1, 2)",663388f6d4e404ce37e9b350
104.0,24.0,448,227.5200636526024,1.0,1.0,"(1, 2)",663388f6d4e404ce37e9b350
104.0,24.0,449,227.5200636526024,1.0,1.0,"(1, 2)",663388f6d4e404ce37e9b350
104.0,24.0,450,227.5200636526024,1.0,1.0,"(1, 2)",663388f6d4e404ce37e9b350
104.0,24.0,451,227.5200636526024,1.0,1.0,"(1, 2)",663388f6d4e404ce37e9b350
104.0,24.0,452,227.5200636526024,1.0,1.0,"(1, 2)",663388f6d4e404ce37e9b350
104.0,24.0,453,227.5200636526024,1.0,1.0,"(1, 2)",663388f6d4e404ce37e9b350
104.0,24.0,454,227.5200636526024,1.0,1.0,"(1, 2)",663388f6d4e404ce37e9b350
104.0,24.0,455,227.5200636526024,1.0,1.0,"(1, 2)",663388f6d4e404ce37e9b350
104.0,24.0,456,227.5200636526024,1.0,1.0,"(1, 2)",663388f6d4e404ce37e9b350
104.0,24.0,457,227.5200636526024,1.0,1.0,"(1, 2)",663388f6d4e404ce37e9b350
104.0,24.0,458,227.5200636526024,1.0,1.0,"(1, 2)",663388f6d4e404ce37e9b350
104.0,24.0,459,227.5200636526024,1.0,1.0,"(1, 2)",663388f6d4e404ce37e9b350
104.0,24.0,460,227.5200636526024,1.0,1.0,"(1, 2)",663388f6d4e404ce37e9b350
104.0,24.0,461,227.5200636526024,1.0,1.0,"(1, 2)",663388f6d4e404ce37e9b350
104.0,24.0,462,227.5200636526024,1.0,1.0,"(1, 2)",663388f6d4e404ce37e9b350
104.0,24.0,463,227.5200636526024,1.0,1.0,"(1, 2)",663388f6d4e404ce37e9b350
104.0,24.0,464,227.5200636526024,1.0,1.0,"(1, 2)",663388f6d4e404ce37e9b350
104.0,24.0,465,227.5200636526024,1.0,1.0,"(1, 2)",663388f6d4e404ce37e9b350
104.0,24.0,466,227.5200636526024,1.0,1.0,"(1, 2)",663388f6d4e404ce37e9b350
104.0,24.0,467,227.5200636526024,1.0,1.0,"(1, 2)",663388f6d4e404ce37e9b350
104.0,24.0,468,227.5200636526024,1.0,1.0,"(1, 2)",663388f6d4e404ce37e9b350
104.0,24.0,469,227.5200636526024,1.0,1.0,"(1, 2)",663388f6d4e404ce37e9b350
104.0,24.0,470,227.5200636526024,1.0,1.0,"(1, 2)",663388f6d4e404ce37e9b350
104.0,24.0,471,227.5200636526024,1.0,1.0,"(1, 2)",663388f6d4e404ce37e9b350
104.0,24.0,472,227.5200636526024,1.0,1.0,"(1, 2)",663388f6d4e404ce37e9b350
104.0,24.0,473,227.5200636526024,1.0,1.0,"(1, 2)",663388f6d4e404ce37e9b350
104.0,24.0,474,227.5200636526024,1.0,1.0,"(1, 2)",663388f6d4e404ce37e9b350
104.0,24.0,475,227.5200636526024,1.0,1.0,"(1, 2)",663388f6d4e404ce37e9b350
104.0,24.0,476,227.5200636526024,1.0,1.0,"(1, 2)",663388f6d4e404ce37e9b350
104.0,24.0,477,227.5200636526024,1.0,1.0,"(1, 2)",663388f6d4e404ce37e9b350
104.0,24.0,478,227.5200636526024,1.0,1.0,"(1, 2)",663388f6d4e404ce37e9b350
104.0,24.0,479,227.5200636526024,1.0,1.0,"(1, 2)",663388f6d4e404ce37e9b350
104.0,24.0,480,227.5200636526024,1.0,1.0,"(1, 2)",663388f6d4e404ce37e9b350
104.0,24.0,481,227.5200636526024,1.0,1.0,"(1, 2)",663388f6d4e404ce37e9b350
103.11611652351695,24.88388347648305,482,228.7700636526022,1.0,1.0,"(1, 2)",663388f6d4e404ce37e9b350
102.2322330470339,25.7677669529661,483,230.020063652602,1.0,1.0,"(1, 2)",663388f6d4e404ce37e9b350
101.34834957055085,26.65165042944915,484,231.2700636526018,1.0,1.0,"(1, 2)",663388f6d4e404ce37e9b350
100.4644660940678,27.535533905932198,485,232.5200636526016,1.0,1.0,"(1, 2)",663388f6d4e404ce37e9b350
99.58058261758475,28.419417382415247,486,233.7700636526014,1.0,1.0,"(1, 2)",663388f6d4e404ce37e9b350
98.6966991411017,29.303300858898297,487,235.0200636526012,1.0,1.0,"(1, 2)",663388f6d4e404ce37e9b350
97.81281566461865,30.187184335381346,488,236.270063652601,1.0,1.0,"(1, 2)",663388f6d4e404ce37e9b350
96.9289321881356,31.071067811864395,489,237.5200636526008,1.0,1.0,"(1, 2)",663388f6d4e404ce37e9b350
96.04504871165256,31.954951288347445,490,238.7700636526006,1.0,1.0,"(1, 2)",663388f6d4e404ce37e9b350
95.1611652351695,32.838834764830494,491,240.0200636526004,1.0,1.0,"(1, 2)",663388f6d4e404ce37e9b350
94.27728175868646,33.722718241313544,492,241.27006365260021,1.0,1.0,"(1, 2)",663388f6d4e404ce37e9b350
93.3933982822034,34.60660171779659,493,242.52006365260002,1.0,1.0,"(1, 2)",663388f6d4e404ce37e9b350
92.50951480572036,35.49048519427964,494,243.77006365259982,1.0,1.0,"(1, 2)",663388f6d4e404ce37e9b350
91.62563132923731,36.37436867076269,495,245.02006365259962,1.0,1.0,"(1, 2)",663388f6d4e404ce37e9b350
90.74174785275426,37.25825214724574,496,246.27006365259942,1.0,1.0,"(1, 2)",663388f6d4e404ce37e9b350
89.85786437627121,38.14213562372879,497,247.52006365259922,1.0,1.0,"(1, 2)",663388f6d4e404ce37e9b350
88.97398089978816,39.02601910021184,498,248.77006365259902,1.0,1.0,"(1, 2)",663388f6d4e404ce37e9b350
88.09009742330511,39.90990257669489,499,250.02006365259882,1.0,1.0,"(1, 2)",663388f6d4e404ce37e9b350
87.20621394682206,40.79378605317794,500,251.27006365259862,1.0,1.0,"(1, 2)",663388f6d4e404ce37e9b350
86.32233047033901,41.67766952966099,501,252.52006365259842,1.0,1.0,"(1, 2)",663388f6d4e404ce37e9b350
85.43844699385596,42.56155300614404,502,253.77006365259822,1.0,1.0,"(1, 2)",663388f6d4e404ce37e9b350
84.55456351737291,43.44543648262709,503,255.02006365259803,1.0,1.0,"(1, 2)",663388f6d4e404ce37e9b350
83.67068004088986,44.32931995911014,504,256.27006365259786,1.0,1.0,"(1, 2)",663388f6d4e404ce37e9b350
82.78679656440681,45.213203435593186,505,257.5200636525977,1.0,1.0,"(1, 2)",663388f6d4e404ce37e9b350
81.90291308792376,46.097086912076236,506,258.7700636525975,1.0,1.0,"(1, 2)",663388f6d4e404ce37e9b350
81.01902961144071,46.980970388559285,507,260.02006365259734,1.0,1.0,"(1, 2)",663388f6d4e404ce37e9b350
80.13514613495767,47.864853865042335,508,261.2700636525972,1.0,1.0,"(1, 2)",663388f6d4e404ce37e9b350
79.25126265847462,48.748737341525384,509,262.520063652597,1.0,1.0,"(1, 2)",663388f6d4e404ce37e9b350
78.36737918199157,49.632620818008434,510,263.77006365259683,1.0,1.0,"(1, 2)",663388f6d4e404ce37e9b350
77.48349570550852,50.51650429449148,511,265.02006365259666,1.0,1.0,"(1, 2)",663388f6d4e404ce37e9b350
76.59961222902547,51.40038777097453,512,266.2700636525965,1.0,1.0,"(1, 2)",663388f6d4e404ce37e9b350
75.71572875254242,52.28427124745758,513,267.5200636525963,1.0,1.0,"(1, 2)",663388f6d4e404ce37e9b350
74.83184527605937,53.16815472394063,514,268.77006365259615,1.0,1.0,"(1, 2)",663388f6d4e404ce37e9b350
73.94796179957632,54.05203820042368,515,270.020063652596,1.0,1.0,"(1, 2)",663388f6d4e404ce37e9b350
73.06407832309327,54.93592167690673,516,271.2700636525958,1.0,1.0,"(1, 2)",663388f6d4e404ce37e9b350
72.18019484661022,55.81980515338978,517,272.52006365259564,1.0,1.0,"(1, 2)",663388f6d4e404ce37e9b350
71.29631137012717,56.70368862987283,518,273.77006365259547,1.0,1.0,"(1, 2)",663388f6d4e404ce37e9b350
70.41242789364412,57.58757210635588,519,275.0200636525953,1.0,1.0,"(1, 2)",663388f6d4e404ce37e9b350
69.52854441716107,58.47145558283893,520,276.2700636525951,1.0,1.0,"(1, 2)",663388f6d4e404ce37e9b350
68.64466094067802,59.35533905932198,521,277.52006365259496,1.0,1.0,"(1, 2)",663388f6d4e404ce37e9b350
67.76077746419497,60.23922253580503,522,278.7700636525948,1.0,1.0,"(1, 2)",663388f6d4e404ce37e9b350
66.87689398771192,61.123106012288076,523,280.0200636525946,1.0,1.0,"(1, 2)",663388f6d4e404ce37e9b350
65.99301051122887,62.006989488771126,524,281.27006365259444,1.0,1.0,"(1, 2)",663388f6d4e404ce37e9b350
65.10912703474582,62.890872965254175,525,282.5200636525943,1.0,1.0,"(1, 2)",663388f6d4e404ce37e9b350
64.22524355826278,63.774756441737225,526,283.7700636525941,1.0,1.0,"(1, 2)",663388f6d4e404ce37e9b350
63.341360081779726,64.65863991822027,527,285.02006365259393,1.0,1.0,"(1, 2)",663388f6d4e404ce37e9b350
62.45747660529668,65.54252339470332,528,286.27006365259376,1.0,1.0,"(1, 2)",663388f6d4e404ce37e9b350
61.57359312881363,66.42640687118637,529,287.5200636525936,1.0,1.0,"(1, 2)",663388f6d4e404ce37e9b350
60.68970965233058,67.31029034766942,530,288.7700636525934,1.0,1.0,"(1, 2)",663388f6d4e404ce37e9b350
59.80582617584753,68.19417382415247,531,290.02006365259325,1.0,1.0,"(1, 2)",663388f6d4e404ce37e9b350
58.92194269936448,69.07805730063552,532,291.2700636525931,1.0,1.0,"(1, 2)",663388f6d4e404ce37e9b350
58.03805922288143,69.96194077711857,533,292.5200636525929,1.0,1.0,"(1, 2)",663388f6d4e404ce37e9b350
57.15417574639838,70.84582425360162,534,293.77006365259274,1.0,1.0,"(1, 2)",663388f6d4e404ce37e9b350
56.27029226991533,71.72970773008467,535,295.02006365259257,1.0,1.0,"(1, 2)",663388f6d4e404ce37e9b350
56.0,72.0,536,295.40231464651146,1.0,1.0,"(1, 2)",663388f6d4e404ce37e9b350
56.0,72.0,537,295.40231464651146,1.0,1.0,"(1, 2)",663388f6d4e404ce37e9b350
56.0,72.0,538,295.40231464651146,1.0,1.0,"(1, 2)",663388f6d4e404ce37e9b350
56.0,72.0,539,295.40231464651146,1.0,1.0,"(1, 2)",663388f6d4e404ce37e9b350
56.0,72.0,540,295.40231464651146,1.0,1.0,"(1, 2)",663388f6d4e404ce37e9b350
56.0,72.0,541,295.40231464651146,1.0,1.0,"(1, 2)",663388f6d4e404ce37e9b350
56.0,72.0,542,295.40231464651146,1.0,1.0,"(1, 2)",663388f6d4e404ce37e9b350
56.0,72.0,543,295.40231464651146,1.0,1.0,"(1, 2)",663388f6d4e404ce37e9b350
56.0,72.0,544,295.40231464651146,1.0,1.0,"(1, 2)",663388f6d4e404ce37e9b350
56.0,72.0,545,295.40231464651146,1.0,1.0,"(1, 2)",663388f6d4e404ce37e9b350
56.0,72.0,546,295.40231464651146,1.0,1.0,"(1, 2)",663388f6d4e404ce37e9b350
56.0,72.0,547,295.40231464651146,1.0,1.0,"(1, 2)",663388f6d4e404ce37e9b350
56.0,72.0,548,295.40231464651146,1.0,1.0,"(1, 2)",663388f6d4e404ce37e9b350
56.0,72.0,549,295.40231464651146,1.0,1.0,"(1, 2)",663388f6d4e404ce37e9b350
56.0,72.0,550,295.40231464651146,1.0,1.0,"(1, 2)",663388f6d4e404ce37e9b350
56.0,72.0,551,295.40231464651146,1.0,1.0,"(1, 2)",663388f6d4e404ce37e9b350
56.0,72.0,552,295.40231464651146,1.0,1.0,"(1, 2)",663388f6d4e404ce37e9b350
56.0,72.0,553,295.40231464651146,1.0,1.0,"(1, 2)",663388f6d4e404ce37e9b350
56.0,72.0,554,295.40231464651146,1.0,1.0,"(1, 2)",663388f6d4e404ce37e9b350
56.0,72.0,555,295.40231464651146,1.0,1.0,"(1, 2)",663388f6d4e404ce37e9b350
56.0,72.0,556,295.40231464651146,1.0,1.0,"(1, 2)",663388f6d4e404ce37e9b350
56.0,72.0,557,295.40231464651146,1.0,1.0,"(1, 2)",663388f6d4e404ce37e9b350
56.0,70.74999999999972,558,296.65231464651174,1.0,1.0,"(1, 2)",663388f6d4e404ce37e9b350
56.0,69.49999999999943,559,297.902314646512,1.0,1.0,"(1, 2)",663388f6d4e404ce37e9b350
56.0,68.24999999999915,560,299.1523146465123,1.0,1.0,"(1, 2)",663388f6d4e404ce37e9b350
56.0,66.99999999999886,561,300.4023146465126,1.0,1.0,"(1, 2)",663388f6d4e404ce37e9b350
56.0,65.74999999999858,562,301.6523146465129,1.0,1.0,"(1, 2)",663388f6d4e404ce37e9b350
56.0,64.4999999999983,563,302.90231464651316,1.0,1.0,"(1, 2)",663388f6d4e404ce37e9b350
56.0,63.24999999999801,564,304.15231464651345,1.0,1.0,"(1, 2)",663388f6d4e404ce37e9b350
56.0,61.999999999997726,565,305.40231464651373,1.0,1.0,"(1, 2)",663388f6d4e404ce37e9b350
56.0,60.74999999999744,566,306.652314646514,1.0,1.0,"(1, 2)",663388f6d4e404ce37e9b350
56.0,59.49999999999716,567,307.9023146465143,1.0,1.0,"(1, 2)",663388f6d4e404ce37e9b350
56.0,58.249999999996874,568,309.1523146465146,1.0,1.0,"(1, 2)",663388f6d4e404ce37e9b350
56.0,56.99999999999659,569,310.40231464651487,1.0,1.0,"(1, 2)",663388f6d4e404ce37e9b350
56.0,55.749999999996305,570,311.65231464651515,1.0,1.0,"(1, 2)",663388f6d4e404ce37e9b350
56.0,54.49999999999602,571,312.90231464651544,1.0,1.0,"(1, 2)",663388f6d4e404ce37e9b350
56.0,53.24999999999574,572,314.1523146465157,1.0,1.0,"(1, 2)",663388f6d4e404ce37e9b350
56.0,51.99999999999545,573,315.402314646516,1.0,1.0,"(1, 2)",663388f6d4e404ce37e9b350
56.0,50.74999999999517,574,316.6523146465163,1.0,1.0,"(1, 2)",663388f6d4e404ce37e9b350
56.0,49.499999999994884,575,317.9023146465166,1.0,1.0,"(1, 2)",663388f6d4e404ce37e9b350
56.0,48.2499999999946,576,319.15231464651686,1.0,1.0,"(1, 2)",663388f6d4e404ce37e9b350
56.0,46.999999999994316,577,320.40231464651714,1.0,1.0,"(1, 2)",663388f6d4e404ce37e9b350
56.0,45.74999999999403,578,321.6523146465174,1.0,1.0,"(1, 2)",663388f6d4e404ce37e9b350
56.0,44.49999999999375,579,322.9023146465177,1.0,1.0,"(1, 2)",663388f6d4e404ce37e9b350
56.0,43.24999999999346,580,324.152314646518,1.0,1.0,"(1, 2)",663388f6d4e404ce37e9b350
56.0,41.99999999999318,581,325.4023146465183,1.0,1.0,"(1, 2)",663388f6d4e404ce37e9b350
56.0,40.749999999992895,582,326.65231464651856,1.0,1.0,"(1, 2)",663388f6d4e404ce37e9b350
56.0,40.0,583,327.40231464651146,1.0,1.0,"(1, 2)",663388f6d4e404ce37e9b350
56.0,40.0,584,327.40231464651146,1.0,1.0,"(1, 2)",663388f6d4e404ce37e9b350
56.0,40.0,585,327.40231464651146,1.0,1.0,"(1, 2)",663388f6d4e404ce37e9b350
56.0,40.0,586,327.40231464651146,1.0,1.0,"(1, 2)",663388f6d4e404ce37e9b350
56.0,40.0,587,327.40231464651146,1.0,1.0,"(1, 2)",663388f6d4e404ce37e9b350
56.0,40.0,588,327.40231464651146,1.0,1.0,"(1, 2)",663388f6d4e404ce37e9b350
56.0,40.0,589,327.40231464651146,1.0,1.0,"(1, 2)",663388f6d4e404ce37e9b350
56.0,40.0,590,327.40231464651146,1.0,1.0,"(1, 2)",663388f6d4e404ce37e9b350
56.0,40.0,591,327.40231464651146,1.0,1.0,"(1, 2)",663388f6d4e404ce37e9b350
56.0,40.0,592,327.40231464651146,1.0,1.0,"(1, 2)",663388f6d4e404ce37e9b350
56.0,40.0,593,327.40231464651146,1.0,1.0,"(1, 2)",663388f6d4e404ce37e9b350
56.0,40.0,594,327.40231464651146,1.0,1.0,"(1, 2)",663388f6d4e404ce37e9b350
56.0,40.0,595,327.40231464651146,1.0,1.0,"(1, 2)",663388f6d4e404ce37e9b350
56.0,40.0,596,327.40231464651146,1.0,1.0,"(1, 2)",663388f6d4e404ce37e9b350
56.0,40.0,597,327.40231464651146,1.0,1.0,"(1, 2)",663388f6d4e404ce37e9b350
56.0,40.0,598,327.40231464651146,1.0,1.0,"(1, 2)",663388f6d4e404ce37e9b350
56.0,40.0,599,327.40231464651146,1.0,1.0,"(1, 2)",663388f6d4e404ce37e9b350
56.0,40.0,600,327.40231464651146,1.0,1.0,"(1, 2)",663388f6d4e404ce37e9b350
56.0,40.0,601,327.40231464651146,1.0,1.0,"(1, 2)",663388f6d4e404ce37e9b350
56.0,40.0,602,327.40231464651146,1.0,1.0,"(1, 2)",663388f6d4e404ce37e9b350
56.0,40.0,603,327.40231464651146,1.0,1.0,"(1, 2)",663388f6d4e404ce37e9b350
56.0,40.0,604,327.40231464651146,1.0,1.0,"(1, 2)",663388f6d4e404ce37e9b350
56.0,41.250000000000284,605,328.65231464651174,1.0,1.0,"(1, 2)",663388f6d4e404ce37e9b350
56.0,42.50000000000057,606,329.902314646512,1.0,1.0,"(1, 2)",663388f6d4e404ce37e9b350
56.0,43.75000000000085,607,331.1523146465123,1.0,1.0,"(1, 2)",663388f6d4e404ce37e9b350
56.0,45.00000000000114,608,332.4023146465126,1.0,1.0,"(1, 2)",663388f6d4e404ce37e9b350
56.0,46.25000000000142,609,333.6523146465129,1.0,1.0,"(1, 2)",663388f6d4e404ce37e9b350
56.0,47.500000000001705,610,334.90231464651316,1.0,1.0,"(1, 2)",663388f6d4e404ce37e9b350
56.0,48.75000000000199,611,336.15231464651345,1.0,1.0,"(1, 2)",663388f6d4e404ce37e9b350
56.0,50.000000000002274,612,337.40231464651373,1.0,1.0,"(1, 2)",663388f6d4e404ce37e9b350
56.0,51.25000000000256,613,338.652314646514,1.0,1.0,"(1, 2)",663388f6d4e404ce37e9b350
56.0,52.50000000000284,614,339.9023146465143,1.0,1.0,"(1, 2)",663388f6d4e404ce37e9b350
56.0,53.750000000003126,615,341.1523146465146,1.0,1.0,"(1, 2)",663388f6d4e404ce37e9b350
56.0,55.00000000000341,616,342.40231464651487,1.0,1.0,"(1, 2)",663388f6d4e404ce37e9b350
56.0,56.250000000003695,617,343.65231464651515,1.0,1.0,"(1, 2)",663388f6d4e404ce37e9b350
56.0,57.50000000000398,618,344.90231464651544,1.0,1.0,"(1, 2)",663388f6d4e404ce37e9b350
56.0,58.75000000000426,619,346.1523146465157,1.0,1.0,"(1, 2)",663388f6d4e404ce37e9b350
56.0,60.00000000000455,620,347.402314646516,1.0,1.0,"(1, 2)",663388f6d4e404ce37e9b350
56.0,61.25000000000483,621,348.6523146465163,1.0,1.0,"(1, 2)",663388f6d4e404ce37e9b350
56.0,62.500000000005116,622,349.9023146465166,1.0,1.0,"(1, 2)",663388f6d4e404ce37e9b350
56.0,63.7500000000054,623,351.15231464651686,1.0,1.0,"(1, 2)",663388f6d4e404ce37e9b350
56.0,65.00000000000568,624,352.40231464651714,1.0,1.0,"(1, 2)",663388f6d4e404ce37e9b350
56.0,66.25000000000597,625,353.6523146465174,1.0,1.0,"(1, 2)",663388f6d4e404ce37e9b350
56.0,67.50000000000625,626,354.9023146465177,1.0,1.0,"(1, 2)",663388f6d4e404ce37e9b350
56.0,68.75000000000654,627,356.152314646518,1.0,1.0,"(1, 2)",663388f6d4e404ce37e9b350
56.0,70.00000000000682,628,357.4023146465183,1.0,1.0,"(1, 2)",663388f6d4e404ce37e9b350
56.0,71.2500000000071,629,358.65231464651856,1.0,1.0,"(1, 2)",663388f6d4e404ce37e9b350
56.0,72.0,630,359.40231464651146,1.0,1.0,"(1, 2)",663388f6d4e404ce37e9b350
56.0,72.0,631,359.40231464651146,1.0,1.0,"(1, 2)",663388f6d4e404ce37e9b350
56.0,72.0,632,359.40231464651146,1.0,1.0,"(1, 2)",663388f6d4e404ce37e9b350
56.0,72.0,633,359.40231464651146,1.0,1.0,"(1, 2)",663388f6d4e404ce37e9b350
56.0,72.0,634,359.40231464651146,1.0,1.0,"(1, 2)",663388f6d4e404ce37e9b350
56.0,72.0,635,359.40231464651146,1.0,1.0,"(1, 2)",663388f6d4e404ce37e9b350
56.0,72.0,636,359.40231464651146,1.0,1.0,"(1, 2)",663388f6d4e404ce37e9b350
56.0,72.0,637,359.40231464651146,1.0,1.0,"(1, 2)",663388f6d4e404ce37e9b350
56.0,72.0,638,359.40231464651146,1.0,1.0,"(1, 2)",663388f6d4e404ce37e9b350
56.0,72.0,639,359.40231464651146,1.0,1.0,"(1, 2)",663388f6d4e404ce37e9b350
56.0,72.0,640,359.40231464651146,1.0,1.0,"(1, 2)",663388f6d4e404ce37e9b350
56.0,72.0,641,359.40231464651146,1.0,1.0,"(1, 2)",663388f6d4e404ce37e9b350
56.0,72.0,642,359.40231464651146,1.0,1.0,"(1, 2)",663388f6d4e404ce37e9b350
56.0,72.0,643,359.40231464651146,1.0,1.0,"(1, 2)",663388f6d4e404ce37e9b350
56.0,72.0,644,359.40231464651146,1.0,1.0,"(1, 2)",663388f6d4e404ce37e9b350
56.0,72.0,645,359.40231464651146,1.0,1.0,"(1, 2)",663388f6d4e404ce37e9b350
56.0,72.0,646,359.40231464651146,1.0,1.0,"(1, 2)",663388f6d4e404ce37e9b350
56.0,72.0,647,359.40231464651146,1.0,1.0,"(1, 2)",663388f6d4e404ce37e9b350
56.0,72.0,648,359.40231464651146,1.0,1.0,"(1, 2)",663388f6d4e404ce37e9b350
56.0,72.0,649,359.40231464651146,1.0,1.0,"(1, 2)",663388f6d4e404ce37e9b350
57.250000000000284,72.0,650,360.65231464651174,1.0,1.0,"(1, 2)",663388f6d4e404ce37e9b350
58.50000000000057,72.0,651,361.902314646512,1.0,1.0,"(1, 2)",663388f6d4e404ce37e9b350
59.75000000000085,72.0,652,363.1523146465123,1.0,1.0,"(1, 2)",663388f6d4e404ce37e9b350
61.00000000000114,72.0,653,364.4023146465126,1.0,1.0,"(1, 2)",663388f6d4e404ce37e9b350
62.25000000000142,72.0,654,365.6523146465129,1.0,1.0,"(1, 2)",663388f6d4e404ce37e9b350
63.500000000001705,72.0,655,366.90231464651316,1.0,1.0,"(1, 2)",663388f6d4e404ce37e9b350
64.75000000000199,72.0,656,368.15231464651345,1.0,1.0,"(1, 2)",663388f6d4e404ce37e9b350
66.00000000000227,72.0,657,369.40231464651373,1.0,1.0,"(1, 2)",663388f6d4e404ce37e9b350
67.25000000000256,72.0,658,370.652314646514,1.0,1.0,"(1, 2)",663388f6d4e404ce37e9b350
68.50000000000284,72.0,659,371.9023146465143,1.0,1.0,"(1, 2)",663388f6d4e404ce37e9b350
69.75000000000313,72.0,660,373.1523146465146,1.0,1.0,"(1, 2)",663388f6d4e404ce37e9b350
71.00000000000341,72.0,661,374.40231464651487,1.0,1.0,"(1, 2)",663388f6d4e404ce37e9b350
72.12016826116314,71.6837844334222,662,375.56626018555687,1.0,1.0,"(1, 2)",663388f6d4e404ce37e9b350
73.0095245421619,70.805407859595,663,376.81626018555704,1.0,1.0,"(1, 2)",663388f6d4e404ce37e9b350
73.89888082316065,69.92703128576852,664,378.06626018555664,1.0,1.0,"(1, 2)",663388f6d4e404ce37e9b350
74.7882371041594,69.0486547119425,665,379.31626018555596,1.0,1.0,"(1, 2)",663388f6d4e404ce37e9b350
75.67759338515816,68.1702781381165,666,380.5662601855553,1.0,1.0,"(1, 2)",663388f6d4e404ce37e9b350
76.56694966615692,67.29190156429048,667,381.8162601855546,1.0,1.0,"(1, 2)",663388f6d4e404ce37e9b350
77.45630594715567,66.41352499046448,668,383.0662601855539,1.0,1.0,"(1, 2)",663388f6d4e404ce37e9b350
78.34566222815442,65.53514841663846,669,384.31626018555323,1.0,1.0,"(1, 2)",663388f6d4e404ce37e9b350
79.23501850915318,64.65677184281246,670,385.56626018555255,1.0,1.0,"(1, 2)",663388f6d4e404ce37e9b350
80.12437479015193,63.778395268986316,671,386.8162601855519,1.0,1.0,"(1, 2)",663388f6d4e404ce37e9b350
81.01373107115069,62.900018695159815,672,388.0662601855516,1.0,1.0,"(1, 2)",663388f6d4e404ce37e9b350
81.90308735214944,62.021642121333315,673,389.31626018555124,1.0,1.0,"(1, 2)",663388f6d4e404ce37e9b350
82.7924436331482,61.143265547506815,674,390.5662601855509,1.0,1.0,"(1, 2)",663388f6d4e404ce37e9b350
83.68179991414696,60.264888973680314,675,391.81626018555056,1.0,1.0,"(1, 2)",663388f6d4e404ce37e9b350
84.57115619514666,59.386512399853814,676,393.0662601855509,1.0,1.0,"(1, 2)",663388f6d4e404ce37e9b350
85.46051247614633,58.50813582602731,677,394.3162601855512,1.0,1.0,"(1, 2)",663388f6d4e404ce37e9b350
86.34986875714603,57.62975925220081,678,395.5662601855515,1.0,1.0,"(1, 2)",663388f6d4e404ce37e9b350
87.2392250381457,56.75138267837431,679,396.8162601855518,1.0,1.0,"(1, 2)",663388f6d4e404ce37e9b350
88.0,56.0,680,397.88553773228386,1.0,1.0,"(1, 2)",663388f6d4e404ce37e9b350
88.0,56.0,681,397.88553773228386,1.0,1.0,"(1, 2)",663388f6d4e404ce37e9b350
88.0,56.0,682,397.88553773228386,1.0,1.0,"(1, 2)",663388f6d4e404ce37e9b350
86.74999999999972,56.0,683,399.13553773228415,1.0,1.0,"(1, 2)",663388f6d4e404ce37e9b350
85.49999999999943,56.0,684,400.38553773228443,1.0,1.0,"(1, 2)",663388f6d4e404ce37e9b350
84.24999999999915,56.0,685,401.6355377322847,1.0,1.0,"(1, 2)",663388f6d4e404ce37e9b350
82.99999999999886,56.0,686,402.885537732285,1.0,1.0,"(1, 2)",663388f6d4e404ce37e9b350
81.74999999999858,56.0,687,404.1355377322853,1.0,1.0,"(1, 2)",663388f6d4e404ce37e9b350
80.4999999999983,56.0,688,405.38553773228557,1.0,1.0,"(1, 2)",663388f6d4e404ce37e9b350
79.24999999999801,56.0,689,406.63553773228585,1.0,1.0,"(1, 2)",663388f6d4e404ce37e9b350
77.99999999999773,56.0,690,407.88553773228614,1.0,1.0,"(1, 2)",663388f6d4e404ce37e9b350
76.74999999999744,56.0,691,409.1355377322864,1.0,1.0,"(1, 2)",663388f6d4e404ce37e9b350
75.49999999999716,56.0,692,410.3855377322867,1.0,1.0,"(1, 2)",663388f6d4e404ce37e9b350
74.24999999999687,56.0,693,411.635537732287,1.0,1.0,"(1, 2)",663388f6d4e404ce37e9b350
72.99999999999659,56.0,694,412.8855377322873,1.0,1.0,"(1, 2)",663388f6d4e404ce37e9b350
71.87983173883686,56.31621556657754,695,414.04948327132917,1.0,1.0,"(1, 2)",663388f6d4e404ce37e9b350
70.9904754578381,57.19459214040404,696,415.2994832713288,1.0,1.0,"(1, 2)",663388f6d4e404ce37e9b350
70.10111917683935,58.07296871423054,697,416.5494832713285,1.0,1.0,"(1, 2)",663388f6d4e404ce37e9b350
69.2117628958406,58.95134528805704,698,417.79948327132814,1.0,1.0,"(1, 2)",663388f6d4e404ce37e9b350
68.32240661484184,59.82972186188354,699,419.0494832713278,1.0,1.0,"(1, 2)",663388f6d4e404ce37e9b350
67.43305033384308,60.70809843571004,700,420.29948327132746,1.0,1.0,"(1, 2)",663388f6d4e404ce37e9b350
66.54369405284433,61.58647500953654,701,421.5494832713271,1.0,1.0,"(1, 2)",663388f6d4e404ce37e9b350
65.65433777184558,62.46485158336304,702,422.7994832713268,1.0,1.0,"(1, 2)",663388f6d4e404ce37e9b350
64.76498149084682,63.34322815718954,703,424.04948327132644,1.0,1.0,"(1, 2)",663388f6d4e404ce37e9b350
63.87562520984797,64.22160473101586,704,425.29948327132604,1.0,1.0,"(1, 2)",663388f6d4e404ce37e9b350
62.9862689288485,65.09998130484165,705,426.5494832713257,1.0,1.0,"(1, 2)",663388f6d4e404ce37e9b350
62.09691264784904,65.97835787866744,706,427.79948327132536,1.0,1.0,"(1, 2)",663388f6d4e404ce37e9b350
61.20755636684957,66.85673445249378,707,429.0494832713254,1.0,1.0,"(1, 2)",663388f6d4e404ce37e9b350
60.31820008585011,67.7351110263205,708,430.2994832713257,1.0,1.0,"(1, 2)",663388f6d4e404ce37e9b350
59.42884380485064,68.61348760014721,709,431.549483271326,1.0,1.0,"(1, 2)",663388f6d4e404ce37e9b350
58.53948752385118,69.49186417397391,710,432.79948327132627,1.0,1.0,"(1, 2)",663388f6d4e404ce37e9b350
57.650131242851714,70.37024074780062,711,434.04948327132655,1.0,1.0,"(1, 2)",663388f6d4e404ce37e9b350
56.76077496185225,71.24861732162734,712,435.29948327132684,1.0,1.0,"(1, 2)",663388f6d4e404ce37e9b350
56.0,72.0,713,436.3687608180563,1.0,1.0,"(1, 2)",663388f6d4e404ce37e9b350
56.0,72.0,714,436.3687608180563,1.0,1.0,"(1, 2)",663388f6d4e404ce37e9b350
56.0,72.0,715,436.3687608180563,1.0,1.0,"(1, 2)",663388f6d4e404ce37e9b350
56.0,72.0,716,436.3687608180563,1.0,1.0,"(1, 2)",663388f6d4e404ce37e9b350
56.0,72.0,717,436.3687608180563,1.0,1.0,"(1, 2)",663388f6d4e404ce37e9b350
56.0,72.0,718,436.3687608180563,1.0,1.0,"(1, 2)",663388f6d4e404ce37e9b350
56.0,72.0,719,436.3687608180563,1.0,1.0,"(1, 2)",663388f6d4e404ce37e9b350
56.0,72.0,720,436.3687608180563,1.0,1.0,"(1, 2)",663388f6d4e404ce37e9b350
56.0,72.0,721,436.3687608180563,1.0,1.0,"(1, 2)",663388f6d4e404ce37e9b350
56.0,72.0,722,436.3687608180563,1.0,1.0,"(1, 2)",663388f6d4e404ce37e9b350
56.0,72.0,723,436.3687608180563,1.0,1.0,"(1, 2)",663388f6d4e404ce37e9b350
56.0,72.0,724,436.3687608180563,1.0,1.0,"(1, 2)",663388f6d4e404ce37e9b350
56.0,72.0,725,436.3687608180563,1.0,1.0,"(1, 2)",663388f6d4e404ce37e9b350
56.0,72.0,726,436.3687608180563,1.0,1.0,"(1, 2)",663388f6d4e404ce37e9b350
56.0,72.0,727,436.3687608180563,1.0,1.0,"(1, 2)",663388f6d4e404ce37e9b350
56.0,72.0,728,436.3687608180563,1.0,1.0,"(1, 2)",663388f6d4e404ce37e9b350
56.0,72.0,729,436.3687608180563,1.0,1.0,"(1, 2)",663388f6d4e404ce37e9b350
56.0,72.0,730,436.3687608180563,1.0,1.0,"(1, 2)",663388f6d4e404ce37e9b350
56.0,72.0,731,436.3687608180563,1.0,1.0,"(1, 2)",663388f6d4e404ce37e9b350
56.0,72.0,732,436.3687608180563,1.0,1.0,"(1, 2)",663388f6d4e404ce37e9b350
56.0,72.0,733,436.3687608180563,1.0,1.0,"(1, 2)",663388f6d4e404ce37e9b350
56.0,72.0,734,436.3687608180563,1.0,1.0,"(1, 2)",663388f6d4e404ce37e9b350
56.0,72.0,735,436.3687608180563,1.0,1.0,"(1, 2)",663388f6d4e404ce37e9b350
56.0,72.0,736,436.3687608180563,1.0,1.0,"(1, 2)",663388f6d4e404ce37e9b350
57.250000000000284,72.0,737,437.61876081805656,1.0,1.0,"(1, 2)",663388f6d4e404ce37e9b350
58.50000000000057,72.0,738,438.86876081805684,1.0,1.0,"(1, 2)",663388f6d4e404ce37e9b350
59.75000000000085,72.0,739,440.1187608180571,1.0,1.0,"(1, 2)",663388f6d4e404ce37e9b350
61.00000000000114,72.0,740,441.3687608180574,1.0,1.0,"(1, 2)",663388f6d4e404ce37e9b350
62.25000000000142,72.0,741,442.6187608180577,1.0,1.0,"(1, 2)",663388f6d4e404ce37e9b350
63.500000000001705,72.0,742,443.868760818058,1.0,1.0,"(1, 2)",663388f6d4e404ce37e9b350
64.75000000000199,72.0,743,445.11876081805826,1.0,1.0,"(1, 2)",663388f6d4e404ce37e9b350
66.00000000000227,72.0,744,446.36876081805855,1.0,1.0,"(1, 2)",663388f6d4e404ce37e9b350
67.25000000000256,72.0,745,447.61876081805883,1.0,1.0,"(1, 2)",663388f6d4e404ce37e9b350
68.50000000000284,72.0,746,448.8687608180591,1.0,1.0,"(1, 2)",663388f6d4e404ce37e9b350
69.75000000000313,72.0,747,450.1187608180594,1.0,1.0,"(1, 2)",663388f6d4e404ce37e9b350
71.00000000000341,72.0,748,451.3687608180597,1.0,1.0,"(1, 2)",663388f6d4e404ce37e9b350
72.2500000000037,72.0,749,452.61876081805997,1.0,1.0,"(1, 2)",663388f6d4e404ce37e9b350
73.50000000000398,72.0,750,453.86876081806025,1.0,1.0,"(1, 2)",663388f6d4e404ce37e9b350
74.75000000000426,72.0,751,455.11876081806054,1.0,1.0,"(1, 2)",663388f6d4e404ce37e9b350
76.00000000000455,72.0,752,456.3687608180608,1.0,1.0,"(1, 2)",663388f6d4e404ce37e9b350
77.25000000000483,72.0,753,457.6187608180611,1.0,1.0,"(1, 2)",663388f6d4e404ce37e9b350
78.50000000000512,72.0,754,458.8687608180614,1.0,1.0,"(1, 2)",663388f6d4e404ce37e9b350
79.7500000000054,72.0,755,460.1187608180617,1.0,1.0,"(1, 2)",663388f6d4e404ce37e9b350
81.00000000000568,72.0,756,461.36876081806196,1.0,1.0,"(1, 2)",663388f6d4e404ce37e9b350
82.25000000000597,72.0,757,462.61876081806224,1.0,1.0,"(1, 2)",663388f6d4e404ce37e9b350
83.50000000000625,72.0,758,463.8687608180625,1.0,1.0,"(1, 2)",663388f6d4e404ce37e9b350
84.75000000000654,72.0,759,465.1187608180628,1.0,1.0,"(1, 2)",663388f6d4e404ce37e9b350
86.00000000000682,72.0,760,466.3687608180631,1.0,1.0,"(1, 2)",663388f6d4e404ce37e9b350
87.2500000000071,72.0,761,467.6187608180634,1.0,1.0,"(1, 2)",663388f6d4e404ce37e9b350
88.0,72.0,762,468.3687608180563,1.0,1.0,"(1, 2)",663388f6d4e404ce37e9b350
88.0,72.0,763,468.3687608180563,1.0,1.0,"(1, 2)",663388f6d4e404ce37e9b350
88.0,72.0,764,468.3687608180563,1.0,1.0,"(1, 2)",663388f6d4e404ce37e9b350
88.0,72.0,765,468.3687608180563,1.0,1.0,"(1, 2)",663388f6d4e404ce37e9b350
88.0,72.0,766,468.3687608180563,1.0,1.0,"(1, 2)",663388f6d4e404ce37e9b350
88.0,72.0,767,468.3687608180563,1.0,1.0,"(1, 2)",663388f6d4e404ce37e9b350
88.0,72.0,768,468.3687608180563,1.0,1.0,"(1, 2)",663388f6d4e404ce37e9b350
88.0,72.0,769,468.3687608180563,1.0,1.0,"(1, 2)",663388f6d4e404ce37e9b350
88.0,72.0,770,468.3687608180563,1.0,1.0,"(1, 2)",663388f6d4e404ce37e9b350
88.0,72.0,771,468.3687608180563,1.0,1.0,"(1, 2)",663388f6d4e404ce37e9b350
88.0,72.0,772,468.3687608180563,1.0,1.0,"(1, 2)",663388f6d4e404ce37e9b350
88.0,72.0,773,468.3687608180563,1.0,1.0,"(1, 2)",663388f6d4e404ce37e9b350
88.0,72.0,774,468.3687608180563,1.0,1.0,"(1, 2)",663388f6d4e404ce37e9b350
88.0,72.0,775,468.3687608180563,1.0,1.0,"(1, 2)",663388f6d4e404ce37e9b350
88.0,72.0,776,468.3687608180563,1.0,1.0,"(1, 2)",663388f6d4e404ce37e9b350
88.0,72.0,777,468.3687608180563,1.0,1.0,"(1, 2)",663388f6d4e404ce37e9b350
88.0,72.0,778,468.3687608180563,1.0,1.0,"(1, 2)",663388f6d4e404ce37e9b350
88.0,72.0,779,468.3687608180563,1.0,1.0,"(1, 2)",663388f6d4e404ce37e9b350
88.0,72.0,780,468.3687608180563,1.0,1.0,"(1, 2)",663388f6d4e404ce37e9b350
88.0,72.0,781,468.3687608180563,1.0,1.0,"(1, 2)",663388f6d4e404ce37e9b350
88.0,72.0,782,468.3687608180563,1.0,1.0,"(1, 2)",663388f6d4e404ce37e9b350
88.0,72.0,783,468.3687608180563,1.0,1.0,"(1, 2)",663388f6d4e404ce37e9b350
88.0,72.0,784,468.3687608180563,1.0,1.0,"(1, 2)",663388f6d4e404ce37e9b350
88.0,72.0,785,468.3687608180563,1.0,1.0,"(1, 2)",663388f6d4e404ce37e9b350
88.0,72.0,786,468.3687608180563,1.0,1.0,"(1, 2)",663388f6d4e404ce37e9b350
88.0,72.0,787,468.3687608180563,1.0,1.0,"(1, 2)",663388f6d4e404ce37e9b350
88.0,72.0,788,468.3687608180563,1.0,1.0,"(1, 2)",663388f6d4e404ce37e9b350
88.0,72.0,789,468.3687608180563,1.0,1.0,"(1, 2)",663388f6d4e404ce37e9b350
88.0,72.0,790,468.3687608180563,1.0,1.0,"(1, 2)",663388f6d4e404ce37e9b350
88.0,72.0,791,468.3687608180563,1.0,1.0,"(1, 2)",663388f6d4e404ce37e9b350
88.0,72.0,792,468.3687608180563,1.0,1.0,"(1, 2)",663388f6d4e404ce37e9b350
88.0,72.0,793,468.3687608180563,1.0,1.0,"(1, 2)",663388f6d4e404ce37e9b350
88.0,72.0,794,468.3687608180563,1.0,1.0,"(1, 2)",663388f6d4e404ce37e9b350
88.0,70.74999999999972,795,469.61876081805656,1.0,1.0,"(1, 2)",663388f6d4e404ce37e9b350
88.0,69.49999999999943,796,470.86876081805684,1.0,1.0,"(1, 2)",663388f6d4e404ce37e9b350
88.0,68.24999999999915,797,472.1187608180571,1.0,1.0,"(1, 2)",663388f6d4e404ce37e9b350
88.0,66.99999999999886,798,473.3687608180574,1.0,1.0,"(1, 2)",663388f6d4e404ce37e9b350
88.0,65.74999999999858,799,474.6187608180577,1.0,1.0,"(1, 2)",663388f6d4e404ce37e9b350
88.0,64.4999999999983,800,475.868760818058,1.0,1.0,"(1, 2)",663388f6d4e404ce37e9b350
88.0,63.24999999999801,801,477.11876081805826,1.0,1.0,"(1, 2)",663388f6d4e404ce37e9b350
88.0,61.999999999997726,802,478.36876081805855,1.0,1.0,"(1, 2)",663388f6d4e404ce37e9b350
88.0,60.74999999999744,803,479.61876081805883,1.0,1.0,"(1, 2)",663388f6d4e404ce37e9b350
88.0,59.49999999999716,804,480.8687608180591,1.0,1.0,"(1, 2)",663388f6d4e404ce37e9b350
88.0,58.249999999996874,805,482.1187608180594,1.0,1.0,"(1, 2)",663388f6d4e404ce37e9b350
88.0,56.99999999999659,806,483.3687608180597,1.0,1.0,"(1, 2)",663388f6d4e404ce37e9b350
88.0,55.749999999996305,807,484.61876081805997,1.0,1.0,"(1, 2)",663388f6d4e404ce37e9b350
88.0,54.49999999999602,808,485.86876081806025,1.0,1.0,"(1, 2)",663388f6d4e404ce37e9b350
88.0,53.24999999999574,809,487.11876081806054,1.0,1.0,"(1, 2)",663388f6d4e404ce37e9b350
88.0,51.99999999999545,810,488.3687608180608,1.0,1.0,"(1, 2)",663388f6d4e404ce37e9b350
88.0,50.74999999999517,811,489.6187608180611,1.0,1.0,"(1, 2)",663388f6d4e404ce37e9b350
88.0,49.499999999994884,812,490.8687608180614,1.0,1.0,"(1, 2)",663388f6d4e404ce37e9b350
88.0,48.2499999999946,813,492.1187608180617,1.0,1.0,"(1, 2)",663388f6d4e404ce37e9b350
88.0,46.999999999994316,814,493.36876081806196,1.0,1.0,"(1, 2)",663388f6d4e404ce37e9b350
88.0,45.74999999999403,815,494.61876081806224,1.0,1.0,"(1, 2)",663388f6d4e404ce37e9b350
88.0,44.49999999999375,816,495.8687608180625,1.0,1.0,"(1, 2)",663388f6d4e404ce37e9b350
88.0,43.24999999999346,817,497.1187608180628,1.0,1.0,"(1, 2)",663388f6d4e404ce37e9b350
88.0,41.99999999999318,818,498.3687608180631,1.0,1.0,"(1, 2)",663388f6d4e404ce37e9b350
88.0,40.749999999992895,819,499.6187608180634,1.0,1.0,"(1, 2)",663388f6d4e404ce37e9b350
87.50810911865676,39.70196048263347,820,500.77649285489036,1.0,1.0,"(1, 2)",663388f6d4e404ce37e9b350
86.62973254482955,38.812604201634024,821,502.026492854891,1.0,1.0,"(1, 2)",663388f6d4e404ce37e9b350
85.75135597100234,37.92324792063456,822,503.2764928548916,1.0,1.0,"(1, 2)",663388f6d4e404ce37e9b350
84.87297939717513,37.033891639635094,823,504.52649285489224,1.0,1.0,"(1, 2)",663388f6d4e404ce37e9b350
83.99460282334792,36.14453535863563,824,505.77649285489287,1.0,1.0,"(1, 2)",663388f6d4e404ce37e9b350
83.11622624952071,35.255179077636164,825,507.0264928548935,1.0,1.0,"(1, 2)",663388f6d4e404ce37e9b350
82.2378496756935,34.3658227966367,826,508.2764928548941,1.0,1.0,"(1, 2)",663388f6d4e404ce37e9b350
81.35947310186629,33.476466515637235,827,509.52649285489474,1.0,1.0,"(1, 2)",663388f6d4e404ce37e9b350
80.48109652803907,32.58711023463777,828,510.77649285489537,1.0,1.0,"(1, 2)",663388f6d4e404ce37e9b350
79.60271995421186,31.697753953638426,829,512.0264928548959,1.0,1.0,"(1, 2)",663388f6d4e404ce37e9b350
78.72434338038512,30.808397672639316,830,513.276492854896,1.0,1.0,"(1, 2)",663388f6d4e404ce37e9b350
77.84596680655876,29.919041391640206,831,514.5264928548958,1.0,1.0,"(1, 2)",663388f6d4e404ce37e9b350
76.96759023273239,29.029685110641097,832,515.7764928548955,1.0,1.0,"(1, 2)",663388f6d4e404ce37e9b350
76.08921365890603,28.140328829641987,833,517.0264928548953,1.0,1.0,"(1, 2)",663388f6d4e404ce37e9b350
75.21083708507967,27.250972548642878,834,518.2764928548951,1.0,1.0,"(1, 2)",663388f6d4e404ce37e9b350
74.33246051125332,26.361616267643768,835,519.5264928548949,1.0,1.0,"(1, 2)",663388f6d4e404ce37e9b350
73.45408393742696,25.47225998664466,836,520.7764928548946,1.0,1.0,"(1, 2)",663388f6d4e404ce37e9b350
72.5757073636006,24.58290370564555,837,522.0264928548944,1.0,1.0,"(1, 2)",663388f6d4e404ce37e9b350
72.0,24.0,838,522.8457704016142,1.0,1.0,"(1, 2)",663388f6d4e404ce37e9b350
72.0,24.0,839,522.8457704016142,1.0,1.0,"(1, 2)",663388f6d4e404ce37e9b350
72.0,24.0,840,522.8457704016142,1.0,1.0,"(1, 2)",663388f6d4e404ce37e9b350
72.0,24.0,841,522.8457704016142,1.0,1.0,"(1, 2)",663388f6d4e404ce37e9b350
72.0,24.0,842,522.8457704016142,1.0,1.0,"(1, 2)",663388f6d4e404ce37e9b350
72.0,24.0,843,522.8457704016142,1.0,1.0,"(1, 2)",663388f6d4e404ce37e9b350
72.0,24.0,844,522.8457704016142,1.0,1.0,"(1, 2)",663388f6d4e404ce37e9b350
72.0,24.0,845,522.8457704016142,1.0,1.0,"(1, 2)",663388f6d4e404ce37e9b350
72.0,24.0,846,522.8457704016142,1.0,1.0,"(1, 2)",663388f6d4e404ce37e9b350
72.0,24.0,847,522.8457704016142,1.0,1.0,"(1, 2)",663388f6d4e404ce37e9b350
72.0,24.0,848,522.8457704016142,1.0,1.0,"(1, 2)",663388f6d4e404ce37e9b350
72.0,24.0,849,522.8457704016142,1.0,1.0,"(1, 2)",663388f6d4e404ce37e9b350
72.0,24.0,850,522.8457704016142,1.0,1.0,"(1, 2)",663388f6d4e404ce37e9b350
72.0,24.0,851,522.8457704016142,1.0,1.0,"(1, 2)",663388f6d4e404ce37e9b350
72.0,24.0,852,522.8457704016142,1.0,1.0,"(1, 2)",663388f6d4e404ce37e9b350
72.0,24.0,853,522.8457704016142,1.0,1.0,"(1, 2)",663388f6d4e404ce37e9b350
72.0,24.0,854,522.8457704016142,1.0,1.0,"(1, 2)",663388f6d4e404ce37e9b350
72.0,24.0,855,522.8457704016142,1.0,1.0,"(1, 2)",663388f6d4e404ce37e9b350
72.0,24.0,856,522.8457704016142,1.0,1.0,"(1, 2)",663388f6d4e404ce37e9b350
72.0,24.0,857,522.8457704016142,1.0,1.0,"(1, 2)",663388f6d4e404ce37e9b350
72.0,24.0,858,522.8457704016142,1.0,1.0,"(1, 2)",663388f6d4e404ce37e9b350
72.0,24.0,859,522.8457704016142,1.0,1.0,"(1, 2)",663388f6d4e404ce37e9b350
72.0,24.0,860,522.8457704016142,1.0,1.0,"(1, 2)",663388f6d4e404ce37e9b350
72.0,24.0,861,522.8457704016142,1.0,1.0,"(1, 2)",663388f6d4e404ce37e9b350
70.74999999999972,24.0,862,524.0957704016146,1.0,1.0,"(1, 2)",663388f6d4e404ce37e9b350
69.49999999999943,24.0,863,525.3457704016148,1.0,1.0,"(1, 2)",663388f6d4e404ce37e9b350
68.24999999999915,24.0,864,526.595770401615,1.0,1.0,"(1, 2)",663388f6d4e404ce37e9b350
66.99999999999886,24.0,865,527.8457704016153,1.0,1.0,"(1, 2)",663388f6d4e404ce37e9b350
65.74999999999858,24.0,866,529.0957704016155,1.0,1.0,"(1, 2)",663388f6d4e404ce37e9b350
64.4999999999983,24.0,867,530.3457704016157,1.0,1.0,"(1, 2)",663388f6d4e404ce37e9b350
63.24999999999801,24.0,868,531.5957704016159,1.0,1.0,"(1, 2)",663388f6d4e404ce37e9b350
61.999999999997726,24.0,869,532.8457704016162,1.0,1.0,"(1, 2)",663388f6d4e404ce37e9b350
60.74999999999744,24.0,870,534.0957704016164,1.0,1.0,"(1, 2)",663388f6d4e404ce37e9b350
59.49999999999716,24.0,871,535.3457704016166,1.0,1.0,"(1, 2)",663388f6d4e404ce37e9b350
58.249999999996874,24.0,872,536.5957704016168,1.0,1.0,"(1, 2)",663388f6d4e404ce37e9b350
56.99999999999659,24.0,873,537.8457704016171,1.0,1.0,"(1, 2)",663388f6d4e404ce37e9b350
55.749999999996305,24.0,874,539.0957704016173,1.0,1.0,"(1, 2)",663388f6d4e404ce37e9b350
54.49999999999602,24.0,875,540.3457704016175,1.0,1.0,"(1, 2)",663388f6d4e404ce37e9b350
53.24999999999574,24.0,876,541.5957704016178,1.0,1.0,"(1, 2)",663388f6d4e404ce37e9b350
51.99999999999545,24.0,877,542.845770401618,1.0,1.0,"(1, 2)",663388f6d4e404ce37e9b350
50.74999999999517,24.0,878,544.0957704016182,1.0,1.0,"(1, 2)",663388f6d4e404ce37e9b350
49.499999999994884,24.0,879,545.3457704016184,1.0,1.0,"(1, 2)",663388f6d4e404ce37e9b350
48.2499999999946,24.0,880,546.5957704016187,1.0,1.0,"(1, 2)",663388f6d4e404ce37e9b350
46.999999999994316,24.0,881,547.8457704016189,1.0,1.0,"(1, 2)",663388f6d4e404ce37e9b350
45.74999999999403,24.0,882,549.0957704016191,1.0,1.0,"(1, 2)",663388f6d4e404ce37e9b350
44.49999999999375,24.0,883,550.3457704016193,1.0,1.0,"(1, 2)",663388f6d4e404ce37e9b350
43.24999999999346,24.0,884,551.5957704016196,1.0,1.0,"(1, 2)",663388f6d4e404ce37e9b350
41.99999999999318,24.0,885,552.8457704016198,1.0,1.0,"(1, 2)",663388f6d4e404ce37e9b350
40.749999999992895,24.0,886,554.09577040162,1.0,1.0,"(1, 2)",663388f6d4e404ce37e9b350
39.70196048263347,24.49189088134284,887,555.2535024384468,1.0,1.0,"(1, 2)",663388f6d4e404ce37e9b350
38.81260420163471,25.37026745516934,888,556.5035024384465,1.0,1.0,"(1, 2)",663388f6d4e404ce37e9b350
37.92324792063596,26.24864402899584,889,557.7535024384462,1.0,1.0,"(1, 2)",663388f6d4e404ce37e9b350
37.033891639637005,27.12702060282234,890,559.0035024384459,1.0,1.0,"(1, 2)",663388f6d4e404ce37e9b350
36.14453535863804,28.00539717664884,891,560.2535024384457,1.0,1.0,"(1, 2)",663388f6d4e404ce37e9b350
35.25517907763907,28.883773750475342,892,561.5035024384455,1.0,1.0,"(1, 2)",663388f6d4e404ce37e9b350
34.36582279664011,29.762150324301842,893,562.7535024384453,1.0,1.0,"(1, 2)",663388f6d4e404ce37e9b350
33.47646651564114,30.640526898128343,894,564.003502438445,1.0,1.0,"(1, 2)",663388f6d4e404ce37e9b350
32.587110234642175,31.518903471954843,895,565.2535024384448,1.0,1.0,"(1, 2)",663388f6d4e404ce37e9b350
31.697753953643165,32.39728004578134,896,566.5035024384446,1.0,1.0,"(1, 2)",663388f6d4e404ce37e9b350
30.808397672644055,33.275656619607844,897,567.7535024384445,1.0,1.0,"(1, 2)",663388f6d4e404ce37e9b350
29.919041391644946,34.154033193434344,898,569.0035024384443,1.0,1.0,"(1, 2)",663388f6d4e404ce37e9b350
29.029685110645836,35.032409767260845,899,570.2535024384442,1.0,1.0,"(1, 2)",663388f6d4e404ce37e9b350
28.140328829646727,35.910786341087345,900,571.5035024384441,1.0,1.0,"(1, 2)",663388f6d4e404ce37e9b350
27.250972548647617,36.789162914913845,901,572.753502438444,1.0,1.0,"(1, 2)",663388f6d4e404ce37e9b350
26.361616267648508,37.667539488740346,902,574.0035024384439,1.0,1.0,"(1, 2)",663388f6d4e404ce37e9b350
25.472259986649725,38.54591606256688,903,575.2535024384435,1.0,1.0,"(1, 2)",663388f6d4e404ce37e9b350
24.58290370565097,39.424292636393595,904,576.5035024384433,1.0,1.0,"(1, 2)",663388f6d4e404ce37e9b350
24.0,40.0,905,577.3227799851711,1.0,1.0,"(1, 2)",663388f6d4e404ce37e9b350
24.0,40.0,906,577.3227799851711,1.0,1.0,"(1, 2)",663388f6d4e404ce37e9b350
24.0,40.0,907,577.3227799851711,1.0,1.0,"(1, 2)",663388f6d4e404ce37e9b350
24.0,40.0,908,577.3227799851711,1.0,1.0,"(1, 2)",663388f6d4e404ce37e9b350
24.0,40.0,909,577.3227799851711,1.0,1.0,"(1, 2)",663388f6d4e404ce37e9b350
24.0,40.0,910,577.3227799851711,1.0,1.0,"(1, 2)",663388f6d4e404ce37e9b350
24.0,40.0,911,577.3227799851711,1.0,1.0,"(1, 2)",663388f6d4e404ce37e9b350
24.0,40.0,912,577.3227799851711,1.0,1.0,"(1, 2)",663388f6d4e404ce37e9b350
24.0,40.0,913,577.3227799851711,1.0,1.0,"(1, 2)",663388f6d4e404ce37e9b350
24.0,40.0,914,577.3227799851711,1.0,1.0,"(1, 2)",663388f6d4e404ce37e9b350
24.0,40.0,915,577.3227799851711,1.0,1.0,"(1, 2)",663388f6d4e404ce37e9b350
24.0,40.0,916,577.3227799851711,1.0,1.0,"(1, 2)",663388f6d4e404ce37e9b350
24.0,40.0,917,577.3227799851711,1.0,1.0,"(1, 2)",663388f6d4e404ce37e9b350
24.0,40.0,918,577.3227799851711,1.0,1.0,"(1, 2)",663388f6d4e404ce37e9b350
24.0,40.0,919,577.3227799851711,1.0,1.0,"(1, 2)",663388f6d4e404ce37e9b350
24.0,40.0,920,577.3227799851711,1.0,1.0,"(1, 2)",663388f6d4e404ce37e9b350
24.0,40.0,921,577.3227799851711,1.0,1.0,"(1, 2)",663388f6d4e404ce37e9b350
24.0,40.0,922,577.3227799851711,1.0,1.0,"(1, 2)",663388f6d4e404ce37e9b350
24.0,40.0,923,577.3227799851711,1.0,1.0,"(1, 2)",663388f6d4e404ce37e9b350
24.0,40.0,924,577.3227799851711,1.0,1.0,"(1, 2)",663388f6d4e404ce37e9b350
24.0,40.0,925,577.3227799851711,1.0,1.0,"(1, 2)",663388f6d4e404ce37e9b350
24.0,40.0,926,577.3227799851711,1.0,1.0,"(1, 2)",663388f6d4e404ce37e9b350
24.0,40.0,927,577.3227799851711,1.0,1.0,"(1, 2)",663388f6d4e404ce37e9b350
24.0,40.0,928,577.3227799851711,1.0,1.0,"(1, 2)",663388f6d4e404ce37e9b350
24.0,40.0,929,577.3227799851711,1.0,1.0,"(1, 2)",663388f6d4e404ce37e9b350
24.0,40.0,930,577.3227799851711,1.0,1.0,"(1, 2)",663388f6d4e404ce37e9b350
24.0,40.0,931,577.3227799851711,1.0,1.0,"(1, 2)",663388f6d4e404ce37e9b350
24.0,40.0,932,577.3227799851711,1.0,1.0,"(1, 2)",663388f6d4e404ce37e9b350
24.0,40.0,933,577.3227799851711,1.0,1.0,"(1, 2)",663388f6d4e404ce37e9b350
24.0,40.0,934,577.3227799851711,1.0,1.0,"(1, 2)",663388f6d4e404ce37e9b350
24.0,40.0,935,577.3227799851711,1.0,1.0,"(1, 2)",663388f6d4e404ce37e9b350
24.0,40.0,936,577.3227799851711,1.0,1.0,"(1, 2)",663388f6d4e404ce37e9b350
24.0,40.0,937,577.3227799851711,1.0,1.0,"(1, 2)",663388f6d4e404ce37e9b350
24.0,40.0,938,577.3227799851711,1.0,1.0,"(1, 2)",663388f6d4e404ce37e9b350
24.0,40.0,939,577.3227799851711,1.0,1.0,"(1, 2)",663388f6d4e404ce37e9b350
24.0,40.0,940,577.3227799851711,1.0,1.0,"(1, 2)",663388f6d4e404ce37e9b350
24.0,40.0,941,577.3227799851711,1.0,1.0,"(1, 2)",663388f6d4e404ce37e9b350
24.0,40.0,942,577.3227799851711,1.0,1.0,"(1, 2)",663388f6d4e404ce37e9b350
24.0,40.0,943,577.3227799851711,1.0,1.0,"(1, 2)",663388f6d4e404ce37e9b350
24.0,40.0,944,577.3227799851711,1.0,1.0,"(1, 2)",663388f6d4e404ce37e9b350
24.0,40.0,945,577.3227799851711,1.0,1.0,"(1, 2)",663388f6d4e404ce37e9b350
24.0,40.0,946,577.3227799851711,1.0,1.0,"(1, 2)",663388f6d4e404ce37e9b350
24.0,40.0,947,577.3227799851711,1.0,1.0,"(1, 2)",663388f6d4e404ce37e9b350
24.0,40.0,948,577.3227799851711,1.0,1.0,"(1, 2)",663388f6d4e404ce37e9b350
24.0,40.0,949,577.3227799851711,1.0,1.0,"(1, 2)",663388f6d4e404ce37e9b350
24.0,40.0,950,577.3227799851711,1.0,1.0,"(1, 2)",663388f6d4e404ce37e9b350
24.0,40.0,951,577.3227799851711,1.0,1.0,"(1, 2)",663388f6d4e404ce37e9b350
24.0,40.0,952,577.3227799851711,1.0,1.0,"(1, 2)",663388f6d4e404ce37e9b350
24.0,40.0,953,577.3227799851711,1.0,1.0,"(1, 2)",663388f6d4e404ce37e9b350
24.0,40.0,954,577.3227799851711,1.0,1.0,"(1, 2)",663388f6d4e404ce37e9b350
24.0,40.0,955,577.3227799851711,1.0,1.0,"(1, 2)",663388f6d4e404ce37e9b350
24.0,40.0,956,577.3227799851711,1.0,1.0,"(1, 2)",663388f6d4e404ce37e9b350
24.0,40.0,957,577.3227799851711,1.0,1.0,"(1, 2)",663388f6d4e404ce37e9b350
24.0,40.0,958,577.3227799851711,1.0,1.0,"(1, 2)",663388f6d4e404ce37e9b350
24.0,40.0,959,577.3227799851711,1.0,1.0,"(1, 2)",663388f6d4e404ce37e9b350
24.0,40.0,960,577.3227799851711,1.0,1.0,"(1, 2)",663388f6d4e404ce37e9b350
24.0,40.0,961,577.3227799851711,1.0,1.0,"(1, 2)",663388f6d4e404ce37e9b350
24.0,40.0,962,577.3227799851711,1.0,1.0,"(1, 2)",663388f6d4e404ce37e9b350
24.0,40.0,963,577.3227799851711,1.0,1.0,"(1, 2)",663388f6d4e404ce37e9b350
24.0,40.0,964,577.3227799851711,1.0,1.0,"(1, 2)",663388f6d4e404ce37e9b350
24.0,40.0,965,577.3227799851711,1.0,1.0,"(1, 2)",663388f6d4e404ce37e9b350
24.0,40.0,966,577.3227799851711,1.0,1.0,"(1, 2)",663388f6d4e404ce37e9b350
24.0,40.0,967,577.3227799851711,1.0,1.0,"(1, 2)",663388f6d4e404ce37e9b350
24.0,40.0,968,577.3227799851711,1.0,1.0,"(1, 2)",663388f6d4e404ce37e9b350
24.0,40.0,969,577.3227799851711,1.0,1.0,"(1, 2)",663388f6d4e404ce37e9b350
24.0,40.0,970,577.3227799851711,1.0,1.0,"(1, 2)",663388f6d4e404ce37e9b350
24.0,40.0,971,577.3227799851711,1.0,1.0,"(1, 2)",663388f6d4e404ce37e9b350
24.0,40.0,972,577.3227799851711,1.0,1.0,"(1, 2)",663388f6d4e404ce37e9b350
24.0,40.0,973,577.3227799851711,1.0,1.0,"(1, 2)",663388f6d4e404ce37e9b350
24.0,40.0,974,577.3227799851711,1.0,1.0,"(1, 2)",663388f6d4e404ce37e9b350
24.0,40.0,975,577.3227799851711,1.0,1.0,"(1, 2)",663388f6d4e404ce37e9b350
24.0,40.0,976,577.3227799851711,1.0,1.0,"(1, 2)",663388f6d4e404ce37e9b350
24.0,40.0,977,577.3227799851711,1.0,1.0,"(1, 2)",663388f6d4e404ce37e9b350
24.0,40.0,978,577.3227799851711,1.0,1.0,"(1, 2)",663388f6d4e404ce37e9b350
24.0,40.0,979,577.3227799851711,1.0,1.0,"(1, 2)",663388f6d4e404ce37e9b350
24.0,40.0,980,577.3227799851711,1.0,1.0,"(1, 2)",663388f6d4e404ce37e9b350
24.0,40.0,981,577.3227799851711,1.0,1.0,"(1, 2)",663388f6d4e404ce37e9b350
24.0,40.0,982,577.3227799851711,1.0,1.0,"(1, 2)",663388f6d4e404ce37e9b350
24.0,40.0,983,577.3227799851711,1.0,1.0,"(1, 2)",663388f6d4e404ce37e9b350
24.0,40.0,984,577.3227799851711,1.0,1.0,"(1, 2)",663388f6d4e404ce37e9b350
24.0,40.0,985,577.3227799851711,1.0,1.0,"(1, 2)",663388f6d4e404ce37e9b350
24.0,40.0,986,577.3227799851711,1.0,1.0,"(1, 2)",663388f6d4e404ce37e9b350
24.0,40.0,987,577.3227799851711,1.0,1.0,"(1, 2)",663388f6d4e404ce37e9b350
24.0,40.0,988,577.3227799851711,1.0,1.0,"(1, 2)",663388f6d4e404ce37e9b350
24.0,40.0,989,577.3227799851711,1.0,1.0,"(1, 2)",663388f6d4e404ce37e9b350
24.0,40.0,990,577.3227799851711,1.0,1.0,"(1, 2)",663388f6d4e404ce37e9b350
24.0,40.0,991,577.3227799851711,1.0,1.0,"(1, 2)",663388f6d4e404ce37e9b350
24.0,40.0,992,577.3227799851711,1.0,1.0,"(1, 2)",663388f6d4e404ce37e9b350
24.0,40.0,993,577.3227799851711,1.0,1.0,"(1, 2)",663388f6d4e404ce37e9b350
24.0,40.0,994,577.3227799851711,1.0,1.0,"(1, 2)",663388f6d4e404ce37e9b350
24.0,40.0,995,577.3227799851711,1.0,1.0,"(1, 2)",663388f6d4e404ce37e9b350
24.0,40.0,996,577.3227799851711,1.0,1.0,"(1, 2)",663388f6d4e404ce37e9b350
24.0,40.0,997,577.3227799851711,1.0,1.0,"(1, 2)",663388f6d4e404ce37e9b350
24.0,40.0,998,577.3227799851711,1.0,1.0,"(1, 2)",663388f6d4e404ce37e9b350
24.0,40.0,999,577.3227799851711,1.0,1.0,"(1, 2)",663388f6d4e404ce37e9b350
24.0,40.0,1000,577.3227799851711,1.0,1.0,"(1, 2)",663388f6d4e404ce37e9b350
24.0,40.0,1001,577.3227799851711,1.0,1.0,"(1, 2)",663388f6d4e404ce37e9b350
24.0,40.0,1002,577.3227799851711,1.0,1.0,"(1, 2)",663388f6d4e404ce37e9b350
24.0,40.0,1003,577.3227799851711,1.0,1.0,"(1, 2)",663388f6d4e404ce37e9b350
24.0,40.0,1004,577.3227799851711,1.0,1.0,"(1, 2)",663388f6d4e404ce37e9b350
24.0,40.0,1005,577.3227799851711,1.0,1.0,"(1, 2)",663388f6d4e404ce37e9b350
24.0,40.0,1006,577.3227799851711,1.0,1.0,"(1, 2)",663388f6d4e404ce37e9b350
24.0,40.0,1007,577.3227799851711,1.0,1.0,"(1, 2)",663388f6d4e404ce37e9b350
24.0,40.0,1008,577.3227799851711,1.0,1.0,"(1, 2)",663388f6d4e404ce37e9b350
24.0,40.0,1009,577.3227799851711,1.0,1.0,"(1, 2)",663388f6d4e404ce37e9b350
24.0,40.0,1010,577.3227799851711,1.0,1.0,"(1, 2)",663388f6d4e404ce37e9b350
24.0,40.0,1011,577.3227799851711,1.0,1.0,"(1, 2)",663388f6d4e404ce37e9b350
24.0,40.0,1012,577.3227799851711,1.0,1.0,"(1, 2)",663388f6d4e404ce37e9b350
24.0,40.0,1013,577.3227799851711,1.0,1.0,"(1, 2)",663388f6d4e404ce37e9b350
24.0,40.0,1014,577.3227799851711,1.0,1.0,"(1, 2)",663388f6d4e404ce37e9b350
24.0,40.0,1015,577.3227799851711,1.0,1.0,"(1, 2)",663388f6d4e404ce37e9b350
24.0,40.0,1016,577.3227799851711,1.0,1.0,"(1, 2)",663388f6d4e404ce37e9b350
24.0,40.0,1017,577.3227799851711,1.0,1.0,"(1, 2)",663388f6d4e404ce37e9b350
24.0,40.0,1018,577.3227799851711,1.0,1.0,"(1, 2)",663388f6d4e404ce37e9b350
24.0,40.0,1019,577.3227799851711,1.0,1.0,"(1, 2)",663388f6d4e404ce37e9b350
24.0,40.0,1020,577.3227799851711,1.0,1.0,"(1, 2)",663388f6d4e404ce37e9b350
24.0,40.0,1021,577.3227799851711,1.0,1.0,"(1, 2)",663388f6d4e404ce37e9b350
24.0,40.0,1022,577.3227799851711,1.0,1.0,"(1, 2)",663388f6d4e404ce37e9b350
24.0,40.0,1023,577.3227799851711,1.0,1.0,"(1, 2)",663388f6d4e404ce37e9b350
24.0,40.0,1024,577.3227799851711,1.0,1.0,"(1, 2)",663388f6d4e404ce37e9b350
24.0,40.0,1025,577.3227799851711,1.0,1.0,"(1, 2)",663388f6d4e404ce37e9b350
24.0,40.0,1026,577.3227799851711,1.0,1.0,"(1, 2)",663388f6d4e404ce37e9b350
24.0,40.0,1027,577.3227799851711,1.0,1.0,"(1, 2)",663388f6d4e404ce37e9b350
24.0,40.0,1028,577.3227799851711,1.0,1.0,"(1, 2)",663388f6d4e404ce37e9b350
24.0,40.0,1029,577.3227799851711,1.0,1.0,"(1, 2)",663388f6d4e404ce37e9b350
24.0,40.0,1030,577.3227799851711,1.0,1.0,"(1, 2)",663388f6d4e404ce37e9b350
24.0,40.0,1031,577.3227799851711,1.0,1.0,"(1, 2)",663388f6d4e404ce37e9b350
24.0,40.0,1032,577.3227799851711,1.0,1.0,"(1, 2)",663388f6d4e404ce37e9b350
24.0,40.0,1033,577.3227799851711,1.0,1.0,"(1, 2)",663388f6d4e404ce37e9b350
24.0,40.0,1034,577.3227799851711,1.0,1.0,"(1, 2)",663388f6d4e404ce37e9b350
24.0,40.0,1035,577.3227799851711,1.0,1.0,"(1, 2)",663388f6d4e404ce37e9b350
24.0,40.0,1036,577.3227799851711,1.0,1.0,"(1, 2)",663388f6d4e404ce37e9b350
24.0,40.0,1037,577.3227799851711,1.0,1.0,"(1, 2)",663388f6d4e404ce37e9b350
24.0,40.0,1038,577.3227799851711,1.0,1.0,"(1, 2)",663388f6d4e404ce37e9b350
24.0,40.0,1039,577.3227799851711,1.0,1.0,"(1, 2)",663388f6d4e404ce37e9b350
24.0,40.0,1040,577.3227799851711,1.0,1.0,"(1, 2)",663388f6d4e404ce37e9b350
24.0,40.0,1041,577.3227799851711,1.0,1.0,"(1, 2)",663388f6d4e404ce37e9b350
24.0,40.0,1042,577.3227799851711,1.0,1.0,"(1, 2)",663388f6d4e404ce37e9b350
24.0,40.0,1043,577.3227799851711,1.0,1.0,"(1, 2)",663388f6d4e404ce37e9b350
24.0,40.0,1044,577.3227799851711,1.0,1.0,"(1, 2)",663388f6d4e404ce37e9b350
24.0,40.0,1045,577.3227799851711,1.0,1.0,"(1, 2)",663388f6d4e404ce37e9b350
24.0,40.0,1046,577.3227799851711,1.0,1.0,"(1, 2)",663388f6d4e404ce37e9b350
24.0,40.0,1047,577.3227799851711,1.0,1.0,"(1, 2)",663388f6d4e404ce37e9b350
24.0,40.0,1048,577.3227799851711,1.0,1.0,"(1, 2)",663388f6d4e404ce37e9b350
24.0,40.0,1049,577.3227799851711,1.0,1.0,"(1, 2)",663388f6d4e404ce37e9b350
24.0,40.0,1050,577.3227799851711,1.0,1.0,"(1, 2)",663388f6d4e404ce37e9b350
24.0,40.0,1051,577.3227799851711,1.0,1.0,"(1, 2)",663388f6d4e404ce37e9b350
24.0,40.0,1052,577.3227799851711,1.0,1.0,"(1, 2)",663388f6d4e404ce37e9b350
24.0,40.0,1053,577.3227799851711,1.0,1.0,"(1, 2)",663388f6d4e404ce37e9b350
24.0,40.0,1054,577.3227799851711,1.0,1.0,"(1, 2)",663388f6d4e404ce37e9b350
24.0,40.0,1055,577.3227799851711,1.0,1.0,"(1, 2)",663388f6d4e404ce37e9b350
24.0,40.0,1056,577.3227799851711,1.0,1.0,"(1, 2)",663388f6d4e404ce37e9b350
24.0,40.0,1057,577.3227799851711,1.0,1.0,"(1, 2)",663388f6d4e404ce37e9b350
24.0,40.0,1058,577.3227799851711,1.0,1.0,"(1, 2)",663388f6d4e404ce37e9b350
24.0,40.0,1059,577.3227799851711,1.0,1.0,"(1, 2)",663388f6d4e404ce37e9b350
24.88388347648305,39.11611652351695,1060,578.5727799851709,1.0,1.0,"(1, 2)",663388f6d4e404ce37e9b350
25.7677669529661,38.2322330470339,1061,579.8227799851707,1.0,1.0,"(1, 2)",663388f6d4e404ce37e9b350
26.65165042944915,37.34834957055085,1062,581.0727799851704,1.0,1.0,"(1, 2)",663388f6d4e404ce37e9b350
27.535533905932198,36.4644660940678,1063,582.3227799851702,1.0,1.0,"(1, 2)",663388f6d4e404ce37e9b350
28.419417382415247,35.58058261758475,1064,583.57277998517,1.0,1.0,"(1, 2)",663388f6d4e404ce37e9b350
29.303300858898297,34.6966991411017,1065,584.8227799851697,1.0,1.0,"(1, 2)",663388f6d4e404ce37e9b350
30.187184335381346,33.812815664618654,1066,586.0727799851695,1.0,1.0,"(1, 2)",663388f6d4e404ce37e9b350
31.071067811864395,32.928932188135605,1067,587.3227799851693,1.0,1.0,"(1, 2)",663388f6d4e404ce37e9b350
31.954951288347445,32.045048711652555,1068,588.5727799851691,1.0,1.0,"(1, 2)",663388f6d4e404ce37e9b350
32.838834764830494,31.161165235169506,1069,589.8227799851688,1.0,1.0,"(1, 2)",663388f6d4e404ce37e9b350
33.722718241313544,30.277281758686456,1070,591.0727799851686,1.0,1.0,"(1, 2)",663388f6d4e404ce37e9b350
34.60660171779659,29.393398282203407,1071,592.3227799851684,1.0,1.0,"(1, 2)",663388f6d4e404ce37e9b350
35.49048519427964,28.509514805720357,1072,593.5727799851682,1.0,1.0,"(1, 2)",663388f6d4e404ce37e9b350
36.37436867076269,27.625631329237308,1073,594.8227799851679,1.0,1.0,"(1, 2)",663388f6d4e404ce37e9b350
37.25825214724574,26.74174785275426,1074,596.0727799851677,1.0,1.0,"(1, 2)",663388f6d4e404ce37e9b350
38.14213562372879,25.85786437627121,1075,597.3227799851675,1.0,1.0,"(1, 2)",663388f6d4e404ce37e9b350
39.02601910021184,24.97398089978816,1076,598.5727799851672,1.0,1.0,"(1, 2)",663388f6d4e404ce37e9b350
39.95382555869017,24.194346815316237,1077,599.7846603959605,1.0,1.0,"(1, 2)",663388f6d4e404ce37e9b350
41.203733885133886,24.179208272259245,1078,601.0346603959601,1.0,1.0,"(1, 2)",663388f6d4e404ce37e9b350
42.4536422115776,24.164069729202254,1079,602.2846603959598,1.0,1.0,"(1, 2)",663388f6d4e404ce37e9b350
43.70355053802132,24.148931186145262,1080,603.5346603959595,1.0,1.0,"(1, 2)",663388f6d4e404ce37e9b350
44.953458864465034,24.13379264308827,1081,604.7846603959591,1.0,1.0,"(1, 2)",663388f6d4e404ce37e9b350
46.20336719090875,24.11865410003119,1082,606.0346603959588,1.0,1.0,"(1, 2)",663388f6d4e404ce37e9b350
47.453275517352466,24.103515556974024,1083,607.2846603959584,1.0,1.0,"(1, 2)",663388f6d4e404ce37e9b350
48.70318384379618,24.08837701391686,1084,608.5346603959581,1.0,1.0,"(1, 2)",663388f6d4e404ce37e9b350
49.9530921702399,24.073238470859692,1085,609.7846603959578,1.0,1.0,"(1, 2)",663388f6d4e404ce37e9b350
51.203000496683615,24.058099927802527,1086,611.0346603959574,1.0,1.0,"(1, 2)",663388f6d4e404ce37e9b350
52.45290882312733,24.04296138474536,1087,612.2846603959571,1.0,1.0,"(1, 2)",663388f6d4e404ce37e9b350
53.70281714957105,24.027822841688195,1088,613.5346603959567,1.0,1.0,"(1, 2)",663388f6d4e404ce37e9b350
54.95272547601476,24.01268429863103,1089,614.7846603959564,1.0,1.0,"(1, 2)",663388f6d4e404ce37e9b350
56.20266313364169,24.00233106509779,1090,616.0346409307642,1.0,1.0,"(1, 2)",663388f6d4e404ce37e9b350
57.45266312003295,24.002146614302884,1091,617.2846409307643,1.0,1.0,"(1, 2)",663388f6d4e404ce37e9b350
58.70266310642421,24.00196216350798,1092,618.5346409307645,1.0,1.0,"(1, 2)",663388f6d4e404ce37e9b350
59.95266309281547,24.001777712713075,1093,619.7846409307646,1.0,1.0,"(1, 2)",663388f6d4e404ce37e9b350
61.20266307920673,24.00159326191817,1094,621.0346409307647,1.0,1.0,"(1, 2)",663388f6d4e404ce37e9b350
62.45266306559799,24.001408811123397,1095,622.2846409307648,1.0,1.0,"(1, 2)",663388f6d4e404ce37e9b350
63.70266305198925,24.00122436032867,1096,623.5346409307649,1.0,1.0,"(1, 2)",663388f6d4e404ce37e9b350
64.95266303837997,24.001039909533944,1097,624.7846409307645,1.0,1.0,"(1, 2)",663388f6d4e404ce37e9b350
66.20266302477052,24.000855458739217,1098,626.0346409307639,1.0,1.0,"(1, 2)",663388f6d4e404ce37e9b350
67.45266301116106,24.00067100794449,1099,627.2846409307633,1.0,1.0,"(1, 2)",663388f6d4e404ce37e9b350
68.70266299755161,24.000486557149763,1100,628.5346409307627,1.0,1.0,"(1, 2)",663388f6d4e404ce37e9b350
69.95266298394216,24.000302106355036,1101,629.7846409307622,1.0,1.0,"(1, 2)",663388f6d4e404ce37e9b350
71.20266297033271,24.00011765556031,1102,631.0346409307616,1.0,1.0,"(1, 2)",663388f6d4e404ce37e9b350
72.45266296379884,24.00002795062462,1103,632.2846409274465,1.0,1.0,"(1, 2)",663388f6d4e404ce37e9b350
73.70266296379629,24.000025703404965,1104,633.5346409274459,1.0,1.0,"(1, 2)",663388f6d4e404ce37e9b350
74.95266296379373,24.00002345618531,1105,634.7846409274454,1.0,1.0,"(1, 2)",663388f6d4e404ce37e9b350
76.20266296379117,24.000021208965656,1106,636.0346409274448,1.0,1.0,"(1, 2)",663388f6d4e404ce37e9b350
77.45266296378861,24.000018961746,1107,637.2846409274442,1.0,1.0,"(1, 2)",663388f6d4e404ce37e9b350
78.70266296378605,24.000016714526346,1108,638.5346409274437,1.0,1.0,"(1, 2)",663388f6d4e404ce37e9b350
79.9526629637835,24.00001446730669,1109,639.7846409274431,1.0,1.0,"(1, 2)",663388f6d4e404ce37e9b350
81.20266296378094,24.000012220087036,1110,641.0346409274425,1.0,1.0,"(1, 2)",663388f6d4e404ce37e9b350
82.45266296377838,24.00000997286738,1111,642.284640927442,1.0,1.0,"(1, 2)",663388f6d4e404ce37e9b350
83.70266296377582,24.000007725647727,1112,643.5346409274414,1.0,1.0,"(1, 2)",663388f6d4e404ce37e9b350
84.95266296377326,24.000005478428115,1113,644.7846409274408,1.0,1.0,"(1, 2)",663388f6d4e404ce37e9b350
86.2026629637707,24.000003231208638,1114,646.0346409274403,1.0,1.0,"(1, 2)",663388f6d4e404ce37e9b350
87.45266296376815,24.00000098398916,1115,647.2846409274397,1.0,1.0,"(1, 2)",663388f6d4e404ce37e9b350
88.70266296376764,24.00000033505509,1116,648.5346409274393,1.0,1.0,"(1, 2)",663388f6d4e404ce37e9b350
89.95266296376792,24.00000030767646,1117,649.7846409274397,1.0,1.0,"(1, 2)",663388f6d4e404ce37e9b350
91.2026629637682,24.000000280297826,1118,651.03464092744,1.0,1.0,"(1, 2)",663388f6d4e404ce37e9b350
92.45266296376849,24.000000252919193,1119,652.2846409274404,1.0,1.0,"(1, 2)",663388f6d4e404ce37e9b350
93.70266296376877,24.00000022554056,1120,653.5346409274407,1.0,1.0,"(1, 2)",663388f6d4e404ce37e9b350
94.95266296376906,24.000000198161928,1121,654.784640927441,1.0,1.0,"(1, 2)",663388f6d4e404ce37e9b350
96.20266296376934,24.000000170783295,1122,656.0346409274414,1.0,1.0,"(1, 2)",663388f6d4e404ce37e9b350
97.45266296376963,24.00000014340478,1123,657.2846409274417,1.0,1.0,"(1, 2)",663388f6d4e404ce37e9b350
98.70266296376991,24.000000116026325,1124,658.5346409274421,1.0,1.0,"(1, 2)",663388f6d4e404ce37e9b350
99.9526629637702,24.00000008864787,1125,659.7846409274424,1.0,1.0,"(1, 2)",663388f6d4e404ce37e9b350
101.20266296377048,24.000000061269414,1126,661.0346409274428,1.0,1.0,"(1, 2)",663388f6d4e404ce37e9b350
102.45266296377076,24.00000003389096,1127,662.2846409274431,1.0,1.0,"(1, 2)",663388f6d4e404ce37e9b350
103.70266296377105,24.000000006512504,1128,663.5346409274434,1.0,1.0,"(1, 2)",663388f6d4e404ce37e9b350
104.0,24.0,1129,663.8319779636724,1.0,1.0,"(1, 2)",663388f6d4e404ce37e9b350
104.0,24.0,1130,663.8319779636724,1.0,1.0,"(1, 2)",663388f6d4e404ce37e9b350
104.0,24.0,1131,663.8319779636724,1.0,1.0,"(1, 2)",663388f6d4e404ce37e9b350
104.0,24.0,1132,663.8319779636724,1.0,1.0,"(1, 2)",663388f6d4e404ce37e9b350
104.0,24.0,1133,663.8319779636724,1.0,1.0,"(1, 2)",663388f6d4e404ce37e9b350
104.0,24.0,1134,663.8319779636724,1.0,1.0,"(1, 2)",663388f6d4e404ce37e9b350
104.0,24.0,1135,663.8319779636724,1.0,1.0,"(1, 2)",663388f6d4e404ce37e9b350
104.0,24.0,1136,663.8319779636724,1.0,1.0,"(1, 2)",663388f6d4e404ce37e9b350
104.0,24.0,1137,663.8319779636724,1.0,1.0,"(1, 2)",663388f6d4e404ce37e9b350
104.0,24.0,1138,663.8319779636724,1.0,1.0,"(1, 2)",663388f6d4e404ce37e9b350
104.0,24.0,1139,663.8319779636724,1.0,1.0,"(1, 2)",663388f6d4e404ce37e9b350
104.0,24.0,1140,663.8319779636724,1.0,1.0,"(1, 2)",663388f6d4e404ce37e9b350
104.0,24.0,1141,663.8319779636724,1.0,1.0,"(1, 2)",663388f6d4e404ce37e9b350
104.0,24.0,1142,663.8319779636724,1.0,1.0,"(1, 2)",663388f6d4e404ce37e9b350
104.0,24.0,1143,663.8319779636724,1.0,1.0,"(1, 2)",663388f6d4e404ce37e9b350
104.0,24.0,1144,663.8319779636724,1.0,1.0,"(1, 2)",663388f6d4e404ce37e9b350
104.0,24.0,1145,663.8319779636724,1.0,1.0,"(1, 2)",663388f6d4e404ce37e9b350
104.0,24.0,1146,663.8319779636724,1.0,1.0,"(1, 2)",663388f6d4e404ce37e9b350
104.0,24.0,1147,663.8319779636724,1.0,1.0,"(1, 2)",663388f6d4e404ce37e9b350
104.0,24.0,1148,663.8319779636724,1.0,1.0,"(1, 2)",663388f6d4e404ce37e9b350
104.0,24.0,1149,663.8319779636724,1.0,1.0,"(1, 2)",663388f6d4e404ce37e9b350
104.0,24.0,1150,663.8319779636724,1.0,1.0,"(1, 2)",663388f6d4e404ce37e9b350
104.0,24.0,1151,663.8319779636724,1.0,1.0,"(1, 2)",663388f6d4e404ce37e9b350
104.0,24.0,1152,663.8319779636724,1.0,1.0,"(1, 2)",663388f6d4e404ce37e9b350
104.0,24.0,1153,663.8319779636724,1.0,1.0,"(1, 2)",663388f6d4e404ce37e9b350
104.0,24.0,1154,663.8319779636724,1.0,1.0,"(1, 2)",663388f6d4e404ce37e9b350
104.0,24.0,1155,663.8319779636724,1.0,1.0,"(1, 2)",663388f6d4e404ce37e9b350
104.0,24.0,1156,663.8319779636724,1.0,1.0,"(1, 2)",663388f6d4e404ce37e9b350
104.0,24.0,1157,663.8319779636724,1.0,1.0,"(1, 2)",663388f6d4e404ce37e9b350
104.0,24.0,1158,663.8319779636724,1.0,1.0,"(1, 2)",663388f6d4e404ce37e9b350
104.0,24.0,1159,663.8319779636724,1.0,1.0,"(1, 2)",663388f6d4e404ce37e9b350
104.0,24.0,1160,663.8319779636724,1.0,1.0,"(1, 2)",663388f6d4e404ce37e9b350
104.0,24.0,1161,663.8319779636724,1.0,1.0,"(1, 2)",663388f6d4e404ce37e9b350
104.0,24.0,1162,663.8319779636724,1.0,1.0,"(1, 2)",663388f6d4e404ce37e9b350
104.0,24.0,1163,663.8319779636724,1.0,1.0,"(1, 2)",663388f6d4e404ce37e9b350
104.0,24.0,1164,663.8319779636724,1.0,1.0,"(1, 2)",663388f6d4e404ce37e9b350
104.0,24.0,1165,663.8319779636724,1.0,1.0,"(1, 2)",663388f6d4e404ce37e9b350
103.11611652351695,24.88388347648305,1166,665.0819779636722,1.0,1.0,"(1, 2)",663388f6d4e404ce37e9b350
102.2322330470339,25.7677669529661,1167,666.331977963672,1.0,1.0,"(1, 2)",663388f6d4e404ce37e9b350
101.34834957055085,26.65165042944915,1168,667.5819779636718,1.0,1.0,"(1, 2)",663388f6d4e404ce37e9b350
100.4644660940678,27.535533905932198,1169,668.8319779636715,1.0,1.0,"(1, 2)",663388f6d4e404ce37e9b350
99.58058261758475,28.419417382415247,1170,670.0819779636713,1.0,1.0,"(1, 2)",663388f6d4e404ce37e9b350
98.6966991411017,29.303300858898297,1171,671.3319779636711,1.0,1.0,"(1, 2)",663388f6d4e404ce37e9b350
97.81281566461865,30.187184335381346,1172,672.5819779636709,1.0,1.0,"(1, 2)",663388f6d4e404ce37e9b350
96.9289321881356,31.071067811864395,1173,673.8319779636706,1.0,1.0,"(1, 2)",663388f6d4e404ce37e9b350
96.04504871165256,31.954951288347445,1174,675.0819779636704,1.0,1.0,"(1, 2)",663388f6d4e404ce37e9b350
95.1611652351695,32.838834764830494,1175,676.3319779636702,1.0,1.0,"(1, 2)",663388f6d4e404ce37e9b350
94.27728175868646,33.722718241313544,1176,677.5819779636699,1.0,1.0,"(1, 2)",663388f6d4e404ce37e9b350
93.3933982822034,34.60660171779659,1177,678.8319779636697,1.0,1.0,"(1, 2)",663388f6d4e404ce37e9b350
92.50951480572036,35.49048519427964,1178,680.0819779636695,1.0,1.0,"(1, 2)",663388f6d4e404ce37e9b350
91.62563132923731,36.37436867076269,1179,681.3319779636693,1.0,1.0,"(1, 2)",663388f6d4e404ce37e9b350
90.74174785275426,37.25825214724574,1180,682.581977963669,1.0,1.0,"(1, 2)",663388f6d4e404ce37e9b350
89.85786437627121,38.14213562372879,1181,683.8319779636688,1.0,1.0,"(1, 2)",663388f6d4e404ce37e9b350
88.97398089978816,39.02601910021184,1182,685.0819779636686,1.0,1.0,"(1, 2)",663388f6d4e404ce37e9b350
88.09009742330511,39.90990257669489,1183,686.3319779636684,1.0,1.0,"(1, 2)",663388f6d4e404ce37e9b350
87.20621394682206,40.79378605317794,1184,687.5819779636681,1.0,1.0,"(1, 2)",663388f6d4e404ce37e9b350
86.32233047033901,41.67766952966099,1185,688.8319779636679,1.0,1.0,"(1, 2)",663388f6d4e404ce37e9b350
85.43844699385596,42.56155300614404,1186,690.0819779636677,1.0,1.0,"(1, 2)",663388f6d4e404ce37e9b350
84.55456351737291,43.44543648262709,1187,691.3319779636674,1.0,1.0,"(1, 2)",663388f6d4e404ce37e9b350
83.67068004088986,44.32931995911014,1188,692.5819779636672,1.0,1.0,"(1, 2)",663388f6d4e404ce37e9b350
82.78679656440681,45.213203435593186,1189,693.831977963667,1.0,1.0,"(1, 2)",663388f6d4e404ce37e9b350
81.90291308792376,46.097086912076236,1190,695.0819779636668,1.0,1.0,"(1, 2)",663388f6d4e404ce37e9b350
81.01902961144071,46.980970388559285,1191,696.3319779636665,1.0,1.0,"(1, 2)",663388f6d4e404ce37e9b350
80.13514613495767,47.864853865042335,1192,697.5819779636663,1.0,1.0,"(1, 2)",663388f6d4e404ce37e9b350
79.25126265847462,48.748737341525384,1193,698.8319779636661,1.0,1.0,"(1, 2)",663388f6d4e404ce37e9b350
78.36737918199157,49.632620818008434,1194,700.0819779636658,1.0,1.0,"(1, 2)",663388f6d4e404ce37e9b350
77.48349570550852,50.51650429449148,1195,701.3319779636656,1.0,1.0,"(1, 2)",663388f6d4e404ce37e9b350
76.59961222902547,51.40038777097453,1196,702.5819779636654,1.0,1.0,"(1, 2)",663388f6d4e404ce37e9b350
75.71572875254242,52.28427124745758,1197,703.8319779636652,1.0,1.0,"(1, 2)",663388f6d4e404ce37e9b350
74.83184527605937,53.16815472394063,1198,705.0819779636649,1.0,1.0,"(1, 2)",663388f6d4e404ce37e9b350
73.94796179957632,54.05203820042368,1199,706.3319779636647,1.0,1.0,"(1, 2)",663388f6d4e404ce37e9b350
73.06407832309327,54.93592167690673,1200,707.5819779636645,1.0,1.0,"(1, 2)",663388f6d4e404ce37e9b350
72.18019484661022,55.81980515338978,1201,708.8319779636643,1.0,1.0,"(1, 2)",663388f6d4e404ce37e9b350
71.29631137012717,56.70368862987283,1202,710.081977963664,1.0,1.0,"(1, 2)",663388f6d4e404ce37e9b350
70.41242789364412,57.58757210635588,1203,711.3319779636638,1.0,1.0,"(1, 2)",663388f6d4e404ce37e9b350
69.52854441716107,58.47145558283893,1204,712.5819779636636,1.0,1.0,"(1, 2)",663388f6d4e404ce37e9b350
68.64466094067802,59.35533905932198,1205,713.8319779636633,1.0,1.0,"(1, 2)",663388f6d4e404ce37e9b350
67.76077746419497,60.23922253580503,1206,715.0819779636631,1.0,1.0,"(1, 2)",663388f6d4e404ce37e9b350
66.87689398771192,61.123106012288076,1207,716.3319779636629,1.0,1.0,"(1, 2)",663388f6d4e404ce37e9b350
65.99301051122887,62.006989488771126,1208,717.5819779636627,1.0,1.0,"(1, 2)",663388f6d4e404ce37e9b350
65.10912703474582,62.890872965254175,1209,718.8319779636624,1.0,1.0,"(1, 2)",663388f6d4e404ce37e9b350
64.22524355826278,63.774756441737225,1210,720.0819779636622,1.0,1.0,"(1, 2)",663388f6d4e404ce37e9b350
63.341360081779726,64.65863991822027,1211,721.331977963662,1.0,1.0,"(1, 2)",663388f6d4e404ce37e9b350
62.45747660529668,65.54252339470332,1212,722.5819779636618,1.0,1.0,"(1, 2)",663388f6d4e404ce37e9b350
61.57359312881363,66.42640687118637,1213,723.8319779636615,1.0,1.0,"(1, 2)",663388f6d4e404ce37e9b350
60.68970965233058,67.31029034766942,1214,725.0819779636613,1.0,1.0,"(1, 2)",663388f6d4e404ce37e9b350
59.80582617584753,68.19417382415247,1215,726.3319779636611,1.0,1.0,"(1, 2)",663388f6d4e404ce37e9b350
58.92194269936448,69.07805730063552,1216,727.5819779636608,1.0,1.0,"(1, 2)",663388f6d4e404ce37e9b350
58.03805922288143,69.96194077711857,1217,728.8319779636606,1.0,1.0,"(1, 2)",663388f6d4e404ce37e9b350
57.15417574639838,70.84582425360162,1218,730.0819779636604,1.0,1.0,"(1, 2)",663388f6d4e404ce37e9b350
56.27029226991533,71.72970773008467,1219,731.3319779636602,1.0,1.0,"(1, 2)",663388f6d4e404ce37e9b350
56.0,72.0,1220,731.714228957579,1.0,1.0,"(1, 2)",663388f6d4e404ce37e9b350
56.0,72.0,1221,731.714228957579,1.0,1.0,"(1, 2)",663388f6d4e404ce37e9b350
56.0,72.0,1222,731.714228957579,1.0,1.0,"(1, 2)",663388f6d4e404ce37e9b350
56.0,72.0,1223,731.714228957579,1.0,1.0,"(1, 2)",663388f6d4e404ce37e9b350
56.0,72.0,1224,731.714228957579,1.0,1.0,"(1, 2)",663388f6d4e404ce37e9b350
56.0,72.0,1225,731.714228957579,1.0,1.0,"(1, 2)",663388f6d4e404ce37e9b350
56.0,72.0,1226,731.714228957579,1.0,1.0,"(1, 2)",663388f6d4e404ce37e9b350
56.0,72.0,1227,731.714228957579,1.0,1.0,"(1, 2)",663388f6d4e404ce37e9b350
56.0,72.0,1228,731.714228957579,1.0,1.0,"(1, 2)",663388f6d4e404ce37e9b350
56.0,72.0,1229,731.714228957579,1.0,1.0,"(1, 2)",663388f6d4e404ce37e9b350
56.0,72.0,1230,731.714228957579,1.0,1.0,"(1, 2)",663388f6d4e404ce37e9b350
56.0,72.0,1231,731.714228957579,1.0,1.0,"(1, 2)",663388f6d4e404ce37e9b350
56.0,72.0,1232,731.714228957579,1.0,1.0,"(1, 2)",663388f6d4e404ce37e9b350
56.0,72.0,1233,731.714228957579,1.0,1.0,"(1, 2)",663388f6d4e404ce37e9b350
56.0,72.0,1234,731.714228957579,1.0,1.0,"(1, 2)",663388f6d4e404ce37e9b350
56.0,72.0,1235,731.714228957579,1.0,1.0,"(1, 2)",663388f6d4e404ce37e9b350
56.0,72.0,1236,731.714228957579,1.0,1.0,"(1, 2)",663388f6d4e404ce37e9b350
56.0,72.0,1237,731.714228957579,1.0,1.0,"(1, 2)",663388f6d4e404ce37e9b350
56.0,72.0,1238,731.714228957579,1.0,1.0,"(1, 2)",663388f6d4e404ce37e9b350
56.0,72.0,1239,731.714228957579,1.0,1.0,"(1, 2)",663388f6d4e404ce37e9b350
56.0,72.0,1240,731.714228957579,1.0,1.0,"(1, 2)",663388f6d4e404ce37e9b350
56.0,72.0,1241,731.714228957579,1.0,1.0,"(1, 2)",663388f6d4e404ce37e9b350
56.0,70.74999999999972,1242,732.9642289575793,1.0,1.0,"(1, 2)",663388f6d4e404ce37e9b350
56.0,69.49999999999943,1243,734.2142289575795,1.0,1.0,"(1, 2)",663388f6d4e404ce37e9b350
56.0,68.24999999999915,1244,735.4642289575797,1.0,1.0,"(1, 2)",663388f6d4e404ce37e9b350
56.0,66.99999999999886,1245,736.71422895758,1.0,1.0,"(1, 2)",663388f6d4e404ce37e9b350
56.0,65.74999999999858,1246,737.9642289575802,1.0,1.0,"(1, 2)",663388f6d4e404ce37e9b350
56.0,64.4999999999983,1247,739.2142289575804,1.0,1.0,"(1, 2)",663388f6d4e404ce37e9b350
56.0,63.24999999999801,1248,740.4642289575806,1.0,1.0,"(1, 2)",663388f6d4e404ce37e9b350
56.0,61.999999999997726,1249,741.7142289575809,1.0,1.0,"(1, 2)",663388f6d4e404ce37e9b350
56.0,60.74999999999744,1250,742.9642289575811,1.0,1.0,"(1, 2)",663388f6d4e404ce37e9b350
56.0,59.49999999999716,1251,744.2142289575813,1.0,1.0,"(1, 2)",663388f6d4e404ce37e9b350
56.0,58.249999999996874,1252,745.4642289575816,1.0,1.0,"(1, 2)",663388f6d4e404ce37e9b350
56.0,56.99999999999659,1253,746.7142289575818,1.0,1.0,"(1, 2)",663388f6d4e404ce37e9b350
56.0,55.749999999996305,1254,747.964228957582,1.0,1.0,"(1, 2)",663388f6d4e404ce37e9b350
56.0,54.49999999999602,1255,749.2142289575822,1.0,1.0,"(1, 2)",663388f6d4e404ce37e9b350
56.0,53.24999999999574,1256,750.4642289575825,1.0,1.0,"(1, 2)",663388f6d4e404ce37e9b350
56.0,51.99999999999545,1257,751.7142289575827,1.0,1.0,"(1, 2)",663388f6d4e404ce37e9b350
56.0,50.74999999999517,1258,752.9642289575829,1.0,1.0,"(1, 2)",663388f6d4e404ce37e9b350
56.0,49.499999999994884,1259,754.2142289575831,1.0,1.0,"(1, 2)",663388f6d4e404ce37e9b350
56.0,48.2499999999946,1260,755.4642289575834,1.0,1.0,"(1, 2)",663388f6d4e404ce37e9b350
56.0,46.999999999994316,1261,756.7142289575836,1.0,1.0,"(1, 2)",663388f6d4e404ce37e9b350
56.0,45.74999999999403,1262,757.9642289575838,1.0,1.0,"(1, 2)",663388f6d4e404ce37e9b350
56.0,44.49999999999375,1263,759.214228957584,1.0,1.0,"(1, 2)",663388f6d4e404ce37e9b350
56.0,43.24999999999346,1264,760.4642289575843,1.0,1.0,"(1, 2)",663388f6d4e404ce37e9b350
56.0,41.99999999999318,1265,761.7142289575845,1.0,1.0,"(1, 2)",663388f6d4e404ce37e9b350
56.0,40.749999999992895,1266,762.9642289575847,1.0,1.0,"(1, 2)",663388f6d4e404ce37e9b350
56.0,40.0,1267,763.7142289575777,1.0,1.0,"(1, 2)",663388f6d4e404ce37e9b350
56.0,40.0,1268,763.7142289575777,1.0,1.0,"(1, 2)",663388f6d4e404ce37e9b350
56.0,40.0,1269,763.7142289575777,1.0,1.0,"(1, 2)",663388f6d4e404ce37e9b350
56.0,40.0,1270,763.7142289575777,1.0,1.0,"(1, 2)",663388f6d4e404ce37e9b350
56.0,40.0,1271,763.7142289575777,1.0,1.0,"(1, 2)",663388f6d4e404ce37e9b350
56.0,40.0,1272,763.7142289575777,1.0,1.0,"(1, 2)",663388f6d4e404ce37e9b350
56.0,40.0,1273,763.7142289575777,1.0,1.0,"(1, 2)",663388f6d4e404ce37e9b350
56.0,40.0,1274,763.7142289575777,1.0,1.0,"(1, 2)",663388f6d4e404ce37e9b350
56.0,40.0,1275,763.7142289575777,1.0,1.0,"(1, 2)",663388f6d4e404ce37e9b350
56.0,40.0,1276,763.7142289575777,1.0,1.0,"(1, 2)",663388f6d4e404ce37e9b350
56.0,40.0,1277,763.7142289575777,1.0,1.0,"(1, 2)",663388f6d4e404ce37e9b350
56.0,40.0,1278,763.7142289575777,1.0,1.0,"(1, 2)",663388f6d4e404ce37e9b350
56.0,40.0,1279,763.7142289575777,1.0,1.0,"(1, 2)",663388f6d4e404ce37e9b350
56.0,40.0,1280,763.7142289575777,1.0,1.0,"(1, 2)",663388f6d4e404ce37e9b350
56.0,40.0,1281,763.7142289575777,1.0,1.0,"(1, 2)",663388f6d4e404ce37e9b350
56.0,40.0,1282,763.7142289575777,1.0,1.0,"(1, 2)",663388f6d4e404ce37e9b350
56.0,40.0,1283,763.7142289575777,1.0,1.0,"(1, 2)",663388f6d4e404ce37e9b350
56.0,40.0,1284,763.7142289575777,1.0,1.0,"(1, 2)",663388f6d4e404ce37e9b350
56.0,41.250000000000284,1285,764.9642289575779,1.0,1.0,"(1, 2)",663388f6d4e404ce37e9b350
56.0,42.50000000000057,1286,766.2142289575781,1.0,1.0,"(1, 2)",663388f6d4e404ce37e9b350
56.0,43.75000000000085,1287,767.4642289575784,1.0,1.0,"(1, 2)",663388f6d4e404ce37e9b350
56.0,45.00000000000114,1288,768.7142289575786,1.0,1.0,"(1, 2)",663388f6d4e404ce37e9b350
56.0,46.25000000000142,1289,769.9642289575788,1.0,1.0,"(1, 2)",663388f6d4e404ce37e9b350
56.0,47.500000000001705,1290,771.214228957579,1.0,1.0,"(1, 2)",663388f6d4e404ce37e9b350
56.0,48.75000000000199,1291,772.4642289575793,1.0,1.0,"(1, 2)",663388f6d4e404ce37e9b350
56.0,50.000000000002274,1292,773.7142289575795,1.0,1.0,"(1, 2)",663388f6d4e404ce37e9b350
56.0,51.25000000000256,1293,774.9642289575797,1.0,1.0,"(1, 2)",663388f6d4e404ce37e9b350
56.0,52.50000000000284,1294,776.21422895758,1.0,1.0,"(1, 2)",663388f6d4e404ce37e9b350
56.0,53.750000000003126,1295,777.4642289575802,1.0,1.0,"(1, 2)",663388f6d4e404ce37e9b350
56.0,55.00000000000341,1296,778.7142289575804,1.0,1.0,"(1, 2)",663388f6d4e404ce37e9b350
56.0,56.250000000003695,1297,779.9642289575806,1.0,1.0,"(1, 2)",663388f6d4e404ce37e9b350
56.0,57.50000000000398,1298,781.2142289575809,1.0,1.0,"(1, 2)",663388f6d4e404ce37e9b350
56.0,58.75000000000426,1299,782.4642289575811,1.0,1.0,"(1, 2)",663388f6d4e404ce37e9b350
56.0,60.00000000000455,1300,783.7142289575813,1.0,1.0,"(1, 2)",663388f6d4e404ce37e9b350
56.0,61.25000000000483,1301,784.9642289575816,1.0,1.0,"(1, 2)",663388f6d4e404ce37e9b350
56.0,62.500000000005116,1302,786.2142289575818,1.0,1.0,"(1, 2)",663388f6d4e404ce37e9b350
56.0,63.7500000000054,1303,787.464228957582,1.0,1.0,"(1, 2)",663388f6d4e404ce37e9b350
56.0,65.00000000000568,1304,788.7142289575822,1.0,1.0,"(1, 2)",663388f6d4e404ce37e9b350
56.0,66.25000000000597,1305,789.9642289575825,1.0,1.0,"(1, 2)",663388f6d4e404ce37e9b350
56.0,67.50000000000625,1306,791.2142289575827,1.0,1.0,"(1, 2)",663388f6d4e404ce37e9b350
56.0,68.75000000000654,1307,792.4642289575829,1.0,1.0,"(1, 2)",663388f6d4e404ce37e9b350
56.0,70.00000000000682,1308,793.7142289575831,1.0,1.0,"(1, 2)",663388f6d4e404ce37e9b350
56.0,71.2500000000071,1309,794.9642289575834,1.0,1.0,"(1, 2)",663388f6d4e404ce37e9b350
56.0,72.0,1310,795.7142289575763,1.0,1.0,"(1, 2)",663388f6d4e404ce37e9b350
56.0,72.0,1311,795.7142289575763,1.0,1.0,"(1, 2)",663388f6d4e404ce37e9b350
56.0,72.0,1312,795.7142289575763,1.0,1.0,"(1, 2)",663388f6d4e404ce37e9b350
56.0,72.0,1313,795.7142289575763,1.0,1.0,"(1, 2)",663388f6d4e404ce37e9b350
56.0,72.0,1314,795.7142289575763,1.0,1.0,"(1, 2)",663388f6d4e404ce37e9b350
56.0,72.0,1315,795.7142289575763,1.0,1.0,"(1, 2)",663388f6d4e404ce37e9b350
56.0,72.0,1316,795.7142289575763,1.0,1.0,"(1, 2)",663388f6d4e404ce37e9b350
56.0,72.0,1317,795.7142289575763,1.0,1.0,"(1, 2)",663388f6d4e404ce37e9b350
56.0,72.0,1318,795.7142289575763,1.0,1.0,"(1, 2)",663388f6d4e404ce37e9b350
56.0,72.0,1319,795.7142289575763,1.0,1.0,"(1, 2)",663388f6d4e404ce37e9b350
56.0,72.0,1320,795.7142289575763,1.0,1.0,"(1, 2)",663388f6d4e404ce37e9b350
56.0,72.0,1321,795.7142289575763,1.0,1.0,"(1, 2)",663388f6d4e404ce37e9b350
56.0,72.0,1322,795.7142289575763,1.0,1.0,"(1, 2)",663388f6d4e404ce37e9b350
56.0,72.0,1323,795.7142289575763,1.0,1.0,"(1, 2)",663388f6d4e404ce37e9b350
56.0,72.0,1324,795.7142289575763,1.0,1.0,"(1, 2)",663388f6d4e404ce37e9b350
56.0,72.0,1325,795.7142289575763,1.0,1.0,"(1, 2)",663388f6d4e404ce37e9b350
56.0,72.0,1326,795.7142289575763,1.0,1.0,"(1, 2)",663388f6d4e404ce37e9b350
56.0,72.0,1327,795.7142289575763,1.0,1.0,"(1, 2)",663388f6d4e404ce37e9b350
56.0,72.0,1328,795.7142289575763,1.0,1.0,"(1, 2)",663388f6d4e404ce37e9b350
56.0,72.0,1329,795.7142289575763,1.0,1.0,"(1, 2)",663388f6d4e404ce37e9b350
56.0,72.0,1330,795.7142289575763,1.0,1.0,"(1, 2)",663388f6d4e404ce37e9b350
56.0,72.0,1331,795.7142289575763,1.0,1.0,"(1, 2)",663388f6d4e404ce37e9b350
56.0,72.0,1332,795.7142289575763,1.0,1.0,"(1, 2)",663388f6d4e404ce37e9b350
56.0,72.0,1333,795.7142289575763,1.0,1.0,"(1, 2)",663388f6d4e404ce37e9b350
56.0,72.0,1334,795.7142289575763,1.0,1.0,"(1, 2)",663388f6d4e404ce37e9b350
56.0,72.0,1335,795.7142289575763,1.0,1.0,"(1, 2)",663388f6d4e404ce37e9b350
56.0,72.0,1336,795.7142289575763,1.0,1.0,"(1, 2)",663388f6d4e404ce37e9b350
56.0,72.0,1337,795.7142289575763,1.0,1.0,"(1, 2)",663388f6d4e404ce37e9b350
56.0,72.0,1338,795.7142289575763,1.0,1.0,"(1, 2)",663388f6d4e404ce37e9b350
56.0,72.0,1339,795.7142289575763,1.0,1.0,"(1, 2)",663388f6d4e404ce37e9b350
56.0,72.0,1340,795.7142289575763,1.0,1.0,"(1, 2)",663388f6d4e404ce37e9b350
56.0,72.0,1341,795.7142289575763,1.0,1.0,"(1, 2)",663388f6d4e404ce37e9b350
56.0,72.0,1342,795.7142289575763,1.0,1.0,"(1, 2)",663388f6d4e404ce37e9b350
56.0,72.0,1343,795.7142289575763,1.0,1.0,"(1, 2)",663388f6d4e404ce37e9b350
56.0,72.0,1344,795.7142289575763,1.0,1.0,"(1, 2)",663388f6d4e404ce37e9b350
56.0,72.0,1345,795.7142289575763,1.0,1.0,"(1, 2)",663388f6d4e404ce37e9b350
56.0,72.0,1346,795.7142289575763,1.0,1.0,"(1, 2)",663388f6d4e404ce37e9b350
56.0,72.0,1347,795.7142289575763,1.0,1.0,"(1, 2)",663388f6d4e404ce37e9b350
56.0,72.0,1348,795.7142289575763,1.0,1.0,"(1, 2)",663388f6d4e404ce37e9b350
56.0,72.0,1349,795.7142289575763,1.0,1.0,"(1, 2)",663388f6d4e404ce37e9b350
56.0,72.0,1350,795.7142289575763,1.0,1.0,"(1, 2)",663388f6d4e404ce37e9b350
56.0,72.0,1351,795.7142289575763,1.0,1.0,"(1, 2)",663388f6d4e404ce37e9b350
56.0,72.0,1352,795.7142289575763,1.0,1.0,"(1, 2)",663388f6d4e404ce37e9b350
56.0,72.0,1353,795.7142289575763,1.0,1.0,"(1, 2)",663388f6d4e404ce37e9b350
56.0,72.0,1354,795.7142289575763,1.0,1.0,"(1, 2)",663388f6d4e404ce37e9b350
56.0,72.0,1355,795.7142289575763,1.0,1.0,"(1, 2)",663388f6d4e404ce37e9b350
56.0,72.0,1356,795.7142289575763,1.0,1.0,"(1, 2)",663388f6d4e404ce37e9b350
56.0,72.0,1357,795.7142289575763,1.0,1.0,"(1, 2)",663388f6d4e404ce37e9b350
56.0,72.0,1358,795.7142289575763,1.0,1.0,"(1, 2)",663388f6d4e404ce37e9b350
56.0,72.0,1359,795.7142289575763,1.0,1.0,"(1, 2)",663388f6d4e404ce37e9b350
56.0,72.0,1360,795.7142289575763,1.0,1.0,"(1, 2)",663388f6d4e404ce37e9b350
56.0,72.0,1361,795.7142289575763,1.0,1.0,"(1, 2)",663388f6d4e404ce37e9b350
56.0,72.0,1362,795.7142289575763,1.0,1.0,"(1, 2)",663388f6d4e404ce37e9b350
56.0,72.0,1363,795.7142289575763,1.0,1.0,"(1, 2)",663388f6d4e404ce37e9b350
56.0,72.0,1364,795.7142289575763,1.0,1.0,"(1, 2)",663388f6d4e404ce37e9b350
56.0,72.0,1365,795.7142289575763,1.0,1.0,"(1, 2)",663388f6d4e404ce37e9b350
56.0,72.0,1366,795.7142289575763,1.0,1.0,"(1, 2)",663388f6d4e404ce37e9b350
56.0,72.0,1367,795.7142289575763,1.0,1.0,"(1, 2)",663388f6d4e404ce37e9b350
57.250000000000284,72.0,1368,796.9642289575766,1.0,1.0,"(1, 2)",663388f6d4e404ce37e9b350
58.50000000000057,72.0,1369,798.2142289575768,1.0,1.0,"(1, 2)",663388f6d4e404ce37e9b350
59.75000000000085,72.0,1370,799.464228957577,1.0,1.0,"(1, 2)",663388f6d4e404ce37e9b350
61.00000000000114,72.0,1371,800.7142289575772,1.0,1.0,"(1, 2)",663388f6d4e404ce37e9b350
62.25000000000142,72.0,1372,801.9642289575775,1.0,1.0,"(1, 2)",663388f6d4e404ce37e9b350
63.500000000001705,72.0,1373,803.2142289575777,1.0,1.0,"(1, 2)",663388f6d4e404ce37e9b350
64.75000000000199,72.0,1374,804.4642289575779,1.0,1.0,"(1, 2)",663388f6d4e404ce37e9b350
66.00000000000227,72.0,1375,805.7142289575781,1.0,1.0,"(1, 2)",663388f6d4e404ce37e9b350
67.25000000000256,72.0,1376,806.9642289575784,1.0,1.0,"(1, 2)",663388f6d4e404ce37e9b350
68.50000000000284,72.0,1377,808.2142289575786,1.0,1.0,"(1, 2)",663388f6d4e404ce37e9b350
69.75000000000313,72.0,1378,809.4642289575788,1.0,1.0,"(1, 2)",663388f6d4e404ce37e9b350
71.00000000000341,72.0,1379,810.714228957579,1.0,1.0,"(1, 2)",663388f6d4e404ce37e9b350
72.2500000000037,72.0,1380,811.9642289575793,1.0,1.0,"(1, 2)",663388f6d4e404ce37e9b350
73.50000000000398,72.0,1381,813.2142289575795,1.0,1.0,"(1, 2)",663388f6d4e404ce37e9b350
74.75000000000426,72.0,1382,814.4642289575797,1.0,1.0,"(1, 2)",663388f6d4e404ce37e9b350
76.00000000000455,72.0,1383,815.71422895758,1.0,1.0,"(1, 2)",663388f6d4e404ce37e9b350
77.25000000000483,72.0,1384,816.9642289575802,1.0,1.0,"(1, 2)",663388f6d4e404ce37e9b350
78.50000000000512,72.0,1385,818.2142289575804,1.0,1.0,"(1, 2)",663388f6d4e404ce37e9b350
79.7500000000054,72.0,1386,819.4642289575806,1.0,1.0,"(1, 2)",663388f6d4e404ce37e9b350
81.00000000000568,72.0,1387,820.7142289575809,1.0,1.0,"(1, 2)",663388f6d4e404ce37e9b350
82.25000000000597,72.0,1388,821.9642289575811,1.0,1.0,"(1, 2)",663388f6d4e404ce37e9b350
83.50000000000625,72.0,1389,823.2142289575813,1.0,1.0,"(1, 2)",663388f6d4e404ce37e9b350
84.75000000000654,72.0,1390,824.4642289575816,1.0,1.0,"(1, 2)",663388f6d4e404ce37e9b350
86.00000000000682,72.0,1391,825.7142289575818,1.0,1.0,"(1, 2)",663388f6d4e404ce37e9b350
87.2500000000071,72.0,1392,826.964228957582,1.0,1.0,"(1, 2)",663388f6d4e404ce37e9b350
88.0,72.0,1393,827.714228957575,1.0,1.0,"(1, 2)",663388f6d4e404ce37e9b350
88.0,72.0,1394,827.714228957575,1.0,1.0,"(1, 2)",663388f6d4e404ce37e9b350
88.0,72.0,1395,827.714228957575,1.0,1.0,"(1, 2)",663388f6d4e404ce37e9b350
88.0,72.0,1396,827.714228957575,1.0,1.0,"(1, 2)",663388f6d4e404ce37e9b350
88.0,72.0,1397,827.714228957575,1.0,1.0,"(1, 2)",663388f6d4e404ce37e9b350
88.0,72.0,1398,827.714228957575,1.0,1.0,"(1, 2)",663388f6d4e404ce37e9b350
88.0,72.0,1399,827.714228957575,1.0,1.0,"(1, 2)",663388f6d4e404ce37e9b350
88.0,72.0,1400,827.714228957575,1.0,1.0,"(1, 2)",663388f6d4e404ce37e9b350
88.0,72.0,1401,827.714228957575,1.0,1.0,"(1, 2)",663388f6d4e404ce37e9b350
88.0,72.0,1402,827.714228957575,1.0,1.0,"(1, 2)",663388f6d4e404ce37e9b350
88.0,72.0,1403,827.714228957575,1.0,1.0,"(1, 2)",663388f6d4e404ce37e9b350
88.0,72.0,1404,827.714228957575,1.0,1.0,"(1, 2)",663388f6d4e404ce37e9b350
88.0,72.0,1405,827.714228957575,1.0,1.0,"(1, 2)",663388f6d4e404ce37e9b350
88.0,72.0,1406,827.714228957575,1.0,1.0,"(1, 2)",663388f6d4e404ce37e9b350
88.0,72.0,1407,827.714228957575,1.0,1.0,"(1, 2)",663388f6d4e404ce37e9b350
88.0,72.0,1408,827.714228957575,1.0,1.0,"(1, 2)",663388f6d4e404ce37e9b350
88.0,72.0,1409,827.714228957575,1.0,1.0,"(1, 2)",663388f6d4e404ce37e9b350
88.0,72.0,1410,827.714228957575,1.0,1.0,"(1, 2)",663388f6d4e404ce37e9b350
88.0,72.0,1411,827.714228957575,1.0,1.0,"(1, 2)",663388f6d4e404ce37e9b350
88.0,72.0,1412,827.714228957575,1.0,1.0,"(1, 2)",663388f6d4e404ce37e9b350
88.0,72.0,1413,827.714228957575,1.0,1.0,"(1, 2)",663388f6d4e404ce37e9b350
88.0,72.0,1414,827.714228957575,1.0,1.0,"(1, 2)",663388f6d4e404ce37e9b350
88.0,72.0,1415,827.714228957575,1.0,1.0,"(1, 2)",663388f6d4e404ce37e9b350
88.0,72.0,1416,827.714228957575,1.0,1.0,"(1, 2)",663388f6d4e404ce37e9b350
88.0,72.0,1417,827.714228957575,1.0,1.0,"(1, 2)",663388f6d4e404ce37e9b350
88.0,72.0,1418,827.714228957575,1.0,1.0,"(1, 2)",663388f6d4e404ce37e9b350
88.0,72.0,1419,827.714228957575,1.0,1.0,"(1, 2)",663388f6d4e404ce37e9b350
88.0,72.0,1420,827.714228957575,1.0,1.0,"(1, 2)",663388f6d4e404ce37e9b350
88.0,72.0,1421,827.714228957575,1.0,1.0,"(1, 2)",663388f6d4e404ce37e9b350
88.0,72.0,1422,827.714228957575,1.0,1.0,"(1, 2)",663388f6d4e404ce37e9b350
88.0,72.0,1423,827.714228957575,1.0,1.0,"(1, 2)",663388f6d4e404ce37e9b350
88.0,72.0,1424,827.714228957575,1.0,1.0,"(1, 2)",663388f6d4e404ce37e9b350
88.0,72.0,1425,827.714228957575,1.0,1.0,"(1, 2)",663388f6d4e404ce37e9b350
88.0,70.74999999999972,1426,828.9642289575752,1.0,1.0,"(1, 2)",663388f6d4e404ce37e9b350
88.0,69.49999999999943,1427,830.2142289575754,1.0,1.0,"(1, 2)",663388f6d4e404ce37e9b350
88.0,68.24999999999915,1428,831.4642289575756,1.0,1.0,"(1, 2)",663388f6d4e404ce37e9b350
88.0,66.99999999999886,1429,832.7142289575759,1.0,1.0,"(1, 2)",663388f6d4e404ce37e9b350
88.0,65.74999999999858,1430,833.9642289575761,1.0,1.0,"(1, 2)",663388f6d4e404ce37e9b350
88.0,64.4999999999983,1431,835.2142289575763,1.0,1.0,"(1, 2)",663388f6d4e404ce37e9b350
88.0,63.24999999999801,1432,836.4642289575766,1.0,1.0,"(1, 2)",663388f6d4e404ce37e9b350
88.0,61.999999999997726,1433,837.7142289575768,1.0,1.0,"(1, 2)",663388f6d4e404ce37e9b350
88.0,60.74999999999744,1434,838.964228957577,1.0,1.0,"(1, 2)",663388f6d4e404ce37e9b350
88.0,59.49999999999716,1435,840.2142289575772,1.0,1.0,"(1, 2)",663388f6d4e404ce37e9b350
88.0,58.249999999996874,1436,841.4642289575775,1.0,1.0,"(1, 2)",663388f6d4e404ce37e9b350
88.0,56.99999999999659,1437,842.7142289575777,1.0,1.0,"(1, 2)",663388f6d4e404ce37e9b350
88.0,55.749999999996305,1438,843.9642289575779,1.0,1.0,"(1, 2)",663388f6d4e404ce37e9b350
88.0,54.49999999999602,1439,845.2142289575781,1.0,1.0,"(1, 2)",663388f6d4e404ce37e9b350
88.0,53.24999999999574,1440,846.4642289575784,1.0,1.0,"(1, 2)",663388f6d4e404ce37e9b350
88.0,51.99999999999545,1441,847.7142289575786,1.0,1.0,"(1, 2)",663388f6d4e404ce37e9b350
88.0,50.74999999999517,1442,848.9642289575788,1.0,1.0,"(1, 2)",663388f6d4e404ce37e9b350
88.0,49.499999999994884,1443,850.214228957579,1.0,1.0,"(1, 2)",663388f6d4e404ce37e9b350
88.0,48.2499999999946,1444,851.4642289575793,1.0,1.0,"(1, 2)",663388f6d4e404ce37e9b350
88.0,46.999999999994316,1445,852.7142289575795,1.0,1.0,"(1, 2)",663388f6d4e404ce37e9b350
88.0,45.74999999999403,1446,853.9642289575797,1.0,1.0,"(1, 2)",663388f6d4e404ce37e9b350
88.0,44.49999999999375,1447,855.21422895758,1.0,1.0,"(1, 2)",663388f6d4e404ce37e9b350
88.0,43.24999999999346,1448,856.4642289575802,1.0,1.0,"(1, 2)",663388f6d4e404ce37e9b350
88.0,41.99999999999318,1449,857.7142289575804,1.0,1.0,"(1, 2)",663388f6d4e404ce37e9b350
88.0,40.749999999992895,1450,858.9642289575806,1.0,1.0,"(1, 2)",663388f6d4e404ce37e9b350
87.50810911865676,39.70196048263347,1451,860.1219609944077,1.0,1.0,"(1, 2)",663388f6d4e404ce37e9b350
86.62973254482955,38.812604201634024,1452,861.3719609944084,1.0,1.0,"(1, 2)",663388f6d4e404ce37e9b350
85.75135597100234,37.92324792063456,1453,862.621960994409,1.0,1.0,"(1, 2)",663388f6d4e404ce37e9b350
84.87297939717513,37.033891639635094,1454,863.8719609944097,1.0,1.0,"(1, 2)",663388f6d4e404ce37e9b350
83.99460282334792,36.14453535863563,1455,865.1219609944104,1.0,1.0,"(1, 2)",663388f6d4e404ce37e9b350
83.11622624952071,35.255179077636164,1456,866.3719609944111,1.0,1.0,"(1, 2)",663388f6d4e404ce37e9b350
82.2378496756935,34.3658227966367,1457,867.6219609944118,1.0,1.0,"(1, 2)",663388f6d4e404ce37e9b350
81.35947310186629,33.476466515637235,1458,868.8719609944125,1.0,1.0,"(1, 2)",663388f6d4e404ce37e9b350
80.48109652803907,32.58711023463777,1459,870.1219609944131,1.0,1.0,"(1, 2)",663388f6d4e404ce37e9b350
79.60271995421186,31.697753953638426,1460,871.3719609944137,1.0,1.0,"(1, 2)",663388f6d4e404ce37e9b350
78.72434338038512,30.808397672639316,1461,872.6219609944138,1.0,1.0,"(1, 2)",663388f6d4e404ce37e9b350
77.84596680655876,29.919041391640206,1462,873.8719609944136,1.0,1.0,"(1, 2)",663388f6d4e404ce37e9b350
76.96759023273239,29.029685110641097,1463,875.1219609944134,1.0,1.0,"(1, 2)",663388f6d4e404ce37e9b350
76.08921365890603,28.140328829641987,1464,876.3719609944131,1.0,1.0,"(1, 2)",663388f6d4e404ce37e9b350
75.21083708507967,27.250972548642878,1465,877.6219609944129,1.0,1.0,"(1, 2)",663388f6d4e404ce37e9b350
74.33246051125332,26.361616267643768,1466,878.8719609944127,1.0,1.0,"(1, 2)",663388f6d4e404ce37e9b350
73.45408393742696,25.47225998664466,1467,880.1219609944125,1.0,1.0,"(1, 2)",663388f6d4e404ce37e9b350
72.5757073636006,24.58290370564555,1468,881.3719609944122,1.0,1.0,"(1, 2)",663388f6d4e404ce37e9b350
72.0,24.0,1469,882.1912385411321,1.0,1.0,"(1, 2)",663388f6d4e404ce37e9b350
72.0,24.0,1470,882.1912385411321,1.0,1.0,"(1, 2)",663388f6d4e404ce37e9b350
72.0,24.0,1471,882.1912385411321,1.0,1.0,"(1, 2)",663388f6d4e404ce37e9b350
72.0,24.0,1472,882.1912385411321,1.0,1.0,"(1, 2)",663388f6d4e404ce37e9b350
72.0,24.0,1473,882.1912385411321,1.0,1.0,"(1, 2)",663388f6d4e404ce37e9b350
72.0,24.0,1474,882.1912385411321,1.0,1.0,"(1, 2)",663388f6d4e404ce37e9b350
72.0,24.0,1475,882.1912385411321,1.0,1.0,"(1, 2)",663388f6d4e404ce37e9b350
72.0,24.0,1476,882.1912385411321,1.0,1.0,"(1, 2)",663388f6d4e404ce37e9b350
72.0,24.0,1477,882.1912385411321,1.0,1.0,"(1, 2)",663388f6d4e404ce37e9b350
72.0,24.0,1478,882.1912385411321,1.0,1.0,"(1, 2)",663388f6d4e404ce37e9b350
72.0,24.0,1479,882.1912385411321,1.0,1.0,"(1, 2)",663388f6d4e404ce37e9b350
72.0,24.0,1480,882.1912385411321,1.0,1.0,"(1, 2)",663388f6d4e404ce37e9b350
72.0,24.0,1481,882.1912385411321,1.0,1.0,"(1, 2)",663388f6d4e404ce37e9b350
72.0,24.0,1482,882.1912385411321,1.0,1.0,"(1, 2)",663388f6d4e404ce37e9b350
72.0,24.0,1483,882.1912385411321,1.0,1.0,"(1, 2)",663388f6d4e404ce37e9b350
72.0,24.0,1484,882.1912385411321,1.0,1.0,"(1, 2)",663388f6d4e404ce37e9b350
72.0,24.0,1485,882.1912385411321,1.0,1.0,"(1, 2)",663388f6d4e404ce37e9b350
72.0,24.0,1486,882.1912385411321,1.0,1.0,"(1, 2)",663388f6d4e404ce37e9b350
72.0,24.0,1487,882.1912385411321,1.0,1.0,"(1, 2)",663388f6d4e404ce37e9b350
72.0,24.0,1488,882.1912385411321,1.0,1.0,"(1, 2)",663388f6d4e404ce37e9b350
72.0,24.0,1489,882.1912385411321,1.0,1.0,"(1, 2)",663388f6d4e404ce37e9b350
72.0,24.0,1490,882.1912385411321,1.0,1.0,"(1, 2)",663388f6d4e404ce37e9b350
70.74999999999972,24.0,1491,883.4412385411324,1.0,1.0,"(1, 2)",663388f6d4e404ce37e9b350
69.49999999999943,24.0,1492,884.6912385411326,1.0,1.0,"(1, 2)",663388f6d4e404ce37e9b350
68.24999999999915,24.0,1493,885.9412385411329,1.0,1.0,"(1, 2)",663388f6d4e404ce37e9b350
66.99999999999886,24.0,1494,887.1912385411331,1.0,1.0,"(1, 2)",663388f6d4e404ce37e9b350
65.74999999999858,24.0,1495,888.4412385411333,1.0,1.0,"(1, 2)",663388f6d4e404ce37e9b350
64.4999999999983,24.0,1496,889.6912385411335,1.0,1.0,"(1, 2)",663388f6d4e404ce37e9b350
63.24999999999801,24.0,1497,890.9412385411338,1.0,1.0,"(1, 2)",663388f6d4e404ce37e9b350
61.999999999997726,24.0,1498,892.191238541134,1.0,1.0,"(1, 2)",663388f6d4e404ce37e9b350
60.74999999999744,24.0,1499,893.4412385411342,1.0,1.0,"(1, 2)",663388f6d4e404ce37e9b350
59.49999999999716,24.0,1500,894.6912385411345,1.0,1.0,"(1, 2)",663388f6d4e404ce37e9b350
58.249999999996874,24.0,1501,895.9412385411347,1.0,1.0,"(1, 2)",663388f6d4e404ce37e9b350
56.99999999999659,24.0,1502,897.1912385411349,1.0,1.0,"(1, 2)",663388f6d4e404ce37e9b350
55.749999999996305,24.0,1503,898.4412385411351,1.0,1.0,"(1, 2)",663388f6d4e404ce37e9b350
54.49999999999602,24.0,1504,899.6912385411354,1.0,1.0,"(1, 2)",663388f6d4e404ce37e9b350
53.24999999999574,24.0,1505,900.9412385411356,1.0,1.0,"(1, 2)",663388f6d4e404ce37e9b350
51.99999999999545,24.0,1506,902.1912385411358,1.0,1.0,"(1, 2)",663388f6d4e404ce37e9b350
50.74999999999517,24.0,1507,903.441238541136,1.0,1.0,"(1, 2)",663388f6d4e404ce37e9b350
49.499999999994884,24.0,1508,904.6912385411363,1.0,1.0,"(1, 2)",663388f6d4e404ce37e9b350
48.2499999999946,24.0,1509,905.9412385411365,1.0,1.0,"(1, 2)",663388f6d4e404ce37e9b350
46.999999999994316,24.0,1510,907.1912385411367,1.0,1.0,"(1, 2)",663388f6d4e404ce37e9b350
45.74999999999403,24.0,1511,908.441238541137,1.0,1.0,"(1, 2)",663388f6d4e404ce37e9b350
44.49999999999375,24.0,1512,909.6912385411372,1.0,1.0,"(1, 2)",663388f6d4e404ce37e9b350
43.24999999999346,24.0,1513,910.9412385411374,1.0,1.0,"(1, 2)",663388f6d4e404ce37e9b350
41.99999999999318,24.0,1514,912.1912385411376,1.0,1.0,"(1, 2)",663388f6d4e404ce37e9b350
40.749999999992895,24.0,1515,913.4412385411379,1.0,1.0,"(1, 2)",663388f6d4e404ce37e9b350
39.70196048263347,24.49189088134284,1516,914.5989705779647,1.0,1.0,"(1, 2)",663388f6d4e404ce37e9b350
38.81260420163471,25.37026745516934,1517,915.8489705779643,1.0,1.0,"(1, 2)",663388f6d4e404ce37e9b350
37.92324792063596,26.24864402899584,1518,917.098970577964,1.0,1.0,"(1, 2)",663388f6d4e404ce37e9b350
37.033891639637005,27.12702060282234,1519,918.3489705779638,1.0,1.0,"(1, 2)",663388f6d4e404ce37e9b350
36.14453535863804,28.00539717664884,1520,919.5989705779635,1.0,1.0,"(1, 2)",663388f6d4e404ce37e9b350
35.25517907763907,28.883773750475342,1521,920.8489705779633,1.0,1.0,"(1, 2)",663388f6d4e404ce37e9b350
34.36582279664011,29.762150324301842,1522,922.0989705779631,1.0,1.0,"(1, 2)",663388f6d4e404ce37e9b350
33.47646651564114,30.640526898128343,1523,923.3489705779629,1.0,1.0,"(1, 2)",663388f6d4e404ce37e9b350
32.587110234642175,31.518903471954843,1524,924.5989705779626,1.0,1.0,"(1, 2)",663388f6d4e404ce37e9b350
31.697753953643165,32.39728004578134,1525,925.8489705779624,1.0,1.0,"(1, 2)",663388f6d4e404ce37e9b350
30.808397672644055,33.275656619607844,1526,927.0989705779623,1.0,1.0,"(1, 2)",663388f6d4e404ce37e9b350
29.919041391644946,34.154033193434344,1527,928.3489705779622,1.0,1.0,"(1, 2)",663388f6d4e404ce37e9b350
29.029685110645836,35.032409767260845,1528,929.5989705779621,1.0,1.0,"(1, 2)",663388f6d4e404ce37e9b350
28.140328829646727,35.910786341087345,1529,930.848970577962,1.0,1.0,"(1, 2)",663388f6d4e404ce37e9b350
27.250972548647617,36.789162914913845,1530,932.0989705779618,1.0,1.0,"(1, 2)",663388f6d4e404ce37e9b350
26.361616267648508,37.667539488740346,1531,933.3489705779617,1.0,1.0,"(1, 2)",663388f6d4e404ce37e9b350
25.472259986649725,38.54591606256688,1532,934.5989705779614,1.0,1.0,"(1, 2)",663388f6d4e404ce37e9b350
24.58290370565097,39.424292636393595,1533,935.8489705779612,1.0,1.0,"(1, 2)",663388f6d4e404ce37e9b350
24.1833035623608,40.51072931689117,1534,937.0065650385768,1.0,1.0,"(1, 2)",663388f6d4e404ce37e9b350
24.168511812984512,41.76064179548729,1535,938.2565650385768,1.0,1.0,"(1, 2)",663388f6d4e404ce37e9b350
24.153720063608226,43.010554274083404,1536,939.5065650385768,1.0,1.0,"(1, 2)",663388f6d4e404ce37e9b350
24.13892831423194,44.26046675267952,1537,940.7565650385768,1.0,1.0,"(1, 2)",663388f6d4e404ce37e9b350
24.124136564855654,45.510379231275635,1538,942.0065650385768,1.0,1.0,"(1, 2)",663388f6d4e404ce37e9b350
24.109344815479368,46.76029170987175,1539,943.2565650385768,1.0,1.0,"(1, 2)",663388f6d4e404ce37e9b350
24.09455306610308,48.01020418846787,1540,944.5065650385768,1.0,1.0,"(1, 2)",663388f6d4e404ce37e9b350
24.079761316726795,49.26011666706398,1541,945.7565650385768,1.0,1.0,"(1, 2)",663388f6d4e404ce37e9b350
24.06496956735051,50.5100291456601,1542,947.0065650385768,1.0,1.0,"(1, 2)",663388f6d4e404ce37e9b350
24.050177817974223,51.759941624256214,1543,948.2565650385768,1.0,1.0,"(1, 2)",663388f6d4e404ce37e9b350
24.035386068597937,53.00985410285233,1544,949.5065650385768,1.0,1.0,"(1, 2)",663388f6d4e404ce37e9b350
24.02059431922165,54.259766581448446,1545,950.7565650385768,1.0,1.0,"(1, 2)",663388f6d4e404ce37e9b350
24.00580256984539,55.50967906004456,1546,952.0065650385768,1.0,1.0,"(1, 2)",663388f6d4e404ce37e9b350
24.0,56.0,1547,952.4969203117978,1.0,1.0,"(1, 2)",663388f6d4e404ce37e9b350
24.0,56.0,1548,952.4969203117978,1.0,1.0,"(1, 2)",663388f6d4e404ce37e9b350
24.0,56.0,1549,952.4969203117978,1.0,1.0,"(1, 2)",663388f6d4e404ce37e9b350
24.0,56.0,1550,952.4969203117978,1.0,1.0,"(1, 2)",663388f6d4e404ce37e9b350
24.0,56.0,1551,952.4969203117978,1.0,1.0,"(1, 2)",663388f6d4e404ce37e9b350
24.0,56.0,1552,952.4969203117978,1.0,1.0,"(1, 2)",663388f6d4e404ce37e9b350
24.0,56.0,1553,952.4969203117978,1.0,1.0,"(1, 2)",663388f6d4e404ce37e9b350
24.0,56.0,1554,952.4969203117978,1.0,1.0,"(1, 2)",663388f6d4e404ce37e9b350
24.0,56.0,1555,952.4969203117978,1.0,1.0,"(1, 2)",663388f6d4e404ce37e9b350
24.0,56.0,1556,952.4969203117978,1.0,1.0,"(1, 2)",663388f6d4e404ce37e9b350
24.0,56.0,1557,952.4969203117978,1.0,1.0,"(1, 2)",663388f6d4e404ce37e9b350
24.0,56.0,1558,952.4969203117978,1.0,1.0,"(1, 2)",663388f6d4e404ce37e9b350
24.0,56.0,1559,952.4969203117978,1.0,1.0,"(1, 2)",663388f6d4e404ce37e9b350
24.0,56.0,1560,952.4969203117978,1.0,1.0,"(1, 2)",663388f6d4e404ce37e9b350
24.0,56.0,1561,952.4969203117978,1.0,1.0,"(1, 2)",663388f6d4e404ce37e9b350
24.0,56.0,1562,952.4969203117978,1.0,1.0,"(1, 2)",663388f6d4e404ce37e9b350
24.0,56.0,1563,952.4969203117978,1.0,1.0,"(1, 2)",663388f6d4e404ce37e9b350
24.0,56.0,1564,952.4969203117978,1.0,1.0,"(1, 2)",663388f6d4e404ce37e9b350
24.0,56.0,1565,952.4969203117978,1.0,1.0,"(1, 2)",663388f6d4e404ce37e9b350
24.0,56.0,1566,952.4969203117978,1.0,1.0,"(1, 2)",663388f6d4e404ce37e9b350
24.0,56.0,1567,952.4969203117978,1.0,1.0,"(1, 2)",663388f6d4e404ce37e9b350
24.0,56.0,1568,952.4969203117978,1.0,1.0,"(1, 2)",663388f6d4e404ce37e9b350
24.0,56.0,1569,952.4969203117978,1.0,1.0,"(1, 2)",663388f6d4e404ce37e9b350
24.0,56.0,1570,952.4969203117978,1.0,1.0,"(1, 2)",663388f6d4e404ce37e9b350
24.0,56.0,1571,952.4969203117978,1.0,1.0,"(1, 2)",663388f6d4e404ce37e9b350
24.0,56.0,1572,952.4969203117978,1.0,1.0,"(1, 2)",663388f6d4e404ce37e9b350
24.0,54.749999999999716,1573,953.746920311798,1.0,1.0,"(1, 2)",663388f6d4e404ce37e9b350
24.0,53.49999999999943,1574,954.9969203117982,1.0,1.0,"(1, 2)",663388f6d4e404ce37e9b350
24.0,52.24999999999915,1575,956.2469203117985,1.0,1.0,"(1, 2)",663388f6d4e404ce37e9b350
24.0,50.99999999999886,1576,957.4969203117987,1.0,1.0,"(1, 2)",663388f6d4e404ce37e9b350
24.0,49.74999999999858,1577,958.7469203117989,1.0,1.0,"(1, 2)",663388f6d4e404ce37e9b350
24.0,48.499999999998295,1578,959.9969203117992,1.0,1.0,"(1, 2)",663388f6d4e404ce37e9b350
24.0,47.24999999999801,1579,961.2469203117994,1.0,1.0,"(1, 2)",663388f6d4e404ce37e9b350
24.0,45.999999999997726,1580,962.4969203117996,1.0,1.0,"(1, 2)",663388f6d4e404ce37e9b350
24.0,44.74999999999744,1581,963.7469203117998,1.0,1.0,"(1, 2)",663388f6d4e404ce37e9b350
24.0,43.49999999999716,1582,964.9969203118001,1.0,1.0,"(1, 2)",663388f6d4e404ce37e9b350
24.0,42.249999999996874,1583,966.2469203118003,1.0,1.0,"(1, 2)",663388f6d4e404ce37e9b350
24.0,40.99999999999659,1584,967.4969203118005,1.0,1.0,"(1, 2)",663388f6d4e404ce37e9b350
24.31621556657754,39.8798317388366,1585,968.6608658508427,1.0,1.0,"(1, 2)",663388f6d4e404ce37e9b350
25.19459214040404,38.990475457837135,1586,969.9108658508428,1.0,1.0,"(1, 2)",663388f6d4e404ce37e9b350
26.07296871423054,38.10111917683767,1587,971.1608658508429,1.0,1.0,"(1, 2)",663388f6d4e404ce37e9b350
26.95134528805704,37.211762895838206,1588,972.410865850843,1.0,1.0,"(1, 2)",663388f6d4e404ce37e9b350
27.82972186188354,36.32240661483874,1589,973.6608658508432,1.0,1.0,"(1, 2)",663388f6d4e404ce37e9b350
28.708098435710042,35.433050333839276,1590,974.9108658508433,1.0,1.0,"(1, 2)",663388f6d4e404ce37e9b350
29.586475009536542,34.543694052839896,1591,976.1608658508434,1.0,1.0,"(1, 2)",663388f6d4e404ce37e9b350
30.464851583363043,33.654337771840936,1592,977.4108658508432,1.0,1.0,"(1, 2)",663388f6d4e404ce37e9b350
31.343228157189543,32.76498149084197,1593,978.6608658508429,1.0,1.0,"(1, 2)",663388f6d4e404ce37e9b350
32.22160473101604,31.875625209842987,1594,979.9108658508427,1.0,1.0,"(1, 2)",663388f6d4e404ce37e9b350
33.099981304842544,30.986268928843877,1595,981.1608658508426,1.0,1.0,"(1, 2)",663388f6d4e404ce37e9b350
33.978357878669044,30.096912647844768,1596,982.4108658508425,1.0,1.0,"(1, 2)",663388f6d4e404ce37e9b350
34.856734452495544,29.207556366845658,1597,983.6608658508424,1.0,1.0,"(1, 2)",663388f6d4e404ce37e9b350
35.735111026322045,28.31820008584655,1598,984.9108658508422,1.0,1.0,"(1, 2)",663388f6d4e404ce37e9b350
36.613487600148545,27.42884380484744,1599,986.1608658508421,1.0,1.0,"(1, 2)",663388f6d4e404ce37e9b350
37.491864173975046,26.53948752384833,1600,987.410865850842,1.0,1.0,"(1, 2)",663388f6d4e404ce37e9b350
38.370240747801546,25.650131242849476,1601,988.6608658508418,1.0,1.0,"(1, 2)",663388f6d4e404ce37e9b350
39.24861732162825,24.76077496185072,1602,989.9108658508416,1.0,1.0,"(1, 2)",663388f6d4e404ce37e9b350
40.26074682117195,24.186261912236056,1603,991.0746834344964,1.0,1.0,"(1, 2)",663388f6d4e404ce37e9b350
41.510659299768065,24.17147016285977,1604,992.3246834344964,1.0,1.0,"(1, 2)",663388f6d4e404ce37e9b350
42.76057177836418,24.156678413483483,1605,993.5746834344964,1.0,1.0,"(1, 2)",663388f6d4e404ce37e9b350
44.0104842569603,24.141886664107197,1606,994.8246834344964,1.0,1.0,"(1, 2)",663388f6d4e404ce37e9b350
45.26039673555641,24.12709491473091,1607,996.0746834344964,1.0,1.0,"(1, 2)",663388f6d4e404ce37e9b350
46.51030921415253,24.112303165354625,1608,997.3246834344964,1.0,1.0,"(1, 2)",663388f6d4e404ce37e9b350
47.760221692748644,24.09751141597834,1609,998.5746834344964,1.0,1.0,"(1, 2)",663388f6d4e404ce37e9b350
49.01013417134476,24.082719666602053,1610,999.8246834344964,1.0,1.0,"(1, 2)",663388f6d4e404ce37e9b350
50.260046649940875,24.067927917225767,1611,1001.0746834344964,1.0,1.0,"(1, 2)",663388f6d4e404ce37e9b350
51.50995912853699,24.05313616784948,1612,1002.3246834344964,1.0,1.0,"(1, 2)",663388f6d4e404ce37e9b350
52.75987160713311,24.038344418473194,1613,1003.5746834344964,1.0,1.0,"(1, 2)",663388f6d4e404ce37e9b350
54.00978408572922,24.023552669096908,1614,1004.8246834344964,1.0,1.0,"(1, 2)",663388f6d4e404ce37e9b350
55.25969656432534,24.008760919720622,1615,1006.0746834344964,1.0,1.0,"(1, 2)",663388f6d4e404ce37e9b350
56.50965804813268,24.002155159526897,1616,1007.3246623731468,1.0,1.0,"(1, 2)",663388f6d4e404ce37e9b350
57.75965803603455,24.001981247976556,1617,1008.5746623731468,1.0,1.0,"(1, 2)",663388f6d4e404ce37e9b350
59.009658023936424,24.001807336426328,1618,1009.8246623731468,1.0,1.0,"(1, 2)",663388f6d4e404ce37e9b350
60.2596580118383,24.0016334248761,1619,1011.0746623731468,1.0,1.0,"(1, 2)",663388f6d4e404ce37e9b350
61.50965799974017,24.001459513325873,1620,1012.3246623731468,1.0,1.0,"(1, 2)",663388f6d4e404ce37e9b350
62.75965798764204,24.001285601775646,1621,1013.5746623731468,1.0,1.0,"(1, 2)",663388f6d4e404ce37e9b350
64.00965797554392,24.001111690225418,1622,1014.8246623731468,1.0,1.0,"(1, 2)",663388f6d4e404ce37e9b350
65.2596579634465,24.00093777867519,1623,1016.0746623731475,1.0,1.0,"(1, 2)",663388f6d4e404ce37e9b350
66.50965795134908,24.00076386712496,1624,1017.3246623731482,1.0,1.0,"(1, 2)",663388f6d4e404ce37e9b350
67.75965793925167,24.000589955574732,1625,1018.5746623731488,1.0,1.0,"(1, 2)",663388f6d4e404ce37e9b350
69.00965792715425,24.000416044024504,1626,1019.8246623731495,1.0,1.0,"(1, 2)",663388f6d4e404ce37e9b350
70.25965791505683,24.000242132474277,1627,1021.0746623731502,1.0,1.0,"(1, 2)",663388f6d4e404ce37e9b350
71.50965790295942,24.00006822092405,1628,1022.3246623731509,1.0,1.0,"(1, 2)",663388f6d4e404ce37e9b350
72.75965790005517,24.000024928259876,1629,1023.5746623709963,1.0,1.0,"(1, 2)",663388f6d4e404ce37e9b350
74.00965790005404,24.000022883664982,1630,1024.8246623709967,1.0,1.0,"(1, 2)",663388f6d4e404ce37e9b350
75.2596579000529,24.00002083907009,1631,1026.0746623709972,1.0,1.0,"(1, 2)",663388f6d4e404ce37e9b350
76.50965790005176,24.000018794475196,1632,1027.3246623709977,1.0,1.0,"(1, 2)",663388f6d4e404ce37e9b350
77.75965790005063,24.000016749880302,1633,1028.574662370998,1.0,1.0,"(1, 2)",663388f6d4e404ce37e9b350
79.00965790004949,24.00001470528541,1634,1029.8246623709986,1.0,1.0,"(1, 2)",663388f6d4e404ce37e9b350
80.25965790004835,24.000012660690516,1635,1031.074662370999,1.0,1.0,"(1, 2)",663388f6d4e404ce37e9b350
81.50965790004722,24.000010616095622,1636,1032.3246623709995,1.0,1.0,"(1, 2)",663388f6d4e404ce37e9b350
82.75965790004608,24.00000857150073,1637,1033.574662371,1.0,1.0,"(1, 2)",663388f6d4e404ce37e9b350
84.00965790004494,24.000006526905896,1638,1034.8246623710004,1.0,1.0,"(1, 2)",663388f6d4e404ce37e9b350
85.2596579000438,24.00000448231118,1639,1036.0746623710008,1.0,1.0,"(1, 2)",663388f6d4e404ce37e9b350
86.50965790004267,24.000002437716464,1640,1037.3246623710013,1.0,1.0,"(1, 2)",663388f6d4e404ce37e9b350
87.75965790004153,24.00000039312175,1641,1038.5746623710018,1.0,1.0,"(1, 2)",663388f6d4e404ce37e9b350
89.00965790004176,24.000000288262147,1642,1039.824662371002,1.0,1.0,"(1, 2)",663388f6d4e404ce37e9b350
90.25965790004204,24.00000026422484,1643,1041.0746623710022,1.0,1.0,"(1, 2)",663388f6d4e404ce37e9b350
91.50965790004233,24.000000240187536,1644,1042.3246623710024,1.0,1.0,"(1, 2)",663388f6d4e404ce37e9b350
92.75965790004261,24.00000021615023,1645,1043.5746623710027,1.0,1.0,"(1, 2)",663388f6d4e404ce37e9b350
94.0096579000429,24.000000192112925,1646,1044.824662371003,1.0,1.0,"(1, 2)",663388f6d4e404ce37e9b350
95.25965790004318,24.00000016807562,1647,1046.0746623710031,1.0,1.0,"(1, 2)",663388f6d4e404ce37e9b350
96.50965790004346,24.000000144038314,1648,1047.3246623710033,1.0,1.0,"(1, 2)",663388f6d4e404ce37e9b350
97.75965790004375,24.00000012000101,1649,1048.5746623710036,1.0,1.0,"(1, 2)",663388f6d4e404ce37e9b350
99.00965790004403,24.000000095963703,1650,1049.8246623710038,1.0,1.0,"(1, 2)",663388f6d4e404ce37e9b350
100.25965790004432,24.000000071926397,1651,1051.074662371004,1.0,1.0,"(1, 2)",663388f6d4e404ce37e9b350
101.5096579000446,24.000000047889092,1652,1052.3246623710043,1.0,1.0,"(1, 2)",663388f6d4e404ce37e9b350
102.75965790004489,24.00000002385176,1653,1053.5746623710045,1.0,1.0,"(1, 2)",663388f6d4e404ce37e9b350
104.0,24.0,1654,1054.8150044709596,1.0,1.0,"(1, 2)",663388f6d4e404ce37e9b350
104.0,24.0,1655,1054.8150044709596,1.0,1.0,"(1, 2)",663388f6d4e404ce37e9b350
104.0,24.0,1656,1054.8150044709596,1.0,1.0,"(1, 2)",663388f6d4e404ce37e9b350
104.0,24.0,1657,1054.8150044709596,1.0,1.0,"(1, 2)",663388f6d4e404ce37e9b350
104.0,24.0,1658,1054.8150044709596,1.0,1.0,"(1, 2)",663388f6d4e404ce37e9b350
104.0,24.0,1659,1054.8150044709596,1.0,1.0,"(1, 2)",663388f6d4e404ce37e9b350
104.0,24.0,1660,1054.8150044709596,1.0,1.0,"(1, 2)",663388f6d4e404ce37e9b350
104.0,24.0,1661,1054.8150044709596,1.0,1.0,"(1, 2)",663388f6d4e404ce37e9b350
104.0,24.0,1662,1054.8150044709596,1.0,1.0,"(1, 2)",663388f6d4e404ce37e9b350
104.0,24.0,1663,1054.8150044709596,1.0,1.0,"(1, 2)",663388f6d4e404ce37e9b350
104.0,24.0,1664,1054.8150044709596,1.0,1.0,"(1, 2)",663388f6d4e404ce37e9b350
104.0,24.0,1665,1054.8150044709596,1.0,1.0,"(1, 2)",663388f6d4e404ce37e9b350
104.0,24.0,1666,1054.8150044709596,1.0,1.0,"(1, 2)",663388f6d4e404ce37e9b350
104.0,24.0,1667,1054.8150044709596,1.0,1.0,"(1, 2)",663388f6d4e404ce37e9b350
104.0,24.0,1668,1054.8150044709596,1.0,1.0,"(1, 2)",663388f6d4e404ce37e9b350
104.0,24.0,1669,1054.8150044709596,1.0,1.0,"(1, 2)",663388f6d4e404ce37e9b350
104.0,24.0,1670,1054.8150044709596,1.0,1.0,"(1, 2)",663388f6d4e404ce37e9b350
104.0,24.0,1671,1054.8150044709596,1.0,1.0,"(1, 2)",663388f6d4e404ce37e9b350
104.0,24.0,1672,1054.8150044709596,1.0,1.0,"(1, 2)",663388f6d4e404ce37e9b350
104.0,24.0,1673,1054.8150044709596,1.0,1.0,"(1, 2)",663388f6d4e404ce37e9b350
104.0,24.0,1674,1054.8150044709596,1.0,1.0,"(1, 2)",663388f6d4e404ce37e9b350
104.0,24.0,1675,1054.8150044709596,1.0,1.0,"(1, 2)",663388f6d4e404ce37e9b350
104.0,24.0,1676,1054.8150044709596,1.0,1.0,"(1, 2)",663388f6d4e404ce37e9b350
104.0,24.0,1677,1054.8150044709596,1.0,1.0,"(1, 2)",663388f6d4e404ce37e9b350
104.0,24.0,1678,1054.8150044709596,1.0,1.0,"(1, 2)",663388f6d4e404ce37e9b350
104.0,24.0,1679,1054.8150044709596,1.0,1.0,"(1, 2)",663388f6d4e404ce37e9b350
104.0,24.0,1680,1054.8150044709596,1.0,1.0,"(1, 2)",663388f6d4e404ce37e9b350
104.0,24.0,1681,1054.8150044709596,1.0,1.0,"(1, 2)",663388f6d4e404ce37e9b350
104.0,24.0,1682,1054.8150044709596,1.0,1.0,"(1, 2)",663388f6d4e404ce37e9b350
103.11611652351695,24.88388347648305,1683,1056.0650044709594,1.0,1.0,"(1, 2)",663388f6d4e404ce37e9b350
102.2322330470339,25.7677669529661,1684,1057.3150044709591,1.0,1.0,"(1, 2)",663388f6d4e404ce37e9b350
101.34834957055085,26.65165042944915,1685,1058.565004470959,1.0,1.0,"(1, 2)",663388f6d4e404ce37e9b350
100.4644660940678,27.535533905932198,1686,1059.8150044709587,1.0,1.0,"(1, 2)",663388f6d4e404ce37e9b350
99.58058261758475,28.419417382415247,1687,1061.0650044709585,1.0,1.0,"(1, 2)",663388f6d4e404ce37e9b350
98.6966991411017,29.303300858898297,1688,1062.3150044709582,1.0,1.0,"(1, 2)",663388f6d4e404ce37e9b350
97.81281566461865,30.187184335381346,1689,1063.565004470958,1.0,1.0,"(1, 2)",663388f6d4e404ce37e9b350
96.9289321881356,31.071067811864395,1690,1064.8150044709578,1.0,1.0,"(1, 2)",663388f6d4e404ce37e9b350
96.04504871165256,31.954951288347445,1691,1066.0650044709575,1.0,1.0,"(1, 2)",663388f6d4e404ce37e9b350
95.1611652351695,32.838834764830494,1692,1067.3150044709573,1.0,1.0,"(1, 2)",663388f6d4e404ce37e9b350
94.27728175868646,33.722718241313544,1693,1068.565004470957,1.0,1.0,"(1, 2)",663388f6d4e404ce37e9b350
93.3933982822034,34.60660171779659,1694,1069.8150044709569,1.0,1.0,"(1, 2)",663388f6d4e404ce37e9b350
92.50951480572036,35.49048519427964,1695,1071.0650044709566,1.0,1.0,"(1, 2)",663388f6d4e404ce37e9b350
91.62563132923731,36.37436867076269,1696,1072.3150044709564,1.0,1.0,"(1, 2)",663388f6d4e404ce37e9b350
90.74174785275426,37.25825214724574,1697,1073.5650044709562,1.0,1.0,"(1, 2)",663388f6d4e404ce37e9b350
89.85786437627121,38.14213562372879,1698,1074.815004470956,1.0,1.0,"(1, 2)",663388f6d4e404ce37e9b350
88.97398089978816,39.02601910021184,1699,1076.0650044709557,1.0,1.0,"(1, 2)",663388f6d4e404ce37e9b350
88.04617444130974,39.80565318468376,1700,1077.276884881749,1.0,1.0,"(1, 2)",663388f6d4e404ce37e9b350
86.79626611486532,39.820791727740755,1701,1078.5268848817495,1.0,1.0,"(1, 2)",663388f6d4e404ce37e9b350
85.54635778842089,39.835930270797746,1702,1079.77688488175,1.0,1.0,"(1, 2)",663388f6d4e404ce37e9b350
84.29644946197647,39.85106881385474,1703,1081.0268848817504,1.0,1.0,"(1, 2)",663388f6d4e404ce37e9b350
83.04654113553204,39.86620735691173,1704,1082.276884881751,1.0,1.0,"(1, 2)",663388f6d4e404ce37e9b350
81.79663280908761,39.88134589996872,1705,1083.5268848817514,1.0,1.0,"(1, 2)",663388f6d4e404ce37e9b350
80.54672448264319,39.89648444302571,1706,1084.7768848817518,1.0,1.0,"(1, 2)",663388f6d4e404ce37e9b350
79.29681615619876,39.911622986082705,1707,1086.0268848817523,1.0,1.0,"(1, 2)",663388f6d4e404ce37e9b350
78.04690782975433,39.9267615291397,1708,1087.2768848817527,1.0,1.0,"(1, 2)",663388f6d4e404ce37e9b350
76.7969995033099,39.94190007219687,1709,1088.5268848817532,1.0,1.0,"(1, 2)",663388f6d4e404ce37e9b350
75.54709117686548,39.95703861525422,1710,1089.7768848817536,1.0,1.0,"(1, 2)",663388f6d4e404ce37e9b350
74.29718285042105,39.972177158311574,1711,1091.026884881754,1.0,1.0,"(1, 2)",663388f6d4e404ce37e9b350
73.04727452397663,39.98731570136893,1712,1092.2768848817545,1.0,1.0,"(1, 2)",663388f6d4e404ce37e9b350
71.91278695016098,40.27873505658064,1713,1093.4482034958532,1.0,1.0,"(1, 2)",663388f6d4e404ce37e9b350
71.02356847568149,41.15725113762039,1714,1094.6982034958537,1.0,1.0,"(1, 2)",663388f6d4e404ce37e9b350
70.134350001202,42.03576721866014,1715,1095.9482034958542,1.0,1.0,"(1, 2)",663388f6d4e404ce37e9b350
69.2451315267225,42.91428329969989,1716,1097.1982034958546,1.0,1.0,"(1, 2)",663388f6d4e404ce37e9b350
68.35591305224301,43.79279938073964,1717,1098.448203495855,1.0,1.0,"(1, 2)",663388f6d4e404ce37e9b350
67.46669457776352,44.671315461779386,1718,1099.6982034958555,1.0,1.0,"(1, 2)",663388f6d4e404ce37e9b350
66.57747610328403,45.549831542819135,1719,1100.948203495856,1.0,1.0,"(1, 2)",663388f6d4e404ce37e9b350
65.68825762880454,46.42834762385888,1720,1102.1982034958564,1.0,1.0,"(1, 2)",663388f6d4e404ce37e9b350
64.79903915432504,47.30686370489863,1721,1103.448203495857,1.0,1.0,"(1, 2)",663388f6d4e404ce37e9b350
63.90982067984555,48.18537978593838,1722,1104.6982034958573,1.0,1.0,"(1, 2)",663388f6d4e404ce37e9b350
63.02060220536606,49.06389586697813,1723,1105.9482034958578,1.0,1.0,"(1, 2)",663388f6d4e404ce37e9b350
62.13138373088657,49.94241194801788,1724,1107.1982034958583,1.0,1.0,"(1, 2)",663388f6d4e404ce37e9b350
61.24216525640708,50.82092802905757,1725,1108.4482034958587,1.0,1.0,"(1, 2)",663388f6d4e404ce37e9b350
60.352946781927585,51.69944411009722,1726,1109.6982034958592,1.0,1.0,"(1, 2)",663388f6d4e404ce37e9b350
59.46372830744809,52.57796019113686,1727,1110.9482034958596,1.0,1.0,"(1, 2)",663388f6d4e404ce37e9b350
58.5745098329686,53.4564762721765,1728,1112.19820349586,1.0,1.0,"(1, 2)",663388f6d4e404ce37e9b350
57.68529135848911,54.334992353216144,1729,1113.4482034958605,1.0,1.0,"(1, 2)",663388f6d4e404ce37e9b350
56.79607288400962,55.213508434255786,1730,1114.698203495861,1.0,1.0,"(1, 2)",663388f6d4e404ce37e9b350
56.0,56.0,1731,1115.8172660587422,1.0,1.0,"(1, 2)",663388f6d4e404ce37e9b350
56.0,56.0,1732,1115.8172660587422,1.0,1.0,"(1, 2)",663388f6d4e404ce37e9b350
56.0,56.0,1733,1115.8172660587422,1.0,1.0,"(1, 2)",663388f6d4e404ce37e9b350
56.0,56.0,1734,1115.8172660587422,1.0,1.0,"(1, 2)",663388f6d4e404ce37e9b350
56.0,56.0,1735,1115.8172660587422,1.0,1.0,"(1, 2)",663388f6d4e404ce37e9b350
56.0,56.0,1736,1115.8172660587422,1.0,1.0,"(1, 2)",663388f6d4e404ce37e9b350
56.0,56.0,1737,1115.8172660587422,1.0,1.0,"(1, 2)",663388f6d4e404ce37e9b350
56.0,56.0,1738,1115.8172660587422,1.0,1.0,"(1, 2)",663388f6d4e404ce37e9b350
56.0,56.0,1739,1115.8172660587422,1.0,1.0,"(1, 2)",663388f6d4e404ce37e9b350
56.0,56.0,1740,1115.8172660587422,1.0,1.0,"(1, 2)",663388f6d4e404ce37e9b350
56.0,56.0,1741,1115.8172660587422,1.0,1.0,"(1, 2)",663388f6d4e404ce37e9b350
56.0,56.0,1742,1115.8172660587422,1.0,1.0,"(1, 2)",663388f6d4e404ce37e9b350
56.0,56.0,1743,1115.8172660587422,1.0,1.0,"(1, 2)",663388f6d4e404ce37e9b350
56.0,56.0,1744,1115.8172660587422,1.0,1.0,"(1, 2)",663388f6d4e404ce37e9b350
56.0,56.0,1745,1115.8172660587422,1.0,1.0,"(1, 2)",663388f6d4e404ce37e9b350
56.0,56.0,1746,1115.8172660587422,1.0,1.0,"(1, 2)",663388f6d4e404ce37e9b350
56.0,56.0,1747,1115.8172660587422,1.0,1.0,"(1, 2)",663388f6d4e404ce37e9b350
56.0,56.0,1748,1115.8172660587422,1.0,1.0,"(1, 2)",663388f6d4e404ce37e9b350
56.0,56.0,1749,1115.8172660587422,1.0,1.0,"(1, 2)",663388f6d4e404ce37e9b350
56.0,56.0,1750,1115.8172660587422,1.0,1.0,"(1, 2)",663388f6d4e404ce37e9b350
56.0,56.0,1751,1115.8172660587422,1.0,1.0,"(1, 2)",663388f6d4e404ce37e9b350
56.0,56.0,1752,1115.8172660587422,1.0,1.0,"(1, 2)",663388f6d4e404ce37e9b350
56.0,56.0,1753,1115.8172660587422,1.0,1.0,"(1, 2)",663388f6d4e404ce37e9b350
56.0,56.0,1754,1115.8172660587422,1.0,1.0,"(1, 2)",663388f6d4e404ce37e9b350
56.0,56.0,1755,1115.8172660587422,1.0,1.0,"(1, 2)",663388f6d4e404ce37e9b350
56.0,56.0,1756,1115.8172660587422,1.0,1.0,"(1, 2)",663388f6d4e404ce37e9b350
56.0,56.0,1757,1115.8172660587422,1.0,1.0,"(1, 2)",663388f6d4e404ce37e9b350
56.0,56.0,1758,1115.8172660587422,1.0,1.0,"(1, 2)",663388f6d4e404ce37e9b350
56.0,56.0,1759,1115.8172660587422,1.0,1.0,"(1, 2)",663388f6d4e404ce37e9b350
56.0,56.0,1760,1115.8172660587422,1.0,1.0,"(1, 2)",663388f6d4e404ce37e9b350
56.0,56.0,1761,1115.8172660587422,1.0,1.0,"(1, 2)",663388f6d4e404ce37e9b350
56.0,56.0,1762,1115.8172660587422,1.0,1.0,"(1, 2)",663388f6d4e404ce37e9b350
56.0,56.0,1763,1115.8172660587422,1.0,1.0,"(1, 2)",663388f6d4e404ce37e9b350
56.0,56.0,1764,1115.8172660587422,1.0,1.0,"(1, 2)",663388f6d4e404ce37e9b350
56.0,56.0,1765,1115.8172660587422,1.0,1.0,"(1, 2)",663388f6d4e404ce37e9b350
56.0,56.0,1766,1115.8172660587422,1.0,1.0,"(1, 2)",663388f6d4e404ce37e9b350
56.0,56.0,1767,1115.8172660587422,1.0,1.0,"(1, 2)",663388f6d4e404ce37e9b350
56.0,56.0,1768,1115.8172660587422,1.0,1.0,"(1, 2)",663388f6d4e404ce37e9b350
56.0,56.0,1769,1115.8172660587422,1.0,1.0,"(1, 2)",663388f6d4e404ce37e9b350
56.0,56.0,1770,1115.8172660587422,1.0,1.0,"(1, 2)",663388f6d4e404ce37e9b350
56.0,56.0,1771,1115.8172660587422,1.0,1.0,"(1, 2)",663388f6d4e404ce37e9b350
56.0,56.0,1772,1115.8172660587422,1.0,1.0,"(1, 2)",663388f6d4e404ce37e9b350
56.0,56.0,1773,1115.8172660587422,1.0,1.0,"(1, 2)",663388f6d4e404ce37e9b350
56.0,56.0,1774,1115.8172660587422,1.0,1.0,"(1, 2)",663388f6d4e404ce37e9b350
56.0,56.0,1775,1115.8172660587422,1.0,1.0,"(1, 2)",663388f6d4e404ce37e9b350
56.0,56.0,1776,1115.8172660587422,1.0,1.0,"(1, 2)",663388f6d4e404ce37e9b350
56.0,56.0,1777,1115.8172660587422,1.0,1.0,"(1, 2)",663388f6d4e404ce37e9b350
56.0,56.0,1778,1115.8172660587422,1.0,1.0,"(1, 2)",663388f6d4e404ce37e9b350
56.0,56.0,1779,1115.8172660587422,1.0,1.0,"(1, 2)",663388f6d4e404ce37e9b350
56.0,56.0,1780,1115.8172660587422,1.0,1.0,"(1, 2)",663388f6d4e404ce37e9b350
56.0,56.0,1781,1115.8172660587422,1.0,1.0,"(1, 2)",663388f6d4e404ce37e9b350
56.0,56.0,1782,1115.8172660587422,1.0,1.0,"(1, 2)",663388f6d4e404ce37e9b350
56.0,56.0,1783,1115.8172660587422,1.0,1.0,"(1, 2)",663388f6d4e404ce37e9b350
56.0,56.0,1784,1115.8172660587422,1.0,1.0,"(1, 2)",663388f6d4e404ce37e9b350
56.0,56.0,1785,1115.8172660587422,1.0,1.0,"(1, 2)",663388f6d4e404ce37e9b350
56.0,56.0,1786,1115.8172660587422,1.0,1.0,"(1, 2)",663388f6d4e404ce37e9b350
56.0,56.0,1787,1115.8172660587422,1.0,1.0,"(1, 2)",663388f6d4e404ce37e9b350
56.0,56.0,1788,1115.8172660587422,1.0,1.0,"(1, 2)",663388f6d4e404ce37e9b350
56.0,56.0,1789,1115.8172660587422,1.0,1.0,"(1, 2)",663388f6d4e404ce37e9b350
56.0,56.0,1790,1115.8172660587422,1.0,1.0,"(1, 2)",663388f6d4e404ce37e9b350
56.0,56.0,1791,1115.8172660587422,1.0,1.0,"(1, 2)",663388f6d4e404ce37e9b350
56.0,56.0,1792,1115.8172660587422,1.0,1.0,"(1, 2)",663388f6d4e404ce37e9b350
56.0,56.0,1793,1115.8172660587422,1.0,1.0,"(1, 2)",663388f6d4e404ce37e9b350
56.0,56.0,1794,1115.8172660587422,1.0,1.0,"(1, 2)",663388f6d4e404ce37e9b350
56.0,56.0,1795,1115.8172660587422,1.0,1.0,"(1, 2)",663388f6d4e404ce37e9b350
56.0,56.0,1796,1115.8172660587422,1.0,1.0,"(1, 2)",663388f6d4e404ce37e9b350
56.0,56.0,1797,1115.8172660587422,1.0,1.0,"(1, 2)",663388f6d4e404ce37e9b350
56.0,57.250000000000284,1798,1117.0672660587425,1.0,1.0,"(1, 2)",663388f6d4e404ce37e9b350
56.0,58.50000000000057,1799,1118.3172660587427,1.0,1.0,"(1, 2)",663388f6d4e404ce37e9b350
56.0,59.75000000000085,1800,1119.567266058743,1.0,1.0,"(1, 2)",663388f6d4e404ce37e9b350
56.0,61.00000000000114,1801,1120.8172660587431,1.0,1.0,"(1, 2)",663388f6d4e404ce37e9b350
56.0,62.25000000000142,1802,1122.0672660587434,1.0,1.0,"(1, 2)",663388f6d4e404ce37e9b350
56.0,63.500000000001705,1803,1123.3172660587436,1.0,1.0,"(1, 2)",663388f6d4e404ce37e9b350
56.0,64.75000000000199,1804,1124.5672660587438,1.0,1.0,"(1, 2)",663388f6d4e404ce37e9b350
56.0,66.00000000000227,1805,1125.817266058744,1.0,1.0,"(1, 2)",663388f6d4e404ce37e9b350
56.0,67.25000000000256,1806,1127.0672660587443,1.0,1.0,"(1, 2)",663388f6d4e404ce37e9b350
56.0,68.50000000000284,1807,1128.3172660587445,1.0,1.0,"(1, 2)",663388f6d4e404ce37e9b350
56.0,69.75000000000313,1808,1129.5672660587447,1.0,1.0,"(1, 2)",663388f6d4e404ce37e9b350
56.0,71.00000000000341,1809,1130.817266058745,1.0,1.0,"(1, 2)",663388f6d4e404ce37e9b350
56.0,72.0,1810,1131.8172660587416,1.0,1.0,"(1, 2)",663388f6d4e404ce37e9b350
56.0,72.0,1811,1131.8172660587416,1.0,1.0,"(1, 2)",663388f6d4e404ce37e9b350
56.0,72.0,1812,1131.8172660587416,1.0,1.0,"(1, 2)",663388f6d4e404ce37e9b350
56.0,72.0,1813,1131.8172660587416,1.0,1.0,"(1, 2)",663388f6d4e404ce37e9b350
56.0,72.0,1814,1131.8172660587416,1.0,1.0,"(1, 2)",663388f6d4e404ce37e9b350
56.0,72.0,1815,1131.8172660587416,1.0,1.0,"(1, 2)",663388f6d4e404ce37e9b350
56.0,72.0,1816,1131.8172660587416,1.0,1.0,"(1, 2)",663388f6d4e404ce37e9b350
56.0,72.0,1817,1131.8172660587416,1.0,1.0,"(1, 2)",663388f6d4e404ce37e9b350
56.0,72.0,1818,1131.8172660587416,1.0,1.0,"(1, 2)",663388f6d4e404ce37e9b350
56.0,72.0,1819,1131.8172660587416,1.0,1.0,"(1, 2)",663388f6d4e404ce37e9b350
56.0,72.0,1820,1131.8172660587416,1.0,1.0,"(1, 2)",663388f6d4e404ce37e9b350
56.0,72.0,1821,1131.8172660587416,1.0,1.0,"(1, 2)",663388f6d4e404ce37e9b350
56.0,72.0,1822,1131.8172660587416,1.0,1.0,"(1, 2)",663388f6d4e404ce37e9b350
56.0,72.0,1823,1131.8172660587416,1.0,1.0,"(1, 2)",663388f6d4e404ce37e9b350
56.0,72.0,1824,1131.8172660587416,1.0,1.0,"(1, 2)",663388f6d4e404ce37e9b350
56.0,72.0,1825,1131.8172660587416,1.0,1.0,"(1, 2)",663388f6d4e404ce37e9b350
56.0,72.0,1826,1131.8172660587416,1.0,1.0,"(1, 2)",663388f6d4e404ce37e9b350
56.0,72.0,1827,1131.8172660587416,1.0,1.0,"(1, 2)",663388f6d4e404ce37e9b350
56.0,72.0,1828,1131.8172660587416,1.0,1.0,"(1, 2)",663388f6d4e404ce37e9b350
56.0,72.0,1829,1131.8172660587416,1.0,1.0,"(1, 2)",663388f6d4e404ce37e9b350
56.0,72.0,1830,1131.8172660587416,1.0,1.0,"(1, 2)",663388f6d4e404ce37e9b350
56.0,72.0,1831,1131.8172660587416,1.0,1.0,"(1, 2)",663388f6d4e404ce37e9b350
56.0,72.0,1832,1131.8172660587416,1.0,1.0,"(1, 2)",663388f6d4e404ce37e9b350
56.0,72.0,1833,1131.8172660587416,1.0,1.0,"(1, 2)",663388f6d4e404ce37e9b350
56.0,72.0,1834,1131.8172660587416,1.0,1.0,"(1, 2)",663388f6d4e404ce37e9b350
56.0,72.0,1835,1131.8172660587416,1.0,1.0,"(1, 2)",663388f6d4e404ce37e9b350
56.0,72.0,1836,1131.8172660587416,1.0,1.0,"(1, 2)",663388f6d4e404ce37e9b350
56.0,72.0,1837,1131.8172660587416,1.0,1.0,"(1, 2)",663388f6d4e404ce37e9b350
56.0,72.0,1838,1131.8172660587416,1.0,1.0,"(1, 2)",663388f6d4e404ce37e9b350
56.0,72.0,1839,1131.8172660587416,1.0,1.0,"(1, 2)",663388f6d4e404ce37e9b350
56.0,72.0,1840,1131.8172660587416,1.0,1.0,"(1, 2)",663388f6d4e404ce37e9b350
56.0,72.0,1841,1131.8172660587416,1.0,1.0,"(1, 2)",663388f6d4e404ce37e9b350
56.0,72.0,1842,1131.8172660587416,1.0,1.0,"(1, 2)",663388f6d4e404ce37e9b350
56.0,72.0,1843,1131.8172660587416,1.0,1.0,"(1, 2)",663388f6d4e404ce37e9b350
56.0,72.0,1844,1131.8172660587416,1.0,1.0,"(1, 2)",663388f6d4e404ce37e9b350
56.0,72.0,1845,1131.8172660587416,1.0,1.0,"(1, 2)",663388f6d4e404ce37e9b350
56.0,72.0,1846,1131.8172660587416,1.0,1.0,"(1, 2)",663388f6d4e404ce37e9b350
56.0,70.74999999999972,1847,1133.0672660587418,1.0,1.0,"(1, 2)",663388f6d4e404ce37e9b350
56.0,69.49999999999943,1848,1134.317266058742,1.0,1.0,"(1, 2)",663388f6d4e404ce37e9b350
56.0,68.24999999999915,1849,1135.5672660587422,1.0,1.0,"(1, 2)",663388f6d4e404ce37e9b350
56.0,66.99999999999886,1850,1136.8172660587425,1.0,1.0,"(1, 2)",663388f6d4e404ce37e9b350
56.0,65.74999999999858,1851,1138.0672660587427,1.0,1.0,"(1, 2)",663388f6d4e404ce37e9b350
56.0,64.4999999999983,1852,1139.317266058743,1.0,1.0,"(1, 2)",663388f6d4e404ce37e9b350
56.0,63.24999999999801,1853,1140.5672660587431,1.0,1.0,"(1, 2)",663388f6d4e404ce37e9b350
56.0,61.999999999997726,1854,1141.8172660587434,1.0,1.0,"(1, 2)",663388f6d4e404ce37e9b350
56.0,60.74999999999744,1855,1143.0672660587436,1.0,1.0,"(1, 2)",663388f6d4e404ce37e9b350
56.0,59.49999999999716,1856,1144.3172660587438,1.0,1.0,"(1, 2)",663388f6d4e404ce37e9b350
56.0,58.249999999996874,1857,1145.567266058744,1.0,1.0,"(1, 2)",663388f6d4e404ce37e9b350
56.0,56.99999999999659,1858,1146.8172660587443,1.0,1.0,"(1, 2)",663388f6d4e404ce37e9b350
56.0,55.749999999996305,1859,1148.0672660587445,1.0,1.0,"(1, 2)",663388f6d4e404ce37e9b350
56.0,54.49999999999602,1860,1149.3172660587447,1.0,1.0,"(1, 2)",663388f6d4e404ce37e9b350
56.0,53.24999999999574,1861,1150.567266058745,1.0,1.0,"(1, 2)",663388f6d4e404ce37e9b350
56.0,51.99999999999545,1862,1151.8172660587452,1.0,1.0,"(1, 2)",663388f6d4e404ce37e9b350
56.0,50.74999999999517,1863,1153.0672660587454,1.0,1.0,"(1, 2)",663388f6d4e404ce37e9b350
56.0,49.499999999994884,1864,1154.3172660587456,1.0,1.0,"(1, 2)",663388f6d4e404ce37e9b350
56.0,48.2499999999946,1865,1155.5672660587459,1.0,1.0,"(1, 2)",663388f6d4e404ce37e9b350
56.0,46.999999999994316,1866,1156.817266058746,1.0,1.0,"(1, 2)",663388f6d4e404ce37e9b350
56.0,45.74999999999403,1867,1158.0672660587463,1.0,1.0,"(1, 2)",663388f6d4e404ce37e9b350
56.0,44.49999999999375,1868,1159.3172660587466,1.0,1.0,"(1, 2)",663388f6d4e404ce37e9b350
56.0,43.24999999999346,1869,1160.5672660587468,1.0,1.0,"(1, 2)",663388f6d4e404ce37e9b350
56.0,41.99999999999318,1870,1161.817266058747,1.0,1.0,"(1, 2)",663388f6d4e404ce37e9b350
56.0,40.749999999992895,1871,1163.0672660587472,1.0,1.0,"(1, 2)",663388f6d4e404ce37e9b350
55.50810911865716,39.70196048263347,1872,1164.2249980955742,1.0,1.0,"(1, 2)",663388f6d4e404ce37e9b350
54.62973254483066,38.81260420163471,1873,1165.4749980955737,1.0,1.0,"(1, 2)",663388f6d4e404ce37e9b350
53.75135597100416,37.92324792063596,1874,1166.7249980955733,1.0,1.0,"(1, 2)",663388f6d4e404ce37e9b350
52.87297939717766,37.033891639637005,1875,1167.974998095573,1.0,1.0,"(1, 2)",663388f6d4e404ce37e9b350
51.99460282335116,36.14453535863804,1876,1169.2249980955728,1.0,1.0,"(1, 2)",663388f6d4e404ce37e9b350
51.11622624952466,35.25517907763907,1877,1170.4749980955726,1.0,1.0,"(1, 2)",663388f6d4e404ce37e9b350
50.23784967569816,34.36582279664011,1878,1171.7249980955723,1.0,1.0,"(1, 2)",663388f6d4e404ce37e9b350
49.35947310187166,33.47646651564114,1879,1172.9749980955721,1.0,1.0,"(1, 2)",663388f6d4e404ce37e9b350
48.48109652804516,32.587110234642175,1880,1174.224998095572,1.0,1.0,"(1, 2)",663388f6d4e404ce37e9b350
47.60271995421866,31.697753953643165,1881,1175.4749980955717,1.0,1.0,"(1, 2)",663388f6d4e404ce37e9b350
46.724343380392156,30.808397672644055,1882,1176.7249980955717,1.0,1.0,"(1, 2)",663388f6d4e404ce37e9b350
45.845966806565656,29.919041391644946,1883,1177.9749980955717,1.0,1.0,"(1, 2)",663388f6d4e404ce37e9b350
44.967590232739155,29.029685110645836,1884,1179.2249980955717,1.0,1.0,"(1, 2)",663388f6d4e404ce37e9b350
44.089213658912655,28.140328829646727,1885,1180.4749980955717,1.0,1.0,"(1, 2)",663388f6d4e404ce37e9b350
43.210837085086155,27.250972548647617,1886,1181.7249980955717,1.0,1.0,"(1, 2)",663388f6d4e404ce37e9b350
42.332460511259654,26.361616267648508,1887,1182.9749980955717,1.0,1.0,"(1, 2)",663388f6d4e404ce37e9b350
41.45408393743312,25.472259986649725,1888,1184.2249980955714,1.0,1.0,"(1, 2)",663388f6d4e404ce37e9b350
40.575707363606405,24.58290370565097,1889,1185.4749980955712,1.0,1.0,"(1, 2)",663388f6d4e404ce37e9b350
39.68839162302572,24.680636288113924,1890,1186.3676799432399,1.0,1.0,"(1, 2)",663388f6d4e404ce37e9b350
38.79405225142406,25.55393869186822,1891,1187.6176799432399,1.0,1.0,"(1, 2)",663388f6d4e404ce37e9b350
37.8997128798224,26.427241095622513,1892,1188.8676799432399,1.0,1.0,"(1, 2)",663388f6d4e404ce37e9b350
37.00537350822074,27.300543499376808,1893,1190.1176799432399,1.0,1.0,"(1, 2)",663388f6d4e404ce37e9b350
36.11103413661908,28.173845903131102,1894,1191.3676799432399,1.0,1.0,"(1, 2)",663388f6d4e404ce37e9b350
35.21669476501742,29.047148306885397,1895,1192.6176799432399,1.0,1.0,"(1, 2)",663388f6d4e404ce37e9b350
34.32235539341576,29.92045071063969,1896,1193.8676799432399,1.0,1.0,"(1, 2)",663388f6d4e404ce37e9b350
33.4280160218141,30.793753114393986,1897,1195.1176799432399,1.0,1.0,"(1, 2)",663388f6d4e404ce37e9b350
32.53367665021244,31.66705551814828,1898,1196.3676799432399,1.0,1.0,"(1, 2)",663388f6d4e404ce37e9b350
31.639337278610782,32.540357921902356,1899,1197.6176799432396,1.0,1.0,"(1, 2)",663388f6d4e404ce37e9b350
30.74499790700912,33.413660325656295,1900,1198.8676799432394,1.0,1.0,"(1, 2)",663388f6d4e404ce37e9b350
29.85065853540746,34.286962729410234,1901,1200.1176799432392,1.0,1.0,"(1, 2)",663388f6d4e404ce37e9b350
28.9563191638058,35.160265133164174,1902,1201.367679943239,1.0,1.0,"(1, 2)",663388f6d4e404ce37e9b350
28.06197979220414,36.03356753691822,1903,1202.6176799432387,1.0,1.0,"(1, 2)",663388f6d4e404ce37e9b350
27.16764042060248,36.90686994067245,1904,1203.8676799432387,1.0,1.0,"(1, 2)",663388f6d4e404ce37e9b350
26.27330104900082,37.78017234442668,1905,1205.1176799432387,1.0,1.0,"(1, 2)",663388f6d4e404ce37e9b350
25.37896167739916,38.65347474818091,1906,1206.3676799432387,1.0,1.0,"(1, 2)",663388f6d4e404ce37e9b350
24.4846223057975,39.52677715193514,1907,1207.6176799432387,1.0,1.0,"(1, 2)",663388f6d4e404ce37e9b350
24.188018835608588,40.65617011312757,1908,1208.785370860956,1.0,1.0,"(1, 2)",663388f6d4e404ce37e9b350
24.17270284843744,41.90607627782033,1909,1210.035370860956,1.0,1.0,"(1, 2)",663388f6d4e404ce37e9b350
24.15738686126629,43.15598244251309,1910,1211.285370860956,1.0,1.0,"(1, 2)",663388f6d4e404ce37e9b350
24.14207087409514,44.40588860720585,1911,1212.535370860956,1.0,1.0,"(1, 2)",663388f6d4e404ce37e9b350
24.126754886923948,45.65579477189861,1912,1213.785370860956,1.0,1.0,"(1, 2)",663388f6d4e404ce37e9b350
24.11143889975262,46.90570093659137,1913,1215.035370860956,1.0,1.0,"(1, 2)",663388f6d4e404ce37e9b350
24.096122912581293,48.15560710128413,1914,1216.285370860956,1.0,1.0,"(1, 2)",663388f6d4e404ce37e9b350
24.080806925409966,49.40551326597689,1915,1217.535370860956,1.0,1.0,"(1, 2)",663388f6d4e404ce37e9b350
24.06549093823864,50.65541943066965,1916,1218.785370860956,1.0,1.0,"(1, 2)",663388f6d4e404ce37e9b350
24.050174951067312,51.90532559536241,1917,1220.035370860956,1.0,1.0,"(1, 2)",663388f6d4e404ce37e9b350
24.034858963895985,53.15523176005517,1918,1221.285370860956,1.0,1.0,"(1, 2)",663388f6d4e404ce37e9b350
24.019542976724658,54.40513792474793,1919,1222.535370860956,1.0,1.0,"(1, 2)",663388f6d4e404ce37e9b350
24.00422698955333,55.65504408944069,1920,1223.785370860956,1.0,1.0,"(1, 2)",663388f6d4e404ce37e9b350
24.0,56.0,1921,1224.1303526686943,1.0,1.0,"(1, 2)",663388f6d4e404ce37e9b350
24.0,56.0,1922,1224.1303526686943,1.0,1.0,"(1, 2)",663388f6d4e404ce37e9b350
24.0,56.0,1923,1224.1303526686943,1.0,1.0,"(1, 2)",663388f6d4e404ce37e9b350
24.0,56.0,1924,1224.1303526686943,1.0,1.0,"(1, 2)",663388f6d4e404ce37e9b350
24.0,56.0,1925,1224.1303526686943,1.0,1.0,"(1, 2)",663388f6d4e404ce37e9b350
24.0,56.0,1926,1224.1303526686943,1.0,1.0,"(1, 2)",663388f6d4e404ce37e9b350
24.0,56.0,1927,1224.1303526686943,1.0,1.0,"(1, 2)",663388f6d4e404ce37e9b350
24.0,56.0,1928,1224.1303526686943,1.0,1.0,"(1, 2)",663388f6d4e404ce37e9b350
24.0,56.0,1929,1224.1303526686943,1.0,1.0,"(1, 2)",663388f6d4e404ce37e9b350
24.0,56.0,1930,1224.1303526686943,1.0,1.0,"(1, 2)",663388f6d4e404ce37e9b350
24.0,56.0,1931,1224.1303526686943,1.0,1.0,"(1, 2)",663388f6d4e404ce37e9b350
24.0,56.0,1932,1224.1303526686943,1.0,1.0,"(1, 2)",663388f6d4e404ce37e9b350
24.0,56.0,1933,1224.1303526686943,1.0,1.0,"(1, 2)",663388f6d4e404ce37e9b350
24.0,56.0,1934,1224.1303526686943,1.0,1.0,"(1, 2)",663388f6d4e404ce37e9b350
24.0,56.0,1935,1224.1303526686943,1.0,1.0,"(1, 2)",663388f6d4e404ce37e9b350
24.0,56.0,1936,1224.1303526686943,1.0,1.0,"(1, 2)",663388f6d4e404ce37e9b350
24.0,56.0,1937,1224.1303526686943,1.0,1.0,"(1, 2)",663388f6d4e404ce37e9b350
24.0,56.0,1938,1224.1303526686943,1.0,1.0,"(1, 2)",663388f6d4e404ce37e9b350
24.0,56.0,1939,1224.1303526686943,1.0,1.0,"(1, 2)",663388f6d4e404ce37e9b350
24.0,56.0,1940,1224.1303526686943,1.0,1.0,"(1, 2)",663388f6d4e404ce37e9b350
24.0,56.0,1941,1224.1303526686943,1.0,1.0,"(1, 2)",663388f6d4e404ce37e9b350
24.0,56.0,1942,1224.1303526686943,1.0,1.0,"(1, 2)",663388f6d4e404ce37e9b350
24.0,56.0,1943,1224.1303526686943,1.0,1.0,"(1, 2)",663388f6d4e404ce37e9b350
24.0,56.0,1944,1224.1303526686943,1.0,1.0,"(1, 2)",663388f6d4e404ce37e9b350
24.0,56.0,1945,1224.1303526686943,1.0,1.0,"(1, 2)",663388f6d4e404ce37e9b350
24.0,56.0,1946,1224.1303526686943,1.0,1.0,"(1, 2)",663388f6d4e404ce37e9b350
24.0,56.0,1947,1224.1303526686943,1.0,1.0,"(1, 2)",663388f6d4e404ce37e9b350
24.0,56.0,1948,1224.1303526686943,1.0,1.0,"(1, 2)",663388f6d4e404ce37e9b350
24.0,56.0,1949,1224.1303526686943,1.0,1.0,"(1, 2)",663388f6d4e404ce37e9b350
24.0,56.0,1950,1224.1303526686943,1.0,1.0,"(1, 2)",663388f6d4e404ce37e9b350
24.0,56.0,1951,1224.1303526686943,1.0,1.0,"(1, 2)",663388f6d4e404ce37e9b350
24.0,56.0,1952,1224.1303526686943,1.0,1.0,"(1, 2)",663388f6d4e404ce37e9b350
24.0,56.0,1953,1224.1303526686943,1.0,1.0,"(1, 2)",663388f6d4e404ce37e9b350
24.0,56.0,1954,1224.1303526686943,1.0,1.0,"(1, 2)",663388f6d4e404ce37e9b350
24.0,56.0,1955,1224.1303526686943,1.0,1.0,"(1, 2)",663388f6d4e404ce37e9b350
24.0,56.0,1956,1224.1303526686943,1.0,1.0,"(1, 2)",663388f6d4e404ce37e9b350
24.0,56.0,1957,1224.1303526686943,1.0,1.0,"(1, 2)",663388f6d4e404ce37e9b350
24.0,56.0,1958,1224.1303526686943,1.0,1.0,"(1, 2)",663388f6d4e404ce37e9b350
24.0,56.0,1959,1224.1303526686943,1.0,1.0,"(1, 2)",663388f6d4e404ce37e9b350
24.0,56.0,1960,1224.1303526686943,1.0,1.0,"(1, 2)",663388f6d4e404ce37e9b350
24.0,56.0,1961,1224.1303526686943,1.0,1.0,"(1, 2)",663388f6d4e404ce37e9b350
24.0,56.0,1962,1224.1303526686943,1.0,1.0,"(1, 2)",663388f6d4e404ce37e9b350
24.0,56.0,1963,1224.1303526686943,1.0,1.0,"(1, 2)",663388f6d4e404ce37e9b350
24.0,56.0,1964,1224.1303526686943,1.0,1.0,"(1, 2)",663388f6d4e404ce37e9b350
24.0,56.0,1965,1224.1303526686943,1.0,1.0,"(1, 2)",663388f6d4e404ce37e9b350
24.0,56.0,1966,1224.1303526686943,1.0,1.0,"(1, 2)",663388f6d4e404ce37e9b350
24.0,56.0,1967,1224.1303526686943,1.0,1.0,"(1, 2)",663388f6d4e404ce37e9b350
24.0,56.0,1968,1224.1303526686943,1.0,1.0,"(1, 2)",663388f6d4e404ce37e9b350
24.0,56.0,1969,1224.1303526686943,1.0,1.0,"(1, 2)",663388f6d4e404ce37e9b350
24.0,56.0,1970,1224.1303526686943,1.0,1.0,"(1, 2)",663388f6d4e404ce37e9b350
24.0,56.0,1971,1224.1303526686943,1.0,1.0,"(1, 2)",663388f6d4e404ce37e9b350
24.0,56.0,1972,1224.1303526686943,1.0,1.0,"(1, 2)",663388f6d4e404ce37e9b350
24.0,56.0,1973,1224.1303526686943,1.0,1.0,"(1, 2)",663388f6d4e404ce37e9b350
24.0,56.0,1974,1224.1303526686943,1.0,1.0,"(1, 2)",663388f6d4e404ce37e9b350
24.0,56.0,1975,1224.1303526686943,1.0,1.0,"(1, 2)",663388f6d4e404ce37e9b350
24.0,56.0,1976,1224.1303526686943,1.0,1.0,"(1, 2)",663388f6d4e404ce37e9b350
24.0,56.0,1977,1224.1303526686943,1.0,1.0,"(1, 2)",663388f6d4e404ce37e9b350
24.0,56.0,1978,1224.1303526686943,1.0,1.0,"(1, 2)",663388f6d4e404ce37e9b350
24.0,56.0,1979,1224.1303526686943,1.0,1.0,"(1, 2)",663388f6d4e404ce37e9b350
24.0,56.0,1980,1224.1303526686943,1.0,1.0,"(1, 2)",663388f6d4e404ce37e9b350
24.0,56.0,1981,1224.1303526686943,1.0,1.0,"(1, 2)",663388f6d4e404ce37e9b350
24.0,56.0,1982,1224.1303526686943,1.0,1.0,"(1, 2)",663388f6d4e404ce37e9b350
24.0,56.0,1983,1224.1303526686943,1.0,1.0,"(1, 2)",663388f6d4e404ce37e9b350
24.0,56.0,1984,1224.1303526686943,1.0,1.0,"(1, 2)",663388f6d4e404ce37e9b350
24.0,56.0,1985,1224.1303526686943,1.0,1.0,"(1, 2)",663388f6d4e404ce37e9b350
24.0,56.0,1986,1224.1303526686943,1.0,1.0,"(1, 2)",663388f6d4e404ce37e9b350
24.0,56.0,1987,1224.1303526686943,1.0,1.0,"(1, 2)",663388f6d4e404ce37e9b350
24.0,56.0,1988,1224.1303526686943,1.0,1.0,"(1, 2)",663388f6d4e404ce37e9b350
24.0,56.0,1989,1224.1303526686943,1.0,1.0,"(1, 2)",663388f6d4e404ce37e9b350
24.0,56.0,1990,1224.1303526686943,1.0,1.0,"(1, 2)",663388f6d4e404ce37e9b350
24.0,56.0,1991,1224.1303526686943,1.0,1.0,"(1, 2)",663388f6d4e404ce37e9b350
24.0,56.0,1992,1224.1303526686943,1.0,1.0,"(1, 2)",663388f6d4e404ce37e9b350
24.0,56.0,1993,1224.1303526686943,1.0,1.0,"(1, 2)",663388f6d4e404ce37e9b350
24.0,56.0,1994,1224.1303526686943,1.0,1.0,"(1, 2)",663388f6d4e404ce37e9b350
24.0,56.0,1995,1224.1303526686943,1.0,1.0,"(1, 2)",663388f6d4e404ce37e9b350
24.0,56.0,1996,1224.1303526686943,1.0,1.0,"(1, 2)",663388f6d4e404ce37e9b350
24.0,56.0,1997,1224.1303526686943,1.0,1.0,"(1, 2)",663388f6d4e404ce37e9b350
24.0,56.0,1998,1224.1303526686943,1.0,1.0,"(1, 2)",663388f6d4e404ce37e9b350
24.0,56.0,1999,1224.1303526686943,1.0,1.0,"(1, 2)",663388f6d4e404ce37e9b350
24.0,56.0,2000,1224.1303526686943,1.0,1.0,"(1, 2)",663388f6d4e404ce37e9b350
24.0,56.0,2001,1224.1303526686943,1.0,1.0,"(1, 2)",663388f6d4e404ce37e9b350
24.0,56.0,2002,1224.1303526686943,1.0,1.0,"(1, 2)",663388f6d4e404ce37e9b350
24.0,56.0,2003,1224.1303526686943,1.0,1.0,"(1, 2)",663388f6d4e404ce37e9b350
24.0,56.0,2004,1224.1303526686943,1.0,1.0,"(1, 2)",663388f6d4e404ce37e9b350
24.0,56.0,2005,1224.1303526686943,1.0,1.0,"(1, 2)",663388f6d4e404ce37e9b350
24.0,56.0,2006,1224.1303526686943,1.0,1.0,"(1, 2)",663388f6d4e404ce37e9b350
24.0,56.0,2007,1224.1303526686943,1.0,1.0,"(1, 2)",663388f6d4e404ce37e9b350
24.0,56.0,2008,1224.1303526686943,1.0,1.0,"(1, 2)",663388f6d4e404ce37e9b350
24.0,56.0,2009,1224.1303526686943,1.0,1.0,"(1, 2)",663388f6d4e404ce37e9b350
24.0,56.0,2010,1224.1303526686943,1.0,1.0,"(1, 2)",663388f6d4e404ce37e9b350
24.0,56.0,2011,1224.1303526686943,1.0,1.0,"(1, 2)",663388f6d4e404ce37e9b350
24.0,56.0,2012,1224.1303526686943,1.0,1.0,"(1, 2)",663388f6d4e404ce37e9b350
24.0,56.0,2013,1224.1303526686943,1.0,1.0,"(1, 2)",663388f6d4e404ce37e9b350
24.0,56.0,2014,1224.1303526686943,1.0,1.0,"(1, 2)",663388f6d4e404ce37e9b350
24.0,57.250000000000284,2015,1225.3803526686945,1.0,1.0,"(1, 2)",663388f6d4e404ce37e9b350
24.0,58.50000000000057,2016,1226.6303526686947,1.0,1.0,"(1, 2)",663388f6d4e404ce37e9b350
24.0,59.75000000000085,2017,1227.880352668695,1.0,1.0,"(1, 2)",663388f6d4e404ce37e9b350
24.0,61.00000000000114,2018,1229.1303526686952,1.0,1.0,"(1, 2)",663388f6d4e404ce37e9b350
24.0,62.25000000000142,2019,1230.3803526686954,1.0,1.0,"(1, 2)",663388f6d4e404ce37e9b350
24.0,63.500000000001705,2020,1231.6303526686957,1.0,1.0,"(1, 2)",663388f6d4e404ce37e9b350
24.0,64.75000000000199,2021,1232.8803526686959,1.0,1.0,"(1, 2)",663388f6d4e404ce37e9b350
24.0,66.00000000000227,2022,1234.130352668696,1.0,1.0,"(1, 2)",663388f6d4e404ce37e9b350
24.0,67.25000000000256,2023,1235.3803526686963,1.0,1.0,"(1, 2)",663388f6d4e404ce37e9b350
24.0,68.50000000000284,2024,1236.6303526686966,1.0,1.0,"(1, 2)",663388f6d4e404ce37e9b350
24.0,69.75000000000313,2025,1237.8803526686968,1.0,1.0,"(1, 2)",663388f6d4e404ce37e9b350
24.0,71.00000000000341,2026,1239.130352668697,1.0,1.0,"(1, 2)",663388f6d4e404ce37e9b350
24.0,72.0,2027,1240.1303526686936,1.0,1.0,"(1, 2)",663388f6d4e404ce37e9b350
24.0,72.0,2028,1240.1303526686936,1.0,1.0,"(1, 2)",663388f6d4e404ce37e9b350
24.0,72.0,2029,1240.1303526686936,1.0,1.0,"(1, 2)",663388f6d4e404ce37e9b350
24.0,72.0,2030,1240.1303526686936,1.0,1.0,"(1, 2)",663388f6d4e404ce37e9b350
24.0,72.0,2031,1240.1303526686936,1.0,1.0,"(1, 2)",663388f6d4e404ce37e9b350
24.0,72.0,2032,1240.1303526686936,1.0,1.0,"(1, 2)",663388f6d4e404ce37e9b350
24.0,72.0,2033,1240.1303526686936,1.0,1.0,"(1, 2)",663388f6d4e404ce37e9b350
24.0,72.0,2034,1240.1303526686936,1.0,1.0,"(1, 2)",663388f6d4e404ce37e9b350
24.0,72.0,2035,1240.1303526686936,1.0,1.0,"(1, 2)",663388f6d4e404ce37e9b350
24.0,72.0,2036,1240.1303526686936,1.0,1.0,"(1, 2)",663388f6d4e404ce37e9b350
24.0,72.0,2037,1240.1303526686936,1.0,1.0,"(1, 2)",663388f6d4e404ce37e9b350
24.0,72.0,2038,1240.1303526686936,1.0,1.0,"(1, 2)",663388f6d4e404ce37e9b350
24.0,72.0,2039,1240.1303526686936,1.0,1.0,"(1, 2)",663388f6d4e404ce37e9b350
24.0,72.0,2040,1240.1303526686936,1.0,1.0,"(1, 2)",663388f6d4e404ce37e9b350
24.0,72.0,2041,1240.1303526686936,1.0,1.0,"(1, 2)",663388f6d4e404ce37e9b350
24.0,72.0,2042,1240.1303526686936,1.0,1.0,"(1, 2)",663388f6d4e404ce37e9b350
24.0,72.0,2043,1240.1303526686936,1.0,1.0,"(1, 2)",663388f6d4e404ce37e9b350
24.0,72.0,2044,1240.1303526686936,1.0,1.0,"(1, 2)",663388f6d4e404ce37e9b350
24.0,72.0,2045,1240.1303526686936,1.0,1.0,"(1, 2)",663388f6d4e404ce37e9b350
24.0,72.0,2046,1240.1303526686936,1.0,1.0,"(1, 2)",663388f6d4e404ce37e9b350
24.0,72.0,2047,1240.1303526686936,1.0,1.0,"(1, 2)",663388f6d4e404ce37e9b350
24.0,72.0,2048,1240.1303526686936,1.0,1.0,"(1, 2)",663388f6d4e404ce37e9b350
24.0,72.0,2049,1240.1303526686936,1.0,1.0,"(1, 2)",663388f6d4e404ce37e9b350
24.0,73.25000000000028,2050,1241.3803526686938,1.0,1.0,"(1, 2)",663388f6d4e404ce37e9b350
24.0,74.50000000000057,2051,1242.630352668694,1.0,1.0,"(1, 2)",663388f6d4e404ce37e9b350
24.0,75.75000000000085,2052,1243.8803526686943,1.0,1.0,"(1, 2)",663388f6d4e404ce37e9b350
24.0,77.00000000000114,2053,1245.1303526686945,1.0,1.0,"(1, 2)",663388f6d4e404ce37e9b350
24.0,78.25000000000142,2054,1246.3803526686947,1.0,1.0,"(1, 2)",663388f6d4e404ce37e9b350
24.0,79.5000000000017,2055,1247.630352668695,1.0,1.0,"(1, 2)",663388f6d4e404ce37e9b350
24.0,80.75000000000199,2056,1248.8803526686952,1.0,1.0,"(1, 2)",663388f6d4e404ce37e9b350
24.0,82.00000000000227,2057,1250.1303526686954,1.0,1.0,"(1, 2)",663388f6d4e404ce37e9b350
24.0,83.25000000000256,2058,1251.3803526686957,1.0,1.0,"(1, 2)",663388f6d4e404ce37e9b350
24.0,84.50000000000284,2059,1252.6303526686959,1.0,1.0,"(1, 2)",663388f6d4e404ce37e9b350
24.0,85.75000000000313,2060,1253.880352668696,1.0,1.0,"(1, 2)",663388f6d4e404ce37e9b350
24.0,87.00000000000341,2061,1255.1303526686963,1.0,1.0,"(1, 2)",663388f6d4e404ce37e9b350
24.31621556657754,88.12016826116314,2062,1256.2942982077382,1.0,1.0,"(1, 2)",663388f6d4e404ce37e9b350
25.19459214040404,89.0095245421619,2063,1257.5442982077377,1.0,1.0,"(1, 2)",663388f6d4e404ce37e9b350
26.07296871423054,89.89888082316065,2064,1258.7942982077373,1.0,1.0,"(1, 2)",663388f6d4e404ce37e9b350
26.95134528805704,90.7882371041594,2065,1260.0442982077368,1.0,1.0,"(1, 2)",663388f6d4e404ce37e9b350
27.82972186188354,91.67759338515816,2066,1261.2942982077363,1.0,1.0,"(1, 2)",663388f6d4e404ce37e9b350
28.708098435710042,92.56694966615692,2067,1262.544298207736,1.0,1.0,"(1, 2)",663388f6d4e404ce37e9b350
29.586475009536542,93.45630594715567,2068,1263.7942982077354,1.0,1.0,"(1, 2)",663388f6d4e404ce37e9b350
30.464851583363043,94.34566222815442,2069,1265.044298207735,1.0,1.0,"(1, 2)",663388f6d4e404ce37e9b350
31.343228157189543,95.23501850915318,2070,1266.2942982077345,1.0,1.0,"(1, 2)",663388f6d4e404ce37e9b350
32.22160473101604,96.12437479015193,2071,1267.544298207734,1.0,1.0,"(1, 2)",663388f6d4e404ce37e9b350
33.099981304842544,97.01373107115069,2072,1268.7942982077336,1.0,1.0,"(1, 2)",663388f6d4e404ce37e9b350
33.978357878669044,97.90308735214998,2073,1270.0442982077336,1.0,1.0,"(1, 2)",663388f6d4e404ce37e9b350
34.856734452495544,98.79244363314967,2074,1271.2942982077338,1.0,1.0,"(1, 2)",663388f6d4e404ce37e9b350
35.735111026322045,99.68179991414935,2075,1272.544298207734,1.0,1.0,"(1, 2)",663388f6d4e404ce37e9b350
36.613487600148545,100.57115619514904,2076,1273.7942982077343,1.0,1.0,"(1, 2)",663388f6d4e404ce37e9b350
37.491864173975046,101.46051247614872,2077,1275.0442982077345,1.0,1.0,"(1, 2)",663388f6d4e404ce37e9b350
38.370240747801546,102.34986875714841,2078,1276.2942982077348,1.0,1.0,"(1, 2)",663388f6d4e404ce37e9b350
39.248617321628046,103.23922503814809,2079,1277.544298207735,1.0,1.0,"(1, 2)",663388f6d4e404ce37e9b350
40.132740502653604,103.49402419263647,2080,1278.4644049452143,1.0,1.0,"(1, 2)",663388f6d4e404ce37e9b350
41.027079874255264,102.62072178888253,2081,1279.714404945214,1.0,1.0,"(1, 2)",663388f6d4e404ce37e9b350
41.921419245856924,101.7474193851286,2082,1280.9644049452138,1.0,1.0,"(1, 2)",663388f6d4e404ce37e9b350
42.815758617458584,100.87411698137466,2083,1282.2144049452136,1.0,1.0,"(1, 2)",663388f6d4e404ce37e9b350
41.78412906040103,100.16825548149953,2084,1283.4644049452138,1.0,1.0,"(1, 2)",663388f6d4e404ce37e9b350
40.75249950334347,99.46239398162469,2085,1284.714404945214,1.0,1.0,"(1, 2)",663388f6d4e404ce37e9b350
39.720869946285916,98.75653248174984,2086,1285.9644049452143,1.0,1.0,"(1, 2)",663388f6d4e404ce37e9b350
38.68924038922836,98.05067098187499,2087,1287.2144049452145,1.0,1.0,"(1, 2)",663388f6d4e404ce37e9b350
37.6576108321708,97.34480948200014,2088,1288.4644049452147,1.0,1.0,"(1, 2)",663388f6d4e404ce37e9b350
36.62598127511325,96.6389479821253,2089,1289.714404945215,1.0,1.0,"(1, 2)",663388f6d4e404ce37e9b350
35.59435171805569,95.93308648225045,2090,1290.9644049452152,1.0,1.0,"(1, 2)",663388f6d4e404ce37e9b350
34.562722160998135,95.2272249823756,2091,1292.2144049452154,1.0,1.0,"(1, 2)",663388f6d4e404ce37e9b350
33.53109260394058,94.52136348250075,2092,1293.4644049452156,1.0,1.0,"(1, 2)",663388f6d4e404ce37e9b350
32.49946304688302,93.8155019826259,2093,1294.7144049452158,1.0,1.0,"(1, 2)",663388f6d4e404ce37e9b350
31.467833489825466,93.10964048275105,2094,1295.964404945216,1.0,1.0,"(1, 2)",663388f6d4e404ce37e9b350
30.43620393276791,92.4037789828762,2095,1297.2144049452163,1.0,1.0,"(1, 2)",663388f6d4e404ce37e9b350
29.404574375710354,91.69791748300136,2096,1298.4644049452165,1.0,1.0,"(1, 2)",663388f6d4e404ce37e9b350
28.372944818652797,90.9920559831265,2097,1299.7144049452168,1.0,1.0,"(1, 2)",663388f6d4e404ce37e9b350
27.34131526159524,90.28619448325166,2098,1300.964404945217,1.0,1.0,"(1, 2)",663388f6d4e404ce37e9b350
26.309685704537685,89.5803329833768,2099,1302.2144049452172,1.0,1.0,"(1, 2)",663388f6d4e404ce37e9b350
25.27805614748013,88.87447148350196,2100,1303.4644049452174,1.0,1.0,"(1, 2)",663388f6d4e404ce37e9b350
24.246426590422573,88.16860998362712,2101,1304.7144049452177,1.0,1.0,"(1, 2)",663388f6d4e404ce37e9b350
24.180504496807252,86.94590350263661,2102,1305.938887228096,1.0,1.0,"(1, 2)",663388f6d4e404ce37e9b350
24.16540911179416,85.69599465421896,2103,1307.1888872280967,1.0,1.0,"(1, 2)",663388f6d4e404ce37e9b350
24.15031372678123,84.44608580580132,2104,1308.4388872280972,1.0,1.0,"(1, 2)",663388f6d4e404ce37e9b350
24.135218341768304,83.19617695738367,2105,1309.6888872280977,1.0,1.0,"(1, 2)",663388f6d4e404ce37e9b350
24.120122956755377,81.94626810896602,2106,1310.938887228098,1.0,1.0,"(1, 2)",663388f6d4e404ce37e9b350
24.10502757174245,80.69635926054838,2107,1312.1888872280986,1.0,1.0,"(1, 2)",663388f6d4e404ce37e9b350
24.089932186729524,79.44645041213073,2108,1313.438887228099,1.0,1.0,"(1, 2)",663388f6d4e404ce37e9b350
24.074836801716597,78.19654156371308,2109,1314.6888872280995,1.0,1.0,"(1, 2)",663388f6d4e404ce37e9b350
24.05974141670367,76.94663271529544,2110,1315.9388872281,1.0,1.0,"(1, 2)",663388f6d4e404ce37e9b350
24.044646031690743,75.69672386687779,2111,1317.1888872281004,1.0,1.0,"(1, 2)",663388f6d4e404ce37e9b350
24.029550646677816,74.44681501846014,2112,1318.4388872281008,1.0,1.0,"(1, 2)",663388f6d4e404ce37e9b350
24.01445526166489,73.1969061700425,2113,1319.6888872281013,1.0,1.0,"(1, 2)",663388f6d4e404ce37e9b350
24.0,72.0,2114,1320.8858806844223,1.0,1.0,"(1, 2)",663388f6d4e404ce37e9b350
24.0,72.0,2115,1320.8858806844223,1.0,1.0,"(1, 2)",663388f6d4e404ce37e9b350
24.0,72.0,2116,1320.8858806844223,1.0,1.0,"(1, 2)",663388f6d4e404ce37e9b350
24.0,72.0,2117,1320.8858806844223,1.0,1.0,"(1, 2)",663388f6d4e404ce37e9b350
24.0,72.0,2118,1320.8858806844223,1.0,1.0,"(1, 2)",663388f6d4e404ce37e9b350
24.0,72.0,2119,1320.8858806844223,1.0,1.0,"(1, 2)",663388f6d4e404ce37e9b350
24.0,72.0,2120,1320.8858806844223,1.0,1.0,"(1, 2)",663388f6d4e404ce37e9b350
24.0,72.0,2121,1320.8858806844223,1.0,1.0,"(1, 2)",663388f6d4e404ce37e9b350
24.0,72.0,2122,1320.8858806844223,1.0,1.0,"(1, 2)",663388f6d4e404ce37e9b350
24.0,72.0,2123,1320.8858806844223,1.0,1.0,"(1, 2)",663388f6d4e404ce37e9b350
24.0,72.0,2124,1320.8858806844223,1.0,1.0,"(1, 2)",663388f6d4e404ce37e9b350
24.0,72.0,2125,1320.8858806844223,1.0,1.0,"(1, 2)",663388f6d4e404ce37e9b350
24.0,72.0,2126,1320.8858806844223,1.0,1.0,"(1, 2)",663388f6d4e404ce37e9b350
24.0,72.0,2127,1320.8858806844223,1.0,1.0,"(1, 2)",663388f6d4e404ce37e9b350
24.0,72.0,2128,1320.8858806844223,1.0,1.0,"(1, 2)",663388f6d4e404ce37e9b350
24.0,72.0,2129,1320.8858806844223,1.0,1.0,"(1, 2)",663388f6d4e404ce37e9b350
24.0,72.0,2130,1320.8858806844223,1.0,1.0,"(1, 2)",663388f6d4e404ce37e9b350
24.0,72.0,2131,1320.8858806844223,1.0,1.0,"(1, 2)",663388f6d4e404ce37e9b350
24.0,72.0,2132,1320.8858806844223,1.0,1.0,"(1, 2)",663388f6d4e404ce37e9b350
24.0,72.0,2133,1320.8858806844223,1.0,1.0,"(1, 2)",663388f6d4e404ce37e9b350
24.0,72.0,2134,1320.8858806844223,1.0,1.0,"(1, 2)",663388f6d4e404ce37e9b350
24.0,72.0,2135,1320.8858806844223,1.0,1.0,"(1, 2)",663388f6d4e404ce37e9b350
24.0,72.0,2136,1320.8858806844223,1.0,1.0,"(1, 2)",663388f6d4e404ce37e9b350
24.0,72.0,2137,1320.8858806844223,1.0,1.0,"(1, 2)",663388f6d4e404ce37e9b350
24.0,72.0,2138,1320.8858806844223,1.0,1.0,"(1, 2)",663388f6d4e404ce37e9b350
24.0,73.25000000000028,2139,1322.1358806844225,1.0,1.0,"(1, 2)",663388f6d4e404ce37e9b350
24.0,74.50000000000057,2140,1323.3858806844228,1.0,1.0,"(1, 2)",663388f6d4e404ce37e9b350
24.0,75.75000000000085,2141,1324.635880684423,1.0,1.0,"(1, 2)",663388f6d4e404ce37e9b350
24.0,77.00000000000114,2142,1325.8858806844232,1.0,1.0,"(1, 2)",663388f6d4e404ce37e9b350
24.0,78.25000000000142,2143,1327.1358806844235,1.0,1.0,"(1, 2)",663388f6d4e404ce37e9b350
24.0,79.5000000000017,2144,1328.3858806844237,1.0,1.0,"(1, 2)",663388f6d4e404ce37e9b350
24.0,80.75000000000199,2145,1329.635880684424,1.0,1.0,"(1, 2)",663388f6d4e404ce37e9b350
24.0,82.00000000000227,2146,1330.8858806844241,1.0,1.0,"(1, 2)",663388f6d4e404ce37e9b350
24.0,83.25000000000256,2147,1332.1358806844244,1.0,1.0,"(1, 2)",663388f6d4e404ce37e9b350
24.0,84.50000000000284,2148,1333.3858806844246,1.0,1.0,"(1, 2)",663388f6d4e404ce37e9b350
24.0,85.75000000000313,2149,1334.6358806844248,1.0,1.0,"(1, 2)",663388f6d4e404ce37e9b350
24.0,87.00000000000341,2150,1335.885880684425,1.0,1.0,"(1, 2)",663388f6d4e404ce37e9b350
24.31621556657754,88.12016826116314,2151,1337.0498262234669,1.0,1.0,"(1, 2)",663388f6d4e404ce37e9b350
25.19459214040404,89.0095245421619,2152,1338.2998262234664,1.0,1.0,"(1, 2)",663388f6d4e404ce37e9b350
26.07296871423054,89.89888082316065,2153,1339.549826223466,1.0,1.0,"(1, 2)",663388f6d4e404ce37e9b350
26.95134528805704,90.7882371041594,2154,1340.7998262234655,1.0,1.0,"(1, 2)",663388f6d4e404ce37e9b350
27.82972186188354,91.67759338515816,2155,1342.049826223465,1.0,1.0,"(1, 2)",663388f6d4e404ce37e9b350
28.708098435710042,92.56694966615692,2156,1343.2998262234646,1.0,1.0,"(1, 2)",663388f6d4e404ce37e9b350
29.586475009536542,93.45630594715567,2157,1344.5498262234642,1.0,1.0,"(1, 2)",663388f6d4e404ce37e9b350
30.464851583363043,94.34566222815442,2158,1345.7998262234637,1.0,1.0,"(1, 2)",663388f6d4e404ce37e9b350
31.343228157189543,95.23501850915318,2159,1347.0498262234632,1.0,1.0,"(1, 2)",663388f6d4e404ce37e9b350
32.22160473101604,96.12437479015193,2160,1348.2998262234628,1.0,1.0,"(1, 2)",663388f6d4e404ce37e9b350
33.099981304842544,97.01373107115069,2161,1349.5498262234623,1.0,1.0,"(1, 2)",663388f6d4e404ce37e9b350
33.978357878669044,97.90308735214998,2162,1350.7998262234623,1.0,1.0,"(1, 2)",663388f6d4e404ce37e9b350
34.856734452495544,98.79244363314967,2163,1352.0498262234626,1.0,1.0,"(1, 2)",663388f6d4e404ce37e9b350
35.735111026322045,99.68179991414935,2164,1353.2998262234628,1.0,1.0,"(1, 2)",663388f6d4e404ce37e9b350
36.613487600148545,100.57115619514904,2165,1354.549826223463,1.0,1.0,"(1, 2)",663388f6d4e404ce37e9b350
37.491864173975046,101.46051247614872,2166,1355.7998262234632,1.0,1.0,"(1, 2)",663388f6d4e404ce37e9b350
38.370240747801546,102.34986875714841,2167,1357.0498262234635,1.0,1.0,"(1, 2)",663388f6d4e404ce37e9b350
39.248617321628046,103.23922503814809,2168,1358.2998262234637,1.0,1.0,"(1, 2)",663388f6d4e404ce37e9b350
40.132740502653604,103.49402419263647,2169,1359.219932960943,1.0,1.0,"(1, 2)",663388f6d4e404ce37e9b350
41.027079874255264,102.62072178888253,2170,1360.4699329609427,1.0,1.0,"(1, 2)",663388f6d4e404ce37e9b350
41.921419245856924,101.7474193851286,2171,1361.7199329609425,1.0,1.0,"(1, 2)",663388f6d4e404ce37e9b350
42.815758617458584,100.87411698137466,2172,1362.9699329609423,1.0,1.0,"(1, 2)",663388f6d4e404ce37e9b350
43.710097989060245,100.00081457762072,2173,1364.219932960942,1.0,1.0,"(1, 2)",663388f6d4e404ce37e9b350
44.604437360661905,99.12751217386678,2174,1365.4699329609418,1.0,1.0,"(1, 2)",663388f6d4e404ce37e9b350
45.498776732263565,98.25420977011284,2175,1366.7199329609416,1.0,1.0,"(1, 2)",663388f6d4e404ce37e9b350
46.393116103865225,97.3809073663589,2176,1367.9699329609414,1.0,1.0,"(1, 2)",663388f6d4e404ce37e9b350
47.287455475466885,96.50760496260496,2177,1369.2199329609412,1.0,1.0,"(1, 2)",663388f6d4e404ce37e9b350
48.181794847068545,95.63430255885102,2178,1370.469932960941,1.0,1.0,"(1, 2)",663388f6d4e404ce37e9b350
49.076134218670205,94.76100015509708,2179,1371.7199329609407,1.0,1.0,"(1, 2)",663388f6d4e404ce37e9b350
49.970473590271865,93.88769775134314,2180,1372.9699329609405,1.0,1.0,"(1, 2)",663388f6d4e404ce37e9b350
50.864812961873525,93.0143953475892,2181,1374.2199329609402,1.0,1.0,"(1, 2)",663388f6d4e404ce37e9b350
51.759152333475186,92.14109294383526,2182,1375.46993296094,1.0,1.0,"(1, 2)",663388f6d4e404ce37e9b350
52.653491705076846,91.26779054008132,2183,1376.7199329609398,1.0,1.0,"(1, 2)",663388f6d4e404ce37e9b350
53.547831076678506,90.3944881363264,2184,1377.9699329609402,1.0,1.0,"(1, 2)",663388f6d4e404ce37e9b350
54.442170448280166,89.52118573257148,2185,1379.2199329609407,1.0,1.0,"(1, 2)",663388f6d4e404ce37e9b350
55.336509819881826,88.64788332881656,2186,1380.4699329609412,1.0,1.0,"(1, 2)",663388f6d4e404ce37e9b350
56.22589149272133,87.76956314985617,2187,1381.719911399456,1.0,1.0,"(1, 2)",663388f6d4e404ce37e9b350
57.10990232523517,86.88580704775651,2188,1382.969911399456,1.0,1.0,"(1, 2)",663388f6d4e404ce37e9b350
57.993913157749006,86.00205094565686,2189,1384.219911399456,1.0,1.0,"(1, 2)",663388f6d4e404ce37e9b350
58.87792399026284,85.11829484355721,2190,1385.469911399456,1.0,1.0,"(1, 2)",663388f6d4e404ce37e9b350
59.76193482277668,84.23453874145756,2191,1386.719911399456,1.0,1.0,"(1, 2)",663388f6d4e404ce37e9b350
60.64594565529052,83.3507826393579,2192,1387.969911399456,1.0,1.0,"(1, 2)",663388f6d4e404ce37e9b350
61.529956487804355,82.46702653725825,2193,1389.219911399456,1.0,1.0,"(1, 2)",663388f6d4e404ce37e9b350
62.41396732031819,81.5832704351586,2194,1390.469911399456,1.0,1.0,"(1, 2)",663388f6d4e404ce37e9b350
63.29797815283203,80.69951433305894,2195,1391.719911399456,1.0,1.0,"(1, 2)",663388f6d4e404ce37e9b350
64.18198898534601,79.81575823095929,2196,1392.9699113994561,1.0,1.0,"(1, 2)",663388f6d4e404ce37e9b350
65.06599981786056,78.93200212885964,2197,1394.2199113994568,1.0,1.0,"(1, 2)",663388f6d4e404ce37e9b350
65.9500106503751,78.04824602675998,2198,1395.4699113994575,1.0,1.0,"(1, 2)",663388f6d4e404ce37e9b350
66.83402148288965,77.16448992466033,2199,1396.7199113994582,1.0,1.0,"(1, 2)",663388f6d4e404ce37e9b350
67.7180323154042,76.28073382256068,2200,1397.9699113994589,1.0,1.0,"(1, 2)",663388f6d4e404ce37e9b350
68.60204314791875,75.39697772046102,2201,1399.2199113994595,1.0,1.0,"(1, 2)",663388f6d4e404ce37e9b350
69.4860539804333,74.51322161836137,2202,1400.4699113994602,1.0,1.0,"(1, 2)",663388f6d4e404ce37e9b350
70.37006481294785,73.62946551626172,2203,1401.719911399461,1.0,1.0,"(1, 2)",663388f6d4e404ce37e9b350
71.2540756454624,72.74570941416206,2204,1402.9699113994616,1.0,1.0,"(1, 2)",663388f6d4e404ce37e9b350
72.13803867373511,71.8619055008474,2205,1404.219911396479,1.0,1.0,"(1, 2)",663388f6d4e404ce37e9b350
73.02192370561326,70.97802357976087,2206,1405.4699113964796,1.0,1.0,"(1, 2)",663388f6d4e404ce37e9b350
73.90580873749114,70.09414165867435,2207,1406.71991139648,1.0,1.0,"(1, 2)",663388f6d4e404ce37e9b350
74.78969376936892,69.21025973758782,2208,1407.9699113964805,1.0,1.0,"(1, 2)",663388f6d4e404ce37e9b350
75.67357880124669,68.32637781650129,2209,1409.219911396481,1.0,1.0,"(1, 2)",663388f6d4e404ce37e9b350
76.55746383312447,67.44249589541477,2210,1410.4699113964814,1.0,1.0,"(1, 2)",663388f6d4e404ce37e9b350
77.44134886500225,66.55861397432824,2211,1411.7199113964818,1.0,1.0,"(1, 2)",663388f6d4e404ce37e9b350
78.32523389688002,65.67473205324171,2212,1412.9699113964823,1.0,1.0,"(1, 2)",663388f6d4e404ce37e9b350
79.2091189287578,64.79085013215519,2213,1414.2199113964828,1.0,1.0,"(1, 2)",663388f6d4e404ce37e9b350
80.09300396063557,63.90696821106866,2214,1415.4699113964832,1.0,1.0,"(1, 2)",663388f6d4e404ce37e9b350
80.97688899251335,63.02308628998213,2215,1416.7199113964837,1.0,1.0,"(1, 2)",663388f6d4e404ce37e9b350
81.86077402439113,62.139204368895605,2216,1417.9699113964841,1.0,1.0,"(1, 2)",663388f6d4e404ce37e9b350
82.7446590562689,61.25532244780908,2217,1419.2199113964846,1.0,1.0,"(1, 2)",663388f6d4e404ce37e9b350
83.62854408814668,60.37144052672255,2218,1420.469911396485,1.0,1.0,"(1, 2)",663388f6d4e404ce37e9b350
84.51242912002445,59.487558605636025,2219,1421.7199113964855,1.0,1.0,"(1, 2)",663388f6d4e404ce37e9b350
85.39631415190223,58.6036766845495,2220,1422.969911396486,1.0,1.0,"(1, 2)",663388f6d4e404ce37e9b350
86.28019918378001,57.71979476346297,2221,1424.2199113964864,1.0,1.0,"(1, 2)",663388f6d4e404ce37e9b350
87.16408421565778,56.835912842376445,2222,1425.4699113964869,1.0,1.0,"(1, 2)",663388f6d4e404ce37e9b350
88.0,56.0,2223,1426.6520727554232,1.0,1.0,"(1, 2)",663388f6d4e404ce37e9b350
88.0,56.0,2224,1426.6520727554232,1.0,1.0,"(1, 2)",663388f6d4e404ce37e9b350
88.0,56.0,2225,1426.6520727554232,1.0,1.0,"(1, 2)",663388f6d4e404ce37e9b350
88.0,56.0,2226,1426.6520727554232,1.0,1.0,"(1, 2)",663388f6d4e404ce37e9b350
88.0,56.0,2227,1426.6520727554232,1.0,1.0,"(1, 2)",663388f6d4e404ce37e9b350
88.0,56.0,2228,1426.6520727554232,1.0,1.0,"(1, 2)",663388f6d4e404ce37e9b350
88.0,56.0,2229,1426.6520727554232,1.0,1.0,"(1, 2)",663388f6d4e404ce37e9b350
88.0,56.0,2230,1426.6520727554232,1.0,1.0,"(1, 2)",663388f6d4e404ce37e9b350
88.0,56.0,2231,1426.6520727554232,1.0,1.0,"(1, 2)",663388f6d4e404ce37e9b350
88.0,56.0,2232,1426.6520727554232,1.0,1.0,"(1, 2)",663388f6d4e404ce37e9b350
88.0,56.0,2233,1426.6520727554232,1.0,1.0,"(1, 2)",663388f6d4e404ce37e9b350
88.0,56.0,2234,1426.6520727554232,1.0,1.0,"(1, 2)",663388f6d4e404ce37e9b350
88.0,56.0,2235,1426.6520727554232,1.0,1.0,"(1, 2)",663388f6d4e404ce37e9b350
88.0,56.0,2236,1426.6520727554232,1.0,1.0,"(1, 2)",663388f6d4e404ce37e9b350
88.0,56.0,2237,1426.6520727554232,1.0,1.0,"(1, 2)",663388f6d4e404ce37e9b350
88.0,56.0,2238,1426.6520727554232,1.0,1.0,"(1, 2)",663388f6d4e404ce37e9b350
88.0,56.0,2239,1426.6520727554232,1.0,1.0,"(1, 2)",663388f6d4e404ce37e9b350
88.0,56.0,2240,1426.6520727554232,1.0,1.0,"(1, 2)",663388f6d4e404ce37e9b350
88.0,56.0,2241,1426.6520727554232,1.0,1.0,"(1, 2)",663388f6d4e404ce37e9b350
88.0,56.0,2242,1426.6520727554232,1.0,1.0,"(1, 2)",663388f6d4e404ce37e9b350
88.0,56.0,2243,1426.6520727554232,1.0,1.0,"(1, 2)",663388f6d4e404ce37e9b350
88.0,56.0,2244,1426.6520727554232,1.0,1.0,"(1, 2)",663388f6d4e404ce37e9b350
88.0,56.0,2245,1426.6520727554232,1.0,1.0,"(1, 2)",663388f6d4e404ce37e9b350
88.0,56.0,2246,1426.6520727554232,1.0,1.0,"(1, 2)",663388f6d4e404ce37e9b350
88.0,56.0,2247,1426.6520727554232,1.0,1.0,"(1, 2)",663388f6d4e404ce37e9b350
88.0,56.0,2248,1426.6520727554232,1.0,1.0,"(1, 2)",663388f6d4e404ce37e9b350
88.0,56.0,2249,1426.6520727554232,1.0,1.0,"(1, 2)",663388f6d4e404ce37e9b350
88.0,56.0,2250,1426.6520727554232,1.0,1.0,"(1, 2)",663388f6d4e404ce37e9b350
88.0,56.0,2251,1426.6520727554232,1.0,1.0,"(1, 2)",663388f6d4e404ce37e9b350
88.0,56.0,2252,1426.6520727554232,1.0,1.0,"(1, 2)",663388f6d4e404ce37e9b350
88.0,56.0,2253,1426.6520727554232,1.0,1.0,"(1, 2)",663388f6d4e404ce37e9b350
88.0,56.0,2254,1426.6520727554232,1.0,1.0,"(1, 2)",663388f6d4e404ce37e9b350
88.0,56.0,2255,1426.6520727554232,1.0,1.0,"(1, 2)",663388f6d4e404ce37e9b350
88.0,56.0,2256,1426.6520727554232,1.0,1.0,"(1, 2)",663388f6d4e404ce37e9b350
88.0,56.0,2257,1426.6520727554232,1.0,1.0,"(1, 2)",663388f6d4e404ce37e9b350
88.0,56.0,2258,1426.6520727554232,1.0,1.0,"(1, 2)",663388f6d4e404ce37e9b350
88.0,56.0,2259,1426.6520727554232,1.0,1.0,"(1, 2)",663388f6d4e404ce37e9b350
88.0,56.0,2260,1426.6520727554232,1.0,1.0,"(1, 2)",663388f6d4e404ce37e9b350
88.0,56.0,2261,1426.6520727554232,1.0,1.0,"(1, 2)",663388f6d4e404ce37e9b350
88.0,54.749999999999716,2262,1427.9020727554234,1.0,1.0,"(1, 2)",663388f6d4e404ce37e9b350
88.0,53.49999999999943,2263,1429.1520727554237,1.0,1.0,"(1, 2)",663388f6d4e404ce37e9b350
88.0,52.24999999999915,2264,1430.402072755424,1.0,1.0,"(1, 2)",663388f6d4e404ce37e9b350
88.0,50.99999999999886,2265,1431.6520727554241,1.0,1.0,"(1, 2)",663388f6d4e404ce37e9b350
88.0,49.74999999999858,2266,1432.9020727554243,1.0,1.0,"(1, 2)",663388f6d4e404ce37e9b350
88.0,48.499999999998295,2267,1434.1520727554246,1.0,1.0,"(1, 2)",663388f6d4e404ce37e9b350
88.0,47.24999999999801,2268,1435.4020727554248,1.0,1.0,"(1, 2)",663388f6d4e404ce37e9b350
88.0,45.999999999997726,2269,1436.652072755425,1.0,1.0,"(1, 2)",663388f6d4e404ce37e9b350
88.0,44.74999999999744,2270,1437.9020727554253,1.0,1.0,"(1, 2)",663388f6d4e404ce37e9b350
88.0,43.49999999999716,2271,1439.1520727554255,1.0,1.0,"(1, 2)",663388f6d4e404ce37e9b350
88.0,42.249999999996874,2272,1440.4020727554257,1.0,1.0,"(1, 2)",663388f6d4e404ce37e9b350
88.0,40.99999999999659,2273,1441.652072755426,1.0,1.0,"(1, 2)",663388f6d4e404ce37e9b350
87.6837844334222,39.8798317388366,2274,1442.8160182944682,1.0,1.0,"(1, 2)",663388f6d4e404ce37e9b350
86.805407859595,38.990475457837135,2275,1444.066018294469,1.0,1.0,"(1, 2)",663388f6d4e404ce37e9b350
85.92703128576778,38.10111917683767,2276,1445.3160182944696,1.0,1.0,"(1, 2)",663388f6d4e404ce37e9b350
85.04865471194057,37.211762895838206,2277,1446.5660182944703,1.0,1.0,"(1, 2)",663388f6d4e404ce37e9b350
84.17027813811345,36.32240661483874,2278,1447.816018294471,1.0,1.0,"(1, 2)",663388f6d4e404ce37e9b350
83.29190156428673,35.433050333839276,2279,1449.0660182944712,1.0,1.0,"(1, 2)",663388f6d4e404ce37e9b350
82.41352499046002,34.54369405283981,2280,1450.3160182944714,1.0,1.0,"(1, 2)",663388f6d4e404ce37e9b350
81.5351484166333,33.654337771840346,2281,1451.5660182944716,1.0,1.0,"(1, 2)",663388f6d4e404ce37e9b350
80.65677184280659,32.76498149084088,2282,1452.8160182944719,1.0,1.0,"(1, 2)",663388f6d4e404ce37e9b350
79.77839526897993,31.875625209841466,2283,1454.066018294472,1.0,1.0,"(1, 2)",663388f6d4e404ce37e9b350
78.90001869515356,30.986268928842357,2284,1455.3160182944719,1.0,1.0,"(1, 2)",663388f6d4e404ce37e9b350
78.0216421213272,30.096912647843247,2285,1456.5660182944716,1.0,1.0,"(1, 2)",663388f6d4e404ce37e9b350
77.14326554750085,29.207556366844138,2286,1457.8160182944714,1.0,1.0,"(1, 2)",663388f6d4e404ce37e9b350
76.26488897367449,28.318200085845028,2287,1459.0660182944712,1.0,1.0,"(1, 2)",663388f6d4e404ce37e9b350
75.38651239984813,27.42884380484592,2288,1460.316018294471,1.0,1.0,"(1, 2)",663388f6d4e404ce37e9b350
74.50813582602177,26.53948752384681,2289,1461.5660182944707,1.0,1.0,"(1, 2)",663388f6d4e404ce37e9b350
73.6297592521954,25.6501312428477,2290,1462.8160182944705,1.0,1.0,"(1, 2)",663388f6d4e404ce37e9b350
72.75138267836904,24.76077496184859,2291,1464.0660182944703,1.0,1.0,"(1, 2)",663388f6d4e404ce37e9b350
72.0,24.0,2292,1465.1352958411946,1.0,1.0,"(1, 2)",663388f6d4e404ce37e9b350
72.0,24.0,2293,1465.1352958411946,1.0,1.0,"(1, 2)",663388f6d4e404ce37e9b350
72.0,24.0,2294,1465.1352958411946,1.0,1.0,"(1, 2)",663388f6d4e404ce37e9b350
72.0,24.0,2295,1465.1352958411946,1.0,1.0,"(1, 2)",663388f6d4e404ce37e9b350
72.0,24.0,2296,1465.1352958411946,1.0,1.0,"(1, 2)",663388f6d4e404ce37e9b350
72.0,24.0,2297,1465.1352958411946,1.0,1.0,"(1, 2)",663388f6d4e404ce37e9b350
72.0,24.0,2298,1465.1352958411946,1.0,1.0,"(1, 2)",663388f6d4e404ce37e9b350
72.0,24.0,2299,1465.1352958411946,1.0,1.0,"(1, 2)",663388f6d4e404ce37e9b350
72.0,24.0,2300,1465.1352958411946,1.0,1.0,"(1, 2)",663388f6d4e404ce37e9b350
72.0,24.0,2301,1465.1352958411946,1.0,1.0,"(1, 2)",663388f6d4e404ce37e9b350
72.0,24.0,2302,1465.1352958411946,1.0,1.0,"(1, 2)",663388f6d4e404ce37e9b350
72.0,24.0,2303,1465.1352958411946,1.0,1.0,"(1, 2)",663388f6d4e404ce37e9b350
72.0,24.0,2304,1465.1352958411946,1.0,1.0,"(1, 2)",663388f6d4e404ce37e9b350
72.0,24.0,2305,1465.1352958411946,1.0,1.0,"(1, 2)",663388f6d4e404ce37e9b350
72.0,24.0,2306,1465.1352958411946,1.0,1.0,"(1, 2)",663388f6d4e404ce37e9b350
72.0,24.0,2307,1465.1352958411946,1.0,1.0,"(1, 2)",663388f6d4e404ce37e9b350
72.0,24.0,2308,1465.1352958411946,1.0,1.0,"(1, 2)",663388f6d4e404ce37e9b350
72.0,24.0,2309,1465.1352958411946,1.0,1.0,"(1, 2)",663388f6d4e404ce37e9b350
72.0,24.0,2310,1465.1352958411946,1.0,1.0,"(1, 2)",663388f6d4e404ce37e9b350
72.0,24.0,2311,1465.1352958411946,1.0,1.0,"(1, 2)",663388f6d4e404ce37e9b350
72.0,24.0,2312,1465.1352958411946,1.0,1.0,"(1, 2)",663388f6d4e404ce37e9b350
72.0,24.0,2313,1465.1352958411946,1.0,1.0,"(1, 2)",663388f6d4e404ce37e9b350
72.0,24.0,2314,1465.1352958411946,1.0,1.0,"(1, 2)",663388f6d4e404ce37e9b350
72.0,24.0,2315,1465.1352958411946,1.0,1.0,"(1, 2)",663388f6d4e404ce37e9b350
72.0,24.0,2316,1465.1352958411946,1.0,1.0,"(1, 2)",663388f6d4e404ce37e9b350
72.0,24.0,2317,1465.1352958411946,1.0,1.0,"(1, 2)",663388f6d4e404ce37e9b350
72.0,24.0,2318,1465.1352958411946,1.0,1.0,"(1, 2)",663388f6d4e404ce37e9b350
72.0,24.0,2319,1465.1352958411946,1.0,1.0,"(1, 2)",663388f6d4e404ce37e9b350
72.0,24.0,2320,1465.1352958411946,1.0,1.0,"(1, 2)",663388f6d4e404ce37e9b350
72.0,24.0,2321,1465.1352958411946,1.0,1.0,"(1, 2)",663388f6d4e404ce37e9b350
72.0,24.0,2322,1465.1352958411946,1.0,1.0,"(1, 2)",663388f6d4e404ce37e9b350
72.0,24.0,2323,1465.1352958411946,1.0,1.0,"(1, 2)",663388f6d4e404ce37e9b350
72.0,24.0,2324,1465.1352958411946,1.0,1.0,"(1, 2)",663388f6d4e404ce37e9b350
72.0,24.0,2325,1465.1352958411946,1.0,1.0,"(1, 2)",663388f6d4e404ce37e9b350
72.0,24.0,2326,1465.1352958411946,1.0,1.0,"(1, 2)",663388f6d4e404ce37e9b350
72.0,24.0,2327,1465.1352958411946,1.0,1.0,"(1, 2)",663388f6d4e404ce37e9b350
70.74999999999972,24.0,2328,1466.3852958411949,1.0,1.0,"(1, 2)",663388f6d4e404ce37e9b350
69.49999999999943,24.0,2329,1467.635295841195,1.0,1.0,"(1, 2)",663388f6d4e404ce37e9b350
68.24999999999915,24.0,2330,1468.8852958411953,1.0,1.0,"(1, 2)",663388f6d4e404ce37e9b350
66.99999999999886,24.0,2331,1470.1352958411956,1.0,1.0,"(1, 2)",663388f6d4e404ce37e9b350
65.74999999999858,24.0,2332,1471.3852958411958,1.0,1.0,"(1, 2)",663388f6d4e404ce37e9b350
64.4999999999983,24.0,2333,1472.635295841196,1.0,1.0,"(1, 2)",663388f6d4e404ce37e9b350
63.24999999999801,24.0,2334,1473.8852958411962,1.0,1.0,"(1, 2)",663388f6d4e404ce37e9b350
61.999999999997726,24.0,2335,1475.1352958411965,1.0,1.0,"(1, 2)",663388f6d4e404ce37e9b350
60.74999999999744,24.0,2336,1476.3852958411967,1.0,1.0,"(1, 2)",663388f6d4e404ce37e9b350
59.49999999999716,24.0,2337,1477.635295841197,1.0,1.0,"(1, 2)",663388f6d4e404ce37e9b350
58.249999999996874,24.0,2338,1478.8852958411971,1.0,1.0,"(1, 2)",663388f6d4e404ce37e9b350
56.99999999999659,24.0,2339,1480.1352958411974,1.0,1.0,"(1, 2)",663388f6d4e404ce37e9b350
55.749999999996305,24.0,2340,1481.3852958411976,1.0,1.0,"(1, 2)",663388f6d4e404ce37e9b350
54.49999999999602,24.0,2341,1482.6352958411978,1.0,1.0,"(1, 2)",663388f6d4e404ce37e9b350
53.24999999999574,24.0,2342,1483.885295841198,1.0,1.0,"(1, 2)",663388f6d4e404ce37e9b350
51.99999999999545,24.0,2343,1485.1352958411983,1.0,1.0,"(1, 2)",663388f6d4e404ce37e9b350
50.74999999999517,24.0,2344,1486.3852958411985,1.0,1.0,"(1, 2)",663388f6d4e404ce37e9b350
49.499999999994884,24.0,2345,1487.6352958411987,1.0,1.0,"(1, 2)",663388f6d4e404ce37e9b350
48.2499999999946,24.0,2346,1488.885295841199,1.0,1.0,"(1, 2)",663388f6d4e404ce37e9b350
46.999999999994316,24.0,2347,1490.1352958411992,1.0,1.0,"(1, 2)",663388f6d4e404ce37e9b350
45.74999999999403,24.0,2348,1491.3852958411994,1.0,1.0,"(1, 2)",663388f6d4e404ce37e9b350
44.49999999999375,24.0,2349,1492.6352958411996,1.0,1.0,"(1, 2)",663388f6d4e404ce37e9b350
43.24999999999346,24.0,2350,1493.8852958411999,1.0,1.0,"(1, 2)",663388f6d4e404ce37e9b350
41.99999999999318,24.0,2351,1495.1352958412,1.0,1.0,"(1, 2)",663388f6d4e404ce37e9b350
40.749999999992895,24.0,2352,1496.3852958412003,1.0,1.0,"(1, 2)",663388f6d4e404ce37e9b350
39.70196048263347,24.49189088134284,2353,1497.5430278780273,1.0,1.0,"(1, 2)",663388f6d4e404ce37e9b350
38.81260420163471,25.37026745516934,2354,1498.7930278780268,1.0,1.0,"(1, 2)",663388f6d4e404ce37e9b350
37.92324792063596,26.24864402899584,2355,1500.0430278780264,1.0,1.0,"(1, 2)",663388f6d4e404ce37e9b350
37.033891639637005,27.12702060282234,2356,1501.2930278780261,1.0,1.0,"(1, 2)",663388f6d4e404ce37e9b350
36.14453535863804,28.00539717664884,2357,1502.543027878026,1.0,1.0,"(1, 2)",663388f6d4e404ce37e9b350
35.25517907763907,28.883773750475342,2358,1503.7930278780257,1.0,1.0,"(1, 2)",663388f6d4e404ce37e9b350
34.36582279664011,29.762150324301842,2359,1505.0430278780254,1.0,1.0,"(1, 2)",663388f6d4e404ce37e9b350
33.47646651564114,30.640526898128343,2360,1506.2930278780252,1.0,1.0,"(1, 2)",663388f6d4e404ce37e9b350
32.587110234642175,31.518903471954843,2361,1507.543027878025,1.0,1.0,"(1, 2)",663388f6d4e404ce37e9b350
31.697753953643165,32.39728004578134,2362,1508.7930278780248,1.0,1.0,"(1, 2)",663388f6d4e404ce37e9b350
30.808397672644055,33.275656619607844,2363,1510.0430278780248,1.0,1.0,"(1, 2)",663388f6d4e404ce37e9b350
29.919041391644946,34.154033193434344,2364,1511.2930278780248,1.0,1.0,"(1, 2)",663388f6d4e404ce37e9b350
29.029685110645836,35.032409767260845,2365,1512.5430278780248,1.0,1.0,"(1, 2)",663388f6d4e404ce37e9b350
28.140328829646727,35.910786341087345,2366,1513.7930278780248,1.0,1.0,"(1, 2)",663388f6d4e404ce37e9b350
27.250972548647617,36.789162914913845,2367,1515.0430278780248,1.0,1.0,"(1, 2)",663388f6d4e404ce37e9b350
26.361616267648508,37.667539488740346,2368,1516.2930278780248,1.0,1.0,"(1, 2)",663388f6d4e404ce37e9b350
25.472259986649725,38.54591606256688,2369,1517.5430278780245,1.0,1.0,"(1, 2)",663388f6d4e404ce37e9b350
24.58290370565097,39.424292636393595,2370,1518.7930278780243,1.0,1.0,"(1, 2)",663388f6d4e404ce37e9b350
24.0,40.0,2371,1519.612305424752,1.0,1.0,"(1, 2)",663388f6d4e404ce37e9b350
24.0,40.0,2372,1519.612305424752,1.0,1.0,"(1, 2)",663388f6d4e404ce37e9b350
24.0,40.0,2373,1519.612305424752,1.0,1.0,"(1, 2)",663388f6d4e404ce37e9b350
24.0,40.0,2374,1519.612305424752,1.0,1.0,"(1, 2)",663388f6d4e404ce37e9b350
24.0,40.0,2375,1519.612305424752,1.0,1.0,"(1, 2)",663388f6d4e404ce37e9b350
24.0,40.0,2376,1519.612305424752,1.0,1.0,"(1, 2)",663388f6d4e404ce37e9b350
24.0,40.0,2377,1519.612305424752,1.0,1.0,"(1, 2)",663388f6d4e404ce37e9b350
24.0,40.0,2378,1519.612305424752,1.0,1.0,"(1, 2)",663388f6d4e404ce37e9b350
24.0,40.0,2379,1519.612305424752,1.0,1.0,"(1, 2)",663388f6d4e404ce37e9b350
24.0,40.0,2380,1519.612305424752,1.0,1.0,"(1, 2)",663388f6d4e404ce37e9b350
24.0,40.0,2381,1519.612305424752,1.0,1.0,"(1, 2)",663388f6d4e404ce37e9b350
24.0,40.0,2382,1519.612305424752,1.0,1.0,"(1, 2)",663388f6d4e404ce37e9b350
24.0,40.0,2383,1519.612305424752,1.0,1.0,"(1, 2)",663388f6d4e404ce37e9b350
24.0,40.0,2384,1519.612305424752,1.0,1.0,"(1, 2)",663388f6d4e404ce37e9b350
24.0,40.0,2385,1519.612305424752,1.0,1.0,"(1, 2)",663388f6d4e404ce37e9b350
24.0,40.0,2386,1519.612305424752,1.0,1.0,"(1, 2)",663388f6d4e404ce37e9b350
24.0,40.0,2387,1519.612305424752,1.0,1.0,"(1, 2)",663388f6d4e404ce37e9b350
24.0,40.0,2388,1519.612305424752,1.0,1.0,"(1, 2)",663388f6d4e404ce37e9b350
24.0,40.0,2389,1519.612305424752,1.0,1.0,"(1, 2)",663388f6d4e404ce37e9b350
24.0,40.0,2390,1519.612305424752,1.0,1.0,"(1, 2)",663388f6d4e404ce37e9b350
24.0,40.0,2391,1519.612305424752,1.0,1.0,"(1, 2)",663388f6d4e404ce37e9b350
24.0,40.0,2392,1519.612305424752,1.0,1.0,"(1, 2)",663388f6d4e404ce37e9b350
24.0,40.0,2393,1519.612305424752,1.0,1.0,"(1, 2)",663388f6d4e404ce37e9b350
24.0,40.0,2394,1519.612305424752,1.0,1.0,"(1, 2)",663388f6d4e404ce37e9b350
24.0,40.0,2395,1519.612305424752,1.0,1.0,"(1, 2)",663388f6d4e404ce37e9b350
24.0,40.0,2396,1519.612305424752,1.0,1.0,"(1, 2)",663388f6d4e404ce37e9b350
24.0,40.0,2397,1519.612305424752,1.0,1.0,"(1, 2)",663388f6d4e404ce37e9b350
24.0,40.0,2398,1519.612305424752,1.0,1.0,"(1, 2)",663388f6d4e404ce37e9b350
24.0,40.0,2399,1519.612305424752,1.0,1.0,"(1, 2)",663388f6d4e404ce37e9b350
24.0,40.0,2400,1519.612305424752,1.0,1.0,"(1, 2)",663388f6d4e404ce37e9b350
24.0,40.0,2401,1519.612305424752,1.0,1.0,"(1, 2)",663388f6d4e404ce37e9b350
24.0,40.0,2402,1519.612305424752,1.0,1.0,"(1, 2)",663388f6d4e404ce37e9b350
24.0,40.0,2403,1519.612305424752,1.0,1.0,"(1, 2)",663388f6d4e404ce37e9b350
24.0,40.0,2404,1519.612305424752,1.0,1.0,"(1, 2)",663388f6d4e404ce37e9b350
24.0,40.0,2405,1519.612305424752,1.0,1.0,"(1, 2)",663388f6d4e404ce37e9b350
24.0,40.0,2406,1519.612305424752,1.0,1.0,"(1, 2)",663388f6d4e404ce37e9b350
24.0,40.0,2407,1519.612305424752,1.0,1.0,"(1, 2)",663388f6d4e404ce37e9b350
24.0,40.0,2408,1519.612305424752,1.0,1.0,"(1, 2)",663388f6d4e404ce37e9b350
24.0,40.0,2409,1519.612305424752,1.0,1.0,"(1, 2)",663388f6d4e404ce37e9b350
24.0,40.0,2410,1519.612305424752,1.0,1.0,"(1, 2)",663388f6d4e404ce37e9b350
24.0,40.0,2411,1519.612305424752,1.0,1.0,"(1, 2)",663388f6d4e404ce37e9b350
24.0,40.0,2412,1519.612305424752,1.0,1.0,"(1, 2)",663388f6d4e404ce37e9b350
24.0,40.0,2413,1519.612305424752,1.0,1.0,"(1, 2)",663388f6d4e404ce37e9b350
24.0,40.0,2414,1519.612305424752,1.0,1.0,"(1, 2)",663388f6d4e404ce37e9b350
24.0,40.0,2415,1519.612305424752,1.0,1.0,"(1, 2)",663388f6d4e404ce37e9b350
24.0,40.0,2416,1519.612305424752,1.0,1.0,"(1, 2)",663388f6d4e404ce37e9b350
24.0,40.0,2417,1519.612305424752,1.0,1.0,"(1, 2)",663388f6d4e404ce37e9b350
24.0,40.0,2418,1519.612305424752,1.0,1.0,"(1, 2)",663388f6d4e404ce37e9b350
24.0,40.0,2419,1519.612305424752,1.0,1.0,"(1, 2)",663388f6d4e404ce37e9b350
24.0,40.0,2420,1519.612305424752,1.0,1.0,"(1, 2)",663388f6d4e404ce37e9b350
24.0,40.0,2421,1519.612305424752,1.0,1.0,"(1, 2)",663388f6d4e404ce37e9b350
24.0,40.0,2422,1519.612305424752,1.0,1.0,"(1, 2)",663388f6d4e404ce37e9b350
24.88388347648305,39.11611652351695,2423,1520.8623054247519,1.0,1.0,"(1, 2)",663388f6d4e404ce37e9b350
25.7677669529661,38.2322330470339,2424,1522.1123054247516,1.0,1.0,"(1, 2)",663388f6d4e404ce37e9b350
26.65165042944915,37.34834957055085,2425,1523.3623054247514,1.0,1.0,"(1, 2)",663388f6d4e404ce37e9b350
27.535533905932198,36.4644660940678,2426,1524.6123054247512,1.0,1.0,"(1, 2)",663388f6d4e404ce37e9b350
28.419417382415247,35.58058261758475,2427,1525.862305424751,1.0,1.0,"(1, 2)",663388f6d4e404ce37e9b350
29.303300858898297,34.6966991411017,2428,1527.1123054247507,1.0,1.0,"(1, 2)",663388f6d4e404ce37e9b350
30.187184335381346,33.812815664618654,2429,1528.3623054247505,1.0,1.0,"(1, 2)",663388f6d4e404ce37e9b350
31.071067811864395,32.928932188135605,2430,1529.6123054247503,1.0,1.0,"(1, 2)",663388f6d4e404ce37e9b350
31.954951288347445,32.045048711652555,2431,1530.86230542475,1.0,1.0,"(1, 2)",663388f6d4e404ce37e9b350
32.838834764830494,31.161165235169506,2432,1532.1123054247498,1.0,1.0,"(1, 2)",663388f6d4e404ce37e9b350
33.722718241313544,30.277281758686456,2433,1533.3623054247496,1.0,1.0,"(1, 2)",663388f6d4e404ce37e9b350
34.60660171779659,29.393398282203407,2434,1534.6123054247494,1.0,1.0,"(1, 2)",663388f6d4e404ce37e9b350
35.49048519427964,28.509514805720357,2435,1535.8623054247491,1.0,1.0,"(1, 2)",663388f6d4e404ce37e9b350
36.37436867076269,27.625631329237308,2436,1537.112305424749,1.0,1.0,"(1, 2)",663388f6d4e404ce37e9b350
37.25825214724574,26.74174785275426,2437,1538.3623054247487,1.0,1.0,"(1, 2)",663388f6d4e404ce37e9b350
38.14213562372879,25.85786437627121,2438,1539.6123054247485,1.0,1.0,"(1, 2)",663388f6d4e404ce37e9b350
39.02601910021184,24.97398089978816,2439,1540.8623054247482,1.0,1.0,"(1, 2)",663388f6d4e404ce37e9b350
39.95382555869017,24.194346815316237,2440,1542.0741858355416,1.0,1.0,"(1, 2)",663388f6d4e404ce37e9b350
41.203733885133886,24.179208272259245,2441,1543.3241858355414,1.0,1.0,"(1, 2)",663388f6d4e404ce37e9b350
42.4536422115776,24.164069729202254,2442,1544.5741858355411,1.0,1.0,"(1, 2)",663388f6d4e404ce37e9b350
43.70355053802132,24.148931186145262,2443,1545.824185835541,1.0,1.0,"(1, 2)",663388f6d4e404ce37e9b350
44.953458864465034,24.13379264308827,2444,1547.0741858355407,1.0,1.0,"(1, 2)",663388f6d4e404ce37e9b350
46.20336719090875,24.11865410003119,2445,1548.3241858355404,1.0,1.0,"(1, 2)",663388f6d4e404ce37e9b350
47.453275517352466,24.103515556974024,2446,1549.5741858355402,1.0,1.0,"(1, 2)",663388f6d4e404ce37e9b350
48.70318384379618,24.08837701391686,2447,1550.82418583554,1.0,1.0,"(1, 2)",663388f6d4e404ce37e9b350
49.9530921702399,24.073238470859692,2448,1552.0741858355398,1.0,1.0,"(1, 2)",663388f6d4e404ce37e9b350
51.203000496683615,24.058099927802527,2449,1553.3241858355395,1.0,1.0,"(1, 2)",663388f6d4e404ce37e9b350
52.45290882312733,24.04296138474536,2450,1554.5741858355393,1.0,1.0,"(1, 2)",663388f6d4e404ce37e9b350
53.70281714957105,24.027822841688195,2451,1555.824185835539,1.0,1.0,"(1, 2)",663388f6d4e404ce37e9b350
54.95272547601476,24.01268429863103,2452,1557.0741858355389,1.0,1.0,"(1, 2)",663388f6d4e404ce37e9b350
56.20266313364169,24.00233106509779,2453,1558.3241663703468,1.0,1.0,"(1, 2)",663388f6d4e404ce37e9b350
57.45266312003295,24.002146614302884,2454,1559.5741663703468,1.0,1.0,"(1, 2)",663388f6d4e404ce37e9b350
58.70266310642421,24.00196216350798,2455,1560.8241663703468,1.0,1.0,"(1, 2)",663388f6d4e404ce37e9b350
59.95266309281547,24.001777712713075,2456,1562.0741663703468,1.0,1.0,"(1, 2)",663388f6d4e404ce37e9b350
61.20266307920673,24.00159326191817,2457,1563.3241663703468,1.0,1.0,"(1, 2)",663388f6d4e404ce37e9b350
62.45266306559799,24.001408811123397,2458,1564.5741663703468,1.0,1.0,"(1, 2)",663388f6d4e404ce37e9b350
63.70266305198925,24.00122436032867,2459,1565.8241663703468,1.0,1.0,"(1, 2)",663388f6d4e404ce37e9b350
64.95266303837997,24.001039909533944,2460,1567.0741663703463,1.0,1.0,"(1, 2)",663388f6d4e404ce37e9b350
66.20266302477052,24.000855458739217,2461,1568.3241663703457,1.0,1.0,"(1, 2)",663388f6d4e404ce37e9b350
67.45266301116106,24.00067100794449,2462,1569.574166370345,1.0,1.0,"(1, 2)",663388f6d4e404ce37e9b350
68.70266299755161,24.000486557149763,2463,1570.8241663703443,1.0,1.0,"(1, 2)",663388f6d4e404ce37e9b350
69.95266298394216,24.000302106355036,2464,1572.0741663703436,1.0,1.0,"(1, 2)",663388f6d4e404ce37e9b350
71.20266297033271,24.00011765556031,2465,1573.324166370343,1.0,1.0,"(1, 2)",663388f6d4e404ce37e9b350
72.45266296379884,24.00002795062462,2466,1574.5741663670278,1.0,1.0,"(1, 2)",663388f6d4e404ce37e9b350
73.70266296379629,24.000025703404965,2467,1575.8241663670274,1.0,1.0,"(1, 2)",663388f6d4e404ce37e9b350
74.95266296379373,24.00002345618531,2468,1577.074166367027,1.0,1.0,"(1, 2)",663388f6d4e404ce37e9b350
76.20266296379117,24.000021208965656,2469,1578.3241663670265,1.0,1.0,"(1, 2)",663388f6d4e404ce37e9b350
77.45266296378861,24.000018961746,2470,1579.574166367026,1.0,1.0,"(1, 2)",663388f6d4e404ce37e9b350
78.70266296378605,24.000016714526346,2471,1580.8241663670256,1.0,1.0,"(1, 2)",663388f6d4e404ce37e9b350
79.9526629637835,24.00001446730669,2472,1582.074166367025,1.0,1.0,"(1, 2)",663388f6d4e404ce37e9b350
81.20266296378094,24.000012220087036,2473,1583.3241663670246,1.0,1.0,"(1, 2)",663388f6d4e404ce37e9b350
82.45266296377838,24.00000997286738,2474,1584.5741663670242,1.0,1.0,"(1, 2)",663388f6d4e404ce37e9b350
83.70266296377582,24.000007725647727,2475,1585.8241663670237,1.0,1.0,"(1, 2)",663388f6d4e404ce37e9b350
84.95266296377326,24.000005478428115,2476,1587.0741663670233,1.0,1.0,"(1, 2)",663388f6d4e404ce37e9b350
86.2026629637707,24.000003231208638,2477,1588.3241663670228,1.0,1.0,"(1, 2)",663388f6d4e404ce37e9b350
87.45266296376815,24.00000098398916,2478,1589.5741663670224,1.0,1.0,"(1, 2)",663388f6d4e404ce37e9b350
88.70266296376764,24.00000033505509,2479,1590.824166367022,1.0,1.0,"(1, 2)",663388f6d4e404ce37e9b350
89.95266296376792,24.00000030767646,2480,1592.0741663670221,1.0,1.0,"(1, 2)",663388f6d4e404ce37e9b350
91.2026629637682,24.000000280297826,2481,1593.3241663670224,1.0,1.0,"(1, 2)",663388f6d4e404ce37e9b350
92.45266296376849,24.000000252919193,2482,1594.5741663670226,1.0,1.0,"(1, 2)",663388f6d4e404ce37e9b350
93.70266296376877,24.00000022554056,2483,1595.8241663670228,1.0,1.0,"(1, 2)",663388f6d4e404ce37e9b350
94.95266296376906,24.000000198161928,2484,1597.074166367023,1.0,1.0,"(1, 2)",663388f6d4e404ce37e9b350
96.20266296376934,24.000000170783295,2485,1598.3241663670233,1.0,1.0,"(1, 2)",663388f6d4e404ce37e9b350
97.45266296376963,24.00000014340478,2486,1599.5741663670235,1.0,1.0,"(1, 2)",663388f6d4e404ce37e9b350
98.70266296376991,24.000000116026325,2487,1600.8241663670237,1.0,1.0,"(1, 2)",663388f6d4e404ce37e9b350
99.9526629637702,24.00000008864787,2488,1602.074166367024,1.0,1.0,"(1, 2)",663388f6d4e404ce37e9b350
101.20266296377048,24.000000061269414,2489,1603.3241663670242,1.0,1.0,"(1, 2)",663388f6d4e404ce37e9b350
102.45266296377076,24.00000003389096,2490,1604.5741663670244,1.0,1.0,"(1, 2)",663388f6d4e404ce37e9b350
103.70266296377105,24.000000006512504,2491,1605.8241663670246,1.0,1.0,"(1, 2)",663388f6d4e404ce37e9b350
104.0,24.0,2492,1606.1215034032537,1.0,1.0,"(1, 2)",663388f6d4e404ce37e9b350
104.0,24.0,2493,1606.1215034032537,1.0,1.0,"(1, 2)",663388f6d4e404ce37e9b350
104.0,24.0,2494,1606.1215034032537,1.0,1.0,"(1, 2)",663388f6d4e404ce37e9b350
104.0,24.0,2495,1606.1215034032537,1.0,1.0,"(1, 2)",663388f6d4e404ce37e9b350
104.0,24.0,2496,1606.1215034032537,1.0,1.0,"(1, 2)",663388f6d4e404ce37e9b350
104.0,24.0,2497,1606.1215034032537,1.0,1.0,"(1, 2)",663388f6d4e404ce37e9b350
104.0,24.0,2498,1606.1215034032537,1.0,1.0,"(1, 2)",663388f6d4e404ce37e9b350
104.0,24.0,2499,1606.1215034032537,1.0,1.0,"(1, 2)",663388f6d4e404ce37e9b350
104.0,24.0,2500,1606.1215034032537,1.0,1.0,"(1, 2)",663388f6d4e404ce37e9b350
104.0,24.0,2501,1606.1215034032537,1.0,1.0,"(1, 2)",663388f6d4e404ce37e9b350
104.0,24.0,2502,1606.1215034032537,1.0,1.0,"(1, 2)",663388f6d4e404ce37e9b350
104.0,24.0,2503,1606.1215034032537,1.0,1.0,"(1, 2)",663388f6d4e404ce37e9b350
104.0,24.0,2504,1606.1215034032537,1.0,1.0,"(1, 2)",663388f6d4e404ce37e9b350
104.0,24.0,2505,1606.1215034032537,1.0,1.0,"(1, 2)",663388f6d4e404ce37e9b350
104.0,24.0,2506,1606.1215034032537,1.0,1.0,"(1, 2)",663388f6d4e404ce37e9b350
104.0,24.0,2507,1606.1215034032537,1.0,1.0,"(1, 2)",663388f6d4e404ce37e9b350
104.0,24.0,2508,1606.1215034032537,1.0,1.0,"(1, 2)",663388f6d4e404ce37e9b350
104.0,24.0,2509,1606.1215034032537,1.0,1.0,"(1, 2)",663388f6d4e404ce37e9b350
104.0,24.0,2510,1606.1215034032537,1.0,1.0,"(1, 2)",663388f6d4e404ce37e9b350
104.0,24.0,2511,1606.1215034032537,1.0,1.0,"(1, 2)",663388f6d4e404ce37e9b350
104.0,24.0,2512,1606.1215034032537,1.0,1.0,"(1, 2)",663388f6d4e404ce37e9b350
104.0,24.0,2513,1606.1215034032537,1.0,1.0,"(1, 2)",663388f6d4e404ce37e9b350
104.0,24.0,2514,1606.1215034032537,1.0,1.0,"(1, 2)",663388f6d4e404ce37e9b350
104.0,24.0,2515,1606.1215034032537,1.0,1.0,"(1, 2)",663388f6d4e404ce37e9b350
104.0,24.0,2516,1606.1215034032537,1.0,1.0,"(1, 2)",663388f6d4e404ce37e9b350
104.0,24.0,2517,1606.1215034032537,1.0,1.0,"(1, 2)",663388f6d4e404ce37e9b350
104.0,24.0,2518,1606.1215034032537,1.0,1.0,"(1, 2)",663388f6d4e404ce37e9b350
104.0,24.0,2519,1606.1215034032537,1.0,1.0,"(1, 2)",663388f6d4e404ce37e9b350
104.0,24.0,2520,1606.1215034032537,1.0,1.0,"(1, 2)",663388f6d4e404ce37e9b350
104.0,24.0,2521,1606.1215034032537,1.0,1.0,"(1, 2)",663388f6d4e404ce37e9b350
104.0,24.0,2522,1606.1215034032537,1.0,1.0,"(1, 2)",663388f6d4e404ce37e9b350
104.0,24.0,2523,1606.1215034032537,1.0,1.0,"(1, 2)",663388f6d4e404ce37e9b350
104.0,24.0,2524,1606.1215034032537,1.0,1.0,"(1, 2)",663388f6d4e404ce37e9b350
104.0,24.0,2525,1606.1215034032537,1.0,1.0,"(1, 2)",663388f6d4e404ce37e9b350
104.0,24.0,2526,1606.1215034032537,1.0,1.0,"(1, 2)",663388f6d4e404ce37e9b350
104.0,24.0,2527,1606.1215034032537,1.0,1.0,"(1, 2)",663388f6d4e404ce37e9b350
104.0,24.0,2528,1606.1215034032537,1.0,1.0,"(1, 2)",663388f6d4e404ce37e9b350
104.0,24.0,2529,1606.1215034032537,1.0,1.0,"(1, 2)",663388f6d4e404ce37e9b350
104.0,24.0,2530,1606.1215034032537,1.0,1.0,"(1, 2)",663388f6d4e404ce37e9b350
104.0,24.0,2531,1606.1215034032537,1.0,1.0,"(1, 2)",663388f6d4e404ce37e9b350
104.0,24.0,2532,1606.1215034032537,1.0,1.0,"(1, 2)",663388f6d4e404ce37e9b350
104.0,24.0,2533,1606.1215034032537,1.0,1.0,"(1, 2)",663388f6d4e404ce37e9b350
104.0,24.0,2534,1606.1215034032537,1.0,1.0,"(1, 2)",663388f6d4e404ce37e9b350
104.0,24.0,2535,1606.1215034032537,1.0,1.0,"(1, 2)",663388f6d4e404ce37e9b350
104.0,24.0,2536,1606.1215034032537,1.0,1.0,"(1, 2)",663388f6d4e404ce37e9b350
104.0,24.0,2537,1606.1215034032537,1.0,1.0,"(1, 2)",663388f6d4e404ce37e9b350
104.0,24.0,2538,1606.1215034032537,1.0,1.0,"(1, 2)",663388f6d4e404ce37e9b350
104.0,24.0,2539,1606.1215034032537,1.0,1.0,"(1, 2)",663388f6d4e404ce37e9b350
104.0,24.0,2540,1606.1215034032537,1.0,1.0,"(1, 2)",663388f6d4e404ce37e9b350
104.0,24.0,2541,1606.1215034032537,1.0,1.0,"(1, 2)",663388f6d4e404ce37e9b350
104.0,24.0,2542,1606.1215034032537,1.0,1.0,"(1, 2)",663388f6d4e404ce37e9b350
103.11611652351695,24.88388347648305,2543,1607.3715034032534,1.0,1.0,"(1, 2)",663388f6d4e404ce37e9b350
102.2322330470339,25.7677669529661,2544,1608.6215034032532,1.0,1.0,"(1, 2)",663388f6d4e404ce37e9b350
101.34834957055085,26.65165042944915,2545,1609.871503403253,1.0,1.0,"(1, 2)",663388f6d4e404ce37e9b350
100.4644660940678,27.535533905932198,2546,1611.1215034032527,1.0,1.0,"(1, 2)",663388f6d4e404ce37e9b350
99.58058261758475,28.419417382415247,2547,1612.3715034032525,1.0,1.0,"(1, 2)",663388f6d4e404ce37e9b350
98.6966991411017,29.303300858898297,2548,1613.6215034032523,1.0,1.0,"(1, 2)",663388f6d4e404ce37e9b350
97.81281566461865,30.187184335381346,2549,1614.871503403252,1.0,1.0,"(1, 2)",663388f6d4e404ce37e9b350
96.9289321881356,31.071067811864395,2550,1616.1215034032518,1.0,1.0,"(1, 2)",663388f6d4e404ce37e9b350
96.04504871165256,31.954951288347445,2551,1617.3715034032516,1.0,1.0,"(1, 2)",663388f6d4e404ce37e9b350
95.1611652351695,32.838834764830494,2552,1618.6215034032514,1.0,1.0,"(1, 2)",663388f6d4e404ce37e9b350
94.27728175868646,33.722718241313544,2553,1619.8715034032512,1.0,1.0,"(1, 2)",663388f6d4e404ce37e9b350
93.3933982822034,34.60660171779659,2554,1621.121503403251,1.0,1.0,"(1, 2)",663388f6d4e404ce37e9b350
92.50951480572036,35.49048519427964,2555,1622.3715034032507,1.0,1.0,"(1, 2)",663388f6d4e404ce37e9b350
91.62563132923731,36.37436867076269,2556,1623.6215034032505,1.0,1.0,"(1, 2)",663388f6d4e404ce37e9b350
90.74174785275426,37.25825214724574,2557,1624.8715034032502,1.0,1.0,"(1, 2)",663388f6d4e404ce37e9b350
89.85786437627121,38.14213562372879,2558,1626.12150340325,1.0,1.0,"(1, 2)",663388f6d4e404ce37e9b350
88.97398089978816,39.02601910021184,2559,1627.3715034032498,1.0,1.0,"(1, 2)",663388f6d4e404ce37e9b350
88.04617444130974,39.80565318468376,2560,1628.5833838140431,1.0,1.0,"(1, 2)",663388f6d4e404ce37e9b350
86.79626611486532,39.820791727740755,2561,1629.8333838140436,1.0,1.0,"(1, 2)",663388f6d4e404ce37e9b350
85.54635778842089,39.835930270797746,2562,1631.083383814044,1.0,1.0,"(1, 2)",663388f6d4e404ce37e9b350
84.29644946197647,39.85106881385474,2563,1632.3333838140445,1.0,1.0,"(1, 2)",663388f6d4e404ce37e9b350
83.04654113553204,39.86620735691173,2564,1633.583383814045,1.0,1.0,"(1, 2)",663388f6d4e404ce37e9b350
81.79663280908761,39.88134589996872,2565,1634.8333838140454,1.0,1.0,"(1, 2)",663388f6d4e404ce37e9b350
80.54672448264319,39.89648444302571,2566,1636.0833838140459,1.0,1.0,"(1, 2)",663388f6d4e404ce37e9b350
79.29681615619876,39.911622986082705,2567,1637.3333838140463,1.0,1.0,"(1, 2)",663388f6d4e404ce37e9b350
78.04690782975433,39.9267615291397,2568,1638.5833838140468,1.0,1.0,"(1, 2)",663388f6d4e404ce37e9b350
76.7969995033099,39.94190007219687,2569,1639.8333838140472,1.0,1.0,"(1, 2)",663388f6d4e404ce37e9b350
75.54709117686548,39.95703861525422,2570,1641.0833838140477,1.0,1.0,"(1, 2)",663388f6d4e404ce37e9b350
74.29718285042105,39.972177158311574,2571,1642.3333838140481,1.0,1.0,"(1, 2)",663388f6d4e404ce37e9b350
73.04727452397663,39.98731570136893,2572,1643.5833838140486,1.0,1.0,"(1, 2)",663388f6d4e404ce37e9b350
71.91278695016098,40.27873505658064,2573,1644.7547024281473,1.0,1.0,"(1, 2)",663388f6d4e404ce37e9b350
71.02356847568149,41.15725113762039,2574,1646.0047024281478,1.0,1.0,"(1, 2)",663388f6d4e404ce37e9b350
70.134350001202,42.03576721866014,2575,1647.2547024281482,1.0,1.0,"(1, 2)",663388f6d4e404ce37e9b350
69.2451315267225,42.91428329969989,2576,1648.5047024281487,1.0,1.0,"(1, 2)",663388f6d4e404ce37e9b350
68.35591305224301,43.79279938073964,2577,1649.7547024281491,1.0,1.0,"(1, 2)",663388f6d4e404ce37e9b350
67.46669457776352,44.671315461779386,2578,1651.0047024281496,1.0,1.0,"(1, 2)",663388f6d4e404ce37e9b350
66.57747610328403,45.549831542819135,2579,1652.25470242815,1.0,1.0,"(1, 2)",663388f6d4e404ce37e9b350
65.68825762880454,46.42834762385888,2580,1653.5047024281505,1.0,1.0,"(1, 2)",663388f6d4e404ce37e9b350
64.79903915432504,47.30686370489863,2581,1654.754702428151,1.0,1.0,"(1, 2)",663388f6d4e404ce37e9b350
63.90982067984555,48.18537978593838,2582,1656.0047024281514,1.0,1.0,"(1, 2)",663388f6d4e404ce37e9b350
63.02060220536606,49.06389586697813,2583,1657.2547024281519,1.0,1.0,"(1, 2)",663388f6d4e404ce37e9b350
62.13138373088657,49.94241194801788,2584,1658.5047024281523,1.0,1.0,"(1, 2)",663388f6d4e404ce37e9b350
61.24216525640708,50.82092802905757,2585,1659.7547024281528,1.0,1.0,"(1, 2)",663388f6d4e404ce37e9b350
60.352946781927585,51.69944411009722,2586,1661.0047024281532,1.0,1.0,"(1, 2)",663388f6d4e404ce37e9b350
59.46372830744809,52.57796019113686,2587,1662.2547024281537,1.0,1.0,"(1, 2)",663388f6d4e404ce37e9b350
58.5745098329686,53.4564762721765,2588,1663.5047024281541,1.0,1.0,"(1, 2)",663388f6d4e404ce37e9b350
57.68529135848911,54.334992353216144,2589,1664.7547024281546,1.0,1.0,"(1, 2)",663388f6d4e404ce37e9b350
56.79607288400962,55.213508434255786,2590,1666.004702428155,1.0,1.0,"(1, 2)",663388f6d4e404ce37e9b350
56.0,56.0,2591,1667.1237649910363,1.0,1.0,"(1, 2)",663388f6d4e404ce37e9b350
56.0,56.0,2592,1667.1237649910363,1.0,1.0,"(1, 2)",663388f6d4e404ce37e9b350
56.0,56.0,2593,1667.1237649910363,1.0,1.0,"(1, 2)",663388f6d4e404ce37e9b350
56.0,56.0,2594,1667.1237649910363,1.0,1.0,"(1, 2)",663388f6d4e404ce37e9b350
56.0,56.0,2595,1667.1237649910363,1.0,1.0,"(1, 2)",663388f6d4e404ce37e9b350
56.0,56.0,2596,1667.1237649910363,1.0,1.0,"(1, 2)",663388f6d4e404ce37e9b350
56.0,56.0,2597,1667.1237649910363,1.0,1.0,"(1, 2)",663388f6d4e404ce37e9b350
56.0,56.0,2598,1667.1237649910363,1.0,1.0,"(1, 2)",663388f6d4e404ce37e9b350
56.0,56.0,2599,1667.1237649910363,1.0,1.0,"(1, 2)",663388f6d4e404ce37e9b350
56.0,56.0,2600,1667.1237649910363,1.0,1.0,"(1, 2)",663388f6d4e404ce37e9b350
56.0,56.0,2601,1667.1237649910363,1.0,1.0,"(1, 2)",663388f6d4e404ce37e9b350
56.0,56.0,2602,1667.1237649910363,1.0,1.0,"(1, 2)",663388f6d4e404ce37e9b350
56.0,56.0,2603,1667.1237649910363,1.0,1.0,"(1, 2)",663388f6d4e404ce37e9b350
56.0,56.0,2604,1667.1237649910363,1.0,1.0,"(1, 2)",663388f6d4e404ce37e9b350
56.0,56.0,2605,1667.1237649910363,1.0,1.0,"(1, 2)",663388f6d4e404ce37e9b350
56.0,56.0,2606,1667.1237649910363,1.0,1.0,"(1, 2)",663388f6d4e404ce37e9b350
56.0,56.0,2607,1667.1237649910363,1.0,1.0,"(1, 2)",663388f6d4e404ce37e9b350
56.0,56.0,2608,1667.1237649910363,1.0,1.0,"(1, 2)",663388f6d4e404ce37e9b350
56.0,56.0,2609,1667.1237649910363,1.0,1.0,"(1, 2)",663388f6d4e404ce37e9b350
56.0,56.0,2610,1667.1237649910363,1.0,1.0,"(1, 2)",663388f6d4e404ce37e9b350
56.0,56.0,2611,1667.1237649910363,1.0,1.0,"(1, 2)",663388f6d4e404ce37e9b350
56.0,56.0,2612,1667.1237649910363,1.0,1.0,"(1, 2)",663388f6d4e404ce37e9b350
56.0,56.0,2613,1667.1237649910363,1.0,1.0,"(1, 2)",663388f6d4e404ce37e9b350
56.0,56.0,2614,1667.1237649910363,1.0,1.0,"(1, 2)",663388f6d4e404ce37e9b350
56.0,56.0,2615,1667.1237649910363,1.0,1.0,"(1, 2)",663388f6d4e404ce37e9b350
56.0,56.0,2616,1667.1237649910363,1.0,1.0,"(1, 2)",663388f6d4e404ce37e9b350
56.0,56.0,2617,1667.1237649910363,1.0,1.0,"(1, 2)",663388f6d4e404ce37e9b350
56.0,56.0,2618,1667.1237649910363,1.0,1.0,"(1, 2)",663388f6d4e404ce37e9b350
56.0,56.0,2619,1667.1237649910363,1.0,1.0,"(1, 2)",663388f6d4e404ce37e9b350
56.0,54.749999999999716,2620,1668.3737649910365,1.0,1.0,"(1, 2)",663388f6d4e404ce37e9b350
56.0,53.49999999999943,2621,1669.6237649910368,1.0,1.0,"(1, 2)",663388f6d4e404ce37e9b350
56.0,52.24999999999915,2622,1670.873764991037,1.0,1.0,"(1, 2)",663388f6d4e404ce37e9b350
56.0,50.99999999999886,2623,1672.1237649910372,1.0,1.0,"(1, 2)",663388f6d4e404ce37e9b350
56.0,49.74999999999858,2624,1673.3737649910374,1.0,1.0,"(1, 2)",663388f6d4e404ce37e9b350
56.0,48.499999999998295,2625,1674.6237649910377,1.0,1.0,"(1, 2)",663388f6d4e404ce37e9b350
56.0,47.24999999999801,2626,1675.873764991038,1.0,1.0,"(1, 2)",663388f6d4e404ce37e9b350
56.0,45.999999999997726,2627,1677.1237649910381,1.0,1.0,"(1, 2)",663388f6d4e404ce37e9b350
56.0,44.74999999999744,2628,1678.3737649910383,1.0,1.0,"(1, 2)",663388f6d4e404ce37e9b350
56.0,43.49999999999716,2629,1679.6237649910386,1.0,1.0,"(1, 2)",663388f6d4e404ce37e9b350
56.0,42.249999999996874,2630,1680.8737649910388,1.0,1.0,"(1, 2)",663388f6d4e404ce37e9b350
56.0,40.99999999999659,2631,1682.123764991039,1.0,1.0,"(1, 2)",663388f6d4e404ce37e9b350
55.68378443342246,39.8798317388366,2632,1683.287710530081,1.0,1.0,"(1, 2)",663388f6d4e404ce37e9b350
54.80540785959596,38.990475457837135,2633,1684.5377105300813,1.0,1.0,"(1, 2)",663388f6d4e404ce37e9b350
53.92703128576946,38.10111917683767,2634,1685.7877105300815,1.0,1.0,"(1, 2)",663388f6d4e404ce37e9b350
53.04865471194296,37.211762895838206,2635,1687.0377105300818,1.0,1.0,"(1, 2)",663388f6d4e404ce37e9b350
52.17027813811646,36.32240661483874,2636,1688.287710530082,1.0,1.0,"(1, 2)",663388f6d4e404ce37e9b350
51.29190156428996,35.433050333839276,2637,1689.5377105300822,1.0,1.0,"(1, 2)",663388f6d4e404ce37e9b350
50.41352499046346,34.543694052839896,2638,1690.7877105300822,1.0,1.0,"(1, 2)",663388f6d4e404ce37e9b350
49.53514841663696,33.654337771840936,2639,1692.037710530082,1.0,1.0,"(1, 2)",663388f6d4e404ce37e9b350
48.65677184281046,32.76498149084197,2640,1693.2877105300818,1.0,1.0,"(1, 2)",663388f6d4e404ce37e9b350
47.77839526898396,31.875625209842987,2641,1694.5377105300815,1.0,1.0,"(1, 2)",663388f6d4e404ce37e9b350
46.900018695157456,30.986268928843877,2642,1695.7877105300815,1.0,1.0,"(1, 2)",663388f6d4e404ce37e9b350
46.021642121330956,30.096912647844768,2643,1697.0377105300815,1.0,1.0,"(1, 2)",663388f6d4e404ce37e9b350
45.143265547504456,29.207556366845658,2644,1698.2877105300815,1.0,1.0,"(1, 2)",663388f6d4e404ce37e9b350
44.264888973677955,28.31820008584655,2645,1699.5377105300815,1.0,1.0,"(1, 2)",663388f6d4e404ce37e9b350
43.386512399851455,27.42884380484744,2646,1700.7877105300815,1.0,1.0,"(1, 2)",663388f6d4e404ce37e9b350
42.508135826024954,26.53948752384833,2647,1702.0377105300815,1.0,1.0,"(1, 2)",663388f6d4e404ce37e9b350
41.629759252198454,25.650131242849476,2648,1703.2877105300813,1.0,1.0,"(1, 2)",663388f6d4e404ce37e9b350
40.75138267837175,24.76077496185072,2649,1704.537710530081,1.0,1.0,"(1, 2)",663388f6d4e404ce37e9b350
39.867259497346055,24.505975807363065,2650,1705.4578172675604,1.0,1.0,"(1, 2)",663388f6d4e404ce37e9b350
38.972920125744395,25.37927821111736,2651,1706.7078172675604,1.0,1.0,"(1, 2)",663388f6d4e404ce37e9b350
38.078580754142735,26.252580614871654,2652,1707.9578172675604,1.0,1.0,"(1, 2)",663388f6d4e404ce37e9b350
37.184241382541074,27.12588301862595,2653,1709.2078172675604,1.0,1.0,"(1, 2)",663388f6d4e404ce37e9b350
36.289902010939414,27.999185422380243,2654,1710.4578172675604,1.0,1.0,"(1, 2)",663388f6d4e404ce37e9b350
35.395562639337754,28.872487826134538,2655,1711.7078172675604,1.0,1.0,"(1, 2)",663388f6d4e404ce37e9b350
34.501223267736094,29.745790229888833,2656,1712.9578172675604,1.0,1.0,"(1, 2)",663388f6d4e404ce37e9b350
33.606883896134434,30.619092633643127,2657,1714.2078172675604,1.0,1.0,"(1, 2)",663388f6d4e404ce37e9b350
32.712544524532774,31.492395037397422,2658,1715.4578172675604,1.0,1.0,"(1, 2)",663388f6d4e404ce37e9b350
31.818205152931114,32.36569744115157,2659,1716.7078172675601,1.0,1.0,"(1, 2)",663388f6d4e404ce37e9b350
30.923865781329454,33.23899984490551,2660,1717.95781726756,1.0,1.0,"(1, 2)",663388f6d4e404ce37e9b350
30.029526409727794,34.11230224865945,2661,1719.2078172675597,1.0,1.0,"(1, 2)",663388f6d4e404ce37e9b350
29.135187038126134,34.985604652413386,2662,1720.4578172675594,1.0,1.0,"(1, 2)",663388f6d4e404ce37e9b350
28.240847666524473,35.858907056167375,2663,1721.7078172675592,1.0,1.0,"(1, 2)",663388f6d4e404ce37e9b350
27.346508294922813,36.732209459921606,2664,1722.9578172675592,1.0,1.0,"(1, 2)",663388f6d4e404ce37e9b350
26.452168923321153,37.60551186367584,2665,1724.2078172675592,1.0,1.0,"(1, 2)",663388f6d4e404ce37e9b350
25.557829551719493,38.47881426743007,2666,1725.4578172675592,1.0,1.0,"(1, 2)",663388f6d4e404ce37e9b350
24.663490180117833,39.35211667118429,2667,1726.7078172675592,1.0,1.0,"(1, 2)",663388f6d4e404ce37e9b350
24.0,40.0,2668,1727.6351640348853,1.0,1.0,"(1, 2)",663388f6d4e404ce37e9b350
24.0,40.0,2669,1727.6351640348853,1.0,1.0,"(1, 2)",663388f6d4e404ce37e9b350
24.0,40.0,2670,1727.6351640348853,1.0,1.0,"(1, 2)",663388f6d4e404ce37e9b350
24.0,40.0,2671,1727.6351640348853,1.0,1.0,"(1, 2)",663388f6d4e404ce37e9b350
24.0,40.0,2672,1727.6351640348853,1.0,1.0,"(1, 2)",663388f6d4e404ce37e9b350
24.0,40.0,2673,1727.6351640348853,1.0,1.0,"(1, 2)",663388f6d4e404ce37e9b350
24.0,40.0,2674,1727.6351640348853,1.0,1.0,"(1, 2)",663388f6d4e404ce37e9b350
24.0,40.0,2675,1727.6351640348853,1.0,1.0,"(1, 2)",663388f6d4e404ce37e9b350
24.0,40.0,2676,1727.6351640348853,1.0,1.0,"(1, 2)",663388f6d4e404ce37e9b350
24.0,40.0,2677,1727.6351640348853,1.0,1.0,"(1, 2)",663388f6d4e404ce37e9b350
24.0,40.0,2678,1727.6351640348853,1.0,1.0,"(1, 2)",663388f6d4e404ce37e9b350
24.0,40.0,2679,1727.6351640348853,1.0,1.0,"(1, 2)",663388f6d4e404ce37e9b350
24.0,40.0,2680,1727.6351640348853,1.0,1.0,"(1, 2)",663388f6d4e404ce37e9b350
24.0,40.0,2681,1727.6351640348853,1.0,1.0,"(1, 2)",663388f6d4e404ce37e9b350
24.0,40.0,2682,1727.6351640348853,1.0,1.0,"(1, 2)",663388f6d4e404ce37e9b350
24.0,40.0,2683,1727.6351640348853,1.0,1.0,"(1, 2)",663388f6d4e404ce37e9b350
24.0,40.0,2684,1727.6351640348853,1.0,1.0,"(1, 2)",663388f6d4e404ce37e9b350
24.0,40.0,2685,1727.6351640348853,1.0,1.0,"(1, 2)",663388f6d4e404ce37e9b350
24.0,40.0,2686,1727.6351640348853,1.0,1.0,"(1, 2)",663388f6d4e404ce37e9b350
24.0,40.0,2687,1727.6351640348853,1.0,1.0,"(1, 2)",663388f6d4e404ce37e9b350
24.0,40.0,2688,1727.6351640348853,1.0,1.0,"(1, 2)",663388f6d4e404ce37e9b350
24.0,40.0,2689,1727.6351640348853,1.0,1.0,"(1, 2)",663388f6d4e404ce37e9b350
24.0,40.0,2690,1727.6351640348853,1.0,1.0,"(1, 2)",663388f6d4e404ce37e9b350
24.0,40.0,2691,1727.6351640348853,1.0,1.0,"(1, 2)",663388f6d4e404ce37e9b350
24.0,40.0,2692,1727.6351640348853,1.0,1.0,"(1, 2)",663388f6d4e404ce37e9b350
24.0,40.0,2693,1727.6351640348853,1.0,1.0,"(1, 2)",663388f6d4e404ce37e9b350
24.0,40.0,2694,1727.6351640348853,1.0,1.0,"(1, 2)",663388f6d4e404ce37e9b350
24.0,40.0,2695,1727.6351640348853,1.0,1.0,"(1, 2)",663388f6d4e404ce37e9b350
24.0,40.0,2696,1727.6351640348853,1.0,1.0,"(1, 2)",663388f6d4e404ce37e9b350
24.0,40.0,2697,1727.6351640348853,1.0,1.0,"(1, 2)",663388f6d4e404ce37e9b350
24.0,40.0,2698,1727.6351640348853,1.0,1.0,"(1, 2)",663388f6d4e404ce37e9b350
24.0,40.0,2699,1727.6351640348853,1.0,1.0,"(1, 2)",663388f6d4e404ce37e9b350
24.0,40.0,2700,1727.6351640348853,1.0,1.0,"(1, 2)",663388f6d4e404ce37e9b350
24.0,40.0,2701,1727.6351640348853,1.0,1.0,"(1, 2)",663388f6d4e404ce37e9b350
24.0,40.0,2702,1727.6351640348853,1.0,1.0,"(1, 2)",663388f6d4e404ce37e9b350
24.0,40.0,2703,1727.6351640348853,1.0,1.0,"(1, 2)",663388f6d4e404ce37e9b350
24.0,40.0,2704,1727.6351640348853,1.0,1.0,"(1, 2)",663388f6d4e404ce37e9b350
24.0,40.0,2705,1727.6351640348853,1.0,1.0,"(1, 2)",663388f6d4e404ce37e9b350
24.0,40.0,2706,1727.6351640348853,1.0,1.0,"(1, 2)",663388f6d4e404ce37e9b350
24.0,40.0,2707,1727.6351640348853,1.0,1.0,"(1, 2)",663388f6d4e404ce37e9b350
24.0,40.0,2708,1727.6351640348853,1.0,1.0,"(1, 2)",663388f6d4e404ce37e9b350
24.0,40.0,2709,1727.6351640348853,1.0,1.0,"(1, 2)",663388f6d4e404ce37e9b350
24.0,40.0,2710,1727.6351640348853,1.0,1.0,"(1, 2)",663388f6d4e404ce37e9b350
24.0,40.0,2711,1727.6351640348853,1.0,1.0,"(1, 2)",663388f6d4e404ce37e9b350
24.0,40.0,2712,1727.6351640348853,1.0,1.0,"(1, 2)",663388f6d4e404ce37e9b350
24.0,40.0,2713,1727.6351640348853,1.0,1.0,"(1, 2)",663388f6d4e404ce37e9b350
24.0,40.0,2714,1727.6351640348853,1.0,1.0,"(1, 2)",663388f6d4e404ce37e9b350
24.0,40.0,2715,1727.6351640348853,1.0,1.0,"(1, 2)",663388f6d4e404ce37e9b350
24.0,40.0,2716,1727.6351640348853,1.0,1.0,"(1, 2)",663388f6d4e404ce37e9b350
24.0,40.0,2717,1727.6351640348853,1.0,1.0,"(1, 2)",663388f6d4e404ce37e9b350
24.0,40.0,2718,1727.6351640348853,1.0,1.0,"(1, 2)",663388f6d4e404ce37e9b350
24.0,40.0,2719,1727.6351640348853,1.0,1.0,"(1, 2)",663388f6d4e404ce37e9b350
24.0,40.0,2720,1727.6351640348853,1.0,1.0,"(1, 2)",663388f6d4e404ce37e9b350
24.0,40.0,2721,1727.6351640348853,1.0,1.0,"(1, 2)",663388f6d4e404ce37e9b350
24.0,40.0,2722,1727.6351640348853,1.0,1.0,"(1, 2)",663388f6d4e404ce37e9b350
24.0,40.0,2723,1727.6351640348853,1.0,1.0,"(1, 2)",663388f6d4e404ce37e9b350
24.0,40.0,2724,1727.6351640348853,1.0,1.0,"(1, 2)",663388f6d4e404ce37e9b350
24.0,40.0,2725,1727.6351640348853,1.0,1.0,"(1, 2)",663388f6d4e404ce37e9b350
24.0,40.0,2726,1727.6351640348853,1.0,1.0,"(1, 2)",663388f6d4e404ce37e9b350
24.0,40.0,2727,1727.6351640348853,1.0,1.0,"(1, 2)",663388f6d4e404ce37e9b350
24.0,40.0,2728,1727.6351640348853,1.0,1.0,"(1, 2)",663388f6d4e404ce37e9b350
24.0,40.0,2729,1727.6351640348853,1.0,1.0,"(1, 2)",663388f6d4e404ce37e9b350
24.0,40.0,2730,1727.6351640348853,1.0,1.0,"(1, 2)",663388f6d4e404ce37e9b350
24.0,40.0,2731,1727.6351640348853,1.0,1.0,"(1, 2)",663388f6d4e404ce37e9b350
24.0,40.0,2732,1727.6351640348853,1.0,1.0,"(1, 2)",663388f6d4e404ce37e9b350
24.0,40.0,2733,1727.6351640348853,1.0,1.0,"(1, 2)",663388f6d4e404ce37e9b350
24.0,40.0,2734,1727.6351640348853,1.0,1.0,"(1, 2)",663388f6d4e404ce37e9b350
24.0,40.0,2735,1727.6351640348853,1.0,1.0,"(1, 2)",663388f6d4e404ce37e9b350
24.0,40.0,2736,1727.6351640348853,1.0,1.0,"(1, 2)",663388f6d4e404ce37e9b350
24.0,40.0,2737,1727.6351640348853,1.0,1.0,"(1, 2)",663388f6d4e404ce37e9b350
24.0,40.0,2738,1727.6351640348853,1.0,1.0,"(1, 2)",663388f6d4e404ce37e9b350
24.0,40.0,2739,1727.6351640348853,1.0,1.0,"(1, 2)",663388f6d4e404ce37e9b350
24.0,40.0,2740,1727.6351640348853,1.0,1.0,"(1, 2)",663388f6d4e404ce37e9b350
24.0,40.0,2741,1727.6351640348853,1.0,1.0,"(1, 2)",663388f6d4e404ce37e9b350
24.0,40.0,2742,1727.6351640348853,1.0,1.0,"(1, 2)",663388f6d4e404ce37e9b350
24.0,40.0,2743,1727.6351640348853,1.0,1.0,"(1, 2)",663388f6d4e404ce37e9b350
24.0,40.0,2744,1727.6351640348853,1.0,1.0,"(1, 2)",663388f6d4e404ce37e9b350
24.0,40.0,2745,1727.6351640348853,1.0,1.0,"(1, 2)",663388f6d4e404ce37e9b350
24.0,40.0,2746,1727.6351640348853,1.0,1.0,"(1, 2)",663388f6d4e404ce37e9b350
24.0,40.0,2747,1727.6351640348853,1.0,1.0,"(1, 2)",663388f6d4e404ce37e9b350
24.0,40.0,2748,1727.6351640348853,1.0,1.0,"(1, 2)",663388f6d4e404ce37e9b350
24.0,40.0,2749,1727.6351640348853,1.0,1.0,"(1, 2)",663388f6d4e404ce37e9b350
24.0,40.0,2750,1727.6351640348853,1.0,1.0,"(1, 2)",663388f6d4e404ce37e9b350
24.0,40.0,2751,1727.6351640348853,1.0,1.0,"(1, 2)",663388f6d4e404ce37e9b350
24.0,40.0,2752,1727.6351640348853,1.0,1.0,"(1, 2)",663388f6d4e404ce37e9b350
24.0,40.0,2753,1727.6351640348853,1.0,1.0,"(1, 2)",663388f6d4e404ce37e9b350
24.0,40.0,2754,1727.6351640348853,1.0,1.0,"(1, 2)",663388f6d4e404ce37e9b350
24.0,40.0,2755,1727.6351640348853,1.0,1.0,"(1, 2)",663388f6d4e404ce37e9b350
24.0,40.0,2756,1727.6351640348853,1.0,1.0,"(1, 2)",663388f6d4e404ce37e9b350
24.0,40.0,2757,1727.6351640348853,1.0,1.0,"(1, 2)",663388f6d4e404ce37e9b350
24.0,40.0,2758,1727.6351640348853,1.0,1.0,"(1, 2)",663388f6d4e404ce37e9b350
24.0,40.0,2759,1727.6351640348853,1.0,1.0,"(1, 2)",663388f6d4e404ce37e9b350
24.0,40.0,2760,1727.6351640348853,1.0,1.0,"(1, 2)",663388f6d4e404ce37e9b350
24.0,40.0,2761,1727.6351640348853,1.0,1.0,"(1, 2)",663388f6d4e404ce37e9b350
24.0,40.0,2762,1727.6351640348853,1.0,1.0,"(1, 2)",663388f6d4e404ce37e9b350
24.0,40.0,2763,1727.6351640348853,1.0,1.0,"(1, 2)",663388f6d4e404ce37e9b350
24.0,40.0,2764,1727.6351640348853,1.0,1.0,"(1, 2)",663388f6d4e404ce37e9b350
24.0,40.0,2765,1727.6351640348853,1.0,1.0,"(1, 2)",663388f6d4e404ce37e9b350
24.0,41.250000000000284,2766,1728.8851640348855,1.0,1.0,"(1, 2)",663388f6d4e404ce37e9b350
24.0,42.50000000000057,2767,1730.1351640348857,1.0,1.0,"(1, 2)",663388f6d4e404ce37e9b350
24.0,43.75000000000085,2768,1731.385164034886,1.0,1.0,"(1, 2)",663388f6d4e404ce37e9b350
24.0,45.00000000000114,2769,1732.6351640348862,1.0,1.0,"(1, 2)",663388f6d4e404ce37e9b350
24.0,46.25000000000142,2770,1733.8851640348864,1.0,1.0,"(1, 2)",663388f6d4e404ce37e9b350
24.0,47.500000000001705,2771,1735.1351640348867,1.0,1.0,"(1, 2)",663388f6d4e404ce37e9b350
24.0,48.75000000000199,2772,1736.3851640348869,1.0,1.0,"(1, 2)",663388f6d4e404ce37e9b350
24.0,50.000000000002274,2773,1737.635164034887,1.0,1.0,"(1, 2)",663388f6d4e404ce37e9b350
24.0,51.25000000000256,2774,1738.8851640348873,1.0,1.0,"(1, 2)",663388f6d4e404ce37e9b350
24.0,52.50000000000284,2775,1740.1351640348876,1.0,1.0,"(1, 2)",663388f6d4e404ce37e9b350
24.0,53.750000000003126,2776,1741.3851640348878,1.0,1.0,"(1, 2)",663388f6d4e404ce37e9b350
24.0,55.00000000000341,2777,1742.635164034888,1.0,1.0,"(1, 2)",663388f6d4e404ce37e9b350
24.0,56.0,2778,1743.6351640348846,1.0,1.0,"(1, 2)",663388f6d4e404ce37e9b350
24.0,56.0,2779,1743.6351640348846,1.0,1.0,"(1, 2)",663388f6d4e404ce37e9b350
24.0,56.0,2780,1743.6351640348846,1.0,1.0,"(1, 2)",663388f6d4e404ce37e9b350
24.0,56.0,2781,1743.6351640348846,1.0,1.0,"(1, 2)",663388f6d4e404ce37e9b350
24.0,56.0,2782,1743.6351640348846,1.0,1.0,"(1, 2)",663388f6d4e404ce37e9b350
24.0,56.0,2783,1743.6351640348846,1.0,1.0,"(1, 2)",663388f6d4e404ce37e9b350
24.0,56.0,2784,1743.6351640348846,1.0,1.0,"(1, 2)",663388f6d4e404ce37e9b350
24.0,56.0,2785,1743.6351640348846,1.0,1.0,"(1, 2)",663388f6d4e404ce37e9b350
24.0,54.749999999999716,2786,1744.8851640348848,1.0,1.0,"(1, 2)",663388f6d4e404ce37e9b350
24.0,53.49999999999943,2787,1746.135164034885,1.0,1.0,"(1, 2)",663388f6d4e404ce37e9b350
24.0,52.24999999999915,2788,1747.3851640348853,1.0,1.0,"(1, 2)",663388f6d4e404ce37e9b350
24.0,50.99999999999886,2789,1748.6351640348855,1.0,1.0,"(1, 2)",663388f6d4e404ce37e9b350
24.0,49.74999999999858,2790,1749.8851640348857,1.0,1.0,"(1, 2)",663388f6d4e404ce37e9b350
24.0,48.499999999998295,2791,1751.135164034886,1.0,1.0,"(1, 2)",663388f6d4e404ce37e9b350
24.0,47.24999999999801,2792,1752.3851640348862,1.0,1.0,"(1, 2)",663388f6d4e404ce37e9b350
24.0,45.999999999997726,2793,1753.6351640348864,1.0,1.0,"(1, 2)",663388f6d4e404ce37e9b350
24.0,44.74999999999744,2794,1754.8851640348867,1.0,1.0,"(1, 2)",663388f6d4e404ce37e9b350
24.0,43.49999999999716,2795,1756.1351640348869,1.0,1.0,"(1, 2)",663388f6d4e404ce37e9b350
24.0,42.249999999996874,2796,1757.385164034887,1.0,1.0,"(1, 2)",663388f6d4e404ce37e9b350
24.0,40.99999999999659,2797,1758.6351640348873,1.0,1.0,"(1, 2)",663388f6d4e404ce37e9b350
24.0,40.0,2798,1759.635164034884,1.0,1.0,"(1, 2)",663388f6d4e404ce37e9b350
24.0,40.0,2799,1759.635164034884,1.0,1.0,"(1, 2)",663388f6d4e404ce37e9b350
24.0,40.0,2800,1759.635164034884,1.0,1.0,"(1, 2)",663388f6d4e404ce37e9b350
24.0,40.0,2801,1759.635164034884,1.0,1.0,"(1, 2)",663388f6d4e404ce37e9b350
24.0,40.0,2802,1759.635164034884,1.0,1.0,"(1, 2)",663388f6d4e404ce37e9b350
24.0,40.0,2803,1759.635164034884,1.0,1.0,"(1, 2)",663388f6d4e404ce37e9b350
24.0,40.0,2804,1759.635164034884,1.0,1.0,"(1, 2)",663388f6d4e404ce37e9b350
24.0,40.0,2805,1759.635164034884,1.0,1.0,"(1, 2)",663388f6d4e404ce37e9b350
24.0,40.0,2806,1759.635164034884,1.0,1.0,"(1, 2)",663388f6d4e404ce37e9b350
24.0,40.0,2807,1759.635164034884,1.0,1.0,"(1, 2)",663388f6d4e404ce37e9b350
24.0,40.0,2808,1759.635164034884,1.0,1.0,"(1, 2)",663388f6d4e404ce37e9b350
24.0,40.0,2809,1759.635164034884,1.0,1.0,"(1, 2)",663388f6d4e404ce37e9b350
24.0,40.0,2810,1759.635164034884,1.0,1.0,"(1, 2)",663388f6d4e404ce37e9b350
24.0,40.0,2811,1759.635164034884,1.0,1.0,"(1, 2)",663388f6d4e404ce37e9b350
24.0,40.0,2812,1759.635164034884,1.0,1.0,"(1, 2)",663388f6d4e404ce37e9b350
24.0,40.0,2813,1759.635164034884,1.0,1.0,"(1, 2)",663388f6d4e404ce37e9b350
24.0,40.0,2814,1759.635164034884,1.0,1.0,"(1, 2)",663388f6d4e404ce37e9b350
24.0,40.0,2815,1759.635164034884,1.0,1.0,"(1, 2)",663388f6d4e404ce37e9b350
24.0,40.0,2816,1759.635164034884,1.0,1.0,"(1, 2)",663388f6d4e404ce37e9b350
24.0,40.0,2817,1759.635164034884,1.0,1.0,"(1, 2)",663388f6d4e404ce37e9b350
24.0,40.0,2818,1759.635164034884,1.0,1.0,"(1, 2)",663388f6d4e404ce37e9b350
24.0,40.0,2819,1759.635164034884,1.0,1.0,"(1, 2)",663388f6d4e404ce37e9b350
24.0,40.0,2820,1759.635164034884,1.0,1.0,"(1, 2)",663388f6d4e404ce37e9b350
24.0,40.0,2821,1759.635164034884,1.0,1.0,"(1, 2)",663388f6d4e404ce37e9b350
24.0,40.0,2822,1759.635164034884,1.0,1.0,"(1, 2)",663388f6d4e404ce37e9b350
24.0,40.0,2823,1759.635164034884,1.0,1.0,"(1, 2)",663388f6d4e404ce37e9b350
24.0,40.0,2824,1759.635164034884,1.0,1.0,"(1, 2)",663388f6d4e404ce37e9b350
24.0,40.0,2825,1759.635164034884,1.0,1.0,"(1, 2)",663388f6d4e404ce37e9b350
24.0,41.250000000000284,2826,1760.8851640348842,1.0,1.0,"(1, 2)",663388f6d4e404ce37e9b350
24.0,42.50000000000057,2827,1762.1351640348844,1.0,1.0,"(1, 2)",663388f6d4e404ce37e9b350
24.0,43.75000000000085,2828,1763.3851640348846,1.0,1.0,"(1, 2)",663388f6d4e404ce37e9b350
24.0,45.00000000000114,2829,1764.6351640348848,1.0,1.0,"(1, 2)",663388f6d4e404ce37e9b350
24.0,46.25000000000142,2830,1765.885164034885,1.0,1.0,"(1, 2)",663388f6d4e404ce37e9b350
24.0,47.500000000001705,2831,1767.1351640348853,1.0,1.0,"(1, 2)",663388f6d4e404ce37e9b350
24.0,48.75000000000199,2832,1768.3851640348855,1.0,1.0,"(1, 2)",663388f6d4e404ce37e9b350
24.0,50.000000000002274,2833,1769.6351640348857,1.0,1.0,"(1, 2)",663388f6d4e404ce37e9b350
24.0,51.25000000000256,2834,1770.885164034886,1.0,1.0,"(1, 2)",663388f6d4e404ce37e9b350
24.0,52.50000000000284,2835,1772.1351640348862,1.0,1.0,"(1, 2)",663388f6d4e404ce37e9b350
24.0,53.750000000003126,2836,1773.3851640348864,1.0,1.0,"(1, 2)",663388f6d4e404ce37e9b350
24.0,55.00000000000341,2837,1774.6351640348867,1.0,1.0,"(1, 2)",663388f6d4e404ce37e9b350
24.0,56.0,2838,1775.6351640348832,1.0,1.0,"(1, 2)",663388f6d4e404ce37e9b350
24.0,56.0,2839,1775.6351640348832,1.0,1.0,"(1, 2)",663388f6d4e404ce37e9b350
24.0,56.0,2840,1775.6351640348832,1.0,1.0,"(1, 2)",663388f6d4e404ce37e9b350
24.0,56.0,2841,1775.6351640348832,1.0,1.0,"(1, 2)",663388f6d4e404ce37e9b350
24.0,56.0,2842,1775.6351640348832,1.0,1.0,"(1, 2)",663388f6d4e404ce37e9b350
24.0,56.0,2843,1775.6351640348832,1.0,1.0,"(1, 2)",663388f6d4e404ce37e9b350
24.0,56.0,2844,1775.6351640348832,1.0,1.0,"(1, 2)",663388f6d4e404ce37e9b350
24.0,56.0,2845,1775.6351640348832,1.0,1.0,"(1, 2)",663388f6d4e404ce37e9b350
24.0,56.0,2846,1775.6351640348832,1.0,1.0,"(1, 2)",663388f6d4e404ce37e9b350
24.0,56.0,2847,1775.6351640348832,1.0,1.0,"(1, 2)",663388f6d4e404ce37e9b350
24.0,56.0,2848,1775.6351640348832,1.0,1.0,"(1, 2)",663388f6d4e404ce37e9b350
24.0,56.0,2849,1775.6351640348832,1.0,1.0,"(1, 2)",663388f6d4e404ce37e9b350
24.0,56.0,2850,1775.6351640348832,1.0,1.0,"(1, 2)",663388f6d4e404ce37e9b350
24.0,56.0,2851,1775.6351640348832,1.0,1.0,"(1, 2)",663388f6d4e404ce37e9b350
24.0,56.0,2852,1775.6351640348832,1.0,1.0,"(1, 2)",663388f6d4e404ce37e9b350
24.0,56.0,2853,1775.6351640348832,1.0,1.0,"(1, 2)",663388f6d4e404ce37e9b350
24.0,56.0,2854,1775.6351640348832,1.0,1.0,"(1, 2)",663388f6d4e404ce37e9b350
24.0,56.0,2855,1775.6351640348832,1.0,1.0,"(1, 2)",663388f6d4e404ce37e9b350
24.0,56.0,2856,1775.6351640348832,1.0,1.0,"(1, 2)",663388f6d4e404ce37e9b350
24.0,56.0,2857,1775.6351640348832,1.0,1.0,"(1, 2)",663388f6d4e404ce37e9b350
24.0,56.0,2858,1775.6351640348832,1.0,1.0,"(1, 2)",663388f6d4e404ce37e9b350
24.0,56.0,2859,1775.6351640348832,1.0,1.0,"(1, 2)",663388f6d4e404ce37e9b350
24.0,56.0,2860,1775.6351640348832,1.0,1.0,"(1, 2)",663388f6d4e404ce37e9b350
24.0,56.0,2861,1775.6351640348832,1.0,1.0,"(1, 2)",663388f6d4e404ce37e9b350
24.0,56.0,2862,1775.6351640348832,1.0,1.0,"(1, 2)",663388f6d4e404ce37e9b350
24.0,56.0,2863,1775.6351640348832,1.0,1.0,"(1, 2)",663388f6d4e404ce37e9b350
24.0,56.0,2864,1775.6351640348832,1.0,1.0,"(1, 2)",663388f6d4e404ce37e9b350
24.0,56.0,2865,1775.6351640348832,1.0,1.0,"(1, 2)",663388f6d4e404ce37e9b350
24.0,56.0,2866,1775.6351640348832,1.0,1.0,"(1, 2)",663388f6d4e404ce37e9b350
24.0,56.0,2867,1775.6351640348832,1.0,1.0,"(1, 2)",663388f6d4e404ce37e9b350
24.0,56.0,2868,1775.6351640348832,1.0,1.0,"(1, 2)",663388f6d4e404ce37e9b350
24.0,56.0,2869,1775.6351640348832,1.0,1.0,"(1, 2)",663388f6d4e404ce37e9b350
24.0,56.0,2870,1775.6351640348832,1.0,1.0,"(1, 2)",663388f6d4e404ce37e9b350
24.0,56.0,2871,1775.6351640348832,1.0,1.0,"(1, 2)",663388f6d4e404ce37e9b350
24.0,56.0,2872,1775.6351640348832,1.0,1.0,"(1, 2)",663388f6d4e404ce37e9b350
24.0,56.0,2873,1775.6351640348832,1.0,1.0,"(1, 2)",663388f6d4e404ce37e9b350
24.0,56.0,2874,1775.6351640348832,1.0,1.0,"(1, 2)",663388f6d4e404ce37e9b350
24.0,56.0,2875,1775.6351640348832,1.0,1.0,"(1, 2)",663388f6d4e404ce37e9b350
24.0,56.0,2876,1775.6351640348832,1.0,1.0,"(1, 2)",663388f6d4e404ce37e9b350
24.0,56.0,2877,1775.6351640348832,1.0,1.0,"(1, 2)",663388f6d4e404ce37e9b350
24.0,56.0,2878,1775.6351640348832,1.0,1.0,"(1, 2)",663388f6d4e404ce37e9b350
24.0,56.0,2879,1775.6351640348832,1.0,1.0,"(1, 2)",663388f6d4e404ce37e9b350
24.0,56.0,2880,1775.6351640348832,1.0,1.0,"(1, 2)",663388f6d4e404ce37e9b350
24.0,56.0,2881,1775.6351640348832,1.0,1.0,"(1, 2)",663388f6d4e404ce37e9b350
24.0,56.0,2882,1775.6351640348832,1.0,1.0,"(1, 2)",663388f6d4e404ce37e9b350
24.0,56.0,2883,1775.6351640348832,1.0,1.0,"(1, 2)",663388f6d4e404ce37e9b350
24.0,56.0,2884,1775.6351640348832,1.0,1.0,"(1, 2)",663388f6d4e404ce37e9b350
24.0,56.0,2885,1775.6351640348832,1.0,1.0,"(1, 2)",663388f6d4e404ce37e9b350
24.0,56.0,2886,1775.6351640348832,1.0,1.0,"(1, 2)",663388f6d4e404ce37e9b350
24.0,56.0,2887,1775.6351640348832,1.0,1.0,"(1, 2)",663388f6d4e404ce37e9b350
24.0,56.0,2888,1775.6351640348832,1.0,1.0,"(1, 2)",663388f6d4e404ce37e9b350
24.0,56.0,2889,1775.6351640348832,1.0,1.0,"(1, 2)",663388f6d4e404ce37e9b350
24.0,56.0,2890,1775.6351640348832,1.0,1.0,"(1, 2)",663388f6d4e404ce37e9b350
24.0,56.0,2891,1775.6351640348832,1.0,1.0,"(1, 2)",663388f6d4e404ce37e9b350
24.0,56.0,2892,1775.6351640348832,1.0,1.0,"(1, 2)",663388f6d4e404ce37e9b350
24.0,56.0,2893,1775.6351640348832,1.0,1.0,"(1, 2)",663388f6d4e404ce37e9b350
24.0,56.0,2894,1775.6351640348832,1.0,1.0,"(1, 2)",663388f6d4e404ce37e9b350
24.0,56.0,2895,1775.6351640348832,1.0,1.0,"(1, 2)",663388f6d4e404ce37e9b350
24.0,56.0,2896,1775.6351640348832,1.0,1.0,"(1, 2)",663388f6d4e404ce37e9b350
24.0,56.0,2897,1775.6351640348832,1.0,1.0,"(1, 2)",663388f6d4e404ce37e9b350
24.0,54.749999999999716,2898,1776.8851640348835,1.0,1.0,"(1, 2)",663388f6d4e404ce37e9b350
24.0,53.49999999999943,2899,1778.1351640348837,1.0,1.0,"(1, 2)",663388f6d4e404ce37e9b350
24.0,52.24999999999915,2900,1779.385164034884,1.0,1.0,"(1, 2)",663388f6d4e404ce37e9b350
24.0,50.99999999999886,2901,1780.6351640348842,1.0,1.0,"(1, 2)",663388f6d4e404ce37e9b350
24.0,49.74999999999858,2902,1781.8851640348844,1.0,1.0,"(1, 2)",663388f6d4e404ce37e9b350
24.0,48.499999999998295,2903,1783.1351640348846,1.0,1.0,"(1, 2)",663388f6d4e404ce37e9b350
24.0,47.24999999999801,2904,1784.3851640348848,1.0,1.0,"(1, 2)",663388f6d4e404ce37e9b350
24.0,45.999999999997726,2905,1785.635164034885,1.0,1.0,"(1, 2)",663388f6d4e404ce37e9b350
24.0,44.74999999999744,2906,1786.8851640348853,1.0,1.0,"(1, 2)",663388f6d4e404ce37e9b350
24.0,43.49999999999716,2907,1788.1351640348855,1.0,1.0,"(1, 2)",663388f6d4e404ce37e9b350
24.0,42.249999999996874,2908,1789.3851640348857,1.0,1.0,"(1, 2)",663388f6d4e404ce37e9b350
24.0,40.99999999999659,2909,1790.635164034886,1.0,1.0,"(1, 2)",663388f6d4e404ce37e9b350
24.31621556657754,39.8798317388366,2910,1791.799109573928,1.0,1.0,"(1, 2)",663388f6d4e404ce37e9b350
25.19459214040404,38.990475457837135,2911,1793.0491095739283,1.0,1.0,"(1, 2)",663388f6d4e404ce37e9b350
26.07296871423054,38.10111917683767,2912,1794.2991095739285,1.0,1.0,"(1, 2)",663388f6d4e404ce37e9b350
26.95134528805704,37.211762895838206,2913,1795.5491095739287,1.0,1.0,"(1, 2)",663388f6d4e404ce37e9b350
27.82972186188354,36.32240661483874,2914,1796.799109573929,1.0,1.0,"(1, 2)",663388f6d4e404ce37e9b350
28.708098435710042,35.433050333839276,2915,1798.0491095739292,1.0,1.0,"(1, 2)",663388f6d4e404ce37e9b350
29.586475009536542,34.543694052839896,2916,1799.2991095739292,1.0,1.0,"(1, 2)",663388f6d4e404ce37e9b350
30.464851583363043,33.654337771840936,2917,1800.549109573929,1.0,1.0,"(1, 2)",663388f6d4e404ce37e9b350
31.343228157189543,32.76498149084197,2918,1801.7991095739287,1.0,1.0,"(1, 2)",663388f6d4e404ce37e9b350
32.22160473101604,31.875625209842987,2919,1803.0491095739285,1.0,1.0,"(1, 2)",663388f6d4e404ce37e9b350
33.099981304842544,30.986268928843877,2920,1804.2991095739285,1.0,1.0,"(1, 2)",663388f6d4e404ce37e9b350
33.978357878669044,30.096912647844768,2921,1805.5491095739285,1.0,1.0,"(1, 2)",663388f6d4e404ce37e9b350
34.856734452495544,29.207556366845658,2922,1806.7991095739285,1.0,1.0,"(1, 2)",663388f6d4e404ce37e9b350
35.735111026322045,28.31820008584655,2923,1808.0491095739285,1.0,1.0,"(1, 2)",663388f6d4e404ce37e9b350
36.613487600148545,27.42884380484744,2924,1809.2991095739285,1.0,1.0,"(1, 2)",663388f6d4e404ce37e9b350
37.491864173975046,26.53948752384833,2925,1810.5491095739285,1.0,1.0,"(1, 2)",663388f6d4e404ce37e9b350
38.370240747801546,25.650131242849476,2926,1811.7991095739283,1.0,1.0,"(1, 2)",663388f6d4e404ce37e9b350
39.24861732162825,24.76077496185072,2927,1813.049109573928,1.0,1.0,"(1, 2)",663388f6d4e404ce37e9b350
40.132740502653945,24.505975807363065,2928,1813.9692163114073,1.0,1.0,"(1, 2)",663388f6d4e404ce37e9b350
41.027079874255605,25.37927821111736,2929,1815.2192163114073,1.0,1.0,"(1, 2)",663388f6d4e404ce37e9b350
41.921419245857265,26.252580614871654,2930,1816.4692163114073,1.0,1.0,"(1, 2)",663388f6d4e404ce37e9b350
42.815758617458926,27.12588301862595,2931,1817.7192163114073,1.0,1.0,"(1, 2)",663388f6d4e404ce37e9b350
43.710097989060586,27.999185422380243,2932,1818.9692163114073,1.0,1.0,"(1, 2)",663388f6d4e404ce37e9b350
44.604437360662246,28.872487826134538,2933,1820.2192163114073,1.0,1.0,"(1, 2)",663388f6d4e404ce37e9b350
45.498776732263906,29.745790229888833,2934,1821.4692163114073,1.0,1.0,"(1, 2)",663388f6d4e404ce37e9b350
46.393116103865566,30.619092633643127,2935,1822.7192163114073,1.0,1.0,"(1, 2)",663388f6d4e404ce37e9b350
47.287455475467226,31.492395037397422,2936,1823.9692163114073,1.0,1.0,"(1, 2)",663388f6d4e404ce37e9b350
48.181794847068886,32.36569744115157,2937,1825.219216311407,1.0,1.0,"(1, 2)",663388f6d4e404ce37e9b350
49.076134218670546,33.23899984490551,2938,1826.4692163114069,1.0,1.0,"(1, 2)",663388f6d4e404ce37e9b350
49.970473590272206,34.11230224865945,2939,1827.7192163114066,1.0,1.0,"(1, 2)",663388f6d4e404ce37e9b350
50.86481296187387,34.985604652413386,2940,1828.9692163114064,1.0,1.0,"(1, 2)",663388f6d4e404ce37e9b350
51.75915233347553,35.858907056167375,2941,1830.2192163114062,1.0,1.0,"(1, 2)",663388f6d4e404ce37e9b350
52.65349170507719,36.732209459921606,2942,1831.4692163114062,1.0,1.0,"(1, 2)",663388f6d4e404ce37e9b350
53.54783107667885,37.60551186367584,2943,1832.7192163114062,1.0,1.0,"(1, 2)",663388f6d4e404ce37e9b350
54.44217044828051,38.47881426743007,2944,1833.9692163114062,1.0,1.0,"(1, 2)",663388f6d4e404ce37e9b350
55.33650981988217,39.35211667118429,2945,1835.2192163114062,1.0,1.0,"(1, 2)",663388f6d4e404ce37e9b350
56.401523370704155,39.81341062306423,2946,1836.379839408486,1.0,1.0,"(1, 2)",663388f6d4e404ce37e9b350
57.65143394901483,39.82836208541367,2947,1837.6298394084859,1.0,1.0,"(1, 2)",663388f6d4e404ce37e9b350
58.901344527325506,39.84331354776312,2948,1838.8798394084856,1.0,1.0,"(1, 2)",663388f6d4e404ce37e9b350
60.15125510563618,39.85826501011256,2949,1840.1298394084854,1.0,1.0,"(1, 2)",663388f6d4e404ce37e9b350
61.40116568394686,39.873216472462005,2950,1841.3798394084852,1.0,1.0,"(1, 2)",663388f6d4e404ce37e9b350
62.65107626225753,39.88816793481145,2951,1842.629839408485,1.0,1.0,"(1, 2)",663388f6d4e404ce37e9b350
63.90098684056821,39.90311939716089,2952,1843.8798394084847,1.0,1.0,"(1, 2)",663388f6d4e404ce37e9b350
65.15089741887888,39.91807085951034,2953,1845.1298394084845,1.0,1.0,"(1, 2)",663388f6d4e404ce37e9b350
66.40080799718956,39.93302232185978,2954,1846.3798394084843,1.0,1.0,"(1, 2)",663388f6d4e404ce37e9b350
67.65071857550024,39.947973784209225,2955,1847.629839408484,1.0,1.0,"(1, 2)",663388f6d4e404ce37e9b350
68.90062915381091,39.96292524655867,2956,1848.8798394084838,1.0,1.0,"(1, 2)",663388f6d4e404ce37e9b350
70.15053973212159,39.97787670890825,2957,1850.1298394084836,1.0,1.0,"(1, 2)",663388f6d4e404ce37e9b350
71.40045031043226,39.99282817125804,2958,1851.3798394084833,1.0,1.0,"(1, 2)",663388f6d4e404ce37e9b350
72.40513163618331,40.59496168928793,2959,1852.5511418202661,1.0,1.0,"(1, 2)",663388f6d4e404ce37e9b350
73.29441096072983,41.47341617469668,2960,1853.8011418202664,1.0,1.0,"(1, 2)",663388f6d4e404ce37e9b350
74.18369028527636,42.35187066010543,2961,1855.0511418202666,1.0,1.0,"(1, 2)",663388f6d4e404ce37e9b350
75.07296960982288,43.230325145514186,2962,1856.3011418202668,1.0,1.0,"(1, 2)",663388f6d4e404ce37e9b350
75.9622489343694,44.10877963092294,2963,1857.551141820267,1.0,1.0,"(1, 2)",663388f6d4e404ce37e9b350
76.85152825891592,44.98723411633169,2964,1858.8011418202673,1.0,1.0,"(1, 2)",663388f6d4e404ce37e9b350
77.74080758346244,45.865688601740445,2965,1860.0511418202675,1.0,1.0,"(1, 2)",663388f6d4e404ce37e9b350
78.63008690800896,46.7441430871492,2966,1861.3011418202677,1.0,1.0,"(1, 2)",663388f6d4e404ce37e9b350
79.5193662325547,47.62259757255795,2967,1862.5511418202675,1.0,1.0,"(1, 2)",663388f6d4e404ce37e9b350
80.40864555710017,48.5010520579667,2968,1863.801141820267,1.0,1.0,"(1, 2)",663388f6d4e404ce37e9b350
81.29792488164564,49.379506543375456,2969,1865.0511418202666,1.0,1.0,"(1, 2)",663388f6d4e404ce37e9b350
88.0,56.0,2970,1874.4717970257857,1.0,1.0,"(1, 2)",663388f6d4e404ce37e9b350
88.0,56.0,2971,1874.4717970257857,1.0,1.0,"(1, 2)",663388f6d4e404ce37e9b350
88.0,56.0,2972,1874.4717970257857,1.0,1.0,"(1, 2)",663388f6d4e404ce37e9b350
88.0,56.0,2973,1874.4717970257857,1.0,1.0,"(1, 2)",663388f6d4e404ce37e9b350
88.0,56.0,2974,1874.4717970257857,1.0,1.0,"(1, 2)",663388f6d4e404ce37e9b350
88.0,56.0,2975,1874.4717970257857,1.0,1.0,"(1, 2)",663388f6d4e404ce37e9b350
88.0,56.0,2976,1874.4717970257857,1.0,1.0,"(1, 2)",663388f6d4e404ce37e9b350
88.0,56.0,2977,1874.4717970257857,1.0,1.0,"(1, 2)",663388f6d4e404ce37e9b350
88.0,56.0,2978,1874.4717970257857,1.0,1.0,"(1, 2)",663388f6d4e404ce37e9b350
88.0,56.0,2979,1874.4717970257857,1.0,1.0,"(1, 2)",663388f6d4e404ce37e9b350
88.0,56.0,2980,1874.4717970257857,1.0,1.0,"(1, 2)",663388f6d4e404ce37e9b350
88.0,56.0,2981,1874.4717970257857,1.0,1.0,"(1, 2)",663388f6d4e404ce37e9b350
88.0,56.0,2982,1874.4717970257857,1.0,1.0,"(1, 2)",663388f6d4e404ce37e9b350
88.0,56.0,2983,1874.4717970257857,1.0,1.0,"(1, 2)",663388f6d4e404ce37e9b350
88.0,56.0,2984,1874.4717970257857,1.0,1.0,"(1, 2)",663388f6d4e404ce37e9b350
88.0,56.0,2985,1874.4717970257857,1.0,1.0,"(1, 2)",663388f6d4e404ce37e9b350
88.0,56.0,2986,1874.4717970257857,1.0,1.0,"(1, 2)",663388f6d4e404ce37e9b350
88.0,56.0,2987,1874.4717970257857,1.0,1.0,"(1, 2)",663388f6d4e404ce37e9b350
88.0,56.0,2988,1874.4717970257857,1.0,1.0,"(1, 2)",663388f6d4e404ce37e9b350
88.0,56.0,2989,1874.4717970257857,1.0,1.0,"(1, 2)",663388f6d4e404ce37e9b350
88.0,56.0,2990,1874.4717970257857,1.0,1.0,"(1, 2)",663388f6d4e404ce37e9b350
88.0,56.0,2991,1874.4717970257857,1.0,1.0,"(1, 2)",663388f6d4e404ce37e9b350
88.0,56.0,2992,1874.4717970257857,1.0,1.0,"(1, 2)",663388f6d4e404ce37e9b350
88.0,56.0,2993,1874.4717970257857,1.0,1.0,"(1, 2)",663388f6d4e404ce37e9b350
88.0,56.0,2994,1874.4717970257857,1.0,1.0,"(1, 2)",663388f6d4e404ce37e9b350
88.0,56.0,2995,1874.4717970257857,1.0,1.0,"(1, 2)",663388f6d4e404ce37e9b350
88.0,56.0,2996,1874.4717970257857,1.0,1.0,"(1, 2)",663388f6d4e404ce37e9b350
88.0,56.0,2997,1874.4717970257857,1.0,1.0,"(1, 2)",663388f6d4e404ce37e9b350
88.0,56.0,2998,1874.4717970257857,1.0,1.0,"(1, 2)",663388f6d4e404ce37e9b350
88.0,56.0,2999,1874.4717970257857,1.0,1.0,"(1, 2)",663388f6d4e404ce37e9b350
88.0,56.0,3000,1874.4717970257857,1.0,1.0,"(1, 2)",663388f6d4e404ce37e9b350
88.0,56.0,3001,1874.4717970257857,1.0,1.0,"(1, 2)",663388f6d4e404ce37e9b350
88.0,56.0,3002,1874.4717970257857,1.0,1.0,"(1, 2)",663388f6d4e404ce37e9b350
88.0,56.0,3003,1874.4717970257857,1.0,1.0,"(1, 2)",663388f6d4e404ce37e9b350
88.0,56.0,3004,1874.4717970257857,1.0,1.0,"(1, 2)",663388f6d4e404ce37e9b350
88.0,56.0,3005,1874.4717970257857,1.0,1.0,"(1, 2)",663388f6d4e404ce37e9b350
88.0,56.0,3006,1874.4717970257857,1.0,1.0,"(1, 2)",663388f6d4e404ce37e9b350
88.0,56.0,3007,1874.4717970257857,1.0,1.0,"(1, 2)",663388f6d4e404ce37e9b350
88.0,56.0,3008,1874.4717970257857,1.0,1.0,"(1, 2)",663388f6d4e404ce37e9b350
88.0,56.0,3009,1874.4717970257857,1.0,1.0,"(1, 2)",663388f6d4e404ce37e9b350
88.0,56.0,3010,1874.4717970257857,1.0,1.0,"(1, 2)",663388f6d4e404ce37e9b350
88.0,56.0,3011,1874.4717970257857,1.0,1.0,"(1, 2)",663388f6d4e404ce37e9b350
88.0,56.0,3012,1874.4717970257857,1.0,1.0,"(1, 2)",663388f6d4e404ce37e9b350
88.0,56.0,3013,1874.4717970257857,1.0,1.0,"(1, 2)",663388f6d4e404ce37e9b350
88.0,56.0,3014,1874.4717970257857,1.0,1.0,"(1, 2)",663388f6d4e404ce37e9b350
88.0,56.0,3015,1874.4717970257857,1.0,1.0,"(1, 2)",663388f6d4e404ce37e9b350
88.0,54.749999999999716,3016,1875.721797025786,1.0,1.0,"(1, 2)",663388f6d4e404ce37e9b350
88.0,53.49999999999943,3017,1876.9717970257861,1.0,1.0,"(1, 2)",663388f6d4e404ce37e9b350
88.0,52.24999999999915,3018,1878.2217970257864,1.0,1.0,"(1, 2)",663388f6d4e404ce37e9b350
88.0,50.99999999999886,3019,1879.4717970257866,1.0,1.0,"(1, 2)",663388f6d4e404ce37e9b350
88.0,49.74999999999858,3020,1880.7217970257868,1.0,1.0,"(1, 2)",663388f6d4e404ce37e9b350
88.0,48.499999999998295,3021,1881.971797025787,1.0,1.0,"(1, 2)",663388f6d4e404ce37e9b350
88.0,47.24999999999801,3022,1883.2217970257873,1.0,1.0,"(1, 2)",663388f6d4e404ce37e9b350
88.0,45.999999999997726,3023,1884.4717970257875,1.0,1.0,"(1, 2)",663388f6d4e404ce37e9b350
88.0,44.74999999999744,3024,1885.7217970257877,1.0,1.0,"(1, 2)",663388f6d4e404ce37e9b350
88.0,43.49999999999716,3025,1886.971797025788,1.0,1.0,"(1, 2)",663388f6d4e404ce37e9b350
88.0,42.249999999996874,3026,1888.2217970257882,1.0,1.0,"(1, 2)",663388f6d4e404ce37e9b350
88.0,40.99999999999659,3027,1889.4717970257884,1.0,1.0,"(1, 2)",663388f6d4e404ce37e9b350
87.6837844334222,39.8798317388366,3028,1890.6357425648307,1.0,1.0,"(1, 2)",663388f6d4e404ce37e9b350
86.805407859595,38.990475457837135,3029,1891.8857425648314,1.0,1.0,"(1, 2)",663388f6d4e404ce37e9b350
85.92703128576778,38.10111917683767,3030,1893.135742564832,1.0,1.0,"(1, 2)",663388f6d4e404ce37e9b350
85.04865471194057,37.211762895838206,3031,1894.3857425648328,1.0,1.0,"(1, 2)",663388f6d4e404ce37e9b350
84.17027813811345,36.32240661483874,3032,1895.6357425648334,1.0,1.0,"(1, 2)",663388f6d4e404ce37e9b350
83.29190156428673,35.433050333839276,3033,1896.8857425648337,1.0,1.0,"(1, 2)",663388f6d4e404ce37e9b350
82.41352499046002,34.54369405283981,3034,1898.135742564834,1.0,1.0,"(1, 2)",663388f6d4e404ce37e9b350
81.5351484166333,33.654337771840346,3035,1899.3857425648341,1.0,1.0,"(1, 2)",663388f6d4e404ce37e9b350
80.65677184280659,32.76498149084088,3036,1900.6357425648343,1.0,1.0,"(1, 2)",663388f6d4e404ce37e9b350
79.77839526897993,31.875625209841466,3037,1901.8857425648346,1.0,1.0,"(1, 2)",663388f6d4e404ce37e9b350
78.90001869515356,30.986268928842357,3038,1903.1357425648343,1.0,1.0,"(1, 2)",663388f6d4e404ce37e9b350
78.0216421213272,30.096912647843247,3039,1904.3857425648341,1.0,1.0,"(1, 2)",663388f6d4e404ce37e9b350
77.14326554750085,29.207556366844138,3040,1905.635742564834,1.0,1.0,"(1, 2)",663388f6d4e404ce37e9b350
76.26488897367449,28.318200085845028,3041,1906.8857425648337,1.0,1.0,"(1, 2)",663388f6d4e404ce37e9b350
75.38651239984813,27.42884380484592,3042,1908.1357425648334,1.0,1.0,"(1, 2)",663388f6d4e404ce37e9b350
74.50813582602177,26.53948752384681,3043,1909.3857425648332,1.0,1.0,"(1, 2)",663388f6d4e404ce37e9b350
73.6297592521954,25.6501312428477,3044,1910.635742564833,1.0,1.0,"(1, 2)",663388f6d4e404ce37e9b350
72.75138267836904,24.76077496184859,3045,1911.8857425648328,1.0,1.0,"(1, 2)",663388f6d4e404ce37e9b350
72.0,24.0,3046,1912.9550201115571,1.0,1.0,"(1, 2)",663388f6d4e404ce37e9b350
72.0,24.0,3047,1912.9550201115571,1.0,1.0,"(1, 2)",663388f6d4e404ce37e9b350
72.0,24.0,3048,1912.9550201115571,1.0,1.0,"(1, 2)",663388f6d4e404ce37e9b350
72.0,24.0,3049,1912.9550201115571,1.0,1.0,"(1, 2)",663388f6d4e404ce37e9b350
72.0,24.0,3050,1912.9550201115571,1.0,1.0,"(1, 2)",663388f6d4e404ce37e9b350
72.0,24.0,3051,1912.9550201115571,1.0,1.0,"(1, 2)",663388f6d4e404ce37e9b350
72.0,24.0,3052,1912.9550201115571,1.0,1.0,"(1, 2)",663388f6d4e404ce37e9b350
72.0,24.0,3053,1912.9550201115571,1.0,1.0,"(1, 2)",663388f6d4e404ce37e9b350
72.0,24.0,3054,1912.9550201115571,1.0,1.0,"(1, 2)",663388f6d4e404ce37e9b350
72.0,24.0,3055,1912.9550201115571,1.0,1.0,"(1, 2)",663388f6d4e404ce37e9b350
72.0,24.0,3056,1912.9550201115571,1.0,1.0,"(1, 2)",663388f6d4e404ce37e9b350
72.0,24.0,3057,1912.9550201115571,1.0,1.0,"(1, 2)",663388f6d4e404ce37e9b350
72.0,24.0,3058,1912.9550201115571,1.0,1.0,"(1, 2)",663388f6d4e404ce37e9b350
72.0,24.0,3059,1912.9550201115571,1.0,1.0,"(1, 2)",663388f6d4e404ce37e9b350
72.0,24.0,3060,1912.9550201115571,1.0,1.0,"(1, 2)",663388f6d4e404ce37e9b350
72.0,24.0,3061,1912.9550201115571,1.0,1.0,"(1, 2)",663388f6d4e404ce37e9b350
72.0,24.0,3062,1912.9550201115571,1.0,1.0,"(1, 2)",663388f6d4e404ce37e9b350
72.0,24.0,3063,1912.9550201115571,1.0,1.0,"(1, 2)",663388f6d4e404ce37e9b350
72.0,24.0,3064,1912.9550201115571,1.0,1.0,"(1, 2)",663388f6d4e404ce37e9b350
72.0,24.0,3065,1912.9550201115571,1.0,1.0,"(1, 2)",663388f6d4e404ce37e9b350
72.0,24.0,3066,1912.9550201115571,1.0,1.0,"(1, 2)",663388f6d4e404ce37e9b350
72.0,24.0,3067,1912.9550201115571,1.0,1.0,"(1, 2)",663388f6d4e404ce37e9b350
72.0,24.0,3068,1912.9550201115571,1.0,1.0,"(1, 2)",663388f6d4e404ce37e9b350
72.0,24.0,3069,1912.9550201115571,1.0,1.0,"(1, 2)",663388f6d4e404ce37e9b350
72.0,24.0,3070,1912.9550201115571,1.0,1.0,"(1, 2)",663388f6d4e404ce37e9b350
72.0,24.0,3071,1912.9550201115571,1.0,1.0,"(1, 2)",663388f6d4e404ce37e9b350
72.0,24.0,3072,1912.9550201115571,1.0,1.0,"(1, 2)",663388f6d4e404ce37e9b350
72.0,24.0,3073,1912.9550201115571,1.0,1.0,"(1, 2)",663388f6d4e404ce37e9b350
72.0,24.0,3074,1912.9550201115571,1.0,1.0,"(1, 2)",663388f6d4e404ce37e9b350
70.74999999999972,24.0,3075,1914.2050201115574,1.0,1.0,"(1, 2)",663388f6d4e404ce37e9b350
69.49999999999943,24.0,3076,1915.4550201115576,1.0,1.0,"(1, 2)",663388f6d4e404ce37e9b350
68.24999999999915,24.0,3077,1916.7050201115578,1.0,1.0,"(1, 2)",663388f6d4e404ce37e9b350
66.99999999999886,24.0,3078,1917.955020111558,1.0,1.0,"(1, 2)",663388f6d4e404ce37e9b350
65.74999999999858,24.0,3079,1919.2050201115583,1.0,1.0,"(1, 2)",663388f6d4e404ce37e9b350
64.4999999999983,24.0,3080,1920.4550201115585,1.0,1.0,"(1, 2)",663388f6d4e404ce37e9b350
63.24999999999801,24.0,3081,1921.7050201115587,1.0,1.0,"(1, 2)",663388f6d4e404ce37e9b350
61.999999999997726,24.0,3082,1922.955020111559,1.0,1.0,"(1, 2)",663388f6d4e404ce37e9b350
60.74999999999744,24.0,3083,1924.2050201115592,1.0,1.0,"(1, 2)",663388f6d4e404ce37e9b350
59.49999999999716,24.0,3084,1925.4550201115594,1.0,1.0,"(1, 2)",663388f6d4e404ce37e9b350
58.249999999996874,24.0,3085,1926.7050201115596,1.0,1.0,"(1, 2)",663388f6d4e404ce37e9b350
56.99999999999659,24.0,3086,1927.9550201115599,1.0,1.0,"(1, 2)",663388f6d4e404ce37e9b350
55.749999999996305,24.0,3087,1929.20502011156,1.0,1.0,"(1, 2)",663388f6d4e404ce37e9b350
54.49999999999602,24.0,3088,1930.4550201115603,1.0,1.0,"(1, 2)",663388f6d4e404ce37e9b350
53.24999999999574,24.0,3089,1931.7050201115605,1.0,1.0,"(1, 2)",663388f6d4e404ce37e9b350
51.99999999999545,24.0,3090,1932.9550201115608,1.0,1.0,"(1, 2)",663388f6d4e404ce37e9b350
50.74999999999517,24.0,3091,1934.205020111561,1.0,1.0,"(1, 2)",663388f6d4e404ce37e9b350
49.499999999994884,24.0,3092,1935.4550201115612,1.0,1.0,"(1, 2)",663388f6d4e404ce37e9b350
48.2499999999946,24.0,3093,1936.7050201115615,1.0,1.0,"(1, 2)",663388f6d4e404ce37e9b350
46.999999999994316,24.0,3094,1937.9550201115617,1.0,1.0,"(1, 2)",663388f6d4e404ce37e9b350
45.74999999999403,24.0,3095,1939.205020111562,1.0,1.0,"(1, 2)",663388f6d4e404ce37e9b350
44.49999999999375,24.0,3096,1940.4550201115621,1.0,1.0,"(1, 2)",663388f6d4e404ce37e9b350
43.24999999999346,24.0,3097,1941.7050201115624,1.0,1.0,"(1, 2)",663388f6d4e404ce37e9b350
41.99999999999318,24.0,3098,1942.9550201115626,1.0,1.0,"(1, 2)",663388f6d4e404ce37e9b350
40.749999999992895,24.0,3099,1944.2050201115628,1.0,1.0,"(1, 2)",663388f6d4e404ce37e9b350
39.70196048263347,24.49189088134284,3100,1945.3627521483897,1.0,1.0,"(1, 2)",663388f6d4e404ce37e9b350
38.81260420163471,25.37026745516934,3101,1946.6127521483893,1.0,1.0,"(1, 2)",663388f6d4e404ce37e9b350
37.92324792063596,26.24864402899584,3102,1947.8627521483888,1.0,1.0,"(1, 2)",663388f6d4e404ce37e9b350
37.033891639637005,27.12702060282234,3103,1949.1127521483886,1.0,1.0,"(1, 2)",663388f6d4e404ce37e9b350
36.14453535863804,28.00539717664884,3104,1950.3627521483884,1.0,1.0,"(1, 2)",663388f6d4e404ce37e9b350
35.25517907763907,28.883773750475342,3105,1951.6127521483882,1.0,1.0,"(1, 2)",663388f6d4e404ce37e9b350
34.36582279664011,29.762150324301842,3106,1952.862752148388,1.0,1.0,"(1, 2)",663388f6d4e404ce37e9b350
33.47646651564114,30.640526898128343,3107,1954.1127521483877,1.0,1.0,"(1, 2)",663388f6d4e404ce37e9b350
32.587110234642175,31.518903471954843,3108,1955.3627521483875,1.0,1.0,"(1, 2)",663388f6d4e404ce37e9b350
31.697753953643165,32.39728004578134,3109,1956.6127521483872,1.0,1.0,"(1, 2)",663388f6d4e404ce37e9b350
30.808397672644055,33.275656619607844,3110,1957.8627521483872,1.0,1.0,"(1, 2)",663388f6d4e404ce37e9b350
29.919041391644946,34.154033193434344,3111,1959.1127521483872,1.0,1.0,"(1, 2)",663388f6d4e404ce37e9b350
29.029685110645836,35.032409767260845,3112,1960.3627521483872,1.0,1.0,"(1, 2)",663388f6d4e404ce37e9b350
28.140328829646727,35.910786341087345,3113,1961.6127521483872,1.0,1.0,"(1, 2)",663388f6d4e404ce37e9b350
27.250972548647617,36.789162914913845,3114,1962.8627521483872,1.0,1.0,"(1, 2)",663388f6d4e404ce37e9b350
26.361616267648508,37.667539488740346,3115,1964.1127521483872,1.0,1.0,"(1, 2)",663388f6d4e404ce37e9b350
25.472259986649725,38.54591606256688,3116,1965.362752148387,1.0,1.0,"(1, 2)",663388f6d4e404ce37e9b350
24.58290370565097,39.424292636393595,3117,1966.6127521483868,1.0,1.0,"(1, 2)",663388f6d4e404ce37e9b350
24.0,40.0,3118,1967.4320296951146,1.0,1.0,"(1, 2)",663388f6d4e404ce37e9b350
24.0,40.0,3119,1967.4320296951146,1.0,1.0,"(1, 2)",663388f6d4e404ce37e9b350
24.0,40.0,3120,1967.4320296951146,1.0,1.0,"(1, 2)",663388f6d4e404ce37e9b350
24.0,40.0,3121,1967.4320296951146,1.0,1.0,"(1, 2)",663388f6d4e404ce37e9b350
24.0,40.0,3122,1967.4320296951146,1.0,1.0,"(1, 2)",663388f6d4e404ce37e9b350
24.0,40.0,3123,1967.4320296951146,1.0,1.0,"(1, 2)",663388f6d4e404ce37e9b350
24.0,40.0,3124,1967.4320296951146,1.0,1.0,"(1, 2)",663388f6d4e404ce37e9b350
24.0,40.0,3125,1967.4320296951146,1.0,1.0,"(1, 2)",663388f6d4e404ce37e9b350
24.0,40.0,3126,1967.4320296951146,1.0,1.0,"(1, 2)",663388f6d4e404ce37e9b350
24.0,40.0,3127,1967.4320296951146,1.0,1.0,"(1, 2)",663388f6d4e404ce37e9b350
24.0,40.0,3128,1967.4320296951146,1.0,1.0,"(1, 2)",663388f6d4e404ce37e9b350
24.0,40.0,3129,1967.4320296951146,1.0,1.0,"(1, 2)",663388f6d4e404ce37e9b350
24.0,40.0,3130,1967.4320296951146,1.0,1.0,"(1, 2)",663388f6d4e404ce37e9b350
24.0,40.0,3131,1967.4320296951146,1.0,1.0,"(1, 2)",663388f6d4e404ce37e9b350
24.0,40.0,3132,1967.4320296951146,1.0,1.0,"(1, 2)",663388f6d4e404ce37e9b350
24.0,40.0,3133,1967.4320296951146,1.0,1.0,"(1, 2)",663388f6d4e404ce37e9b350
24.0,40.0,3134,1967.4320296951146,1.0,1.0,"(1, 2)",663388f6d4e404ce37e9b350
24.0,40.0,3135,1967.4320296951146,1.0,1.0,"(1, 2)",663388f6d4e404ce37e9b350
24.0,40.0,3136,1967.4320296951146,1.0,1.0,"(1, 2)",663388f6d4e404ce37e9b350
24.0,40.0,3137,1967.4320296951146,1.0,1.0,"(1, 2)",663388f6d4e404ce37e9b350
24.0,40.0,3138,1967.4320296951146,1.0,1.0,"(1, 2)",663388f6d4e404ce37e9b350
24.0,40.0,3139,1967.4320296951146,1.0,1.0,"(1, 2)",663388f6d4e404ce37e9b350
24.0,40.0,3140,1967.4320296951146,1.0,1.0,"(1, 2)",663388f6d4e404ce37e9b350
24.0,40.0,3141,1967.4320296951146,1.0,1.0,"(1, 2)",663388f6d4e404ce37e9b350
24.0,40.0,3142,1967.4320296951146,1.0,1.0,"(1, 2)",663388f6d4e404ce37e9b350
24.0,40.0,3143,1967.4320296951146,1.0,1.0,"(1, 2)",663388f6d4e404ce37e9b350
24.0,40.0,3144,1967.4320296951146,1.0,1.0,"(1, 2)",663388f6d4e404ce37e9b350
24.0,40.0,3145,1967.4320296951146,1.0,1.0,"(1, 2)",663388f6d4e404ce37e9b350
24.0,40.0,3146,1967.4320296951146,1.0,1.0,"(1, 2)",663388f6d4e404ce37e9b350
24.0,40.0,3147,1967.4320296951146,1.0,1.0,"(1, 2)",663388f6d4e404ce37e9b350
24.0,40.0,3148,1967.4320296951146,1.0,1.0,"(1, 2)",663388f6d4e404ce37e9b350
24.0,40.0,3149,1967.4320296951146,1.0,1.0,"(1, 2)",663388f6d4e404ce37e9b350
24.0,40.0,3150,1967.4320296951146,1.0,1.0,"(1, 2)",663388f6d4e404ce37e9b350
24.0,40.0,3151,1967.4320296951146,1.0,1.0,"(1, 2)",663388f6d4e404ce37e9b350
24.0,40.0,3152,1967.4320296951146,1.0,1.0,"(1, 2)",663388f6d4e404ce37e9b350
24.0,40.0,3153,1967.4320296951146,1.0,1.0,"(1, 2)",663388f6d4e404ce37e9b350
24.0,40.0,3154,1967.4320296951146,1.0,1.0,"(1, 2)",663388f6d4e404ce37e9b350
24.0,40.0,3155,1967.4320296951146,1.0,1.0,"(1, 2)",663388f6d4e404ce37e9b350
24.0,40.0,3156,1967.4320296951146,1.0,1.0,"(1, 2)",663388f6d4e404ce37e9b350
24.0,40.0,3157,1967.4320296951146,1.0,1.0,"(1, 2)",663388f6d4e404ce37e9b350
24.88388347648305,39.11611652351695,3158,1968.6820296951144,1.0,1.0,"(1, 2)",663388f6d4e404ce37e9b350
25.7677669529661,38.2322330470339,3159,1969.9320296951141,1.0,1.0,"(1, 2)",663388f6d4e404ce37e9b350
26.65165042944915,37.34834957055085,3160,1971.182029695114,1.0,1.0,"(1, 2)",663388f6d4e404ce37e9b350
27.535533905932198,36.4644660940678,3161,1972.4320296951137,1.0,1.0,"(1, 2)",663388f6d4e404ce37e9b350
28.419417382415247,35.58058261758475,3162,1973.6820296951134,1.0,1.0,"(1, 2)",663388f6d4e404ce37e9b350
29.303300858898297,34.6966991411017,3163,1974.9320296951132,1.0,1.0,"(1, 2)",663388f6d4e404ce37e9b350
30.187184335381346,33.812815664618654,3164,1976.182029695113,1.0,1.0,"(1, 2)",663388f6d4e404ce37e9b350
31.071067811864395,32.928932188135605,3165,1977.4320296951128,1.0,1.0,"(1, 2)",663388f6d4e404ce37e9b350
31.954951288347445,32.045048711652555,3166,1978.6820296951125,1.0,1.0,"(1, 2)",663388f6d4e404ce37e9b350
32.838834764830494,31.161165235169506,3167,1979.9320296951123,1.0,1.0,"(1, 2)",663388f6d4e404ce37e9b350
33.722718241313544,30.277281758686456,3168,1981.182029695112,1.0,1.0,"(1, 2)",663388f6d4e404ce37e9b350
34.60660171779659,29.393398282203407,3169,1982.4320296951119,1.0,1.0,"(1, 2)",663388f6d4e404ce37e9b350
35.49048519427964,28.509514805720357,3170,1983.6820296951116,1.0,1.0,"(1, 2)",663388f6d4e404ce37e9b350
36.37436867076269,27.625631329237308,3171,1984.9320296951114,1.0,1.0,"(1, 2)",663388f6d4e404ce37e9b350
37.25825214724574,26.74174785275426,3172,1986.1820296951112,1.0,1.0,"(1, 2)",663388f6d4e404ce37e9b350
38.14213562372879,25.85786437627121,3173,1987.432029695111,1.0,1.0,"(1, 2)",663388f6d4e404ce37e9b350
39.02601910021184,24.97398089978816,3174,1988.6820296951107,1.0,1.0,"(1, 2)",663388f6d4e404ce37e9b350
39.95382555869017,24.194346815316237,3175,1989.893910105904,1.0,1.0,"(1, 2)",663388f6d4e404ce37e9b350
41.203733885133886,24.179208272259245,3176,1991.1439101059038,1.0,1.0,"(1, 2)",663388f6d4e404ce37e9b350
42.4536422115776,24.164069729202254,3177,1992.3939101059036,1.0,1.0,"(1, 2)",663388f6d4e404ce37e9b350
43.70355053802132,24.148931186145262,3178,1993.6439101059034,1.0,1.0,"(1, 2)",663388f6d4e404ce37e9b350
44.953458864465034,24.13379264308827,3179,1994.8939101059032,1.0,1.0,"(1, 2)",663388f6d4e404ce37e9b350
46.20336719090875,24.11865410003119,3180,1996.143910105903,1.0,1.0,"(1, 2)",663388f6d4e404ce37e9b350
47.453275517352466,24.103515556974024,3181,1997.3939101059027,1.0,1.0,"(1, 2)",663388f6d4e404ce37e9b350
48.70318384379618,24.08837701391686,3182,1998.6439101059025,1.0,1.0,"(1, 2)",663388f6d4e404ce37e9b350
49.9530921702399,24.073238470859692,3183,1999.8939101059023,1.0,1.0,"(1, 2)",663388f6d4e404ce37e9b350
51.203000496683615,24.058099927802527,3184,2001.143910105902,1.0,1.0,"(1, 2)",663388f6d4e404ce37e9b350
52.45290882312733,24.04296138474536,3185,2002.3939101059018,1.0,1.0,"(1, 2)",663388f6d4e404ce37e9b350
53.70281714957105,24.027822841688195,3186,2003.6439101059016,1.0,1.0,"(1, 2)",663388f6d4e404ce37e9b350
54.95272547601476,24.01268429863103,3187,2004.8939101059013,1.0,1.0,"(1, 2)",663388f6d4e404ce37e9b350
56.20266313364169,24.00233106509779,3188,2006.1438906407093,1.0,1.0,"(1, 2)",663388f6d4e404ce37e9b350
57.45266312003295,24.002146614302884,3189,2007.3938906407093,1.0,1.0,"(1, 2)",663388f6d4e404ce37e9b350
58.70266310642421,24.00196216350798,3190,2008.6438906407093,1.0,1.0,"(1, 2)",663388f6d4e404ce37e9b350
59.95266309281547,24.001777712713075,3191,2009.8938906407093,1.0,1.0,"(1, 2)",663388f6d4e404ce37e9b350
61.20266307920673,24.00159326191817,3192,2011.1438906407093,1.0,1.0,"(1, 2)",663388f6d4e404ce37e9b350
62.45266306559799,24.001408811123397,3193,2012.3938906407093,1.0,1.0,"(1, 2)",663388f6d4e404ce37e9b350
63.70266305198925,24.00122436032867,3194,2013.6438906407093,1.0,1.0,"(1, 2)",663388f6d4e404ce37e9b350
64.95266303837997,24.001039909533944,3195,2014.8938906407088,1.0,1.0,"(1, 2)",663388f6d4e404ce37e9b350
66.20266302477052,24.000855458739217,3196,2016.1438906407082,1.0,1.0,"(1, 2)",663388f6d4e404ce37e9b350
67.45266301116106,24.00067100794449,3197,2017.3938906407075,1.0,1.0,"(1, 2)",663388f6d4e404ce37e9b350
68.70266299755161,24.000486557149763,3198,2018.6438906407068,1.0,1.0,"(1, 2)",663388f6d4e404ce37e9b350
69.95266298394216,24.000302106355036,3199,2019.893890640706,1.0,1.0,"(1, 2)",663388f6d4e404ce37e9b350
71.20266297033271,24.00011765556031,3200,2021.1438906407054,1.0,1.0,"(1, 2)",663388f6d4e404ce37e9b350
72.45266296379884,24.00002795062462,3201,2022.3938906373903,1.0,1.0,"(1, 2)",663388f6d4e404ce37e9b350
73.70266296379629,24.000025703404965,3202,2023.6438906373899,1.0,1.0,"(1, 2)",663388f6d4e404ce37e9b350
74.95266296379373,24.00002345618531,3203,2024.8938906373894,1.0,1.0,"(1, 2)",663388f6d4e404ce37e9b350
76.20266296379117,24.000021208965656,3204,2026.143890637389,1.0,1.0,"(1, 2)",663388f6d4e404ce37e9b350
77.45266296378861,24.000018961746,3205,2027.3938906373885,1.0,1.0,"(1, 2)",663388f6d4e404ce37e9b350
78.70266296378605,24.000016714526346,3206,2028.643890637388,1.0,1.0,"(1, 2)",663388f6d4e404ce37e9b350
79.9526629637835,24.00001446730669,3207,2029.8938906373876,1.0,1.0,"(1, 2)",663388f6d4e404ce37e9b350
81.20266296378094,24.000012220087036,3208,2031.1438906373871,1.0,1.0,"(1, 2)",663388f6d4e404ce37e9b350
82.45266296377838,24.00000997286738,3209,2032.3938906373867,1.0,1.0,"(1, 2)",663388f6d4e404ce37e9b350
83.70266296377582,24.000007725647727,3210,2033.6438906373862,1.0,1.0,"(1, 2)",663388f6d4e404ce37e9b350
84.95266296377326,24.000005478428115,3211,2034.8938906373858,1.0,1.0,"(1, 2)",663388f6d4e404ce37e9b350
86.2026629637707,24.000003231208638,3212,2036.1438906373853,1.0,1.0,"(1, 2)",663388f6d4e404ce37e9b350
87.45266296376815,24.00000098398916,3213,2037.3938906373849,1.0,1.0,"(1, 2)",663388f6d4e404ce37e9b350
88.70266296376764,24.00000033505509,3214,2038.6438906373844,1.0,1.0,"(1, 2)",663388f6d4e404ce37e9b350
89.95266296376792,24.00000030767646,3215,2039.8938906373846,1.0,1.0,"(1, 2)",663388f6d4e404ce37e9b350
91.2026629637682,24.000000280297826,3216,2041.1438906373849,1.0,1.0,"(1, 2)",663388f6d4e404ce37e9b350
92.45266296376849,24.000000252919193,3217,2042.393890637385,1.0,1.0,"(1, 2)",663388f6d4e404ce37e9b350
93.70266296376877,24.00000022554056,3218,2043.6438906373853,1.0,1.0,"(1, 2)",663388f6d4e404ce37e9b350
94.95266296376906,24.000000198161928,3219,2044.8938906373855,1.0,1.0,"(1, 2)",663388f6d4e404ce37e9b350
96.20266296376934,24.000000170783295,3220,2046.1438906373858,1.0,1.0,"(1, 2)",663388f6d4e404ce37e9b350
97.45266296376963,24.00000014340478,3221,2047.393890637386,1.0,1.0,"(1, 2)",663388f6d4e404ce37e9b350
98.70266296376991,24.000000116026325,3222,2048.6438906373864,1.0,1.0,"(1, 2)",663388f6d4e404ce37e9b350
99.9526629637702,24.00000008864787,3223,2049.893890637387,1.0,1.0,"(1, 2)",663388f6d4e404ce37e9b350
101.20266296377048,24.000000061269414,3224,2051.1438906373874,1.0,1.0,"(1, 2)",663388f6d4e404ce37e9b350
102.45266296377076,24.00000003389096,3225,2052.393890637388,1.0,1.0,"(1, 2)",663388f6d4e404ce37e9b350
103.70266296377105,24.000000006512504,3226,2053.6438906373883,1.0,1.0,"(1, 2)",663388f6d4e404ce37e9b350
104.0,24.0,3227,2053.941227673617,1.0,1.0,"(1, 2)",663388f6d4e404ce37e9b350
104.0,24.0,3228,2053.941227673617,1.0,1.0,"(1, 2)",663388f6d4e404ce37e9b350
104.0,24.0,3229,2053.941227673617,1.0,1.0,"(1, 2)",663388f6d4e404ce37e9b350
104.0,24.0,3230,2053.941227673617,1.0,1.0,"(1, 2)",663388f6d4e404ce37e9b350
104.0,24.0,3231,2053.941227673617,1.0,1.0,"(1, 2)",663388f6d4e404ce37e9b350
104.0,24.0,3232,2053.941227673617,1.0,1.0,"(1, 2)",663388f6d4e404ce37e9b350
104.0,24.0,3233,2053.941227673617,1.0,1.0,"(1, 2)",663388f6d4e404ce37e9b350
104.0,24.0,3234,2053.941227673617,1.0,1.0,"(1, 2)",663388f6d4e404ce37e9b350
104.0,24.0,3235,2053.941227673617,1.0,1.0,"(1, 2)",663388f6d4e404ce37e9b350
104.0,24.0,3236,2053.941227673617,1.0,1.0,"(1, 2)",663388f6d4e404ce37e9b350
104.0,24.0,3237,2053.941227673617,1.0,1.0,"(1, 2)",663388f6d4e404ce37e9b350
104.0,24.0,3238,2053.941227673617,1.0,1.0,"(1, 2)",663388f6d4e404ce37e9b350
104.0,24.0,3239,2053.941227673617,1.0,1.0,"(1, 2)",663388f6d4e404ce37e9b350
104.0,24.0,3240,2053.941227673617,1.0,1.0,"(1, 2)",663388f6d4e404ce37e9b350
104.0,24.0,3241,2053.941227673617,1.0,1.0,"(1, 2)",663388f6d4e404ce37e9b350
104.0,24.0,3242,2053.941227673617,1.0,1.0,"(1, 2)",663388f6d4e404ce37e9b350
104.0,24.0,3243,2053.941227673617,1.0,1.0,"(1, 2)",663388f6d4e404ce37e9b350
104.0,24.0,3244,2053.941227673617,1.0,1.0,"(1, 2)",663388f6d4e404ce37e9b350
104.0,24.0,3245,2053.941227673617,1.0,1.0,"(1, 2)",663388f6d4e404ce37e9b350
104.0,24.0,3246,2053.941227673617,1.0,1.0,"(1, 2)",663388f6d4e404ce37e9b350
104.0,24.0,3247,2053.941227673617,1.0,1.0,"(1, 2)",663388f6d4e404ce37e9b350
104.0,24.0,3248,2053.941227673617,1.0,1.0,"(1, 2)",663388f6d4e404ce37e9b350
104.0,24.0,3249,2053.941227673617,1.0,1.0,"(1, 2)",663388f6d4e404ce37e9b350
104.0,24.0,3250,2053.941227673617,1.0,1.0,"(1, 2)",663388f6d4e404ce37e9b350
103.11611652351695,24.88388347648305,3251,2055.191227673617,1.0,1.0,"(1, 2)",663388f6d4e404ce37e9b350
102.2322330470339,25.7677669529661,3252,2056.441227673617,1.0,1.0,"(1, 2)",663388f6d4e404ce37e9b350
101.34834957055085,26.65165042944915,3253,2057.691227673617,1.0,1.0,"(1, 2)",663388f6d4e404ce37e9b350
100.4644660940678,27.535533905932198,3254,2058.941227673617,1.0,1.0,"(1, 2)",663388f6d4e404ce37e9b350
99.58058261758475,28.419417382415247,3255,2060.191227673617,1.0,1.0,"(1, 2)",663388f6d4e404ce37e9b350
98.6966991411017,29.303300858898297,3256,2061.441227673617,1.0,1.0,"(1, 2)",663388f6d4e404ce37e9b350
97.81281566461865,30.187184335381346,3257,2062.691227673617,1.0,1.0,"(1, 2)",663388f6d4e404ce37e9b350
96.9289321881356,31.071067811864395,3258,2063.941227673617,1.0,1.0,"(1, 2)",663388f6d4e404ce37e9b350
96.04504871165256,31.954951288347445,3259,2065.191227673617,1.0,1.0,"(1, 2)",663388f6d4e404ce37e9b350
95.1611652351695,32.838834764830494,3260,2066.441227673617,1.0,1.0,"(1, 2)",663388f6d4e404ce37e9b350
94.27728175868646,33.722718241313544,3261,2067.691227673617,1.0,1.0,"(1, 2)",663388f6d4e404ce37e9b350
93.3933982822034,34.60660171779659,3262,2068.941227673617,1.0,1.0,"(1, 2)",663388f6d4e404ce37e9b350
92.50951480572036,35.49048519427964,3263,2070.191227673617,1.0,1.0,"(1, 2)",663388f6d4e404ce37e9b350
91.62563132923731,36.37436867076269,3264,2071.441227673617,1.0,1.0,"(1, 2)",663388f6d4e404ce37e9b350
90.74174785275426,37.25825214724574,3265,2072.691227673617,1.0,1.0,"(1, 2)",663388f6d4e404ce37e9b350
89.85786437627121,38.14213562372879,3266,2073.941227673617,1.0,1.0,"(1, 2)",663388f6d4e404ce37e9b350
88.97398089978816,39.02601910021184,3267,2075.191227673617,1.0,1.0,"(1, 2)",663388f6d4e404ce37e9b350
88.04617444130974,39.80565318468376,3268,2076.40310808441,1.0,1.0,"(1, 2)",663388f6d4e404ce37e9b350
86.79626611486532,39.820791727740755,3269,2077.6531080844106,1.0,1.0,"(1, 2)",663388f6d4e404ce37e9b350
85.54635778842089,39.835930270797746,3270,2078.903108084411,1.0,1.0,"(1, 2)",663388f6d4e404ce37e9b350
84.29644946197647,39.85106881385474,3271,2080.1531080844115,1.0,1.0,"(1, 2)",663388f6d4e404ce37e9b350
83.04654113553204,39.86620735691173,3272,2081.403108084412,1.0,1.0,"(1, 2)",663388f6d4e404ce37e9b350
81.79663280908761,39.88134589996872,3273,2082.6531080844125,1.0,1.0,"(1, 2)",663388f6d4e404ce37e9b350
80.54672448264319,39.89648444302571,3274,2083.903108084413,1.0,1.0,"(1, 2)",663388f6d4e404ce37e9b350
79.29681615619876,39.911622986082705,3275,2085.1531080844134,1.0,1.0,"(1, 2)",663388f6d4e404ce37e9b350
78.04690782975433,39.9267615291397,3276,2086.403108084414,1.0,1.0,"(1, 2)",663388f6d4e404ce37e9b350
76.7969995033099,39.94190007219687,3277,2087.6531080844143,1.0,1.0,"(1, 2)",663388f6d4e404ce37e9b350
75.54709117686548,39.95703861525422,3278,2088.9031080844147,1.0,1.0,"(1, 2)",663388f6d4e404ce37e9b350
74.29718285042105,39.972177158311574,3279,2090.153108084415,1.0,1.0,"(1, 2)",663388f6d4e404ce37e9b350
73.04727452397663,39.98731570136893,3280,2091.4031080844156,1.0,1.0,"(1, 2)",663388f6d4e404ce37e9b350
71.91278695016098,40.27873505658064,3281,2092.5744266985143,1.0,1.0,"(1, 2)",663388f6d4e404ce37e9b350
71.02356847568149,41.15725113762039,3282,2093.824426698515,1.0,1.0,"(1, 2)",663388f6d4e404ce37e9b350
70.134350001202,42.03576721866014,3283,2095.0744266985153,1.0,1.0,"(1, 2)",663388f6d4e404ce37e9b350
69.2451315267225,42.91428329969989,3284,2096.3244266985157,1.0,1.0,"(1, 2)",663388f6d4e404ce37e9b350
68.35591305224301,43.79279938073964,3285,2097.574426698516,1.0,1.0,"(1, 2)",663388f6d4e404ce37e9b350
67.46669457776352,44.671315461779386,3286,2098.8244266985166,1.0,1.0,"(1, 2)",663388f6d4e404ce37e9b350
66.57747610328403,45.549831542819135,3287,2100.074426698517,1.0,1.0,"(1, 2)",663388f6d4e404ce37e9b350
65.68825762880454,46.42834762385888,3288,2101.3244266985175,1.0,1.0,"(1, 2)",663388f6d4e404ce37e9b350
64.79903915432504,47.30686370489863,3289,2102.574426698518,1.0,1.0,"(1, 2)",663388f6d4e404ce37e9b350
63.90982067984555,48.18537978593838,3290,2103.8244266985184,1.0,1.0,"(1, 2)",663388f6d4e404ce37e9b350
63.02060220536606,49.06389586697813,3291,2105.074426698519,1.0,1.0,"(1, 2)",663388f6d4e404ce37e9b350
62.13138373088657,49.94241194801788,3292,2106.3244266985193,1.0,1.0,"(1, 2)",663388f6d4e404ce37e9b350
61.24216525640708,50.82092802905757,3293,2107.57442669852,1.0,1.0,"(1, 2)",663388f6d4e404ce37e9b350
60.352946781927585,51.69944411009722,3294,2108.8244266985203,1.0,1.0,"(1, 2)",663388f6d4e404ce37e9b350
59.46372830744809,52.57796019113686,3295,2110.0744266985207,1.0,1.0,"(1, 2)",663388f6d4e404ce37e9b350
58.5745098329686,53.4564762721765,3296,2111.324426698521,1.0,1.0,"(1, 2)",663388f6d4e404ce37e9b350
57.68529135848911,54.334992353216144,3297,2112.5744266985216,1.0,1.0,"(1, 2)",663388f6d4e404ce37e9b350
56.79607288400962,55.213508434255786,3298,2113.824426698522,1.0,1.0,"(1, 2)",663388f6d4e404ce37e9b350
56.0,56.0,3299,2114.943489261403,1.0,1.0,"(1, 2)",663388f6d4e404ce37e9b350
56.0,56.0,3300,2114.943489261403,1.0,1.0,"(1, 2)",663388f6d4e404ce37e9b350
56.0,56.0,3301,2114.943489261403,1.0,1.0,"(1, 2)",663388f6d4e404ce37e9b350
56.0,56.0,3302,2114.943489261403,1.0,1.0,"(1, 2)",663388f6d4e404ce37e9b350
56.0,56.0,3303,2114.943489261403,1.0,1.0,"(1, 2)",663388f6d4e404ce37e9b350
56.0,56.0,3304,2114.943489261403,1.0,1.0,"(1, 2)",663388f6d4e404ce37e9b350
56.0,56.0,3305,2114.943489261403,1.0,1.0,"(1, 2)",663388f6d4e404ce37e9b350
56.0,56.0,3306,2114.943489261403,1.0,1.0,"(1, 2)",663388f6d4e404ce37e9b350
56.0,56.0,3307,2114.943489261403,1.0,1.0,"(1, 2)",663388f6d4e404ce37e9b350
56.0,56.0,3308,2114.943489261403,1.0,1.0,"(1, 2)",663388f6d4e404ce37e9b350
56.0,56.0,3309,2114.943489261403,1.0,1.0,"(1, 2)",663388f6d4e404ce37e9b350
56.0,56.0,3310,2114.943489261403,1.0,1.0,"(1, 2)",663388f6d4e404ce37e9b350
56.0,56.0,3311,2114.943489261403,1.0,1.0,"(1, 2)",663388f6d4e404ce37e9b350
56.0,56.0,3312,2114.943489261403,1.0,1.0,"(1, 2)",663388f6d4e404ce37e9b350
56.0,56.0,3313,2114.943489261403,1.0,1.0,"(1, 2)",663388f6d4e404ce37e9b350
56.0,56.0,3314,2114.943489261403,1.0,1.0,"(1, 2)",663388f6d4e404ce37e9b350
56.0,56.0,3315,2114.943489261403,1.0,1.0,"(1, 2)",663388f6d4e404ce37e9b350
56.0,56.0,3316,2114.943489261403,1.0,1.0,"(1, 2)",663388f6d4e404ce37e9b350
56.0,56.0,3317,2114.943489261403,1.0,1.0,"(1, 2)",663388f6d4e404ce37e9b350
56.0,56.0,3318,2114.943489261403,1.0,1.0,"(1, 2)",663388f6d4e404ce37e9b350
56.0,56.0,3319,2114.943489261403,1.0,1.0,"(1, 2)",663388f6d4e404ce37e9b350
56.0,56.0,3320,2114.943489261403,1.0,1.0,"(1, 2)",663388f6d4e404ce37e9b350
56.0,56.0,3321,2114.943489261403,1.0,1.0,"(1, 2)",663388f6d4e404ce37e9b350
56.0,56.0,3322,2114.943489261403,1.0,1.0,"(1, 2)",663388f6d4e404ce37e9b350
56.0,56.0,3323,2114.943489261403,1.0,1.0,"(1, 2)",663388f6d4e404ce37e9b350
56.0,56.0,3324,2114.943489261403,1.0,1.0,"(1, 2)",663388f6d4e404ce37e9b350
56.0,56.0,3325,2114.943489261403,1.0,1.0,"(1, 2)",663388f6d4e404ce37e9b350
56.0,56.0,3326,2114.943489261403,1.0,1.0,"(1, 2)",663388f6d4e404ce37e9b350
56.0,56.0,3327,2114.943489261403,1.0,1.0,"(1, 2)",663388f6d4e404ce37e9b350
56.0,56.0,3328,2114.943489261403,1.0,1.0,"(1, 2)",663388f6d4e404ce37e9b350
56.0,54.749999999999716,3329,2116.1934892614036,1.0,1.0,"(1, 2)",663388f6d4e404ce37e9b350
56.0,53.49999999999943,3330,2117.443489261404,1.0,1.0,"(1, 2)",663388f6d4e404ce37e9b350
56.0,52.24999999999915,3331,2118.6934892614045,1.0,1.0,"(1, 2)",663388f6d4e404ce37e9b350
56.0,50.99999999999886,3332,2119.943489261405,1.0,1.0,"(1, 2)",663388f6d4e404ce37e9b350
56.0,49.74999999999858,3333,2121.1934892614054,1.0,1.0,"(1, 2)",663388f6d4e404ce37e9b350
56.0,48.499999999998295,3334,2122.443489261406,1.0,1.0,"(1, 2)",663388f6d4e404ce37e9b350
56.0,47.24999999999801,3335,2123.6934892614063,1.0,1.0,"(1, 2)",663388f6d4e404ce37e9b350
56.0,45.999999999997726,3336,2124.9434892614067,1.0,1.0,"(1, 2)",663388f6d4e404ce37e9b350
56.0,44.74999999999744,3337,2126.193489261407,1.0,1.0,"(1, 2)",663388f6d4e404ce37e9b350
56.0,43.49999999999716,3338,2127.4434892614076,1.0,1.0,"(1, 2)",663388f6d4e404ce37e9b350
56.0,42.249999999996874,3339,2128.693489261408,1.0,1.0,"(1, 2)",663388f6d4e404ce37e9b350
56.0,40.99999999999659,3340,2129.9434892614086,1.0,1.0,"(1, 2)",663388f6d4e404ce37e9b350
55.68378443342246,39.8798317388366,3341,2131.107434800451,1.0,1.0,"(1, 2)",663388f6d4e404ce37e9b350
54.80540785959596,38.990475457837135,3342,2132.357434800451,1.0,1.0,"(1, 2)",663388f6d4e404ce37e9b350
53.92703128576946,38.10111917683767,3343,2133.607434800451,1.0,1.0,"(1, 2)",663388f6d4e404ce37e9b350
53.04865471194296,37.211762895838206,3344,2134.857434800451,1.0,1.0,"(1, 2)",663388f6d4e404ce37e9b350
52.17027813811646,36.32240661483874,3345,2136.107434800451,1.0,1.0,"(1, 2)",663388f6d4e404ce37e9b350
51.29190156428996,35.433050333839276,3346,2137.357434800451,1.0,1.0,"(1, 2)",663388f6d4e404ce37e9b350
50.41352499046346,34.543694052839896,3347,2138.607434800451,1.0,1.0,"(1, 2)",663388f6d4e404ce37e9b350
49.53514841663696,33.654337771840936,3348,2139.857434800451,1.0,1.0,"(1, 2)",663388f6d4e404ce37e9b350
48.65677184281046,32.76498149084197,3349,2141.107434800451,1.0,1.0,"(1, 2)",663388f6d4e404ce37e9b350
47.77839526898396,31.875625209842987,3350,2142.357434800451,1.0,1.0,"(1, 2)",663388f6d4e404ce37e9b350
46.900018695157456,30.986268928843877,3351,2143.607434800451,1.0,1.0,"(1, 2)",663388f6d4e404ce37e9b350
46.021642121330956,30.096912647844768,3352,2144.857434800451,1.0,1.0,"(1, 2)",663388f6d4e404ce37e9b350
45.143265547504456,29.207556366845658,3353,2146.107434800451,1.0,1.0,"(1, 2)",663388f6d4e404ce37e9b350
44.264888973677955,28.31820008584655,3354,2147.357434800451,1.0,1.0,"(1, 2)",663388f6d4e404ce37e9b350
43.386512399851455,27.42884380484744,3355,2148.607434800451,1.0,1.0,"(1, 2)",663388f6d4e404ce37e9b350
42.508135826024954,26.53948752384833,3356,2149.857434800451,1.0,1.0,"(1, 2)",663388f6d4e404ce37e9b350
41.629759252198454,25.650131242849476,3357,2151.1074348004504,1.0,1.0,"(1, 2)",663388f6d4e404ce37e9b350
40.75138267837175,24.76077496185072,3358,2152.3574348004504,1.0,1.0,"(1, 2)",663388f6d4e404ce37e9b350
39.867259497346055,24.505975807363065,3359,2153.2775415379297,1.0,1.0,"(1, 2)",663388f6d4e404ce37e9b350
38.972920125744395,25.37927821111736,3360,2154.5275415379297,1.0,1.0,"(1, 2)",663388f6d4e404ce37e9b350
38.078580754142735,26.252580614871654,3361,2155.7775415379297,1.0,1.0,"(1, 2)",663388f6d4e404ce37e9b350
37.184241382541074,27.12588301862595,3362,2157.0275415379297,1.0,1.0,"(1, 2)",663388f6d4e404ce37e9b350
36.289902010939414,27.999185422380243,3363,2158.2775415379297,1.0,1.0,"(1, 2)",663388f6d4e404ce37e9b350
35.395562639337754,28.872487826134538,3364,2159.5275415379297,1.0,1.0,"(1, 2)",663388f6d4e404ce37e9b350
34.501223267736094,29.745790229888833,3365,2160.7775415379297,1.0,1.0,"(1, 2)",663388f6d4e404ce37e9b350
33.606883896134434,30.619092633643127,3366,2162.0275415379297,1.0,1.0,"(1, 2)",663388f6d4e404ce37e9b350
32.712544524532774,31.492395037397422,3367,2163.2775415379297,1.0,1.0,"(1, 2)",663388f6d4e404ce37e9b350
31.818205152931114,32.36569744115157,3368,2164.5275415379297,1.0,1.0,"(1, 2)",663388f6d4e404ce37e9b350
30.923865781329454,33.23899984490551,3369,2165.777541537929,1.0,1.0,"(1, 2)",663388f6d4e404ce37e9b350
30.029526409727794,34.11230224865945,3370,2167.0275415379288,1.0,1.0,"(1, 2)",663388f6d4e404ce37e9b350
29.135187038126134,34.985604652413386,3371,2168.2775415379283,1.0,1.0,"(1, 2)",663388f6d4e404ce37e9b350
28.240847666524473,35.858907056167375,3372,2169.527541537928,1.0,1.0,"(1, 2)",663388f6d4e404ce37e9b350
27.346508294922813,36.732209459921606,3373,2170.777541537928,1.0,1.0,"(1, 2)",663388f6d4e404ce37e9b350
26.452168923321153,37.60551186367584,3374,2172.027541537928,1.0,1.0,"(1, 2)",663388f6d4e404ce37e9b350
25.557829551719493,38.47881426743007,3375,2173.277541537928,1.0,1.0,"(1, 2)",663388f6d4e404ce37e9b350
24.663490180117833,39.35211667118429,3376,2174.527541537928,1.0,1.0,"(1, 2)",663388f6d4e404ce37e9b350
24.0,40.0,3377,2175.454888305254,1.0,1.0,"(1, 2)",663388f6d4e404ce37e9b350
24.0,40.0,3378,2175.454888305254,1.0,1.0,"(1, 2)",663388f6d4e404ce37e9b350
24.0,40.0,3379,2175.454888305254,1.0,1.0,"(1, 2)",663388f6d4e404ce37e9b350
24.0,40.0,3380,2175.454888305254,1.0,1.0,"(1, 2)",663388f6d4e404ce37e9b350
24.0,40.0,3381,2175.454888305254,1.0,1.0,"(1, 2)",663388f6d4e404ce37e9b350
24.0,40.0,3382,2175.454888305254,1.0,1.0,"(1, 2)",663388f6d4e404ce37e9b350
24.0,40.0,3383,2175.454888305254,1.0,1.0,"(1, 2)",663388f6d4e404ce37e9b350
24.0,40.0,3384,2175.454888305254,1.0,1.0,"(1, 2)",663388f6d4e404ce37e9b350
24.0,40.0,3385,2175.454888305254,1.0,1.0,"(1, 2)",663388f6d4e404ce37e9b350
24.0,40.0,3386,2175.454888305254,1.0,1.0,"(1, 2)",663388f6d4e404ce37e9b350
24.0,40.0,3387,2175.454888305254,1.0,1.0,"(1, 2)",663388f6d4e404ce37e9b350
24.0,40.0,3388,2175.454888305254,1.0,1.0,"(1, 2)",663388f6d4e404ce37e9b350
24.0,40.0,3389,2175.454888305254,1.0,1.0,"(1, 2)",663388f6d4e404ce37e9b350
24.0,40.0,3390,2175.454888305254,1.0,1.0,"(1, 2)",663388f6d4e404ce37e9b350
24.0,40.0,3391,2175.454888305254,1.0,1.0,"(1, 2)",663388f6d4e404ce37e9b350
24.0,40.0,3392,2175.454888305254,1.0,1.0,"(1, 2)",663388f6d4e404ce37e9b350
24.0,40.0,3393,2175.454888305254,1.0,1.0,"(1, 2)",663388f6d4e404ce37e9b350
24.0,40.0,3394,2175.454888305254,1.0,1.0,"(1, 2)",663388f6d4e404ce37e9b350
24.0,40.0,3395,2175.454888305254,1.0,1.0,"(1, 2)",663388f6d4e404ce37e9b350
24.0,40.0,3396,2175.454888305254,1.0,1.0,"(1, 2)",663388f6d4e404ce37e9b350
24.0,40.0,3397,2175.454888305254,1.0,1.0,"(1, 2)",663388f6d4e404ce37e9b350
24.0,40.0,3398,2175.454888305254,1.0,1.0,"(1, 2)",663388f6d4e404ce37e9b350
24.0,40.0,3399,2175.454888305254,1.0,1.0,"(1, 2)",663388f6d4e404ce37e9b350
24.0,40.0,3400,2175.454888305254,1.0,1.0,"(1, 2)",663388f6d4e404ce37e9b350
24.0,40.0,3401,2175.454888305254,1.0,1.0,"(1, 2)",663388f6d4e404ce37e9b350
24.0,40.0,3402,2175.454888305254,1.0,1.0,"(1, 2)",663388f6d4e404ce37e9b350
24.0,40.0,3403,2175.454888305254,1.0,1.0,"(1, 2)",663388f6d4e404ce37e9b350
24.0,40.0,3404,2175.454888305254,1.0,1.0,"(1, 2)",663388f6d4e404ce37e9b350
24.0,40.0,3405,2175.454888305254,1.0,1.0,"(1, 2)",663388f6d4e404ce37e9b350
24.0,40.0,3406,2175.454888305254,1.0,1.0,"(1, 2)",663388f6d4e404ce37e9b350
24.0,40.0,3407,2175.454888305254,1.0,1.0,"(1, 2)",663388f6d4e404ce37e9b350
24.0,40.0,3408,2175.454888305254,1.0,1.0,"(1, 2)",663388f6d4e404ce37e9b350
24.0,40.0,3409,2175.454888305254,1.0,1.0,"(1, 2)",663388f6d4e404ce37e9b350
24.0,40.0,3410,2175.454888305254,1.0,1.0,"(1, 2)",663388f6d4e404ce37e9b350
24.0,40.0,3411,2175.454888305254,1.0,1.0,"(1, 2)",663388f6d4e404ce37e9b350
24.0,40.0,3412,2175.454888305254,1.0,1.0,"(1, 2)",663388f6d4e404ce37e9b350
24.0,40.0,3413,2175.454888305254,1.0,1.0,"(1, 2)",663388f6d4e404ce37e9b350
24.0,40.0,3414,2175.454888305254,1.0,1.0,"(1, 2)",663388f6d4e404ce37e9b350
24.0,40.0,3415,2175.454888305254,1.0,1.0,"(1, 2)",663388f6d4e404ce37e9b350
24.0,40.0,3416,2175.454888305254,1.0,1.0,"(1, 2)",663388f6d4e404ce37e9b350
24.0,40.0,3417,2175.454888305254,1.0,1.0,"(1, 2)",663388f6d4e404ce37e9b350
24.0,40.0,3418,2175.454888305254,1.0,1.0,"(1, 2)",663388f6d4e404ce37e9b350
24.0,40.0,3419,2175.454888305254,1.0,1.0,"(1, 2)",663388f6d4e404ce37e9b350
24.0,40.0,3420,2175.454888305254,1.0,1.0,"(1, 2)",663388f6d4e404ce37e9b350
24.0,40.0,3421,2175.454888305254,1.0,1.0,"(1, 2)",663388f6d4e404ce37e9b350
24.0,40.0,3422,2175.454888305254,1.0,1.0,"(1, 2)",663388f6d4e404ce37e9b350
24.0,40.0,3423,2175.454888305254,1.0,1.0,"(1, 2)",663388f6d4e404ce37e9b350
24.0,40.0,3424,2175.454888305254,1.0,1.0,"(1, 2)",663388f6d4e404ce37e9b350
24.0,40.0,3425,2175.454888305254,1.0,1.0,"(1, 2)",663388f6d4e404ce37e9b350
24.0,40.0,3426,2175.454888305254,1.0,1.0,"(1, 2)",663388f6d4e404ce37e9b350
24.0,40.0,3427,2175.454888305254,1.0,1.0,"(1, 2)",663388f6d4e404ce37e9b350
24.0,40.0,3428,2175.454888305254,1.0,1.0,"(1, 2)",663388f6d4e404ce37e9b350
24.0,40.0,3429,2175.454888305254,1.0,1.0,"(1, 2)",663388f6d4e404ce37e9b350
24.0,40.0,3430,2175.454888305254,1.0,1.0,"(1, 2)",663388f6d4e404ce37e9b350
24.0,40.0,3431,2175.454888305254,1.0,1.0,"(1, 2)",663388f6d4e404ce37e9b350
24.0,40.0,3432,2175.454888305254,1.0,1.0,"(1, 2)",663388f6d4e404ce37e9b350
24.0,40.0,3433,2175.454888305254,1.0,1.0,"(1, 2)",663388f6d4e404ce37e9b350
24.0,40.0,3434,2175.454888305254,1.0,1.0,"(1, 2)",663388f6d4e404ce37e9b350
24.0,40.0,3435,2175.454888305254,1.0,1.0,"(1, 2)",663388f6d4e404ce37e9b350
24.0,40.0,3436,2175.454888305254,1.0,1.0,"(1, 2)",663388f6d4e404ce37e9b350
24.0,40.0,3437,2175.454888305254,1.0,1.0,"(1, 2)",663388f6d4e404ce37e9b350
24.0,40.0,3438,2175.454888305254,1.0,1.0,"(1, 2)",663388f6d4e404ce37e9b350
24.0,40.0,3439,2175.454888305254,1.0,1.0,"(1, 2)",663388f6d4e404ce37e9b350
24.0,40.0,3440,2175.454888305254,1.0,1.0,"(1, 2)",663388f6d4e404ce37e9b350
24.0,40.0,3441,2175.454888305254,1.0,1.0,"(1, 2)",663388f6d4e404ce37e9b350
24.88388347648305,39.11611652351695,3442,2176.704888305254,1.0,1.0,"(1, 2)",663388f6d4e404ce37e9b350
25.7677669529661,38.2322330470339,3443,2177.954888305254,1.0,1.0,"(1, 2)",663388f6d4e404ce37e9b350
26.65165042944915,37.34834957055085,3444,2179.204888305254,1.0,1.0,"(1, 2)",663388f6d4e404ce37e9b350
27.535533905932198,36.4644660940678,3445,2180.454888305254,1.0,1.0,"(1, 2)",663388f6d4e404ce37e9b350
28.419417382415247,35.58058261758475,3446,2181.704888305254,1.0,1.0,"(1, 2)",663388f6d4e404ce37e9b350
29.303300858898297,34.6966991411017,3447,2182.954888305254,1.0,1.0,"(1, 2)",663388f6d4e404ce37e9b350
30.187184335381346,33.812815664618654,3448,2184.204888305254,1.0,1.0,"(1, 2)",663388f6d4e404ce37e9b350
31.071067811864395,32.928932188135605,3449,2185.454888305254,1.0,1.0,"(1, 2)",663388f6d4e404ce37e9b350
31.954951288347445,32.045048711652555,3450,2186.704888305254,1.0,1.0,"(1, 2)",663388f6d4e404ce37e9b350
32.838834764830494,31.161165235169506,3451,2187.954888305254,1.0,1.0,"(1, 2)",663388f6d4e404ce37e9b350
33.722718241313544,30.277281758686456,3452,2189.204888305254,1.0,1.0,"(1, 2)",663388f6d4e404ce37e9b350
34.60660171779659,29.393398282203407,3453,2190.454888305254,1.0,1.0,"(1, 2)",663388f6d4e404ce37e9b350
35.49048519427964,28.509514805720357,3454,2191.704888305254,1.0,1.0,"(1, 2)",663388f6d4e404ce37e9b350
36.37436867076269,27.625631329237308,3455,2192.954888305254,1.0,1.0,"(1, 2)",663388f6d4e404ce37e9b350
37.25825214724574,26.74174785275426,3456,2194.204888305254,1.0,1.0,"(1, 2)",663388f6d4e404ce37e9b350
38.14213562372879,25.85786437627121,3457,2195.454888305254,1.0,1.0,"(1, 2)",663388f6d4e404ce37e9b350
39.02601910021184,24.97398089978816,3458,2196.704888305254,1.0,1.0,"(1, 2)",663388f6d4e404ce37e9b350
39.95382555869017,24.194346815316237,3459,2197.916768716047,1.0,1.0,"(1, 2)",663388f6d4e404ce37e9b350
41.203733885133886,24.179208272259245,3460,2199.1667687160466,1.0,1.0,"(1, 2)",663388f6d4e404ce37e9b350
42.4536422115776,24.164069729202254,3461,2200.416768716046,1.0,1.0,"(1, 2)",663388f6d4e404ce37e9b350
43.70355053802132,24.148931186145262,3462,2201.6667687160457,1.0,1.0,"(1, 2)",663388f6d4e404ce37e9b350
44.953458864465034,24.13379264308827,3463,2202.916768716045,1.0,1.0,"(1, 2)",663388f6d4e404ce37e9b350
46.20336719090875,24.11865410003119,3464,2204.1667687160448,1.0,1.0,"(1, 2)",663388f6d4e404ce37e9b350
47.453275517352466,24.103515556974024,3465,2205.4167687160443,1.0,1.0,"(1, 2)",663388f6d4e404ce37e9b350
48.70318384379618,24.08837701391686,3466,2206.666768716044,1.0,1.0,"(1, 2)",663388f6d4e404ce37e9b350
49.9530921702399,24.073238470859692,3467,2207.9167687160434,1.0,1.0,"(1, 2)",663388f6d4e404ce37e9b350
51.203000496683615,24.058099927802527,3468,2209.166768716043,1.0,1.0,"(1, 2)",663388f6d4e404ce37e9b350
52.45290882312733,24.04296138474536,3469,2210.4167687160425,1.0,1.0,"(1, 2)",663388f6d4e404ce37e9b350
53.70281714957105,24.027822841688195,3470,2211.666768716042,1.0,1.0,"(1, 2)",663388f6d4e404ce37e9b350
54.95272547601476,24.01268429863103,3471,2212.9167687160416,1.0,1.0,"(1, 2)",663388f6d4e404ce37e9b350
56.0872550381394,24.2834727291098,3472,2214.0831664618454,1.0,1.0,"(1, 2)",663388f6d4e404ce37e9b350
56.97660472608601,25.16185597835243,3473,2215.333166461846,1.0,1.0,"(1, 2)",663388f6d4e404ce37e9b350
57.865954414032615,26.040239227595062,3474,2216.5831664618463,1.0,1.0,"(1, 2)",663388f6d4e404ce37e9b350
58.75530410197922,26.918622476837694,3475,2217.8331664618468,1.0,1.0,"(1, 2)",663388f6d4e404ce37e9b350
59.644653789925826,27.797005726080325,3476,2219.083166461847,1.0,1.0,"(1, 2)",663388f6d4e404ce37e9b350
60.53400347787243,28.675388975322956,3477,2220.3331664618477,1.0,1.0,"(1, 2)",663388f6d4e404ce37e9b350
61.42335316581904,29.553772224565588,3478,2221.583166461848,1.0,1.0,"(1, 2)",663388f6d4e404ce37e9b350
62.31270285376564,30.43215547380822,3479,2222.8331664618486,1.0,1.0,"(1, 2)",663388f6d4e404ce37e9b350
63.20205254171225,31.31053872305085,3480,2224.083166461849,1.0,1.0,"(1, 2)",663388f6d4e404ce37e9b350
64.09140222965885,32.18892197229348,3481,2225.3331664618495,1.0,1.0,"(1, 2)",663388f6d4e404ce37e9b350
64.98075191760546,33.06730522153611,3482,2226.58316646185,1.0,1.0,"(1, 2)",663388f6d4e404ce37e9b350
65.87010160555207,33.94568847077874,3483,2227.8331664618504,1.0,1.0,"(1, 2)",663388f6d4e404ce37e9b350
66.75945129349867,34.82407172002137,3484,2229.083166461851,1.0,1.0,"(1, 2)",663388f6d4e404ce37e9b350
67.64880098144528,35.702454969264004,3485,2230.3331664618513,1.0,1.0,"(1, 2)",663388f6d4e404ce37e9b350
68.53815066939188,36.580838218506635,3486,2231.5831664618518,1.0,1.0,"(1, 2)",663388f6d4e404ce37e9b350
69.42750035733849,37.459221467749266,3487,2232.833166461852,1.0,1.0,"(1, 2)",663388f6d4e404ce37e9b350
70.3168500452846,38.3376047169919,3488,2234.083166461852,1.0,1.0,"(1, 2)",663388f6d4e404ce37e9b350
71.2061997332302,39.21598796623453,3489,2235.3331664618518,1.0,1.0,"(1, 2)",663388f6d4e404ce37e9b350
72.0937675476357,40.09616431256832,3490,2236.5831612721668,1.0,1.0,"(1, 2)",663388f6d4e404ce37e9b350
72.97771761879305,40.97998118935992,3491,2237.833161272167,1.0,1.0,"(1, 2)",663388f6d4e404ce37e9b350
73.86166768995041,41.86379806615152,3492,2239.0831612721677,1.0,1.0,"(1, 2)",663388f6d4e404ce37e9b350
74.74561776110777,42.747614942943116,3493,2240.333161272168,1.0,1.0,"(1, 2)",663388f6d4e404ce37e9b350
75.62956783226512,43.631431819734715,3494,2241.5831612721686,1.0,1.0,"(1, 2)",663388f6d4e404ce37e9b350
76.51351790342248,44.515248696526314,3495,2242.833161272169,1.0,1.0,"(1, 2)",663388f6d4e404ce37e9b350
77.39746797457984,45.39906557331791,3496,2244.0831612721695,1.0,1.0,"(1, 2)",663388f6d4e404ce37e9b350
78.28141804573642,46.28288245010951,3497,2245.333161272169,1.0,1.0,"(1, 2)",663388f6d4e404ce37e9b350
79.16536811689278,47.16669932690111,3498,2246.5831612721686,1.0,1.0,"(1, 2)",663388f6d4e404ce37e9b350
80.04931818804914,48.05051620369271,3499,2247.833161272168,1.0,1.0,"(1, 2)",663388f6d4e404ce37e9b350
80.9332682592055,48.93433308048431,3500,2249.0831612721677,1.0,1.0,"(1, 2)",663388f6d4e404ce37e9b350
81.81721833036187,49.81814995727591,3501,2250.333161272167,1.0,1.0,"(1, 2)",663388f6d4e404ce37e9b350
82.70116840151823,50.701966834067505,3502,2251.5831612721668,1.0,1.0,"(1, 2)",663388f6d4e404ce37e9b350
83.5851184726746,51.585783710859104,3503,2252.8331612721663,1.0,1.0,"(1, 2)",663388f6d4e404ce37e9b350
84.46906854383096,52.4696005876507,3504,2254.083161272166,1.0,1.0,"(1, 2)",663388f6d4e404ce37e9b350
85.35301861498732,53.3534174644423,3505,2255.3331612721654,1.0,1.0,"(1, 2)",663388f6d4e404ce37e9b350
86.23696868614368,54.2372343412339,3506,2256.583161272165,1.0,1.0,"(1, 2)",663388f6d4e404ce37e9b350
87.12091875730005,55.1210512180255,3507,2257.8331612721645,1.0,1.0,"(1, 2)",663388f6d4e404ce37e9b350
88.0,56.0,3508,2259.07627622767,1.0,1.0,"(1, 2)",663388f6d4e404ce37e9b350
88.0,56.0,3509,2259.07627622767,1.0,1.0,"(1, 2)",663388f6d4e404ce37e9b350
88.0,56.0,3510,2259.07627622767,1.0,1.0,"(1, 2)",663388f6d4e404ce37e9b350
88.0,56.0,3511,2259.07627622767,1.0,1.0,"(1, 2)",663388f6d4e404ce37e9b350
88.0,56.0,3512,2259.07627622767,1.0,1.0,"(1, 2)",663388f6d4e404ce37e9b350
88.0,56.0,3513,2259.07627622767,1.0,1.0,"(1, 2)",663388f6d4e404ce37e9b350
88.0,56.0,3514,2259.07627622767,1.0,1.0,"(1, 2)",663388f6d4e404ce37e9b350
88.0,56.0,3515,2259.07627622767,1.0,1.0,"(1, 2)",663388f6d4e404ce37e9b350
88.0,56.0,3516,2259.07627622767,1.0,1.0,"(1, 2)",663388f6d4e404ce37e9b350
88.0,56.0,3517,2259.07627622767,1.0,1.0,"(1, 2)",663388f6d4e404ce37e9b350
88.0,56.0,3518,2259.07627622767,1.0,1.0,"(1, 2)",663388f6d4e404ce37e9b350
88.0,56.0,3519,2259.07627622767,1.0,1.0,"(1, 2)",663388f6d4e404ce37e9b350
88.0,56.0,3520,2259.07627622767,1.0,1.0,"(1, 2)",663388f6d4e404ce37e9b350
88.0,56.0,3521,2259.07627622767,1.0,1.0,"(1, 2)",663388f6d4e404ce37e9b350
88.0,56.0,3522,2259.07627622767,1.0,1.0,"(1, 2)",663388f6d4e404ce37e9b350
88.0,56.0,3523,2259.07627622767,1.0,1.0,"(1, 2)",663388f6d4e404ce37e9b350
88.0,56.0,3524,2259.07627622767,1.0,1.0,"(1, 2)",663388f6d4e404ce37e9b350
88.0,56.0,3525,2259.07627622767,1.0,1.0,"(1, 2)",663388f6d4e404ce37e9b350
88.0,56.0,3526,2259.07627622767,1.0,1.0,"(1, 2)",663388f6d4e404ce37e9b350
88.0,56.0,3527,2259.07627622767,1.0,1.0,"(1, 2)",663388f6d4e404ce37e9b350
88.0,56.0,3528,2259.07627622767,1.0,1.0,"(1, 2)",663388f6d4e404ce37e9b350
88.0,56.0,3529,2259.07627622767,1.0,1.0,"(1, 2)",663388f6d4e404ce37e9b350
88.0,56.0,3530,2259.07627622767,1.0,1.0,"(1, 2)",663388f6d4e404ce37e9b350
88.0,56.0,3531,2259.07627622767,1.0,1.0,"(1, 2)",663388f6d4e404ce37e9b350
88.0,56.0,3532,2259.07627622767,1.0,1.0,"(1, 2)",663388f6d4e404ce37e9b350
88.0,56.0,3533,2259.07627622767,1.0,1.0,"(1, 2)",663388f6d4e404ce37e9b350
88.0,56.0,3534,2259.07627622767,1.0,1.0,"(1, 2)",663388f6d4e404ce37e9b350
88.0,56.0,3535,2259.07627622767,1.0,1.0,"(1, 2)",663388f6d4e404ce37e9b350
88.0,56.0,3536,2259.07627622767,1.0,1.0,"(1, 2)",663388f6d4e404ce37e9b350
88.0,56.0,3537,2259.07627622767,1.0,1.0,"(1, 2)",663388f6d4e404ce37e9b350
88.0,56.0,3538,2259.07627622767,1.0,1.0,"(1, 2)",663388f6d4e404ce37e9b350
88.0,56.0,3539,2259.07627622767,1.0,1.0,"(1, 2)",663388f6d4e404ce37e9b350
88.0,56.0,3540,2259.07627622767,1.0,1.0,"(1, 2)",663388f6d4e404ce37e9b350
88.0,56.0,3541,2259.07627622767,1.0,1.0,"(1, 2)",663388f6d4e404ce37e9b350
88.0,56.0,3542,2259.07627622767,1.0,1.0,"(1, 2)",663388f6d4e404ce37e9b350
88.0,56.0,3543,2259.07627622767,1.0,1.0,"(1, 2)",663388f6d4e404ce37e9b350
88.0,56.0,3544,2259.07627622767,1.0,1.0,"(1, 2)",663388f6d4e404ce37e9b350
88.0,56.0,3545,2259.07627622767,1.0,1.0,"(1, 2)",663388f6d4e404ce37e9b350
88.0,56.0,3546,2259.07627622767,1.0,1.0,"(1, 2)",663388f6d4e404ce37e9b350
88.0,56.0,3547,2259.07627622767,1.0,1.0,"(1, 2)",663388f6d4e404ce37e9b350
88.0,56.0,3548,2259.07627622767,1.0,1.0,"(1, 2)",663388f6d4e404ce37e9b350
88.0,56.0,3549,2259.07627622767,1.0,1.0,"(1, 2)",663388f6d4e404ce37e9b350
88.0,56.0,3550,2259.07627622767,1.0,1.0,"(1, 2)",663388f6d4e404ce37e9b350
88.0,56.0,3551,2259.07627622767,1.0,1.0,"(1, 2)",663388f6d4e404ce37e9b350
88.0,56.0,3552,2259.07627622767,1.0,1.0,"(1, 2)",663388f6d4e404ce37e9b350
88.0,54.749999999999716,3553,2260.3262762276704,1.0,1.0,"(1, 2)",663388f6d4e404ce37e9b350
88.0,53.49999999999943,3554,2261.576276227671,1.0,1.0,"(1, 2)",663388f6d4e404ce37e9b350
88.0,52.24999999999915,3555,2262.8262762276713,1.0,1.0,"(1, 2)",663388f6d4e404ce37e9b350
88.0,50.99999999999886,3556,2264.0762762276718,1.0,1.0,"(1, 2)",663388f6d4e404ce37e9b350
88.0,49.74999999999858,3557,2265.326276227672,1.0,1.0,"(1, 2)",663388f6d4e404ce37e9b350
88.0,48.499999999998295,3558,2266.5762762276727,1.0,1.0,"(1, 2)",663388f6d4e404ce37e9b350
88.0,47.24999999999801,3559,2267.826276227673,1.0,1.0,"(1, 2)",663388f6d4e404ce37e9b350
88.0,45.999999999997726,3560,2269.0762762276736,1.0,1.0,"(1, 2)",663388f6d4e404ce37e9b350
88.0,44.74999999999744,3561,2270.326276227674,1.0,1.0,"(1, 2)",663388f6d4e404ce37e9b350
88.0,43.49999999999716,3562,2271.5762762276745,1.0,1.0,"(1, 2)",663388f6d4e404ce37e9b350
88.0,42.249999999996874,3563,2272.826276227675,1.0,1.0,"(1, 2)",663388f6d4e404ce37e9b350
88.0,40.99999999999659,3564,2274.0762762276754,1.0,1.0,"(1, 2)",663388f6d4e404ce37e9b350
87.6837844334222,39.8798317388366,3565,2275.2402217667177,1.0,1.0,"(1, 2)",663388f6d4e404ce37e9b350
86.805407859595,38.990475457837135,3566,2276.490221766718,1.0,1.0,"(1, 2)",663388f6d4e404ce37e9b350
85.92703128576778,38.10111917683767,3567,2277.7402217667186,1.0,1.0,"(1, 2)",663388f6d4e404ce37e9b350
85.04865471194057,37.211762895838206,3568,2278.990221766719,1.0,1.0,"(1, 2)",663388f6d4e404ce37e9b350
84.17027813811345,36.32240661483874,3569,2280.2402217667195,1.0,1.0,"(1, 2)",663388f6d4e404ce37e9b350
83.29190156428673,35.433050333839276,3570,2281.49022176672,1.0,1.0,"(1, 2)",663388f6d4e404ce37e9b350
82.41352499046002,34.54369405283981,3571,2282.7402217667204,1.0,1.0,"(1, 2)",663388f6d4e404ce37e9b350
81.5351484166333,33.654337771840346,3572,2283.990221766721,1.0,1.0,"(1, 2)",663388f6d4e404ce37e9b350
80.65677184280659,32.76498149084088,3573,2285.2402217667213,1.0,1.0,"(1, 2)",663388f6d4e404ce37e9b350
79.77839526897993,31.875625209841466,3574,2286.4902217667213,1.0,1.0,"(1, 2)",663388f6d4e404ce37e9b350
78.90001869515356,30.986268928842357,3575,2287.7402217667213,1.0,1.0,"(1, 2)",663388f6d4e404ce37e9b350
78.0216421213272,30.096912647843247,3576,2288.9902217667213,1.0,1.0,"(1, 2)",663388f6d4e404ce37e9b350
77.14326554750085,29.207556366844138,3577,2290.2402217667213,1.0,1.0,"(1, 2)",663388f6d4e404ce37e9b350
76.26488897367449,28.318200085845028,3578,2291.4902217667213,1.0,1.0,"(1, 2)",663388f6d4e404ce37e9b350
75.38651239984813,27.42884380484592,3579,2292.7402217667213,1.0,1.0,"(1, 2)",663388f6d4e404ce37e9b350
74.50813582602177,26.53948752384681,3580,2293.9902217667213,1.0,1.0,"(1, 2)",663388f6d4e404ce37e9b350
73.6297592521954,25.6501312428477,3581,2295.2402217667213,1.0,1.0,"(1, 2)",663388f6d4e404ce37e9b350
72.75138267836904,24.76077496184859,3582,2296.4902217667213,1.0,1.0,"(1, 2)",663388f6d4e404ce37e9b350
72.0,24.0,3583,2297.5594993134455,1.0,1.0,"(1, 2)",663388f6d4e404ce37e9b350
72.0,24.0,3584,2297.5594993134455,1.0,1.0,"(1, 2)",663388f6d4e404ce37e9b350
72.0,24.0,3585,2297.5594993134455,1.0,1.0,"(1, 2)",663388f6d4e404ce37e9b350
72.0,24.0,3586,2297.5594993134455,1.0,1.0,"(1, 2)",663388f6d4e404ce37e9b350
72.0,24.0,3587,2297.5594993134455,1.0,1.0,"(1, 2)",663388f6d4e404ce37e9b350
72.0,24.0,3588,2297.5594993134455,1.0,1.0,"(1, 2)",663388f6d4e404ce37e9b350
72.0,24.0,3589,2297.5594993134455,1.0,1.0,"(1, 2)",663388f6d4e404ce37e9b350
72.0,24.0,3590,2297.5594993134455,1.0,1.0,"(1, 2)",663388f6d4e404ce37e9b350
72.0,24.0,3591,2297.5594993134455,1.0,1.0,"(1, 2)",663388f6d4e404ce37e9b350
72.0,24.0,3592,2297.5594993134455,1.0,1.0,"(1, 2)",663388f6d4e404ce37e9b350
72.0,24.0,3593,2297.5594993134455,1.0,1.0,"(1, 2)",663388f6d4e404ce37e9b350
72.0,24.0,3594,2297.5594993134455,1.0,1.0,"(1, 2)",663388f6d4e404ce37e9b350
72.0,24.0,3595,2297.5594993134455,1.0,1.0,"(1, 2)",663388f6d4e404ce37e9b350
72.0,24.0,3596,2297.5594993134455,1.0,1.0,"(1, 2)",663388f6d4e404ce37e9b350
72.0,24.0,3597,2297.5594993134455,1.0,1.0,"(1, 2)",663388f6d4e404ce37e9b350
72.0,24.0,3598,2297.5594993134455,1.0,1.0,"(1, 2)",663388f6d4e404ce37e9b350
72.0,24.0,3599,2297.5594993134455,1.0,1.0,"(1, 2)",663388f6d4e404ce37e9b350
72.0,24.0,3600,2297.5594993134455,1.0,1.0,"(1, 2)",663388f6d4e404ce37e9b350
72.0,24.0,3601,2297.5594993134455,1.0,1.0,"(1, 2)",663388f6d4e404ce37e9b350
72.0,24.0,3602,2297.5594993134455,1.0,1.0,"(1, 2)",663388f6d4e404ce37e9b350
72.0,24.0,3603,2297.5594993134455,1.0,1.0,"(1, 2)",663388f6d4e404ce37e9b350
72.0,24.0,3604,2297.5594993134455,1.0,1.0,"(1, 2)",663388f6d4e404ce37e9b350
72.0,24.0,3605,2297.5594993134455,1.0,1.0,"(1, 2)",663388f6d4e404ce37e9b350
72.0,24.0,3606,2297.5594993134455,1.0,1.0,"(1, 2)",663388f6d4e404ce37e9b350
72.0,24.0,3607,2297.5594993134455,1.0,1.0,"(1, 2)",663388f6d4e404ce37e9b350
72.0,24.0,3608,2297.5594993134455,1.0,1.0,"(1, 2)",663388f6d4e404ce37e9b350
72.0,24.0,3609,2297.5594993134455,1.0,1.0,"(1, 2)",663388f6d4e404ce37e9b350
72.0,24.0,3610,2297.5594993134455,1.0,1.0,"(1, 2)",663388f6d4e404ce37e9b350
72.0,24.0,3611,2297.5594993134455,1.0,1.0,"(1, 2)",663388f6d4e404ce37e9b350
72.0,24.0,3612,2297.5594993134455,1.0,1.0,"(1, 2)",663388f6d4e404ce37e9b350
72.0,24.0,3613,2297.5594993134455,1.0,1.0,"(1, 2)",663388f6d4e404ce37e9b350
72.0,24.0,3614,2297.5594993134455,1.0,1.0,"(1, 2)",663388f6d4e404ce37e9b350
72.0,24.0,3615,2297.5594993134455,1.0,1.0,"(1, 2)",663388f6d4e404ce37e9b350
72.0,24.0,3616,2297.5594993134455,1.0,1.0,"(1, 2)",663388f6d4e404ce37e9b350
72.0,24.0,3617,2297.5594993134455,1.0,1.0,"(1, 2)",663388f6d4e404ce37e9b350
72.0,24.0,3618,2297.5594993134455,1.0,1.0,"(1, 2)",663388f6d4e404ce37e9b350
72.0,24.0,3619,2297.5594993134455,1.0,1.0,"(1, 2)",663388f6d4e404ce37e9b350
72.0,24.0,3620,2297.5594993134455,1.0,1.0,"(1, 2)",663388f6d4e404ce37e9b350
72.0,24.0,3621,2297.5594993134455,1.0,1.0,"(1, 2)",663388f6d4e404ce37e9b350
72.0,24.0,3622,2297.5594993134455,1.0,1.0,"(1, 2)",663388f6d4e404ce37e9b350
72.0,24.0,3623,2297.5594993134455,1.0,1.0,"(1, 2)",663388f6d4e404ce37e9b350
72.0,24.0,3624,2297.5594993134455,1.0,1.0,"(1, 2)",663388f6d4e404ce37e9b350
72.0,24.0,3625,2297.5594993134455,1.0,1.0,"(1, 2)",663388f6d4e404ce37e9b350
72.0,24.0,3626,2297.5594993134455,1.0,1.0,"(1, 2)",663388f6d4e404ce37e9b350
72.0,24.0,3627,2297.5594993134455,1.0,1.0,"(1, 2)",663388f6d4e404ce37e9b350
72.0,24.0,3628,2297.5594993134455,1.0,1.0,"(1, 2)",663388f6d4e404ce37e9b350
72.0,24.0,3629,2297.5594993134455,1.0,1.0,"(1, 2)",663388f6d4e404ce37e9b350
72.0,24.0,3630,2297.5594993134455,1.0,1.0,"(1, 2)",663388f6d4e404ce37e9b350
72.0,24.0,3631,2297.5594993134455,1.0,1.0,"(1, 2)",663388f6d4e404ce37e9b350
70.74999999999972,24.0,3632,2298.809499313446,1.0,1.0,"(1, 2)",663388f6d4e404ce37e9b350
69.49999999999943,24.0,3633,2300.0594993134464,1.0,1.0,"(1, 2)",663388f6d4e404ce37e9b350
68.24999999999915,24.0,3634,2301.309499313447,1.0,1.0,"(1, 2)",663388f6d4e404ce37e9b350
66.99999999999886,24.0,3635,2302.5594993134473,1.0,1.0,"(1, 2)",663388f6d4e404ce37e9b350
65.74999999999858,24.0,3636,2303.8094993134478,1.0,1.0,"(1, 2)",663388f6d4e404ce37e9b350
64.4999999999983,24.0,3637,2305.059499313448,1.0,1.0,"(1, 2)",663388f6d4e404ce37e9b350
63.24999999999801,24.0,3638,2306.3094993134487,1.0,1.0,"(1, 2)",663388f6d4e404ce37e9b350
61.999999999997726,24.0,3639,2307.559499313449,1.0,1.0,"(1, 2)",663388f6d4e404ce37e9b350
60.74999999999744,24.0,3640,2308.8094993134496,1.0,1.0,"(1, 2)",663388f6d4e404ce37e9b350
59.49999999999716,24.0,3641,2310.05949931345,1.0,1.0,"(1, 2)",663388f6d4e404ce37e9b350
58.249999999996874,24.0,3642,2311.3094993134505,1.0,1.0,"(1, 2)",663388f6d4e404ce37e9b350
56.99999999999659,24.0,3643,2312.559499313451,1.0,1.0,"(1, 2)",663388f6d4e404ce37e9b350
55.749999999996305,24.0,3644,2313.8094993134514,1.0,1.0,"(1, 2)",663388f6d4e404ce37e9b350
54.49999999999602,24.0,3645,2315.059499313452,1.0,1.0,"(1, 2)",663388f6d4e404ce37e9b350
53.24999999999574,24.0,3646,2316.3094993134523,1.0,1.0,"(1, 2)",663388f6d4e404ce37e9b350
51.99999999999545,24.0,3647,2317.5594993134528,1.0,1.0,"(1, 2)",663388f6d4e404ce37e9b350
50.74999999999517,24.0,3648,2318.809499313453,1.0,1.0,"(1, 2)",663388f6d4e404ce37e9b350
49.499999999994884,24.0,3649,2320.0594993134537,1.0,1.0,"(1, 2)",663388f6d4e404ce37e9b350
48.2499999999946,24.0,3650,2321.309499313454,1.0,1.0,"(1, 2)",663388f6d4e404ce37e9b350
46.999999999994316,24.0,3651,2322.5594993134546,1.0,1.0,"(1, 2)",663388f6d4e404ce37e9b350
45.74999999999403,24.0,3652,2323.809499313455,1.0,1.0,"(1, 2)",663388f6d4e404ce37e9b350
44.49999999999375,24.0,3653,2325.0594993134555,1.0,1.0,"(1, 2)",663388f6d4e404ce37e9b350
43.24999999999346,24.0,3654,2326.309499313456,1.0,1.0,"(1, 2)",663388f6d4e404ce37e9b350
41.99999999999318,24.0,3655,2327.5594993134564,1.0,1.0,"(1, 2)",663388f6d4e404ce37e9b350
40.749999999992895,24.0,3656,2328.809499313457,1.0,1.0,"(1, 2)",663388f6d4e404ce37e9b350
39.70196048263347,24.49189088134284,3657,2329.967231350284,1.0,1.0,"(1, 2)",663388f6d4e404ce37e9b350
38.81260420163471,25.37026745516934,3658,2331.2172313502833,1.0,1.0,"(1, 2)",663388f6d4e404ce37e9b350
37.92324792063596,26.24864402899584,3659,2332.467231350283,1.0,1.0,"(1, 2)",663388f6d4e404ce37e9b350
37.033891639637005,27.12702060282234,3660,2333.717231350283,1.0,1.0,"(1, 2)",663388f6d4e404ce37e9b350
36.14453535863804,28.00539717664884,3661,2334.967231350283,1.0,1.0,"(1, 2)",663388f6d4e404ce37e9b350
35.25517907763907,28.883773750475342,3662,2336.217231350283,1.0,1.0,"(1, 2)",663388f6d4e404ce37e9b350
34.36582279664011,29.762150324301842,3663,2337.467231350283,1.0,1.0,"(1, 2)",663388f6d4e404ce37e9b350
33.47646651564114,30.640526898128343,3664,2338.717231350283,1.0,1.0,"(1, 2)",663388f6d4e404ce37e9b350
32.587110234642175,31.518903471954843,3665,2339.967231350283,1.0,1.0,"(1, 2)",663388f6d4e404ce37e9b350
31.697753953643165,32.39728004578134,3666,2341.217231350283,1.0,1.0,"(1, 2)",663388f6d4e404ce37e9b350
30.808397672644055,33.275656619607844,3667,2342.467231350283,1.0,1.0,"(1, 2)",663388f6d4e404ce37e9b350
29.919041391644946,34.154033193434344,3668,2343.717231350283,1.0,1.0,"(1, 2)",663388f6d4e404ce37e9b350
29.029685110645836,35.032409767260845,3669,2344.967231350283,1.0,1.0,"(1, 2)",663388f6d4e404ce37e9b350
28.140328829646727,35.910786341087345,3670,2346.217231350283,1.0,1.0,"(1, 2)",663388f6d4e404ce37e9b350
27.250972548647617,36.789162914913845,3671,2347.467231350283,1.0,1.0,"(1, 2)",663388f6d4e404ce37e9b350
26.361616267648508,37.667539488740346,3672,2348.717231350283,1.0,1.0,"(1, 2)",663388f6d4e404ce37e9b350
25.472259986649725,38.54591606256688,3673,2349.9672313502824,1.0,1.0,"(1, 2)",663388f6d4e404ce37e9b350
24.58290370565097,39.424292636393595,3674,2351.2172313502824,1.0,1.0,"(1, 2)",663388f6d4e404ce37e9b350
24.0,40.0,3675,2352.03650889701,1.0,1.0,"(1, 2)",663388f6d4e404ce37e9b350
24.0,40.0,3676,2352.03650889701,1.0,1.0,"(1, 2)",663388f6d4e404ce37e9b350
24.0,40.0,3677,2352.03650889701,1.0,1.0,"(1, 2)",663388f6d4e404ce37e9b350
24.0,40.0,3678,2352.03650889701,1.0,1.0,"(1, 2)",663388f6d4e404ce37e9b350
24.0,40.0,3679,2352.03650889701,1.0,1.0,"(1, 2)",663388f6d4e404ce37e9b350
24.0,40.0,3680,2352.03650889701,1.0,1.0,"(1, 2)",663388f6d4e404ce37e9b350
24.0,40.0,3681,2352.03650889701,1.0,1.0,"(1, 2)",663388f6d4e404ce37e9b350
24.0,40.0,3682,2352.03650889701,1.0,1.0,"(1, 2)",663388f6d4e404ce37e9b350
24.0,40.0,3683,2352.03650889701,1.0,1.0,"(1, 2)",663388f6d4e404ce37e9b350
24.0,40.0,3684,2352.03650889701,1.0,1.0,"(1, 2)",663388f6d4e404ce37e9b350
24.0,40.0,3685,2352.03650889701,1.0,1.0,"(1, 2)",663388f6d4e404ce37e9b350
24.0,40.0,3686,2352.03650889701,1.0,1.0,"(1, 2)",663388f6d4e404ce37e9b350
24.0,40.0,3687,2352.03650889701,1.0,1.0,"(1, 2)",663388f6d4e404ce37e9b350
24.0,40.0,3688,2352.03650889701,1.0,1.0,"(1, 2)",663388f6d4e404ce37e9b350
24.0,40.0,3689,2352.03650889701,1.0,1.0,"(1, 2)",663388f6d4e404ce37e9b350
24.0,40.0,3690,2352.03650889701,1.0,1.0,"(1, 2)",663388f6d4e404ce37e9b350
24.0,40.0,3691,2352.03650889701,1.0,1.0,"(1, 2)",663388f6d4e404ce37e9b350
24.0,40.0,3692,2352.03650889701,1.0,1.0,"(1, 2)",663388f6d4e404ce37e9b350
24.0,40.0,3693,2352.03650889701,1.0,1.0,"(1, 2)",663388f6d4e404ce37e9b350
24.0,40.0,3694,2352.03650889701,1.0,1.0,"(1, 2)",663388f6d4e404ce37e9b350
24.0,40.0,3695,2352.03650889701,1.0,1.0,"(1, 2)",663388f6d4e404ce37e9b350
24.0,40.0,3696,2352.03650889701,1.0,1.0,"(1, 2)",663388f6d4e404ce37e9b350
24.0,40.0,3697,2352.03650889701,1.0,1.0,"(1, 2)",663388f6d4e404ce37e9b350
24.0,40.0,3698,2352.03650889701,1.0,1.0,"(1, 2)",663388f6d4e404ce37e9b350
24.0,40.0,3699,2352.03650889701,1.0,1.0,"(1, 2)",663388f6d4e404ce37e9b350
24.0,40.0,3700,2352.03650889701,1.0,1.0,"(1, 2)",663388f6d4e404ce37e9b350
24.0,40.0,3701,2352.03650889701,1.0,1.0,"(1, 2)",663388f6d4e404ce37e9b350
24.0,40.0,3702,2352.03650889701,1.0,1.0,"(1, 2)",663388f6d4e404ce37e9b350
24.0,40.0,3703,2352.03650889701,1.0,1.0,"(1, 2)",663388f6d4e404ce37e9b350
24.0,40.0,3704,2352.03650889701,1.0,1.0,"(1, 2)",663388f6d4e404ce37e9b350
24.0,40.0,3705,2352.03650889701,1.0,1.0,"(1, 2)",663388f6d4e404ce37e9b350
24.0,40.0,3706,2352.03650889701,1.0,1.0,"(1, 2)",663388f6d4e404ce37e9b350
24.0,40.0,3707,2352.03650889701,1.0,1.0,"(1, 2)",663388f6d4e404ce37e9b350
24.0,40.0,3708,2352.03650889701,1.0,1.0,"(1, 2)",663388f6d4e404ce37e9b350
24.0,40.0,3709,2352.03650889701,1.0,1.0,"(1, 2)",663388f6d4e404ce37e9b350
24.0,40.0,3710,2352.03650889701,1.0,1.0,"(1, 2)",663388f6d4e404ce37e9b350
24.0,40.0,3711,2352.03650889701,1.0,1.0,"(1, 2)",663388f6d4e404ce37e9b350
24.0,40.0,3712,2352.03650889701,1.0,1.0,"(1, 2)",663388f6d4e404ce37e9b350
24.0,40.0,3713,2352.03650889701,1.0,1.0,"(1, 2)",663388f6d4e404ce37e9b350
24.0,40.0,3714,2352.03650889701,1.0,1.0,"(1, 2)",663388f6d4e404ce37e9b350
24.0,40.0,3715,2352.03650889701,1.0,1.0,"(1, 2)",663388f6d4e404ce37e9b350
24.0,40.0,3716,2352.03650889701,1.0,1.0,"(1, 2)",663388f6d4e404ce37e9b350
24.0,40.0,3717,2352.03650889701,1.0,1.0,"(1, 2)",663388f6d4e404ce37e9b350
24.0,40.0,3718,2352.03650889701,1.0,1.0,"(1, 2)",663388f6d4e404ce37e9b350
24.0,40.0,3719,2352.03650889701,1.0,1.0,"(1, 2)",663388f6d4e404ce37e9b350
24.0,40.0,3720,2352.03650889701,1.0,1.0,"(1, 2)",663388f6d4e404ce37e9b350
24.0,40.0,3721,2352.03650889701,1.0,1.0,"(1, 2)",663388f6d4e404ce37e9b350
24.0,40.0,3722,2352.03650889701,1.0,1.0,"(1, 2)",663388f6d4e404ce37e9b350
24.0,40.0,3723,2352.03650889701,1.0,1.0,"(1, 2)",663388f6d4e404ce37e9b350
24.0,40.0,3724,2352.03650889701,1.0,1.0,"(1, 2)",663388f6d4e404ce37e9b350
24.0,40.0,3725,2352.03650889701,1.0,1.0,"(1, 2)",663388f6d4e404ce37e9b350
24.0,40.0,3726,2352.03650889701,1.0,1.0,"(1, 2)",663388f6d4e404ce37e9b350
24.0,40.0,3727,2352.03650889701,1.0,1.0,"(1, 2)",663388f6d4e404ce37e9b350
24.0,40.0,3728,2352.03650889701,1.0,1.0,"(1, 2)",663388f6d4e404ce37e9b350
24.0,40.0,3729,2352.03650889701,1.0,1.0,"(1, 2)",663388f6d4e404ce37e9b350
24.0,40.0,3730,2352.03650889701,1.0,1.0,"(1, 2)",663388f6d4e404ce37e9b350
24.0,40.0,3731,2352.03650889701,1.0,1.0,"(1, 2)",663388f6d4e404ce37e9b350
24.0,40.0,3732,2352.03650889701,1.0,1.0,"(1, 2)",663388f6d4e404ce37e9b350
24.88388347648305,39.11611652351695,3733,2353.28650889701,1.0,1.0,"(1, 2)",663388f6d4e404ce37e9b350
25.7677669529661,38.2322330470339,3734,2354.53650889701,1.0,1.0,"(1, 2)",663388f6d4e404ce37e9b350
26.65165042944915,37.34834957055085,3735,2355.78650889701,1.0,1.0,"(1, 2)",663388f6d4e404ce37e9b350
27.535533905932198,36.4644660940678,3736,2357.03650889701,1.0,1.0,"(1, 2)",663388f6d4e404ce37e9b350
28.419417382415247,35.58058261758475,3737,2358.28650889701,1.0,1.0,"(1, 2)",663388f6d4e404ce37e9b350
29.303300858898297,34.6966991411017,3738,2359.53650889701,1.0,1.0,"(1, 2)",663388f6d4e404ce37e9b350
30.187184335381346,33.812815664618654,3739,2360.78650889701,1.0,1.0,"(1, 2)",663388f6d4e404ce37e9b350
31.071067811864395,32.928932188135605,3740,2362.03650889701,1.0,1.0,"(1, 2)",663388f6d4e404ce37e9b350
31.954951288347445,32.045048711652555,3741,2363.28650889701,1.0,1.0,"(1, 2)",663388f6d4e404ce37e9b350
32.838834764830494,31.161165235169506,3742,2364.53650889701,1.0,1.0,"(1, 2)",663388f6d4e404ce37e9b350
33.722718241313544,30.277281758686456,3743,2365.78650889701,1.0,1.0,"(1, 2)",663388f6d4e404ce37e9b350
34.60660171779659,29.393398282203407,3744,2367.03650889701,1.0,1.0,"(1, 2)",663388f6d4e404ce37e9b350
35.49048519427964,28.509514805720357,3745,2368.28650889701,1.0,1.0,"(1, 2)",663388f6d4e404ce37e9b350
36.37436867076269,27.625631329237308,3746,2369.53650889701,1.0,1.0,"(1, 2)",663388f6d4e404ce37e9b350
37.25825214724574,26.74174785275426,3747,2370.78650889701,1.0,1.0,"(1, 2)",663388f6d4e404ce37e9b350
38.14213562372879,25.85786437627121,3748,2372.03650889701,1.0,1.0,"(1, 2)",663388f6d4e404ce37e9b350
39.02601910021184,24.97398089978816,3749,2373.28650889701,1.0,1.0,"(1, 2)",663388f6d4e404ce37e9b350
39.95382555869017,24.194346815316237,3750,2374.4983893078033,1.0,1.0,"(1, 2)",663388f6d4e404ce37e9b350
41.203733885133886,24.179208272259245,3751,2375.748389307803,1.0,1.0,"(1, 2)",663388f6d4e404ce37e9b350
42.4536422115776,24.164069729202254,3752,2376.9983893078024,1.0,1.0,"(1, 2)",663388f6d4e404ce37e9b350
43.70355053802132,24.148931186145262,3753,2378.248389307802,1.0,1.0,"(1, 2)",663388f6d4e404ce37e9b350
44.953458864465034,24.13379264308827,3754,2379.4983893078015,1.0,1.0,"(1, 2)",663388f6d4e404ce37e9b350
46.20336719090875,24.11865410003119,3755,2380.748389307801,1.0,1.0,"(1, 2)",663388f6d4e404ce37e9b350
47.453275517352466,24.103515556974024,3756,2381.9983893078006,1.0,1.0,"(1, 2)",663388f6d4e404ce37e9b350
48.70318384379618,24.08837701391686,3757,2383.2483893078,1.0,1.0,"(1, 2)",663388f6d4e404ce37e9b350
49.9530921702399,24.073238470859692,3758,2384.4983893077997,1.0,1.0,"(1, 2)",663388f6d4e404ce37e9b350
51.203000496683615,24.058099927802527,3759,2385.7483893077992,1.0,1.0,"(1, 2)",663388f6d4e404ce37e9b350
52.45290882312733,24.04296138474536,3760,2386.998389307799,1.0,1.0,"(1, 2)",663388f6d4e404ce37e9b350
53.70281714957105,24.027822841688195,3761,2388.2483893077983,1.0,1.0,"(1, 2)",663388f6d4e404ce37e9b350
54.95272547601476,24.01268429863103,3762,2389.498389307798,1.0,1.0,"(1, 2)",663388f6d4e404ce37e9b350
56.20266313364169,24.00233106509779,3763,2390.748369842606,1.0,1.0,"(1, 2)",663388f6d4e404ce37e9b350
57.45266312003295,24.002146614302884,3764,2391.998369842606,1.0,1.0,"(1, 2)",663388f6d4e404ce37e9b350
58.70266310642421,24.00196216350798,3765,2393.248369842606,1.0,1.0,"(1, 2)",663388f6d4e404ce37e9b350
59.95266309281547,24.001777712713075,3766,2394.498369842606,1.0,1.0,"(1, 2)",663388f6d4e404ce37e9b350
61.20266307920673,24.00159326191817,3767,2395.748369842606,1.0,1.0,"(1, 2)",663388f6d4e404ce37e9b350
62.45266306559799,24.001408811123397,3768,2396.998369842606,1.0,1.0,"(1, 2)",663388f6d4e404ce37e9b350
63.70266305198925,24.00122436032867,3769,2398.248369842606,1.0,1.0,"(1, 2)",663388f6d4e404ce37e9b350
64.95266303837997,24.001039909533944,3770,2399.4983698426054,1.0,1.0,"(1, 2)",663388f6d4e404ce37e9b350
66.20266302477052,24.000855458739217,3771,2400.748369842605,1.0,1.0,"(1, 2)",663388f6d4e404ce37e9b350
67.45266301116106,24.00067100794449,3772,2401.9983698426045,1.0,1.0,"(1, 2)",663388f6d4e404ce37e9b350
68.70266299755161,24.000486557149763,3773,2403.248369842604,1.0,1.0,"(1, 2)",663388f6d4e404ce37e9b350
69.95266298394216,24.000302106355036,3774,2404.4983698426036,1.0,1.0,"(1, 2)",663388f6d4e404ce37e9b350
71.20266297033271,24.00011765556031,3775,2405.748369842603,1.0,1.0,"(1, 2)",663388f6d4e404ce37e9b350
72.45266296379884,24.00002795062462,3776,2406.998369839288,1.0,1.0,"(1, 2)",663388f6d4e404ce37e9b350
73.70266296379629,24.000025703404965,3777,2408.2483698392875,1.0,1.0,"(1, 2)",663388f6d4e404ce37e9b350
74.95266296379373,24.00002345618531,3778,2409.498369839287,1.0,1.0,"(1, 2)",663388f6d4e404ce37e9b350
76.20266296379117,24.000021208965656,3779,2410.7483698392866,1.0,1.0,"(1, 2)",663388f6d4e404ce37e9b350
77.45266296378861,24.000018961746,3780,2411.998369839286,1.0,1.0,"(1, 2)",663388f6d4e404ce37e9b350
78.70266296378605,24.000016714526346,3781,2413.2483698392857,1.0,1.0,"(1, 2)",663388f6d4e404ce37e9b350
79.9526629637835,24.00001446730669,3782,2414.4983698392853,1.0,1.0,"(1, 2)",663388f6d4e404ce37e9b350
81.20266296378094,24.000012220087036,3783,2415.748369839285,1.0,1.0,"(1, 2)",663388f6d4e404ce37e9b350
82.45266296377838,24.00000997286738,3784,2416.9983698392844,1.0,1.0,"(1, 2)",663388f6d4e404ce37e9b350
83.70266296377582,24.000007725647727,3785,2418.248369839284,1.0,1.0,"(1, 2)",663388f6d4e404ce37e9b350
84.95266296377326,24.000005478428115,3786,2419.4983698392834,1.0,1.0,"(1, 2)",663388f6d4e404ce37e9b350
86.2026629637707,24.000003231208638,3787,2420.748369839283,1.0,1.0,"(1, 2)",663388f6d4e404ce37e9b350
87.45266296376815,24.00000098398916,3788,2421.9983698392825,1.0,1.0,"(1, 2)",663388f6d4e404ce37e9b350
88.70266296376764,24.00000033505509,3789,2423.248369839282,1.0,1.0,"(1, 2)",663388f6d4e404ce37e9b350
89.95266296376792,24.00000030767646,3790,2424.4983698392825,1.0,1.0,"(1, 2)",663388f6d4e404ce37e9b350
91.2026629637682,24.000000280297826,3791,2425.748369839283,1.0,1.0,"(1, 2)",663388f6d4e404ce37e9b350
92.45266296376849,24.000000252919193,3792,2426.9983698392834,1.0,1.0,"(1, 2)",663388f6d4e404ce37e9b350
93.70266296376877,24.00000022554056,3793,2428.248369839284,1.0,1.0,"(1, 2)",663388f6d4e404ce37e9b350
94.95266296376906,24.000000198161928,3794,2429.4983698392844,1.0,1.0,"(1, 2)",663388f6d4e404ce37e9b350
96.20266296376934,24.000000170783295,3795,2430.748369839285,1.0,1.0,"(1, 2)",663388f6d4e404ce37e9b350
97.45266296376963,24.00000014340478,3796,2431.9983698392853,1.0,1.0,"(1, 2)",663388f6d4e404ce37e9b350
98.70266296376991,24.000000116026325,3797,2433.2483698392857,1.0,1.0,"(1, 2)",663388f6d4e404ce37e9b350
99.9526629637702,24.00000008864787,3798,2434.498369839286,1.0,1.0,"(1, 2)",663388f6d4e404ce37e9b350
101.20266296377048,24.000000061269414,3799,2435.7483698392866,1.0,1.0,"(1, 2)",663388f6d4e404ce37e9b350
102.45266296377076,24.00000003389096,3800,2436.998369839287,1.0,1.0,"(1, 2)",663388f6d4e404ce37e9b350
103.70266296377105,24.000000006512504,3801,2438.2483698392875,1.0,1.0,"(1, 2)",663388f6d4e404ce37e9b350
104.0,24.0,3802,2438.5457068755163,1.0,1.0,"(1, 2)",663388f6d4e404ce37e9b350
104.0,24.0,3803,2438.5457068755163,1.0,1.0,"(1, 2)",663388f6d4e404ce37e9b350
104.0,24.0,3804,2438.5457068755163,1.0,1.0,"(1, 2)",663388f6d4e404ce37e9b350
104.0,24.0,3805,2438.5457068755163,1.0,1.0,"(1, 2)",663388f6d4e404ce37e9b350
104.0,24.0,3806,2438.5457068755163,1.0,1.0,"(1, 2)",663388f6d4e404ce37e9b350
104.0,24.0,3807,2438.5457068755163,1.0,1.0,"(1, 2)",663388f6d4e404ce37e9b350
104.0,24.0,3808,2438.5457068755163,1.0,1.0,"(1, 2)",663388f6d4e404ce37e9b350
104.0,24.0,3809,2438.5457068755163,1.0,1.0,"(1, 2)",663388f6d4e404ce37e9b350
104.0,24.0,3810,2438.5457068755163,1.0,1.0,"(1, 2)",663388f6d4e404ce37e9b350
104.0,24.0,3811,2438.5457068755163,1.0,1.0,"(1, 2)",663388f6d4e404ce37e9b350
104.0,24.0,3812,2438.5457068755163,1.0,1.0,"(1, 2)",663388f6d4e404ce37e9b350
104.0,24.0,3813,2438.5457068755163,1.0,1.0,"(1, 2)",663388f6d4e404ce37e9b350
104.0,24.0,3814,2438.5457068755163,1.0,1.0,"(1, 2)",663388f6d4e404ce37e9b350
104.0,24.0,3815,2438.5457068755163,1.0,1.0,"(1, 2)",663388f6d4e404ce37e9b350
104.0,24.0,3816,2438.5457068755163,1.0,1.0,"(1, 2)",663388f6d4e404ce37e9b350
104.0,24.0,3817,2438.5457068755163,1.0,1.0,"(1, 2)",663388f6d4e404ce37e9b350
104.0,24.0,3818,2438.5457068755163,1.0,1.0,"(1, 2)",663388f6d4e404ce37e9b350
104.0,24.0,3819,2438.5457068755163,1.0,1.0,"(1, 2)",663388f6d4e404ce37e9b350
104.0,24.0,3820,2438.5457068755163,1.0,1.0,"(1, 2)",663388f6d4e404ce37e9b350
104.0,24.0,3821,2438.5457068755163,1.0,1.0,"(1, 2)",663388f6d4e404ce37e9b350
104.0,24.0,3822,2438.5457068755163,1.0,1.0,"(1, 2)",663388f6d4e404ce37e9b350
104.0,24.0,3823,2438.5457068755163,1.0,1.0,"(1, 2)",663388f6d4e404ce37e9b350
104.0,24.0,3824,2438.5457068755163,1.0,1.0,"(1, 2)",663388f6d4e404ce37e9b350
104.0,24.0,3825,2438.5457068755163,1.0,1.0,"(1, 2)",663388f6d4e404ce37e9b350
104.0,24.0,3826,2438.5457068755163,1.0,1.0,"(1, 2)",663388f6d4e404ce37e9b350
104.0,24.0,3827,2438.5457068755163,1.0,1.0,"(1, 2)",663388f6d4e404ce37e9b350
104.0,24.0,3828,2438.5457068755163,1.0,1.0,"(1, 2)",663388f6d4e404ce37e9b350
104.0,24.0,3829,2438.5457068755163,1.0,1.0,"(1, 2)",663388f6d4e404ce37e9b350
104.0,24.0,3830,2438.5457068755163,1.0,1.0,"(1, 2)",663388f6d4e404ce37e9b350
104.0,24.0,3831,2438.5457068755163,1.0,1.0,"(1, 2)",663388f6d4e404ce37e9b350
104.0,24.0,3832,2438.5457068755163,1.0,1.0,"(1, 2)",663388f6d4e404ce37e9b350
104.0,24.0,3833,2438.5457068755163,1.0,1.0,"(1, 2)",663388f6d4e404ce37e9b350
102.74999999999972,24.0,3834,2439.7957068755168,1.0,1.0,"(1, 2)",663388f6d4e404ce37e9b350
101.49999999999943,24.0,3835,2441.045706875517,1.0,1.0,"(1, 2)",663388f6d4e404ce37e9b350
100.24999999999915,24.0,3836,2442.2957068755177,1.0,1.0,"(1, 2)",663388f6d4e404ce37e9b350
98.99999999999886,24.0,3837,2443.545706875518,1.0,1.0,"(1, 2)",663388f6d4e404ce37e9b350
97.74999999999858,24.0,3838,2444.7957068755186,1.0,1.0,"(1, 2)",663388f6d4e404ce37e9b350
96.4999999999983,24.0,3839,2446.045706875519,1.0,1.0,"(1, 2)",663388f6d4e404ce37e9b350
95.24999999999801,24.0,3840,2447.2957068755195,1.0,1.0,"(1, 2)",663388f6d4e404ce37e9b350
93.99999999999773,24.0,3841,2448.54570687552,1.0,1.0,"(1, 2)",663388f6d4e404ce37e9b350
92.74999999999744,24.0,3842,2449.7957068755204,1.0,1.0,"(1, 2)",663388f6d4e404ce37e9b350
91.49999999999716,24.0,3843,2451.045706875521,1.0,1.0,"(1, 2)",663388f6d4e404ce37e9b350
90.24999999999687,24.0,3844,2452.2957068755213,1.0,1.0,"(1, 2)",663388f6d4e404ce37e9b350
88.99999999999659,24.0,3845,2453.545706875522,1.0,1.0,"(1, 2)",663388f6d4e404ce37e9b350
87.7499999999963,24.0,3846,2454.7957068755222,1.0,1.0,"(1, 2)",663388f6d4e404ce37e9b350
86.49999999999602,24.0,3847,2456.0457068755227,1.0,1.0,"(1, 2)",663388f6d4e404ce37e9b350
85.24999999999574,24.0,3848,2457.295706875523,1.0,1.0,"(1, 2)",663388f6d4e404ce37e9b350
83.99999999999545,24.0,3849,2458.5457068755236,1.0,1.0,"(1, 2)",663388f6d4e404ce37e9b350
82.74999999999517,24.0,3850,2459.795706875524,1.0,1.0,"(1, 2)",663388f6d4e404ce37e9b350
81.49999999999488,24.0,3851,2461.0457068755245,1.0,1.0,"(1, 2)",663388f6d4e404ce37e9b350
80.2499999999946,24.0,3852,2462.295706875525,1.0,1.0,"(1, 2)",663388f6d4e404ce37e9b350
78.99999999999432,24.0,3853,2463.5457068755254,1.0,1.0,"(1, 2)",663388f6d4e404ce37e9b350
77.74999999999403,24.0,3854,2464.795706875526,1.0,1.0,"(1, 2)",663388f6d4e404ce37e9b350
76.49999999999375,24.0,3855,2466.0457068755263,1.0,1.0,"(1, 2)",663388f6d4e404ce37e9b350
75.24999999999346,24.0,3856,2467.295706875527,1.0,1.0,"(1, 2)",663388f6d4e404ce37e9b350
73.99999999999318,24.0,3857,2468.5457068755272,1.0,1.0,"(1, 2)",663388f6d4e404ce37e9b350
72.7499999999929,24.0,3858,2469.7957068755277,1.0,1.0,"(1, 2)",663388f6d4e404ce37e9b350
71.70196048263347,24.49189088134284,3859,2470.9534389123546,1.0,1.0,"(1, 2)",663388f6d4e404ce37e9b350
70.81260420163471,25.37026745516934,3860,2472.203438912354,1.0,1.0,"(1, 2)",663388f6d4e404ce37e9b350
69.92324792063596,26.24864402899584,3861,2473.4534389123537,1.0,1.0,"(1, 2)",663388f6d4e404ce37e9b350
69.0338916396372,27.12702060282234,3862,2474.7034389123532,1.0,1.0,"(1, 2)",663388f6d4e404ce37e9b350
68.14453535863845,28.00539717664884,3863,2475.953438912353,1.0,1.0,"(1, 2)",663388f6d4e404ce37e9b350
67.2551790776397,28.883773750475342,3864,2477.2034389123523,1.0,1.0,"(1, 2)",663388f6d4e404ce37e9b350
66.36582279664094,29.762150324301842,3865,2478.453438912352,1.0,1.0,"(1, 2)",663388f6d4e404ce37e9b350
65.47646651564219,30.640526898128343,3866,2479.7034389123514,1.0,1.0,"(1, 2)",663388f6d4e404ce37e9b350
64.58711023464343,31.518903471954843,3867,2480.953438912351,1.0,1.0,"(1, 2)",663388f6d4e404ce37e9b350
63.69775395364444,32.39728004578134,3868,2482.203438912351,1.0,1.0,"(1, 2)",663388f6d4e404ce37e9b350
62.80839767264497,33.275656619607844,3869,2483.453438912351,1.0,1.0,"(1, 2)",663388f6d4e404ce37e9b350
61.91904139164551,34.154033193434344,3870,2484.703438912351,1.0,1.0,"(1, 2)",663388f6d4e404ce37e9b350
61.02968511064632,35.032409767260845,3871,2485.953438912351,1.0,1.0,"(1, 2)",663388f6d4e404ce37e9b350
60.14032882964735,35.910786341087345,3872,2487.203438912351,1.0,1.0,"(1, 2)",663388f6d4e404ce37e9b350
59.25097254864839,36.789162914913845,3873,2488.453438912351,1.0,1.0,"(1, 2)",663388f6d4e404ce37e9b350
58.361616267649424,37.667539488740346,3874,2489.703438912351,1.0,1.0,"(1, 2)",663388f6d4e404ce37e9b350
57.47225998665046,38.545916062566846,3875,2490.953438912351,1.0,1.0,"(1, 2)",663388f6d4e404ce37e9b350
56.582903705651496,39.424292636393346,3876,2492.203438912351,1.0,1.0,"(1, 2)",663388f6d4e404ce37e9b350
56.0,40.0,3877,2493.022716459079,1.0,1.0,"(1, 2)",663388f6d4e404ce37e9b350
56.0,40.0,3878,2493.022716459079,1.0,1.0,"(1, 2)",663388f6d4e404ce37e9b350
56.0,40.0,3879,2493.022716459079,1.0,1.0,"(1, 2)",663388f6d4e404ce37e9b350
56.0,40.0,3880,2493.022716459079,1.0,1.0,"(1, 2)",663388f6d4e404ce37e9b350
56.0,40.0,3881,2493.022716459079,1.0,1.0,"(1, 2)",663388f6d4e404ce37e9b350
56.0,40.0,3882,2493.022716459079,1.0,1.0,"(1, 2)",663388f6d4e404ce37e9b350
56.0,40.0,3883,2493.022716459079,1.0,1.0,"(1, 2)",663388f6d4e404ce37e9b350
56.0,40.0,3884,2493.022716459079,1.0,1.0,"(1, 2)",663388f6d4e404ce37e9b350
56.0,40.0,3885,2493.022716459079,1.0,1.0,"(1, 2)",663388f6d4e404ce37e9b350
56.0,40.0,3886,2493.022716459079,1.0,1.0,"(1, 2)",663388f6d4e404ce37e9b350
56.0,40.0,3887,2493.022716459079,1.0,1.0,"(1, 2)",663388f6d4e404ce37e9b350
56.0,40.0,3888,2493.022716459079,1.0,1.0,"(1, 2)",663388f6d4e404ce37e9b350
56.0,40.0,3889,2493.022716459079,1.0,1.0,"(1, 2)",663388f6d4e404ce37e9b350
56.0,40.0,3890,2493.022716459079,1.0,1.0,"(1, 2)",663388f6d4e404ce37e9b350
56.0,40.0,3891,2493.022716459079,1.0,1.0,"(1, 2)",663388f6d4e404ce37e9b350
56.0,40.0,3892,2493.022716459079,1.0,1.0,"(1, 2)",663388f6d4e404ce37e9b350
56.0,40.0,3893,2493.022716459079,1.0,1.0,"(1, 2)",663388f6d4e404ce37e9b350
56.0,40.0,3894,2493.022716459079,1.0,1.0,"(1, 2)",663388f6d4e404ce37e9b350
56.0,40.0,3895,2493.022716459079,1.0,1.0,"(1, 2)",663388f6d4e404ce37e9b350
56.0,40.0,3896,2493.022716459079,1.0,1.0,"(1, 2)",663388f6d4e404ce37e9b350
56.0,40.0,3897,2493.022716459079,1.0,1.0,"(1, 2)",663388f6d4e404ce37e9b350
56.0,40.0,3898,2493.022716459079,1.0,1.0,"(1, 2)",663388f6d4e404ce37e9b350
56.0,40.0,3899,2493.022716459079,1.0,1.0,"(1, 2)",663388f6d4e404ce37e9b350
56.0,40.0,3900,2493.022716459079,1.0,1.0,"(1, 2)",663388f6d4e404ce37e9b350
56.0,40.0,3901,2493.022716459079,1.0,1.0,"(1, 2)",663388f6d4e404ce37e9b350
56.0,40.0,3902,2493.022716459079,1.0,1.0,"(1, 2)",663388f6d4e404ce37e9b350
56.0,40.0,3903,2493.022716459079,1.0,1.0,"(1, 2)",663388f6d4e404ce37e9b350
56.0,40.0,3904,2493.022716459079,1.0,1.0,"(1, 2)",663388f6d4e404ce37e9b350
56.0,40.0,3905,2493.022716459079,1.0,1.0,"(1, 2)",663388f6d4e404ce37e9b350
55.11611652351695,39.11611652351695,3906,2494.272716459079,1.0,1.0,"(1, 2)",663388f6d4e404ce37e9b350
54.2322330470339,38.2322330470339,3907,2495.522716459079,1.0,1.0,"(1, 2)",663388f6d4e404ce37e9b350
53.34834957055085,37.34834957055085,3908,2496.772716459079,1.0,1.0,"(1, 2)",663388f6d4e404ce37e9b350
52.4644660940678,36.4644660940678,3909,2498.022716459079,1.0,1.0,"(1, 2)",663388f6d4e404ce37e9b350
51.58058261758475,35.58058261758475,3910,2499.272716459079,1.0,1.0,"(1, 2)",663388f6d4e404ce37e9b350
50.6966991411017,34.6966991411017,3911,2500.522716459079,1.0,1.0,"(1, 2)",663388f6d4e404ce37e9b350
49.812815664618654,33.812815664618654,3912,2501.772716459079,1.0,1.0,"(1, 2)",663388f6d4e404ce37e9b350
48.928932188135605,32.928932188135605,3913,2503.022716459079,1.0,1.0,"(1, 2)",663388f6d4e404ce37e9b350
48.045048711652555,32.045048711652555,3914,2504.272716459079,1.0,1.0,"(1, 2)",663388f6d4e404ce37e9b350
47.161165235169506,31.161165235169506,3915,2505.522716459079,1.0,1.0,"(1, 2)",663388f6d4e404ce37e9b350
46.277281758686456,30.277281758686456,3916,2506.772716459079,1.0,1.0,"(1, 2)",663388f6d4e404ce37e9b350
45.39339828220341,29.393398282203407,3917,2508.022716459079,1.0,1.0,"(1, 2)",663388f6d4e404ce37e9b350
44.50951480572036,28.509514805720357,3918,2509.272716459079,1.0,1.0,"(1, 2)",663388f6d4e404ce37e9b350
43.62563132923731,27.625631329237308,3919,2510.522716459079,1.0,1.0,"(1, 2)",663388f6d4e404ce37e9b350
42.74174785275426,26.74174785275426,3920,2511.772716459079,1.0,1.0,"(1, 2)",663388f6d4e404ce37e9b350
41.85786437627121,25.85786437627121,3921,2513.022716459079,1.0,1.0,"(1, 2)",663388f6d4e404ce37e9b350
40.97398089978816,24.97398089978816,3922,2514.272716459079,1.0,1.0,"(1, 2)",663388f6d4e404ce37e9b350
40.088805099494266,24.300921192559585,3923,2515.38471716363,1.0,1.0,"(1, 2)",663388f6d4e404ce37e9b350
39.19415225792085,25.173902459863825,3924,2516.63471716363,1.0,1.0,"(1, 2)",663388f6d4e404ce37e9b350
38.29949941634743,26.046883727168066,3925,2517.88471716363,1.0,1.0,"(1, 2)",663388f6d4e404ce37e9b350
37.40484657477391,26.919864994472306,3926,2519.13471716363,1.0,1.0,"(1, 2)",663388f6d4e404ce37e9b350
36.51019373320007,27.792846261776546,3927,2520.38471716363,1.0,1.0,"(1, 2)",663388f6d4e404ce37e9b350
35.6155408916262,28.665827529080786,3928,2521.63471716363,1.0,1.0,"(1, 2)",663388f6d4e404ce37e9b350
34.720888050052345,29.538808796385027,3929,2522.88471716363,1.0,1.0,"(1, 2)",663388f6d4e404ce37e9b350
33.82623520847849,30.411790063689267,3930,2524.13471716363,1.0,1.0,"(1, 2)",663388f6d4e404ce37e9b350
32.93158236690463,31.284771330993507,3931,2525.38471716363,1.0,1.0,"(1, 2)",663388f6d4e404ce37e9b350
32.036929525330834,32.157752598297684,3932,2526.63471716363,1.0,1.0,"(1, 2)",663388f6d4e404ce37e9b350
31.142276683757075,33.03073386560157,3933,2527.88471716363,1.0,1.0,"(1, 2)",663388f6d4e404ce37e9b350
30.2476238421833,33.903715132905454,3934,2529.13471716363,1.0,1.0,"(1, 2)",663388f6d4e404ce37e9b350
29.35297100060953,34.77669640020934,3935,2530.38471716363,1.0,1.0,"(1, 2)",663388f6d4e404ce37e9b350
28.458318159035755,35.6496776675135,3936,2531.63471716363,1.0,1.0,"(1, 2)",663388f6d4e404ce37e9b350
27.563665317461982,36.52265893481782,3937,2532.88471716363,1.0,1.0,"(1, 2)",663388f6d4e404ce37e9b350
26.66901247588821,37.39564020212214,3938,2534.13471716363,1.0,1.0,"(1, 2)",663388f6d4e404ce37e9b350
25.774359634314436,38.268621469426456,3939,2535.38471716363,1.0,1.0,"(1, 2)",663388f6d4e404ce37e9b350
24.879706792740663,39.141602736730775,3940,2536.63471716363,1.0,1.0,"(1, 2)",663388f6d4e404ce37e9b350
24.0,40.0,3941,2537.8638346937228,1.0,1.0,"(1, 2)",663388f6d4e404ce37e9b350
24.0,40.0,3942,2537.8638346937228,1.0,1.0,"(1, 2)",663388f6d4e404ce37e9b350
24.0,40.0,3943,2537.8638346937228,1.0,1.0,"(1, 2)",663388f6d4e404ce37e9b350
24.0,40.0,3944,2537.8638346937228,1.0,1.0,"(1, 2)",663388f6d4e404ce37e9b350
24.0,40.0,3945,2537.8638346937228,1.0,1.0,"(1, 2)",663388f6d4e404ce37e9b350
24.0,40.0,3946,2537.8638346937228,1.0,1.0,"(1, 2)",663388f6d4e404ce37e9b350
24.0,40.0,3947,2537.8638346937228,1.0,1.0,"(1, 2)",663388f6d4e404ce37e9b350
24.0,40.0,3948,2537.8638346937228,1.0,1.0,"(1, 2)",663388f6d4e404ce37e9b350
24.0,40.0,3949,2537.8638346937228,1.0,1.0,"(1, 2)",663388f6d4e404ce37e9b350
24.0,40.0,3950,2537.8638346937228,1.0,1.0,"(1, 2)",663388f6d4e404ce37e9b350
24.0,40.0,3951,2537.8638346937228,1.0,1.0,"(1, 2)",663388f6d4e404ce37e9b350
24.0,40.0,3952,2537.8638346937228,1.0,1.0,"(1, 2)",663388f6d4e404ce37e9b350
24.0,40.0,3953,2537.8638346937228,1.0,1.0,"(1, 2)",663388f6d4e404ce37e9b350
24.0,40.0,3954,2537.8638346937228,1.0,1.0,"(1, 2)",663388f6d4e404ce37e9b350
24.0,40.0,3955,2537.8638346937228,1.0,1.0,"(1, 2)",663388f6d4e404ce37e9b350
24.0,40.0,3956,2537.8638346937228,1.0,1.0,"(1, 2)",663388f6d4e404ce37e9b350
24.0,40.0,3957,2537.8638346937228,1.0,1.0,"(1, 2)",663388f6d4e404ce37e9b350
24.0,40.0,3958,2537.8638346937228,1.0,1.0,"(1, 2)",663388f6d4e404ce37e9b350
24.0,40.0,3959,2537.8638346937228,1.0,1.0,"(1, 2)",663388f6d4e404ce37e9b350
24.0,40.0,3960,2537.8638346937228,1.0,1.0,"(1, 2)",663388f6d4e404ce37e9b350
24.0,40.0,3961,2537.8638346937228,1.0,1.0,"(1, 2)",663388f6d4e404ce37e9b350
24.0,40.0,3962,2537.8638346937228,1.0,1.0,"(1, 2)",663388f6d4e404ce37e9b350
24.0,40.0,3963,2537.8638346937228,1.0,1.0,"(1, 2)",663388f6d4e404ce37e9b350
24.0,40.0,3964,2537.8638346937228,1.0,1.0,"(1, 2)",663388f6d4e404ce37e9b350
24.0,40.0,3965,2537.8638346937228,1.0,1.0,"(1, 2)",663388f6d4e404ce37e9b350
24.0,40.0,3966,2537.8638346937228,1.0,1.0,"(1, 2)",663388f6d4e404ce37e9b350
24.0,40.0,3967,2537.8638346937228,1.0,1.0,"(1, 2)",663388f6d4e404ce37e9b350
24.0,40.0,3968,2537.8638346937228,1.0,1.0,"(1, 2)",663388f6d4e404ce37e9b350
24.0,40.0,3969,2537.8638346937228,1.0,1.0,"(1, 2)",663388f6d4e404ce37e9b350
24.0,40.0,3970,2537.8638346937228,1.0,1.0,"(1, 2)",663388f6d4e404ce37e9b350
24.0,40.0,3971,2537.8638346937228,1.0,1.0,"(1, 2)",663388f6d4e404ce37e9b350
24.0,40.0,3972,2537.8638346937228,1.0,1.0,"(1, 2)",663388f6d4e404ce37e9b350
24.0,40.0,3973,2537.8638346937228,1.0,1.0,"(1, 2)",663388f6d4e404ce37e9b350
24.0,40.0,3974,2537.8638346937228,1.0,1.0,"(1, 2)",663388f6d4e404ce37e9b350
24.0,40.0,3975,2537.8638346937228,1.0,1.0,"(1, 2)",663388f6d4e404ce37e9b350
24.0,40.0,3976,2537.8638346937228,1.0,1.0,"(1, 2)",663388f6d4e404ce37e9b350
24.0,40.0,3977,2537.8638346937228,1.0,1.0,"(1, 2)",663388f6d4e404ce37e9b350
24.0,40.0,3978,2537.8638346937228,1.0,1.0,"(1, 2)",663388f6d4e404ce37e9b350
24.0,40.0,3979,2537.8638346937228,1.0,1.0,"(1, 2)",663388f6d4e404ce37e9b350
24.0,40.0,3980,2537.8638346937228,1.0,1.0,"(1, 2)",663388f6d4e404ce37e9b350
24.0,40.0,3981,2537.8638346937228,1.0,1.0,"(1, 2)",663388f6d4e404ce37e9b350
24.0,40.0,3982,2537.8638346937228,1.0,1.0,"(1, 2)",663388f6d4e404ce37e9b350
24.0,40.0,3983,2537.8638346937228,1.0,1.0,"(1, 2)",663388f6d4e404ce37e9b350
24.0,40.0,3984,2537.8638346937228,1.0,1.0,"(1, 2)",663388f6d4e404ce37e9b350
24.0,40.0,3985,2537.8638346937228,1.0,1.0,"(1, 2)",663388f6d4e404ce37e9b350
24.0,40.0,3986,2537.8638346937228,1.0,1.0,"(1, 2)",663388f6d4e404ce37e9b350
24.0,40.0,3987,2537.8638346937228,1.0,1.0,"(1, 2)",663388f6d4e404ce37e9b350
24.0,40.0,3988,2537.8638346937228,1.0,1.0,"(1, 2)",663388f6d4e404ce37e9b350
24.0,40.0,3989,2537.8638346937228,1.0,1.0,"(1, 2)",663388f6d4e404ce37e9b350
24.0,40.0,3990,2537.8638346937228,1.0,1.0,"(1, 2)",663388f6d4e404ce37e9b350
24.0,40.0,3991,2537.8638346937228,1.0,1.0,"(1, 2)",663388f6d4e404ce37e9b350
24.0,40.0,3992,2537.8638346937228,1.0,1.0,"(1, 2)",663388f6d4e404ce37e9b350
24.0,40.0,3993,2537.8638346937228,1.0,1.0,"(1, 2)",663388f6d4e404ce37e9b350
24.0,40.0,3994,2537.8638346937228,1.0,1.0,"(1, 2)",663388f6d4e404ce37e9b350
24.0,40.0,3995,2537.8638346937228,1.0,1.0,"(1, 2)",663388f6d4e404ce37e9b350
24.0,40.0,3996,2537.8638346937228,1.0,1.0,"(1, 2)",663388f6d4e404ce37e9b350
24.0,40.0,3997,2537.8638346937228,1.0,1.0,"(1, 2)",663388f6d4e404ce37e9b350
24.0,40.0,3998,2537.8638346937228,1.0,1.0,"(1, 2)",663388f6d4e404ce37e9b350
24.0,40.0,3999,2537.8638346937228,1.0,1.0,"(1, 2)",663388f6d4e404ce37e9b350
24.0,40.0,4000,2537.8638346937228,1.0,1.0,"(1, 2)",663388f6d4e404ce37e9b350
24.0,40.0,4001,2537.8638346937228,1.0,1.0,"(1, 2)",663388f6d4e404ce37e9b350
24.0,40.0,4002,2537.8638346937228,1.0,1.0,"(1, 2)",663388f6d4e404ce37e9b350
24.0,40.0,4003,2537.8638346937228,1.0,1.0,"(1, 2)",663388f6d4e404ce37e9b350
24.0,40.0,4004,2537.8638346937228,1.0,1.0,"(1, 2)",663388f6d4e404ce37e9b350
24.0,40.0,4005,2537.8638346937228,1.0,1.0,"(1, 2)",663388f6d4e404ce37e9b350
24.0,40.0,4006,2537.8638346937228,1.0,1.0,"(1, 2)",663388f6d4e404ce37e9b350
24.0,40.0,4007,2537.8638346937228,1.0,1.0,"(1, 2)",663388f6d4e404ce37e9b350
24.0,40.0,4008,2537.8638346937228,1.0,1.0,"(1, 2)",663388f6d4e404ce37e9b350
24.0,40.0,4009,2537.8638346937228,1.0,1.0,"(1, 2)",663388f6d4e404ce37e9b350
24.0,40.0,4010,2537.8638346937228,1.0,1.0,"(1, 2)",663388f6d4e404ce37e9b350
24.0,40.0,4011,2537.8638346937228,1.0,1.0,"(1, 2)",663388f6d4e404ce37e9b350
24.0,40.0,4012,2537.8638346937228,1.0,1.0,"(1, 2)",663388f6d4e404ce37e9b350
24.0,40.0,4013,2537.8638346937228,1.0,1.0,"(1, 2)",663388f6d4e404ce37e9b350
24.0,40.0,4014,2537.8638346937228,1.0,1.0,"(1, 2)",663388f6d4e404ce37e9b350
24.0,40.0,4015,2537.8638346937228,1.0,1.0,"(1, 2)",663388f6d4e404ce37e9b350
24.0,40.0,4016,2537.8638346937228,1.0,1.0,"(1, 2)",663388f6d4e404ce37e9b350
24.0,40.0,4017,2537.8638346937228,1.0,1.0,"(1, 2)",663388f6d4e404ce37e9b350
24.0,40.0,4018,2537.8638346937228,1.0,1.0,"(1, 2)",663388f6d4e404ce37e9b350
24.0,40.0,4019,2537.8638346937228,1.0,1.0,"(1, 2)",663388f6d4e404ce37e9b350
24.0,40.0,4020,2537.8638346937228,1.0,1.0,"(1, 2)",663388f6d4e404ce37e9b350
24.0,40.0,4021,2537.8638346937228,1.0,1.0,"(1, 2)",663388f6d4e404ce37e9b350
24.0,40.0,4022,2537.8638346937228,1.0,1.0,"(1, 2)",663388f6d4e404ce37e9b350
24.0,40.0,4023,2537.8638346937228,1.0,1.0,"(1, 2)",663388f6d4e404ce37e9b350
24.0,40.0,4024,2537.8638346937228,1.0,1.0,"(1, 2)",663388f6d4e404ce37e9b350
24.0,40.0,4025,2537.8638346937228,1.0,1.0,"(1, 2)",663388f6d4e404ce37e9b350
24.0,40.0,4026,2537.8638346937228,1.0,1.0,"(1, 2)",663388f6d4e404ce37e9b350
24.0,40.0,4027,2537.8638346937228,1.0,1.0,"(1, 2)",663388f6d4e404ce37e9b350
24.0,40.0,4028,2537.8638346937228,1.0,1.0,"(1, 2)",663388f6d4e404ce37e9b350
24.0,40.0,4029,2537.8638346937228,1.0,1.0,"(1, 2)",663388f6d4e404ce37e9b350
24.0,40.0,4030,2537.8638346937228,1.0,1.0,"(1, 2)",663388f6d4e404ce37e9b350
24.0,40.0,4031,2537.8638346937228,1.0,1.0,"(1, 2)",663388f6d4e404ce37e9b350
24.0,40.0,4032,2537.8638346937228,1.0,1.0,"(1, 2)",663388f6d4e404ce37e9b350
24.0,40.0,4033,2537.8638346937228,1.0,1.0,"(1, 2)",663388f6d4e404ce37e9b350
24.0,40.0,4034,2537.8638346937228,1.0,1.0,"(1, 2)",663388f6d4e404ce37e9b350
24.0,40.0,4035,2537.8638346937228,1.0,1.0,"(1, 2)",663388f6d4e404ce37e9b350
24.0,40.0,4036,2537.8638346937228,1.0,1.0,"(1, 2)",663388f6d4e404ce37e9b350
24.0,40.0,4037,2537.8638346937228,1.0,1.0,"(1, 2)",663388f6d4e404ce37e9b350
24.0,40.0,4038,2537.8638346937228,1.0,1.0,"(1, 2)",663388f6d4e404ce37e9b350
24.0,40.0,4039,2537.8638346937228,1.0,1.0,"(1, 2)",663388f6d4e404ce37e9b350
24.0,40.0,4040,2537.8638346937228,1.0,1.0,"(1, 2)",663388f6d4e404ce37e9b350
24.0,40.0,4041,2537.8638346937228,1.0,1.0,"(1, 2)",663388f6d4e404ce37e9b350
24.0,40.0,4042,2537.8638346937228,1.0,1.0,"(1, 2)",663388f6d4e404ce37e9b350
24.0,40.0,4043,2537.8638346937228,1.0,1.0,"(1, 2)",663388f6d4e404ce37e9b350
24.0,40.0,4044,2537.8638346937228,1.0,1.0,"(1, 2)",663388f6d4e404ce37e9b350
24.0,40.0,4045,2537.8638346937228,1.0,1.0,"(1, 2)",663388f6d4e404ce37e9b350
24.0,40.0,4046,2537.8638346937228,1.0,1.0,"(1, 2)",663388f6d4e404ce37e9b350
24.0,40.0,4047,2537.8638346937228,1.0,1.0,"(1, 2)",663388f6d4e404ce37e9b350
24.0,40.0,4048,2537.8638346937228,1.0,1.0,"(1, 2)",663388f6d4e404ce37e9b350
24.0,40.0,4049,2537.8638346937228,1.0,1.0,"(1, 2)",663388f6d4e404ce37e9b350
24.0,40.0,4050,2537.8638346937228,1.0,1.0,"(1, 2)",663388f6d4e404ce37e9b350
24.0,40.0,4051,2537.8638346937228,1.0,1.0,"(1, 2)",663388f6d4e404ce37e9b350
24.0,40.0,4052,2537.8638346937228,1.0,1.0,"(1, 2)",663388f6d4e404ce37e9b350
24.0,40.0,4053,2537.8638346937228,1.0,1.0,"(1, 2)",663388f6d4e404ce37e9b350
24.0,40.0,4054,2537.8638346937228,1.0,1.0,"(1, 2)",663388f6d4e404ce37e9b350
24.0,40.0,4055,2537.8638346937228,1.0,1.0,"(1, 2)",663388f6d4e404ce37e9b350
24.0,40.0,4056,2537.8638346937228,1.0,1.0,"(1, 2)",663388f6d4e404ce37e9b350
24.0,40.0,4057,2537.8638346937228,1.0,1.0,"(1, 2)",663388f6d4e404ce37e9b350
24.0,40.0,4058,2537.8638346937228,1.0,1.0,"(1, 2)",663388f6d4e404ce37e9b350
24.0,40.0,4059,2537.8638346937228,1.0,1.0,"(1, 2)",663388f6d4e404ce37e9b350
24.0,40.0,4060,2537.8638346937228,1.0,1.0,"(1, 2)",663388f6d4e404ce37e9b350
24.0,40.0,4061,2537.8638346937228,1.0,1.0,"(1, 2)",663388f6d4e404ce37e9b350
24.0,40.0,4062,2537.8638346937228,1.0,1.0,"(1, 2)",663388f6d4e404ce37e9b350
24.0,40.0,4063,2537.8638346937228,1.0,1.0,"(1, 2)",663388f6d4e404ce37e9b350
24.0,40.0,4064,2537.8638346937228,1.0,1.0,"(1, 2)",663388f6d4e404ce37e9b350
24.0,40.0,4065,2537.8638346937228,1.0,1.0,"(1, 2)",663388f6d4e404ce37e9b350
24.0,40.0,4066,2537.8638346937228,1.0,1.0,"(1, 2)",663388f6d4e404ce37e9b350
24.0,40.0,4067,2537.8638346937228,1.0,1.0,"(1, 2)",663388f6d4e404ce37e9b350
24.0,40.0,4068,2537.8638346937228,1.0,1.0,"(1, 2)",663388f6d4e404ce37e9b350
24.0,40.0,4069,2537.8638346937228,1.0,1.0,"(1, 2)",663388f6d4e404ce37e9b350
24.0,40.0,4070,2537.8638346937228,1.0,1.0,"(1, 2)",663388f6d4e404ce37e9b350
24.0,40.0,4071,2537.8638346937228,1.0,1.0,"(1, 2)",663388f6d4e404ce37e9b350
24.0,40.0,4072,2537.8638346937228,1.0,1.0,"(1, 2)",663388f6d4e404ce37e9b350
24.0,40.0,4073,2537.8638346937228,1.0,1.0,"(1, 2)",663388f6d4e404ce37e9b350
24.88388347648305,39.11611652351695,4074,2539.1138346937228,1.0,1.0,"(1, 2)",663388f6d4e404ce37e9b350
25.7677669529661,38.2322330470339,4075,2540.3638346937228,1.0,1.0,"(1, 2)",663388f6d4e404ce37e9b350
26.65165042944915,37.34834957055085,4076,2541.6138346937228,1.0,1.0,"(1, 2)",663388f6d4e404ce37e9b350
27.535533905932198,36.4644660940678,4077,2542.8638346937228,1.0,1.0,"(1, 2)",663388f6d4e404ce37e9b350
28.419417382415247,35.58058261758475,4078,2544.1138346937228,1.0,1.0,"(1, 2)",663388f6d4e404ce37e9b350
29.303300858898297,34.6966991411017,4079,2545.3638346937228,1.0,1.0,"(1, 2)",663388f6d4e404ce37e9b350
30.187184335381346,33.812815664618654,4080,2546.6138346937228,1.0,1.0,"(1, 2)",663388f6d4e404ce37e9b350
31.071067811864395,32.928932188135605,4081,2547.8638346937228,1.0,1.0,"(1, 2)",663388f6d4e404ce37e9b350
31.954951288347445,32.045048711652555,4082,2549.1138346937228,1.0,1.0,"(1, 2)",663388f6d4e404ce37e9b350
32.838834764830494,31.161165235169506,4083,2550.3638346937228,1.0,1.0,"(1, 2)",663388f6d4e404ce37e9b350
33.722718241313544,30.277281758686456,4084,2551.6138346937228,1.0,1.0,"(1, 2)",663388f6d4e404ce37e9b350
34.60660171779659,29.393398282203407,4085,2552.8638346937228,1.0,1.0,"(1, 2)",663388f6d4e404ce37e9b350
35.49048519427964,28.509514805720357,4086,2554.1138346937228,1.0,1.0,"(1, 2)",663388f6d4e404ce37e9b350
36.37436867076269,27.625631329237308,4087,2555.3638346937228,1.0,1.0,"(1, 2)",663388f6d4e404ce37e9b350
37.25825214724574,26.74174785275426,4088,2556.6138346937228,1.0,1.0,"(1, 2)",663388f6d4e404ce37e9b350
38.14213562372879,25.85786437627121,4089,2557.8638346937228,1.0,1.0,"(1, 2)",663388f6d4e404ce37e9b350
39.02601910021184,24.97398089978816,4090,2559.1138346937228,1.0,1.0,"(1, 2)",663388f6d4e404ce37e9b350
39.95382555869017,24.194346815316237,4091,2560.325715104516,1.0,1.0,"(1, 2)",663388f6d4e404ce37e9b350
41.203733885133886,24.179208272259245,4092,2561.5757151045154,1.0,1.0,"(1, 2)",663388f6d4e404ce37e9b350
42.4536422115776,24.164069729202254,4093,2562.825715104515,1.0,1.0,"(1, 2)",663388f6d4e404ce37e9b350
43.70355053802132,24.148931186145262,4094,2564.0757151045145,1.0,1.0,"(1, 2)",663388f6d4e404ce37e9b350
44.953458864465034,24.13379264308827,4095,2565.325715104514,1.0,1.0,"(1, 2)",663388f6d4e404ce37e9b350
46.20336719090875,24.11865410003119,4096,2566.5757151045136,1.0,1.0,"(1, 2)",663388f6d4e404ce37e9b350
47.453275517352466,24.103515556974024,4097,2567.825715104513,1.0,1.0,"(1, 2)",663388f6d4e404ce37e9b350
48.70318384379618,24.08837701391686,4098,2569.0757151045127,1.0,1.0,"(1, 2)",663388f6d4e404ce37e9b350
49.9530921702399,24.073238470859692,4099,2570.3257151045123,1.0,1.0,"(1, 2)",663388f6d4e404ce37e9b350
51.203000496683615,24.058099927802527,4100,2571.575715104512,1.0,1.0,"(1, 2)",663388f6d4e404ce37e9b350
52.45290882312733,24.04296138474536,4101,2572.8257151045113,1.0,1.0,"(1, 2)",663388f6d4e404ce37e9b350
53.70281714957105,24.027822841688195,4102,2574.075715104511,1.0,1.0,"(1, 2)",663388f6d4e404ce37e9b350
54.95272547601476,24.01268429863103,4103,2575.3257151045104,1.0,1.0,"(1, 2)",663388f6d4e404ce37e9b350
56.0872550381394,24.2834727291098,4104,2576.4921128503142,1.0,1.0,"(1, 2)",663388f6d4e404ce37e9b350
56.97660472608601,25.16185597835243,4105,2577.7421128503147,1.0,1.0,"(1, 2)",663388f6d4e404ce37e9b350
57.865954414032615,26.040239227595062,4106,2578.992112850315,1.0,1.0,"(1, 2)",663388f6d4e404ce37e9b350
58.75530410197922,26.918622476837694,4107,2580.2421128503156,1.0,1.0,"(1, 2)",663388f6d4e404ce37e9b350
59.644653789925826,27.797005726080325,4108,2581.492112850316,1.0,1.0,"(1, 2)",663388f6d4e404ce37e9b350
60.53400347787243,28.675388975322956,4109,2582.7421128503165,1.0,1.0,"(1, 2)",663388f6d4e404ce37e9b350
61.42335316581904,29.553772224565588,4110,2583.992112850317,1.0,1.0,"(1, 2)",663388f6d4e404ce37e9b350
62.31270285376564,30.43215547380822,4111,2585.2421128503174,1.0,1.0,"(1, 2)",663388f6d4e404ce37e9b350
63.20205254171225,31.31053872305085,4112,2586.492112850318,1.0,1.0,"(1, 2)",663388f6d4e404ce37e9b350
64.09140222965885,32.18892197229348,4113,2587.7421128503183,1.0,1.0,"(1, 2)",663388f6d4e404ce37e9b350
64.98075191760546,33.06730522153611,4114,2588.992112850319,1.0,1.0,"(1, 2)",663388f6d4e404ce37e9b350
65.87010160555207,33.94568847077874,4115,2590.2421128503192,1.0,1.0,"(1, 2)",663388f6d4e404ce37e9b350
66.75945129349867,34.82407172002137,4116,2591.4921128503197,1.0,1.0,"(1, 2)",663388f6d4e404ce37e9b350
67.64880098144528,35.702454969264004,4117,2592.74211285032,1.0,1.0,"(1, 2)",663388f6d4e404ce37e9b350
68.53815066939188,36.580838218506635,4118,2593.9921128503206,1.0,1.0,"(1, 2)",663388f6d4e404ce37e9b350
69.42750035733849,37.459221467749266,4119,2595.242112850321,1.0,1.0,"(1, 2)",663388f6d4e404ce37e9b350
70.3168500452846,38.3376047169919,4120,2596.492112850321,1.0,1.0,"(1, 2)",663388f6d4e404ce37e9b350
71.2061997332302,39.21598796623453,4121,2597.7421128503206,1.0,1.0,"(1, 2)",663388f6d4e404ce37e9b350
72.0937675476357,40.09616431256832,4122,2598.9921076606356,1.0,1.0,"(1, 2)",663388f6d4e404ce37e9b350
72.97771761879305,40.97998118935992,4123,2600.242107660636,1.0,1.0,"(1, 2)",663388f6d4e404ce37e9b350
73.86166768995041,41.86379806615152,4124,2601.4921076606365,1.0,1.0,"(1, 2)",663388f6d4e404ce37e9b350
74.74561776110777,42.747614942943116,4125,2602.742107660637,1.0,1.0,"(1, 2)",663388f6d4e404ce37e9b350
75.62956783226512,43.631431819734715,4126,2603.9921076606374,1.0,1.0,"(1, 2)",663388f6d4e404ce37e9b350
76.51351790342248,44.515248696526314,4127,2605.242107660638,1.0,1.0,"(1, 2)",663388f6d4e404ce37e9b350
77.39746797457984,45.39906557331791,4128,2606.4921076606383,1.0,1.0,"(1, 2)",663388f6d4e404ce37e9b350
78.28141804573642,46.28288245010951,4129,2607.742107660638,1.0,1.0,"(1, 2)",663388f6d4e404ce37e9b350
79.16536811689278,47.16669932690111,4130,2608.9921076606374,1.0,1.0,"(1, 2)",663388f6d4e404ce37e9b350
80.04931818804914,48.05051620369271,4131,2610.242107660637,1.0,1.0,"(1, 2)",663388f6d4e404ce37e9b350
80.9332682592055,48.93433308048431,4132,2611.4921076606365,1.0,1.0,"(1, 2)",663388f6d4e404ce37e9b350
81.81721833036187,49.81814995727591,4133,2612.742107660636,1.0,1.0,"(1, 2)",663388f6d4e404ce37e9b350
82.70116840151823,50.701966834067505,4134,2613.9921076606356,1.0,1.0,"(1, 2)",663388f6d4e404ce37e9b350
83.5851184726746,51.585783710859104,4135,2615.242107660635,1.0,1.0,"(1, 2)",663388f6d4e404ce37e9b350
84.46906854383096,52.4696005876507,4136,2616.4921076606347,1.0,1.0,"(1, 2)",663388f6d4e404ce37e9b350
85.35301861498732,53.3534174644423,4137,2617.7421076606342,1.0,1.0,"(1, 2)",663388f6d4e404ce37e9b350
86.23696868614368,54.2372343412339,4138,2618.992107660634,1.0,1.0,"(1, 2)",663388f6d4e404ce37e9b350
87.12091875730005,55.1210512180255,4139,2620.2421076606333,1.0,1.0,"(1, 2)",663388f6d4e404ce37e9b350
88.0,56.0,4140,2621.485222616139,1.0,1.0,"(1, 2)",663388f6d4e404ce37e9b350
88.0,56.0,4141,2621.485222616139,1.0,1.0,"(1, 2)",663388f6d4e404ce37e9b350
88.0,56.0,4142,2621.485222616139,1.0,1.0,"(1, 2)",663388f6d4e404ce37e9b350
88.0,56.0,4143,2621.485222616139,1.0,1.0,"(1, 2)",663388f6d4e404ce37e9b350
88.0,56.0,4144,2621.485222616139,1.0,1.0,"(1, 2)",663388f6d4e404ce37e9b350
88.0,56.0,4145,2621.485222616139,1.0,1.0,"(1, 2)",663388f6d4e404ce37e9b350
88.0,56.0,4146,2621.485222616139,1.0,1.0,"(1, 2)",663388f6d4e404ce37e9b350
88.0,56.0,4147,2621.485222616139,1.0,1.0,"(1, 2)",663388f6d4e404ce37e9b350
88.0,56.0,4148,2621.485222616139,1.0,1.0,"(1, 2)",663388f6d4e404ce37e9b350
88.0,56.0,4149,2621.485222616139,1.0,1.0,"(1, 2)",663388f6d4e404ce37e9b350
88.0,56.0,4150,2621.485222616139,1.0,1.0,"(1, 2)",663388f6d4e404ce37e9b350
88.0,56.0,4151,2621.485222616139,1.0,1.0,"(1, 2)",663388f6d4e404ce37e9b350
88.0,56.0,4152,2621.485222616139,1.0,1.0,"(1, 2)",663388f6d4e404ce37e9b350
88.0,56.0,4153,2621.485222616139,1.0,1.0,"(1, 2)",663388f6d4e404ce37e9b350
88.0,56.0,4154,2621.485222616139,1.0,1.0,"(1, 2)",663388f6d4e404ce37e9b350
88.0,56.0,4155,2621.485222616139,1.0,1.0,"(1, 2)",663388f6d4e404ce37e9b350
88.0,56.0,4156,2621.485222616139,1.0,1.0,"(1, 2)",663388f6d4e404ce37e9b350
88.0,56.0,4157,2621.485222616139,1.0,1.0,"(1, 2)",663388f6d4e404ce37e9b350
88.0,56.0,4158,2621.485222616139,1.0,1.0,"(1, 2)",663388f6d4e404ce37e9b350
88.0,56.0,4159,2621.485222616139,1.0,1.0,"(1, 2)",663388f6d4e404ce37e9b350
88.0,56.0,4160,2621.485222616139,1.0,1.0,"(1, 2)",663388f6d4e404ce37e9b350
88.0,56.0,4161,2621.485222616139,1.0,1.0,"(1, 2)",663388f6d4e404ce37e9b350
88.0,56.0,4162,2621.485222616139,1.0,1.0,"(1, 2)",663388f6d4e404ce37e9b350
88.0,56.0,4163,2621.485222616139,1.0,1.0,"(1, 2)",663388f6d4e404ce37e9b350
88.0,56.0,4164,2621.485222616139,1.0,1.0,"(1, 2)",663388f6d4e404ce37e9b350
88.0,56.0,4165,2621.485222616139,1.0,1.0,"(1, 2)",663388f6d4e404ce37e9b350
88.0,56.0,4166,2621.485222616139,1.0,1.0,"(1, 2)",663388f6d4e404ce37e9b350
88.0,56.0,4167,2621.485222616139,1.0,1.0,"(1, 2)",663388f6d4e404ce37e9b350
88.0,56.0,4168,2621.485222616139,1.0,1.0,"(1, 2)",663388f6d4e404ce37e9b350
88.0,56.0,4169,2621.485222616139,1.0,1.0,"(1, 2)",663388f6d4e404ce37e9b350
88.0,56.0,4170,2621.485222616139,1.0,1.0,"(1, 2)",663388f6d4e404ce37e9b350
88.0,56.0,4171,2621.485222616139,1.0,1.0,"(1, 2)",663388f6d4e404ce37e9b350
88.0,56.0,4172,2621.485222616139,1.0,1.0,"(1, 2)",663388f6d4e404ce37e9b350
88.0,56.0,4173,2621.485222616139,1.0,1.0,"(1, 2)",663388f6d4e404ce37e9b350
88.0,56.0,4174,2621.485222616139,1.0,1.0,"(1, 2)",663388f6d4e404ce37e9b350
88.0,56.0,4175,2621.485222616139,1.0,1.0,"(1, 2)",663388f6d4e404ce37e9b350
88.0,56.0,4176,2621.485222616139,1.0,1.0,"(1, 2)",663388f6d4e404ce37e9b350
88.0,56.0,4177,2621.485222616139,1.0,1.0,"(1, 2)",663388f6d4e404ce37e9b350
88.0,56.0,4178,2621.485222616139,1.0,1.0,"(1, 2)",663388f6d4e404ce37e9b350
88.0,54.749999999999716,4179,2622.7352226161393,1.0,1.0,"(1, 2)",663388f6d4e404ce37e9b350
88.0,53.49999999999943,4180,2623.9852226161397,1.0,1.0,"(1, 2)",663388f6d4e404ce37e9b350
88.0,52.24999999999915,4181,2625.23522261614,1.0,1.0,"(1, 2)",663388f6d4e404ce37e9b350
88.0,50.99999999999886,4182,2626.4852226161406,1.0,1.0,"(1, 2)",663388f6d4e404ce37e9b350
88.0,49.74999999999858,4183,2627.735222616141,1.0,1.0,"(1, 2)",663388f6d4e404ce37e9b350
88.0,48.499999999998295,4184,2628.9852226161415,1.0,1.0,"(1, 2)",663388f6d4e404ce37e9b350
88.0,47.24999999999801,4185,2630.235222616142,1.0,1.0,"(1, 2)",663388f6d4e404ce37e9b350
88.0,45.999999999997726,4186,2631.4852226161424,1.0,1.0,"(1, 2)",663388f6d4e404ce37e9b350
88.0,44.74999999999744,4187,2632.735222616143,1.0,1.0,"(1, 2)",663388f6d4e404ce37e9b350
88.0,43.49999999999716,4188,2633.9852226161433,1.0,1.0,"(1, 2)",663388f6d4e404ce37e9b350
88.0,42.249999999996874,4189,2635.235222616144,1.0,1.0,"(1, 2)",663388f6d4e404ce37e9b350
88.0,40.99999999999659,4190,2636.4852226161443,1.0,1.0,"(1, 2)",663388f6d4e404ce37e9b350
88.3162155665778,39.8798317388366,4191,2637.6491681551865,1.0,1.0,"(1, 2)",663388f6d4e404ce37e9b350
89.194592140405,38.990475457837135,4192,2638.899168155187,1.0,1.0,"(1, 2)",663388f6d4e404ce37e9b350
90.07296871423222,38.10111917683767,4193,2640.1491681551875,1.0,1.0,"(1, 2)",663388f6d4e404ce37e9b350
90.95134528805943,37.211762895838206,4194,2641.399168155188,1.0,1.0,"(1, 2)",663388f6d4e404ce37e9b350
91.82972186188655,36.32240661483874,4195,2642.6491681551884,1.0,1.0,"(1, 2)",663388f6d4e404ce37e9b350
92.70809843571327,35.433050333839276,4196,2643.899168155189,1.0,1.0,"(1, 2)",663388f6d4e404ce37e9b350
93.58647500953998,34.54369405283981,4197,2645.1491681551893,1.0,1.0,"(1, 2)",663388f6d4e404ce37e9b350
94.4648515833667,33.654337771840346,4198,2646.3991681551897,1.0,1.0,"(1, 2)",663388f6d4e404ce37e9b350
95.34322815719341,32.76498149084088,4199,2647.64916815519,1.0,1.0,"(1, 2)",663388f6d4e404ce37e9b350
96.22160473102007,31.875625209841466,4200,2648.89916815519,1.0,1.0,"(1, 2)",663388f6d4e404ce37e9b350
97.09998130484644,30.986268928842357,4201,2650.14916815519,1.0,1.0,"(1, 2)",663388f6d4e404ce37e9b350
97.9783578786728,30.096912647843247,4202,2651.39916815519,1.0,1.0,"(1, 2)",663388f6d4e404ce37e9b350
98.85673445249915,29.207556366844138,4203,2652.64916815519,1.0,1.0,"(1, 2)",663388f6d4e404ce37e9b350
99.73511102632551,28.318200085845028,4204,2653.89916815519,1.0,1.0,"(1, 2)",663388f6d4e404ce37e9b350
100.61348760015187,27.42884380484592,4205,2655.14916815519,1.0,1.0,"(1, 2)",663388f6d4e404ce37e9b350
101.49186417397823,26.53948752384681,4206,2656.39916815519,1.0,1.0,"(1, 2)",663388f6d4e404ce37e9b350
102.3702407478046,25.6501312428477,4207,2657.64916815519,1.0,1.0,"(1, 2)",663388f6d4e404ce37e9b350
103.24861732163096,24.76077496184859,4208,2658.89916815519,1.0,1.0,"(1, 2)",663388f6d4e404ce37e9b350
104.0,24.0,4209,2659.9684457019143,1.0,1.0,"(1, 2)",663388f6d4e404ce37e9b350
104.0,24.0,4210,2659.9684457019143,1.0,1.0,"(1, 2)",663388f6d4e404ce37e9b350
104.0,24.0,4211,2659.9684457019143,1.0,1.0,"(1, 2)",663388f6d4e404ce37e9b350
104.0,24.0,4212,2659.9684457019143,1.0,1.0,"(1, 2)",663388f6d4e404ce37e9b350
104.0,24.0,4213,2659.9684457019143,1.0,1.0,"(1, 2)",663388f6d4e404ce37e9b350
104.0,24.0,4214,2659.9684457019143,1.0,1.0,"(1, 2)",663388f6d4e404ce37e9b350
104.0,24.0,4215,2659.9684457019143,1.0,1.0,"(1, 2)",663388f6d4e404ce37e9b350
104.0,24.0,4216,2659.9684457019143,1.0,1.0,"(1, 2)",663388f6d4e404ce37e9b350
104.0,24.0,4217,2659.9684457019143,1.0,1.0,"(1, 2)",663388f6d4e404ce37e9b350
104.0,24.0,4218,2659.9684457019143,1.0,1.0,"(1, 2)",663388f6d4e404ce37e9b350
104.0,24.0,4219,2659.9684457019143,1.0,1.0,"(1, 2)",663388f6d4e404ce37e9b350
104.0,24.0,4220,2659.9684457019143,1.0,1.0,"(1, 2)",663388f6d4e404ce37e9b350
104.0,24.0,4221,2659.9684457019143,1.0,1.0,"(1, 2)",663388f6d4e404ce37e9b350
104.0,24.0,4222,2659.9684457019143,1.0,1.0,"(1, 2)",663388f6d4e404ce37e9b350
104.0,24.0,4223,2659.9684457019143,1.0,1.0,"(1, 2)",663388f6d4e404ce37e9b350
104.0,24.0,4224,2659.9684457019143,1.0,1.0,"(1, 2)",663388f6d4e404ce37e9b350
104.0,24.0,4225,2659.9684457019143,1.0,1.0,"(1, 2)",663388f6d4e404ce37e9b350
104.0,24.0,4226,2659.9684457019143,1.0,1.0,"(1, 2)",663388f6d4e404ce37e9b350
104.0,24.0,4227,2659.9684457019143,1.0,1.0,"(1, 2)",663388f6d4e404ce37e9b350
104.0,24.0,4228,2659.9684457019143,1.0,1.0,"(1, 2)",663388f6d4e404ce37e9b350
104.0,24.0,4229,2659.9684457019143,1.0,1.0,"(1, 2)",663388f6d4e404ce37e9b350
104.0,24.0,4230,2659.9684457019143,1.0,1.0,"(1, 2)",663388f6d4e404ce37e9b350
104.0,24.0,4231,2659.9684457019143,1.0,1.0,"(1, 2)",663388f6d4e404ce37e9b350
104.0,24.0,4232,2659.9684457019143,1.0,1.0,"(1, 2)",663388f6d4e404ce37e9b350
104.0,24.0,4233,2659.9684457019143,1.0,1.0,"(1, 2)",663388f6d4e404ce37e9b350
104.0,24.0,4234,2659.9684457019143,1.0,1.0,"(1, 2)",663388f6d4e404ce37e9b350
104.0,24.0,4235,2659.9684457019143,1.0,1.0,"(1, 2)",663388f6d4e404ce37e9b350
102.74999999999972,24.0,4236,2661.218445701915,1.0,1.0,"(1, 2)",663388f6d4e404ce37e9b350
101.49999999999943,24.0,4237,2662.4684457019152,1.0,1.0,"(1, 2)",663388f6d4e404ce37e9b350
100.24999999999915,24.0,4238,2663.7184457019157,1.0,1.0,"(1, 2)",663388f6d4e404ce37e9b350
98.99999999999886,24.0,4239,2664.968445701916,1.0,1.0,"(1, 2)",663388f6d4e404ce37e9b350
97.74999999999858,24.0,4240,2666.2184457019166,1.0,1.0,"(1, 2)",663388f6d4e404ce37e9b350
96.4999999999983,24.0,4241,2667.468445701917,1.0,1.0,"(1, 2)",663388f6d4e404ce37e9b350
95.24999999999801,24.0,4242,2668.7184457019175,1.0,1.0,"(1, 2)",663388f6d4e404ce37e9b350
93.99999999999773,24.0,4243,2669.968445701918,1.0,1.0,"(1, 2)",663388f6d4e404ce37e9b350
92.74999999999744,24.0,4244,2671.2184457019184,1.0,1.0,"(1, 2)",663388f6d4e404ce37e9b350
91.49999999999716,24.0,4245,2672.468445701919,1.0,1.0,"(1, 2)",663388f6d4e404ce37e9b350
90.24999999999687,24.0,4246,2673.7184457019193,1.0,1.0,"(1, 2)",663388f6d4e404ce37e9b350
88.99999999999659,24.0,4247,2674.96844570192,1.0,1.0,"(1, 2)",663388f6d4e404ce37e9b350
87.7499999999963,24.0,4248,2676.2184457019202,1.0,1.0,"(1, 2)",663388f6d4e404ce37e9b350
86.49999999999602,24.0,4249,2677.4684457019207,1.0,1.0,"(1, 2)",663388f6d4e404ce37e9b350
85.24999999999574,24.0,4250,2678.718445701921,1.0,1.0,"(1, 2)",663388f6d4e404ce37e9b350
83.99999999999545,24.0,4251,2679.9684457019216,1.0,1.0,"(1, 2)",663388f6d4e404ce37e9b350
82.74999999999517,24.0,4252,2681.218445701922,1.0,1.0,"(1, 2)",663388f6d4e404ce37e9b350
81.49999999999488,24.0,4253,2682.4684457019225,1.0,1.0,"(1, 2)",663388f6d4e404ce37e9b350
80.2499999999946,24.0,4254,2683.718445701923,1.0,1.0,"(1, 2)",663388f6d4e404ce37e9b350
78.99999999999432,24.0,4255,2684.9684457019234,1.0,1.0,"(1, 2)",663388f6d4e404ce37e9b350
77.74999999999403,24.0,4256,2686.218445701924,1.0,1.0,"(1, 2)",663388f6d4e404ce37e9b350
76.49999999999375,24.0,4257,2687.4684457019243,1.0,1.0,"(1, 2)",663388f6d4e404ce37e9b350
75.24999999999346,24.0,4258,2688.718445701925,1.0,1.0,"(1, 2)",663388f6d4e404ce37e9b350
73.99999999999318,24.0,4259,2689.9684457019252,1.0,1.0,"(1, 2)",663388f6d4e404ce37e9b350
72.7499999999929,24.0,4260,2691.2184457019257,1.0,1.0,"(1, 2)",663388f6d4e404ce37e9b350
71.70196048263347,24.49189088134284,4261,2692.3761777387526,1.0,1.0,"(1, 2)",663388f6d4e404ce37e9b350
70.81260420163471,25.37026745516934,4262,2693.626177738752,1.0,1.0,"(1, 2)",663388f6d4e404ce37e9b350
69.92324792063596,26.24864402899584,4263,2694.8761777387517,1.0,1.0,"(1, 2)",663388f6d4e404ce37e9b350
69.0338916396372,27.12702060282234,4264,2696.1261777387513,1.0,1.0,"(1, 2)",663388f6d4e404ce37e9b350
68.14453535863845,28.00539717664884,4265,2697.376177738751,1.0,1.0,"(1, 2)",663388f6d4e404ce37e9b350
67.2551790776397,28.883773750475342,4266,2698.6261777387504,1.0,1.0,"(1, 2)",663388f6d4e404ce37e9b350
66.36582279664094,29.762150324301842,4267,2699.87617773875,1.0,1.0,"(1, 2)",663388f6d4e404ce37e9b350
65.47646651564219,30.640526898128343,4268,2701.1261777387494,1.0,1.0,"(1, 2)",663388f6d4e404ce37e9b350
64.58711023464343,31.518903471954843,4269,2702.376177738749,1.0,1.0,"(1, 2)",663388f6d4e404ce37e9b350
63.69775395364444,32.39728004578134,4270,2703.626177738749,1.0,1.0,"(1, 2)",663388f6d4e404ce37e9b350
62.80839767264497,33.275656619607844,4271,2704.876177738749,1.0,1.0,"(1, 2)",663388f6d4e404ce37e9b350
61.91904139164551,34.154033193434344,4272,2706.126177738749,1.0,1.0,"(1, 2)",663388f6d4e404ce37e9b350
61.02968511064632,35.032409767260845,4273,2707.376177738749,1.0,1.0,"(1, 2)",663388f6d4e404ce37e9b350
60.14032882964735,35.910786341087345,4274,2708.626177738749,1.0,1.0,"(1, 2)",663388f6d4e404ce37e9b350
59.25097254864839,36.789162914913845,4275,2709.876177738749,1.0,1.0,"(1, 2)",663388f6d4e404ce37e9b350
58.361616267649424,37.667539488740346,4276,2711.126177738749,1.0,1.0,"(1, 2)",663388f6d4e404ce37e9b350
57.47225998665046,38.545916062566846,4277,2712.376177738749,1.0,1.0,"(1, 2)",663388f6d4e404ce37e9b350
56.582903705651496,39.424292636393346,4278,2713.626177738749,1.0,1.0,"(1, 2)",663388f6d4e404ce37e9b350
56.0,40.0,4279,2714.4454552854772,1.0,1.0,"(1, 2)",663388f6d4e404ce37e9b350
56.0,40.0,4280,2714.4454552854772,1.0,1.0,"(1, 2)",663388f6d4e404ce37e9b350
56.0,40.0,4281,2714.4454552854772,1.0,1.0,"(1, 2)",663388f6d4e404ce37e9b350
56.0,40.0,4282,2714.4454552854772,1.0,1.0,"(1, 2)",663388f6d4e404ce37e9b350
56.0,40.0,4283,2714.4454552854772,1.0,1.0,"(1, 2)",663388f6d4e404ce37e9b350
56.0,40.0,4284,2714.4454552854772,1.0,1.0,"(1, 2)",663388f6d4e404ce37e9b350
56.0,40.0,4285,2714.4454552854772,1.0,1.0,"(1, 2)",663388f6d4e404ce37e9b350
56.0,40.0,4286,2714.4454552854772,1.0,1.0,"(1, 2)",663388f6d4e404ce37e9b350
56.0,40.0,4287,2714.4454552854772,1.0,1.0,"(1, 2)",663388f6d4e404ce37e9b350
56.0,40.0,4288,2714.4454552854772,1.0,1.0,"(1, 2)",663388f6d4e404ce37e9b350
56.0,40.0,4289,2714.4454552854772,1.0,1.0,"(1, 2)",663388f6d4e404ce37e9b350
56.0,40.0,4290,2714.4454552854772,1.0,1.0,"(1, 2)",663388f6d4e404ce37e9b350
56.0,40.0,4291,2714.4454552854772,1.0,1.0,"(1, 2)",663388f6d4e404ce37e9b350
56.0,40.0,4292,2714.4454552854772,1.0,1.0,"(1, 2)",663388f6d4e404ce37e9b350
56.0,40.0,4293,2714.4454552854772,1.0,1.0,"(1, 2)",663388f6d4e404ce37e9b350
56.0,40.0,4294,2714.4454552854772,1.0,1.0,"(1, 2)",663388f6d4e404ce37e9b350
56.0,40.0,4295,2714.4454552854772,1.0,1.0,"(1, 2)",663388f6d4e404ce37e9b350
56.0,40.0,4296,2714.4454552854772,1.0,1.0,"(1, 2)",663388f6d4e404ce37e9b350
56.0,40.0,4297,2714.4454552854772,1.0,1.0,"(1, 2)",663388f6d4e404ce37e9b350
56.0,40.0,4298,2714.4454552854772,1.0,1.0,"(1, 2)",663388f6d4e404ce37e9b350
56.0,40.0,4299,2714.4454552854772,1.0,1.0,"(1, 2)",663388f6d4e404ce37e9b350
56.0,40.0,4300,2714.4454552854772,1.0,1.0,"(1, 2)",663388f6d4e404ce37e9b350
56.0,40.0,4301,2714.4454552854772,1.0,1.0,"(1, 2)",663388f6d4e404ce37e9b350
56.0,40.0,4302,2714.4454552854772,1.0,1.0,"(1, 2)",663388f6d4e404ce37e9b350
56.0,40.0,4303,2714.4454552854772,1.0,1.0,"(1, 2)",663388f6d4e404ce37e9b350
56.0,40.0,4304,2714.4454552854772,1.0,1.0,"(1, 2)",663388f6d4e404ce37e9b350
56.0,40.0,4305,2714.4454552854772,1.0,1.0,"(1, 2)",663388f6d4e404ce37e9b350
56.0,40.0,4306,2714.4454552854772,1.0,1.0,"(1, 2)",663388f6d4e404ce37e9b350
56.0,40.0,4307,2714.4454552854772,1.0,1.0,"(1, 2)",663388f6d4e404ce37e9b350
56.0,40.0,4308,2714.4454552854772,1.0,1.0,"(1, 2)",663388f6d4e404ce37e9b350
56.0,40.0,4309,2714.4454552854772,1.0,1.0,"(1, 2)",663388f6d4e404ce37e9b350
57.250000000000284,40.0,4310,2715.6954552854777,1.0,1.0,"(1, 2)",663388f6d4e404ce37e9b350
58.50000000000057,40.0,4311,2716.945455285478,1.0,1.0,"(1, 2)",663388f6d4e404ce37e9b350
59.75000000000085,40.0,4312,2718.1954552854786,1.0,1.0,"(1, 2)",663388f6d4e404ce37e9b350
61.00000000000114,40.0,4313,2719.445455285479,1.0,1.0,"(1, 2)",663388f6d4e404ce37e9b350
62.25000000000142,40.0,4314,2720.6954552854795,1.0,1.0,"(1, 2)",663388f6d4e404ce37e9b350
63.500000000001705,40.0,4315,2721.94545528548,1.0,1.0,"(1, 2)",663388f6d4e404ce37e9b350
64.75000000000199,40.0,4316,2723.1954552854804,1.0,1.0,"(1, 2)",663388f6d4e404ce37e9b350
66.00000000000227,40.0,4317,2724.445455285481,1.0,1.0,"(1, 2)",663388f6d4e404ce37e9b350
67.25000000000256,40.0,4318,2725.6954552854813,1.0,1.0,"(1, 2)",663388f6d4e404ce37e9b350
68.50000000000284,40.0,4319,2726.945455285482,1.0,1.0,"(1, 2)",663388f6d4e404ce37e9b350
69.75000000000313,40.0,4320,2728.1954552854822,1.0,1.0,"(1, 2)",663388f6d4e404ce37e9b350
