x,y,tick,phase,distance_walked,walking_speed,cutting_speed,start_pos,prolific_id
24.0,40.0,1,train,0.0,1.0,1.0,"(1, 2)",667e6da95ae0a25f225ae6e6
24.0,40.0,2,train,0.0,1.0,1.0,"(1, 2)",667e6da95ae0a25f225ae6e6
24.0,40.0,3,train,0.0,1.0,1.0,"(1, 2)",667e6da95ae0a25f225ae6e6
24.0,40.0,4,train,0.0,1.0,1.0,"(1, 2)",667e6da95ae0a25f225ae6e6
24.0,40.0,5,train,0.0,1.0,1.0,"(1, 2)",667e6da95ae0a25f225ae6e6
24.0,40.0,6,train,0.0,1.0,1.0,"(1, 2)",667e6da95ae0a25f225ae6e6
24.0,40.0,7,train,0.0,1.0,1.0,"(1, 2)",667e6da95ae0a25f225ae6e6
24.0,40.0,8,train,0.0,1.0,1.0,"(1, 2)",667e6da95ae0a25f225ae6e6
24.0,40.0,9,train,0.0,1.0,1.0,"(1, 2)",667e6da95ae0a25f225ae6e6
24.0,40.0,10,train,0.0,1.0,1.0,"(1, 2)",667e6da95ae0a25f225ae6e6
24.0,40.0,11,train,0.0,1.0,1.0,"(1, 2)",667e6da95ae0a25f225ae6e6
24.0,40.0,12,train,0.0,1.0,1.0,"(1, 2)",667e6da95ae0a25f225ae6e6
24.0,40.0,13,train,0.0,1.0,1.0,"(1, 2)",667e6da95ae0a25f225ae6e6
24.0,40.0,14,train,0.0,1.0,1.0,"(1, 2)",667e6da95ae0a25f225ae6e6
24.0,40.0,15,train,0.0,1.0,1.0,"(1, 2)",667e6da95ae0a25f225ae6e6
24.0,40.0,16,train,0.0,1.0,1.0,"(1, 2)",667e6da95ae0a25f225ae6e6
24.0,40.0,17,train,0.0,1.0,1.0,"(1, 2)",667e6da95ae0a25f225ae6e6
24.0,40.0,18,train,0.0,1.0,1.0,"(1, 2)",667e6da95ae0a25f225ae6e6
24.0,40.0,19,train,0.0,1.0,1.0,"(1, 2)",667e6da95ae0a25f225ae6e6
24.0,40.0,20,train,0.0,1.0,1.0,"(1, 2)",667e6da95ae0a25f225ae6e6
24.0,40.0,21,train,0.0,1.0,1.0,"(1, 2)",667e6da95ae0a25f225ae6e6
24.0,40.0,22,train,0.0,1.0,1.0,"(1, 2)",667e6da95ae0a25f225ae6e6
24.0,40.0,23,train,0.0,1.0,1.0,"(1, 2)",667e6da95ae0a25f225ae6e6
24.0,40.0,24,train,0.0,1.0,1.0,"(1, 2)",667e6da95ae0a25f225ae6e6
24.0,40.0,25,train,0.0,1.0,1.0,"(1, 2)",667e6da95ae0a25f225ae6e6
24.0,40.0,26,train,0.0,1.0,1.0,"(1, 2)",667e6da95ae0a25f225ae6e6
24.0,40.0,27,train,0.0,1.0,1.0,"(1, 2)",667e6da95ae0a25f225ae6e6
24.0,40.0,28,train,0.0,1.0,1.0,"(1, 2)",667e6da95ae0a25f225ae6e6
24.0,40.0,29,train,0.0,1.0,1.0,"(1, 2)",667e6da95ae0a25f225ae6e6
24.0,40.0,30,train,0.0,1.0,1.0,"(1, 2)",667e6da95ae0a25f225ae6e6
24.0,40.0,31,train,0.0,1.0,1.0,"(1, 2)",667e6da95ae0a25f225ae6e6
24.0,40.0,32,train,0.0,1.0,1.0,"(1, 2)",667e6da95ae0a25f225ae6e6
24.0,40.0,33,train,0.0,1.0,1.0,"(1, 2)",667e6da95ae0a25f225ae6e6
24.0,40.0,34,train,0.0,1.0,1.0,"(1, 2)",667e6da95ae0a25f225ae6e6
24.0,40.0,35,train,0.0,1.0,1.0,"(1, 2)",667e6da95ae0a25f225ae6e6
24.0,40.0,36,train,0.0,1.0,1.0,"(1, 2)",667e6da95ae0a25f225ae6e6
24.0,40.0,37,train,0.0,1.0,1.0,"(1, 2)",667e6da95ae0a25f225ae6e6
24.0,40.0,38,train,0.0,1.0,1.0,"(1, 2)",667e6da95ae0a25f225ae6e6
24.0,40.0,39,train,0.0,1.0,1.0,"(1, 2)",667e6da95ae0a25f225ae6e6
24.0,40.0,40,train,0.0,1.0,1.0,"(1, 2)",667e6da95ae0a25f225ae6e6
24.0,40.0,41,train,0.0,1.0,1.0,"(1, 2)",667e6da95ae0a25f225ae6e6
24.0,40.0,42,train,0.0,1.0,1.0,"(1, 2)",667e6da95ae0a25f225ae6e6
24.0,40.0,43,train,0.0,1.0,1.0,"(1, 2)",667e6da95ae0a25f225ae6e6
24.0,40.0,44,train,0.0,1.0,1.0,"(1, 2)",667e6da95ae0a25f225ae6e6
24.0,40.0,45,train,0.0,1.0,1.0,"(1, 2)",667e6da95ae0a25f225ae6e6
24.0,40.0,46,train,0.0,1.0,1.0,"(1, 2)",667e6da95ae0a25f225ae6e6
24.0,40.0,47,train,0.0,1.0,1.0,"(1, 2)",667e6da95ae0a25f225ae6e6
24.0,40.0,48,train,0.0,1.0,1.0,"(1, 2)",667e6da95ae0a25f225ae6e6
24.0,40.0,49,train,0.0,1.0,1.0,"(1, 2)",667e6da95ae0a25f225ae6e6
24.0,40.0,50,train,0.0,1.0,1.0,"(1, 2)",667e6da95ae0a25f225ae6e6
24.0,40.0,51,train,0.0,1.0,1.0,"(1, 2)",667e6da95ae0a25f225ae6e6
24.0,40.0,52,train,0.0,1.0,1.0,"(1, 2)",667e6da95ae0a25f225ae6e6
24.0,40.0,53,train,0.0,1.0,1.0,"(1, 2)",667e6da95ae0a25f225ae6e6
24.0,40.0,54,train,0.0,1.0,1.0,"(1, 2)",667e6da95ae0a25f225ae6e6
24.0,40.0,55,train,0.0,1.0,1.0,"(1, 2)",667e6da95ae0a25f225ae6e6
24.0,40.0,56,train,0.0,1.0,1.0,"(1, 2)",667e6da95ae0a25f225ae6e6
24.0,40.0,57,train,0.0,1.0,1.0,"(1, 2)",667e6da95ae0a25f225ae6e6
24.0,40.0,58,train,0.0,1.0,1.0,"(1, 2)",667e6da95ae0a25f225ae6e6
24.0,40.0,59,train,0.0,1.0,1.0,"(1, 2)",667e6da95ae0a25f225ae6e6
24.0,40.0,60,train,0.0,1.0,1.0,"(1, 2)",667e6da95ae0a25f225ae6e6
24.0,40.0,61,train,0.0,1.0,1.0,"(1, 2)",667e6da95ae0a25f225ae6e6
24.0,40.0,62,train,0.0,1.0,1.0,"(1, 2)",667e6da95ae0a25f225ae6e6
24.0,40.0,63,train,0.0,1.0,1.0,"(1, 2)",667e6da95ae0a25f225ae6e6
24.0,40.0,64,train,0.0,1.0,1.0,"(1, 2)",667e6da95ae0a25f225ae6e6
24.0,40.0,65,train,0.0,1.0,1.0,"(1, 2)",667e6da95ae0a25f225ae6e6
24.0,40.0,66,train,0.0,1.0,1.0,"(1, 2)",667e6da95ae0a25f225ae6e6
24.0,40.0,67,train,0.0,1.0,1.0,"(1, 2)",667e6da95ae0a25f225ae6e6
24.0,40.0,68,train,0.0,1.0,1.0,"(1, 2)",667e6da95ae0a25f225ae6e6
24.0,40.0,69,train,0.0,1.0,1.0,"(1, 2)",667e6da95ae0a25f225ae6e6
24.0,40.0,70,train,0.0,1.0,1.0,"(1, 2)",667e6da95ae0a25f225ae6e6
24.0,40.0,71,train,0.0,1.0,1.0,"(1, 2)",667e6da95ae0a25f225ae6e6
24.0,40.0,72,train,0.0,1.0,1.0,"(1, 2)",667e6da95ae0a25f225ae6e6
24.0,40.0,73,train,0.0,1.0,1.0,"(1, 2)",667e6da95ae0a25f225ae6e6
24.0,40.0,74,train,0.0,1.0,1.0,"(1, 2)",667e6da95ae0a25f225ae6e6
24.0,40.0,75,train,0.0,1.0,1.0,"(1, 2)",667e6da95ae0a25f225ae6e6
24.0,40.0,76,train,0.0,1.0,1.0,"(1, 2)",667e6da95ae0a25f225ae6e6
24.0,40.0,77,train,0.0,1.0,1.0,"(1, 2)",667e6da95ae0a25f225ae6e6
24.0,40.0,78,train,0.0,1.0,1.0,"(1, 2)",667e6da95ae0a25f225ae6e6
24.0,40.0,79,train,0.0,1.0,1.0,"(1, 2)",667e6da95ae0a25f225ae6e6
24.0,40.0,80,train,0.0,1.0,1.0,"(1, 2)",667e6da95ae0a25f225ae6e6
24.0,40.0,81,train,0.0,1.0,1.0,"(1, 2)",667e6da95ae0a25f225ae6e6
24.0,40.0,82,train,0.0,1.0,1.0,"(1, 2)",667e6da95ae0a25f225ae6e6
24.0,40.0,83,train,0.0,1.0,1.0,"(1, 2)",667e6da95ae0a25f225ae6e6
24.0,40.0,84,train,0.0,1.0,1.0,"(1, 2)",667e6da95ae0a25f225ae6e6
24.0,40.0,85,train,0.0,1.0,1.0,"(1, 2)",667e6da95ae0a25f225ae6e6
24.0,40.0,86,train,0.0,1.0,1.0,"(1, 2)",667e6da95ae0a25f225ae6e6
24.0,40.0,87,train,0.0,1.0,1.0,"(1, 2)",667e6da95ae0a25f225ae6e6
24.0,40.0,88,train,0.0,1.0,1.0,"(1, 2)",667e6da95ae0a25f225ae6e6
24.0,40.0,89,train,0.0,1.0,1.0,"(1, 2)",667e6da95ae0a25f225ae6e6
24.0,40.0,90,train,0.0,1.0,1.0,"(1, 2)",667e6da95ae0a25f225ae6e6
24.0,40.0,91,train,0.0,1.0,1.0,"(1, 2)",667e6da95ae0a25f225ae6e6
24.0,40.0,92,train,0.0,1.0,1.0,"(1, 2)",667e6da95ae0a25f225ae6e6
24.0,40.0,93,train,0.0,1.0,1.0,"(1, 2)",667e6da95ae0a25f225ae6e6
24.0,40.0,94,train,0.0,1.0,1.0,"(1, 2)",667e6da95ae0a25f225ae6e6
24.0,40.0,95,train,0.0,1.0,1.0,"(1, 2)",667e6da95ae0a25f225ae6e6
24.0,40.0,96,train,0.0,1.0,1.0,"(1, 2)",667e6da95ae0a25f225ae6e6
24.0,40.0,97,train,0.0,1.0,1.0,"(1, 2)",667e6da95ae0a25f225ae6e6
24.0,40.0,98,train,0.0,1.0,1.0,"(1, 2)",667e6da95ae0a25f225ae6e6
24.0,40.0,99,train,0.0,1.0,1.0,"(1, 2)",667e6da95ae0a25f225ae6e6
24.0,40.0,100,train,0.0,1.0,1.0,"(1, 2)",667e6da95ae0a25f225ae6e6
24.0,40.0,101,train,0.0,1.0,1.0,"(1, 2)",667e6da95ae0a25f225ae6e6
24.0,40.0,102,train,0.0,1.0,1.0,"(1, 2)",667e6da95ae0a25f225ae6e6
24.0,40.0,103,train,0.0,1.0,1.0,"(1, 2)",667e6da95ae0a25f225ae6e6
24.0,40.0,104,train,0.0,1.0,1.0,"(1, 2)",667e6da95ae0a25f225ae6e6
24.0,40.0,105,train,0.0,1.0,1.0,"(1, 2)",667e6da95ae0a25f225ae6e6
24.0,40.0,106,train,0.0,1.0,1.0,"(1, 2)",667e6da95ae0a25f225ae6e6
24.0,40.0,107,train,0.0,1.0,1.0,"(1, 2)",667e6da95ae0a25f225ae6e6
24.0,40.0,108,train,0.0,1.0,1.0,"(1, 2)",667e6da95ae0a25f225ae6e6
24.0,40.0,109,train,0.0,1.0,1.0,"(1, 2)",667e6da95ae0a25f225ae6e6
24.0,40.0,110,train,0.0,1.0,1.0,"(1, 2)",667e6da95ae0a25f225ae6e6
24.0,40.0,111,train,0.0,1.0,1.0,"(1, 2)",667e6da95ae0a25f225ae6e6
24.0,40.0,112,train,0.0,1.0,1.0,"(1, 2)",667e6da95ae0a25f225ae6e6
24.0,40.0,113,train,0.0,1.0,1.0,"(1, 2)",667e6da95ae0a25f225ae6e6
24.0,40.0,114,train,0.0,1.0,1.0,"(1, 2)",667e6da95ae0a25f225ae6e6
24.0,40.0,115,train,0.0,1.0,1.0,"(1, 2)",667e6da95ae0a25f225ae6e6
24.0,40.0,116,train,0.0,1.0,1.0,"(1, 2)",667e6da95ae0a25f225ae6e6
24.0,40.0,117,train,0.0,1.0,1.0,"(1, 2)",667e6da95ae0a25f225ae6e6
24.0,40.0,118,train,0.0,1.0,1.0,"(1, 2)",667e6da95ae0a25f225ae6e6
24.0,40.0,119,train,0.0,1.0,1.0,"(1, 2)",667e6da95ae0a25f225ae6e6
24.0,40.0,120,train,0.0,1.0,1.0,"(1, 2)",667e6da95ae0a25f225ae6e6
24.0,40.0,121,train,0.0,1.0,1.0,"(1, 2)",667e6da95ae0a25f225ae6e6
24.0,40.0,122,train,0.0,1.0,1.0,"(1, 2)",667e6da95ae0a25f225ae6e6
24.0,40.0,123,train,0.0,1.0,1.0,"(1, 2)",667e6da95ae0a25f225ae6e6
24.0,40.0,124,train,0.0,1.0,1.0,"(1, 2)",667e6da95ae0a25f225ae6e6
24.0,40.0,125,train,0.0,1.0,1.0,"(1, 2)",667e6da95ae0a25f225ae6e6
24.0,40.0,126,train,0.0,1.0,1.0,"(1, 2)",667e6da95ae0a25f225ae6e6
24.0,40.0,127,train,0.0,1.0,1.0,"(1, 2)",667e6da95ae0a25f225ae6e6
24.0,40.0,128,train,0.0,1.0,1.0,"(1, 2)",667e6da95ae0a25f225ae6e6
24.0,40.0,129,train,0.0,1.0,1.0,"(1, 2)",667e6da95ae0a25f225ae6e6
24.0,40.0,130,train,0.0,1.0,1.0,"(1, 2)",667e6da95ae0a25f225ae6e6
24.0,40.0,131,train,0.0,1.0,1.0,"(1, 2)",667e6da95ae0a25f225ae6e6
24.0,40.0,132,train,0.0,1.0,1.0,"(1, 2)",667e6da95ae0a25f225ae6e6
24.0,40.0,133,train,0.0,1.0,1.0,"(1, 2)",667e6da95ae0a25f225ae6e6
24.0,40.0,134,train,0.0,1.0,1.0,"(1, 2)",667e6da95ae0a25f225ae6e6
24.0,40.0,135,train,0.0,1.0,1.0,"(1, 2)",667e6da95ae0a25f225ae6e6
24.0,40.0,136,train,0.0,1.0,1.0,"(1, 2)",667e6da95ae0a25f225ae6e6
24.0,40.0,137,train,0.0,1.0,1.0,"(1, 2)",667e6da95ae0a25f225ae6e6
24.0,40.0,138,train,0.0,1.0,1.0,"(1, 2)",667e6da95ae0a25f225ae6e6
24.0,40.0,139,train,0.0,1.0,1.0,"(1, 2)",667e6da95ae0a25f225ae6e6
24.0,40.0,140,train,0.0,1.0,1.0,"(1, 2)",667e6da95ae0a25f225ae6e6
24.0,40.0,141,train,0.0,1.0,1.0,"(1, 2)",667e6da95ae0a25f225ae6e6
24.0,40.0,142,train,0.0,1.0,1.0,"(1, 2)",667e6da95ae0a25f225ae6e6
24.0,40.0,143,train,0.0,1.0,1.0,"(1, 2)",667e6da95ae0a25f225ae6e6
24.0,40.0,144,train,0.0,1.0,1.0,"(1, 2)",667e6da95ae0a25f225ae6e6
24.0,40.0,145,train,0.0,1.0,1.0,"(1, 2)",667e6da95ae0a25f225ae6e6
24.0,40.0,146,train,0.0,1.0,1.0,"(1, 2)",667e6da95ae0a25f225ae6e6
24.0,40.0,147,train,0.0,1.0,1.0,"(1, 2)",667e6da95ae0a25f225ae6e6
24.0,40.0,148,train,0.0,1.0,1.0,"(1, 2)",667e6da95ae0a25f225ae6e6
24.0,40.0,149,train,0.0,1.0,1.0,"(1, 2)",667e6da95ae0a25f225ae6e6
24.0,40.0,150,train,0.0,1.0,1.0,"(1, 2)",667e6da95ae0a25f225ae6e6
24.0,40.0,151,train,0.0,1.0,1.0,"(1, 2)",667e6da95ae0a25f225ae6e6
24.0,40.0,152,train,0.0,1.0,1.0,"(1, 2)",667e6da95ae0a25f225ae6e6
24.0,40.0,153,train,0.0,1.0,1.0,"(1, 2)",667e6da95ae0a25f225ae6e6
24.0,40.0,154,train,0.0,1.0,1.0,"(1, 2)",667e6da95ae0a25f225ae6e6
24.0,40.0,155,train,0.0,1.0,1.0,"(1, 2)",667e6da95ae0a25f225ae6e6
24.0,40.0,156,train,0.0,1.0,1.0,"(1, 2)",667e6da95ae0a25f225ae6e6
24.0,40.0,157,train,0.0,1.0,1.0,"(1, 2)",667e6da95ae0a25f225ae6e6
24.0,40.0,158,train,0.0,1.0,1.0,"(1, 2)",667e6da95ae0a25f225ae6e6
24.0,40.0,159,train,0.0,1.0,1.0,"(1, 2)",667e6da95ae0a25f225ae6e6
24.0,40.0,160,train,0.0,1.0,1.0,"(1, 2)",667e6da95ae0a25f225ae6e6
24.0,40.0,161,train,0.0,1.0,1.0,"(1, 2)",667e6da95ae0a25f225ae6e6
24.0,40.0,162,train,0.0,1.0,1.0,"(1, 2)",667e6da95ae0a25f225ae6e6
24.0,40.0,163,train,0.0,1.0,1.0,"(1, 2)",667e6da95ae0a25f225ae6e6
24.0,40.0,164,train,0.0,1.0,1.0,"(1, 2)",667e6da95ae0a25f225ae6e6
24.0,40.0,165,train,0.0,1.0,1.0,"(1, 2)",667e6da95ae0a25f225ae6e6
24.0,40.0,166,train,0.0,1.0,1.0,"(1, 2)",667e6da95ae0a25f225ae6e6
24.0,40.0,167,train,0.0,1.0,1.0,"(1, 2)",667e6da95ae0a25f225ae6e6
24.0,40.0,168,train,0.0,1.0,1.0,"(1, 2)",667e6da95ae0a25f225ae6e6
24.0,40.0,169,train,0.0,1.0,1.0,"(1, 2)",667e6da95ae0a25f225ae6e6
24.0,40.0,170,train,0.0,1.0,1.0,"(1, 2)",667e6da95ae0a25f225ae6e6
24.0,40.0,171,train,0.0,1.0,1.0,"(1, 2)",667e6da95ae0a25f225ae6e6
24.0,40.0,172,train,0.0,1.0,1.0,"(1, 2)",667e6da95ae0a25f225ae6e6
24.0,40.0,173,train,0.0,1.0,1.0,"(1, 2)",667e6da95ae0a25f225ae6e6
24.0,40.0,174,train,0.0,1.0,1.0,"(1, 2)",667e6da95ae0a25f225ae6e6
24.0,40.0,175,train,0.0,1.0,1.0,"(1, 2)",667e6da95ae0a25f225ae6e6
24.0,40.0,176,train,0.0,1.0,1.0,"(1, 2)",667e6da95ae0a25f225ae6e6
24.0,40.0,177,train,0.0,1.0,1.0,"(1, 2)",667e6da95ae0a25f225ae6e6
24.0,40.0,178,train,0.0,1.0,1.0,"(1, 2)",667e6da95ae0a25f225ae6e6
24.0,40.0,179,train,0.0,1.0,1.0,"(1, 2)",667e6da95ae0a25f225ae6e6
24.0,40.0,180,train,0.0,1.0,1.0,"(1, 2)",667e6da95ae0a25f225ae6e6
24.0,40.0,181,train,0.0,1.0,1.0,"(1, 2)",667e6da95ae0a25f225ae6e6
24.0,40.0,182,train,0.0,1.0,1.0,"(1, 2)",667e6da95ae0a25f225ae6e6
24.0,40.0,183,train,0.0,1.0,1.0,"(1, 2)",667e6da95ae0a25f225ae6e6
24.0,40.0,184,train,0.0,1.0,1.0,"(1, 2)",667e6da95ae0a25f225ae6e6
24.0,40.0,185,train,0.0,1.0,1.0,"(1, 2)",667e6da95ae0a25f225ae6e6
24.0,40.0,186,train,0.0,1.0,1.0,"(1, 2)",667e6da95ae0a25f225ae6e6
24.0,40.0,187,train,0.0,1.0,1.0,"(1, 2)",667e6da95ae0a25f225ae6e6
24.0,40.0,188,train,0.0,1.0,1.0,"(1, 2)",667e6da95ae0a25f225ae6e6
24.0,40.0,189,train,0.0,1.0,1.0,"(1, 2)",667e6da95ae0a25f225ae6e6
24.0,40.0,190,train,0.0,1.0,1.0,"(1, 2)",667e6da95ae0a25f225ae6e6
24.0,40.0,191,train,0.0,1.0,1.0,"(1, 2)",667e6da95ae0a25f225ae6e6
24.0,40.0,192,train,0.0,1.0,1.0,"(1, 2)",667e6da95ae0a25f225ae6e6
24.0,40.0,193,train,0.0,1.0,1.0,"(1, 2)",667e6da95ae0a25f225ae6e6
24.0,40.0,194,train,0.0,1.0,1.0,"(1, 2)",667e6da95ae0a25f225ae6e6
24.0,40.0,195,train,0.0,1.0,1.0,"(1, 2)",667e6da95ae0a25f225ae6e6
24.0,40.0,196,train,0.0,1.0,1.0,"(1, 2)",667e6da95ae0a25f225ae6e6
24.0,40.0,197,train,0.0,1.0,1.0,"(1, 2)",667e6da95ae0a25f225ae6e6
24.0,40.0,198,train,0.0,1.0,1.0,"(1, 2)",667e6da95ae0a25f225ae6e6
24.0,40.0,199,train,0.0,1.0,1.0,"(1, 2)",667e6da95ae0a25f225ae6e6
24.0,40.0,200,train,0.0,1.0,1.0,"(1, 2)",667e6da95ae0a25f225ae6e6
24.0,40.0,201,train,0.0,1.0,1.0,"(1, 2)",667e6da95ae0a25f225ae6e6
24.0,40.0,202,train,0.0,1.0,1.0,"(1, 2)",667e6da95ae0a25f225ae6e6
24.0,40.0,203,train,0.0,1.0,1.0,"(1, 2)",667e6da95ae0a25f225ae6e6
24.0,40.0,204,train,0.0,1.0,1.0,"(1, 2)",667e6da95ae0a25f225ae6e6
24.0,40.0,205,train,0.0,1.0,1.0,"(1, 2)",667e6da95ae0a25f225ae6e6
24.0,40.0,206,train,0.0,1.0,1.0,"(1, 2)",667e6da95ae0a25f225ae6e6
24.0,40.0,207,train,0.0,1.0,1.0,"(1, 2)",667e6da95ae0a25f225ae6e6
24.0,40.0,208,train,0.0,1.0,1.0,"(1, 2)",667e6da95ae0a25f225ae6e6
24.0,40.0,209,train,0.0,1.0,1.0,"(1, 2)",667e6da95ae0a25f225ae6e6
24.0,40.0,210,train,0.0,1.0,1.0,"(1, 2)",667e6da95ae0a25f225ae6e6
24.0,40.0,211,train,0.0,1.0,1.0,"(1, 2)",667e6da95ae0a25f225ae6e6
24.0,40.0,212,train,0.0,1.0,1.0,"(1, 2)",667e6da95ae0a25f225ae6e6
24.0,40.0,213,train,0.0,1.0,1.0,"(1, 2)",667e6da95ae0a25f225ae6e6
24.0,40.0,214,train,0.0,1.0,1.0,"(1, 2)",667e6da95ae0a25f225ae6e6
24.0,40.0,215,train,0.0,1.0,1.0,"(1, 2)",667e6da95ae0a25f225ae6e6
24.0,40.0,216,train,0.0,1.0,1.0,"(1, 2)",667e6da95ae0a25f225ae6e6
24.0,40.0,217,train,0.0,1.0,1.0,"(1, 2)",667e6da95ae0a25f225ae6e6
24.0,40.0,218,train,0.0,1.0,1.0,"(1, 2)",667e6da95ae0a25f225ae6e6
24.0,40.0,219,train,0.0,1.0,1.0,"(1, 2)",667e6da95ae0a25f225ae6e6
24.0,40.0,220,train,0.0,1.0,1.0,"(1, 2)",667e6da95ae0a25f225ae6e6
24.0,40.0,221,train,0.0,1.0,1.0,"(1, 2)",667e6da95ae0a25f225ae6e6
24.0,40.0,222,train,0.0,1.0,1.0,"(1, 2)",667e6da95ae0a25f225ae6e6
24.0,40.0,223,train,0.0,1.0,1.0,"(1, 2)",667e6da95ae0a25f225ae6e6
24.0,40.0,224,train,0.0,1.0,1.0,"(1, 2)",667e6da95ae0a25f225ae6e6
24.0,40.0,225,train,0.0,1.0,1.0,"(1, 2)",667e6da95ae0a25f225ae6e6
24.0,40.0,226,train,0.0,1.0,1.0,"(1, 2)",667e6da95ae0a25f225ae6e6
24.0,40.0,227,train,0.0,1.0,1.0,"(1, 2)",667e6da95ae0a25f225ae6e6
24.0,40.0,228,train,0.0,1.0,1.0,"(1, 2)",667e6da95ae0a25f225ae6e6
24.0,40.0,229,train,0.0,1.0,1.0,"(1, 2)",667e6da95ae0a25f225ae6e6
24.0,40.0,230,train,0.0,1.0,1.0,"(1, 2)",667e6da95ae0a25f225ae6e6
24.0,40.0,231,train,0.0,1.0,1.0,"(1, 2)",667e6da95ae0a25f225ae6e6
24.0,40.0,232,train,0.0,1.0,1.0,"(1, 2)",667e6da95ae0a25f225ae6e6
24.0,40.0,233,train,0.0,1.0,1.0,"(1, 2)",667e6da95ae0a25f225ae6e6
24.0,40.0,234,train,0.0,1.0,1.0,"(1, 2)",667e6da95ae0a25f225ae6e6
24.0,40.0,235,train,0.0,1.0,1.0,"(1, 2)",667e6da95ae0a25f225ae6e6
24.0,40.0,236,train,0.0,1.0,1.0,"(1, 2)",667e6da95ae0a25f225ae6e6
24.0,38.749999999999716,237,train,1.2500000000002842,1.0,1.0,"(1, 2)",667e6da95ae0a25f225ae6e6
24.0,37.49999999999943,238,train,2.5000000000005684,1.0,1.0,"(1, 2)",667e6da95ae0a25f225ae6e6
24.0,36.24999999999915,239,train,3.7500000000008527,1.0,1.0,"(1, 2)",667e6da95ae0a25f225ae6e6
24.0,34.99999999999886,240,train,5.000000000001137,1.0,1.0,"(1, 2)",667e6da95ae0a25f225ae6e6
24.0,33.74999999999858,241,train,6.250000000001421,1.0,1.0,"(1, 2)",667e6da95ae0a25f225ae6e6
24.0,32.499999999998295,242,train,7.500000000001705,1.0,1.0,"(1, 2)",667e6da95ae0a25f225ae6e6
24.0,31.249999999998227,243,train,8.750000000001773,1.0,1.0,"(1, 2)",667e6da95ae0a25f225ae6e6
24.0,29.9999999999983,244,train,10.000000000001702,1.0,1.0,"(1, 2)",667e6da95ae0a25f225ae6e6
24.0,28.74999999999837,245,train,11.25000000000163,1.0,1.0,"(1, 2)",667e6da95ae0a25f225ae6e6
24.0,27.49999999999844,246,train,12.50000000000156,1.0,1.0,"(1, 2)",667e6da95ae0a25f225ae6e6
24.0,26.24999999999851,247,train,13.750000000001489,1.0,1.0,"(1, 2)",667e6da95ae0a25f225ae6e6
24.0,24.999999999998582,248,train,15.000000000001418,1.0,1.0,"(1, 2)",667e6da95ae0a25f225ae6e6
24.0,24.0,249,train,16.0,1.0,1.0,"(1, 2)",667e6da95ae0a25f225ae6e6
24.0,24.0,250,train,16.0,1.0,1.0,"(1, 2)",667e6da95ae0a25f225ae6e6
24.0,24.0,251,train,16.0,1.0,1.0,"(1, 2)",667e6da95ae0a25f225ae6e6
24.0,24.0,252,train,16.0,1.0,1.0,"(1, 2)",667e6da95ae0a25f225ae6e6
24.0,24.0,253,train,16.0,1.0,1.0,"(1, 2)",667e6da95ae0a25f225ae6e6
24.0,24.0,254,train,16.0,1.0,1.0,"(1, 2)",667e6da95ae0a25f225ae6e6
24.0,24.0,255,train,16.0,1.0,1.0,"(1, 2)",667e6da95ae0a25f225ae6e6
24.0,24.0,256,train,16.0,1.0,1.0,"(1, 2)",667e6da95ae0a25f225ae6e6
24.0,24.0,257,train,16.0,1.0,1.0,"(1, 2)",667e6da95ae0a25f225ae6e6
24.0,24.0,258,train,16.0,1.0,1.0,"(1, 2)",667e6da95ae0a25f225ae6e6
24.0,24.0,259,train,16.0,1.0,1.0,"(1, 2)",667e6da95ae0a25f225ae6e6
24.0,24.0,260,train,16.0,1.0,1.0,"(1, 2)",667e6da95ae0a25f225ae6e6
24.0,24.0,261,train,16.0,1.0,1.0,"(1, 2)",667e6da95ae0a25f225ae6e6
24.0,24.0,262,train,16.0,1.0,1.0,"(1, 2)",667e6da95ae0a25f225ae6e6
24.0,24.0,263,train,16.0,1.0,1.0,"(1, 2)",667e6da95ae0a25f225ae6e6
24.0,24.0,264,train,16.0,1.0,1.0,"(1, 2)",667e6da95ae0a25f225ae6e6
24.0,24.0,265,train,16.0,1.0,1.0,"(1, 2)",667e6da95ae0a25f225ae6e6
24.0,24.0,266,train,16.0,1.0,1.0,"(1, 2)",667e6da95ae0a25f225ae6e6
24.0,24.0,267,train,16.0,1.0,1.0,"(1, 2)",667e6da95ae0a25f225ae6e6
24.0,24.0,268,train,16.0,1.0,1.0,"(1, 2)",667e6da95ae0a25f225ae6e6
24.0,24.0,269,train,16.0,1.0,1.0,"(1, 2)",667e6da95ae0a25f225ae6e6
24.0,24.0,270,train,16.0,1.0,1.0,"(1, 2)",667e6da95ae0a25f225ae6e6
24.0,24.0,271,train,16.0,1.0,1.0,"(1, 2)",667e6da95ae0a25f225ae6e6
24.0,24.0,272,train,16.0,1.0,1.0,"(1, 2)",667e6da95ae0a25f225ae6e6
24.0,24.0,273,train,16.0,1.0,1.0,"(1, 2)",667e6da95ae0a25f225ae6e6
24.0,24.0,274,train,16.0,1.0,1.0,"(1, 2)",667e6da95ae0a25f225ae6e6
24.0,24.0,275,train,16.0,1.0,1.0,"(1, 2)",667e6da95ae0a25f225ae6e6
24.0,24.0,276,train,16.0,1.0,1.0,"(1, 2)",667e6da95ae0a25f225ae6e6
24.0,24.0,277,train,16.0,1.0,1.0,"(1, 2)",667e6da95ae0a25f225ae6e6
24.0,24.0,278,train,16.0,1.0,1.0,"(1, 2)",667e6da95ae0a25f225ae6e6
24.0,24.0,279,train,16.0,1.0,1.0,"(1, 2)",667e6da95ae0a25f225ae6e6
24.0,24.0,280,train,16.0,1.0,1.0,"(1, 2)",667e6da95ae0a25f225ae6e6
24.0,24.0,281,train,16.0,1.0,1.0,"(1, 2)",667e6da95ae0a25f225ae6e6
24.0,24.0,282,train,16.0,1.0,1.0,"(1, 2)",667e6da95ae0a25f225ae6e6
24.0,24.0,283,train,16.0,1.0,1.0,"(1, 2)",667e6da95ae0a25f225ae6e6
24.0,24.0,284,train,16.0,1.0,1.0,"(1, 2)",667e6da95ae0a25f225ae6e6
24.0,24.0,285,train,16.0,1.0,1.0,"(1, 2)",667e6da95ae0a25f225ae6e6
24.0,24.0,286,train,16.0,1.0,1.0,"(1, 2)",667e6da95ae0a25f225ae6e6
24.0,24.0,287,train,16.0,1.0,1.0,"(1, 2)",667e6da95ae0a25f225ae6e6
24.0,24.0,288,train,16.0,1.0,1.0,"(1, 2)",667e6da95ae0a25f225ae6e6
24.0,24.0,289,train,16.0,1.0,1.0,"(1, 2)",667e6da95ae0a25f225ae6e6
24.0,24.0,290,train,16.0,1.0,1.0,"(1, 2)",667e6da95ae0a25f225ae6e6
24.0,24.0,291,train,16.0,1.0,1.0,"(1, 2)",667e6da95ae0a25f225ae6e6
24.0,24.0,292,train,16.0,1.0,1.0,"(1, 2)",667e6da95ae0a25f225ae6e6
24.0,24.0,293,train,16.0,1.0,1.0,"(1, 2)",667e6da95ae0a25f225ae6e6
24.0,24.0,294,train,16.0,1.0,1.0,"(1, 2)",667e6da95ae0a25f225ae6e6
24.0,24.0,295,train,16.0,1.0,1.0,"(1, 2)",667e6da95ae0a25f225ae6e6
24.0,24.0,296,train,16.0,1.0,1.0,"(1, 2)",667e6da95ae0a25f225ae6e6
24.0,24.0,297,train,16.0,1.0,1.0,"(1, 2)",667e6da95ae0a25f225ae6e6
24.0,24.0,298,train,16.0,1.0,1.0,"(1, 2)",667e6da95ae0a25f225ae6e6
24.0,24.0,299,train,16.0,1.0,1.0,"(1, 2)",667e6da95ae0a25f225ae6e6
24.0,24.0,300,train,16.0,1.0,1.0,"(1, 2)",667e6da95ae0a25f225ae6e6
24.0,24.0,301,train,16.0,1.0,1.0,"(1, 2)",667e6da95ae0a25f225ae6e6
24.0,24.0,302,train,16.0,1.0,1.0,"(1, 2)",667e6da95ae0a25f225ae6e6
24.0,24.0,303,train,16.0,1.0,1.0,"(1, 2)",667e6da95ae0a25f225ae6e6
24.0,24.0,304,train,16.0,1.0,1.0,"(1, 2)",667e6da95ae0a25f225ae6e6
24.0,24.0,305,train,16.0,1.0,1.0,"(1, 2)",667e6da95ae0a25f225ae6e6
24.0,24.0,306,train,16.0,1.0,1.0,"(1, 2)",667e6da95ae0a25f225ae6e6
24.0,24.0,307,train,16.0,1.0,1.0,"(1, 2)",667e6da95ae0a25f225ae6e6
24.0,24.0,308,train,16.0,1.0,1.0,"(1, 2)",667e6da95ae0a25f225ae6e6
24.0,24.0,309,train,16.0,1.0,1.0,"(1, 2)",667e6da95ae0a25f225ae6e6
24.0,24.0,310,train,16.0,1.0,1.0,"(1, 2)",667e6da95ae0a25f225ae6e6
24.0,24.0,311,train,16.0,1.0,1.0,"(1, 2)",667e6da95ae0a25f225ae6e6
24.0,24.0,312,train,16.0,1.0,1.0,"(1, 2)",667e6da95ae0a25f225ae6e6
24.0,24.0,313,train,16.0,1.0,1.0,"(1, 2)",667e6da95ae0a25f225ae6e6
24.0,24.0,314,train,16.0,1.0,1.0,"(1, 2)",667e6da95ae0a25f225ae6e6
24.0,24.0,315,train,16.0,1.0,1.0,"(1, 2)",667e6da95ae0a25f225ae6e6
24.0,24.0,316,train,16.0,1.0,1.0,"(1, 2)",667e6da95ae0a25f225ae6e6
24.0,24.0,317,train,16.0,1.0,1.0,"(1, 2)",667e6da95ae0a25f225ae6e6
24.0,24.0,318,train,16.0,1.0,1.0,"(1, 2)",667e6da95ae0a25f225ae6e6
24.0,24.0,319,train,16.0,1.0,1.0,"(1, 2)",667e6da95ae0a25f225ae6e6
24.0,24.0,320,train,16.0,1.0,1.0,"(1, 2)",667e6da95ae0a25f225ae6e6
24.0,24.0,321,train,16.0,1.0,1.0,"(1, 2)",667e6da95ae0a25f225ae6e6
24.0,24.0,322,train,16.0,1.0,1.0,"(1, 2)",667e6da95ae0a25f225ae6e6
24.0,24.0,323,train,16.0,1.0,1.0,"(1, 2)",667e6da95ae0a25f225ae6e6
24.0,24.0,324,train,16.0,1.0,1.0,"(1, 2)",667e6da95ae0a25f225ae6e6
24.0,24.0,325,train,16.0,1.0,1.0,"(1, 2)",667e6da95ae0a25f225ae6e6
24.0,24.0,326,train,16.0,1.0,1.0,"(1, 2)",667e6da95ae0a25f225ae6e6
24.0,24.0,327,train,16.0,1.0,1.0,"(1, 2)",667e6da95ae0a25f225ae6e6
24.0,24.0,328,train,16.0,1.0,1.0,"(1, 2)",667e6da95ae0a25f225ae6e6
24.0,24.0,329,train,16.0,1.0,1.0,"(1, 2)",667e6da95ae0a25f225ae6e6
24.0,24.0,330,train,16.0,1.0,1.0,"(1, 2)",667e6da95ae0a25f225ae6e6
24.0,24.0,331,train,16.0,1.0,1.0,"(1, 2)",667e6da95ae0a25f225ae6e6
24.0,24.0,332,train,16.0,1.0,1.0,"(1, 2)",667e6da95ae0a25f225ae6e6
24.0,24.0,333,train,16.0,1.0,1.0,"(1, 2)",667e6da95ae0a25f225ae6e6
24.0,24.0,334,train,16.0,1.0,1.0,"(1, 2)",667e6da95ae0a25f225ae6e6
24.0,24.0,335,train,16.0,1.0,1.0,"(1, 2)",667e6da95ae0a25f225ae6e6
24.0,24.0,336,train,16.0,1.0,1.0,"(1, 2)",667e6da95ae0a25f225ae6e6
24.0,24.0,337,train,16.0,1.0,1.0,"(1, 2)",667e6da95ae0a25f225ae6e6
24.0,24.0,338,train,16.0,1.0,1.0,"(1, 2)",667e6da95ae0a25f225ae6e6
24.0,24.0,339,train,16.0,1.0,1.0,"(1, 2)",667e6da95ae0a25f225ae6e6
24.0,24.0,340,train,16.0,1.0,1.0,"(1, 2)",667e6da95ae0a25f225ae6e6
24.0,24.0,341,train,16.0,1.0,1.0,"(1, 2)",667e6da95ae0a25f225ae6e6
24.0,24.0,342,train,16.0,1.0,1.0,"(1, 2)",667e6da95ae0a25f225ae6e6
24.0,24.0,343,train,16.0,1.0,1.0,"(1, 2)",667e6da95ae0a25f225ae6e6
24.0,24.0,344,train,16.0,1.0,1.0,"(1, 2)",667e6da95ae0a25f225ae6e6
24.0,24.0,345,train,16.0,1.0,1.0,"(1, 2)",667e6da95ae0a25f225ae6e6
24.0,24.0,346,train,16.0,1.0,1.0,"(1, 2)",667e6da95ae0a25f225ae6e6
24.0,24.0,347,train,16.0,1.0,1.0,"(1, 2)",667e6da95ae0a25f225ae6e6
24.0,24.0,348,train,16.0,1.0,1.0,"(1, 2)",667e6da95ae0a25f225ae6e6
24.0,24.0,349,train,16.0,1.0,1.0,"(1, 2)",667e6da95ae0a25f225ae6e6
24.0,24.0,350,train,16.0,1.0,1.0,"(1, 2)",667e6da95ae0a25f225ae6e6
24.0,24.0,351,train,16.0,1.0,1.0,"(1, 2)",667e6da95ae0a25f225ae6e6
24.0,24.0,352,train,16.0,1.0,1.0,"(1, 2)",667e6da95ae0a25f225ae6e6
24.0,24.0,353,train,16.0,1.0,1.0,"(1, 2)",667e6da95ae0a25f225ae6e6
24.0,24.0,354,train,16.0,1.0,1.0,"(1, 2)",667e6da95ae0a25f225ae6e6
24.0,24.0,355,train,16.0,1.0,1.0,"(1, 2)",667e6da95ae0a25f225ae6e6
24.0,24.0,356,train,16.0,1.0,1.0,"(1, 2)",667e6da95ae0a25f225ae6e6
24.0,24.0,357,train,16.0,1.0,1.0,"(1, 2)",667e6da95ae0a25f225ae6e6
24.0,24.0,358,train,16.0,1.0,1.0,"(1, 2)",667e6da95ae0a25f225ae6e6
24.0,24.0,359,train,16.0,1.0,1.0,"(1, 2)",667e6da95ae0a25f225ae6e6
24.0,24.0,360,train,16.0,1.0,1.0,"(1, 2)",667e6da95ae0a25f225ae6e6
24.0,24.0,361,train,16.0,1.0,1.0,"(1, 2)",667e6da95ae0a25f225ae6e6
24.0,24.0,362,train,16.0,1.0,1.0,"(1, 2)",667e6da95ae0a25f225ae6e6
24.0,24.0,363,train,16.0,1.0,1.0,"(1, 2)",667e6da95ae0a25f225ae6e6
24.0,24.0,364,train,16.0,1.0,1.0,"(1, 2)",667e6da95ae0a25f225ae6e6
24.0,24.0,365,train,16.0,1.0,1.0,"(1, 2)",667e6da95ae0a25f225ae6e6
24.0,24.0,366,train,16.0,1.0,1.0,"(1, 2)",667e6da95ae0a25f225ae6e6
24.0,24.0,367,train,16.0,1.0,1.0,"(1, 2)",667e6da95ae0a25f225ae6e6
24.0,24.0,368,train,16.0,1.0,1.0,"(1, 2)",667e6da95ae0a25f225ae6e6
24.0,24.0,369,train,16.0,1.0,1.0,"(1, 2)",667e6da95ae0a25f225ae6e6
24.0,24.0,370,train,16.0,1.0,1.0,"(1, 2)",667e6da95ae0a25f225ae6e6
24.0,24.0,371,train,16.0,1.0,1.0,"(1, 2)",667e6da95ae0a25f225ae6e6
24.0,24.0,372,train,16.0,1.0,1.0,"(1, 2)",667e6da95ae0a25f225ae6e6
24.0,24.0,373,train,16.0,1.0,1.0,"(1, 2)",667e6da95ae0a25f225ae6e6
24.0,24.0,374,train,16.0,1.0,1.0,"(1, 2)",667e6da95ae0a25f225ae6e6
24.0,24.0,375,train,16.0,1.0,1.0,"(1, 2)",667e6da95ae0a25f225ae6e6
24.0,24.0,376,train,16.0,1.0,1.0,"(1, 2)",667e6da95ae0a25f225ae6e6
24.0,24.0,377,train,16.0,1.0,1.0,"(1, 2)",667e6da95ae0a25f225ae6e6
24.0,24.0,378,train,16.0,1.0,1.0,"(1, 2)",667e6da95ae0a25f225ae6e6
24.0,24.0,379,train,16.0,1.0,1.0,"(1, 2)",667e6da95ae0a25f225ae6e6
24.0,24.0,380,train,16.0,1.0,1.0,"(1, 2)",667e6da95ae0a25f225ae6e6
24.0,24.0,381,train,16.0,1.0,1.0,"(1, 2)",667e6da95ae0a25f225ae6e6
24.0,24.0,382,train,16.0,1.0,1.0,"(1, 2)",667e6da95ae0a25f225ae6e6
24.0,24.0,383,train,16.0,1.0,1.0,"(1, 2)",667e6da95ae0a25f225ae6e6
24.0,24.0,384,train,16.0,1.0,1.0,"(1, 2)",667e6da95ae0a25f225ae6e6
24.0,24.0,385,train,16.0,1.0,1.0,"(1, 2)",667e6da95ae0a25f225ae6e6
24.0,24.0,386,train,16.0,1.0,1.0,"(1, 2)",667e6da95ae0a25f225ae6e6
24.0,24.0,387,train,16.0,1.0,1.0,"(1, 2)",667e6da95ae0a25f225ae6e6
24.0,24.0,388,train,16.0,1.0,1.0,"(1, 2)",667e6da95ae0a25f225ae6e6
24.0,24.0,389,train,16.0,1.0,1.0,"(1, 2)",667e6da95ae0a25f225ae6e6
24.0,24.0,390,train,16.0,1.0,1.0,"(1, 2)",667e6da95ae0a25f225ae6e6
24.0,24.0,391,train,16.0,1.0,1.0,"(1, 2)",667e6da95ae0a25f225ae6e6
24.0,24.0,392,train,16.0,1.0,1.0,"(1, 2)",667e6da95ae0a25f225ae6e6
24.0,24.0,393,train,16.0,1.0,1.0,"(1, 2)",667e6da95ae0a25f225ae6e6
24.0,24.0,394,train,16.0,1.0,1.0,"(1, 2)",667e6da95ae0a25f225ae6e6
24.0,24.0,395,train,16.0,1.0,1.0,"(1, 2)",667e6da95ae0a25f225ae6e6
24.0,24.0,396,train,16.0,1.0,1.0,"(1, 2)",667e6da95ae0a25f225ae6e6
24.0,24.0,397,train,16.0,1.0,1.0,"(1, 2)",667e6da95ae0a25f225ae6e6
24.0,24.0,398,train,16.0,1.0,1.0,"(1, 2)",667e6da95ae0a25f225ae6e6
24.0,24.0,399,train,16.0,1.0,1.0,"(1, 2)",667e6da95ae0a25f225ae6e6
24.0,24.0,400,train,16.0,1.0,1.0,"(1, 2)",667e6da95ae0a25f225ae6e6
24.0,24.0,401,train,16.0,1.0,1.0,"(1, 2)",667e6da95ae0a25f225ae6e6
24.0,24.0,402,train,16.0,1.0,1.0,"(1, 2)",667e6da95ae0a25f225ae6e6
24.0,24.0,403,train,16.0,1.0,1.0,"(1, 2)",667e6da95ae0a25f225ae6e6
24.0,24.0,404,train,16.0,1.0,1.0,"(1, 2)",667e6da95ae0a25f225ae6e6
24.0,24.0,405,train,16.0,1.0,1.0,"(1, 2)",667e6da95ae0a25f225ae6e6
24.0,24.0,406,train,16.0,1.0,1.0,"(1, 2)",667e6da95ae0a25f225ae6e6
24.0,24.0,407,train,16.0,1.0,1.0,"(1, 2)",667e6da95ae0a25f225ae6e6
24.0,24.0,408,train,16.0,1.0,1.0,"(1, 2)",667e6da95ae0a25f225ae6e6
24.0,24.0,409,train,16.0,1.0,1.0,"(1, 2)",667e6da95ae0a25f225ae6e6
24.0,24.0,410,train,16.0,1.0,1.0,"(1, 2)",667e6da95ae0a25f225ae6e6
24.0,24.0,411,train,16.0,1.0,1.0,"(1, 2)",667e6da95ae0a25f225ae6e6
24.0,24.0,412,train,16.0,1.0,1.0,"(1, 2)",667e6da95ae0a25f225ae6e6
24.0,24.0,413,train,16.0,1.0,1.0,"(1, 2)",667e6da95ae0a25f225ae6e6
24.0,24.0,414,train,16.0,1.0,1.0,"(1, 2)",667e6da95ae0a25f225ae6e6
24.0,24.0,415,train,16.0,1.0,1.0,"(1, 2)",667e6da95ae0a25f225ae6e6
24.0,24.0,416,train,16.0,1.0,1.0,"(1, 2)",667e6da95ae0a25f225ae6e6
24.0,24.0,417,train,16.0,1.0,1.0,"(1, 2)",667e6da95ae0a25f225ae6e6
24.0,24.0,418,train,16.0,1.0,1.0,"(1, 2)",667e6da95ae0a25f225ae6e6
24.0,24.0,419,train,16.0,1.0,1.0,"(1, 2)",667e6da95ae0a25f225ae6e6
24.0,24.0,420,train,16.0,1.0,1.0,"(1, 2)",667e6da95ae0a25f225ae6e6
24.0,24.0,421,train,16.0,1.0,1.0,"(1, 2)",667e6da95ae0a25f225ae6e6
24.0,24.0,422,train,16.0,1.0,1.0,"(1, 2)",667e6da95ae0a25f225ae6e6
24.0,24.0,423,train,16.0,1.0,1.0,"(1, 2)",667e6da95ae0a25f225ae6e6
24.0,24.0,424,train,16.0,1.0,1.0,"(1, 2)",667e6da95ae0a25f225ae6e6
24.0,24.0,425,train,16.0,1.0,1.0,"(1, 2)",667e6da95ae0a25f225ae6e6
24.0,24.0,426,train,16.0,1.0,1.0,"(1, 2)",667e6da95ae0a25f225ae6e6
24.0,24.0,427,train,16.0,1.0,1.0,"(1, 2)",667e6da95ae0a25f225ae6e6
24.0,24.0,428,train,16.0,1.0,1.0,"(1, 2)",667e6da95ae0a25f225ae6e6
24.0,24.0,429,train,16.0,1.0,1.0,"(1, 2)",667e6da95ae0a25f225ae6e6
24.0,24.0,430,train,16.0,1.0,1.0,"(1, 2)",667e6da95ae0a25f225ae6e6
24.0,24.0,431,train,16.0,1.0,1.0,"(1, 2)",667e6da95ae0a25f225ae6e6
24.0,24.0,432,train,16.0,1.0,1.0,"(1, 2)",667e6da95ae0a25f225ae6e6
24.0,24.0,433,train,16.0,1.0,1.0,"(1, 2)",667e6da95ae0a25f225ae6e6
24.0,24.0,434,train,16.0,1.0,1.0,"(1, 2)",667e6da95ae0a25f225ae6e6
24.0,24.0,435,train,16.0,1.0,1.0,"(1, 2)",667e6da95ae0a25f225ae6e6
24.0,24.0,436,train,16.0,1.0,1.0,"(1, 2)",667e6da95ae0a25f225ae6e6
24.0,24.0,437,train,16.0,1.0,1.0,"(1, 2)",667e6da95ae0a25f225ae6e6
24.0,24.0,438,train,16.0,1.0,1.0,"(1, 2)",667e6da95ae0a25f225ae6e6
24.0,24.0,439,train,16.0,1.0,1.0,"(1, 2)",667e6da95ae0a25f225ae6e6
24.0,24.0,440,train,16.0,1.0,1.0,"(1, 2)",667e6da95ae0a25f225ae6e6
24.0,24.0,441,train,16.0,1.0,1.0,"(1, 2)",667e6da95ae0a25f225ae6e6
24.0,24.0,442,train,16.0,1.0,1.0,"(1, 2)",667e6da95ae0a25f225ae6e6
24.0,24.0,443,train,16.0,1.0,1.0,"(1, 2)",667e6da95ae0a25f225ae6e6
24.0,24.0,444,train,16.0,1.0,1.0,"(1, 2)",667e6da95ae0a25f225ae6e6
24.0,24.0,445,train,16.0,1.0,1.0,"(1, 2)",667e6da95ae0a25f225ae6e6
24.0,24.0,446,train,16.0,1.0,1.0,"(1, 2)",667e6da95ae0a25f225ae6e6
24.0,24.0,447,train,16.0,1.0,1.0,"(1, 2)",667e6da95ae0a25f225ae6e6
24.0,24.0,448,train,16.0,1.0,1.0,"(1, 2)",667e6da95ae0a25f225ae6e6
24.0,24.0,449,train,16.0,1.0,1.0,"(1, 2)",667e6da95ae0a25f225ae6e6
24.0,24.0,450,train,16.0,1.0,1.0,"(1, 2)",667e6da95ae0a25f225ae6e6
24.0,24.0,451,train,16.0,1.0,1.0,"(1, 2)",667e6da95ae0a25f225ae6e6
24.0,24.0,452,train,16.0,1.0,1.0,"(1, 2)",667e6da95ae0a25f225ae6e6
24.0,24.0,453,train,16.0,1.0,1.0,"(1, 2)",667e6da95ae0a25f225ae6e6
24.0,24.0,454,train,16.0,1.0,1.0,"(1, 2)",667e6da95ae0a25f225ae6e6
24.0,24.0,455,train,16.0,1.0,1.0,"(1, 2)",667e6da95ae0a25f225ae6e6
24.0,24.0,456,train,16.0,1.0,1.0,"(1, 2)",667e6da95ae0a25f225ae6e6
24.0,24.0,457,train,16.0,1.0,1.0,"(1, 2)",667e6da95ae0a25f225ae6e6
24.0,24.0,458,train,16.0,1.0,1.0,"(1, 2)",667e6da95ae0a25f225ae6e6
24.0,24.0,459,train,16.0,1.0,1.0,"(1, 2)",667e6da95ae0a25f225ae6e6
24.0,24.0,460,train,16.0,1.0,1.0,"(1, 2)",667e6da95ae0a25f225ae6e6
24.0,24.0,461,train,16.0,1.0,1.0,"(1, 2)",667e6da95ae0a25f225ae6e6
24.0,24.0,462,train,16.0,1.0,1.0,"(1, 2)",667e6da95ae0a25f225ae6e6
24.0,24.0,463,train,16.0,1.0,1.0,"(1, 2)",667e6da95ae0a25f225ae6e6
24.0,24.0,464,train,16.0,1.0,1.0,"(1, 2)",667e6da95ae0a25f225ae6e6
24.0,24.0,465,train,16.0,1.0,1.0,"(1, 2)",667e6da95ae0a25f225ae6e6
24.0,24.0,466,train,16.0,1.0,1.0,"(1, 2)",667e6da95ae0a25f225ae6e6
24.0,24.0,467,train,16.0,1.0,1.0,"(1, 2)",667e6da95ae0a25f225ae6e6
24.0,25.24999999999993,468,train,17.24999999999993,1.0,1.0,"(1, 2)",667e6da95ae0a25f225ae6e6
24.0,26.499999999999858,469,train,18.499999999999858,1.0,1.0,"(1, 2)",667e6da95ae0a25f225ae6e6
24.0,27.749999999999787,470,train,19.749999999999787,1.0,1.0,"(1, 2)",667e6da95ae0a25f225ae6e6
24.0,28.999999999999716,471,train,20.999999999999716,1.0,1.0,"(1, 2)",667e6da95ae0a25f225ae6e6
24.0,30.249999999999645,472,train,22.249999999999645,1.0,1.0,"(1, 2)",667e6da95ae0a25f225ae6e6
24.0,31.499999999999574,473,train,23.499999999999574,1.0,1.0,"(1, 2)",667e6da95ae0a25f225ae6e6
24.0,32.749999999999716,474,train,24.749999999999716,1.0,1.0,"(1, 2)",667e6da95ae0a25f225ae6e6
24.0,34.0,475,train,26.0,1.0,1.0,"(1, 2)",667e6da95ae0a25f225ae6e6
24.0,35.250000000000284,476,train,27.250000000000284,1.0,1.0,"(1, 2)",667e6da95ae0a25f225ae6e6
24.0,36.50000000000057,477,train,28.50000000000057,1.0,1.0,"(1, 2)",667e6da95ae0a25f225ae6e6
24.0,37.75000000000085,478,train,29.750000000000853,1.0,1.0,"(1, 2)",667e6da95ae0a25f225ae6e6
24.0,39.00000000000114,479,train,31.000000000001137,1.0,1.0,"(1, 2)",667e6da95ae0a25f225ae6e6
24.0,40.0,480,train,32.0,1.0,1.0,"(1, 2)",667e6da95ae0a25f225ae6e6
24.0,40.0,481,train,32.0,1.0,1.0,"(1, 2)",667e6da95ae0a25f225ae6e6
24.0,40.0,482,train,32.0,1.0,1.0,"(1, 2)",667e6da95ae0a25f225ae6e6
24.0,40.0,483,train,32.0,1.0,1.0,"(1, 2)",667e6da95ae0a25f225ae6e6
24.0,40.0,484,train,32.0,1.0,1.0,"(1, 2)",667e6da95ae0a25f225ae6e6
24.0,40.0,485,train,32.0,1.0,1.0,"(1, 2)",667e6da95ae0a25f225ae6e6
24.0,40.0,486,train,32.0,1.0,1.0,"(1, 2)",667e6da95ae0a25f225ae6e6
24.0,40.0,487,train,32.0,1.0,1.0,"(1, 2)",667e6da95ae0a25f225ae6e6
24.0,40.0,488,train,32.0,1.0,1.0,"(1, 2)",667e6da95ae0a25f225ae6e6
24.0,40.0,489,train,32.0,1.0,1.0,"(1, 2)",667e6da95ae0a25f225ae6e6
24.0,40.0,490,train,32.0,1.0,1.0,"(1, 2)",667e6da95ae0a25f225ae6e6
24.0,40.0,491,train,32.0,1.0,1.0,"(1, 2)",667e6da95ae0a25f225ae6e6
24.0,40.0,492,train,32.0,1.0,1.0,"(1, 2)",667e6da95ae0a25f225ae6e6
24.0,40.0,493,train,32.0,1.0,1.0,"(1, 2)",667e6da95ae0a25f225ae6e6
24.0,40.0,494,train,32.0,1.0,1.0,"(1, 2)",667e6da95ae0a25f225ae6e6
24.0,40.0,495,train,32.0,1.0,1.0,"(1, 2)",667e6da95ae0a25f225ae6e6
24.0,40.0,496,train,32.0,1.0,1.0,"(1, 2)",667e6da95ae0a25f225ae6e6
24.0,40.0,497,train,32.0,1.0,1.0,"(1, 2)",667e6da95ae0a25f225ae6e6
24.0,40.0,498,train,32.0,1.0,1.0,"(1, 2)",667e6da95ae0a25f225ae6e6
24.0,40.0,499,train,32.0,1.0,1.0,"(1, 2)",667e6da95ae0a25f225ae6e6
24.0,40.0,500,train,32.0,1.0,1.0,"(1, 2)",667e6da95ae0a25f225ae6e6
24.0,40.0,501,train,32.0,1.0,1.0,"(1, 2)",667e6da95ae0a25f225ae6e6
24.0,40.0,502,train,32.0,1.0,1.0,"(1, 2)",667e6da95ae0a25f225ae6e6
24.0,40.0,503,train,32.0,1.0,1.0,"(1, 2)",667e6da95ae0a25f225ae6e6
24.0,40.0,504,train,32.0,1.0,1.0,"(1, 2)",667e6da95ae0a25f225ae6e6
24.0,40.0,505,train,32.0,1.0,1.0,"(1, 2)",667e6da95ae0a25f225ae6e6
24.0,40.0,506,train,32.0,1.0,1.0,"(1, 2)",667e6da95ae0a25f225ae6e6
24.0,40.0,507,train,32.0,1.0,1.0,"(1, 2)",667e6da95ae0a25f225ae6e6
24.0,40.0,508,train,32.0,1.0,1.0,"(1, 2)",667e6da95ae0a25f225ae6e6
24.0,40.0,509,train,32.0,1.0,1.0,"(1, 2)",667e6da95ae0a25f225ae6e6
24.0,40.0,510,train,32.0,1.0,1.0,"(1, 2)",667e6da95ae0a25f225ae6e6
24.0,40.0,511,train,32.0,1.0,1.0,"(1, 2)",667e6da95ae0a25f225ae6e6
24.0,40.0,512,train,32.0,1.0,1.0,"(1, 2)",667e6da95ae0a25f225ae6e6
24.0,40.0,513,train,32.0,1.0,1.0,"(1, 2)",667e6da95ae0a25f225ae6e6
24.0,40.0,514,train,32.0,1.0,1.0,"(1, 2)",667e6da95ae0a25f225ae6e6
24.0,40.0,515,train,32.0,1.0,1.0,"(1, 2)",667e6da95ae0a25f225ae6e6
24.0,40.0,516,train,32.0,1.0,1.0,"(1, 2)",667e6da95ae0a25f225ae6e6
24.0,40.0,517,train,32.0,1.0,1.0,"(1, 2)",667e6da95ae0a25f225ae6e6
24.0,40.0,518,train,32.0,1.0,1.0,"(1, 2)",667e6da95ae0a25f225ae6e6
24.0,40.0,519,train,32.0,1.0,1.0,"(1, 2)",667e6da95ae0a25f225ae6e6
24.0,40.0,520,train,32.0,1.0,1.0,"(1, 2)",667e6da95ae0a25f225ae6e6
24.0,40.0,521,train,32.0,1.0,1.0,"(1, 2)",667e6da95ae0a25f225ae6e6
24.0,40.0,522,train,32.0,1.0,1.0,"(1, 2)",667e6da95ae0a25f225ae6e6
24.0,40.0,523,train,32.0,1.0,1.0,"(1, 2)",667e6da95ae0a25f225ae6e6
24.0,40.0,524,train,32.0,1.0,1.0,"(1, 2)",667e6da95ae0a25f225ae6e6
24.0,38.749999999999716,525,train,33.250000000000284,1.0,1.0,"(1, 2)",667e6da95ae0a25f225ae6e6
24.0,37.49999999999943,526,train,34.50000000000057,1.0,1.0,"(1, 2)",667e6da95ae0a25f225ae6e6
24.0,36.24999999999915,527,train,35.75000000000085,1.0,1.0,"(1, 2)",667e6da95ae0a25f225ae6e6
24.0,34.99999999999886,528,train,37.00000000000114,1.0,1.0,"(1, 2)",667e6da95ae0a25f225ae6e6
24.0,33.74999999999858,529,train,38.25000000000142,1.0,1.0,"(1, 2)",667e6da95ae0a25f225ae6e6
24.0,32.499999999998295,530,train,39.500000000001705,1.0,1.0,"(1, 2)",667e6da95ae0a25f225ae6e6
24.0,31.249999999998227,531,train,40.750000000001776,1.0,1.0,"(1, 2)",667e6da95ae0a25f225ae6e6
24.0,29.9999999999983,532,train,42.000000000001705,1.0,1.0,"(1, 2)",667e6da95ae0a25f225ae6e6
24.0,28.74999999999837,533,train,43.250000000001634,1.0,1.0,"(1, 2)",667e6da95ae0a25f225ae6e6
24.0,27.49999999999844,534,train,44.50000000000156,1.0,1.0,"(1, 2)",667e6da95ae0a25f225ae6e6
24.0,26.24999999999851,535,train,45.75000000000149,1.0,1.0,"(1, 2)",667e6da95ae0a25f225ae6e6
24.0,24.999999999998582,536,train,47.00000000000142,1.0,1.0,"(1, 2)",667e6da95ae0a25f225ae6e6
24.0,24.0,537,train,48.0,1.0,1.0,"(1, 2)",667e6da95ae0a25f225ae6e6
24.0,24.0,538,train,48.0,1.0,1.0,"(1, 2)",667e6da95ae0a25f225ae6e6
24.0,24.0,539,train,48.0,1.0,1.0,"(1, 2)",667e6da95ae0a25f225ae6e6
24.0,24.0,540,train,48.0,1.0,1.0,"(1, 2)",667e6da95ae0a25f225ae6e6
24.0,24.0,541,train,48.0,1.0,1.0,"(1, 2)",667e6da95ae0a25f225ae6e6
24.0,24.0,542,train,48.0,1.0,1.0,"(1, 2)",667e6da95ae0a25f225ae6e6
24.0,24.0,543,train,48.0,1.0,1.0,"(1, 2)",667e6da95ae0a25f225ae6e6
24.0,24.0,544,train,48.0,1.0,1.0,"(1, 2)",667e6da95ae0a25f225ae6e6
24.0,24.0,545,train,48.0,1.0,1.0,"(1, 2)",667e6da95ae0a25f225ae6e6
24.0,24.0,546,train,48.0,1.0,1.0,"(1, 2)",667e6da95ae0a25f225ae6e6
24.0,24.0,547,train,48.0,1.0,1.0,"(1, 2)",667e6da95ae0a25f225ae6e6
24.0,24.0,548,train,48.0,1.0,1.0,"(1, 2)",667e6da95ae0a25f225ae6e6
24.0,24.0,549,train,48.0,1.0,1.0,"(1, 2)",667e6da95ae0a25f225ae6e6
24.0,24.0,550,train,48.0,1.0,1.0,"(1, 2)",667e6da95ae0a25f225ae6e6
24.0,24.0,551,train,48.0,1.0,1.0,"(1, 2)",667e6da95ae0a25f225ae6e6
24.0,24.0,552,train,48.0,1.0,1.0,"(1, 2)",667e6da95ae0a25f225ae6e6
24.0,24.0,553,train,48.0,1.0,1.0,"(1, 2)",667e6da95ae0a25f225ae6e6
24.0,24.0,554,train,48.0,1.0,1.0,"(1, 2)",667e6da95ae0a25f225ae6e6
24.0,24.0,555,train,48.0,1.0,1.0,"(1, 2)",667e6da95ae0a25f225ae6e6
24.0,24.0,556,train,48.0,1.0,1.0,"(1, 2)",667e6da95ae0a25f225ae6e6
24.0,24.0,557,train,48.0,1.0,1.0,"(1, 2)",667e6da95ae0a25f225ae6e6
24.0,24.0,558,train,48.0,1.0,1.0,"(1, 2)",667e6da95ae0a25f225ae6e6
24.0,24.0,559,train,48.0,1.0,1.0,"(1, 2)",667e6da95ae0a25f225ae6e6
24.0,24.0,560,train,48.0,1.0,1.0,"(1, 2)",667e6da95ae0a25f225ae6e6
24.0,24.0,561,train,48.0,1.0,1.0,"(1, 2)",667e6da95ae0a25f225ae6e6
24.0,24.0,562,train,48.0,1.0,1.0,"(1, 2)",667e6da95ae0a25f225ae6e6
24.0,24.0,563,train,48.0,1.0,1.0,"(1, 2)",667e6da95ae0a25f225ae6e6
24.0,24.0,564,train,48.0,1.0,1.0,"(1, 2)",667e6da95ae0a25f225ae6e6
24.0,24.0,565,train,48.0,1.0,1.0,"(1, 2)",667e6da95ae0a25f225ae6e6
24.0,24.0,566,train,48.0,1.0,1.0,"(1, 2)",667e6da95ae0a25f225ae6e6
24.0,24.0,567,train,48.0,1.0,1.0,"(1, 2)",667e6da95ae0a25f225ae6e6
24.0,24.0,568,train,48.0,1.0,1.0,"(1, 2)",667e6da95ae0a25f225ae6e6
24.0,24.0,569,train,48.0,1.0,1.0,"(1, 2)",667e6da95ae0a25f225ae6e6
24.0,24.0,570,train,48.0,1.0,1.0,"(1, 2)",667e6da95ae0a25f225ae6e6
24.0,24.0,571,train,48.0,1.0,1.0,"(1, 2)",667e6da95ae0a25f225ae6e6
24.0,24.0,572,train,48.0,1.0,1.0,"(1, 2)",667e6da95ae0a25f225ae6e6
24.0,24.0,573,train,48.0,1.0,1.0,"(1, 2)",667e6da95ae0a25f225ae6e6
24.0,24.0,574,train,48.0,1.0,1.0,"(1, 2)",667e6da95ae0a25f225ae6e6
24.0,24.0,575,train,48.0,1.0,1.0,"(1, 2)",667e6da95ae0a25f225ae6e6
24.0,24.0,576,train,48.0,1.0,1.0,"(1, 2)",667e6da95ae0a25f225ae6e6
24.0,24.0,577,train,48.0,1.0,1.0,"(1, 2)",667e6da95ae0a25f225ae6e6
24.0,25.24999999999993,578,train,49.24999999999993,1.0,1.0,"(1, 2)",667e6da95ae0a25f225ae6e6
24.0,26.499999999999858,579,train,50.49999999999986,1.0,1.0,"(1, 2)",667e6da95ae0a25f225ae6e6
24.0,27.749999999999787,580,train,51.74999999999979,1.0,1.0,"(1, 2)",667e6da95ae0a25f225ae6e6
24.0,28.999999999999716,581,train,52.999999999999716,1.0,1.0,"(1, 2)",667e6da95ae0a25f225ae6e6
24.0,30.249999999999645,582,train,54.249999999999645,1.0,1.0,"(1, 2)",667e6da95ae0a25f225ae6e6
24.0,31.499999999999574,583,train,55.499999999999574,1.0,1.0,"(1, 2)",667e6da95ae0a25f225ae6e6
24.0,32.749999999999716,584,train,56.749999999999716,1.0,1.0,"(1, 2)",667e6da95ae0a25f225ae6e6
24.0,34.0,585,train,58.0,1.0,1.0,"(1, 2)",667e6da95ae0a25f225ae6e6
24.0,35.250000000000284,586,train,59.250000000000284,1.0,1.0,"(1, 2)",667e6da95ae0a25f225ae6e6
24.0,36.50000000000057,587,train,60.50000000000057,1.0,1.0,"(1, 2)",667e6da95ae0a25f225ae6e6
24.0,37.75000000000085,588,train,61.75000000000085,1.0,1.0,"(1, 2)",667e6da95ae0a25f225ae6e6
24.0,39.00000000000114,589,train,63.00000000000114,1.0,1.0,"(1, 2)",667e6da95ae0a25f225ae6e6
24.0,40.25000000000142,590,train,64.25000000000142,1.0,1.0,"(1, 2)",667e6da95ae0a25f225ae6e6
24.0,41.500000000001705,591,train,65.5000000000017,1.0,1.0,"(1, 2)",667e6da95ae0a25f225ae6e6
24.0,42.75000000000199,592,train,66.75000000000199,1.0,1.0,"(1, 2)",667e6da95ae0a25f225ae6e6
24.0,44.000000000002274,593,train,68.00000000000227,1.0,1.0,"(1, 2)",667e6da95ae0a25f225ae6e6
24.0,45.25000000000256,594,train,69.25000000000256,1.0,1.0,"(1, 2)",667e6da95ae0a25f225ae6e6
24.0,46.50000000000284,595,train,70.50000000000284,1.0,1.0,"(1, 2)",667e6da95ae0a25f225ae6e6
24.0,47.750000000003126,596,train,71.75000000000313,1.0,1.0,"(1, 2)",667e6da95ae0a25f225ae6e6
24.0,49.00000000000341,597,train,73.00000000000341,1.0,1.0,"(1, 2)",667e6da95ae0a25f225ae6e6
24.0,50.250000000003695,598,train,74.2500000000037,1.0,1.0,"(1, 2)",667e6da95ae0a25f225ae6e6
24.0,51.50000000000398,599,train,75.50000000000398,1.0,1.0,"(1, 2)",667e6da95ae0a25f225ae6e6
24.0,52.75000000000426,600,train,76.75000000000426,1.0,1.0,"(1, 2)",667e6da95ae0a25f225ae6e6
24.0,54.00000000000455,601,train,78.00000000000455,1.0,1.0,"(1, 2)",667e6da95ae0a25f225ae6e6
24.0,55.25000000000483,602,train,79.25000000000483,1.0,1.0,"(1, 2)",667e6da95ae0a25f225ae6e6
24.0,56.0,603,train,80.0,1.0,1.0,"(1, 2)",667e6da95ae0a25f225ae6e6
24.0,56.0,604,train,80.0,1.0,1.0,"(1, 2)",667e6da95ae0a25f225ae6e6
24.0,56.0,605,train,80.0,1.0,1.0,"(1, 2)",667e6da95ae0a25f225ae6e6
24.0,56.0,606,train,80.0,1.0,1.0,"(1, 2)",667e6da95ae0a25f225ae6e6
24.0,56.0,607,train,80.0,1.0,1.0,"(1, 2)",667e6da95ae0a25f225ae6e6
24.0,56.0,608,train,80.0,1.0,1.0,"(1, 2)",667e6da95ae0a25f225ae6e6
24.0,56.0,609,train,80.0,1.0,1.0,"(1, 2)",667e6da95ae0a25f225ae6e6
24.0,56.0,610,train,80.0,1.0,1.0,"(1, 2)",667e6da95ae0a25f225ae6e6
24.0,56.0,611,train,80.0,1.0,1.0,"(1, 2)",667e6da95ae0a25f225ae6e6
24.0,56.0,612,train,80.0,1.0,1.0,"(1, 2)",667e6da95ae0a25f225ae6e6
24.0,56.0,613,train,80.0,1.0,1.0,"(1, 2)",667e6da95ae0a25f225ae6e6
24.0,56.0,614,train,80.0,1.0,1.0,"(1, 2)",667e6da95ae0a25f225ae6e6
24.0,56.0,615,train,80.0,1.0,1.0,"(1, 2)",667e6da95ae0a25f225ae6e6
24.0,56.0,616,train,80.0,1.0,1.0,"(1, 2)",667e6da95ae0a25f225ae6e6
24.0,56.0,617,train,80.0,1.0,1.0,"(1, 2)",667e6da95ae0a25f225ae6e6
24.0,56.0,618,train,80.0,1.0,1.0,"(1, 2)",667e6da95ae0a25f225ae6e6
24.0,54.749999999999716,619,train,81.25000000000028,1.0,1.0,"(1, 2)",667e6da95ae0a25f225ae6e6
24.0,53.49999999999943,620,train,82.50000000000057,1.0,1.0,"(1, 2)",667e6da95ae0a25f225ae6e6
24.0,52.24999999999915,621,train,83.75000000000085,1.0,1.0,"(1, 2)",667e6da95ae0a25f225ae6e6
24.0,50.99999999999886,622,train,85.00000000000114,1.0,1.0,"(1, 2)",667e6da95ae0a25f225ae6e6
24.0,49.74999999999858,623,train,86.25000000000142,1.0,1.0,"(1, 2)",667e6da95ae0a25f225ae6e6
24.0,48.499999999998295,624,train,87.5000000000017,1.0,1.0,"(1, 2)",667e6da95ae0a25f225ae6e6
24.0,47.24999999999801,625,train,88.75000000000199,1.0,1.0,"(1, 2)",667e6da95ae0a25f225ae6e6
24.0,45.999999999997726,626,train,90.00000000000227,1.0,1.0,"(1, 2)",667e6da95ae0a25f225ae6e6
24.0,44.74999999999744,627,train,91.25000000000256,1.0,1.0,"(1, 2)",667e6da95ae0a25f225ae6e6
24.0,43.49999999999716,628,train,92.50000000000284,1.0,1.0,"(1, 2)",667e6da95ae0a25f225ae6e6
24.0,42.249999999996874,629,train,93.75000000000313,1.0,1.0,"(1, 2)",667e6da95ae0a25f225ae6e6
24.0,40.99999999999659,630,train,95.00000000000341,1.0,1.0,"(1, 2)",667e6da95ae0a25f225ae6e6
24.0,39.749999999996305,631,train,96.2500000000037,1.0,1.0,"(1, 2)",667e6da95ae0a25f225ae6e6
24.0,38.49999999999602,632,train,97.50000000000398,1.0,1.0,"(1, 2)",667e6da95ae0a25f225ae6e6
24.0,37.24999999999574,633,train,98.75000000000426,1.0,1.0,"(1, 2)",667e6da95ae0a25f225ae6e6
24.0,35.99999999999545,634,train,100.00000000000455,1.0,1.0,"(1, 2)",667e6da95ae0a25f225ae6e6
24.0,34.74999999999517,635,train,101.25000000000483,1.0,1.0,"(1, 2)",667e6da95ae0a25f225ae6e6
24.0,33.499999999994884,636,train,102.50000000000512,1.0,1.0,"(1, 2)",667e6da95ae0a25f225ae6e6
24.0,32.2499999999946,637,train,103.7500000000054,1.0,1.0,"(1, 2)",667e6da95ae0a25f225ae6e6
24.0,30.999999999994603,638,train,105.0000000000054,1.0,1.0,"(1, 2)",667e6da95ae0a25f225ae6e6
24.0,29.749999999994674,639,train,106.25000000000533,1.0,1.0,"(1, 2)",667e6da95ae0a25f225ae6e6
24.0,28.499999999994746,640,train,107.50000000000526,1.0,1.0,"(1, 2)",667e6da95ae0a25f225ae6e6
24.0,27.249999999994817,641,train,108.75000000000519,1.0,1.0,"(1, 2)",667e6da95ae0a25f225ae6e6
24.0,25.999999999994888,642,train,110.00000000000512,1.0,1.0,"(1, 2)",667e6da95ae0a25f225ae6e6
24.0,24.74999999999496,643,train,111.25000000000504,1.0,1.0,"(1, 2)",667e6da95ae0a25f225ae6e6
24.0,24.0,644,train,112.0,1.0,1.0,"(1, 2)",667e6da95ae0a25f225ae6e6
24.0,24.0,645,train,112.0,1.0,1.0,"(1, 2)",667e6da95ae0a25f225ae6e6
24.0,24.0,646,train,112.0,1.0,1.0,"(1, 2)",667e6da95ae0a25f225ae6e6
24.0,24.0,647,train,112.0,1.0,1.0,"(1, 2)",667e6da95ae0a25f225ae6e6
24.0,24.0,648,train,112.0,1.0,1.0,"(1, 2)",667e6da95ae0a25f225ae6e6
24.0,24.0,649,train,112.0,1.0,1.0,"(1, 2)",667e6da95ae0a25f225ae6e6
24.0,24.0,650,train,112.0,1.0,1.0,"(1, 2)",667e6da95ae0a25f225ae6e6
24.0,24.0,651,train,112.0,1.0,1.0,"(1, 2)",667e6da95ae0a25f225ae6e6
24.0,24.0,652,train,112.0,1.0,1.0,"(1, 2)",667e6da95ae0a25f225ae6e6
24.0,24.0,653,train,112.0,1.0,1.0,"(1, 2)",667e6da95ae0a25f225ae6e6
24.0,24.0,654,train,112.0,1.0,1.0,"(1, 2)",667e6da95ae0a25f225ae6e6
24.0,24.0,655,train,112.0,1.0,1.0,"(1, 2)",667e6da95ae0a25f225ae6e6
24.0,24.0,656,train,112.0,1.0,1.0,"(1, 2)",667e6da95ae0a25f225ae6e6
24.0,24.0,657,train,112.0,1.0,1.0,"(1, 2)",667e6da95ae0a25f225ae6e6
24.0,24.0,658,train,112.0,1.0,1.0,"(1, 2)",667e6da95ae0a25f225ae6e6
24.0,24.0,659,train,112.0,1.0,1.0,"(1, 2)",667e6da95ae0a25f225ae6e6
24.0,24.0,660,train,112.0,1.0,1.0,"(1, 2)",667e6da95ae0a25f225ae6e6
24.0,24.0,661,train,112.0,1.0,1.0,"(1, 2)",667e6da95ae0a25f225ae6e6
24.0,24.0,662,train,112.0,1.0,1.0,"(1, 2)",667e6da95ae0a25f225ae6e6
24.0,24.0,663,train,112.0,1.0,1.0,"(1, 2)",667e6da95ae0a25f225ae6e6
24.0,24.0,664,train,112.0,1.0,1.0,"(1, 2)",667e6da95ae0a25f225ae6e6
24.0,25.24999999999993,665,train,113.24999999999993,1.0,1.0,"(1, 2)",667e6da95ae0a25f225ae6e6
24.0,26.499999999999858,666,train,114.49999999999986,1.0,1.0,"(1, 2)",667e6da95ae0a25f225ae6e6
24.0,27.749999999999787,667,train,115.74999999999979,1.0,1.0,"(1, 2)",667e6da95ae0a25f225ae6e6
24.0,28.999999999999716,668,train,116.99999999999972,1.0,1.0,"(1, 2)",667e6da95ae0a25f225ae6e6
24.0,30.249999999999645,669,train,118.24999999999964,1.0,1.0,"(1, 2)",667e6da95ae0a25f225ae6e6
24.0,31.499999999999574,670,train,119.49999999999957,1.0,1.0,"(1, 2)",667e6da95ae0a25f225ae6e6
24.0,32.749999999999716,671,train,120.74999999999972,1.0,1.0,"(1, 2)",667e6da95ae0a25f225ae6e6
24.0,34.0,672,train,122.0,1.0,1.0,"(1, 2)",667e6da95ae0a25f225ae6e6
24.0,35.250000000000284,673,train,123.25000000000028,1.0,1.0,"(1, 2)",667e6da95ae0a25f225ae6e6
24.0,36.50000000000057,674,train,124.50000000000057,1.0,1.0,"(1, 2)",667e6da95ae0a25f225ae6e6
24.0,37.75000000000085,675,train,125.75000000000085,1.0,1.0,"(1, 2)",667e6da95ae0a25f225ae6e6
24.0,39.00000000000114,676,train,127.00000000000114,1.0,1.0,"(1, 2)",667e6da95ae0a25f225ae6e6
24.0,40.25000000000142,677,train,128.25000000000142,1.0,1.0,"(1, 2)",667e6da95ae0a25f225ae6e6
24.0,41.500000000001705,678,train,129.5000000000017,1.0,1.0,"(1, 2)",667e6da95ae0a25f225ae6e6
24.0,42.75000000000199,679,train,130.750000000002,1.0,1.0,"(1, 2)",667e6da95ae0a25f225ae6e6
24.0,44.000000000002274,680,train,132.00000000000227,1.0,1.0,"(1, 2)",667e6da95ae0a25f225ae6e6
24.0,45.25000000000256,681,train,133.25000000000256,1.0,1.0,"(1, 2)",667e6da95ae0a25f225ae6e6
24.0,46.50000000000284,682,train,134.50000000000284,1.0,1.0,"(1, 2)",667e6da95ae0a25f225ae6e6
24.0,47.750000000003126,683,train,135.75000000000313,1.0,1.0,"(1, 2)",667e6da95ae0a25f225ae6e6
24.0,49.00000000000341,684,train,137.0000000000034,1.0,1.0,"(1, 2)",667e6da95ae0a25f225ae6e6
24.0,50.250000000003695,685,train,138.2500000000037,1.0,1.0,"(1, 2)",667e6da95ae0a25f225ae6e6
24.0,51.50000000000398,686,train,139.50000000000398,1.0,1.0,"(1, 2)",667e6da95ae0a25f225ae6e6
24.0,52.75000000000426,687,train,140.75000000000426,1.0,1.0,"(1, 2)",667e6da95ae0a25f225ae6e6
24.0,54.00000000000455,688,train,142.00000000000455,1.0,1.0,"(1, 2)",667e6da95ae0a25f225ae6e6
24.0,55.25000000000483,689,train,143.25000000000483,1.0,1.0,"(1, 2)",667e6da95ae0a25f225ae6e6
24.0,56.500000000005116,690,train,144.50000000000512,1.0,1.0,"(1, 2)",667e6da95ae0a25f225ae6e6
24.0,57.7500000000054,691,train,145.7500000000054,1.0,1.0,"(1, 2)",667e6da95ae0a25f225ae6e6
24.0,59.000000000005684,692,train,147.00000000000568,1.0,1.0,"(1, 2)",667e6da95ae0a25f225ae6e6
24.0,60.25000000000597,693,train,148.25000000000597,1.0,1.0,"(1, 2)",667e6da95ae0a25f225ae6e6
24.0,61.50000000000625,694,train,149.50000000000625,1.0,1.0,"(1, 2)",667e6da95ae0a25f225ae6e6
24.0,62.75000000000654,695,train,150.75000000000654,1.0,1.0,"(1, 2)",667e6da95ae0a25f225ae6e6
24.0,64.00000000000682,696,train,152.00000000000682,1.0,1.0,"(1, 2)",667e6da95ae0a25f225ae6e6
24.0,65.2500000000071,697,train,153.2500000000071,1.0,1.0,"(1, 2)",667e6da95ae0a25f225ae6e6
24.0,66.50000000000739,698,train,154.5000000000074,1.0,1.0,"(1, 2)",667e6da95ae0a25f225ae6e6
24.0,65.2500000000071,699,train,155.75000000000767,1.0,1.0,"(1, 2)",667e6da95ae0a25f225ae6e6
24.0,64.00000000000682,700,train,157.00000000000796,1.0,1.0,"(1, 2)",667e6da95ae0a25f225ae6e6
24.0,62.75000000000654,701,train,158.25000000000824,1.0,1.0,"(1, 2)",667e6da95ae0a25f225ae6e6
24.0,61.50000000000625,702,train,159.50000000000853,1.0,1.0,"(1, 2)",667e6da95ae0a25f225ae6e6
24.0,60.25000000000597,703,train,160.7500000000088,1.0,1.0,"(1, 2)",667e6da95ae0a25f225ae6e6
24.0,59.000000000005684,704,train,162.0000000000091,1.0,1.0,"(1, 2)",667e6da95ae0a25f225ae6e6
24.0,57.7500000000054,705,train,163.25000000000938,1.0,1.0,"(1, 2)",667e6da95ae0a25f225ae6e6
24.0,56.500000000005116,706,train,164.50000000000966,1.0,1.0,"(1, 2)",667e6da95ae0a25f225ae6e6
24.0,55.25000000000483,707,train,165.75000000000995,1.0,1.0,"(1, 2)",667e6da95ae0a25f225ae6e6
24.0,54.00000000000455,708,train,167.00000000001023,1.0,1.0,"(1, 2)",667e6da95ae0a25f225ae6e6
24.0,52.75000000000426,709,train,168.25000000001052,1.0,1.0,"(1, 2)",667e6da95ae0a25f225ae6e6
24.0,51.50000000000398,710,train,169.5000000000108,1.0,1.0,"(1, 2)",667e6da95ae0a25f225ae6e6
24.0,50.250000000003695,711,train,170.75000000001108,1.0,1.0,"(1, 2)",667e6da95ae0a25f225ae6e6
24.0,49.00000000000341,712,train,172.00000000001137,1.0,1.0,"(1, 2)",667e6da95ae0a25f225ae6e6
24.0,47.750000000003126,713,train,173.25000000001165,1.0,1.0,"(1, 2)",667e6da95ae0a25f225ae6e6
24.0,46.50000000000284,714,train,174.50000000001194,1.0,1.0,"(1, 2)",667e6da95ae0a25f225ae6e6
24.0,45.25000000000256,715,train,175.75000000001222,1.0,1.0,"(1, 2)",667e6da95ae0a25f225ae6e6
24.0,44.000000000002274,716,train,177.0000000000125,1.0,1.0,"(1, 2)",667e6da95ae0a25f225ae6e6
24.0,42.75000000000199,717,train,178.2500000000128,1.0,1.0,"(1, 2)",667e6da95ae0a25f225ae6e6
24.0,41.500000000001705,718,train,179.50000000001307,1.0,1.0,"(1, 2)",667e6da95ae0a25f225ae6e6
24.0,40.25000000000142,719,train,180.75000000001336,1.0,1.0,"(1, 2)",667e6da95ae0a25f225ae6e6
24.0,40.0,720,train,181.00000000001478,1.0,1.0,"(1, 2)",667e6da95ae0a25f225ae6e6
24.0,40.0,721,train,181.00000000001478,1.0,1.0,"(1, 2)",667e6da95ae0a25f225ae6e6
24.0,40.0,722,train,181.00000000001478,1.0,1.0,"(1, 2)",667e6da95ae0a25f225ae6e6
24.0,40.0,723,train,181.00000000001478,1.0,1.0,"(1, 2)",667e6da95ae0a25f225ae6e6
24.0,40.0,724,train,181.00000000001478,1.0,1.0,"(1, 2)",667e6da95ae0a25f225ae6e6
24.0,40.0,725,train,181.00000000001478,1.0,1.0,"(1, 2)",667e6da95ae0a25f225ae6e6
24.0,40.0,726,train,181.00000000001478,1.0,1.0,"(1, 2)",667e6da95ae0a25f225ae6e6
24.0,40.0,727,train,181.00000000001478,1.0,1.0,"(1, 2)",667e6da95ae0a25f225ae6e6
24.0,40.0,728,train,181.00000000001478,1.0,1.0,"(1, 2)",667e6da95ae0a25f225ae6e6
24.0,40.0,729,train,181.00000000001478,1.0,1.0,"(1, 2)",667e6da95ae0a25f225ae6e6
24.0,40.0,730,train,181.00000000001478,1.0,1.0,"(1, 2)",667e6da95ae0a25f225ae6e6
24.0,40.0,731,train,181.00000000001478,1.0,1.0,"(1, 2)",667e6da95ae0a25f225ae6e6
24.0,40.0,732,train,181.00000000001478,1.0,1.0,"(1, 2)",667e6da95ae0a25f225ae6e6
24.0,40.0,733,train,181.00000000001478,1.0,1.0,"(1, 2)",667e6da95ae0a25f225ae6e6
24.0,40.0,734,train,181.00000000001478,1.0,1.0,"(1, 2)",667e6da95ae0a25f225ae6e6
24.0,40.0,735,train,181.00000000001478,1.0,1.0,"(1, 2)",667e6da95ae0a25f225ae6e6
24.0,40.0,736,train,181.00000000001478,1.0,1.0,"(1, 2)",667e6da95ae0a25f225ae6e6
24.0,40.0,737,train,181.00000000001478,1.0,1.0,"(1, 2)",667e6da95ae0a25f225ae6e6
24.0,40.0,738,train,181.00000000001478,1.0,1.0,"(1, 2)",667e6da95ae0a25f225ae6e6
24.0,40.0,739,train,181.00000000001478,1.0,1.0,"(1, 2)",667e6da95ae0a25f225ae6e6
24.0,40.0,740,train,181.00000000001478,1.0,1.0,"(1, 2)",667e6da95ae0a25f225ae6e6
24.0,40.0,741,train,181.00000000001478,1.0,1.0,"(1, 2)",667e6da95ae0a25f225ae6e6
24.0,40.0,742,train,181.00000000001478,1.0,1.0,"(1, 2)",667e6da95ae0a25f225ae6e6
24.0,40.0,743,train,181.00000000001478,1.0,1.0,"(1, 2)",667e6da95ae0a25f225ae6e6
24.0,40.0,744,train,181.00000000001478,1.0,1.0,"(1, 2)",667e6da95ae0a25f225ae6e6
24.0,40.0,745,train,181.00000000001478,1.0,1.0,"(1, 2)",667e6da95ae0a25f225ae6e6
24.0,40.0,746,train,181.00000000001478,1.0,1.0,"(1, 2)",667e6da95ae0a25f225ae6e6
24.0,40.0,747,train,181.00000000001478,1.0,1.0,"(1, 2)",667e6da95ae0a25f225ae6e6
24.0,40.0,748,train,181.00000000001478,1.0,1.0,"(1, 2)",667e6da95ae0a25f225ae6e6
24.0,40.0,749,train,181.00000000001478,1.0,1.0,"(1, 2)",667e6da95ae0a25f225ae6e6
24.0,40.0,750,train,181.00000000001478,1.0,1.0,"(1, 2)",667e6da95ae0a25f225ae6e6
24.0,40.0,751,train,181.00000000001478,1.0,1.0,"(1, 2)",667e6da95ae0a25f225ae6e6
24.0,40.0,752,train,181.00000000001478,1.0,1.0,"(1, 2)",667e6da95ae0a25f225ae6e6
24.0,40.0,753,train,181.00000000001478,1.0,1.0,"(1, 2)",667e6da95ae0a25f225ae6e6
24.0,40.0,754,train,181.00000000001478,1.0,1.0,"(1, 2)",667e6da95ae0a25f225ae6e6
24.0,40.0,755,train,181.00000000001478,1.0,1.0,"(1, 2)",667e6da95ae0a25f225ae6e6
24.0,40.0,756,train,181.00000000001478,1.0,1.0,"(1, 2)",667e6da95ae0a25f225ae6e6
24.0,40.0,757,train,181.00000000001478,1.0,1.0,"(1, 2)",667e6da95ae0a25f225ae6e6
24.0,40.0,758,train,181.00000000001478,1.0,1.0,"(1, 2)",667e6da95ae0a25f225ae6e6
24.0,40.0,759,train,181.00000000001478,1.0,1.0,"(1, 2)",667e6da95ae0a25f225ae6e6
24.0,40.0,760,train,181.00000000001478,1.0,1.0,"(1, 2)",667e6da95ae0a25f225ae6e6
24.0,40.0,761,train,181.00000000001478,1.0,1.0,"(1, 2)",667e6da95ae0a25f225ae6e6
24.0,40.0,762,train,181.00000000001478,1.0,1.0,"(1, 2)",667e6da95ae0a25f225ae6e6
24.0,40.0,763,train,181.00000000001478,1.0,1.0,"(1, 2)",667e6da95ae0a25f225ae6e6
24.0,40.0,764,train,181.00000000001478,1.0,1.0,"(1, 2)",667e6da95ae0a25f225ae6e6
24.0,40.0,765,train,181.00000000001478,1.0,1.0,"(1, 2)",667e6da95ae0a25f225ae6e6
24.0,40.0,766,train,181.00000000001478,1.0,1.0,"(1, 2)",667e6da95ae0a25f225ae6e6
24.0,40.0,767,train,181.00000000001478,1.0,1.0,"(1, 2)",667e6da95ae0a25f225ae6e6
24.0,40.0,768,train,181.00000000001478,1.0,1.0,"(1, 2)",667e6da95ae0a25f225ae6e6
24.0,40.0,769,train,181.00000000001478,1.0,1.0,"(1, 2)",667e6da95ae0a25f225ae6e6
24.0,40.0,770,train,181.00000000001478,1.0,1.0,"(1, 2)",667e6da95ae0a25f225ae6e6
24.0,40.0,771,train,181.00000000001478,1.0,1.0,"(1, 2)",667e6da95ae0a25f225ae6e6
24.0,40.0,772,train,181.00000000001478,1.0,1.0,"(1, 2)",667e6da95ae0a25f225ae6e6
24.0,40.0,773,train,181.00000000001478,1.0,1.0,"(1, 2)",667e6da95ae0a25f225ae6e6
24.0,40.0,774,train,181.00000000001478,1.0,1.0,"(1, 2)",667e6da95ae0a25f225ae6e6
24.0,40.0,775,train,181.00000000001478,1.0,1.0,"(1, 2)",667e6da95ae0a25f225ae6e6
24.0,40.0,776,train,181.00000000001478,1.0,1.0,"(1, 2)",667e6da95ae0a25f225ae6e6
24.0,40.0,777,train,181.00000000001478,1.0,1.0,"(1, 2)",667e6da95ae0a25f225ae6e6
24.0,40.0,778,train,181.00000000001478,1.0,1.0,"(1, 2)",667e6da95ae0a25f225ae6e6
24.0,40.0,779,train,181.00000000001478,1.0,1.0,"(1, 2)",667e6da95ae0a25f225ae6e6
24.0,40.0,780,train,181.00000000001478,1.0,1.0,"(1, 2)",667e6da95ae0a25f225ae6e6
24.0,40.0,781,train,181.00000000001478,1.0,1.0,"(1, 2)",667e6da95ae0a25f225ae6e6
24.0,40.0,782,train,181.00000000001478,1.0,1.0,"(1, 2)",667e6da95ae0a25f225ae6e6
24.0,40.0,783,train,181.00000000001478,1.0,1.0,"(1, 2)",667e6da95ae0a25f225ae6e6
24.0,40.0,784,train,181.00000000001478,1.0,1.0,"(1, 2)",667e6da95ae0a25f225ae6e6
24.0,40.0,785,train,181.00000000001478,1.0,1.0,"(1, 2)",667e6da95ae0a25f225ae6e6
24.0,40.0,786,train,181.00000000001478,1.0,1.0,"(1, 2)",667e6da95ae0a25f225ae6e6
24.0,40.0,787,train,181.00000000001478,1.0,1.0,"(1, 2)",667e6da95ae0a25f225ae6e6
24.0,40.0,788,train,181.00000000001478,1.0,1.0,"(1, 2)",667e6da95ae0a25f225ae6e6
24.0,40.0,789,train,181.00000000001478,1.0,1.0,"(1, 2)",667e6da95ae0a25f225ae6e6
24.0,40.0,790,train,181.00000000001478,1.0,1.0,"(1, 2)",667e6da95ae0a25f225ae6e6
24.0,40.0,791,train,181.00000000001478,1.0,1.0,"(1, 2)",667e6da95ae0a25f225ae6e6
24.0,40.0,792,train,181.00000000001478,1.0,1.0,"(1, 2)",667e6da95ae0a25f225ae6e6
24.0,40.0,793,train,181.00000000001478,1.0,1.0,"(1, 2)",667e6da95ae0a25f225ae6e6
24.0,40.0,794,train,181.00000000001478,1.0,1.0,"(1, 2)",667e6da95ae0a25f225ae6e6
24.0,40.0,795,train,181.00000000001478,1.0,1.0,"(1, 2)",667e6da95ae0a25f225ae6e6
24.0,40.0,796,train,181.00000000001478,1.0,1.0,"(1, 2)",667e6da95ae0a25f225ae6e6
24.0,40.0,797,train,181.00000000001478,1.0,1.0,"(1, 2)",667e6da95ae0a25f225ae6e6
24.0,40.0,798,train,181.00000000001478,1.0,1.0,"(1, 2)",667e6da95ae0a25f225ae6e6
24.0,40.0,799,train,181.00000000001478,1.0,1.0,"(1, 2)",667e6da95ae0a25f225ae6e6
24.0,40.0,800,train,181.00000000001478,1.0,1.0,"(1, 2)",667e6da95ae0a25f225ae6e6
24.0,40.0,801,train,181.00000000001478,1.0,1.0,"(1, 2)",667e6da95ae0a25f225ae6e6
24.0,40.0,802,train,181.00000000001478,1.0,1.0,"(1, 2)",667e6da95ae0a25f225ae6e6
24.0,40.0,803,train,181.00000000001478,1.0,1.0,"(1, 2)",667e6da95ae0a25f225ae6e6
24.0,40.0,804,train,181.00000000001478,1.0,1.0,"(1, 2)",667e6da95ae0a25f225ae6e6
24.0,40.0,805,train,181.00000000001478,1.0,1.0,"(1, 2)",667e6da95ae0a25f225ae6e6
24.0,40.0,806,train,181.00000000001478,1.0,1.0,"(1, 2)",667e6da95ae0a25f225ae6e6
24.0,40.0,807,train,181.00000000001478,1.0,1.0,"(1, 2)",667e6da95ae0a25f225ae6e6
24.0,40.0,808,train,181.00000000001478,1.0,1.0,"(1, 2)",667e6da95ae0a25f225ae6e6
24.0,40.0,809,train,181.00000000001478,1.0,1.0,"(1, 2)",667e6da95ae0a25f225ae6e6
24.0,40.0,810,train,181.00000000001478,1.0,1.0,"(1, 2)",667e6da95ae0a25f225ae6e6
24.0,40.0,811,train,181.00000000001478,1.0,1.0,"(1, 2)",667e6da95ae0a25f225ae6e6
24.0,40.0,812,train,181.00000000001478,1.0,1.0,"(1, 2)",667e6da95ae0a25f225ae6e6
24.0,40.0,813,train,181.00000000001478,1.0,1.0,"(1, 2)",667e6da95ae0a25f225ae6e6
24.0,40.0,814,train,181.00000000001478,1.0,1.0,"(1, 2)",667e6da95ae0a25f225ae6e6
24.0,40.0,815,train,181.00000000001478,1.0,1.0,"(1, 2)",667e6da95ae0a25f225ae6e6
24.0,40.0,816,train,181.00000000001478,1.0,1.0,"(1, 2)",667e6da95ae0a25f225ae6e6
24.0,40.0,817,train,181.00000000001478,1.0,1.0,"(1, 2)",667e6da95ae0a25f225ae6e6
24.0,40.0,818,train,181.00000000001478,1.0,1.0,"(1, 2)",667e6da95ae0a25f225ae6e6
24.0,40.0,819,train,181.00000000001478,1.0,1.0,"(1, 2)",667e6da95ae0a25f225ae6e6
24.0,40.0,820,train,181.00000000001478,1.0,1.0,"(1, 2)",667e6da95ae0a25f225ae6e6
24.0,40.0,821,train,181.00000000001478,1.0,1.0,"(1, 2)",667e6da95ae0a25f225ae6e6
24.0,40.0,822,train,181.00000000001478,1.0,1.0,"(1, 2)",667e6da95ae0a25f225ae6e6
24.0,40.0,823,train,181.00000000001478,1.0,1.0,"(1, 2)",667e6da95ae0a25f225ae6e6
24.0,40.0,824,train,181.00000000001478,1.0,1.0,"(1, 2)",667e6da95ae0a25f225ae6e6
24.0,40.0,825,train,181.00000000001478,1.0,1.0,"(1, 2)",667e6da95ae0a25f225ae6e6
24.0,40.0,826,train,181.00000000001478,1.0,1.0,"(1, 2)",667e6da95ae0a25f225ae6e6
24.0,40.0,827,train,181.00000000001478,1.0,1.0,"(1, 2)",667e6da95ae0a25f225ae6e6
24.0,40.0,828,train,181.00000000001478,1.0,1.0,"(1, 2)",667e6da95ae0a25f225ae6e6
24.0,40.0,829,train,181.00000000001478,1.0,1.0,"(1, 2)",667e6da95ae0a25f225ae6e6
24.0,40.0,830,train,181.00000000001478,1.0,1.0,"(1, 2)",667e6da95ae0a25f225ae6e6
24.0,40.0,831,train,181.00000000001478,1.0,1.0,"(1, 2)",667e6da95ae0a25f225ae6e6
24.0,40.0,832,train,181.00000000001478,1.0,1.0,"(1, 2)",667e6da95ae0a25f225ae6e6
24.0,40.0,833,train,181.00000000001478,1.0,1.0,"(1, 2)",667e6da95ae0a25f225ae6e6
24.0,40.0,834,train,181.00000000001478,1.0,1.0,"(1, 2)",667e6da95ae0a25f225ae6e6
24.0,40.0,835,train,181.00000000001478,1.0,1.0,"(1, 2)",667e6da95ae0a25f225ae6e6
24.0,40.0,836,train,181.00000000001478,1.0,1.0,"(1, 2)",667e6da95ae0a25f225ae6e6
24.0,40.0,837,train,181.00000000001478,1.0,1.0,"(1, 2)",667e6da95ae0a25f225ae6e6
24.0,40.0,838,train,181.00000000001478,1.0,1.0,"(1, 2)",667e6da95ae0a25f225ae6e6
24.0,40.0,839,train,181.00000000001478,1.0,1.0,"(1, 2)",667e6da95ae0a25f225ae6e6
24.0,40.0,840,train,181.00000000001478,1.0,1.0,"(1, 2)",667e6da95ae0a25f225ae6e6
24.0,40.0,841,train,181.00000000001478,1.0,1.0,"(1, 2)",667e6da95ae0a25f225ae6e6
24.0,40.0,842,train,181.00000000001478,1.0,1.0,"(1, 2)",667e6da95ae0a25f225ae6e6
24.0,40.0,843,train,181.00000000001478,1.0,1.0,"(1, 2)",667e6da95ae0a25f225ae6e6
24.0,40.0,844,train,181.00000000001478,1.0,1.0,"(1, 2)",667e6da95ae0a25f225ae6e6
24.0,40.0,845,train,181.00000000001478,1.0,1.0,"(1, 2)",667e6da95ae0a25f225ae6e6
24.0,40.0,846,train,181.00000000001478,1.0,1.0,"(1, 2)",667e6da95ae0a25f225ae6e6
24.0,41.250000000000284,847,train,182.25000000001506,1.0,1.0,"(1, 2)",667e6da95ae0a25f225ae6e6
24.0,42.50000000000057,848,train,183.50000000001535,1.0,1.0,"(1, 2)",667e6da95ae0a25f225ae6e6
24.0,43.75000000000085,849,train,184.75000000001563,1.0,1.0,"(1, 2)",667e6da95ae0a25f225ae6e6
24.0,45.00000000000114,850,train,186.00000000001592,1.0,1.0,"(1, 2)",667e6da95ae0a25f225ae6e6
24.0,46.25000000000142,851,train,187.2500000000162,1.0,1.0,"(1, 2)",667e6da95ae0a25f225ae6e6
24.0,47.500000000001705,852,train,188.50000000001648,1.0,1.0,"(1, 2)",667e6da95ae0a25f225ae6e6
24.0,48.75000000000199,853,train,189.75000000001677,1.0,1.0,"(1, 2)",667e6da95ae0a25f225ae6e6
24.0,50.000000000002274,854,train,191.00000000001705,1.0,1.0,"(1, 2)",667e6da95ae0a25f225ae6e6
24.0,51.25000000000256,855,train,192.25000000001734,1.0,1.0,"(1, 2)",667e6da95ae0a25f225ae6e6
24.0,52.50000000000284,856,train,193.50000000001762,1.0,1.0,"(1, 2)",667e6da95ae0a25f225ae6e6
24.0,53.750000000003126,857,train,194.7500000000179,1.0,1.0,"(1, 2)",667e6da95ae0a25f225ae6e6
24.0,55.00000000000341,858,train,196.0000000000182,1.0,1.0,"(1, 2)",667e6da95ae0a25f225ae6e6
24.0,56.250000000003695,859,train,197.25000000001847,1.0,1.0,"(1, 2)",667e6da95ae0a25f225ae6e6
24.0,57.50000000000398,860,train,198.50000000001876,1.0,1.0,"(1, 2)",667e6da95ae0a25f225ae6e6
24.0,58.75000000000426,861,train,199.75000000001904,1.0,1.0,"(1, 2)",667e6da95ae0a25f225ae6e6
24.0,60.00000000000455,862,train,201.00000000001933,1.0,1.0,"(1, 2)",667e6da95ae0a25f225ae6e6
24.0,61.25000000000483,863,train,202.2500000000196,1.0,1.0,"(1, 2)",667e6da95ae0a25f225ae6e6
24.0,62.500000000005116,864,train,203.5000000000199,1.0,1.0,"(1, 2)",667e6da95ae0a25f225ae6e6
24.0,63.7500000000054,865,train,204.75000000002018,1.0,1.0,"(1, 2)",667e6da95ae0a25f225ae6e6
24.0,65.00000000000568,866,train,206.00000000002046,1.0,1.0,"(1, 2)",667e6da95ae0a25f225ae6e6
24.0,66.25000000000597,867,train,207.25000000002075,1.0,1.0,"(1, 2)",667e6da95ae0a25f225ae6e6
24.0,67.50000000000625,868,train,208.50000000002103,1.0,1.0,"(1, 2)",667e6da95ae0a25f225ae6e6
24.0,72.0,869,train,213.00000000001478,1.0,1.0,"(1, 2)",667e6da95ae0a25f225ae6e6
24.0,72.0,870,train,213.00000000001478,1.0,1.0,"(1, 2)",667e6da95ae0a25f225ae6e6
24.0,72.0,871,train,213.00000000001478,1.0,1.0,"(1, 2)",667e6da95ae0a25f225ae6e6
24.0,72.0,872,train,213.00000000001478,1.0,1.0,"(1, 2)",667e6da95ae0a25f225ae6e6
24.0,72.0,873,train,213.00000000001478,1.0,1.0,"(1, 2)",667e6da95ae0a25f225ae6e6
24.0,72.0,874,train,213.00000000001478,1.0,1.0,"(1, 2)",667e6da95ae0a25f225ae6e6
24.0,72.0,875,train,213.00000000001478,1.0,1.0,"(1, 2)",667e6da95ae0a25f225ae6e6
24.0,72.0,876,train,213.00000000001478,1.0,1.0,"(1, 2)",667e6da95ae0a25f225ae6e6
24.0,72.0,877,train,213.00000000001478,1.0,1.0,"(1, 2)",667e6da95ae0a25f225ae6e6
24.0,72.0,878,train,213.00000000001478,1.0,1.0,"(1, 2)",667e6da95ae0a25f225ae6e6
24.0,72.0,879,train,213.00000000001478,1.0,1.0,"(1, 2)",667e6da95ae0a25f225ae6e6
24.0,72.0,880,train,213.00000000001478,1.0,1.0,"(1, 2)",667e6da95ae0a25f225ae6e6
24.0,72.0,881,train,213.00000000001478,1.0,1.0,"(1, 2)",667e6da95ae0a25f225ae6e6
24.0,72.0,882,train,213.00000000001478,1.0,1.0,"(1, 2)",667e6da95ae0a25f225ae6e6
24.0,72.0,883,train,213.00000000001478,1.0,1.0,"(1, 2)",667e6da95ae0a25f225ae6e6
24.0,72.0,884,train,213.00000000001478,1.0,1.0,"(1, 2)",667e6da95ae0a25f225ae6e6
24.0,72.0,885,train,213.00000000001478,1.0,1.0,"(1, 2)",667e6da95ae0a25f225ae6e6
24.0,72.0,886,train,213.00000000001478,1.0,1.0,"(1, 2)",667e6da95ae0a25f225ae6e6
24.0,72.0,887,train,213.00000000001478,1.0,1.0,"(1, 2)",667e6da95ae0a25f225ae6e6
24.0,72.0,888,train,213.00000000001478,1.0,1.0,"(1, 2)",667e6da95ae0a25f225ae6e6
24.0,72.0,889,train,213.00000000001478,1.0,1.0,"(1, 2)",667e6da95ae0a25f225ae6e6
24.0,72.0,890,train,213.00000000001478,1.0,1.0,"(1, 2)",667e6da95ae0a25f225ae6e6
24.0,72.0,891,train,213.00000000001478,1.0,1.0,"(1, 2)",667e6da95ae0a25f225ae6e6
24.0,72.0,892,train,213.00000000001478,1.0,1.0,"(1, 2)",667e6da95ae0a25f225ae6e6
24.0,72.0,893,train,213.00000000001478,1.0,1.0,"(1, 2)",667e6da95ae0a25f225ae6e6
24.0,72.0,894,train,213.00000000001478,1.0,1.0,"(1, 2)",667e6da95ae0a25f225ae6e6
24.0,72.0,895,train,213.00000000001478,1.0,1.0,"(1, 2)",667e6da95ae0a25f225ae6e6
24.0,72.0,896,train,213.00000000001478,1.0,1.0,"(1, 2)",667e6da95ae0a25f225ae6e6
24.0,72.0,897,train,213.00000000001478,1.0,1.0,"(1, 2)",667e6da95ae0a25f225ae6e6
24.0,72.0,898,train,213.00000000001478,1.0,1.0,"(1, 2)",667e6da95ae0a25f225ae6e6
24.0,72.0,899,train,213.00000000001478,1.0,1.0,"(1, 2)",667e6da95ae0a25f225ae6e6
24.0,72.0,900,train,213.00000000001478,1.0,1.0,"(1, 2)",667e6da95ae0a25f225ae6e6
24.0,72.0,901,train,213.00000000001478,1.0,1.0,"(1, 2)",667e6da95ae0a25f225ae6e6
24.0,72.0,902,train,213.00000000001478,1.0,1.0,"(1, 2)",667e6da95ae0a25f225ae6e6
24.0,72.0,903,train,213.00000000001478,1.0,1.0,"(1, 2)",667e6da95ae0a25f225ae6e6
24.0,72.0,904,train,213.00000000001478,1.0,1.0,"(1, 2)",667e6da95ae0a25f225ae6e6
24.0,72.0,905,train,213.00000000001478,1.0,1.0,"(1, 2)",667e6da95ae0a25f225ae6e6
24.0,72.0,906,train,213.00000000001478,1.0,1.0,"(1, 2)",667e6da95ae0a25f225ae6e6
24.0,72.0,907,train,213.00000000001478,1.0,1.0,"(1, 2)",667e6da95ae0a25f225ae6e6
24.0,72.0,908,train,213.00000000001478,1.0,1.0,"(1, 2)",667e6da95ae0a25f225ae6e6
24.0,72.0,909,train,213.00000000001478,1.0,1.0,"(1, 2)",667e6da95ae0a25f225ae6e6
24.0,72.0,910,train,213.00000000001478,1.0,1.0,"(1, 2)",667e6da95ae0a25f225ae6e6
24.0,72.0,911,train,213.00000000001478,1.0,1.0,"(1, 2)",667e6da95ae0a25f225ae6e6
24.0,72.0,912,train,213.00000000001478,1.0,1.0,"(1, 2)",667e6da95ae0a25f225ae6e6
24.0,72.0,913,train,213.00000000001478,1.0,1.0,"(1, 2)",667e6da95ae0a25f225ae6e6
24.0,72.0,914,train,213.00000000001478,1.0,1.0,"(1, 2)",667e6da95ae0a25f225ae6e6
24.0,72.0,915,train,213.00000000001478,1.0,1.0,"(1, 2)",667e6da95ae0a25f225ae6e6
24.0,72.0,916,train,213.00000000001478,1.0,1.0,"(1, 2)",667e6da95ae0a25f225ae6e6
24.0,72.0,917,train,213.00000000001478,1.0,1.0,"(1, 2)",667e6da95ae0a25f225ae6e6
24.0,72.0,918,train,213.00000000001478,1.0,1.0,"(1, 2)",667e6da95ae0a25f225ae6e6
24.0,72.0,919,train,213.00000000001478,1.0,1.0,"(1, 2)",667e6da95ae0a25f225ae6e6
24.0,72.0,920,train,213.00000000001478,1.0,1.0,"(1, 2)",667e6da95ae0a25f225ae6e6
24.0,72.0,921,train,213.00000000001478,1.0,1.0,"(1, 2)",667e6da95ae0a25f225ae6e6
24.0,72.0,922,train,213.00000000001478,1.0,1.0,"(1, 2)",667e6da95ae0a25f225ae6e6
24.0,70.74999999999972,923,train,214.25000000001506,1.0,1.0,"(1, 2)",667e6da95ae0a25f225ae6e6
24.0,69.49999999999943,924,train,215.50000000001535,1.0,1.0,"(1, 2)",667e6da95ae0a25f225ae6e6
24.0,68.24999999999915,925,train,216.75000000001563,1.0,1.0,"(1, 2)",667e6da95ae0a25f225ae6e6
24.0,66.99999999999886,926,train,218.00000000001592,1.0,1.0,"(1, 2)",667e6da95ae0a25f225ae6e6
24.0,65.74999999999858,927,train,219.2500000000162,1.0,1.0,"(1, 2)",667e6da95ae0a25f225ae6e6
24.0,64.4999999999983,928,train,220.50000000001648,1.0,1.0,"(1, 2)",667e6da95ae0a25f225ae6e6
24.0,63.24999999999801,929,train,221.75000000001677,1.0,1.0,"(1, 2)",667e6da95ae0a25f225ae6e6
24.0,61.999999999997726,930,train,223.00000000001705,1.0,1.0,"(1, 2)",667e6da95ae0a25f225ae6e6
24.0,60.74999999999744,931,train,224.25000000001734,1.0,1.0,"(1, 2)",667e6da95ae0a25f225ae6e6
24.0,59.49999999999716,932,train,225.50000000001762,1.0,1.0,"(1, 2)",667e6da95ae0a25f225ae6e6
24.0,58.249999999996874,933,train,226.7500000000179,1.0,1.0,"(1, 2)",667e6da95ae0a25f225ae6e6
24.0,56.99999999999659,934,train,228.0000000000182,1.0,1.0,"(1, 2)",667e6da95ae0a25f225ae6e6
24.0,55.749999999996305,935,train,229.25000000001847,1.0,1.0,"(1, 2)",667e6da95ae0a25f225ae6e6
24.0,54.49999999999602,936,train,230.50000000001876,1.0,1.0,"(1, 2)",667e6da95ae0a25f225ae6e6
24.0,53.24999999999574,937,train,231.75000000001904,1.0,1.0,"(1, 2)",667e6da95ae0a25f225ae6e6
24.0,51.99999999999545,938,train,233.00000000001933,1.0,1.0,"(1, 2)",667e6da95ae0a25f225ae6e6
24.0,50.74999999999517,939,train,234.2500000000196,1.0,1.0,"(1, 2)",667e6da95ae0a25f225ae6e6
24.0,49.499999999994884,940,train,235.5000000000199,1.0,1.0,"(1, 2)",667e6da95ae0a25f225ae6e6
24.0,48.2499999999946,941,train,236.75000000002018,1.0,1.0,"(1, 2)",667e6da95ae0a25f225ae6e6
24.0,46.999999999994316,942,train,238.00000000002046,1.0,1.0,"(1, 2)",667e6da95ae0a25f225ae6e6
24.0,45.74999999999403,943,train,239.25000000002075,1.0,1.0,"(1, 2)",667e6da95ae0a25f225ae6e6
24.0,44.49999999999375,944,train,240.50000000002103,1.0,1.0,"(1, 2)",667e6da95ae0a25f225ae6e6
24.0,43.24999999999346,945,train,241.75000000002132,1.0,1.0,"(1, 2)",667e6da95ae0a25f225ae6e6
24.0,41.99999999999318,946,train,243.0000000000216,1.0,1.0,"(1, 2)",667e6da95ae0a25f225ae6e6
24.0,40.749999999992895,947,train,244.25000000002188,1.0,1.0,"(1, 2)",667e6da95ae0a25f225ae6e6
24.0,40.0,948,train,245.00000000001478,1.0,1.0,"(1, 2)",667e6da95ae0a25f225ae6e6
24.0,40.0,949,train,245.00000000001478,1.0,1.0,"(1, 2)",667e6da95ae0a25f225ae6e6
24.0,40.0,950,train,245.00000000001478,1.0,1.0,"(1, 2)",667e6da95ae0a25f225ae6e6
24.0,40.0,951,train,245.00000000001478,1.0,1.0,"(1, 2)",667e6da95ae0a25f225ae6e6
24.0,40.0,952,train,245.00000000001478,1.0,1.0,"(1, 2)",667e6da95ae0a25f225ae6e6
24.0,40.0,953,train,245.00000000001478,1.0,1.0,"(1, 2)",667e6da95ae0a25f225ae6e6
24.0,40.0,954,train,245.00000000001478,1.0,1.0,"(1, 2)",667e6da95ae0a25f225ae6e6
24.0,40.0,955,train,245.00000000001478,1.0,1.0,"(1, 2)",667e6da95ae0a25f225ae6e6
24.0,40.0,956,train,245.00000000001478,1.0,1.0,"(1, 2)",667e6da95ae0a25f225ae6e6
24.0,40.0,957,train,245.00000000001478,1.0,1.0,"(1, 2)",667e6da95ae0a25f225ae6e6
24.0,40.0,958,train,245.00000000001478,1.0,1.0,"(1, 2)",667e6da95ae0a25f225ae6e6
24.0,40.0,959,train,245.00000000001478,1.0,1.0,"(1, 2)",667e6da95ae0a25f225ae6e6
24.0,40.0,960,train,245.00000000001478,1.0,1.0,"(1, 2)",667e6da95ae0a25f225ae6e6
24.0,40.0,961,train,245.00000000001478,1.0,1.0,"(1, 2)",667e6da95ae0a25f225ae6e6
24.0,40.0,962,train,245.00000000001478,1.0,1.0,"(1, 2)",667e6da95ae0a25f225ae6e6
24.0,40.0,963,train,245.00000000001478,1.0,1.0,"(1, 2)",667e6da95ae0a25f225ae6e6
24.0,40.0,964,train,245.00000000001478,1.0,1.0,"(1, 2)",667e6da95ae0a25f225ae6e6
24.0,40.0,965,train,245.00000000001478,1.0,1.0,"(1, 2)",667e6da95ae0a25f225ae6e6
24.0,40.0,966,train,245.00000000001478,1.0,1.0,"(1, 2)",667e6da95ae0a25f225ae6e6
24.0,40.0,967,train,245.00000000001478,1.0,1.0,"(1, 2)",667e6da95ae0a25f225ae6e6
24.0,40.0,968,train,245.00000000001478,1.0,1.0,"(1, 2)",667e6da95ae0a25f225ae6e6
24.0,40.0,969,train,245.00000000001478,1.0,1.0,"(1, 2)",667e6da95ae0a25f225ae6e6
24.0,40.0,970,train,245.00000000001478,1.0,1.0,"(1, 2)",667e6da95ae0a25f225ae6e6
24.0,40.0,971,train,245.00000000001478,1.0,1.0,"(1, 2)",667e6da95ae0a25f225ae6e6
24.0,40.0,972,train,245.00000000001478,1.0,1.0,"(1, 2)",667e6da95ae0a25f225ae6e6
24.0,40.0,973,train,245.00000000001478,1.0,1.0,"(1, 2)",667e6da95ae0a25f225ae6e6
24.0,40.0,974,train,245.00000000001478,1.0,1.0,"(1, 2)",667e6da95ae0a25f225ae6e6
24.0,40.0,975,train,245.00000000001478,1.0,1.0,"(1, 2)",667e6da95ae0a25f225ae6e6
24.0,40.0,976,train,245.00000000001478,1.0,1.0,"(1, 2)",667e6da95ae0a25f225ae6e6
24.0,40.0,977,train,245.00000000001478,1.0,1.0,"(1, 2)",667e6da95ae0a25f225ae6e6
24.0,40.0,978,train,245.00000000001478,1.0,1.0,"(1, 2)",667e6da95ae0a25f225ae6e6
24.0,40.0,979,train,245.00000000001478,1.0,1.0,"(1, 2)",667e6da95ae0a25f225ae6e6
24.0,40.0,980,train,245.00000000001478,1.0,1.0,"(1, 2)",667e6da95ae0a25f225ae6e6
24.0,40.0,981,train,245.00000000001478,1.0,1.0,"(1, 2)",667e6da95ae0a25f225ae6e6
24.0,40.0,982,train,245.00000000001478,1.0,1.0,"(1, 2)",667e6da95ae0a25f225ae6e6
24.0,40.0,983,train,245.00000000001478,1.0,1.0,"(1, 2)",667e6da95ae0a25f225ae6e6
24.0,40.0,984,train,245.00000000001478,1.0,1.0,"(1, 2)",667e6da95ae0a25f225ae6e6
24.0,40.0,985,train,245.00000000001478,1.0,1.0,"(1, 2)",667e6da95ae0a25f225ae6e6
24.0,40.0,986,train,245.00000000001478,1.0,1.0,"(1, 2)",667e6da95ae0a25f225ae6e6
24.0,40.0,987,train,245.00000000001478,1.0,1.0,"(1, 2)",667e6da95ae0a25f225ae6e6
24.0,40.0,988,train,245.00000000001478,1.0,1.0,"(1, 2)",667e6da95ae0a25f225ae6e6
24.0,40.0,989,train,245.00000000001478,1.0,1.0,"(1, 2)",667e6da95ae0a25f225ae6e6
24.0,38.749999999999716,990,train,246.25000000001506,1.0,1.0,"(1, 2)",667e6da95ae0a25f225ae6e6
24.0,37.49999999999943,991,train,247.50000000001535,1.0,1.0,"(1, 2)",667e6da95ae0a25f225ae6e6
24.0,36.24999999999915,992,train,248.75000000001563,1.0,1.0,"(1, 2)",667e6da95ae0a25f225ae6e6
24.0,34.99999999999886,993,train,250.00000000001592,1.0,1.0,"(1, 2)",667e6da95ae0a25f225ae6e6
24.0,33.74999999999858,994,train,251.2500000000162,1.0,1.0,"(1, 2)",667e6da95ae0a25f225ae6e6
24.0,32.499999999998295,995,train,252.50000000001648,1.0,1.0,"(1, 2)",667e6da95ae0a25f225ae6e6
24.0,31.249999999998227,996,train,253.75000000001654,1.0,1.0,"(1, 2)",667e6da95ae0a25f225ae6e6
24.0,29.9999999999983,997,train,255.00000000001648,1.0,1.0,"(1, 2)",667e6da95ae0a25f225ae6e6
24.0,28.74999999999837,998,train,256.2500000000164,1.0,1.0,"(1, 2)",667e6da95ae0a25f225ae6e6
24.0,27.49999999999844,999,train,257.50000000001637,1.0,1.0,"(1, 2)",667e6da95ae0a25f225ae6e6
24.0,26.24999999999851,1000,train,258.7500000000163,1.0,1.0,"(1, 2)",667e6da95ae0a25f225ae6e6
24.0,24.999999999998582,1001,train,260.00000000001626,1.0,1.0,"(1, 2)",667e6da95ae0a25f225ae6e6
24.0,24.0,1002,train,261.00000000001484,1.0,1.0,"(1, 2)",667e6da95ae0a25f225ae6e6
24.0,24.0,1003,train,261.00000000001484,1.0,1.0,"(1, 2)",667e6da95ae0a25f225ae6e6
24.0,24.0,1004,train,261.00000000001484,1.0,1.0,"(1, 2)",667e6da95ae0a25f225ae6e6
24.0,24.0,1005,train,261.00000000001484,1.0,1.0,"(1, 2)",667e6da95ae0a25f225ae6e6
24.0,24.0,1006,train,261.00000000001484,1.0,1.0,"(1, 2)",667e6da95ae0a25f225ae6e6
24.0,24.0,1007,train,261.00000000001484,1.0,1.0,"(1, 2)",667e6da95ae0a25f225ae6e6
24.0,24.0,1008,train,261.00000000001484,1.0,1.0,"(1, 2)",667e6da95ae0a25f225ae6e6
24.0,24.0,1009,train,261.00000000001484,1.0,1.0,"(1, 2)",667e6da95ae0a25f225ae6e6
24.0,24.0,1010,train,261.00000000001484,1.0,1.0,"(1, 2)",667e6da95ae0a25f225ae6e6
24.0,24.0,1011,train,261.00000000001484,1.0,1.0,"(1, 2)",667e6da95ae0a25f225ae6e6
24.0,24.0,1012,train,261.00000000001484,1.0,1.0,"(1, 2)",667e6da95ae0a25f225ae6e6
24.0,24.0,1013,train,261.00000000001484,1.0,1.0,"(1, 2)",667e6da95ae0a25f225ae6e6
24.0,24.0,1014,train,261.00000000001484,1.0,1.0,"(1, 2)",667e6da95ae0a25f225ae6e6
24.0,24.0,1015,train,261.00000000001484,1.0,1.0,"(1, 2)",667e6da95ae0a25f225ae6e6
24.0,24.0,1016,train,261.00000000001484,1.0,1.0,"(1, 2)",667e6da95ae0a25f225ae6e6
24.0,24.0,1017,train,261.00000000001484,1.0,1.0,"(1, 2)",667e6da95ae0a25f225ae6e6
24.0,24.0,1018,train,261.00000000001484,1.0,1.0,"(1, 2)",667e6da95ae0a25f225ae6e6
24.0,24.0,1019,train,261.00000000001484,1.0,1.0,"(1, 2)",667e6da95ae0a25f225ae6e6
24.0,24.0,1020,train,261.00000000001484,1.0,1.0,"(1, 2)",667e6da95ae0a25f225ae6e6
24.0,24.0,1021,train,261.00000000001484,1.0,1.0,"(1, 2)",667e6da95ae0a25f225ae6e6
24.0,24.0,1022,train,261.00000000001484,1.0,1.0,"(1, 2)",667e6da95ae0a25f225ae6e6
24.0,24.0,1023,train,261.00000000001484,1.0,1.0,"(1, 2)",667e6da95ae0a25f225ae6e6
24.0,24.0,1024,train,261.00000000001484,1.0,1.0,"(1, 2)",667e6da95ae0a25f225ae6e6
24.0,24.0,1025,train,261.00000000001484,1.0,1.0,"(1, 2)",667e6da95ae0a25f225ae6e6
24.0,24.0,1026,train,261.00000000001484,1.0,1.0,"(1, 2)",667e6da95ae0a25f225ae6e6
24.0,24.0,1027,train,261.00000000001484,1.0,1.0,"(1, 2)",667e6da95ae0a25f225ae6e6
24.0,24.0,1028,train,261.00000000001484,1.0,1.0,"(1, 2)",667e6da95ae0a25f225ae6e6
24.0,24.0,1029,train,261.00000000001484,1.0,1.0,"(1, 2)",667e6da95ae0a25f225ae6e6
24.0,24.0,1030,train,261.00000000001484,1.0,1.0,"(1, 2)",667e6da95ae0a25f225ae6e6
24.0,24.0,1031,train,261.00000000001484,1.0,1.0,"(1, 2)",667e6da95ae0a25f225ae6e6
24.0,24.0,1032,train,261.00000000001484,1.0,1.0,"(1, 2)",667e6da95ae0a25f225ae6e6
24.0,24.0,1033,train,261.00000000001484,1.0,1.0,"(1, 2)",667e6da95ae0a25f225ae6e6
24.0,24.0,1034,train,261.00000000001484,1.0,1.0,"(1, 2)",667e6da95ae0a25f225ae6e6
24.0,24.0,1035,train,261.00000000001484,1.0,1.0,"(1, 2)",667e6da95ae0a25f225ae6e6
24.0,24.0,1036,train,261.00000000001484,1.0,1.0,"(1, 2)",667e6da95ae0a25f225ae6e6
24.0,25.24999999999993,1037,train,262.2500000000148,1.0,1.0,"(1, 2)",667e6da95ae0a25f225ae6e6
24.0,26.499999999999858,1038,train,263.5000000000147,1.0,1.0,"(1, 2)",667e6da95ae0a25f225ae6e6
24.0,27.749999999999787,1039,train,264.75000000001467,1.0,1.0,"(1, 2)",667e6da95ae0a25f225ae6e6
24.0,28.999999999999716,1040,train,266.0000000000146,1.0,1.0,"(1, 2)",667e6da95ae0a25f225ae6e6
24.0,30.249999999999645,1041,train,267.25000000001455,1.0,1.0,"(1, 2)",667e6da95ae0a25f225ae6e6
24.0,31.499999999999574,1042,train,268.5000000000145,1.0,1.0,"(1, 2)",667e6da95ae0a25f225ae6e6
24.0,32.749999999999716,1043,train,269.75000000001467,1.0,1.0,"(1, 2)",667e6da95ae0a25f225ae6e6
24.0,34.0,1044,train,271.00000000001495,1.0,1.0,"(1, 2)",667e6da95ae0a25f225ae6e6
24.0,35.250000000000284,1045,train,272.25000000001523,1.0,1.0,"(1, 2)",667e6da95ae0a25f225ae6e6
24.0,36.50000000000057,1046,train,273.5000000000155,1.0,1.0,"(1, 2)",667e6da95ae0a25f225ae6e6
24.0,40.0,1047,train,277.00000000001495,1.0,1.0,"(1, 2)",667e6da95ae0a25f225ae6e6
24.0,40.0,1048,train,277.00000000001495,1.0,1.0,"(1, 2)",667e6da95ae0a25f225ae6e6
24.0,40.0,1049,train,277.00000000001495,1.0,1.0,"(1, 2)",667e6da95ae0a25f225ae6e6
24.0,40.0,1050,train,277.00000000001495,1.0,1.0,"(1, 2)",667e6da95ae0a25f225ae6e6
24.0,40.0,1051,train,277.00000000001495,1.0,1.0,"(1, 2)",667e6da95ae0a25f225ae6e6
24.0,40.0,1052,train,277.00000000001495,1.0,1.0,"(1, 2)",667e6da95ae0a25f225ae6e6
24.0,40.0,1053,train,277.00000000001495,1.0,1.0,"(1, 2)",667e6da95ae0a25f225ae6e6
24.0,40.0,1054,train,277.00000000001495,1.0,1.0,"(1, 2)",667e6da95ae0a25f225ae6e6
24.0,40.0,1055,train,277.00000000001495,1.0,1.0,"(1, 2)",667e6da95ae0a25f225ae6e6
24.0,40.0,1056,train,277.00000000001495,1.0,1.0,"(1, 2)",667e6da95ae0a25f225ae6e6
24.0,40.0,1057,train,277.00000000001495,1.0,1.0,"(1, 2)",667e6da95ae0a25f225ae6e6
24.0,40.0,1058,train,277.00000000001495,1.0,1.0,"(1, 2)",667e6da95ae0a25f225ae6e6
24.0,40.0,1059,train,277.00000000001495,1.0,1.0,"(1, 2)",667e6da95ae0a25f225ae6e6
24.0,40.0,1060,train,277.00000000001495,1.0,1.0,"(1, 2)",667e6da95ae0a25f225ae6e6
24.0,40.0,1061,train,277.00000000001495,1.0,1.0,"(1, 2)",667e6da95ae0a25f225ae6e6
24.0,40.0,1062,train,277.00000000001495,1.0,1.0,"(1, 2)",667e6da95ae0a25f225ae6e6
24.0,40.0,1063,train,277.00000000001495,1.0,1.0,"(1, 2)",667e6da95ae0a25f225ae6e6
24.0,40.0,1064,train,277.00000000001495,1.0,1.0,"(1, 2)",667e6da95ae0a25f225ae6e6
24.0,40.0,1065,train,277.00000000001495,1.0,1.0,"(1, 2)",667e6da95ae0a25f225ae6e6
24.0,40.0,1066,train,277.00000000001495,1.0,1.0,"(1, 2)",667e6da95ae0a25f225ae6e6
24.0,40.0,1067,train,277.00000000001495,1.0,1.0,"(1, 2)",667e6da95ae0a25f225ae6e6
24.0,40.0,1068,train,277.00000000001495,1.0,1.0,"(1, 2)",667e6da95ae0a25f225ae6e6
24.0,40.0,1069,train,277.00000000001495,1.0,1.0,"(1, 2)",667e6da95ae0a25f225ae6e6
24.0,40.0,1070,train,277.00000000001495,1.0,1.0,"(1, 2)",667e6da95ae0a25f225ae6e6
24.0,40.0,1071,train,277.00000000001495,1.0,1.0,"(1, 2)",667e6da95ae0a25f225ae6e6
24.0,40.0,1072,train,277.00000000001495,1.0,1.0,"(1, 2)",667e6da95ae0a25f225ae6e6
24.0,40.0,1073,train,277.00000000001495,1.0,1.0,"(1, 2)",667e6da95ae0a25f225ae6e6
24.0,40.0,1074,train,277.00000000001495,1.0,1.0,"(1, 2)",667e6da95ae0a25f225ae6e6
24.0,40.0,1075,train,277.00000000001495,1.0,1.0,"(1, 2)",667e6da95ae0a25f225ae6e6
24.0,40.0,1076,train,277.00000000001495,1.0,1.0,"(1, 2)",667e6da95ae0a25f225ae6e6
24.0,40.0,1077,train,277.00000000001495,1.0,1.0,"(1, 2)",667e6da95ae0a25f225ae6e6
24.0,40.0,1078,train,277.00000000001495,1.0,1.0,"(1, 2)",667e6da95ae0a25f225ae6e6
24.0,40.0,1079,train,277.00000000001495,1.0,1.0,"(1, 2)",667e6da95ae0a25f225ae6e6
24.0,40.0,1080,train,277.00000000001495,1.0,1.0,"(1, 2)",667e6da95ae0a25f225ae6e6
24.0,40.0,1081,train,277.00000000001495,1.0,1.0,"(1, 2)",667e6da95ae0a25f225ae6e6
24.0,40.0,1082,train,277.00000000001495,1.0,1.0,"(1, 2)",667e6da95ae0a25f225ae6e6
24.0,40.0,1083,train,277.00000000001495,1.0,1.0,"(1, 2)",667e6da95ae0a25f225ae6e6
24.0,40.0,1084,train,277.00000000001495,1.0,1.0,"(1, 2)",667e6da95ae0a25f225ae6e6
24.0,40.0,1085,train,277.00000000001495,1.0,1.0,"(1, 2)",667e6da95ae0a25f225ae6e6
24.0,40.0,1086,train,277.00000000001495,1.0,1.0,"(1, 2)",667e6da95ae0a25f225ae6e6
24.0,40.0,1087,train,277.00000000001495,1.0,1.0,"(1, 2)",667e6da95ae0a25f225ae6e6
24.0,40.0,1088,train,277.00000000001495,1.0,1.0,"(1, 2)",667e6da95ae0a25f225ae6e6
24.0,40.0,1089,train,277.00000000001495,1.0,1.0,"(1, 2)",667e6da95ae0a25f225ae6e6
24.0,40.0,1090,train,277.00000000001495,1.0,1.0,"(1, 2)",667e6da95ae0a25f225ae6e6
24.0,40.0,1091,train,277.00000000001495,1.0,1.0,"(1, 2)",667e6da95ae0a25f225ae6e6
24.0,40.0,1092,train,277.00000000001495,1.0,1.0,"(1, 2)",667e6da95ae0a25f225ae6e6
24.0,40.0,1093,train,277.00000000001495,1.0,1.0,"(1, 2)",667e6da95ae0a25f225ae6e6
24.0,40.0,1094,train,277.00000000001495,1.0,1.0,"(1, 2)",667e6da95ae0a25f225ae6e6
24.0,40.0,1095,train,277.00000000001495,1.0,1.0,"(1, 2)",667e6da95ae0a25f225ae6e6
24.0,40.0,1096,train,277.00000000001495,1.0,1.0,"(1, 2)",667e6da95ae0a25f225ae6e6
24.0,40.0,1097,train,277.00000000001495,1.0,1.0,"(1, 2)",667e6da95ae0a25f225ae6e6
24.0,40.0,1098,train,277.00000000001495,1.0,1.0,"(1, 2)",667e6da95ae0a25f225ae6e6
24.0,40.0,1099,train,277.00000000001495,1.0,1.0,"(1, 2)",667e6da95ae0a25f225ae6e6
24.0,40.0,1100,train,277.00000000001495,1.0,1.0,"(1, 2)",667e6da95ae0a25f225ae6e6
24.0,40.0,1101,train,277.00000000001495,1.0,1.0,"(1, 2)",667e6da95ae0a25f225ae6e6
24.0,40.0,1102,train,277.00000000001495,1.0,1.0,"(1, 2)",667e6da95ae0a25f225ae6e6
24.0,40.0,1103,train,277.00000000001495,1.0,1.0,"(1, 2)",667e6da95ae0a25f225ae6e6
24.0,40.0,1104,train,277.00000000001495,1.0,1.0,"(1, 2)",667e6da95ae0a25f225ae6e6
24.0,40.0,1105,train,277.00000000001495,1.0,1.0,"(1, 2)",667e6da95ae0a25f225ae6e6
24.0,40.0,1106,train,277.00000000001495,1.0,1.0,"(1, 2)",667e6da95ae0a25f225ae6e6
24.0,40.0,1107,train,277.00000000001495,1.0,1.0,"(1, 2)",667e6da95ae0a25f225ae6e6
24.0,40.0,1108,train,277.00000000001495,1.0,1.0,"(1, 2)",667e6da95ae0a25f225ae6e6
24.0,40.0,1109,train,277.00000000001495,1.0,1.0,"(1, 2)",667e6da95ae0a25f225ae6e6
24.0,40.0,1110,train,277.00000000001495,1.0,1.0,"(1, 2)",667e6da95ae0a25f225ae6e6
24.0,40.0,1111,train,277.00000000001495,1.0,1.0,"(1, 2)",667e6da95ae0a25f225ae6e6
24.0,40.0,1112,train,277.00000000001495,1.0,1.0,"(1, 2)",667e6da95ae0a25f225ae6e6
24.0,40.0,1113,train,277.00000000001495,1.0,1.0,"(1, 2)",667e6da95ae0a25f225ae6e6
24.0,40.0,1114,train,277.00000000001495,1.0,1.0,"(1, 2)",667e6da95ae0a25f225ae6e6
24.0,40.0,1115,train,277.00000000001495,1.0,1.0,"(1, 2)",667e6da95ae0a25f225ae6e6
24.0,40.0,1116,train,277.00000000001495,1.0,1.0,"(1, 2)",667e6da95ae0a25f225ae6e6
24.0,40.0,1117,train,277.00000000001495,1.0,1.0,"(1, 2)",667e6da95ae0a25f225ae6e6
24.0,40.0,1118,train,277.00000000001495,1.0,1.0,"(1, 2)",667e6da95ae0a25f225ae6e6
24.0,40.0,1119,train,277.00000000001495,1.0,1.0,"(1, 2)",667e6da95ae0a25f225ae6e6
24.0,40.0,1120,train,277.00000000001495,1.0,1.0,"(1, 2)",667e6da95ae0a25f225ae6e6
24.0,40.0,1121,train,277.00000000001495,1.0,1.0,"(1, 2)",667e6da95ae0a25f225ae6e6
24.0,40.0,1122,train,277.00000000001495,1.0,1.0,"(1, 2)",667e6da95ae0a25f225ae6e6
24.0,40.0,1123,train,277.00000000001495,1.0,1.0,"(1, 2)",667e6da95ae0a25f225ae6e6
24.0,40.0,1124,train,277.00000000001495,1.0,1.0,"(1, 2)",667e6da95ae0a25f225ae6e6
24.0,40.0,1125,train,277.00000000001495,1.0,1.0,"(1, 2)",667e6da95ae0a25f225ae6e6
24.0,40.0,1126,train,277.00000000001495,1.0,1.0,"(1, 2)",667e6da95ae0a25f225ae6e6
24.0,40.0,1127,train,277.00000000001495,1.0,1.0,"(1, 2)",667e6da95ae0a25f225ae6e6
24.0,40.0,1128,train,277.00000000001495,1.0,1.0,"(1, 2)",667e6da95ae0a25f225ae6e6
24.0,40.0,1129,train,277.00000000001495,1.0,1.0,"(1, 2)",667e6da95ae0a25f225ae6e6
24.0,40.0,1130,train,277.00000000001495,1.0,1.0,"(1, 2)",667e6da95ae0a25f225ae6e6
24.0,40.0,1131,train,277.00000000001495,1.0,1.0,"(1, 2)",667e6da95ae0a25f225ae6e6
24.0,40.0,1132,train,277.00000000001495,1.0,1.0,"(1, 2)",667e6da95ae0a25f225ae6e6
24.0,40.0,1133,train,277.00000000001495,1.0,1.0,"(1, 2)",667e6da95ae0a25f225ae6e6
24.0,40.0,1134,train,277.00000000001495,1.0,1.0,"(1, 2)",667e6da95ae0a25f225ae6e6
24.0,40.0,1135,train,277.00000000001495,1.0,1.0,"(1, 2)",667e6da95ae0a25f225ae6e6
24.0,40.0,1136,train,277.00000000001495,1.0,1.0,"(1, 2)",667e6da95ae0a25f225ae6e6
24.0,40.0,1137,train,277.00000000001495,1.0,1.0,"(1, 2)",667e6da95ae0a25f225ae6e6
24.0,40.0,1138,train,277.00000000001495,1.0,1.0,"(1, 2)",667e6da95ae0a25f225ae6e6
24.0,40.0,1139,train,277.00000000001495,1.0,1.0,"(1, 2)",667e6da95ae0a25f225ae6e6
24.0,40.0,1140,train,277.00000000001495,1.0,1.0,"(1, 2)",667e6da95ae0a25f225ae6e6
24.0,40.0,1141,train,277.00000000001495,1.0,1.0,"(1, 2)",667e6da95ae0a25f225ae6e6
24.0,40.0,1142,train,277.00000000001495,1.0,1.0,"(1, 2)",667e6da95ae0a25f225ae6e6
24.0,40.0,1143,train,277.00000000001495,1.0,1.0,"(1, 2)",667e6da95ae0a25f225ae6e6
24.0,40.0,1144,train,277.00000000001495,1.0,1.0,"(1, 2)",667e6da95ae0a25f225ae6e6
24.0,40.0,1145,train,277.00000000001495,1.0,1.0,"(1, 2)",667e6da95ae0a25f225ae6e6
24.0,40.0,1146,train,277.00000000001495,1.0,1.0,"(1, 2)",667e6da95ae0a25f225ae6e6
24.0,40.0,1147,train,277.00000000001495,1.0,1.0,"(1, 2)",667e6da95ae0a25f225ae6e6
24.0,40.0,1148,train,277.00000000001495,1.0,1.0,"(1, 2)",667e6da95ae0a25f225ae6e6
24.0,40.0,1149,train,277.00000000001495,1.0,1.0,"(1, 2)",667e6da95ae0a25f225ae6e6
24.0,40.0,1150,train,277.00000000001495,1.0,1.0,"(1, 2)",667e6da95ae0a25f225ae6e6
24.0,40.0,1151,train,277.00000000001495,1.0,1.0,"(1, 2)",667e6da95ae0a25f225ae6e6
24.0,40.0,1152,train,277.00000000001495,1.0,1.0,"(1, 2)",667e6da95ae0a25f225ae6e6
24.0,40.0,1153,train,277.00000000001495,1.0,1.0,"(1, 2)",667e6da95ae0a25f225ae6e6
24.0,40.0,1154,train,277.00000000001495,1.0,1.0,"(1, 2)",667e6da95ae0a25f225ae6e6
24.0,40.0,1155,train,277.00000000001495,1.0,1.0,"(1, 2)",667e6da95ae0a25f225ae6e6
24.0,40.0,1156,train,277.00000000001495,1.0,1.0,"(1, 2)",667e6da95ae0a25f225ae6e6
24.0,40.0,1157,train,277.00000000001495,1.0,1.0,"(1, 2)",667e6da95ae0a25f225ae6e6
24.0,40.0,1158,train,277.00000000001495,1.0,1.0,"(1, 2)",667e6da95ae0a25f225ae6e6
24.0,40.0,1159,train,277.00000000001495,1.0,1.0,"(1, 2)",667e6da95ae0a25f225ae6e6
24.0,40.0,1160,train,277.00000000001495,1.0,1.0,"(1, 2)",667e6da95ae0a25f225ae6e6
24.0,40.0,1161,train,277.00000000001495,1.0,1.0,"(1, 2)",667e6da95ae0a25f225ae6e6
24.0,40.0,1162,train,277.00000000001495,1.0,1.0,"(1, 2)",667e6da95ae0a25f225ae6e6
24.0,40.0,1163,train,277.00000000001495,1.0,1.0,"(1, 2)",667e6da95ae0a25f225ae6e6
24.0,40.0,1164,train,277.00000000001495,1.0,1.0,"(1, 2)",667e6da95ae0a25f225ae6e6
24.0,40.0,1165,train,277.00000000001495,1.0,1.0,"(1, 2)",667e6da95ae0a25f225ae6e6
24.0,40.0,1166,train,277.00000000001495,1.0,1.0,"(1, 2)",667e6da95ae0a25f225ae6e6
24.0,40.0,1167,train,277.00000000001495,1.0,1.0,"(1, 2)",667e6da95ae0a25f225ae6e6
24.0,40.0,1168,train,277.00000000001495,1.0,1.0,"(1, 2)",667e6da95ae0a25f225ae6e6
24.0,40.0,1169,train,277.00000000001495,1.0,1.0,"(1, 2)",667e6da95ae0a25f225ae6e6
24.0,40.0,1170,train,277.00000000001495,1.0,1.0,"(1, 2)",667e6da95ae0a25f225ae6e6
24.0,40.0,1171,train,277.00000000001495,1.0,1.0,"(1, 2)",667e6da95ae0a25f225ae6e6
24.0,40.0,1172,train,277.00000000001495,1.0,1.0,"(1, 2)",667e6da95ae0a25f225ae6e6
24.0,40.0,1173,train,277.00000000001495,1.0,1.0,"(1, 2)",667e6da95ae0a25f225ae6e6
24.0,40.0,1174,train,277.00000000001495,1.0,1.0,"(1, 2)",667e6da95ae0a25f225ae6e6
24.0,40.0,1175,train,277.00000000001495,1.0,1.0,"(1, 2)",667e6da95ae0a25f225ae6e6
24.0,40.0,1176,train,277.00000000001495,1.0,1.0,"(1, 2)",667e6da95ae0a25f225ae6e6
24.0,40.0,1177,train,277.00000000001495,1.0,1.0,"(1, 2)",667e6da95ae0a25f225ae6e6
24.0,40.0,1178,train,277.00000000001495,1.0,1.0,"(1, 2)",667e6da95ae0a25f225ae6e6
24.0,40.0,1179,train,277.00000000001495,1.0,1.0,"(1, 2)",667e6da95ae0a25f225ae6e6
24.0,40.0,1180,train,277.00000000001495,1.0,1.0,"(1, 2)",667e6da95ae0a25f225ae6e6
24.0,40.0,1181,train,277.00000000001495,1.0,1.0,"(1, 2)",667e6da95ae0a25f225ae6e6
24.0,40.0,1182,train,277.00000000001495,1.0,1.0,"(1, 2)",667e6da95ae0a25f225ae6e6
24.0,40.0,1183,train,277.00000000001495,1.0,1.0,"(1, 2)",667e6da95ae0a25f225ae6e6
24.0,40.0,1184,train,277.00000000001495,1.0,1.0,"(1, 2)",667e6da95ae0a25f225ae6e6
24.0,40.0,1185,train,277.00000000001495,1.0,1.0,"(1, 2)",667e6da95ae0a25f225ae6e6
24.0,40.0,1186,train,277.00000000001495,1.0,1.0,"(1, 2)",667e6da95ae0a25f225ae6e6
24.0,40.0,1187,train,277.00000000001495,1.0,1.0,"(1, 2)",667e6da95ae0a25f225ae6e6
24.0,40.0,1188,train,277.00000000001495,1.0,1.0,"(1, 2)",667e6da95ae0a25f225ae6e6
24.0,40.0,1189,train,277.00000000001495,1.0,1.0,"(1, 2)",667e6da95ae0a25f225ae6e6
24.0,40.0,1190,train,277.00000000001495,1.0,1.0,"(1, 2)",667e6da95ae0a25f225ae6e6
24.0,40.0,1191,train,277.00000000001495,1.0,1.0,"(1, 2)",667e6da95ae0a25f225ae6e6
24.0,40.0,1192,train,277.00000000001495,1.0,1.0,"(1, 2)",667e6da95ae0a25f225ae6e6
24.0,40.0,1193,train,277.00000000001495,1.0,1.0,"(1, 2)",667e6da95ae0a25f225ae6e6
24.0,40.0,1194,train,277.00000000001495,1.0,1.0,"(1, 2)",667e6da95ae0a25f225ae6e6
24.0,40.0,1195,train,277.00000000001495,1.0,1.0,"(1, 2)",667e6da95ae0a25f225ae6e6
24.0,40.0,1196,train,277.00000000001495,1.0,1.0,"(1, 2)",667e6da95ae0a25f225ae6e6
24.0,40.0,1197,train,277.00000000001495,1.0,1.0,"(1, 2)",667e6da95ae0a25f225ae6e6
24.0,40.0,1198,train,277.00000000001495,1.0,1.0,"(1, 2)",667e6da95ae0a25f225ae6e6
24.0,40.0,1199,train,277.00000000001495,1.0,1.0,"(1, 2)",667e6da95ae0a25f225ae6e6
24.0,40.0,1200,train,277.00000000001495,1.0,1.0,"(1, 2)",667e6da95ae0a25f225ae6e6
24.0,40.0,1201,train,277.00000000001495,1.0,1.0,"(1, 2)",667e6da95ae0a25f225ae6e6
24.0,40.0,1202,train,277.00000000001495,1.0,1.0,"(1, 2)",667e6da95ae0a25f225ae6e6
24.0,40.0,1203,train,277.00000000001495,1.0,1.0,"(1, 2)",667e6da95ae0a25f225ae6e6
24.0,40.0,1204,train,277.00000000001495,1.0,1.0,"(1, 2)",667e6da95ae0a25f225ae6e6
24.0,40.0,1205,train,277.00000000001495,1.0,1.0,"(1, 2)",667e6da95ae0a25f225ae6e6
24.0,40.0,1206,train,277.00000000001495,1.0,1.0,"(1, 2)",667e6da95ae0a25f225ae6e6
24.0,40.0,1207,train,277.00000000001495,1.0,1.0,"(1, 2)",667e6da95ae0a25f225ae6e6
24.0,40.0,1208,train,277.00000000001495,1.0,1.0,"(1, 2)",667e6da95ae0a25f225ae6e6
24.0,40.0,1209,train,277.00000000001495,1.0,1.0,"(1, 2)",667e6da95ae0a25f225ae6e6
24.0,40.0,1210,train,277.00000000001495,1.0,1.0,"(1, 2)",667e6da95ae0a25f225ae6e6
24.0,40.0,1211,train,277.00000000001495,1.0,1.0,"(1, 2)",667e6da95ae0a25f225ae6e6
24.0,40.0,1212,train,277.00000000001495,1.0,1.0,"(1, 2)",667e6da95ae0a25f225ae6e6
24.0,40.0,1213,train,277.00000000001495,1.0,1.0,"(1, 2)",667e6da95ae0a25f225ae6e6
24.0,40.0,1214,train,277.00000000001495,1.0,1.0,"(1, 2)",667e6da95ae0a25f225ae6e6
24.0,40.0,1215,train,277.00000000001495,1.0,1.0,"(1, 2)",667e6da95ae0a25f225ae6e6
24.0,40.0,1216,train,277.00000000001495,1.0,1.0,"(1, 2)",667e6da95ae0a25f225ae6e6
24.0,40.0,1217,train,277.00000000001495,1.0,1.0,"(1, 2)",667e6da95ae0a25f225ae6e6
24.0,40.0,1218,train,277.00000000001495,1.0,1.0,"(1, 2)",667e6da95ae0a25f225ae6e6
24.0,40.0,1219,train,277.00000000001495,1.0,1.0,"(1, 2)",667e6da95ae0a25f225ae6e6
24.0,40.0,1220,train,277.00000000001495,1.0,1.0,"(1, 2)",667e6da95ae0a25f225ae6e6
24.0,40.0,1221,train,277.00000000001495,1.0,1.0,"(1, 2)",667e6da95ae0a25f225ae6e6
24.0,40.0,1222,train,277.00000000001495,1.0,1.0,"(1, 2)",667e6da95ae0a25f225ae6e6
24.0,40.0,1223,train,277.00000000001495,1.0,1.0,"(1, 2)",667e6da95ae0a25f225ae6e6
24.0,40.0,1224,train,277.00000000001495,1.0,1.0,"(1, 2)",667e6da95ae0a25f225ae6e6
24.0,40.0,1225,train,277.00000000001495,1.0,1.0,"(1, 2)",667e6da95ae0a25f225ae6e6
24.0,40.0,1226,train,277.00000000001495,1.0,1.0,"(1, 2)",667e6da95ae0a25f225ae6e6
24.0,40.0,1227,train,277.00000000001495,1.0,1.0,"(1, 2)",667e6da95ae0a25f225ae6e6
24.0,40.0,1228,train,277.00000000001495,1.0,1.0,"(1, 2)",667e6da95ae0a25f225ae6e6
24.0,40.0,1229,train,277.00000000001495,1.0,1.0,"(1, 2)",667e6da95ae0a25f225ae6e6
24.0,40.0,1230,train,277.00000000001495,1.0,1.0,"(1, 2)",667e6da95ae0a25f225ae6e6
24.0,40.0,1231,train,277.00000000001495,1.0,1.0,"(1, 2)",667e6da95ae0a25f225ae6e6
24.0,40.0,1232,train,277.00000000001495,1.0,1.0,"(1, 2)",667e6da95ae0a25f225ae6e6
24.0,40.0,1233,train,277.00000000001495,1.0,1.0,"(1, 2)",667e6da95ae0a25f225ae6e6
24.0,40.0,1234,train,277.00000000001495,1.0,1.0,"(1, 2)",667e6da95ae0a25f225ae6e6
24.0,40.0,1235,train,277.00000000001495,1.0,1.0,"(1, 2)",667e6da95ae0a25f225ae6e6
24.0,40.0,1236,train,277.00000000001495,1.0,1.0,"(1, 2)",667e6da95ae0a25f225ae6e6
24.0,40.0,1237,train,277.00000000001495,1.0,1.0,"(1, 2)",667e6da95ae0a25f225ae6e6
24.0,40.0,1238,train,277.00000000001495,1.0,1.0,"(1, 2)",667e6da95ae0a25f225ae6e6
24.0,40.0,1239,train,277.00000000001495,1.0,1.0,"(1, 2)",667e6da95ae0a25f225ae6e6
24.0,40.0,1240,train,277.00000000001495,1.0,1.0,"(1, 2)",667e6da95ae0a25f225ae6e6
24.0,40.0,1241,train,277.00000000001495,1.0,1.0,"(1, 2)",667e6da95ae0a25f225ae6e6
24.0,40.0,1242,train,277.00000000001495,1.0,1.0,"(1, 2)",667e6da95ae0a25f225ae6e6
24.0,40.0,1243,train,277.00000000001495,1.0,1.0,"(1, 2)",667e6da95ae0a25f225ae6e6
24.0,40.0,1244,train,277.00000000001495,1.0,1.0,"(1, 2)",667e6da95ae0a25f225ae6e6
24.0,40.0,1245,train,277.00000000001495,1.0,1.0,"(1, 2)",667e6da95ae0a25f225ae6e6
24.0,40.0,1246,train,277.00000000001495,1.0,1.0,"(1, 2)",667e6da95ae0a25f225ae6e6
24.0,40.0,1247,train,277.00000000001495,1.0,1.0,"(1, 2)",667e6da95ae0a25f225ae6e6
24.0,40.0,1248,train,277.00000000001495,1.0,1.0,"(1, 2)",667e6da95ae0a25f225ae6e6
24.0,40.0,1249,train,277.00000000001495,1.0,1.0,"(1, 2)",667e6da95ae0a25f225ae6e6
24.0,40.0,1250,train,277.00000000001495,1.0,1.0,"(1, 2)",667e6da95ae0a25f225ae6e6
24.0,40.0,1251,train,277.00000000001495,1.0,1.0,"(1, 2)",667e6da95ae0a25f225ae6e6
24.0,40.0,1252,train,277.00000000001495,1.0,1.0,"(1, 2)",667e6da95ae0a25f225ae6e6
24.0,40.0,1253,train,277.00000000001495,1.0,1.0,"(1, 2)",667e6da95ae0a25f225ae6e6
24.0,40.0,1254,train,277.00000000001495,1.0,1.0,"(1, 2)",667e6da95ae0a25f225ae6e6
24.0,40.0,1255,train,277.00000000001495,1.0,1.0,"(1, 2)",667e6da95ae0a25f225ae6e6
24.0,40.0,1256,train,277.00000000001495,1.0,1.0,"(1, 2)",667e6da95ae0a25f225ae6e6
24.0,40.0,1257,train,277.00000000001495,1.0,1.0,"(1, 2)",667e6da95ae0a25f225ae6e6
24.0,40.0,1258,train,277.00000000001495,1.0,1.0,"(1, 2)",667e6da95ae0a25f225ae6e6
24.0,40.0,1259,train,277.00000000001495,1.0,1.0,"(1, 2)",667e6da95ae0a25f225ae6e6
24.0,40.0,1260,train,277.00000000001495,1.0,1.0,"(1, 2)",667e6da95ae0a25f225ae6e6
24.0,40.0,1261,train,277.00000000001495,1.0,1.0,"(1, 2)",667e6da95ae0a25f225ae6e6
24.0,40.0,1262,train,277.00000000001495,1.0,1.0,"(1, 2)",667e6da95ae0a25f225ae6e6
24.0,40.0,1263,train,277.00000000001495,1.0,1.0,"(1, 2)",667e6da95ae0a25f225ae6e6
24.0,40.0,1264,train,277.00000000001495,1.0,1.0,"(1, 2)",667e6da95ae0a25f225ae6e6
24.0,40.0,1265,train,277.00000000001495,1.0,1.0,"(1, 2)",667e6da95ae0a25f225ae6e6
24.0,40.0,1266,train,277.00000000001495,1.0,1.0,"(1, 2)",667e6da95ae0a25f225ae6e6
24.0,40.0,1267,train,277.00000000001495,1.0,1.0,"(1, 2)",667e6da95ae0a25f225ae6e6
24.0,40.0,1268,train,277.00000000001495,1.0,1.0,"(1, 2)",667e6da95ae0a25f225ae6e6
24.0,40.0,1269,train,277.00000000001495,1.0,1.0,"(1, 2)",667e6da95ae0a25f225ae6e6
24.0,40.0,1270,train,277.00000000001495,1.0,1.0,"(1, 2)",667e6da95ae0a25f225ae6e6
24.0,40.0,1271,train,277.00000000001495,1.0,1.0,"(1, 2)",667e6da95ae0a25f225ae6e6
24.0,40.0,1272,train,277.00000000001495,1.0,1.0,"(1, 2)",667e6da95ae0a25f225ae6e6
24.0,40.0,1273,train,277.00000000001495,1.0,1.0,"(1, 2)",667e6da95ae0a25f225ae6e6
24.0,40.0,1274,train,277.00000000001495,1.0,1.0,"(1, 2)",667e6da95ae0a25f225ae6e6
24.0,40.0,1275,train,277.00000000001495,1.0,1.0,"(1, 2)",667e6da95ae0a25f225ae6e6
24.0,40.0,1276,train,277.00000000001495,1.0,1.0,"(1, 2)",667e6da95ae0a25f225ae6e6
24.0,40.0,1277,train,277.00000000001495,1.0,1.0,"(1, 2)",667e6da95ae0a25f225ae6e6
24.0,38.749999999999716,1278,train,278.25000000001523,1.0,1.0,"(1, 2)",667e6da95ae0a25f225ae6e6
24.0,37.49999999999943,1279,train,279.5000000000155,1.0,1.0,"(1, 2)",667e6da95ae0a25f225ae6e6
24.0,36.24999999999915,1280,train,280.7500000000158,1.0,1.0,"(1, 2)",667e6da95ae0a25f225ae6e6
24.0,34.99999999999886,1281,train,282.0000000000161,1.0,1.0,"(1, 2)",667e6da95ae0a25f225ae6e6
24.0,33.74999999999858,1282,train,283.25000000001637,1.0,1.0,"(1, 2)",667e6da95ae0a25f225ae6e6
24.0,32.499999999998295,1283,train,284.50000000001666,1.0,1.0,"(1, 2)",667e6da95ae0a25f225ae6e6
24.0,31.249999999998227,1284,train,285.7500000000167,1.0,1.0,"(1, 2)",667e6da95ae0a25f225ae6e6
24.0,29.9999999999983,1285,train,287.00000000001666,1.0,1.0,"(1, 2)",667e6da95ae0a25f225ae6e6
24.0,28.74999999999837,1286,train,288.2500000000166,1.0,1.0,"(1, 2)",667e6da95ae0a25f225ae6e6
24.0,27.49999999999844,1287,train,289.50000000001654,1.0,1.0,"(1, 2)",667e6da95ae0a25f225ae6e6
24.0,26.24999999999851,1288,train,290.7500000000165,1.0,1.0,"(1, 2)",667e6da95ae0a25f225ae6e6
24.0,24.999999999998582,1289,train,292.0000000000164,1.0,1.0,"(1, 2)",667e6da95ae0a25f225ae6e6
24.0,24.0,1290,train,293.000000000015,1.0,1.0,"(1, 2)",667e6da95ae0a25f225ae6e6
24.0,24.0,1291,train,293.000000000015,1.0,1.0,"(1, 2)",667e6da95ae0a25f225ae6e6
24.0,24.0,1292,train,293.000000000015,1.0,1.0,"(1, 2)",667e6da95ae0a25f225ae6e6
24.0,24.0,1293,train,293.000000000015,1.0,1.0,"(1, 2)",667e6da95ae0a25f225ae6e6
24.0,24.0,1294,train,293.000000000015,1.0,1.0,"(1, 2)",667e6da95ae0a25f225ae6e6
24.0,24.0,1295,train,293.000000000015,1.0,1.0,"(1, 2)",667e6da95ae0a25f225ae6e6
24.0,24.0,1296,train,293.000000000015,1.0,1.0,"(1, 2)",667e6da95ae0a25f225ae6e6
24.0,24.0,1297,train,293.000000000015,1.0,1.0,"(1, 2)",667e6da95ae0a25f225ae6e6
24.0,24.0,1298,train,293.000000000015,1.0,1.0,"(1, 2)",667e6da95ae0a25f225ae6e6
24.0,24.0,1299,train,293.000000000015,1.0,1.0,"(1, 2)",667e6da95ae0a25f225ae6e6
24.0,24.0,1300,train,293.000000000015,1.0,1.0,"(1, 2)",667e6da95ae0a25f225ae6e6
24.0,24.0,1301,train,293.000000000015,1.0,1.0,"(1, 2)",667e6da95ae0a25f225ae6e6
24.0,24.0,1302,train,293.000000000015,1.0,1.0,"(1, 2)",667e6da95ae0a25f225ae6e6
24.0,24.0,1303,train,293.000000000015,1.0,1.0,"(1, 2)",667e6da95ae0a25f225ae6e6
24.0,24.0,1304,train,293.000000000015,1.0,1.0,"(1, 2)",667e6da95ae0a25f225ae6e6
24.0,24.0,1305,train,293.000000000015,1.0,1.0,"(1, 2)",667e6da95ae0a25f225ae6e6
24.0,24.0,1306,train,293.000000000015,1.0,1.0,"(1, 2)",667e6da95ae0a25f225ae6e6
24.0,24.0,1307,train,293.000000000015,1.0,1.0,"(1, 2)",667e6da95ae0a25f225ae6e6
24.0,24.0,1308,train,293.000000000015,1.0,1.0,"(1, 2)",667e6da95ae0a25f225ae6e6
24.0,24.0,1309,train,293.000000000015,1.0,1.0,"(1, 2)",667e6da95ae0a25f225ae6e6
24.0,24.0,1310,train,293.000000000015,1.0,1.0,"(1, 2)",667e6da95ae0a25f225ae6e6
24.0,24.0,1311,train,293.000000000015,1.0,1.0,"(1, 2)",667e6da95ae0a25f225ae6e6
24.0,24.0,1312,train,293.000000000015,1.0,1.0,"(1, 2)",667e6da95ae0a25f225ae6e6
24.0,24.0,1313,train,293.000000000015,1.0,1.0,"(1, 2)",667e6da95ae0a25f225ae6e6
24.0,24.0,1314,train,293.000000000015,1.0,1.0,"(1, 2)",667e6da95ae0a25f225ae6e6
24.0,24.0,1315,train,293.000000000015,1.0,1.0,"(1, 2)",667e6da95ae0a25f225ae6e6
24.0,24.0,1316,train,293.000000000015,1.0,1.0,"(1, 2)",667e6da95ae0a25f225ae6e6
24.0,24.0,1317,train,293.000000000015,1.0,1.0,"(1, 2)",667e6da95ae0a25f225ae6e6
24.0,24.0,1318,train,293.000000000015,1.0,1.0,"(1, 2)",667e6da95ae0a25f225ae6e6
24.0,24.0,1319,train,293.000000000015,1.0,1.0,"(1, 2)",667e6da95ae0a25f225ae6e6
24.0,24.0,1320,train,293.000000000015,1.0,1.0,"(1, 2)",667e6da95ae0a25f225ae6e6
24.0,24.0,1321,train,293.000000000015,1.0,1.0,"(1, 2)",667e6da95ae0a25f225ae6e6
24.0,24.0,1322,train,293.000000000015,1.0,1.0,"(1, 2)",667e6da95ae0a25f225ae6e6
24.0,24.0,1323,train,293.000000000015,1.0,1.0,"(1, 2)",667e6da95ae0a25f225ae6e6
24.0,24.0,1324,train,293.000000000015,1.0,1.0,"(1, 2)",667e6da95ae0a25f225ae6e6
24.0,24.0,1325,train,293.000000000015,1.0,1.0,"(1, 2)",667e6da95ae0a25f225ae6e6
24.0,24.0,1326,train,293.000000000015,1.0,1.0,"(1, 2)",667e6da95ae0a25f225ae6e6
24.0,24.0,1327,train,293.000000000015,1.0,1.0,"(1, 2)",667e6da95ae0a25f225ae6e6
24.0,24.0,1328,train,293.000000000015,1.0,1.0,"(1, 2)",667e6da95ae0a25f225ae6e6
24.0,24.0,1329,train,293.000000000015,1.0,1.0,"(1, 2)",667e6da95ae0a25f225ae6e6
24.0,24.0,1330,train,293.000000000015,1.0,1.0,"(1, 2)",667e6da95ae0a25f225ae6e6
24.0,24.0,1331,train,293.000000000015,1.0,1.0,"(1, 2)",667e6da95ae0a25f225ae6e6
24.0,24.0,1332,train,293.000000000015,1.0,1.0,"(1, 2)",667e6da95ae0a25f225ae6e6
24.0,24.0,1333,train,293.000000000015,1.0,1.0,"(1, 2)",667e6da95ae0a25f225ae6e6
24.0,24.0,1334,train,293.000000000015,1.0,1.0,"(1, 2)",667e6da95ae0a25f225ae6e6
24.0,24.0,1335,train,293.000000000015,1.0,1.0,"(1, 2)",667e6da95ae0a25f225ae6e6
24.0,24.0,1336,train,293.000000000015,1.0,1.0,"(1, 2)",667e6da95ae0a25f225ae6e6
24.0,24.0,1337,train,293.000000000015,1.0,1.0,"(1, 2)",667e6da95ae0a25f225ae6e6
24.0,24.0,1338,train,293.000000000015,1.0,1.0,"(1, 2)",667e6da95ae0a25f225ae6e6
24.0,24.0,1339,train,293.000000000015,1.0,1.0,"(1, 2)",667e6da95ae0a25f225ae6e6
24.0,24.0,1340,train,293.000000000015,1.0,1.0,"(1, 2)",667e6da95ae0a25f225ae6e6
24.0,24.0,1341,train,293.000000000015,1.0,1.0,"(1, 2)",667e6da95ae0a25f225ae6e6
24.0,24.0,1342,train,293.000000000015,1.0,1.0,"(1, 2)",667e6da95ae0a25f225ae6e6
24.0,24.0,1343,train,293.000000000015,1.0,1.0,"(1, 2)",667e6da95ae0a25f225ae6e6
24.0,24.0,1344,train,293.000000000015,1.0,1.0,"(1, 2)",667e6da95ae0a25f225ae6e6
24.0,24.0,1345,train,293.000000000015,1.0,1.0,"(1, 2)",667e6da95ae0a25f225ae6e6
24.0,24.0,1346,train,293.000000000015,1.0,1.0,"(1, 2)",667e6da95ae0a25f225ae6e6
24.0,24.0,1347,train,293.000000000015,1.0,1.0,"(1, 2)",667e6da95ae0a25f225ae6e6
24.0,24.0,1348,train,293.000000000015,1.0,1.0,"(1, 2)",667e6da95ae0a25f225ae6e6
24.0,24.0,1349,train,293.000000000015,1.0,1.0,"(1, 2)",667e6da95ae0a25f225ae6e6
24.0,24.0,1350,train,293.000000000015,1.0,1.0,"(1, 2)",667e6da95ae0a25f225ae6e6
24.0,24.0,1351,train,293.000000000015,1.0,1.0,"(1, 2)",667e6da95ae0a25f225ae6e6
24.0,24.0,1352,train,293.000000000015,1.0,1.0,"(1, 2)",667e6da95ae0a25f225ae6e6
24.0,24.0,1353,train,293.000000000015,1.0,1.0,"(1, 2)",667e6da95ae0a25f225ae6e6
24.0,24.0,1354,train,293.000000000015,1.0,1.0,"(1, 2)",667e6da95ae0a25f225ae6e6
24.0,24.0,1355,train,293.000000000015,1.0,1.0,"(1, 2)",667e6da95ae0a25f225ae6e6
24.0,24.0,1356,train,293.000000000015,1.0,1.0,"(1, 2)",667e6da95ae0a25f225ae6e6
24.0,24.0,1357,train,293.000000000015,1.0,1.0,"(1, 2)",667e6da95ae0a25f225ae6e6
24.0,24.0,1358,train,293.000000000015,1.0,1.0,"(1, 2)",667e6da95ae0a25f225ae6e6
24.0,24.0,1359,train,293.000000000015,1.0,1.0,"(1, 2)",667e6da95ae0a25f225ae6e6
24.0,24.0,1360,train,293.000000000015,1.0,1.0,"(1, 2)",667e6da95ae0a25f225ae6e6
24.0,24.0,1361,train,293.000000000015,1.0,1.0,"(1, 2)",667e6da95ae0a25f225ae6e6
24.0,24.0,1362,train,293.000000000015,1.0,1.0,"(1, 2)",667e6da95ae0a25f225ae6e6
24.0,24.0,1363,train,293.000000000015,1.0,1.0,"(1, 2)",667e6da95ae0a25f225ae6e6
24.0,24.0,1364,train,293.000000000015,1.0,1.0,"(1, 2)",667e6da95ae0a25f225ae6e6
24.0,24.0,1365,train,293.000000000015,1.0,1.0,"(1, 2)",667e6da95ae0a25f225ae6e6
24.0,24.0,1366,train,293.000000000015,1.0,1.0,"(1, 2)",667e6da95ae0a25f225ae6e6
24.0,24.0,1367,train,293.000000000015,1.0,1.0,"(1, 2)",667e6da95ae0a25f225ae6e6
24.0,24.0,1368,train,293.000000000015,1.0,1.0,"(1, 2)",667e6da95ae0a25f225ae6e6
24.0,24.0,1369,train,293.000000000015,1.0,1.0,"(1, 2)",667e6da95ae0a25f225ae6e6
24.0,24.0,1370,train,293.000000000015,1.0,1.0,"(1, 2)",667e6da95ae0a25f225ae6e6
24.0,24.0,1371,train,293.000000000015,1.0,1.0,"(1, 2)",667e6da95ae0a25f225ae6e6
24.0,24.0,1372,train,293.000000000015,1.0,1.0,"(1, 2)",667e6da95ae0a25f225ae6e6
24.0,24.0,1373,train,293.000000000015,1.0,1.0,"(1, 2)",667e6da95ae0a25f225ae6e6
24.0,24.0,1374,train,293.000000000015,1.0,1.0,"(1, 2)",667e6da95ae0a25f225ae6e6
24.0,24.0,1375,train,293.000000000015,1.0,1.0,"(1, 2)",667e6da95ae0a25f225ae6e6
24.0,24.0,1376,train,293.000000000015,1.0,1.0,"(1, 2)",667e6da95ae0a25f225ae6e6
24.0,24.0,1377,train,293.000000000015,1.0,1.0,"(1, 2)",667e6da95ae0a25f225ae6e6
24.0,24.0,1378,train,293.000000000015,1.0,1.0,"(1, 2)",667e6da95ae0a25f225ae6e6
24.0,24.0,1379,train,293.000000000015,1.0,1.0,"(1, 2)",667e6da95ae0a25f225ae6e6
24.0,24.0,1380,train,293.000000000015,1.0,1.0,"(1, 2)",667e6da95ae0a25f225ae6e6
24.0,24.0,1381,train,293.000000000015,1.0,1.0,"(1, 2)",667e6da95ae0a25f225ae6e6
24.0,24.0,1382,train,293.000000000015,1.0,1.0,"(1, 2)",667e6da95ae0a25f225ae6e6
24.0,24.0,1383,train,293.000000000015,1.0,1.0,"(1, 2)",667e6da95ae0a25f225ae6e6
24.0,24.0,1384,train,293.000000000015,1.0,1.0,"(1, 2)",667e6da95ae0a25f225ae6e6
24.0,24.0,1385,train,293.000000000015,1.0,1.0,"(1, 2)",667e6da95ae0a25f225ae6e6
24.0,24.0,1386,train,293.000000000015,1.0,1.0,"(1, 2)",667e6da95ae0a25f225ae6e6
24.0,24.0,1387,train,293.000000000015,1.0,1.0,"(1, 2)",667e6da95ae0a25f225ae6e6
24.0,24.0,1388,train,293.000000000015,1.0,1.0,"(1, 2)",667e6da95ae0a25f225ae6e6
24.0,24.0,1389,train,293.000000000015,1.0,1.0,"(1, 2)",667e6da95ae0a25f225ae6e6
24.0,24.0,1390,train,293.000000000015,1.0,1.0,"(1, 2)",667e6da95ae0a25f225ae6e6
24.0,24.0,1391,train,293.000000000015,1.0,1.0,"(1, 2)",667e6da95ae0a25f225ae6e6
24.0,25.24999999999993,1392,train,294.25000000001495,1.0,1.0,"(1, 2)",667e6da95ae0a25f225ae6e6
24.0,26.499999999999858,1393,train,295.5000000000149,1.0,1.0,"(1, 2)",667e6da95ae0a25f225ae6e6
24.0,27.749999999999787,1394,train,296.75000000001484,1.0,1.0,"(1, 2)",667e6da95ae0a25f225ae6e6
24.0,28.999999999999716,1395,train,298.0000000000148,1.0,1.0,"(1, 2)",667e6da95ae0a25f225ae6e6
24.0,30.249999999999645,1396,train,299.2500000000147,1.0,1.0,"(1, 2)",667e6da95ae0a25f225ae6e6
24.0,31.499999999999574,1397,train,300.50000000001467,1.0,1.0,"(1, 2)",667e6da95ae0a25f225ae6e6
24.0,32.749999999999716,1398,train,301.7500000000148,1.0,1.0,"(1, 2)",667e6da95ae0a25f225ae6e6
24.0,34.0,1399,train,303.00000000001506,1.0,1.0,"(1, 2)",667e6da95ae0a25f225ae6e6
24.0,35.250000000000284,1400,train,304.25000000001535,1.0,1.0,"(1, 2)",667e6da95ae0a25f225ae6e6
24.0,36.50000000000057,1401,train,305.50000000001563,1.0,1.0,"(1, 2)",667e6da95ae0a25f225ae6e6
24.0,37.75000000000085,1402,train,306.7500000000159,1.0,1.0,"(1, 2)",667e6da95ae0a25f225ae6e6
24.0,39.00000000000114,1403,train,308.0000000000162,1.0,1.0,"(1, 2)",667e6da95ae0a25f225ae6e6
24.0,40.0,1404,train,309.00000000001506,1.0,1.0,"(1, 2)",667e6da95ae0a25f225ae6e6
24.0,40.0,1405,train,309.00000000001506,1.0,1.0,"(1, 2)",667e6da95ae0a25f225ae6e6
24.0,40.0,1406,train,309.00000000001506,1.0,1.0,"(1, 2)",667e6da95ae0a25f225ae6e6
24.0,40.0,1407,train,309.00000000001506,1.0,1.0,"(1, 2)",667e6da95ae0a25f225ae6e6
24.0,40.0,1408,train,309.00000000001506,1.0,1.0,"(1, 2)",667e6da95ae0a25f225ae6e6
24.0,40.0,1409,train,309.00000000001506,1.0,1.0,"(1, 2)",667e6da95ae0a25f225ae6e6
24.0,40.0,1410,train,309.00000000001506,1.0,1.0,"(1, 2)",667e6da95ae0a25f225ae6e6
24.0,40.0,1411,train,309.00000000001506,1.0,1.0,"(1, 2)",667e6da95ae0a25f225ae6e6
24.0,40.0,1412,train,309.00000000001506,1.0,1.0,"(1, 2)",667e6da95ae0a25f225ae6e6
24.0,40.0,1413,train,309.00000000001506,1.0,1.0,"(1, 2)",667e6da95ae0a25f225ae6e6
24.0,40.0,1414,train,309.00000000001506,1.0,1.0,"(1, 2)",667e6da95ae0a25f225ae6e6
24.0,40.0,1415,train,309.00000000001506,1.0,1.0,"(1, 2)",667e6da95ae0a25f225ae6e6
24.0,40.0,1416,train,309.00000000001506,1.0,1.0,"(1, 2)",667e6da95ae0a25f225ae6e6
24.0,40.0,1417,train,309.00000000001506,1.0,1.0,"(1, 2)",667e6da95ae0a25f225ae6e6
24.0,40.0,1418,train,309.00000000001506,1.0,1.0,"(1, 2)",667e6da95ae0a25f225ae6e6
24.0,40.0,1419,train,309.00000000001506,1.0,1.0,"(1, 2)",667e6da95ae0a25f225ae6e6
24.0,40.0,1420,train,309.00000000001506,1.0,1.0,"(1, 2)",667e6da95ae0a25f225ae6e6
24.0,40.0,1421,train,309.00000000001506,1.0,1.0,"(1, 2)",667e6da95ae0a25f225ae6e6
24.0,40.0,1422,train,309.00000000001506,1.0,1.0,"(1, 2)",667e6da95ae0a25f225ae6e6
24.0,40.0,1423,train,309.00000000001506,1.0,1.0,"(1, 2)",667e6da95ae0a25f225ae6e6
24.0,40.0,1424,train,309.00000000001506,1.0,1.0,"(1, 2)",667e6da95ae0a25f225ae6e6
24.0,40.0,1425,train,309.00000000001506,1.0,1.0,"(1, 2)",667e6da95ae0a25f225ae6e6
24.0,40.0,1426,train,309.00000000001506,1.0,1.0,"(1, 2)",667e6da95ae0a25f225ae6e6
24.0,40.0,1427,train,309.00000000001506,1.0,1.0,"(1, 2)",667e6da95ae0a25f225ae6e6
24.0,40.0,1428,train,309.00000000001506,1.0,1.0,"(1, 2)",667e6da95ae0a25f225ae6e6
24.0,40.0,1429,train,309.00000000001506,1.0,1.0,"(1, 2)",667e6da95ae0a25f225ae6e6
24.0,40.0,1430,train,309.00000000001506,1.0,1.0,"(1, 2)",667e6da95ae0a25f225ae6e6
24.0,40.0,1431,train,309.00000000001506,1.0,1.0,"(1, 2)",667e6da95ae0a25f225ae6e6
24.0,40.0,1432,train,309.00000000001506,1.0,1.0,"(1, 2)",667e6da95ae0a25f225ae6e6
24.0,40.0,1433,train,309.00000000001506,1.0,1.0,"(1, 2)",667e6da95ae0a25f225ae6e6
24.0,40.0,1434,train,309.00000000001506,1.0,1.0,"(1, 2)",667e6da95ae0a25f225ae6e6
24.0,40.0,1435,train,309.00000000001506,1.0,1.0,"(1, 2)",667e6da95ae0a25f225ae6e6
24.0,40.0,1436,train,309.00000000001506,1.0,1.0,"(1, 2)",667e6da95ae0a25f225ae6e6
24.0,40.0,1437,train,309.00000000001506,1.0,1.0,"(1, 2)",667e6da95ae0a25f225ae6e6
24.0,40.0,1438,train,309.00000000001506,1.0,1.0,"(1, 2)",667e6da95ae0a25f225ae6e6
24.0,40.0,1439,train,309.00000000001506,1.0,1.0,"(1, 2)",667e6da95ae0a25f225ae6e6
24.0,40.0,1440,train,309.00000000001506,1.0,1.0,"(1, 2)",667e6da95ae0a25f225ae6e6
24.0,40.0,1441,train,309.00000000001506,1.0,1.0,"(1, 2)",667e6da95ae0a25f225ae6e6
24.0,40.0,1442,train,309.00000000001506,1.0,1.0,"(1, 2)",667e6da95ae0a25f225ae6e6
24.0,40.0,1443,train,309.00000000001506,1.0,1.0,"(1, 2)",667e6da95ae0a25f225ae6e6
24.0,40.0,1444,train,309.00000000001506,1.0,1.0,"(1, 2)",667e6da95ae0a25f225ae6e6
24.0,40.0,1445,train,309.00000000001506,1.0,1.0,"(1, 2)",667e6da95ae0a25f225ae6e6
24.0,40.0,1446,train,309.00000000001506,1.0,1.0,"(1, 2)",667e6da95ae0a25f225ae6e6
24.0,40.0,1447,train,309.00000000001506,1.0,1.0,"(1, 2)",667e6da95ae0a25f225ae6e6
24.0,40.0,1448,train,309.00000000001506,1.0,1.0,"(1, 2)",667e6da95ae0a25f225ae6e6
24.0,40.0,1449,train,309.00000000001506,1.0,1.0,"(1, 2)",667e6da95ae0a25f225ae6e6
24.0,40.0,1450,train,309.00000000001506,1.0,1.0,"(1, 2)",667e6da95ae0a25f225ae6e6
24.0,40.0,1451,train,309.00000000001506,1.0,1.0,"(1, 2)",667e6da95ae0a25f225ae6e6
24.0,40.0,1452,train,309.00000000001506,1.0,1.0,"(1, 2)",667e6da95ae0a25f225ae6e6
24.0,40.0,1453,train,309.00000000001506,1.0,1.0,"(1, 2)",667e6da95ae0a25f225ae6e6
24.0,40.0,1454,train,309.00000000001506,1.0,1.0,"(1, 2)",667e6da95ae0a25f225ae6e6
24.0,40.0,1455,train,309.00000000001506,1.0,1.0,"(1, 2)",667e6da95ae0a25f225ae6e6
24.0,40.0,1456,train,309.00000000001506,1.0,1.0,"(1, 2)",667e6da95ae0a25f225ae6e6
24.0,40.0,1457,train,309.00000000001506,1.0,1.0,"(1, 2)",667e6da95ae0a25f225ae6e6
24.0,40.0,1458,train,309.00000000001506,1.0,1.0,"(1, 2)",667e6da95ae0a25f225ae6e6
24.0,40.0,1459,train,309.00000000001506,1.0,1.0,"(1, 2)",667e6da95ae0a25f225ae6e6
24.0,40.0,1460,train,309.00000000001506,1.0,1.0,"(1, 2)",667e6da95ae0a25f225ae6e6
24.0,40.0,1461,train,309.00000000001506,1.0,1.0,"(1, 2)",667e6da95ae0a25f225ae6e6
24.0,40.0,1462,train,309.00000000001506,1.0,1.0,"(1, 2)",667e6da95ae0a25f225ae6e6
24.0,40.0,1463,train,309.00000000001506,1.0,1.0,"(1, 2)",667e6da95ae0a25f225ae6e6
24.0,40.0,1464,train,309.00000000001506,1.0,1.0,"(1, 2)",667e6da95ae0a25f225ae6e6
24.0,40.0,1465,train,309.00000000001506,1.0,1.0,"(1, 2)",667e6da95ae0a25f225ae6e6
24.0,40.0,1466,train,309.00000000001506,1.0,1.0,"(1, 2)",667e6da95ae0a25f225ae6e6
24.0,40.0,1467,train,309.00000000001506,1.0,1.0,"(1, 2)",667e6da95ae0a25f225ae6e6
24.0,40.0,1468,train,309.00000000001506,1.0,1.0,"(1, 2)",667e6da95ae0a25f225ae6e6
24.0,40.0,1469,train,309.00000000001506,1.0,1.0,"(1, 2)",667e6da95ae0a25f225ae6e6
24.0,40.0,1470,train,309.00000000001506,1.0,1.0,"(1, 2)",667e6da95ae0a25f225ae6e6
24.0,40.0,1471,train,309.00000000001506,1.0,1.0,"(1, 2)",667e6da95ae0a25f225ae6e6
24.0,40.0,1472,train,309.00000000001506,1.0,1.0,"(1, 2)",667e6da95ae0a25f225ae6e6
24.0,40.0,1473,train,309.00000000001506,1.0,1.0,"(1, 2)",667e6da95ae0a25f225ae6e6
24.0,40.0,1474,train,309.00000000001506,1.0,1.0,"(1, 2)",667e6da95ae0a25f225ae6e6
24.0,40.0,1475,train,309.00000000001506,1.0,1.0,"(1, 2)",667e6da95ae0a25f225ae6e6
24.0,40.0,1476,train,309.00000000001506,1.0,1.0,"(1, 2)",667e6da95ae0a25f225ae6e6
24.0,40.0,1477,train,309.00000000001506,1.0,1.0,"(1, 2)",667e6da95ae0a25f225ae6e6
24.0,40.0,1478,train,309.00000000001506,1.0,1.0,"(1, 2)",667e6da95ae0a25f225ae6e6
24.0,40.0,1479,train,309.00000000001506,1.0,1.0,"(1, 2)",667e6da95ae0a25f225ae6e6
24.0,40.0,1480,train,309.00000000001506,1.0,1.0,"(1, 2)",667e6da95ae0a25f225ae6e6
24.0,40.0,1481,train,309.00000000001506,1.0,1.0,"(1, 2)",667e6da95ae0a25f225ae6e6
24.0,40.0,1482,train,309.00000000001506,1.0,1.0,"(1, 2)",667e6da95ae0a25f225ae6e6
24.0,40.0,1483,train,309.00000000001506,1.0,1.0,"(1, 2)",667e6da95ae0a25f225ae6e6
24.0,40.0,1484,train,309.00000000001506,1.0,1.0,"(1, 2)",667e6da95ae0a25f225ae6e6
24.0,40.0,1485,train,309.00000000001506,1.0,1.0,"(1, 2)",667e6da95ae0a25f225ae6e6
24.0,40.0,1486,train,309.00000000001506,1.0,1.0,"(1, 2)",667e6da95ae0a25f225ae6e6
24.0,40.0,1487,train,309.00000000001506,1.0,1.0,"(1, 2)",667e6da95ae0a25f225ae6e6
24.0,40.0,1488,train,309.00000000001506,1.0,1.0,"(1, 2)",667e6da95ae0a25f225ae6e6
24.0,41.250000000000284,1489,train,310.25000000001535,1.0,1.0,"(1, 2)",667e6da95ae0a25f225ae6e6
24.0,42.50000000000057,1490,train,311.50000000001563,1.0,1.0,"(1, 2)",667e6da95ae0a25f225ae6e6
24.0,43.75000000000085,1491,train,312.7500000000159,1.0,1.0,"(1, 2)",667e6da95ae0a25f225ae6e6
24.0,45.00000000000114,1492,train,314.0000000000162,1.0,1.0,"(1, 2)",667e6da95ae0a25f225ae6e6
24.0,46.25000000000142,1493,train,315.2500000000165,1.0,1.0,"(1, 2)",667e6da95ae0a25f225ae6e6
24.0,47.500000000001705,1494,train,316.50000000001677,1.0,1.0,"(1, 2)",667e6da95ae0a25f225ae6e6
24.0,48.75000000000199,1495,train,317.75000000001705,1.0,1.0,"(1, 2)",667e6da95ae0a25f225ae6e6
24.0,50.000000000002274,1496,train,319.00000000001734,1.0,1.0,"(1, 2)",667e6da95ae0a25f225ae6e6
24.0,51.25000000000256,1497,train,320.2500000000176,1.0,1.0,"(1, 2)",667e6da95ae0a25f225ae6e6
24.0,52.50000000000284,1498,train,321.5000000000179,1.0,1.0,"(1, 2)",667e6da95ae0a25f225ae6e6
24.0,53.750000000003126,1499,train,322.7500000000182,1.0,1.0,"(1, 2)",667e6da95ae0a25f225ae6e6
24.0,55.00000000000341,1500,train,324.0000000000185,1.0,1.0,"(1, 2)",667e6da95ae0a25f225ae6e6
24.0,56.250000000003695,1501,train,325.25000000001876,1.0,1.0,"(1, 2)",667e6da95ae0a25f225ae6e6
24.0,57.50000000000398,1502,train,326.50000000001904,1.0,1.0,"(1, 2)",667e6da95ae0a25f225ae6e6
24.0,58.75000000000426,1503,train,327.7500000000193,1.0,1.0,"(1, 2)",667e6da95ae0a25f225ae6e6
24.0,60.00000000000455,1504,train,329.0000000000196,1.0,1.0,"(1, 2)",667e6da95ae0a25f225ae6e6
24.0,61.25000000000483,1505,train,330.2500000000199,1.0,1.0,"(1, 2)",667e6da95ae0a25f225ae6e6
24.0,62.500000000005116,1506,train,331.5000000000202,1.0,1.0,"(1, 2)",667e6da95ae0a25f225ae6e6
24.0,63.7500000000054,1507,train,332.75000000002046,1.0,1.0,"(1, 2)",667e6da95ae0a25f225ae6e6
24.0,65.00000000000568,1508,train,334.00000000002075,1.0,1.0,"(1, 2)",667e6da95ae0a25f225ae6e6
24.0,66.25000000000597,1509,train,335.25000000002103,1.0,1.0,"(1, 2)",667e6da95ae0a25f225ae6e6
24.0,67.50000000000625,1510,train,336.5000000000213,1.0,1.0,"(1, 2)",667e6da95ae0a25f225ae6e6
24.0,72.0,1511,train,341.00000000001506,1.0,1.0,"(1, 2)",667e6da95ae0a25f225ae6e6
24.0,72.0,1512,train,341.00000000001506,1.0,1.0,"(1, 2)",667e6da95ae0a25f225ae6e6
24.0,72.0,1513,train,341.00000000001506,1.0,1.0,"(1, 2)",667e6da95ae0a25f225ae6e6
24.0,72.0,1514,train,341.00000000001506,1.0,1.0,"(1, 2)",667e6da95ae0a25f225ae6e6
24.0,72.0,1515,train,341.00000000001506,1.0,1.0,"(1, 2)",667e6da95ae0a25f225ae6e6
24.0,72.0,1516,train,341.00000000001506,1.0,1.0,"(1, 2)",667e6da95ae0a25f225ae6e6
24.0,72.0,1517,train,341.00000000001506,1.0,1.0,"(1, 2)",667e6da95ae0a25f225ae6e6
24.0,72.0,1518,train,341.00000000001506,1.0,1.0,"(1, 2)",667e6da95ae0a25f225ae6e6
24.0,72.0,1519,train,341.00000000001506,1.0,1.0,"(1, 2)",667e6da95ae0a25f225ae6e6
24.0,72.0,1520,train,341.00000000001506,1.0,1.0,"(1, 2)",667e6da95ae0a25f225ae6e6
24.0,72.0,1521,train,341.00000000001506,1.0,1.0,"(1, 2)",667e6da95ae0a25f225ae6e6
24.0,72.0,1522,train,341.00000000001506,1.0,1.0,"(1, 2)",667e6da95ae0a25f225ae6e6
24.0,72.0,1523,train,341.00000000001506,1.0,1.0,"(1, 2)",667e6da95ae0a25f225ae6e6
24.0,72.0,1524,train,341.00000000001506,1.0,1.0,"(1, 2)",667e6da95ae0a25f225ae6e6
24.0,72.0,1525,train,341.00000000001506,1.0,1.0,"(1, 2)",667e6da95ae0a25f225ae6e6
24.0,72.0,1526,train,341.00000000001506,1.0,1.0,"(1, 2)",667e6da95ae0a25f225ae6e6
24.0,72.0,1527,train,341.00000000001506,1.0,1.0,"(1, 2)",667e6da95ae0a25f225ae6e6
24.0,72.0,1528,train,341.00000000001506,1.0,1.0,"(1, 2)",667e6da95ae0a25f225ae6e6
24.0,72.0,1529,train,341.00000000001506,1.0,1.0,"(1, 2)",667e6da95ae0a25f225ae6e6
24.0,72.0,1530,train,341.00000000001506,1.0,1.0,"(1, 2)",667e6da95ae0a25f225ae6e6
24.0,72.0,1531,train,341.00000000001506,1.0,1.0,"(1, 2)",667e6da95ae0a25f225ae6e6
24.0,72.0,1532,train,341.00000000001506,1.0,1.0,"(1, 2)",667e6da95ae0a25f225ae6e6
24.0,72.0,1533,train,341.00000000001506,1.0,1.0,"(1, 2)",667e6da95ae0a25f225ae6e6
24.0,72.0,1534,train,341.00000000001506,1.0,1.0,"(1, 2)",667e6da95ae0a25f225ae6e6
24.0,72.0,1535,train,341.00000000001506,1.0,1.0,"(1, 2)",667e6da95ae0a25f225ae6e6
24.0,72.0,1536,train,341.00000000001506,1.0,1.0,"(1, 2)",667e6da95ae0a25f225ae6e6
24.0,72.0,1537,train,341.00000000001506,1.0,1.0,"(1, 2)",667e6da95ae0a25f225ae6e6
24.0,72.0,1538,train,341.00000000001506,1.0,1.0,"(1, 2)",667e6da95ae0a25f225ae6e6
24.0,72.0,1539,train,341.00000000001506,1.0,1.0,"(1, 2)",667e6da95ae0a25f225ae6e6
24.0,72.0,1540,train,341.00000000001506,1.0,1.0,"(1, 2)",667e6da95ae0a25f225ae6e6
24.0,72.0,1541,train,341.00000000001506,1.0,1.0,"(1, 2)",667e6da95ae0a25f225ae6e6
24.0,72.0,1542,train,341.00000000001506,1.0,1.0,"(1, 2)",667e6da95ae0a25f225ae6e6
24.0,72.0,1543,train,341.00000000001506,1.0,1.0,"(1, 2)",667e6da95ae0a25f225ae6e6
24.0,72.0,1544,train,341.00000000001506,1.0,1.0,"(1, 2)",667e6da95ae0a25f225ae6e6
24.0,72.0,1545,train,341.00000000001506,1.0,1.0,"(1, 2)",667e6da95ae0a25f225ae6e6
24.0,72.0,1546,train,341.00000000001506,1.0,1.0,"(1, 2)",667e6da95ae0a25f225ae6e6
24.0,72.0,1547,train,341.00000000001506,1.0,1.0,"(1, 2)",667e6da95ae0a25f225ae6e6
24.0,72.0,1548,train,341.00000000001506,1.0,1.0,"(1, 2)",667e6da95ae0a25f225ae6e6
24.0,72.0,1549,train,341.00000000001506,1.0,1.0,"(1, 2)",667e6da95ae0a25f225ae6e6
24.0,72.0,1550,train,341.00000000001506,1.0,1.0,"(1, 2)",667e6da95ae0a25f225ae6e6
24.0,72.0,1551,train,341.00000000001506,1.0,1.0,"(1, 2)",667e6da95ae0a25f225ae6e6
24.0,72.0,1552,train,341.00000000001506,1.0,1.0,"(1, 2)",667e6da95ae0a25f225ae6e6
24.0,72.0,1553,train,341.00000000001506,1.0,1.0,"(1, 2)",667e6da95ae0a25f225ae6e6
24.0,70.74999999999972,1554,train,342.25000000001535,1.0,1.0,"(1, 2)",667e6da95ae0a25f225ae6e6
24.0,69.49999999999943,1555,train,343.50000000001563,1.0,1.0,"(1, 2)",667e6da95ae0a25f225ae6e6
24.0,68.24999999999915,1556,train,344.7500000000159,1.0,1.0,"(1, 2)",667e6da95ae0a25f225ae6e6
24.0,66.99999999999886,1557,train,346.0000000000162,1.0,1.0,"(1, 2)",667e6da95ae0a25f225ae6e6
24.0,65.74999999999858,1558,train,347.2500000000165,1.0,1.0,"(1, 2)",667e6da95ae0a25f225ae6e6
24.0,64.4999999999983,1559,train,348.50000000001677,1.0,1.0,"(1, 2)",667e6da95ae0a25f225ae6e6
24.0,63.24999999999801,1560,train,349.75000000001705,1.0,1.0,"(1, 2)",667e6da95ae0a25f225ae6e6
24.0,61.999999999997726,1561,train,351.00000000001734,1.0,1.0,"(1, 2)",667e6da95ae0a25f225ae6e6
24.0,60.74999999999744,1562,train,352.2500000000176,1.0,1.0,"(1, 2)",667e6da95ae0a25f225ae6e6
24.0,59.49999999999716,1563,train,353.5000000000179,1.0,1.0,"(1, 2)",667e6da95ae0a25f225ae6e6
24.0,58.249999999996874,1564,train,354.7500000000182,1.0,1.0,"(1, 2)",667e6da95ae0a25f225ae6e6
24.0,56.99999999999659,1565,train,356.0000000000185,1.0,1.0,"(1, 2)",667e6da95ae0a25f225ae6e6
24.0,55.749999999996305,1566,train,357.25000000001876,1.0,1.0,"(1, 2)",667e6da95ae0a25f225ae6e6
24.0,54.49999999999602,1567,train,358.50000000001904,1.0,1.0,"(1, 2)",667e6da95ae0a25f225ae6e6
24.0,53.24999999999574,1568,train,359.7500000000193,1.0,1.0,"(1, 2)",667e6da95ae0a25f225ae6e6
24.0,51.99999999999545,1569,train,361.0000000000196,1.0,1.0,"(1, 2)",667e6da95ae0a25f225ae6e6
24.0,50.74999999999517,1570,train,362.2500000000199,1.0,1.0,"(1, 2)",667e6da95ae0a25f225ae6e6
24.0,49.499999999994884,1571,train,363.5000000000202,1.0,1.0,"(1, 2)",667e6da95ae0a25f225ae6e6
24.0,48.2499999999946,1572,train,364.75000000002046,1.0,1.0,"(1, 2)",667e6da95ae0a25f225ae6e6
24.0,46.999999999994316,1573,train,366.00000000002075,1.0,1.0,"(1, 2)",667e6da95ae0a25f225ae6e6
24.0,45.74999999999403,1574,train,367.25000000002103,1.0,1.0,"(1, 2)",667e6da95ae0a25f225ae6e6
24.0,44.49999999999375,1575,train,368.5000000000213,1.0,1.0,"(1, 2)",667e6da95ae0a25f225ae6e6
24.0,43.24999999999346,1576,train,369.7500000000216,1.0,1.0,"(1, 2)",667e6da95ae0a25f225ae6e6
24.0,41.99999999999318,1577,train,371.0000000000219,1.0,1.0,"(1, 2)",667e6da95ae0a25f225ae6e6
24.0,40.749999999992895,1578,train,372.25000000002217,1.0,1.0,"(1, 2)",667e6da95ae0a25f225ae6e6
24.0,39.49999999999261,1579,train,373.50000000002245,1.0,1.0,"(1, 2)",667e6da95ae0a25f225ae6e6
24.0,38.249999999992326,1580,train,374.75000000002274,1.0,1.0,"(1, 2)",667e6da95ae0a25f225ae6e6
24.0,36.99999999999204,1581,train,376.000000000023,1.0,1.0,"(1, 2)",667e6da95ae0a25f225ae6e6
24.0,35.74999999999176,1582,train,377.2500000000233,1.0,1.0,"(1, 2)",667e6da95ae0a25f225ae6e6
24.0,34.49999999999147,1583,train,378.5000000000236,1.0,1.0,"(1, 2)",667e6da95ae0a25f225ae6e6
24.0,33.24999999999119,1584,train,379.7500000000239,1.0,1.0,"(1, 2)",667e6da95ae0a25f225ae6e6
24.0,31.99999999999091,1585,train,381.00000000002416,1.0,1.0,"(1, 2)",667e6da95ae0a25f225ae6e6
24.0,30.74999999999098,1586,train,382.2500000000241,1.0,1.0,"(1, 2)",667e6da95ae0a25f225ae6e6
24.0,29.49999999999105,1587,train,383.50000000002404,1.0,1.0,"(1, 2)",667e6da95ae0a25f225ae6e6
24.0,28.24999999999112,1588,train,384.750000000024,1.0,1.0,"(1, 2)",667e6da95ae0a25f225ae6e6
24.0,26.999999999991193,1589,train,386.00000000002393,1.0,1.0,"(1, 2)",667e6da95ae0a25f225ae6e6
24.0,25.749999999991264,1590,train,387.2500000000239,1.0,1.0,"(1, 2)",667e6da95ae0a25f225ae6e6
24.0,24.499999999991335,1591,train,388.5000000000238,1.0,1.0,"(1, 2)",667e6da95ae0a25f225ae6e6
24.0,24.0,1592,train,389.0000000000152,1.0,1.0,"(1, 2)",667e6da95ae0a25f225ae6e6
24.0,24.0,1593,train,389.0000000000152,1.0,1.0,"(1, 2)",667e6da95ae0a25f225ae6e6
24.0,24.0,1594,train,389.0000000000152,1.0,1.0,"(1, 2)",667e6da95ae0a25f225ae6e6
24.0,24.0,1595,train,389.0000000000152,1.0,1.0,"(1, 2)",667e6da95ae0a25f225ae6e6
24.0,24.0,1596,train,389.0000000000152,1.0,1.0,"(1, 2)",667e6da95ae0a25f225ae6e6
24.0,24.0,1597,train,389.0000000000152,1.0,1.0,"(1, 2)",667e6da95ae0a25f225ae6e6
24.0,24.0,1598,train,389.0000000000152,1.0,1.0,"(1, 2)",667e6da95ae0a25f225ae6e6
24.0,24.0,1599,train,389.0000000000152,1.0,1.0,"(1, 2)",667e6da95ae0a25f225ae6e6
24.0,24.0,1600,train,389.0000000000152,1.0,1.0,"(1, 2)",667e6da95ae0a25f225ae6e6
24.0,24.0,1601,train,389.0000000000152,1.0,1.0,"(1, 2)",667e6da95ae0a25f225ae6e6
24.0,24.0,1602,train,389.0000000000152,1.0,1.0,"(1, 2)",667e6da95ae0a25f225ae6e6
24.0,24.0,1603,train,389.0000000000152,1.0,1.0,"(1, 2)",667e6da95ae0a25f225ae6e6
24.0,24.0,1604,train,389.0000000000152,1.0,1.0,"(1, 2)",667e6da95ae0a25f225ae6e6
24.0,24.0,1605,train,389.0000000000152,1.0,1.0,"(1, 2)",667e6da95ae0a25f225ae6e6
24.0,24.0,1606,train,389.0000000000152,1.0,1.0,"(1, 2)",667e6da95ae0a25f225ae6e6
24.0,24.0,1607,train,389.0000000000152,1.0,1.0,"(1, 2)",667e6da95ae0a25f225ae6e6
24.0,24.0,1608,train,389.0000000000152,1.0,1.0,"(1, 2)",667e6da95ae0a25f225ae6e6
24.0,24.0,1609,train,389.0000000000152,1.0,1.0,"(1, 2)",667e6da95ae0a25f225ae6e6
24.0,24.0,1610,train,389.0000000000152,1.0,1.0,"(1, 2)",667e6da95ae0a25f225ae6e6
24.0,24.0,1611,train,389.0000000000152,1.0,1.0,"(1, 2)",667e6da95ae0a25f225ae6e6
24.0,24.0,1612,train,389.0000000000152,1.0,1.0,"(1, 2)",667e6da95ae0a25f225ae6e6
24.0,24.0,1613,train,389.0000000000152,1.0,1.0,"(1, 2)",667e6da95ae0a25f225ae6e6
24.0,24.0,1614,train,389.0000000000152,1.0,1.0,"(1, 2)",667e6da95ae0a25f225ae6e6
24.0,24.0,1615,train,389.0000000000152,1.0,1.0,"(1, 2)",667e6da95ae0a25f225ae6e6
24.0,24.0,1616,train,389.0000000000152,1.0,1.0,"(1, 2)",667e6da95ae0a25f225ae6e6
24.0,24.0,1617,train,389.0000000000152,1.0,1.0,"(1, 2)",667e6da95ae0a25f225ae6e6
24.0,24.0,1618,train,389.0000000000152,1.0,1.0,"(1, 2)",667e6da95ae0a25f225ae6e6
24.0,24.0,1619,train,389.0000000000152,1.0,1.0,"(1, 2)",667e6da95ae0a25f225ae6e6
24.0,24.0,1620,train,389.0000000000152,1.0,1.0,"(1, 2)",667e6da95ae0a25f225ae6e6
24.0,24.0,1621,train,389.0000000000152,1.0,1.0,"(1, 2)",667e6da95ae0a25f225ae6e6
24.0,24.0,1622,train,389.0000000000152,1.0,1.0,"(1, 2)",667e6da95ae0a25f225ae6e6
24.0,24.0,1623,train,389.0000000000152,1.0,1.0,"(1, 2)",667e6da95ae0a25f225ae6e6
24.0,24.0,1624,train,389.0000000000152,1.0,1.0,"(1, 2)",667e6da95ae0a25f225ae6e6
24.0,24.0,1625,train,389.0000000000152,1.0,1.0,"(1, 2)",667e6da95ae0a25f225ae6e6
24.0,24.0,1626,train,389.0000000000152,1.0,1.0,"(1, 2)",667e6da95ae0a25f225ae6e6
24.0,24.0,1627,train,389.0000000000152,1.0,1.0,"(1, 2)",667e6da95ae0a25f225ae6e6
24.0,24.0,1628,train,389.0000000000152,1.0,1.0,"(1, 2)",667e6da95ae0a25f225ae6e6
24.0,24.0,1629,train,389.0000000000152,1.0,1.0,"(1, 2)",667e6da95ae0a25f225ae6e6
24.0,24.0,1630,train,389.0000000000152,1.0,1.0,"(1, 2)",667e6da95ae0a25f225ae6e6
24.0,24.0,1631,train,389.0000000000152,1.0,1.0,"(1, 2)",667e6da95ae0a25f225ae6e6
24.0,24.0,1632,train,389.0000000000152,1.0,1.0,"(1, 2)",667e6da95ae0a25f225ae6e6
24.0,24.0,1633,train,389.0000000000152,1.0,1.0,"(1, 2)",667e6da95ae0a25f225ae6e6
24.0,24.0,1634,train,389.0000000000152,1.0,1.0,"(1, 2)",667e6da95ae0a25f225ae6e6
24.0,24.0,1635,train,389.0000000000152,1.0,1.0,"(1, 2)",667e6da95ae0a25f225ae6e6
24.0,24.0,1636,train,389.0000000000152,1.0,1.0,"(1, 2)",667e6da95ae0a25f225ae6e6
24.0,24.0,1637,train,389.0000000000152,1.0,1.0,"(1, 2)",667e6da95ae0a25f225ae6e6
24.0,24.0,1638,train,389.0000000000152,1.0,1.0,"(1, 2)",667e6da95ae0a25f225ae6e6
24.0,24.0,1639,train,389.0000000000152,1.0,1.0,"(1, 2)",667e6da95ae0a25f225ae6e6
24.0,24.0,1640,train,389.0000000000152,1.0,1.0,"(1, 2)",667e6da95ae0a25f225ae6e6
24.0,24.0,1641,train,389.0000000000152,1.0,1.0,"(1, 2)",667e6da95ae0a25f225ae6e6
24.0,24.0,1642,train,389.0000000000152,1.0,1.0,"(1, 2)",667e6da95ae0a25f225ae6e6
24.0,24.0,1643,train,389.0000000000152,1.0,1.0,"(1, 2)",667e6da95ae0a25f225ae6e6
24.0,24.0,1644,train,389.0000000000152,1.0,1.0,"(1, 2)",667e6da95ae0a25f225ae6e6
24.0,24.0,1645,train,389.0000000000152,1.0,1.0,"(1, 2)",667e6da95ae0a25f225ae6e6
24.0,24.0,1646,train,389.0000000000152,1.0,1.0,"(1, 2)",667e6da95ae0a25f225ae6e6
24.0,24.0,1647,train,389.0000000000152,1.0,1.0,"(1, 2)",667e6da95ae0a25f225ae6e6
24.0,24.0,1648,train,389.0000000000152,1.0,1.0,"(1, 2)",667e6da95ae0a25f225ae6e6
24.0,24.0,1649,train,389.0000000000152,1.0,1.0,"(1, 2)",667e6da95ae0a25f225ae6e6
24.0,24.0,1650,train,389.0000000000152,1.0,1.0,"(1, 2)",667e6da95ae0a25f225ae6e6
24.0,24.0,1651,train,389.0000000000152,1.0,1.0,"(1, 2)",667e6da95ae0a25f225ae6e6
24.0,24.0,1652,train,389.0000000000152,1.0,1.0,"(1, 2)",667e6da95ae0a25f225ae6e6
24.0,24.0,1653,train,389.0000000000152,1.0,1.0,"(1, 2)",667e6da95ae0a25f225ae6e6
24.0,24.0,1654,train,389.0000000000152,1.0,1.0,"(1, 2)",667e6da95ae0a25f225ae6e6
24.0,24.0,1655,train,389.0000000000152,1.0,1.0,"(1, 2)",667e6da95ae0a25f225ae6e6
24.0,24.0,1656,train,389.0000000000152,1.0,1.0,"(1, 2)",667e6da95ae0a25f225ae6e6
24.0,24.0,1657,train,389.0000000000152,1.0,1.0,"(1, 2)",667e6da95ae0a25f225ae6e6
24.0,24.0,1658,train,389.0000000000152,1.0,1.0,"(1, 2)",667e6da95ae0a25f225ae6e6
24.0,24.0,1659,train,389.0000000000152,1.0,1.0,"(1, 2)",667e6da95ae0a25f225ae6e6
24.0,24.0,1660,train,389.0000000000152,1.0,1.0,"(1, 2)",667e6da95ae0a25f225ae6e6
24.0,24.0,1661,train,389.0000000000152,1.0,1.0,"(1, 2)",667e6da95ae0a25f225ae6e6
24.0,24.0,1662,train,389.0000000000152,1.0,1.0,"(1, 2)",667e6da95ae0a25f225ae6e6
24.0,24.0,1663,train,389.0000000000152,1.0,1.0,"(1, 2)",667e6da95ae0a25f225ae6e6
24.0,24.0,1664,train,389.0000000000152,1.0,1.0,"(1, 2)",667e6da95ae0a25f225ae6e6
24.0,24.0,1665,train,389.0000000000152,1.0,1.0,"(1, 2)",667e6da95ae0a25f225ae6e6
24.0,24.0,1666,train,389.0000000000152,1.0,1.0,"(1, 2)",667e6da95ae0a25f225ae6e6
24.0,24.0,1667,train,389.0000000000152,1.0,1.0,"(1, 2)",667e6da95ae0a25f225ae6e6
24.0,24.0,1668,train,389.0000000000152,1.0,1.0,"(1, 2)",667e6da95ae0a25f225ae6e6
24.0,24.0,1669,train,389.0000000000152,1.0,1.0,"(1, 2)",667e6da95ae0a25f225ae6e6
24.0,24.0,1670,train,389.0000000000152,1.0,1.0,"(1, 2)",667e6da95ae0a25f225ae6e6
24.0,24.0,1671,train,389.0000000000152,1.0,1.0,"(1, 2)",667e6da95ae0a25f225ae6e6
24.0,24.0,1672,train,389.0000000000152,1.0,1.0,"(1, 2)",667e6da95ae0a25f225ae6e6
24.0,24.0,1673,train,389.0000000000152,1.0,1.0,"(1, 2)",667e6da95ae0a25f225ae6e6
24.0,24.0,1674,train,389.0000000000152,1.0,1.0,"(1, 2)",667e6da95ae0a25f225ae6e6
24.0,24.0,1675,train,389.0000000000152,1.0,1.0,"(1, 2)",667e6da95ae0a25f225ae6e6
24.0,24.0,1676,train,389.0000000000152,1.0,1.0,"(1, 2)",667e6da95ae0a25f225ae6e6
24.0,24.0,1677,train,389.0000000000152,1.0,1.0,"(1, 2)",667e6da95ae0a25f225ae6e6
24.0,24.0,1678,train,389.0000000000152,1.0,1.0,"(1, 2)",667e6da95ae0a25f225ae6e6
24.0,24.0,1679,train,389.0000000000152,1.0,1.0,"(1, 2)",667e6da95ae0a25f225ae6e6
24.0,24.0,1680,train,389.0000000000152,1.0,1.0,"(1, 2)",667e6da95ae0a25f225ae6e6
24.0,24.0,1681,train,389.0000000000152,1.0,1.0,"(1, 2)",667e6da95ae0a25f225ae6e6
24.0,24.0,1682,train,389.0000000000152,1.0,1.0,"(1, 2)",667e6da95ae0a25f225ae6e6
24.0,24.0,1683,train,389.0000000000152,1.0,1.0,"(1, 2)",667e6da95ae0a25f225ae6e6
24.0,24.0,1684,train,389.0000000000152,1.0,1.0,"(1, 2)",667e6da95ae0a25f225ae6e6
24.0,24.0,1685,train,389.0000000000152,1.0,1.0,"(1, 2)",667e6da95ae0a25f225ae6e6
24.0,24.0,1686,train,389.0000000000152,1.0,1.0,"(1, 2)",667e6da95ae0a25f225ae6e6
24.0,24.0,1687,train,389.0000000000152,1.0,1.0,"(1, 2)",667e6da95ae0a25f225ae6e6
24.0,24.0,1688,train,389.0000000000152,1.0,1.0,"(1, 2)",667e6da95ae0a25f225ae6e6
24.0,24.0,1689,train,389.0000000000152,1.0,1.0,"(1, 2)",667e6da95ae0a25f225ae6e6
24.0,24.0,1690,train,389.0000000000152,1.0,1.0,"(1, 2)",667e6da95ae0a25f225ae6e6
24.0,24.0,1691,train,389.0000000000152,1.0,1.0,"(1, 2)",667e6da95ae0a25f225ae6e6
24.0,24.0,1692,train,389.0000000000152,1.0,1.0,"(1, 2)",667e6da95ae0a25f225ae6e6
24.0,24.0,1693,train,389.0000000000152,1.0,1.0,"(1, 2)",667e6da95ae0a25f225ae6e6
24.0,24.0,1694,train,389.0000000000152,1.0,1.0,"(1, 2)",667e6da95ae0a25f225ae6e6
24.0,24.0,1695,train,389.0000000000152,1.0,1.0,"(1, 2)",667e6da95ae0a25f225ae6e6
24.0,24.0,1696,train,389.0000000000152,1.0,1.0,"(1, 2)",667e6da95ae0a25f225ae6e6
24.0,24.0,1697,train,389.0000000000152,1.0,1.0,"(1, 2)",667e6da95ae0a25f225ae6e6
24.0,24.0,1698,train,389.0000000000152,1.0,1.0,"(1, 2)",667e6da95ae0a25f225ae6e6
24.0,24.0,1699,train,389.0000000000152,1.0,1.0,"(1, 2)",667e6da95ae0a25f225ae6e6
24.0,24.0,1700,train,389.0000000000152,1.0,1.0,"(1, 2)",667e6da95ae0a25f225ae6e6
24.0,24.0,1701,train,389.0000000000152,1.0,1.0,"(1, 2)",667e6da95ae0a25f225ae6e6
24.0,24.0,1702,train,389.0000000000152,1.0,1.0,"(1, 2)",667e6da95ae0a25f225ae6e6
24.0,24.0,1703,train,389.0000000000152,1.0,1.0,"(1, 2)",667e6da95ae0a25f225ae6e6
24.0,24.0,1704,train,389.0000000000152,1.0,1.0,"(1, 2)",667e6da95ae0a25f225ae6e6
24.0,24.0,1705,train,389.0000000000152,1.0,1.0,"(1, 2)",667e6da95ae0a25f225ae6e6
24.0,24.0,1706,train,389.0000000000152,1.0,1.0,"(1, 2)",667e6da95ae0a25f225ae6e6
24.0,24.0,1707,train,389.0000000000152,1.0,1.0,"(1, 2)",667e6da95ae0a25f225ae6e6
24.0,24.0,1708,train,389.0000000000152,1.0,1.0,"(1, 2)",667e6da95ae0a25f225ae6e6
24.0,24.0,1709,train,389.0000000000152,1.0,1.0,"(1, 2)",667e6da95ae0a25f225ae6e6
24.0,24.0,1710,train,389.0000000000152,1.0,1.0,"(1, 2)",667e6da95ae0a25f225ae6e6
24.0,24.0,1711,train,389.0000000000152,1.0,1.0,"(1, 2)",667e6da95ae0a25f225ae6e6
24.0,24.0,1712,train,389.0000000000152,1.0,1.0,"(1, 2)",667e6da95ae0a25f225ae6e6
24.0,24.0,1713,train,389.0000000000152,1.0,1.0,"(1, 2)",667e6da95ae0a25f225ae6e6
24.0,24.0,1714,train,389.0000000000152,1.0,1.0,"(1, 2)",667e6da95ae0a25f225ae6e6
24.0,24.0,1715,train,389.0000000000152,1.0,1.0,"(1, 2)",667e6da95ae0a25f225ae6e6
24.0,24.0,1716,train,389.0000000000152,1.0,1.0,"(1, 2)",667e6da95ae0a25f225ae6e6
24.0,24.0,1717,train,389.0000000000152,1.0,1.0,"(1, 2)",667e6da95ae0a25f225ae6e6
24.0,24.0,1718,train,389.0000000000152,1.0,1.0,"(1, 2)",667e6da95ae0a25f225ae6e6
24.0,24.0,1719,train,389.0000000000152,1.0,1.0,"(1, 2)",667e6da95ae0a25f225ae6e6
24.0,24.0,1720,train,389.0000000000152,1.0,1.0,"(1, 2)",667e6da95ae0a25f225ae6e6
24.0,24.0,1721,train,389.0000000000152,1.0,1.0,"(1, 2)",667e6da95ae0a25f225ae6e6
24.0,24.0,1722,train,389.0000000000152,1.0,1.0,"(1, 2)",667e6da95ae0a25f225ae6e6
24.0,24.0,1723,train,389.0000000000152,1.0,1.0,"(1, 2)",667e6da95ae0a25f225ae6e6
24.0,24.0,1724,train,389.0000000000152,1.0,1.0,"(1, 2)",667e6da95ae0a25f225ae6e6
24.0,24.0,1725,train,389.0000000000152,1.0,1.0,"(1, 2)",667e6da95ae0a25f225ae6e6
24.0,24.0,1726,train,389.0000000000152,1.0,1.0,"(1, 2)",667e6da95ae0a25f225ae6e6
24.0,24.0,1727,train,389.0000000000152,1.0,1.0,"(1, 2)",667e6da95ae0a25f225ae6e6
24.0,24.0,1728,train,389.0000000000152,1.0,1.0,"(1, 2)",667e6da95ae0a25f225ae6e6
24.0,24.0,1729,train,389.0000000000152,1.0,1.0,"(1, 2)",667e6da95ae0a25f225ae6e6
24.0,24.0,1730,train,389.0000000000152,1.0,1.0,"(1, 2)",667e6da95ae0a25f225ae6e6
24.0,24.0,1731,train,389.0000000000152,1.0,1.0,"(1, 2)",667e6da95ae0a25f225ae6e6
24.0,24.0,1732,train,389.0000000000152,1.0,1.0,"(1, 2)",667e6da95ae0a25f225ae6e6
24.0,24.0,1733,train,389.0000000000152,1.0,1.0,"(1, 2)",667e6da95ae0a25f225ae6e6
24.0,24.0,1734,train,389.0000000000152,1.0,1.0,"(1, 2)",667e6da95ae0a25f225ae6e6
24.0,24.0,1735,train,389.0000000000152,1.0,1.0,"(1, 2)",667e6da95ae0a25f225ae6e6
24.0,24.0,1736,train,389.0000000000152,1.0,1.0,"(1, 2)",667e6da95ae0a25f225ae6e6
24.0,25.24999999999993,1737,train,390.2500000000151,1.0,1.0,"(1, 2)",667e6da95ae0a25f225ae6e6
24.0,26.499999999999858,1738,train,391.50000000001506,1.0,1.0,"(1, 2)",667e6da95ae0a25f225ae6e6
24.0,27.749999999999787,1739,train,392.750000000015,1.0,1.0,"(1, 2)",667e6da95ae0a25f225ae6e6
24.0,28.999999999999716,1740,train,394.00000000001495,1.0,1.0,"(1, 2)",667e6da95ae0a25f225ae6e6
24.0,30.249999999999645,1741,train,395.2500000000149,1.0,1.0,"(1, 2)",667e6da95ae0a25f225ae6e6
24.0,31.499999999999574,1742,train,396.50000000001484,1.0,1.0,"(1, 2)",667e6da95ae0a25f225ae6e6
24.0,32.749999999999716,1743,train,397.750000000015,1.0,1.0,"(1, 2)",667e6da95ae0a25f225ae6e6
24.0,34.0,1744,train,399.0000000000153,1.0,1.0,"(1, 2)",667e6da95ae0a25f225ae6e6
24.0,35.250000000000284,1745,train,400.2500000000156,1.0,1.0,"(1, 2)",667e6da95ae0a25f225ae6e6
24.0,36.50000000000057,1746,train,401.50000000001586,1.0,1.0,"(1, 2)",667e6da95ae0a25f225ae6e6
24.0,37.75000000000085,1747,train,402.75000000001614,1.0,1.0,"(1, 2)",667e6da95ae0a25f225ae6e6
24.0,39.00000000000114,1748,train,404.0000000000164,1.0,1.0,"(1, 2)",667e6da95ae0a25f225ae6e6
24.0,40.25000000000142,1749,train,405.2500000000167,1.0,1.0,"(1, 2)",667e6da95ae0a25f225ae6e6
24.0,41.500000000001705,1750,train,406.500000000017,1.0,1.0,"(1, 2)",667e6da95ae0a25f225ae6e6
24.0,42.75000000000199,1751,train,407.7500000000173,1.0,1.0,"(1, 2)",667e6da95ae0a25f225ae6e6
24.0,44.000000000002274,1752,train,409.00000000001756,1.0,1.0,"(1, 2)",667e6da95ae0a25f225ae6e6
24.0,45.25000000000256,1753,train,410.25000000001785,1.0,1.0,"(1, 2)",667e6da95ae0a25f225ae6e6
24.0,46.50000000000284,1754,train,411.50000000001813,1.0,1.0,"(1, 2)",667e6da95ae0a25f225ae6e6
24.0,47.750000000003126,1755,train,412.7500000000184,1.0,1.0,"(1, 2)",667e6da95ae0a25f225ae6e6
24.0,49.00000000000341,1756,train,414.0000000000187,1.0,1.0,"(1, 2)",667e6da95ae0a25f225ae6e6
24.0,50.250000000003695,1757,train,415.250000000019,1.0,1.0,"(1, 2)",667e6da95ae0a25f225ae6e6
24.0,51.50000000000398,1758,train,416.50000000001927,1.0,1.0,"(1, 2)",667e6da95ae0a25f225ae6e6
24.0,52.75000000000426,1759,train,417.75000000001955,1.0,1.0,"(1, 2)",667e6da95ae0a25f225ae6e6
24.0,54.00000000000455,1760,train,419.00000000001984,1.0,1.0,"(1, 2)",667e6da95ae0a25f225ae6e6
24.0,55.25000000000483,1761,train,420.2500000000201,1.0,1.0,"(1, 2)",667e6da95ae0a25f225ae6e6
24.0,56.0,1762,train,421.0000000000153,1.0,1.0,"(1, 2)",667e6da95ae0a25f225ae6e6
24.0,56.0,1763,train,421.0000000000153,1.0,1.0,"(1, 2)",667e6da95ae0a25f225ae6e6
24.0,56.0,1764,train,421.0000000000153,1.0,1.0,"(1, 2)",667e6da95ae0a25f225ae6e6
24.0,56.0,1765,train,421.0000000000153,1.0,1.0,"(1, 2)",667e6da95ae0a25f225ae6e6
24.0,56.0,1766,train,421.0000000000153,1.0,1.0,"(1, 2)",667e6da95ae0a25f225ae6e6
24.0,56.0,1767,train,421.0000000000153,1.0,1.0,"(1, 2)",667e6da95ae0a25f225ae6e6
24.0,56.0,1768,train,421.0000000000153,1.0,1.0,"(1, 2)",667e6da95ae0a25f225ae6e6
24.0,56.0,1769,train,421.0000000000153,1.0,1.0,"(1, 2)",667e6da95ae0a25f225ae6e6
24.0,56.0,1770,train,421.0000000000153,1.0,1.0,"(1, 2)",667e6da95ae0a25f225ae6e6
24.0,56.0,1771,train,421.0000000000153,1.0,1.0,"(1, 2)",667e6da95ae0a25f225ae6e6
24.0,56.0,1772,train,421.0000000000153,1.0,1.0,"(1, 2)",667e6da95ae0a25f225ae6e6
24.0,56.0,1773,train,421.0000000000153,1.0,1.0,"(1, 2)",667e6da95ae0a25f225ae6e6
24.0,56.0,1774,train,421.0000000000153,1.0,1.0,"(1, 2)",667e6da95ae0a25f225ae6e6
24.0,56.0,1775,train,421.0000000000153,1.0,1.0,"(1, 2)",667e6da95ae0a25f225ae6e6
24.0,56.0,1776,train,421.0000000000153,1.0,1.0,"(1, 2)",667e6da95ae0a25f225ae6e6
24.0,56.0,1777,train,421.0000000000153,1.0,1.0,"(1, 2)",667e6da95ae0a25f225ae6e6
24.0,56.0,1778,train,421.0000000000153,1.0,1.0,"(1, 2)",667e6da95ae0a25f225ae6e6
24.0,56.0,1779,train,421.0000000000153,1.0,1.0,"(1, 2)",667e6da95ae0a25f225ae6e6
24.0,56.0,1780,train,421.0000000000153,1.0,1.0,"(1, 2)",667e6da95ae0a25f225ae6e6
24.0,56.0,1781,train,421.0000000000153,1.0,1.0,"(1, 2)",667e6da95ae0a25f225ae6e6
24.0,56.0,1782,train,421.0000000000153,1.0,1.0,"(1, 2)",667e6da95ae0a25f225ae6e6
24.0,56.0,1783,train,421.0000000000153,1.0,1.0,"(1, 2)",667e6da95ae0a25f225ae6e6
24.0,56.0,1784,train,421.0000000000153,1.0,1.0,"(1, 2)",667e6da95ae0a25f225ae6e6
24.0,56.0,1785,train,421.0000000000153,1.0,1.0,"(1, 2)",667e6da95ae0a25f225ae6e6
24.0,56.0,1786,train,421.0000000000153,1.0,1.0,"(1, 2)",667e6da95ae0a25f225ae6e6
24.0,56.0,1787,train,421.0000000000153,1.0,1.0,"(1, 2)",667e6da95ae0a25f225ae6e6
24.0,56.0,1788,train,421.0000000000153,1.0,1.0,"(1, 2)",667e6da95ae0a25f225ae6e6
24.0,56.0,1789,train,421.0000000000153,1.0,1.0,"(1, 2)",667e6da95ae0a25f225ae6e6
24.0,56.0,1790,train,421.0000000000153,1.0,1.0,"(1, 2)",667e6da95ae0a25f225ae6e6
24.0,56.0,1791,train,421.0000000000153,1.0,1.0,"(1, 2)",667e6da95ae0a25f225ae6e6
24.0,56.0,1792,train,421.0000000000153,1.0,1.0,"(1, 2)",667e6da95ae0a25f225ae6e6
24.0,56.0,1793,train,421.0000000000153,1.0,1.0,"(1, 2)",667e6da95ae0a25f225ae6e6
24.0,56.0,1794,train,421.0000000000153,1.0,1.0,"(1, 2)",667e6da95ae0a25f225ae6e6
24.0,56.0,1795,train,421.0000000000153,1.0,1.0,"(1, 2)",667e6da95ae0a25f225ae6e6
24.0,56.0,1796,train,421.0000000000153,1.0,1.0,"(1, 2)",667e6da95ae0a25f225ae6e6
24.0,56.0,1797,train,421.0000000000153,1.0,1.0,"(1, 2)",667e6da95ae0a25f225ae6e6
24.0,56.0,1798,train,421.0000000000153,1.0,1.0,"(1, 2)",667e6da95ae0a25f225ae6e6
24.0,56.0,1799,train,421.0000000000153,1.0,1.0,"(1, 2)",667e6da95ae0a25f225ae6e6
24.0,56.0,1800,train,421.0000000000153,1.0,1.0,"(1, 2)",667e6da95ae0a25f225ae6e6
24.0,56.0,1801,train,421.0000000000153,1.0,1.0,"(1, 2)",667e6da95ae0a25f225ae6e6
24.0,56.0,1802,train,421.0000000000153,1.0,1.0,"(1, 2)",667e6da95ae0a25f225ae6e6
24.0,56.0,1803,train,421.0000000000153,1.0,1.0,"(1, 2)",667e6da95ae0a25f225ae6e6
24.0,56.0,1804,train,421.0000000000153,1.0,1.0,"(1, 2)",667e6da95ae0a25f225ae6e6
24.0,56.0,1805,train,421.0000000000153,1.0,1.0,"(1, 2)",667e6da95ae0a25f225ae6e6
24.0,56.0,1806,train,421.0000000000153,1.0,1.0,"(1, 2)",667e6da95ae0a25f225ae6e6
24.0,56.0,1807,train,421.0000000000153,1.0,1.0,"(1, 2)",667e6da95ae0a25f225ae6e6
24.0,56.0,1808,train,421.0000000000153,1.0,1.0,"(1, 2)",667e6da95ae0a25f225ae6e6
24.0,56.0,1809,train,421.0000000000153,1.0,1.0,"(1, 2)",667e6da95ae0a25f225ae6e6
24.0,56.0,1810,train,421.0000000000153,1.0,1.0,"(1, 2)",667e6da95ae0a25f225ae6e6
24.0,56.0,1811,train,421.0000000000153,1.0,1.0,"(1, 2)",667e6da95ae0a25f225ae6e6
24.0,56.0,1812,train,421.0000000000153,1.0,1.0,"(1, 2)",667e6da95ae0a25f225ae6e6
24.0,56.0,1813,train,421.0000000000153,1.0,1.0,"(1, 2)",667e6da95ae0a25f225ae6e6
24.0,56.0,1814,train,421.0000000000153,1.0,1.0,"(1, 2)",667e6da95ae0a25f225ae6e6
24.0,56.0,1815,train,421.0000000000153,1.0,1.0,"(1, 2)",667e6da95ae0a25f225ae6e6
24.0,56.0,1816,train,421.0000000000153,1.0,1.0,"(1, 2)",667e6da95ae0a25f225ae6e6
24.0,56.0,1817,train,421.0000000000153,1.0,1.0,"(1, 2)",667e6da95ae0a25f225ae6e6
24.0,56.0,1818,train,421.0000000000153,1.0,1.0,"(1, 2)",667e6da95ae0a25f225ae6e6
24.0,56.0,1819,train,421.0000000000153,1.0,1.0,"(1, 2)",667e6da95ae0a25f225ae6e6
24.0,56.0,1820,train,421.0000000000153,1.0,1.0,"(1, 2)",667e6da95ae0a25f225ae6e6
24.0,56.0,1821,train,421.0000000000153,1.0,1.0,"(1, 2)",667e6da95ae0a25f225ae6e6
24.0,56.0,1822,train,421.0000000000153,1.0,1.0,"(1, 2)",667e6da95ae0a25f225ae6e6
24.0,56.0,1823,train,421.0000000000153,1.0,1.0,"(1, 2)",667e6da95ae0a25f225ae6e6
24.0,56.0,1824,train,421.0000000000153,1.0,1.0,"(1, 2)",667e6da95ae0a25f225ae6e6
24.0,56.0,1825,train,421.0000000000153,1.0,1.0,"(1, 2)",667e6da95ae0a25f225ae6e6
24.0,56.0,1826,train,421.0000000000153,1.0,1.0,"(1, 2)",667e6da95ae0a25f225ae6e6
24.0,56.0,1827,train,421.0000000000153,1.0,1.0,"(1, 2)",667e6da95ae0a25f225ae6e6
24.0,56.0,1828,train,421.0000000000153,1.0,1.0,"(1, 2)",667e6da95ae0a25f225ae6e6
24.0,56.0,1829,train,421.0000000000153,1.0,1.0,"(1, 2)",667e6da95ae0a25f225ae6e6
24.0,56.0,1830,train,421.0000000000153,1.0,1.0,"(1, 2)",667e6da95ae0a25f225ae6e6
24.0,56.0,1831,train,421.0000000000153,1.0,1.0,"(1, 2)",667e6da95ae0a25f225ae6e6
24.0,56.0,1832,train,421.0000000000153,1.0,1.0,"(1, 2)",667e6da95ae0a25f225ae6e6
24.0,56.0,1833,train,421.0000000000153,1.0,1.0,"(1, 2)",667e6da95ae0a25f225ae6e6
24.0,56.0,1834,train,421.0000000000153,1.0,1.0,"(1, 2)",667e6da95ae0a25f225ae6e6
24.0,56.0,1835,train,421.0000000000153,1.0,1.0,"(1, 2)",667e6da95ae0a25f225ae6e6
24.0,56.0,1836,train,421.0000000000153,1.0,1.0,"(1, 2)",667e6da95ae0a25f225ae6e6
24.0,56.0,1837,train,421.0000000000153,1.0,1.0,"(1, 2)",667e6da95ae0a25f225ae6e6
24.0,56.0,1838,train,421.0000000000153,1.0,1.0,"(1, 2)",667e6da95ae0a25f225ae6e6
24.0,56.0,1839,train,421.0000000000153,1.0,1.0,"(1, 2)",667e6da95ae0a25f225ae6e6
24.0,56.0,1840,train,421.0000000000153,1.0,1.0,"(1, 2)",667e6da95ae0a25f225ae6e6
24.0,56.0,1841,train,421.0000000000153,1.0,1.0,"(1, 2)",667e6da95ae0a25f225ae6e6
24.0,56.0,1842,train,421.0000000000153,1.0,1.0,"(1, 2)",667e6da95ae0a25f225ae6e6
24.0,56.0,1843,train,421.0000000000153,1.0,1.0,"(1, 2)",667e6da95ae0a25f225ae6e6
24.0,56.0,1844,train,421.0000000000153,1.0,1.0,"(1, 2)",667e6da95ae0a25f225ae6e6
24.0,56.0,1845,train,421.0000000000153,1.0,1.0,"(1, 2)",667e6da95ae0a25f225ae6e6
24.0,56.0,1846,train,421.0000000000153,1.0,1.0,"(1, 2)",667e6da95ae0a25f225ae6e6
24.0,56.0,1847,train,421.0000000000153,1.0,1.0,"(1, 2)",667e6da95ae0a25f225ae6e6
24.0,56.0,1848,train,421.0000000000153,1.0,1.0,"(1, 2)",667e6da95ae0a25f225ae6e6
24.0,56.0,1849,train,421.0000000000153,1.0,1.0,"(1, 2)",667e6da95ae0a25f225ae6e6
24.0,56.0,1850,train,421.0000000000153,1.0,1.0,"(1, 2)",667e6da95ae0a25f225ae6e6
24.0,56.0,1851,train,421.0000000000153,1.0,1.0,"(1, 2)",667e6da95ae0a25f225ae6e6
24.0,56.0,1852,train,421.0000000000153,1.0,1.0,"(1, 2)",667e6da95ae0a25f225ae6e6
24.0,56.0,1853,train,421.0000000000153,1.0,1.0,"(1, 2)",667e6da95ae0a25f225ae6e6
24.0,56.0,1854,train,421.0000000000153,1.0,1.0,"(1, 2)",667e6da95ae0a25f225ae6e6
24.0,56.0,1855,train,421.0000000000153,1.0,1.0,"(1, 2)",667e6da95ae0a25f225ae6e6
24.0,56.0,1856,train,421.0000000000153,1.0,1.0,"(1, 2)",667e6da95ae0a25f225ae6e6
24.0,56.0,1857,train,421.0000000000153,1.0,1.0,"(1, 2)",667e6da95ae0a25f225ae6e6
24.0,56.0,1858,train,421.0000000000153,1.0,1.0,"(1, 2)",667e6da95ae0a25f225ae6e6
24.0,54.749999999999716,1859,train,422.2500000000156,1.0,1.0,"(1, 2)",667e6da95ae0a25f225ae6e6
24.0,53.49999999999943,1860,train,423.50000000001586,1.0,1.0,"(1, 2)",667e6da95ae0a25f225ae6e6
24.0,52.24999999999915,1861,train,424.75000000001614,1.0,1.0,"(1, 2)",667e6da95ae0a25f225ae6e6
24.0,50.99999999999886,1862,train,426.0000000000164,1.0,1.0,"(1, 2)",667e6da95ae0a25f225ae6e6
24.0,49.74999999999858,1863,train,427.2500000000167,1.0,1.0,"(1, 2)",667e6da95ae0a25f225ae6e6
24.0,48.499999999998295,1864,train,428.500000000017,1.0,1.0,"(1, 2)",667e6da95ae0a25f225ae6e6
24.0,47.24999999999801,1865,train,429.7500000000173,1.0,1.0,"(1, 2)",667e6da95ae0a25f225ae6e6
24.0,45.999999999997726,1866,train,431.00000000001756,1.0,1.0,"(1, 2)",667e6da95ae0a25f225ae6e6
24.0,44.74999999999744,1867,train,432.25000000001785,1.0,1.0,"(1, 2)",667e6da95ae0a25f225ae6e6
24.0,43.49999999999716,1868,train,433.50000000001813,1.0,1.0,"(1, 2)",667e6da95ae0a25f225ae6e6
24.0,42.249999999996874,1869,train,434.7500000000184,1.0,1.0,"(1, 2)",667e6da95ae0a25f225ae6e6
24.0,40.99999999999659,1870,train,436.0000000000187,1.0,1.0,"(1, 2)",667e6da95ae0a25f225ae6e6
24.0,40.0,1871,train,437.0000000000153,1.0,1.0,"(1, 2)",667e6da95ae0a25f225ae6e6
24.0,40.0,1872,train,437.0000000000153,1.0,1.0,"(1, 2)",667e6da95ae0a25f225ae6e6
24.0,40.0,1873,train,437.0000000000153,1.0,1.0,"(1, 2)",667e6da95ae0a25f225ae6e6
24.0,40.0,1874,train,437.0000000000153,1.0,1.0,"(1, 2)",667e6da95ae0a25f225ae6e6
24.0,40.0,1875,train,437.0000000000153,1.0,1.0,"(1, 2)",667e6da95ae0a25f225ae6e6
24.0,40.0,1876,train,437.0000000000153,1.0,1.0,"(1, 2)",667e6da95ae0a25f225ae6e6
24.0,40.0,1877,train,437.0000000000153,1.0,1.0,"(1, 2)",667e6da95ae0a25f225ae6e6
24.0,40.0,1878,train,437.0000000000153,1.0,1.0,"(1, 2)",667e6da95ae0a25f225ae6e6
24.0,40.0,1879,train,437.0000000000153,1.0,1.0,"(1, 2)",667e6da95ae0a25f225ae6e6
24.0,40.0,1880,train,437.0000000000153,1.0,1.0,"(1, 2)",667e6da95ae0a25f225ae6e6
24.0,40.0,1881,train,437.0000000000153,1.0,1.0,"(1, 2)",667e6da95ae0a25f225ae6e6
24.0,40.0,1882,train,437.0000000000153,1.0,1.0,"(1, 2)",667e6da95ae0a25f225ae6e6
24.0,40.0,1883,train,437.0000000000153,1.0,1.0,"(1, 2)",667e6da95ae0a25f225ae6e6
24.0,40.0,1884,train,437.0000000000153,1.0,1.0,"(1, 2)",667e6da95ae0a25f225ae6e6
24.0,40.0,1885,train,437.0000000000153,1.0,1.0,"(1, 2)",667e6da95ae0a25f225ae6e6
24.0,40.0,1886,train,437.0000000000153,1.0,1.0,"(1, 2)",667e6da95ae0a25f225ae6e6
24.0,40.0,1887,train,437.0000000000153,1.0,1.0,"(1, 2)",667e6da95ae0a25f225ae6e6
24.0,40.0,1888,train,437.0000000000153,1.0,1.0,"(1, 2)",667e6da95ae0a25f225ae6e6
24.0,40.0,1889,train,437.0000000000153,1.0,1.0,"(1, 2)",667e6da95ae0a25f225ae6e6
24.0,40.0,1890,train,437.0000000000153,1.0,1.0,"(1, 2)",667e6da95ae0a25f225ae6e6
24.0,40.0,1891,train,437.0000000000153,1.0,1.0,"(1, 2)",667e6da95ae0a25f225ae6e6
24.0,40.0,1892,train,437.0000000000153,1.0,1.0,"(1, 2)",667e6da95ae0a25f225ae6e6
24.0,40.0,1893,train,437.0000000000153,1.0,1.0,"(1, 2)",667e6da95ae0a25f225ae6e6
24.0,40.0,1894,train,437.0000000000153,1.0,1.0,"(1, 2)",667e6da95ae0a25f225ae6e6
24.0,40.0,1895,train,437.0000000000153,1.0,1.0,"(1, 2)",667e6da95ae0a25f225ae6e6
24.0,40.0,1896,train,437.0000000000153,1.0,1.0,"(1, 2)",667e6da95ae0a25f225ae6e6
24.0,40.0,1897,train,437.0000000000153,1.0,1.0,"(1, 2)",667e6da95ae0a25f225ae6e6
24.0,40.0,1898,train,437.0000000000153,1.0,1.0,"(1, 2)",667e6da95ae0a25f225ae6e6
24.0,40.0,1899,train,437.0000000000153,1.0,1.0,"(1, 2)",667e6da95ae0a25f225ae6e6
24.0,40.0,1900,train,437.0000000000153,1.0,1.0,"(1, 2)",667e6da95ae0a25f225ae6e6
24.0,40.0,1901,train,437.0000000000153,1.0,1.0,"(1, 2)",667e6da95ae0a25f225ae6e6
24.0,40.0,1902,train,437.0000000000153,1.0,1.0,"(1, 2)",667e6da95ae0a25f225ae6e6
24.0,40.0,1903,train,437.0000000000153,1.0,1.0,"(1, 2)",667e6da95ae0a25f225ae6e6
24.0,40.0,1904,train,437.0000000000153,1.0,1.0,"(1, 2)",667e6da95ae0a25f225ae6e6
24.0,40.0,1905,train,437.0000000000153,1.0,1.0,"(1, 2)",667e6da95ae0a25f225ae6e6
24.0,40.0,1906,train,437.0000000000153,1.0,1.0,"(1, 2)",667e6da95ae0a25f225ae6e6
24.0,40.0,1907,train,437.0000000000153,1.0,1.0,"(1, 2)",667e6da95ae0a25f225ae6e6
24.0,40.0,1908,train,437.0000000000153,1.0,1.0,"(1, 2)",667e6da95ae0a25f225ae6e6
24.0,40.0,1909,train,437.0000000000153,1.0,1.0,"(1, 2)",667e6da95ae0a25f225ae6e6
24.0,40.0,1910,train,437.0000000000153,1.0,1.0,"(1, 2)",667e6da95ae0a25f225ae6e6
24.0,40.0,1911,train,437.0000000000153,1.0,1.0,"(1, 2)",667e6da95ae0a25f225ae6e6
24.0,40.0,1912,train,437.0000000000153,1.0,1.0,"(1, 2)",667e6da95ae0a25f225ae6e6
24.0,40.0,1913,train,437.0000000000153,1.0,1.0,"(1, 2)",667e6da95ae0a25f225ae6e6
24.0,40.0,1914,train,437.0000000000153,1.0,1.0,"(1, 2)",667e6da95ae0a25f225ae6e6
24.0,40.0,1915,train,437.0000000000153,1.0,1.0,"(1, 2)",667e6da95ae0a25f225ae6e6
24.0,40.0,1916,train,437.0000000000153,1.0,1.0,"(1, 2)",667e6da95ae0a25f225ae6e6
24.0,40.0,1917,train,437.0000000000153,1.0,1.0,"(1, 2)",667e6da95ae0a25f225ae6e6
24.0,40.0,1918,train,437.0000000000153,1.0,1.0,"(1, 2)",667e6da95ae0a25f225ae6e6
24.0,40.0,1919,train,437.0000000000153,1.0,1.0,"(1, 2)",667e6da95ae0a25f225ae6e6
24.0,40.0,1920,train,437.0000000000153,1.0,1.0,"(1, 2)",667e6da95ae0a25f225ae6e6
24.0,40.0,1921,train,437.0000000000153,1.0,1.0,"(1, 2)",667e6da95ae0a25f225ae6e6
24.0,40.0,1922,train,437.0000000000153,1.0,1.0,"(1, 2)",667e6da95ae0a25f225ae6e6
24.0,40.0,1923,train,437.0000000000153,1.0,1.0,"(1, 2)",667e6da95ae0a25f225ae6e6
24.0,40.0,1924,train,437.0000000000153,1.0,1.0,"(1, 2)",667e6da95ae0a25f225ae6e6
24.0,40.0,1925,train,437.0000000000153,1.0,1.0,"(1, 2)",667e6da95ae0a25f225ae6e6
24.0,40.0,1926,train,437.0000000000153,1.0,1.0,"(1, 2)",667e6da95ae0a25f225ae6e6
24.0,40.0,1927,train,437.0000000000153,1.0,1.0,"(1, 2)",667e6da95ae0a25f225ae6e6
24.0,40.0,1928,train,437.0000000000153,1.0,1.0,"(1, 2)",667e6da95ae0a25f225ae6e6
24.0,40.0,1929,train,437.0000000000153,1.0,1.0,"(1, 2)",667e6da95ae0a25f225ae6e6
24.0,40.0,1930,train,437.0000000000153,1.0,1.0,"(1, 2)",667e6da95ae0a25f225ae6e6
24.0,40.0,1931,train,437.0000000000153,1.0,1.0,"(1, 2)",667e6da95ae0a25f225ae6e6
24.0,40.0,1932,train,437.0000000000153,1.0,1.0,"(1, 2)",667e6da95ae0a25f225ae6e6
24.0,40.0,1933,train,437.0000000000153,1.0,1.0,"(1, 2)",667e6da95ae0a25f225ae6e6
24.0,40.0,1934,train,437.0000000000153,1.0,1.0,"(1, 2)",667e6da95ae0a25f225ae6e6
24.0,40.0,1935,train,437.0000000000153,1.0,1.0,"(1, 2)",667e6da95ae0a25f225ae6e6
24.0,40.0,1936,train,437.0000000000153,1.0,1.0,"(1, 2)",667e6da95ae0a25f225ae6e6
24.0,40.0,1937,train,437.0000000000153,1.0,1.0,"(1, 2)",667e6da95ae0a25f225ae6e6
24.0,40.0,1938,train,437.0000000000153,1.0,1.0,"(1, 2)",667e6da95ae0a25f225ae6e6
24.0,40.0,1939,train,437.0000000000153,1.0,1.0,"(1, 2)",667e6da95ae0a25f225ae6e6
24.0,40.0,1940,train,437.0000000000153,1.0,1.0,"(1, 2)",667e6da95ae0a25f225ae6e6
24.0,40.0,1941,train,437.0000000000153,1.0,1.0,"(1, 2)",667e6da95ae0a25f225ae6e6
24.0,40.0,1942,train,437.0000000000153,1.0,1.0,"(1, 2)",667e6da95ae0a25f225ae6e6
24.0,40.0,1943,train,437.0000000000153,1.0,1.0,"(1, 2)",667e6da95ae0a25f225ae6e6
24.0,40.0,1944,train,437.0000000000153,1.0,1.0,"(1, 2)",667e6da95ae0a25f225ae6e6
24.0,40.0,1945,train,437.0000000000153,1.0,1.0,"(1, 2)",667e6da95ae0a25f225ae6e6
24.0,40.0,1946,train,437.0000000000153,1.0,1.0,"(1, 2)",667e6da95ae0a25f225ae6e6
24.0,40.0,1947,train,437.0000000000153,1.0,1.0,"(1, 2)",667e6da95ae0a25f225ae6e6
24.0,40.0,1948,train,437.0000000000153,1.0,1.0,"(1, 2)",667e6da95ae0a25f225ae6e6
24.0,40.0,1949,train,437.0000000000153,1.0,1.0,"(1, 2)",667e6da95ae0a25f225ae6e6
24.0,40.0,1950,train,437.0000000000153,1.0,1.0,"(1, 2)",667e6da95ae0a25f225ae6e6
24.0,40.0,1951,train,437.0000000000153,1.0,1.0,"(1, 2)",667e6da95ae0a25f225ae6e6
24.0,40.0,1952,train,437.0000000000153,1.0,1.0,"(1, 2)",667e6da95ae0a25f225ae6e6
24.0,40.0,1953,train,437.0000000000153,1.0,1.0,"(1, 2)",667e6da95ae0a25f225ae6e6
24.0,40.0,1954,train,437.0000000000153,1.0,1.0,"(1, 2)",667e6da95ae0a25f225ae6e6
24.0,40.0,1955,train,437.0000000000153,1.0,1.0,"(1, 2)",667e6da95ae0a25f225ae6e6
24.0,40.0,1956,train,437.0000000000153,1.0,1.0,"(1, 2)",667e6da95ae0a25f225ae6e6
24.0,40.0,1957,train,437.0000000000153,1.0,1.0,"(1, 2)",667e6da95ae0a25f225ae6e6
24.0,40.0,1958,train,437.0000000000153,1.0,1.0,"(1, 2)",667e6da95ae0a25f225ae6e6
24.0,41.250000000000284,1959,train,438.2500000000156,1.0,1.0,"(1, 2)",667e6da95ae0a25f225ae6e6
24.0,42.50000000000057,1960,train,439.50000000001586,1.0,1.0,"(1, 2)",667e6da95ae0a25f225ae6e6
24.0,43.75000000000085,1961,train,440.75000000001614,1.0,1.0,"(1, 2)",667e6da95ae0a25f225ae6e6
24.0,45.00000000000114,1962,train,442.0000000000164,1.0,1.0,"(1, 2)",667e6da95ae0a25f225ae6e6
24.0,46.25000000000142,1963,train,443.2500000000167,1.0,1.0,"(1, 2)",667e6da95ae0a25f225ae6e6
24.0,47.500000000001705,1964,train,444.500000000017,1.0,1.0,"(1, 2)",667e6da95ae0a25f225ae6e6
24.0,48.75000000000199,1965,train,445.7500000000173,1.0,1.0,"(1, 2)",667e6da95ae0a25f225ae6e6
24.0,50.000000000002274,1966,train,447.00000000001756,1.0,1.0,"(1, 2)",667e6da95ae0a25f225ae6e6
24.0,51.25000000000256,1967,train,448.25000000001785,1.0,1.0,"(1, 2)",667e6da95ae0a25f225ae6e6
24.0,52.50000000000284,1968,train,449.50000000001813,1.0,1.0,"(1, 2)",667e6da95ae0a25f225ae6e6
24.0,53.750000000003126,1969,train,450.7500000000184,1.0,1.0,"(1, 2)",667e6da95ae0a25f225ae6e6
24.0,55.00000000000341,1970,train,452.0000000000187,1.0,1.0,"(1, 2)",667e6da95ae0a25f225ae6e6
24.0,56.250000000003695,1971,train,453.250000000019,1.0,1.0,"(1, 2)",667e6da95ae0a25f225ae6e6
24.0,57.50000000000398,1972,train,454.50000000001927,1.0,1.0,"(1, 2)",667e6da95ae0a25f225ae6e6
24.0,58.75000000000426,1973,train,455.75000000001955,1.0,1.0,"(1, 2)",667e6da95ae0a25f225ae6e6
24.0,60.00000000000455,1974,train,457.00000000001984,1.0,1.0,"(1, 2)",667e6da95ae0a25f225ae6e6
24.0,61.25000000000483,1975,train,458.2500000000201,1.0,1.0,"(1, 2)",667e6da95ae0a25f225ae6e6
24.0,62.500000000005116,1976,train,459.5000000000204,1.0,1.0,"(1, 2)",667e6da95ae0a25f225ae6e6
24.0,63.7500000000054,1977,train,460.7500000000207,1.0,1.0,"(1, 2)",667e6da95ae0a25f225ae6e6
24.0,65.00000000000568,1978,train,462.000000000021,1.0,1.0,"(1, 2)",667e6da95ae0a25f225ae6e6
24.0,66.25000000000597,1979,train,463.25000000002126,1.0,1.0,"(1, 2)",667e6da95ae0a25f225ae6e6
24.0,67.50000000000625,1980,train,464.50000000002154,1.0,1.0,"(1, 2)",667e6da95ae0a25f225ae6e6
24.0,68.75000000000654,1981,train,465.7500000000218,1.0,1.0,"(1, 2)",667e6da95ae0a25f225ae6e6
24.0,70.00000000000682,1982,train,467.0000000000221,1.0,1.0,"(1, 2)",667e6da95ae0a25f225ae6e6
24.0,71.2500000000071,1983,train,468.2500000000224,1.0,1.0,"(1, 2)",667e6da95ae0a25f225ae6e6
24.0,72.50000000000739,1984,train,469.5000000000227,1.0,1.0,"(1, 2)",667e6da95ae0a25f225ae6e6
24.0,73.75000000000767,1985,train,470.75000000002296,1.0,1.0,"(1, 2)",667e6da95ae0a25f225ae6e6
24.0,75.00000000000796,1986,train,472.00000000002325,1.0,1.0,"(1, 2)",667e6da95ae0a25f225ae6e6
24.0,76.25000000000824,1987,train,473.25000000002353,1.0,1.0,"(1, 2)",667e6da95ae0a25f225ae6e6
24.0,77.50000000000853,1988,train,474.5000000000238,1.0,1.0,"(1, 2)",667e6da95ae0a25f225ae6e6
24.0,78.75000000000881,1989,train,475.7500000000241,1.0,1.0,"(1, 2)",667e6da95ae0a25f225ae6e6
24.0,80.0000000000091,1990,train,477.0000000000244,1.0,1.0,"(1, 2)",667e6da95ae0a25f225ae6e6
24.0,81.25000000000938,1991,train,478.25000000002467,1.0,1.0,"(1, 2)",667e6da95ae0a25f225ae6e6
24.0,82.50000000000966,1992,train,479.50000000002495,1.0,1.0,"(1, 2)",667e6da95ae0a25f225ae6e6
24.0,83.75000000000995,1993,train,480.75000000002524,1.0,1.0,"(1, 2)",667e6da95ae0a25f225ae6e6
24.0,85.00000000001023,1994,train,482.0000000000255,1.0,1.0,"(1, 2)",667e6da95ae0a25f225ae6e6
24.0,86.25000000001052,1995,train,483.2500000000258,1.0,1.0,"(1, 2)",667e6da95ae0a25f225ae6e6
24.0,87.5000000000108,1996,train,484.5000000000261,1.0,1.0,"(1, 2)",667e6da95ae0a25f225ae6e6
24.0,88.75000000001108,1997,train,485.7500000000264,1.0,1.0,"(1, 2)",667e6da95ae0a25f225ae6e6
24.0,90.00000000001137,1998,train,487.00000000002666,1.0,1.0,"(1, 2)",667e6da95ae0a25f225ae6e6
24.0,91.25000000001165,1999,train,488.25000000002694,1.0,1.0,"(1, 2)",667e6da95ae0a25f225ae6e6
24.0,92.50000000001194,2000,train,489.5000000000272,1.0,1.0,"(1, 2)",667e6da95ae0a25f225ae6e6
24.0,93.75000000001222,2001,train,490.7500000000275,1.0,1.0,"(1, 2)",667e6da95ae0a25f225ae6e6
24.0,95.0000000000125,2002,train,492.0000000000278,1.0,1.0,"(1, 2)",667e6da95ae0a25f225ae6e6
24.0,96.25000000001279,2003,train,493.2500000000281,1.0,1.0,"(1, 2)",667e6da95ae0a25f225ae6e6
24.0,97.50000000001307,2004,train,494.50000000002836,1.0,1.0,"(1, 2)",667e6da95ae0a25f225ae6e6
24.0,98.75000000001336,2005,train,495.75000000002865,1.0,1.0,"(1, 2)",667e6da95ae0a25f225ae6e6
24.0,100.00000000001364,2006,train,497.00000000002893,1.0,1.0,"(1, 2)",667e6da95ae0a25f225ae6e6
24.0,101.25000000001393,2007,train,498.2500000000292,1.0,1.0,"(1, 2)",667e6da95ae0a25f225ae6e6
24.0,102.50000000001421,2008,train,499.5000000000295,1.0,1.0,"(1, 2)",667e6da95ae0a25f225ae6e6
24.0,103.7500000000145,2009,train,500.7500000000298,1.0,1.0,"(1, 2)",667e6da95ae0a25f225ae6e6
24.0,104.0,2010,train,501.0000000000153,1.0,1.0,"(1, 2)",667e6da95ae0a25f225ae6e6
24.0,104.0,2011,train,501.0000000000153,1.0,1.0,"(1, 2)",667e6da95ae0a25f225ae6e6
24.0,104.0,2012,train,501.0000000000153,1.0,1.0,"(1, 2)",667e6da95ae0a25f225ae6e6
24.0,104.0,2013,train,501.0000000000153,1.0,1.0,"(1, 2)",667e6da95ae0a25f225ae6e6
24.0,104.0,2014,train,501.0000000000153,1.0,1.0,"(1, 2)",667e6da95ae0a25f225ae6e6
24.0,104.0,2015,train,501.0000000000153,1.0,1.0,"(1, 2)",667e6da95ae0a25f225ae6e6
24.0,104.0,2016,train,501.0000000000153,1.0,1.0,"(1, 2)",667e6da95ae0a25f225ae6e6
24.0,104.0,2017,train,501.0000000000153,1.0,1.0,"(1, 2)",667e6da95ae0a25f225ae6e6
24.0,104.0,2018,train,501.0000000000153,1.0,1.0,"(1, 2)",667e6da95ae0a25f225ae6e6
24.0,104.0,2019,train,501.0000000000153,1.0,1.0,"(1, 2)",667e6da95ae0a25f225ae6e6
24.0,104.0,2020,train,501.0000000000153,1.0,1.0,"(1, 2)",667e6da95ae0a25f225ae6e6
24.0,104.0,2021,train,501.0000000000153,1.0,1.0,"(1, 2)",667e6da95ae0a25f225ae6e6
24.0,104.0,2022,train,501.0000000000153,1.0,1.0,"(1, 2)",667e6da95ae0a25f225ae6e6
24.0,104.0,2023,train,501.0000000000153,1.0,1.0,"(1, 2)",667e6da95ae0a25f225ae6e6
24.0,104.0,2024,train,501.0000000000153,1.0,1.0,"(1, 2)",667e6da95ae0a25f225ae6e6
24.0,104.0,2025,train,501.0000000000153,1.0,1.0,"(1, 2)",667e6da95ae0a25f225ae6e6
24.0,104.0,2026,train,501.0000000000153,1.0,1.0,"(1, 2)",667e6da95ae0a25f225ae6e6
24.0,104.0,2027,train,501.0000000000153,1.0,1.0,"(1, 2)",667e6da95ae0a25f225ae6e6
24.0,104.0,2028,train,501.0000000000153,1.0,1.0,"(1, 2)",667e6da95ae0a25f225ae6e6
24.0,104.0,2029,train,501.0000000000153,1.0,1.0,"(1, 2)",667e6da95ae0a25f225ae6e6
24.0,104.0,2030,train,501.0000000000153,1.0,1.0,"(1, 2)",667e6da95ae0a25f225ae6e6
24.0,104.0,2031,train,501.0000000000153,1.0,1.0,"(1, 2)",667e6da95ae0a25f225ae6e6
24.0,104.0,2032,train,501.0000000000153,1.0,1.0,"(1, 2)",667e6da95ae0a25f225ae6e6
24.0,104.0,2033,train,501.0000000000153,1.0,1.0,"(1, 2)",667e6da95ae0a25f225ae6e6
24.0,104.0,2034,train,501.0000000000153,1.0,1.0,"(1, 2)",667e6da95ae0a25f225ae6e6
24.0,104.0,2035,train,501.0000000000153,1.0,1.0,"(1, 2)",667e6da95ae0a25f225ae6e6
24.0,104.0,2036,train,501.0000000000153,1.0,1.0,"(1, 2)",667e6da95ae0a25f225ae6e6
24.0,104.0,2037,train,501.0000000000153,1.0,1.0,"(1, 2)",667e6da95ae0a25f225ae6e6
24.0,104.0,2038,train,501.0000000000153,1.0,1.0,"(1, 2)",667e6da95ae0a25f225ae6e6
24.0,104.0,2039,train,501.0000000000153,1.0,1.0,"(1, 2)",667e6da95ae0a25f225ae6e6
24.0,104.0,2040,train,501.0000000000153,1.0,1.0,"(1, 2)",667e6da95ae0a25f225ae6e6
24.0,104.0,2041,train,501.0000000000153,1.0,1.0,"(1, 2)",667e6da95ae0a25f225ae6e6
24.0,104.0,2042,train,501.0000000000153,1.0,1.0,"(1, 2)",667e6da95ae0a25f225ae6e6
24.0,104.0,2043,train,501.0000000000153,1.0,1.0,"(1, 2)",667e6da95ae0a25f225ae6e6
24.0,104.0,2044,train,501.0000000000153,1.0,1.0,"(1, 2)",667e6da95ae0a25f225ae6e6
24.0,104.0,2045,train,501.0000000000153,1.0,1.0,"(1, 2)",667e6da95ae0a25f225ae6e6
24.0,104.0,2046,train,501.0000000000153,1.0,1.0,"(1, 2)",667e6da95ae0a25f225ae6e6
24.0,104.0,2047,train,501.0000000000153,1.0,1.0,"(1, 2)",667e6da95ae0a25f225ae6e6
24.0,104.0,2048,train,501.0000000000153,1.0,1.0,"(1, 2)",667e6da95ae0a25f225ae6e6
24.0,104.0,2049,train,501.0000000000153,1.0,1.0,"(1, 2)",667e6da95ae0a25f225ae6e6
24.0,104.0,2050,train,501.0000000000153,1.0,1.0,"(1, 2)",667e6da95ae0a25f225ae6e6
24.0,104.0,2051,train,501.0000000000153,1.0,1.0,"(1, 2)",667e6da95ae0a25f225ae6e6
24.0,104.0,2052,train,501.0000000000153,1.0,1.0,"(1, 2)",667e6da95ae0a25f225ae6e6
24.0,104.0,2053,train,501.0000000000153,1.0,1.0,"(1, 2)",667e6da95ae0a25f225ae6e6
24.0,104.0,2054,train,501.0000000000153,1.0,1.0,"(1, 2)",667e6da95ae0a25f225ae6e6
24.0,104.0,2055,train,501.0000000000153,1.0,1.0,"(1, 2)",667e6da95ae0a25f225ae6e6
24.0,104.0,2056,train,501.0000000000153,1.0,1.0,"(1, 2)",667e6da95ae0a25f225ae6e6
24.0,104.0,2057,train,501.0000000000153,1.0,1.0,"(1, 2)",667e6da95ae0a25f225ae6e6
24.0,104.0,2058,train,501.0000000000153,1.0,1.0,"(1, 2)",667e6da95ae0a25f225ae6e6
24.0,104.0,2059,train,501.0000000000153,1.0,1.0,"(1, 2)",667e6da95ae0a25f225ae6e6
24.0,104.0,2060,train,501.0000000000153,1.0,1.0,"(1, 2)",667e6da95ae0a25f225ae6e6
24.0,104.0,2061,train,501.0000000000153,1.0,1.0,"(1, 2)",667e6da95ae0a25f225ae6e6
24.0,104.0,2062,train,501.0000000000153,1.0,1.0,"(1, 2)",667e6da95ae0a25f225ae6e6
24.0,104.0,2063,train,501.0000000000153,1.0,1.0,"(1, 2)",667e6da95ae0a25f225ae6e6
24.0,104.0,2064,train,501.0000000000153,1.0,1.0,"(1, 2)",667e6da95ae0a25f225ae6e6
24.0,104.0,2065,train,501.0000000000153,1.0,1.0,"(1, 2)",667e6da95ae0a25f225ae6e6
24.0,104.0,2066,train,501.0000000000153,1.0,1.0,"(1, 2)",667e6da95ae0a25f225ae6e6
24.0,104.0,2067,train,501.0000000000153,1.0,1.0,"(1, 2)",667e6da95ae0a25f225ae6e6
24.0,104.0,2068,train,501.0000000000153,1.0,1.0,"(1, 2)",667e6da95ae0a25f225ae6e6
24.0,104.0,2069,train,501.0000000000153,1.0,1.0,"(1, 2)",667e6da95ae0a25f225ae6e6
24.0,104.0,2070,train,501.0000000000153,1.0,1.0,"(1, 2)",667e6da95ae0a25f225ae6e6
24.0,104.0,2071,train,501.0000000000153,1.0,1.0,"(1, 2)",667e6da95ae0a25f225ae6e6
24.0,104.0,2072,train,501.0000000000153,1.0,1.0,"(1, 2)",667e6da95ae0a25f225ae6e6
24.0,104.0,2073,train,501.0000000000153,1.0,1.0,"(1, 2)",667e6da95ae0a25f225ae6e6
24.0,104.0,2074,train,501.0000000000153,1.0,1.0,"(1, 2)",667e6da95ae0a25f225ae6e6
24.0,104.0,2075,train,501.0000000000153,1.0,1.0,"(1, 2)",667e6da95ae0a25f225ae6e6
24.0,104.0,2076,train,501.0000000000153,1.0,1.0,"(1, 2)",667e6da95ae0a25f225ae6e6
24.0,104.0,2077,train,501.0000000000153,1.0,1.0,"(1, 2)",667e6da95ae0a25f225ae6e6
24.0,104.0,2078,train,501.0000000000153,1.0,1.0,"(1, 2)",667e6da95ae0a25f225ae6e6
24.0,104.0,2079,train,501.0000000000153,1.0,1.0,"(1, 2)",667e6da95ae0a25f225ae6e6
24.0,104.0,2080,train,501.0000000000153,1.0,1.0,"(1, 2)",667e6da95ae0a25f225ae6e6
24.0,104.0,2081,train,501.0000000000153,1.0,1.0,"(1, 2)",667e6da95ae0a25f225ae6e6
24.0,104.0,2082,train,501.0000000000153,1.0,1.0,"(1, 2)",667e6da95ae0a25f225ae6e6
24.0,104.0,2083,train,501.0000000000153,1.0,1.0,"(1, 2)",667e6da95ae0a25f225ae6e6
24.0,104.0,2084,train,501.0000000000153,1.0,1.0,"(1, 2)",667e6da95ae0a25f225ae6e6
24.0,104.0,2085,train,501.0000000000153,1.0,1.0,"(1, 2)",667e6da95ae0a25f225ae6e6
24.0,104.0,2086,train,501.0000000000153,1.0,1.0,"(1, 2)",667e6da95ae0a25f225ae6e6
24.0,104.0,2087,train,501.0000000000153,1.0,1.0,"(1, 2)",667e6da95ae0a25f225ae6e6
24.0,104.0,2088,train,501.0000000000153,1.0,1.0,"(1, 2)",667e6da95ae0a25f225ae6e6
24.0,104.0,2089,train,501.0000000000153,1.0,1.0,"(1, 2)",667e6da95ae0a25f225ae6e6
24.0,104.0,2090,train,501.0000000000153,1.0,1.0,"(1, 2)",667e6da95ae0a25f225ae6e6
24.0,102.74999999999972,2091,train,502.2500000000156,1.0,1.0,"(1, 2)",667e6da95ae0a25f225ae6e6
24.0,101.49999999999943,2092,train,503.50000000001586,1.0,1.0,"(1, 2)",667e6da95ae0a25f225ae6e6
24.0,100.24999999999915,2093,train,504.75000000001614,1.0,1.0,"(1, 2)",667e6da95ae0a25f225ae6e6
24.0,98.99999999999886,2094,train,506.0000000000164,1.0,1.0,"(1, 2)",667e6da95ae0a25f225ae6e6
24.0,97.74999999999858,2095,train,507.2500000000167,1.0,1.0,"(1, 2)",667e6da95ae0a25f225ae6e6
24.0,96.4999999999983,2096,train,508.500000000017,1.0,1.0,"(1, 2)",667e6da95ae0a25f225ae6e6
24.0,95.24999999999801,2097,train,509.7500000000173,1.0,1.0,"(1, 2)",667e6da95ae0a25f225ae6e6
24.0,93.99999999999773,2098,train,511.00000000001756,1.0,1.0,"(1, 2)",667e6da95ae0a25f225ae6e6
24.0,92.74999999999744,2099,train,512.2500000000178,1.0,1.0,"(1, 2)",667e6da95ae0a25f225ae6e6
24.0,91.49999999999716,2100,train,513.5000000000182,1.0,1.0,"(1, 2)",667e6da95ae0a25f225ae6e6
24.0,90.24999999999687,2101,train,514.7500000000184,1.0,1.0,"(1, 2)",667e6da95ae0a25f225ae6e6
24.0,88.99999999999659,2102,train,516.0000000000186,1.0,1.0,"(1, 2)",667e6da95ae0a25f225ae6e6
24.0,88.0,2103,train,517.0000000000152,1.0,1.0,"(1, 2)",667e6da95ae0a25f225ae6e6
24.0,88.0,2104,train,517.0000000000152,1.0,1.0,"(1, 2)",667e6da95ae0a25f225ae6e6
24.0,88.0,2105,train,517.0000000000152,1.0,1.0,"(1, 2)",667e6da95ae0a25f225ae6e6
24.0,88.0,2106,train,517.0000000000152,1.0,1.0,"(1, 2)",667e6da95ae0a25f225ae6e6
24.0,88.0,2107,train,517.0000000000152,1.0,1.0,"(1, 2)",667e6da95ae0a25f225ae6e6
24.0,88.0,2108,train,517.0000000000152,1.0,1.0,"(1, 2)",667e6da95ae0a25f225ae6e6
24.0,88.0,2109,train,517.0000000000152,1.0,1.0,"(1, 2)",667e6da95ae0a25f225ae6e6
24.0,88.0,2110,train,517.0000000000152,1.0,1.0,"(1, 2)",667e6da95ae0a25f225ae6e6
24.0,88.0,2111,train,517.0000000000152,1.0,1.0,"(1, 2)",667e6da95ae0a25f225ae6e6
24.0,88.0,2112,train,517.0000000000152,1.0,1.0,"(1, 2)",667e6da95ae0a25f225ae6e6
24.0,88.0,2113,train,517.0000000000152,1.0,1.0,"(1, 2)",667e6da95ae0a25f225ae6e6
24.0,88.0,2114,train,517.0000000000152,1.0,1.0,"(1, 2)",667e6da95ae0a25f225ae6e6
24.0,88.0,2115,train,517.0000000000152,1.0,1.0,"(1, 2)",667e6da95ae0a25f225ae6e6
24.0,88.0,2116,train,517.0000000000152,1.0,1.0,"(1, 2)",667e6da95ae0a25f225ae6e6
24.0,88.0,2117,train,517.0000000000152,1.0,1.0,"(1, 2)",667e6da95ae0a25f225ae6e6
24.0,88.0,2118,train,517.0000000000152,1.0,1.0,"(1, 2)",667e6da95ae0a25f225ae6e6
24.0,88.0,2119,train,517.0000000000152,1.0,1.0,"(1, 2)",667e6da95ae0a25f225ae6e6
24.0,88.0,2120,train,517.0000000000152,1.0,1.0,"(1, 2)",667e6da95ae0a25f225ae6e6
24.0,88.0,2121,train,517.0000000000152,1.0,1.0,"(1, 2)",667e6da95ae0a25f225ae6e6
24.0,88.0,2122,train,517.0000000000152,1.0,1.0,"(1, 2)",667e6da95ae0a25f225ae6e6
24.0,88.0,2123,train,517.0000000000152,1.0,1.0,"(1, 2)",667e6da95ae0a25f225ae6e6
24.0,88.0,2124,train,517.0000000000152,1.0,1.0,"(1, 2)",667e6da95ae0a25f225ae6e6
24.0,88.0,2125,train,517.0000000000152,1.0,1.0,"(1, 2)",667e6da95ae0a25f225ae6e6
24.0,88.0,2126,train,517.0000000000152,1.0,1.0,"(1, 2)",667e6da95ae0a25f225ae6e6
24.0,88.0,2127,train,517.0000000000152,1.0,1.0,"(1, 2)",667e6da95ae0a25f225ae6e6
24.0,88.0,2128,train,517.0000000000152,1.0,1.0,"(1, 2)",667e6da95ae0a25f225ae6e6
24.0,88.0,2129,train,517.0000000000152,1.0,1.0,"(1, 2)",667e6da95ae0a25f225ae6e6
24.0,88.0,2130,train,517.0000000000152,1.0,1.0,"(1, 2)",667e6da95ae0a25f225ae6e6
24.0,88.0,2131,train,517.0000000000152,1.0,1.0,"(1, 2)",667e6da95ae0a25f225ae6e6
24.0,88.0,2132,train,517.0000000000152,1.0,1.0,"(1, 2)",667e6da95ae0a25f225ae6e6
24.0,88.0,2133,train,517.0000000000152,1.0,1.0,"(1, 2)",667e6da95ae0a25f225ae6e6
24.0,88.0,2134,train,517.0000000000152,1.0,1.0,"(1, 2)",667e6da95ae0a25f225ae6e6
24.0,88.0,2135,train,517.0000000000152,1.0,1.0,"(1, 2)",667e6da95ae0a25f225ae6e6
24.0,88.0,2136,train,517.0000000000152,1.0,1.0,"(1, 2)",667e6da95ae0a25f225ae6e6
24.0,88.0,2137,train,517.0000000000152,1.0,1.0,"(1, 2)",667e6da95ae0a25f225ae6e6
24.0,88.0,2138,train,517.0000000000152,1.0,1.0,"(1, 2)",667e6da95ae0a25f225ae6e6
24.0,88.0,2139,train,517.0000000000152,1.0,1.0,"(1, 2)",667e6da95ae0a25f225ae6e6
24.0,88.0,2140,train,517.0000000000152,1.0,1.0,"(1, 2)",667e6da95ae0a25f225ae6e6
24.0,88.0,2141,train,517.0000000000152,1.0,1.0,"(1, 2)",667e6da95ae0a25f225ae6e6
24.0,88.0,2142,train,517.0000000000152,1.0,1.0,"(1, 2)",667e6da95ae0a25f225ae6e6
24.0,88.0,2143,train,517.0000000000152,1.0,1.0,"(1, 2)",667e6da95ae0a25f225ae6e6
24.0,88.0,2144,train,517.0000000000152,1.0,1.0,"(1, 2)",667e6da95ae0a25f225ae6e6
24.0,88.0,2145,train,517.0000000000152,1.0,1.0,"(1, 2)",667e6da95ae0a25f225ae6e6
24.0,88.0,2146,train,517.0000000000152,1.0,1.0,"(1, 2)",667e6da95ae0a25f225ae6e6
24.0,88.0,2147,train,517.0000000000152,1.0,1.0,"(1, 2)",667e6da95ae0a25f225ae6e6
24.0,88.0,2148,train,517.0000000000152,1.0,1.0,"(1, 2)",667e6da95ae0a25f225ae6e6
24.0,88.0,2149,train,517.0000000000152,1.0,1.0,"(1, 2)",667e6da95ae0a25f225ae6e6
24.0,88.0,2150,train,517.0000000000152,1.0,1.0,"(1, 2)",667e6da95ae0a25f225ae6e6
24.0,88.0,2151,train,517.0000000000152,1.0,1.0,"(1, 2)",667e6da95ae0a25f225ae6e6
24.0,88.0,2152,train,517.0000000000152,1.0,1.0,"(1, 2)",667e6da95ae0a25f225ae6e6
24.0,88.0,2153,train,517.0000000000152,1.0,1.0,"(1, 2)",667e6da95ae0a25f225ae6e6
24.0,88.0,2154,train,517.0000000000152,1.0,1.0,"(1, 2)",667e6da95ae0a25f225ae6e6
24.0,88.0,2155,train,517.0000000000152,1.0,1.0,"(1, 2)",667e6da95ae0a25f225ae6e6
24.0,88.0,2156,train,517.0000000000152,1.0,1.0,"(1, 2)",667e6da95ae0a25f225ae6e6
24.0,88.0,2157,train,517.0000000000152,1.0,1.0,"(1, 2)",667e6da95ae0a25f225ae6e6
24.0,88.0,2158,train,517.0000000000152,1.0,1.0,"(1, 2)",667e6da95ae0a25f225ae6e6
24.0,88.0,2159,train,517.0000000000152,1.0,1.0,"(1, 2)",667e6da95ae0a25f225ae6e6
24.0,88.0,2160,train,517.0000000000152,1.0,1.0,"(1, 2)",667e6da95ae0a25f225ae6e6
24.0,88.0,2161,train,517.0000000000152,1.0,1.0,"(1, 2)",667e6da95ae0a25f225ae6e6
24.0,88.0,2162,train,517.0000000000152,1.0,1.0,"(1, 2)",667e6da95ae0a25f225ae6e6
24.0,88.0,2163,train,517.0000000000152,1.0,1.0,"(1, 2)",667e6da95ae0a25f225ae6e6
24.0,88.0,2164,train,517.0000000000152,1.0,1.0,"(1, 2)",667e6da95ae0a25f225ae6e6
24.0,88.0,2165,train,517.0000000000152,1.0,1.0,"(1, 2)",667e6da95ae0a25f225ae6e6
24.0,88.0,2166,train,517.0000000000152,1.0,1.0,"(1, 2)",667e6da95ae0a25f225ae6e6
24.0,88.0,2167,train,517.0000000000152,1.0,1.0,"(1, 2)",667e6da95ae0a25f225ae6e6
24.0,88.0,2168,train,517.0000000000152,1.0,1.0,"(1, 2)",667e6da95ae0a25f225ae6e6
24.0,88.0,2169,train,517.0000000000152,1.0,1.0,"(1, 2)",667e6da95ae0a25f225ae6e6
24.0,88.0,2170,train,517.0000000000152,1.0,1.0,"(1, 2)",667e6da95ae0a25f225ae6e6
24.0,88.0,2171,train,517.0000000000152,1.0,1.0,"(1, 2)",667e6da95ae0a25f225ae6e6
24.0,88.0,2172,train,517.0000000000152,1.0,1.0,"(1, 2)",667e6da95ae0a25f225ae6e6
24.0,88.0,2173,train,517.0000000000152,1.0,1.0,"(1, 2)",667e6da95ae0a25f225ae6e6
24.0,88.0,2174,train,517.0000000000152,1.0,1.0,"(1, 2)",667e6da95ae0a25f225ae6e6
24.0,88.0,2175,train,517.0000000000152,1.0,1.0,"(1, 2)",667e6da95ae0a25f225ae6e6
24.0,88.0,2176,train,517.0000000000152,1.0,1.0,"(1, 2)",667e6da95ae0a25f225ae6e6
24.0,88.0,2177,train,517.0000000000152,1.0,1.0,"(1, 2)",667e6da95ae0a25f225ae6e6
24.0,88.0,2178,train,517.0000000000152,1.0,1.0,"(1, 2)",667e6da95ae0a25f225ae6e6
24.0,88.0,2179,train,517.0000000000152,1.0,1.0,"(1, 2)",667e6da95ae0a25f225ae6e6
24.0,88.0,2180,train,517.0000000000152,1.0,1.0,"(1, 2)",667e6da95ae0a25f225ae6e6
24.0,88.0,2181,train,517.0000000000152,1.0,1.0,"(1, 2)",667e6da95ae0a25f225ae6e6
24.0,88.0,2182,train,517.0000000000152,1.0,1.0,"(1, 2)",667e6da95ae0a25f225ae6e6
24.0,88.0,2183,train,517.0000000000152,1.0,1.0,"(1, 2)",667e6da95ae0a25f225ae6e6
24.0,86.74999999999972,2184,train,518.2500000000155,1.0,1.0,"(1, 2)",667e6da95ae0a25f225ae6e6
24.0,85.49999999999943,2185,train,519.5000000000157,1.0,1.0,"(1, 2)",667e6da95ae0a25f225ae6e6
24.0,84.24999999999915,2186,train,520.7500000000159,1.0,1.0,"(1, 2)",667e6da95ae0a25f225ae6e6
24.0,82.99999999999886,2187,train,522.0000000000161,1.0,1.0,"(1, 2)",667e6da95ae0a25f225ae6e6
24.0,81.74999999999858,2188,train,523.2500000000164,1.0,1.0,"(1, 2)",667e6da95ae0a25f225ae6e6
24.0,80.4999999999983,2189,train,524.5000000000166,1.0,1.0,"(1, 2)",667e6da95ae0a25f225ae6e6
24.0,79.24999999999801,2190,train,525.7500000000168,1.0,1.0,"(1, 2)",667e6da95ae0a25f225ae6e6
24.0,77.99999999999773,2191,train,527.000000000017,1.0,1.0,"(1, 2)",667e6da95ae0a25f225ae6e6
24.0,76.74999999999744,2192,train,528.2500000000173,1.0,1.0,"(1, 2)",667e6da95ae0a25f225ae6e6
24.0,75.49999999999716,2193,train,529.5000000000175,1.0,1.0,"(1, 2)",667e6da95ae0a25f225ae6e6
24.0,74.24999999999687,2194,train,530.7500000000177,1.0,1.0,"(1, 2)",667e6da95ae0a25f225ae6e6
24.0,72.99999999999659,2195,train,532.000000000018,1.0,1.0,"(1, 2)",667e6da95ae0a25f225ae6e6
24.0,71.7499999999963,2196,train,533.2500000000182,1.0,1.0,"(1, 2)",667e6da95ae0a25f225ae6e6
24.0,70.49999999999602,2197,train,534.5000000000184,1.0,1.0,"(1, 2)",667e6da95ae0a25f225ae6e6
24.0,69.24999999999574,2198,train,535.7500000000186,1.0,1.0,"(1, 2)",667e6da95ae0a25f225ae6e6
24.0,67.99999999999545,2199,train,537.0000000000189,1.0,1.0,"(1, 2)",667e6da95ae0a25f225ae6e6
24.0,66.74999999999517,2200,train,538.2500000000191,1.0,1.0,"(1, 2)",667e6da95ae0a25f225ae6e6
24.0,65.49999999999488,2201,train,539.5000000000193,1.0,1.0,"(1, 2)",667e6da95ae0a25f225ae6e6
24.0,64.2499999999946,2202,train,540.7500000000196,1.0,1.0,"(1, 2)",667e6da95ae0a25f225ae6e6
24.0,62.999999999994316,2203,train,542.0000000000198,1.0,1.0,"(1, 2)",667e6da95ae0a25f225ae6e6
24.0,61.74999999999403,2204,train,543.25000000002,1.0,1.0,"(1, 2)",667e6da95ae0a25f225ae6e6
24.0,60.49999999999375,2205,train,544.5000000000202,1.0,1.0,"(1, 2)",667e6da95ae0a25f225ae6e6
24.0,59.24999999999346,2206,train,545.7500000000205,1.0,1.0,"(1, 2)",667e6da95ae0a25f225ae6e6
24.0,57.99999999999318,2207,train,547.0000000000207,1.0,1.0,"(1, 2)",667e6da95ae0a25f225ae6e6
24.0,56.749999999992895,2208,train,548.2500000000209,1.0,1.0,"(1, 2)",667e6da95ae0a25f225ae6e6
24.0,55.49999999999261,2209,train,549.5000000000211,1.0,1.0,"(1, 2)",667e6da95ae0a25f225ae6e6
24.0,54.249999999992326,2210,train,550.7500000000214,1.0,1.0,"(1, 2)",667e6da95ae0a25f225ae6e6
24.0,52.99999999999204,2211,train,552.0000000000216,1.0,1.0,"(1, 2)",667e6da95ae0a25f225ae6e6
24.0,51.74999999999176,2212,train,553.2500000000218,1.0,1.0,"(1, 2)",667e6da95ae0a25f225ae6e6
24.0,50.49999999999147,2213,train,554.500000000022,1.0,1.0,"(1, 2)",667e6da95ae0a25f225ae6e6
24.0,49.24999999999119,2214,train,555.7500000000223,1.0,1.0,"(1, 2)",667e6da95ae0a25f225ae6e6
24.0,47.999999999990905,2215,train,557.0000000000225,1.0,1.0,"(1, 2)",667e6da95ae0a25f225ae6e6
24.0,46.74999999999062,2216,train,558.2500000000227,1.0,1.0,"(1, 2)",667e6da95ae0a25f225ae6e6
24.0,45.49999999999034,2217,train,559.500000000023,1.0,1.0,"(1, 2)",667e6da95ae0a25f225ae6e6
24.0,44.24999999999005,2218,train,560.7500000000232,1.0,1.0,"(1, 2)",667e6da95ae0a25f225ae6e6
24.0,42.99999999998977,2219,train,562.0000000000234,1.0,1.0,"(1, 2)",667e6da95ae0a25f225ae6e6
24.0,41.749999999989484,2220,train,563.2500000000236,1.0,1.0,"(1, 2)",667e6da95ae0a25f225ae6e6
24.0,40.4999999999892,2221,train,564.5000000000239,1.0,1.0,"(1, 2)",667e6da95ae0a25f225ae6e6
24.0,39.249999999988916,2222,train,565.7500000000241,1.0,1.0,"(1, 2)",667e6da95ae0a25f225ae6e6
24.0,37.99999999998863,2223,train,567.0000000000243,1.0,1.0,"(1, 2)",667e6da95ae0a25f225ae6e6
24.0,36.74999999998835,2224,train,568.2500000000246,1.0,1.0,"(1, 2)",667e6da95ae0a25f225ae6e6
24.0,35.49999999998806,2225,train,569.5000000000248,1.0,1.0,"(1, 2)",667e6da95ae0a25f225ae6e6
24.0,34.24999999998778,2226,train,570.750000000025,1.0,1.0,"(1, 2)",667e6da95ae0a25f225ae6e6
24.0,32.999999999987494,2227,train,572.0000000000252,1.0,1.0,"(1, 2)",667e6da95ae0a25f225ae6e6
24.0,31.749999999987285,2228,train,573.2500000000255,1.0,1.0,"(1, 2)",667e6da95ae0a25f225ae6e6
24.0,30.499999999987356,2229,train,574.5000000000254,1.0,1.0,"(1, 2)",667e6da95ae0a25f225ae6e6
24.0,29.249999999987427,2230,train,575.7500000000252,1.0,1.0,"(1, 2)",667e6da95ae0a25f225ae6e6
24.0,27.999999999987498,2231,train,577.0000000000251,1.0,1.0,"(1, 2)",667e6da95ae0a25f225ae6e6
24.0,26.74999999998757,2232,train,578.250000000025,1.0,1.0,"(1, 2)",667e6da95ae0a25f225ae6e6
24.0,25.49999999998764,2233,train,579.5000000000249,1.0,1.0,"(1, 2)",667e6da95ae0a25f225ae6e6
24.0,24.24999999998771,2234,train,580.7500000000248,1.0,1.0,"(1, 2)",667e6da95ae0a25f225ae6e6
24.0,24.0,2235,train,581.0000000000125,1.0,1.0,"(1, 2)",667e6da95ae0a25f225ae6e6
24.0,24.0,2236,train,581.0000000000125,1.0,1.0,"(1, 2)",667e6da95ae0a25f225ae6e6
24.0,24.0,2237,train,581.0000000000125,1.0,1.0,"(1, 2)",667e6da95ae0a25f225ae6e6
24.0,24.0,2238,train,581.0000000000125,1.0,1.0,"(1, 2)",667e6da95ae0a25f225ae6e6
24.0,24.0,2239,train,581.0000000000125,1.0,1.0,"(1, 2)",667e6da95ae0a25f225ae6e6
24.0,24.0,2240,train,581.0000000000125,1.0,1.0,"(1, 2)",667e6da95ae0a25f225ae6e6
24.0,24.0,2241,train,581.0000000000125,1.0,1.0,"(1, 2)",667e6da95ae0a25f225ae6e6
24.0,24.0,2242,train,581.0000000000125,1.0,1.0,"(1, 2)",667e6da95ae0a25f225ae6e6
24.0,24.0,2243,train,581.0000000000125,1.0,1.0,"(1, 2)",667e6da95ae0a25f225ae6e6
24.0,24.0,2244,train,581.0000000000125,1.0,1.0,"(1, 2)",667e6da95ae0a25f225ae6e6
24.0,24.0,2245,train,581.0000000000125,1.0,1.0,"(1, 2)",667e6da95ae0a25f225ae6e6
24.0,24.0,2246,train,581.0000000000125,1.0,1.0,"(1, 2)",667e6da95ae0a25f225ae6e6
24.0,24.0,2247,train,581.0000000000125,1.0,1.0,"(1, 2)",667e6da95ae0a25f225ae6e6
24.0,24.0,2248,train,581.0000000000125,1.0,1.0,"(1, 2)",667e6da95ae0a25f225ae6e6
24.0,24.0,2249,train,581.0000000000125,1.0,1.0,"(1, 2)",667e6da95ae0a25f225ae6e6
24.0,24.0,2250,train,581.0000000000125,1.0,1.0,"(1, 2)",667e6da95ae0a25f225ae6e6
24.0,24.0,2251,train,581.0000000000125,1.0,1.0,"(1, 2)",667e6da95ae0a25f225ae6e6
24.0,24.0,2252,train,581.0000000000125,1.0,1.0,"(1, 2)",667e6da95ae0a25f225ae6e6
24.0,24.0,2253,train,581.0000000000125,1.0,1.0,"(1, 2)",667e6da95ae0a25f225ae6e6
24.0,24.0,2254,train,581.0000000000125,1.0,1.0,"(1, 2)",667e6da95ae0a25f225ae6e6
24.0,24.0,2255,train,581.0000000000125,1.0,1.0,"(1, 2)",667e6da95ae0a25f225ae6e6
24.0,24.0,2256,train,581.0000000000125,1.0,1.0,"(1, 2)",667e6da95ae0a25f225ae6e6
24.0,24.0,2257,train,581.0000000000125,1.0,1.0,"(1, 2)",667e6da95ae0a25f225ae6e6
24.0,24.0,2258,train,581.0000000000125,1.0,1.0,"(1, 2)",667e6da95ae0a25f225ae6e6
24.0,24.0,2259,train,581.0000000000125,1.0,1.0,"(1, 2)",667e6da95ae0a25f225ae6e6
24.0,24.0,2260,train,581.0000000000125,1.0,1.0,"(1, 2)",667e6da95ae0a25f225ae6e6
24.0,24.0,2261,train,581.0000000000125,1.0,1.0,"(1, 2)",667e6da95ae0a25f225ae6e6
24.0,24.0,2262,train,581.0000000000125,1.0,1.0,"(1, 2)",667e6da95ae0a25f225ae6e6
24.0,24.0,2263,train,581.0000000000125,1.0,1.0,"(1, 2)",667e6da95ae0a25f225ae6e6
24.0,24.0,2264,train,581.0000000000125,1.0,1.0,"(1, 2)",667e6da95ae0a25f225ae6e6
24.0,24.0,2265,train,581.0000000000125,1.0,1.0,"(1, 2)",667e6da95ae0a25f225ae6e6
24.0,24.0,2266,train,581.0000000000125,1.0,1.0,"(1, 2)",667e6da95ae0a25f225ae6e6
24.0,24.0,2267,train,581.0000000000125,1.0,1.0,"(1, 2)",667e6da95ae0a25f225ae6e6
24.0,24.0,2268,train,581.0000000000125,1.0,1.0,"(1, 2)",667e6da95ae0a25f225ae6e6
24.0,24.0,2269,train,581.0000000000125,1.0,1.0,"(1, 2)",667e6da95ae0a25f225ae6e6
24.0,24.0,2270,train,581.0000000000125,1.0,1.0,"(1, 2)",667e6da95ae0a25f225ae6e6
24.0,24.0,2271,train,581.0000000000125,1.0,1.0,"(1, 2)",667e6da95ae0a25f225ae6e6
24.0,24.0,2272,train,581.0000000000125,1.0,1.0,"(1, 2)",667e6da95ae0a25f225ae6e6
24.0,24.0,2273,train,581.0000000000125,1.0,1.0,"(1, 2)",667e6da95ae0a25f225ae6e6
24.0,24.0,2274,train,581.0000000000125,1.0,1.0,"(1, 2)",667e6da95ae0a25f225ae6e6
24.0,24.0,2275,train,581.0000000000125,1.0,1.0,"(1, 2)",667e6da95ae0a25f225ae6e6
24.0,24.0,2276,train,581.0000000000125,1.0,1.0,"(1, 2)",667e6da95ae0a25f225ae6e6
24.0,24.0,2277,train,581.0000000000125,1.0,1.0,"(1, 2)",667e6da95ae0a25f225ae6e6
24.0,24.0,2278,train,581.0000000000125,1.0,1.0,"(1, 2)",667e6da95ae0a25f225ae6e6
24.0,24.0,2279,train,581.0000000000125,1.0,1.0,"(1, 2)",667e6da95ae0a25f225ae6e6
24.0,24.0,2280,train,581.0000000000125,1.0,1.0,"(1, 2)",667e6da95ae0a25f225ae6e6
24.0,24.0,2281,train,581.0000000000125,1.0,1.0,"(1, 2)",667e6da95ae0a25f225ae6e6
24.0,24.0,2282,train,581.0000000000125,1.0,1.0,"(1, 2)",667e6da95ae0a25f225ae6e6
24.0,24.0,2283,train,581.0000000000125,1.0,1.0,"(1, 2)",667e6da95ae0a25f225ae6e6
24.0,24.0,2284,train,581.0000000000125,1.0,1.0,"(1, 2)",667e6da95ae0a25f225ae6e6
24.0,24.0,2285,train,581.0000000000125,1.0,1.0,"(1, 2)",667e6da95ae0a25f225ae6e6
24.0,24.0,2286,train,581.0000000000125,1.0,1.0,"(1, 2)",667e6da95ae0a25f225ae6e6
24.0,24.0,2287,train,581.0000000000125,1.0,1.0,"(1, 2)",667e6da95ae0a25f225ae6e6
24.0,24.0,2288,train,581.0000000000125,1.0,1.0,"(1, 2)",667e6da95ae0a25f225ae6e6
24.0,24.0,2289,train,581.0000000000125,1.0,1.0,"(1, 2)",667e6da95ae0a25f225ae6e6
24.0,24.0,2290,train,581.0000000000125,1.0,1.0,"(1, 2)",667e6da95ae0a25f225ae6e6
24.0,24.0,2291,train,581.0000000000125,1.0,1.0,"(1, 2)",667e6da95ae0a25f225ae6e6
24.0,24.0,2292,train,581.0000000000125,1.0,1.0,"(1, 2)",667e6da95ae0a25f225ae6e6
24.0,24.0,2293,train,581.0000000000125,1.0,1.0,"(1, 2)",667e6da95ae0a25f225ae6e6
24.0,24.0,2294,train,581.0000000000125,1.0,1.0,"(1, 2)",667e6da95ae0a25f225ae6e6
24.0,24.0,2295,train,581.0000000000125,1.0,1.0,"(1, 2)",667e6da95ae0a25f225ae6e6
24.0,24.0,2296,train,581.0000000000125,1.0,1.0,"(1, 2)",667e6da95ae0a25f225ae6e6
24.0,24.0,2297,train,581.0000000000125,1.0,1.0,"(1, 2)",667e6da95ae0a25f225ae6e6
24.0,24.0,2298,train,581.0000000000125,1.0,1.0,"(1, 2)",667e6da95ae0a25f225ae6e6
24.0,24.0,2299,train,581.0000000000125,1.0,1.0,"(1, 2)",667e6da95ae0a25f225ae6e6
24.0,24.0,2300,train,581.0000000000125,1.0,1.0,"(1, 2)",667e6da95ae0a25f225ae6e6
24.0,24.0,2301,train,581.0000000000125,1.0,1.0,"(1, 2)",667e6da95ae0a25f225ae6e6
24.0,24.0,2302,train,581.0000000000125,1.0,1.0,"(1, 2)",667e6da95ae0a25f225ae6e6
24.0,24.0,2303,train,581.0000000000125,1.0,1.0,"(1, 2)",667e6da95ae0a25f225ae6e6
24.0,24.0,2304,train,581.0000000000125,1.0,1.0,"(1, 2)",667e6da95ae0a25f225ae6e6
24.0,24.0,2305,train,581.0000000000125,1.0,1.0,"(1, 2)",667e6da95ae0a25f225ae6e6
24.0,24.0,2306,train,581.0000000000125,1.0,1.0,"(1, 2)",667e6da95ae0a25f225ae6e6
24.0,24.0,2307,train,581.0000000000125,1.0,1.0,"(1, 2)",667e6da95ae0a25f225ae6e6
24.0,24.0,2308,train,581.0000000000125,1.0,1.0,"(1, 2)",667e6da95ae0a25f225ae6e6
24.0,24.0,2309,train,581.0000000000125,1.0,1.0,"(1, 2)",667e6da95ae0a25f225ae6e6
24.0,24.0,2310,train,581.0000000000125,1.0,1.0,"(1, 2)",667e6da95ae0a25f225ae6e6
24.0,24.0,2311,train,581.0000000000125,1.0,1.0,"(1, 2)",667e6da95ae0a25f225ae6e6
24.0,24.0,2312,train,581.0000000000125,1.0,1.0,"(1, 2)",667e6da95ae0a25f225ae6e6
24.0,24.0,2313,train,581.0000000000125,1.0,1.0,"(1, 2)",667e6da95ae0a25f225ae6e6
24.0,24.0,2314,train,581.0000000000125,1.0,1.0,"(1, 2)",667e6da95ae0a25f225ae6e6
24.0,24.0,2315,train,581.0000000000125,1.0,1.0,"(1, 2)",667e6da95ae0a25f225ae6e6
24.0,24.0,2316,train,581.0000000000125,1.0,1.0,"(1, 2)",667e6da95ae0a25f225ae6e6
24.0,24.0,2317,train,581.0000000000125,1.0,1.0,"(1, 2)",667e6da95ae0a25f225ae6e6
24.0,24.0,2318,train,581.0000000000125,1.0,1.0,"(1, 2)",667e6da95ae0a25f225ae6e6
24.0,24.0,2319,train,581.0000000000125,1.0,1.0,"(1, 2)",667e6da95ae0a25f225ae6e6
24.0,24.0,2320,train,581.0000000000125,1.0,1.0,"(1, 2)",667e6da95ae0a25f225ae6e6
24.0,24.0,2321,train,581.0000000000125,1.0,1.0,"(1, 2)",667e6da95ae0a25f225ae6e6
24.0,24.0,2322,train,581.0000000000125,1.0,1.0,"(1, 2)",667e6da95ae0a25f225ae6e6
24.0,24.0,2323,train,581.0000000000125,1.0,1.0,"(1, 2)",667e6da95ae0a25f225ae6e6
24.0,24.0,2324,train,581.0000000000125,1.0,1.0,"(1, 2)",667e6da95ae0a25f225ae6e6
24.0,24.0,2325,train,581.0000000000125,1.0,1.0,"(1, 2)",667e6da95ae0a25f225ae6e6
24.0,24.0,2326,train,581.0000000000125,1.0,1.0,"(1, 2)",667e6da95ae0a25f225ae6e6
24.0,24.0,2327,train,581.0000000000125,1.0,1.0,"(1, 2)",667e6da95ae0a25f225ae6e6
24.0,24.0,2328,train,581.0000000000125,1.0,1.0,"(1, 2)",667e6da95ae0a25f225ae6e6
24.0,24.0,2329,train,581.0000000000125,1.0,1.0,"(1, 2)",667e6da95ae0a25f225ae6e6
24.0,24.0,2330,train,581.0000000000125,1.0,1.0,"(1, 2)",667e6da95ae0a25f225ae6e6
24.0,24.0,2331,train,581.0000000000125,1.0,1.0,"(1, 2)",667e6da95ae0a25f225ae6e6
24.0,24.0,2332,train,581.0000000000125,1.0,1.0,"(1, 2)",667e6da95ae0a25f225ae6e6
24.0,24.0,2333,train,581.0000000000125,1.0,1.0,"(1, 2)",667e6da95ae0a25f225ae6e6
24.0,24.0,2334,train,581.0000000000125,1.0,1.0,"(1, 2)",667e6da95ae0a25f225ae6e6
24.0,24.0,2335,train,581.0000000000125,1.0,1.0,"(1, 2)",667e6da95ae0a25f225ae6e6
24.0,24.0,2336,train,581.0000000000125,1.0,1.0,"(1, 2)",667e6da95ae0a25f225ae6e6
24.0,24.0,2337,train,581.0000000000125,1.0,1.0,"(1, 2)",667e6da95ae0a25f225ae6e6
24.0,24.0,2338,train,581.0000000000125,1.0,1.0,"(1, 2)",667e6da95ae0a25f225ae6e6
24.0,24.0,2339,train,581.0000000000125,1.0,1.0,"(1, 2)",667e6da95ae0a25f225ae6e6
24.0,24.0,2340,train,581.0000000000125,1.0,1.0,"(1, 2)",667e6da95ae0a25f225ae6e6
24.0,24.0,2341,train,581.0000000000125,1.0,1.0,"(1, 2)",667e6da95ae0a25f225ae6e6
24.0,24.0,2342,train,581.0000000000125,1.0,1.0,"(1, 2)",667e6da95ae0a25f225ae6e6
24.0,24.0,2343,train,581.0000000000125,1.0,1.0,"(1, 2)",667e6da95ae0a25f225ae6e6
24.0,24.0,2344,train,581.0000000000125,1.0,1.0,"(1, 2)",667e6da95ae0a25f225ae6e6
24.0,24.0,2345,train,581.0000000000125,1.0,1.0,"(1, 2)",667e6da95ae0a25f225ae6e6
24.0,24.0,2346,train,581.0000000000125,1.0,1.0,"(1, 2)",667e6da95ae0a25f225ae6e6
24.0,24.0,2347,train,581.0000000000125,1.0,1.0,"(1, 2)",667e6da95ae0a25f225ae6e6
24.0,24.0,2348,train,581.0000000000125,1.0,1.0,"(1, 2)",667e6da95ae0a25f225ae6e6
24.0,24.0,2349,train,581.0000000000125,1.0,1.0,"(1, 2)",667e6da95ae0a25f225ae6e6
24.0,24.0,2350,train,581.0000000000125,1.0,1.0,"(1, 2)",667e6da95ae0a25f225ae6e6
24.0,24.0,2351,train,581.0000000000125,1.0,1.0,"(1, 2)",667e6da95ae0a25f225ae6e6
24.0,24.0,2352,train,581.0000000000125,1.0,1.0,"(1, 2)",667e6da95ae0a25f225ae6e6
24.0,24.0,2353,train,581.0000000000125,1.0,1.0,"(1, 2)",667e6da95ae0a25f225ae6e6
24.0,24.0,2354,train,581.0000000000125,1.0,1.0,"(1, 2)",667e6da95ae0a25f225ae6e6
24.0,24.0,2355,train,581.0000000000125,1.0,1.0,"(1, 2)",667e6da95ae0a25f225ae6e6
24.0,24.0,2356,train,581.0000000000125,1.0,1.0,"(1, 2)",667e6da95ae0a25f225ae6e6
24.0,24.0,2357,train,581.0000000000125,1.0,1.0,"(1, 2)",667e6da95ae0a25f225ae6e6
24.0,24.0,2358,train,581.0000000000125,1.0,1.0,"(1, 2)",667e6da95ae0a25f225ae6e6
24.0,24.0,2359,train,581.0000000000125,1.0,1.0,"(1, 2)",667e6da95ae0a25f225ae6e6
24.0,24.0,2360,train,581.0000000000125,1.0,1.0,"(1, 2)",667e6da95ae0a25f225ae6e6
24.0,24.0,2361,train,581.0000000000125,1.0,1.0,"(1, 2)",667e6da95ae0a25f225ae6e6
24.0,24.0,2362,train,581.0000000000125,1.0,1.0,"(1, 2)",667e6da95ae0a25f225ae6e6
24.0,24.0,2363,train,581.0000000000125,1.0,1.0,"(1, 2)",667e6da95ae0a25f225ae6e6
24.0,24.0,2364,train,581.0000000000125,1.0,1.0,"(1, 2)",667e6da95ae0a25f225ae6e6
24.0,24.0,2365,train,581.0000000000125,1.0,1.0,"(1, 2)",667e6da95ae0a25f225ae6e6
24.0,24.0,2366,train,581.0000000000125,1.0,1.0,"(1, 2)",667e6da95ae0a25f225ae6e6
24.0,24.0,2367,train,581.0000000000125,1.0,1.0,"(1, 2)",667e6da95ae0a25f225ae6e6
24.0,24.0,2368,train,581.0000000000125,1.0,1.0,"(1, 2)",667e6da95ae0a25f225ae6e6
24.0,24.0,2369,train,581.0000000000125,1.0,1.0,"(1, 2)",667e6da95ae0a25f225ae6e6
24.0,24.0,2370,train,581.0000000000125,1.0,1.0,"(1, 2)",667e6da95ae0a25f225ae6e6
24.0,24.0,2371,train,581.0000000000125,1.0,1.0,"(1, 2)",667e6da95ae0a25f225ae6e6
24.0,24.0,2372,train,581.0000000000125,1.0,1.0,"(1, 2)",667e6da95ae0a25f225ae6e6
24.0,24.0,2373,train,581.0000000000125,1.0,1.0,"(1, 2)",667e6da95ae0a25f225ae6e6
24.0,24.0,2374,train,581.0000000000125,1.0,1.0,"(1, 2)",667e6da95ae0a25f225ae6e6
24.0,24.0,2375,train,581.0000000000125,1.0,1.0,"(1, 2)",667e6da95ae0a25f225ae6e6
24.0,24.0,2376,train,581.0000000000125,1.0,1.0,"(1, 2)",667e6da95ae0a25f225ae6e6
24.0,24.0,2377,train,581.0000000000125,1.0,1.0,"(1, 2)",667e6da95ae0a25f225ae6e6
24.0,24.0,2378,train,581.0000000000125,1.0,1.0,"(1, 2)",667e6da95ae0a25f225ae6e6
24.0,24.0,2379,train,581.0000000000125,1.0,1.0,"(1, 2)",667e6da95ae0a25f225ae6e6
24.0,24.0,2380,train,581.0000000000125,1.0,1.0,"(1, 2)",667e6da95ae0a25f225ae6e6
24.0,24.0,2381,train,581.0000000000125,1.0,1.0,"(1, 2)",667e6da95ae0a25f225ae6e6
24.0,24.0,2382,train,581.0000000000125,1.0,1.0,"(1, 2)",667e6da95ae0a25f225ae6e6
24.0,24.0,2383,train,581.0000000000125,1.0,1.0,"(1, 2)",667e6da95ae0a25f225ae6e6
24.0,24.0,2384,train,581.0000000000125,1.0,1.0,"(1, 2)",667e6da95ae0a25f225ae6e6
24.0,24.0,2385,train,581.0000000000125,1.0,1.0,"(1, 2)",667e6da95ae0a25f225ae6e6
24.0,24.0,2386,train,581.0000000000125,1.0,1.0,"(1, 2)",667e6da95ae0a25f225ae6e6
24.0,24.0,2387,train,581.0000000000125,1.0,1.0,"(1, 2)",667e6da95ae0a25f225ae6e6
24.0,24.0,2388,train,581.0000000000125,1.0,1.0,"(1, 2)",667e6da95ae0a25f225ae6e6
24.0,24.0,2389,train,581.0000000000125,1.0,1.0,"(1, 2)",667e6da95ae0a25f225ae6e6
24.0,24.0,2390,train,581.0000000000125,1.0,1.0,"(1, 2)",667e6da95ae0a25f225ae6e6
24.0,24.0,2391,train,581.0000000000125,1.0,1.0,"(1, 2)",667e6da95ae0a25f225ae6e6
24.0,24.0,2392,train,581.0000000000125,1.0,1.0,"(1, 2)",667e6da95ae0a25f225ae6e6
24.0,24.0,2393,train,581.0000000000125,1.0,1.0,"(1, 2)",667e6da95ae0a25f225ae6e6
24.0,24.0,2394,train,581.0000000000125,1.0,1.0,"(1, 2)",667e6da95ae0a25f225ae6e6
24.0,24.0,2395,train,581.0000000000125,1.0,1.0,"(1, 2)",667e6da95ae0a25f225ae6e6
24.0,24.0,2396,train,581.0000000000125,1.0,1.0,"(1, 2)",667e6da95ae0a25f225ae6e6
24.0,24.0,2397,train,581.0000000000125,1.0,1.0,"(1, 2)",667e6da95ae0a25f225ae6e6
24.0,24.0,2398,train,581.0000000000125,1.0,1.0,"(1, 2)",667e6da95ae0a25f225ae6e6
24.0,24.0,2399,train,581.0000000000125,1.0,1.0,"(1, 2)",667e6da95ae0a25f225ae6e6
24.0,24.0,2400,train,581.0000000000125,1.0,1.0,"(1, 2)",667e6da95ae0a25f225ae6e6
24.0,24.0,2401,train,581.0000000000125,1.0,1.0,"(1, 2)",667e6da95ae0a25f225ae6e6
24.0,24.0,2402,train,581.0000000000125,1.0,1.0,"(1, 2)",667e6da95ae0a25f225ae6e6
24.0,24.0,2403,train,581.0000000000125,1.0,1.0,"(1, 2)",667e6da95ae0a25f225ae6e6
24.0,24.0,2404,train,581.0000000000125,1.0,1.0,"(1, 2)",667e6da95ae0a25f225ae6e6
24.0,24.0,2405,train,581.0000000000125,1.0,1.0,"(1, 2)",667e6da95ae0a25f225ae6e6
24.0,24.0,2406,train,581.0000000000125,1.0,1.0,"(1, 2)",667e6da95ae0a25f225ae6e6
24.0,24.0,2407,train,581.0000000000125,1.0,1.0,"(1, 2)",667e6da95ae0a25f225ae6e6
24.0,24.0,2408,train,581.0000000000125,1.0,1.0,"(1, 2)",667e6da95ae0a25f225ae6e6
24.0,24.0,2409,train,581.0000000000125,1.0,1.0,"(1, 2)",667e6da95ae0a25f225ae6e6
24.0,24.0,2410,train,581.0000000000125,1.0,1.0,"(1, 2)",667e6da95ae0a25f225ae6e6
24.0,24.0,2411,train,581.0000000000125,1.0,1.0,"(1, 2)",667e6da95ae0a25f225ae6e6
24.0,24.0,2412,train,581.0000000000125,1.0,1.0,"(1, 2)",667e6da95ae0a25f225ae6e6
24.0,24.0,2413,train,581.0000000000125,1.0,1.0,"(1, 2)",667e6da95ae0a25f225ae6e6
24.0,24.0,2414,train,581.0000000000125,1.0,1.0,"(1, 2)",667e6da95ae0a25f225ae6e6
24.0,24.0,2415,train,581.0000000000125,1.0,1.0,"(1, 2)",667e6da95ae0a25f225ae6e6
24.0,24.0,2416,train,581.0000000000125,1.0,1.0,"(1, 2)",667e6da95ae0a25f225ae6e6
24.0,24.0,2417,train,581.0000000000125,1.0,1.0,"(1, 2)",667e6da95ae0a25f225ae6e6
24.0,24.0,2418,train,581.0000000000125,1.0,1.0,"(1, 2)",667e6da95ae0a25f225ae6e6
24.0,24.0,2419,train,581.0000000000125,1.0,1.0,"(1, 2)",667e6da95ae0a25f225ae6e6
24.0,24.0,2420,train,581.0000000000125,1.0,1.0,"(1, 2)",667e6da95ae0a25f225ae6e6
24.0,24.0,2421,train,581.0000000000125,1.0,1.0,"(1, 2)",667e6da95ae0a25f225ae6e6
24.0,24.0,2422,train,581.0000000000125,1.0,1.0,"(1, 2)",667e6da95ae0a25f225ae6e6
24.0,24.0,2423,train,581.0000000000125,1.0,1.0,"(1, 2)",667e6da95ae0a25f225ae6e6
24.0,24.0,2424,train,581.0000000000125,1.0,1.0,"(1, 2)",667e6da95ae0a25f225ae6e6
24.0,24.0,2425,train,581.0000000000125,1.0,1.0,"(1, 2)",667e6da95ae0a25f225ae6e6
24.0,24.0,2426,train,581.0000000000125,1.0,1.0,"(1, 2)",667e6da95ae0a25f225ae6e6
24.0,24.0,2427,train,581.0000000000125,1.0,1.0,"(1, 2)",667e6da95ae0a25f225ae6e6
24.0,24.0,2428,train,581.0000000000125,1.0,1.0,"(1, 2)",667e6da95ae0a25f225ae6e6
24.0,24.0,2429,train,581.0000000000125,1.0,1.0,"(1, 2)",667e6da95ae0a25f225ae6e6
24.0,24.0,2430,train,581.0000000000125,1.0,1.0,"(1, 2)",667e6da95ae0a25f225ae6e6
24.0,24.0,2431,train,581.0000000000125,1.0,1.0,"(1, 2)",667e6da95ae0a25f225ae6e6
24.0,24.0,2432,train,581.0000000000125,1.0,1.0,"(1, 2)",667e6da95ae0a25f225ae6e6
24.0,24.0,2433,train,581.0000000000125,1.0,1.0,"(1, 2)",667e6da95ae0a25f225ae6e6
24.0,24.0,2434,train,581.0000000000125,1.0,1.0,"(1, 2)",667e6da95ae0a25f225ae6e6
24.0,24.0,2435,train,581.0000000000125,1.0,1.0,"(1, 2)",667e6da95ae0a25f225ae6e6
24.0,25.24999999999993,2436,train,582.2500000000124,1.0,1.0,"(1, 2)",667e6da95ae0a25f225ae6e6
24.0,26.499999999999858,2437,train,583.5000000000123,1.0,1.0,"(1, 2)",667e6da95ae0a25f225ae6e6
24.0,27.749999999999787,2438,train,584.7500000000122,1.0,1.0,"(1, 2)",667e6da95ae0a25f225ae6e6
24.0,28.999999999999716,2439,train,586.000000000012,1.0,1.0,"(1, 2)",667e6da95ae0a25f225ae6e6
24.0,30.249999999999645,2440,train,587.2500000000119,1.0,1.0,"(1, 2)",667e6da95ae0a25f225ae6e6
24.0,31.499999999999574,2441,train,588.5000000000118,1.0,1.0,"(1, 2)",667e6da95ae0a25f225ae6e6
24.0,32.749999999999716,2442,train,589.7500000000119,1.0,1.0,"(1, 2)",667e6da95ae0a25f225ae6e6
24.0,34.0,2443,train,591.0000000000123,1.0,1.0,"(1, 2)",667e6da95ae0a25f225ae6e6
24.0,35.250000000000284,2444,train,592.2500000000125,1.0,1.0,"(1, 2)",667e6da95ae0a25f225ae6e6
24.0,36.50000000000057,2445,train,593.5000000000127,1.0,1.0,"(1, 2)",667e6da95ae0a25f225ae6e6
24.0,37.75000000000085,2446,train,594.750000000013,1.0,1.0,"(1, 2)",667e6da95ae0a25f225ae6e6
24.0,39.00000000000114,2447,train,596.0000000000132,1.0,1.0,"(1, 2)",667e6da95ae0a25f225ae6e6
24.0,40.25000000000142,2448,train,597.2500000000134,1.0,1.0,"(1, 2)",667e6da95ae0a25f225ae6e6
24.0,41.500000000001705,2449,train,598.5000000000136,1.0,1.0,"(1, 2)",667e6da95ae0a25f225ae6e6
24.0,42.75000000000199,2450,train,599.7500000000139,1.0,1.0,"(1, 2)",667e6da95ae0a25f225ae6e6
24.0,44.000000000002274,2451,train,601.0000000000141,1.0,1.0,"(1, 2)",667e6da95ae0a25f225ae6e6
24.0,45.25000000000256,2452,train,602.2500000000143,1.0,1.0,"(1, 2)",667e6da95ae0a25f225ae6e6
24.0,46.50000000000284,2453,train,603.5000000000146,1.0,1.0,"(1, 2)",667e6da95ae0a25f225ae6e6
24.0,47.750000000003126,2454,train,604.7500000000148,1.0,1.0,"(1, 2)",667e6da95ae0a25f225ae6e6
24.0,49.00000000000341,2455,train,606.000000000015,1.0,1.0,"(1, 2)",667e6da95ae0a25f225ae6e6
24.0,50.250000000003695,2456,train,607.2500000000152,1.0,1.0,"(1, 2)",667e6da95ae0a25f225ae6e6
24.0,51.50000000000398,2457,train,608.5000000000155,1.0,1.0,"(1, 2)",667e6da95ae0a25f225ae6e6
24.0,52.75000000000426,2458,train,609.7500000000157,1.0,1.0,"(1, 2)",667e6da95ae0a25f225ae6e6
24.0,54.00000000000455,2459,train,611.0000000000159,1.0,1.0,"(1, 2)",667e6da95ae0a25f225ae6e6
24.0,55.25000000000483,2460,train,612.2500000000161,1.0,1.0,"(1, 2)",667e6da95ae0a25f225ae6e6
24.0,56.0,2461,train,613.0000000000114,1.0,1.0,"(1, 2)",667e6da95ae0a25f225ae6e6
24.0,56.0,2462,train,613.0000000000114,1.0,1.0,"(1, 2)",667e6da95ae0a25f225ae6e6
24.0,56.0,2463,train,613.0000000000114,1.0,1.0,"(1, 2)",667e6da95ae0a25f225ae6e6
24.0,56.0,2464,train,613.0000000000114,1.0,1.0,"(1, 2)",667e6da95ae0a25f225ae6e6
24.0,56.0,2465,train,613.0000000000114,1.0,1.0,"(1, 2)",667e6da95ae0a25f225ae6e6
24.0,56.0,2466,train,613.0000000000114,1.0,1.0,"(1, 2)",667e6da95ae0a25f225ae6e6
24.0,56.0,2467,train,613.0000000000114,1.0,1.0,"(1, 2)",667e6da95ae0a25f225ae6e6
24.0,56.0,2468,train,613.0000000000114,1.0,1.0,"(1, 2)",667e6da95ae0a25f225ae6e6
24.0,56.0,2469,train,613.0000000000114,1.0,1.0,"(1, 2)",667e6da95ae0a25f225ae6e6
24.0,56.0,2470,train,613.0000000000114,1.0,1.0,"(1, 2)",667e6da95ae0a25f225ae6e6
24.0,56.0,2471,train,613.0000000000114,1.0,1.0,"(1, 2)",667e6da95ae0a25f225ae6e6
24.0,56.0,2472,train,613.0000000000114,1.0,1.0,"(1, 2)",667e6da95ae0a25f225ae6e6
24.0,56.0,2473,train,613.0000000000114,1.0,1.0,"(1, 2)",667e6da95ae0a25f225ae6e6
24.0,56.0,2474,train,613.0000000000114,1.0,1.0,"(1, 2)",667e6da95ae0a25f225ae6e6
24.0,56.0,2475,train,613.0000000000114,1.0,1.0,"(1, 2)",667e6da95ae0a25f225ae6e6
24.0,56.0,2476,train,613.0000000000114,1.0,1.0,"(1, 2)",667e6da95ae0a25f225ae6e6
24.0,56.0,2477,train,613.0000000000114,1.0,1.0,"(1, 2)",667e6da95ae0a25f225ae6e6
24.0,56.0,2478,train,613.0000000000114,1.0,1.0,"(1, 2)",667e6da95ae0a25f225ae6e6
24.0,56.0,2479,train,613.0000000000114,1.0,1.0,"(1, 2)",667e6da95ae0a25f225ae6e6
24.0,56.0,2480,train,613.0000000000114,1.0,1.0,"(1, 2)",667e6da95ae0a25f225ae6e6
24.0,56.0,2481,train,613.0000000000114,1.0,1.0,"(1, 2)",667e6da95ae0a25f225ae6e6
24.0,56.0,2482,train,613.0000000000114,1.0,1.0,"(1, 2)",667e6da95ae0a25f225ae6e6
24.0,56.0,2483,train,613.0000000000114,1.0,1.0,"(1, 2)",667e6da95ae0a25f225ae6e6
24.0,56.0,2484,train,613.0000000000114,1.0,1.0,"(1, 2)",667e6da95ae0a25f225ae6e6
24.0,56.0,2485,train,613.0000000000114,1.0,1.0,"(1, 2)",667e6da95ae0a25f225ae6e6
24.0,56.0,2486,train,613.0000000000114,1.0,1.0,"(1, 2)",667e6da95ae0a25f225ae6e6
24.0,56.0,2487,train,613.0000000000114,1.0,1.0,"(1, 2)",667e6da95ae0a25f225ae6e6
24.0,56.0,2488,train,613.0000000000114,1.0,1.0,"(1, 2)",667e6da95ae0a25f225ae6e6
24.0,56.0,2489,train,613.0000000000114,1.0,1.0,"(1, 2)",667e6da95ae0a25f225ae6e6
24.0,56.0,2490,train,613.0000000000114,1.0,1.0,"(1, 2)",667e6da95ae0a25f225ae6e6
24.0,56.0,2491,train,613.0000000000114,1.0,1.0,"(1, 2)",667e6da95ae0a25f225ae6e6
24.0,56.0,2492,train,613.0000000000114,1.0,1.0,"(1, 2)",667e6da95ae0a25f225ae6e6
24.0,56.0,2493,train,613.0000000000114,1.0,1.0,"(1, 2)",667e6da95ae0a25f225ae6e6
24.0,56.0,2494,train,613.0000000000114,1.0,1.0,"(1, 2)",667e6da95ae0a25f225ae6e6
24.0,56.0,2495,train,613.0000000000114,1.0,1.0,"(1, 2)",667e6da95ae0a25f225ae6e6
24.0,56.0,2496,train,613.0000000000114,1.0,1.0,"(1, 2)",667e6da95ae0a25f225ae6e6
24.0,56.0,2497,train,613.0000000000114,1.0,1.0,"(1, 2)",667e6da95ae0a25f225ae6e6
24.0,56.0,2498,train,613.0000000000114,1.0,1.0,"(1, 2)",667e6da95ae0a25f225ae6e6
24.0,56.0,2499,train,613.0000000000114,1.0,1.0,"(1, 2)",667e6da95ae0a25f225ae6e6
24.0,56.0,2500,train,613.0000000000114,1.0,1.0,"(1, 2)",667e6da95ae0a25f225ae6e6
24.0,56.0,2501,train,613.0000000000114,1.0,1.0,"(1, 2)",667e6da95ae0a25f225ae6e6
24.0,56.0,2502,train,613.0000000000114,1.0,1.0,"(1, 2)",667e6da95ae0a25f225ae6e6
24.0,56.0,2503,train,613.0000000000114,1.0,1.0,"(1, 2)",667e6da95ae0a25f225ae6e6
24.0,56.0,2504,train,613.0000000000114,1.0,1.0,"(1, 2)",667e6da95ae0a25f225ae6e6
24.0,56.0,2505,train,613.0000000000114,1.0,1.0,"(1, 2)",667e6da95ae0a25f225ae6e6
24.0,56.0,2506,train,613.0000000000114,1.0,1.0,"(1, 2)",667e6da95ae0a25f225ae6e6
24.0,56.0,2507,train,613.0000000000114,1.0,1.0,"(1, 2)",667e6da95ae0a25f225ae6e6
24.0,56.0,2508,train,613.0000000000114,1.0,1.0,"(1, 2)",667e6da95ae0a25f225ae6e6
24.0,56.0,2509,train,613.0000000000114,1.0,1.0,"(1, 2)",667e6da95ae0a25f225ae6e6
24.0,56.0,2510,train,613.0000000000114,1.0,1.0,"(1, 2)",667e6da95ae0a25f225ae6e6
24.0,56.0,2511,train,613.0000000000114,1.0,1.0,"(1, 2)",667e6da95ae0a25f225ae6e6
24.0,56.0,2512,train,613.0000000000114,1.0,1.0,"(1, 2)",667e6da95ae0a25f225ae6e6
24.0,56.0,2513,train,613.0000000000114,1.0,1.0,"(1, 2)",667e6da95ae0a25f225ae6e6
24.0,56.0,2514,train,613.0000000000114,1.0,1.0,"(1, 2)",667e6da95ae0a25f225ae6e6
24.0,56.0,2515,train,613.0000000000114,1.0,1.0,"(1, 2)",667e6da95ae0a25f225ae6e6
24.0,56.0,2516,train,613.0000000000114,1.0,1.0,"(1, 2)",667e6da95ae0a25f225ae6e6
24.0,56.0,2517,train,613.0000000000114,1.0,1.0,"(1, 2)",667e6da95ae0a25f225ae6e6
24.0,56.0,2518,train,613.0000000000114,1.0,1.0,"(1, 2)",667e6da95ae0a25f225ae6e6
24.0,56.0,2519,train,613.0000000000114,1.0,1.0,"(1, 2)",667e6da95ae0a25f225ae6e6
24.0,56.0,2520,train,613.0000000000114,1.0,1.0,"(1, 2)",667e6da95ae0a25f225ae6e6
24.0,56.0,2521,train,613.0000000000114,1.0,1.0,"(1, 2)",667e6da95ae0a25f225ae6e6
24.0,56.0,2522,train,613.0000000000114,1.0,1.0,"(1, 2)",667e6da95ae0a25f225ae6e6
24.0,56.0,2523,train,613.0000000000114,1.0,1.0,"(1, 2)",667e6da95ae0a25f225ae6e6
24.0,56.0,2524,train,613.0000000000114,1.0,1.0,"(1, 2)",667e6da95ae0a25f225ae6e6
24.0,56.0,2525,train,613.0000000000114,1.0,1.0,"(1, 2)",667e6da95ae0a25f225ae6e6
24.0,56.0,2526,train,613.0000000000114,1.0,1.0,"(1, 2)",667e6da95ae0a25f225ae6e6
24.0,56.0,2527,train,613.0000000000114,1.0,1.0,"(1, 2)",667e6da95ae0a25f225ae6e6
24.0,56.0,2528,train,613.0000000000114,1.0,1.0,"(1, 2)",667e6da95ae0a25f225ae6e6
24.0,56.0,2529,train,613.0000000000114,1.0,1.0,"(1, 2)",667e6da95ae0a25f225ae6e6
24.0,56.0,2530,train,613.0000000000114,1.0,1.0,"(1, 2)",667e6da95ae0a25f225ae6e6
24.0,56.0,2531,train,613.0000000000114,1.0,1.0,"(1, 2)",667e6da95ae0a25f225ae6e6
24.0,56.0,2532,train,613.0000000000114,1.0,1.0,"(1, 2)",667e6da95ae0a25f225ae6e6
24.0,56.0,2533,train,613.0000000000114,1.0,1.0,"(1, 2)",667e6da95ae0a25f225ae6e6
24.0,56.0,2534,train,613.0000000000114,1.0,1.0,"(1, 2)",667e6da95ae0a25f225ae6e6
24.0,56.0,2535,train,613.0000000000114,1.0,1.0,"(1, 2)",667e6da95ae0a25f225ae6e6
24.0,56.0,2536,train,613.0000000000114,1.0,1.0,"(1, 2)",667e6da95ae0a25f225ae6e6
24.0,56.0,2537,train,613.0000000000114,1.0,1.0,"(1, 2)",667e6da95ae0a25f225ae6e6
24.0,56.0,2538,train,613.0000000000114,1.0,1.0,"(1, 2)",667e6da95ae0a25f225ae6e6
24.0,56.0,2539,train,613.0000000000114,1.0,1.0,"(1, 2)",667e6da95ae0a25f225ae6e6
24.0,56.0,2540,train,613.0000000000114,1.0,1.0,"(1, 2)",667e6da95ae0a25f225ae6e6
24.0,56.0,2541,train,613.0000000000114,1.0,1.0,"(1, 2)",667e6da95ae0a25f225ae6e6
24.0,54.749999999999716,2542,train,614.2500000000116,1.0,1.0,"(1, 2)",667e6da95ae0a25f225ae6e6
24.0,53.49999999999943,2543,train,615.5000000000118,1.0,1.0,"(1, 2)",667e6da95ae0a25f225ae6e6
24.0,52.24999999999915,2544,train,616.750000000012,1.0,1.0,"(1, 2)",667e6da95ae0a25f225ae6e6
24.0,50.99999999999886,2545,train,618.0000000000123,1.0,1.0,"(1, 2)",667e6da95ae0a25f225ae6e6
24.0,49.74999999999858,2546,train,619.2500000000125,1.0,1.0,"(1, 2)",667e6da95ae0a25f225ae6e6
24.0,48.499999999998295,2547,train,620.5000000000127,1.0,1.0,"(1, 2)",667e6da95ae0a25f225ae6e6
24.0,47.24999999999801,2548,train,621.750000000013,1.0,1.0,"(1, 2)",667e6da95ae0a25f225ae6e6
24.0,45.999999999997726,2549,train,623.0000000000132,1.0,1.0,"(1, 2)",667e6da95ae0a25f225ae6e6
24.0,44.74999999999744,2550,train,624.2500000000134,1.0,1.0,"(1, 2)",667e6da95ae0a25f225ae6e6
24.0,43.49999999999716,2551,train,625.5000000000136,1.0,1.0,"(1, 2)",667e6da95ae0a25f225ae6e6
24.0,42.249999999996874,2552,train,626.7500000000139,1.0,1.0,"(1, 2)",667e6da95ae0a25f225ae6e6
24.0,40.99999999999659,2553,train,628.0000000000141,1.0,1.0,"(1, 2)",667e6da95ae0a25f225ae6e6
24.0,40.0,2554,train,629.0000000000107,1.0,1.0,"(1, 2)",667e6da95ae0a25f225ae6e6
24.0,40.0,2555,train,629.0000000000107,1.0,1.0,"(1, 2)",667e6da95ae0a25f225ae6e6
24.0,40.0,2556,train,629.0000000000107,1.0,1.0,"(1, 2)",667e6da95ae0a25f225ae6e6
24.0,40.0,2557,train,629.0000000000107,1.0,1.0,"(1, 2)",667e6da95ae0a25f225ae6e6
24.0,40.0,2558,train,629.0000000000107,1.0,1.0,"(1, 2)",667e6da95ae0a25f225ae6e6
24.0,40.0,2559,train,629.0000000000107,1.0,1.0,"(1, 2)",667e6da95ae0a25f225ae6e6
24.0,40.0,2560,train,629.0000000000107,1.0,1.0,"(1, 2)",667e6da95ae0a25f225ae6e6
24.0,40.0,2561,train,629.0000000000107,1.0,1.0,"(1, 2)",667e6da95ae0a25f225ae6e6
24.0,40.0,2562,train,629.0000000000107,1.0,1.0,"(1, 2)",667e6da95ae0a25f225ae6e6
24.0,40.0,2563,train,629.0000000000107,1.0,1.0,"(1, 2)",667e6da95ae0a25f225ae6e6
24.0,40.0,2564,train,629.0000000000107,1.0,1.0,"(1, 2)",667e6da95ae0a25f225ae6e6
24.0,40.0,2565,train,629.0000000000107,1.0,1.0,"(1, 2)",667e6da95ae0a25f225ae6e6
24.0,40.0,2566,train,629.0000000000107,1.0,1.0,"(1, 2)",667e6da95ae0a25f225ae6e6
24.0,40.0,2567,train,629.0000000000107,1.0,1.0,"(1, 2)",667e6da95ae0a25f225ae6e6
24.0,40.0,2568,train,629.0000000000107,1.0,1.0,"(1, 2)",667e6da95ae0a25f225ae6e6
24.0,40.0,2569,train,629.0000000000107,1.0,1.0,"(1, 2)",667e6da95ae0a25f225ae6e6
24.0,40.0,2570,train,629.0000000000107,1.0,1.0,"(1, 2)",667e6da95ae0a25f225ae6e6
24.0,40.0,2571,train,629.0000000000107,1.0,1.0,"(1, 2)",667e6da95ae0a25f225ae6e6
24.0,40.0,2572,train,629.0000000000107,1.0,1.0,"(1, 2)",667e6da95ae0a25f225ae6e6
24.0,40.0,2573,train,629.0000000000107,1.0,1.0,"(1, 2)",667e6da95ae0a25f225ae6e6
24.0,40.0,2574,train,629.0000000000107,1.0,1.0,"(1, 2)",667e6da95ae0a25f225ae6e6
24.0,40.0,2575,train,629.0000000000107,1.0,1.0,"(1, 2)",667e6da95ae0a25f225ae6e6
24.0,40.0,2576,train,629.0000000000107,1.0,1.0,"(1, 2)",667e6da95ae0a25f225ae6e6
24.0,40.0,2577,train,629.0000000000107,1.0,1.0,"(1, 2)",667e6da95ae0a25f225ae6e6
24.0,40.0,2578,train,629.0000000000107,1.0,1.0,"(1, 2)",667e6da95ae0a25f225ae6e6
24.0,40.0,2579,train,629.0000000000107,1.0,1.0,"(1, 2)",667e6da95ae0a25f225ae6e6
24.0,40.0,2580,train,629.0000000000107,1.0,1.0,"(1, 2)",667e6da95ae0a25f225ae6e6
24.0,40.0,2581,train,629.0000000000107,1.0,1.0,"(1, 2)",667e6da95ae0a25f225ae6e6
24.0,40.0,2582,train,629.0000000000107,1.0,1.0,"(1, 2)",667e6da95ae0a25f225ae6e6
24.0,40.0,2583,train,629.0000000000107,1.0,1.0,"(1, 2)",667e6da95ae0a25f225ae6e6
24.0,40.0,2584,train,629.0000000000107,1.0,1.0,"(1, 2)",667e6da95ae0a25f225ae6e6
24.0,40.0,2585,train,629.0000000000107,1.0,1.0,"(1, 2)",667e6da95ae0a25f225ae6e6
24.0,40.0,2586,train,629.0000000000107,1.0,1.0,"(1, 2)",667e6da95ae0a25f225ae6e6
24.0,40.0,2587,train,629.0000000000107,1.0,1.0,"(1, 2)",667e6da95ae0a25f225ae6e6
24.0,40.0,2588,train,629.0000000000107,1.0,1.0,"(1, 2)",667e6da95ae0a25f225ae6e6
24.0,40.0,2589,train,629.0000000000107,1.0,1.0,"(1, 2)",667e6da95ae0a25f225ae6e6
24.0,40.0,2590,train,629.0000000000107,1.0,1.0,"(1, 2)",667e6da95ae0a25f225ae6e6
24.0,40.0,2591,train,629.0000000000107,1.0,1.0,"(1, 2)",667e6da95ae0a25f225ae6e6
24.0,40.0,2592,train,629.0000000000107,1.0,1.0,"(1, 2)",667e6da95ae0a25f225ae6e6
24.0,40.0,2593,train,629.0000000000107,1.0,1.0,"(1, 2)",667e6da95ae0a25f225ae6e6
24.0,38.749999999999716,2594,train,630.2500000000109,1.0,1.0,"(1, 2)",667e6da95ae0a25f225ae6e6
24.0,37.49999999999943,2595,train,631.5000000000111,1.0,1.0,"(1, 2)",667e6da95ae0a25f225ae6e6
24.0,36.24999999999915,2596,train,632.7500000000114,1.0,1.0,"(1, 2)",667e6da95ae0a25f225ae6e6
24.0,34.99999999999886,2597,train,634.0000000000116,1.0,1.0,"(1, 2)",667e6da95ae0a25f225ae6e6
24.0,33.74999999999858,2598,train,635.2500000000118,1.0,1.0,"(1, 2)",667e6da95ae0a25f225ae6e6
24.0,32.499999999998295,2599,train,636.500000000012,1.0,1.0,"(1, 2)",667e6da95ae0a25f225ae6e6
24.0,31.249999999998227,2600,train,637.7500000000122,1.0,1.0,"(1, 2)",667e6da95ae0a25f225ae6e6
24.0,29.9999999999983,2601,train,639.000000000012,1.0,1.0,"(1, 2)",667e6da95ae0a25f225ae6e6
24.0,28.74999999999837,2602,train,640.2500000000119,1.0,1.0,"(1, 2)",667e6da95ae0a25f225ae6e6
24.0,27.49999999999844,2603,train,641.5000000000118,1.0,1.0,"(1, 2)",667e6da95ae0a25f225ae6e6
24.0,26.24999999999851,2604,train,642.7500000000117,1.0,1.0,"(1, 2)",667e6da95ae0a25f225ae6e6
24.0,24.999999999998582,2605,train,644.0000000000116,1.0,1.0,"(1, 2)",667e6da95ae0a25f225ae6e6
24.0,24.0,2606,train,645.0000000000102,1.0,1.0,"(1, 2)",667e6da95ae0a25f225ae6e6
24.0,24.0,2607,train,645.0000000000102,1.0,1.0,"(1, 2)",667e6da95ae0a25f225ae6e6
24.0,24.0,2608,train,645.0000000000102,1.0,1.0,"(1, 2)",667e6da95ae0a25f225ae6e6
24.0,24.0,2609,train,645.0000000000102,1.0,1.0,"(1, 2)",667e6da95ae0a25f225ae6e6
24.0,24.0,2610,train,645.0000000000102,1.0,1.0,"(1, 2)",667e6da95ae0a25f225ae6e6
24.0,24.0,2611,train,645.0000000000102,1.0,1.0,"(1, 2)",667e6da95ae0a25f225ae6e6
24.0,24.0,2612,train,645.0000000000102,1.0,1.0,"(1, 2)",667e6da95ae0a25f225ae6e6
24.0,24.0,2613,train,645.0000000000102,1.0,1.0,"(1, 2)",667e6da95ae0a25f225ae6e6
24.0,24.0,2614,train,645.0000000000102,1.0,1.0,"(1, 2)",667e6da95ae0a25f225ae6e6
24.0,24.0,2615,train,645.0000000000102,1.0,1.0,"(1, 2)",667e6da95ae0a25f225ae6e6
24.0,24.0,2616,train,645.0000000000102,1.0,1.0,"(1, 2)",667e6da95ae0a25f225ae6e6
24.0,24.0,2617,train,645.0000000000102,1.0,1.0,"(1, 2)",667e6da95ae0a25f225ae6e6
24.0,24.0,2618,train,645.0000000000102,1.0,1.0,"(1, 2)",667e6da95ae0a25f225ae6e6
24.0,24.0,2619,train,645.0000000000102,1.0,1.0,"(1, 2)",667e6da95ae0a25f225ae6e6
24.0,24.0,2620,train,645.0000000000102,1.0,1.0,"(1, 2)",667e6da95ae0a25f225ae6e6
24.0,24.0,2621,train,645.0000000000102,1.0,1.0,"(1, 2)",667e6da95ae0a25f225ae6e6
24.0,24.0,2622,train,645.0000000000102,1.0,1.0,"(1, 2)",667e6da95ae0a25f225ae6e6
24.0,24.0,2623,train,645.0000000000102,1.0,1.0,"(1, 2)",667e6da95ae0a25f225ae6e6
24.0,24.0,2624,train,645.0000000000102,1.0,1.0,"(1, 2)",667e6da95ae0a25f225ae6e6
24.0,24.0,2625,train,645.0000000000102,1.0,1.0,"(1, 2)",667e6da95ae0a25f225ae6e6
24.0,24.0,2626,train,645.0000000000102,1.0,1.0,"(1, 2)",667e6da95ae0a25f225ae6e6
24.0,24.0,2627,train,645.0000000000102,1.0,1.0,"(1, 2)",667e6da95ae0a25f225ae6e6
24.0,24.0,2628,train,645.0000000000102,1.0,1.0,"(1, 2)",667e6da95ae0a25f225ae6e6
24.0,24.0,2629,train,645.0000000000102,1.0,1.0,"(1, 2)",667e6da95ae0a25f225ae6e6
24.0,24.0,2630,train,645.0000000000102,1.0,1.0,"(1, 2)",667e6da95ae0a25f225ae6e6
24.0,24.0,2631,train,645.0000000000102,1.0,1.0,"(1, 2)",667e6da95ae0a25f225ae6e6
24.0,24.0,2632,train,645.0000000000102,1.0,1.0,"(1, 2)",667e6da95ae0a25f225ae6e6
24.0,24.0,2633,train,645.0000000000102,1.0,1.0,"(1, 2)",667e6da95ae0a25f225ae6e6
24.0,24.0,2634,train,645.0000000000102,1.0,1.0,"(1, 2)",667e6da95ae0a25f225ae6e6
24.0,24.0,2635,train,645.0000000000102,1.0,1.0,"(1, 2)",667e6da95ae0a25f225ae6e6
24.0,24.0,2636,train,645.0000000000102,1.0,1.0,"(1, 2)",667e6da95ae0a25f225ae6e6
24.0,24.0,2637,train,645.0000000000102,1.0,1.0,"(1, 2)",667e6da95ae0a25f225ae6e6
24.0,24.0,2638,train,645.0000000000102,1.0,1.0,"(1, 2)",667e6da95ae0a25f225ae6e6
24.0,24.0,2639,train,645.0000000000102,1.0,1.0,"(1, 2)",667e6da95ae0a25f225ae6e6
24.0,24.0,2640,train,645.0000000000102,1.0,1.0,"(1, 2)",667e6da95ae0a25f225ae6e6
24.0,24.0,2641,train,645.0000000000102,1.0,1.0,"(1, 2)",667e6da95ae0a25f225ae6e6
24.0,24.0,2642,train,645.0000000000102,1.0,1.0,"(1, 2)",667e6da95ae0a25f225ae6e6
24.0,24.0,2643,train,645.0000000000102,1.0,1.0,"(1, 2)",667e6da95ae0a25f225ae6e6
24.0,24.0,2644,train,645.0000000000102,1.0,1.0,"(1, 2)",667e6da95ae0a25f225ae6e6
24.0,24.0,2645,train,645.0000000000102,1.0,1.0,"(1, 2)",667e6da95ae0a25f225ae6e6
24.0,24.0,2646,train,645.0000000000102,1.0,1.0,"(1, 2)",667e6da95ae0a25f225ae6e6
24.0,24.0,2647,train,645.0000000000102,1.0,1.0,"(1, 2)",667e6da95ae0a25f225ae6e6
24.0,24.0,2648,train,645.0000000000102,1.0,1.0,"(1, 2)",667e6da95ae0a25f225ae6e6
24.0,24.0,2649,train,645.0000000000102,1.0,1.0,"(1, 2)",667e6da95ae0a25f225ae6e6
24.0,24.0,2650,train,645.0000000000102,1.0,1.0,"(1, 2)",667e6da95ae0a25f225ae6e6
24.0,24.0,2651,train,645.0000000000102,1.0,1.0,"(1, 2)",667e6da95ae0a25f225ae6e6
24.0,24.0,2652,train,645.0000000000102,1.0,1.0,"(1, 2)",667e6da95ae0a25f225ae6e6
24.0,24.0,2653,train,645.0000000000102,1.0,1.0,"(1, 2)",667e6da95ae0a25f225ae6e6
24.0,24.0,2654,train,645.0000000000102,1.0,1.0,"(1, 2)",667e6da95ae0a25f225ae6e6
24.0,24.0,2655,train,645.0000000000102,1.0,1.0,"(1, 2)",667e6da95ae0a25f225ae6e6
24.0,24.0,2656,train,645.0000000000102,1.0,1.0,"(1, 2)",667e6da95ae0a25f225ae6e6
24.0,24.0,2657,train,645.0000000000102,1.0,1.0,"(1, 2)",667e6da95ae0a25f225ae6e6
24.0,24.0,2658,train,645.0000000000102,1.0,1.0,"(1, 2)",667e6da95ae0a25f225ae6e6
24.0,24.0,2659,train,645.0000000000102,1.0,1.0,"(1, 2)",667e6da95ae0a25f225ae6e6
24.0,24.0,2660,train,645.0000000000102,1.0,1.0,"(1, 2)",667e6da95ae0a25f225ae6e6
24.0,24.0,2661,train,645.0000000000102,1.0,1.0,"(1, 2)",667e6da95ae0a25f225ae6e6
24.0,24.0,2662,train,645.0000000000102,1.0,1.0,"(1, 2)",667e6da95ae0a25f225ae6e6
24.0,24.0,2663,train,645.0000000000102,1.0,1.0,"(1, 2)",667e6da95ae0a25f225ae6e6
24.0,24.0,2664,train,645.0000000000102,1.0,1.0,"(1, 2)",667e6da95ae0a25f225ae6e6
24.0,24.0,2665,train,645.0000000000102,1.0,1.0,"(1, 2)",667e6da95ae0a25f225ae6e6
24.0,24.0,2666,train,645.0000000000102,1.0,1.0,"(1, 2)",667e6da95ae0a25f225ae6e6
24.0,24.0,2667,train,645.0000000000102,1.0,1.0,"(1, 2)",667e6da95ae0a25f225ae6e6
24.0,24.0,2668,train,645.0000000000102,1.0,1.0,"(1, 2)",667e6da95ae0a25f225ae6e6
24.0,24.0,2669,train,645.0000000000102,1.0,1.0,"(1, 2)",667e6da95ae0a25f225ae6e6
24.0,24.0,2670,train,645.0000000000102,1.0,1.0,"(1, 2)",667e6da95ae0a25f225ae6e6
24.0,24.0,2671,train,645.0000000000102,1.0,1.0,"(1, 2)",667e6da95ae0a25f225ae6e6
24.0,24.0,2672,train,645.0000000000102,1.0,1.0,"(1, 2)",667e6da95ae0a25f225ae6e6
24.0,24.0,2673,train,645.0000000000102,1.0,1.0,"(1, 2)",667e6da95ae0a25f225ae6e6
24.0,24.0,2674,train,645.0000000000102,1.0,1.0,"(1, 2)",667e6da95ae0a25f225ae6e6
24.0,24.0,2675,train,645.0000000000102,1.0,1.0,"(1, 2)",667e6da95ae0a25f225ae6e6
24.0,24.0,2676,train,645.0000000000102,1.0,1.0,"(1, 2)",667e6da95ae0a25f225ae6e6
24.0,24.0,2677,train,645.0000000000102,1.0,1.0,"(1, 2)",667e6da95ae0a25f225ae6e6
24.0,24.0,2678,train,645.0000000000102,1.0,1.0,"(1, 2)",667e6da95ae0a25f225ae6e6
24.0,24.0,2679,train,645.0000000000102,1.0,1.0,"(1, 2)",667e6da95ae0a25f225ae6e6
24.0,24.0,2680,train,645.0000000000102,1.0,1.0,"(1, 2)",667e6da95ae0a25f225ae6e6
24.0,24.0,2681,train,645.0000000000102,1.0,1.0,"(1, 2)",667e6da95ae0a25f225ae6e6
24.0,24.0,2682,train,645.0000000000102,1.0,1.0,"(1, 2)",667e6da95ae0a25f225ae6e6
24.0,24.0,2683,train,645.0000000000102,1.0,1.0,"(1, 2)",667e6da95ae0a25f225ae6e6
24.0,24.0,2684,train,645.0000000000102,1.0,1.0,"(1, 2)",667e6da95ae0a25f225ae6e6
24.0,24.0,2685,train,645.0000000000102,1.0,1.0,"(1, 2)",667e6da95ae0a25f225ae6e6
24.0,24.0,2686,train,645.0000000000102,1.0,1.0,"(1, 2)",667e6da95ae0a25f225ae6e6
24.0,24.0,2687,train,645.0000000000102,1.0,1.0,"(1, 2)",667e6da95ae0a25f225ae6e6
24.0,24.0,2688,train,645.0000000000102,1.0,1.0,"(1, 2)",667e6da95ae0a25f225ae6e6
24.0,24.0,2689,train,645.0000000000102,1.0,1.0,"(1, 2)",667e6da95ae0a25f225ae6e6
24.0,24.0,2690,train,645.0000000000102,1.0,1.0,"(1, 2)",667e6da95ae0a25f225ae6e6
24.0,24.0,2691,train,645.0000000000102,1.0,1.0,"(1, 2)",667e6da95ae0a25f225ae6e6
24.0,24.0,2692,train,645.0000000000102,1.0,1.0,"(1, 2)",667e6da95ae0a25f225ae6e6
24.0,24.0,2693,train,645.0000000000102,1.0,1.0,"(1, 2)",667e6da95ae0a25f225ae6e6
24.0,24.0,2694,train,645.0000000000102,1.0,1.0,"(1, 2)",667e6da95ae0a25f225ae6e6
24.0,24.0,2695,train,645.0000000000102,1.0,1.0,"(1, 2)",667e6da95ae0a25f225ae6e6
24.0,24.0,2696,train,645.0000000000102,1.0,1.0,"(1, 2)",667e6da95ae0a25f225ae6e6
24.0,24.0,2697,train,645.0000000000102,1.0,1.0,"(1, 2)",667e6da95ae0a25f225ae6e6
24.0,24.0,2698,train,645.0000000000102,1.0,1.0,"(1, 2)",667e6da95ae0a25f225ae6e6
24.0,24.0,2699,train,645.0000000000102,1.0,1.0,"(1, 2)",667e6da95ae0a25f225ae6e6
24.0,24.0,2700,train,645.0000000000102,1.0,1.0,"(1, 2)",667e6da95ae0a25f225ae6e6
24.0,24.0,2701,train,645.0000000000102,1.0,1.0,"(1, 2)",667e6da95ae0a25f225ae6e6
24.0,24.0,2702,train,645.0000000000102,1.0,1.0,"(1, 2)",667e6da95ae0a25f225ae6e6
24.0,24.0,2703,train,645.0000000000102,1.0,1.0,"(1, 2)",667e6da95ae0a25f225ae6e6
24.0,24.0,2704,train,645.0000000000102,1.0,1.0,"(1, 2)",667e6da95ae0a25f225ae6e6
24.0,24.0,2705,train,645.0000000000102,1.0,1.0,"(1, 2)",667e6da95ae0a25f225ae6e6
24.0,24.0,2706,train,645.0000000000102,1.0,1.0,"(1, 2)",667e6da95ae0a25f225ae6e6
24.0,24.0,2707,train,645.0000000000102,1.0,1.0,"(1, 2)",667e6da95ae0a25f225ae6e6
24.0,24.0,2708,train,645.0000000000102,1.0,1.0,"(1, 2)",667e6da95ae0a25f225ae6e6
24.0,24.0,2709,train,645.0000000000102,1.0,1.0,"(1, 2)",667e6da95ae0a25f225ae6e6
24.0,24.0,2710,train,645.0000000000102,1.0,1.0,"(1, 2)",667e6da95ae0a25f225ae6e6
24.0,24.0,2711,train,645.0000000000102,1.0,1.0,"(1, 2)",667e6da95ae0a25f225ae6e6
24.0,24.0,2712,train,645.0000000000102,1.0,1.0,"(1, 2)",667e6da95ae0a25f225ae6e6
24.0,24.0,2713,train,645.0000000000102,1.0,1.0,"(1, 2)",667e6da95ae0a25f225ae6e6
24.0,24.0,2714,train,645.0000000000102,1.0,1.0,"(1, 2)",667e6da95ae0a25f225ae6e6
24.0,24.0,2715,train,645.0000000000102,1.0,1.0,"(1, 2)",667e6da95ae0a25f225ae6e6
24.0,24.0,2716,train,645.0000000000102,1.0,1.0,"(1, 2)",667e6da95ae0a25f225ae6e6
24.0,24.0,2717,train,645.0000000000102,1.0,1.0,"(1, 2)",667e6da95ae0a25f225ae6e6
24.0,24.0,2718,train,645.0000000000102,1.0,1.0,"(1, 2)",667e6da95ae0a25f225ae6e6
24.0,24.0,2719,train,645.0000000000102,1.0,1.0,"(1, 2)",667e6da95ae0a25f225ae6e6
24.0,24.0,2720,train,645.0000000000102,1.0,1.0,"(1, 2)",667e6da95ae0a25f225ae6e6
24.0,24.0,2721,train,645.0000000000102,1.0,1.0,"(1, 2)",667e6da95ae0a25f225ae6e6
24.0,24.0,2722,train,645.0000000000102,1.0,1.0,"(1, 2)",667e6da95ae0a25f225ae6e6
24.0,24.0,2723,train,645.0000000000102,1.0,1.0,"(1, 2)",667e6da95ae0a25f225ae6e6
24.0,24.0,2724,train,645.0000000000102,1.0,1.0,"(1, 2)",667e6da95ae0a25f225ae6e6
24.0,24.0,2725,train,645.0000000000102,1.0,1.0,"(1, 2)",667e6da95ae0a25f225ae6e6
24.0,24.0,2726,train,645.0000000000102,1.0,1.0,"(1, 2)",667e6da95ae0a25f225ae6e6
24.0,24.0,2727,train,645.0000000000102,1.0,1.0,"(1, 2)",667e6da95ae0a25f225ae6e6
24.0,24.0,2728,train,645.0000000000102,1.0,1.0,"(1, 2)",667e6da95ae0a25f225ae6e6
24.0,24.0,2729,train,645.0000000000102,1.0,1.0,"(1, 2)",667e6da95ae0a25f225ae6e6
24.0,24.0,2730,train,645.0000000000102,1.0,1.0,"(1, 2)",667e6da95ae0a25f225ae6e6
24.0,24.0,2731,train,645.0000000000102,1.0,1.0,"(1, 2)",667e6da95ae0a25f225ae6e6
24.0,24.0,2732,train,645.0000000000102,1.0,1.0,"(1, 2)",667e6da95ae0a25f225ae6e6
24.0,24.0,2733,train,645.0000000000102,1.0,1.0,"(1, 2)",667e6da95ae0a25f225ae6e6
24.0,24.0,2734,train,645.0000000000102,1.0,1.0,"(1, 2)",667e6da95ae0a25f225ae6e6
24.0,24.0,2735,train,645.0000000000102,1.0,1.0,"(1, 2)",667e6da95ae0a25f225ae6e6
24.0,24.0,2736,train,645.0000000000102,1.0,1.0,"(1, 2)",667e6da95ae0a25f225ae6e6
24.0,24.0,2737,train,645.0000000000102,1.0,1.0,"(1, 2)",667e6da95ae0a25f225ae6e6
24.0,24.0,2738,train,645.0000000000102,1.0,1.0,"(1, 2)",667e6da95ae0a25f225ae6e6
24.0,24.0,2739,train,645.0000000000102,1.0,1.0,"(1, 2)",667e6da95ae0a25f225ae6e6
24.0,24.0,2740,train,645.0000000000102,1.0,1.0,"(1, 2)",667e6da95ae0a25f225ae6e6
24.0,24.0,2741,train,645.0000000000102,1.0,1.0,"(1, 2)",667e6da95ae0a25f225ae6e6
24.0,24.0,2742,train,645.0000000000102,1.0,1.0,"(1, 2)",667e6da95ae0a25f225ae6e6
24.0,24.0,2743,train,645.0000000000102,1.0,1.0,"(1, 2)",667e6da95ae0a25f225ae6e6
24.0,24.0,2744,train,645.0000000000102,1.0,1.0,"(1, 2)",667e6da95ae0a25f225ae6e6
24.0,24.0,2745,train,645.0000000000102,1.0,1.0,"(1, 2)",667e6da95ae0a25f225ae6e6
24.0,24.0,2746,train,645.0000000000102,1.0,1.0,"(1, 2)",667e6da95ae0a25f225ae6e6
24.0,24.0,2747,train,645.0000000000102,1.0,1.0,"(1, 2)",667e6da95ae0a25f225ae6e6
24.0,24.0,2748,train,645.0000000000102,1.0,1.0,"(1, 2)",667e6da95ae0a25f225ae6e6
24.0,24.0,2749,train,645.0000000000102,1.0,1.0,"(1, 2)",667e6da95ae0a25f225ae6e6
24.0,24.0,2750,train,645.0000000000102,1.0,1.0,"(1, 2)",667e6da95ae0a25f225ae6e6
24.0,24.0,2751,train,645.0000000000102,1.0,1.0,"(1, 2)",667e6da95ae0a25f225ae6e6
24.0,24.0,2752,train,645.0000000000102,1.0,1.0,"(1, 2)",667e6da95ae0a25f225ae6e6
24.0,24.0,2753,train,645.0000000000102,1.0,1.0,"(1, 2)",667e6da95ae0a25f225ae6e6
24.0,24.0,2754,train,645.0000000000102,1.0,1.0,"(1, 2)",667e6da95ae0a25f225ae6e6
24.0,24.0,2755,train,645.0000000000102,1.0,1.0,"(1, 2)",667e6da95ae0a25f225ae6e6
24.0,24.0,2756,train,645.0000000000102,1.0,1.0,"(1, 2)",667e6da95ae0a25f225ae6e6
24.0,24.0,2757,train,645.0000000000102,1.0,1.0,"(1, 2)",667e6da95ae0a25f225ae6e6
24.0,24.0,2758,train,645.0000000000102,1.0,1.0,"(1, 2)",667e6da95ae0a25f225ae6e6
24.0,24.0,2759,train,645.0000000000102,1.0,1.0,"(1, 2)",667e6da95ae0a25f225ae6e6
24.0,24.0,2760,train,645.0000000000102,1.0,1.0,"(1, 2)",667e6da95ae0a25f225ae6e6
24.0,24.0,2761,train,645.0000000000102,1.0,1.0,"(1, 2)",667e6da95ae0a25f225ae6e6
24.0,24.0,2762,train,645.0000000000102,1.0,1.0,"(1, 2)",667e6da95ae0a25f225ae6e6
24.0,24.0,2763,train,645.0000000000102,1.0,1.0,"(1, 2)",667e6da95ae0a25f225ae6e6
24.0,24.0,2764,train,645.0000000000102,1.0,1.0,"(1, 2)",667e6da95ae0a25f225ae6e6
24.0,24.0,2765,train,645.0000000000102,1.0,1.0,"(1, 2)",667e6da95ae0a25f225ae6e6
24.0,24.0,2766,train,645.0000000000102,1.0,1.0,"(1, 2)",667e6da95ae0a25f225ae6e6
24.0,24.0,2767,train,645.0000000000102,1.0,1.0,"(1, 2)",667e6da95ae0a25f225ae6e6
24.0,24.0,2768,train,645.0000000000102,1.0,1.0,"(1, 2)",667e6da95ae0a25f225ae6e6
24.0,24.0,2769,train,645.0000000000102,1.0,1.0,"(1, 2)",667e6da95ae0a25f225ae6e6
24.0,24.0,2770,train,645.0000000000102,1.0,1.0,"(1, 2)",667e6da95ae0a25f225ae6e6
24.0,24.0,2771,train,645.0000000000102,1.0,1.0,"(1, 2)",667e6da95ae0a25f225ae6e6
24.0,24.0,2772,train,645.0000000000102,1.0,1.0,"(1, 2)",667e6da95ae0a25f225ae6e6
24.0,24.0,2773,train,645.0000000000102,1.0,1.0,"(1, 2)",667e6da95ae0a25f225ae6e6
24.0,24.0,2774,train,645.0000000000102,1.0,1.0,"(1, 2)",667e6da95ae0a25f225ae6e6
24.0,24.0,2775,train,645.0000000000102,1.0,1.0,"(1, 2)",667e6da95ae0a25f225ae6e6
24.0,24.0,2776,train,645.0000000000102,1.0,1.0,"(1, 2)",667e6da95ae0a25f225ae6e6
24.0,24.0,2777,train,645.0000000000102,1.0,1.0,"(1, 2)",667e6da95ae0a25f225ae6e6
24.0,24.0,2778,train,645.0000000000102,1.0,1.0,"(1, 2)",667e6da95ae0a25f225ae6e6
24.0,24.0,2779,train,645.0000000000102,1.0,1.0,"(1, 2)",667e6da95ae0a25f225ae6e6
24.0,24.0,2780,train,645.0000000000102,1.0,1.0,"(1, 2)",667e6da95ae0a25f225ae6e6
24.0,24.0,2781,train,645.0000000000102,1.0,1.0,"(1, 2)",667e6da95ae0a25f225ae6e6
24.0,24.0,2782,train,645.0000000000102,1.0,1.0,"(1, 2)",667e6da95ae0a25f225ae6e6
24.0,24.0,2783,train,645.0000000000102,1.0,1.0,"(1, 2)",667e6da95ae0a25f225ae6e6
24.0,24.0,2784,train,645.0000000000102,1.0,1.0,"(1, 2)",667e6da95ae0a25f225ae6e6
24.0,24.0,2785,train,645.0000000000102,1.0,1.0,"(1, 2)",667e6da95ae0a25f225ae6e6
24.0,24.0,2786,train,645.0000000000102,1.0,1.0,"(1, 2)",667e6da95ae0a25f225ae6e6
24.0,24.0,2787,train,645.0000000000102,1.0,1.0,"(1, 2)",667e6da95ae0a25f225ae6e6
24.0,24.0,2788,train,645.0000000000102,1.0,1.0,"(1, 2)",667e6da95ae0a25f225ae6e6
24.0,24.0,2789,train,645.0000000000102,1.0,1.0,"(1, 2)",667e6da95ae0a25f225ae6e6
24.0,24.0,2790,train,645.0000000000102,1.0,1.0,"(1, 2)",667e6da95ae0a25f225ae6e6
24.0,24.0,2791,train,645.0000000000102,1.0,1.0,"(1, 2)",667e6da95ae0a25f225ae6e6
24.0,24.0,2792,train,645.0000000000102,1.0,1.0,"(1, 2)",667e6da95ae0a25f225ae6e6
24.0,24.0,2793,train,645.0000000000102,1.0,1.0,"(1, 2)",667e6da95ae0a25f225ae6e6
24.0,24.0,2794,train,645.0000000000102,1.0,1.0,"(1, 2)",667e6da95ae0a25f225ae6e6
24.0,24.0,2795,train,645.0000000000102,1.0,1.0,"(1, 2)",667e6da95ae0a25f225ae6e6
24.0,24.0,2796,train,645.0000000000102,1.0,1.0,"(1, 2)",667e6da95ae0a25f225ae6e6
24.0,24.0,2797,train,645.0000000000102,1.0,1.0,"(1, 2)",667e6da95ae0a25f225ae6e6
24.0,24.0,2798,train,645.0000000000102,1.0,1.0,"(1, 2)",667e6da95ae0a25f225ae6e6
24.0,24.0,2799,train,645.0000000000102,1.0,1.0,"(1, 2)",667e6da95ae0a25f225ae6e6
24.0,24.0,2800,train,645.0000000000102,1.0,1.0,"(1, 2)",667e6da95ae0a25f225ae6e6
24.0,24.0,2801,train,645.0000000000102,1.0,1.0,"(1, 2)",667e6da95ae0a25f225ae6e6
24.0,24.0,2802,train,645.0000000000102,1.0,1.0,"(1, 2)",667e6da95ae0a25f225ae6e6
24.0,24.0,2803,train,645.0000000000102,1.0,1.0,"(1, 2)",667e6da95ae0a25f225ae6e6
24.0,24.0,2804,train,645.0000000000102,1.0,1.0,"(1, 2)",667e6da95ae0a25f225ae6e6
24.0,24.0,2805,train,645.0000000000102,1.0,1.0,"(1, 2)",667e6da95ae0a25f225ae6e6
24.0,24.0,2806,train,645.0000000000102,1.0,1.0,"(1, 2)",667e6da95ae0a25f225ae6e6
24.0,24.0,2807,train,645.0000000000102,1.0,1.0,"(1, 2)",667e6da95ae0a25f225ae6e6
24.0,24.0,2808,train,645.0000000000102,1.0,1.0,"(1, 2)",667e6da95ae0a25f225ae6e6
24.0,24.0,2809,train,645.0000000000102,1.0,1.0,"(1, 2)",667e6da95ae0a25f225ae6e6
24.0,24.0,2810,train,645.0000000000102,1.0,1.0,"(1, 2)",667e6da95ae0a25f225ae6e6
24.0,24.0,2811,train,645.0000000000102,1.0,1.0,"(1, 2)",667e6da95ae0a25f225ae6e6
24.0,24.0,2812,train,645.0000000000102,1.0,1.0,"(1, 2)",667e6da95ae0a25f225ae6e6
24.0,24.0,2813,train,645.0000000000102,1.0,1.0,"(1, 2)",667e6da95ae0a25f225ae6e6
24.0,24.0,2814,train,645.0000000000102,1.0,1.0,"(1, 2)",667e6da95ae0a25f225ae6e6
24.0,24.0,2815,train,645.0000000000102,1.0,1.0,"(1, 2)",667e6da95ae0a25f225ae6e6
24.0,24.0,2816,train,645.0000000000102,1.0,1.0,"(1, 2)",667e6da95ae0a25f225ae6e6
24.0,24.0,2817,train,645.0000000000102,1.0,1.0,"(1, 2)",667e6da95ae0a25f225ae6e6
24.0,25.24999999999993,2818,train,646.2500000000101,1.0,1.0,"(1, 2)",667e6da95ae0a25f225ae6e6
24.0,26.499999999999858,2819,train,647.50000000001,1.0,1.0,"(1, 2)",667e6da95ae0a25f225ae6e6
24.0,27.749999999999787,2820,train,648.7500000000099,1.0,1.0,"(1, 2)",667e6da95ae0a25f225ae6e6
24.0,28.999999999999716,2821,train,650.0000000000098,1.0,1.0,"(1, 2)",667e6da95ae0a25f225ae6e6
24.0,30.249999999999645,2822,train,651.2500000000097,1.0,1.0,"(1, 2)",667e6da95ae0a25f225ae6e6
24.0,31.499999999999574,2823,train,652.5000000000095,1.0,1.0,"(1, 2)",667e6da95ae0a25f225ae6e6
24.0,32.749999999999716,2824,train,653.7500000000097,1.0,1.0,"(1, 2)",667e6da95ae0a25f225ae6e6
24.0,34.0,2825,train,655.00000000001,1.0,1.0,"(1, 2)",667e6da95ae0a25f225ae6e6
24.0,35.250000000000284,2826,train,656.2500000000102,1.0,1.0,"(1, 2)",667e6da95ae0a25f225ae6e6
24.0,36.50000000000057,2827,train,657.5000000000105,1.0,1.0,"(1, 2)",667e6da95ae0a25f225ae6e6
24.0,37.75000000000085,2828,train,658.7500000000107,1.0,1.0,"(1, 2)",667e6da95ae0a25f225ae6e6
24.0,39.00000000000114,2829,train,660.0000000000109,1.0,1.0,"(1, 2)",667e6da95ae0a25f225ae6e6
24.0,40.25000000000142,2830,train,661.2500000000111,1.0,1.0,"(1, 2)",667e6da95ae0a25f225ae6e6
24.0,41.500000000001705,2831,train,662.5000000000114,1.0,1.0,"(1, 2)",667e6da95ae0a25f225ae6e6
24.0,42.75000000000199,2832,train,663.7500000000116,1.0,1.0,"(1, 2)",667e6da95ae0a25f225ae6e6
24.0,44.000000000002274,2833,train,665.0000000000118,1.0,1.0,"(1, 2)",667e6da95ae0a25f225ae6e6
24.0,45.25000000000256,2834,train,666.250000000012,1.0,1.0,"(1, 2)",667e6da95ae0a25f225ae6e6
24.0,46.50000000000284,2835,train,667.5000000000123,1.0,1.0,"(1, 2)",667e6da95ae0a25f225ae6e6
24.0,47.750000000003126,2836,train,668.7500000000125,1.0,1.0,"(1, 2)",667e6da95ae0a25f225ae6e6
24.0,49.00000000000341,2837,train,670.0000000000127,1.0,1.0,"(1, 2)",667e6da95ae0a25f225ae6e6
24.0,50.250000000003695,2838,train,671.250000000013,1.0,1.0,"(1, 2)",667e6da95ae0a25f225ae6e6
24.0,51.50000000000398,2839,train,672.5000000000132,1.0,1.0,"(1, 2)",667e6da95ae0a25f225ae6e6
24.0,52.75000000000426,2840,train,673.7500000000134,1.0,1.0,"(1, 2)",667e6da95ae0a25f225ae6e6
24.0,54.00000000000455,2841,train,675.0000000000136,1.0,1.0,"(1, 2)",667e6da95ae0a25f225ae6e6
24.0,55.25000000000483,2842,train,676.2500000000139,1.0,1.0,"(1, 2)",667e6da95ae0a25f225ae6e6
24.0,56.500000000005116,2843,train,677.5000000000141,1.0,1.0,"(1, 2)",667e6da95ae0a25f225ae6e6
24.0,57.7500000000054,2844,train,678.7500000000143,1.0,1.0,"(1, 2)",667e6da95ae0a25f225ae6e6
24.0,59.000000000005684,2845,train,680.0000000000146,1.0,1.0,"(1, 2)",667e6da95ae0a25f225ae6e6
24.0,60.25000000000597,2846,train,681.2500000000148,1.0,1.0,"(1, 2)",667e6da95ae0a25f225ae6e6
24.0,61.50000000000625,2847,train,682.500000000015,1.0,1.0,"(1, 2)",667e6da95ae0a25f225ae6e6
24.0,62.75000000000654,2848,train,683.7500000000152,1.0,1.0,"(1, 2)",667e6da95ae0a25f225ae6e6
24.0,64.00000000000682,2849,train,685.0000000000155,1.0,1.0,"(1, 2)",667e6da95ae0a25f225ae6e6
24.0,65.2500000000071,2850,train,686.2500000000157,1.0,1.0,"(1, 2)",667e6da95ae0a25f225ae6e6
24.0,66.50000000000739,2851,train,687.5000000000159,1.0,1.0,"(1, 2)",667e6da95ae0a25f225ae6e6
24.0,67.75000000000767,2852,train,688.7500000000161,1.0,1.0,"(1, 2)",667e6da95ae0a25f225ae6e6
24.0,69.00000000000796,2853,train,690.0000000000164,1.0,1.0,"(1, 2)",667e6da95ae0a25f225ae6e6
24.0,70.25000000000824,2854,train,691.2500000000166,1.0,1.0,"(1, 2)",667e6da95ae0a25f225ae6e6
24.0,71.50000000000853,2855,train,692.5000000000168,1.0,1.0,"(1, 2)",667e6da95ae0a25f225ae6e6
24.0,72.0,2856,train,693.0000000000083,1.0,1.0,"(1, 2)",667e6da95ae0a25f225ae6e6
24.0,72.0,2857,train,693.0000000000083,1.0,1.0,"(1, 2)",667e6da95ae0a25f225ae6e6
24.0,72.0,2858,train,693.0000000000083,1.0,1.0,"(1, 2)",667e6da95ae0a25f225ae6e6
24.0,72.0,2859,train,693.0000000000083,1.0,1.0,"(1, 2)",667e6da95ae0a25f225ae6e6
24.0,72.0,2860,train,693.0000000000083,1.0,1.0,"(1, 2)",667e6da95ae0a25f225ae6e6
24.0,72.0,2861,train,693.0000000000083,1.0,1.0,"(1, 2)",667e6da95ae0a25f225ae6e6
24.0,72.0,2862,train,693.0000000000083,1.0,1.0,"(1, 2)",667e6da95ae0a25f225ae6e6
24.0,72.0,2863,train,693.0000000000083,1.0,1.0,"(1, 2)",667e6da95ae0a25f225ae6e6
24.0,72.0,2864,train,693.0000000000083,1.0,1.0,"(1, 2)",667e6da95ae0a25f225ae6e6
24.0,72.0,2865,train,693.0000000000083,1.0,1.0,"(1, 2)",667e6da95ae0a25f225ae6e6
24.0,72.0,2866,train,693.0000000000083,1.0,1.0,"(1, 2)",667e6da95ae0a25f225ae6e6
24.0,72.0,2867,train,693.0000000000083,1.0,1.0,"(1, 2)",667e6da95ae0a25f225ae6e6
24.0,72.0,2868,train,693.0000000000083,1.0,1.0,"(1, 2)",667e6da95ae0a25f225ae6e6
24.0,72.0,2869,train,693.0000000000083,1.0,1.0,"(1, 2)",667e6da95ae0a25f225ae6e6
24.0,72.0,2870,train,693.0000000000083,1.0,1.0,"(1, 2)",667e6da95ae0a25f225ae6e6
24.0,72.0,2871,train,693.0000000000083,1.0,1.0,"(1, 2)",667e6da95ae0a25f225ae6e6
24.0,72.0,2872,train,693.0000000000083,1.0,1.0,"(1, 2)",667e6da95ae0a25f225ae6e6
24.0,72.0,2873,train,693.0000000000083,1.0,1.0,"(1, 2)",667e6da95ae0a25f225ae6e6
24.0,72.0,2874,train,693.0000000000083,1.0,1.0,"(1, 2)",667e6da95ae0a25f225ae6e6
24.0,72.0,2875,train,693.0000000000083,1.0,1.0,"(1, 2)",667e6da95ae0a25f225ae6e6
24.0,72.0,2876,train,693.0000000000083,1.0,1.0,"(1, 2)",667e6da95ae0a25f225ae6e6
24.0,72.0,2877,train,693.0000000000083,1.0,1.0,"(1, 2)",667e6da95ae0a25f225ae6e6
24.0,72.0,2878,train,693.0000000000083,1.0,1.0,"(1, 2)",667e6da95ae0a25f225ae6e6
24.0,72.0,2879,train,693.0000000000083,1.0,1.0,"(1, 2)",667e6da95ae0a25f225ae6e6
24.0,40.0,2880,ready,725.0000000000083,1.0,1.0,"(1, 2)",667e6da95ae0a25f225ae6e6
24.0,40.0,2881,ready,725.0000000000083,1.0,1.0,"(1, 2)",667e6da95ae0a25f225ae6e6
24.0,40.0,2882,ready,725.0000000000083,1.0,1.0,"(1, 2)",667e6da95ae0a25f225ae6e6
24.0,40.0,2883,ready,725.0000000000083,1.0,1.0,"(1, 2)",667e6da95ae0a25f225ae6e6
24.0,40.0,2884,ready,725.0000000000083,1.0,1.0,"(1, 2)",667e6da95ae0a25f225ae6e6
24.0,40.0,2885,ready,725.0000000000083,1.0,1.0,"(1, 2)",667e6da95ae0a25f225ae6e6
24.0,40.0,2886,ready,725.0000000000083,1.0,1.0,"(1, 2)",667e6da95ae0a25f225ae6e6
24.0,40.0,2887,ready,725.0000000000083,1.0,1.0,"(1, 2)",667e6da95ae0a25f225ae6e6
24.0,40.0,2888,ready,725.0000000000083,1.0,1.0,"(1, 2)",667e6da95ae0a25f225ae6e6
24.0,40.0,2889,ready,725.0000000000083,1.0,1.0,"(1, 2)",667e6da95ae0a25f225ae6e6
24.0,40.0,2890,ready,725.0000000000083,1.0,1.0,"(1, 2)",667e6da95ae0a25f225ae6e6
24.0,40.0,2891,ready,725.0000000000083,1.0,1.0,"(1, 2)",667e6da95ae0a25f225ae6e6
24.0,40.0,2892,ready,725.0000000000083,1.0,1.0,"(1, 2)",667e6da95ae0a25f225ae6e6
24.0,40.0,2893,ready,725.0000000000083,1.0,1.0,"(1, 2)",667e6da95ae0a25f225ae6e6
24.0,40.0,2894,ready,725.0000000000083,1.0,1.0,"(1, 2)",667e6da95ae0a25f225ae6e6
24.0,40.0,2895,ready,725.0000000000083,1.0,1.0,"(1, 2)",667e6da95ae0a25f225ae6e6
24.0,40.0,2896,ready,725.0000000000083,1.0,1.0,"(1, 2)",667e6da95ae0a25f225ae6e6
24.0,40.0,2897,ready,725.0000000000083,1.0,1.0,"(1, 2)",667e6da95ae0a25f225ae6e6
24.0,40.0,2898,ready,725.0000000000083,1.0,1.0,"(1, 2)",667e6da95ae0a25f225ae6e6
24.0,40.0,2899,ready,725.0000000000083,1.0,1.0,"(1, 2)",667e6da95ae0a25f225ae6e6
24.0,40.0,2900,ready,725.0000000000083,1.0,1.0,"(1, 2)",667e6da95ae0a25f225ae6e6
24.0,40.0,2901,ready,725.0000000000083,1.0,1.0,"(1, 2)",667e6da95ae0a25f225ae6e6
24.0,40.0,2902,ready,725.0000000000083,1.0,1.0,"(1, 2)",667e6da95ae0a25f225ae6e6
24.0,40.0,2903,ready,725.0000000000083,1.0,1.0,"(1, 2)",667e6da95ae0a25f225ae6e6
24.0,40.0,2904,ready,725.0000000000083,1.0,1.0,"(1, 2)",667e6da95ae0a25f225ae6e6
24.0,40.0,2905,ready,725.0000000000083,1.0,1.0,"(1, 2)",667e6da95ae0a25f225ae6e6
24.0,40.0,2906,ready,725.0000000000083,1.0,1.0,"(1, 2)",667e6da95ae0a25f225ae6e6
24.0,40.0,2907,ready,725.0000000000083,1.0,1.0,"(1, 2)",667e6da95ae0a25f225ae6e6
24.0,40.0,2908,ready,725.0000000000083,1.0,1.0,"(1, 2)",667e6da95ae0a25f225ae6e6
24.0,40.0,2909,ready,725.0000000000083,1.0,1.0,"(1, 2)",667e6da95ae0a25f225ae6e6
24.0,40.0,2910,ready,725.0000000000083,1.0,1.0,"(1, 2)",667e6da95ae0a25f225ae6e6
24.0,40.0,2911,ready,725.0000000000083,1.0,1.0,"(1, 2)",667e6da95ae0a25f225ae6e6
24.0,40.0,2912,ready,725.0000000000083,1.0,1.0,"(1, 2)",667e6da95ae0a25f225ae6e6
24.0,40.0,2913,ready,725.0000000000083,1.0,1.0,"(1, 2)",667e6da95ae0a25f225ae6e6
24.0,40.0,2914,ready,725.0000000000083,1.0,1.0,"(1, 2)",667e6da95ae0a25f225ae6e6
24.0,40.0,2915,ready,725.0000000000083,1.0,1.0,"(1, 2)",667e6da95ae0a25f225ae6e6
24.0,40.0,2916,ready,725.0000000000083,1.0,1.0,"(1, 2)",667e6da95ae0a25f225ae6e6
24.0,40.0,2917,ready,725.0000000000083,1.0,1.0,"(1, 2)",667e6da95ae0a25f225ae6e6
24.0,40.0,2918,ready,725.0000000000083,1.0,1.0,"(1, 2)",667e6da95ae0a25f225ae6e6
24.0,40.0,2919,ready,725.0000000000083,1.0,1.0,"(1, 2)",667e6da95ae0a25f225ae6e6
24.0,40.0,2920,ready,725.0000000000083,1.0,1.0,"(1, 2)",667e6da95ae0a25f225ae6e6
24.0,40.0,2921,ready,725.0000000000083,1.0,1.0,"(1, 2)",667e6da95ae0a25f225ae6e6
24.0,40.0,2922,ready,725.0000000000083,1.0,1.0,"(1, 2)",667e6da95ae0a25f225ae6e6
24.0,40.0,2923,ready,725.0000000000083,1.0,1.0,"(1, 2)",667e6da95ae0a25f225ae6e6
24.0,40.0,2924,ready,725.0000000000083,1.0,1.0,"(1, 2)",667e6da95ae0a25f225ae6e6
24.0,40.0,2925,ready,725.0000000000083,1.0,1.0,"(1, 2)",667e6da95ae0a25f225ae6e6
24.0,40.0,2926,ready,725.0000000000083,1.0,1.0,"(1, 2)",667e6da95ae0a25f225ae6e6
24.0,40.0,2927,ready,725.0000000000083,1.0,1.0,"(1, 2)",667e6da95ae0a25f225ae6e6
24.0,40.0,2928,ready,725.0000000000083,1.0,1.0,"(1, 2)",667e6da95ae0a25f225ae6e6
24.0,40.0,2929,ready,725.0000000000083,1.0,1.0,"(1, 2)",667e6da95ae0a25f225ae6e6
24.0,40.0,2930,ready,725.0000000000083,1.0,1.0,"(1, 2)",667e6da95ae0a25f225ae6e6
24.0,40.0,2931,ready,725.0000000000083,1.0,1.0,"(1, 2)",667e6da95ae0a25f225ae6e6
24.0,40.0,2932,ready,725.0000000000083,1.0,1.0,"(1, 2)",667e6da95ae0a25f225ae6e6
24.0,40.0,2933,ready,725.0000000000083,1.0,1.0,"(1, 2)",667e6da95ae0a25f225ae6e6
24.0,40.0,2934,ready,725.0000000000083,1.0,1.0,"(1, 2)",667e6da95ae0a25f225ae6e6
24.0,40.0,2935,ready,725.0000000000083,1.0,1.0,"(1, 2)",667e6da95ae0a25f225ae6e6
24.0,40.0,2936,ready,725.0000000000083,1.0,1.0,"(1, 2)",667e6da95ae0a25f225ae6e6
24.0,40.0,2937,ready,725.0000000000083,1.0,1.0,"(1, 2)",667e6da95ae0a25f225ae6e6
24.0,40.0,2938,ready,725.0000000000083,1.0,1.0,"(1, 2)",667e6da95ae0a25f225ae6e6
24.0,40.0,2939,ready,725.0000000000083,1.0,1.0,"(1, 2)",667e6da95ae0a25f225ae6e6
24.0,40.0,2940,ready,725.0000000000083,1.0,1.0,"(1, 2)",667e6da95ae0a25f225ae6e6
24.0,40.0,2941,ready,725.0000000000083,1.0,1.0,"(1, 2)",667e6da95ae0a25f225ae6e6
24.0,40.0,2942,ready,725.0000000000083,1.0,1.0,"(1, 2)",667e6da95ae0a25f225ae6e6
24.0,40.0,2943,ready,725.0000000000083,1.0,1.0,"(1, 2)",667e6da95ae0a25f225ae6e6
24.0,40.0,2944,ready,725.0000000000083,1.0,1.0,"(1, 2)",667e6da95ae0a25f225ae6e6
24.0,40.0,2945,ready,725.0000000000083,1.0,1.0,"(1, 2)",667e6da95ae0a25f225ae6e6
24.0,40.0,2946,ready,725.0000000000083,1.0,1.0,"(1, 2)",667e6da95ae0a25f225ae6e6
24.0,40.0,2947,ready,725.0000000000083,1.0,1.0,"(1, 2)",667e6da95ae0a25f225ae6e6
24.0,40.0,2948,ready,725.0000000000083,1.0,1.0,"(1, 2)",667e6da95ae0a25f225ae6e6
24.0,40.0,2949,ready,725.0000000000083,1.0,1.0,"(1, 2)",667e6da95ae0a25f225ae6e6
24.0,40.0,2950,ready,725.0000000000083,1.0,1.0,"(1, 2)",667e6da95ae0a25f225ae6e6
24.0,40.0,2951,ready,725.0000000000083,1.0,1.0,"(1, 2)",667e6da95ae0a25f225ae6e6
24.0,40.0,2952,ready,725.0000000000083,1.0,1.0,"(1, 2)",667e6da95ae0a25f225ae6e6
24.0,40.0,2953,ready,725.0000000000083,1.0,1.0,"(1, 2)",667e6da95ae0a25f225ae6e6
24.0,40.0,2954,ready,725.0000000000083,1.0,1.0,"(1, 2)",667e6da95ae0a25f225ae6e6
24.0,40.0,2955,ready,725.0000000000083,1.0,1.0,"(1, 2)",667e6da95ae0a25f225ae6e6
24.0,40.0,2956,ready,725.0000000000083,1.0,1.0,"(1, 2)",667e6da95ae0a25f225ae6e6
24.0,40.0,2957,ready,725.0000000000083,1.0,1.0,"(1, 2)",667e6da95ae0a25f225ae6e6
24.0,40.0,2958,ready,725.0000000000083,1.0,1.0,"(1, 2)",667e6da95ae0a25f225ae6e6
24.0,40.0,2959,ready,725.0000000000083,1.0,1.0,"(1, 2)",667e6da95ae0a25f225ae6e6
24.0,40.0,2960,ready,725.0000000000083,1.0,1.0,"(1, 2)",667e6da95ae0a25f225ae6e6
24.0,40.0,2961,ready,725.0000000000083,1.0,1.0,"(1, 2)",667e6da95ae0a25f225ae6e6
24.0,40.0,2962,ready,725.0000000000083,1.0,1.0,"(1, 2)",667e6da95ae0a25f225ae6e6
24.0,40.0,2963,ready,725.0000000000083,1.0,1.0,"(1, 2)",667e6da95ae0a25f225ae6e6
24.0,40.0,2964,ready,725.0000000000083,1.0,1.0,"(1, 2)",667e6da95ae0a25f225ae6e6
24.0,40.0,2965,ready,725.0000000000083,1.0,1.0,"(1, 2)",667e6da95ae0a25f225ae6e6
24.0,40.0,2966,ready,725.0000000000083,1.0,1.0,"(1, 2)",667e6da95ae0a25f225ae6e6
24.0,40.0,2967,ready,725.0000000000083,1.0,1.0,"(1, 2)",667e6da95ae0a25f225ae6e6
24.0,40.0,2968,ready,725.0000000000083,1.0,1.0,"(1, 2)",667e6da95ae0a25f225ae6e6
24.0,40.0,2969,ready,725.0000000000083,1.0,1.0,"(1, 2)",667e6da95ae0a25f225ae6e6
24.0,40.0,2970,ready,725.0000000000083,1.0,1.0,"(1, 2)",667e6da95ae0a25f225ae6e6
24.0,40.0,2971,ready,725.0000000000083,1.0,1.0,"(1, 2)",667e6da95ae0a25f225ae6e6
24.0,40.0,2972,ready,725.0000000000083,1.0,1.0,"(1, 2)",667e6da95ae0a25f225ae6e6
24.0,40.0,2973,ready,725.0000000000083,1.0,1.0,"(1, 2)",667e6da95ae0a25f225ae6e6
24.0,40.0,2974,ready,725.0000000000083,1.0,1.0,"(1, 2)",667e6da95ae0a25f225ae6e6
24.0,40.0,2975,ready,725.0000000000083,1.0,1.0,"(1, 2)",667e6da95ae0a25f225ae6e6
24.0,40.0,2976,ready,725.0000000000083,1.0,1.0,"(1, 2)",667e6da95ae0a25f225ae6e6
24.0,40.0,2977,ready,725.0000000000083,1.0,1.0,"(1, 2)",667e6da95ae0a25f225ae6e6
24.0,40.0,2978,ready,725.0000000000083,1.0,1.0,"(1, 2)",667e6da95ae0a25f225ae6e6
24.0,40.0,2979,ready,725.0000000000083,1.0,1.0,"(1, 2)",667e6da95ae0a25f225ae6e6
24.0,40.0,2980,ready,725.0000000000083,1.0,1.0,"(1, 2)",667e6da95ae0a25f225ae6e6
24.0,40.0,2981,ready,725.0000000000083,1.0,1.0,"(1, 2)",667e6da95ae0a25f225ae6e6
24.0,40.0,2982,ready,725.0000000000083,1.0,1.0,"(1, 2)",667e6da95ae0a25f225ae6e6
24.0,40.0,2983,ready,725.0000000000083,1.0,1.0,"(1, 2)",667e6da95ae0a25f225ae6e6
24.0,40.0,2984,ready,725.0000000000083,1.0,1.0,"(1, 2)",667e6da95ae0a25f225ae6e6
24.0,40.0,2985,ready,725.0000000000083,1.0,1.0,"(1, 2)",667e6da95ae0a25f225ae6e6
24.0,40.0,2986,ready,725.0000000000083,1.0,1.0,"(1, 2)",667e6da95ae0a25f225ae6e6
24.0,40.0,2987,ready,725.0000000000083,1.0,1.0,"(1, 2)",667e6da95ae0a25f225ae6e6
24.0,40.0,2988,ready,725.0000000000083,1.0,1.0,"(1, 2)",667e6da95ae0a25f225ae6e6
24.0,40.0,2989,ready,725.0000000000083,1.0,1.0,"(1, 2)",667e6da95ae0a25f225ae6e6
24.0,40.0,2990,ready,725.0000000000083,1.0,1.0,"(1, 2)",667e6da95ae0a25f225ae6e6
24.0,40.0,2991,ready,725.0000000000083,1.0,1.0,"(1, 2)",667e6da95ae0a25f225ae6e6
24.0,40.0,2992,ready,725.0000000000083,1.0,1.0,"(1, 2)",667e6da95ae0a25f225ae6e6
24.0,40.0,2993,ready,725.0000000000083,1.0,1.0,"(1, 2)",667e6da95ae0a25f225ae6e6
24.0,40.0,2994,ready,725.0000000000083,1.0,1.0,"(1, 2)",667e6da95ae0a25f225ae6e6
24.0,40.0,2995,ready,725.0000000000083,1.0,1.0,"(1, 2)",667e6da95ae0a25f225ae6e6
24.0,40.0,2996,ready,725.0000000000083,1.0,1.0,"(1, 2)",667e6da95ae0a25f225ae6e6
24.0,40.0,2997,ready,725.0000000000083,1.0,1.0,"(1, 2)",667e6da95ae0a25f225ae6e6
24.0,40.0,2998,ready,725.0000000000083,1.0,1.0,"(1, 2)",667e6da95ae0a25f225ae6e6
24.0,40.0,2999,ready,725.0000000000083,1.0,1.0,"(1, 2)",667e6da95ae0a25f225ae6e6
24.0,40.0,3000,test,725.0000000000083,1.0,1.0,"(1, 2)",667e6da95ae0a25f225ae6e6
24.0,40.0,3001,test,725.0000000000083,1.0,1.0,"(1, 2)",667e6da95ae0a25f225ae6e6
24.0,40.0,3002,test,725.0000000000083,1.0,1.0,"(1, 2)",667e6da95ae0a25f225ae6e6
24.0,40.0,3003,test,725.0000000000083,1.0,1.0,"(1, 2)",667e6da95ae0a25f225ae6e6
24.0,40.0,3004,test,725.0000000000083,1.0,1.0,"(1, 2)",667e6da95ae0a25f225ae6e6
24.0,40.0,3005,test,725.0000000000083,1.0,1.0,"(1, 2)",667e6da95ae0a25f225ae6e6
24.0,40.0,3006,test,725.0000000000083,1.0,1.0,"(1, 2)",667e6da95ae0a25f225ae6e6
24.0,40.0,3007,test,725.0000000000083,1.0,1.0,"(1, 2)",667e6da95ae0a25f225ae6e6
24.0,40.0,3008,test,725.0000000000083,1.0,1.0,"(1, 2)",667e6da95ae0a25f225ae6e6
24.0,40.0,3009,test,725.0000000000083,1.0,1.0,"(1, 2)",667e6da95ae0a25f225ae6e6
24.0,40.0,3010,test,725.0000000000083,1.0,1.0,"(1, 2)",667e6da95ae0a25f225ae6e6
24.0,40.0,3011,test,725.0000000000083,1.0,1.0,"(1, 2)",667e6da95ae0a25f225ae6e6
24.0,40.0,3012,test,725.0000000000083,1.0,1.0,"(1, 2)",667e6da95ae0a25f225ae6e6
24.0,40.0,3013,test,725.0000000000083,1.0,1.0,"(1, 2)",667e6da95ae0a25f225ae6e6
24.0,40.0,3014,test,725.0000000000083,1.0,1.0,"(1, 2)",667e6da95ae0a25f225ae6e6
24.0,40.0,3015,test,725.0000000000083,1.0,1.0,"(1, 2)",667e6da95ae0a25f225ae6e6
24.0,40.0,3016,test,725.0000000000083,1.0,1.0,"(1, 2)",667e6da95ae0a25f225ae6e6
24.0,40.0,3017,test,725.0000000000083,1.0,1.0,"(1, 2)",667e6da95ae0a25f225ae6e6
24.0,40.0,3018,test,725.0000000000083,1.0,1.0,"(1, 2)",667e6da95ae0a25f225ae6e6
24.0,40.0,3019,test,725.0000000000083,1.0,1.0,"(1, 2)",667e6da95ae0a25f225ae6e6
24.0,40.0,3020,test,725.0000000000083,1.0,1.0,"(1, 2)",667e6da95ae0a25f225ae6e6
24.0,40.0,3021,test,725.0000000000083,1.0,1.0,"(1, 2)",667e6da95ae0a25f225ae6e6
24.0,40.0,3022,test,725.0000000000083,1.0,1.0,"(1, 2)",667e6da95ae0a25f225ae6e6
24.0,40.0,3023,test,725.0000000000083,1.0,1.0,"(1, 2)",667e6da95ae0a25f225ae6e6
24.0,40.0,3024,test,725.0000000000083,1.0,1.0,"(1, 2)",667e6da95ae0a25f225ae6e6
24.0,40.0,3025,test,725.0000000000083,1.0,1.0,"(1, 2)",667e6da95ae0a25f225ae6e6
24.0,40.0,3026,test,725.0000000000083,1.0,1.0,"(1, 2)",667e6da95ae0a25f225ae6e6
24.0,40.0,3027,test,725.0000000000083,1.0,1.0,"(1, 2)",667e6da95ae0a25f225ae6e6
24.0,40.0,3028,test,725.0000000000083,1.0,1.0,"(1, 2)",667e6da95ae0a25f225ae6e6
24.0,40.0,3029,test,725.0000000000083,1.0,1.0,"(1, 2)",667e6da95ae0a25f225ae6e6
24.0,40.0,3030,test,725.0000000000083,1.0,1.0,"(1, 2)",667e6da95ae0a25f225ae6e6
24.0,40.0,3031,test,725.0000000000083,1.0,1.0,"(1, 2)",667e6da95ae0a25f225ae6e6
24.0,40.0,3032,test,725.0000000000083,1.0,1.0,"(1, 2)",667e6da95ae0a25f225ae6e6
24.0,40.0,3033,test,725.0000000000083,1.0,1.0,"(1, 2)",667e6da95ae0a25f225ae6e6
24.0,40.0,3034,test,725.0000000000083,1.0,1.0,"(1, 2)",667e6da95ae0a25f225ae6e6
24.0,40.0,3035,test,725.0000000000083,1.0,1.0,"(1, 2)",667e6da95ae0a25f225ae6e6
24.0,40.0,3036,test,725.0000000000083,1.0,1.0,"(1, 2)",667e6da95ae0a25f225ae6e6
24.0,40.0,3037,test,725.0000000000083,1.0,1.0,"(1, 2)",667e6da95ae0a25f225ae6e6
24.0,40.0,3038,test,725.0000000000083,1.0,1.0,"(1, 2)",667e6da95ae0a25f225ae6e6
24.0,40.0,3039,test,725.0000000000083,1.0,1.0,"(1, 2)",667e6da95ae0a25f225ae6e6
24.0,40.0,3040,test,725.0000000000083,1.0,1.0,"(1, 2)",667e6da95ae0a25f225ae6e6
24.0,40.0,3041,test,725.0000000000083,1.0,1.0,"(1, 2)",667e6da95ae0a25f225ae6e6
24.0,40.0,3042,test,725.0000000000083,1.0,1.0,"(1, 2)",667e6da95ae0a25f225ae6e6
24.0,40.0,3043,test,725.0000000000083,1.0,1.0,"(1, 2)",667e6da95ae0a25f225ae6e6
24.0,40.0,3044,test,725.0000000000083,1.0,1.0,"(1, 2)",667e6da95ae0a25f225ae6e6
24.0,40.0,3045,test,725.0000000000083,1.0,1.0,"(1, 2)",667e6da95ae0a25f225ae6e6
24.0,40.0,3046,test,725.0000000000083,1.0,1.0,"(1, 2)",667e6da95ae0a25f225ae6e6
24.0,40.0,3047,test,725.0000000000083,1.0,1.0,"(1, 2)",667e6da95ae0a25f225ae6e6
24.0,40.0,3048,test,725.0000000000083,1.0,1.0,"(1, 2)",667e6da95ae0a25f225ae6e6
24.0,40.0,3049,test,725.0000000000083,1.0,1.0,"(1, 2)",667e6da95ae0a25f225ae6e6
24.0,40.0,3050,test,725.0000000000083,1.0,1.0,"(1, 2)",667e6da95ae0a25f225ae6e6
24.0,40.0,3051,test,725.0000000000083,1.0,1.0,"(1, 2)",667e6da95ae0a25f225ae6e6
24.0,40.0,3052,test,725.0000000000083,1.0,1.0,"(1, 2)",667e6da95ae0a25f225ae6e6
24.0,40.0,3053,test,725.0000000000083,1.0,1.0,"(1, 2)",667e6da95ae0a25f225ae6e6
24.0,40.0,3054,test,725.0000000000083,1.0,1.0,"(1, 2)",667e6da95ae0a25f225ae6e6
24.0,40.0,3055,test,725.0000000000083,1.0,1.0,"(1, 2)",667e6da95ae0a25f225ae6e6
24.0,40.0,3056,test,725.0000000000083,1.0,1.0,"(1, 2)",667e6da95ae0a25f225ae6e6
24.0,40.0,3057,test,725.0000000000083,1.0,1.0,"(1, 2)",667e6da95ae0a25f225ae6e6
24.0,40.0,3058,test,725.0000000000083,1.0,1.0,"(1, 2)",667e6da95ae0a25f225ae6e6
24.0,40.0,3059,test,725.0000000000083,1.0,1.0,"(1, 2)",667e6da95ae0a25f225ae6e6
24.0,40.0,3060,test,725.0000000000083,1.0,1.0,"(1, 2)",667e6da95ae0a25f225ae6e6
24.0,40.0,3061,test,725.0000000000083,1.0,1.0,"(1, 2)",667e6da95ae0a25f225ae6e6
24.0,40.0,3062,test,725.0000000000083,1.0,1.0,"(1, 2)",667e6da95ae0a25f225ae6e6
24.0,40.0,3063,test,725.0000000000083,1.0,1.0,"(1, 2)",667e6da95ae0a25f225ae6e6
24.0,40.0,3064,test,725.0000000000083,1.0,1.0,"(1, 2)",667e6da95ae0a25f225ae6e6
24.0,40.0,3065,test,725.0000000000083,1.0,1.0,"(1, 2)",667e6da95ae0a25f225ae6e6
24.0,40.0,3066,test,725.0000000000083,1.0,1.0,"(1, 2)",667e6da95ae0a25f225ae6e6
24.0,40.0,3067,test,725.0000000000083,1.0,1.0,"(1, 2)",667e6da95ae0a25f225ae6e6
24.0,40.0,3068,test,725.0000000000083,1.0,1.0,"(1, 2)",667e6da95ae0a25f225ae6e6
24.0,40.0,3069,test,725.0000000000083,1.0,1.0,"(1, 2)",667e6da95ae0a25f225ae6e6
24.0,40.0,3070,test,725.0000000000083,1.0,1.0,"(1, 2)",667e6da95ae0a25f225ae6e6
24.0,40.0,3071,test,725.0000000000083,1.0,1.0,"(1, 2)",667e6da95ae0a25f225ae6e6
24.0,40.0,3072,test,725.0000000000083,1.0,1.0,"(1, 2)",667e6da95ae0a25f225ae6e6
24.0,40.0,3073,test,725.0000000000083,1.0,1.0,"(1, 2)",667e6da95ae0a25f225ae6e6
24.0,40.0,3074,test,725.0000000000083,1.0,1.0,"(1, 2)",667e6da95ae0a25f225ae6e6
24.0,40.0,3075,test,725.0000000000083,1.0,1.0,"(1, 2)",667e6da95ae0a25f225ae6e6
24.0,40.0,3076,test,725.0000000000083,1.0,1.0,"(1, 2)",667e6da95ae0a25f225ae6e6
24.0,40.0,3077,test,725.0000000000083,1.0,1.0,"(1, 2)",667e6da95ae0a25f225ae6e6
24.0,40.0,3078,test,725.0000000000083,1.0,1.0,"(1, 2)",667e6da95ae0a25f225ae6e6
24.0,40.0,3079,test,725.0000000000083,1.0,1.0,"(1, 2)",667e6da95ae0a25f225ae6e6
24.0,40.0,3080,test,725.0000000000083,1.0,1.0,"(1, 2)",667e6da95ae0a25f225ae6e6
24.0,40.0,3081,test,725.0000000000083,1.0,1.0,"(1, 2)",667e6da95ae0a25f225ae6e6
24.0,40.0,3082,test,725.0000000000083,1.0,1.0,"(1, 2)",667e6da95ae0a25f225ae6e6
24.0,40.0,3083,test,725.0000000000083,1.0,1.0,"(1, 2)",667e6da95ae0a25f225ae6e6
24.0,40.0,3084,test,725.0000000000083,1.0,1.0,"(1, 2)",667e6da95ae0a25f225ae6e6
24.0,40.0,3085,test,725.0000000000083,1.0,1.0,"(1, 2)",667e6da95ae0a25f225ae6e6
24.0,40.0,3086,test,725.0000000000083,1.0,1.0,"(1, 2)",667e6da95ae0a25f225ae6e6
24.0,40.0,3087,test,725.0000000000083,1.0,1.0,"(1, 2)",667e6da95ae0a25f225ae6e6
24.0,40.0,3088,test,725.0000000000083,1.0,1.0,"(1, 2)",667e6da95ae0a25f225ae6e6
24.0,40.0,3089,test,725.0000000000083,1.0,1.0,"(1, 2)",667e6da95ae0a25f225ae6e6
24.0,40.0,3090,test,725.0000000000083,1.0,1.0,"(1, 2)",667e6da95ae0a25f225ae6e6
24.0,40.0,3091,test,725.0000000000083,1.0,1.0,"(1, 2)",667e6da95ae0a25f225ae6e6
24.0,40.0,3092,test,725.0000000000083,1.0,1.0,"(1, 2)",667e6da95ae0a25f225ae6e6
24.0,40.0,3093,test,725.0000000000083,1.0,1.0,"(1, 2)",667e6da95ae0a25f225ae6e6
24.0,40.0,3094,test,725.0000000000083,1.0,1.0,"(1, 2)",667e6da95ae0a25f225ae6e6
24.0,40.0,3095,test,725.0000000000083,1.0,1.0,"(1, 2)",667e6da95ae0a25f225ae6e6
24.0,40.0,3096,test,725.0000000000083,1.0,1.0,"(1, 2)",667e6da95ae0a25f225ae6e6
24.0,40.0,3097,test,725.0000000000083,1.0,1.0,"(1, 2)",667e6da95ae0a25f225ae6e6
24.0,40.0,3098,test,725.0000000000083,1.0,1.0,"(1, 2)",667e6da95ae0a25f225ae6e6
24.0,40.0,3099,test,725.0000000000083,1.0,1.0,"(1, 2)",667e6da95ae0a25f225ae6e6
24.0,40.0,3100,test,725.0000000000083,1.0,1.0,"(1, 2)",667e6da95ae0a25f225ae6e6
24.0,40.0,3101,test,725.0000000000083,1.0,1.0,"(1, 2)",667e6da95ae0a25f225ae6e6
24.0,40.0,3102,test,725.0000000000083,1.0,1.0,"(1, 2)",667e6da95ae0a25f225ae6e6
24.0,40.0,3103,test,725.0000000000083,1.0,1.0,"(1, 2)",667e6da95ae0a25f225ae6e6
24.0,40.0,3104,test,725.0000000000083,1.0,1.0,"(1, 2)",667e6da95ae0a25f225ae6e6
24.0,40.0,3105,test,725.0000000000083,1.0,1.0,"(1, 2)",667e6da95ae0a25f225ae6e6
24.0,40.0,3106,test,725.0000000000083,1.0,1.0,"(1, 2)",667e6da95ae0a25f225ae6e6
24.0,40.0,3107,test,725.0000000000083,1.0,1.0,"(1, 2)",667e6da95ae0a25f225ae6e6
24.0,40.0,3108,test,725.0000000000083,1.0,1.0,"(1, 2)",667e6da95ae0a25f225ae6e6
24.0,40.0,3109,test,725.0000000000083,1.0,1.0,"(1, 2)",667e6da95ae0a25f225ae6e6
24.0,40.0,3110,test,725.0000000000083,1.0,1.0,"(1, 2)",667e6da95ae0a25f225ae6e6
24.0,40.0,3111,test,725.0000000000083,1.0,1.0,"(1, 2)",667e6da95ae0a25f225ae6e6
24.0,40.0,3112,test,725.0000000000083,1.0,1.0,"(1, 2)",667e6da95ae0a25f225ae6e6
24.0,40.0,3113,test,725.0000000000083,1.0,1.0,"(1, 2)",667e6da95ae0a25f225ae6e6
24.0,40.0,3114,test,725.0000000000083,1.0,1.0,"(1, 2)",667e6da95ae0a25f225ae6e6
24.0,40.0,3115,test,725.0000000000083,1.0,1.0,"(1, 2)",667e6da95ae0a25f225ae6e6
24.0,40.0,3116,test,725.0000000000083,1.0,1.0,"(1, 2)",667e6da95ae0a25f225ae6e6
24.0,40.0,3117,test,725.0000000000083,1.0,1.0,"(1, 2)",667e6da95ae0a25f225ae6e6
24.0,40.0,3118,test,725.0000000000083,1.0,1.0,"(1, 2)",667e6da95ae0a25f225ae6e6
24.0,40.0,3119,test,725.0000000000083,1.0,1.0,"(1, 2)",667e6da95ae0a25f225ae6e6
24.0,40.0,3120,test,725.0000000000083,1.0,1.0,"(1, 2)",667e6da95ae0a25f225ae6e6
24.0,40.0,3121,test,725.0000000000083,1.0,1.0,"(1, 2)",667e6da95ae0a25f225ae6e6
24.0,40.0,3122,test,725.0000000000083,1.0,1.0,"(1, 2)",667e6da95ae0a25f225ae6e6
24.0,40.0,3123,test,725.0000000000083,1.0,1.0,"(1, 2)",667e6da95ae0a25f225ae6e6
24.0,40.0,3124,test,725.0000000000083,1.0,1.0,"(1, 2)",667e6da95ae0a25f225ae6e6
24.0,40.0,3125,test,725.0000000000083,1.0,1.0,"(1, 2)",667e6da95ae0a25f225ae6e6
24.0,40.0,3126,test,725.0000000000083,1.0,1.0,"(1, 2)",667e6da95ae0a25f225ae6e6
24.0,40.0,3127,test,725.0000000000083,1.0,1.0,"(1, 2)",667e6da95ae0a25f225ae6e6
24.0,40.0,3128,test,725.0000000000083,1.0,1.0,"(1, 2)",667e6da95ae0a25f225ae6e6
24.0,40.0,3129,test,725.0000000000083,1.0,1.0,"(1, 2)",667e6da95ae0a25f225ae6e6
24.0,40.0,3130,test,725.0000000000083,1.0,1.0,"(1, 2)",667e6da95ae0a25f225ae6e6
24.0,40.0,3131,test,725.0000000000083,1.0,1.0,"(1, 2)",667e6da95ae0a25f225ae6e6
24.0,40.0,3132,test,725.0000000000083,1.0,1.0,"(1, 2)",667e6da95ae0a25f225ae6e6
24.0,40.0,3133,test,725.0000000000083,1.0,1.0,"(1, 2)",667e6da95ae0a25f225ae6e6
24.0,40.0,3134,test,725.0000000000083,1.0,1.0,"(1, 2)",667e6da95ae0a25f225ae6e6
24.0,40.0,3135,test,725.0000000000083,1.0,1.0,"(1, 2)",667e6da95ae0a25f225ae6e6
24.0,40.0,3136,test,725.0000000000083,1.0,1.0,"(1, 2)",667e6da95ae0a25f225ae6e6
24.0,40.0,3137,test,725.0000000000083,1.0,1.0,"(1, 2)",667e6da95ae0a25f225ae6e6
24.0,40.0,3138,test,725.0000000000083,1.0,1.0,"(1, 2)",667e6da95ae0a25f225ae6e6
24.0,40.0,3139,test,725.0000000000083,1.0,1.0,"(1, 2)",667e6da95ae0a25f225ae6e6
24.0,40.0,3140,test,725.0000000000083,1.0,1.0,"(1, 2)",667e6da95ae0a25f225ae6e6
24.0,40.0,3141,test,725.0000000000083,1.0,1.0,"(1, 2)",667e6da95ae0a25f225ae6e6
24.0,40.0,3142,test,725.0000000000083,1.0,1.0,"(1, 2)",667e6da95ae0a25f225ae6e6
24.0,40.0,3143,test,725.0000000000083,1.0,1.0,"(1, 2)",667e6da95ae0a25f225ae6e6
24.0,40.0,3144,test,725.0000000000083,1.0,1.0,"(1, 2)",667e6da95ae0a25f225ae6e6
24.0,40.0,3145,test,725.0000000000083,1.0,1.0,"(1, 2)",667e6da95ae0a25f225ae6e6
24.0,40.0,3146,test,725.0000000000083,1.0,1.0,"(1, 2)",667e6da95ae0a25f225ae6e6
24.0,40.0,3147,test,725.0000000000083,1.0,1.0,"(1, 2)",667e6da95ae0a25f225ae6e6
24.0,40.0,3148,test,725.0000000000083,1.0,1.0,"(1, 2)",667e6da95ae0a25f225ae6e6
24.0,40.0,3149,test,725.0000000000083,1.0,1.0,"(1, 2)",667e6da95ae0a25f225ae6e6
24.0,40.0,3150,test,725.0000000000083,1.0,1.0,"(1, 2)",667e6da95ae0a25f225ae6e6
24.0,40.0,3151,test,725.0000000000083,1.0,1.0,"(1, 2)",667e6da95ae0a25f225ae6e6
24.0,40.0,3152,test,725.0000000000083,1.0,1.0,"(1, 2)",667e6da95ae0a25f225ae6e6
24.0,40.0,3153,test,725.0000000000083,1.0,1.0,"(1, 2)",667e6da95ae0a25f225ae6e6
24.0,40.0,3154,test,725.0000000000083,1.0,1.0,"(1, 2)",667e6da95ae0a25f225ae6e6
24.0,40.0,3155,test,725.0000000000083,1.0,1.0,"(1, 2)",667e6da95ae0a25f225ae6e6
24.0,40.0,3156,test,725.0000000000083,1.0,1.0,"(1, 2)",667e6da95ae0a25f225ae6e6
24.0,40.0,3157,test,725.0000000000083,1.0,1.0,"(1, 2)",667e6da95ae0a25f225ae6e6
24.0,40.0,3158,test,725.0000000000083,1.0,1.0,"(1, 2)",667e6da95ae0a25f225ae6e6
24.0,40.0,3159,test,725.0000000000083,1.0,1.0,"(1, 2)",667e6da95ae0a25f225ae6e6
24.0,40.0,3160,test,725.0000000000083,1.0,1.0,"(1, 2)",667e6da95ae0a25f225ae6e6
24.0,40.0,3161,test,725.0000000000083,1.0,1.0,"(1, 2)",667e6da95ae0a25f225ae6e6
24.0,40.0,3162,test,725.0000000000083,1.0,1.0,"(1, 2)",667e6da95ae0a25f225ae6e6
24.0,40.0,3163,test,725.0000000000083,1.0,1.0,"(1, 2)",667e6da95ae0a25f225ae6e6
24.0,40.0,3164,test,725.0000000000083,1.0,1.0,"(1, 2)",667e6da95ae0a25f225ae6e6
24.0,40.0,3165,test,725.0000000000083,1.0,1.0,"(1, 2)",667e6da95ae0a25f225ae6e6
24.0,40.0,3166,test,725.0000000000083,1.0,1.0,"(1, 2)",667e6da95ae0a25f225ae6e6
24.0,40.0,3167,test,725.0000000000083,1.0,1.0,"(1, 2)",667e6da95ae0a25f225ae6e6
24.0,40.0,3168,test,725.0000000000083,1.0,1.0,"(1, 2)",667e6da95ae0a25f225ae6e6
24.0,40.0,3169,test,725.0000000000083,1.0,1.0,"(1, 2)",667e6da95ae0a25f225ae6e6
24.0,40.0,3170,test,725.0000000000083,1.0,1.0,"(1, 2)",667e6da95ae0a25f225ae6e6
24.0,40.0,3171,test,725.0000000000083,1.0,1.0,"(1, 2)",667e6da95ae0a25f225ae6e6
24.0,40.0,3172,test,725.0000000000083,1.0,1.0,"(1, 2)",667e6da95ae0a25f225ae6e6
24.0,40.0,3173,test,725.0000000000083,1.0,1.0,"(1, 2)",667e6da95ae0a25f225ae6e6
24.0,40.0,3174,test,725.0000000000083,1.0,1.0,"(1, 2)",667e6da95ae0a25f225ae6e6
24.0,40.0,3175,test,725.0000000000083,1.0,1.0,"(1, 2)",667e6da95ae0a25f225ae6e6
24.0,40.0,3176,test,725.0000000000083,1.0,1.0,"(1, 2)",667e6da95ae0a25f225ae6e6
24.0,40.0,3177,test,725.0000000000083,1.0,1.0,"(1, 2)",667e6da95ae0a25f225ae6e6
24.0,40.0,3178,test,725.0000000000083,1.0,1.0,"(1, 2)",667e6da95ae0a25f225ae6e6
24.0,40.0,3179,test,725.0000000000083,1.0,1.0,"(1, 2)",667e6da95ae0a25f225ae6e6
24.0,40.0,3180,test,725.0000000000083,1.0,1.0,"(1, 2)",667e6da95ae0a25f225ae6e6
24.0,40.0,3181,test,725.0000000000083,1.0,1.0,"(1, 2)",667e6da95ae0a25f225ae6e6
24.0,40.0,3182,test,725.0000000000083,1.0,1.0,"(1, 2)",667e6da95ae0a25f225ae6e6
24.0,40.0,3183,test,725.0000000000083,1.0,1.0,"(1, 2)",667e6da95ae0a25f225ae6e6
24.0,40.0,3184,test,725.0000000000083,1.0,1.0,"(1, 2)",667e6da95ae0a25f225ae6e6
24.0,40.0,3185,test,725.0000000000083,1.0,1.0,"(1, 2)",667e6da95ae0a25f225ae6e6
24.0,40.0,3186,test,725.0000000000083,1.0,1.0,"(1, 2)",667e6da95ae0a25f225ae6e6
24.0,40.0,3187,test,725.0000000000083,1.0,1.0,"(1, 2)",667e6da95ae0a25f225ae6e6
24.0,40.0,3188,test,725.0000000000083,1.0,1.0,"(1, 2)",667e6da95ae0a25f225ae6e6
24.0,40.0,3189,test,725.0000000000083,1.0,1.0,"(1, 2)",667e6da95ae0a25f225ae6e6
24.0,40.0,3190,test,725.0000000000083,1.0,1.0,"(1, 2)",667e6da95ae0a25f225ae6e6
24.0,40.0,3191,test,725.0000000000083,1.0,1.0,"(1, 2)",667e6da95ae0a25f225ae6e6
24.0,40.0,3192,test,725.0000000000083,1.0,1.0,"(1, 2)",667e6da95ae0a25f225ae6e6
24.0,40.0,3193,test,725.0000000000083,1.0,1.0,"(1, 2)",667e6da95ae0a25f225ae6e6
24.0,40.0,3194,test,725.0000000000083,1.0,1.0,"(1, 2)",667e6da95ae0a25f225ae6e6
24.0,40.0,3195,test,725.0000000000083,1.0,1.0,"(1, 2)",667e6da95ae0a25f225ae6e6
24.0,40.0,3196,test,725.0000000000083,1.0,1.0,"(1, 2)",667e6da95ae0a25f225ae6e6
24.0,40.0,3197,test,725.0000000000083,1.0,1.0,"(1, 2)",667e6da95ae0a25f225ae6e6
24.0,40.0,3198,test,725.0000000000083,1.0,1.0,"(1, 2)",667e6da95ae0a25f225ae6e6
24.0,40.0,3199,test,725.0000000000083,1.0,1.0,"(1, 2)",667e6da95ae0a25f225ae6e6
24.0,40.0,3200,test,725.0000000000083,1.0,1.0,"(1, 2)",667e6da95ae0a25f225ae6e6
24.0,40.0,3201,test,725.0000000000083,1.0,1.0,"(1, 2)",667e6da95ae0a25f225ae6e6
24.0,40.0,3202,test,725.0000000000083,1.0,1.0,"(1, 2)",667e6da95ae0a25f225ae6e6
24.0,40.0,3203,test,725.0000000000083,1.0,1.0,"(1, 2)",667e6da95ae0a25f225ae6e6
24.0,40.0,3204,test,725.0000000000083,1.0,1.0,"(1, 2)",667e6da95ae0a25f225ae6e6
24.0,40.0,3205,test,725.0000000000083,1.0,1.0,"(1, 2)",667e6da95ae0a25f225ae6e6
24.0,40.0,3206,test,725.0000000000083,1.0,1.0,"(1, 2)",667e6da95ae0a25f225ae6e6
24.0,40.0,3207,test,725.0000000000083,1.0,1.0,"(1, 2)",667e6da95ae0a25f225ae6e6
24.0,40.0,3208,test,725.0000000000083,1.0,1.0,"(1, 2)",667e6da95ae0a25f225ae6e6
24.0,40.0,3209,test,725.0000000000083,1.0,1.0,"(1, 2)",667e6da95ae0a25f225ae6e6
24.0,40.0,3210,test,725.0000000000083,1.0,1.0,"(1, 2)",667e6da95ae0a25f225ae6e6
24.0,40.0,3211,test,725.0000000000083,1.0,1.0,"(1, 2)",667e6da95ae0a25f225ae6e6
24.0,40.0,3212,test,725.0000000000083,1.0,1.0,"(1, 2)",667e6da95ae0a25f225ae6e6
24.0,40.0,3213,test,725.0000000000083,1.0,1.0,"(1, 2)",667e6da95ae0a25f225ae6e6
24.0,40.0,3214,test,725.0000000000083,1.0,1.0,"(1, 2)",667e6da95ae0a25f225ae6e6
24.0,40.0,3215,test,725.0000000000083,1.0,1.0,"(1, 2)",667e6da95ae0a25f225ae6e6
24.0,40.0,3216,test,725.0000000000083,1.0,1.0,"(1, 2)",667e6da95ae0a25f225ae6e6
24.0,40.0,3217,test,725.0000000000083,1.0,1.0,"(1, 2)",667e6da95ae0a25f225ae6e6
24.0,40.0,3218,test,725.0000000000083,1.0,1.0,"(1, 2)",667e6da95ae0a25f225ae6e6
24.0,40.0,3219,test,725.0000000000083,1.0,1.0,"(1, 2)",667e6da95ae0a25f225ae6e6
24.0,40.0,3220,test,725.0000000000083,1.0,1.0,"(1, 2)",667e6da95ae0a25f225ae6e6
24.0,40.0,3221,test,725.0000000000083,1.0,1.0,"(1, 2)",667e6da95ae0a25f225ae6e6
24.0,40.0,3222,test,725.0000000000083,1.0,1.0,"(1, 2)",667e6da95ae0a25f225ae6e6
24.0,40.0,3223,test,725.0000000000083,1.0,1.0,"(1, 2)",667e6da95ae0a25f225ae6e6
24.0,40.0,3224,test,725.0000000000083,1.0,1.0,"(1, 2)",667e6da95ae0a25f225ae6e6
24.0,38.749999999999716,3225,test,726.2500000000086,1.0,1.0,"(1, 2)",667e6da95ae0a25f225ae6e6
24.0,37.49999999999943,3226,test,727.5000000000089,1.0,1.0,"(1, 2)",667e6da95ae0a25f225ae6e6
24.0,36.24999999999915,3227,test,728.7500000000091,1.0,1.0,"(1, 2)",667e6da95ae0a25f225ae6e6
24.0,34.99999999999886,3228,test,730.0000000000093,1.0,1.0,"(1, 2)",667e6da95ae0a25f225ae6e6
24.0,33.74999999999858,3229,test,731.2500000000095,1.0,1.0,"(1, 2)",667e6da95ae0a25f225ae6e6
24.0,32.499999999998295,3230,test,732.5000000000098,1.0,1.0,"(1, 2)",667e6da95ae0a25f225ae6e6
24.0,31.249999999998227,3231,test,733.7500000000099,1.0,1.0,"(1, 2)",667e6da95ae0a25f225ae6e6
24.0,24.0,3232,test,741.0000000000081,1.0,1.0,"(1, 2)",667e6da95ae0a25f225ae6e6
24.0,24.0,3233,test,741.0000000000081,1.0,1.0,"(1, 2)",667e6da95ae0a25f225ae6e6
24.0,24.0,3234,test,741.0000000000081,1.0,1.0,"(1, 2)",667e6da95ae0a25f225ae6e6
24.0,24.0,3235,test,741.0000000000081,1.0,1.0,"(1, 2)",667e6da95ae0a25f225ae6e6
24.0,24.0,3236,test,741.0000000000081,1.0,1.0,"(1, 2)",667e6da95ae0a25f225ae6e6
24.0,24.0,3237,test,741.0000000000081,1.0,1.0,"(1, 2)",667e6da95ae0a25f225ae6e6
24.0,24.0,3238,test,741.0000000000081,1.0,1.0,"(1, 2)",667e6da95ae0a25f225ae6e6
24.0,24.0,3239,test,741.0000000000081,1.0,1.0,"(1, 2)",667e6da95ae0a25f225ae6e6
24.0,24.0,3240,test,741.0000000000081,1.0,1.0,"(1, 2)",667e6da95ae0a25f225ae6e6
24.0,24.0,3241,test,741.0000000000081,1.0,1.0,"(1, 2)",667e6da95ae0a25f225ae6e6
24.0,24.0,3242,test,741.0000000000081,1.0,1.0,"(1, 2)",667e6da95ae0a25f225ae6e6
24.0,24.0,3243,test,741.0000000000081,1.0,1.0,"(1, 2)",667e6da95ae0a25f225ae6e6
24.0,24.0,3244,test,741.0000000000081,1.0,1.0,"(1, 2)",667e6da95ae0a25f225ae6e6
24.0,24.0,3245,test,741.0000000000081,1.0,1.0,"(1, 2)",667e6da95ae0a25f225ae6e6
24.0,24.0,3246,test,741.0000000000081,1.0,1.0,"(1, 2)",667e6da95ae0a25f225ae6e6
24.0,24.0,3247,test,741.0000000000081,1.0,1.0,"(1, 2)",667e6da95ae0a25f225ae6e6
24.0,24.0,3248,test,741.0000000000081,1.0,1.0,"(1, 2)",667e6da95ae0a25f225ae6e6
24.0,24.0,3249,test,741.0000000000081,1.0,1.0,"(1, 2)",667e6da95ae0a25f225ae6e6
24.0,24.0,3250,test,741.0000000000081,1.0,1.0,"(1, 2)",667e6da95ae0a25f225ae6e6
24.0,24.0,3251,test,741.0000000000081,1.0,1.0,"(1, 2)",667e6da95ae0a25f225ae6e6
24.0,24.0,3252,test,741.0000000000081,1.0,1.0,"(1, 2)",667e6da95ae0a25f225ae6e6
24.0,24.0,3253,test,741.0000000000081,1.0,1.0,"(1, 2)",667e6da95ae0a25f225ae6e6
24.0,24.0,3254,test,741.0000000000081,1.0,1.0,"(1, 2)",667e6da95ae0a25f225ae6e6
24.0,24.0,3255,test,741.0000000000081,1.0,1.0,"(1, 2)",667e6da95ae0a25f225ae6e6
24.0,24.0,3256,test,741.0000000000081,1.0,1.0,"(1, 2)",667e6da95ae0a25f225ae6e6
24.0,24.0,3257,test,741.0000000000081,1.0,1.0,"(1, 2)",667e6da95ae0a25f225ae6e6
24.0,24.0,3258,test,741.0000000000081,1.0,1.0,"(1, 2)",667e6da95ae0a25f225ae6e6
24.0,24.0,3259,test,741.0000000000081,1.0,1.0,"(1, 2)",667e6da95ae0a25f225ae6e6
24.0,24.0,3260,test,741.0000000000081,1.0,1.0,"(1, 2)",667e6da95ae0a25f225ae6e6
24.0,24.0,3261,test,741.0000000000081,1.0,1.0,"(1, 2)",667e6da95ae0a25f225ae6e6
24.0,24.0,3262,test,741.0000000000081,1.0,1.0,"(1, 2)",667e6da95ae0a25f225ae6e6
24.0,24.0,3263,test,741.0000000000081,1.0,1.0,"(1, 2)",667e6da95ae0a25f225ae6e6
24.0,24.0,3264,test,741.0000000000081,1.0,1.0,"(1, 2)",667e6da95ae0a25f225ae6e6
24.0,24.0,3265,test,741.0000000000081,1.0,1.0,"(1, 2)",667e6da95ae0a25f225ae6e6
24.0,24.0,3266,test,741.0000000000081,1.0,1.0,"(1, 2)",667e6da95ae0a25f225ae6e6
24.0,24.0,3267,test,741.0000000000081,1.0,1.0,"(1, 2)",667e6da95ae0a25f225ae6e6
24.0,24.0,3268,test,741.0000000000081,1.0,1.0,"(1, 2)",667e6da95ae0a25f225ae6e6
24.0,24.0,3269,test,741.0000000000081,1.0,1.0,"(1, 2)",667e6da95ae0a25f225ae6e6
24.0,24.0,3270,test,741.0000000000081,1.0,1.0,"(1, 2)",667e6da95ae0a25f225ae6e6
24.0,24.0,3271,test,741.0000000000081,1.0,1.0,"(1, 2)",667e6da95ae0a25f225ae6e6
24.0,24.0,3272,test,741.0000000000081,1.0,1.0,"(1, 2)",667e6da95ae0a25f225ae6e6
24.0,24.0,3273,test,741.0000000000081,1.0,1.0,"(1, 2)",667e6da95ae0a25f225ae6e6
24.0,24.0,3274,test,741.0000000000081,1.0,1.0,"(1, 2)",667e6da95ae0a25f225ae6e6
24.0,24.0,3275,test,741.0000000000081,1.0,1.0,"(1, 2)",667e6da95ae0a25f225ae6e6
24.0,24.0,3276,test,741.0000000000081,1.0,1.0,"(1, 2)",667e6da95ae0a25f225ae6e6
24.0,24.0,3277,test,741.0000000000081,1.0,1.0,"(1, 2)",667e6da95ae0a25f225ae6e6
24.0,24.0,3278,test,741.0000000000081,1.0,1.0,"(1, 2)",667e6da95ae0a25f225ae6e6
24.0,24.0,3279,test,741.0000000000081,1.0,1.0,"(1, 2)",667e6da95ae0a25f225ae6e6
24.0,25.24999999999993,3280,test,742.250000000008,1.0,1.0,"(1, 2)",667e6da95ae0a25f225ae6e6
24.0,26.499999999999858,3281,test,743.5000000000078,1.0,1.0,"(1, 2)",667e6da95ae0a25f225ae6e6
24.0,27.749999999999787,3282,test,744.7500000000077,1.0,1.0,"(1, 2)",667e6da95ae0a25f225ae6e6
24.0,28.999999999999716,3283,test,746.0000000000076,1.0,1.0,"(1, 2)",667e6da95ae0a25f225ae6e6
24.0,30.249999999999645,3284,test,747.2500000000075,1.0,1.0,"(1, 2)",667e6da95ae0a25f225ae6e6
24.0,31.499999999999574,3285,test,748.5000000000074,1.0,1.0,"(1, 2)",667e6da95ae0a25f225ae6e6
24.0,32.749999999999716,3286,test,749.7500000000075,1.0,1.0,"(1, 2)",667e6da95ae0a25f225ae6e6
24.0,34.0,3287,test,751.0000000000077,1.0,1.0,"(1, 2)",667e6da95ae0a25f225ae6e6
24.0,35.250000000000284,3288,test,752.250000000008,1.0,1.0,"(1, 2)",667e6da95ae0a25f225ae6e6
24.0,36.50000000000057,3289,test,753.5000000000082,1.0,1.0,"(1, 2)",667e6da95ae0a25f225ae6e6
24.0,37.75000000000085,3290,test,754.7500000000084,1.0,1.0,"(1, 2)",667e6da95ae0a25f225ae6e6
24.0,39.00000000000114,3291,test,756.0000000000086,1.0,1.0,"(1, 2)",667e6da95ae0a25f225ae6e6
24.0,40.25000000000142,3292,test,757.2500000000089,1.0,1.0,"(1, 2)",667e6da95ae0a25f225ae6e6
24.0,41.500000000001705,3293,test,758.5000000000091,1.0,1.0,"(1, 2)",667e6da95ae0a25f225ae6e6
24.0,42.75000000000199,3294,test,759.7500000000093,1.0,1.0,"(1, 2)",667e6da95ae0a25f225ae6e6
24.0,44.000000000002274,3295,test,761.0000000000095,1.0,1.0,"(1, 2)",667e6da95ae0a25f225ae6e6
24.0,45.25000000000256,3296,test,762.2500000000098,1.0,1.0,"(1, 2)",667e6da95ae0a25f225ae6e6
24.0,46.50000000000284,3297,test,763.50000000001,1.0,1.0,"(1, 2)",667e6da95ae0a25f225ae6e6
24.0,47.750000000003126,3298,test,764.7500000000102,1.0,1.0,"(1, 2)",667e6da95ae0a25f225ae6e6
24.0,49.00000000000341,3299,test,766.0000000000105,1.0,1.0,"(1, 2)",667e6da95ae0a25f225ae6e6
24.0,50.250000000003695,3300,test,767.2500000000107,1.0,1.0,"(1, 2)",667e6da95ae0a25f225ae6e6
24.0,51.50000000000398,3301,test,768.5000000000109,1.0,1.0,"(1, 2)",667e6da95ae0a25f225ae6e6
24.0,52.75000000000426,3302,test,769.7500000000111,1.0,1.0,"(1, 2)",667e6da95ae0a25f225ae6e6
24.0,54.00000000000455,3303,test,771.0000000000114,1.0,1.0,"(1, 2)",667e6da95ae0a25f225ae6e6
24.0,55.25000000000483,3304,test,772.2500000000116,1.0,1.0,"(1, 2)",667e6da95ae0a25f225ae6e6
24.0,56.0,3305,test,773.0000000000068,1.0,1.0,"(1, 2)",667e6da95ae0a25f225ae6e6
24.0,56.0,3306,test,773.0000000000068,1.0,1.0,"(1, 2)",667e6da95ae0a25f225ae6e6
24.0,56.0,3307,test,773.0000000000068,1.0,1.0,"(1, 2)",667e6da95ae0a25f225ae6e6
24.0,56.0,3308,test,773.0000000000068,1.0,1.0,"(1, 2)",667e6da95ae0a25f225ae6e6
24.0,56.0,3309,test,773.0000000000068,1.0,1.0,"(1, 2)",667e6da95ae0a25f225ae6e6
24.0,56.0,3310,test,773.0000000000068,1.0,1.0,"(1, 2)",667e6da95ae0a25f225ae6e6
24.0,56.0,3311,test,773.0000000000068,1.0,1.0,"(1, 2)",667e6da95ae0a25f225ae6e6
24.0,56.0,3312,test,773.0000000000068,1.0,1.0,"(1, 2)",667e6da95ae0a25f225ae6e6
24.0,56.0,3313,test,773.0000000000068,1.0,1.0,"(1, 2)",667e6da95ae0a25f225ae6e6
24.0,56.0,3314,test,773.0000000000068,1.0,1.0,"(1, 2)",667e6da95ae0a25f225ae6e6
24.0,56.0,3315,test,773.0000000000068,1.0,1.0,"(1, 2)",667e6da95ae0a25f225ae6e6
24.0,56.0,3316,test,773.0000000000068,1.0,1.0,"(1, 2)",667e6da95ae0a25f225ae6e6
24.0,56.0,3317,test,773.0000000000068,1.0,1.0,"(1, 2)",667e6da95ae0a25f225ae6e6
24.0,56.0,3318,test,773.0000000000068,1.0,1.0,"(1, 2)",667e6da95ae0a25f225ae6e6
24.0,56.0,3319,test,773.0000000000068,1.0,1.0,"(1, 2)",667e6da95ae0a25f225ae6e6
24.0,56.0,3320,test,773.0000000000068,1.0,1.0,"(1, 2)",667e6da95ae0a25f225ae6e6
24.0,56.0,3321,test,773.0000000000068,1.0,1.0,"(1, 2)",667e6da95ae0a25f225ae6e6
24.0,56.0,3322,test,773.0000000000068,1.0,1.0,"(1, 2)",667e6da95ae0a25f225ae6e6
24.0,56.0,3323,test,773.0000000000068,1.0,1.0,"(1, 2)",667e6da95ae0a25f225ae6e6
24.0,56.0,3324,test,773.0000000000068,1.0,1.0,"(1, 2)",667e6da95ae0a25f225ae6e6
24.0,56.0,3325,test,773.0000000000068,1.0,1.0,"(1, 2)",667e6da95ae0a25f225ae6e6
24.0,56.0,3326,test,773.0000000000068,1.0,1.0,"(1, 2)",667e6da95ae0a25f225ae6e6
24.0,56.0,3327,test,773.0000000000068,1.0,1.0,"(1, 2)",667e6da95ae0a25f225ae6e6
24.0,56.0,3328,test,773.0000000000068,1.0,1.0,"(1, 2)",667e6da95ae0a25f225ae6e6
24.0,56.0,3329,test,773.0000000000068,1.0,1.0,"(1, 2)",667e6da95ae0a25f225ae6e6
24.0,56.0,3330,test,773.0000000000068,1.0,1.0,"(1, 2)",667e6da95ae0a25f225ae6e6
24.0,56.0,3331,test,773.0000000000068,1.0,1.0,"(1, 2)",667e6da95ae0a25f225ae6e6
24.0,56.0,3332,test,773.0000000000068,1.0,1.0,"(1, 2)",667e6da95ae0a25f225ae6e6
24.0,56.0,3333,test,773.0000000000068,1.0,1.0,"(1, 2)",667e6da95ae0a25f225ae6e6
24.0,56.0,3334,test,773.0000000000068,1.0,1.0,"(1, 2)",667e6da95ae0a25f225ae6e6
24.0,56.0,3335,test,773.0000000000068,1.0,1.0,"(1, 2)",667e6da95ae0a25f225ae6e6
24.0,56.0,3336,test,773.0000000000068,1.0,1.0,"(1, 2)",667e6da95ae0a25f225ae6e6
24.0,56.0,3337,test,773.0000000000068,1.0,1.0,"(1, 2)",667e6da95ae0a25f225ae6e6
24.0,56.0,3338,test,773.0000000000068,1.0,1.0,"(1, 2)",667e6da95ae0a25f225ae6e6
24.0,56.0,3339,test,773.0000000000068,1.0,1.0,"(1, 2)",667e6da95ae0a25f225ae6e6
24.0,56.0,3340,test,773.0000000000068,1.0,1.0,"(1, 2)",667e6da95ae0a25f225ae6e6
24.0,56.0,3341,test,773.0000000000068,1.0,1.0,"(1, 2)",667e6da95ae0a25f225ae6e6
24.0,56.0,3342,test,773.0000000000068,1.0,1.0,"(1, 2)",667e6da95ae0a25f225ae6e6
24.0,56.0,3343,test,773.0000000000068,1.0,1.0,"(1, 2)",667e6da95ae0a25f225ae6e6
24.0,56.0,3344,test,773.0000000000068,1.0,1.0,"(1, 2)",667e6da95ae0a25f225ae6e6
24.0,56.0,3345,test,773.0000000000068,1.0,1.0,"(1, 2)",667e6da95ae0a25f225ae6e6
24.0,56.0,3346,test,773.0000000000068,1.0,1.0,"(1, 2)",667e6da95ae0a25f225ae6e6
24.0,56.0,3347,test,773.0000000000068,1.0,1.0,"(1, 2)",667e6da95ae0a25f225ae6e6
24.0,56.0,3348,test,773.0000000000068,1.0,1.0,"(1, 2)",667e6da95ae0a25f225ae6e6
24.0,56.0,3349,test,773.0000000000068,1.0,1.0,"(1, 2)",667e6da95ae0a25f225ae6e6
24.0,56.0,3350,test,773.0000000000068,1.0,1.0,"(1, 2)",667e6da95ae0a25f225ae6e6
24.0,56.0,3351,test,773.0000000000068,1.0,1.0,"(1, 2)",667e6da95ae0a25f225ae6e6
24.0,56.0,3352,test,773.0000000000068,1.0,1.0,"(1, 2)",667e6da95ae0a25f225ae6e6
24.0,56.0,3353,test,773.0000000000068,1.0,1.0,"(1, 2)",667e6da95ae0a25f225ae6e6
24.0,56.0,3354,test,773.0000000000068,1.0,1.0,"(1, 2)",667e6da95ae0a25f225ae6e6
24.0,56.0,3355,test,773.0000000000068,1.0,1.0,"(1, 2)",667e6da95ae0a25f225ae6e6
24.0,56.0,3356,test,773.0000000000068,1.0,1.0,"(1, 2)",667e6da95ae0a25f225ae6e6
24.0,56.0,3357,test,773.0000000000068,1.0,1.0,"(1, 2)",667e6da95ae0a25f225ae6e6
24.0,56.0,3358,test,773.0000000000068,1.0,1.0,"(1, 2)",667e6da95ae0a25f225ae6e6
24.0,56.0,3359,test,773.0000000000068,1.0,1.0,"(1, 2)",667e6da95ae0a25f225ae6e6
24.0,56.0,3360,test,773.0000000000068,1.0,1.0,"(1, 2)",667e6da95ae0a25f225ae6e6
24.0,56.0,3361,test,773.0000000000068,1.0,1.0,"(1, 2)",667e6da95ae0a25f225ae6e6
24.0,56.0,3362,test,773.0000000000068,1.0,1.0,"(1, 2)",667e6da95ae0a25f225ae6e6
24.0,56.0,3363,test,773.0000000000068,1.0,1.0,"(1, 2)",667e6da95ae0a25f225ae6e6
24.0,56.0,3364,test,773.0000000000068,1.0,1.0,"(1, 2)",667e6da95ae0a25f225ae6e6
24.0,56.0,3365,test,773.0000000000068,1.0,1.0,"(1, 2)",667e6da95ae0a25f225ae6e6
24.0,56.0,3366,test,773.0000000000068,1.0,1.0,"(1, 2)",667e6da95ae0a25f225ae6e6
24.0,56.0,3367,test,773.0000000000068,1.0,1.0,"(1, 2)",667e6da95ae0a25f225ae6e6
24.0,56.0,3368,test,773.0000000000068,1.0,1.0,"(1, 2)",667e6da95ae0a25f225ae6e6
24.0,56.0,3369,test,773.0000000000068,1.0,1.0,"(1, 2)",667e6da95ae0a25f225ae6e6
24.0,56.0,3370,test,773.0000000000068,1.0,1.0,"(1, 2)",667e6da95ae0a25f225ae6e6
24.0,56.0,3371,test,773.0000000000068,1.0,1.0,"(1, 2)",667e6da95ae0a25f225ae6e6
24.0,56.0,3372,test,773.0000000000068,1.0,1.0,"(1, 2)",667e6da95ae0a25f225ae6e6
24.0,56.0,3373,test,773.0000000000068,1.0,1.0,"(1, 2)",667e6da95ae0a25f225ae6e6
24.0,56.0,3374,test,773.0000000000068,1.0,1.0,"(1, 2)",667e6da95ae0a25f225ae6e6
24.0,56.0,3375,test,773.0000000000068,1.0,1.0,"(1, 2)",667e6da95ae0a25f225ae6e6
24.0,56.0,3376,test,773.0000000000068,1.0,1.0,"(1, 2)",667e6da95ae0a25f225ae6e6
24.0,56.0,3377,test,773.0000000000068,1.0,1.0,"(1, 2)",667e6da95ae0a25f225ae6e6
24.0,56.0,3378,test,773.0000000000068,1.0,1.0,"(1, 2)",667e6da95ae0a25f225ae6e6
24.0,56.0,3379,test,773.0000000000068,1.0,1.0,"(1, 2)",667e6da95ae0a25f225ae6e6
24.0,56.0,3380,test,773.0000000000068,1.0,1.0,"(1, 2)",667e6da95ae0a25f225ae6e6
24.0,56.0,3381,test,773.0000000000068,1.0,1.0,"(1, 2)",667e6da95ae0a25f225ae6e6
24.0,56.0,3382,test,773.0000000000068,1.0,1.0,"(1, 2)",667e6da95ae0a25f225ae6e6
24.0,56.0,3383,test,773.0000000000068,1.0,1.0,"(1, 2)",667e6da95ae0a25f225ae6e6
24.0,56.0,3384,test,773.0000000000068,1.0,1.0,"(1, 2)",667e6da95ae0a25f225ae6e6
24.0,56.0,3385,test,773.0000000000068,1.0,1.0,"(1, 2)",667e6da95ae0a25f225ae6e6
24.0,56.0,3386,test,773.0000000000068,1.0,1.0,"(1, 2)",667e6da95ae0a25f225ae6e6
24.0,56.0,3387,test,773.0000000000068,1.0,1.0,"(1, 2)",667e6da95ae0a25f225ae6e6
24.0,56.0,3388,test,773.0000000000068,1.0,1.0,"(1, 2)",667e6da95ae0a25f225ae6e6
24.0,56.0,3389,test,773.0000000000068,1.0,1.0,"(1, 2)",667e6da95ae0a25f225ae6e6
24.0,56.0,3390,test,773.0000000000068,1.0,1.0,"(1, 2)",667e6da95ae0a25f225ae6e6
24.0,56.0,3391,test,773.0000000000068,1.0,1.0,"(1, 2)",667e6da95ae0a25f225ae6e6
24.0,56.0,3392,test,773.0000000000068,1.0,1.0,"(1, 2)",667e6da95ae0a25f225ae6e6
24.0,56.0,3393,test,773.0000000000068,1.0,1.0,"(1, 2)",667e6da95ae0a25f225ae6e6
24.0,56.0,3394,test,773.0000000000068,1.0,1.0,"(1, 2)",667e6da95ae0a25f225ae6e6
24.0,56.0,3395,test,773.0000000000068,1.0,1.0,"(1, 2)",667e6da95ae0a25f225ae6e6
24.0,56.0,3396,test,773.0000000000068,1.0,1.0,"(1, 2)",667e6da95ae0a25f225ae6e6
24.0,56.0,3397,test,773.0000000000068,1.0,1.0,"(1, 2)",667e6da95ae0a25f225ae6e6
24.0,56.0,3398,test,773.0000000000068,1.0,1.0,"(1, 2)",667e6da95ae0a25f225ae6e6
24.0,56.0,3399,test,773.0000000000068,1.0,1.0,"(1, 2)",667e6da95ae0a25f225ae6e6
24.0,56.0,3400,test,773.0000000000068,1.0,1.0,"(1, 2)",667e6da95ae0a25f225ae6e6
24.0,56.0,3401,test,773.0000000000068,1.0,1.0,"(1, 2)",667e6da95ae0a25f225ae6e6
24.0,56.0,3402,test,773.0000000000068,1.0,1.0,"(1, 2)",667e6da95ae0a25f225ae6e6
24.0,56.0,3403,test,773.0000000000068,1.0,1.0,"(1, 2)",667e6da95ae0a25f225ae6e6
24.0,56.0,3404,test,773.0000000000068,1.0,1.0,"(1, 2)",667e6da95ae0a25f225ae6e6
24.0,56.0,3405,test,773.0000000000068,1.0,1.0,"(1, 2)",667e6da95ae0a25f225ae6e6
24.0,56.0,3406,test,773.0000000000068,1.0,1.0,"(1, 2)",667e6da95ae0a25f225ae6e6
24.0,56.0,3407,test,773.0000000000068,1.0,1.0,"(1, 2)",667e6da95ae0a25f225ae6e6
24.0,54.749999999999716,3408,test,774.250000000007,1.0,1.0,"(1, 2)",667e6da95ae0a25f225ae6e6
24.0,53.49999999999943,3409,test,775.5000000000073,1.0,1.0,"(1, 2)",667e6da95ae0a25f225ae6e6
24.0,52.24999999999915,3410,test,776.7500000000075,1.0,1.0,"(1, 2)",667e6da95ae0a25f225ae6e6
24.0,50.99999999999886,3411,test,778.0000000000077,1.0,1.0,"(1, 2)",667e6da95ae0a25f225ae6e6
24.0,49.74999999999858,3412,test,779.250000000008,1.0,1.0,"(1, 2)",667e6da95ae0a25f225ae6e6
24.0,48.499999999998295,3413,test,780.5000000000082,1.0,1.0,"(1, 2)",667e6da95ae0a25f225ae6e6
24.0,47.24999999999801,3414,test,781.7500000000084,1.0,1.0,"(1, 2)",667e6da95ae0a25f225ae6e6
24.0,45.999999999997726,3415,test,783.0000000000086,1.0,1.0,"(1, 2)",667e6da95ae0a25f225ae6e6
24.0,44.74999999999744,3416,test,784.2500000000089,1.0,1.0,"(1, 2)",667e6da95ae0a25f225ae6e6
24.0,43.49999999999716,3417,test,785.5000000000091,1.0,1.0,"(1, 2)",667e6da95ae0a25f225ae6e6
24.0,42.249999999996874,3418,test,786.7500000000093,1.0,1.0,"(1, 2)",667e6da95ae0a25f225ae6e6
24.0,40.99999999999659,3419,test,788.0000000000095,1.0,1.0,"(1, 2)",667e6da95ae0a25f225ae6e6
24.0,39.749999999996305,3420,test,789.2500000000098,1.0,1.0,"(1, 2)",667e6da95ae0a25f225ae6e6
24.0,38.49999999999602,3421,test,790.50000000001,1.0,1.0,"(1, 2)",667e6da95ae0a25f225ae6e6
24.0,37.24999999999574,3422,test,791.7500000000102,1.0,1.0,"(1, 2)",667e6da95ae0a25f225ae6e6
24.0,35.99999999999545,3423,test,793.0000000000105,1.0,1.0,"(1, 2)",667e6da95ae0a25f225ae6e6
24.0,34.74999999999517,3424,test,794.2500000000107,1.0,1.0,"(1, 2)",667e6da95ae0a25f225ae6e6
24.0,33.499999999994884,3425,test,795.5000000000109,1.0,1.0,"(1, 2)",667e6da95ae0a25f225ae6e6
24.0,32.2499999999946,3426,test,796.7500000000111,1.0,1.0,"(1, 2)",667e6da95ae0a25f225ae6e6
24.0,30.999999999994603,3427,test,798.0000000000111,1.0,1.0,"(1, 2)",667e6da95ae0a25f225ae6e6
24.0,29.749999999994674,3428,test,799.250000000011,1.0,1.0,"(1, 2)",667e6da95ae0a25f225ae6e6
24.0,28.499999999994746,3429,test,800.5000000000109,1.0,1.0,"(1, 2)",667e6da95ae0a25f225ae6e6
24.0,27.249999999994817,3430,test,801.7500000000108,1.0,1.0,"(1, 2)",667e6da95ae0a25f225ae6e6
24.0,25.999999999994888,3431,test,803.0000000000107,1.0,1.0,"(1, 2)",667e6da95ae0a25f225ae6e6
24.0,24.74999999999496,3432,test,804.2500000000106,1.0,1.0,"(1, 2)",667e6da95ae0a25f225ae6e6
24.0,24.0,3433,test,805.0000000000056,1.0,1.0,"(1, 2)",667e6da95ae0a25f225ae6e6
24.0,24.0,3434,test,805.0000000000056,1.0,1.0,"(1, 2)",667e6da95ae0a25f225ae6e6
24.0,24.0,3435,test,805.0000000000056,1.0,1.0,"(1, 2)",667e6da95ae0a25f225ae6e6
24.0,24.0,3436,test,805.0000000000056,1.0,1.0,"(1, 2)",667e6da95ae0a25f225ae6e6
24.0,24.0,3437,test,805.0000000000056,1.0,1.0,"(1, 2)",667e6da95ae0a25f225ae6e6
24.0,24.0,3438,test,805.0000000000056,1.0,1.0,"(1, 2)",667e6da95ae0a25f225ae6e6
24.0,24.0,3439,test,805.0000000000056,1.0,1.0,"(1, 2)",667e6da95ae0a25f225ae6e6
24.0,24.0,3440,test,805.0000000000056,1.0,1.0,"(1, 2)",667e6da95ae0a25f225ae6e6
24.0,24.0,3441,test,805.0000000000056,1.0,1.0,"(1, 2)",667e6da95ae0a25f225ae6e6
24.0,24.0,3442,test,805.0000000000056,1.0,1.0,"(1, 2)",667e6da95ae0a25f225ae6e6
24.0,24.0,3443,test,805.0000000000056,1.0,1.0,"(1, 2)",667e6da95ae0a25f225ae6e6
24.0,24.0,3444,test,805.0000000000056,1.0,1.0,"(1, 2)",667e6da95ae0a25f225ae6e6
24.0,24.0,3445,test,805.0000000000056,1.0,1.0,"(1, 2)",667e6da95ae0a25f225ae6e6
24.0,24.0,3446,test,805.0000000000056,1.0,1.0,"(1, 2)",667e6da95ae0a25f225ae6e6
24.0,24.0,3447,test,805.0000000000056,1.0,1.0,"(1, 2)",667e6da95ae0a25f225ae6e6
24.0,24.0,3448,test,805.0000000000056,1.0,1.0,"(1, 2)",667e6da95ae0a25f225ae6e6
24.0,24.0,3449,test,805.0000000000056,1.0,1.0,"(1, 2)",667e6da95ae0a25f225ae6e6
24.0,24.0,3450,test,805.0000000000056,1.0,1.0,"(1, 2)",667e6da95ae0a25f225ae6e6
24.0,24.0,3451,test,805.0000000000056,1.0,1.0,"(1, 2)",667e6da95ae0a25f225ae6e6
24.0,24.0,3452,test,805.0000000000056,1.0,1.0,"(1, 2)",667e6da95ae0a25f225ae6e6
24.0,24.0,3453,test,805.0000000000056,1.0,1.0,"(1, 2)",667e6da95ae0a25f225ae6e6
24.0,24.0,3454,test,805.0000000000056,1.0,1.0,"(1, 2)",667e6da95ae0a25f225ae6e6
24.0,24.0,3455,test,805.0000000000056,1.0,1.0,"(1, 2)",667e6da95ae0a25f225ae6e6
24.0,24.0,3456,test,805.0000000000056,1.0,1.0,"(1, 2)",667e6da95ae0a25f225ae6e6
24.0,24.0,3457,test,805.0000000000056,1.0,1.0,"(1, 2)",667e6da95ae0a25f225ae6e6
24.0,24.0,3458,test,805.0000000000056,1.0,1.0,"(1, 2)",667e6da95ae0a25f225ae6e6
24.0,24.0,3459,test,805.0000000000056,1.0,1.0,"(1, 2)",667e6da95ae0a25f225ae6e6
24.0,24.0,3460,test,805.0000000000056,1.0,1.0,"(1, 2)",667e6da95ae0a25f225ae6e6
24.0,24.0,3461,test,805.0000000000056,1.0,1.0,"(1, 2)",667e6da95ae0a25f225ae6e6
24.0,24.0,3462,test,805.0000000000056,1.0,1.0,"(1, 2)",667e6da95ae0a25f225ae6e6
24.0,24.0,3463,test,805.0000000000056,1.0,1.0,"(1, 2)",667e6da95ae0a25f225ae6e6
24.0,24.0,3464,test,805.0000000000056,1.0,1.0,"(1, 2)",667e6da95ae0a25f225ae6e6
24.0,24.0,3465,test,805.0000000000056,1.0,1.0,"(1, 2)",667e6da95ae0a25f225ae6e6
24.0,24.0,3466,test,805.0000000000056,1.0,1.0,"(1, 2)",667e6da95ae0a25f225ae6e6
24.0,24.0,3467,test,805.0000000000056,1.0,1.0,"(1, 2)",667e6da95ae0a25f225ae6e6
24.0,24.0,3468,test,805.0000000000056,1.0,1.0,"(1, 2)",667e6da95ae0a25f225ae6e6
24.0,24.0,3469,test,805.0000000000056,1.0,1.0,"(1, 2)",667e6da95ae0a25f225ae6e6
24.0,24.0,3470,test,805.0000000000056,1.0,1.0,"(1, 2)",667e6da95ae0a25f225ae6e6
24.0,24.0,3471,test,805.0000000000056,1.0,1.0,"(1, 2)",667e6da95ae0a25f225ae6e6
24.0,24.0,3472,test,805.0000000000056,1.0,1.0,"(1, 2)",667e6da95ae0a25f225ae6e6
24.0,24.0,3473,test,805.0000000000056,1.0,1.0,"(1, 2)",667e6da95ae0a25f225ae6e6
24.0,24.0,3474,test,805.0000000000056,1.0,1.0,"(1, 2)",667e6da95ae0a25f225ae6e6
24.0,24.0,3475,test,805.0000000000056,1.0,1.0,"(1, 2)",667e6da95ae0a25f225ae6e6
24.0,24.0,3476,test,805.0000000000056,1.0,1.0,"(1, 2)",667e6da95ae0a25f225ae6e6
24.0,24.0,3477,test,805.0000000000056,1.0,1.0,"(1, 2)",667e6da95ae0a25f225ae6e6
24.0,24.0,3478,test,805.0000000000056,1.0,1.0,"(1, 2)",667e6da95ae0a25f225ae6e6
24.0,24.0,3479,test,805.0000000000056,1.0,1.0,"(1, 2)",667e6da95ae0a25f225ae6e6
24.0,24.0,3480,test,805.0000000000056,1.0,1.0,"(1, 2)",667e6da95ae0a25f225ae6e6
24.0,24.0,3481,test,805.0000000000056,1.0,1.0,"(1, 2)",667e6da95ae0a25f225ae6e6
24.0,24.0,3482,test,805.0000000000056,1.0,1.0,"(1, 2)",667e6da95ae0a25f225ae6e6
24.0,24.0,3483,test,805.0000000000056,1.0,1.0,"(1, 2)",667e6da95ae0a25f225ae6e6
24.0,24.0,3484,test,805.0000000000056,1.0,1.0,"(1, 2)",667e6da95ae0a25f225ae6e6
24.0,24.0,3485,test,805.0000000000056,1.0,1.0,"(1, 2)",667e6da95ae0a25f225ae6e6
24.0,24.0,3486,test,805.0000000000056,1.0,1.0,"(1, 2)",667e6da95ae0a25f225ae6e6
24.0,24.0,3487,test,805.0000000000056,1.0,1.0,"(1, 2)",667e6da95ae0a25f225ae6e6
24.0,24.0,3488,test,805.0000000000056,1.0,1.0,"(1, 2)",667e6da95ae0a25f225ae6e6
24.0,24.0,3489,test,805.0000000000056,1.0,1.0,"(1, 2)",667e6da95ae0a25f225ae6e6
24.0,24.0,3490,test,805.0000000000056,1.0,1.0,"(1, 2)",667e6da95ae0a25f225ae6e6
24.0,24.0,3491,test,805.0000000000056,1.0,1.0,"(1, 2)",667e6da95ae0a25f225ae6e6
24.0,24.0,3492,test,805.0000000000056,1.0,1.0,"(1, 2)",667e6da95ae0a25f225ae6e6
24.0,24.0,3493,test,805.0000000000056,1.0,1.0,"(1, 2)",667e6da95ae0a25f225ae6e6
24.0,24.0,3494,test,805.0000000000056,1.0,1.0,"(1, 2)",667e6da95ae0a25f225ae6e6
24.0,24.0,3495,test,805.0000000000056,1.0,1.0,"(1, 2)",667e6da95ae0a25f225ae6e6
24.0,24.0,3496,test,805.0000000000056,1.0,1.0,"(1, 2)",667e6da95ae0a25f225ae6e6
24.0,24.0,3497,test,805.0000000000056,1.0,1.0,"(1, 2)",667e6da95ae0a25f225ae6e6
24.0,24.0,3498,test,805.0000000000056,1.0,1.0,"(1, 2)",667e6da95ae0a25f225ae6e6
24.0,24.0,3499,test,805.0000000000056,1.0,1.0,"(1, 2)",667e6da95ae0a25f225ae6e6
24.0,24.0,3500,test,805.0000000000056,1.0,1.0,"(1, 2)",667e6da95ae0a25f225ae6e6
24.0,24.0,3501,test,805.0000000000056,1.0,1.0,"(1, 2)",667e6da95ae0a25f225ae6e6
24.0,24.0,3502,test,805.0000000000056,1.0,1.0,"(1, 2)",667e6da95ae0a25f225ae6e6
24.0,24.0,3503,test,805.0000000000056,1.0,1.0,"(1, 2)",667e6da95ae0a25f225ae6e6
24.0,24.0,3504,test,805.0000000000056,1.0,1.0,"(1, 2)",667e6da95ae0a25f225ae6e6
24.0,24.0,3505,test,805.0000000000056,1.0,1.0,"(1, 2)",667e6da95ae0a25f225ae6e6
24.0,24.0,3506,test,805.0000000000056,1.0,1.0,"(1, 2)",667e6da95ae0a25f225ae6e6
24.0,24.0,3507,test,805.0000000000056,1.0,1.0,"(1, 2)",667e6da95ae0a25f225ae6e6
24.0,24.0,3508,test,805.0000000000056,1.0,1.0,"(1, 2)",667e6da95ae0a25f225ae6e6
24.0,24.0,3509,test,805.0000000000056,1.0,1.0,"(1, 2)",667e6da95ae0a25f225ae6e6
24.0,24.0,3510,test,805.0000000000056,1.0,1.0,"(1, 2)",667e6da95ae0a25f225ae6e6
24.0,24.0,3511,test,805.0000000000056,1.0,1.0,"(1, 2)",667e6da95ae0a25f225ae6e6
24.0,24.0,3512,test,805.0000000000056,1.0,1.0,"(1, 2)",667e6da95ae0a25f225ae6e6
24.0,24.0,3513,test,805.0000000000056,1.0,1.0,"(1, 2)",667e6da95ae0a25f225ae6e6
24.0,24.0,3514,test,805.0000000000056,1.0,1.0,"(1, 2)",667e6da95ae0a25f225ae6e6
24.0,24.0,3515,test,805.0000000000056,1.0,1.0,"(1, 2)",667e6da95ae0a25f225ae6e6
24.0,24.0,3516,test,805.0000000000056,1.0,1.0,"(1, 2)",667e6da95ae0a25f225ae6e6
24.0,24.0,3517,test,805.0000000000056,1.0,1.0,"(1, 2)",667e6da95ae0a25f225ae6e6
24.0,24.0,3518,test,805.0000000000056,1.0,1.0,"(1, 2)",667e6da95ae0a25f225ae6e6
24.0,24.0,3519,test,805.0000000000056,1.0,1.0,"(1, 2)",667e6da95ae0a25f225ae6e6
24.0,24.0,3520,test,805.0000000000056,1.0,1.0,"(1, 2)",667e6da95ae0a25f225ae6e6
24.0,24.0,3521,test,805.0000000000056,1.0,1.0,"(1, 2)",667e6da95ae0a25f225ae6e6
24.0,24.0,3522,test,805.0000000000056,1.0,1.0,"(1, 2)",667e6da95ae0a25f225ae6e6
24.0,24.0,3523,test,805.0000000000056,1.0,1.0,"(1, 2)",667e6da95ae0a25f225ae6e6
24.0,24.0,3524,test,805.0000000000056,1.0,1.0,"(1, 2)",667e6da95ae0a25f225ae6e6
24.0,24.0,3525,test,805.0000000000056,1.0,1.0,"(1, 2)",667e6da95ae0a25f225ae6e6
24.0,24.0,3526,test,805.0000000000056,1.0,1.0,"(1, 2)",667e6da95ae0a25f225ae6e6
24.0,24.0,3527,test,805.0000000000056,1.0,1.0,"(1, 2)",667e6da95ae0a25f225ae6e6
24.0,24.0,3528,test,805.0000000000056,1.0,1.0,"(1, 2)",667e6da95ae0a25f225ae6e6
24.0,24.0,3529,test,805.0000000000056,1.0,1.0,"(1, 2)",667e6da95ae0a25f225ae6e6
24.0,24.0,3530,test,805.0000000000056,1.0,1.0,"(1, 2)",667e6da95ae0a25f225ae6e6
24.0,24.0,3531,test,805.0000000000056,1.0,1.0,"(1, 2)",667e6da95ae0a25f225ae6e6
24.0,24.0,3532,test,805.0000000000056,1.0,1.0,"(1, 2)",667e6da95ae0a25f225ae6e6
24.0,24.0,3533,test,805.0000000000056,1.0,1.0,"(1, 2)",667e6da95ae0a25f225ae6e6
24.0,24.0,3534,test,805.0000000000056,1.0,1.0,"(1, 2)",667e6da95ae0a25f225ae6e6
24.0,24.0,3535,test,805.0000000000056,1.0,1.0,"(1, 2)",667e6da95ae0a25f225ae6e6
24.0,24.0,3536,test,805.0000000000056,1.0,1.0,"(1, 2)",667e6da95ae0a25f225ae6e6
24.0,24.0,3537,test,805.0000000000056,1.0,1.0,"(1, 2)",667e6da95ae0a25f225ae6e6
24.0,24.0,3538,test,805.0000000000056,1.0,1.0,"(1, 2)",667e6da95ae0a25f225ae6e6
24.0,24.0,3539,test,805.0000000000056,1.0,1.0,"(1, 2)",667e6da95ae0a25f225ae6e6
24.0,24.0,3540,test,805.0000000000056,1.0,1.0,"(1, 2)",667e6da95ae0a25f225ae6e6
24.0,24.0,3541,test,805.0000000000056,1.0,1.0,"(1, 2)",667e6da95ae0a25f225ae6e6
24.0,24.0,3542,test,805.0000000000056,1.0,1.0,"(1, 2)",667e6da95ae0a25f225ae6e6
24.0,24.0,3543,test,805.0000000000056,1.0,1.0,"(1, 2)",667e6da95ae0a25f225ae6e6
24.0,24.0,3544,test,805.0000000000056,1.0,1.0,"(1, 2)",667e6da95ae0a25f225ae6e6
24.0,24.0,3545,test,805.0000000000056,1.0,1.0,"(1, 2)",667e6da95ae0a25f225ae6e6
24.0,24.0,3546,test,805.0000000000056,1.0,1.0,"(1, 2)",667e6da95ae0a25f225ae6e6
24.0,24.0,3547,test,805.0000000000056,1.0,1.0,"(1, 2)",667e6da95ae0a25f225ae6e6
24.0,24.0,3548,test,805.0000000000056,1.0,1.0,"(1, 2)",667e6da95ae0a25f225ae6e6
24.0,24.0,3549,test,805.0000000000056,1.0,1.0,"(1, 2)",667e6da95ae0a25f225ae6e6
24.0,24.0,3550,test,805.0000000000056,1.0,1.0,"(1, 2)",667e6da95ae0a25f225ae6e6
24.0,24.0,3551,test,805.0000000000056,1.0,1.0,"(1, 2)",667e6da95ae0a25f225ae6e6
24.0,24.0,3552,test,805.0000000000056,1.0,1.0,"(1, 2)",667e6da95ae0a25f225ae6e6
24.0,24.0,3553,test,805.0000000000056,1.0,1.0,"(1, 2)",667e6da95ae0a25f225ae6e6
24.0,24.0,3554,test,805.0000000000056,1.0,1.0,"(1, 2)",667e6da95ae0a25f225ae6e6
24.0,24.0,3555,test,805.0000000000056,1.0,1.0,"(1, 2)",667e6da95ae0a25f225ae6e6
24.0,24.0,3556,test,805.0000000000056,1.0,1.0,"(1, 2)",667e6da95ae0a25f225ae6e6
24.0,24.0,3557,test,805.0000000000056,1.0,1.0,"(1, 2)",667e6da95ae0a25f225ae6e6
24.0,24.0,3558,test,805.0000000000056,1.0,1.0,"(1, 2)",667e6da95ae0a25f225ae6e6
24.0,25.24999999999993,3559,test,806.2500000000055,1.0,1.0,"(1, 2)",667e6da95ae0a25f225ae6e6
24.0,26.499999999999858,3560,test,807.5000000000053,1.0,1.0,"(1, 2)",667e6da95ae0a25f225ae6e6
24.0,27.749999999999787,3561,test,808.7500000000052,1.0,1.0,"(1, 2)",667e6da95ae0a25f225ae6e6
24.0,28.999999999999716,3562,test,810.0000000000051,1.0,1.0,"(1, 2)",667e6da95ae0a25f225ae6e6
24.0,30.249999999999645,3563,test,811.250000000005,1.0,1.0,"(1, 2)",667e6da95ae0a25f225ae6e6
24.0,31.499999999999574,3564,test,812.5000000000049,1.0,1.0,"(1, 2)",667e6da95ae0a25f225ae6e6
24.0,32.749999999999716,3565,test,813.750000000005,1.0,1.0,"(1, 2)",667e6da95ae0a25f225ae6e6
24.0,34.0,3566,test,815.0000000000052,1.0,1.0,"(1, 2)",667e6da95ae0a25f225ae6e6
24.0,35.250000000000284,3567,test,816.2500000000055,1.0,1.0,"(1, 2)",667e6da95ae0a25f225ae6e6
24.0,36.50000000000057,3568,test,817.5000000000057,1.0,1.0,"(1, 2)",667e6da95ae0a25f225ae6e6
24.0,37.75000000000085,3569,test,818.7500000000059,1.0,1.0,"(1, 2)",667e6da95ae0a25f225ae6e6
24.0,39.00000000000114,3570,test,820.0000000000061,1.0,1.0,"(1, 2)",667e6da95ae0a25f225ae6e6
24.0,40.0,3571,test,821.000000000005,1.0,1.0,"(1, 2)",667e6da95ae0a25f225ae6e6
24.0,40.0,3572,test,821.000000000005,1.0,1.0,"(1, 2)",667e6da95ae0a25f225ae6e6
24.0,40.0,3573,test,821.000000000005,1.0,1.0,"(1, 2)",667e6da95ae0a25f225ae6e6
24.0,40.0,3574,test,821.000000000005,1.0,1.0,"(1, 2)",667e6da95ae0a25f225ae6e6
24.0,40.0,3575,test,821.000000000005,1.0,1.0,"(1, 2)",667e6da95ae0a25f225ae6e6
24.0,40.0,3576,test,821.000000000005,1.0,1.0,"(1, 2)",667e6da95ae0a25f225ae6e6
24.0,40.0,3577,test,821.000000000005,1.0,1.0,"(1, 2)",667e6da95ae0a25f225ae6e6
24.0,40.0,3578,test,821.000000000005,1.0,1.0,"(1, 2)",667e6da95ae0a25f225ae6e6
24.0,40.0,3579,test,821.000000000005,1.0,1.0,"(1, 2)",667e6da95ae0a25f225ae6e6
24.0,40.0,3580,test,821.000000000005,1.0,1.0,"(1, 2)",667e6da95ae0a25f225ae6e6
24.0,40.0,3581,test,821.000000000005,1.0,1.0,"(1, 2)",667e6da95ae0a25f225ae6e6
24.0,40.0,3582,test,821.000000000005,1.0,1.0,"(1, 2)",667e6da95ae0a25f225ae6e6
24.0,40.0,3583,test,821.000000000005,1.0,1.0,"(1, 2)",667e6da95ae0a25f225ae6e6
24.0,40.0,3584,test,821.000000000005,1.0,1.0,"(1, 2)",667e6da95ae0a25f225ae6e6
24.0,40.0,3585,test,821.000000000005,1.0,1.0,"(1, 2)",667e6da95ae0a25f225ae6e6
24.0,40.0,3586,test,821.000000000005,1.0,1.0,"(1, 2)",667e6da95ae0a25f225ae6e6
24.0,40.0,3587,test,821.000000000005,1.0,1.0,"(1, 2)",667e6da95ae0a25f225ae6e6
24.0,40.0,3588,test,821.000000000005,1.0,1.0,"(1, 2)",667e6da95ae0a25f225ae6e6
24.0,40.0,3589,test,821.000000000005,1.0,1.0,"(1, 2)",667e6da95ae0a25f225ae6e6
24.0,40.0,3590,test,821.000000000005,1.0,1.0,"(1, 2)",667e6da95ae0a25f225ae6e6
24.0,40.0,3591,test,821.000000000005,1.0,1.0,"(1, 2)",667e6da95ae0a25f225ae6e6
24.0,40.0,3592,test,821.000000000005,1.0,1.0,"(1, 2)",667e6da95ae0a25f225ae6e6
24.0,40.0,3593,test,821.000000000005,1.0,1.0,"(1, 2)",667e6da95ae0a25f225ae6e6
24.0,40.0,3594,test,821.000000000005,1.0,1.0,"(1, 2)",667e6da95ae0a25f225ae6e6
24.0,40.0,3595,test,821.000000000005,1.0,1.0,"(1, 2)",667e6da95ae0a25f225ae6e6
24.0,40.0,3596,test,821.000000000005,1.0,1.0,"(1, 2)",667e6da95ae0a25f225ae6e6
24.0,40.0,3597,test,821.000000000005,1.0,1.0,"(1, 2)",667e6da95ae0a25f225ae6e6
24.0,40.0,3598,test,821.000000000005,1.0,1.0,"(1, 2)",667e6da95ae0a25f225ae6e6
24.0,40.0,3599,test,821.000000000005,1.0,1.0,"(1, 2)",667e6da95ae0a25f225ae6e6
24.0,40.0,3600,test,821.000000000005,1.0,1.0,"(1, 2)",667e6da95ae0a25f225ae6e6
24.0,40.0,3601,test,821.000000000005,1.0,1.0,"(1, 2)",667e6da95ae0a25f225ae6e6
24.0,40.0,3602,test,821.000000000005,1.0,1.0,"(1, 2)",667e6da95ae0a25f225ae6e6
24.0,40.0,3603,test,821.000000000005,1.0,1.0,"(1, 2)",667e6da95ae0a25f225ae6e6
24.0,38.749999999999716,3604,test,822.2500000000052,1.0,1.0,"(1, 2)",667e6da95ae0a25f225ae6e6
24.0,37.49999999999943,3605,test,823.5000000000055,1.0,1.0,"(1, 2)",667e6da95ae0a25f225ae6e6
24.0,36.24999999999915,3606,test,824.7500000000057,1.0,1.0,"(1, 2)",667e6da95ae0a25f225ae6e6
24.0,34.99999999999886,3607,test,826.0000000000059,1.0,1.0,"(1, 2)",667e6da95ae0a25f225ae6e6
24.0,33.74999999999858,3608,test,827.2500000000061,1.0,1.0,"(1, 2)",667e6da95ae0a25f225ae6e6
24.0,32.499999999998295,3609,test,828.5000000000064,1.0,1.0,"(1, 2)",667e6da95ae0a25f225ae6e6
24.0,31.249999999998227,3610,test,829.7500000000065,1.0,1.0,"(1, 2)",667e6da95ae0a25f225ae6e6
24.0,29.9999999999983,3611,test,831.0000000000064,1.0,1.0,"(1, 2)",667e6da95ae0a25f225ae6e6
24.0,28.74999999999837,3612,test,832.2500000000063,1.0,1.0,"(1, 2)",667e6da95ae0a25f225ae6e6
24.0,27.49999999999844,3613,test,833.5000000000061,1.0,1.0,"(1, 2)",667e6da95ae0a25f225ae6e6
24.0,26.24999999999851,3614,test,834.750000000006,1.0,1.0,"(1, 2)",667e6da95ae0a25f225ae6e6
24.0,24.999999999998582,3615,test,836.0000000000059,1.0,1.0,"(1, 2)",667e6da95ae0a25f225ae6e6
24.0,24.0,3616,test,837.0000000000045,1.0,1.0,"(1, 2)",667e6da95ae0a25f225ae6e6
24.0,24.0,3617,test,837.0000000000045,1.0,1.0,"(1, 2)",667e6da95ae0a25f225ae6e6
24.0,24.0,3618,test,837.0000000000045,1.0,1.0,"(1, 2)",667e6da95ae0a25f225ae6e6
24.0,24.0,3619,test,837.0000000000045,1.0,1.0,"(1, 2)",667e6da95ae0a25f225ae6e6
24.0,24.0,3620,test,837.0000000000045,1.0,1.0,"(1, 2)",667e6da95ae0a25f225ae6e6
24.0,24.0,3621,test,837.0000000000045,1.0,1.0,"(1, 2)",667e6da95ae0a25f225ae6e6
24.0,24.0,3622,test,837.0000000000045,1.0,1.0,"(1, 2)",667e6da95ae0a25f225ae6e6
24.0,24.0,3623,test,837.0000000000045,1.0,1.0,"(1, 2)",667e6da95ae0a25f225ae6e6
24.0,24.0,3624,test,837.0000000000045,1.0,1.0,"(1, 2)",667e6da95ae0a25f225ae6e6
24.0,24.0,3625,test,837.0000000000045,1.0,1.0,"(1, 2)",667e6da95ae0a25f225ae6e6
24.0,24.0,3626,test,837.0000000000045,1.0,1.0,"(1, 2)",667e6da95ae0a25f225ae6e6
24.0,24.0,3627,test,837.0000000000045,1.0,1.0,"(1, 2)",667e6da95ae0a25f225ae6e6
24.0,24.0,3628,test,837.0000000000045,1.0,1.0,"(1, 2)",667e6da95ae0a25f225ae6e6
24.0,24.0,3629,test,837.0000000000045,1.0,1.0,"(1, 2)",667e6da95ae0a25f225ae6e6
24.0,24.0,3630,test,837.0000000000045,1.0,1.0,"(1, 2)",667e6da95ae0a25f225ae6e6
24.0,24.0,3631,test,837.0000000000045,1.0,1.0,"(1, 2)",667e6da95ae0a25f225ae6e6
24.0,24.0,3632,test,837.0000000000045,1.0,1.0,"(1, 2)",667e6da95ae0a25f225ae6e6
24.0,24.0,3633,test,837.0000000000045,1.0,1.0,"(1, 2)",667e6da95ae0a25f225ae6e6
24.0,24.0,3634,test,837.0000000000045,1.0,1.0,"(1, 2)",667e6da95ae0a25f225ae6e6
24.0,24.0,3635,test,837.0000000000045,1.0,1.0,"(1, 2)",667e6da95ae0a25f225ae6e6
24.0,24.0,3636,test,837.0000000000045,1.0,1.0,"(1, 2)",667e6da95ae0a25f225ae6e6
24.0,24.0,3637,test,837.0000000000045,1.0,1.0,"(1, 2)",667e6da95ae0a25f225ae6e6
24.0,24.0,3638,test,837.0000000000045,1.0,1.0,"(1, 2)",667e6da95ae0a25f225ae6e6
24.0,24.0,3639,test,837.0000000000045,1.0,1.0,"(1, 2)",667e6da95ae0a25f225ae6e6
24.0,24.0,3640,test,837.0000000000045,1.0,1.0,"(1, 2)",667e6da95ae0a25f225ae6e6
24.0,24.0,3641,test,837.0000000000045,1.0,1.0,"(1, 2)",667e6da95ae0a25f225ae6e6
24.0,24.0,3642,test,837.0000000000045,1.0,1.0,"(1, 2)",667e6da95ae0a25f225ae6e6
24.0,24.0,3643,test,837.0000000000045,1.0,1.0,"(1, 2)",667e6da95ae0a25f225ae6e6
24.0,24.0,3644,test,837.0000000000045,1.0,1.0,"(1, 2)",667e6da95ae0a25f225ae6e6
24.0,24.0,3645,test,837.0000000000045,1.0,1.0,"(1, 2)",667e6da95ae0a25f225ae6e6
24.0,24.0,3646,test,837.0000000000045,1.0,1.0,"(1, 2)",667e6da95ae0a25f225ae6e6
24.0,24.0,3647,test,837.0000000000045,1.0,1.0,"(1, 2)",667e6da95ae0a25f225ae6e6
24.0,24.0,3648,test,837.0000000000045,1.0,1.0,"(1, 2)",667e6da95ae0a25f225ae6e6
24.0,24.0,3649,test,837.0000000000045,1.0,1.0,"(1, 2)",667e6da95ae0a25f225ae6e6
24.0,24.0,3650,test,837.0000000000045,1.0,1.0,"(1, 2)",667e6da95ae0a25f225ae6e6
24.0,24.0,3651,test,837.0000000000045,1.0,1.0,"(1, 2)",667e6da95ae0a25f225ae6e6
24.0,24.0,3652,test,837.0000000000045,1.0,1.0,"(1, 2)",667e6da95ae0a25f225ae6e6
24.0,24.0,3653,test,837.0000000000045,1.0,1.0,"(1, 2)",667e6da95ae0a25f225ae6e6
24.0,24.0,3654,test,837.0000000000045,1.0,1.0,"(1, 2)",667e6da95ae0a25f225ae6e6
24.0,24.0,3655,test,837.0000000000045,1.0,1.0,"(1, 2)",667e6da95ae0a25f225ae6e6
24.0,24.0,3656,test,837.0000000000045,1.0,1.0,"(1, 2)",667e6da95ae0a25f225ae6e6
24.0,24.0,3657,test,837.0000000000045,1.0,1.0,"(1, 2)",667e6da95ae0a25f225ae6e6
24.0,24.0,3658,test,837.0000000000045,1.0,1.0,"(1, 2)",667e6da95ae0a25f225ae6e6
24.0,24.0,3659,test,837.0000000000045,1.0,1.0,"(1, 2)",667e6da95ae0a25f225ae6e6
24.0,24.0,3660,test,837.0000000000045,1.0,1.0,"(1, 2)",667e6da95ae0a25f225ae6e6
24.0,24.0,3661,test,837.0000000000045,1.0,1.0,"(1, 2)",667e6da95ae0a25f225ae6e6
24.0,24.0,3662,test,837.0000000000045,1.0,1.0,"(1, 2)",667e6da95ae0a25f225ae6e6
24.0,24.0,3663,test,837.0000000000045,1.0,1.0,"(1, 2)",667e6da95ae0a25f225ae6e6
24.0,24.0,3664,test,837.0000000000045,1.0,1.0,"(1, 2)",667e6da95ae0a25f225ae6e6
24.0,24.0,3665,test,837.0000000000045,1.0,1.0,"(1, 2)",667e6da95ae0a25f225ae6e6
24.0,24.0,3666,test,837.0000000000045,1.0,1.0,"(1, 2)",667e6da95ae0a25f225ae6e6
24.0,24.0,3667,test,837.0000000000045,1.0,1.0,"(1, 2)",667e6da95ae0a25f225ae6e6
24.0,24.0,3668,test,837.0000000000045,1.0,1.0,"(1, 2)",667e6da95ae0a25f225ae6e6
24.0,24.0,3669,test,837.0000000000045,1.0,1.0,"(1, 2)",667e6da95ae0a25f225ae6e6
24.0,24.0,3670,test,837.0000000000045,1.0,1.0,"(1, 2)",667e6da95ae0a25f225ae6e6
24.0,24.0,3671,test,837.0000000000045,1.0,1.0,"(1, 2)",667e6da95ae0a25f225ae6e6
24.0,24.0,3672,test,837.0000000000045,1.0,1.0,"(1, 2)",667e6da95ae0a25f225ae6e6
24.0,24.0,3673,test,837.0000000000045,1.0,1.0,"(1, 2)",667e6da95ae0a25f225ae6e6
24.0,24.0,3674,test,837.0000000000045,1.0,1.0,"(1, 2)",667e6da95ae0a25f225ae6e6
24.0,24.0,3675,test,837.0000000000045,1.0,1.0,"(1, 2)",667e6da95ae0a25f225ae6e6
24.0,24.0,3676,test,837.0000000000045,1.0,1.0,"(1, 2)",667e6da95ae0a25f225ae6e6
24.0,24.0,3677,test,837.0000000000045,1.0,1.0,"(1, 2)",667e6da95ae0a25f225ae6e6
24.0,24.0,3678,test,837.0000000000045,1.0,1.0,"(1, 2)",667e6da95ae0a25f225ae6e6
24.0,24.0,3679,test,837.0000000000045,1.0,1.0,"(1, 2)",667e6da95ae0a25f225ae6e6
24.0,24.0,3680,test,837.0000000000045,1.0,1.0,"(1, 2)",667e6da95ae0a25f225ae6e6
24.0,24.0,3681,test,837.0000000000045,1.0,1.0,"(1, 2)",667e6da95ae0a25f225ae6e6
24.0,24.0,3682,test,837.0000000000045,1.0,1.0,"(1, 2)",667e6da95ae0a25f225ae6e6
24.0,24.0,3683,test,837.0000000000045,1.0,1.0,"(1, 2)",667e6da95ae0a25f225ae6e6
24.0,24.0,3684,test,837.0000000000045,1.0,1.0,"(1, 2)",667e6da95ae0a25f225ae6e6
24.0,24.0,3685,test,837.0000000000045,1.0,1.0,"(1, 2)",667e6da95ae0a25f225ae6e6
24.0,24.0,3686,test,837.0000000000045,1.0,1.0,"(1, 2)",667e6da95ae0a25f225ae6e6
24.0,24.0,3687,test,837.0000000000045,1.0,1.0,"(1, 2)",667e6da95ae0a25f225ae6e6
24.0,24.0,3688,test,837.0000000000045,1.0,1.0,"(1, 2)",667e6da95ae0a25f225ae6e6
24.0,24.0,3689,test,837.0000000000045,1.0,1.0,"(1, 2)",667e6da95ae0a25f225ae6e6
24.0,24.0,3690,test,837.0000000000045,1.0,1.0,"(1, 2)",667e6da95ae0a25f225ae6e6
24.0,24.0,3691,test,837.0000000000045,1.0,1.0,"(1, 2)",667e6da95ae0a25f225ae6e6
24.0,24.0,3692,test,837.0000000000045,1.0,1.0,"(1, 2)",667e6da95ae0a25f225ae6e6
24.0,24.0,3693,test,837.0000000000045,1.0,1.0,"(1, 2)",667e6da95ae0a25f225ae6e6
24.0,24.0,3694,test,837.0000000000045,1.0,1.0,"(1, 2)",667e6da95ae0a25f225ae6e6
24.0,24.0,3695,test,837.0000000000045,1.0,1.0,"(1, 2)",667e6da95ae0a25f225ae6e6
24.0,24.0,3696,test,837.0000000000045,1.0,1.0,"(1, 2)",667e6da95ae0a25f225ae6e6
24.0,24.0,3697,test,837.0000000000045,1.0,1.0,"(1, 2)",667e6da95ae0a25f225ae6e6
24.0,24.0,3698,test,837.0000000000045,1.0,1.0,"(1, 2)",667e6da95ae0a25f225ae6e6
24.0,24.0,3699,test,837.0000000000045,1.0,1.0,"(1, 2)",667e6da95ae0a25f225ae6e6
24.0,24.0,3700,test,837.0000000000045,1.0,1.0,"(1, 2)",667e6da95ae0a25f225ae6e6
24.0,24.0,3701,test,837.0000000000045,1.0,1.0,"(1, 2)",667e6da95ae0a25f225ae6e6
24.0,24.0,3702,test,837.0000000000045,1.0,1.0,"(1, 2)",667e6da95ae0a25f225ae6e6
24.0,24.0,3703,test,837.0000000000045,1.0,1.0,"(1, 2)",667e6da95ae0a25f225ae6e6
24.0,24.0,3704,test,837.0000000000045,1.0,1.0,"(1, 2)",667e6da95ae0a25f225ae6e6
24.0,24.0,3705,test,837.0000000000045,1.0,1.0,"(1, 2)",667e6da95ae0a25f225ae6e6
24.0,24.0,3706,test,837.0000000000045,1.0,1.0,"(1, 2)",667e6da95ae0a25f225ae6e6
24.0,24.0,3707,test,837.0000000000045,1.0,1.0,"(1, 2)",667e6da95ae0a25f225ae6e6
24.0,24.0,3708,test,837.0000000000045,1.0,1.0,"(1, 2)",667e6da95ae0a25f225ae6e6
24.0,24.0,3709,test,837.0000000000045,1.0,1.0,"(1, 2)",667e6da95ae0a25f225ae6e6
24.0,24.0,3710,test,837.0000000000045,1.0,1.0,"(1, 2)",667e6da95ae0a25f225ae6e6
24.0,24.0,3711,test,837.0000000000045,1.0,1.0,"(1, 2)",667e6da95ae0a25f225ae6e6
24.0,24.0,3712,test,837.0000000000045,1.0,1.0,"(1, 2)",667e6da95ae0a25f225ae6e6
24.0,24.0,3713,test,837.0000000000045,1.0,1.0,"(1, 2)",667e6da95ae0a25f225ae6e6
24.0,24.0,3714,test,837.0000000000045,1.0,1.0,"(1, 2)",667e6da95ae0a25f225ae6e6
24.0,24.0,3715,test,837.0000000000045,1.0,1.0,"(1, 2)",667e6da95ae0a25f225ae6e6
24.0,24.0,3716,test,837.0000000000045,1.0,1.0,"(1, 2)",667e6da95ae0a25f225ae6e6
24.0,24.0,3717,test,837.0000000000045,1.0,1.0,"(1, 2)",667e6da95ae0a25f225ae6e6
24.0,24.0,3718,test,837.0000000000045,1.0,1.0,"(1, 2)",667e6da95ae0a25f225ae6e6
24.0,24.0,3719,test,837.0000000000045,1.0,1.0,"(1, 2)",667e6da95ae0a25f225ae6e6
24.0,24.0,3720,test,837.0000000000045,1.0,1.0,"(1, 2)",667e6da95ae0a25f225ae6e6
24.0,24.0,3721,test,837.0000000000045,1.0,1.0,"(1, 2)",667e6da95ae0a25f225ae6e6
24.0,24.0,3722,test,837.0000000000045,1.0,1.0,"(1, 2)",667e6da95ae0a25f225ae6e6
24.0,24.0,3723,test,837.0000000000045,1.0,1.0,"(1, 2)",667e6da95ae0a25f225ae6e6
24.0,24.0,3724,test,837.0000000000045,1.0,1.0,"(1, 2)",667e6da95ae0a25f225ae6e6
24.0,24.0,3725,test,837.0000000000045,1.0,1.0,"(1, 2)",667e6da95ae0a25f225ae6e6
24.0,24.0,3726,test,837.0000000000045,1.0,1.0,"(1, 2)",667e6da95ae0a25f225ae6e6
24.0,24.0,3727,test,837.0000000000045,1.0,1.0,"(1, 2)",667e6da95ae0a25f225ae6e6
24.0,24.0,3728,test,837.0000000000045,1.0,1.0,"(1, 2)",667e6da95ae0a25f225ae6e6
24.0,24.0,3729,test,837.0000000000045,1.0,1.0,"(1, 2)",667e6da95ae0a25f225ae6e6
24.0,24.0,3730,test,837.0000000000045,1.0,1.0,"(1, 2)",667e6da95ae0a25f225ae6e6
24.0,24.0,3731,test,837.0000000000045,1.0,1.0,"(1, 2)",667e6da95ae0a25f225ae6e6
24.0,24.0,3732,test,837.0000000000045,1.0,1.0,"(1, 2)",667e6da95ae0a25f225ae6e6
24.0,24.0,3733,test,837.0000000000045,1.0,1.0,"(1, 2)",667e6da95ae0a25f225ae6e6
24.0,24.0,3734,test,837.0000000000045,1.0,1.0,"(1, 2)",667e6da95ae0a25f225ae6e6
24.0,24.0,3735,test,837.0000000000045,1.0,1.0,"(1, 2)",667e6da95ae0a25f225ae6e6
24.0,24.0,3736,test,837.0000000000045,1.0,1.0,"(1, 2)",667e6da95ae0a25f225ae6e6
24.0,24.0,3737,test,837.0000000000045,1.0,1.0,"(1, 2)",667e6da95ae0a25f225ae6e6
24.0,24.0,3738,test,837.0000000000045,1.0,1.0,"(1, 2)",667e6da95ae0a25f225ae6e6
24.0,24.0,3739,test,837.0000000000045,1.0,1.0,"(1, 2)",667e6da95ae0a25f225ae6e6
24.0,24.0,3740,test,837.0000000000045,1.0,1.0,"(1, 2)",667e6da95ae0a25f225ae6e6
24.0,24.0,3741,test,837.0000000000045,1.0,1.0,"(1, 2)",667e6da95ae0a25f225ae6e6
24.0,24.0,3742,test,837.0000000000045,1.0,1.0,"(1, 2)",667e6da95ae0a25f225ae6e6
24.0,24.0,3743,test,837.0000000000045,1.0,1.0,"(1, 2)",667e6da95ae0a25f225ae6e6
24.0,24.0,3744,test,837.0000000000045,1.0,1.0,"(1, 2)",667e6da95ae0a25f225ae6e6
24.0,24.0,3745,test,837.0000000000045,1.0,1.0,"(1, 2)",667e6da95ae0a25f225ae6e6
24.0,24.0,3746,test,837.0000000000045,1.0,1.0,"(1, 2)",667e6da95ae0a25f225ae6e6
24.0,25.24999999999993,3747,test,838.2500000000044,1.0,1.0,"(1, 2)",667e6da95ae0a25f225ae6e6
24.0,26.499999999999858,3748,test,839.5000000000043,1.0,1.0,"(1, 2)",667e6da95ae0a25f225ae6e6
24.0,27.749999999999787,3749,test,840.7500000000042,1.0,1.0,"(1, 2)",667e6da95ae0a25f225ae6e6
24.0,28.999999999999716,3750,test,842.0000000000041,1.0,1.0,"(1, 2)",667e6da95ae0a25f225ae6e6
24.0,30.249999999999645,3751,test,843.250000000004,1.0,1.0,"(1, 2)",667e6da95ae0a25f225ae6e6
24.0,31.499999999999574,3752,test,844.5000000000039,1.0,1.0,"(1, 2)",667e6da95ae0a25f225ae6e6
24.0,32.749999999999716,3753,test,845.750000000004,1.0,1.0,"(1, 2)",667e6da95ae0a25f225ae6e6
24.0,34.0,3754,test,847.0000000000043,1.0,1.0,"(1, 2)",667e6da95ae0a25f225ae6e6
24.0,35.250000000000284,3755,test,848.2500000000045,1.0,1.0,"(1, 2)",667e6da95ae0a25f225ae6e6
24.0,36.50000000000057,3756,test,849.5000000000048,1.0,1.0,"(1, 2)",667e6da95ae0a25f225ae6e6
24.0,37.75000000000085,3757,test,850.750000000005,1.0,1.0,"(1, 2)",667e6da95ae0a25f225ae6e6
24.0,39.00000000000114,3758,test,852.0000000000052,1.0,1.0,"(1, 2)",667e6da95ae0a25f225ae6e6
24.0,40.25000000000142,3759,test,853.2500000000055,1.0,1.0,"(1, 2)",667e6da95ae0a25f225ae6e6
24.0,41.500000000001705,3760,test,854.5000000000057,1.0,1.0,"(1, 2)",667e6da95ae0a25f225ae6e6
24.0,42.75000000000199,3761,test,855.7500000000059,1.0,1.0,"(1, 2)",667e6da95ae0a25f225ae6e6
24.0,44.000000000002274,3762,test,857.0000000000061,1.0,1.0,"(1, 2)",667e6da95ae0a25f225ae6e6
24.0,45.25000000000256,3763,test,858.2500000000064,1.0,1.0,"(1, 2)",667e6da95ae0a25f225ae6e6
24.0,46.50000000000284,3764,test,859.5000000000066,1.0,1.0,"(1, 2)",667e6da95ae0a25f225ae6e6
24.0,47.750000000003126,3765,test,860.7500000000068,1.0,1.0,"(1, 2)",667e6da95ae0a25f225ae6e6
24.0,49.00000000000341,3766,test,862.000000000007,1.0,1.0,"(1, 2)",667e6da95ae0a25f225ae6e6
24.0,50.250000000003695,3767,test,863.2500000000073,1.0,1.0,"(1, 2)",667e6da95ae0a25f225ae6e6
24.0,51.50000000000398,3768,test,864.5000000000075,1.0,1.0,"(1, 2)",667e6da95ae0a25f225ae6e6
24.0,52.75000000000426,3769,test,865.7500000000077,1.0,1.0,"(1, 2)",667e6da95ae0a25f225ae6e6
24.0,54.00000000000455,3770,test,867.000000000008,1.0,1.0,"(1, 2)",667e6da95ae0a25f225ae6e6
24.0,55.25000000000483,3771,test,868.2500000000082,1.0,1.0,"(1, 2)",667e6da95ae0a25f225ae6e6
24.0,56.0,3772,test,869.0000000000034,1.0,1.0,"(1, 2)",667e6da95ae0a25f225ae6e6
24.0,56.0,3773,test,869.0000000000034,1.0,1.0,"(1, 2)",667e6da95ae0a25f225ae6e6
24.0,56.0,3774,test,869.0000000000034,1.0,1.0,"(1, 2)",667e6da95ae0a25f225ae6e6
24.0,56.0,3775,test,869.0000000000034,1.0,1.0,"(1, 2)",667e6da95ae0a25f225ae6e6
24.0,56.0,3776,test,869.0000000000034,1.0,1.0,"(1, 2)",667e6da95ae0a25f225ae6e6
24.0,56.0,3777,test,869.0000000000034,1.0,1.0,"(1, 2)",667e6da95ae0a25f225ae6e6
24.0,56.0,3778,test,869.0000000000034,1.0,1.0,"(1, 2)",667e6da95ae0a25f225ae6e6
24.0,56.0,3779,test,869.0000000000034,1.0,1.0,"(1, 2)",667e6da95ae0a25f225ae6e6
24.0,56.0,3780,test,869.0000000000034,1.0,1.0,"(1, 2)",667e6da95ae0a25f225ae6e6
24.0,56.0,3781,test,869.0000000000034,1.0,1.0,"(1, 2)",667e6da95ae0a25f225ae6e6
24.0,56.0,3782,test,869.0000000000034,1.0,1.0,"(1, 2)",667e6da95ae0a25f225ae6e6
24.0,56.0,3783,test,869.0000000000034,1.0,1.0,"(1, 2)",667e6da95ae0a25f225ae6e6
24.0,56.0,3784,test,869.0000000000034,1.0,1.0,"(1, 2)",667e6da95ae0a25f225ae6e6
24.0,56.0,3785,test,869.0000000000034,1.0,1.0,"(1, 2)",667e6da95ae0a25f225ae6e6
24.0,56.0,3786,test,869.0000000000034,1.0,1.0,"(1, 2)",667e6da95ae0a25f225ae6e6
24.0,56.0,3787,test,869.0000000000034,1.0,1.0,"(1, 2)",667e6da95ae0a25f225ae6e6
24.0,56.0,3788,test,869.0000000000034,1.0,1.0,"(1, 2)",667e6da95ae0a25f225ae6e6
24.0,56.0,3789,test,869.0000000000034,1.0,1.0,"(1, 2)",667e6da95ae0a25f225ae6e6
24.0,56.0,3790,test,869.0000000000034,1.0,1.0,"(1, 2)",667e6da95ae0a25f225ae6e6
24.0,56.0,3791,test,869.0000000000034,1.0,1.0,"(1, 2)",667e6da95ae0a25f225ae6e6
24.0,56.0,3792,test,869.0000000000034,1.0,1.0,"(1, 2)",667e6da95ae0a25f225ae6e6
24.0,56.0,3793,test,869.0000000000034,1.0,1.0,"(1, 2)",667e6da95ae0a25f225ae6e6
24.0,56.0,3794,test,869.0000000000034,1.0,1.0,"(1, 2)",667e6da95ae0a25f225ae6e6
24.0,56.0,3795,test,869.0000000000034,1.0,1.0,"(1, 2)",667e6da95ae0a25f225ae6e6
24.0,56.0,3796,test,869.0000000000034,1.0,1.0,"(1, 2)",667e6da95ae0a25f225ae6e6
24.0,56.0,3797,test,869.0000000000034,1.0,1.0,"(1, 2)",667e6da95ae0a25f225ae6e6
24.0,56.0,3798,test,869.0000000000034,1.0,1.0,"(1, 2)",667e6da95ae0a25f225ae6e6
24.0,56.0,3799,test,869.0000000000034,1.0,1.0,"(1, 2)",667e6da95ae0a25f225ae6e6
24.0,56.0,3800,test,869.0000000000034,1.0,1.0,"(1, 2)",667e6da95ae0a25f225ae6e6
24.0,57.250000000000284,3801,test,870.2500000000036,1.0,1.0,"(1, 2)",667e6da95ae0a25f225ae6e6
24.0,58.50000000000057,3802,test,871.5000000000039,1.0,1.0,"(1, 2)",667e6da95ae0a25f225ae6e6
24.0,59.75000000000085,3803,test,872.7500000000041,1.0,1.0,"(1, 2)",667e6da95ae0a25f225ae6e6
24.0,61.00000000000114,3804,test,874.0000000000043,1.0,1.0,"(1, 2)",667e6da95ae0a25f225ae6e6
24.0,62.25000000000142,3805,test,875.2500000000045,1.0,1.0,"(1, 2)",667e6da95ae0a25f225ae6e6
24.0,63.500000000001705,3806,test,876.5000000000048,1.0,1.0,"(1, 2)",667e6da95ae0a25f225ae6e6
24.0,64.75000000000199,3807,test,877.750000000005,1.0,1.0,"(1, 2)",667e6da95ae0a25f225ae6e6
24.0,66.00000000000227,3808,test,879.0000000000052,1.0,1.0,"(1, 2)",667e6da95ae0a25f225ae6e6
24.0,67.25000000000256,3809,test,880.2500000000055,1.0,1.0,"(1, 2)",667e6da95ae0a25f225ae6e6
24.0,68.50000000000284,3810,test,881.5000000000057,1.0,1.0,"(1, 2)",667e6da95ae0a25f225ae6e6
24.0,69.75000000000313,3811,test,882.7500000000059,1.0,1.0,"(1, 2)",667e6da95ae0a25f225ae6e6
24.0,71.00000000000341,3812,test,884.0000000000061,1.0,1.0,"(1, 2)",667e6da95ae0a25f225ae6e6
24.0,72.0,3813,test,885.0000000000027,1.0,1.0,"(1, 2)",667e6da95ae0a25f225ae6e6
24.0,72.0,3814,test,885.0000000000027,1.0,1.0,"(1, 2)",667e6da95ae0a25f225ae6e6
24.0,72.0,3815,test,885.0000000000027,1.0,1.0,"(1, 2)",667e6da95ae0a25f225ae6e6
24.0,72.0,3816,test,885.0000000000027,1.0,1.0,"(1, 2)",667e6da95ae0a25f225ae6e6
24.0,72.0,3817,test,885.0000000000027,1.0,1.0,"(1, 2)",667e6da95ae0a25f225ae6e6
24.0,72.0,3818,test,885.0000000000027,1.0,1.0,"(1, 2)",667e6da95ae0a25f225ae6e6
24.0,72.0,3819,test,885.0000000000027,1.0,1.0,"(1, 2)",667e6da95ae0a25f225ae6e6
24.0,72.0,3820,test,885.0000000000027,1.0,1.0,"(1, 2)",667e6da95ae0a25f225ae6e6
24.0,72.0,3821,test,885.0000000000027,1.0,1.0,"(1, 2)",667e6da95ae0a25f225ae6e6
24.0,72.0,3822,test,885.0000000000027,1.0,1.0,"(1, 2)",667e6da95ae0a25f225ae6e6
24.0,72.0,3823,test,885.0000000000027,1.0,1.0,"(1, 2)",667e6da95ae0a25f225ae6e6
24.0,72.0,3824,test,885.0000000000027,1.0,1.0,"(1, 2)",667e6da95ae0a25f225ae6e6
24.0,72.0,3825,test,885.0000000000027,1.0,1.0,"(1, 2)",667e6da95ae0a25f225ae6e6
24.0,72.0,3826,test,885.0000000000027,1.0,1.0,"(1, 2)",667e6da95ae0a25f225ae6e6
24.0,72.0,3827,test,885.0000000000027,1.0,1.0,"(1, 2)",667e6da95ae0a25f225ae6e6
24.0,72.0,3828,test,885.0000000000027,1.0,1.0,"(1, 2)",667e6da95ae0a25f225ae6e6
24.0,72.0,3829,test,885.0000000000027,1.0,1.0,"(1, 2)",667e6da95ae0a25f225ae6e6
24.0,72.0,3830,test,885.0000000000027,1.0,1.0,"(1, 2)",667e6da95ae0a25f225ae6e6
24.0,72.0,3831,test,885.0000000000027,1.0,1.0,"(1, 2)",667e6da95ae0a25f225ae6e6
24.0,72.0,3832,test,885.0000000000027,1.0,1.0,"(1, 2)",667e6da95ae0a25f225ae6e6
24.0,72.0,3833,test,885.0000000000027,1.0,1.0,"(1, 2)",667e6da95ae0a25f225ae6e6
24.0,72.0,3834,test,885.0000000000027,1.0,1.0,"(1, 2)",667e6da95ae0a25f225ae6e6
24.0,72.0,3835,test,885.0000000000027,1.0,1.0,"(1, 2)",667e6da95ae0a25f225ae6e6
24.0,72.0,3836,test,885.0000000000027,1.0,1.0,"(1, 2)",667e6da95ae0a25f225ae6e6
24.0,72.0,3837,test,885.0000000000027,1.0,1.0,"(1, 2)",667e6da95ae0a25f225ae6e6
24.0,72.0,3838,test,885.0000000000027,1.0,1.0,"(1, 2)",667e6da95ae0a25f225ae6e6
24.0,72.0,3839,test,885.0000000000027,1.0,1.0,"(1, 2)",667e6da95ae0a25f225ae6e6
24.0,72.0,3840,test,885.0000000000027,1.0,1.0,"(1, 2)",667e6da95ae0a25f225ae6e6
24.0,72.0,3841,test,885.0000000000027,1.0,1.0,"(1, 2)",667e6da95ae0a25f225ae6e6
24.0,72.0,3842,test,885.0000000000027,1.0,1.0,"(1, 2)",667e6da95ae0a25f225ae6e6
24.0,72.0,3843,test,885.0000000000027,1.0,1.0,"(1, 2)",667e6da95ae0a25f225ae6e6
24.0,72.0,3844,test,885.0000000000027,1.0,1.0,"(1, 2)",667e6da95ae0a25f225ae6e6
24.0,72.0,3845,test,885.0000000000027,1.0,1.0,"(1, 2)",667e6da95ae0a25f225ae6e6
24.0,72.0,3846,test,885.0000000000027,1.0,1.0,"(1, 2)",667e6da95ae0a25f225ae6e6
24.0,72.0,3847,test,885.0000000000027,1.0,1.0,"(1, 2)",667e6da95ae0a25f225ae6e6
24.0,72.0,3848,test,885.0000000000027,1.0,1.0,"(1, 2)",667e6da95ae0a25f225ae6e6
24.0,72.0,3849,test,885.0000000000027,1.0,1.0,"(1, 2)",667e6da95ae0a25f225ae6e6
24.0,72.0,3850,test,885.0000000000027,1.0,1.0,"(1, 2)",667e6da95ae0a25f225ae6e6
24.0,72.0,3851,test,885.0000000000027,1.0,1.0,"(1, 2)",667e6da95ae0a25f225ae6e6
24.0,72.0,3852,test,885.0000000000027,1.0,1.0,"(1, 2)",667e6da95ae0a25f225ae6e6
24.0,72.0,3853,test,885.0000000000027,1.0,1.0,"(1, 2)",667e6da95ae0a25f225ae6e6
24.0,72.0,3854,test,885.0000000000027,1.0,1.0,"(1, 2)",667e6da95ae0a25f225ae6e6
24.0,72.0,3855,test,885.0000000000027,1.0,1.0,"(1, 2)",667e6da95ae0a25f225ae6e6
24.0,72.0,3856,test,885.0000000000027,1.0,1.0,"(1, 2)",667e6da95ae0a25f225ae6e6
24.0,72.0,3857,test,885.0000000000027,1.0,1.0,"(1, 2)",667e6da95ae0a25f225ae6e6
24.0,72.0,3858,test,885.0000000000027,1.0,1.0,"(1, 2)",667e6da95ae0a25f225ae6e6
24.0,72.0,3859,test,885.0000000000027,1.0,1.0,"(1, 2)",667e6da95ae0a25f225ae6e6
24.0,72.0,3860,test,885.0000000000027,1.0,1.0,"(1, 2)",667e6da95ae0a25f225ae6e6
24.0,72.0,3861,test,885.0000000000027,1.0,1.0,"(1, 2)",667e6da95ae0a25f225ae6e6
24.0,72.0,3862,test,885.0000000000027,1.0,1.0,"(1, 2)",667e6da95ae0a25f225ae6e6
24.0,72.0,3863,test,885.0000000000027,1.0,1.0,"(1, 2)",667e6da95ae0a25f225ae6e6
24.0,72.0,3864,test,885.0000000000027,1.0,1.0,"(1, 2)",667e6da95ae0a25f225ae6e6
24.0,72.0,3865,test,885.0000000000027,1.0,1.0,"(1, 2)",667e6da95ae0a25f225ae6e6
24.0,72.0,3866,test,885.0000000000027,1.0,1.0,"(1, 2)",667e6da95ae0a25f225ae6e6
24.0,72.0,3867,test,885.0000000000027,1.0,1.0,"(1, 2)",667e6da95ae0a25f225ae6e6
24.0,70.74999999999972,3868,test,886.250000000003,1.0,1.0,"(1, 2)",667e6da95ae0a25f225ae6e6
24.0,69.49999999999943,3869,test,887.5000000000032,1.0,1.0,"(1, 2)",667e6da95ae0a25f225ae6e6
24.0,68.24999999999915,3870,test,888.7500000000034,1.0,1.0,"(1, 2)",667e6da95ae0a25f225ae6e6
24.0,66.99999999999886,3871,test,890.0000000000036,1.0,1.0,"(1, 2)",667e6da95ae0a25f225ae6e6
24.0,65.74999999999858,3872,test,891.2500000000039,1.0,1.0,"(1, 2)",667e6da95ae0a25f225ae6e6
24.0,64.4999999999983,3873,test,892.5000000000041,1.0,1.0,"(1, 2)",667e6da95ae0a25f225ae6e6
24.0,63.24999999999801,3874,test,893.7500000000043,1.0,1.0,"(1, 2)",667e6da95ae0a25f225ae6e6
24.0,61.999999999997726,3875,test,895.0000000000045,1.0,1.0,"(1, 2)",667e6da95ae0a25f225ae6e6
24.0,60.74999999999744,3876,test,896.2500000000048,1.0,1.0,"(1, 2)",667e6da95ae0a25f225ae6e6
24.0,59.49999999999716,3877,test,897.500000000005,1.0,1.0,"(1, 2)",667e6da95ae0a25f225ae6e6
24.0,58.249999999996874,3878,test,898.7500000000052,1.0,1.0,"(1, 2)",667e6da95ae0a25f225ae6e6
24.0,56.99999999999659,3879,test,900.0000000000055,1.0,1.0,"(1, 2)",667e6da95ae0a25f225ae6e6
24.0,55.749999999996305,3880,test,901.2500000000057,1.0,1.0,"(1, 2)",667e6da95ae0a25f225ae6e6
24.0,54.49999999999602,3881,test,902.5000000000059,1.0,1.0,"(1, 2)",667e6da95ae0a25f225ae6e6
24.0,53.24999999999574,3882,test,903.7500000000061,1.0,1.0,"(1, 2)",667e6da95ae0a25f225ae6e6
24.0,51.99999999999545,3883,test,905.0000000000064,1.0,1.0,"(1, 2)",667e6da95ae0a25f225ae6e6
24.0,50.74999999999517,3884,test,906.2500000000066,1.0,1.0,"(1, 2)",667e6da95ae0a25f225ae6e6
24.0,49.499999999994884,3885,test,907.5000000000068,1.0,1.0,"(1, 2)",667e6da95ae0a25f225ae6e6
24.0,48.2499999999946,3886,test,908.750000000007,1.0,1.0,"(1, 2)",667e6da95ae0a25f225ae6e6
24.0,46.999999999994316,3887,test,910.0000000000073,1.0,1.0,"(1, 2)",667e6da95ae0a25f225ae6e6
24.0,45.74999999999403,3888,test,911.2500000000075,1.0,1.0,"(1, 2)",667e6da95ae0a25f225ae6e6
24.0,44.49999999999375,3889,test,912.5000000000077,1.0,1.0,"(1, 2)",667e6da95ae0a25f225ae6e6
24.0,43.24999999999346,3890,test,913.750000000008,1.0,1.0,"(1, 2)",667e6da95ae0a25f225ae6e6
24.0,41.99999999999318,3891,test,915.0000000000082,1.0,1.0,"(1, 2)",667e6da95ae0a25f225ae6e6
24.0,40.749999999992895,3892,test,916.2500000000084,1.0,1.0,"(1, 2)",667e6da95ae0a25f225ae6e6
24.0,39.49999999999261,3893,test,917.5000000000086,1.0,1.0,"(1, 2)",667e6da95ae0a25f225ae6e6
24.0,38.249999999992326,3894,test,918.7500000000089,1.0,1.0,"(1, 2)",667e6da95ae0a25f225ae6e6
24.0,36.99999999999204,3895,test,920.0000000000091,1.0,1.0,"(1, 2)",667e6da95ae0a25f225ae6e6
24.0,35.74999999999176,3896,test,921.2500000000093,1.0,1.0,"(1, 2)",667e6da95ae0a25f225ae6e6
24.0,34.49999999999147,3897,test,922.5000000000095,1.0,1.0,"(1, 2)",667e6da95ae0a25f225ae6e6
24.0,33.24999999999119,3898,test,923.7500000000098,1.0,1.0,"(1, 2)",667e6da95ae0a25f225ae6e6
24.0,31.99999999999091,3899,test,925.00000000001,1.0,1.0,"(1, 2)",667e6da95ae0a25f225ae6e6
24.0,30.74999999999098,3900,test,926.2500000000099,1.0,1.0,"(1, 2)",667e6da95ae0a25f225ae6e6
24.0,29.49999999999105,3901,test,927.5000000000098,1.0,1.0,"(1, 2)",667e6da95ae0a25f225ae6e6
24.0,28.24999999999112,3902,test,928.7500000000097,1.0,1.0,"(1, 2)",667e6da95ae0a25f225ae6e6
24.0,26.999999999991193,3903,test,930.0000000000095,1.0,1.0,"(1, 2)",667e6da95ae0a25f225ae6e6
24.0,25.749999999991264,3904,test,931.2500000000094,1.0,1.0,"(1, 2)",667e6da95ae0a25f225ae6e6
24.0,24.499999999991335,3905,test,932.5000000000093,1.0,1.0,"(1, 2)",667e6da95ae0a25f225ae6e6
24.0,24.0,3906,test,933.0000000000007,1.0,1.0,"(1, 2)",667e6da95ae0a25f225ae6e6
24.0,24.0,3907,test,933.0000000000007,1.0,1.0,"(1, 2)",667e6da95ae0a25f225ae6e6
24.0,24.0,3908,test,933.0000000000007,1.0,1.0,"(1, 2)",667e6da95ae0a25f225ae6e6
24.0,24.0,3909,test,933.0000000000007,1.0,1.0,"(1, 2)",667e6da95ae0a25f225ae6e6
24.0,24.0,3910,test,933.0000000000007,1.0,1.0,"(1, 2)",667e6da95ae0a25f225ae6e6
24.0,24.0,3911,test,933.0000000000007,1.0,1.0,"(1, 2)",667e6da95ae0a25f225ae6e6
24.0,24.0,3912,test,933.0000000000007,1.0,1.0,"(1, 2)",667e6da95ae0a25f225ae6e6
24.0,24.0,3913,test,933.0000000000007,1.0,1.0,"(1, 2)",667e6da95ae0a25f225ae6e6
24.0,24.0,3914,test,933.0000000000007,1.0,1.0,"(1, 2)",667e6da95ae0a25f225ae6e6
24.0,24.0,3915,test,933.0000000000007,1.0,1.0,"(1, 2)",667e6da95ae0a25f225ae6e6
24.0,24.0,3916,test,933.0000000000007,1.0,1.0,"(1, 2)",667e6da95ae0a25f225ae6e6
24.0,24.0,3917,test,933.0000000000007,1.0,1.0,"(1, 2)",667e6da95ae0a25f225ae6e6
24.0,24.0,3918,test,933.0000000000007,1.0,1.0,"(1, 2)",667e6da95ae0a25f225ae6e6
24.0,24.0,3919,test,933.0000000000007,1.0,1.0,"(1, 2)",667e6da95ae0a25f225ae6e6
24.0,24.0,3920,test,933.0000000000007,1.0,1.0,"(1, 2)",667e6da95ae0a25f225ae6e6
24.0,24.0,3921,test,933.0000000000007,1.0,1.0,"(1, 2)",667e6da95ae0a25f225ae6e6
24.0,24.0,3922,test,933.0000000000007,1.0,1.0,"(1, 2)",667e6da95ae0a25f225ae6e6
24.0,24.0,3923,test,933.0000000000007,1.0,1.0,"(1, 2)",667e6da95ae0a25f225ae6e6
24.0,24.0,3924,test,933.0000000000007,1.0,1.0,"(1, 2)",667e6da95ae0a25f225ae6e6
24.0,24.0,3925,test,933.0000000000007,1.0,1.0,"(1, 2)",667e6da95ae0a25f225ae6e6
24.0,24.0,3926,test,933.0000000000007,1.0,1.0,"(1, 2)",667e6da95ae0a25f225ae6e6
24.0,24.0,3927,test,933.0000000000007,1.0,1.0,"(1, 2)",667e6da95ae0a25f225ae6e6
24.0,24.0,3928,test,933.0000000000007,1.0,1.0,"(1, 2)",667e6da95ae0a25f225ae6e6
24.0,24.0,3929,test,933.0000000000007,1.0,1.0,"(1, 2)",667e6da95ae0a25f225ae6e6
24.0,24.0,3930,test,933.0000000000007,1.0,1.0,"(1, 2)",667e6da95ae0a25f225ae6e6
24.0,24.0,3931,test,933.0000000000007,1.0,1.0,"(1, 2)",667e6da95ae0a25f225ae6e6
24.0,24.0,3932,test,933.0000000000007,1.0,1.0,"(1, 2)",667e6da95ae0a25f225ae6e6
24.0,24.0,3933,test,933.0000000000007,1.0,1.0,"(1, 2)",667e6da95ae0a25f225ae6e6
24.0,24.0,3934,test,933.0000000000007,1.0,1.0,"(1, 2)",667e6da95ae0a25f225ae6e6
24.0,24.0,3935,test,933.0000000000007,1.0,1.0,"(1, 2)",667e6da95ae0a25f225ae6e6
24.0,24.0,3936,test,933.0000000000007,1.0,1.0,"(1, 2)",667e6da95ae0a25f225ae6e6
24.0,24.0,3937,test,933.0000000000007,1.0,1.0,"(1, 2)",667e6da95ae0a25f225ae6e6
24.0,24.0,3938,test,933.0000000000007,1.0,1.0,"(1, 2)",667e6da95ae0a25f225ae6e6
24.0,24.0,3939,test,933.0000000000007,1.0,1.0,"(1, 2)",667e6da95ae0a25f225ae6e6
24.0,24.0,3940,test,933.0000000000007,1.0,1.0,"(1, 2)",667e6da95ae0a25f225ae6e6
24.0,24.0,3941,test,933.0000000000007,1.0,1.0,"(1, 2)",667e6da95ae0a25f225ae6e6
24.0,24.0,3942,test,933.0000000000007,1.0,1.0,"(1, 2)",667e6da95ae0a25f225ae6e6
24.0,24.0,3943,test,933.0000000000007,1.0,1.0,"(1, 2)",667e6da95ae0a25f225ae6e6
24.0,24.0,3944,test,933.0000000000007,1.0,1.0,"(1, 2)",667e6da95ae0a25f225ae6e6
24.0,24.0,3945,test,933.0000000000007,1.0,1.0,"(1, 2)",667e6da95ae0a25f225ae6e6
24.0,24.0,3946,test,933.0000000000007,1.0,1.0,"(1, 2)",667e6da95ae0a25f225ae6e6
24.0,24.0,3947,test,933.0000000000007,1.0,1.0,"(1, 2)",667e6da95ae0a25f225ae6e6
24.0,24.0,3948,test,933.0000000000007,1.0,1.0,"(1, 2)",667e6da95ae0a25f225ae6e6
24.0,24.0,3949,test,933.0000000000007,1.0,1.0,"(1, 2)",667e6da95ae0a25f225ae6e6
24.0,24.0,3950,test,933.0000000000007,1.0,1.0,"(1, 2)",667e6da95ae0a25f225ae6e6
24.0,24.0,3951,test,933.0000000000007,1.0,1.0,"(1, 2)",667e6da95ae0a25f225ae6e6
24.0,24.0,3952,test,933.0000000000007,1.0,1.0,"(1, 2)",667e6da95ae0a25f225ae6e6
24.0,24.0,3953,test,933.0000000000007,1.0,1.0,"(1, 2)",667e6da95ae0a25f225ae6e6
24.0,24.0,3954,test,933.0000000000007,1.0,1.0,"(1, 2)",667e6da95ae0a25f225ae6e6
24.0,24.0,3955,test,933.0000000000007,1.0,1.0,"(1, 2)",667e6da95ae0a25f225ae6e6
24.0,24.0,3956,test,933.0000000000007,1.0,1.0,"(1, 2)",667e6da95ae0a25f225ae6e6
24.0,24.0,3957,test,933.0000000000007,1.0,1.0,"(1, 2)",667e6da95ae0a25f225ae6e6
24.0,24.0,3958,test,933.0000000000007,1.0,1.0,"(1, 2)",667e6da95ae0a25f225ae6e6
24.0,24.0,3959,test,933.0000000000007,1.0,1.0,"(1, 2)",667e6da95ae0a25f225ae6e6
24.0,24.0,3960,test,933.0000000000007,1.0,1.0,"(1, 2)",667e6da95ae0a25f225ae6e6
24.0,24.0,3961,test,933.0000000000007,1.0,1.0,"(1, 2)",667e6da95ae0a25f225ae6e6
24.0,24.0,3962,test,933.0000000000007,1.0,1.0,"(1, 2)",667e6da95ae0a25f225ae6e6
24.0,24.0,3963,test,933.0000000000007,1.0,1.0,"(1, 2)",667e6da95ae0a25f225ae6e6
24.0,24.0,3964,test,933.0000000000007,1.0,1.0,"(1, 2)",667e6da95ae0a25f225ae6e6
24.0,24.0,3965,test,933.0000000000007,1.0,1.0,"(1, 2)",667e6da95ae0a25f225ae6e6
24.0,24.0,3966,test,933.0000000000007,1.0,1.0,"(1, 2)",667e6da95ae0a25f225ae6e6
24.0,24.0,3967,test,933.0000000000007,1.0,1.0,"(1, 2)",667e6da95ae0a25f225ae6e6
24.0,24.0,3968,test,933.0000000000007,1.0,1.0,"(1, 2)",667e6da95ae0a25f225ae6e6
24.0,24.0,3969,test,933.0000000000007,1.0,1.0,"(1, 2)",667e6da95ae0a25f225ae6e6
24.0,24.0,3970,test,933.0000000000007,1.0,1.0,"(1, 2)",667e6da95ae0a25f225ae6e6
24.0,24.0,3971,test,933.0000000000007,1.0,1.0,"(1, 2)",667e6da95ae0a25f225ae6e6
24.0,24.0,3972,test,933.0000000000007,1.0,1.0,"(1, 2)",667e6da95ae0a25f225ae6e6
24.0,24.0,3973,test,933.0000000000007,1.0,1.0,"(1, 2)",667e6da95ae0a25f225ae6e6
24.0,24.0,3974,test,933.0000000000007,1.0,1.0,"(1, 2)",667e6da95ae0a25f225ae6e6
24.0,24.0,3975,test,933.0000000000007,1.0,1.0,"(1, 2)",667e6da95ae0a25f225ae6e6
24.0,24.0,3976,test,933.0000000000007,1.0,1.0,"(1, 2)",667e6da95ae0a25f225ae6e6
24.0,24.0,3977,test,933.0000000000007,1.0,1.0,"(1, 2)",667e6da95ae0a25f225ae6e6
24.0,24.0,3978,test,933.0000000000007,1.0,1.0,"(1, 2)",667e6da95ae0a25f225ae6e6
24.0,24.0,3979,test,933.0000000000007,1.0,1.0,"(1, 2)",667e6da95ae0a25f225ae6e6
24.0,24.0,3980,test,933.0000000000007,1.0,1.0,"(1, 2)",667e6da95ae0a25f225ae6e6
24.0,24.0,3981,test,933.0000000000007,1.0,1.0,"(1, 2)",667e6da95ae0a25f225ae6e6
24.0,24.0,3982,test,933.0000000000007,1.0,1.0,"(1, 2)",667e6da95ae0a25f225ae6e6
24.0,24.0,3983,test,933.0000000000007,1.0,1.0,"(1, 2)",667e6da95ae0a25f225ae6e6
24.0,24.0,3984,test,933.0000000000007,1.0,1.0,"(1, 2)",667e6da95ae0a25f225ae6e6
24.0,24.0,3985,test,933.0000000000007,1.0,1.0,"(1, 2)",667e6da95ae0a25f225ae6e6
24.0,24.0,3986,test,933.0000000000007,1.0,1.0,"(1, 2)",667e6da95ae0a25f225ae6e6
24.0,24.0,3987,test,933.0000000000007,1.0,1.0,"(1, 2)",667e6da95ae0a25f225ae6e6
24.0,24.0,3988,test,933.0000000000007,1.0,1.0,"(1, 2)",667e6da95ae0a25f225ae6e6
24.0,24.0,3989,test,933.0000000000007,1.0,1.0,"(1, 2)",667e6da95ae0a25f225ae6e6
24.0,24.0,3990,test,933.0000000000007,1.0,1.0,"(1, 2)",667e6da95ae0a25f225ae6e6
24.0,24.0,3991,test,933.0000000000007,1.0,1.0,"(1, 2)",667e6da95ae0a25f225ae6e6
24.0,24.0,3992,test,933.0000000000007,1.0,1.0,"(1, 2)",667e6da95ae0a25f225ae6e6
24.0,24.0,3993,test,933.0000000000007,1.0,1.0,"(1, 2)",667e6da95ae0a25f225ae6e6
24.0,24.0,3994,test,933.0000000000007,1.0,1.0,"(1, 2)",667e6da95ae0a25f225ae6e6
24.0,24.0,3995,test,933.0000000000007,1.0,1.0,"(1, 2)",667e6da95ae0a25f225ae6e6
24.0,24.0,3996,test,933.0000000000007,1.0,1.0,"(1, 2)",667e6da95ae0a25f225ae6e6
24.0,24.0,3997,test,933.0000000000007,1.0,1.0,"(1, 2)",667e6da95ae0a25f225ae6e6
24.0,24.0,3998,test,933.0000000000007,1.0,1.0,"(1, 2)",667e6da95ae0a25f225ae6e6
24.0,24.0,3999,test,933.0000000000007,1.0,1.0,"(1, 2)",667e6da95ae0a25f225ae6e6
24.0,24.0,4000,test,933.0000000000007,1.0,1.0,"(1, 2)",667e6da95ae0a25f225ae6e6
24.0,24.0,4001,test,933.0000000000007,1.0,1.0,"(1, 2)",667e6da95ae0a25f225ae6e6
24.0,24.0,4002,test,933.0000000000007,1.0,1.0,"(1, 2)",667e6da95ae0a25f225ae6e6
24.0,24.0,4003,test,933.0000000000007,1.0,1.0,"(1, 2)",667e6da95ae0a25f225ae6e6
24.0,24.0,4004,test,933.0000000000007,1.0,1.0,"(1, 2)",667e6da95ae0a25f225ae6e6
24.0,24.0,4005,test,933.0000000000007,1.0,1.0,"(1, 2)",667e6da95ae0a25f225ae6e6
24.0,24.0,4006,test,933.0000000000007,1.0,1.0,"(1, 2)",667e6da95ae0a25f225ae6e6
24.0,24.0,4007,test,933.0000000000007,1.0,1.0,"(1, 2)",667e6da95ae0a25f225ae6e6
24.0,24.0,4008,test,933.0000000000007,1.0,1.0,"(1, 2)",667e6da95ae0a25f225ae6e6
24.0,24.0,4009,test,933.0000000000007,1.0,1.0,"(1, 2)",667e6da95ae0a25f225ae6e6
24.0,24.0,4010,test,933.0000000000007,1.0,1.0,"(1, 2)",667e6da95ae0a25f225ae6e6
24.0,24.0,4011,test,933.0000000000007,1.0,1.0,"(1, 2)",667e6da95ae0a25f225ae6e6
24.0,24.0,4012,test,933.0000000000007,1.0,1.0,"(1, 2)",667e6da95ae0a25f225ae6e6
24.0,24.0,4013,test,933.0000000000007,1.0,1.0,"(1, 2)",667e6da95ae0a25f225ae6e6
24.0,24.0,4014,test,933.0000000000007,1.0,1.0,"(1, 2)",667e6da95ae0a25f225ae6e6
24.0,24.0,4015,test,933.0000000000007,1.0,1.0,"(1, 2)",667e6da95ae0a25f225ae6e6
24.0,24.0,4016,test,933.0000000000007,1.0,1.0,"(1, 2)",667e6da95ae0a25f225ae6e6
24.0,24.0,4017,test,933.0000000000007,1.0,1.0,"(1, 2)",667e6da95ae0a25f225ae6e6
24.0,24.0,4018,test,933.0000000000007,1.0,1.0,"(1, 2)",667e6da95ae0a25f225ae6e6
24.0,24.0,4019,test,933.0000000000007,1.0,1.0,"(1, 2)",667e6da95ae0a25f225ae6e6
24.0,24.0,4020,test,933.0000000000007,1.0,1.0,"(1, 2)",667e6da95ae0a25f225ae6e6
24.0,24.0,4021,test,933.0000000000007,1.0,1.0,"(1, 2)",667e6da95ae0a25f225ae6e6
24.0,24.0,4022,test,933.0000000000007,1.0,1.0,"(1, 2)",667e6da95ae0a25f225ae6e6
24.0,24.0,4023,test,933.0000000000007,1.0,1.0,"(1, 2)",667e6da95ae0a25f225ae6e6
24.0,24.0,4024,test,933.0000000000007,1.0,1.0,"(1, 2)",667e6da95ae0a25f225ae6e6
24.0,24.0,4025,test,933.0000000000007,1.0,1.0,"(1, 2)",667e6da95ae0a25f225ae6e6
24.0,24.0,4026,test,933.0000000000007,1.0,1.0,"(1, 2)",667e6da95ae0a25f225ae6e6
24.0,24.0,4027,test,933.0000000000007,1.0,1.0,"(1, 2)",667e6da95ae0a25f225ae6e6
24.0,24.0,4028,test,933.0000000000007,1.0,1.0,"(1, 2)",667e6da95ae0a25f225ae6e6
24.0,24.0,4029,test,933.0000000000007,1.0,1.0,"(1, 2)",667e6da95ae0a25f225ae6e6
24.0,24.0,4030,test,933.0000000000007,1.0,1.0,"(1, 2)",667e6da95ae0a25f225ae6e6
24.0,24.0,4031,test,933.0000000000007,1.0,1.0,"(1, 2)",667e6da95ae0a25f225ae6e6
24.0,24.0,4032,test,933.0000000000007,1.0,1.0,"(1, 2)",667e6da95ae0a25f225ae6e6
24.0,24.0,4033,test,933.0000000000007,1.0,1.0,"(1, 2)",667e6da95ae0a25f225ae6e6
24.0,24.0,4034,test,933.0000000000007,1.0,1.0,"(1, 2)",667e6da95ae0a25f225ae6e6
24.0,24.0,4035,test,933.0000000000007,1.0,1.0,"(1, 2)",667e6da95ae0a25f225ae6e6
24.0,24.0,4036,test,933.0000000000007,1.0,1.0,"(1, 2)",667e6da95ae0a25f225ae6e6
24.0,24.0,4037,test,933.0000000000007,1.0,1.0,"(1, 2)",667e6da95ae0a25f225ae6e6
24.0,24.0,4038,test,933.0000000000007,1.0,1.0,"(1, 2)",667e6da95ae0a25f225ae6e6
24.0,24.0,4039,test,933.0000000000007,1.0,1.0,"(1, 2)",667e6da95ae0a25f225ae6e6
24.0,25.24999999999993,4040,test,934.2500000000006,1.0,1.0,"(1, 2)",667e6da95ae0a25f225ae6e6
24.0,26.499999999999858,4041,test,935.5000000000005,1.0,1.0,"(1, 2)",667e6da95ae0a25f225ae6e6
24.0,27.749999999999787,4042,test,936.7500000000003,1.0,1.0,"(1, 2)",667e6da95ae0a25f225ae6e6
24.0,28.999999999999716,4043,test,938.0000000000002,1.0,1.0,"(1, 2)",667e6da95ae0a25f225ae6e6
24.0,30.249999999999645,4044,test,939.2500000000001,1.0,1.0,"(1, 2)",667e6da95ae0a25f225ae6e6
24.0,31.499999999999574,4045,test,940.5,1.0,1.0,"(1, 2)",667e6da95ae0a25f225ae6e6
24.0,32.749999999999716,4046,test,941.7500000000001,1.0,1.0,"(1, 2)",667e6da95ae0a25f225ae6e6
24.0,34.0,4047,test,943.0000000000005,1.0,1.0,"(1, 2)",667e6da95ae0a25f225ae6e6
24.0,35.250000000000284,4048,test,944.2500000000007,1.0,1.0,"(1, 2)",667e6da95ae0a25f225ae6e6
24.0,36.50000000000057,4049,test,945.5000000000009,1.0,1.0,"(1, 2)",667e6da95ae0a25f225ae6e6
24.0,37.75000000000085,4050,test,946.7500000000011,1.0,1.0,"(1, 2)",667e6da95ae0a25f225ae6e6
24.0,39.00000000000114,4051,test,948.0000000000014,1.0,1.0,"(1, 2)",667e6da95ae0a25f225ae6e6
24.0,40.0,4052,test,949.0000000000002,1.0,1.0,"(1, 2)",667e6da95ae0a25f225ae6e6
24.0,40.0,4053,test,949.0000000000002,1.0,1.0,"(1, 2)",667e6da95ae0a25f225ae6e6
24.0,40.0,4054,test,949.0000000000002,1.0,1.0,"(1, 2)",667e6da95ae0a25f225ae6e6
24.0,40.0,4055,test,949.0000000000002,1.0,1.0,"(1, 2)",667e6da95ae0a25f225ae6e6
24.0,40.0,4056,test,949.0000000000002,1.0,1.0,"(1, 2)",667e6da95ae0a25f225ae6e6
24.0,40.0,4057,test,949.0000000000002,1.0,1.0,"(1, 2)",667e6da95ae0a25f225ae6e6
24.0,40.0,4058,test,949.0000000000002,1.0,1.0,"(1, 2)",667e6da95ae0a25f225ae6e6
24.0,40.0,4059,test,949.0000000000002,1.0,1.0,"(1, 2)",667e6da95ae0a25f225ae6e6
24.0,40.0,4060,test,949.0000000000002,1.0,1.0,"(1, 2)",667e6da95ae0a25f225ae6e6
24.0,40.0,4061,test,949.0000000000002,1.0,1.0,"(1, 2)",667e6da95ae0a25f225ae6e6
24.0,40.0,4062,test,949.0000000000002,1.0,1.0,"(1, 2)",667e6da95ae0a25f225ae6e6
24.0,40.0,4063,test,949.0000000000002,1.0,1.0,"(1, 2)",667e6da95ae0a25f225ae6e6
24.0,40.0,4064,test,949.0000000000002,1.0,1.0,"(1, 2)",667e6da95ae0a25f225ae6e6
24.0,40.0,4065,test,949.0000000000002,1.0,1.0,"(1, 2)",667e6da95ae0a25f225ae6e6
24.0,40.0,4066,test,949.0000000000002,1.0,1.0,"(1, 2)",667e6da95ae0a25f225ae6e6
24.0,40.0,4067,test,949.0000000000002,1.0,1.0,"(1, 2)",667e6da95ae0a25f225ae6e6
24.0,40.0,4068,test,949.0000000000002,1.0,1.0,"(1, 2)",667e6da95ae0a25f225ae6e6
24.0,40.0,4069,test,949.0000000000002,1.0,1.0,"(1, 2)",667e6da95ae0a25f225ae6e6
24.0,40.0,4070,test,949.0000000000002,1.0,1.0,"(1, 2)",667e6da95ae0a25f225ae6e6
24.0,40.0,4071,test,949.0000000000002,1.0,1.0,"(1, 2)",667e6da95ae0a25f225ae6e6
24.0,40.0,4072,test,949.0000000000002,1.0,1.0,"(1, 2)",667e6da95ae0a25f225ae6e6
24.0,40.0,4073,test,949.0000000000002,1.0,1.0,"(1, 2)",667e6da95ae0a25f225ae6e6
24.0,40.0,4074,test,949.0000000000002,1.0,1.0,"(1, 2)",667e6da95ae0a25f225ae6e6
24.0,40.0,4075,test,949.0000000000002,1.0,1.0,"(1, 2)",667e6da95ae0a25f225ae6e6
24.0,40.0,4076,test,949.0000000000002,1.0,1.0,"(1, 2)",667e6da95ae0a25f225ae6e6
24.0,40.0,4077,test,949.0000000000002,1.0,1.0,"(1, 2)",667e6da95ae0a25f225ae6e6
24.0,40.0,4078,test,949.0000000000002,1.0,1.0,"(1, 2)",667e6da95ae0a25f225ae6e6
24.0,40.0,4079,test,949.0000000000002,1.0,1.0,"(1, 2)",667e6da95ae0a25f225ae6e6
24.0,40.0,4080,test,949.0000000000002,1.0,1.0,"(1, 2)",667e6da95ae0a25f225ae6e6
24.0,40.0,4081,test,949.0000000000002,1.0,1.0,"(1, 2)",667e6da95ae0a25f225ae6e6
24.0,40.0,4082,test,949.0000000000002,1.0,1.0,"(1, 2)",667e6da95ae0a25f225ae6e6
24.0,40.0,4083,test,949.0000000000002,1.0,1.0,"(1, 2)",667e6da95ae0a25f225ae6e6
24.0,40.0,4084,test,949.0000000000002,1.0,1.0,"(1, 2)",667e6da95ae0a25f225ae6e6
24.0,40.0,4085,test,949.0000000000002,1.0,1.0,"(1, 2)",667e6da95ae0a25f225ae6e6
24.0,40.0,4086,test,949.0000000000002,1.0,1.0,"(1, 2)",667e6da95ae0a25f225ae6e6
24.0,40.0,4087,test,949.0000000000002,1.0,1.0,"(1, 2)",667e6da95ae0a25f225ae6e6
24.0,40.0,4088,test,949.0000000000002,1.0,1.0,"(1, 2)",667e6da95ae0a25f225ae6e6
24.0,40.0,4089,test,949.0000000000002,1.0,1.0,"(1, 2)",667e6da95ae0a25f225ae6e6
24.0,40.0,4090,test,949.0000000000002,1.0,1.0,"(1, 2)",667e6da95ae0a25f225ae6e6
24.0,40.0,4091,test,949.0000000000002,1.0,1.0,"(1, 2)",667e6da95ae0a25f225ae6e6
24.0,40.0,4092,test,949.0000000000002,1.0,1.0,"(1, 2)",667e6da95ae0a25f225ae6e6
24.0,40.0,4093,test,949.0000000000002,1.0,1.0,"(1, 2)",667e6da95ae0a25f225ae6e6
24.0,40.0,4094,test,949.0000000000002,1.0,1.0,"(1, 2)",667e6da95ae0a25f225ae6e6
24.0,40.0,4095,test,949.0000000000002,1.0,1.0,"(1, 2)",667e6da95ae0a25f225ae6e6
24.0,40.0,4096,test,949.0000000000002,1.0,1.0,"(1, 2)",667e6da95ae0a25f225ae6e6
24.0,40.0,4097,test,949.0000000000002,1.0,1.0,"(1, 2)",667e6da95ae0a25f225ae6e6
24.0,40.0,4098,test,949.0000000000002,1.0,1.0,"(1, 2)",667e6da95ae0a25f225ae6e6
24.0,41.250000000000284,4099,test,950.2500000000005,1.0,1.0,"(1, 2)",667e6da95ae0a25f225ae6e6
24.0,42.50000000000057,4100,test,951.5000000000007,1.0,1.0,"(1, 2)",667e6da95ae0a25f225ae6e6
24.0,43.75000000000085,4101,test,952.7500000000009,1.0,1.0,"(1, 2)",667e6da95ae0a25f225ae6e6
24.0,45.00000000000114,4102,test,954.0000000000011,1.0,1.0,"(1, 2)",667e6da95ae0a25f225ae6e6
24.0,46.25000000000142,4103,test,955.2500000000014,1.0,1.0,"(1, 2)",667e6da95ae0a25f225ae6e6
24.0,47.500000000001705,4104,test,956.5000000000016,1.0,1.0,"(1, 2)",667e6da95ae0a25f225ae6e6
24.0,48.75000000000199,4105,test,957.7500000000018,1.0,1.0,"(1, 2)",667e6da95ae0a25f225ae6e6
24.0,50.000000000002274,4106,test,959.000000000002,1.0,1.0,"(1, 2)",667e6da95ae0a25f225ae6e6
24.0,51.25000000000256,4107,test,960.2500000000023,1.0,1.0,"(1, 2)",667e6da95ae0a25f225ae6e6
24.0,52.50000000000284,4108,test,961.5000000000025,1.0,1.0,"(1, 2)",667e6da95ae0a25f225ae6e6
24.0,53.750000000003126,4109,test,962.7500000000027,1.0,1.0,"(1, 2)",667e6da95ae0a25f225ae6e6
24.0,55.00000000000341,4110,test,964.000000000003,1.0,1.0,"(1, 2)",667e6da95ae0a25f225ae6e6
24.0,56.250000000003695,4111,test,965.2500000000032,1.0,1.0,"(1, 2)",667e6da95ae0a25f225ae6e6
24.0,57.50000000000398,4112,test,966.5000000000034,1.0,1.0,"(1, 2)",667e6da95ae0a25f225ae6e6
24.0,58.75000000000426,4113,test,967.7500000000036,1.0,1.0,"(1, 2)",667e6da95ae0a25f225ae6e6
24.0,60.00000000000455,4114,test,969.0000000000039,1.0,1.0,"(1, 2)",667e6da95ae0a25f225ae6e6
24.0,61.25000000000483,4115,test,970.2500000000041,1.0,1.0,"(1, 2)",667e6da95ae0a25f225ae6e6
24.0,62.500000000005116,4116,test,971.5000000000043,1.0,1.0,"(1, 2)",667e6da95ae0a25f225ae6e6
24.0,63.7500000000054,4117,test,972.7500000000045,1.0,1.0,"(1, 2)",667e6da95ae0a25f225ae6e6
24.0,65.00000000000568,4118,test,974.0000000000048,1.0,1.0,"(1, 2)",667e6da95ae0a25f225ae6e6
24.0,66.25000000000597,4119,test,975.250000000005,1.0,1.0,"(1, 2)",667e6da95ae0a25f225ae6e6
24.0,67.50000000000625,4120,test,976.5000000000052,1.0,1.0,"(1, 2)",667e6da95ae0a25f225ae6e6
24.0,68.75000000000654,4121,test,977.7500000000055,1.0,1.0,"(1, 2)",667e6da95ae0a25f225ae6e6
24.0,70.00000000000682,4122,test,979.0000000000057,1.0,1.0,"(1, 2)",667e6da95ae0a25f225ae6e6
24.0,71.2500000000071,4123,test,980.2500000000059,1.0,1.0,"(1, 2)",667e6da95ae0a25f225ae6e6
24.0,72.0,4124,test,980.9999999999989,1.0,1.0,"(1, 2)",667e6da95ae0a25f225ae6e6
24.0,72.0,4125,test,980.9999999999989,1.0,1.0,"(1, 2)",667e6da95ae0a25f225ae6e6
24.0,72.0,4126,test,980.9999999999989,1.0,1.0,"(1, 2)",667e6da95ae0a25f225ae6e6
24.0,72.0,4127,test,980.9999999999989,1.0,1.0,"(1, 2)",667e6da95ae0a25f225ae6e6
24.0,72.0,4128,test,980.9999999999989,1.0,1.0,"(1, 2)",667e6da95ae0a25f225ae6e6
24.0,72.0,4129,test,980.9999999999989,1.0,1.0,"(1, 2)",667e6da95ae0a25f225ae6e6
24.0,72.0,4130,test,980.9999999999989,1.0,1.0,"(1, 2)",667e6da95ae0a25f225ae6e6
24.0,72.0,4131,test,980.9999999999989,1.0,1.0,"(1, 2)",667e6da95ae0a25f225ae6e6
24.0,72.0,4132,test,980.9999999999989,1.0,1.0,"(1, 2)",667e6da95ae0a25f225ae6e6
24.0,72.0,4133,test,980.9999999999989,1.0,1.0,"(1, 2)",667e6da95ae0a25f225ae6e6
24.0,72.0,4134,test,980.9999999999989,1.0,1.0,"(1, 2)",667e6da95ae0a25f225ae6e6
24.0,72.0,4135,test,980.9999999999989,1.0,1.0,"(1, 2)",667e6da95ae0a25f225ae6e6
24.0,72.0,4136,test,980.9999999999989,1.0,1.0,"(1, 2)",667e6da95ae0a25f225ae6e6
24.0,72.0,4137,test,980.9999999999989,1.0,1.0,"(1, 2)",667e6da95ae0a25f225ae6e6
24.0,72.0,4138,test,980.9999999999989,1.0,1.0,"(1, 2)",667e6da95ae0a25f225ae6e6
24.0,72.0,4139,test,980.9999999999989,1.0,1.0,"(1, 2)",667e6da95ae0a25f225ae6e6
24.0,72.0,4140,test,980.9999999999989,1.0,1.0,"(1, 2)",667e6da95ae0a25f225ae6e6
24.0,72.0,4141,test,980.9999999999989,1.0,1.0,"(1, 2)",667e6da95ae0a25f225ae6e6
24.0,72.0,4142,test,980.9999999999989,1.0,1.0,"(1, 2)",667e6da95ae0a25f225ae6e6
24.0,72.0,4143,test,980.9999999999989,1.0,1.0,"(1, 2)",667e6da95ae0a25f225ae6e6
24.0,72.0,4144,test,980.9999999999989,1.0,1.0,"(1, 2)",667e6da95ae0a25f225ae6e6
24.0,72.0,4145,test,980.9999999999989,1.0,1.0,"(1, 2)",667e6da95ae0a25f225ae6e6
24.0,72.0,4146,test,980.9999999999989,1.0,1.0,"(1, 2)",667e6da95ae0a25f225ae6e6
24.0,72.0,4147,test,980.9999999999989,1.0,1.0,"(1, 2)",667e6da95ae0a25f225ae6e6
24.0,72.0,4148,test,980.9999999999989,1.0,1.0,"(1, 2)",667e6da95ae0a25f225ae6e6
24.0,72.0,4149,test,980.9999999999989,1.0,1.0,"(1, 2)",667e6da95ae0a25f225ae6e6
24.0,72.0,4150,test,980.9999999999989,1.0,1.0,"(1, 2)",667e6da95ae0a25f225ae6e6
24.0,72.0,4151,test,980.9999999999989,1.0,1.0,"(1, 2)",667e6da95ae0a25f225ae6e6
24.0,72.0,4152,test,980.9999999999989,1.0,1.0,"(1, 2)",667e6da95ae0a25f225ae6e6
24.0,72.0,4153,test,980.9999999999989,1.0,1.0,"(1, 2)",667e6da95ae0a25f225ae6e6
24.0,72.0,4154,test,980.9999999999989,1.0,1.0,"(1, 2)",667e6da95ae0a25f225ae6e6
24.0,72.0,4155,test,980.9999999999989,1.0,1.0,"(1, 2)",667e6da95ae0a25f225ae6e6
24.0,72.0,4156,test,980.9999999999989,1.0,1.0,"(1, 2)",667e6da95ae0a25f225ae6e6
24.0,72.0,4157,test,980.9999999999989,1.0,1.0,"(1, 2)",667e6da95ae0a25f225ae6e6
24.0,72.0,4158,test,980.9999999999989,1.0,1.0,"(1, 2)",667e6da95ae0a25f225ae6e6
24.0,70.74999999999972,4159,test,982.2499999999991,1.0,1.0,"(1, 2)",667e6da95ae0a25f225ae6e6
24.0,69.49999999999943,4160,test,983.4999999999993,1.0,1.0,"(1, 2)",667e6da95ae0a25f225ae6e6
24.0,68.24999999999915,4161,test,984.7499999999995,1.0,1.0,"(1, 2)",667e6da95ae0a25f225ae6e6
24.0,66.99999999999886,4162,test,985.9999999999998,1.0,1.0,"(1, 2)",667e6da95ae0a25f225ae6e6
24.0,65.74999999999858,4163,test,987.25,1.0,1.0,"(1, 2)",667e6da95ae0a25f225ae6e6
24.0,64.4999999999983,4164,test,988.5000000000002,1.0,1.0,"(1, 2)",667e6da95ae0a25f225ae6e6
24.0,63.24999999999801,4165,test,989.7500000000005,1.0,1.0,"(1, 2)",667e6da95ae0a25f225ae6e6
24.0,61.999999999997726,4166,test,991.0000000000007,1.0,1.0,"(1, 2)",667e6da95ae0a25f225ae6e6
24.0,60.74999999999744,4167,test,992.2500000000009,1.0,1.0,"(1, 2)",667e6da95ae0a25f225ae6e6
24.0,59.49999999999716,4168,test,993.5000000000011,1.0,1.0,"(1, 2)",667e6da95ae0a25f225ae6e6
24.0,58.249999999996874,4169,test,994.7500000000014,1.0,1.0,"(1, 2)",667e6da95ae0a25f225ae6e6
24.0,56.99999999999659,4170,test,996.0000000000016,1.0,1.0,"(1, 2)",667e6da95ae0a25f225ae6e6
24.0,55.749999999996305,4171,test,997.2500000000018,1.0,1.0,"(1, 2)",667e6da95ae0a25f225ae6e6
24.0,54.49999999999602,4172,test,998.500000000002,1.0,1.0,"(1, 2)",667e6da95ae0a25f225ae6e6
24.0,53.24999999999574,4173,test,999.7500000000023,1.0,1.0,"(1, 2)",667e6da95ae0a25f225ae6e6
24.0,51.99999999999545,4174,test,1001.0000000000025,1.0,1.0,"(1, 2)",667e6da95ae0a25f225ae6e6
24.0,50.74999999999517,4175,test,1002.2500000000027,1.0,1.0,"(1, 2)",667e6da95ae0a25f225ae6e6
24.0,49.499999999994884,4176,test,1003.500000000003,1.0,1.0,"(1, 2)",667e6da95ae0a25f225ae6e6
24.0,48.2499999999946,4177,test,1004.7500000000032,1.0,1.0,"(1, 2)",667e6da95ae0a25f225ae6e6
24.0,46.999999999994316,4178,test,1006.0000000000034,1.0,1.0,"(1, 2)",667e6da95ae0a25f225ae6e6
24.0,45.74999999999403,4179,test,1007.2500000000036,1.0,1.0,"(1, 2)",667e6da95ae0a25f225ae6e6
24.0,44.49999999999375,4180,test,1008.5000000000039,1.0,1.0,"(1, 2)",667e6da95ae0a25f225ae6e6
24.0,43.24999999999346,4181,test,1009.7500000000041,1.0,1.0,"(1, 2)",667e6da95ae0a25f225ae6e6
24.0,41.99999999999318,4182,test,1011.0000000000043,1.0,1.0,"(1, 2)",667e6da95ae0a25f225ae6e6
24.0,40.749999999992895,4183,test,1012.2500000000045,1.0,1.0,"(1, 2)",667e6da95ae0a25f225ae6e6
24.0,39.49999999999261,4184,test,1013.5000000000048,1.0,1.0,"(1, 2)",667e6da95ae0a25f225ae6e6
24.0,38.249999999992326,4185,test,1014.750000000005,1.0,1.0,"(1, 2)",667e6da95ae0a25f225ae6e6
24.0,36.99999999999204,4186,test,1016.0000000000052,1.0,1.0,"(1, 2)",667e6da95ae0a25f225ae6e6
24.0,35.74999999999176,4187,test,1017.2500000000055,1.0,1.0,"(1, 2)",667e6da95ae0a25f225ae6e6
24.0,34.49999999999147,4188,test,1018.5000000000057,1.0,1.0,"(1, 2)",667e6da95ae0a25f225ae6e6
24.0,33.24999999999119,4189,test,1019.7500000000059,1.0,1.0,"(1, 2)",667e6da95ae0a25f225ae6e6
24.0,31.99999999999091,4190,test,1021.0000000000061,1.0,1.0,"(1, 2)",667e6da95ae0a25f225ae6e6
24.0,30.74999999999098,4191,test,1022.250000000006,1.0,1.0,"(1, 2)",667e6da95ae0a25f225ae6e6
24.0,29.49999999999105,4192,test,1023.5000000000059,1.0,1.0,"(1, 2)",667e6da95ae0a25f225ae6e6
24.0,28.24999999999112,4193,test,1024.750000000006,1.0,1.0,"(1, 2)",667e6da95ae0a25f225ae6e6
24.0,26.999999999991193,4194,test,1026.000000000006,1.0,1.0,"(1, 2)",667e6da95ae0a25f225ae6e6
24.0,25.749999999991264,4195,test,1027.250000000006,1.0,1.0,"(1, 2)",667e6da95ae0a25f225ae6e6
24.0,24.499999999991335,4196,test,1028.500000000006,1.0,1.0,"(1, 2)",667e6da95ae0a25f225ae6e6
24.0,24.0,4197,test,1028.9999999999973,1.0,1.0,"(1, 2)",667e6da95ae0a25f225ae6e6
24.0,24.0,4198,test,1028.9999999999973,1.0,1.0,"(1, 2)",667e6da95ae0a25f225ae6e6
24.0,24.0,4199,test,1028.9999999999973,1.0,1.0,"(1, 2)",667e6da95ae0a25f225ae6e6
24.0,24.0,4200,test,1028.9999999999973,1.0,1.0,"(1, 2)",667e6da95ae0a25f225ae6e6
24.0,24.0,4201,test,1028.9999999999973,1.0,1.0,"(1, 2)",667e6da95ae0a25f225ae6e6
24.0,24.0,4202,test,1028.9999999999973,1.0,1.0,"(1, 2)",667e6da95ae0a25f225ae6e6
24.0,24.0,4203,test,1028.9999999999973,1.0,1.0,"(1, 2)",667e6da95ae0a25f225ae6e6
24.0,24.0,4204,test,1028.9999999999973,1.0,1.0,"(1, 2)",667e6da95ae0a25f225ae6e6
24.0,24.0,4205,test,1028.9999999999973,1.0,1.0,"(1, 2)",667e6da95ae0a25f225ae6e6
24.0,24.0,4206,test,1028.9999999999973,1.0,1.0,"(1, 2)",667e6da95ae0a25f225ae6e6
24.0,24.0,4207,test,1028.9999999999973,1.0,1.0,"(1, 2)",667e6da95ae0a25f225ae6e6
24.0,24.0,4208,test,1028.9999999999973,1.0,1.0,"(1, 2)",667e6da95ae0a25f225ae6e6
24.0,24.0,4209,test,1028.9999999999973,1.0,1.0,"(1, 2)",667e6da95ae0a25f225ae6e6
24.0,24.0,4210,test,1028.9999999999973,1.0,1.0,"(1, 2)",667e6da95ae0a25f225ae6e6
24.0,24.0,4211,test,1028.9999999999973,1.0,1.0,"(1, 2)",667e6da95ae0a25f225ae6e6
24.0,24.0,4212,test,1028.9999999999973,1.0,1.0,"(1, 2)",667e6da95ae0a25f225ae6e6
24.0,24.0,4213,test,1028.9999999999973,1.0,1.0,"(1, 2)",667e6da95ae0a25f225ae6e6
24.0,24.0,4214,test,1028.9999999999973,1.0,1.0,"(1, 2)",667e6da95ae0a25f225ae6e6
24.0,24.0,4215,test,1028.9999999999973,1.0,1.0,"(1, 2)",667e6da95ae0a25f225ae6e6
24.0,24.0,4216,test,1028.9999999999973,1.0,1.0,"(1, 2)",667e6da95ae0a25f225ae6e6
24.0,24.0,4217,test,1028.9999999999973,1.0,1.0,"(1, 2)",667e6da95ae0a25f225ae6e6
24.0,24.0,4218,test,1028.9999999999973,1.0,1.0,"(1, 2)",667e6da95ae0a25f225ae6e6
24.0,24.0,4219,test,1028.9999999999973,1.0,1.0,"(1, 2)",667e6da95ae0a25f225ae6e6
24.0,24.0,4220,test,1028.9999999999973,1.0,1.0,"(1, 2)",667e6da95ae0a25f225ae6e6
24.0,24.0,4221,test,1028.9999999999973,1.0,1.0,"(1, 2)",667e6da95ae0a25f225ae6e6
24.0,24.0,4222,test,1028.9999999999973,1.0,1.0,"(1, 2)",667e6da95ae0a25f225ae6e6
24.0,24.0,4223,test,1028.9999999999973,1.0,1.0,"(1, 2)",667e6da95ae0a25f225ae6e6
24.0,24.0,4224,test,1028.9999999999973,1.0,1.0,"(1, 2)",667e6da95ae0a25f225ae6e6
24.0,24.0,4225,test,1028.9999999999973,1.0,1.0,"(1, 2)",667e6da95ae0a25f225ae6e6
24.0,24.0,4226,test,1028.9999999999973,1.0,1.0,"(1, 2)",667e6da95ae0a25f225ae6e6
24.0,24.0,4227,test,1028.9999999999973,1.0,1.0,"(1, 2)",667e6da95ae0a25f225ae6e6
24.0,24.0,4228,test,1028.9999999999973,1.0,1.0,"(1, 2)",667e6da95ae0a25f225ae6e6
24.0,24.0,4229,test,1028.9999999999973,1.0,1.0,"(1, 2)",667e6da95ae0a25f225ae6e6
24.0,24.0,4230,test,1028.9999999999973,1.0,1.0,"(1, 2)",667e6da95ae0a25f225ae6e6
24.0,24.0,4231,test,1028.9999999999973,1.0,1.0,"(1, 2)",667e6da95ae0a25f225ae6e6
24.0,24.0,4232,test,1028.9999999999973,1.0,1.0,"(1, 2)",667e6da95ae0a25f225ae6e6
24.0,24.0,4233,test,1028.9999999999973,1.0,1.0,"(1, 2)",667e6da95ae0a25f225ae6e6
24.0,24.0,4234,test,1028.9999999999973,1.0,1.0,"(1, 2)",667e6da95ae0a25f225ae6e6
24.0,24.0,4235,test,1028.9999999999973,1.0,1.0,"(1, 2)",667e6da95ae0a25f225ae6e6
24.0,24.0,4236,test,1028.9999999999973,1.0,1.0,"(1, 2)",667e6da95ae0a25f225ae6e6
24.0,24.0,4237,test,1028.9999999999973,1.0,1.0,"(1, 2)",667e6da95ae0a25f225ae6e6
24.0,24.0,4238,test,1028.9999999999973,1.0,1.0,"(1, 2)",667e6da95ae0a25f225ae6e6
24.0,24.0,4239,test,1028.9999999999973,1.0,1.0,"(1, 2)",667e6da95ae0a25f225ae6e6
24.0,24.0,4240,test,1028.9999999999973,1.0,1.0,"(1, 2)",667e6da95ae0a25f225ae6e6
24.0,24.0,4241,test,1028.9999999999973,1.0,1.0,"(1, 2)",667e6da95ae0a25f225ae6e6
24.0,24.0,4242,test,1028.9999999999973,1.0,1.0,"(1, 2)",667e6da95ae0a25f225ae6e6
24.0,24.0,4243,test,1028.9999999999973,1.0,1.0,"(1, 2)",667e6da95ae0a25f225ae6e6
24.0,24.0,4244,test,1028.9999999999973,1.0,1.0,"(1, 2)",667e6da95ae0a25f225ae6e6
24.0,24.0,4245,test,1028.9999999999973,1.0,1.0,"(1, 2)",667e6da95ae0a25f225ae6e6
24.0,24.0,4246,test,1028.9999999999973,1.0,1.0,"(1, 2)",667e6da95ae0a25f225ae6e6
24.0,24.0,4247,test,1028.9999999999973,1.0,1.0,"(1, 2)",667e6da95ae0a25f225ae6e6
24.0,24.0,4248,test,1028.9999999999973,1.0,1.0,"(1, 2)",667e6da95ae0a25f225ae6e6
24.0,24.0,4249,test,1028.9999999999973,1.0,1.0,"(1, 2)",667e6da95ae0a25f225ae6e6
24.0,24.0,4250,test,1028.9999999999973,1.0,1.0,"(1, 2)",667e6da95ae0a25f225ae6e6
24.0,24.0,4251,test,1028.9999999999973,1.0,1.0,"(1, 2)",667e6da95ae0a25f225ae6e6
24.0,24.0,4252,test,1028.9999999999973,1.0,1.0,"(1, 2)",667e6da95ae0a25f225ae6e6
24.0,24.0,4253,test,1028.9999999999973,1.0,1.0,"(1, 2)",667e6da95ae0a25f225ae6e6
24.0,24.0,4254,test,1028.9999999999973,1.0,1.0,"(1, 2)",667e6da95ae0a25f225ae6e6
24.0,24.0,4255,test,1028.9999999999973,1.0,1.0,"(1, 2)",667e6da95ae0a25f225ae6e6
24.0,24.0,4256,test,1028.9999999999973,1.0,1.0,"(1, 2)",667e6da95ae0a25f225ae6e6
24.0,24.0,4257,test,1028.9999999999973,1.0,1.0,"(1, 2)",667e6da95ae0a25f225ae6e6
24.0,24.0,4258,test,1028.9999999999973,1.0,1.0,"(1, 2)",667e6da95ae0a25f225ae6e6
24.0,24.0,4259,test,1028.9999999999973,1.0,1.0,"(1, 2)",667e6da95ae0a25f225ae6e6
24.0,24.0,4260,test,1028.9999999999973,1.0,1.0,"(1, 2)",667e6da95ae0a25f225ae6e6
24.0,24.0,4261,test,1028.9999999999973,1.0,1.0,"(1, 2)",667e6da95ae0a25f225ae6e6
24.0,24.0,4262,test,1028.9999999999973,1.0,1.0,"(1, 2)",667e6da95ae0a25f225ae6e6
24.0,24.0,4263,test,1028.9999999999973,1.0,1.0,"(1, 2)",667e6da95ae0a25f225ae6e6
24.0,24.0,4264,test,1028.9999999999973,1.0,1.0,"(1, 2)",667e6da95ae0a25f225ae6e6
24.0,24.0,4265,test,1028.9999999999973,1.0,1.0,"(1, 2)",667e6da95ae0a25f225ae6e6
24.0,24.0,4266,test,1028.9999999999973,1.0,1.0,"(1, 2)",667e6da95ae0a25f225ae6e6
24.0,24.0,4267,test,1028.9999999999973,1.0,1.0,"(1, 2)",667e6da95ae0a25f225ae6e6
24.0,24.0,4268,test,1028.9999999999973,1.0,1.0,"(1, 2)",667e6da95ae0a25f225ae6e6
24.0,24.0,4269,test,1028.9999999999973,1.0,1.0,"(1, 2)",667e6da95ae0a25f225ae6e6
24.0,24.0,4270,test,1028.9999999999973,1.0,1.0,"(1, 2)",667e6da95ae0a25f225ae6e6
24.0,24.0,4271,test,1028.9999999999973,1.0,1.0,"(1, 2)",667e6da95ae0a25f225ae6e6
24.0,24.0,4272,test,1028.9999999999973,1.0,1.0,"(1, 2)",667e6da95ae0a25f225ae6e6
24.0,24.0,4273,test,1028.9999999999973,1.0,1.0,"(1, 2)",667e6da95ae0a25f225ae6e6
24.0,24.0,4274,test,1028.9999999999973,1.0,1.0,"(1, 2)",667e6da95ae0a25f225ae6e6
24.0,24.0,4275,test,1028.9999999999973,1.0,1.0,"(1, 2)",667e6da95ae0a25f225ae6e6
24.0,24.0,4276,test,1028.9999999999973,1.0,1.0,"(1, 2)",667e6da95ae0a25f225ae6e6
24.0,24.0,4277,test,1028.9999999999973,1.0,1.0,"(1, 2)",667e6da95ae0a25f225ae6e6
24.0,24.0,4278,test,1028.9999999999973,1.0,1.0,"(1, 2)",667e6da95ae0a25f225ae6e6
24.0,24.0,4279,test,1028.9999999999973,1.0,1.0,"(1, 2)",667e6da95ae0a25f225ae6e6
24.0,24.0,4280,test,1028.9999999999973,1.0,1.0,"(1, 2)",667e6da95ae0a25f225ae6e6
24.0,24.0,4281,test,1028.9999999999973,1.0,1.0,"(1, 2)",667e6da95ae0a25f225ae6e6
24.0,24.0,4282,test,1028.9999999999973,1.0,1.0,"(1, 2)",667e6da95ae0a25f225ae6e6
24.0,24.0,4283,test,1028.9999999999973,1.0,1.0,"(1, 2)",667e6da95ae0a25f225ae6e6
24.0,24.0,4284,test,1028.9999999999973,1.0,1.0,"(1, 2)",667e6da95ae0a25f225ae6e6
24.0,24.0,4285,test,1028.9999999999973,1.0,1.0,"(1, 2)",667e6da95ae0a25f225ae6e6
24.0,24.0,4286,test,1028.9999999999973,1.0,1.0,"(1, 2)",667e6da95ae0a25f225ae6e6
24.0,24.0,4287,test,1028.9999999999973,1.0,1.0,"(1, 2)",667e6da95ae0a25f225ae6e6
24.0,24.0,4288,test,1028.9999999999973,1.0,1.0,"(1, 2)",667e6da95ae0a25f225ae6e6
24.0,24.0,4289,test,1028.9999999999973,1.0,1.0,"(1, 2)",667e6da95ae0a25f225ae6e6
24.0,24.0,4290,test,1028.9999999999973,1.0,1.0,"(1, 2)",667e6da95ae0a25f225ae6e6
24.0,24.0,4291,test,1028.9999999999973,1.0,1.0,"(1, 2)",667e6da95ae0a25f225ae6e6
24.0,24.0,4292,test,1028.9999999999973,1.0,1.0,"(1, 2)",667e6da95ae0a25f225ae6e6
24.0,24.0,4293,test,1028.9999999999973,1.0,1.0,"(1, 2)",667e6da95ae0a25f225ae6e6
24.0,24.0,4294,test,1028.9999999999973,1.0,1.0,"(1, 2)",667e6da95ae0a25f225ae6e6
24.0,24.0,4295,test,1028.9999999999973,1.0,1.0,"(1, 2)",667e6da95ae0a25f225ae6e6
24.0,24.0,4296,test,1028.9999999999973,1.0,1.0,"(1, 2)",667e6da95ae0a25f225ae6e6
24.0,24.0,4297,test,1028.9999999999973,1.0,1.0,"(1, 2)",667e6da95ae0a25f225ae6e6
24.0,24.0,4298,test,1028.9999999999973,1.0,1.0,"(1, 2)",667e6da95ae0a25f225ae6e6
24.0,24.0,4299,test,1028.9999999999973,1.0,1.0,"(1, 2)",667e6da95ae0a25f225ae6e6
24.0,24.0,4300,test,1028.9999999999973,1.0,1.0,"(1, 2)",667e6da95ae0a25f225ae6e6
24.0,24.0,4301,test,1028.9999999999973,1.0,1.0,"(1, 2)",667e6da95ae0a25f225ae6e6
24.0,24.0,4302,test,1028.9999999999973,1.0,1.0,"(1, 2)",667e6da95ae0a25f225ae6e6
24.0,24.0,4303,test,1028.9999999999973,1.0,1.0,"(1, 2)",667e6da95ae0a25f225ae6e6
24.0,24.0,4304,test,1028.9999999999973,1.0,1.0,"(1, 2)",667e6da95ae0a25f225ae6e6
24.0,24.0,4305,test,1028.9999999999973,1.0,1.0,"(1, 2)",667e6da95ae0a25f225ae6e6
24.0,24.0,4306,test,1028.9999999999973,1.0,1.0,"(1, 2)",667e6da95ae0a25f225ae6e6
24.0,24.0,4307,test,1028.9999999999973,1.0,1.0,"(1, 2)",667e6da95ae0a25f225ae6e6
24.0,24.0,4308,test,1028.9999999999973,1.0,1.0,"(1, 2)",667e6da95ae0a25f225ae6e6
24.0,24.0,4309,test,1028.9999999999973,1.0,1.0,"(1, 2)",667e6da95ae0a25f225ae6e6
24.0,24.0,4310,test,1028.9999999999973,1.0,1.0,"(1, 2)",667e6da95ae0a25f225ae6e6
24.0,24.0,4311,test,1028.9999999999973,1.0,1.0,"(1, 2)",667e6da95ae0a25f225ae6e6
24.0,24.0,4312,test,1028.9999999999973,1.0,1.0,"(1, 2)",667e6da95ae0a25f225ae6e6
24.0,24.0,4313,test,1028.9999999999973,1.0,1.0,"(1, 2)",667e6da95ae0a25f225ae6e6
24.0,24.0,4314,test,1028.9999999999973,1.0,1.0,"(1, 2)",667e6da95ae0a25f225ae6e6
24.0,24.0,4315,test,1028.9999999999973,1.0,1.0,"(1, 2)",667e6da95ae0a25f225ae6e6
24.0,24.0,4316,test,1028.9999999999973,1.0,1.0,"(1, 2)",667e6da95ae0a25f225ae6e6
24.0,24.0,4317,test,1028.9999999999973,1.0,1.0,"(1, 2)",667e6da95ae0a25f225ae6e6
24.0,24.0,4318,test,1028.9999999999973,1.0,1.0,"(1, 2)",667e6da95ae0a25f225ae6e6
24.0,24.0,4319,test,1028.9999999999973,1.0,1.0,"(1, 2)",667e6da95ae0a25f225ae6e6
24.0,25.24999999999993,4320,test,1030.2499999999973,1.0,1.0,"(1, 2)",667e6da95ae0a25f225ae6e6
24.0,26.499999999999858,4321,test,1031.4999999999973,1.0,1.0,"(1, 2)",667e6da95ae0a25f225ae6e6
24.0,27.749999999999787,4322,test,1032.7499999999973,1.0,1.0,"(1, 2)",667e6da95ae0a25f225ae6e6
24.0,28.999999999999716,4323,test,1033.9999999999973,1.0,1.0,"(1, 2)",667e6da95ae0a25f225ae6e6
24.0,30.249999999999645,4324,test,1035.2499999999973,1.0,1.0,"(1, 2)",667e6da95ae0a25f225ae6e6
24.0,31.499999999999574,4325,test,1036.4999999999973,1.0,1.0,"(1, 2)",667e6da95ae0a25f225ae6e6
24.0,32.749999999999716,4326,test,1037.7499999999975,1.0,1.0,"(1, 2)",667e6da95ae0a25f225ae6e6
24.0,34.0,4327,test,1038.9999999999977,1.0,1.0,"(1, 2)",667e6da95ae0a25f225ae6e6
24.0,35.250000000000284,4328,test,1040.249999999998,1.0,1.0,"(1, 2)",667e6da95ae0a25f225ae6e6
24.0,36.50000000000057,4329,test,1041.4999999999982,1.0,1.0,"(1, 2)",667e6da95ae0a25f225ae6e6
24.0,37.75000000000085,4330,test,1042.7499999999984,1.0,1.0,"(1, 2)",667e6da95ae0a25f225ae6e6
24.0,39.00000000000114,4331,test,1043.9999999999986,1.0,1.0,"(1, 2)",667e6da95ae0a25f225ae6e6
24.0,40.25000000000142,4332,test,1045.2499999999989,1.0,1.0,"(1, 2)",667e6da95ae0a25f225ae6e6
24.0,41.500000000001705,4333,test,1046.499999999999,1.0,1.0,"(1, 2)",667e6da95ae0a25f225ae6e6
24.0,42.75000000000199,4334,test,1047.7499999999993,1.0,1.0,"(1, 2)",667e6da95ae0a25f225ae6e6
24.0,44.000000000002274,4335,test,1048.9999999999995,1.0,1.0,"(1, 2)",667e6da95ae0a25f225ae6e6
24.0,45.25000000000256,4336,test,1050.2499999999998,1.0,1.0,"(1, 2)",667e6da95ae0a25f225ae6e6
24.0,46.50000000000284,4337,test,1051.5,1.0,1.0,"(1, 2)",667e6da95ae0a25f225ae6e6
24.0,47.750000000003126,4338,test,1052.7500000000002,1.0,1.0,"(1, 2)",667e6da95ae0a25f225ae6e6
24.0,49.00000000000341,4339,test,1054.0000000000005,1.0,1.0,"(1, 2)",667e6da95ae0a25f225ae6e6
24.0,50.250000000003695,4340,test,1055.2500000000007,1.0,1.0,"(1, 2)",667e6da95ae0a25f225ae6e6
24.0,51.50000000000398,4341,test,1056.500000000001,1.0,1.0,"(1, 2)",667e6da95ae0a25f225ae6e6
24.0,52.75000000000426,4342,test,1057.7500000000011,1.0,1.0,"(1, 2)",667e6da95ae0a25f225ae6e6
24.0,54.00000000000455,4343,test,1059.0000000000014,1.0,1.0,"(1, 2)",667e6da95ae0a25f225ae6e6
24.0,55.25000000000483,4344,test,1060.2500000000016,1.0,1.0,"(1, 2)",667e6da95ae0a25f225ae6e6
24.0,56.500000000005116,4345,test,1061.5000000000018,1.0,1.0,"(1, 2)",667e6da95ae0a25f225ae6e6
24.0,57.7500000000054,4346,test,1062.750000000002,1.0,1.0,"(1, 2)",667e6da95ae0a25f225ae6e6
24.0,59.000000000005684,4347,test,1064.0000000000023,1.0,1.0,"(1, 2)",667e6da95ae0a25f225ae6e6
24.0,60.25000000000597,4348,test,1065.2500000000025,1.0,1.0,"(1, 2)",667e6da95ae0a25f225ae6e6
24.0,61.50000000000625,4349,test,1066.5000000000027,1.0,1.0,"(1, 2)",667e6da95ae0a25f225ae6e6
24.0,62.75000000000654,4350,test,1067.750000000003,1.0,1.0,"(1, 2)",667e6da95ae0a25f225ae6e6
24.0,64.00000000000682,4351,test,1069.0000000000032,1.0,1.0,"(1, 2)",667e6da95ae0a25f225ae6e6
24.0,65.2500000000071,4352,test,1070.2500000000034,1.0,1.0,"(1, 2)",667e6da95ae0a25f225ae6e6
24.0,66.50000000000739,4353,test,1071.5000000000036,1.0,1.0,"(1, 2)",667e6da95ae0a25f225ae6e6
24.0,67.75000000000767,4354,test,1072.7500000000039,1.0,1.0,"(1, 2)",667e6da95ae0a25f225ae6e6
24.0,69.00000000000796,4355,test,1074.000000000004,1.0,1.0,"(1, 2)",667e6da95ae0a25f225ae6e6
24.0,70.25000000000824,4356,test,1075.2500000000043,1.0,1.0,"(1, 2)",667e6da95ae0a25f225ae6e6
24.0,71.50000000000853,4357,test,1076.5000000000045,1.0,1.0,"(1, 2)",667e6da95ae0a25f225ae6e6
24.0,72.75000000000881,4358,test,1077.7500000000048,1.0,1.0,"(1, 2)",667e6da95ae0a25f225ae6e6
24.0,74.0000000000091,4359,test,1079.000000000005,1.0,1.0,"(1, 2)",667e6da95ae0a25f225ae6e6
24.0,75.25000000000938,4360,test,1080.2500000000052,1.0,1.0,"(1, 2)",667e6da95ae0a25f225ae6e6
24.0,76.50000000000966,4361,test,1081.5000000000055,1.0,1.0,"(1, 2)",667e6da95ae0a25f225ae6e6
24.0,77.75000000000995,4362,test,1082.7500000000057,1.0,1.0,"(1, 2)",667e6da95ae0a25f225ae6e6
24.0,79.00000000001023,4363,test,1084.000000000006,1.0,1.0,"(1, 2)",667e6da95ae0a25f225ae6e6
24.0,80.25000000001052,4364,test,1085.2500000000061,1.0,1.0,"(1, 2)",667e6da95ae0a25f225ae6e6
24.0,81.5000000000108,4365,test,1086.5000000000064,1.0,1.0,"(1, 2)",667e6da95ae0a25f225ae6e6
24.0,82.75000000001108,4366,test,1087.7500000000066,1.0,1.0,"(1, 2)",667e6da95ae0a25f225ae6e6
24.0,84.00000000001137,4367,test,1089.0000000000068,1.0,1.0,"(1, 2)",667e6da95ae0a25f225ae6e6
24.0,85.25000000001165,4368,test,1090.250000000007,1.0,1.0,"(1, 2)",667e6da95ae0a25f225ae6e6
24.0,86.50000000001194,4369,test,1091.5000000000073,1.0,1.0,"(1, 2)",667e6da95ae0a25f225ae6e6
24.0,87.75000000001222,4370,test,1092.7500000000075,1.0,1.0,"(1, 2)",667e6da95ae0a25f225ae6e6
24.0,88.0,4371,test,1092.9999999999952,1.0,1.0,"(1, 2)",667e6da95ae0a25f225ae6e6
24.0,88.0,4372,test,1092.9999999999952,1.0,1.0,"(1, 2)",667e6da95ae0a25f225ae6e6
24.0,88.0,4373,test,1092.9999999999952,1.0,1.0,"(1, 2)",667e6da95ae0a25f225ae6e6
24.0,88.0,4374,test,1092.9999999999952,1.0,1.0,"(1, 2)",667e6da95ae0a25f225ae6e6
24.0,88.0,4375,test,1092.9999999999952,1.0,1.0,"(1, 2)",667e6da95ae0a25f225ae6e6
24.0,88.0,4376,test,1092.9999999999952,1.0,1.0,"(1, 2)",667e6da95ae0a25f225ae6e6
24.0,88.0,4377,test,1092.9999999999952,1.0,1.0,"(1, 2)",667e6da95ae0a25f225ae6e6
24.0,88.0,4378,test,1092.9999999999952,1.0,1.0,"(1, 2)",667e6da95ae0a25f225ae6e6
24.0,88.0,4379,test,1092.9999999999952,1.0,1.0,"(1, 2)",667e6da95ae0a25f225ae6e6
24.0,88.0,4380,test,1092.9999999999952,1.0,1.0,"(1, 2)",667e6da95ae0a25f225ae6e6
24.0,88.0,4381,test,1092.9999999999952,1.0,1.0,"(1, 2)",667e6da95ae0a25f225ae6e6
24.0,88.0,4382,test,1092.9999999999952,1.0,1.0,"(1, 2)",667e6da95ae0a25f225ae6e6
24.0,88.0,4383,test,1092.9999999999952,1.0,1.0,"(1, 2)",667e6da95ae0a25f225ae6e6
24.0,88.0,4384,test,1092.9999999999952,1.0,1.0,"(1, 2)",667e6da95ae0a25f225ae6e6
24.0,88.0,4385,test,1092.9999999999952,1.0,1.0,"(1, 2)",667e6da95ae0a25f225ae6e6
24.0,88.0,4386,test,1092.9999999999952,1.0,1.0,"(1, 2)",667e6da95ae0a25f225ae6e6
24.0,88.0,4387,test,1092.9999999999952,1.0,1.0,"(1, 2)",667e6da95ae0a25f225ae6e6
24.0,88.0,4388,test,1092.9999999999952,1.0,1.0,"(1, 2)",667e6da95ae0a25f225ae6e6
24.0,88.0,4389,test,1092.9999999999952,1.0,1.0,"(1, 2)",667e6da95ae0a25f225ae6e6
24.0,88.0,4390,test,1092.9999999999952,1.0,1.0,"(1, 2)",667e6da95ae0a25f225ae6e6
24.0,88.0,4391,test,1092.9999999999952,1.0,1.0,"(1, 2)",667e6da95ae0a25f225ae6e6
24.0,88.0,4392,test,1092.9999999999952,1.0,1.0,"(1, 2)",667e6da95ae0a25f225ae6e6
24.0,88.0,4393,test,1092.9999999999952,1.0,1.0,"(1, 2)",667e6da95ae0a25f225ae6e6
24.0,88.0,4394,test,1092.9999999999952,1.0,1.0,"(1, 2)",667e6da95ae0a25f225ae6e6
24.0,88.0,4395,test,1092.9999999999952,1.0,1.0,"(1, 2)",667e6da95ae0a25f225ae6e6
24.0,88.0,4396,test,1092.9999999999952,1.0,1.0,"(1, 2)",667e6da95ae0a25f225ae6e6
24.0,88.0,4397,test,1092.9999999999952,1.0,1.0,"(1, 2)",667e6da95ae0a25f225ae6e6
24.0,88.0,4398,test,1092.9999999999952,1.0,1.0,"(1, 2)",667e6da95ae0a25f225ae6e6
24.0,88.0,4399,test,1092.9999999999952,1.0,1.0,"(1, 2)",667e6da95ae0a25f225ae6e6
24.0,88.0,4400,test,1092.9999999999952,1.0,1.0,"(1, 2)",667e6da95ae0a25f225ae6e6
24.0,88.0,4401,test,1092.9999999999952,1.0,1.0,"(1, 2)",667e6da95ae0a25f225ae6e6
24.0,88.0,4402,test,1092.9999999999952,1.0,1.0,"(1, 2)",667e6da95ae0a25f225ae6e6
24.0,88.0,4403,test,1092.9999999999952,1.0,1.0,"(1, 2)",667e6da95ae0a25f225ae6e6
24.0,88.0,4404,test,1092.9999999999952,1.0,1.0,"(1, 2)",667e6da95ae0a25f225ae6e6
24.0,88.0,4405,test,1092.9999999999952,1.0,1.0,"(1, 2)",667e6da95ae0a25f225ae6e6
24.0,88.0,4406,test,1092.9999999999952,1.0,1.0,"(1, 2)",667e6da95ae0a25f225ae6e6
24.0,88.0,4407,test,1092.9999999999952,1.0,1.0,"(1, 2)",667e6da95ae0a25f225ae6e6
24.0,88.0,4408,test,1092.9999999999952,1.0,1.0,"(1, 2)",667e6da95ae0a25f225ae6e6
24.0,88.0,4409,test,1092.9999999999952,1.0,1.0,"(1, 2)",667e6da95ae0a25f225ae6e6
24.0,88.0,4410,test,1092.9999999999952,1.0,1.0,"(1, 2)",667e6da95ae0a25f225ae6e6
24.0,88.0,4411,test,1092.9999999999952,1.0,1.0,"(1, 2)",667e6da95ae0a25f225ae6e6
24.0,88.0,4412,test,1092.9999999999952,1.0,1.0,"(1, 2)",667e6da95ae0a25f225ae6e6
24.0,88.0,4413,test,1092.9999999999952,1.0,1.0,"(1, 2)",667e6da95ae0a25f225ae6e6
24.0,88.0,4414,test,1092.9999999999952,1.0,1.0,"(1, 2)",667e6da95ae0a25f225ae6e6
24.0,88.0,4415,test,1092.9999999999952,1.0,1.0,"(1, 2)",667e6da95ae0a25f225ae6e6
24.0,88.0,4416,test,1092.9999999999952,1.0,1.0,"(1, 2)",667e6da95ae0a25f225ae6e6
24.0,88.0,4417,test,1092.9999999999952,1.0,1.0,"(1, 2)",667e6da95ae0a25f225ae6e6
24.0,88.0,4418,test,1092.9999999999952,1.0,1.0,"(1, 2)",667e6da95ae0a25f225ae6e6
24.0,88.0,4419,test,1092.9999999999952,1.0,1.0,"(1, 2)",667e6da95ae0a25f225ae6e6
24.0,88.0,4420,test,1092.9999999999952,1.0,1.0,"(1, 2)",667e6da95ae0a25f225ae6e6
24.0,88.0,4421,test,1092.9999999999952,1.0,1.0,"(1, 2)",667e6da95ae0a25f225ae6e6
24.0,88.0,4422,test,1092.9999999999952,1.0,1.0,"(1, 2)",667e6da95ae0a25f225ae6e6
24.0,88.0,4423,test,1092.9999999999952,1.0,1.0,"(1, 2)",667e6da95ae0a25f225ae6e6
24.0,88.0,4424,test,1092.9999999999952,1.0,1.0,"(1, 2)",667e6da95ae0a25f225ae6e6
24.0,88.0,4425,test,1092.9999999999952,1.0,1.0,"(1, 2)",667e6da95ae0a25f225ae6e6
24.0,88.0,4426,test,1092.9999999999952,1.0,1.0,"(1, 2)",667e6da95ae0a25f225ae6e6
24.0,88.0,4427,test,1092.9999999999952,1.0,1.0,"(1, 2)",667e6da95ae0a25f225ae6e6
24.0,88.0,4428,test,1092.9999999999952,1.0,1.0,"(1, 2)",667e6da95ae0a25f225ae6e6
24.0,88.0,4429,test,1092.9999999999952,1.0,1.0,"(1, 2)",667e6da95ae0a25f225ae6e6
24.0,88.0,4430,test,1092.9999999999952,1.0,1.0,"(1, 2)",667e6da95ae0a25f225ae6e6
24.0,88.0,4431,test,1092.9999999999952,1.0,1.0,"(1, 2)",667e6da95ae0a25f225ae6e6
24.0,88.0,4432,test,1092.9999999999952,1.0,1.0,"(1, 2)",667e6da95ae0a25f225ae6e6
24.0,88.0,4433,test,1092.9999999999952,1.0,1.0,"(1, 2)",667e6da95ae0a25f225ae6e6
24.0,88.0,4434,test,1092.9999999999952,1.0,1.0,"(1, 2)",667e6da95ae0a25f225ae6e6
24.0,88.0,4435,test,1092.9999999999952,1.0,1.0,"(1, 2)",667e6da95ae0a25f225ae6e6
24.0,88.0,4436,test,1092.9999999999952,1.0,1.0,"(1, 2)",667e6da95ae0a25f225ae6e6
24.0,88.0,4437,test,1092.9999999999952,1.0,1.0,"(1, 2)",667e6da95ae0a25f225ae6e6
24.0,88.0,4438,test,1092.9999999999952,1.0,1.0,"(1, 2)",667e6da95ae0a25f225ae6e6
24.0,88.0,4439,test,1092.9999999999952,1.0,1.0,"(1, 2)",667e6da95ae0a25f225ae6e6
24.0,88.0,4440,test,1092.9999999999952,1.0,1.0,"(1, 2)",667e6da95ae0a25f225ae6e6
24.0,88.0,4441,test,1092.9999999999952,1.0,1.0,"(1, 2)",667e6da95ae0a25f225ae6e6
24.0,88.0,4442,test,1092.9999999999952,1.0,1.0,"(1, 2)",667e6da95ae0a25f225ae6e6
24.0,88.0,4443,test,1092.9999999999952,1.0,1.0,"(1, 2)",667e6da95ae0a25f225ae6e6
24.0,86.74999999999972,4444,test,1094.2499999999955,1.0,1.0,"(1, 2)",667e6da95ae0a25f225ae6e6
24.0,85.49999999999943,4445,test,1095.4999999999957,1.0,1.0,"(1, 2)",667e6da95ae0a25f225ae6e6
24.0,84.24999999999915,4446,test,1096.749999999996,1.0,1.0,"(1, 2)",667e6da95ae0a25f225ae6e6
24.0,82.99999999999886,4447,test,1097.9999999999961,1.0,1.0,"(1, 2)",667e6da95ae0a25f225ae6e6
24.0,81.74999999999858,4448,test,1099.2499999999964,1.0,1.0,"(1, 2)",667e6da95ae0a25f225ae6e6
24.0,80.4999999999983,4449,test,1100.4999999999966,1.0,1.0,"(1, 2)",667e6da95ae0a25f225ae6e6
24.0,79.24999999999801,4450,test,1101.7499999999968,1.0,1.0,"(1, 2)",667e6da95ae0a25f225ae6e6
24.0,77.99999999999773,4451,test,1102.999999999997,1.0,1.0,"(1, 2)",667e6da95ae0a25f225ae6e6
24.0,76.74999999999744,4452,test,1104.2499999999973,1.0,1.0,"(1, 2)",667e6da95ae0a25f225ae6e6
24.0,75.49999999999716,4453,test,1105.4999999999975,1.0,1.0,"(1, 2)",667e6da95ae0a25f225ae6e6
24.0,74.24999999999687,4454,test,1106.7499999999977,1.0,1.0,"(1, 2)",667e6da95ae0a25f225ae6e6
24.0,72.99999999999659,4455,test,1107.999999999998,1.0,1.0,"(1, 2)",667e6da95ae0a25f225ae6e6
24.0,71.7499999999963,4456,test,1109.2499999999982,1.0,1.0,"(1, 2)",667e6da95ae0a25f225ae6e6
24.0,70.49999999999602,4457,test,1110.4999999999984,1.0,1.0,"(1, 2)",667e6da95ae0a25f225ae6e6
24.0,69.24999999999574,4458,test,1111.7499999999986,1.0,1.0,"(1, 2)",667e6da95ae0a25f225ae6e6
24.0,67.99999999999545,4459,test,1112.9999999999989,1.0,1.0,"(1, 2)",667e6da95ae0a25f225ae6e6
24.0,66.74999999999517,4460,test,1114.249999999999,1.0,1.0,"(1, 2)",667e6da95ae0a25f225ae6e6
24.0,65.49999999999488,4461,test,1115.4999999999993,1.0,1.0,"(1, 2)",667e6da95ae0a25f225ae6e6
24.0,64.2499999999946,4462,test,1116.7499999999995,1.0,1.0,"(1, 2)",667e6da95ae0a25f225ae6e6
24.0,62.999999999994316,4463,test,1117.9999999999998,1.0,1.0,"(1, 2)",667e6da95ae0a25f225ae6e6
24.0,61.74999999999403,4464,test,1119.25,1.0,1.0,"(1, 2)",667e6da95ae0a25f225ae6e6
24.0,60.49999999999375,4465,test,1120.5000000000002,1.0,1.0,"(1, 2)",667e6da95ae0a25f225ae6e6
24.0,59.24999999999346,4466,test,1121.7500000000005,1.0,1.0,"(1, 2)",667e6da95ae0a25f225ae6e6
24.0,57.99999999999318,4467,test,1123.0000000000007,1.0,1.0,"(1, 2)",667e6da95ae0a25f225ae6e6
24.0,56.749999999992895,4468,test,1124.250000000001,1.0,1.0,"(1, 2)",667e6da95ae0a25f225ae6e6
24.0,55.49999999999261,4469,test,1125.5000000000011,1.0,1.0,"(1, 2)",667e6da95ae0a25f225ae6e6
24.0,54.249999999992326,4470,test,1126.7500000000014,1.0,1.0,"(1, 2)",667e6da95ae0a25f225ae6e6
24.0,52.99999999999204,4471,test,1128.0000000000016,1.0,1.0,"(1, 2)",667e6da95ae0a25f225ae6e6
24.0,51.74999999999176,4472,test,1129.2500000000018,1.0,1.0,"(1, 2)",667e6da95ae0a25f225ae6e6
24.0,50.49999999999147,4473,test,1130.500000000002,1.0,1.0,"(1, 2)",667e6da95ae0a25f225ae6e6
24.0,49.24999999999119,4474,test,1131.7500000000023,1.0,1.0,"(1, 2)",667e6da95ae0a25f225ae6e6
24.0,47.999999999990905,4475,test,1133.0000000000025,1.0,1.0,"(1, 2)",667e6da95ae0a25f225ae6e6
24.0,46.74999999999062,4476,test,1134.2500000000027,1.0,1.0,"(1, 2)",667e6da95ae0a25f225ae6e6
24.0,45.49999999999034,4477,test,1135.500000000003,1.0,1.0,"(1, 2)",667e6da95ae0a25f225ae6e6
24.0,44.24999999999005,4478,test,1136.7500000000032,1.0,1.0,"(1, 2)",667e6da95ae0a25f225ae6e6
24.0,42.99999999998977,4479,test,1138.0000000000034,1.0,1.0,"(1, 2)",667e6da95ae0a25f225ae6e6
24.0,41.749999999989484,4480,test,1139.2500000000036,1.0,1.0,"(1, 2)",667e6da95ae0a25f225ae6e6
24.0,40.4999999999892,4481,test,1140.5000000000039,1.0,1.0,"(1, 2)",667e6da95ae0a25f225ae6e6
24.0,40.0,4482,test,1140.9999999999932,1.0,1.0,"(1, 2)",667e6da95ae0a25f225ae6e6
24.0,40.0,4483,test,1140.9999999999932,1.0,1.0,"(1, 2)",667e6da95ae0a25f225ae6e6
24.0,40.0,4484,test,1140.9999999999932,1.0,1.0,"(1, 2)",667e6da95ae0a25f225ae6e6
24.0,40.0,4485,test,1140.9999999999932,1.0,1.0,"(1, 2)",667e6da95ae0a25f225ae6e6
24.0,40.0,4486,test,1140.9999999999932,1.0,1.0,"(1, 2)",667e6da95ae0a25f225ae6e6
24.0,40.0,4487,test,1140.9999999999932,1.0,1.0,"(1, 2)",667e6da95ae0a25f225ae6e6
24.0,40.0,4488,test,1140.9999999999932,1.0,1.0,"(1, 2)",667e6da95ae0a25f225ae6e6
24.0,40.0,4489,test,1140.9999999999932,1.0,1.0,"(1, 2)",667e6da95ae0a25f225ae6e6
24.0,40.0,4490,test,1140.9999999999932,1.0,1.0,"(1, 2)",667e6da95ae0a25f225ae6e6
24.0,40.0,4491,test,1140.9999999999932,1.0,1.0,"(1, 2)",667e6da95ae0a25f225ae6e6
24.0,40.0,4492,test,1140.9999999999932,1.0,1.0,"(1, 2)",667e6da95ae0a25f225ae6e6
24.0,40.0,4493,test,1140.9999999999932,1.0,1.0,"(1, 2)",667e6da95ae0a25f225ae6e6
24.0,40.0,4494,test,1140.9999999999932,1.0,1.0,"(1, 2)",667e6da95ae0a25f225ae6e6
24.0,40.0,4495,test,1140.9999999999932,1.0,1.0,"(1, 2)",667e6da95ae0a25f225ae6e6
24.0,40.0,4496,test,1140.9999999999932,1.0,1.0,"(1, 2)",667e6da95ae0a25f225ae6e6
24.0,40.0,4497,test,1140.9999999999932,1.0,1.0,"(1, 2)",667e6da95ae0a25f225ae6e6
24.0,40.0,4498,test,1140.9999999999932,1.0,1.0,"(1, 2)",667e6da95ae0a25f225ae6e6
24.0,40.0,4499,test,1140.9999999999932,1.0,1.0,"(1, 2)",667e6da95ae0a25f225ae6e6
24.0,40.0,4500,test,1140.9999999999932,1.0,1.0,"(1, 2)",667e6da95ae0a25f225ae6e6
24.0,40.0,4501,test,1140.9999999999932,1.0,1.0,"(1, 2)",667e6da95ae0a25f225ae6e6
24.0,40.0,4502,test,1140.9999999999932,1.0,1.0,"(1, 2)",667e6da95ae0a25f225ae6e6
24.0,40.0,4503,test,1140.9999999999932,1.0,1.0,"(1, 2)",667e6da95ae0a25f225ae6e6
24.0,40.0,4504,test,1140.9999999999932,1.0,1.0,"(1, 2)",667e6da95ae0a25f225ae6e6
24.0,40.0,4505,test,1140.9999999999932,1.0,1.0,"(1, 2)",667e6da95ae0a25f225ae6e6
24.0,40.0,4506,test,1140.9999999999932,1.0,1.0,"(1, 2)",667e6da95ae0a25f225ae6e6
24.0,40.0,4507,test,1140.9999999999932,1.0,1.0,"(1, 2)",667e6da95ae0a25f225ae6e6
24.0,40.0,4508,test,1140.9999999999932,1.0,1.0,"(1, 2)",667e6da95ae0a25f225ae6e6
24.0,40.0,4509,test,1140.9999999999932,1.0,1.0,"(1, 2)",667e6da95ae0a25f225ae6e6
24.0,40.0,4510,test,1140.9999999999932,1.0,1.0,"(1, 2)",667e6da95ae0a25f225ae6e6
24.0,40.0,4511,test,1140.9999999999932,1.0,1.0,"(1, 2)",667e6da95ae0a25f225ae6e6
24.0,40.0,4512,test,1140.9999999999932,1.0,1.0,"(1, 2)",667e6da95ae0a25f225ae6e6
24.0,40.0,4513,test,1140.9999999999932,1.0,1.0,"(1, 2)",667e6da95ae0a25f225ae6e6
24.0,38.749999999999716,4514,test,1142.2499999999934,1.0,1.0,"(1, 2)",667e6da95ae0a25f225ae6e6
24.0,37.49999999999943,4515,test,1143.4999999999936,1.0,1.0,"(1, 2)",667e6da95ae0a25f225ae6e6
24.0,36.24999999999915,4516,test,1144.7499999999939,1.0,1.0,"(1, 2)",667e6da95ae0a25f225ae6e6
24.0,34.99999999999886,4517,test,1145.999999999994,1.0,1.0,"(1, 2)",667e6da95ae0a25f225ae6e6
24.0,33.74999999999858,4518,test,1147.2499999999943,1.0,1.0,"(1, 2)",667e6da95ae0a25f225ae6e6
24.0,32.499999999998295,4519,test,1148.4999999999945,1.0,1.0,"(1, 2)",667e6da95ae0a25f225ae6e6
24.0,31.249999999998227,4520,test,1149.7499999999945,1.0,1.0,"(1, 2)",667e6da95ae0a25f225ae6e6
24.0,29.9999999999983,4521,test,1150.9999999999945,1.0,1.0,"(1, 2)",667e6da95ae0a25f225ae6e6
24.0,28.74999999999837,4522,test,1152.2499999999945,1.0,1.0,"(1, 2)",667e6da95ae0a25f225ae6e6
24.0,27.49999999999844,4523,test,1153.4999999999945,1.0,1.0,"(1, 2)",667e6da95ae0a25f225ae6e6
24.0,26.24999999999851,4524,test,1154.7499999999945,1.0,1.0,"(1, 2)",667e6da95ae0a25f225ae6e6
24.0,24.999999999998582,4525,test,1155.9999999999945,1.0,1.0,"(1, 2)",667e6da95ae0a25f225ae6e6
24.0,24.0,4526,test,1156.9999999999932,1.0,1.0,"(1, 2)",667e6da95ae0a25f225ae6e6
24.0,24.0,4527,test,1156.9999999999932,1.0,1.0,"(1, 2)",667e6da95ae0a25f225ae6e6
24.0,24.0,4528,test,1156.9999999999932,1.0,1.0,"(1, 2)",667e6da95ae0a25f225ae6e6
24.0,24.0,4529,test,1156.9999999999932,1.0,1.0,"(1, 2)",667e6da95ae0a25f225ae6e6
24.0,24.0,4530,test,1156.9999999999932,1.0,1.0,"(1, 2)",667e6da95ae0a25f225ae6e6
24.0,24.0,4531,test,1156.9999999999932,1.0,1.0,"(1, 2)",667e6da95ae0a25f225ae6e6
24.0,24.0,4532,test,1156.9999999999932,1.0,1.0,"(1, 2)",667e6da95ae0a25f225ae6e6
24.0,24.0,4533,test,1156.9999999999932,1.0,1.0,"(1, 2)",667e6da95ae0a25f225ae6e6
24.0,24.0,4534,test,1156.9999999999932,1.0,1.0,"(1, 2)",667e6da95ae0a25f225ae6e6
24.0,24.0,4535,test,1156.9999999999932,1.0,1.0,"(1, 2)",667e6da95ae0a25f225ae6e6
24.0,24.0,4536,test,1156.9999999999932,1.0,1.0,"(1, 2)",667e6da95ae0a25f225ae6e6
24.0,24.0,4537,test,1156.9999999999932,1.0,1.0,"(1, 2)",667e6da95ae0a25f225ae6e6
24.0,24.0,4538,test,1156.9999999999932,1.0,1.0,"(1, 2)",667e6da95ae0a25f225ae6e6
24.0,24.0,4539,test,1156.9999999999932,1.0,1.0,"(1, 2)",667e6da95ae0a25f225ae6e6
24.0,24.0,4540,test,1156.9999999999932,1.0,1.0,"(1, 2)",667e6da95ae0a25f225ae6e6
24.0,24.0,4541,test,1156.9999999999932,1.0,1.0,"(1, 2)",667e6da95ae0a25f225ae6e6
24.0,24.0,4542,test,1156.9999999999932,1.0,1.0,"(1, 2)",667e6da95ae0a25f225ae6e6
24.0,24.0,4543,test,1156.9999999999932,1.0,1.0,"(1, 2)",667e6da95ae0a25f225ae6e6
24.0,24.0,4544,test,1156.9999999999932,1.0,1.0,"(1, 2)",667e6da95ae0a25f225ae6e6
24.0,24.0,4545,test,1156.9999999999932,1.0,1.0,"(1, 2)",667e6da95ae0a25f225ae6e6
24.0,24.0,4546,test,1156.9999999999932,1.0,1.0,"(1, 2)",667e6da95ae0a25f225ae6e6
24.0,24.0,4547,test,1156.9999999999932,1.0,1.0,"(1, 2)",667e6da95ae0a25f225ae6e6
24.0,24.0,4548,test,1156.9999999999932,1.0,1.0,"(1, 2)",667e6da95ae0a25f225ae6e6
24.0,24.0,4549,test,1156.9999999999932,1.0,1.0,"(1, 2)",667e6da95ae0a25f225ae6e6
24.0,24.0,4550,test,1156.9999999999932,1.0,1.0,"(1, 2)",667e6da95ae0a25f225ae6e6
24.0,24.0,4551,test,1156.9999999999932,1.0,1.0,"(1, 2)",667e6da95ae0a25f225ae6e6
24.0,24.0,4552,test,1156.9999999999932,1.0,1.0,"(1, 2)",667e6da95ae0a25f225ae6e6
24.0,24.0,4553,test,1156.9999999999932,1.0,1.0,"(1, 2)",667e6da95ae0a25f225ae6e6
24.0,24.0,4554,test,1156.9999999999932,1.0,1.0,"(1, 2)",667e6da95ae0a25f225ae6e6
24.0,24.0,4555,test,1156.9999999999932,1.0,1.0,"(1, 2)",667e6da95ae0a25f225ae6e6
24.0,24.0,4556,test,1156.9999999999932,1.0,1.0,"(1, 2)",667e6da95ae0a25f225ae6e6
24.0,24.0,4557,test,1156.9999999999932,1.0,1.0,"(1, 2)",667e6da95ae0a25f225ae6e6
24.0,24.0,4558,test,1156.9999999999932,1.0,1.0,"(1, 2)",667e6da95ae0a25f225ae6e6
24.0,24.0,4559,test,1156.9999999999932,1.0,1.0,"(1, 2)",667e6da95ae0a25f225ae6e6
24.0,24.0,4560,test,1156.9999999999932,1.0,1.0,"(1, 2)",667e6da95ae0a25f225ae6e6
24.0,24.0,4561,test,1156.9999999999932,1.0,1.0,"(1, 2)",667e6da95ae0a25f225ae6e6
24.0,24.0,4562,test,1156.9999999999932,1.0,1.0,"(1, 2)",667e6da95ae0a25f225ae6e6
24.0,24.0,4563,test,1156.9999999999932,1.0,1.0,"(1, 2)",667e6da95ae0a25f225ae6e6
24.0,24.0,4564,test,1156.9999999999932,1.0,1.0,"(1, 2)",667e6da95ae0a25f225ae6e6
24.0,24.0,4565,test,1156.9999999999932,1.0,1.0,"(1, 2)",667e6da95ae0a25f225ae6e6
24.0,24.0,4566,test,1156.9999999999932,1.0,1.0,"(1, 2)",667e6da95ae0a25f225ae6e6
24.0,24.0,4567,test,1156.9999999999932,1.0,1.0,"(1, 2)",667e6da95ae0a25f225ae6e6
24.0,24.0,4568,test,1156.9999999999932,1.0,1.0,"(1, 2)",667e6da95ae0a25f225ae6e6
24.0,24.0,4569,test,1156.9999999999932,1.0,1.0,"(1, 2)",667e6da95ae0a25f225ae6e6
24.0,24.0,4570,test,1156.9999999999932,1.0,1.0,"(1, 2)",667e6da95ae0a25f225ae6e6
24.0,24.0,4571,test,1156.9999999999932,1.0,1.0,"(1, 2)",667e6da95ae0a25f225ae6e6
24.0,24.0,4572,test,1156.9999999999932,1.0,1.0,"(1, 2)",667e6da95ae0a25f225ae6e6
24.0,24.0,4573,test,1156.9999999999932,1.0,1.0,"(1, 2)",667e6da95ae0a25f225ae6e6
24.0,24.0,4574,test,1156.9999999999932,1.0,1.0,"(1, 2)",667e6da95ae0a25f225ae6e6
24.0,24.0,4575,test,1156.9999999999932,1.0,1.0,"(1, 2)",667e6da95ae0a25f225ae6e6
24.0,24.0,4576,test,1156.9999999999932,1.0,1.0,"(1, 2)",667e6da95ae0a25f225ae6e6
24.0,25.24999999999993,4577,test,1158.2499999999932,1.0,1.0,"(1, 2)",667e6da95ae0a25f225ae6e6
24.0,26.499999999999858,4578,test,1159.4999999999932,1.0,1.0,"(1, 2)",667e6da95ae0a25f225ae6e6
24.0,27.749999999999787,4579,test,1160.7499999999932,1.0,1.0,"(1, 2)",667e6da95ae0a25f225ae6e6
24.0,28.999999999999716,4580,test,1161.9999999999932,1.0,1.0,"(1, 2)",667e6da95ae0a25f225ae6e6
24.0,30.249999999999645,4581,test,1163.2499999999932,1.0,1.0,"(1, 2)",667e6da95ae0a25f225ae6e6
24.0,31.499999999999574,4582,test,1164.4999999999932,1.0,1.0,"(1, 2)",667e6da95ae0a25f225ae6e6
24.0,32.749999999999716,4583,test,1165.7499999999934,1.0,1.0,"(1, 2)",667e6da95ae0a25f225ae6e6
24.0,34.0,4584,test,1166.9999999999936,1.0,1.0,"(1, 2)",667e6da95ae0a25f225ae6e6
24.0,35.250000000000284,4585,test,1168.2499999999939,1.0,1.0,"(1, 2)",667e6da95ae0a25f225ae6e6
24.0,36.50000000000057,4586,test,1169.499999999994,1.0,1.0,"(1, 2)",667e6da95ae0a25f225ae6e6
24.0,37.75000000000085,4587,test,1170.7499999999943,1.0,1.0,"(1, 2)",667e6da95ae0a25f225ae6e6
24.0,39.00000000000114,4588,test,1171.9999999999945,1.0,1.0,"(1, 2)",667e6da95ae0a25f225ae6e6
24.0,40.0,4589,test,1172.9999999999934,1.0,1.0,"(1, 2)",667e6da95ae0a25f225ae6e6
24.0,40.0,4590,test,1172.9999999999934,1.0,1.0,"(1, 2)",667e6da95ae0a25f225ae6e6
24.0,40.0,4591,test,1172.9999999999934,1.0,1.0,"(1, 2)",667e6da95ae0a25f225ae6e6
24.0,40.0,4592,test,1172.9999999999934,1.0,1.0,"(1, 2)",667e6da95ae0a25f225ae6e6
24.0,40.0,4593,test,1172.9999999999934,1.0,1.0,"(1, 2)",667e6da95ae0a25f225ae6e6
24.0,40.0,4594,test,1172.9999999999934,1.0,1.0,"(1, 2)",667e6da95ae0a25f225ae6e6
24.0,40.0,4595,test,1172.9999999999934,1.0,1.0,"(1, 2)",667e6da95ae0a25f225ae6e6
24.0,40.0,4596,test,1172.9999999999934,1.0,1.0,"(1, 2)",667e6da95ae0a25f225ae6e6
24.0,40.0,4597,test,1172.9999999999934,1.0,1.0,"(1, 2)",667e6da95ae0a25f225ae6e6
24.0,40.0,4598,test,1172.9999999999934,1.0,1.0,"(1, 2)",667e6da95ae0a25f225ae6e6
24.0,40.0,4599,test,1172.9999999999934,1.0,1.0,"(1, 2)",667e6da95ae0a25f225ae6e6
24.0,40.0,4600,test,1172.9999999999934,1.0,1.0,"(1, 2)",667e6da95ae0a25f225ae6e6
24.0,40.0,4601,test,1172.9999999999934,1.0,1.0,"(1, 2)",667e6da95ae0a25f225ae6e6
24.0,40.0,4602,test,1172.9999999999934,1.0,1.0,"(1, 2)",667e6da95ae0a25f225ae6e6
24.0,40.0,4603,test,1172.9999999999934,1.0,1.0,"(1, 2)",667e6da95ae0a25f225ae6e6
24.0,40.0,4604,test,1172.9999999999934,1.0,1.0,"(1, 2)",667e6da95ae0a25f225ae6e6
24.0,40.0,4605,test,1172.9999999999934,1.0,1.0,"(1, 2)",667e6da95ae0a25f225ae6e6
24.0,40.0,4606,test,1172.9999999999934,1.0,1.0,"(1, 2)",667e6da95ae0a25f225ae6e6
24.0,40.0,4607,test,1172.9999999999934,1.0,1.0,"(1, 2)",667e6da95ae0a25f225ae6e6
24.0,40.0,4608,test,1172.9999999999934,1.0,1.0,"(1, 2)",667e6da95ae0a25f225ae6e6
24.0,40.0,4609,test,1172.9999999999934,1.0,1.0,"(1, 2)",667e6da95ae0a25f225ae6e6
24.0,40.0,4610,test,1172.9999999999934,1.0,1.0,"(1, 2)",667e6da95ae0a25f225ae6e6
24.0,40.0,4611,test,1172.9999999999934,1.0,1.0,"(1, 2)",667e6da95ae0a25f225ae6e6
24.0,40.0,4612,test,1172.9999999999934,1.0,1.0,"(1, 2)",667e6da95ae0a25f225ae6e6
24.0,40.0,4613,test,1172.9999999999934,1.0,1.0,"(1, 2)",667e6da95ae0a25f225ae6e6
24.0,40.0,4614,test,1172.9999999999934,1.0,1.0,"(1, 2)",667e6da95ae0a25f225ae6e6
24.0,40.0,4615,test,1172.9999999999934,1.0,1.0,"(1, 2)",667e6da95ae0a25f225ae6e6
24.0,40.0,4616,test,1172.9999999999934,1.0,1.0,"(1, 2)",667e6da95ae0a25f225ae6e6
24.0,40.0,4617,test,1172.9999999999934,1.0,1.0,"(1, 2)",667e6da95ae0a25f225ae6e6
24.0,40.0,4618,test,1172.9999999999934,1.0,1.0,"(1, 2)",667e6da95ae0a25f225ae6e6
24.0,40.0,4619,test,1172.9999999999934,1.0,1.0,"(1, 2)",667e6da95ae0a25f225ae6e6
24.0,40.0,4620,test,1172.9999999999934,1.0,1.0,"(1, 2)",667e6da95ae0a25f225ae6e6
24.0,40.0,4621,test,1172.9999999999934,1.0,1.0,"(1, 2)",667e6da95ae0a25f225ae6e6
24.0,40.0,4622,test,1172.9999999999934,1.0,1.0,"(1, 2)",667e6da95ae0a25f225ae6e6
24.0,40.0,4623,test,1172.9999999999934,1.0,1.0,"(1, 2)",667e6da95ae0a25f225ae6e6
24.0,40.0,4624,test,1172.9999999999934,1.0,1.0,"(1, 2)",667e6da95ae0a25f225ae6e6
24.0,40.0,4625,test,1172.9999999999934,1.0,1.0,"(1, 2)",667e6da95ae0a25f225ae6e6
24.0,40.0,4626,test,1172.9999999999934,1.0,1.0,"(1, 2)",667e6da95ae0a25f225ae6e6
24.0,40.0,4627,test,1172.9999999999934,1.0,1.0,"(1, 2)",667e6da95ae0a25f225ae6e6
24.0,40.0,4628,test,1172.9999999999934,1.0,1.0,"(1, 2)",667e6da95ae0a25f225ae6e6
24.0,40.0,4629,test,1172.9999999999934,1.0,1.0,"(1, 2)",667e6da95ae0a25f225ae6e6
24.0,40.0,4630,test,1172.9999999999934,1.0,1.0,"(1, 2)",667e6da95ae0a25f225ae6e6
24.0,40.0,4631,test,1172.9999999999934,1.0,1.0,"(1, 2)",667e6da95ae0a25f225ae6e6
24.0,40.0,4632,test,1172.9999999999934,1.0,1.0,"(1, 2)",667e6da95ae0a25f225ae6e6
24.0,40.0,4633,test,1172.9999999999934,1.0,1.0,"(1, 2)",667e6da95ae0a25f225ae6e6
24.0,40.0,4634,test,1172.9999999999934,1.0,1.0,"(1, 2)",667e6da95ae0a25f225ae6e6
24.0,40.0,4635,test,1172.9999999999934,1.0,1.0,"(1, 2)",667e6da95ae0a25f225ae6e6
24.0,40.0,4636,test,1172.9999999999934,1.0,1.0,"(1, 2)",667e6da95ae0a25f225ae6e6
24.0,40.0,4637,test,1172.9999999999934,1.0,1.0,"(1, 2)",667e6da95ae0a25f225ae6e6
24.0,40.0,4638,test,1172.9999999999934,1.0,1.0,"(1, 2)",667e6da95ae0a25f225ae6e6
24.0,40.0,4639,test,1172.9999999999934,1.0,1.0,"(1, 2)",667e6da95ae0a25f225ae6e6
24.0,40.0,4640,test,1172.9999999999934,1.0,1.0,"(1, 2)",667e6da95ae0a25f225ae6e6
24.0,40.0,4641,test,1172.9999999999934,1.0,1.0,"(1, 2)",667e6da95ae0a25f225ae6e6
24.0,40.0,4642,test,1172.9999999999934,1.0,1.0,"(1, 2)",667e6da95ae0a25f225ae6e6
24.0,40.0,4643,test,1172.9999999999934,1.0,1.0,"(1, 2)",667e6da95ae0a25f225ae6e6
24.0,40.0,4644,test,1172.9999999999934,1.0,1.0,"(1, 2)",667e6da95ae0a25f225ae6e6
24.0,40.0,4645,test,1172.9999999999934,1.0,1.0,"(1, 2)",667e6da95ae0a25f225ae6e6
24.0,40.0,4646,test,1172.9999999999934,1.0,1.0,"(1, 2)",667e6da95ae0a25f225ae6e6
24.0,40.0,4647,test,1172.9999999999934,1.0,1.0,"(1, 2)",667e6da95ae0a25f225ae6e6
24.0,40.0,4648,test,1172.9999999999934,1.0,1.0,"(1, 2)",667e6da95ae0a25f225ae6e6
24.0,40.0,4649,test,1172.9999999999934,1.0,1.0,"(1, 2)",667e6da95ae0a25f225ae6e6
24.0,40.0,4650,test,1172.9999999999934,1.0,1.0,"(1, 2)",667e6da95ae0a25f225ae6e6
24.0,40.0,4651,test,1172.9999999999934,1.0,1.0,"(1, 2)",667e6da95ae0a25f225ae6e6
24.0,40.0,4652,test,1172.9999999999934,1.0,1.0,"(1, 2)",667e6da95ae0a25f225ae6e6
24.0,40.0,4653,test,1172.9999999999934,1.0,1.0,"(1, 2)",667e6da95ae0a25f225ae6e6
24.0,40.0,4654,test,1172.9999999999934,1.0,1.0,"(1, 2)",667e6da95ae0a25f225ae6e6
24.0,40.0,4655,test,1172.9999999999934,1.0,1.0,"(1, 2)",667e6da95ae0a25f225ae6e6
24.0,40.0,4656,test,1172.9999999999934,1.0,1.0,"(1, 2)",667e6da95ae0a25f225ae6e6
24.0,40.0,4657,test,1172.9999999999934,1.0,1.0,"(1, 2)",667e6da95ae0a25f225ae6e6
24.0,40.0,4658,test,1172.9999999999934,1.0,1.0,"(1, 2)",667e6da95ae0a25f225ae6e6
24.0,40.0,4659,test,1172.9999999999934,1.0,1.0,"(1, 2)",667e6da95ae0a25f225ae6e6
24.0,40.0,4660,test,1172.9999999999934,1.0,1.0,"(1, 2)",667e6da95ae0a25f225ae6e6
24.0,40.0,4661,test,1172.9999999999934,1.0,1.0,"(1, 2)",667e6da95ae0a25f225ae6e6
24.0,40.0,4662,test,1172.9999999999934,1.0,1.0,"(1, 2)",667e6da95ae0a25f225ae6e6
24.0,40.0,4663,test,1172.9999999999934,1.0,1.0,"(1, 2)",667e6da95ae0a25f225ae6e6
24.0,40.0,4664,test,1172.9999999999934,1.0,1.0,"(1, 2)",667e6da95ae0a25f225ae6e6
24.0,40.0,4665,test,1172.9999999999934,1.0,1.0,"(1, 2)",667e6da95ae0a25f225ae6e6
24.0,40.0,4666,test,1172.9999999999934,1.0,1.0,"(1, 2)",667e6da95ae0a25f225ae6e6
24.0,40.0,4667,test,1172.9999999999934,1.0,1.0,"(1, 2)",667e6da95ae0a25f225ae6e6
24.0,40.0,4668,test,1172.9999999999934,1.0,1.0,"(1, 2)",667e6da95ae0a25f225ae6e6
24.0,40.0,4669,test,1172.9999999999934,1.0,1.0,"(1, 2)",667e6da95ae0a25f225ae6e6
24.0,40.0,4670,test,1172.9999999999934,1.0,1.0,"(1, 2)",667e6da95ae0a25f225ae6e6
24.0,40.0,4671,test,1172.9999999999934,1.0,1.0,"(1, 2)",667e6da95ae0a25f225ae6e6
24.0,40.0,4672,test,1172.9999999999934,1.0,1.0,"(1, 2)",667e6da95ae0a25f225ae6e6
24.0,40.0,4673,test,1172.9999999999934,1.0,1.0,"(1, 2)",667e6da95ae0a25f225ae6e6
24.0,40.0,4674,test,1172.9999999999934,1.0,1.0,"(1, 2)",667e6da95ae0a25f225ae6e6
24.0,40.0,4675,test,1172.9999999999934,1.0,1.0,"(1, 2)",667e6da95ae0a25f225ae6e6
24.0,40.0,4676,test,1172.9999999999934,1.0,1.0,"(1, 2)",667e6da95ae0a25f225ae6e6
24.0,40.0,4677,test,1172.9999999999934,1.0,1.0,"(1, 2)",667e6da95ae0a25f225ae6e6
24.0,40.0,4678,test,1172.9999999999934,1.0,1.0,"(1, 2)",667e6da95ae0a25f225ae6e6
24.0,40.0,4679,test,1172.9999999999934,1.0,1.0,"(1, 2)",667e6da95ae0a25f225ae6e6
24.0,40.0,4680,test,1172.9999999999934,1.0,1.0,"(1, 2)",667e6da95ae0a25f225ae6e6
24.0,40.0,4681,test,1172.9999999999934,1.0,1.0,"(1, 2)",667e6da95ae0a25f225ae6e6
24.0,40.0,4682,test,1172.9999999999934,1.0,1.0,"(1, 2)",667e6da95ae0a25f225ae6e6
24.0,40.0,4683,test,1172.9999999999934,1.0,1.0,"(1, 2)",667e6da95ae0a25f225ae6e6
24.0,40.0,4684,test,1172.9999999999934,1.0,1.0,"(1, 2)",667e6da95ae0a25f225ae6e6
24.0,40.0,4685,test,1172.9999999999934,1.0,1.0,"(1, 2)",667e6da95ae0a25f225ae6e6
24.0,40.0,4686,test,1172.9999999999934,1.0,1.0,"(1, 2)",667e6da95ae0a25f225ae6e6
24.0,40.0,4687,test,1172.9999999999934,1.0,1.0,"(1, 2)",667e6da95ae0a25f225ae6e6
24.0,40.0,4688,test,1172.9999999999934,1.0,1.0,"(1, 2)",667e6da95ae0a25f225ae6e6
24.0,40.0,4689,test,1172.9999999999934,1.0,1.0,"(1, 2)",667e6da95ae0a25f225ae6e6
24.0,40.0,4690,test,1172.9999999999934,1.0,1.0,"(1, 2)",667e6da95ae0a25f225ae6e6
24.0,40.0,4691,test,1172.9999999999934,1.0,1.0,"(1, 2)",667e6da95ae0a25f225ae6e6
24.0,40.0,4692,test,1172.9999999999934,1.0,1.0,"(1, 2)",667e6da95ae0a25f225ae6e6
24.0,40.0,4693,test,1172.9999999999934,1.0,1.0,"(1, 2)",667e6da95ae0a25f225ae6e6
24.0,40.0,4694,test,1172.9999999999934,1.0,1.0,"(1, 2)",667e6da95ae0a25f225ae6e6
24.0,41.250000000000284,4695,test,1174.2499999999936,1.0,1.0,"(1, 2)",667e6da95ae0a25f225ae6e6
24.0,42.50000000000057,4696,test,1175.4999999999939,1.0,1.0,"(1, 2)",667e6da95ae0a25f225ae6e6
24.0,43.75000000000085,4697,test,1176.749999999994,1.0,1.0,"(1, 2)",667e6da95ae0a25f225ae6e6
24.0,45.00000000000114,4698,test,1177.9999999999943,1.0,1.0,"(1, 2)",667e6da95ae0a25f225ae6e6
24.0,46.25000000000142,4699,test,1179.2499999999945,1.0,1.0,"(1, 2)",667e6da95ae0a25f225ae6e6
24.0,47.500000000001705,4700,test,1180.4999999999948,1.0,1.0,"(1, 2)",667e6da95ae0a25f225ae6e6
24.0,48.75000000000199,4701,test,1181.749999999995,1.0,1.0,"(1, 2)",667e6da95ae0a25f225ae6e6
24.0,50.000000000002274,4702,test,1182.9999999999952,1.0,1.0,"(1, 2)",667e6da95ae0a25f225ae6e6
24.0,51.25000000000256,4703,test,1184.2499999999955,1.0,1.0,"(1, 2)",667e6da95ae0a25f225ae6e6
24.0,52.50000000000284,4704,test,1185.4999999999957,1.0,1.0,"(1, 2)",667e6da95ae0a25f225ae6e6
24.0,53.750000000003126,4705,test,1186.749999999996,1.0,1.0,"(1, 2)",667e6da95ae0a25f225ae6e6
24.0,55.00000000000341,4706,test,1187.9999999999961,1.0,1.0,"(1, 2)",667e6da95ae0a25f225ae6e6
24.0,56.250000000003695,4707,test,1189.2499999999964,1.0,1.0,"(1, 2)",667e6da95ae0a25f225ae6e6
24.0,57.50000000000398,4708,test,1190.4999999999966,1.0,1.0,"(1, 2)",667e6da95ae0a25f225ae6e6
24.0,58.75000000000426,4709,test,1191.7499999999968,1.0,1.0,"(1, 2)",667e6da95ae0a25f225ae6e6
24.0,60.00000000000455,4710,test,1192.999999999997,1.0,1.0,"(1, 2)",667e6da95ae0a25f225ae6e6
24.0,61.25000000000483,4711,test,1194.2499999999973,1.0,1.0,"(1, 2)",667e6da95ae0a25f225ae6e6
24.0,62.500000000005116,4712,test,1195.4999999999975,1.0,1.0,"(1, 2)",667e6da95ae0a25f225ae6e6
24.0,63.7500000000054,4713,test,1196.7499999999977,1.0,1.0,"(1, 2)",667e6da95ae0a25f225ae6e6
24.0,65.00000000000568,4714,test,1197.999999999998,1.0,1.0,"(1, 2)",667e6da95ae0a25f225ae6e6
24.0,66.25000000000597,4715,test,1199.2499999999982,1.0,1.0,"(1, 2)",667e6da95ae0a25f225ae6e6
24.0,67.50000000000625,4716,test,1200.4999999999984,1.0,1.0,"(1, 2)",667e6da95ae0a25f225ae6e6
24.0,68.75000000000654,4717,test,1201.7499999999986,1.0,1.0,"(1, 2)",667e6da95ae0a25f225ae6e6
24.0,70.00000000000682,4718,test,1202.9999999999989,1.0,1.0,"(1, 2)",667e6da95ae0a25f225ae6e6
24.0,71.2500000000071,4719,test,1204.249999999999,1.0,1.0,"(1, 2)",667e6da95ae0a25f225ae6e6
24.0,72.50000000000739,4720,test,1205.4999999999993,1.0,1.0,"(1, 2)",667e6da95ae0a25f225ae6e6
24.0,73.75000000000767,4721,test,1206.7499999999995,1.0,1.0,"(1, 2)",667e6da95ae0a25f225ae6e6
24.0,75.00000000000796,4722,test,1207.9999999999998,1.0,1.0,"(1, 2)",667e6da95ae0a25f225ae6e6
24.0,76.25000000000824,4723,test,1209.25,1.0,1.0,"(1, 2)",667e6da95ae0a25f225ae6e6
24.0,77.50000000000853,4724,test,1210.5000000000002,1.0,1.0,"(1, 2)",667e6da95ae0a25f225ae6e6
24.0,78.75000000000881,4725,test,1211.7500000000005,1.0,1.0,"(1, 2)",667e6da95ae0a25f225ae6e6
24.0,80.0000000000091,4726,test,1213.0000000000007,1.0,1.0,"(1, 2)",667e6da95ae0a25f225ae6e6
24.0,81.25000000000938,4727,test,1214.250000000001,1.0,1.0,"(1, 2)",667e6da95ae0a25f225ae6e6
24.0,82.50000000000966,4728,test,1215.5000000000011,1.0,1.0,"(1, 2)",667e6da95ae0a25f225ae6e6
24.0,83.75000000000995,4729,test,1216.7500000000014,1.0,1.0,"(1, 2)",667e6da95ae0a25f225ae6e6
24.0,85.00000000001023,4730,test,1218.0000000000016,1.0,1.0,"(1, 2)",667e6da95ae0a25f225ae6e6
24.0,86.25000000001052,4731,test,1219.2500000000018,1.0,1.0,"(1, 2)",667e6da95ae0a25f225ae6e6
24.0,87.5000000000108,4732,test,1220.500000000002,1.0,1.0,"(1, 2)",667e6da95ae0a25f225ae6e6
24.0,88.75000000001108,4733,test,1221.7500000000023,1.0,1.0,"(1, 2)",667e6da95ae0a25f225ae6e6
24.0,90.00000000001137,4734,test,1223.0000000000025,1.0,1.0,"(1, 2)",667e6da95ae0a25f225ae6e6
24.0,91.25000000001165,4735,test,1224.2500000000027,1.0,1.0,"(1, 2)",667e6da95ae0a25f225ae6e6
24.0,92.50000000001194,4736,test,1225.500000000003,1.0,1.0,"(1, 2)",667e6da95ae0a25f225ae6e6
24.0,93.75000000001222,4737,test,1226.7500000000032,1.0,1.0,"(1, 2)",667e6da95ae0a25f225ae6e6
24.0,95.0000000000125,4738,test,1228.0000000000034,1.0,1.0,"(1, 2)",667e6da95ae0a25f225ae6e6
24.0,96.25000000001279,4739,test,1229.2500000000036,1.0,1.0,"(1, 2)",667e6da95ae0a25f225ae6e6
24.0,95.0000000000125,4740,test,1230.5000000000039,1.0,1.0,"(1, 2)",667e6da95ae0a25f225ae6e6
24.0,93.75000000001222,4741,test,1231.750000000004,1.0,1.0,"(1, 2)",667e6da95ae0a25f225ae6e6
24.0,92.50000000001194,4742,test,1233.0000000000043,1.0,1.0,"(1, 2)",667e6da95ae0a25f225ae6e6
24.0,91.25000000001165,4743,test,1234.2500000000045,1.0,1.0,"(1, 2)",667e6da95ae0a25f225ae6e6
24.0,90.00000000001137,4744,test,1235.5000000000048,1.0,1.0,"(1, 2)",667e6da95ae0a25f225ae6e6
24.0,88.75000000001108,4745,test,1236.750000000005,1.0,1.0,"(1, 2)",667e6da95ae0a25f225ae6e6
24.0,87.5000000000108,4746,test,1238.0000000000052,1.0,1.0,"(1, 2)",667e6da95ae0a25f225ae6e6
24.0,86.25000000001052,4747,test,1239.2500000000055,1.0,1.0,"(1, 2)",667e6da95ae0a25f225ae6e6
24.0,85.00000000001023,4748,test,1240.5000000000057,1.0,1.0,"(1, 2)",667e6da95ae0a25f225ae6e6
24.0,83.75000000000995,4749,test,1241.750000000006,1.0,1.0,"(1, 2)",667e6da95ae0a25f225ae6e6
24.0,82.50000000000966,4750,test,1243.0000000000061,1.0,1.0,"(1, 2)",667e6da95ae0a25f225ae6e6
24.0,81.25000000000938,4751,test,1244.2500000000064,1.0,1.0,"(1, 2)",667e6da95ae0a25f225ae6e6
24.0,80.0000000000091,4752,test,1245.5000000000066,1.0,1.0,"(1, 2)",667e6da95ae0a25f225ae6e6
24.0,78.75000000000881,4753,test,1246.7500000000068,1.0,1.0,"(1, 2)",667e6da95ae0a25f225ae6e6
24.0,77.50000000000853,4754,test,1248.000000000007,1.0,1.0,"(1, 2)",667e6da95ae0a25f225ae6e6
24.0,76.25000000000824,4755,test,1249.2500000000073,1.0,1.0,"(1, 2)",667e6da95ae0a25f225ae6e6
24.0,75.00000000000796,4756,test,1250.5000000000075,1.0,1.0,"(1, 2)",667e6da95ae0a25f225ae6e6
24.0,73.75000000000767,4757,test,1251.7500000000077,1.0,1.0,"(1, 2)",667e6da95ae0a25f225ae6e6
24.0,72.50000000000739,4758,test,1253.000000000008,1.0,1.0,"(1, 2)",667e6da95ae0a25f225ae6e6
24.0,71.2500000000071,4759,test,1254.2500000000082,1.0,1.0,"(1, 2)",667e6da95ae0a25f225ae6e6
24.0,70.00000000000682,4760,test,1255.5000000000084,1.0,1.0,"(1, 2)",667e6da95ae0a25f225ae6e6
24.0,68.75000000000654,4761,test,1256.7500000000086,1.0,1.0,"(1, 2)",667e6da95ae0a25f225ae6e6
24.0,67.50000000000625,4762,test,1258.0000000000089,1.0,1.0,"(1, 2)",667e6da95ae0a25f225ae6e6
24.0,66.25000000000597,4763,test,1259.250000000009,1.0,1.0,"(1, 2)",667e6da95ae0a25f225ae6e6
24.0,65.00000000000568,4764,test,1260.5000000000093,1.0,1.0,"(1, 2)",667e6da95ae0a25f225ae6e6
24.0,63.7500000000054,4765,test,1261.7500000000095,1.0,1.0,"(1, 2)",667e6da95ae0a25f225ae6e6
24.0,62.500000000005116,4766,test,1263.0000000000098,1.0,1.0,"(1, 2)",667e6da95ae0a25f225ae6e6
24.0,61.25000000000483,4767,test,1264.25000000001,1.0,1.0,"(1, 2)",667e6da95ae0a25f225ae6e6
24.0,60.00000000000455,4768,test,1265.5000000000102,1.0,1.0,"(1, 2)",667e6da95ae0a25f225ae6e6
24.0,58.75000000000426,4769,test,1266.7500000000105,1.0,1.0,"(1, 2)",667e6da95ae0a25f225ae6e6
24.0,57.50000000000398,4770,test,1268.0000000000107,1.0,1.0,"(1, 2)",667e6da95ae0a25f225ae6e6
24.0,56.250000000003695,4771,test,1269.250000000011,1.0,1.0,"(1, 2)",667e6da95ae0a25f225ae6e6
24.0,55.00000000000341,4772,test,1270.5000000000111,1.0,1.0,"(1, 2)",667e6da95ae0a25f225ae6e6
24.0,53.750000000003126,4773,test,1271.7500000000114,1.0,1.0,"(1, 2)",667e6da95ae0a25f225ae6e6
24.0,52.50000000000284,4774,test,1273.0000000000116,1.0,1.0,"(1, 2)",667e6da95ae0a25f225ae6e6
24.0,51.25000000000256,4775,test,1274.2500000000118,1.0,1.0,"(1, 2)",667e6da95ae0a25f225ae6e6
24.0,50.000000000002274,4776,test,1275.500000000012,1.0,1.0,"(1, 2)",667e6da95ae0a25f225ae6e6
24.0,48.75000000000199,4777,test,1276.7500000000123,1.0,1.0,"(1, 2)",667e6da95ae0a25f225ae6e6
24.0,47.500000000001705,4778,test,1278.0000000000125,1.0,1.0,"(1, 2)",667e6da95ae0a25f225ae6e6
24.0,46.25000000000142,4779,test,1279.2500000000127,1.0,1.0,"(1, 2)",667e6da95ae0a25f225ae6e6
24.0,45.00000000000114,4780,test,1280.500000000013,1.0,1.0,"(1, 2)",667e6da95ae0a25f225ae6e6
24.0,43.75000000000085,4781,test,1281.7500000000132,1.0,1.0,"(1, 2)",667e6da95ae0a25f225ae6e6
24.0,42.50000000000057,4782,test,1283.0000000000134,1.0,1.0,"(1, 2)",667e6da95ae0a25f225ae6e6
24.0,41.250000000000284,4783,test,1284.2500000000136,1.0,1.0,"(1, 2)",667e6da95ae0a25f225ae6e6
24.0,40.0,4784,test,1285.5000000000139,1.0,1.0,"(1, 2)",667e6da95ae0a25f225ae6e6
24.0,40.0,4785,test,1285.5000000000139,1.0,1.0,"(1, 2)",667e6da95ae0a25f225ae6e6
24.0,40.0,4786,test,1285.5000000000139,1.0,1.0,"(1, 2)",667e6da95ae0a25f225ae6e6
24.0,40.0,4787,test,1285.5000000000139,1.0,1.0,"(1, 2)",667e6da95ae0a25f225ae6e6
24.0,40.0,4788,test,1285.5000000000139,1.0,1.0,"(1, 2)",667e6da95ae0a25f225ae6e6
24.0,40.0,4789,test,1285.5000000000139,1.0,1.0,"(1, 2)",667e6da95ae0a25f225ae6e6
24.0,40.0,4790,test,1285.5000000000139,1.0,1.0,"(1, 2)",667e6da95ae0a25f225ae6e6
24.0,40.0,4791,test,1285.5000000000139,1.0,1.0,"(1, 2)",667e6da95ae0a25f225ae6e6
24.0,40.0,4792,test,1285.5000000000139,1.0,1.0,"(1, 2)",667e6da95ae0a25f225ae6e6
24.0,40.0,4793,test,1285.5000000000139,1.0,1.0,"(1, 2)",667e6da95ae0a25f225ae6e6
24.0,40.0,4794,test,1285.5000000000139,1.0,1.0,"(1, 2)",667e6da95ae0a25f225ae6e6
24.0,40.0,4795,test,1285.5000000000139,1.0,1.0,"(1, 2)",667e6da95ae0a25f225ae6e6
24.0,40.0,4796,test,1285.5000000000139,1.0,1.0,"(1, 2)",667e6da95ae0a25f225ae6e6
24.0,40.0,4797,test,1285.5000000000139,1.0,1.0,"(1, 2)",667e6da95ae0a25f225ae6e6
24.0,40.0,4798,test,1285.5000000000139,1.0,1.0,"(1, 2)",667e6da95ae0a25f225ae6e6
24.0,40.0,4799,test,1285.5000000000139,1.0,1.0,"(1, 2)",667e6da95ae0a25f225ae6e6
24.0,40.0,4800,test,1285.5000000000139,1.0,1.0,"(1, 2)",667e6da95ae0a25f225ae6e6
24.0,40.0,4801,test,1285.5000000000139,1.0,1.0,"(1, 2)",667e6da95ae0a25f225ae6e6
24.0,40.0,4802,test,1285.5000000000139,1.0,1.0,"(1, 2)",667e6da95ae0a25f225ae6e6
24.0,40.0,4803,test,1285.5000000000139,1.0,1.0,"(1, 2)",667e6da95ae0a25f225ae6e6
24.0,40.0,4804,test,1285.5000000000139,1.0,1.0,"(1, 2)",667e6da95ae0a25f225ae6e6
24.0,40.0,4805,test,1285.5000000000139,1.0,1.0,"(1, 2)",667e6da95ae0a25f225ae6e6
24.0,40.0,4806,test,1285.5000000000139,1.0,1.0,"(1, 2)",667e6da95ae0a25f225ae6e6
24.0,40.0,4807,test,1285.5000000000139,1.0,1.0,"(1, 2)",667e6da95ae0a25f225ae6e6
24.0,40.0,4808,test,1285.5000000000139,1.0,1.0,"(1, 2)",667e6da95ae0a25f225ae6e6
24.0,40.0,4809,test,1285.5000000000139,1.0,1.0,"(1, 2)",667e6da95ae0a25f225ae6e6
24.0,40.0,4810,test,1285.5000000000139,1.0,1.0,"(1, 2)",667e6da95ae0a25f225ae6e6
24.0,40.0,4811,test,1285.5000000000139,1.0,1.0,"(1, 2)",667e6da95ae0a25f225ae6e6
24.0,40.0,4812,test,1285.5000000000139,1.0,1.0,"(1, 2)",667e6da95ae0a25f225ae6e6
24.0,40.0,4813,test,1285.5000000000139,1.0,1.0,"(1, 2)",667e6da95ae0a25f225ae6e6
24.0,40.0,4814,test,1285.5000000000139,1.0,1.0,"(1, 2)",667e6da95ae0a25f225ae6e6
24.0,40.0,4815,test,1285.5000000000139,1.0,1.0,"(1, 2)",667e6da95ae0a25f225ae6e6
24.0,40.0,4816,test,1285.5000000000139,1.0,1.0,"(1, 2)",667e6da95ae0a25f225ae6e6
24.0,40.0,4817,test,1285.5000000000139,1.0,1.0,"(1, 2)",667e6da95ae0a25f225ae6e6
24.0,40.0,4818,test,1285.5000000000139,1.0,1.0,"(1, 2)",667e6da95ae0a25f225ae6e6
24.0,40.0,4819,test,1285.5000000000139,1.0,1.0,"(1, 2)",667e6da95ae0a25f225ae6e6
24.0,40.0,4820,test,1285.5000000000139,1.0,1.0,"(1, 2)",667e6da95ae0a25f225ae6e6
24.0,40.0,4821,test,1285.5000000000139,1.0,1.0,"(1, 2)",667e6da95ae0a25f225ae6e6
24.0,40.0,4822,test,1285.5000000000139,1.0,1.0,"(1, 2)",667e6da95ae0a25f225ae6e6
24.0,40.0,4823,test,1285.5000000000139,1.0,1.0,"(1, 2)",667e6da95ae0a25f225ae6e6
24.0,40.0,4824,test,1285.5000000000139,1.0,1.0,"(1, 2)",667e6da95ae0a25f225ae6e6
24.0,40.0,4825,test,1285.5000000000139,1.0,1.0,"(1, 2)",667e6da95ae0a25f225ae6e6
24.0,40.0,4826,test,1285.5000000000139,1.0,1.0,"(1, 2)",667e6da95ae0a25f225ae6e6
24.0,40.0,4827,test,1285.5000000000139,1.0,1.0,"(1, 2)",667e6da95ae0a25f225ae6e6
24.0,40.0,4828,test,1285.5000000000139,1.0,1.0,"(1, 2)",667e6da95ae0a25f225ae6e6
24.0,40.0,4829,test,1285.5000000000139,1.0,1.0,"(1, 2)",667e6da95ae0a25f225ae6e6
24.0,40.0,4830,test,1285.5000000000139,1.0,1.0,"(1, 2)",667e6da95ae0a25f225ae6e6
24.0,40.0,4831,test,1285.5000000000139,1.0,1.0,"(1, 2)",667e6da95ae0a25f225ae6e6
24.0,40.0,4832,test,1285.5000000000139,1.0,1.0,"(1, 2)",667e6da95ae0a25f225ae6e6
24.0,40.0,4833,test,1285.5000000000139,1.0,1.0,"(1, 2)",667e6da95ae0a25f225ae6e6
24.0,40.0,4834,test,1285.5000000000139,1.0,1.0,"(1, 2)",667e6da95ae0a25f225ae6e6
24.0,40.0,4835,test,1285.5000000000139,1.0,1.0,"(1, 2)",667e6da95ae0a25f225ae6e6
24.0,40.0,4836,test,1285.5000000000139,1.0,1.0,"(1, 2)",667e6da95ae0a25f225ae6e6
24.0,40.0,4837,test,1285.5000000000139,1.0,1.0,"(1, 2)",667e6da95ae0a25f225ae6e6
24.0,40.0,4838,test,1285.5000000000139,1.0,1.0,"(1, 2)",667e6da95ae0a25f225ae6e6
24.0,40.0,4839,test,1285.5000000000139,1.0,1.0,"(1, 2)",667e6da95ae0a25f225ae6e6
24.0,40.0,4840,test,1285.5000000000139,1.0,1.0,"(1, 2)",667e6da95ae0a25f225ae6e6
24.0,40.0,4841,test,1285.5000000000139,1.0,1.0,"(1, 2)",667e6da95ae0a25f225ae6e6
24.0,40.0,4842,test,1285.5000000000139,1.0,1.0,"(1, 2)",667e6da95ae0a25f225ae6e6
24.0,40.0,4843,test,1285.5000000000139,1.0,1.0,"(1, 2)",667e6da95ae0a25f225ae6e6
24.0,40.0,4844,test,1285.5000000000139,1.0,1.0,"(1, 2)",667e6da95ae0a25f225ae6e6
24.0,40.0,4845,test,1285.5000000000139,1.0,1.0,"(1, 2)",667e6da95ae0a25f225ae6e6
24.0,40.0,4846,test,1285.5000000000139,1.0,1.0,"(1, 2)",667e6da95ae0a25f225ae6e6
24.0,40.0,4847,test,1285.5000000000139,1.0,1.0,"(1, 2)",667e6da95ae0a25f225ae6e6
24.0,40.0,4848,test,1285.5000000000139,1.0,1.0,"(1, 2)",667e6da95ae0a25f225ae6e6
24.0,40.0,4849,test,1285.5000000000139,1.0,1.0,"(1, 2)",667e6da95ae0a25f225ae6e6
24.0,40.0,4850,test,1285.5000000000139,1.0,1.0,"(1, 2)",667e6da95ae0a25f225ae6e6
24.0,40.0,4851,test,1285.5000000000139,1.0,1.0,"(1, 2)",667e6da95ae0a25f225ae6e6
24.0,40.0,4852,test,1285.5000000000139,1.0,1.0,"(1, 2)",667e6da95ae0a25f225ae6e6
24.0,40.0,4853,test,1285.5000000000139,1.0,1.0,"(1, 2)",667e6da95ae0a25f225ae6e6
24.0,40.0,4854,test,1285.5000000000139,1.0,1.0,"(1, 2)",667e6da95ae0a25f225ae6e6
24.0,40.0,4855,test,1285.5000000000139,1.0,1.0,"(1, 2)",667e6da95ae0a25f225ae6e6
24.0,40.0,4856,test,1285.5000000000139,1.0,1.0,"(1, 2)",667e6da95ae0a25f225ae6e6
24.0,41.250000000000284,4857,test,1286.750000000014,1.0,1.0,"(1, 2)",667e6da95ae0a25f225ae6e6
24.0,42.50000000000057,4858,test,1288.0000000000143,1.0,1.0,"(1, 2)",667e6da95ae0a25f225ae6e6
24.0,43.75000000000085,4859,test,1289.2500000000146,1.0,1.0,"(1, 2)",667e6da95ae0a25f225ae6e6
24.0,45.00000000000114,4860,test,1290.5000000000148,1.0,1.0,"(1, 2)",667e6da95ae0a25f225ae6e6
24.0,46.25000000000142,4861,test,1291.750000000015,1.0,1.0,"(1, 2)",667e6da95ae0a25f225ae6e6
24.0,47.500000000001705,4862,test,1293.0000000000152,1.0,1.0,"(1, 2)",667e6da95ae0a25f225ae6e6
24.0,48.75000000000199,4863,test,1294.2500000000155,1.0,1.0,"(1, 2)",667e6da95ae0a25f225ae6e6
24.0,50.000000000002274,4864,test,1295.5000000000157,1.0,1.0,"(1, 2)",667e6da95ae0a25f225ae6e6
24.0,51.25000000000256,4865,test,1296.750000000016,1.0,1.0,"(1, 2)",667e6da95ae0a25f225ae6e6
24.0,52.50000000000284,4866,test,1298.0000000000161,1.0,1.0,"(1, 2)",667e6da95ae0a25f225ae6e6
24.0,53.750000000003126,4867,test,1299.2500000000164,1.0,1.0,"(1, 2)",667e6da95ae0a25f225ae6e6
24.0,55.00000000000341,4868,test,1300.5000000000166,1.0,1.0,"(1, 2)",667e6da95ae0a25f225ae6e6
24.0,56.250000000003695,4869,test,1301.7500000000168,1.0,1.0,"(1, 2)",667e6da95ae0a25f225ae6e6
24.0,57.50000000000398,4870,test,1303.000000000017,1.0,1.0,"(1, 2)",667e6da95ae0a25f225ae6e6
24.0,58.75000000000426,4871,test,1304.2500000000173,1.0,1.0,"(1, 2)",667e6da95ae0a25f225ae6e6
24.0,60.00000000000455,4872,test,1305.5000000000175,1.0,1.0,"(1, 2)",667e6da95ae0a25f225ae6e6
24.0,61.25000000000483,4873,test,1306.7500000000177,1.0,1.0,"(1, 2)",667e6da95ae0a25f225ae6e6
24.0,62.500000000005116,4874,test,1308.000000000018,1.0,1.0,"(1, 2)",667e6da95ae0a25f225ae6e6
24.0,63.7500000000054,4875,test,1309.2500000000182,1.0,1.0,"(1, 2)",667e6da95ae0a25f225ae6e6
24.0,65.00000000000568,4876,test,1310.5000000000184,1.0,1.0,"(1, 2)",667e6da95ae0a25f225ae6e6
24.0,66.25000000000597,4877,test,1311.7500000000186,1.0,1.0,"(1, 2)",667e6da95ae0a25f225ae6e6
24.0,67.50000000000625,4878,test,1313.0000000000189,1.0,1.0,"(1, 2)",667e6da95ae0a25f225ae6e6
24.0,68.75000000000654,4879,test,1314.250000000019,1.0,1.0,"(1, 2)",667e6da95ae0a25f225ae6e6
24.0,70.00000000000682,4880,test,1315.5000000000193,1.0,1.0,"(1, 2)",667e6da95ae0a25f225ae6e6
24.0,71.2500000000071,4881,test,1316.7500000000196,1.0,1.0,"(1, 2)",667e6da95ae0a25f225ae6e6
24.0,72.50000000000739,4882,test,1318.0000000000198,1.0,1.0,"(1, 2)",667e6da95ae0a25f225ae6e6
24.0,73.75000000000767,4883,test,1319.25000000002,1.0,1.0,"(1, 2)",667e6da95ae0a25f225ae6e6
24.0,75.00000000000796,4884,test,1320.5000000000202,1.0,1.0,"(1, 2)",667e6da95ae0a25f225ae6e6
24.0,76.25000000000824,4885,test,1321.7500000000205,1.0,1.0,"(1, 2)",667e6da95ae0a25f225ae6e6
24.0,77.50000000000853,4886,test,1323.0000000000207,1.0,1.0,"(1, 2)",667e6da95ae0a25f225ae6e6
24.0,78.75000000000881,4887,test,1324.250000000021,1.0,1.0,"(1, 2)",667e6da95ae0a25f225ae6e6
24.0,80.0000000000091,4888,test,1325.5000000000211,1.0,1.0,"(1, 2)",667e6da95ae0a25f225ae6e6
24.0,81.25000000000938,4889,test,1326.7500000000214,1.0,1.0,"(1, 2)",667e6da95ae0a25f225ae6e6
24.0,82.50000000000966,4890,test,1328.0000000000216,1.0,1.0,"(1, 2)",667e6da95ae0a25f225ae6e6
24.0,83.75000000000995,4891,test,1329.2500000000218,1.0,1.0,"(1, 2)",667e6da95ae0a25f225ae6e6
24.0,85.00000000001023,4892,test,1330.500000000022,1.0,1.0,"(1, 2)",667e6da95ae0a25f225ae6e6
24.0,86.25000000001052,4893,test,1331.7500000000223,1.0,1.0,"(1, 2)",667e6da95ae0a25f225ae6e6
24.0,87.5000000000108,4894,test,1333.0000000000225,1.0,1.0,"(1, 2)",667e6da95ae0a25f225ae6e6
24.0,88.75000000001108,4895,test,1334.2500000000227,1.0,1.0,"(1, 2)",667e6da95ae0a25f225ae6e6
24.0,90.00000000001137,4896,test,1335.500000000023,1.0,1.0,"(1, 2)",667e6da95ae0a25f225ae6e6
24.0,91.25000000001165,4897,test,1336.7500000000232,1.0,1.0,"(1, 2)",667e6da95ae0a25f225ae6e6
24.0,92.50000000001194,4898,test,1338.0000000000234,1.0,1.0,"(1, 2)",667e6da95ae0a25f225ae6e6
24.0,93.75000000001222,4899,test,1339.2500000000236,1.0,1.0,"(1, 2)",667e6da95ae0a25f225ae6e6
24.0,95.0000000000125,4900,test,1340.5000000000239,1.0,1.0,"(1, 2)",667e6da95ae0a25f225ae6e6
24.0,96.25000000001279,4901,test,1341.750000000024,1.0,1.0,"(1, 2)",667e6da95ae0a25f225ae6e6
24.0,97.50000000001307,4902,test,1343.0000000000243,1.0,1.0,"(1, 2)",667e6da95ae0a25f225ae6e6
24.0,98.75000000001336,4903,test,1344.2500000000246,1.0,1.0,"(1, 2)",667e6da95ae0a25f225ae6e6
24.0,100.00000000001364,4904,test,1345.5000000000248,1.0,1.0,"(1, 2)",667e6da95ae0a25f225ae6e6
24.0,101.25000000001393,4905,test,1346.750000000025,1.0,1.0,"(1, 2)",667e6da95ae0a25f225ae6e6
24.0,102.50000000001421,4906,test,1348.0000000000252,1.0,1.0,"(1, 2)",667e6da95ae0a25f225ae6e6
24.0,103.7500000000145,4907,test,1349.2500000000255,1.0,1.0,"(1, 2)",667e6da95ae0a25f225ae6e6
24.0,104.0,4908,test,1349.500000000011,1.0,1.0,"(1, 2)",667e6da95ae0a25f225ae6e6
24.0,104.0,4909,test,1349.500000000011,1.0,1.0,"(1, 2)",667e6da95ae0a25f225ae6e6
24.0,104.0,4910,test,1349.500000000011,1.0,1.0,"(1, 2)",667e6da95ae0a25f225ae6e6
24.0,104.0,4911,test,1349.500000000011,1.0,1.0,"(1, 2)",667e6da95ae0a25f225ae6e6
24.0,104.0,4912,test,1349.500000000011,1.0,1.0,"(1, 2)",667e6da95ae0a25f225ae6e6
24.0,104.0,4913,test,1349.500000000011,1.0,1.0,"(1, 2)",667e6da95ae0a25f225ae6e6
24.0,104.0,4914,test,1349.500000000011,1.0,1.0,"(1, 2)",667e6da95ae0a25f225ae6e6
24.0,104.0,4915,test,1349.500000000011,1.0,1.0,"(1, 2)",667e6da95ae0a25f225ae6e6
24.0,104.0,4916,test,1349.500000000011,1.0,1.0,"(1, 2)",667e6da95ae0a25f225ae6e6
24.0,104.0,4917,test,1349.500000000011,1.0,1.0,"(1, 2)",667e6da95ae0a25f225ae6e6
24.0,104.0,4918,test,1349.500000000011,1.0,1.0,"(1, 2)",667e6da95ae0a25f225ae6e6
24.0,104.0,4919,test,1349.500000000011,1.0,1.0,"(1, 2)",667e6da95ae0a25f225ae6e6
24.0,104.0,4920,test,1349.500000000011,1.0,1.0,"(1, 2)",667e6da95ae0a25f225ae6e6
24.0,104.0,4921,test,1349.500000000011,1.0,1.0,"(1, 2)",667e6da95ae0a25f225ae6e6
24.0,104.0,4922,test,1349.500000000011,1.0,1.0,"(1, 2)",667e6da95ae0a25f225ae6e6
24.0,104.0,4923,test,1349.500000000011,1.0,1.0,"(1, 2)",667e6da95ae0a25f225ae6e6
24.0,104.0,4924,test,1349.500000000011,1.0,1.0,"(1, 2)",667e6da95ae0a25f225ae6e6
24.0,104.0,4925,test,1349.500000000011,1.0,1.0,"(1, 2)",667e6da95ae0a25f225ae6e6
24.0,104.0,4926,test,1349.500000000011,1.0,1.0,"(1, 2)",667e6da95ae0a25f225ae6e6
24.0,104.0,4927,test,1349.500000000011,1.0,1.0,"(1, 2)",667e6da95ae0a25f225ae6e6
24.0,104.0,4928,test,1349.500000000011,1.0,1.0,"(1, 2)",667e6da95ae0a25f225ae6e6
24.0,104.0,4929,test,1349.500000000011,1.0,1.0,"(1, 2)",667e6da95ae0a25f225ae6e6
24.0,104.0,4930,test,1349.500000000011,1.0,1.0,"(1, 2)",667e6da95ae0a25f225ae6e6
24.0,104.0,4931,test,1349.500000000011,1.0,1.0,"(1, 2)",667e6da95ae0a25f225ae6e6
24.0,104.0,4932,test,1349.500000000011,1.0,1.0,"(1, 2)",667e6da95ae0a25f225ae6e6
24.0,104.0,4933,test,1349.500000000011,1.0,1.0,"(1, 2)",667e6da95ae0a25f225ae6e6
24.0,104.0,4934,test,1349.500000000011,1.0,1.0,"(1, 2)",667e6da95ae0a25f225ae6e6
24.0,104.0,4935,test,1349.500000000011,1.0,1.0,"(1, 2)",667e6da95ae0a25f225ae6e6
24.0,104.0,4936,test,1349.500000000011,1.0,1.0,"(1, 2)",667e6da95ae0a25f225ae6e6
24.0,104.0,4937,test,1349.500000000011,1.0,1.0,"(1, 2)",667e6da95ae0a25f225ae6e6
24.0,104.0,4938,test,1349.500000000011,1.0,1.0,"(1, 2)",667e6da95ae0a25f225ae6e6
24.0,104.0,4939,test,1349.500000000011,1.0,1.0,"(1, 2)",667e6da95ae0a25f225ae6e6
24.0,104.0,4940,test,1349.500000000011,1.0,1.0,"(1, 2)",667e6da95ae0a25f225ae6e6
24.0,104.0,4941,test,1349.500000000011,1.0,1.0,"(1, 2)",667e6da95ae0a25f225ae6e6
24.0,104.0,4942,test,1349.500000000011,1.0,1.0,"(1, 2)",667e6da95ae0a25f225ae6e6
24.0,104.0,4943,test,1349.500000000011,1.0,1.0,"(1, 2)",667e6da95ae0a25f225ae6e6
24.0,104.0,4944,test,1349.500000000011,1.0,1.0,"(1, 2)",667e6da95ae0a25f225ae6e6
24.0,104.0,4945,test,1349.500000000011,1.0,1.0,"(1, 2)",667e6da95ae0a25f225ae6e6
24.0,104.0,4946,test,1349.500000000011,1.0,1.0,"(1, 2)",667e6da95ae0a25f225ae6e6
24.0,104.0,4947,test,1349.500000000011,1.0,1.0,"(1, 2)",667e6da95ae0a25f225ae6e6
24.0,104.0,4948,test,1349.500000000011,1.0,1.0,"(1, 2)",667e6da95ae0a25f225ae6e6
24.0,104.0,4949,test,1349.500000000011,1.0,1.0,"(1, 2)",667e6da95ae0a25f225ae6e6
24.0,104.0,4950,test,1349.500000000011,1.0,1.0,"(1, 2)",667e6da95ae0a25f225ae6e6
24.0,104.0,4951,test,1349.500000000011,1.0,1.0,"(1, 2)",667e6da95ae0a25f225ae6e6
24.0,104.0,4952,test,1349.500000000011,1.0,1.0,"(1, 2)",667e6da95ae0a25f225ae6e6
24.0,104.0,4953,test,1349.500000000011,1.0,1.0,"(1, 2)",667e6da95ae0a25f225ae6e6
24.0,104.0,4954,test,1349.500000000011,1.0,1.0,"(1, 2)",667e6da95ae0a25f225ae6e6
24.0,104.0,4955,test,1349.500000000011,1.0,1.0,"(1, 2)",667e6da95ae0a25f225ae6e6
24.0,104.0,4956,test,1349.500000000011,1.0,1.0,"(1, 2)",667e6da95ae0a25f225ae6e6
24.0,104.0,4957,test,1349.500000000011,1.0,1.0,"(1, 2)",667e6da95ae0a25f225ae6e6
24.0,104.0,4958,test,1349.500000000011,1.0,1.0,"(1, 2)",667e6da95ae0a25f225ae6e6
24.0,104.0,4959,test,1349.500000000011,1.0,1.0,"(1, 2)",667e6da95ae0a25f225ae6e6
24.0,104.0,4960,test,1349.500000000011,1.0,1.0,"(1, 2)",667e6da95ae0a25f225ae6e6
24.0,104.0,4961,test,1349.500000000011,1.0,1.0,"(1, 2)",667e6da95ae0a25f225ae6e6
24.0,104.0,4962,test,1349.500000000011,1.0,1.0,"(1, 2)",667e6da95ae0a25f225ae6e6
24.0,104.0,4963,test,1349.500000000011,1.0,1.0,"(1, 2)",667e6da95ae0a25f225ae6e6
24.0,104.0,4964,test,1349.500000000011,1.0,1.0,"(1, 2)",667e6da95ae0a25f225ae6e6
24.0,104.0,4965,test,1349.500000000011,1.0,1.0,"(1, 2)",667e6da95ae0a25f225ae6e6
24.0,104.0,4966,test,1349.500000000011,1.0,1.0,"(1, 2)",667e6da95ae0a25f225ae6e6
24.0,104.0,4967,test,1349.500000000011,1.0,1.0,"(1, 2)",667e6da95ae0a25f225ae6e6
24.0,104.0,4968,test,1349.500000000011,1.0,1.0,"(1, 2)",667e6da95ae0a25f225ae6e6
24.0,104.0,4969,test,1349.500000000011,1.0,1.0,"(1, 2)",667e6da95ae0a25f225ae6e6
24.0,104.0,4970,test,1349.500000000011,1.0,1.0,"(1, 2)",667e6da95ae0a25f225ae6e6
24.0,104.0,4971,test,1349.500000000011,1.0,1.0,"(1, 2)",667e6da95ae0a25f225ae6e6
24.0,104.0,4972,test,1349.500000000011,1.0,1.0,"(1, 2)",667e6da95ae0a25f225ae6e6
24.0,104.0,4973,test,1349.500000000011,1.0,1.0,"(1, 2)",667e6da95ae0a25f225ae6e6
24.0,104.0,4974,test,1349.500000000011,1.0,1.0,"(1, 2)",667e6da95ae0a25f225ae6e6
24.0,104.0,4975,test,1349.500000000011,1.0,1.0,"(1, 2)",667e6da95ae0a25f225ae6e6
24.0,104.0,4976,test,1349.500000000011,1.0,1.0,"(1, 2)",667e6da95ae0a25f225ae6e6
24.0,104.0,4977,test,1349.500000000011,1.0,1.0,"(1, 2)",667e6da95ae0a25f225ae6e6
24.0,102.74999999999972,4978,test,1350.7500000000111,1.0,1.0,"(1, 2)",667e6da95ae0a25f225ae6e6
24.0,101.49999999999943,4979,test,1352.0000000000114,1.0,1.0,"(1, 2)",667e6da95ae0a25f225ae6e6
24.0,100.24999999999915,4980,test,1353.2500000000116,1.0,1.0,"(1, 2)",667e6da95ae0a25f225ae6e6
24.0,98.99999999999886,4981,test,1354.5000000000118,1.0,1.0,"(1, 2)",667e6da95ae0a25f225ae6e6
24.0,97.74999999999858,4982,test,1355.750000000012,1.0,1.0,"(1, 2)",667e6da95ae0a25f225ae6e6
24.0,96.4999999999983,4983,test,1357.0000000000123,1.0,1.0,"(1, 2)",667e6da95ae0a25f225ae6e6
24.0,95.24999999999801,4984,test,1358.2500000000125,1.0,1.0,"(1, 2)",667e6da95ae0a25f225ae6e6
24.0,93.99999999999773,4985,test,1359.5000000000127,1.0,1.0,"(1, 2)",667e6da95ae0a25f225ae6e6
24.0,92.74999999999744,4986,test,1360.750000000013,1.0,1.0,"(1, 2)",667e6da95ae0a25f225ae6e6
24.0,91.49999999999716,4987,test,1362.0000000000132,1.0,1.0,"(1, 2)",667e6da95ae0a25f225ae6e6
24.0,90.24999999999687,4988,test,1363.2500000000134,1.0,1.0,"(1, 2)",667e6da95ae0a25f225ae6e6
24.0,88.99999999999659,4989,test,1364.5000000000136,1.0,1.0,"(1, 2)",667e6da95ae0a25f225ae6e6
24.0,87.7499999999963,4990,test,1365.7500000000139,1.0,1.0,"(1, 2)",667e6da95ae0a25f225ae6e6
24.0,86.49999999999602,4991,test,1367.000000000014,1.0,1.0,"(1, 2)",667e6da95ae0a25f225ae6e6
24.0,85.24999999999574,4992,test,1368.2500000000143,1.0,1.0,"(1, 2)",667e6da95ae0a25f225ae6e6
24.0,83.99999999999545,4993,test,1369.5000000000146,1.0,1.0,"(1, 2)",667e6da95ae0a25f225ae6e6
24.0,82.74999999999517,4994,test,1370.7500000000148,1.0,1.0,"(1, 2)",667e6da95ae0a25f225ae6e6
24.0,81.49999999999488,4995,test,1372.000000000015,1.0,1.0,"(1, 2)",667e6da95ae0a25f225ae6e6
24.0,80.2499999999946,4996,test,1373.2500000000152,1.0,1.0,"(1, 2)",667e6da95ae0a25f225ae6e6
24.0,78.99999999999432,4997,test,1374.5000000000155,1.0,1.0,"(1, 2)",667e6da95ae0a25f225ae6e6
24.0,77.74999999999403,4998,test,1375.7500000000157,1.0,1.0,"(1, 2)",667e6da95ae0a25f225ae6e6
24.0,76.49999999999375,4999,test,1377.000000000016,1.0,1.0,"(1, 2)",667e6da95ae0a25f225ae6e6
24.0,75.24999999999346,5000,test,1378.2500000000161,1.0,1.0,"(1, 2)",667e6da95ae0a25f225ae6e6
24.0,73.99999999999318,5001,test,1379.5000000000164,1.0,1.0,"(1, 2)",667e6da95ae0a25f225ae6e6
24.0,72.7499999999929,5002,test,1380.7500000000166,1.0,1.0,"(1, 2)",667e6da95ae0a25f225ae6e6
24.0,71.49999999999261,5003,test,1382.0000000000168,1.0,1.0,"(1, 2)",667e6da95ae0a25f225ae6e6
24.0,70.24999999999233,5004,test,1383.250000000017,1.0,1.0,"(1, 2)",667e6da95ae0a25f225ae6e6
24.0,68.99999999999204,5005,test,1384.5000000000173,1.0,1.0,"(1, 2)",667e6da95ae0a25f225ae6e6
24.0,67.74999999999176,5006,test,1385.7500000000175,1.0,1.0,"(1, 2)",667e6da95ae0a25f225ae6e6
24.0,66.49999999999147,5007,test,1387.0000000000177,1.0,1.0,"(1, 2)",667e6da95ae0a25f225ae6e6
24.0,65.24999999999119,5008,test,1388.250000000018,1.0,1.0,"(1, 2)",667e6da95ae0a25f225ae6e6
24.0,63.999999999990905,5009,test,1389.5000000000182,1.0,1.0,"(1, 2)",667e6da95ae0a25f225ae6e6
24.0,62.74999999999062,5010,test,1390.7500000000184,1.0,1.0,"(1, 2)",667e6da95ae0a25f225ae6e6
24.0,61.49999999999034,5011,test,1392.0000000000186,1.0,1.0,"(1, 2)",667e6da95ae0a25f225ae6e6
24.0,60.24999999999005,5012,test,1393.2500000000189,1.0,1.0,"(1, 2)",667e6da95ae0a25f225ae6e6
24.0,58.99999999998977,5013,test,1394.500000000019,1.0,1.0,"(1, 2)",667e6da95ae0a25f225ae6e6
24.0,57.749999999989484,5014,test,1395.7500000000193,1.0,1.0,"(1, 2)",667e6da95ae0a25f225ae6e6
24.0,56.4999999999892,5015,test,1397.0000000000196,1.0,1.0,"(1, 2)",667e6da95ae0a25f225ae6e6
24.0,55.249999999988916,5016,test,1398.2500000000198,1.0,1.0,"(1, 2)",667e6da95ae0a25f225ae6e6
24.0,53.99999999998863,5017,test,1399.50000000002,1.0,1.0,"(1, 2)",667e6da95ae0a25f225ae6e6
24.0,52.74999999998835,5018,test,1400.7500000000202,1.0,1.0,"(1, 2)",667e6da95ae0a25f225ae6e6
24.0,51.49999999998806,5019,test,1402.0000000000205,1.0,1.0,"(1, 2)",667e6da95ae0a25f225ae6e6
24.0,50.24999999998778,5020,test,1403.2500000000207,1.0,1.0,"(1, 2)",667e6da95ae0a25f225ae6e6
24.0,48.999999999987494,5021,test,1404.500000000021,1.0,1.0,"(1, 2)",667e6da95ae0a25f225ae6e6
24.0,47.74999999998721,5022,test,1405.7500000000211,1.0,1.0,"(1, 2)",667e6da95ae0a25f225ae6e6
24.0,46.499999999986926,5023,test,1407.0000000000214,1.0,1.0,"(1, 2)",667e6da95ae0a25f225ae6e6
24.0,45.24999999998664,5024,test,1408.2500000000216,1.0,1.0,"(1, 2)",667e6da95ae0a25f225ae6e6
24.0,43.99999999998636,5025,test,1409.5000000000218,1.0,1.0,"(1, 2)",667e6da95ae0a25f225ae6e6
24.0,42.74999999998607,5026,test,1410.750000000022,1.0,1.0,"(1, 2)",667e6da95ae0a25f225ae6e6
24.0,41.49999999998579,5027,test,1412.0000000000223,1.0,1.0,"(1, 2)",667e6da95ae0a25f225ae6e6
24.0,40.249999999985505,5028,test,1413.2500000000225,1.0,1.0,"(1, 2)",667e6da95ae0a25f225ae6e6
24.0,40.0,5029,test,1413.500000000008,1.0,1.0,"(1, 2)",667e6da95ae0a25f225ae6e6
24.0,40.0,5030,test,1413.500000000008,1.0,1.0,"(1, 2)",667e6da95ae0a25f225ae6e6
24.0,40.0,5031,test,1413.500000000008,1.0,1.0,"(1, 2)",667e6da95ae0a25f225ae6e6
24.0,40.0,5032,test,1413.500000000008,1.0,1.0,"(1, 2)",667e6da95ae0a25f225ae6e6
24.0,40.0,5033,test,1413.500000000008,1.0,1.0,"(1, 2)",667e6da95ae0a25f225ae6e6
24.0,40.0,5034,test,1413.500000000008,1.0,1.0,"(1, 2)",667e6da95ae0a25f225ae6e6
24.0,40.0,5035,test,1413.500000000008,1.0,1.0,"(1, 2)",667e6da95ae0a25f225ae6e6
24.0,40.0,5036,test,1413.500000000008,1.0,1.0,"(1, 2)",667e6da95ae0a25f225ae6e6
24.0,40.0,5037,test,1413.500000000008,1.0,1.0,"(1, 2)",667e6da95ae0a25f225ae6e6
24.0,40.0,5038,test,1413.500000000008,1.0,1.0,"(1, 2)",667e6da95ae0a25f225ae6e6
24.0,40.0,5039,test,1413.500000000008,1.0,1.0,"(1, 2)",667e6da95ae0a25f225ae6e6
24.0,40.0,5040,test,1413.500000000008,1.0,1.0,"(1, 2)",667e6da95ae0a25f225ae6e6
24.0,40.0,5041,test,1413.500000000008,1.0,1.0,"(1, 2)",667e6da95ae0a25f225ae6e6
24.0,40.0,5042,test,1413.500000000008,1.0,1.0,"(1, 2)",667e6da95ae0a25f225ae6e6
24.0,40.0,5043,test,1413.500000000008,1.0,1.0,"(1, 2)",667e6da95ae0a25f225ae6e6
24.0,40.0,5044,test,1413.500000000008,1.0,1.0,"(1, 2)",667e6da95ae0a25f225ae6e6
24.0,40.0,5045,test,1413.500000000008,1.0,1.0,"(1, 2)",667e6da95ae0a25f225ae6e6
24.0,40.0,5046,test,1413.500000000008,1.0,1.0,"(1, 2)",667e6da95ae0a25f225ae6e6
24.0,40.0,5047,test,1413.500000000008,1.0,1.0,"(1, 2)",667e6da95ae0a25f225ae6e6
24.0,40.0,5048,test,1413.500000000008,1.0,1.0,"(1, 2)",667e6da95ae0a25f225ae6e6
24.0,40.0,5049,test,1413.500000000008,1.0,1.0,"(1, 2)",667e6da95ae0a25f225ae6e6
24.0,40.0,5050,test,1413.500000000008,1.0,1.0,"(1, 2)",667e6da95ae0a25f225ae6e6
24.0,40.0,5051,test,1413.500000000008,1.0,1.0,"(1, 2)",667e6da95ae0a25f225ae6e6
24.0,40.0,5052,test,1413.500000000008,1.0,1.0,"(1, 2)",667e6da95ae0a25f225ae6e6
24.0,40.0,5053,test,1413.500000000008,1.0,1.0,"(1, 2)",667e6da95ae0a25f225ae6e6
24.0,40.0,5054,test,1413.500000000008,1.0,1.0,"(1, 2)",667e6da95ae0a25f225ae6e6
24.0,40.0,5055,test,1413.500000000008,1.0,1.0,"(1, 2)",667e6da95ae0a25f225ae6e6
24.0,40.0,5056,test,1413.500000000008,1.0,1.0,"(1, 2)",667e6da95ae0a25f225ae6e6
24.0,40.0,5057,test,1413.500000000008,1.0,1.0,"(1, 2)",667e6da95ae0a25f225ae6e6
24.0,40.0,5058,test,1413.500000000008,1.0,1.0,"(1, 2)",667e6da95ae0a25f225ae6e6
24.0,40.0,5059,test,1413.500000000008,1.0,1.0,"(1, 2)",667e6da95ae0a25f225ae6e6
24.0,40.0,5060,test,1413.500000000008,1.0,1.0,"(1, 2)",667e6da95ae0a25f225ae6e6
24.0,40.0,5061,test,1413.500000000008,1.0,1.0,"(1, 2)",667e6da95ae0a25f225ae6e6
24.0,40.0,5062,test,1413.500000000008,1.0,1.0,"(1, 2)",667e6da95ae0a25f225ae6e6
24.0,40.0,5063,test,1413.500000000008,1.0,1.0,"(1, 2)",667e6da95ae0a25f225ae6e6
24.0,40.0,5064,test,1413.500000000008,1.0,1.0,"(1, 2)",667e6da95ae0a25f225ae6e6
24.0,40.0,5065,test,1413.500000000008,1.0,1.0,"(1, 2)",667e6da95ae0a25f225ae6e6
24.0,40.0,5066,test,1413.500000000008,1.0,1.0,"(1, 2)",667e6da95ae0a25f225ae6e6
24.0,40.0,5067,test,1413.500000000008,1.0,1.0,"(1, 2)",667e6da95ae0a25f225ae6e6
24.0,40.0,5068,test,1413.500000000008,1.0,1.0,"(1, 2)",667e6da95ae0a25f225ae6e6
24.0,40.0,5069,test,1413.500000000008,1.0,1.0,"(1, 2)",667e6da95ae0a25f225ae6e6
24.0,40.0,5070,test,1413.500000000008,1.0,1.0,"(1, 2)",667e6da95ae0a25f225ae6e6
24.0,40.0,5071,test,1413.500000000008,1.0,1.0,"(1, 2)",667e6da95ae0a25f225ae6e6
24.0,40.0,5072,test,1413.500000000008,1.0,1.0,"(1, 2)",667e6da95ae0a25f225ae6e6
24.0,40.0,5073,test,1413.500000000008,1.0,1.0,"(1, 2)",667e6da95ae0a25f225ae6e6
24.0,40.0,5074,test,1413.500000000008,1.0,1.0,"(1, 2)",667e6da95ae0a25f225ae6e6
24.0,40.0,5075,test,1413.500000000008,1.0,1.0,"(1, 2)",667e6da95ae0a25f225ae6e6
24.0,40.0,5076,test,1413.500000000008,1.0,1.0,"(1, 2)",667e6da95ae0a25f225ae6e6
24.0,40.0,5077,test,1413.500000000008,1.0,1.0,"(1, 2)",667e6da95ae0a25f225ae6e6
24.0,40.0,5078,test,1413.500000000008,1.0,1.0,"(1, 2)",667e6da95ae0a25f225ae6e6
24.0,40.0,5079,test,1413.500000000008,1.0,1.0,"(1, 2)",667e6da95ae0a25f225ae6e6
24.0,40.0,5080,test,1413.500000000008,1.0,1.0,"(1, 2)",667e6da95ae0a25f225ae6e6
24.0,40.0,5081,test,1413.500000000008,1.0,1.0,"(1, 2)",667e6da95ae0a25f225ae6e6
24.0,40.0,5082,test,1413.500000000008,1.0,1.0,"(1, 2)",667e6da95ae0a25f225ae6e6
24.0,40.0,5083,test,1413.500000000008,1.0,1.0,"(1, 2)",667e6da95ae0a25f225ae6e6
24.0,40.0,5084,test,1413.500000000008,1.0,1.0,"(1, 2)",667e6da95ae0a25f225ae6e6
24.0,40.0,5085,test,1413.500000000008,1.0,1.0,"(1, 2)",667e6da95ae0a25f225ae6e6
24.0,40.0,5086,test,1413.500000000008,1.0,1.0,"(1, 2)",667e6da95ae0a25f225ae6e6
24.0,40.0,5087,test,1413.500000000008,1.0,1.0,"(1, 2)",667e6da95ae0a25f225ae6e6
24.0,40.0,5088,test,1413.500000000008,1.0,1.0,"(1, 2)",667e6da95ae0a25f225ae6e6
24.0,40.0,5089,test,1413.500000000008,1.0,1.0,"(1, 2)",667e6da95ae0a25f225ae6e6
24.0,40.0,5090,test,1413.500000000008,1.0,1.0,"(1, 2)",667e6da95ae0a25f225ae6e6
24.0,40.0,5091,test,1413.500000000008,1.0,1.0,"(1, 2)",667e6da95ae0a25f225ae6e6
24.0,40.0,5092,test,1413.500000000008,1.0,1.0,"(1, 2)",667e6da95ae0a25f225ae6e6
24.0,40.0,5093,test,1413.500000000008,1.0,1.0,"(1, 2)",667e6da95ae0a25f225ae6e6
24.0,41.250000000000284,5094,test,1414.7500000000082,1.0,1.0,"(1, 2)",667e6da95ae0a25f225ae6e6
24.0,42.50000000000057,5095,test,1416.0000000000084,1.0,1.0,"(1, 2)",667e6da95ae0a25f225ae6e6
24.0,43.75000000000085,5096,test,1417.2500000000086,1.0,1.0,"(1, 2)",667e6da95ae0a25f225ae6e6
24.0,45.00000000000114,5097,test,1418.5000000000089,1.0,1.0,"(1, 2)",667e6da95ae0a25f225ae6e6
24.0,46.25000000000142,5098,test,1419.750000000009,1.0,1.0,"(1, 2)",667e6da95ae0a25f225ae6e6
24.0,47.500000000001705,5099,test,1421.0000000000093,1.0,1.0,"(1, 2)",667e6da95ae0a25f225ae6e6
24.0,48.75000000000199,5100,test,1422.2500000000095,1.0,1.0,"(1, 2)",667e6da95ae0a25f225ae6e6
24.0,50.000000000002274,5101,test,1423.5000000000098,1.0,1.0,"(1, 2)",667e6da95ae0a25f225ae6e6
24.0,51.25000000000256,5102,test,1424.75000000001,1.0,1.0,"(1, 2)",667e6da95ae0a25f225ae6e6
24.0,52.50000000000284,5103,test,1426.0000000000102,1.0,1.0,"(1, 2)",667e6da95ae0a25f225ae6e6
24.0,53.750000000003126,5104,test,1427.2500000000105,1.0,1.0,"(1, 2)",667e6da95ae0a25f225ae6e6
24.0,55.00000000000341,5105,test,1428.5000000000107,1.0,1.0,"(1, 2)",667e6da95ae0a25f225ae6e6
24.0,56.0,5106,test,1429.5000000000073,1.0,1.0,"(1, 2)",667e6da95ae0a25f225ae6e6
24.0,56.0,5107,test,1429.5000000000073,1.0,1.0,"(1, 2)",667e6da95ae0a25f225ae6e6
24.0,56.0,5108,test,1429.5000000000073,1.0,1.0,"(1, 2)",667e6da95ae0a25f225ae6e6
24.0,56.0,5109,test,1429.5000000000073,1.0,1.0,"(1, 2)",667e6da95ae0a25f225ae6e6
24.0,56.0,5110,test,1429.5000000000073,1.0,1.0,"(1, 2)",667e6da95ae0a25f225ae6e6
24.0,56.0,5111,test,1429.5000000000073,1.0,1.0,"(1, 2)",667e6da95ae0a25f225ae6e6
24.0,56.0,5112,test,1429.5000000000073,1.0,1.0,"(1, 2)",667e6da95ae0a25f225ae6e6
24.0,56.0,5113,test,1429.5000000000073,1.0,1.0,"(1, 2)",667e6da95ae0a25f225ae6e6
24.0,56.0,5114,test,1429.5000000000073,1.0,1.0,"(1, 2)",667e6da95ae0a25f225ae6e6
24.0,56.0,5115,test,1429.5000000000073,1.0,1.0,"(1, 2)",667e6da95ae0a25f225ae6e6
24.0,56.0,5116,test,1429.5000000000073,1.0,1.0,"(1, 2)",667e6da95ae0a25f225ae6e6
24.0,56.0,5117,test,1429.5000000000073,1.0,1.0,"(1, 2)",667e6da95ae0a25f225ae6e6
24.0,56.0,5118,test,1429.5000000000073,1.0,1.0,"(1, 2)",667e6da95ae0a25f225ae6e6
24.0,56.0,5119,test,1429.5000000000073,1.0,1.0,"(1, 2)",667e6da95ae0a25f225ae6e6
24.0,56.0,5120,test,1429.5000000000073,1.0,1.0,"(1, 2)",667e6da95ae0a25f225ae6e6
24.0,56.0,5121,test,1429.5000000000073,1.0,1.0,"(1, 2)",667e6da95ae0a25f225ae6e6
24.0,56.0,5122,test,1429.5000000000073,1.0,1.0,"(1, 2)",667e6da95ae0a25f225ae6e6
24.0,56.0,5123,test,1429.5000000000073,1.0,1.0,"(1, 2)",667e6da95ae0a25f225ae6e6
24.0,56.0,5124,test,1429.5000000000073,1.0,1.0,"(1, 2)",667e6da95ae0a25f225ae6e6
24.0,56.0,5125,test,1429.5000000000073,1.0,1.0,"(1, 2)",667e6da95ae0a25f225ae6e6
24.0,56.0,5126,test,1429.5000000000073,1.0,1.0,"(1, 2)",667e6da95ae0a25f225ae6e6
24.0,56.0,5127,test,1429.5000000000073,1.0,1.0,"(1, 2)",667e6da95ae0a25f225ae6e6
24.0,56.0,5128,test,1429.5000000000073,1.0,1.0,"(1, 2)",667e6da95ae0a25f225ae6e6
24.0,56.0,5129,test,1429.5000000000073,1.0,1.0,"(1, 2)",667e6da95ae0a25f225ae6e6
24.0,56.0,5130,test,1429.5000000000073,1.0,1.0,"(1, 2)",667e6da95ae0a25f225ae6e6
24.0,56.0,5131,test,1429.5000000000073,1.0,1.0,"(1, 2)",667e6da95ae0a25f225ae6e6
24.0,56.0,5132,test,1429.5000000000073,1.0,1.0,"(1, 2)",667e6da95ae0a25f225ae6e6
24.0,56.0,5133,test,1429.5000000000073,1.0,1.0,"(1, 2)",667e6da95ae0a25f225ae6e6
24.0,56.0,5134,test,1429.5000000000073,1.0,1.0,"(1, 2)",667e6da95ae0a25f225ae6e6
24.0,54.749999999999716,5135,test,1430.7500000000075,1.0,1.0,"(1, 2)",667e6da95ae0a25f225ae6e6
24.0,53.49999999999943,5136,test,1432.0000000000077,1.0,1.0,"(1, 2)",667e6da95ae0a25f225ae6e6
24.0,52.24999999999915,5137,test,1433.250000000008,1.0,1.0,"(1, 2)",667e6da95ae0a25f225ae6e6
24.0,50.99999999999886,5138,test,1434.5000000000082,1.0,1.0,"(1, 2)",667e6da95ae0a25f225ae6e6
24.0,49.74999999999858,5139,test,1435.7500000000084,1.0,1.0,"(1, 2)",667e6da95ae0a25f225ae6e6
24.0,48.499999999998295,5140,test,1437.0000000000086,1.0,1.0,"(1, 2)",667e6da95ae0a25f225ae6e6
24.0,47.24999999999801,5141,test,1438.2500000000089,1.0,1.0,"(1, 2)",667e6da95ae0a25f225ae6e6
24.0,45.999999999997726,5142,test,1439.500000000009,1.0,1.0,"(1, 2)",667e6da95ae0a25f225ae6e6
24.0,44.74999999999744,5143,test,1440.7500000000093,1.0,1.0,"(1, 2)",667e6da95ae0a25f225ae6e6
24.0,43.49999999999716,5144,test,1442.0000000000095,1.0,1.0,"(1, 2)",667e6da95ae0a25f225ae6e6
24.0,42.249999999996874,5145,test,1443.2500000000098,1.0,1.0,"(1, 2)",667e6da95ae0a25f225ae6e6
24.0,40.99999999999659,5146,test,1444.50000000001,1.0,1.0,"(1, 2)",667e6da95ae0a25f225ae6e6
24.0,39.749999999996305,5147,test,1445.7500000000102,1.0,1.0,"(1, 2)",667e6da95ae0a25f225ae6e6
24.0,38.49999999999602,5148,test,1447.0000000000105,1.0,1.0,"(1, 2)",667e6da95ae0a25f225ae6e6
24.0,37.24999999999574,5149,test,1448.2500000000107,1.0,1.0,"(1, 2)",667e6da95ae0a25f225ae6e6
24.0,35.99999999999545,5150,test,1449.500000000011,1.0,1.0,"(1, 2)",667e6da95ae0a25f225ae6e6
24.0,34.74999999999517,5151,test,1450.7500000000111,1.0,1.0,"(1, 2)",667e6da95ae0a25f225ae6e6
24.0,33.499999999994884,5152,test,1452.0000000000114,1.0,1.0,"(1, 2)",667e6da95ae0a25f225ae6e6
24.0,32.2499999999946,5153,test,1453.2500000000116,1.0,1.0,"(1, 2)",667e6da95ae0a25f225ae6e6
24.0,30.999999999994603,5154,test,1454.5000000000116,1.0,1.0,"(1, 2)",667e6da95ae0a25f225ae6e6
24.0,29.749999999994674,5155,test,1455.7500000000116,1.0,1.0,"(1, 2)",667e6da95ae0a25f225ae6e6
24.0,28.499999999994746,5156,test,1457.0000000000116,1.0,1.0,"(1, 2)",667e6da95ae0a25f225ae6e6
24.0,27.249999999994817,5157,test,1458.2500000000116,1.0,1.0,"(1, 2)",667e6da95ae0a25f225ae6e6
24.0,25.999999999994888,5158,test,1459.5000000000116,1.0,1.0,"(1, 2)",667e6da95ae0a25f225ae6e6
24.0,24.74999999999496,5159,test,1460.7500000000116,1.0,1.0,"(1, 2)",667e6da95ae0a25f225ae6e6
24.0,24.0,5160,test,1461.5000000000066,1.0,1.0,"(1, 2)",667e6da95ae0a25f225ae6e6
24.0,24.0,5161,test,1461.5000000000066,1.0,1.0,"(1, 2)",667e6da95ae0a25f225ae6e6
24.0,24.0,5162,test,1461.5000000000066,1.0,1.0,"(1, 2)",667e6da95ae0a25f225ae6e6
24.0,24.0,5163,test,1461.5000000000066,1.0,1.0,"(1, 2)",667e6da95ae0a25f225ae6e6
24.0,24.0,5164,test,1461.5000000000066,1.0,1.0,"(1, 2)",667e6da95ae0a25f225ae6e6
24.0,24.0,5165,test,1461.5000000000066,1.0,1.0,"(1, 2)",667e6da95ae0a25f225ae6e6
24.0,24.0,5166,test,1461.5000000000066,1.0,1.0,"(1, 2)",667e6da95ae0a25f225ae6e6
24.0,24.0,5167,test,1461.5000000000066,1.0,1.0,"(1, 2)",667e6da95ae0a25f225ae6e6
24.0,24.0,5168,test,1461.5000000000066,1.0,1.0,"(1, 2)",667e6da95ae0a25f225ae6e6
24.0,24.0,5169,test,1461.5000000000066,1.0,1.0,"(1, 2)",667e6da95ae0a25f225ae6e6
24.0,24.0,5170,test,1461.5000000000066,1.0,1.0,"(1, 2)",667e6da95ae0a25f225ae6e6
24.0,24.0,5171,test,1461.5000000000066,1.0,1.0,"(1, 2)",667e6da95ae0a25f225ae6e6
24.0,24.0,5172,test,1461.5000000000066,1.0,1.0,"(1, 2)",667e6da95ae0a25f225ae6e6
24.0,24.0,5173,test,1461.5000000000066,1.0,1.0,"(1, 2)",667e6da95ae0a25f225ae6e6
24.0,24.0,5174,test,1461.5000000000066,1.0,1.0,"(1, 2)",667e6da95ae0a25f225ae6e6
24.0,24.0,5175,test,1461.5000000000066,1.0,1.0,"(1, 2)",667e6da95ae0a25f225ae6e6
24.0,24.0,5176,test,1461.5000000000066,1.0,1.0,"(1, 2)",667e6da95ae0a25f225ae6e6
24.0,24.0,5177,test,1461.5000000000066,1.0,1.0,"(1, 2)",667e6da95ae0a25f225ae6e6
24.0,24.0,5178,test,1461.5000000000066,1.0,1.0,"(1, 2)",667e6da95ae0a25f225ae6e6
24.0,24.0,5179,test,1461.5000000000066,1.0,1.0,"(1, 2)",667e6da95ae0a25f225ae6e6
24.0,24.0,5180,test,1461.5000000000066,1.0,1.0,"(1, 2)",667e6da95ae0a25f225ae6e6
24.0,24.0,5181,test,1461.5000000000066,1.0,1.0,"(1, 2)",667e6da95ae0a25f225ae6e6
24.0,24.0,5182,test,1461.5000000000066,1.0,1.0,"(1, 2)",667e6da95ae0a25f225ae6e6
24.0,24.0,5183,test,1461.5000000000066,1.0,1.0,"(1, 2)",667e6da95ae0a25f225ae6e6
24.0,24.0,5184,test,1461.5000000000066,1.0,1.0,"(1, 2)",667e6da95ae0a25f225ae6e6
24.0,24.0,5185,test,1461.5000000000066,1.0,1.0,"(1, 2)",667e6da95ae0a25f225ae6e6
24.0,25.24999999999993,5186,test,1462.7500000000066,1.0,1.0,"(1, 2)",667e6da95ae0a25f225ae6e6
24.0,26.499999999999858,5187,test,1464.0000000000066,1.0,1.0,"(1, 2)",667e6da95ae0a25f225ae6e6
24.0,27.749999999999787,5188,test,1465.2500000000066,1.0,1.0,"(1, 2)",667e6da95ae0a25f225ae6e6
24.0,28.999999999999716,5189,test,1466.5000000000066,1.0,1.0,"(1, 2)",667e6da95ae0a25f225ae6e6
24.0,30.249999999999645,5190,test,1467.7500000000066,1.0,1.0,"(1, 2)",667e6da95ae0a25f225ae6e6
24.0,31.499999999999574,5191,test,1469.0000000000066,1.0,1.0,"(1, 2)",667e6da95ae0a25f225ae6e6
24.0,32.749999999999716,5192,test,1470.2500000000068,1.0,1.0,"(1, 2)",667e6da95ae0a25f225ae6e6
24.0,34.0,5193,test,1471.500000000007,1.0,1.0,"(1, 2)",667e6da95ae0a25f225ae6e6
24.0,35.250000000000284,5194,test,1472.7500000000073,1.0,1.0,"(1, 2)",667e6da95ae0a25f225ae6e6
24.0,36.50000000000057,5195,test,1474.0000000000075,1.0,1.0,"(1, 2)",667e6da95ae0a25f225ae6e6
24.0,37.75000000000085,5196,test,1475.2500000000077,1.0,1.0,"(1, 2)",667e6da95ae0a25f225ae6e6
24.0,39.00000000000114,5197,test,1476.500000000008,1.0,1.0,"(1, 2)",667e6da95ae0a25f225ae6e6
24.0,40.25000000000142,5198,test,1477.7500000000082,1.0,1.0,"(1, 2)",667e6da95ae0a25f225ae6e6
24.0,41.500000000001705,5199,test,1479.0000000000084,1.0,1.0,"(1, 2)",667e6da95ae0a25f225ae6e6
24.0,42.75000000000199,5200,test,1480.2500000000086,1.0,1.0,"(1, 2)",667e6da95ae0a25f225ae6e6
24.0,44.000000000002274,5201,test,1481.5000000000089,1.0,1.0,"(1, 2)",667e6da95ae0a25f225ae6e6
24.0,45.25000000000256,5202,test,1482.750000000009,1.0,1.0,"(1, 2)",667e6da95ae0a25f225ae6e6
24.0,46.50000000000284,5203,test,1484.0000000000093,1.0,1.0,"(1, 2)",667e6da95ae0a25f225ae6e6
24.0,47.750000000003126,5204,test,1485.2500000000095,1.0,1.0,"(1, 2)",667e6da95ae0a25f225ae6e6
24.0,49.00000000000341,5205,test,1486.5000000000098,1.0,1.0,"(1, 2)",667e6da95ae0a25f225ae6e6
24.0,50.250000000003695,5206,test,1487.75000000001,1.0,1.0,"(1, 2)",667e6da95ae0a25f225ae6e6
24.0,51.50000000000398,5207,test,1489.0000000000102,1.0,1.0,"(1, 2)",667e6da95ae0a25f225ae6e6
24.0,52.75000000000426,5208,test,1490.2500000000105,1.0,1.0,"(1, 2)",667e6da95ae0a25f225ae6e6
24.0,54.00000000000455,5209,test,1491.5000000000107,1.0,1.0,"(1, 2)",667e6da95ae0a25f225ae6e6
24.0,55.25000000000483,5210,test,1492.750000000011,1.0,1.0,"(1, 2)",667e6da95ae0a25f225ae6e6
24.0,56.500000000005116,5211,test,1494.0000000000111,1.0,1.0,"(1, 2)",667e6da95ae0a25f225ae6e6
24.0,57.7500000000054,5212,test,1495.2500000000114,1.0,1.0,"(1, 2)",667e6da95ae0a25f225ae6e6
24.0,59.000000000005684,5213,test,1496.5000000000116,1.0,1.0,"(1, 2)",667e6da95ae0a25f225ae6e6
24.0,60.25000000000597,5214,test,1497.7500000000118,1.0,1.0,"(1, 2)",667e6da95ae0a25f225ae6e6
24.0,61.50000000000625,5215,test,1499.000000000012,1.0,1.0,"(1, 2)",667e6da95ae0a25f225ae6e6
24.0,62.75000000000654,5216,test,1500.2500000000123,1.0,1.0,"(1, 2)",667e6da95ae0a25f225ae6e6
24.0,64.00000000000682,5217,test,1501.5000000000125,1.0,1.0,"(1, 2)",667e6da95ae0a25f225ae6e6
24.0,65.2500000000071,5218,test,1502.7500000000127,1.0,1.0,"(1, 2)",667e6da95ae0a25f225ae6e6
24.0,66.50000000000739,5219,test,1504.000000000013,1.0,1.0,"(1, 2)",667e6da95ae0a25f225ae6e6
24.0,67.75000000000767,5220,test,1505.2500000000132,1.0,1.0,"(1, 2)",667e6da95ae0a25f225ae6e6
24.0,69.00000000000796,5221,test,1506.5000000000134,1.0,1.0,"(1, 2)",667e6da95ae0a25f225ae6e6
24.0,70.25000000000824,5222,test,1507.7500000000136,1.0,1.0,"(1, 2)",667e6da95ae0a25f225ae6e6
24.0,71.50000000000853,5223,test,1509.0000000000139,1.0,1.0,"(1, 2)",667e6da95ae0a25f225ae6e6
24.0,72.0,5224,test,1509.5000000000055,1.0,1.0,"(1, 2)",667e6da95ae0a25f225ae6e6
24.0,72.0,5225,test,1509.5000000000055,1.0,1.0,"(1, 2)",667e6da95ae0a25f225ae6e6
24.0,72.0,5226,test,1509.5000000000055,1.0,1.0,"(1, 2)",667e6da95ae0a25f225ae6e6
24.0,72.0,5227,test,1509.5000000000055,1.0,1.0,"(1, 2)",667e6da95ae0a25f225ae6e6
24.0,72.0,5228,test,1509.5000000000055,1.0,1.0,"(1, 2)",667e6da95ae0a25f225ae6e6
24.0,72.0,5229,test,1509.5000000000055,1.0,1.0,"(1, 2)",667e6da95ae0a25f225ae6e6
24.0,72.0,5230,test,1509.5000000000055,1.0,1.0,"(1, 2)",667e6da95ae0a25f225ae6e6
24.0,72.0,5231,test,1509.5000000000055,1.0,1.0,"(1, 2)",667e6da95ae0a25f225ae6e6
24.0,72.0,5232,test,1509.5000000000055,1.0,1.0,"(1, 2)",667e6da95ae0a25f225ae6e6
24.0,72.0,5233,test,1509.5000000000055,1.0,1.0,"(1, 2)",667e6da95ae0a25f225ae6e6
24.0,72.0,5234,test,1509.5000000000055,1.0,1.0,"(1, 2)",667e6da95ae0a25f225ae6e6
24.0,70.74999999999972,5235,test,1510.7500000000057,1.0,1.0,"(1, 2)",667e6da95ae0a25f225ae6e6
24.0,69.49999999999943,5236,test,1512.000000000006,1.0,1.0,"(1, 2)",667e6da95ae0a25f225ae6e6
24.0,68.24999999999915,5237,test,1513.2500000000061,1.0,1.0,"(1, 2)",667e6da95ae0a25f225ae6e6
24.0,66.99999999999886,5238,test,1514.5000000000064,1.0,1.0,"(1, 2)",667e6da95ae0a25f225ae6e6
24.0,65.74999999999858,5239,test,1515.7500000000066,1.0,1.0,"(1, 2)",667e6da95ae0a25f225ae6e6
24.0,64.4999999999983,5240,test,1517.0000000000068,1.0,1.0,"(1, 2)",667e6da95ae0a25f225ae6e6
24.0,63.24999999999801,5241,test,1518.250000000007,1.0,1.0,"(1, 2)",667e6da95ae0a25f225ae6e6
24.0,61.999999999997726,5242,test,1519.5000000000073,1.0,1.0,"(1, 2)",667e6da95ae0a25f225ae6e6
24.0,60.74999999999744,5243,test,1520.7500000000075,1.0,1.0,"(1, 2)",667e6da95ae0a25f225ae6e6
24.0,59.49999999999716,5244,test,1522.0000000000077,1.0,1.0,"(1, 2)",667e6da95ae0a25f225ae6e6
24.0,58.249999999996874,5245,test,1523.250000000008,1.0,1.0,"(1, 2)",667e6da95ae0a25f225ae6e6
24.0,56.99999999999659,5246,test,1524.5000000000082,1.0,1.0,"(1, 2)",667e6da95ae0a25f225ae6e6
24.0,55.749999999996305,5247,test,1525.7500000000084,1.0,1.0,"(1, 2)",667e6da95ae0a25f225ae6e6
24.0,54.49999999999602,5248,test,1527.0000000000086,1.0,1.0,"(1, 2)",667e6da95ae0a25f225ae6e6
24.0,53.24999999999574,5249,test,1528.2500000000089,1.0,1.0,"(1, 2)",667e6da95ae0a25f225ae6e6
24.0,51.99999999999545,5250,test,1529.500000000009,1.0,1.0,"(1, 2)",667e6da95ae0a25f225ae6e6
24.0,50.74999999999517,5251,test,1530.7500000000093,1.0,1.0,"(1, 2)",667e6da95ae0a25f225ae6e6
24.0,49.499999999994884,5252,test,1532.0000000000095,1.0,1.0,"(1, 2)",667e6da95ae0a25f225ae6e6
24.0,48.2499999999946,5253,test,1533.2500000000098,1.0,1.0,"(1, 2)",667e6da95ae0a25f225ae6e6
24.0,46.999999999994316,5254,test,1534.50000000001,1.0,1.0,"(1, 2)",667e6da95ae0a25f225ae6e6
24.0,45.74999999999403,5255,test,1535.7500000000102,1.0,1.0,"(1, 2)",667e6da95ae0a25f225ae6e6
24.0,44.49999999999375,5256,test,1537.0000000000105,1.0,1.0,"(1, 2)",667e6da95ae0a25f225ae6e6
24.0,43.24999999999346,5257,test,1538.2500000000107,1.0,1.0,"(1, 2)",667e6da95ae0a25f225ae6e6
24.0,41.99999999999318,5258,test,1539.500000000011,1.0,1.0,"(1, 2)",667e6da95ae0a25f225ae6e6
24.0,40.749999999992895,5259,test,1540.7500000000111,1.0,1.0,"(1, 2)",667e6da95ae0a25f225ae6e6
24.0,39.49999999999261,5260,test,1542.0000000000114,1.0,1.0,"(1, 2)",667e6da95ae0a25f225ae6e6
24.0,38.249999999992326,5261,test,1543.2500000000116,1.0,1.0,"(1, 2)",667e6da95ae0a25f225ae6e6
24.0,36.99999999999204,5262,test,1544.5000000000118,1.0,1.0,"(1, 2)",667e6da95ae0a25f225ae6e6
24.0,35.74999999999176,5263,test,1545.750000000012,1.0,1.0,"(1, 2)",667e6da95ae0a25f225ae6e6
24.0,34.49999999999147,5264,test,1547.0000000000123,1.0,1.0,"(1, 2)",667e6da95ae0a25f225ae6e6
24.0,33.24999999999119,5265,test,1548.2500000000125,1.0,1.0,"(1, 2)",667e6da95ae0a25f225ae6e6
24.0,31.99999999999091,5266,test,1549.5000000000127,1.0,1.0,"(1, 2)",667e6da95ae0a25f225ae6e6
24.0,30.74999999999098,5267,test,1550.7500000000127,1.0,1.0,"(1, 2)",667e6da95ae0a25f225ae6e6
24.0,29.49999999999105,5268,test,1552.0000000000127,1.0,1.0,"(1, 2)",667e6da95ae0a25f225ae6e6
24.0,28.24999999999112,5269,test,1553.2500000000127,1.0,1.0,"(1, 2)",667e6da95ae0a25f225ae6e6
24.0,26.999999999991193,5270,test,1554.5000000000127,1.0,1.0,"(1, 2)",667e6da95ae0a25f225ae6e6
24.0,25.749999999991264,5271,test,1555.7500000000127,1.0,1.0,"(1, 2)",667e6da95ae0a25f225ae6e6
24.0,24.499999999991335,5272,test,1557.0000000000127,1.0,1.0,"(1, 2)",667e6da95ae0a25f225ae6e6
24.0,24.0,5273,test,1557.500000000004,1.0,1.0,"(1, 2)",667e6da95ae0a25f225ae6e6
24.0,24.0,5274,test,1557.500000000004,1.0,1.0,"(1, 2)",667e6da95ae0a25f225ae6e6
24.0,24.0,5275,test,1557.500000000004,1.0,1.0,"(1, 2)",667e6da95ae0a25f225ae6e6
24.0,24.0,5276,test,1557.500000000004,1.0,1.0,"(1, 2)",667e6da95ae0a25f225ae6e6
24.0,24.0,5277,test,1557.500000000004,1.0,1.0,"(1, 2)",667e6da95ae0a25f225ae6e6
24.0,24.0,5278,test,1557.500000000004,1.0,1.0,"(1, 2)",667e6da95ae0a25f225ae6e6
24.0,24.0,5279,test,1557.500000000004,1.0,1.0,"(1, 2)",667e6da95ae0a25f225ae6e6
24.0,24.0,5280,test,1557.500000000004,1.0,1.0,"(1, 2)",667e6da95ae0a25f225ae6e6
24.0,24.0,5281,test,1557.500000000004,1.0,1.0,"(1, 2)",667e6da95ae0a25f225ae6e6
24.0,24.0,5282,test,1557.500000000004,1.0,1.0,"(1, 2)",667e6da95ae0a25f225ae6e6
24.0,24.0,5283,test,1557.500000000004,1.0,1.0,"(1, 2)",667e6da95ae0a25f225ae6e6
24.0,24.0,5284,test,1557.500000000004,1.0,1.0,"(1, 2)",667e6da95ae0a25f225ae6e6
24.0,24.0,5285,test,1557.500000000004,1.0,1.0,"(1, 2)",667e6da95ae0a25f225ae6e6
24.0,24.0,5286,test,1557.500000000004,1.0,1.0,"(1, 2)",667e6da95ae0a25f225ae6e6
24.0,24.0,5287,test,1557.500000000004,1.0,1.0,"(1, 2)",667e6da95ae0a25f225ae6e6
24.0,24.0,5288,test,1557.500000000004,1.0,1.0,"(1, 2)",667e6da95ae0a25f225ae6e6
24.0,24.0,5289,test,1557.500000000004,1.0,1.0,"(1, 2)",667e6da95ae0a25f225ae6e6
24.0,24.0,5290,test,1557.500000000004,1.0,1.0,"(1, 2)",667e6da95ae0a25f225ae6e6
24.0,24.0,5291,test,1557.500000000004,1.0,1.0,"(1, 2)",667e6da95ae0a25f225ae6e6
24.0,24.0,5292,test,1557.500000000004,1.0,1.0,"(1, 2)",667e6da95ae0a25f225ae6e6
24.0,24.0,5293,test,1557.500000000004,1.0,1.0,"(1, 2)",667e6da95ae0a25f225ae6e6
24.0,24.0,5294,test,1557.500000000004,1.0,1.0,"(1, 2)",667e6da95ae0a25f225ae6e6
24.0,24.0,5295,test,1557.500000000004,1.0,1.0,"(1, 2)",667e6da95ae0a25f225ae6e6
24.0,24.0,5296,test,1557.500000000004,1.0,1.0,"(1, 2)",667e6da95ae0a25f225ae6e6
24.0,24.0,5297,test,1557.500000000004,1.0,1.0,"(1, 2)",667e6da95ae0a25f225ae6e6
24.0,24.0,5298,test,1557.500000000004,1.0,1.0,"(1, 2)",667e6da95ae0a25f225ae6e6
24.0,24.0,5299,test,1557.500000000004,1.0,1.0,"(1, 2)",667e6da95ae0a25f225ae6e6
24.0,24.0,5300,test,1557.500000000004,1.0,1.0,"(1, 2)",667e6da95ae0a25f225ae6e6
24.0,25.24999999999993,5301,test,1558.750000000004,1.0,1.0,"(1, 2)",667e6da95ae0a25f225ae6e6
24.0,26.499999999999858,5302,test,1560.000000000004,1.0,1.0,"(1, 2)",667e6da95ae0a25f225ae6e6
24.0,27.749999999999787,5303,test,1561.250000000004,1.0,1.0,"(1, 2)",667e6da95ae0a25f225ae6e6
24.0,28.999999999999716,5304,test,1562.500000000004,1.0,1.0,"(1, 2)",667e6da95ae0a25f225ae6e6
24.0,30.249999999999645,5305,test,1563.750000000004,1.0,1.0,"(1, 2)",667e6da95ae0a25f225ae6e6
24.0,31.499999999999574,5306,test,1565.000000000004,1.0,1.0,"(1, 2)",667e6da95ae0a25f225ae6e6
24.0,32.749999999999716,5307,test,1566.2500000000043,1.0,1.0,"(1, 2)",667e6da95ae0a25f225ae6e6
24.0,34.0,5308,test,1567.5000000000045,1.0,1.0,"(1, 2)",667e6da95ae0a25f225ae6e6
24.0,35.250000000000284,5309,test,1568.7500000000048,1.0,1.0,"(1, 2)",667e6da95ae0a25f225ae6e6
24.0,36.50000000000057,5310,test,1570.000000000005,1.0,1.0,"(1, 2)",667e6da95ae0a25f225ae6e6
24.0,37.75000000000085,5311,test,1571.2500000000052,1.0,1.0,"(1, 2)",667e6da95ae0a25f225ae6e6
24.0,39.00000000000114,5312,test,1572.5000000000055,1.0,1.0,"(1, 2)",667e6da95ae0a25f225ae6e6
24.0,40.0,5313,test,1573.5000000000043,1.0,1.0,"(1, 2)",667e6da95ae0a25f225ae6e6
24.0,40.0,5314,test,1573.5000000000043,1.0,1.0,"(1, 2)",667e6da95ae0a25f225ae6e6
24.0,40.0,5315,test,1573.5000000000043,1.0,1.0,"(1, 2)",667e6da95ae0a25f225ae6e6
24.0,40.0,5316,test,1573.5000000000043,1.0,1.0,"(1, 2)",667e6da95ae0a25f225ae6e6
24.0,40.0,5317,test,1573.5000000000043,1.0,1.0,"(1, 2)",667e6da95ae0a25f225ae6e6
24.0,40.0,5318,test,1573.5000000000043,1.0,1.0,"(1, 2)",667e6da95ae0a25f225ae6e6
24.0,40.0,5319,test,1573.5000000000043,1.0,1.0,"(1, 2)",667e6da95ae0a25f225ae6e6
24.0,40.0,5320,test,1573.5000000000043,1.0,1.0,"(1, 2)",667e6da95ae0a25f225ae6e6
24.0,40.0,5321,test,1573.5000000000043,1.0,1.0,"(1, 2)",667e6da95ae0a25f225ae6e6
24.0,40.0,5322,test,1573.5000000000043,1.0,1.0,"(1, 2)",667e6da95ae0a25f225ae6e6
24.0,40.0,5323,test,1573.5000000000043,1.0,1.0,"(1, 2)",667e6da95ae0a25f225ae6e6
24.0,40.0,5324,test,1573.5000000000043,1.0,1.0,"(1, 2)",667e6da95ae0a25f225ae6e6
24.0,40.0,5325,test,1573.5000000000043,1.0,1.0,"(1, 2)",667e6da95ae0a25f225ae6e6
24.0,40.0,5326,test,1573.5000000000043,1.0,1.0,"(1, 2)",667e6da95ae0a25f225ae6e6
24.0,40.0,5327,test,1573.5000000000043,1.0,1.0,"(1, 2)",667e6da95ae0a25f225ae6e6
24.0,40.0,5328,test,1573.5000000000043,1.0,1.0,"(1, 2)",667e6da95ae0a25f225ae6e6
24.0,40.0,5329,test,1573.5000000000043,1.0,1.0,"(1, 2)",667e6da95ae0a25f225ae6e6
24.0,40.0,5330,test,1573.5000000000043,1.0,1.0,"(1, 2)",667e6da95ae0a25f225ae6e6
24.0,40.0,5331,test,1573.5000000000043,1.0,1.0,"(1, 2)",667e6da95ae0a25f225ae6e6
24.0,40.0,5332,test,1573.5000000000043,1.0,1.0,"(1, 2)",667e6da95ae0a25f225ae6e6
24.0,40.0,5333,test,1573.5000000000043,1.0,1.0,"(1, 2)",667e6da95ae0a25f225ae6e6
24.0,40.0,5334,test,1573.5000000000043,1.0,1.0,"(1, 2)",667e6da95ae0a25f225ae6e6
24.0,40.0,5335,test,1573.5000000000043,1.0,1.0,"(1, 2)",667e6da95ae0a25f225ae6e6
24.0,40.0,5336,test,1573.5000000000043,1.0,1.0,"(1, 2)",667e6da95ae0a25f225ae6e6
24.0,40.0,5337,test,1573.5000000000043,1.0,1.0,"(1, 2)",667e6da95ae0a25f225ae6e6
24.0,40.0,5338,test,1573.5000000000043,1.0,1.0,"(1, 2)",667e6da95ae0a25f225ae6e6
24.0,40.0,5339,test,1573.5000000000043,1.0,1.0,"(1, 2)",667e6da95ae0a25f225ae6e6
24.0,40.0,5340,test,1573.5000000000043,1.0,1.0,"(1, 2)",667e6da95ae0a25f225ae6e6
24.0,40.0,5341,test,1573.5000000000043,1.0,1.0,"(1, 2)",667e6da95ae0a25f225ae6e6
24.0,40.0,5342,test,1573.5000000000043,1.0,1.0,"(1, 2)",667e6da95ae0a25f225ae6e6
24.0,40.0,5343,test,1573.5000000000043,1.0,1.0,"(1, 2)",667e6da95ae0a25f225ae6e6
24.0,40.0,5344,test,1573.5000000000043,1.0,1.0,"(1, 2)",667e6da95ae0a25f225ae6e6
24.0,40.0,5345,test,1573.5000000000043,1.0,1.0,"(1, 2)",667e6da95ae0a25f225ae6e6
24.0,40.0,5346,test,1573.5000000000043,1.0,1.0,"(1, 2)",667e6da95ae0a25f225ae6e6
24.0,40.0,5347,test,1573.5000000000043,1.0,1.0,"(1, 2)",667e6da95ae0a25f225ae6e6
24.0,40.0,5348,test,1573.5000000000043,1.0,1.0,"(1, 2)",667e6da95ae0a25f225ae6e6
24.0,40.0,5349,test,1573.5000000000043,1.0,1.0,"(1, 2)",667e6da95ae0a25f225ae6e6
24.0,40.0,5350,test,1573.5000000000043,1.0,1.0,"(1, 2)",667e6da95ae0a25f225ae6e6
24.0,40.0,5351,test,1573.5000000000043,1.0,1.0,"(1, 2)",667e6da95ae0a25f225ae6e6
24.0,40.0,5352,test,1573.5000000000043,1.0,1.0,"(1, 2)",667e6da95ae0a25f225ae6e6
24.0,40.0,5353,test,1573.5000000000043,1.0,1.0,"(1, 2)",667e6da95ae0a25f225ae6e6
24.0,40.0,5354,test,1573.5000000000043,1.0,1.0,"(1, 2)",667e6da95ae0a25f225ae6e6
24.0,40.0,5355,test,1573.5000000000043,1.0,1.0,"(1, 2)",667e6da95ae0a25f225ae6e6
24.0,40.0,5356,test,1573.5000000000043,1.0,1.0,"(1, 2)",667e6da95ae0a25f225ae6e6
24.0,40.0,5357,test,1573.5000000000043,1.0,1.0,"(1, 2)",667e6da95ae0a25f225ae6e6
24.0,40.0,5358,test,1573.5000000000043,1.0,1.0,"(1, 2)",667e6da95ae0a25f225ae6e6
24.0,40.0,5359,test,1573.5000000000043,1.0,1.0,"(1, 2)",667e6da95ae0a25f225ae6e6
24.0,40.0,5360,test,1573.5000000000043,1.0,1.0,"(1, 2)",667e6da95ae0a25f225ae6e6
24.0,40.0,5361,test,1573.5000000000043,1.0,1.0,"(1, 2)",667e6da95ae0a25f225ae6e6
24.0,40.0,5362,test,1573.5000000000043,1.0,1.0,"(1, 2)",667e6da95ae0a25f225ae6e6
24.0,40.0,5363,test,1573.5000000000043,1.0,1.0,"(1, 2)",667e6da95ae0a25f225ae6e6
24.0,40.0,5364,test,1573.5000000000043,1.0,1.0,"(1, 2)",667e6da95ae0a25f225ae6e6
24.0,40.0,5365,test,1573.5000000000043,1.0,1.0,"(1, 2)",667e6da95ae0a25f225ae6e6
24.0,40.0,5366,test,1573.5000000000043,1.0,1.0,"(1, 2)",667e6da95ae0a25f225ae6e6
24.0,40.0,5367,test,1573.5000000000043,1.0,1.0,"(1, 2)",667e6da95ae0a25f225ae6e6
24.0,40.0,5368,test,1573.5000000000043,1.0,1.0,"(1, 2)",667e6da95ae0a25f225ae6e6
24.0,40.0,5369,test,1573.5000000000043,1.0,1.0,"(1, 2)",667e6da95ae0a25f225ae6e6
24.0,40.0,5370,test,1573.5000000000043,1.0,1.0,"(1, 2)",667e6da95ae0a25f225ae6e6
24.0,40.0,5371,test,1573.5000000000043,1.0,1.0,"(1, 2)",667e6da95ae0a25f225ae6e6
24.0,40.0,5372,test,1573.5000000000043,1.0,1.0,"(1, 2)",667e6da95ae0a25f225ae6e6
24.0,40.0,5373,test,1573.5000000000043,1.0,1.0,"(1, 2)",667e6da95ae0a25f225ae6e6
24.0,40.0,5374,test,1573.5000000000043,1.0,1.0,"(1, 2)",667e6da95ae0a25f225ae6e6
24.0,40.0,5375,test,1573.5000000000043,1.0,1.0,"(1, 2)",667e6da95ae0a25f225ae6e6
24.0,40.0,5376,test,1573.5000000000043,1.0,1.0,"(1, 2)",667e6da95ae0a25f225ae6e6
24.0,40.0,5377,test,1573.5000000000043,1.0,1.0,"(1, 2)",667e6da95ae0a25f225ae6e6
24.0,40.0,5378,test,1573.5000000000043,1.0,1.0,"(1, 2)",667e6da95ae0a25f225ae6e6
24.0,40.0,5379,test,1573.5000000000043,1.0,1.0,"(1, 2)",667e6da95ae0a25f225ae6e6
24.0,40.0,5380,test,1573.5000000000043,1.0,1.0,"(1, 2)",667e6da95ae0a25f225ae6e6
24.0,40.0,5381,test,1573.5000000000043,1.0,1.0,"(1, 2)",667e6da95ae0a25f225ae6e6
24.0,40.0,5382,test,1573.5000000000043,1.0,1.0,"(1, 2)",667e6da95ae0a25f225ae6e6
24.0,40.0,5383,test,1573.5000000000043,1.0,1.0,"(1, 2)",667e6da95ae0a25f225ae6e6
24.0,40.0,5384,test,1573.5000000000043,1.0,1.0,"(1, 2)",667e6da95ae0a25f225ae6e6
24.0,40.0,5385,test,1573.5000000000043,1.0,1.0,"(1, 2)",667e6da95ae0a25f225ae6e6
24.0,40.0,5386,test,1573.5000000000043,1.0,1.0,"(1, 2)",667e6da95ae0a25f225ae6e6
24.0,40.0,5387,test,1573.5000000000043,1.0,1.0,"(1, 2)",667e6da95ae0a25f225ae6e6
24.0,40.0,5388,test,1573.5000000000043,1.0,1.0,"(1, 2)",667e6da95ae0a25f225ae6e6
24.0,40.0,5389,test,1573.5000000000043,1.0,1.0,"(1, 2)",667e6da95ae0a25f225ae6e6
24.0,40.0,5390,test,1573.5000000000043,1.0,1.0,"(1, 2)",667e6da95ae0a25f225ae6e6
24.0,40.0,5391,test,1573.5000000000043,1.0,1.0,"(1, 2)",667e6da95ae0a25f225ae6e6
24.0,40.0,5392,test,1573.5000000000043,1.0,1.0,"(1, 2)",667e6da95ae0a25f225ae6e6
24.0,40.0,5393,test,1573.5000000000043,1.0,1.0,"(1, 2)",667e6da95ae0a25f225ae6e6
24.0,40.0,5394,test,1573.5000000000043,1.0,1.0,"(1, 2)",667e6da95ae0a25f225ae6e6
24.0,40.0,5395,test,1573.5000000000043,1.0,1.0,"(1, 2)",667e6da95ae0a25f225ae6e6
24.0,40.0,5396,test,1573.5000000000043,1.0,1.0,"(1, 2)",667e6da95ae0a25f225ae6e6
24.0,40.0,5397,test,1573.5000000000043,1.0,1.0,"(1, 2)",667e6da95ae0a25f225ae6e6
24.0,40.0,5398,test,1573.5000000000043,1.0,1.0,"(1, 2)",667e6da95ae0a25f225ae6e6
24.0,40.0,5399,test,1573.5000000000043,1.0,1.0,"(1, 2)",667e6da95ae0a25f225ae6e6
24.0,40.0,5400,test,1573.5000000000043,1.0,1.0,"(1, 2)",667e6da95ae0a25f225ae6e6
24.0,40.0,5401,test,1573.5000000000043,1.0,1.0,"(1, 2)",667e6da95ae0a25f225ae6e6
24.0,40.0,5402,test,1573.5000000000043,1.0,1.0,"(1, 2)",667e6da95ae0a25f225ae6e6
24.0,40.0,5403,test,1573.5000000000043,1.0,1.0,"(1, 2)",667e6da95ae0a25f225ae6e6
24.0,40.0,5404,test,1573.5000000000043,1.0,1.0,"(1, 2)",667e6da95ae0a25f225ae6e6
24.0,40.0,5405,test,1573.5000000000043,1.0,1.0,"(1, 2)",667e6da95ae0a25f225ae6e6
24.0,40.0,5406,test,1573.5000000000043,1.0,1.0,"(1, 2)",667e6da95ae0a25f225ae6e6
24.0,40.0,5407,test,1573.5000000000043,1.0,1.0,"(1, 2)",667e6da95ae0a25f225ae6e6
24.0,40.0,5408,test,1573.5000000000043,1.0,1.0,"(1, 2)",667e6da95ae0a25f225ae6e6
24.0,40.0,5409,test,1573.5000000000043,1.0,1.0,"(1, 2)",667e6da95ae0a25f225ae6e6
24.0,40.0,5410,test,1573.5000000000043,1.0,1.0,"(1, 2)",667e6da95ae0a25f225ae6e6
24.0,40.0,5411,test,1573.5000000000043,1.0,1.0,"(1, 2)",667e6da95ae0a25f225ae6e6
24.0,40.0,5412,test,1573.5000000000043,1.0,1.0,"(1, 2)",667e6da95ae0a25f225ae6e6
24.0,40.0,5413,test,1573.5000000000043,1.0,1.0,"(1, 2)",667e6da95ae0a25f225ae6e6
24.0,40.0,5414,test,1573.5000000000043,1.0,1.0,"(1, 2)",667e6da95ae0a25f225ae6e6
24.0,40.0,5415,test,1573.5000000000043,1.0,1.0,"(1, 2)",667e6da95ae0a25f225ae6e6
24.0,40.0,5416,test,1573.5000000000043,1.0,1.0,"(1, 2)",667e6da95ae0a25f225ae6e6
24.0,40.0,5417,test,1573.5000000000043,1.0,1.0,"(1, 2)",667e6da95ae0a25f225ae6e6
24.0,40.0,5418,test,1573.5000000000043,1.0,1.0,"(1, 2)",667e6da95ae0a25f225ae6e6
24.0,40.0,5419,test,1573.5000000000043,1.0,1.0,"(1, 2)",667e6da95ae0a25f225ae6e6
24.0,40.0,5420,test,1573.5000000000043,1.0,1.0,"(1, 2)",667e6da95ae0a25f225ae6e6
24.0,40.0,5421,test,1573.5000000000043,1.0,1.0,"(1, 2)",667e6da95ae0a25f225ae6e6
24.0,40.0,5422,test,1573.5000000000043,1.0,1.0,"(1, 2)",667e6da95ae0a25f225ae6e6
24.0,40.0,5423,test,1573.5000000000043,1.0,1.0,"(1, 2)",667e6da95ae0a25f225ae6e6
24.0,40.0,5424,test,1573.5000000000043,1.0,1.0,"(1, 2)",667e6da95ae0a25f225ae6e6
24.0,40.0,5425,test,1573.5000000000043,1.0,1.0,"(1, 2)",667e6da95ae0a25f225ae6e6
24.0,40.0,5426,test,1573.5000000000043,1.0,1.0,"(1, 2)",667e6da95ae0a25f225ae6e6
24.0,40.0,5427,test,1573.5000000000043,1.0,1.0,"(1, 2)",667e6da95ae0a25f225ae6e6
24.0,40.0,5428,test,1573.5000000000043,1.0,1.0,"(1, 2)",667e6da95ae0a25f225ae6e6
24.0,40.0,5429,test,1573.5000000000043,1.0,1.0,"(1, 2)",667e6da95ae0a25f225ae6e6
24.0,40.0,5430,test,1573.5000000000043,1.0,1.0,"(1, 2)",667e6da95ae0a25f225ae6e6
24.0,38.749999999999716,5431,test,1574.7500000000045,1.0,1.0,"(1, 2)",667e6da95ae0a25f225ae6e6
24.0,37.49999999999943,5432,test,1576.0000000000048,1.0,1.0,"(1, 2)",667e6da95ae0a25f225ae6e6
24.0,36.24999999999915,5433,test,1577.250000000005,1.0,1.0,"(1, 2)",667e6da95ae0a25f225ae6e6
24.0,34.99999999999886,5434,test,1578.5000000000052,1.0,1.0,"(1, 2)",667e6da95ae0a25f225ae6e6
24.0,33.74999999999858,5435,test,1579.7500000000055,1.0,1.0,"(1, 2)",667e6da95ae0a25f225ae6e6
24.0,32.499999999998295,5436,test,1581.0000000000057,1.0,1.0,"(1, 2)",667e6da95ae0a25f225ae6e6
24.0,31.249999999998227,5437,test,1582.2500000000057,1.0,1.0,"(1, 2)",667e6da95ae0a25f225ae6e6
24.0,29.9999999999983,5438,test,1583.5000000000057,1.0,1.0,"(1, 2)",667e6da95ae0a25f225ae6e6
24.0,28.74999999999837,5439,test,1584.7500000000057,1.0,1.0,"(1, 2)",667e6da95ae0a25f225ae6e6
24.0,27.49999999999844,5440,test,1586.0000000000057,1.0,1.0,"(1, 2)",667e6da95ae0a25f225ae6e6
24.0,26.24999999999851,5441,test,1587.2500000000057,1.0,1.0,"(1, 2)",667e6da95ae0a25f225ae6e6
24.0,24.999999999998582,5442,test,1588.5000000000057,1.0,1.0,"(1, 2)",667e6da95ae0a25f225ae6e6
24.0,24.0,5443,test,1589.5000000000043,1.0,1.0,"(1, 2)",667e6da95ae0a25f225ae6e6
24.0,24.0,5444,test,1589.5000000000043,1.0,1.0,"(1, 2)",667e6da95ae0a25f225ae6e6
24.0,24.0,5445,test,1589.5000000000043,1.0,1.0,"(1, 2)",667e6da95ae0a25f225ae6e6
24.0,24.0,5446,test,1589.5000000000043,1.0,1.0,"(1, 2)",667e6da95ae0a25f225ae6e6
24.0,24.0,5447,test,1589.5000000000043,1.0,1.0,"(1, 2)",667e6da95ae0a25f225ae6e6
24.0,24.0,5448,test,1589.5000000000043,1.0,1.0,"(1, 2)",667e6da95ae0a25f225ae6e6
24.0,24.0,5449,test,1589.5000000000043,1.0,1.0,"(1, 2)",667e6da95ae0a25f225ae6e6
24.0,24.0,5450,test,1589.5000000000043,1.0,1.0,"(1, 2)",667e6da95ae0a25f225ae6e6
24.0,24.0,5451,test,1589.5000000000043,1.0,1.0,"(1, 2)",667e6da95ae0a25f225ae6e6
24.0,24.0,5452,test,1589.5000000000043,1.0,1.0,"(1, 2)",667e6da95ae0a25f225ae6e6
24.0,24.0,5453,test,1589.5000000000043,1.0,1.0,"(1, 2)",667e6da95ae0a25f225ae6e6
24.0,24.0,5454,test,1589.5000000000043,1.0,1.0,"(1, 2)",667e6da95ae0a25f225ae6e6
24.0,24.0,5455,test,1589.5000000000043,1.0,1.0,"(1, 2)",667e6da95ae0a25f225ae6e6
24.0,24.0,5456,test,1589.5000000000043,1.0,1.0,"(1, 2)",667e6da95ae0a25f225ae6e6
24.0,24.0,5457,test,1589.5000000000043,1.0,1.0,"(1, 2)",667e6da95ae0a25f225ae6e6
24.0,24.0,5458,test,1589.5000000000043,1.0,1.0,"(1, 2)",667e6da95ae0a25f225ae6e6
24.0,24.0,5459,test,1589.5000000000043,1.0,1.0,"(1, 2)",667e6da95ae0a25f225ae6e6
24.0,24.0,5460,test,1589.5000000000043,1.0,1.0,"(1, 2)",667e6da95ae0a25f225ae6e6
24.0,24.0,5461,test,1589.5000000000043,1.0,1.0,"(1, 2)",667e6da95ae0a25f225ae6e6
24.0,24.0,5462,test,1589.5000000000043,1.0,1.0,"(1, 2)",667e6da95ae0a25f225ae6e6
24.0,24.0,5463,test,1589.5000000000043,1.0,1.0,"(1, 2)",667e6da95ae0a25f225ae6e6
24.0,24.0,5464,test,1589.5000000000043,1.0,1.0,"(1, 2)",667e6da95ae0a25f225ae6e6
24.0,24.0,5465,test,1589.5000000000043,1.0,1.0,"(1, 2)",667e6da95ae0a25f225ae6e6
24.0,24.0,5466,test,1589.5000000000043,1.0,1.0,"(1, 2)",667e6da95ae0a25f225ae6e6
24.0,24.0,5467,test,1589.5000000000043,1.0,1.0,"(1, 2)",667e6da95ae0a25f225ae6e6
24.0,24.0,5468,test,1589.5000000000043,1.0,1.0,"(1, 2)",667e6da95ae0a25f225ae6e6
24.0,24.0,5469,test,1589.5000000000043,1.0,1.0,"(1, 2)",667e6da95ae0a25f225ae6e6
24.0,24.0,5470,test,1589.5000000000043,1.0,1.0,"(1, 2)",667e6da95ae0a25f225ae6e6
24.0,24.0,5471,test,1589.5000000000043,1.0,1.0,"(1, 2)",667e6da95ae0a25f225ae6e6
24.0,24.0,5472,test,1589.5000000000043,1.0,1.0,"(1, 2)",667e6da95ae0a25f225ae6e6
24.0,24.0,5473,test,1589.5000000000043,1.0,1.0,"(1, 2)",667e6da95ae0a25f225ae6e6
24.0,24.0,5474,test,1589.5000000000043,1.0,1.0,"(1, 2)",667e6da95ae0a25f225ae6e6
24.0,24.0,5475,test,1589.5000000000043,1.0,1.0,"(1, 2)",667e6da95ae0a25f225ae6e6
24.0,24.0,5476,test,1589.5000000000043,1.0,1.0,"(1, 2)",667e6da95ae0a25f225ae6e6
24.0,24.0,5477,test,1589.5000000000043,1.0,1.0,"(1, 2)",667e6da95ae0a25f225ae6e6
24.0,24.0,5478,test,1589.5000000000043,1.0,1.0,"(1, 2)",667e6da95ae0a25f225ae6e6
24.0,24.0,5479,test,1589.5000000000043,1.0,1.0,"(1, 2)",667e6da95ae0a25f225ae6e6
24.0,24.0,5480,test,1589.5000000000043,1.0,1.0,"(1, 2)",667e6da95ae0a25f225ae6e6
24.0,24.0,5481,test,1589.5000000000043,1.0,1.0,"(1, 2)",667e6da95ae0a25f225ae6e6
24.0,24.0,5482,test,1589.5000000000043,1.0,1.0,"(1, 2)",667e6da95ae0a25f225ae6e6
24.0,24.0,5483,test,1589.5000000000043,1.0,1.0,"(1, 2)",667e6da95ae0a25f225ae6e6
24.0,24.0,5484,test,1589.5000000000043,1.0,1.0,"(1, 2)",667e6da95ae0a25f225ae6e6
24.0,24.0,5485,test,1589.5000000000043,1.0,1.0,"(1, 2)",667e6da95ae0a25f225ae6e6
24.0,24.0,5486,test,1589.5000000000043,1.0,1.0,"(1, 2)",667e6da95ae0a25f225ae6e6
24.0,24.0,5487,test,1589.5000000000043,1.0,1.0,"(1, 2)",667e6da95ae0a25f225ae6e6
24.0,24.0,5488,test,1589.5000000000043,1.0,1.0,"(1, 2)",667e6da95ae0a25f225ae6e6
24.0,24.0,5489,test,1589.5000000000043,1.0,1.0,"(1, 2)",667e6da95ae0a25f225ae6e6
24.0,24.0,5490,test,1589.5000000000043,1.0,1.0,"(1, 2)",667e6da95ae0a25f225ae6e6
24.0,24.0,5491,test,1589.5000000000043,1.0,1.0,"(1, 2)",667e6da95ae0a25f225ae6e6
24.0,24.0,5492,test,1589.5000000000043,1.0,1.0,"(1, 2)",667e6da95ae0a25f225ae6e6
24.0,24.0,5493,test,1589.5000000000043,1.0,1.0,"(1, 2)",667e6da95ae0a25f225ae6e6
24.0,24.0,5494,test,1589.5000000000043,1.0,1.0,"(1, 2)",667e6da95ae0a25f225ae6e6
24.0,24.0,5495,test,1589.5000000000043,1.0,1.0,"(1, 2)",667e6da95ae0a25f225ae6e6
24.0,24.0,5496,test,1589.5000000000043,1.0,1.0,"(1, 2)",667e6da95ae0a25f225ae6e6
24.0,24.0,5497,test,1589.5000000000043,1.0,1.0,"(1, 2)",667e6da95ae0a25f225ae6e6
24.0,24.0,5498,test,1589.5000000000043,1.0,1.0,"(1, 2)",667e6da95ae0a25f225ae6e6
24.0,24.0,5499,test,1589.5000000000043,1.0,1.0,"(1, 2)",667e6da95ae0a25f225ae6e6
24.0,24.0,5500,test,1589.5000000000043,1.0,1.0,"(1, 2)",667e6da95ae0a25f225ae6e6
24.0,24.0,5501,test,1589.5000000000043,1.0,1.0,"(1, 2)",667e6da95ae0a25f225ae6e6
24.0,24.0,5502,test,1589.5000000000043,1.0,1.0,"(1, 2)",667e6da95ae0a25f225ae6e6
24.0,24.0,5503,test,1589.5000000000043,1.0,1.0,"(1, 2)",667e6da95ae0a25f225ae6e6
24.0,24.0,5504,test,1589.5000000000043,1.0,1.0,"(1, 2)",667e6da95ae0a25f225ae6e6
24.0,24.0,5505,test,1589.5000000000043,1.0,1.0,"(1, 2)",667e6da95ae0a25f225ae6e6
24.0,24.0,5506,test,1589.5000000000043,1.0,1.0,"(1, 2)",667e6da95ae0a25f225ae6e6
24.0,24.0,5507,test,1589.5000000000043,1.0,1.0,"(1, 2)",667e6da95ae0a25f225ae6e6
24.0,24.0,5508,test,1589.5000000000043,1.0,1.0,"(1, 2)",667e6da95ae0a25f225ae6e6
24.0,24.0,5509,test,1589.5000000000043,1.0,1.0,"(1, 2)",667e6da95ae0a25f225ae6e6
24.0,24.0,5510,test,1589.5000000000043,1.0,1.0,"(1, 2)",667e6da95ae0a25f225ae6e6
24.0,24.0,5511,test,1589.5000000000043,1.0,1.0,"(1, 2)",667e6da95ae0a25f225ae6e6
24.0,24.0,5512,test,1589.5000000000043,1.0,1.0,"(1, 2)",667e6da95ae0a25f225ae6e6
24.0,24.0,5513,test,1589.5000000000043,1.0,1.0,"(1, 2)",667e6da95ae0a25f225ae6e6
24.0,24.0,5514,test,1589.5000000000043,1.0,1.0,"(1, 2)",667e6da95ae0a25f225ae6e6
24.0,24.0,5515,test,1589.5000000000043,1.0,1.0,"(1, 2)",667e6da95ae0a25f225ae6e6
24.0,24.0,5516,test,1589.5000000000043,1.0,1.0,"(1, 2)",667e6da95ae0a25f225ae6e6
24.0,24.0,5517,test,1589.5000000000043,1.0,1.0,"(1, 2)",667e6da95ae0a25f225ae6e6
24.0,24.0,5518,test,1589.5000000000043,1.0,1.0,"(1, 2)",667e6da95ae0a25f225ae6e6
24.0,24.0,5519,test,1589.5000000000043,1.0,1.0,"(1, 2)",667e6da95ae0a25f225ae6e6
24.0,24.0,5520,test,1589.5000000000043,1.0,1.0,"(1, 2)",667e6da95ae0a25f225ae6e6
24.0,24.0,5521,test,1589.5000000000043,1.0,1.0,"(1, 2)",667e6da95ae0a25f225ae6e6
24.0,24.0,5522,test,1589.5000000000043,1.0,1.0,"(1, 2)",667e6da95ae0a25f225ae6e6
24.0,24.0,5523,test,1589.5000000000043,1.0,1.0,"(1, 2)",667e6da95ae0a25f225ae6e6
24.0,24.0,5524,test,1589.5000000000043,1.0,1.0,"(1, 2)",667e6da95ae0a25f225ae6e6
24.0,24.0,5525,test,1589.5000000000043,1.0,1.0,"(1, 2)",667e6da95ae0a25f225ae6e6
24.0,24.0,5526,test,1589.5000000000043,1.0,1.0,"(1, 2)",667e6da95ae0a25f225ae6e6
24.0,24.0,5527,test,1589.5000000000043,1.0,1.0,"(1, 2)",667e6da95ae0a25f225ae6e6
24.0,24.0,5528,test,1589.5000000000043,1.0,1.0,"(1, 2)",667e6da95ae0a25f225ae6e6
24.0,24.0,5529,test,1589.5000000000043,1.0,1.0,"(1, 2)",667e6da95ae0a25f225ae6e6
24.0,24.0,5530,test,1589.5000000000043,1.0,1.0,"(1, 2)",667e6da95ae0a25f225ae6e6
24.0,24.0,5531,test,1589.5000000000043,1.0,1.0,"(1, 2)",667e6da95ae0a25f225ae6e6
24.0,24.0,5532,test,1589.5000000000043,1.0,1.0,"(1, 2)",667e6da95ae0a25f225ae6e6
24.0,24.0,5533,test,1589.5000000000043,1.0,1.0,"(1, 2)",667e6da95ae0a25f225ae6e6
24.0,24.0,5534,test,1589.5000000000043,1.0,1.0,"(1, 2)",667e6da95ae0a25f225ae6e6
24.0,24.0,5535,test,1589.5000000000043,1.0,1.0,"(1, 2)",667e6da95ae0a25f225ae6e6
24.0,24.0,5536,test,1589.5000000000043,1.0,1.0,"(1, 2)",667e6da95ae0a25f225ae6e6
24.0,24.0,5537,test,1589.5000000000043,1.0,1.0,"(1, 2)",667e6da95ae0a25f225ae6e6
24.0,24.0,5538,test,1589.5000000000043,1.0,1.0,"(1, 2)",667e6da95ae0a25f225ae6e6
24.0,24.0,5539,test,1589.5000000000043,1.0,1.0,"(1, 2)",667e6da95ae0a25f225ae6e6
24.0,24.0,5540,test,1589.5000000000043,1.0,1.0,"(1, 2)",667e6da95ae0a25f225ae6e6
24.0,24.0,5541,test,1589.5000000000043,1.0,1.0,"(1, 2)",667e6da95ae0a25f225ae6e6
24.0,24.0,5542,test,1589.5000000000043,1.0,1.0,"(1, 2)",667e6da95ae0a25f225ae6e6
24.0,24.0,5543,test,1589.5000000000043,1.0,1.0,"(1, 2)",667e6da95ae0a25f225ae6e6
24.0,24.0,5544,test,1589.5000000000043,1.0,1.0,"(1, 2)",667e6da95ae0a25f225ae6e6
24.0,24.0,5545,test,1589.5000000000043,1.0,1.0,"(1, 2)",667e6da95ae0a25f225ae6e6
24.0,24.0,5546,test,1589.5000000000043,1.0,1.0,"(1, 2)",667e6da95ae0a25f225ae6e6
24.0,24.0,5547,test,1589.5000000000043,1.0,1.0,"(1, 2)",667e6da95ae0a25f225ae6e6
24.0,24.0,5548,test,1589.5000000000043,1.0,1.0,"(1, 2)",667e6da95ae0a25f225ae6e6
24.0,24.0,5549,test,1589.5000000000043,1.0,1.0,"(1, 2)",667e6da95ae0a25f225ae6e6
24.0,24.0,5550,test,1589.5000000000043,1.0,1.0,"(1, 2)",667e6da95ae0a25f225ae6e6
24.0,24.0,5551,test,1589.5000000000043,1.0,1.0,"(1, 2)",667e6da95ae0a25f225ae6e6
24.0,24.0,5552,test,1589.5000000000043,1.0,1.0,"(1, 2)",667e6da95ae0a25f225ae6e6
24.0,24.0,5553,test,1589.5000000000043,1.0,1.0,"(1, 2)",667e6da95ae0a25f225ae6e6
24.0,24.0,5554,test,1589.5000000000043,1.0,1.0,"(1, 2)",667e6da95ae0a25f225ae6e6
24.0,24.0,5555,test,1589.5000000000043,1.0,1.0,"(1, 2)",667e6da95ae0a25f225ae6e6
24.0,24.0,5556,test,1589.5000000000043,1.0,1.0,"(1, 2)",667e6da95ae0a25f225ae6e6
24.0,24.0,5557,test,1589.5000000000043,1.0,1.0,"(1, 2)",667e6da95ae0a25f225ae6e6
24.0,24.0,5558,test,1589.5000000000043,1.0,1.0,"(1, 2)",667e6da95ae0a25f225ae6e6
24.0,24.0,5559,test,1589.5000000000043,1.0,1.0,"(1, 2)",667e6da95ae0a25f225ae6e6
24.0,24.0,5560,test,1589.5000000000043,1.0,1.0,"(1, 2)",667e6da95ae0a25f225ae6e6
24.0,24.0,5561,test,1589.5000000000043,1.0,1.0,"(1, 2)",667e6da95ae0a25f225ae6e6
24.0,24.0,5562,test,1589.5000000000043,1.0,1.0,"(1, 2)",667e6da95ae0a25f225ae6e6
24.0,24.0,5563,test,1589.5000000000043,1.0,1.0,"(1, 2)",667e6da95ae0a25f225ae6e6
24.0,24.0,5564,test,1589.5000000000043,1.0,1.0,"(1, 2)",667e6da95ae0a25f225ae6e6
24.0,24.0,5565,test,1589.5000000000043,1.0,1.0,"(1, 2)",667e6da95ae0a25f225ae6e6
24.0,24.0,5566,test,1589.5000000000043,1.0,1.0,"(1, 2)",667e6da95ae0a25f225ae6e6
24.0,24.0,5567,test,1589.5000000000043,1.0,1.0,"(1, 2)",667e6da95ae0a25f225ae6e6
24.0,24.0,5568,test,1589.5000000000043,1.0,1.0,"(1, 2)",667e6da95ae0a25f225ae6e6
24.0,24.0,5569,test,1589.5000000000043,1.0,1.0,"(1, 2)",667e6da95ae0a25f225ae6e6
24.0,24.0,5570,test,1589.5000000000043,1.0,1.0,"(1, 2)",667e6da95ae0a25f225ae6e6
24.0,25.24999999999993,5571,test,1590.7500000000043,1.0,1.0,"(1, 2)",667e6da95ae0a25f225ae6e6
24.0,26.499999999999858,5572,test,1592.0000000000043,1.0,1.0,"(1, 2)",667e6da95ae0a25f225ae6e6
24.0,27.749999999999787,5573,test,1593.2500000000043,1.0,1.0,"(1, 2)",667e6da95ae0a25f225ae6e6
24.0,28.999999999999716,5574,test,1594.5000000000043,1.0,1.0,"(1, 2)",667e6da95ae0a25f225ae6e6
24.0,30.249999999999645,5575,test,1595.7500000000043,1.0,1.0,"(1, 2)",667e6da95ae0a25f225ae6e6
24.0,31.499999999999574,5576,test,1597.0000000000043,1.0,1.0,"(1, 2)",667e6da95ae0a25f225ae6e6
24.0,32.749999999999716,5577,test,1598.2500000000045,1.0,1.0,"(1, 2)",667e6da95ae0a25f225ae6e6
24.0,34.0,5578,test,1599.5000000000048,1.0,1.0,"(1, 2)",667e6da95ae0a25f225ae6e6
24.0,35.250000000000284,5579,test,1600.750000000005,1.0,1.0,"(1, 2)",667e6da95ae0a25f225ae6e6
24.0,36.50000000000057,5580,test,1602.0000000000052,1.0,1.0,"(1, 2)",667e6da95ae0a25f225ae6e6
24.0,37.75000000000085,5581,test,1603.2500000000055,1.0,1.0,"(1, 2)",667e6da95ae0a25f225ae6e6
24.0,39.00000000000114,5582,test,1604.5000000000057,1.0,1.0,"(1, 2)",667e6da95ae0a25f225ae6e6
24.0,40.25000000000142,5583,test,1605.750000000006,1.0,1.0,"(1, 2)",667e6da95ae0a25f225ae6e6
24.0,41.500000000001705,5584,test,1607.0000000000061,1.0,1.0,"(1, 2)",667e6da95ae0a25f225ae6e6
24.0,42.75000000000199,5585,test,1608.2500000000064,1.0,1.0,"(1, 2)",667e6da95ae0a25f225ae6e6
24.0,44.000000000002274,5586,test,1609.5000000000066,1.0,1.0,"(1, 2)",667e6da95ae0a25f225ae6e6
24.0,45.25000000000256,5587,test,1610.7500000000068,1.0,1.0,"(1, 2)",667e6da95ae0a25f225ae6e6
24.0,46.50000000000284,5588,test,1612.000000000007,1.0,1.0,"(1, 2)",667e6da95ae0a25f225ae6e6
24.0,47.750000000003126,5589,test,1613.2500000000073,1.0,1.0,"(1, 2)",667e6da95ae0a25f225ae6e6
24.0,49.00000000000341,5590,test,1614.5000000000075,1.0,1.0,"(1, 2)",667e6da95ae0a25f225ae6e6
24.0,50.250000000003695,5591,test,1615.7500000000077,1.0,1.0,"(1, 2)",667e6da95ae0a25f225ae6e6
24.0,51.50000000000398,5592,test,1617.000000000008,1.0,1.0,"(1, 2)",667e6da95ae0a25f225ae6e6
24.0,52.75000000000426,5593,test,1618.2500000000082,1.0,1.0,"(1, 2)",667e6da95ae0a25f225ae6e6
24.0,54.00000000000455,5594,test,1619.5000000000084,1.0,1.0,"(1, 2)",667e6da95ae0a25f225ae6e6
24.0,55.25000000000483,5595,test,1620.7500000000086,1.0,1.0,"(1, 2)",667e6da95ae0a25f225ae6e6
24.0,56.0,5596,test,1621.5000000000039,1.0,1.0,"(1, 2)",667e6da95ae0a25f225ae6e6
24.0,56.0,5597,test,1621.5000000000039,1.0,1.0,"(1, 2)",667e6da95ae0a25f225ae6e6
24.0,56.0,5598,test,1621.5000000000039,1.0,1.0,"(1, 2)",667e6da95ae0a25f225ae6e6
24.0,56.0,5599,test,1621.5000000000039,1.0,1.0,"(1, 2)",667e6da95ae0a25f225ae6e6
24.0,56.0,5600,test,1621.5000000000039,1.0,1.0,"(1, 2)",667e6da95ae0a25f225ae6e6
24.0,56.0,5601,test,1621.5000000000039,1.0,1.0,"(1, 2)",667e6da95ae0a25f225ae6e6
24.0,56.0,5602,test,1621.5000000000039,1.0,1.0,"(1, 2)",667e6da95ae0a25f225ae6e6
24.0,56.0,5603,test,1621.5000000000039,1.0,1.0,"(1, 2)",667e6da95ae0a25f225ae6e6
24.0,56.0,5604,test,1621.5000000000039,1.0,1.0,"(1, 2)",667e6da95ae0a25f225ae6e6
24.0,56.0,5605,test,1621.5000000000039,1.0,1.0,"(1, 2)",667e6da95ae0a25f225ae6e6
24.0,56.0,5606,test,1621.5000000000039,1.0,1.0,"(1, 2)",667e6da95ae0a25f225ae6e6
24.0,56.0,5607,test,1621.5000000000039,1.0,1.0,"(1, 2)",667e6da95ae0a25f225ae6e6
24.0,56.0,5608,test,1621.5000000000039,1.0,1.0,"(1, 2)",667e6da95ae0a25f225ae6e6
24.0,56.0,5609,test,1621.5000000000039,1.0,1.0,"(1, 2)",667e6da95ae0a25f225ae6e6
24.0,56.0,5610,test,1621.5000000000039,1.0,1.0,"(1, 2)",667e6da95ae0a25f225ae6e6
24.0,56.0,5611,test,1621.5000000000039,1.0,1.0,"(1, 2)",667e6da95ae0a25f225ae6e6
24.0,56.0,5612,test,1621.5000000000039,1.0,1.0,"(1, 2)",667e6da95ae0a25f225ae6e6
24.0,56.0,5613,test,1621.5000000000039,1.0,1.0,"(1, 2)",667e6da95ae0a25f225ae6e6
24.0,56.0,5614,test,1621.5000000000039,1.0,1.0,"(1, 2)",667e6da95ae0a25f225ae6e6
24.0,56.0,5615,test,1621.5000000000039,1.0,1.0,"(1, 2)",667e6da95ae0a25f225ae6e6
24.0,56.0,5616,test,1621.5000000000039,1.0,1.0,"(1, 2)",667e6da95ae0a25f225ae6e6
24.0,56.0,5617,test,1621.5000000000039,1.0,1.0,"(1, 2)",667e6da95ae0a25f225ae6e6
24.0,56.0,5618,test,1621.5000000000039,1.0,1.0,"(1, 2)",667e6da95ae0a25f225ae6e6
24.0,56.0,5619,test,1621.5000000000039,1.0,1.0,"(1, 2)",667e6da95ae0a25f225ae6e6
24.0,56.0,5620,test,1621.5000000000039,1.0,1.0,"(1, 2)",667e6da95ae0a25f225ae6e6
24.0,56.0,5621,test,1621.5000000000039,1.0,1.0,"(1, 2)",667e6da95ae0a25f225ae6e6
24.0,56.0,5622,test,1621.5000000000039,1.0,1.0,"(1, 2)",667e6da95ae0a25f225ae6e6
24.0,56.0,5623,test,1621.5000000000039,1.0,1.0,"(1, 2)",667e6da95ae0a25f225ae6e6
24.0,56.0,5624,test,1621.5000000000039,1.0,1.0,"(1, 2)",667e6da95ae0a25f225ae6e6
24.0,56.0,5625,test,1621.5000000000039,1.0,1.0,"(1, 2)",667e6da95ae0a25f225ae6e6
24.0,56.0,5626,test,1621.5000000000039,1.0,1.0,"(1, 2)",667e6da95ae0a25f225ae6e6
24.0,56.0,5627,test,1621.5000000000039,1.0,1.0,"(1, 2)",667e6da95ae0a25f225ae6e6
24.0,56.0,5628,test,1621.5000000000039,1.0,1.0,"(1, 2)",667e6da95ae0a25f225ae6e6
24.0,56.0,5629,test,1621.5000000000039,1.0,1.0,"(1, 2)",667e6da95ae0a25f225ae6e6
24.0,56.0,5630,test,1621.5000000000039,1.0,1.0,"(1, 2)",667e6da95ae0a25f225ae6e6
24.0,56.0,5631,test,1621.5000000000039,1.0,1.0,"(1, 2)",667e6da95ae0a25f225ae6e6
24.0,56.0,5632,test,1621.5000000000039,1.0,1.0,"(1, 2)",667e6da95ae0a25f225ae6e6
24.0,56.0,5633,test,1621.5000000000039,1.0,1.0,"(1, 2)",667e6da95ae0a25f225ae6e6
24.0,56.0,5634,test,1621.5000000000039,1.0,1.0,"(1, 2)",667e6da95ae0a25f225ae6e6
24.0,56.0,5635,test,1621.5000000000039,1.0,1.0,"(1, 2)",667e6da95ae0a25f225ae6e6
24.0,56.0,5636,test,1621.5000000000039,1.0,1.0,"(1, 2)",667e6da95ae0a25f225ae6e6
24.0,56.0,5637,test,1621.5000000000039,1.0,1.0,"(1, 2)",667e6da95ae0a25f225ae6e6
24.0,56.0,5638,test,1621.5000000000039,1.0,1.0,"(1, 2)",667e6da95ae0a25f225ae6e6
24.0,56.0,5639,test,1621.5000000000039,1.0,1.0,"(1, 2)",667e6da95ae0a25f225ae6e6
24.0,56.0,5640,test,1621.5000000000039,1.0,1.0,"(1, 2)",667e6da95ae0a25f225ae6e6
24.0,56.0,5641,test,1621.5000000000039,1.0,1.0,"(1, 2)",667e6da95ae0a25f225ae6e6
24.0,56.0,5642,test,1621.5000000000039,1.0,1.0,"(1, 2)",667e6da95ae0a25f225ae6e6
24.0,56.0,5643,test,1621.5000000000039,1.0,1.0,"(1, 2)",667e6da95ae0a25f225ae6e6
24.0,56.0,5644,test,1621.5000000000039,1.0,1.0,"(1, 2)",667e6da95ae0a25f225ae6e6
24.0,56.0,5645,test,1621.5000000000039,1.0,1.0,"(1, 2)",667e6da95ae0a25f225ae6e6
24.0,56.0,5646,test,1621.5000000000039,1.0,1.0,"(1, 2)",667e6da95ae0a25f225ae6e6
24.0,56.0,5647,test,1621.5000000000039,1.0,1.0,"(1, 2)",667e6da95ae0a25f225ae6e6
24.0,56.0,5648,test,1621.5000000000039,1.0,1.0,"(1, 2)",667e6da95ae0a25f225ae6e6
24.0,56.0,5649,test,1621.5000000000039,1.0,1.0,"(1, 2)",667e6da95ae0a25f225ae6e6
24.0,56.0,5650,test,1621.5000000000039,1.0,1.0,"(1, 2)",667e6da95ae0a25f225ae6e6
24.0,56.0,5651,test,1621.5000000000039,1.0,1.0,"(1, 2)",667e6da95ae0a25f225ae6e6
24.0,56.0,5652,test,1621.5000000000039,1.0,1.0,"(1, 2)",667e6da95ae0a25f225ae6e6
24.0,56.0,5653,test,1621.5000000000039,1.0,1.0,"(1, 2)",667e6da95ae0a25f225ae6e6
24.0,56.0,5654,test,1621.5000000000039,1.0,1.0,"(1, 2)",667e6da95ae0a25f225ae6e6
24.0,56.0,5655,test,1621.5000000000039,1.0,1.0,"(1, 2)",667e6da95ae0a25f225ae6e6
24.0,56.0,5656,test,1621.5000000000039,1.0,1.0,"(1, 2)",667e6da95ae0a25f225ae6e6
24.0,56.0,5657,test,1621.5000000000039,1.0,1.0,"(1, 2)",667e6da95ae0a25f225ae6e6
24.0,56.0,5658,test,1621.5000000000039,1.0,1.0,"(1, 2)",667e6da95ae0a25f225ae6e6
24.0,56.0,5659,test,1621.5000000000039,1.0,1.0,"(1, 2)",667e6da95ae0a25f225ae6e6
24.0,56.0,5660,test,1621.5000000000039,1.0,1.0,"(1, 2)",667e6da95ae0a25f225ae6e6
24.0,56.0,5661,test,1621.5000000000039,1.0,1.0,"(1, 2)",667e6da95ae0a25f225ae6e6
24.0,56.0,5662,test,1621.5000000000039,1.0,1.0,"(1, 2)",667e6da95ae0a25f225ae6e6
24.0,56.0,5663,test,1621.5000000000039,1.0,1.0,"(1, 2)",667e6da95ae0a25f225ae6e6
24.0,56.0,5664,test,1621.5000000000039,1.0,1.0,"(1, 2)",667e6da95ae0a25f225ae6e6
24.0,56.0,5665,test,1621.5000000000039,1.0,1.0,"(1, 2)",667e6da95ae0a25f225ae6e6
24.0,56.0,5666,test,1621.5000000000039,1.0,1.0,"(1, 2)",667e6da95ae0a25f225ae6e6
24.0,56.0,5667,test,1621.5000000000039,1.0,1.0,"(1, 2)",667e6da95ae0a25f225ae6e6
24.0,56.0,5668,test,1621.5000000000039,1.0,1.0,"(1, 2)",667e6da95ae0a25f225ae6e6
24.0,56.0,5669,test,1621.5000000000039,1.0,1.0,"(1, 2)",667e6da95ae0a25f225ae6e6
24.0,56.0,5670,test,1621.5000000000039,1.0,1.0,"(1, 2)",667e6da95ae0a25f225ae6e6
24.0,56.0,5671,test,1621.5000000000039,1.0,1.0,"(1, 2)",667e6da95ae0a25f225ae6e6
24.0,56.0,5672,test,1621.5000000000039,1.0,1.0,"(1, 2)",667e6da95ae0a25f225ae6e6
24.0,56.0,5673,test,1621.5000000000039,1.0,1.0,"(1, 2)",667e6da95ae0a25f225ae6e6
24.0,56.0,5674,test,1621.5000000000039,1.0,1.0,"(1, 2)",667e6da95ae0a25f225ae6e6
24.0,56.0,5675,test,1621.5000000000039,1.0,1.0,"(1, 2)",667e6da95ae0a25f225ae6e6
24.0,56.0,5676,test,1621.5000000000039,1.0,1.0,"(1, 2)",667e6da95ae0a25f225ae6e6
24.0,56.0,5677,test,1621.5000000000039,1.0,1.0,"(1, 2)",667e6da95ae0a25f225ae6e6
24.0,56.0,5678,test,1621.5000000000039,1.0,1.0,"(1, 2)",667e6da95ae0a25f225ae6e6
24.0,56.0,5679,test,1621.5000000000039,1.0,1.0,"(1, 2)",667e6da95ae0a25f225ae6e6
24.0,56.0,5680,test,1621.5000000000039,1.0,1.0,"(1, 2)",667e6da95ae0a25f225ae6e6
24.0,56.0,5681,test,1621.5000000000039,1.0,1.0,"(1, 2)",667e6da95ae0a25f225ae6e6
24.0,56.0,5682,test,1621.5000000000039,1.0,1.0,"(1, 2)",667e6da95ae0a25f225ae6e6
24.0,56.0,5683,test,1621.5000000000039,1.0,1.0,"(1, 2)",667e6da95ae0a25f225ae6e6
24.0,56.0,5684,test,1621.5000000000039,1.0,1.0,"(1, 2)",667e6da95ae0a25f225ae6e6
24.0,56.0,5685,test,1621.5000000000039,1.0,1.0,"(1, 2)",667e6da95ae0a25f225ae6e6
24.0,56.0,5686,test,1621.5000000000039,1.0,1.0,"(1, 2)",667e6da95ae0a25f225ae6e6
24.0,56.0,5687,test,1621.5000000000039,1.0,1.0,"(1, 2)",667e6da95ae0a25f225ae6e6
24.0,56.0,5688,test,1621.5000000000039,1.0,1.0,"(1, 2)",667e6da95ae0a25f225ae6e6
24.0,56.0,5689,test,1621.5000000000039,1.0,1.0,"(1, 2)",667e6da95ae0a25f225ae6e6
24.0,56.0,5690,test,1621.5000000000039,1.0,1.0,"(1, 2)",667e6da95ae0a25f225ae6e6
24.0,56.0,5691,test,1621.5000000000039,1.0,1.0,"(1, 2)",667e6da95ae0a25f225ae6e6
24.0,56.0,5692,test,1621.5000000000039,1.0,1.0,"(1, 2)",667e6da95ae0a25f225ae6e6
24.0,56.0,5693,test,1621.5000000000039,1.0,1.0,"(1, 2)",667e6da95ae0a25f225ae6e6
24.0,56.0,5694,test,1621.5000000000039,1.0,1.0,"(1, 2)",667e6da95ae0a25f225ae6e6
24.0,56.0,5695,test,1621.5000000000039,1.0,1.0,"(1, 2)",667e6da95ae0a25f225ae6e6
24.0,56.0,5696,test,1621.5000000000039,1.0,1.0,"(1, 2)",667e6da95ae0a25f225ae6e6
24.0,56.0,5697,test,1621.5000000000039,1.0,1.0,"(1, 2)",667e6da95ae0a25f225ae6e6
24.0,56.0,5698,test,1621.5000000000039,1.0,1.0,"(1, 2)",667e6da95ae0a25f225ae6e6
24.0,56.0,5699,test,1621.5000000000039,1.0,1.0,"(1, 2)",667e6da95ae0a25f225ae6e6
24.0,56.0,5700,test,1621.5000000000039,1.0,1.0,"(1, 2)",667e6da95ae0a25f225ae6e6
24.0,56.0,5701,test,1621.5000000000039,1.0,1.0,"(1, 2)",667e6da95ae0a25f225ae6e6
24.0,56.0,5702,test,1621.5000000000039,1.0,1.0,"(1, 2)",667e6da95ae0a25f225ae6e6
24.0,56.0,5703,test,1621.5000000000039,1.0,1.0,"(1, 2)",667e6da95ae0a25f225ae6e6
24.0,56.0,5704,test,1621.5000000000039,1.0,1.0,"(1, 2)",667e6da95ae0a25f225ae6e6
24.0,56.0,5705,test,1621.5000000000039,1.0,1.0,"(1, 2)",667e6da95ae0a25f225ae6e6
24.0,56.0,5706,test,1621.5000000000039,1.0,1.0,"(1, 2)",667e6da95ae0a25f225ae6e6
24.0,56.0,5707,test,1621.5000000000039,1.0,1.0,"(1, 2)",667e6da95ae0a25f225ae6e6
24.0,56.0,5708,test,1621.5000000000039,1.0,1.0,"(1, 2)",667e6da95ae0a25f225ae6e6
24.0,56.0,5709,test,1621.5000000000039,1.0,1.0,"(1, 2)",667e6da95ae0a25f225ae6e6
24.0,56.0,5710,test,1621.5000000000039,1.0,1.0,"(1, 2)",667e6da95ae0a25f225ae6e6
24.0,56.0,5711,test,1621.5000000000039,1.0,1.0,"(1, 2)",667e6da95ae0a25f225ae6e6
24.0,56.0,5712,test,1621.5000000000039,1.0,1.0,"(1, 2)",667e6da95ae0a25f225ae6e6
24.0,56.0,5713,test,1621.5000000000039,1.0,1.0,"(1, 2)",667e6da95ae0a25f225ae6e6
24.0,56.0,5714,test,1621.5000000000039,1.0,1.0,"(1, 2)",667e6da95ae0a25f225ae6e6
24.0,56.0,5715,test,1621.5000000000039,1.0,1.0,"(1, 2)",667e6da95ae0a25f225ae6e6
24.0,56.0,5716,test,1621.5000000000039,1.0,1.0,"(1, 2)",667e6da95ae0a25f225ae6e6
24.0,56.0,5717,test,1621.5000000000039,1.0,1.0,"(1, 2)",667e6da95ae0a25f225ae6e6
24.0,56.0,5718,test,1621.5000000000039,1.0,1.0,"(1, 2)",667e6da95ae0a25f225ae6e6
24.0,56.0,5719,test,1621.5000000000039,1.0,1.0,"(1, 2)",667e6da95ae0a25f225ae6e6
24.0,56.0,5720,test,1621.5000000000039,1.0,1.0,"(1, 2)",667e6da95ae0a25f225ae6e6
24.0,56.0,5721,test,1621.5000000000039,1.0,1.0,"(1, 2)",667e6da95ae0a25f225ae6e6
24.0,56.0,5722,test,1621.5000000000039,1.0,1.0,"(1, 2)",667e6da95ae0a25f225ae6e6
24.0,56.0,5723,test,1621.5000000000039,1.0,1.0,"(1, 2)",667e6da95ae0a25f225ae6e6
24.0,56.0,5724,test,1621.5000000000039,1.0,1.0,"(1, 2)",667e6da95ae0a25f225ae6e6
24.0,56.0,5725,test,1621.5000000000039,1.0,1.0,"(1, 2)",667e6da95ae0a25f225ae6e6
24.0,56.0,5726,test,1621.5000000000039,1.0,1.0,"(1, 2)",667e6da95ae0a25f225ae6e6
24.0,56.0,5727,test,1621.5000000000039,1.0,1.0,"(1, 2)",667e6da95ae0a25f225ae6e6
24.0,56.0,5728,test,1621.5000000000039,1.0,1.0,"(1, 2)",667e6da95ae0a25f225ae6e6
24.0,54.749999999999716,5729,test,1622.750000000004,1.0,1.0,"(1, 2)",667e6da95ae0a25f225ae6e6
24.0,53.49999999999943,5730,test,1624.0000000000043,1.0,1.0,"(1, 2)",667e6da95ae0a25f225ae6e6
24.0,52.24999999999915,5731,test,1625.2500000000045,1.0,1.0,"(1, 2)",667e6da95ae0a25f225ae6e6
24.0,50.99999999999886,5732,test,1626.5000000000048,1.0,1.0,"(1, 2)",667e6da95ae0a25f225ae6e6
24.0,49.74999999999858,5733,test,1627.750000000005,1.0,1.0,"(1, 2)",667e6da95ae0a25f225ae6e6
24.0,48.499999999998295,5734,test,1629.0000000000052,1.0,1.0,"(1, 2)",667e6da95ae0a25f225ae6e6
24.0,47.24999999999801,5735,test,1630.2500000000055,1.0,1.0,"(1, 2)",667e6da95ae0a25f225ae6e6
24.0,45.999999999997726,5736,test,1631.5000000000057,1.0,1.0,"(1, 2)",667e6da95ae0a25f225ae6e6
24.0,44.74999999999744,5737,test,1632.750000000006,1.0,1.0,"(1, 2)",667e6da95ae0a25f225ae6e6
24.0,43.49999999999716,5738,test,1634.0000000000061,1.0,1.0,"(1, 2)",667e6da95ae0a25f225ae6e6
24.0,42.249999999996874,5739,test,1635.2500000000064,1.0,1.0,"(1, 2)",667e6da95ae0a25f225ae6e6
24.0,40.99999999999659,5740,test,1636.5000000000066,1.0,1.0,"(1, 2)",667e6da95ae0a25f225ae6e6
24.0,39.749999999996305,5741,test,1637.7500000000068,1.0,1.0,"(1, 2)",667e6da95ae0a25f225ae6e6
24.0,38.49999999999602,5742,test,1639.000000000007,1.0,1.0,"(1, 2)",667e6da95ae0a25f225ae6e6
24.0,37.24999999999574,5743,test,1640.2500000000073,1.0,1.0,"(1, 2)",667e6da95ae0a25f225ae6e6
24.0,35.99999999999545,5744,test,1641.5000000000075,1.0,1.0,"(1, 2)",667e6da95ae0a25f225ae6e6
24.0,34.74999999999517,5745,test,1642.7500000000077,1.0,1.0,"(1, 2)",667e6da95ae0a25f225ae6e6
24.0,33.499999999994884,5746,test,1644.000000000008,1.0,1.0,"(1, 2)",667e6da95ae0a25f225ae6e6
24.0,32.2499999999946,5747,test,1645.2500000000082,1.0,1.0,"(1, 2)",667e6da95ae0a25f225ae6e6
24.0,30.999999999994603,5748,test,1646.5000000000082,1.0,1.0,"(1, 2)",667e6da95ae0a25f225ae6e6
24.0,29.749999999994674,5749,test,1647.7500000000082,1.0,1.0,"(1, 2)",667e6da95ae0a25f225ae6e6
24.0,28.499999999994746,5750,test,1649.0000000000082,1.0,1.0,"(1, 2)",667e6da95ae0a25f225ae6e6
24.0,27.249999999994817,5751,test,1650.2500000000082,1.0,1.0,"(1, 2)",667e6da95ae0a25f225ae6e6
24.0,25.999999999994888,5752,test,1651.5000000000082,1.0,1.0,"(1, 2)",667e6da95ae0a25f225ae6e6
24.0,24.74999999999496,5753,test,1652.7500000000082,1.0,1.0,"(1, 2)",667e6da95ae0a25f225ae6e6
24.0,24.0,5754,test,1653.5000000000032,1.0,1.0,"(1, 2)",667e6da95ae0a25f225ae6e6
24.0,24.0,5755,test,1653.5000000000032,1.0,1.0,"(1, 2)",667e6da95ae0a25f225ae6e6
24.0,24.0,5756,test,1653.5000000000032,1.0,1.0,"(1, 2)",667e6da95ae0a25f225ae6e6
24.0,24.0,5757,test,1653.5000000000032,1.0,1.0,"(1, 2)",667e6da95ae0a25f225ae6e6
24.0,24.0,5758,test,1653.5000000000032,1.0,1.0,"(1, 2)",667e6da95ae0a25f225ae6e6
24.0,24.0,5759,test,1653.5000000000032,1.0,1.0,"(1, 2)",667e6da95ae0a25f225ae6e6
24.0,24.0,5760,test,1653.5000000000032,1.0,1.0,"(1, 2)",667e6da95ae0a25f225ae6e6
24.0,24.0,5761,test,1653.5000000000032,1.0,1.0,"(1, 2)",667e6da95ae0a25f225ae6e6
24.0,24.0,5762,test,1653.5000000000032,1.0,1.0,"(1, 2)",667e6da95ae0a25f225ae6e6
24.0,24.0,5763,test,1653.5000000000032,1.0,1.0,"(1, 2)",667e6da95ae0a25f225ae6e6
24.0,24.0,5764,test,1653.5000000000032,1.0,1.0,"(1, 2)",667e6da95ae0a25f225ae6e6
24.0,24.0,5765,test,1653.5000000000032,1.0,1.0,"(1, 2)",667e6da95ae0a25f225ae6e6
24.0,24.0,5766,test,1653.5000000000032,1.0,1.0,"(1, 2)",667e6da95ae0a25f225ae6e6
24.0,24.0,5767,test,1653.5000000000032,1.0,1.0,"(1, 2)",667e6da95ae0a25f225ae6e6
24.0,24.0,5768,test,1653.5000000000032,1.0,1.0,"(1, 2)",667e6da95ae0a25f225ae6e6
24.0,24.0,5769,test,1653.5000000000032,1.0,1.0,"(1, 2)",667e6da95ae0a25f225ae6e6
24.0,24.0,5770,test,1653.5000000000032,1.0,1.0,"(1, 2)",667e6da95ae0a25f225ae6e6
24.0,24.0,5771,test,1653.5000000000032,1.0,1.0,"(1, 2)",667e6da95ae0a25f225ae6e6
24.0,24.0,5772,test,1653.5000000000032,1.0,1.0,"(1, 2)",667e6da95ae0a25f225ae6e6
24.0,24.0,5773,test,1653.5000000000032,1.0,1.0,"(1, 2)",667e6da95ae0a25f225ae6e6
24.0,24.0,5774,test,1653.5000000000032,1.0,1.0,"(1, 2)",667e6da95ae0a25f225ae6e6
24.0,24.0,5775,test,1653.5000000000032,1.0,1.0,"(1, 2)",667e6da95ae0a25f225ae6e6
24.0,24.0,5776,test,1653.5000000000032,1.0,1.0,"(1, 2)",667e6da95ae0a25f225ae6e6
24.0,24.0,5777,test,1653.5000000000032,1.0,1.0,"(1, 2)",667e6da95ae0a25f225ae6e6
24.0,24.0,5778,test,1653.5000000000032,1.0,1.0,"(1, 2)",667e6da95ae0a25f225ae6e6
24.0,24.0,5779,test,1653.5000000000032,1.0,1.0,"(1, 2)",667e6da95ae0a25f225ae6e6
24.0,24.0,5780,test,1653.5000000000032,1.0,1.0,"(1, 2)",667e6da95ae0a25f225ae6e6
24.0,24.0,5781,test,1653.5000000000032,1.0,1.0,"(1, 2)",667e6da95ae0a25f225ae6e6
24.0,24.0,5782,test,1653.5000000000032,1.0,1.0,"(1, 2)",667e6da95ae0a25f225ae6e6
24.0,24.0,5783,test,1653.5000000000032,1.0,1.0,"(1, 2)",667e6da95ae0a25f225ae6e6
24.0,24.0,5784,test,1653.5000000000032,1.0,1.0,"(1, 2)",667e6da95ae0a25f225ae6e6
24.0,24.0,5785,test,1653.5000000000032,1.0,1.0,"(1, 2)",667e6da95ae0a25f225ae6e6
24.0,24.0,5786,test,1653.5000000000032,1.0,1.0,"(1, 2)",667e6da95ae0a25f225ae6e6
24.0,24.0,5787,test,1653.5000000000032,1.0,1.0,"(1, 2)",667e6da95ae0a25f225ae6e6
24.0,24.0,5788,test,1653.5000000000032,1.0,1.0,"(1, 2)",667e6da95ae0a25f225ae6e6
24.0,24.0,5789,test,1653.5000000000032,1.0,1.0,"(1, 2)",667e6da95ae0a25f225ae6e6
24.0,24.0,5790,test,1653.5000000000032,1.0,1.0,"(1, 2)",667e6da95ae0a25f225ae6e6
24.0,24.0,5791,test,1653.5000000000032,1.0,1.0,"(1, 2)",667e6da95ae0a25f225ae6e6
24.0,24.0,5792,test,1653.5000000000032,1.0,1.0,"(1, 2)",667e6da95ae0a25f225ae6e6
24.0,24.0,5793,test,1653.5000000000032,1.0,1.0,"(1, 2)",667e6da95ae0a25f225ae6e6
24.0,24.0,5794,test,1653.5000000000032,1.0,1.0,"(1, 2)",667e6da95ae0a25f225ae6e6
24.0,24.0,5795,test,1653.5000000000032,1.0,1.0,"(1, 2)",667e6da95ae0a25f225ae6e6
24.0,24.0,5796,test,1653.5000000000032,1.0,1.0,"(1, 2)",667e6da95ae0a25f225ae6e6
24.0,24.0,5797,test,1653.5000000000032,1.0,1.0,"(1, 2)",667e6da95ae0a25f225ae6e6
24.0,24.0,5798,test,1653.5000000000032,1.0,1.0,"(1, 2)",667e6da95ae0a25f225ae6e6
24.0,24.0,5799,test,1653.5000000000032,1.0,1.0,"(1, 2)",667e6da95ae0a25f225ae6e6
24.0,24.0,5800,test,1653.5000000000032,1.0,1.0,"(1, 2)",667e6da95ae0a25f225ae6e6
24.0,24.0,5801,test,1653.5000000000032,1.0,1.0,"(1, 2)",667e6da95ae0a25f225ae6e6
24.0,24.0,5802,test,1653.5000000000032,1.0,1.0,"(1, 2)",667e6da95ae0a25f225ae6e6
24.0,24.0,5803,test,1653.5000000000032,1.0,1.0,"(1, 2)",667e6da95ae0a25f225ae6e6
24.0,24.0,5804,test,1653.5000000000032,1.0,1.0,"(1, 2)",667e6da95ae0a25f225ae6e6
24.0,24.0,5805,test,1653.5000000000032,1.0,1.0,"(1, 2)",667e6da95ae0a25f225ae6e6
24.0,24.0,5806,test,1653.5000000000032,1.0,1.0,"(1, 2)",667e6da95ae0a25f225ae6e6
24.0,24.0,5807,test,1653.5000000000032,1.0,1.0,"(1, 2)",667e6da95ae0a25f225ae6e6
24.0,24.0,5808,test,1653.5000000000032,1.0,1.0,"(1, 2)",667e6da95ae0a25f225ae6e6
24.0,24.0,5809,test,1653.5000000000032,1.0,1.0,"(1, 2)",667e6da95ae0a25f225ae6e6
24.0,24.0,5810,test,1653.5000000000032,1.0,1.0,"(1, 2)",667e6da95ae0a25f225ae6e6
24.0,24.0,5811,test,1653.5000000000032,1.0,1.0,"(1, 2)",667e6da95ae0a25f225ae6e6
24.0,24.0,5812,test,1653.5000000000032,1.0,1.0,"(1, 2)",667e6da95ae0a25f225ae6e6
24.0,24.0,5813,test,1653.5000000000032,1.0,1.0,"(1, 2)",667e6da95ae0a25f225ae6e6
24.0,24.0,5814,test,1653.5000000000032,1.0,1.0,"(1, 2)",667e6da95ae0a25f225ae6e6
24.0,24.0,5815,test,1653.5000000000032,1.0,1.0,"(1, 2)",667e6da95ae0a25f225ae6e6
24.0,24.0,5816,test,1653.5000000000032,1.0,1.0,"(1, 2)",667e6da95ae0a25f225ae6e6
24.0,24.0,5817,test,1653.5000000000032,1.0,1.0,"(1, 2)",667e6da95ae0a25f225ae6e6
24.0,24.0,5818,test,1653.5000000000032,1.0,1.0,"(1, 2)",667e6da95ae0a25f225ae6e6
24.0,24.0,5819,test,1653.5000000000032,1.0,1.0,"(1, 2)",667e6da95ae0a25f225ae6e6
24.0,24.0,5820,test,1653.5000000000032,1.0,1.0,"(1, 2)",667e6da95ae0a25f225ae6e6
24.0,24.0,5821,test,1653.5000000000032,1.0,1.0,"(1, 2)",667e6da95ae0a25f225ae6e6
24.0,24.0,5822,test,1653.5000000000032,1.0,1.0,"(1, 2)",667e6da95ae0a25f225ae6e6
24.0,24.0,5823,test,1653.5000000000032,1.0,1.0,"(1, 2)",667e6da95ae0a25f225ae6e6
24.0,24.0,5824,test,1653.5000000000032,1.0,1.0,"(1, 2)",667e6da95ae0a25f225ae6e6
24.0,24.0,5825,test,1653.5000000000032,1.0,1.0,"(1, 2)",667e6da95ae0a25f225ae6e6
24.0,24.0,5826,test,1653.5000000000032,1.0,1.0,"(1, 2)",667e6da95ae0a25f225ae6e6
24.0,24.0,5827,test,1653.5000000000032,1.0,1.0,"(1, 2)",667e6da95ae0a25f225ae6e6
24.0,24.0,5828,test,1653.5000000000032,1.0,1.0,"(1, 2)",667e6da95ae0a25f225ae6e6
24.0,24.0,5829,test,1653.5000000000032,1.0,1.0,"(1, 2)",667e6da95ae0a25f225ae6e6
24.0,24.0,5830,test,1653.5000000000032,1.0,1.0,"(1, 2)",667e6da95ae0a25f225ae6e6
24.0,24.0,5831,test,1653.5000000000032,1.0,1.0,"(1, 2)",667e6da95ae0a25f225ae6e6
24.0,24.0,5832,test,1653.5000000000032,1.0,1.0,"(1, 2)",667e6da95ae0a25f225ae6e6
24.0,24.0,5833,test,1653.5000000000032,1.0,1.0,"(1, 2)",667e6da95ae0a25f225ae6e6
24.0,24.0,5834,test,1653.5000000000032,1.0,1.0,"(1, 2)",667e6da95ae0a25f225ae6e6
24.0,24.0,5835,test,1653.5000000000032,1.0,1.0,"(1, 2)",667e6da95ae0a25f225ae6e6
24.0,24.0,5836,test,1653.5000000000032,1.0,1.0,"(1, 2)",667e6da95ae0a25f225ae6e6
24.0,24.0,5837,test,1653.5000000000032,1.0,1.0,"(1, 2)",667e6da95ae0a25f225ae6e6
24.0,24.0,5838,test,1653.5000000000032,1.0,1.0,"(1, 2)",667e6da95ae0a25f225ae6e6
24.0,24.0,5839,test,1653.5000000000032,1.0,1.0,"(1, 2)",667e6da95ae0a25f225ae6e6
24.0,24.0,5840,test,1653.5000000000032,1.0,1.0,"(1, 2)",667e6da95ae0a25f225ae6e6
24.0,24.0,5841,test,1653.5000000000032,1.0,1.0,"(1, 2)",667e6da95ae0a25f225ae6e6
24.0,24.0,5842,test,1653.5000000000032,1.0,1.0,"(1, 2)",667e6da95ae0a25f225ae6e6
24.0,24.0,5843,test,1653.5000000000032,1.0,1.0,"(1, 2)",667e6da95ae0a25f225ae6e6
24.0,24.0,5844,test,1653.5000000000032,1.0,1.0,"(1, 2)",667e6da95ae0a25f225ae6e6
24.0,24.0,5845,test,1653.5000000000032,1.0,1.0,"(1, 2)",667e6da95ae0a25f225ae6e6
24.0,24.0,5846,test,1653.5000000000032,1.0,1.0,"(1, 2)",667e6da95ae0a25f225ae6e6
24.0,24.0,5847,test,1653.5000000000032,1.0,1.0,"(1, 2)",667e6da95ae0a25f225ae6e6
24.0,24.0,5848,test,1653.5000000000032,1.0,1.0,"(1, 2)",667e6da95ae0a25f225ae6e6
24.0,24.0,5849,test,1653.5000000000032,1.0,1.0,"(1, 2)",667e6da95ae0a25f225ae6e6
24.0,24.0,5850,test,1653.5000000000032,1.0,1.0,"(1, 2)",667e6da95ae0a25f225ae6e6
24.0,24.0,5851,test,1653.5000000000032,1.0,1.0,"(1, 2)",667e6da95ae0a25f225ae6e6
24.0,24.0,5852,test,1653.5000000000032,1.0,1.0,"(1, 2)",667e6da95ae0a25f225ae6e6
24.0,24.0,5853,test,1653.5000000000032,1.0,1.0,"(1, 2)",667e6da95ae0a25f225ae6e6
24.0,24.0,5854,test,1653.5000000000032,1.0,1.0,"(1, 2)",667e6da95ae0a25f225ae6e6
24.0,24.0,5855,test,1653.5000000000032,1.0,1.0,"(1, 2)",667e6da95ae0a25f225ae6e6
24.0,24.0,5856,test,1653.5000000000032,1.0,1.0,"(1, 2)",667e6da95ae0a25f225ae6e6
24.0,24.0,5857,test,1653.5000000000032,1.0,1.0,"(1, 2)",667e6da95ae0a25f225ae6e6
24.0,24.0,5858,test,1653.5000000000032,1.0,1.0,"(1, 2)",667e6da95ae0a25f225ae6e6
24.0,24.0,5859,test,1653.5000000000032,1.0,1.0,"(1, 2)",667e6da95ae0a25f225ae6e6
24.0,24.0,5860,test,1653.5000000000032,1.0,1.0,"(1, 2)",667e6da95ae0a25f225ae6e6
24.0,24.0,5861,test,1653.5000000000032,1.0,1.0,"(1, 2)",667e6da95ae0a25f225ae6e6
24.0,24.0,5862,test,1653.5000000000032,1.0,1.0,"(1, 2)",667e6da95ae0a25f225ae6e6
24.0,24.0,5863,test,1653.5000000000032,1.0,1.0,"(1, 2)",667e6da95ae0a25f225ae6e6
24.0,24.0,5864,test,1653.5000000000032,1.0,1.0,"(1, 2)",667e6da95ae0a25f225ae6e6
24.0,24.0,5865,test,1653.5000000000032,1.0,1.0,"(1, 2)",667e6da95ae0a25f225ae6e6
24.0,24.0,5866,test,1653.5000000000032,1.0,1.0,"(1, 2)",667e6da95ae0a25f225ae6e6
24.0,24.0,5867,test,1653.5000000000032,1.0,1.0,"(1, 2)",667e6da95ae0a25f225ae6e6
24.0,24.0,5868,test,1653.5000000000032,1.0,1.0,"(1, 2)",667e6da95ae0a25f225ae6e6
24.0,24.0,5869,test,1653.5000000000032,1.0,1.0,"(1, 2)",667e6da95ae0a25f225ae6e6
24.0,24.0,5870,test,1653.5000000000032,1.0,1.0,"(1, 2)",667e6da95ae0a25f225ae6e6
24.0,24.0,5871,test,1653.5000000000032,1.0,1.0,"(1, 2)",667e6da95ae0a25f225ae6e6
24.0,24.0,5872,test,1653.5000000000032,1.0,1.0,"(1, 2)",667e6da95ae0a25f225ae6e6
24.0,24.0,5873,test,1653.5000000000032,1.0,1.0,"(1, 2)",667e6da95ae0a25f225ae6e6
24.0,24.0,5874,test,1653.5000000000032,1.0,1.0,"(1, 2)",667e6da95ae0a25f225ae6e6
24.0,24.0,5875,test,1653.5000000000032,1.0,1.0,"(1, 2)",667e6da95ae0a25f225ae6e6
24.0,24.0,5876,test,1653.5000000000032,1.0,1.0,"(1, 2)",667e6da95ae0a25f225ae6e6
24.0,24.0,5877,test,1653.5000000000032,1.0,1.0,"(1, 2)",667e6da95ae0a25f225ae6e6
24.0,24.0,5878,test,1653.5000000000032,1.0,1.0,"(1, 2)",667e6da95ae0a25f225ae6e6
24.0,24.0,5879,test,1653.5000000000032,1.0,1.0,"(1, 2)",667e6da95ae0a25f225ae6e6
24.0,24.0,5880,test,1653.5000000000032,1.0,1.0,"(1, 2)",667e6da95ae0a25f225ae6e6
24.0,25.24999999999993,5881,test,1654.7500000000032,1.0,1.0,"(1, 2)",667e6da95ae0a25f225ae6e6
24.0,26.499999999999858,5882,test,1656.0000000000032,1.0,1.0,"(1, 2)",667e6da95ae0a25f225ae6e6
24.0,27.749999999999787,5883,test,1657.2500000000032,1.0,1.0,"(1, 2)",667e6da95ae0a25f225ae6e6
24.0,28.999999999999716,5884,test,1658.5000000000032,1.0,1.0,"(1, 2)",667e6da95ae0a25f225ae6e6
24.0,30.249999999999645,5885,test,1659.7500000000032,1.0,1.0,"(1, 2)",667e6da95ae0a25f225ae6e6
24.0,31.499999999999574,5886,test,1661.0000000000032,1.0,1.0,"(1, 2)",667e6da95ae0a25f225ae6e6
24.0,32.749999999999716,5887,test,1662.2500000000034,1.0,1.0,"(1, 2)",667e6da95ae0a25f225ae6e6
24.0,34.0,5888,test,1663.5000000000036,1.0,1.0,"(1, 2)",667e6da95ae0a25f225ae6e6
24.0,35.250000000000284,5889,test,1664.7500000000039,1.0,1.0,"(1, 2)",667e6da95ae0a25f225ae6e6
24.0,36.50000000000057,5890,test,1666.000000000004,1.0,1.0,"(1, 2)",667e6da95ae0a25f225ae6e6
24.0,37.75000000000085,5891,test,1667.2500000000043,1.0,1.0,"(1, 2)",667e6da95ae0a25f225ae6e6
24.0,39.00000000000114,5892,test,1668.5000000000045,1.0,1.0,"(1, 2)",667e6da95ae0a25f225ae6e6
24.0,40.25000000000142,5893,test,1669.7500000000048,1.0,1.0,"(1, 2)",667e6da95ae0a25f225ae6e6
24.0,41.500000000001705,5894,test,1671.000000000005,1.0,1.0,"(1, 2)",667e6da95ae0a25f225ae6e6
24.0,42.75000000000199,5895,test,1672.2500000000052,1.0,1.0,"(1, 2)",667e6da95ae0a25f225ae6e6
24.0,44.000000000002274,5896,test,1673.5000000000055,1.0,1.0,"(1, 2)",667e6da95ae0a25f225ae6e6
24.0,45.25000000000256,5897,test,1674.7500000000057,1.0,1.0,"(1, 2)",667e6da95ae0a25f225ae6e6
24.0,46.50000000000284,5898,test,1676.000000000006,1.0,1.0,"(1, 2)",667e6da95ae0a25f225ae6e6
24.0,47.750000000003126,5899,test,1677.2500000000061,1.0,1.0,"(1, 2)",667e6da95ae0a25f225ae6e6
24.0,49.00000000000341,5900,test,1678.5000000000064,1.0,1.0,"(1, 2)",667e6da95ae0a25f225ae6e6
24.0,50.250000000003695,5901,test,1679.7500000000066,1.0,1.0,"(1, 2)",667e6da95ae0a25f225ae6e6
24.0,51.50000000000398,5902,test,1681.0000000000068,1.0,1.0,"(1, 2)",667e6da95ae0a25f225ae6e6
24.0,52.75000000000426,5903,test,1682.250000000007,1.0,1.0,"(1, 2)",667e6da95ae0a25f225ae6e6
24.0,54.00000000000455,5904,test,1683.5000000000073,1.0,1.0,"(1, 2)",667e6da95ae0a25f225ae6e6
24.0,55.25000000000483,5905,test,1684.7500000000075,1.0,1.0,"(1, 2)",667e6da95ae0a25f225ae6e6
24.0,56.500000000005116,5906,test,1686.0000000000077,1.0,1.0,"(1, 2)",667e6da95ae0a25f225ae6e6
24.0,57.7500000000054,5907,test,1687.250000000008,1.0,1.0,"(1, 2)",667e6da95ae0a25f225ae6e6
24.0,59.000000000005684,5908,test,1688.5000000000082,1.0,1.0,"(1, 2)",667e6da95ae0a25f225ae6e6
24.0,60.25000000000597,5909,test,1689.7500000000084,1.0,1.0,"(1, 2)",667e6da95ae0a25f225ae6e6
24.0,61.50000000000625,5910,test,1691.0000000000086,1.0,1.0,"(1, 2)",667e6da95ae0a25f225ae6e6
24.0,62.75000000000654,5911,test,1692.2500000000089,1.0,1.0,"(1, 2)",667e6da95ae0a25f225ae6e6
24.0,64.00000000000682,5912,test,1693.500000000009,1.0,1.0,"(1, 2)",667e6da95ae0a25f225ae6e6
24.0,65.2500000000071,5913,test,1694.7500000000093,1.0,1.0,"(1, 2)",667e6da95ae0a25f225ae6e6
24.0,66.50000000000739,5914,test,1696.0000000000095,1.0,1.0,"(1, 2)",667e6da95ae0a25f225ae6e6
24.0,67.75000000000767,5915,test,1697.2500000000098,1.0,1.0,"(1, 2)",667e6da95ae0a25f225ae6e6
24.0,69.00000000000796,5916,test,1698.50000000001,1.0,1.0,"(1, 2)",667e6da95ae0a25f225ae6e6
24.0,70.25000000000824,5917,test,1699.7500000000102,1.0,1.0,"(1, 2)",667e6da95ae0a25f225ae6e6
24.0,71.50000000000853,5918,test,1701.0000000000105,1.0,1.0,"(1, 2)",667e6da95ae0a25f225ae6e6
24.0,72.0,5919,test,1701.5000000000018,1.0,1.0,"(1, 2)",667e6da95ae0a25f225ae6e6
24.0,72.0,5920,test,1701.5000000000018,1.0,1.0,"(1, 2)",667e6da95ae0a25f225ae6e6
24.0,72.0,5921,test,1701.5000000000018,1.0,1.0,"(1, 2)",667e6da95ae0a25f225ae6e6
24.0,72.0,5922,test,1701.5000000000018,1.0,1.0,"(1, 2)",667e6da95ae0a25f225ae6e6
24.0,72.0,5923,test,1701.5000000000018,1.0,1.0,"(1, 2)",667e6da95ae0a25f225ae6e6
24.0,72.0,5924,test,1701.5000000000018,1.0,1.0,"(1, 2)",667e6da95ae0a25f225ae6e6
24.0,72.0,5925,test,1701.5000000000018,1.0,1.0,"(1, 2)",667e6da95ae0a25f225ae6e6
24.0,72.0,5926,test,1701.5000000000018,1.0,1.0,"(1, 2)",667e6da95ae0a25f225ae6e6
24.0,72.0,5927,test,1701.5000000000018,1.0,1.0,"(1, 2)",667e6da95ae0a25f225ae6e6
24.0,72.0,5928,test,1701.5000000000018,1.0,1.0,"(1, 2)",667e6da95ae0a25f225ae6e6
24.0,72.0,5929,test,1701.5000000000018,1.0,1.0,"(1, 2)",667e6da95ae0a25f225ae6e6
24.0,72.0,5930,test,1701.5000000000018,1.0,1.0,"(1, 2)",667e6da95ae0a25f225ae6e6
24.0,72.0,5931,test,1701.5000000000018,1.0,1.0,"(1, 2)",667e6da95ae0a25f225ae6e6
24.0,72.0,5932,test,1701.5000000000018,1.0,1.0,"(1, 2)",667e6da95ae0a25f225ae6e6
24.0,72.0,5933,test,1701.5000000000018,1.0,1.0,"(1, 2)",667e6da95ae0a25f225ae6e6
24.0,72.0,5934,test,1701.5000000000018,1.0,1.0,"(1, 2)",667e6da95ae0a25f225ae6e6
24.0,72.0,5935,test,1701.5000000000018,1.0,1.0,"(1, 2)",667e6da95ae0a25f225ae6e6
24.0,72.0,5936,test,1701.5000000000018,1.0,1.0,"(1, 2)",667e6da95ae0a25f225ae6e6
24.0,72.0,5937,test,1701.5000000000018,1.0,1.0,"(1, 2)",667e6da95ae0a25f225ae6e6
24.0,72.0,5938,test,1701.5000000000018,1.0,1.0,"(1, 2)",667e6da95ae0a25f225ae6e6
24.0,72.0,5939,test,1701.5000000000018,1.0,1.0,"(1, 2)",667e6da95ae0a25f225ae6e6
24.0,72.0,5940,test,1701.5000000000018,1.0,1.0,"(1, 2)",667e6da95ae0a25f225ae6e6
24.0,72.0,5941,test,1701.5000000000018,1.0,1.0,"(1, 2)",667e6da95ae0a25f225ae6e6
24.0,72.0,5942,test,1701.5000000000018,1.0,1.0,"(1, 2)",667e6da95ae0a25f225ae6e6
24.0,72.0,5943,test,1701.5000000000018,1.0,1.0,"(1, 2)",667e6da95ae0a25f225ae6e6
24.0,72.0,5944,test,1701.5000000000018,1.0,1.0,"(1, 2)",667e6da95ae0a25f225ae6e6
24.0,72.0,5945,test,1701.5000000000018,1.0,1.0,"(1, 2)",667e6da95ae0a25f225ae6e6
24.0,72.0,5946,test,1701.5000000000018,1.0,1.0,"(1, 2)",667e6da95ae0a25f225ae6e6
24.0,72.0,5947,test,1701.5000000000018,1.0,1.0,"(1, 2)",667e6da95ae0a25f225ae6e6
24.0,72.0,5948,test,1701.5000000000018,1.0,1.0,"(1, 2)",667e6da95ae0a25f225ae6e6
24.0,72.0,5949,test,1701.5000000000018,1.0,1.0,"(1, 2)",667e6da95ae0a25f225ae6e6
24.0,72.0,5950,test,1701.5000000000018,1.0,1.0,"(1, 2)",667e6da95ae0a25f225ae6e6
24.0,72.0,5951,test,1701.5000000000018,1.0,1.0,"(1, 2)",667e6da95ae0a25f225ae6e6
24.0,72.0,5952,test,1701.5000000000018,1.0,1.0,"(1, 2)",667e6da95ae0a25f225ae6e6
24.0,72.0,5953,test,1701.5000000000018,1.0,1.0,"(1, 2)",667e6da95ae0a25f225ae6e6
24.0,72.0,5954,test,1701.5000000000018,1.0,1.0,"(1, 2)",667e6da95ae0a25f225ae6e6
24.0,72.0,5955,test,1701.5000000000018,1.0,1.0,"(1, 2)",667e6da95ae0a25f225ae6e6
24.0,70.74999999999972,5956,test,1702.750000000002,1.0,1.0,"(1, 2)",667e6da95ae0a25f225ae6e6
24.0,69.49999999999943,5957,test,1704.0000000000023,1.0,1.0,"(1, 2)",667e6da95ae0a25f225ae6e6
24.0,68.24999999999915,5958,test,1705.2500000000025,1.0,1.0,"(1, 2)",667e6da95ae0a25f225ae6e6
24.0,66.99999999999886,5959,test,1706.5000000000027,1.0,1.0,"(1, 2)",667e6da95ae0a25f225ae6e6
24.0,65.74999999999858,5960,test,1707.750000000003,1.0,1.0,"(1, 2)",667e6da95ae0a25f225ae6e6
24.0,64.4999999999983,5961,test,1709.0000000000032,1.0,1.0,"(1, 2)",667e6da95ae0a25f225ae6e6
24.0,63.24999999999801,5962,test,1710.2500000000034,1.0,1.0,"(1, 2)",667e6da95ae0a25f225ae6e6
24.0,61.999999999997726,5963,test,1711.5000000000036,1.0,1.0,"(1, 2)",667e6da95ae0a25f225ae6e6
24.0,60.74999999999744,5964,test,1712.7500000000039,1.0,1.0,"(1, 2)",667e6da95ae0a25f225ae6e6
24.0,59.49999999999716,5965,test,1714.000000000004,1.0,1.0,"(1, 2)",667e6da95ae0a25f225ae6e6
24.0,58.249999999996874,5966,test,1715.2500000000043,1.0,1.0,"(1, 2)",667e6da95ae0a25f225ae6e6
24.0,56.99999999999659,5967,test,1716.5000000000045,1.0,1.0,"(1, 2)",667e6da95ae0a25f225ae6e6
24.0,55.749999999996305,5968,test,1717.7500000000048,1.0,1.0,"(1, 2)",667e6da95ae0a25f225ae6e6
24.0,54.49999999999602,5969,test,1719.000000000005,1.0,1.0,"(1, 2)",667e6da95ae0a25f225ae6e6
24.0,53.24999999999574,5970,test,1720.2500000000052,1.0,1.0,"(1, 2)",667e6da95ae0a25f225ae6e6
24.0,51.99999999999545,5971,test,1721.5000000000055,1.0,1.0,"(1, 2)",667e6da95ae0a25f225ae6e6
24.0,50.74999999999517,5972,test,1722.7500000000057,1.0,1.0,"(1, 2)",667e6da95ae0a25f225ae6e6
24.0,49.499999999994884,5973,test,1724.000000000006,1.0,1.0,"(1, 2)",667e6da95ae0a25f225ae6e6
24.0,48.2499999999946,5974,test,1725.2500000000061,1.0,1.0,"(1, 2)",667e6da95ae0a25f225ae6e6
24.0,46.999999999994316,5975,test,1726.5000000000064,1.0,1.0,"(1, 2)",667e6da95ae0a25f225ae6e6
24.0,45.74999999999403,5976,test,1727.7500000000066,1.0,1.0,"(1, 2)",667e6da95ae0a25f225ae6e6
24.0,44.49999999999375,5977,test,1729.0000000000068,1.0,1.0,"(1, 2)",667e6da95ae0a25f225ae6e6
24.0,43.24999999999346,5978,test,1730.250000000007,1.0,1.0,"(1, 2)",667e6da95ae0a25f225ae6e6
24.0,41.99999999999318,5979,test,1731.5000000000073,1.0,1.0,"(1, 2)",667e6da95ae0a25f225ae6e6
24.0,40.749999999992895,5980,test,1732.7500000000075,1.0,1.0,"(1, 2)",667e6da95ae0a25f225ae6e6
24.0,40.0,5981,test,1733.5000000000005,1.0,1.0,"(1, 2)",667e6da95ae0a25f225ae6e6
24.0,40.0,5982,test,1733.5000000000005,1.0,1.0,"(1, 2)",667e6da95ae0a25f225ae6e6
24.0,40.0,5983,test,1733.5000000000005,1.0,1.0,"(1, 2)",667e6da95ae0a25f225ae6e6
24.0,40.0,5984,test,1733.5000000000005,1.0,1.0,"(1, 2)",667e6da95ae0a25f225ae6e6
24.0,40.0,5985,test,1733.5000000000005,1.0,1.0,"(1, 2)",667e6da95ae0a25f225ae6e6
24.0,40.0,5986,test,1733.5000000000005,1.0,1.0,"(1, 2)",667e6da95ae0a25f225ae6e6
24.0,40.0,5987,test,1733.5000000000005,1.0,1.0,"(1, 2)",667e6da95ae0a25f225ae6e6
24.0,40.0,5988,test,1733.5000000000005,1.0,1.0,"(1, 2)",667e6da95ae0a25f225ae6e6
24.0,40.0,5989,test,1733.5000000000005,1.0,1.0,"(1, 2)",667e6da95ae0a25f225ae6e6
24.0,40.0,5990,test,1733.5000000000005,1.0,1.0,"(1, 2)",667e6da95ae0a25f225ae6e6
24.0,40.0,5991,test,1733.5000000000005,1.0,1.0,"(1, 2)",667e6da95ae0a25f225ae6e6
24.0,40.0,5992,test,1733.5000000000005,1.0,1.0,"(1, 2)",667e6da95ae0a25f225ae6e6
24.0,40.0,5993,test,1733.5000000000005,1.0,1.0,"(1, 2)",667e6da95ae0a25f225ae6e6
24.0,40.0,5994,test,1733.5000000000005,1.0,1.0,"(1, 2)",667e6da95ae0a25f225ae6e6
24.0,40.0,5995,test,1733.5000000000005,1.0,1.0,"(1, 2)",667e6da95ae0a25f225ae6e6
24.0,40.0,5996,test,1733.5000000000005,1.0,1.0,"(1, 2)",667e6da95ae0a25f225ae6e6
24.0,40.0,5997,test,1733.5000000000005,1.0,1.0,"(1, 2)",667e6da95ae0a25f225ae6e6
24.0,40.0,5998,test,1733.5000000000005,1.0,1.0,"(1, 2)",667e6da95ae0a25f225ae6e6
24.0,40.0,5999,test,1733.5000000000005,1.0,1.0,"(1, 2)",667e6da95ae0a25f225ae6e6
24.0,40.0,6000,test,1733.5000000000005,1.0,1.0,"(1, 2)",667e6da95ae0a25f225ae6e6
24.0,40.0,6001,test,1733.5000000000005,1.0,1.0,"(1, 2)",667e6da95ae0a25f225ae6e6
24.0,40.0,6002,test,1733.5000000000005,1.0,1.0,"(1, 2)",667e6da95ae0a25f225ae6e6
24.0,40.0,6003,test,1733.5000000000005,1.0,1.0,"(1, 2)",667e6da95ae0a25f225ae6e6
24.0,40.0,6004,test,1733.5000000000005,1.0,1.0,"(1, 2)",667e6da95ae0a25f225ae6e6
24.0,40.0,6005,test,1733.5000000000005,1.0,1.0,"(1, 2)",667e6da95ae0a25f225ae6e6
24.0,40.0,6006,test,1733.5000000000005,1.0,1.0,"(1, 2)",667e6da95ae0a25f225ae6e6
24.0,40.0,6007,test,1733.5000000000005,1.0,1.0,"(1, 2)",667e6da95ae0a25f225ae6e6
24.0,40.0,6008,test,1733.5000000000005,1.0,1.0,"(1, 2)",667e6da95ae0a25f225ae6e6
24.0,40.0,6009,test,1733.5000000000005,1.0,1.0,"(1, 2)",667e6da95ae0a25f225ae6e6
24.0,40.0,6010,test,1733.5000000000005,1.0,1.0,"(1, 2)",667e6da95ae0a25f225ae6e6
24.0,40.0,6011,test,1733.5000000000005,1.0,1.0,"(1, 2)",667e6da95ae0a25f225ae6e6
24.0,40.0,6012,test,1733.5000000000005,1.0,1.0,"(1, 2)",667e6da95ae0a25f225ae6e6
24.0,38.749999999999716,6013,test,1734.7500000000007,1.0,1.0,"(1, 2)",667e6da95ae0a25f225ae6e6
24.0,37.49999999999943,6014,test,1736.000000000001,1.0,1.0,"(1, 2)",667e6da95ae0a25f225ae6e6
24.0,36.24999999999915,6015,test,1737.2500000000011,1.0,1.0,"(1, 2)",667e6da95ae0a25f225ae6e6
24.0,34.99999999999886,6016,test,1738.5000000000014,1.0,1.0,"(1, 2)",667e6da95ae0a25f225ae6e6
24.0,33.74999999999858,6017,test,1739.7500000000016,1.0,1.0,"(1, 2)",667e6da95ae0a25f225ae6e6
24.0,32.499999999998295,6018,test,1741.0000000000018,1.0,1.0,"(1, 2)",667e6da95ae0a25f225ae6e6
24.0,31.249999999998227,6019,test,1742.2500000000018,1.0,1.0,"(1, 2)",667e6da95ae0a25f225ae6e6
24.0,29.9999999999983,6020,test,1743.5000000000018,1.0,1.0,"(1, 2)",667e6da95ae0a25f225ae6e6
24.0,28.74999999999837,6021,test,1744.7500000000018,1.0,1.0,"(1, 2)",667e6da95ae0a25f225ae6e6
24.0,27.49999999999844,6022,test,1746.0000000000018,1.0,1.0,"(1, 2)",667e6da95ae0a25f225ae6e6
24.0,26.24999999999851,6023,test,1747.2500000000018,1.0,1.0,"(1, 2)",667e6da95ae0a25f225ae6e6
24.0,24.999999999998582,6024,test,1748.5000000000018,1.0,1.0,"(1, 2)",667e6da95ae0a25f225ae6e6
24.0,24.0,6025,test,1749.5000000000005,1.0,1.0,"(1, 2)",667e6da95ae0a25f225ae6e6
24.0,24.0,6026,test,1749.5000000000005,1.0,1.0,"(1, 2)",667e6da95ae0a25f225ae6e6
24.0,24.0,6027,test,1749.5000000000005,1.0,1.0,"(1, 2)",667e6da95ae0a25f225ae6e6
24.0,24.0,6028,test,1749.5000000000005,1.0,1.0,"(1, 2)",667e6da95ae0a25f225ae6e6
24.0,24.0,6029,test,1749.5000000000005,1.0,1.0,"(1, 2)",667e6da95ae0a25f225ae6e6
24.0,24.0,6030,test,1749.5000000000005,1.0,1.0,"(1, 2)",667e6da95ae0a25f225ae6e6
24.0,24.0,6031,test,1749.5000000000005,1.0,1.0,"(1, 2)",667e6da95ae0a25f225ae6e6
24.0,24.0,6032,test,1749.5000000000005,1.0,1.0,"(1, 2)",667e6da95ae0a25f225ae6e6
24.0,24.0,6033,test,1749.5000000000005,1.0,1.0,"(1, 2)",667e6da95ae0a25f225ae6e6
24.0,24.0,6034,test,1749.5000000000005,1.0,1.0,"(1, 2)",667e6da95ae0a25f225ae6e6
24.0,24.0,6035,test,1749.5000000000005,1.0,1.0,"(1, 2)",667e6da95ae0a25f225ae6e6
24.0,24.0,6036,test,1749.5000000000005,1.0,1.0,"(1, 2)",667e6da95ae0a25f225ae6e6
24.0,24.0,6037,test,1749.5000000000005,1.0,1.0,"(1, 2)",667e6da95ae0a25f225ae6e6
24.0,24.0,6038,test,1749.5000000000005,1.0,1.0,"(1, 2)",667e6da95ae0a25f225ae6e6
24.0,24.0,6039,test,1749.5000000000005,1.0,1.0,"(1, 2)",667e6da95ae0a25f225ae6e6
24.0,24.0,6040,test,1749.5000000000005,1.0,1.0,"(1, 2)",667e6da95ae0a25f225ae6e6
24.0,24.0,6041,test,1749.5000000000005,1.0,1.0,"(1, 2)",667e6da95ae0a25f225ae6e6
24.0,24.0,6042,test,1749.5000000000005,1.0,1.0,"(1, 2)",667e6da95ae0a25f225ae6e6
24.0,24.0,6043,test,1749.5000000000005,1.0,1.0,"(1, 2)",667e6da95ae0a25f225ae6e6
24.0,24.0,6044,test,1749.5000000000005,1.0,1.0,"(1, 2)",667e6da95ae0a25f225ae6e6
24.0,24.0,6045,test,1749.5000000000005,1.0,1.0,"(1, 2)",667e6da95ae0a25f225ae6e6
24.0,24.0,6046,test,1749.5000000000005,1.0,1.0,"(1, 2)",667e6da95ae0a25f225ae6e6
24.0,24.0,6047,test,1749.5000000000005,1.0,1.0,"(1, 2)",667e6da95ae0a25f225ae6e6
24.0,24.0,6048,test,1749.5000000000005,1.0,1.0,"(1, 2)",667e6da95ae0a25f225ae6e6
24.0,24.0,6049,test,1749.5000000000005,1.0,1.0,"(1, 2)",667e6da95ae0a25f225ae6e6
24.0,24.0,6050,test,1749.5000000000005,1.0,1.0,"(1, 2)",667e6da95ae0a25f225ae6e6
24.0,24.0,6051,test,1749.5000000000005,1.0,1.0,"(1, 2)",667e6da95ae0a25f225ae6e6
24.0,24.0,6052,test,1749.5000000000005,1.0,1.0,"(1, 2)",667e6da95ae0a25f225ae6e6
24.0,24.0,6053,test,1749.5000000000005,1.0,1.0,"(1, 2)",667e6da95ae0a25f225ae6e6
24.0,24.0,6054,test,1749.5000000000005,1.0,1.0,"(1, 2)",667e6da95ae0a25f225ae6e6
24.0,24.0,6055,test,1749.5000000000005,1.0,1.0,"(1, 2)",667e6da95ae0a25f225ae6e6
24.0,24.0,6056,test,1749.5000000000005,1.0,1.0,"(1, 2)",667e6da95ae0a25f225ae6e6
24.0,24.0,6057,test,1749.5000000000005,1.0,1.0,"(1, 2)",667e6da95ae0a25f225ae6e6
24.0,24.0,6058,test,1749.5000000000005,1.0,1.0,"(1, 2)",667e6da95ae0a25f225ae6e6
24.0,24.0,6059,test,1749.5000000000005,1.0,1.0,"(1, 2)",667e6da95ae0a25f225ae6e6
24.0,24.0,6060,test,1749.5000000000005,1.0,1.0,"(1, 2)",667e6da95ae0a25f225ae6e6
24.0,24.0,6061,test,1749.5000000000005,1.0,1.0,"(1, 2)",667e6da95ae0a25f225ae6e6
24.0,24.0,6062,test,1749.5000000000005,1.0,1.0,"(1, 2)",667e6da95ae0a25f225ae6e6
24.0,24.0,6063,test,1749.5000000000005,1.0,1.0,"(1, 2)",667e6da95ae0a25f225ae6e6
24.0,25.24999999999993,6064,test,1750.7500000000005,1.0,1.0,"(1, 2)",667e6da95ae0a25f225ae6e6
24.0,26.499999999999858,6065,test,1752.0000000000005,1.0,1.0,"(1, 2)",667e6da95ae0a25f225ae6e6
24.0,27.749999999999787,6066,test,1753.2500000000005,1.0,1.0,"(1, 2)",667e6da95ae0a25f225ae6e6
24.0,28.999999999999716,6067,test,1754.5000000000005,1.0,1.0,"(1, 2)",667e6da95ae0a25f225ae6e6
24.0,30.249999999999645,6068,test,1755.7500000000005,1.0,1.0,"(1, 2)",667e6da95ae0a25f225ae6e6
24.0,31.499999999999574,6069,test,1757.0000000000005,1.0,1.0,"(1, 2)",667e6da95ae0a25f225ae6e6
24.0,32.749999999999716,6070,test,1758.2500000000007,1.0,1.0,"(1, 2)",667e6da95ae0a25f225ae6e6
24.0,34.0,6071,test,1759.500000000001,1.0,1.0,"(1, 2)",667e6da95ae0a25f225ae6e6
24.0,35.250000000000284,6072,test,1760.7500000000011,1.0,1.0,"(1, 2)",667e6da95ae0a25f225ae6e6
24.0,36.50000000000057,6073,test,1762.0000000000014,1.0,1.0,"(1, 2)",667e6da95ae0a25f225ae6e6
24.0,37.75000000000085,6074,test,1763.2500000000016,1.0,1.0,"(1, 2)",667e6da95ae0a25f225ae6e6
24.0,39.00000000000114,6075,test,1764.5000000000018,1.0,1.0,"(1, 2)",667e6da95ae0a25f225ae6e6
24.0,40.25000000000142,6076,test,1765.750000000002,1.0,1.0,"(1, 2)",667e6da95ae0a25f225ae6e6
24.0,41.500000000001705,6077,test,1767.0000000000023,1.0,1.0,"(1, 2)",667e6da95ae0a25f225ae6e6
24.0,42.75000000000199,6078,test,1768.2500000000025,1.0,1.0,"(1, 2)",667e6da95ae0a25f225ae6e6
24.0,44.000000000002274,6079,test,1769.5000000000027,1.0,1.0,"(1, 2)",667e6da95ae0a25f225ae6e6
24.0,45.25000000000256,6080,test,1770.750000000003,1.0,1.0,"(1, 2)",667e6da95ae0a25f225ae6e6
24.0,46.50000000000284,6081,test,1772.0000000000032,1.0,1.0,"(1, 2)",667e6da95ae0a25f225ae6e6
24.0,47.750000000003126,6082,test,1773.2500000000034,1.0,1.0,"(1, 2)",667e6da95ae0a25f225ae6e6
24.0,49.00000000000341,6083,test,1774.5000000000036,1.0,1.0,"(1, 2)",667e6da95ae0a25f225ae6e6
24.0,50.250000000003695,6084,test,1775.7500000000039,1.0,1.0,"(1, 2)",667e6da95ae0a25f225ae6e6
24.0,51.50000000000398,6085,test,1777.000000000004,1.0,1.0,"(1, 2)",667e6da95ae0a25f225ae6e6
24.0,52.75000000000426,6086,test,1778.2500000000043,1.0,1.0,"(1, 2)",667e6da95ae0a25f225ae6e6
24.0,54.00000000000455,6087,test,1779.5000000000045,1.0,1.0,"(1, 2)",667e6da95ae0a25f225ae6e6
24.0,55.25000000000483,6088,test,1780.7500000000048,1.0,1.0,"(1, 2)",667e6da95ae0a25f225ae6e6
24.0,56.0,6089,test,1781.5,1.0,1.0,"(1, 2)",667e6da95ae0a25f225ae6e6
24.0,56.0,6090,test,1781.5,1.0,1.0,"(1, 2)",667e6da95ae0a25f225ae6e6
24.0,56.0,6091,test,1781.5,1.0,1.0,"(1, 2)",667e6da95ae0a25f225ae6e6
24.0,56.0,6092,test,1781.5,1.0,1.0,"(1, 2)",667e6da95ae0a25f225ae6e6
24.0,56.0,6093,test,1781.5,1.0,1.0,"(1, 2)",667e6da95ae0a25f225ae6e6
24.0,56.0,6094,test,1781.5,1.0,1.0,"(1, 2)",667e6da95ae0a25f225ae6e6
24.0,56.0,6095,test,1781.5,1.0,1.0,"(1, 2)",667e6da95ae0a25f225ae6e6
24.0,56.0,6096,test,1781.5,1.0,1.0,"(1, 2)",667e6da95ae0a25f225ae6e6
24.0,56.0,6097,test,1781.5,1.0,1.0,"(1, 2)",667e6da95ae0a25f225ae6e6
24.0,56.0,6098,test,1781.5,1.0,1.0,"(1, 2)",667e6da95ae0a25f225ae6e6
24.0,56.0,6099,test,1781.5,1.0,1.0,"(1, 2)",667e6da95ae0a25f225ae6e6
24.0,56.0,6100,test,1781.5,1.0,1.0,"(1, 2)",667e6da95ae0a25f225ae6e6
24.0,56.0,6101,test,1781.5,1.0,1.0,"(1, 2)",667e6da95ae0a25f225ae6e6
24.0,56.0,6102,test,1781.5,1.0,1.0,"(1, 2)",667e6da95ae0a25f225ae6e6
24.0,54.749999999999716,6103,test,1782.7500000000002,1.0,1.0,"(1, 2)",667e6da95ae0a25f225ae6e6
24.0,53.49999999999943,6104,test,1784.0000000000005,1.0,1.0,"(1, 2)",667e6da95ae0a25f225ae6e6
24.0,52.24999999999915,6105,test,1785.2500000000007,1.0,1.0,"(1, 2)",667e6da95ae0a25f225ae6e6
24.0,50.99999999999886,6106,test,1786.500000000001,1.0,1.0,"(1, 2)",667e6da95ae0a25f225ae6e6
24.0,49.74999999999858,6107,test,1787.7500000000011,1.0,1.0,"(1, 2)",667e6da95ae0a25f225ae6e6
24.0,48.499999999998295,6108,test,1789.0000000000014,1.0,1.0,"(1, 2)",667e6da95ae0a25f225ae6e6
24.0,47.24999999999801,6109,test,1790.2500000000016,1.0,1.0,"(1, 2)",667e6da95ae0a25f225ae6e6
24.0,45.999999999997726,6110,test,1791.5000000000018,1.0,1.0,"(1, 2)",667e6da95ae0a25f225ae6e6
24.0,44.74999999999744,6111,test,1792.750000000002,1.0,1.0,"(1, 2)",667e6da95ae0a25f225ae6e6
24.0,43.49999999999716,6112,test,1794.0000000000023,1.0,1.0,"(1, 2)",667e6da95ae0a25f225ae6e6
24.0,42.249999999996874,6113,test,1795.2500000000025,1.0,1.0,"(1, 2)",667e6da95ae0a25f225ae6e6
24.0,40.99999999999659,6114,test,1796.5000000000027,1.0,1.0,"(1, 2)",667e6da95ae0a25f225ae6e6
24.0,39.749999999996305,6115,test,1797.750000000003,1.0,1.0,"(1, 2)",667e6da95ae0a25f225ae6e6
24.0,38.49999999999602,6116,test,1799.0000000000032,1.0,1.0,"(1, 2)",667e6da95ae0a25f225ae6e6
24.0,37.24999999999574,6117,test,1800.2500000000034,1.0,1.0,"(1, 2)",667e6da95ae0a25f225ae6e6
24.0,35.99999999999545,6118,test,1801.5000000000036,1.0,1.0,"(1, 2)",667e6da95ae0a25f225ae6e6
24.0,34.74999999999517,6119,test,1802.7500000000039,1.0,1.0,"(1, 2)",667e6da95ae0a25f225ae6e6
24.0,33.499999999994884,6120,test,1804.000000000004,1.0,1.0,"(1, 2)",667e6da95ae0a25f225ae6e6
24.0,32.2499999999946,6121,test,1805.2500000000043,1.0,1.0,"(1, 2)",667e6da95ae0a25f225ae6e6
24.0,30.999999999994603,6122,test,1806.5000000000043,1.0,1.0,"(1, 2)",667e6da95ae0a25f225ae6e6
24.0,29.749999999994674,6123,test,1807.7500000000043,1.0,1.0,"(1, 2)",667e6da95ae0a25f225ae6e6
24.0,28.499999999994746,6124,test,1809.0000000000043,1.0,1.0,"(1, 2)",667e6da95ae0a25f225ae6e6
24.0,27.249999999994817,6125,test,1810.2500000000043,1.0,1.0,"(1, 2)",667e6da95ae0a25f225ae6e6
24.0,25.999999999994888,6126,test,1811.5000000000043,1.0,1.0,"(1, 2)",667e6da95ae0a25f225ae6e6
24.0,24.74999999999496,6127,test,1812.7500000000043,1.0,1.0,"(1, 2)",667e6da95ae0a25f225ae6e6
24.0,24.0,6128,test,1813.4999999999993,1.0,1.0,"(1, 2)",667e6da95ae0a25f225ae6e6
24.0,24.0,6129,test,1813.4999999999993,1.0,1.0,"(1, 2)",667e6da95ae0a25f225ae6e6
24.0,24.0,6130,test,1813.4999999999993,1.0,1.0,"(1, 2)",667e6da95ae0a25f225ae6e6
24.0,24.0,6131,test,1813.4999999999993,1.0,1.0,"(1, 2)",667e6da95ae0a25f225ae6e6
24.0,24.0,6132,test,1813.4999999999993,1.0,1.0,"(1, 2)",667e6da95ae0a25f225ae6e6
24.0,24.0,6133,test,1813.4999999999993,1.0,1.0,"(1, 2)",667e6da95ae0a25f225ae6e6
24.0,24.0,6134,test,1813.4999999999993,1.0,1.0,"(1, 2)",667e6da95ae0a25f225ae6e6
24.0,24.0,6135,test,1813.4999999999993,1.0,1.0,"(1, 2)",667e6da95ae0a25f225ae6e6
24.0,24.0,6136,test,1813.4999999999993,1.0,1.0,"(1, 2)",667e6da95ae0a25f225ae6e6
24.0,24.0,6137,test,1813.4999999999993,1.0,1.0,"(1, 2)",667e6da95ae0a25f225ae6e6
24.0,24.0,6138,test,1813.4999999999993,1.0,1.0,"(1, 2)",667e6da95ae0a25f225ae6e6
24.0,24.0,6139,test,1813.4999999999993,1.0,1.0,"(1, 2)",667e6da95ae0a25f225ae6e6
24.0,24.0,6140,test,1813.4999999999993,1.0,1.0,"(1, 2)",667e6da95ae0a25f225ae6e6
24.0,24.0,6141,test,1813.4999999999993,1.0,1.0,"(1, 2)",667e6da95ae0a25f225ae6e6
24.0,24.0,6142,test,1813.4999999999993,1.0,1.0,"(1, 2)",667e6da95ae0a25f225ae6e6
24.0,24.0,6143,test,1813.4999999999993,1.0,1.0,"(1, 2)",667e6da95ae0a25f225ae6e6
24.0,24.0,6144,test,1813.4999999999993,1.0,1.0,"(1, 2)",667e6da95ae0a25f225ae6e6
24.0,24.0,6145,test,1813.4999999999993,1.0,1.0,"(1, 2)",667e6da95ae0a25f225ae6e6
24.0,24.0,6146,test,1813.4999999999993,1.0,1.0,"(1, 2)",667e6da95ae0a25f225ae6e6
24.0,24.0,6147,test,1813.4999999999993,1.0,1.0,"(1, 2)",667e6da95ae0a25f225ae6e6
24.0,24.0,6148,test,1813.4999999999993,1.0,1.0,"(1, 2)",667e6da95ae0a25f225ae6e6
24.0,24.0,6149,test,1813.4999999999993,1.0,1.0,"(1, 2)",667e6da95ae0a25f225ae6e6
24.0,24.0,6150,test,1813.4999999999993,1.0,1.0,"(1, 2)",667e6da95ae0a25f225ae6e6
24.0,24.0,6151,test,1813.4999999999993,1.0,1.0,"(1, 2)",667e6da95ae0a25f225ae6e6
24.0,24.0,6152,test,1813.4999999999993,1.0,1.0,"(1, 2)",667e6da95ae0a25f225ae6e6
24.0,24.0,6153,test,1813.4999999999993,1.0,1.0,"(1, 2)",667e6da95ae0a25f225ae6e6
24.0,24.0,6154,test,1813.4999999999993,1.0,1.0,"(1, 2)",667e6da95ae0a25f225ae6e6
24.0,24.0,6155,test,1813.4999999999993,1.0,1.0,"(1, 2)",667e6da95ae0a25f225ae6e6
24.0,24.0,6156,test,1813.4999999999993,1.0,1.0,"(1, 2)",667e6da95ae0a25f225ae6e6
24.0,24.0,6157,test,1813.4999999999993,1.0,1.0,"(1, 2)",667e6da95ae0a25f225ae6e6
24.0,24.0,6158,test,1813.4999999999993,1.0,1.0,"(1, 2)",667e6da95ae0a25f225ae6e6
24.0,24.0,6159,test,1813.4999999999993,1.0,1.0,"(1, 2)",667e6da95ae0a25f225ae6e6
24.0,24.0,6160,test,1813.4999999999993,1.0,1.0,"(1, 2)",667e6da95ae0a25f225ae6e6
24.0,24.0,6161,test,1813.4999999999993,1.0,1.0,"(1, 2)",667e6da95ae0a25f225ae6e6
24.0,24.0,6162,test,1813.4999999999993,1.0,1.0,"(1, 2)",667e6da95ae0a25f225ae6e6
24.0,24.0,6163,test,1813.4999999999993,1.0,1.0,"(1, 2)",667e6da95ae0a25f225ae6e6
24.0,24.0,6164,test,1813.4999999999993,1.0,1.0,"(1, 2)",667e6da95ae0a25f225ae6e6
24.0,24.0,6165,test,1813.4999999999993,1.0,1.0,"(1, 2)",667e6da95ae0a25f225ae6e6
24.0,24.0,6166,test,1813.4999999999993,1.0,1.0,"(1, 2)",667e6da95ae0a25f225ae6e6
24.0,24.0,6167,test,1813.4999999999993,1.0,1.0,"(1, 2)",667e6da95ae0a25f225ae6e6
24.0,24.0,6168,test,1813.4999999999993,1.0,1.0,"(1, 2)",667e6da95ae0a25f225ae6e6
24.0,24.0,6169,test,1813.4999999999993,1.0,1.0,"(1, 2)",667e6da95ae0a25f225ae6e6
24.0,24.0,6170,test,1813.4999999999993,1.0,1.0,"(1, 2)",667e6da95ae0a25f225ae6e6
24.0,24.0,6171,test,1813.4999999999993,1.0,1.0,"(1, 2)",667e6da95ae0a25f225ae6e6
24.0,24.0,6172,test,1813.4999999999993,1.0,1.0,"(1, 2)",667e6da95ae0a25f225ae6e6
24.0,24.0,6173,test,1813.4999999999993,1.0,1.0,"(1, 2)",667e6da95ae0a25f225ae6e6
24.0,24.0,6174,test,1813.4999999999993,1.0,1.0,"(1, 2)",667e6da95ae0a25f225ae6e6
24.0,24.0,6175,test,1813.4999999999993,1.0,1.0,"(1, 2)",667e6da95ae0a25f225ae6e6
24.0,24.0,6176,test,1813.4999999999993,1.0,1.0,"(1, 2)",667e6da95ae0a25f225ae6e6
24.0,24.0,6177,test,1813.4999999999993,1.0,1.0,"(1, 2)",667e6da95ae0a25f225ae6e6
24.0,24.0,6178,test,1813.4999999999993,1.0,1.0,"(1, 2)",667e6da95ae0a25f225ae6e6
24.0,24.0,6179,test,1813.4999999999993,1.0,1.0,"(1, 2)",667e6da95ae0a25f225ae6e6
24.0,24.0,6180,test,1813.4999999999993,1.0,1.0,"(1, 2)",667e6da95ae0a25f225ae6e6
24.0,24.0,6181,test,1813.4999999999993,1.0,1.0,"(1, 2)",667e6da95ae0a25f225ae6e6
24.0,24.0,6182,test,1813.4999999999993,1.0,1.0,"(1, 2)",667e6da95ae0a25f225ae6e6
24.0,24.0,6183,test,1813.4999999999993,1.0,1.0,"(1, 2)",667e6da95ae0a25f225ae6e6
24.0,24.0,6184,test,1813.4999999999993,1.0,1.0,"(1, 2)",667e6da95ae0a25f225ae6e6
24.0,24.0,6185,test,1813.4999999999993,1.0,1.0,"(1, 2)",667e6da95ae0a25f225ae6e6
24.0,24.0,6186,test,1813.4999999999993,1.0,1.0,"(1, 2)",667e6da95ae0a25f225ae6e6
24.0,24.0,6187,test,1813.4999999999993,1.0,1.0,"(1, 2)",667e6da95ae0a25f225ae6e6
24.0,24.0,6188,test,1813.4999999999993,1.0,1.0,"(1, 2)",667e6da95ae0a25f225ae6e6
24.0,24.0,6189,test,1813.4999999999993,1.0,1.0,"(1, 2)",667e6da95ae0a25f225ae6e6
24.0,24.0,6190,test,1813.4999999999993,1.0,1.0,"(1, 2)",667e6da95ae0a25f225ae6e6
24.0,24.0,6191,test,1813.4999999999993,1.0,1.0,"(1, 2)",667e6da95ae0a25f225ae6e6
24.0,24.0,6192,test,1813.4999999999993,1.0,1.0,"(1, 2)",667e6da95ae0a25f225ae6e6
24.0,24.0,6193,test,1813.4999999999993,1.0,1.0,"(1, 2)",667e6da95ae0a25f225ae6e6
24.0,24.0,6194,test,1813.4999999999993,1.0,1.0,"(1, 2)",667e6da95ae0a25f225ae6e6
24.0,24.0,6195,test,1813.4999999999993,1.0,1.0,"(1, 2)",667e6da95ae0a25f225ae6e6
24.0,24.0,6196,test,1813.4999999999993,1.0,1.0,"(1, 2)",667e6da95ae0a25f225ae6e6
24.0,24.0,6197,test,1813.4999999999993,1.0,1.0,"(1, 2)",667e6da95ae0a25f225ae6e6
24.0,24.0,6198,test,1813.4999999999993,1.0,1.0,"(1, 2)",667e6da95ae0a25f225ae6e6
24.0,24.0,6199,test,1813.4999999999993,1.0,1.0,"(1, 2)",667e6da95ae0a25f225ae6e6
24.0,24.0,6200,test,1813.4999999999993,1.0,1.0,"(1, 2)",667e6da95ae0a25f225ae6e6
24.0,24.0,6201,test,1813.4999999999993,1.0,1.0,"(1, 2)",667e6da95ae0a25f225ae6e6
24.0,24.0,6202,test,1813.4999999999993,1.0,1.0,"(1, 2)",667e6da95ae0a25f225ae6e6
24.0,24.0,6203,test,1813.4999999999993,1.0,1.0,"(1, 2)",667e6da95ae0a25f225ae6e6
24.0,24.0,6204,test,1813.4999999999993,1.0,1.0,"(1, 2)",667e6da95ae0a25f225ae6e6
24.0,24.0,6205,test,1813.4999999999993,1.0,1.0,"(1, 2)",667e6da95ae0a25f225ae6e6
24.0,24.0,6206,test,1813.4999999999993,1.0,1.0,"(1, 2)",667e6da95ae0a25f225ae6e6
24.0,24.0,6207,test,1813.4999999999993,1.0,1.0,"(1, 2)",667e6da95ae0a25f225ae6e6
24.0,24.0,6208,test,1813.4999999999993,1.0,1.0,"(1, 2)",667e6da95ae0a25f225ae6e6
24.0,24.0,6209,test,1813.4999999999993,1.0,1.0,"(1, 2)",667e6da95ae0a25f225ae6e6
24.0,24.0,6210,test,1813.4999999999993,1.0,1.0,"(1, 2)",667e6da95ae0a25f225ae6e6
24.0,24.0,6211,test,1813.4999999999993,1.0,1.0,"(1, 2)",667e6da95ae0a25f225ae6e6
24.0,24.0,6212,test,1813.4999999999993,1.0,1.0,"(1, 2)",667e6da95ae0a25f225ae6e6
24.0,24.0,6213,test,1813.4999999999993,1.0,1.0,"(1, 2)",667e6da95ae0a25f225ae6e6
24.0,24.0,6214,test,1813.4999999999993,1.0,1.0,"(1, 2)",667e6da95ae0a25f225ae6e6
24.0,24.0,6215,test,1813.4999999999993,1.0,1.0,"(1, 2)",667e6da95ae0a25f225ae6e6
24.0,24.0,6216,test,1813.4999999999993,1.0,1.0,"(1, 2)",667e6da95ae0a25f225ae6e6
24.0,24.0,6217,test,1813.4999999999993,1.0,1.0,"(1, 2)",667e6da95ae0a25f225ae6e6
24.0,24.0,6218,test,1813.4999999999993,1.0,1.0,"(1, 2)",667e6da95ae0a25f225ae6e6
24.0,24.0,6219,test,1813.4999999999993,1.0,1.0,"(1, 2)",667e6da95ae0a25f225ae6e6
24.0,24.0,6220,test,1813.4999999999993,1.0,1.0,"(1, 2)",667e6da95ae0a25f225ae6e6
24.0,24.0,6221,test,1813.4999999999993,1.0,1.0,"(1, 2)",667e6da95ae0a25f225ae6e6
24.0,24.0,6222,test,1813.4999999999993,1.0,1.0,"(1, 2)",667e6da95ae0a25f225ae6e6
24.0,24.0,6223,test,1813.4999999999993,1.0,1.0,"(1, 2)",667e6da95ae0a25f225ae6e6
24.0,24.0,6224,test,1813.4999999999993,1.0,1.0,"(1, 2)",667e6da95ae0a25f225ae6e6
24.0,24.0,6225,test,1813.4999999999993,1.0,1.0,"(1, 2)",667e6da95ae0a25f225ae6e6
24.0,24.0,6226,test,1813.4999999999993,1.0,1.0,"(1, 2)",667e6da95ae0a25f225ae6e6
24.0,24.0,6227,test,1813.4999999999993,1.0,1.0,"(1, 2)",667e6da95ae0a25f225ae6e6
24.0,24.0,6228,test,1813.4999999999993,1.0,1.0,"(1, 2)",667e6da95ae0a25f225ae6e6
24.0,24.0,6229,test,1813.4999999999993,1.0,1.0,"(1, 2)",667e6da95ae0a25f225ae6e6
24.0,24.0,6230,test,1813.4999999999993,1.0,1.0,"(1, 2)",667e6da95ae0a25f225ae6e6
24.0,24.0,6231,test,1813.4999999999993,1.0,1.0,"(1, 2)",667e6da95ae0a25f225ae6e6
24.0,24.0,6232,test,1813.4999999999993,1.0,1.0,"(1, 2)",667e6da95ae0a25f225ae6e6
24.0,24.0,6233,test,1813.4999999999993,1.0,1.0,"(1, 2)",667e6da95ae0a25f225ae6e6
24.0,24.0,6234,test,1813.4999999999993,1.0,1.0,"(1, 2)",667e6da95ae0a25f225ae6e6
24.0,24.0,6235,test,1813.4999999999993,1.0,1.0,"(1, 2)",667e6da95ae0a25f225ae6e6
24.0,24.0,6236,test,1813.4999999999993,1.0,1.0,"(1, 2)",667e6da95ae0a25f225ae6e6
24.0,24.0,6237,test,1813.4999999999993,1.0,1.0,"(1, 2)",667e6da95ae0a25f225ae6e6
24.0,24.0,6238,test,1813.4999999999993,1.0,1.0,"(1, 2)",667e6da95ae0a25f225ae6e6
24.0,24.0,6239,test,1813.4999999999993,1.0,1.0,"(1, 2)",667e6da95ae0a25f225ae6e6
24.0,24.0,6240,test,1813.4999999999993,1.0,1.0,"(1, 2)",667e6da95ae0a25f225ae6e6
24.0,24.0,6241,test,1813.4999999999993,1.0,1.0,"(1, 2)",667e6da95ae0a25f225ae6e6
24.0,24.0,6242,test,1813.4999999999993,1.0,1.0,"(1, 2)",667e6da95ae0a25f225ae6e6
24.0,24.0,6243,test,1813.4999999999993,1.0,1.0,"(1, 2)",667e6da95ae0a25f225ae6e6
24.0,24.0,6244,test,1813.4999999999993,1.0,1.0,"(1, 2)",667e6da95ae0a25f225ae6e6
24.0,24.0,6245,test,1813.4999999999993,1.0,1.0,"(1, 2)",667e6da95ae0a25f225ae6e6
24.0,24.0,6246,test,1813.4999999999993,1.0,1.0,"(1, 2)",667e6da95ae0a25f225ae6e6
24.0,24.0,6247,test,1813.4999999999993,1.0,1.0,"(1, 2)",667e6da95ae0a25f225ae6e6
24.0,24.0,6248,test,1813.4999999999993,1.0,1.0,"(1, 2)",667e6da95ae0a25f225ae6e6
24.0,24.0,6249,test,1813.4999999999993,1.0,1.0,"(1, 2)",667e6da95ae0a25f225ae6e6
24.0,24.0,6250,test,1813.4999999999993,1.0,1.0,"(1, 2)",667e6da95ae0a25f225ae6e6
24.0,24.0,6251,test,1813.4999999999993,1.0,1.0,"(1, 2)",667e6da95ae0a25f225ae6e6
24.0,24.0,6252,test,1813.4999999999993,1.0,1.0,"(1, 2)",667e6da95ae0a25f225ae6e6
24.0,24.0,6253,test,1813.4999999999993,1.0,1.0,"(1, 2)",667e6da95ae0a25f225ae6e6
24.0,24.0,6254,test,1813.4999999999993,1.0,1.0,"(1, 2)",667e6da95ae0a25f225ae6e6
24.0,24.0,6255,test,1813.4999999999993,1.0,1.0,"(1, 2)",667e6da95ae0a25f225ae6e6
24.0,24.0,6256,test,1813.4999999999993,1.0,1.0,"(1, 2)",667e6da95ae0a25f225ae6e6
24.0,24.0,6257,test,1813.4999999999993,1.0,1.0,"(1, 2)",667e6da95ae0a25f225ae6e6
24.0,24.0,6258,test,1813.4999999999993,1.0,1.0,"(1, 2)",667e6da95ae0a25f225ae6e6
24.0,24.0,6259,test,1813.4999999999993,1.0,1.0,"(1, 2)",667e6da95ae0a25f225ae6e6
24.0,24.0,6260,test,1813.4999999999993,1.0,1.0,"(1, 2)",667e6da95ae0a25f225ae6e6
24.0,24.0,6261,test,1813.4999999999993,1.0,1.0,"(1, 2)",667e6da95ae0a25f225ae6e6
24.0,24.0,6262,test,1813.4999999999993,1.0,1.0,"(1, 2)",667e6da95ae0a25f225ae6e6
24.0,24.0,6263,test,1813.4999999999993,1.0,1.0,"(1, 2)",667e6da95ae0a25f225ae6e6
24.0,24.0,6264,test,1813.4999999999993,1.0,1.0,"(1, 2)",667e6da95ae0a25f225ae6e6
24.0,24.0,6265,test,1813.4999999999993,1.0,1.0,"(1, 2)",667e6da95ae0a25f225ae6e6
24.0,24.0,6266,test,1813.4999999999993,1.0,1.0,"(1, 2)",667e6da95ae0a25f225ae6e6
24.0,24.0,6267,test,1813.4999999999993,1.0,1.0,"(1, 2)",667e6da95ae0a25f225ae6e6
24.0,24.0,6268,test,1813.4999999999993,1.0,1.0,"(1, 2)",667e6da95ae0a25f225ae6e6
24.0,24.0,6269,test,1813.4999999999993,1.0,1.0,"(1, 2)",667e6da95ae0a25f225ae6e6
24.0,24.0,6270,test,1813.4999999999993,1.0,1.0,"(1, 2)",667e6da95ae0a25f225ae6e6
24.0,24.0,6271,test,1813.4999999999993,1.0,1.0,"(1, 2)",667e6da95ae0a25f225ae6e6
24.0,24.0,6272,test,1813.4999999999993,1.0,1.0,"(1, 2)",667e6da95ae0a25f225ae6e6
24.0,24.0,6273,test,1813.4999999999993,1.0,1.0,"(1, 2)",667e6da95ae0a25f225ae6e6
24.0,24.0,6274,test,1813.4999999999993,1.0,1.0,"(1, 2)",667e6da95ae0a25f225ae6e6
24.0,24.0,6275,test,1813.4999999999993,1.0,1.0,"(1, 2)",667e6da95ae0a25f225ae6e6
24.0,24.0,6276,test,1813.4999999999993,1.0,1.0,"(1, 2)",667e6da95ae0a25f225ae6e6
24.0,24.0,6277,test,1813.4999999999993,1.0,1.0,"(1, 2)",667e6da95ae0a25f225ae6e6
24.0,24.0,6278,test,1813.4999999999993,1.0,1.0,"(1, 2)",667e6da95ae0a25f225ae6e6
24.0,24.0,6279,test,1813.4999999999993,1.0,1.0,"(1, 2)",667e6da95ae0a25f225ae6e6
24.0,25.24999999999993,6280,test,1814.7499999999993,1.0,1.0,"(1, 2)",667e6da95ae0a25f225ae6e6
24.0,26.499999999999858,6281,test,1815.9999999999993,1.0,1.0,"(1, 2)",667e6da95ae0a25f225ae6e6
24.0,27.749999999999787,6282,test,1817.2499999999993,1.0,1.0,"(1, 2)",667e6da95ae0a25f225ae6e6
24.0,28.999999999999716,6283,test,1818.4999999999993,1.0,1.0,"(1, 2)",667e6da95ae0a25f225ae6e6
24.0,30.249999999999645,6284,test,1819.7499999999993,1.0,1.0,"(1, 2)",667e6da95ae0a25f225ae6e6
24.0,31.499999999999574,6285,test,1820.9999999999993,1.0,1.0,"(1, 2)",667e6da95ae0a25f225ae6e6
24.0,32.749999999999716,6286,test,1822.2499999999995,1.0,1.0,"(1, 2)",667e6da95ae0a25f225ae6e6
24.0,34.0,6287,test,1823.4999999999998,1.0,1.0,"(1, 2)",667e6da95ae0a25f225ae6e6
24.0,35.250000000000284,6288,test,1824.75,1.0,1.0,"(1, 2)",667e6da95ae0a25f225ae6e6
24.0,36.50000000000057,6289,test,1826.0000000000002,1.0,1.0,"(1, 2)",667e6da95ae0a25f225ae6e6
24.0,37.75000000000085,6290,test,1827.2500000000005,1.0,1.0,"(1, 2)",667e6da95ae0a25f225ae6e6
24.0,39.00000000000114,6291,test,1828.5000000000007,1.0,1.0,"(1, 2)",667e6da95ae0a25f225ae6e6
24.0,40.0,6292,test,1829.4999999999995,1.0,1.0,"(1, 2)",667e6da95ae0a25f225ae6e6
24.0,40.0,6293,test,1829.4999999999995,1.0,1.0,"(1, 2)",667e6da95ae0a25f225ae6e6
24.0,40.0,6294,test,1829.4999999999995,1.0,1.0,"(1, 2)",667e6da95ae0a25f225ae6e6
24.0,40.0,6295,test,1829.4999999999995,1.0,1.0,"(1, 2)",667e6da95ae0a25f225ae6e6
24.0,40.0,6296,test,1829.4999999999995,1.0,1.0,"(1, 2)",667e6da95ae0a25f225ae6e6
24.0,40.0,6297,test,1829.4999999999995,1.0,1.0,"(1, 2)",667e6da95ae0a25f225ae6e6
24.0,40.0,6298,test,1829.4999999999995,1.0,1.0,"(1, 2)",667e6da95ae0a25f225ae6e6
24.0,40.0,6299,test,1829.4999999999995,1.0,1.0,"(1, 2)",667e6da95ae0a25f225ae6e6
24.0,40.0,6300,test,1829.4999999999995,1.0,1.0,"(1, 2)",667e6da95ae0a25f225ae6e6
24.0,40.0,6301,test,1829.4999999999995,1.0,1.0,"(1, 2)",667e6da95ae0a25f225ae6e6
24.0,40.0,6302,test,1829.4999999999995,1.0,1.0,"(1, 2)",667e6da95ae0a25f225ae6e6
24.0,40.0,6303,test,1829.4999999999995,1.0,1.0,"(1, 2)",667e6da95ae0a25f225ae6e6
24.0,40.0,6304,test,1829.4999999999995,1.0,1.0,"(1, 2)",667e6da95ae0a25f225ae6e6
24.0,40.0,6305,test,1829.4999999999995,1.0,1.0,"(1, 2)",667e6da95ae0a25f225ae6e6
24.0,40.0,6306,test,1829.4999999999995,1.0,1.0,"(1, 2)",667e6da95ae0a25f225ae6e6
24.0,40.0,6307,test,1829.4999999999995,1.0,1.0,"(1, 2)",667e6da95ae0a25f225ae6e6
24.0,40.0,6308,test,1829.4999999999995,1.0,1.0,"(1, 2)",667e6da95ae0a25f225ae6e6
24.0,40.0,6309,test,1829.4999999999995,1.0,1.0,"(1, 2)",667e6da95ae0a25f225ae6e6
24.0,40.0,6310,test,1829.4999999999995,1.0,1.0,"(1, 2)",667e6da95ae0a25f225ae6e6
24.0,40.0,6311,test,1829.4999999999995,1.0,1.0,"(1, 2)",667e6da95ae0a25f225ae6e6
24.0,40.0,6312,test,1829.4999999999995,1.0,1.0,"(1, 2)",667e6da95ae0a25f225ae6e6
24.0,40.0,6313,test,1829.4999999999995,1.0,1.0,"(1, 2)",667e6da95ae0a25f225ae6e6
24.0,40.0,6314,test,1829.4999999999995,1.0,1.0,"(1, 2)",667e6da95ae0a25f225ae6e6
24.0,40.0,6315,test,1829.4999999999995,1.0,1.0,"(1, 2)",667e6da95ae0a25f225ae6e6
24.0,40.0,6316,test,1829.4999999999995,1.0,1.0,"(1, 2)",667e6da95ae0a25f225ae6e6
24.0,40.0,6317,test,1829.4999999999995,1.0,1.0,"(1, 2)",667e6da95ae0a25f225ae6e6
24.0,40.0,6318,test,1829.4999999999995,1.0,1.0,"(1, 2)",667e6da95ae0a25f225ae6e6
24.0,40.0,6319,test,1829.4999999999995,1.0,1.0,"(1, 2)",667e6da95ae0a25f225ae6e6
24.0,40.0,6320,test,1829.4999999999995,1.0,1.0,"(1, 2)",667e6da95ae0a25f225ae6e6
24.0,40.0,6321,test,1829.4999999999995,1.0,1.0,"(1, 2)",667e6da95ae0a25f225ae6e6
24.0,40.0,6322,test,1829.4999999999995,1.0,1.0,"(1, 2)",667e6da95ae0a25f225ae6e6
24.0,40.0,6323,test,1829.4999999999995,1.0,1.0,"(1, 2)",667e6da95ae0a25f225ae6e6
24.0,40.0,6324,test,1829.4999999999995,1.0,1.0,"(1, 2)",667e6da95ae0a25f225ae6e6
24.0,40.0,6325,test,1829.4999999999995,1.0,1.0,"(1, 2)",667e6da95ae0a25f225ae6e6
24.0,40.0,6326,test,1829.4999999999995,1.0,1.0,"(1, 2)",667e6da95ae0a25f225ae6e6
24.0,40.0,6327,test,1829.4999999999995,1.0,1.0,"(1, 2)",667e6da95ae0a25f225ae6e6
24.0,40.0,6328,test,1829.4999999999995,1.0,1.0,"(1, 2)",667e6da95ae0a25f225ae6e6
24.0,40.0,6329,test,1829.4999999999995,1.0,1.0,"(1, 2)",667e6da95ae0a25f225ae6e6
24.0,40.0,6330,test,1829.4999999999995,1.0,1.0,"(1, 2)",667e6da95ae0a25f225ae6e6
24.0,40.0,6331,test,1829.4999999999995,1.0,1.0,"(1, 2)",667e6da95ae0a25f225ae6e6
24.0,40.0,6332,test,1829.4999999999995,1.0,1.0,"(1, 2)",667e6da95ae0a25f225ae6e6
24.0,40.0,6333,test,1829.4999999999995,1.0,1.0,"(1, 2)",667e6da95ae0a25f225ae6e6
24.0,40.0,6334,test,1829.4999999999995,1.0,1.0,"(1, 2)",667e6da95ae0a25f225ae6e6
24.0,40.0,6335,test,1829.4999999999995,1.0,1.0,"(1, 2)",667e6da95ae0a25f225ae6e6
24.0,40.0,6336,test,1829.4999999999995,1.0,1.0,"(1, 2)",667e6da95ae0a25f225ae6e6
24.0,40.0,6337,test,1829.4999999999995,1.0,1.0,"(1, 2)",667e6da95ae0a25f225ae6e6
24.0,40.0,6338,test,1829.4999999999995,1.0,1.0,"(1, 2)",667e6da95ae0a25f225ae6e6
24.0,40.0,6339,test,1829.4999999999995,1.0,1.0,"(1, 2)",667e6da95ae0a25f225ae6e6
24.0,40.0,6340,test,1829.4999999999995,1.0,1.0,"(1, 2)",667e6da95ae0a25f225ae6e6
24.0,40.0,6341,test,1829.4999999999995,1.0,1.0,"(1, 2)",667e6da95ae0a25f225ae6e6
24.0,40.0,6342,test,1829.4999999999995,1.0,1.0,"(1, 2)",667e6da95ae0a25f225ae6e6
24.0,40.0,6343,test,1829.4999999999995,1.0,1.0,"(1, 2)",667e6da95ae0a25f225ae6e6
24.0,40.0,6344,test,1829.4999999999995,1.0,1.0,"(1, 2)",667e6da95ae0a25f225ae6e6
24.0,40.0,6345,test,1829.4999999999995,1.0,1.0,"(1, 2)",667e6da95ae0a25f225ae6e6
24.0,40.0,6346,test,1829.4999999999995,1.0,1.0,"(1, 2)",667e6da95ae0a25f225ae6e6
24.0,40.0,6347,test,1829.4999999999995,1.0,1.0,"(1, 2)",667e6da95ae0a25f225ae6e6
24.0,40.0,6348,test,1829.4999999999995,1.0,1.0,"(1, 2)",667e6da95ae0a25f225ae6e6
24.0,40.0,6349,test,1829.4999999999995,1.0,1.0,"(1, 2)",667e6da95ae0a25f225ae6e6
24.0,40.0,6350,test,1829.4999999999995,1.0,1.0,"(1, 2)",667e6da95ae0a25f225ae6e6
24.0,40.0,6351,test,1829.4999999999995,1.0,1.0,"(1, 2)",667e6da95ae0a25f225ae6e6
24.0,40.0,6352,test,1829.4999999999995,1.0,1.0,"(1, 2)",667e6da95ae0a25f225ae6e6
24.0,40.0,6353,test,1829.4999999999995,1.0,1.0,"(1, 2)",667e6da95ae0a25f225ae6e6
24.0,40.0,6354,test,1829.4999999999995,1.0,1.0,"(1, 2)",667e6da95ae0a25f225ae6e6
24.0,40.0,6355,test,1829.4999999999995,1.0,1.0,"(1, 2)",667e6da95ae0a25f225ae6e6
24.0,40.0,6356,test,1829.4999999999995,1.0,1.0,"(1, 2)",667e6da95ae0a25f225ae6e6
24.0,40.0,6357,test,1829.4999999999995,1.0,1.0,"(1, 2)",667e6da95ae0a25f225ae6e6
24.0,40.0,6358,test,1829.4999999999995,1.0,1.0,"(1, 2)",667e6da95ae0a25f225ae6e6
24.0,40.0,6359,test,1829.4999999999995,1.0,1.0,"(1, 2)",667e6da95ae0a25f225ae6e6
24.0,40.0,6360,test,1829.4999999999995,1.0,1.0,"(1, 2)",667e6da95ae0a25f225ae6e6
24.0,40.0,6361,test,1829.4999999999995,1.0,1.0,"(1, 2)",667e6da95ae0a25f225ae6e6
24.0,40.0,6362,test,1829.4999999999995,1.0,1.0,"(1, 2)",667e6da95ae0a25f225ae6e6
24.0,40.0,6363,test,1829.4999999999995,1.0,1.0,"(1, 2)",667e6da95ae0a25f225ae6e6
24.0,40.0,6364,test,1829.4999999999995,1.0,1.0,"(1, 2)",667e6da95ae0a25f225ae6e6
24.0,40.0,6365,test,1829.4999999999995,1.0,1.0,"(1, 2)",667e6da95ae0a25f225ae6e6
24.0,40.0,6366,test,1829.4999999999995,1.0,1.0,"(1, 2)",667e6da95ae0a25f225ae6e6
24.0,40.0,6367,test,1829.4999999999995,1.0,1.0,"(1, 2)",667e6da95ae0a25f225ae6e6
24.0,40.0,6368,test,1829.4999999999995,1.0,1.0,"(1, 2)",667e6da95ae0a25f225ae6e6
24.0,40.0,6369,test,1829.4999999999995,1.0,1.0,"(1, 2)",667e6da95ae0a25f225ae6e6
24.0,40.0,6370,test,1829.4999999999995,1.0,1.0,"(1, 2)",667e6da95ae0a25f225ae6e6
24.0,40.0,6371,test,1829.4999999999995,1.0,1.0,"(1, 2)",667e6da95ae0a25f225ae6e6
24.0,40.0,6372,test,1829.4999999999995,1.0,1.0,"(1, 2)",667e6da95ae0a25f225ae6e6
24.0,40.0,6373,test,1829.4999999999995,1.0,1.0,"(1, 2)",667e6da95ae0a25f225ae6e6
24.0,40.0,6374,test,1829.4999999999995,1.0,1.0,"(1, 2)",667e6da95ae0a25f225ae6e6
24.0,40.0,6375,test,1829.4999999999995,1.0,1.0,"(1, 2)",667e6da95ae0a25f225ae6e6
24.0,40.0,6376,test,1829.4999999999995,1.0,1.0,"(1, 2)",667e6da95ae0a25f225ae6e6
24.0,40.0,6377,test,1829.4999999999995,1.0,1.0,"(1, 2)",667e6da95ae0a25f225ae6e6
24.0,40.0,6378,test,1829.4999999999995,1.0,1.0,"(1, 2)",667e6da95ae0a25f225ae6e6
24.0,40.0,6379,test,1829.4999999999995,1.0,1.0,"(1, 2)",667e6da95ae0a25f225ae6e6
24.0,40.0,6380,test,1829.4999999999995,1.0,1.0,"(1, 2)",667e6da95ae0a25f225ae6e6
24.0,40.0,6381,test,1829.4999999999995,1.0,1.0,"(1, 2)",667e6da95ae0a25f225ae6e6
24.0,40.0,6382,test,1829.4999999999995,1.0,1.0,"(1, 2)",667e6da95ae0a25f225ae6e6
24.0,40.0,6383,test,1829.4999999999995,1.0,1.0,"(1, 2)",667e6da95ae0a25f225ae6e6
24.0,40.0,6384,test,1829.4999999999995,1.0,1.0,"(1, 2)",667e6da95ae0a25f225ae6e6
24.0,40.0,6385,test,1829.4999999999995,1.0,1.0,"(1, 2)",667e6da95ae0a25f225ae6e6
24.0,40.0,6386,test,1829.4999999999995,1.0,1.0,"(1, 2)",667e6da95ae0a25f225ae6e6
24.0,40.0,6387,test,1829.4999999999995,1.0,1.0,"(1, 2)",667e6da95ae0a25f225ae6e6
24.0,40.0,6388,test,1829.4999999999995,1.0,1.0,"(1, 2)",667e6da95ae0a25f225ae6e6
24.0,40.0,6389,test,1829.4999999999995,1.0,1.0,"(1, 2)",667e6da95ae0a25f225ae6e6
24.0,40.0,6390,test,1829.4999999999995,1.0,1.0,"(1, 2)",667e6da95ae0a25f225ae6e6
24.0,40.0,6391,test,1829.4999999999995,1.0,1.0,"(1, 2)",667e6da95ae0a25f225ae6e6
24.0,40.0,6392,test,1829.4999999999995,1.0,1.0,"(1, 2)",667e6da95ae0a25f225ae6e6
24.0,40.0,6393,test,1829.4999999999995,1.0,1.0,"(1, 2)",667e6da95ae0a25f225ae6e6
24.0,40.0,6394,test,1829.4999999999995,1.0,1.0,"(1, 2)",667e6da95ae0a25f225ae6e6
24.0,40.0,6395,test,1829.4999999999995,1.0,1.0,"(1, 2)",667e6da95ae0a25f225ae6e6
24.0,40.0,6396,test,1829.4999999999995,1.0,1.0,"(1, 2)",667e6da95ae0a25f225ae6e6
24.0,40.0,6397,test,1829.4999999999995,1.0,1.0,"(1, 2)",667e6da95ae0a25f225ae6e6
24.0,40.0,6398,test,1829.4999999999995,1.0,1.0,"(1, 2)",667e6da95ae0a25f225ae6e6
24.0,40.0,6399,test,1829.4999999999995,1.0,1.0,"(1, 2)",667e6da95ae0a25f225ae6e6
24.0,40.0,6400,test,1829.4999999999995,1.0,1.0,"(1, 2)",667e6da95ae0a25f225ae6e6
24.0,40.0,6401,test,1829.4999999999995,1.0,1.0,"(1, 2)",667e6da95ae0a25f225ae6e6
24.0,40.0,6402,test,1829.4999999999995,1.0,1.0,"(1, 2)",667e6da95ae0a25f225ae6e6
24.0,40.0,6403,test,1829.4999999999995,1.0,1.0,"(1, 2)",667e6da95ae0a25f225ae6e6
24.0,40.0,6404,test,1829.4999999999995,1.0,1.0,"(1, 2)",667e6da95ae0a25f225ae6e6
24.0,40.0,6405,test,1829.4999999999995,1.0,1.0,"(1, 2)",667e6da95ae0a25f225ae6e6
24.0,40.0,6406,test,1829.4999999999995,1.0,1.0,"(1, 2)",667e6da95ae0a25f225ae6e6
24.0,40.0,6407,test,1829.4999999999995,1.0,1.0,"(1, 2)",667e6da95ae0a25f225ae6e6
24.0,40.0,6408,test,1829.4999999999995,1.0,1.0,"(1, 2)",667e6da95ae0a25f225ae6e6
24.0,40.0,6409,test,1829.4999999999995,1.0,1.0,"(1, 2)",667e6da95ae0a25f225ae6e6
24.0,40.0,6410,test,1829.4999999999995,1.0,1.0,"(1, 2)",667e6da95ae0a25f225ae6e6
24.0,40.0,6411,test,1829.4999999999995,1.0,1.0,"(1, 2)",667e6da95ae0a25f225ae6e6
24.0,40.0,6412,test,1829.4999999999995,1.0,1.0,"(1, 2)",667e6da95ae0a25f225ae6e6
24.0,40.0,6413,test,1829.4999999999995,1.0,1.0,"(1, 2)",667e6da95ae0a25f225ae6e6
24.0,40.0,6414,test,1829.4999999999995,1.0,1.0,"(1, 2)",667e6da95ae0a25f225ae6e6
24.0,40.0,6415,test,1829.4999999999995,1.0,1.0,"(1, 2)",667e6da95ae0a25f225ae6e6
24.0,40.0,6416,test,1829.4999999999995,1.0,1.0,"(1, 2)",667e6da95ae0a25f225ae6e6
24.0,40.0,6417,test,1829.4999999999995,1.0,1.0,"(1, 2)",667e6da95ae0a25f225ae6e6
24.0,40.0,6418,test,1829.4999999999995,1.0,1.0,"(1, 2)",667e6da95ae0a25f225ae6e6
24.0,40.0,6419,test,1829.4999999999995,1.0,1.0,"(1, 2)",667e6da95ae0a25f225ae6e6
24.0,40.0,6420,test,1829.4999999999995,1.0,1.0,"(1, 2)",667e6da95ae0a25f225ae6e6
24.0,40.0,6421,test,1829.4999999999995,1.0,1.0,"(1, 2)",667e6da95ae0a25f225ae6e6
24.0,40.0,6422,test,1829.4999999999995,1.0,1.0,"(1, 2)",667e6da95ae0a25f225ae6e6
24.0,40.0,6423,test,1829.4999999999995,1.0,1.0,"(1, 2)",667e6da95ae0a25f225ae6e6
24.0,40.0,6424,test,1829.4999999999995,1.0,1.0,"(1, 2)",667e6da95ae0a25f225ae6e6
24.0,40.0,6425,test,1829.4999999999995,1.0,1.0,"(1, 2)",667e6da95ae0a25f225ae6e6
24.0,38.749999999999716,6426,test,1830.7499999999998,1.0,1.0,"(1, 2)",667e6da95ae0a25f225ae6e6
24.0,37.49999999999943,6427,test,1832.0,1.0,1.0,"(1, 2)",667e6da95ae0a25f225ae6e6
24.0,36.24999999999915,6428,test,1833.2500000000002,1.0,1.0,"(1, 2)",667e6da95ae0a25f225ae6e6
24.0,34.99999999999886,6429,test,1834.5000000000005,1.0,1.0,"(1, 2)",667e6da95ae0a25f225ae6e6
24.0,33.74999999999858,6430,test,1835.7500000000007,1.0,1.0,"(1, 2)",667e6da95ae0a25f225ae6e6
24.0,32.499999999998295,6431,test,1837.000000000001,1.0,1.0,"(1, 2)",667e6da95ae0a25f225ae6e6
24.0,31.249999999998227,6432,test,1838.250000000001,1.0,1.0,"(1, 2)",667e6da95ae0a25f225ae6e6
24.0,29.9999999999983,6433,test,1839.500000000001,1.0,1.0,"(1, 2)",667e6da95ae0a25f225ae6e6
24.0,28.74999999999837,6434,test,1840.750000000001,1.0,1.0,"(1, 2)",667e6da95ae0a25f225ae6e6
24.0,27.49999999999844,6435,test,1842.000000000001,1.0,1.0,"(1, 2)",667e6da95ae0a25f225ae6e6
24.0,26.24999999999851,6436,test,1843.250000000001,1.0,1.0,"(1, 2)",667e6da95ae0a25f225ae6e6
24.0,24.999999999998582,6437,test,1844.500000000001,1.0,1.0,"(1, 2)",667e6da95ae0a25f225ae6e6
24.0,24.0,6438,test,1845.4999999999995,1.0,1.0,"(1, 2)",667e6da95ae0a25f225ae6e6
24.0,24.0,6439,test,1845.4999999999995,1.0,1.0,"(1, 2)",667e6da95ae0a25f225ae6e6
24.0,24.0,6440,test,1845.4999999999995,1.0,1.0,"(1, 2)",667e6da95ae0a25f225ae6e6
24.0,24.0,6441,test,1845.4999999999995,1.0,1.0,"(1, 2)",667e6da95ae0a25f225ae6e6
24.0,24.0,6442,test,1845.4999999999995,1.0,1.0,"(1, 2)",667e6da95ae0a25f225ae6e6
24.0,24.0,6443,test,1845.4999999999995,1.0,1.0,"(1, 2)",667e6da95ae0a25f225ae6e6
24.0,24.0,6444,test,1845.4999999999995,1.0,1.0,"(1, 2)",667e6da95ae0a25f225ae6e6
24.0,24.0,6445,test,1845.4999999999995,1.0,1.0,"(1, 2)",667e6da95ae0a25f225ae6e6
24.0,24.0,6446,test,1845.4999999999995,1.0,1.0,"(1, 2)",667e6da95ae0a25f225ae6e6
24.0,24.0,6447,test,1845.4999999999995,1.0,1.0,"(1, 2)",667e6da95ae0a25f225ae6e6
24.0,24.0,6448,test,1845.4999999999995,1.0,1.0,"(1, 2)",667e6da95ae0a25f225ae6e6
24.0,24.0,6449,test,1845.4999999999995,1.0,1.0,"(1, 2)",667e6da95ae0a25f225ae6e6
24.0,24.0,6450,test,1845.4999999999995,1.0,1.0,"(1, 2)",667e6da95ae0a25f225ae6e6
24.0,24.0,6451,test,1845.4999999999995,1.0,1.0,"(1, 2)",667e6da95ae0a25f225ae6e6
24.0,24.0,6452,test,1845.4999999999995,1.0,1.0,"(1, 2)",667e6da95ae0a25f225ae6e6
24.0,24.0,6453,test,1845.4999999999995,1.0,1.0,"(1, 2)",667e6da95ae0a25f225ae6e6
24.0,24.0,6454,test,1845.4999999999995,1.0,1.0,"(1, 2)",667e6da95ae0a25f225ae6e6
24.0,24.0,6455,test,1845.4999999999995,1.0,1.0,"(1, 2)",667e6da95ae0a25f225ae6e6
24.0,24.0,6456,test,1845.4999999999995,1.0,1.0,"(1, 2)",667e6da95ae0a25f225ae6e6
24.0,24.0,6457,test,1845.4999999999995,1.0,1.0,"(1, 2)",667e6da95ae0a25f225ae6e6
24.0,24.0,6458,test,1845.4999999999995,1.0,1.0,"(1, 2)",667e6da95ae0a25f225ae6e6
24.0,24.0,6459,test,1845.4999999999995,1.0,1.0,"(1, 2)",667e6da95ae0a25f225ae6e6
24.0,24.0,6460,test,1845.4999999999995,1.0,1.0,"(1, 2)",667e6da95ae0a25f225ae6e6
24.0,24.0,6461,test,1845.4999999999995,1.0,1.0,"(1, 2)",667e6da95ae0a25f225ae6e6
24.0,24.0,6462,test,1845.4999999999995,1.0,1.0,"(1, 2)",667e6da95ae0a25f225ae6e6
24.0,24.0,6463,test,1845.4999999999995,1.0,1.0,"(1, 2)",667e6da95ae0a25f225ae6e6
24.0,24.0,6464,test,1845.4999999999995,1.0,1.0,"(1, 2)",667e6da95ae0a25f225ae6e6
24.0,24.0,6465,test,1845.4999999999995,1.0,1.0,"(1, 2)",667e6da95ae0a25f225ae6e6
24.0,24.0,6466,test,1845.4999999999995,1.0,1.0,"(1, 2)",667e6da95ae0a25f225ae6e6
24.0,24.0,6467,test,1845.4999999999995,1.0,1.0,"(1, 2)",667e6da95ae0a25f225ae6e6
24.0,24.0,6468,test,1845.4999999999995,1.0,1.0,"(1, 2)",667e6da95ae0a25f225ae6e6
24.0,24.0,6469,test,1845.4999999999995,1.0,1.0,"(1, 2)",667e6da95ae0a25f225ae6e6
24.0,24.0,6470,test,1845.4999999999995,1.0,1.0,"(1, 2)",667e6da95ae0a25f225ae6e6
24.0,24.0,6471,test,1845.4999999999995,1.0,1.0,"(1, 2)",667e6da95ae0a25f225ae6e6
24.0,24.0,6472,test,1845.4999999999995,1.0,1.0,"(1, 2)",667e6da95ae0a25f225ae6e6
24.0,24.0,6473,test,1845.4999999999995,1.0,1.0,"(1, 2)",667e6da95ae0a25f225ae6e6
24.0,24.0,6474,test,1845.4999999999995,1.0,1.0,"(1, 2)",667e6da95ae0a25f225ae6e6
24.0,24.0,6475,test,1845.4999999999995,1.0,1.0,"(1, 2)",667e6da95ae0a25f225ae6e6
24.0,24.0,6476,test,1845.4999999999995,1.0,1.0,"(1, 2)",667e6da95ae0a25f225ae6e6
24.0,24.0,6477,test,1845.4999999999995,1.0,1.0,"(1, 2)",667e6da95ae0a25f225ae6e6
24.0,24.0,6478,test,1845.4999999999995,1.0,1.0,"(1, 2)",667e6da95ae0a25f225ae6e6
24.0,24.0,6479,test,1845.4999999999995,1.0,1.0,"(1, 2)",667e6da95ae0a25f225ae6e6
24.0,24.0,6480,test,1845.4999999999995,1.0,1.0,"(1, 2)",667e6da95ae0a25f225ae6e6
24.0,24.0,6481,test,1845.4999999999995,1.0,1.0,"(1, 2)",667e6da95ae0a25f225ae6e6
24.0,24.0,6482,test,1845.4999999999995,1.0,1.0,"(1, 2)",667e6da95ae0a25f225ae6e6
24.0,24.0,6483,test,1845.4999999999995,1.0,1.0,"(1, 2)",667e6da95ae0a25f225ae6e6
24.0,24.0,6484,test,1845.4999999999995,1.0,1.0,"(1, 2)",667e6da95ae0a25f225ae6e6
24.0,24.0,6485,test,1845.4999999999995,1.0,1.0,"(1, 2)",667e6da95ae0a25f225ae6e6
24.0,24.0,6486,test,1845.4999999999995,1.0,1.0,"(1, 2)",667e6da95ae0a25f225ae6e6
24.0,24.0,6487,test,1845.4999999999995,1.0,1.0,"(1, 2)",667e6da95ae0a25f225ae6e6
24.0,24.0,6488,test,1845.4999999999995,1.0,1.0,"(1, 2)",667e6da95ae0a25f225ae6e6
24.0,24.0,6489,test,1845.4999999999995,1.0,1.0,"(1, 2)",667e6da95ae0a25f225ae6e6
24.0,24.0,6490,test,1845.4999999999995,1.0,1.0,"(1, 2)",667e6da95ae0a25f225ae6e6
24.0,24.0,6491,test,1845.4999999999995,1.0,1.0,"(1, 2)",667e6da95ae0a25f225ae6e6
24.0,24.0,6492,test,1845.4999999999995,1.0,1.0,"(1, 2)",667e6da95ae0a25f225ae6e6
24.0,24.0,6493,test,1845.4999999999995,1.0,1.0,"(1, 2)",667e6da95ae0a25f225ae6e6
24.0,24.0,6494,test,1845.4999999999995,1.0,1.0,"(1, 2)",667e6da95ae0a25f225ae6e6
24.0,24.0,6495,test,1845.4999999999995,1.0,1.0,"(1, 2)",667e6da95ae0a25f225ae6e6
24.0,24.0,6496,test,1845.4999999999995,1.0,1.0,"(1, 2)",667e6da95ae0a25f225ae6e6
24.0,24.0,6497,test,1845.4999999999995,1.0,1.0,"(1, 2)",667e6da95ae0a25f225ae6e6
24.0,24.0,6498,test,1845.4999999999995,1.0,1.0,"(1, 2)",667e6da95ae0a25f225ae6e6
24.0,24.0,6499,test,1845.4999999999995,1.0,1.0,"(1, 2)",667e6da95ae0a25f225ae6e6
24.0,24.0,6500,test,1845.4999999999995,1.0,1.0,"(1, 2)",667e6da95ae0a25f225ae6e6
24.0,24.0,6501,test,1845.4999999999995,1.0,1.0,"(1, 2)",667e6da95ae0a25f225ae6e6
24.0,24.0,6502,test,1845.4999999999995,1.0,1.0,"(1, 2)",667e6da95ae0a25f225ae6e6
24.0,24.0,6503,test,1845.4999999999995,1.0,1.0,"(1, 2)",667e6da95ae0a25f225ae6e6
24.0,24.0,6504,test,1845.4999999999995,1.0,1.0,"(1, 2)",667e6da95ae0a25f225ae6e6
24.0,24.0,6505,test,1845.4999999999995,1.0,1.0,"(1, 2)",667e6da95ae0a25f225ae6e6
24.0,24.0,6506,test,1845.4999999999995,1.0,1.0,"(1, 2)",667e6da95ae0a25f225ae6e6
24.0,24.0,6507,test,1845.4999999999995,1.0,1.0,"(1, 2)",667e6da95ae0a25f225ae6e6
24.0,24.0,6508,test,1845.4999999999995,1.0,1.0,"(1, 2)",667e6da95ae0a25f225ae6e6
24.0,24.0,6509,test,1845.4999999999995,1.0,1.0,"(1, 2)",667e6da95ae0a25f225ae6e6
24.0,24.0,6510,test,1845.4999999999995,1.0,1.0,"(1, 2)",667e6da95ae0a25f225ae6e6
24.0,24.0,6511,test,1845.4999999999995,1.0,1.0,"(1, 2)",667e6da95ae0a25f225ae6e6
24.0,25.24999999999993,6512,test,1846.7499999999995,1.0,1.0,"(1, 2)",667e6da95ae0a25f225ae6e6
24.0,26.499999999999858,6513,test,1847.9999999999995,1.0,1.0,"(1, 2)",667e6da95ae0a25f225ae6e6
24.0,27.749999999999787,6514,test,1849.2499999999995,1.0,1.0,"(1, 2)",667e6da95ae0a25f225ae6e6
24.0,28.999999999999716,6515,test,1850.4999999999995,1.0,1.0,"(1, 2)",667e6da95ae0a25f225ae6e6
24.0,30.249999999999645,6516,test,1851.7499999999995,1.0,1.0,"(1, 2)",667e6da95ae0a25f225ae6e6
24.0,31.499999999999574,6517,test,1852.9999999999995,1.0,1.0,"(1, 2)",667e6da95ae0a25f225ae6e6
24.0,32.749999999999716,6518,test,1854.2499999999998,1.0,1.0,"(1, 2)",667e6da95ae0a25f225ae6e6
24.0,34.0,6519,test,1855.5,1.0,1.0,"(1, 2)",667e6da95ae0a25f225ae6e6
24.0,35.250000000000284,6520,test,1856.7500000000002,1.0,1.0,"(1, 2)",667e6da95ae0a25f225ae6e6
24.0,36.50000000000057,6521,test,1858.0000000000005,1.0,1.0,"(1, 2)",667e6da95ae0a25f225ae6e6
24.0,37.75000000000085,6522,test,1859.2500000000007,1.0,1.0,"(1, 2)",667e6da95ae0a25f225ae6e6
24.0,39.00000000000114,6523,test,1860.500000000001,1.0,1.0,"(1, 2)",667e6da95ae0a25f225ae6e6
24.0,40.0,6524,test,1861.4999999999998,1.0,1.0,"(1, 2)",667e6da95ae0a25f225ae6e6
24.0,40.0,6525,test,1861.4999999999998,1.0,1.0,"(1, 2)",667e6da95ae0a25f225ae6e6
24.0,40.0,6526,test,1861.4999999999998,1.0,1.0,"(1, 2)",667e6da95ae0a25f225ae6e6
24.0,40.0,6527,test,1861.4999999999998,1.0,1.0,"(1, 2)",667e6da95ae0a25f225ae6e6
24.0,40.0,6528,test,1861.4999999999998,1.0,1.0,"(1, 2)",667e6da95ae0a25f225ae6e6
24.0,40.0,6529,test,1861.4999999999998,1.0,1.0,"(1, 2)",667e6da95ae0a25f225ae6e6
24.0,40.0,6530,test,1861.4999999999998,1.0,1.0,"(1, 2)",667e6da95ae0a25f225ae6e6
24.0,40.0,6531,test,1861.4999999999998,1.0,1.0,"(1, 2)",667e6da95ae0a25f225ae6e6
24.0,40.0,6532,test,1861.4999999999998,1.0,1.0,"(1, 2)",667e6da95ae0a25f225ae6e6
24.0,40.0,6533,test,1861.4999999999998,1.0,1.0,"(1, 2)",667e6da95ae0a25f225ae6e6
24.0,40.0,6534,test,1861.4999999999998,1.0,1.0,"(1, 2)",667e6da95ae0a25f225ae6e6
24.0,40.0,6535,test,1861.4999999999998,1.0,1.0,"(1, 2)",667e6da95ae0a25f225ae6e6
24.0,40.0,6536,test,1861.4999999999998,1.0,1.0,"(1, 2)",667e6da95ae0a25f225ae6e6
24.0,40.0,6537,test,1861.4999999999998,1.0,1.0,"(1, 2)",667e6da95ae0a25f225ae6e6
24.0,40.0,6538,test,1861.4999999999998,1.0,1.0,"(1, 2)",667e6da95ae0a25f225ae6e6
24.0,40.0,6539,test,1861.4999999999998,1.0,1.0,"(1, 2)",667e6da95ae0a25f225ae6e6
24.0,40.0,6540,test,1861.4999999999998,1.0,1.0,"(1, 2)",667e6da95ae0a25f225ae6e6
24.0,40.0,6541,test,1861.4999999999998,1.0,1.0,"(1, 2)",667e6da95ae0a25f225ae6e6
24.0,40.0,6542,test,1861.4999999999998,1.0,1.0,"(1, 2)",667e6da95ae0a25f225ae6e6
24.0,40.0,6543,test,1861.4999999999998,1.0,1.0,"(1, 2)",667e6da95ae0a25f225ae6e6
24.0,40.0,6544,test,1861.4999999999998,1.0,1.0,"(1, 2)",667e6da95ae0a25f225ae6e6
24.0,40.0,6545,test,1861.4999999999998,1.0,1.0,"(1, 2)",667e6da95ae0a25f225ae6e6
24.0,40.0,6546,test,1861.4999999999998,1.0,1.0,"(1, 2)",667e6da95ae0a25f225ae6e6
24.0,40.0,6547,test,1861.4999999999998,1.0,1.0,"(1, 2)",667e6da95ae0a25f225ae6e6
24.0,40.0,6548,test,1861.4999999999998,1.0,1.0,"(1, 2)",667e6da95ae0a25f225ae6e6
24.0,40.0,6549,test,1861.4999999999998,1.0,1.0,"(1, 2)",667e6da95ae0a25f225ae6e6
24.0,40.0,6550,test,1861.4999999999998,1.0,1.0,"(1, 2)",667e6da95ae0a25f225ae6e6
24.0,40.0,6551,test,1861.4999999999998,1.0,1.0,"(1, 2)",667e6da95ae0a25f225ae6e6
24.0,40.0,6552,test,1861.4999999999998,1.0,1.0,"(1, 2)",667e6da95ae0a25f225ae6e6
24.0,40.0,6553,test,1861.4999999999998,1.0,1.0,"(1, 2)",667e6da95ae0a25f225ae6e6
24.0,40.0,6554,test,1861.4999999999998,1.0,1.0,"(1, 2)",667e6da95ae0a25f225ae6e6
24.0,40.0,6555,test,1861.4999999999998,1.0,1.0,"(1, 2)",667e6da95ae0a25f225ae6e6
24.0,40.0,6556,test,1861.4999999999998,1.0,1.0,"(1, 2)",667e6da95ae0a25f225ae6e6
24.0,40.0,6557,test,1861.4999999999998,1.0,1.0,"(1, 2)",667e6da95ae0a25f225ae6e6
24.0,40.0,6558,test,1861.4999999999998,1.0,1.0,"(1, 2)",667e6da95ae0a25f225ae6e6
24.0,40.0,6559,test,1861.4999999999998,1.0,1.0,"(1, 2)",667e6da95ae0a25f225ae6e6
24.0,40.0,6560,test,1861.4999999999998,1.0,1.0,"(1, 2)",667e6da95ae0a25f225ae6e6
24.0,40.0,6561,test,1861.4999999999998,1.0,1.0,"(1, 2)",667e6da95ae0a25f225ae6e6
24.0,40.0,6562,test,1861.4999999999998,1.0,1.0,"(1, 2)",667e6da95ae0a25f225ae6e6
24.0,40.0,6563,test,1861.4999999999998,1.0,1.0,"(1, 2)",667e6da95ae0a25f225ae6e6
24.0,40.0,6564,test,1861.4999999999998,1.0,1.0,"(1, 2)",667e6da95ae0a25f225ae6e6
24.0,40.0,6565,test,1861.4999999999998,1.0,1.0,"(1, 2)",667e6da95ae0a25f225ae6e6
24.0,40.0,6566,test,1861.4999999999998,1.0,1.0,"(1, 2)",667e6da95ae0a25f225ae6e6
24.0,40.0,6567,test,1861.4999999999998,1.0,1.0,"(1, 2)",667e6da95ae0a25f225ae6e6
24.0,40.0,6568,test,1861.4999999999998,1.0,1.0,"(1, 2)",667e6da95ae0a25f225ae6e6
24.0,40.0,6569,test,1861.4999999999998,1.0,1.0,"(1, 2)",667e6da95ae0a25f225ae6e6
24.0,40.0,6570,test,1861.4999999999998,1.0,1.0,"(1, 2)",667e6da95ae0a25f225ae6e6
24.0,40.0,6571,test,1861.4999999999998,1.0,1.0,"(1, 2)",667e6da95ae0a25f225ae6e6
24.0,40.0,6572,test,1861.4999999999998,1.0,1.0,"(1, 2)",667e6da95ae0a25f225ae6e6
24.0,40.0,6573,test,1861.4999999999998,1.0,1.0,"(1, 2)",667e6da95ae0a25f225ae6e6
24.0,40.0,6574,test,1861.4999999999998,1.0,1.0,"(1, 2)",667e6da95ae0a25f225ae6e6
24.0,40.0,6575,test,1861.4999999999998,1.0,1.0,"(1, 2)",667e6da95ae0a25f225ae6e6
24.0,40.0,6576,test,1861.4999999999998,1.0,1.0,"(1, 2)",667e6da95ae0a25f225ae6e6
24.0,40.0,6577,test,1861.4999999999998,1.0,1.0,"(1, 2)",667e6da95ae0a25f225ae6e6
24.0,40.0,6578,test,1861.4999999999998,1.0,1.0,"(1, 2)",667e6da95ae0a25f225ae6e6
24.0,40.0,6579,test,1861.4999999999998,1.0,1.0,"(1, 2)",667e6da95ae0a25f225ae6e6
24.0,40.0,6580,test,1861.4999999999998,1.0,1.0,"(1, 2)",667e6da95ae0a25f225ae6e6
24.0,40.0,6581,test,1861.4999999999998,1.0,1.0,"(1, 2)",667e6da95ae0a25f225ae6e6
24.0,38.749999999999716,6582,test,1862.75,1.0,1.0,"(1, 2)",667e6da95ae0a25f225ae6e6
24.0,37.49999999999943,6583,test,1864.0000000000002,1.0,1.0,"(1, 2)",667e6da95ae0a25f225ae6e6
24.0,36.24999999999915,6584,test,1865.2500000000005,1.0,1.0,"(1, 2)",667e6da95ae0a25f225ae6e6
24.0,34.99999999999886,6585,test,1866.5000000000007,1.0,1.0,"(1, 2)",667e6da95ae0a25f225ae6e6
24.0,33.74999999999858,6586,test,1867.750000000001,1.0,1.0,"(1, 2)",667e6da95ae0a25f225ae6e6
24.0,32.499999999998295,6587,test,1869.0000000000011,1.0,1.0,"(1, 2)",667e6da95ae0a25f225ae6e6
24.0,31.249999999998227,6588,test,1870.2500000000011,1.0,1.0,"(1, 2)",667e6da95ae0a25f225ae6e6
24.0,29.9999999999983,6589,test,1871.5000000000011,1.0,1.0,"(1, 2)",667e6da95ae0a25f225ae6e6
24.0,28.74999999999837,6590,test,1872.7500000000011,1.0,1.0,"(1, 2)",667e6da95ae0a25f225ae6e6
24.0,27.49999999999844,6591,test,1874.0000000000011,1.0,1.0,"(1, 2)",667e6da95ae0a25f225ae6e6
24.0,26.24999999999851,6592,test,1875.2500000000011,1.0,1.0,"(1, 2)",667e6da95ae0a25f225ae6e6
24.0,24.999999999998582,6593,test,1876.5000000000011,1.0,1.0,"(1, 2)",667e6da95ae0a25f225ae6e6
24.0,24.0,6594,test,1877.4999999999998,1.0,1.0,"(1, 2)",667e6da95ae0a25f225ae6e6
24.0,24.0,6595,test,1877.4999999999998,1.0,1.0,"(1, 2)",667e6da95ae0a25f225ae6e6
24.0,24.0,6596,test,1877.4999999999998,1.0,1.0,"(1, 2)",667e6da95ae0a25f225ae6e6
24.0,24.0,6597,test,1877.4999999999998,1.0,1.0,"(1, 2)",667e6da95ae0a25f225ae6e6
24.0,24.0,6598,test,1877.4999999999998,1.0,1.0,"(1, 2)",667e6da95ae0a25f225ae6e6
24.0,24.0,6599,test,1877.4999999999998,1.0,1.0,"(1, 2)",667e6da95ae0a25f225ae6e6
24.0,24.0,6600,test,1877.4999999999998,1.0,1.0,"(1, 2)",667e6da95ae0a25f225ae6e6
24.0,24.0,6601,test,1877.4999999999998,1.0,1.0,"(1, 2)",667e6da95ae0a25f225ae6e6
24.0,24.0,6602,test,1877.4999999999998,1.0,1.0,"(1, 2)",667e6da95ae0a25f225ae6e6
24.0,24.0,6603,test,1877.4999999999998,1.0,1.0,"(1, 2)",667e6da95ae0a25f225ae6e6
24.0,24.0,6604,test,1877.4999999999998,1.0,1.0,"(1, 2)",667e6da95ae0a25f225ae6e6
24.0,24.0,6605,test,1877.4999999999998,1.0,1.0,"(1, 2)",667e6da95ae0a25f225ae6e6
24.0,24.0,6606,test,1877.4999999999998,1.0,1.0,"(1, 2)",667e6da95ae0a25f225ae6e6
24.0,24.0,6607,test,1877.4999999999998,1.0,1.0,"(1, 2)",667e6da95ae0a25f225ae6e6
24.0,24.0,6608,test,1877.4999999999998,1.0,1.0,"(1, 2)",667e6da95ae0a25f225ae6e6
24.0,24.0,6609,test,1877.4999999999998,1.0,1.0,"(1, 2)",667e6da95ae0a25f225ae6e6
24.0,24.0,6610,test,1877.4999999999998,1.0,1.0,"(1, 2)",667e6da95ae0a25f225ae6e6
24.0,24.0,6611,test,1877.4999999999998,1.0,1.0,"(1, 2)",667e6da95ae0a25f225ae6e6
24.0,24.0,6612,test,1877.4999999999998,1.0,1.0,"(1, 2)",667e6da95ae0a25f225ae6e6
24.0,24.0,6613,test,1877.4999999999998,1.0,1.0,"(1, 2)",667e6da95ae0a25f225ae6e6
24.0,24.0,6614,test,1877.4999999999998,1.0,1.0,"(1, 2)",667e6da95ae0a25f225ae6e6
24.0,24.0,6615,test,1877.4999999999998,1.0,1.0,"(1, 2)",667e6da95ae0a25f225ae6e6
24.0,24.0,6616,test,1877.4999999999998,1.0,1.0,"(1, 2)",667e6da95ae0a25f225ae6e6
24.0,24.0,6617,test,1877.4999999999998,1.0,1.0,"(1, 2)",667e6da95ae0a25f225ae6e6
24.0,24.0,6618,test,1877.4999999999998,1.0,1.0,"(1, 2)",667e6da95ae0a25f225ae6e6
24.0,24.0,6619,test,1877.4999999999998,1.0,1.0,"(1, 2)",667e6da95ae0a25f225ae6e6
24.0,24.0,6620,test,1877.4999999999998,1.0,1.0,"(1, 2)",667e6da95ae0a25f225ae6e6
24.0,24.0,6621,test,1877.4999999999998,1.0,1.0,"(1, 2)",667e6da95ae0a25f225ae6e6
24.0,24.0,6622,test,1877.4999999999998,1.0,1.0,"(1, 2)",667e6da95ae0a25f225ae6e6
24.0,24.0,6623,test,1877.4999999999998,1.0,1.0,"(1, 2)",667e6da95ae0a25f225ae6e6
24.0,24.0,6624,test,1877.4999999999998,1.0,1.0,"(1, 2)",667e6da95ae0a25f225ae6e6
24.0,24.0,6625,test,1877.4999999999998,1.0,1.0,"(1, 2)",667e6da95ae0a25f225ae6e6
24.0,24.0,6626,test,1877.4999999999998,1.0,1.0,"(1, 2)",667e6da95ae0a25f225ae6e6
24.0,24.0,6627,test,1877.4999999999998,1.0,1.0,"(1, 2)",667e6da95ae0a25f225ae6e6
24.0,24.0,6628,test,1877.4999999999998,1.0,1.0,"(1, 2)",667e6da95ae0a25f225ae6e6
24.0,24.0,6629,test,1877.4999999999998,1.0,1.0,"(1, 2)",667e6da95ae0a25f225ae6e6
24.0,24.0,6630,test,1877.4999999999998,1.0,1.0,"(1, 2)",667e6da95ae0a25f225ae6e6
24.0,24.0,6631,test,1877.4999999999998,1.0,1.0,"(1, 2)",667e6da95ae0a25f225ae6e6
24.0,24.0,6632,test,1877.4999999999998,1.0,1.0,"(1, 2)",667e6da95ae0a25f225ae6e6
24.0,24.0,6633,test,1877.4999999999998,1.0,1.0,"(1, 2)",667e6da95ae0a25f225ae6e6
24.0,24.0,6634,test,1877.4999999999998,1.0,1.0,"(1, 2)",667e6da95ae0a25f225ae6e6
24.0,24.0,6635,test,1877.4999999999998,1.0,1.0,"(1, 2)",667e6da95ae0a25f225ae6e6
24.0,24.0,6636,test,1877.4999999999998,1.0,1.0,"(1, 2)",667e6da95ae0a25f225ae6e6
24.0,24.0,6637,test,1877.4999999999998,1.0,1.0,"(1, 2)",667e6da95ae0a25f225ae6e6
24.0,24.0,6638,test,1877.4999999999998,1.0,1.0,"(1, 2)",667e6da95ae0a25f225ae6e6
24.0,24.0,6639,test,1877.4999999999998,1.0,1.0,"(1, 2)",667e6da95ae0a25f225ae6e6
24.0,25.24999999999993,6640,test,1878.7499999999998,1.0,1.0,"(1, 2)",667e6da95ae0a25f225ae6e6
24.0,26.499999999999858,6641,test,1879.9999999999998,1.0,1.0,"(1, 2)",667e6da95ae0a25f225ae6e6
24.0,27.749999999999787,6642,test,1881.2499999999998,1.0,1.0,"(1, 2)",667e6da95ae0a25f225ae6e6
24.0,28.999999999999716,6643,test,1882.4999999999998,1.0,1.0,"(1, 2)",667e6da95ae0a25f225ae6e6
24.0,30.249999999999645,6644,test,1883.7499999999998,1.0,1.0,"(1, 2)",667e6da95ae0a25f225ae6e6
24.0,31.499999999999574,6645,test,1884.9999999999998,1.0,1.0,"(1, 2)",667e6da95ae0a25f225ae6e6
24.0,32.749999999999716,6646,test,1886.25,1.0,1.0,"(1, 2)",667e6da95ae0a25f225ae6e6
24.0,34.0,6647,test,1887.5000000000002,1.0,1.0,"(1, 2)",667e6da95ae0a25f225ae6e6
24.0,35.250000000000284,6648,test,1888.7500000000005,1.0,1.0,"(1, 2)",667e6da95ae0a25f225ae6e6
24.0,36.50000000000057,6649,test,1890.0000000000007,1.0,1.0,"(1, 2)",667e6da95ae0a25f225ae6e6
24.0,37.75000000000085,6650,test,1891.250000000001,1.0,1.0,"(1, 2)",667e6da95ae0a25f225ae6e6
24.0,39.00000000000114,6651,test,1892.5000000000011,1.0,1.0,"(1, 2)",667e6da95ae0a25f225ae6e6
24.0,40.25000000000142,6652,test,1893.7500000000014,1.0,1.0,"(1, 2)",667e6da95ae0a25f225ae6e6
24.0,41.500000000001705,6653,test,1895.0000000000016,1.0,1.0,"(1, 2)",667e6da95ae0a25f225ae6e6
24.0,42.75000000000199,6654,test,1896.2500000000018,1.0,1.0,"(1, 2)",667e6da95ae0a25f225ae6e6
24.0,44.000000000002274,6655,test,1897.500000000002,1.0,1.0,"(1, 2)",667e6da95ae0a25f225ae6e6
24.0,45.25000000000256,6656,test,1898.7500000000023,1.0,1.0,"(1, 2)",667e6da95ae0a25f225ae6e6
24.0,46.50000000000284,6657,test,1900.0000000000025,1.0,1.0,"(1, 2)",667e6da95ae0a25f225ae6e6
24.0,47.750000000003126,6658,test,1901.2500000000027,1.0,1.0,"(1, 2)",667e6da95ae0a25f225ae6e6
24.0,49.00000000000341,6659,test,1902.500000000003,1.0,1.0,"(1, 2)",667e6da95ae0a25f225ae6e6
24.0,50.250000000003695,6660,test,1903.7500000000032,1.0,1.0,"(1, 2)",667e6da95ae0a25f225ae6e6
24.0,51.50000000000398,6661,test,1905.0000000000034,1.0,1.0,"(1, 2)",667e6da95ae0a25f225ae6e6
24.0,52.75000000000426,6662,test,1906.2500000000036,1.0,1.0,"(1, 2)",667e6da95ae0a25f225ae6e6
24.0,54.00000000000455,6663,test,1907.5000000000039,1.0,1.0,"(1, 2)",667e6da95ae0a25f225ae6e6
24.0,55.25000000000483,6664,test,1908.750000000004,1.0,1.0,"(1, 2)",667e6da95ae0a25f225ae6e6
24.0,56.0,6665,test,1909.4999999999993,1.0,1.0,"(1, 2)",667e6da95ae0a25f225ae6e6
24.0,56.0,6666,test,1909.4999999999993,1.0,1.0,"(1, 2)",667e6da95ae0a25f225ae6e6
24.0,56.0,6667,test,1909.4999999999993,1.0,1.0,"(1, 2)",667e6da95ae0a25f225ae6e6
24.0,56.0,6668,test,1909.4999999999993,1.0,1.0,"(1, 2)",667e6da95ae0a25f225ae6e6
24.0,56.0,6669,test,1909.4999999999993,1.0,1.0,"(1, 2)",667e6da95ae0a25f225ae6e6
24.0,56.0,6670,test,1909.4999999999993,1.0,1.0,"(1, 2)",667e6da95ae0a25f225ae6e6
24.0,56.0,6671,test,1909.4999999999993,1.0,1.0,"(1, 2)",667e6da95ae0a25f225ae6e6
24.0,56.0,6672,test,1909.4999999999993,1.0,1.0,"(1, 2)",667e6da95ae0a25f225ae6e6
24.0,56.0,6673,test,1909.4999999999993,1.0,1.0,"(1, 2)",667e6da95ae0a25f225ae6e6
24.0,56.0,6674,test,1909.4999999999993,1.0,1.0,"(1, 2)",667e6da95ae0a25f225ae6e6
24.0,56.0,6675,test,1909.4999999999993,1.0,1.0,"(1, 2)",667e6da95ae0a25f225ae6e6
24.0,56.0,6676,test,1909.4999999999993,1.0,1.0,"(1, 2)",667e6da95ae0a25f225ae6e6
24.0,56.0,6677,test,1909.4999999999993,1.0,1.0,"(1, 2)",667e6da95ae0a25f225ae6e6
24.0,56.0,6678,test,1909.4999999999993,1.0,1.0,"(1, 2)",667e6da95ae0a25f225ae6e6
24.0,56.0,6679,test,1909.4999999999993,1.0,1.0,"(1, 2)",667e6da95ae0a25f225ae6e6
24.0,56.0,6680,test,1909.4999999999993,1.0,1.0,"(1, 2)",667e6da95ae0a25f225ae6e6
24.0,56.0,6681,test,1909.4999999999993,1.0,1.0,"(1, 2)",667e6da95ae0a25f225ae6e6
24.0,56.0,6682,test,1909.4999999999993,1.0,1.0,"(1, 2)",667e6da95ae0a25f225ae6e6
24.0,56.0,6683,test,1909.4999999999993,1.0,1.0,"(1, 2)",667e6da95ae0a25f225ae6e6
24.0,56.0,6684,test,1909.4999999999993,1.0,1.0,"(1, 2)",667e6da95ae0a25f225ae6e6
24.0,56.0,6685,test,1909.4999999999993,1.0,1.0,"(1, 2)",667e6da95ae0a25f225ae6e6
24.0,56.0,6686,test,1909.4999999999993,1.0,1.0,"(1, 2)",667e6da95ae0a25f225ae6e6
24.0,56.0,6687,test,1909.4999999999993,1.0,1.0,"(1, 2)",667e6da95ae0a25f225ae6e6
24.0,56.0,6688,test,1909.4999999999993,1.0,1.0,"(1, 2)",667e6da95ae0a25f225ae6e6
24.0,56.0,6689,test,1909.4999999999993,1.0,1.0,"(1, 2)",667e6da95ae0a25f225ae6e6
24.0,56.0,6690,test,1909.4999999999993,1.0,1.0,"(1, 2)",667e6da95ae0a25f225ae6e6
24.0,56.0,6691,test,1909.4999999999993,1.0,1.0,"(1, 2)",667e6da95ae0a25f225ae6e6
24.0,56.0,6692,test,1909.4999999999993,1.0,1.0,"(1, 2)",667e6da95ae0a25f225ae6e6
24.0,56.0,6693,test,1909.4999999999993,1.0,1.0,"(1, 2)",667e6da95ae0a25f225ae6e6
24.0,56.0,6694,test,1909.4999999999993,1.0,1.0,"(1, 2)",667e6da95ae0a25f225ae6e6
24.0,56.0,6695,test,1909.4999999999993,1.0,1.0,"(1, 2)",667e6da95ae0a25f225ae6e6
24.0,56.0,6696,test,1909.4999999999993,1.0,1.0,"(1, 2)",667e6da95ae0a25f225ae6e6
24.0,56.0,6697,test,1909.4999999999993,1.0,1.0,"(1, 2)",667e6da95ae0a25f225ae6e6
24.0,56.0,6698,test,1909.4999999999993,1.0,1.0,"(1, 2)",667e6da95ae0a25f225ae6e6
24.0,56.0,6699,test,1909.4999999999993,1.0,1.0,"(1, 2)",667e6da95ae0a25f225ae6e6
24.0,56.0,6700,test,1909.4999999999993,1.0,1.0,"(1, 2)",667e6da95ae0a25f225ae6e6
24.0,56.0,6701,test,1909.4999999999993,1.0,1.0,"(1, 2)",667e6da95ae0a25f225ae6e6
24.0,56.0,6702,test,1909.4999999999993,1.0,1.0,"(1, 2)",667e6da95ae0a25f225ae6e6
24.0,56.0,6703,test,1909.4999999999993,1.0,1.0,"(1, 2)",667e6da95ae0a25f225ae6e6
24.0,56.0,6704,test,1909.4999999999993,1.0,1.0,"(1, 2)",667e6da95ae0a25f225ae6e6
24.0,56.0,6705,test,1909.4999999999993,1.0,1.0,"(1, 2)",667e6da95ae0a25f225ae6e6
24.0,56.0,6706,test,1909.4999999999993,1.0,1.0,"(1, 2)",667e6da95ae0a25f225ae6e6
24.0,56.0,6707,test,1909.4999999999993,1.0,1.0,"(1, 2)",667e6da95ae0a25f225ae6e6
24.0,56.0,6708,test,1909.4999999999993,1.0,1.0,"(1, 2)",667e6da95ae0a25f225ae6e6
24.0,56.0,6709,test,1909.4999999999993,1.0,1.0,"(1, 2)",667e6da95ae0a25f225ae6e6
24.0,56.0,6710,test,1909.4999999999993,1.0,1.0,"(1, 2)",667e6da95ae0a25f225ae6e6
24.0,56.0,6711,test,1909.4999999999993,1.0,1.0,"(1, 2)",667e6da95ae0a25f225ae6e6
24.0,56.0,6712,test,1909.4999999999993,1.0,1.0,"(1, 2)",667e6da95ae0a25f225ae6e6
24.0,56.0,6713,test,1909.4999999999993,1.0,1.0,"(1, 2)",667e6da95ae0a25f225ae6e6
24.0,56.0,6714,test,1909.4999999999993,1.0,1.0,"(1, 2)",667e6da95ae0a25f225ae6e6
24.0,56.0,6715,test,1909.4999999999993,1.0,1.0,"(1, 2)",667e6da95ae0a25f225ae6e6
24.0,56.0,6716,test,1909.4999999999993,1.0,1.0,"(1, 2)",667e6da95ae0a25f225ae6e6
24.0,56.0,6717,test,1909.4999999999993,1.0,1.0,"(1, 2)",667e6da95ae0a25f225ae6e6
24.0,56.0,6718,test,1909.4999999999993,1.0,1.0,"(1, 2)",667e6da95ae0a25f225ae6e6
24.0,56.0,6719,test,1909.4999999999993,1.0,1.0,"(1, 2)",667e6da95ae0a25f225ae6e6
24.0,56.0,6720,test,1909.4999999999993,1.0,1.0,"(1, 2)",667e6da95ae0a25f225ae6e6
24.0,56.0,6721,test,1909.4999999999993,1.0,1.0,"(1, 2)",667e6da95ae0a25f225ae6e6
24.0,56.0,6722,test,1909.4999999999993,1.0,1.0,"(1, 2)",667e6da95ae0a25f225ae6e6
24.0,56.0,6723,test,1909.4999999999993,1.0,1.0,"(1, 2)",667e6da95ae0a25f225ae6e6
24.0,56.0,6724,test,1909.4999999999993,1.0,1.0,"(1, 2)",667e6da95ae0a25f225ae6e6
24.0,56.0,6725,test,1909.4999999999993,1.0,1.0,"(1, 2)",667e6da95ae0a25f225ae6e6
24.0,56.0,6726,test,1909.4999999999993,1.0,1.0,"(1, 2)",667e6da95ae0a25f225ae6e6
24.0,56.0,6727,test,1909.4999999999993,1.0,1.0,"(1, 2)",667e6da95ae0a25f225ae6e6
24.0,56.0,6728,test,1909.4999999999993,1.0,1.0,"(1, 2)",667e6da95ae0a25f225ae6e6
24.0,56.0,6729,test,1909.4999999999993,1.0,1.0,"(1, 2)",667e6da95ae0a25f225ae6e6
24.0,56.0,6730,test,1909.4999999999993,1.0,1.0,"(1, 2)",667e6da95ae0a25f225ae6e6
24.0,56.0,6731,test,1909.4999999999993,1.0,1.0,"(1, 2)",667e6da95ae0a25f225ae6e6
24.0,56.0,6732,test,1909.4999999999993,1.0,1.0,"(1, 2)",667e6da95ae0a25f225ae6e6
24.0,56.0,6733,test,1909.4999999999993,1.0,1.0,"(1, 2)",667e6da95ae0a25f225ae6e6
24.0,56.0,6734,test,1909.4999999999993,1.0,1.0,"(1, 2)",667e6da95ae0a25f225ae6e6
24.0,56.0,6735,test,1909.4999999999993,1.0,1.0,"(1, 2)",667e6da95ae0a25f225ae6e6
24.0,56.0,6736,test,1909.4999999999993,1.0,1.0,"(1, 2)",667e6da95ae0a25f225ae6e6
24.0,56.0,6737,test,1909.4999999999993,1.0,1.0,"(1, 2)",667e6da95ae0a25f225ae6e6
24.0,56.0,6738,test,1909.4999999999993,1.0,1.0,"(1, 2)",667e6da95ae0a25f225ae6e6
24.0,56.0,6739,test,1909.4999999999993,1.0,1.0,"(1, 2)",667e6da95ae0a25f225ae6e6
24.0,56.0,6740,test,1909.4999999999993,1.0,1.0,"(1, 2)",667e6da95ae0a25f225ae6e6
24.0,56.0,6741,test,1909.4999999999993,1.0,1.0,"(1, 2)",667e6da95ae0a25f225ae6e6
24.0,56.0,6742,test,1909.4999999999993,1.0,1.0,"(1, 2)",667e6da95ae0a25f225ae6e6
24.0,56.0,6743,test,1909.4999999999993,1.0,1.0,"(1, 2)",667e6da95ae0a25f225ae6e6
24.0,56.0,6744,test,1909.4999999999993,1.0,1.0,"(1, 2)",667e6da95ae0a25f225ae6e6
24.0,56.0,6745,test,1909.4999999999993,1.0,1.0,"(1, 2)",667e6da95ae0a25f225ae6e6
24.0,56.0,6746,test,1909.4999999999993,1.0,1.0,"(1, 2)",667e6da95ae0a25f225ae6e6
24.0,56.0,6747,test,1909.4999999999993,1.0,1.0,"(1, 2)",667e6da95ae0a25f225ae6e6
24.0,56.0,6748,test,1909.4999999999993,1.0,1.0,"(1, 2)",667e6da95ae0a25f225ae6e6
24.0,56.0,6749,test,1909.4999999999993,1.0,1.0,"(1, 2)",667e6da95ae0a25f225ae6e6
24.0,56.0,6750,test,1909.4999999999993,1.0,1.0,"(1, 2)",667e6da95ae0a25f225ae6e6
24.0,56.0,6751,test,1909.4999999999993,1.0,1.0,"(1, 2)",667e6da95ae0a25f225ae6e6
24.0,56.0,6752,test,1909.4999999999993,1.0,1.0,"(1, 2)",667e6da95ae0a25f225ae6e6
24.0,56.0,6753,test,1909.4999999999993,1.0,1.0,"(1, 2)",667e6da95ae0a25f225ae6e6
24.0,56.0,6754,test,1909.4999999999993,1.0,1.0,"(1, 2)",667e6da95ae0a25f225ae6e6
24.0,56.0,6755,test,1909.4999999999993,1.0,1.0,"(1, 2)",667e6da95ae0a25f225ae6e6
24.0,56.0,6756,test,1909.4999999999993,1.0,1.0,"(1, 2)",667e6da95ae0a25f225ae6e6
24.0,56.0,6757,test,1909.4999999999993,1.0,1.0,"(1, 2)",667e6da95ae0a25f225ae6e6
24.0,56.0,6758,test,1909.4999999999993,1.0,1.0,"(1, 2)",667e6da95ae0a25f225ae6e6
24.0,56.0,6759,test,1909.4999999999993,1.0,1.0,"(1, 2)",667e6da95ae0a25f225ae6e6
24.0,56.0,6760,test,1909.4999999999993,1.0,1.0,"(1, 2)",667e6da95ae0a25f225ae6e6
24.0,56.0,6761,test,1909.4999999999993,1.0,1.0,"(1, 2)",667e6da95ae0a25f225ae6e6
24.0,56.0,6762,test,1909.4999999999993,1.0,1.0,"(1, 2)",667e6da95ae0a25f225ae6e6
24.0,56.0,6763,test,1909.4999999999993,1.0,1.0,"(1, 2)",667e6da95ae0a25f225ae6e6
24.0,56.0,6764,test,1909.4999999999993,1.0,1.0,"(1, 2)",667e6da95ae0a25f225ae6e6
24.0,56.0,6765,test,1909.4999999999993,1.0,1.0,"(1, 2)",667e6da95ae0a25f225ae6e6
24.0,54.749999999999716,6766,test,1910.7499999999995,1.0,1.0,"(1, 2)",667e6da95ae0a25f225ae6e6
24.0,53.49999999999943,6767,test,1911.9999999999998,1.0,1.0,"(1, 2)",667e6da95ae0a25f225ae6e6
24.0,52.24999999999915,6768,test,1913.25,1.0,1.0,"(1, 2)",667e6da95ae0a25f225ae6e6
24.0,50.99999999999886,6769,test,1914.5000000000002,1.0,1.0,"(1, 2)",667e6da95ae0a25f225ae6e6
24.0,49.74999999999858,6770,test,1915.7500000000005,1.0,1.0,"(1, 2)",667e6da95ae0a25f225ae6e6
24.0,48.499999999998295,6771,test,1917.0000000000007,1.0,1.0,"(1, 2)",667e6da95ae0a25f225ae6e6
24.0,47.24999999999801,6772,test,1918.250000000001,1.0,1.0,"(1, 2)",667e6da95ae0a25f225ae6e6
24.0,45.999999999997726,6773,test,1919.5000000000011,1.0,1.0,"(1, 2)",667e6da95ae0a25f225ae6e6
24.0,44.74999999999744,6774,test,1920.7500000000014,1.0,1.0,"(1, 2)",667e6da95ae0a25f225ae6e6
24.0,43.49999999999716,6775,test,1922.0000000000016,1.0,1.0,"(1, 2)",667e6da95ae0a25f225ae6e6
24.0,42.249999999996874,6776,test,1923.2500000000018,1.0,1.0,"(1, 2)",667e6da95ae0a25f225ae6e6
24.0,40.99999999999659,6777,test,1924.500000000002,1.0,1.0,"(1, 2)",667e6da95ae0a25f225ae6e6
24.0,40.0,6778,test,1925.4999999999986,1.0,1.0,"(1, 2)",667e6da95ae0a25f225ae6e6
24.0,40.0,6779,test,1925.4999999999986,1.0,1.0,"(1, 2)",667e6da95ae0a25f225ae6e6
24.0,40.0,6780,test,1925.4999999999986,1.0,1.0,"(1, 2)",667e6da95ae0a25f225ae6e6
24.0,40.0,6781,test,1925.4999999999986,1.0,1.0,"(1, 2)",667e6da95ae0a25f225ae6e6
24.0,40.0,6782,test,1925.4999999999986,1.0,1.0,"(1, 2)",667e6da95ae0a25f225ae6e6
24.0,40.0,6783,test,1925.4999999999986,1.0,1.0,"(1, 2)",667e6da95ae0a25f225ae6e6
24.0,40.0,6784,test,1925.4999999999986,1.0,1.0,"(1, 2)",667e6da95ae0a25f225ae6e6
24.0,40.0,6785,test,1925.4999999999986,1.0,1.0,"(1, 2)",667e6da95ae0a25f225ae6e6
24.0,40.0,6786,test,1925.4999999999986,1.0,1.0,"(1, 2)",667e6da95ae0a25f225ae6e6
24.0,40.0,6787,test,1925.4999999999986,1.0,1.0,"(1, 2)",667e6da95ae0a25f225ae6e6
24.0,40.0,6788,test,1925.4999999999986,1.0,1.0,"(1, 2)",667e6da95ae0a25f225ae6e6
24.0,40.0,6789,test,1925.4999999999986,1.0,1.0,"(1, 2)",667e6da95ae0a25f225ae6e6
24.0,40.0,6790,test,1925.4999999999986,1.0,1.0,"(1, 2)",667e6da95ae0a25f225ae6e6
24.0,40.0,6791,test,1925.4999999999986,1.0,1.0,"(1, 2)",667e6da95ae0a25f225ae6e6
24.0,40.0,6792,test,1925.4999999999986,1.0,1.0,"(1, 2)",667e6da95ae0a25f225ae6e6
24.0,40.0,6793,test,1925.4999999999986,1.0,1.0,"(1, 2)",667e6da95ae0a25f225ae6e6
24.0,40.0,6794,test,1925.4999999999986,1.0,1.0,"(1, 2)",667e6da95ae0a25f225ae6e6
24.0,40.0,6795,test,1925.4999999999986,1.0,1.0,"(1, 2)",667e6da95ae0a25f225ae6e6
24.0,40.0,6796,test,1925.4999999999986,1.0,1.0,"(1, 2)",667e6da95ae0a25f225ae6e6
24.0,40.0,6797,test,1925.4999999999986,1.0,1.0,"(1, 2)",667e6da95ae0a25f225ae6e6
24.0,40.0,6798,test,1925.4999999999986,1.0,1.0,"(1, 2)",667e6da95ae0a25f225ae6e6
24.0,40.0,6799,test,1925.4999999999986,1.0,1.0,"(1, 2)",667e6da95ae0a25f225ae6e6
24.0,40.0,6800,test,1925.4999999999986,1.0,1.0,"(1, 2)",667e6da95ae0a25f225ae6e6
24.0,40.0,6801,test,1925.4999999999986,1.0,1.0,"(1, 2)",667e6da95ae0a25f225ae6e6
24.0,40.0,6802,test,1925.4999999999986,1.0,1.0,"(1, 2)",667e6da95ae0a25f225ae6e6
24.0,40.0,6803,test,1925.4999999999986,1.0,1.0,"(1, 2)",667e6da95ae0a25f225ae6e6
24.0,40.0,6804,test,1925.4999999999986,1.0,1.0,"(1, 2)",667e6da95ae0a25f225ae6e6
24.0,40.0,6805,test,1925.4999999999986,1.0,1.0,"(1, 2)",667e6da95ae0a25f225ae6e6
24.0,40.0,6806,test,1925.4999999999986,1.0,1.0,"(1, 2)",667e6da95ae0a25f225ae6e6
24.0,40.0,6807,test,1925.4999999999986,1.0,1.0,"(1, 2)",667e6da95ae0a25f225ae6e6
24.0,40.0,6808,test,1925.4999999999986,1.0,1.0,"(1, 2)",667e6da95ae0a25f225ae6e6
24.0,40.0,6809,test,1925.4999999999986,1.0,1.0,"(1, 2)",667e6da95ae0a25f225ae6e6
24.0,40.0,6810,test,1925.4999999999986,1.0,1.0,"(1, 2)",667e6da95ae0a25f225ae6e6
24.0,40.0,6811,test,1925.4999999999986,1.0,1.0,"(1, 2)",667e6da95ae0a25f225ae6e6
24.0,40.0,6812,test,1925.4999999999986,1.0,1.0,"(1, 2)",667e6da95ae0a25f225ae6e6
24.0,40.0,6813,test,1925.4999999999986,1.0,1.0,"(1, 2)",667e6da95ae0a25f225ae6e6
24.0,40.0,6814,test,1925.4999999999986,1.0,1.0,"(1, 2)",667e6da95ae0a25f225ae6e6
24.0,40.0,6815,test,1925.4999999999986,1.0,1.0,"(1, 2)",667e6da95ae0a25f225ae6e6
24.0,40.0,6816,test,1925.4999999999986,1.0,1.0,"(1, 2)",667e6da95ae0a25f225ae6e6
24.0,40.0,6817,test,1925.4999999999986,1.0,1.0,"(1, 2)",667e6da95ae0a25f225ae6e6
24.0,40.0,6818,test,1925.4999999999986,1.0,1.0,"(1, 2)",667e6da95ae0a25f225ae6e6
24.0,40.0,6819,test,1925.4999999999986,1.0,1.0,"(1, 2)",667e6da95ae0a25f225ae6e6
24.0,40.0,6820,test,1925.4999999999986,1.0,1.0,"(1, 2)",667e6da95ae0a25f225ae6e6
24.0,40.0,6821,test,1925.4999999999986,1.0,1.0,"(1, 2)",667e6da95ae0a25f225ae6e6
24.0,40.0,6822,test,1925.4999999999986,1.0,1.0,"(1, 2)",667e6da95ae0a25f225ae6e6
24.0,40.0,6823,test,1925.4999999999986,1.0,1.0,"(1, 2)",667e6da95ae0a25f225ae6e6
24.0,40.0,6824,test,1925.4999999999986,1.0,1.0,"(1, 2)",667e6da95ae0a25f225ae6e6
24.0,40.0,6825,test,1925.4999999999986,1.0,1.0,"(1, 2)",667e6da95ae0a25f225ae6e6
24.0,40.0,6826,test,1925.4999999999986,1.0,1.0,"(1, 2)",667e6da95ae0a25f225ae6e6
24.0,40.0,6827,test,1925.4999999999986,1.0,1.0,"(1, 2)",667e6da95ae0a25f225ae6e6
24.0,40.0,6828,test,1925.4999999999986,1.0,1.0,"(1, 2)",667e6da95ae0a25f225ae6e6
24.0,40.0,6829,test,1925.4999999999986,1.0,1.0,"(1, 2)",667e6da95ae0a25f225ae6e6
24.0,40.0,6830,test,1925.4999999999986,1.0,1.0,"(1, 2)",667e6da95ae0a25f225ae6e6
24.0,40.0,6831,test,1925.4999999999986,1.0,1.0,"(1, 2)",667e6da95ae0a25f225ae6e6
24.0,40.0,6832,test,1925.4999999999986,1.0,1.0,"(1, 2)",667e6da95ae0a25f225ae6e6
24.0,40.0,6833,test,1925.4999999999986,1.0,1.0,"(1, 2)",667e6da95ae0a25f225ae6e6
24.0,40.0,6834,test,1925.4999999999986,1.0,1.0,"(1, 2)",667e6da95ae0a25f225ae6e6
24.0,40.0,6835,test,1925.4999999999986,1.0,1.0,"(1, 2)",667e6da95ae0a25f225ae6e6
24.0,40.0,6836,test,1925.4999999999986,1.0,1.0,"(1, 2)",667e6da95ae0a25f225ae6e6
24.0,40.0,6837,test,1925.4999999999986,1.0,1.0,"(1, 2)",667e6da95ae0a25f225ae6e6
24.0,40.0,6838,test,1925.4999999999986,1.0,1.0,"(1, 2)",667e6da95ae0a25f225ae6e6
24.0,40.0,6839,test,1925.4999999999986,1.0,1.0,"(1, 2)",667e6da95ae0a25f225ae6e6
24.0,40.0,6840,test,1925.4999999999986,1.0,1.0,"(1, 2)",667e6da95ae0a25f225ae6e6
24.0,40.0,6841,test,1925.4999999999986,1.0,1.0,"(1, 2)",667e6da95ae0a25f225ae6e6
24.0,40.0,6842,test,1925.4999999999986,1.0,1.0,"(1, 2)",667e6da95ae0a25f225ae6e6
24.0,40.0,6843,test,1925.4999999999986,1.0,1.0,"(1, 2)",667e6da95ae0a25f225ae6e6
24.0,40.0,6844,test,1925.4999999999986,1.0,1.0,"(1, 2)",667e6da95ae0a25f225ae6e6
24.0,40.0,6845,test,1925.4999999999986,1.0,1.0,"(1, 2)",667e6da95ae0a25f225ae6e6
24.0,40.0,6846,test,1925.4999999999986,1.0,1.0,"(1, 2)",667e6da95ae0a25f225ae6e6
24.0,40.0,6847,test,1925.4999999999986,1.0,1.0,"(1, 2)",667e6da95ae0a25f225ae6e6
24.0,40.0,6848,test,1925.4999999999986,1.0,1.0,"(1, 2)",667e6da95ae0a25f225ae6e6
24.0,40.0,6849,test,1925.4999999999986,1.0,1.0,"(1, 2)",667e6da95ae0a25f225ae6e6
24.0,40.0,6850,test,1925.4999999999986,1.0,1.0,"(1, 2)",667e6da95ae0a25f225ae6e6
24.0,40.0,6851,test,1925.4999999999986,1.0,1.0,"(1, 2)",667e6da95ae0a25f225ae6e6
24.0,40.0,6852,test,1925.4999999999986,1.0,1.0,"(1, 2)",667e6da95ae0a25f225ae6e6
24.0,40.0,6853,test,1925.4999999999986,1.0,1.0,"(1, 2)",667e6da95ae0a25f225ae6e6
24.0,40.0,6854,test,1925.4999999999986,1.0,1.0,"(1, 2)",667e6da95ae0a25f225ae6e6
24.0,40.0,6855,test,1925.4999999999986,1.0,1.0,"(1, 2)",667e6da95ae0a25f225ae6e6
24.0,40.0,6856,test,1925.4999999999986,1.0,1.0,"(1, 2)",667e6da95ae0a25f225ae6e6
24.0,40.0,6857,test,1925.4999999999986,1.0,1.0,"(1, 2)",667e6da95ae0a25f225ae6e6
24.0,40.0,6858,test,1925.4999999999986,1.0,1.0,"(1, 2)",667e6da95ae0a25f225ae6e6
24.0,40.0,6859,test,1925.4999999999986,1.0,1.0,"(1, 2)",667e6da95ae0a25f225ae6e6
24.0,40.0,6860,test,1925.4999999999986,1.0,1.0,"(1, 2)",667e6da95ae0a25f225ae6e6
24.0,40.0,6861,test,1925.4999999999986,1.0,1.0,"(1, 2)",667e6da95ae0a25f225ae6e6
24.0,40.0,6862,test,1925.4999999999986,1.0,1.0,"(1, 2)",667e6da95ae0a25f225ae6e6
24.0,40.0,6863,test,1925.4999999999986,1.0,1.0,"(1, 2)",667e6da95ae0a25f225ae6e6
24.0,40.0,6864,test,1925.4999999999986,1.0,1.0,"(1, 2)",667e6da95ae0a25f225ae6e6
24.0,40.0,6865,test,1925.4999999999986,1.0,1.0,"(1, 2)",667e6da95ae0a25f225ae6e6
24.0,40.0,6866,test,1925.4999999999986,1.0,1.0,"(1, 2)",667e6da95ae0a25f225ae6e6
24.0,40.0,6867,test,1925.4999999999986,1.0,1.0,"(1, 2)",667e6da95ae0a25f225ae6e6
24.0,40.0,6868,test,1925.4999999999986,1.0,1.0,"(1, 2)",667e6da95ae0a25f225ae6e6
24.0,40.0,6869,test,1925.4999999999986,1.0,1.0,"(1, 2)",667e6da95ae0a25f225ae6e6
24.0,40.0,6870,test,1925.4999999999986,1.0,1.0,"(1, 2)",667e6da95ae0a25f225ae6e6
24.0,40.0,6871,test,1925.4999999999986,1.0,1.0,"(1, 2)",667e6da95ae0a25f225ae6e6
24.0,40.0,6872,test,1925.4999999999986,1.0,1.0,"(1, 2)",667e6da95ae0a25f225ae6e6
24.0,40.0,6873,test,1925.4999999999986,1.0,1.0,"(1, 2)",667e6da95ae0a25f225ae6e6
24.0,40.0,6874,test,1925.4999999999986,1.0,1.0,"(1, 2)",667e6da95ae0a25f225ae6e6
24.0,40.0,6875,test,1925.4999999999986,1.0,1.0,"(1, 2)",667e6da95ae0a25f225ae6e6
24.0,40.0,6876,test,1925.4999999999986,1.0,1.0,"(1, 2)",667e6da95ae0a25f225ae6e6
24.0,40.0,6877,test,1925.4999999999986,1.0,1.0,"(1, 2)",667e6da95ae0a25f225ae6e6
24.0,40.0,6878,test,1925.4999999999986,1.0,1.0,"(1, 2)",667e6da95ae0a25f225ae6e6
24.0,40.0,6879,test,1925.4999999999986,1.0,1.0,"(1, 2)",667e6da95ae0a25f225ae6e6
24.0,40.0,6880,test,1925.4999999999986,1.0,1.0,"(1, 2)",667e6da95ae0a25f225ae6e6
24.0,40.0,6881,test,1925.4999999999986,1.0,1.0,"(1, 2)",667e6da95ae0a25f225ae6e6
24.0,40.0,6882,test,1925.4999999999986,1.0,1.0,"(1, 2)",667e6da95ae0a25f225ae6e6
24.0,40.0,6883,test,1925.4999999999986,1.0,1.0,"(1, 2)",667e6da95ae0a25f225ae6e6
24.0,40.0,6884,test,1925.4999999999986,1.0,1.0,"(1, 2)",667e6da95ae0a25f225ae6e6
24.0,40.0,6885,test,1925.4999999999986,1.0,1.0,"(1, 2)",667e6da95ae0a25f225ae6e6
24.0,40.0,6886,test,1925.4999999999986,1.0,1.0,"(1, 2)",667e6da95ae0a25f225ae6e6
24.0,40.0,6887,test,1925.4999999999986,1.0,1.0,"(1, 2)",667e6da95ae0a25f225ae6e6
24.0,40.0,6888,test,1925.4999999999986,1.0,1.0,"(1, 2)",667e6da95ae0a25f225ae6e6
24.0,40.0,6889,test,1925.4999999999986,1.0,1.0,"(1, 2)",667e6da95ae0a25f225ae6e6
24.0,40.0,6890,test,1925.4999999999986,1.0,1.0,"(1, 2)",667e6da95ae0a25f225ae6e6
24.0,40.0,6891,test,1925.4999999999986,1.0,1.0,"(1, 2)",667e6da95ae0a25f225ae6e6
24.0,40.0,6892,test,1925.4999999999986,1.0,1.0,"(1, 2)",667e6da95ae0a25f225ae6e6
24.0,40.0,6893,test,1925.4999999999986,1.0,1.0,"(1, 2)",667e6da95ae0a25f225ae6e6
24.0,40.0,6894,test,1925.4999999999986,1.0,1.0,"(1, 2)",667e6da95ae0a25f225ae6e6
24.0,40.0,6895,test,1925.4999999999986,1.0,1.0,"(1, 2)",667e6da95ae0a25f225ae6e6
24.0,40.0,6896,test,1925.4999999999986,1.0,1.0,"(1, 2)",667e6da95ae0a25f225ae6e6
24.0,40.0,6897,test,1925.4999999999986,1.0,1.0,"(1, 2)",667e6da95ae0a25f225ae6e6
24.0,40.0,6898,test,1925.4999999999986,1.0,1.0,"(1, 2)",667e6da95ae0a25f225ae6e6
24.0,40.0,6899,test,1925.4999999999986,1.0,1.0,"(1, 2)",667e6da95ae0a25f225ae6e6
24.0,40.0,6900,test,1925.4999999999986,1.0,1.0,"(1, 2)",667e6da95ae0a25f225ae6e6
24.0,40.0,6901,test,1925.4999999999986,1.0,1.0,"(1, 2)",667e6da95ae0a25f225ae6e6
24.0,40.0,6902,test,1925.4999999999986,1.0,1.0,"(1, 2)",667e6da95ae0a25f225ae6e6
24.0,40.0,6903,test,1925.4999999999986,1.0,1.0,"(1, 2)",667e6da95ae0a25f225ae6e6
24.0,40.0,6904,test,1925.4999999999986,1.0,1.0,"(1, 2)",667e6da95ae0a25f225ae6e6
24.0,40.0,6905,test,1925.4999999999986,1.0,1.0,"(1, 2)",667e6da95ae0a25f225ae6e6
24.0,40.0,6906,test,1925.4999999999986,1.0,1.0,"(1, 2)",667e6da95ae0a25f225ae6e6
24.0,40.0,6907,test,1925.4999999999986,1.0,1.0,"(1, 2)",667e6da95ae0a25f225ae6e6
24.0,40.0,6908,test,1925.4999999999986,1.0,1.0,"(1, 2)",667e6da95ae0a25f225ae6e6
24.0,40.0,6909,test,1925.4999999999986,1.0,1.0,"(1, 2)",667e6da95ae0a25f225ae6e6
24.0,40.0,6910,test,1925.4999999999986,1.0,1.0,"(1, 2)",667e6da95ae0a25f225ae6e6
24.0,40.0,6911,test,1925.4999999999986,1.0,1.0,"(1, 2)",667e6da95ae0a25f225ae6e6
24.0,40.0,6912,test,1925.4999999999986,1.0,1.0,"(1, 2)",667e6da95ae0a25f225ae6e6
24.0,40.0,6913,test,1925.4999999999986,1.0,1.0,"(1, 2)",667e6da95ae0a25f225ae6e6
24.0,40.0,6914,test,1925.4999999999986,1.0,1.0,"(1, 2)",667e6da95ae0a25f225ae6e6
24.0,40.0,6915,test,1925.4999999999986,1.0,1.0,"(1, 2)",667e6da95ae0a25f225ae6e6
24.0,40.0,6916,test,1925.4999999999986,1.0,1.0,"(1, 2)",667e6da95ae0a25f225ae6e6
24.0,40.0,6917,test,1925.4999999999986,1.0,1.0,"(1, 2)",667e6da95ae0a25f225ae6e6
24.0,40.0,6918,test,1925.4999999999986,1.0,1.0,"(1, 2)",667e6da95ae0a25f225ae6e6
24.0,40.0,6919,test,1925.4999999999986,1.0,1.0,"(1, 2)",667e6da95ae0a25f225ae6e6
24.0,41.250000000000284,6920,test,1926.7499999999989,1.0,1.0,"(1, 2)",667e6da95ae0a25f225ae6e6
24.0,42.50000000000057,6921,test,1927.999999999999,1.0,1.0,"(1, 2)",667e6da95ae0a25f225ae6e6
24.0,43.75000000000085,6922,test,1929.2499999999993,1.0,1.0,"(1, 2)",667e6da95ae0a25f225ae6e6
24.0,45.00000000000114,6923,test,1930.4999999999995,1.0,1.0,"(1, 2)",667e6da95ae0a25f225ae6e6
24.0,46.25000000000142,6924,test,1931.7499999999998,1.0,1.0,"(1, 2)",667e6da95ae0a25f225ae6e6
24.0,47.500000000001705,6925,test,1933.0,1.0,1.0,"(1, 2)",667e6da95ae0a25f225ae6e6
24.0,48.75000000000199,6926,test,1934.2500000000002,1.0,1.0,"(1, 2)",667e6da95ae0a25f225ae6e6
24.0,50.000000000002274,6927,test,1935.5000000000005,1.0,1.0,"(1, 2)",667e6da95ae0a25f225ae6e6
24.0,51.25000000000256,6928,test,1936.7500000000007,1.0,1.0,"(1, 2)",667e6da95ae0a25f225ae6e6
24.0,52.50000000000284,6929,test,1938.000000000001,1.0,1.0,"(1, 2)",667e6da95ae0a25f225ae6e6
24.0,53.750000000003126,6930,test,1939.2500000000011,1.0,1.0,"(1, 2)",667e6da95ae0a25f225ae6e6
24.0,55.00000000000341,6931,test,1940.5000000000014,1.0,1.0,"(1, 2)",667e6da95ae0a25f225ae6e6
24.0,56.250000000003695,6932,test,1941.7500000000016,1.0,1.0,"(1, 2)",667e6da95ae0a25f225ae6e6
24.0,57.50000000000398,6933,test,1943.0000000000018,1.0,1.0,"(1, 2)",667e6da95ae0a25f225ae6e6
24.0,58.75000000000426,6934,test,1944.250000000002,1.0,1.0,"(1, 2)",667e6da95ae0a25f225ae6e6
24.0,60.00000000000455,6935,test,1945.5000000000023,1.0,1.0,"(1, 2)",667e6da95ae0a25f225ae6e6
24.0,61.25000000000483,6936,test,1946.7500000000025,1.0,1.0,"(1, 2)",667e6da95ae0a25f225ae6e6
24.0,62.500000000005116,6937,test,1948.0000000000027,1.0,1.0,"(1, 2)",667e6da95ae0a25f225ae6e6
24.0,63.7500000000054,6938,test,1949.250000000003,1.0,1.0,"(1, 2)",667e6da95ae0a25f225ae6e6
24.0,65.00000000000568,6939,test,1950.5000000000032,1.0,1.0,"(1, 2)",667e6da95ae0a25f225ae6e6
24.0,66.25000000000597,6940,test,1951.7500000000034,1.0,1.0,"(1, 2)",667e6da95ae0a25f225ae6e6
24.0,67.50000000000625,6941,test,1953.0000000000036,1.0,1.0,"(1, 2)",667e6da95ae0a25f225ae6e6
24.0,68.75000000000654,6942,test,1954.2500000000039,1.0,1.0,"(1, 2)",667e6da95ae0a25f225ae6e6
24.0,70.00000000000682,6943,test,1955.500000000004,1.0,1.0,"(1, 2)",667e6da95ae0a25f225ae6e6
24.0,71.2500000000071,6944,test,1956.7500000000043,1.0,1.0,"(1, 2)",667e6da95ae0a25f225ae6e6
24.0,72.0,6945,test,1957.4999999999973,1.0,1.0,"(1, 2)",667e6da95ae0a25f225ae6e6
24.0,72.0,6946,test,1957.4999999999973,1.0,1.0,"(1, 2)",667e6da95ae0a25f225ae6e6
24.0,72.0,6947,test,1957.4999999999973,1.0,1.0,"(1, 2)",667e6da95ae0a25f225ae6e6
24.0,72.0,6948,test,1957.4999999999973,1.0,1.0,"(1, 2)",667e6da95ae0a25f225ae6e6
24.0,72.0,6949,test,1957.4999999999973,1.0,1.0,"(1, 2)",667e6da95ae0a25f225ae6e6
24.0,72.0,6950,test,1957.4999999999973,1.0,1.0,"(1, 2)",667e6da95ae0a25f225ae6e6
24.0,72.0,6951,test,1957.4999999999973,1.0,1.0,"(1, 2)",667e6da95ae0a25f225ae6e6
24.0,72.0,6952,test,1957.4999999999973,1.0,1.0,"(1, 2)",667e6da95ae0a25f225ae6e6
24.0,72.0,6953,test,1957.4999999999973,1.0,1.0,"(1, 2)",667e6da95ae0a25f225ae6e6
24.0,72.0,6954,test,1957.4999999999973,1.0,1.0,"(1, 2)",667e6da95ae0a25f225ae6e6
24.0,72.0,6955,test,1957.4999999999973,1.0,1.0,"(1, 2)",667e6da95ae0a25f225ae6e6
24.0,72.0,6956,test,1957.4999999999973,1.0,1.0,"(1, 2)",667e6da95ae0a25f225ae6e6
24.0,72.0,6957,test,1957.4999999999973,1.0,1.0,"(1, 2)",667e6da95ae0a25f225ae6e6
24.0,72.0,6958,test,1957.4999999999973,1.0,1.0,"(1, 2)",667e6da95ae0a25f225ae6e6
24.0,72.0,6959,test,1957.4999999999973,1.0,1.0,"(1, 2)",667e6da95ae0a25f225ae6e6
24.0,72.0,6960,test,1957.4999999999973,1.0,1.0,"(1, 2)",667e6da95ae0a25f225ae6e6
24.0,72.0,6961,test,1957.4999999999973,1.0,1.0,"(1, 2)",667e6da95ae0a25f225ae6e6
24.0,72.0,6962,test,1957.4999999999973,1.0,1.0,"(1, 2)",667e6da95ae0a25f225ae6e6
24.0,72.0,6963,test,1957.4999999999973,1.0,1.0,"(1, 2)",667e6da95ae0a25f225ae6e6
24.0,72.0,6964,test,1957.4999999999973,1.0,1.0,"(1, 2)",667e6da95ae0a25f225ae6e6
24.0,70.74999999999972,6965,test,1958.7499999999975,1.0,1.0,"(1, 2)",667e6da95ae0a25f225ae6e6
24.0,69.49999999999943,6966,test,1959.9999999999977,1.0,1.0,"(1, 2)",667e6da95ae0a25f225ae6e6
24.0,68.24999999999915,6967,test,1961.249999999998,1.0,1.0,"(1, 2)",667e6da95ae0a25f225ae6e6
24.0,66.99999999999886,6968,test,1962.4999999999982,1.0,1.0,"(1, 2)",667e6da95ae0a25f225ae6e6
24.0,65.74999999999858,6969,test,1963.7499999999984,1.0,1.0,"(1, 2)",667e6da95ae0a25f225ae6e6
24.0,64.4999999999983,6970,test,1964.9999999999986,1.0,1.0,"(1, 2)",667e6da95ae0a25f225ae6e6
24.0,63.24999999999801,6971,test,1966.2499999999989,1.0,1.0,"(1, 2)",667e6da95ae0a25f225ae6e6
24.0,61.999999999997726,6972,test,1967.499999999999,1.0,1.0,"(1, 2)",667e6da95ae0a25f225ae6e6
24.0,60.74999999999744,6973,test,1968.7499999999993,1.0,1.0,"(1, 2)",667e6da95ae0a25f225ae6e6
24.0,59.49999999999716,6974,test,1969.9999999999995,1.0,1.0,"(1, 2)",667e6da95ae0a25f225ae6e6
24.0,58.249999999996874,6975,test,1971.2499999999998,1.0,1.0,"(1, 2)",667e6da95ae0a25f225ae6e6
24.0,56.99999999999659,6976,test,1972.5,1.0,1.0,"(1, 2)",667e6da95ae0a25f225ae6e6
24.0,55.749999999996305,6977,test,1973.7500000000002,1.0,1.0,"(1, 2)",667e6da95ae0a25f225ae6e6
24.0,54.49999999999602,6978,test,1975.0000000000005,1.0,1.0,"(1, 2)",667e6da95ae0a25f225ae6e6
24.0,53.24999999999574,6979,test,1976.2500000000007,1.0,1.0,"(1, 2)",667e6da95ae0a25f225ae6e6
24.0,51.99999999999545,6980,test,1977.500000000001,1.0,1.0,"(1, 2)",667e6da95ae0a25f225ae6e6
24.0,50.74999999999517,6981,test,1978.7500000000011,1.0,1.0,"(1, 2)",667e6da95ae0a25f225ae6e6
24.0,49.499999999994884,6982,test,1980.0000000000014,1.0,1.0,"(1, 2)",667e6da95ae0a25f225ae6e6
24.0,48.2499999999946,6983,test,1981.2500000000016,1.0,1.0,"(1, 2)",667e6da95ae0a25f225ae6e6
24.0,46.999999999994316,6984,test,1982.5000000000018,1.0,1.0,"(1, 2)",667e6da95ae0a25f225ae6e6
24.0,45.74999999999403,6985,test,1983.750000000002,1.0,1.0,"(1, 2)",667e6da95ae0a25f225ae6e6
24.0,44.49999999999375,6986,test,1985.0000000000023,1.0,1.0,"(1, 2)",667e6da95ae0a25f225ae6e6
24.0,43.24999999999346,6987,test,1986.2500000000025,1.0,1.0,"(1, 2)",667e6da95ae0a25f225ae6e6
24.0,41.99999999999318,6988,test,1987.5000000000027,1.0,1.0,"(1, 2)",667e6da95ae0a25f225ae6e6
24.0,40.749999999992895,6989,test,1988.750000000003,1.0,1.0,"(1, 2)",667e6da95ae0a25f225ae6e6
24.0,40.0,6990,test,1989.499999999996,1.0,1.0,"(1, 2)",667e6da95ae0a25f225ae6e6
24.0,40.0,6991,test,1989.499999999996,1.0,1.0,"(1, 2)",667e6da95ae0a25f225ae6e6
24.0,40.0,6992,test,1989.499999999996,1.0,1.0,"(1, 2)",667e6da95ae0a25f225ae6e6
24.0,40.0,6993,test,1989.499999999996,1.0,1.0,"(1, 2)",667e6da95ae0a25f225ae6e6
24.0,40.0,6994,test,1989.499999999996,1.0,1.0,"(1, 2)",667e6da95ae0a25f225ae6e6
24.0,40.0,6995,test,1989.499999999996,1.0,1.0,"(1, 2)",667e6da95ae0a25f225ae6e6
24.0,40.0,6996,test,1989.499999999996,1.0,1.0,"(1, 2)",667e6da95ae0a25f225ae6e6
24.0,40.0,6997,test,1989.499999999996,1.0,1.0,"(1, 2)",667e6da95ae0a25f225ae6e6
24.0,40.0,6998,test,1989.499999999996,1.0,1.0,"(1, 2)",667e6da95ae0a25f225ae6e6
24.0,40.0,6999,test,1989.499999999996,1.0,1.0,"(1, 2)",667e6da95ae0a25f225ae6e6
24.0,40.0,7000,test,1989.499999999996,1.0,1.0,"(1, 2)",667e6da95ae0a25f225ae6e6
24.0,40.0,7001,test,1989.499999999996,1.0,1.0,"(1, 2)",667e6da95ae0a25f225ae6e6
24.0,40.0,7002,test,1989.499999999996,1.0,1.0,"(1, 2)",667e6da95ae0a25f225ae6e6
24.0,40.0,7003,test,1989.499999999996,1.0,1.0,"(1, 2)",667e6da95ae0a25f225ae6e6
24.0,40.0,7004,test,1989.499999999996,1.0,1.0,"(1, 2)",667e6da95ae0a25f225ae6e6
24.0,40.0,7005,test,1989.499999999996,1.0,1.0,"(1, 2)",667e6da95ae0a25f225ae6e6
24.0,40.0,7006,test,1989.499999999996,1.0,1.0,"(1, 2)",667e6da95ae0a25f225ae6e6
24.0,40.0,7007,test,1989.499999999996,1.0,1.0,"(1, 2)",667e6da95ae0a25f225ae6e6
24.0,40.0,7008,test,1989.499999999996,1.0,1.0,"(1, 2)",667e6da95ae0a25f225ae6e6
24.0,40.0,7009,test,1989.499999999996,1.0,1.0,"(1, 2)",667e6da95ae0a25f225ae6e6
24.0,40.0,7010,test,1989.499999999996,1.0,1.0,"(1, 2)",667e6da95ae0a25f225ae6e6
24.0,40.0,7011,test,1989.499999999996,1.0,1.0,"(1, 2)",667e6da95ae0a25f225ae6e6
24.0,40.0,7012,test,1989.499999999996,1.0,1.0,"(1, 2)",667e6da95ae0a25f225ae6e6
24.0,40.0,7013,test,1989.499999999996,1.0,1.0,"(1, 2)",667e6da95ae0a25f225ae6e6
24.0,40.0,7014,test,1989.499999999996,1.0,1.0,"(1, 2)",667e6da95ae0a25f225ae6e6
24.0,40.0,7015,test,1989.499999999996,1.0,1.0,"(1, 2)",667e6da95ae0a25f225ae6e6
24.0,40.0,7016,test,1989.499999999996,1.0,1.0,"(1, 2)",667e6da95ae0a25f225ae6e6
24.0,40.0,7017,test,1989.499999999996,1.0,1.0,"(1, 2)",667e6da95ae0a25f225ae6e6
24.0,40.0,7018,test,1989.499999999996,1.0,1.0,"(1, 2)",667e6da95ae0a25f225ae6e6
24.0,40.0,7019,test,1989.499999999996,1.0,1.0,"(1, 2)",667e6da95ae0a25f225ae6e6
24.0,40.0,7020,test,1989.499999999996,1.0,1.0,"(1, 2)",667e6da95ae0a25f225ae6e6
24.0,40.0,7021,test,1989.499999999996,1.0,1.0,"(1, 2)",667e6da95ae0a25f225ae6e6
24.0,40.0,7022,test,1989.499999999996,1.0,1.0,"(1, 2)",667e6da95ae0a25f225ae6e6
24.0,40.0,7023,test,1989.499999999996,1.0,1.0,"(1, 2)",667e6da95ae0a25f225ae6e6
24.0,40.0,7024,test,1989.499999999996,1.0,1.0,"(1, 2)",667e6da95ae0a25f225ae6e6
24.0,40.0,7025,test,1989.499999999996,1.0,1.0,"(1, 2)",667e6da95ae0a25f225ae6e6
24.0,40.0,7026,test,1989.499999999996,1.0,1.0,"(1, 2)",667e6da95ae0a25f225ae6e6
24.0,40.0,7027,test,1989.499999999996,1.0,1.0,"(1, 2)",667e6da95ae0a25f225ae6e6
24.0,40.0,7028,test,1989.499999999996,1.0,1.0,"(1, 2)",667e6da95ae0a25f225ae6e6
24.0,40.0,7029,test,1989.499999999996,1.0,1.0,"(1, 2)",667e6da95ae0a25f225ae6e6
24.0,40.0,7030,test,1989.499999999996,1.0,1.0,"(1, 2)",667e6da95ae0a25f225ae6e6
24.0,40.0,7031,test,1989.499999999996,1.0,1.0,"(1, 2)",667e6da95ae0a25f225ae6e6
24.0,40.0,7032,test,1989.499999999996,1.0,1.0,"(1, 2)",667e6da95ae0a25f225ae6e6
24.0,40.0,7033,test,1989.499999999996,1.0,1.0,"(1, 2)",667e6da95ae0a25f225ae6e6
24.0,40.0,7034,test,1989.499999999996,1.0,1.0,"(1, 2)",667e6da95ae0a25f225ae6e6
24.0,40.0,7035,test,1989.499999999996,1.0,1.0,"(1, 2)",667e6da95ae0a25f225ae6e6
24.0,40.0,7036,test,1989.499999999996,1.0,1.0,"(1, 2)",667e6da95ae0a25f225ae6e6
24.0,40.0,7037,test,1989.499999999996,1.0,1.0,"(1, 2)",667e6da95ae0a25f225ae6e6
24.0,40.0,7038,test,1989.499999999996,1.0,1.0,"(1, 2)",667e6da95ae0a25f225ae6e6
24.0,40.0,7039,test,1989.499999999996,1.0,1.0,"(1, 2)",667e6da95ae0a25f225ae6e6
24.0,40.0,7040,test,1989.499999999996,1.0,1.0,"(1, 2)",667e6da95ae0a25f225ae6e6
24.0,40.0,7041,test,1989.499999999996,1.0,1.0,"(1, 2)",667e6da95ae0a25f225ae6e6
24.0,40.0,7042,test,1989.499999999996,1.0,1.0,"(1, 2)",667e6da95ae0a25f225ae6e6
24.0,40.0,7043,test,1989.499999999996,1.0,1.0,"(1, 2)",667e6da95ae0a25f225ae6e6
24.0,40.0,7044,test,1989.499999999996,1.0,1.0,"(1, 2)",667e6da95ae0a25f225ae6e6
24.0,40.0,7045,test,1989.499999999996,1.0,1.0,"(1, 2)",667e6da95ae0a25f225ae6e6
24.0,40.0,7046,test,1989.499999999996,1.0,1.0,"(1, 2)",667e6da95ae0a25f225ae6e6
24.0,40.0,7047,test,1989.499999999996,1.0,1.0,"(1, 2)",667e6da95ae0a25f225ae6e6
24.0,40.0,7048,test,1989.499999999996,1.0,1.0,"(1, 2)",667e6da95ae0a25f225ae6e6
24.0,40.0,7049,test,1989.499999999996,1.0,1.0,"(1, 2)",667e6da95ae0a25f225ae6e6
24.0,40.0,7050,test,1989.499999999996,1.0,1.0,"(1, 2)",667e6da95ae0a25f225ae6e6
24.0,40.0,7051,test,1989.499999999996,1.0,1.0,"(1, 2)",667e6da95ae0a25f225ae6e6
24.0,40.0,7052,test,1989.499999999996,1.0,1.0,"(1, 2)",667e6da95ae0a25f225ae6e6
24.0,40.0,7053,test,1989.499999999996,1.0,1.0,"(1, 2)",667e6da95ae0a25f225ae6e6
24.0,40.0,7054,test,1989.499999999996,1.0,1.0,"(1, 2)",667e6da95ae0a25f225ae6e6
24.0,40.0,7055,test,1989.499999999996,1.0,1.0,"(1, 2)",667e6da95ae0a25f225ae6e6
24.0,40.0,7056,test,1989.499999999996,1.0,1.0,"(1, 2)",667e6da95ae0a25f225ae6e6
24.0,40.0,7057,test,1989.499999999996,1.0,1.0,"(1, 2)",667e6da95ae0a25f225ae6e6
24.0,40.0,7058,test,1989.499999999996,1.0,1.0,"(1, 2)",667e6da95ae0a25f225ae6e6
24.0,40.0,7059,test,1989.499999999996,1.0,1.0,"(1, 2)",667e6da95ae0a25f225ae6e6
24.0,40.0,7060,test,1989.499999999996,1.0,1.0,"(1, 2)",667e6da95ae0a25f225ae6e6
24.0,40.0,7061,test,1989.499999999996,1.0,1.0,"(1, 2)",667e6da95ae0a25f225ae6e6
24.0,40.0,7062,test,1989.499999999996,1.0,1.0,"(1, 2)",667e6da95ae0a25f225ae6e6
24.0,40.0,7063,test,1989.499999999996,1.0,1.0,"(1, 2)",667e6da95ae0a25f225ae6e6
24.0,40.0,7064,test,1989.499999999996,1.0,1.0,"(1, 2)",667e6da95ae0a25f225ae6e6
24.0,40.0,7065,test,1989.499999999996,1.0,1.0,"(1, 2)",667e6da95ae0a25f225ae6e6
24.0,40.0,7066,test,1989.499999999996,1.0,1.0,"(1, 2)",667e6da95ae0a25f225ae6e6
24.0,40.0,7067,test,1989.499999999996,1.0,1.0,"(1, 2)",667e6da95ae0a25f225ae6e6
24.0,40.0,7068,test,1989.499999999996,1.0,1.0,"(1, 2)",667e6da95ae0a25f225ae6e6
24.0,40.0,7069,test,1989.499999999996,1.0,1.0,"(1, 2)",667e6da95ae0a25f225ae6e6
24.0,40.0,7070,test,1989.499999999996,1.0,1.0,"(1, 2)",667e6da95ae0a25f225ae6e6
24.0,40.0,7071,test,1989.499999999996,1.0,1.0,"(1, 2)",667e6da95ae0a25f225ae6e6
24.0,40.0,7072,test,1989.499999999996,1.0,1.0,"(1, 2)",667e6da95ae0a25f225ae6e6
24.0,40.0,7073,test,1989.499999999996,1.0,1.0,"(1, 2)",667e6da95ae0a25f225ae6e6
24.0,40.0,7074,test,1989.499999999996,1.0,1.0,"(1, 2)",667e6da95ae0a25f225ae6e6
24.0,40.0,7075,test,1989.499999999996,1.0,1.0,"(1, 2)",667e6da95ae0a25f225ae6e6
24.0,40.0,7076,test,1989.499999999996,1.0,1.0,"(1, 2)",667e6da95ae0a25f225ae6e6
24.0,40.0,7077,test,1989.499999999996,1.0,1.0,"(1, 2)",667e6da95ae0a25f225ae6e6
24.0,40.0,7078,test,1989.499999999996,1.0,1.0,"(1, 2)",667e6da95ae0a25f225ae6e6
24.0,40.0,7079,test,1989.499999999996,1.0,1.0,"(1, 2)",667e6da95ae0a25f225ae6e6
24.0,40.0,7080,test,1989.499999999996,1.0,1.0,"(1, 2)",667e6da95ae0a25f225ae6e6
24.0,40.0,7081,test,1989.499999999996,1.0,1.0,"(1, 2)",667e6da95ae0a25f225ae6e6
24.0,40.0,7082,test,1989.499999999996,1.0,1.0,"(1, 2)",667e6da95ae0a25f225ae6e6
24.0,40.0,7083,test,1989.499999999996,1.0,1.0,"(1, 2)",667e6da95ae0a25f225ae6e6
24.0,40.0,7084,test,1989.499999999996,1.0,1.0,"(1, 2)",667e6da95ae0a25f225ae6e6
24.0,40.0,7085,test,1989.499999999996,1.0,1.0,"(1, 2)",667e6da95ae0a25f225ae6e6
24.0,40.0,7086,test,1989.499999999996,1.0,1.0,"(1, 2)",667e6da95ae0a25f225ae6e6
24.0,40.0,7087,test,1989.499999999996,1.0,1.0,"(1, 2)",667e6da95ae0a25f225ae6e6
24.0,40.0,7088,test,1989.499999999996,1.0,1.0,"(1, 2)",667e6da95ae0a25f225ae6e6
24.0,40.0,7089,test,1989.499999999996,1.0,1.0,"(1, 2)",667e6da95ae0a25f225ae6e6
24.0,40.0,7090,test,1989.499999999996,1.0,1.0,"(1, 2)",667e6da95ae0a25f225ae6e6
24.0,40.0,7091,test,1989.499999999996,1.0,1.0,"(1, 2)",667e6da95ae0a25f225ae6e6
24.0,40.0,7092,test,1989.499999999996,1.0,1.0,"(1, 2)",667e6da95ae0a25f225ae6e6
24.0,40.0,7093,test,1989.499999999996,1.0,1.0,"(1, 2)",667e6da95ae0a25f225ae6e6
24.0,40.0,7094,test,1989.499999999996,1.0,1.0,"(1, 2)",667e6da95ae0a25f225ae6e6
24.0,40.0,7095,test,1989.499999999996,1.0,1.0,"(1, 2)",667e6da95ae0a25f225ae6e6
24.0,40.0,7096,test,1989.499999999996,1.0,1.0,"(1, 2)",667e6da95ae0a25f225ae6e6
24.0,40.0,7097,test,1989.499999999996,1.0,1.0,"(1, 2)",667e6da95ae0a25f225ae6e6
24.0,40.0,7098,test,1989.499999999996,1.0,1.0,"(1, 2)",667e6da95ae0a25f225ae6e6
24.0,40.0,7099,test,1989.499999999996,1.0,1.0,"(1, 2)",667e6da95ae0a25f225ae6e6
24.0,40.0,7100,test,1989.499999999996,1.0,1.0,"(1, 2)",667e6da95ae0a25f225ae6e6
24.0,40.0,7101,test,1989.499999999996,1.0,1.0,"(1, 2)",667e6da95ae0a25f225ae6e6
24.0,40.0,7102,test,1989.499999999996,1.0,1.0,"(1, 2)",667e6da95ae0a25f225ae6e6
24.0,40.0,7103,test,1989.499999999996,1.0,1.0,"(1, 2)",667e6da95ae0a25f225ae6e6
24.0,40.0,7104,test,1989.499999999996,1.0,1.0,"(1, 2)",667e6da95ae0a25f225ae6e6
24.0,40.0,7105,test,1989.499999999996,1.0,1.0,"(1, 2)",667e6da95ae0a25f225ae6e6
24.0,40.0,7106,test,1989.499999999996,1.0,1.0,"(1, 2)",667e6da95ae0a25f225ae6e6
24.0,40.0,7107,test,1989.499999999996,1.0,1.0,"(1, 2)",667e6da95ae0a25f225ae6e6
24.0,40.0,7108,test,1989.499999999996,1.0,1.0,"(1, 2)",667e6da95ae0a25f225ae6e6
24.0,40.0,7109,test,1989.499999999996,1.0,1.0,"(1, 2)",667e6da95ae0a25f225ae6e6
24.0,40.0,7110,test,1989.499999999996,1.0,1.0,"(1, 2)",667e6da95ae0a25f225ae6e6
24.0,40.0,7111,test,1989.499999999996,1.0,1.0,"(1, 2)",667e6da95ae0a25f225ae6e6
24.0,40.0,7112,test,1989.499999999996,1.0,1.0,"(1, 2)",667e6da95ae0a25f225ae6e6
24.0,40.0,7113,test,1989.499999999996,1.0,1.0,"(1, 2)",667e6da95ae0a25f225ae6e6
24.0,40.0,7114,test,1989.499999999996,1.0,1.0,"(1, 2)",667e6da95ae0a25f225ae6e6
24.0,40.0,7115,test,1989.499999999996,1.0,1.0,"(1, 2)",667e6da95ae0a25f225ae6e6
24.0,40.0,7116,test,1989.499999999996,1.0,1.0,"(1, 2)",667e6da95ae0a25f225ae6e6
24.0,40.0,7117,test,1989.499999999996,1.0,1.0,"(1, 2)",667e6da95ae0a25f225ae6e6
24.0,40.0,7118,test,1989.499999999996,1.0,1.0,"(1, 2)",667e6da95ae0a25f225ae6e6
24.0,40.0,7119,test,1989.499999999996,1.0,1.0,"(1, 2)",667e6da95ae0a25f225ae6e6
24.0,40.0,7120,test,1989.499999999996,1.0,1.0,"(1, 2)",667e6da95ae0a25f225ae6e6
24.0,40.0,7121,test,1989.499999999996,1.0,1.0,"(1, 2)",667e6da95ae0a25f225ae6e6
24.0,40.0,7122,test,1989.499999999996,1.0,1.0,"(1, 2)",667e6da95ae0a25f225ae6e6
24.0,40.0,7123,test,1989.499999999996,1.0,1.0,"(1, 2)",667e6da95ae0a25f225ae6e6
24.0,40.0,7124,test,1989.499999999996,1.0,1.0,"(1, 2)",667e6da95ae0a25f225ae6e6
24.0,40.0,7125,test,1989.499999999996,1.0,1.0,"(1, 2)",667e6da95ae0a25f225ae6e6
24.0,40.0,7126,test,1989.499999999996,1.0,1.0,"(1, 2)",667e6da95ae0a25f225ae6e6
24.0,40.0,7127,test,1989.499999999996,1.0,1.0,"(1, 2)",667e6da95ae0a25f225ae6e6
24.0,40.0,7128,test,1989.499999999996,1.0,1.0,"(1, 2)",667e6da95ae0a25f225ae6e6
24.0,40.0,7129,test,1989.499999999996,1.0,1.0,"(1, 2)",667e6da95ae0a25f225ae6e6
24.0,40.0,7130,test,1989.499999999996,1.0,1.0,"(1, 2)",667e6da95ae0a25f225ae6e6
24.0,40.0,7131,test,1989.499999999996,1.0,1.0,"(1, 2)",667e6da95ae0a25f225ae6e6
24.0,40.0,7132,test,1989.499999999996,1.0,1.0,"(1, 2)",667e6da95ae0a25f225ae6e6
24.0,40.0,7133,test,1989.499999999996,1.0,1.0,"(1, 2)",667e6da95ae0a25f225ae6e6
24.0,40.0,7134,test,1989.499999999996,1.0,1.0,"(1, 2)",667e6da95ae0a25f225ae6e6
24.0,40.0,7135,test,1989.499999999996,1.0,1.0,"(1, 2)",667e6da95ae0a25f225ae6e6
24.0,40.0,7136,test,1989.499999999996,1.0,1.0,"(1, 2)",667e6da95ae0a25f225ae6e6
24.0,40.0,7137,test,1989.499999999996,1.0,1.0,"(1, 2)",667e6da95ae0a25f225ae6e6
24.0,40.0,7138,test,1989.499999999996,1.0,1.0,"(1, 2)",667e6da95ae0a25f225ae6e6
24.0,40.0,7139,test,1989.499999999996,1.0,1.0,"(1, 2)",667e6da95ae0a25f225ae6e6
24.0,40.0,7140,test,1989.499999999996,1.0,1.0,"(1, 2)",667e6da95ae0a25f225ae6e6
24.0,40.0,7141,test,1989.499999999996,1.0,1.0,"(1, 2)",667e6da95ae0a25f225ae6e6
24.0,40.0,7142,test,1989.499999999996,1.0,1.0,"(1, 2)",667e6da95ae0a25f225ae6e6
24.0,40.0,7143,test,1989.499999999996,1.0,1.0,"(1, 2)",667e6da95ae0a25f225ae6e6
24.0,40.0,7144,test,1989.499999999996,1.0,1.0,"(1, 2)",667e6da95ae0a25f225ae6e6
24.0,40.0,7145,test,1989.499999999996,1.0,1.0,"(1, 2)",667e6da95ae0a25f225ae6e6
24.0,40.0,7146,test,1989.499999999996,1.0,1.0,"(1, 2)",667e6da95ae0a25f225ae6e6
24.0,40.0,7147,test,1989.499999999996,1.0,1.0,"(1, 2)",667e6da95ae0a25f225ae6e6
24.0,40.0,7148,test,1989.499999999996,1.0,1.0,"(1, 2)",667e6da95ae0a25f225ae6e6
24.0,40.0,7149,test,1989.499999999996,1.0,1.0,"(1, 2)",667e6da95ae0a25f225ae6e6
24.0,40.0,7150,test,1989.499999999996,1.0,1.0,"(1, 2)",667e6da95ae0a25f225ae6e6
24.0,40.0,7151,test,1989.499999999996,1.0,1.0,"(1, 2)",667e6da95ae0a25f225ae6e6
24.0,40.0,7152,test,1989.499999999996,1.0,1.0,"(1, 2)",667e6da95ae0a25f225ae6e6
24.0,40.0,7153,test,1989.499999999996,1.0,1.0,"(1, 2)",667e6da95ae0a25f225ae6e6
24.0,40.0,7154,test,1989.499999999996,1.0,1.0,"(1, 2)",667e6da95ae0a25f225ae6e6
24.0,40.0,7155,test,1989.499999999996,1.0,1.0,"(1, 2)",667e6da95ae0a25f225ae6e6
24.0,40.0,7156,test,1989.499999999996,1.0,1.0,"(1, 2)",667e6da95ae0a25f225ae6e6
24.0,40.0,7157,test,1989.499999999996,1.0,1.0,"(1, 2)",667e6da95ae0a25f225ae6e6
24.0,40.0,7158,test,1989.499999999996,1.0,1.0,"(1, 2)",667e6da95ae0a25f225ae6e6
24.0,40.0,7159,test,1989.499999999996,1.0,1.0,"(1, 2)",667e6da95ae0a25f225ae6e6
24.0,40.0,7160,test,1989.499999999996,1.0,1.0,"(1, 2)",667e6da95ae0a25f225ae6e6
24.0,40.0,7161,test,1989.499999999996,1.0,1.0,"(1, 2)",667e6da95ae0a25f225ae6e6
24.0,40.0,7162,test,1989.499999999996,1.0,1.0,"(1, 2)",667e6da95ae0a25f225ae6e6
24.0,40.0,7163,test,1989.499999999996,1.0,1.0,"(1, 2)",667e6da95ae0a25f225ae6e6
24.0,40.0,7164,test,1989.499999999996,1.0,1.0,"(1, 2)",667e6da95ae0a25f225ae6e6
24.0,40.0,7165,test,1989.499999999996,1.0,1.0,"(1, 2)",667e6da95ae0a25f225ae6e6
24.0,40.0,7166,test,1989.499999999996,1.0,1.0,"(1, 2)",667e6da95ae0a25f225ae6e6
24.0,40.0,7167,test,1989.499999999996,1.0,1.0,"(1, 2)",667e6da95ae0a25f225ae6e6
24.0,40.0,7168,test,1989.499999999996,1.0,1.0,"(1, 2)",667e6da95ae0a25f225ae6e6
24.0,40.0,7169,test,1989.499999999996,1.0,1.0,"(1, 2)",667e6da95ae0a25f225ae6e6
24.0,40.0,7170,test,1989.499999999996,1.0,1.0,"(1, 2)",667e6da95ae0a25f225ae6e6
24.0,40.0,7171,test,1989.499999999996,1.0,1.0,"(1, 2)",667e6da95ae0a25f225ae6e6
24.0,40.0,7172,test,1989.499999999996,1.0,1.0,"(1, 2)",667e6da95ae0a25f225ae6e6
24.0,40.0,7173,test,1989.499999999996,1.0,1.0,"(1, 2)",667e6da95ae0a25f225ae6e6
24.0,40.0,7174,test,1989.499999999996,1.0,1.0,"(1, 2)",667e6da95ae0a25f225ae6e6
24.0,40.0,7175,test,1989.499999999996,1.0,1.0,"(1, 2)",667e6da95ae0a25f225ae6e6
24.0,40.0,7176,test,1989.499999999996,1.0,1.0,"(1, 2)",667e6da95ae0a25f225ae6e6
24.0,40.0,7177,test,1989.499999999996,1.0,1.0,"(1, 2)",667e6da95ae0a25f225ae6e6
24.0,40.0,7178,test,1989.499999999996,1.0,1.0,"(1, 2)",667e6da95ae0a25f225ae6e6
24.0,40.0,7179,test,1989.499999999996,1.0,1.0,"(1, 2)",667e6da95ae0a25f225ae6e6
24.0,40.0,7180,test,1989.499999999996,1.0,1.0,"(1, 2)",667e6da95ae0a25f225ae6e6
24.0,40.0,7181,test,1989.499999999996,1.0,1.0,"(1, 2)",667e6da95ae0a25f225ae6e6
24.0,40.0,7182,test,1989.499999999996,1.0,1.0,"(1, 2)",667e6da95ae0a25f225ae6e6
24.0,40.0,7183,test,1989.499999999996,1.0,1.0,"(1, 2)",667e6da95ae0a25f225ae6e6
24.0,40.0,7184,test,1989.499999999996,1.0,1.0,"(1, 2)",667e6da95ae0a25f225ae6e6
24.0,40.0,7185,test,1989.499999999996,1.0,1.0,"(1, 2)",667e6da95ae0a25f225ae6e6
24.0,40.0,7186,test,1989.499999999996,1.0,1.0,"(1, 2)",667e6da95ae0a25f225ae6e6
24.0,40.0,7187,test,1989.499999999996,1.0,1.0,"(1, 2)",667e6da95ae0a25f225ae6e6
24.0,40.0,7188,test,1989.499999999996,1.0,1.0,"(1, 2)",667e6da95ae0a25f225ae6e6
24.0,40.0,7189,test,1989.499999999996,1.0,1.0,"(1, 2)",667e6da95ae0a25f225ae6e6
24.0,40.0,7190,test,1989.499999999996,1.0,1.0,"(1, 2)",667e6da95ae0a25f225ae6e6
24.0,40.0,7191,test,1989.499999999996,1.0,1.0,"(1, 2)",667e6da95ae0a25f225ae6e6
24.0,40.0,7192,test,1989.499999999996,1.0,1.0,"(1, 2)",667e6da95ae0a25f225ae6e6
24.0,40.0,7193,test,1989.499999999996,1.0,1.0,"(1, 2)",667e6da95ae0a25f225ae6e6
24.0,40.0,7194,test,1989.499999999996,1.0,1.0,"(1, 2)",667e6da95ae0a25f225ae6e6
24.0,40.0,7195,test,1989.499999999996,1.0,1.0,"(1, 2)",667e6da95ae0a25f225ae6e6
24.0,40.0,7196,test,1989.499999999996,1.0,1.0,"(1, 2)",667e6da95ae0a25f225ae6e6
24.0,40.0,7197,test,1989.499999999996,1.0,1.0,"(1, 2)",667e6da95ae0a25f225ae6e6
24.0,40.0,7198,test,1989.499999999996,1.0,1.0,"(1, 2)",667e6da95ae0a25f225ae6e6
24.0,40.0,7199,test,1989.499999999996,1.0,1.0,"(1, 2)",667e6da95ae0a25f225ae6e6
24.0,40.0,7200,test,1989.499999999996,1.0,1.0,"(1, 2)",667e6da95ae0a25f225ae6e6
24.0,40.0,7201,test,1989.499999999996,1.0,1.0,"(1, 2)",667e6da95ae0a25f225ae6e6
24.0,40.0,7202,test,1989.499999999996,1.0,1.0,"(1, 2)",667e6da95ae0a25f225ae6e6
24.0,40.0,7203,test,1989.499999999996,1.0,1.0,"(1, 2)",667e6da95ae0a25f225ae6e6
24.0,40.0,7204,test,1989.499999999996,1.0,1.0,"(1, 2)",667e6da95ae0a25f225ae6e6
24.0,40.0,7205,test,1989.499999999996,1.0,1.0,"(1, 2)",667e6da95ae0a25f225ae6e6
24.0,40.0,7206,test,1989.499999999996,1.0,1.0,"(1, 2)",667e6da95ae0a25f225ae6e6
24.0,40.0,7207,test,1989.499999999996,1.0,1.0,"(1, 2)",667e6da95ae0a25f225ae6e6
24.0,40.0,7208,test,1989.499999999996,1.0,1.0,"(1, 2)",667e6da95ae0a25f225ae6e6
24.0,40.0,7209,test,1989.499999999996,1.0,1.0,"(1, 2)",667e6da95ae0a25f225ae6e6
24.0,40.0,7210,test,1989.499999999996,1.0,1.0,"(1, 2)",667e6da95ae0a25f225ae6e6
24.0,40.0,7211,test,1989.499999999996,1.0,1.0,"(1, 2)",667e6da95ae0a25f225ae6e6
24.0,40.0,7212,test,1989.499999999996,1.0,1.0,"(1, 2)",667e6da95ae0a25f225ae6e6
24.0,40.0,7213,test,1989.499999999996,1.0,1.0,"(1, 2)",667e6da95ae0a25f225ae6e6
24.0,40.0,7214,test,1989.499999999996,1.0,1.0,"(1, 2)",667e6da95ae0a25f225ae6e6
24.0,40.0,7215,test,1989.499999999996,1.0,1.0,"(1, 2)",667e6da95ae0a25f225ae6e6
24.0,40.0,7216,test,1989.499999999996,1.0,1.0,"(1, 2)",667e6da95ae0a25f225ae6e6
24.0,40.0,7217,test,1989.499999999996,1.0,1.0,"(1, 2)",667e6da95ae0a25f225ae6e6
24.0,40.0,7218,test,1989.499999999996,1.0,1.0,"(1, 2)",667e6da95ae0a25f225ae6e6
24.0,40.0,7219,test,1989.499999999996,1.0,1.0,"(1, 2)",667e6da95ae0a25f225ae6e6
24.0,40.0,7220,test,1989.499999999996,1.0,1.0,"(1, 2)",667e6da95ae0a25f225ae6e6
24.0,40.0,7221,test,1989.499999999996,1.0,1.0,"(1, 2)",667e6da95ae0a25f225ae6e6
24.0,40.0,7222,test,1989.499999999996,1.0,1.0,"(1, 2)",667e6da95ae0a25f225ae6e6
24.0,40.0,7223,test,1989.499999999996,1.0,1.0,"(1, 2)",667e6da95ae0a25f225ae6e6
24.0,40.0,7224,test,1989.499999999996,1.0,1.0,"(1, 2)",667e6da95ae0a25f225ae6e6
24.0,40.0,7225,test,1989.499999999996,1.0,1.0,"(1, 2)",667e6da95ae0a25f225ae6e6
24.0,40.0,7226,test,1989.499999999996,1.0,1.0,"(1, 2)",667e6da95ae0a25f225ae6e6
24.0,40.0,7227,test,1989.499999999996,1.0,1.0,"(1, 2)",667e6da95ae0a25f225ae6e6
24.0,40.0,7228,test,1989.499999999996,1.0,1.0,"(1, 2)",667e6da95ae0a25f225ae6e6
24.0,40.0,7229,test,1989.499999999996,1.0,1.0,"(1, 2)",667e6da95ae0a25f225ae6e6
24.0,40.0,7230,test,1989.499999999996,1.0,1.0,"(1, 2)",667e6da95ae0a25f225ae6e6
24.0,40.0,7231,test,1989.499999999996,1.0,1.0,"(1, 2)",667e6da95ae0a25f225ae6e6
24.0,40.0,7232,test,1989.499999999996,1.0,1.0,"(1, 2)",667e6da95ae0a25f225ae6e6
24.0,40.0,7233,test,1989.499999999996,1.0,1.0,"(1, 2)",667e6da95ae0a25f225ae6e6
24.0,40.0,7234,test,1989.499999999996,1.0,1.0,"(1, 2)",667e6da95ae0a25f225ae6e6
24.0,40.0,7235,test,1989.499999999996,1.0,1.0,"(1, 2)",667e6da95ae0a25f225ae6e6
24.0,41.250000000000284,7236,test,1990.7499999999961,1.0,1.0,"(1, 2)",667e6da95ae0a25f225ae6e6
24.0,42.50000000000057,7237,test,1991.9999999999964,1.0,1.0,"(1, 2)",667e6da95ae0a25f225ae6e6
24.0,43.75000000000085,7238,test,1993.2499999999966,1.0,1.0,"(1, 2)",667e6da95ae0a25f225ae6e6
24.0,45.00000000000114,7239,test,1994.4999999999968,1.0,1.0,"(1, 2)",667e6da95ae0a25f225ae6e6
24.0,46.25000000000142,7240,test,1995.749999999997,1.0,1.0,"(1, 2)",667e6da95ae0a25f225ae6e6
24.0,47.500000000001705,7241,test,1996.9999999999973,1.0,1.0,"(1, 2)",667e6da95ae0a25f225ae6e6
24.0,48.75000000000199,7242,test,1998.2499999999975,1.0,1.0,"(1, 2)",667e6da95ae0a25f225ae6e6
24.0,50.000000000002274,7243,test,1999.4999999999977,1.0,1.0,"(1, 2)",667e6da95ae0a25f225ae6e6
24.0,51.25000000000256,7244,test,2000.749999999998,1.0,1.0,"(1, 2)",667e6da95ae0a25f225ae6e6
24.0,52.50000000000284,7245,test,2001.9999999999982,1.0,1.0,"(1, 2)",667e6da95ae0a25f225ae6e6
24.0,53.750000000003126,7246,test,2003.2499999999984,1.0,1.0,"(1, 2)",667e6da95ae0a25f225ae6e6
24.0,55.00000000000341,7247,test,2004.4999999999986,1.0,1.0,"(1, 2)",667e6da95ae0a25f225ae6e6
24.0,56.250000000003695,7248,test,2005.7499999999989,1.0,1.0,"(1, 2)",667e6da95ae0a25f225ae6e6
24.0,57.50000000000398,7249,test,2006.999999999999,1.0,1.0,"(1, 2)",667e6da95ae0a25f225ae6e6
24.0,58.75000000000426,7250,test,2008.2499999999993,1.0,1.0,"(1, 2)",667e6da95ae0a25f225ae6e6
24.0,60.00000000000455,7251,test,2009.4999999999995,1.0,1.0,"(1, 2)",667e6da95ae0a25f225ae6e6
24.0,61.25000000000483,7252,test,2010.7499999999998,1.0,1.0,"(1, 2)",667e6da95ae0a25f225ae6e6
24.0,62.500000000005116,7253,test,2012.0,1.0,1.0,"(1, 2)",667e6da95ae0a25f225ae6e6
24.0,63.7500000000054,7254,test,2013.2500000000002,1.0,1.0,"(1, 2)",667e6da95ae0a25f225ae6e6
24.0,65.00000000000568,7255,test,2014.5000000000005,1.0,1.0,"(1, 2)",667e6da95ae0a25f225ae6e6
24.0,66.25000000000597,7256,test,2015.7500000000007,1.0,1.0,"(1, 2)",667e6da95ae0a25f225ae6e6
24.0,67.50000000000625,7257,test,2017.000000000001,1.0,1.0,"(1, 2)",667e6da95ae0a25f225ae6e6
24.0,68.75000000000654,7258,test,2018.2500000000011,1.0,1.0,"(1, 2)",667e6da95ae0a25f225ae6e6
24.0,70.00000000000682,7259,test,2019.5000000000014,1.0,1.0,"(1, 2)",667e6da95ae0a25f225ae6e6
24.0,71.2500000000071,7260,test,2020.7500000000016,1.0,1.0,"(1, 2)",667e6da95ae0a25f225ae6e6
24.0,72.0,7261,test,2021.4999999999945,1.0,1.0,"(1, 2)",667e6da95ae0a25f225ae6e6
24.0,72.0,7262,test,2021.4999999999945,1.0,1.0,"(1, 2)",667e6da95ae0a25f225ae6e6
24.0,72.0,7263,test,2021.4999999999945,1.0,1.0,"(1, 2)",667e6da95ae0a25f225ae6e6
24.0,72.0,7264,test,2021.4999999999945,1.0,1.0,"(1, 2)",667e6da95ae0a25f225ae6e6
24.0,72.0,7265,test,2021.4999999999945,1.0,1.0,"(1, 2)",667e6da95ae0a25f225ae6e6
24.0,72.0,7266,test,2021.4999999999945,1.0,1.0,"(1, 2)",667e6da95ae0a25f225ae6e6
24.0,72.0,7267,test,2021.4999999999945,1.0,1.0,"(1, 2)",667e6da95ae0a25f225ae6e6
24.0,72.0,7268,test,2021.4999999999945,1.0,1.0,"(1, 2)",667e6da95ae0a25f225ae6e6
24.0,72.0,7269,test,2021.4999999999945,1.0,1.0,"(1, 2)",667e6da95ae0a25f225ae6e6
24.0,72.0,7270,test,2021.4999999999945,1.0,1.0,"(1, 2)",667e6da95ae0a25f225ae6e6
24.0,72.0,7271,test,2021.4999999999945,1.0,1.0,"(1, 2)",667e6da95ae0a25f225ae6e6
24.0,72.0,7272,test,2021.4999999999945,1.0,1.0,"(1, 2)",667e6da95ae0a25f225ae6e6
24.0,72.0,7273,test,2021.4999999999945,1.0,1.0,"(1, 2)",667e6da95ae0a25f225ae6e6
24.0,72.0,7274,test,2021.4999999999945,1.0,1.0,"(1, 2)",667e6da95ae0a25f225ae6e6
24.0,72.0,7275,test,2021.4999999999945,1.0,1.0,"(1, 2)",667e6da95ae0a25f225ae6e6
24.0,72.0,7276,test,2021.4999999999945,1.0,1.0,"(1, 2)",667e6da95ae0a25f225ae6e6
24.0,72.0,7277,test,2021.4999999999945,1.0,1.0,"(1, 2)",667e6da95ae0a25f225ae6e6
24.0,72.0,7278,test,2021.4999999999945,1.0,1.0,"(1, 2)",667e6da95ae0a25f225ae6e6
24.0,72.0,7279,test,2021.4999999999945,1.0,1.0,"(1, 2)",667e6da95ae0a25f225ae6e6
24.0,72.0,7280,test,2021.4999999999945,1.0,1.0,"(1, 2)",667e6da95ae0a25f225ae6e6
24.0,72.0,7281,test,2021.4999999999945,1.0,1.0,"(1, 2)",667e6da95ae0a25f225ae6e6
24.0,72.0,7282,test,2021.4999999999945,1.0,1.0,"(1, 2)",667e6da95ae0a25f225ae6e6
24.0,72.0,7283,test,2021.4999999999945,1.0,1.0,"(1, 2)",667e6da95ae0a25f225ae6e6
24.0,72.0,7284,test,2021.4999999999945,1.0,1.0,"(1, 2)",667e6da95ae0a25f225ae6e6
24.0,72.0,7285,test,2021.4999999999945,1.0,1.0,"(1, 2)",667e6da95ae0a25f225ae6e6
24.0,72.0,7286,test,2021.4999999999945,1.0,1.0,"(1, 2)",667e6da95ae0a25f225ae6e6
24.0,72.0,7287,test,2021.4999999999945,1.0,1.0,"(1, 2)",667e6da95ae0a25f225ae6e6
24.0,72.0,7288,test,2021.4999999999945,1.0,1.0,"(1, 2)",667e6da95ae0a25f225ae6e6
24.0,72.0,7289,test,2021.4999999999945,1.0,1.0,"(1, 2)",667e6da95ae0a25f225ae6e6
24.0,72.0,7290,test,2021.4999999999945,1.0,1.0,"(1, 2)",667e6da95ae0a25f225ae6e6
24.0,72.0,7291,test,2021.4999999999945,1.0,1.0,"(1, 2)",667e6da95ae0a25f225ae6e6
24.0,72.0,7292,test,2021.4999999999945,1.0,1.0,"(1, 2)",667e6da95ae0a25f225ae6e6
24.0,72.0,7293,test,2021.4999999999945,1.0,1.0,"(1, 2)",667e6da95ae0a25f225ae6e6
24.0,72.0,7294,test,2021.4999999999945,1.0,1.0,"(1, 2)",667e6da95ae0a25f225ae6e6
24.0,72.0,7295,test,2021.4999999999945,1.0,1.0,"(1, 2)",667e6da95ae0a25f225ae6e6
24.0,72.0,7296,test,2021.4999999999945,1.0,1.0,"(1, 2)",667e6da95ae0a25f225ae6e6
24.0,72.0,7297,test,2021.4999999999945,1.0,1.0,"(1, 2)",667e6da95ae0a25f225ae6e6
24.0,72.0,7298,test,2021.4999999999945,1.0,1.0,"(1, 2)",667e6da95ae0a25f225ae6e6
24.0,70.74999999999972,7299,test,2022.7499999999948,1.0,1.0,"(1, 2)",667e6da95ae0a25f225ae6e6
24.0,69.49999999999943,7300,test,2023.999999999995,1.0,1.0,"(1, 2)",667e6da95ae0a25f225ae6e6
24.0,68.24999999999915,7301,test,2025.2499999999952,1.0,1.0,"(1, 2)",667e6da95ae0a25f225ae6e6
24.0,66.99999999999886,7302,test,2026.4999999999955,1.0,1.0,"(1, 2)",667e6da95ae0a25f225ae6e6
24.0,65.74999999999858,7303,test,2027.7499999999957,1.0,1.0,"(1, 2)",667e6da95ae0a25f225ae6e6
24.0,64.4999999999983,7304,test,2028.999999999996,1.0,1.0,"(1, 2)",667e6da95ae0a25f225ae6e6
24.0,63.24999999999801,7305,test,2030.2499999999961,1.0,1.0,"(1, 2)",667e6da95ae0a25f225ae6e6
24.0,61.999999999997726,7306,test,2031.4999999999964,1.0,1.0,"(1, 2)",667e6da95ae0a25f225ae6e6
24.0,60.74999999999744,7307,test,2032.7499999999966,1.0,1.0,"(1, 2)",667e6da95ae0a25f225ae6e6
24.0,59.49999999999716,7308,test,2033.9999999999968,1.0,1.0,"(1, 2)",667e6da95ae0a25f225ae6e6
24.0,58.249999999996874,7309,test,2035.249999999997,1.0,1.0,"(1, 2)",667e6da95ae0a25f225ae6e6
24.0,56.99999999999659,7310,test,2036.4999999999973,1.0,1.0,"(1, 2)",667e6da95ae0a25f225ae6e6
24.0,56.0,7311,test,2037.4999999999939,1.0,1.0,"(1, 2)",667e6da95ae0a25f225ae6e6
24.0,56.0,7312,test,2037.4999999999939,1.0,1.0,"(1, 2)",667e6da95ae0a25f225ae6e6
24.0,56.0,7313,test,2037.4999999999939,1.0,1.0,"(1, 2)",667e6da95ae0a25f225ae6e6
24.0,56.0,7314,test,2037.4999999999939,1.0,1.0,"(1, 2)",667e6da95ae0a25f225ae6e6
24.0,56.0,7315,test,2037.4999999999939,1.0,1.0,"(1, 2)",667e6da95ae0a25f225ae6e6
24.0,56.0,7316,test,2037.4999999999939,1.0,1.0,"(1, 2)",667e6da95ae0a25f225ae6e6
24.0,56.0,7317,test,2037.4999999999939,1.0,1.0,"(1, 2)",667e6da95ae0a25f225ae6e6
24.0,56.0,7318,test,2037.4999999999939,1.0,1.0,"(1, 2)",667e6da95ae0a25f225ae6e6
24.0,56.0,7319,test,2037.4999999999939,1.0,1.0,"(1, 2)",667e6da95ae0a25f225ae6e6
24.0,56.0,7320,test,2037.4999999999939,1.0,1.0,"(1, 2)",667e6da95ae0a25f225ae6e6
