x,y,tick,phase,distance_walked,walking_speed,cutting_speed,start_pos,prolific_id
88.0,40.0,1,train,0.0,1.0,1.0,"(5, 2)",66a92e2b14da1ebeb591920c
88.0,40.0,2,train,0.0,1.0,1.0,"(5, 2)",66a92e2b14da1ebeb591920c
88.0,40.0,3,train,0.0,1.0,1.0,"(5, 2)",66a92e2b14da1ebeb591920c
88.0,40.0,4,train,0.0,1.0,1.0,"(5, 2)",66a92e2b14da1ebeb591920c
88.0,40.0,5,train,0.0,1.0,1.0,"(5, 2)",66a92e2b14da1ebeb591920c
88.0,40.0,6,train,0.0,1.0,1.0,"(5, 2)",66a92e2b14da1ebeb591920c
88.0,40.0,7,train,0.0,1.0,1.0,"(5, 2)",66a92e2b14da1ebeb591920c
88.0,40.0,8,train,0.0,1.0,1.0,"(5, 2)",66a92e2b14da1ebeb591920c
88.0,40.0,9,train,0.0,1.0,1.0,"(5, 2)",66a92e2b14da1ebeb591920c
88.0,40.0,10,train,0.0,1.0,1.0,"(5, 2)",66a92e2b14da1ebeb591920c
88.0,40.0,11,train,0.0,1.0,1.0,"(5, 2)",66a92e2b14da1ebeb591920c
88.0,40.0,12,train,0.0,1.0,1.0,"(5, 2)",66a92e2b14da1ebeb591920c
88.0,40.0,13,train,0.0,1.0,1.0,"(5, 2)",66a92e2b14da1ebeb591920c
88.0,40.0,14,train,0.0,1.0,1.0,"(5, 2)",66a92e2b14da1ebeb591920c
88.0,40.0,15,train,0.0,1.0,1.0,"(5, 2)",66a92e2b14da1ebeb591920c
88.0,40.0,16,train,0.0,1.0,1.0,"(5, 2)",66a92e2b14da1ebeb591920c
88.0,40.0,17,train,0.0,1.0,1.0,"(5, 2)",66a92e2b14da1ebeb591920c
88.0,40.0,18,train,0.0,1.0,1.0,"(5, 2)",66a92e2b14da1ebeb591920c
88.0,40.0,19,train,0.0,1.0,1.0,"(5, 2)",66a92e2b14da1ebeb591920c
88.0,40.0,20,train,0.0,1.0,1.0,"(5, 2)",66a92e2b14da1ebeb591920c
88.0,40.0,21,train,0.0,1.0,1.0,"(5, 2)",66a92e2b14da1ebeb591920c
88.0,40.0,22,train,0.0,1.0,1.0,"(5, 2)",66a92e2b14da1ebeb591920c
88.0,40.0,23,train,0.0,1.0,1.0,"(5, 2)",66a92e2b14da1ebeb591920c
88.0,40.0,24,train,0.0,1.0,1.0,"(5, 2)",66a92e2b14da1ebeb591920c
88.0,40.0,25,train,0.0,1.0,1.0,"(5, 2)",66a92e2b14da1ebeb591920c
88.0,40.0,26,train,0.0,1.0,1.0,"(5, 2)",66a92e2b14da1ebeb591920c
88.0,40.0,27,train,0.0,1.0,1.0,"(5, 2)",66a92e2b14da1ebeb591920c
88.0,40.0,28,train,0.0,1.0,1.0,"(5, 2)",66a92e2b14da1ebeb591920c
88.0,40.0,29,train,0.0,1.0,1.0,"(5, 2)",66a92e2b14da1ebeb591920c
88.0,40.0,30,train,0.0,1.0,1.0,"(5, 2)",66a92e2b14da1ebeb591920c
88.0,40.0,31,train,0.0,1.0,1.0,"(5, 2)",66a92e2b14da1ebeb591920c
88.0,40.0,32,train,0.0,1.0,1.0,"(5, 2)",66a92e2b14da1ebeb591920c
88.0,40.0,33,train,0.0,1.0,1.0,"(5, 2)",66a92e2b14da1ebeb591920c
88.0,40.0,34,train,0.0,1.0,1.0,"(5, 2)",66a92e2b14da1ebeb591920c
88.0,40.0,35,train,0.0,1.0,1.0,"(5, 2)",66a92e2b14da1ebeb591920c
88.0,40.0,36,train,0.0,1.0,1.0,"(5, 2)",66a92e2b14da1ebeb591920c
88.0,40.0,37,train,0.0,1.0,1.0,"(5, 2)",66a92e2b14da1ebeb591920c
88.0,40.0,38,train,0.0,1.0,1.0,"(5, 2)",66a92e2b14da1ebeb591920c
88.0,40.0,39,train,0.0,1.0,1.0,"(5, 2)",66a92e2b14da1ebeb591920c
88.0,40.0,40,train,0.0,1.0,1.0,"(5, 2)",66a92e2b14da1ebeb591920c
88.0,40.0,41,train,0.0,1.0,1.0,"(5, 2)",66a92e2b14da1ebeb591920c
88.0,40.0,42,train,0.0,1.0,1.0,"(5, 2)",66a92e2b14da1ebeb591920c
88.0,40.0,43,train,0.0,1.0,1.0,"(5, 2)",66a92e2b14da1ebeb591920c
88.0,40.0,44,train,0.0,1.0,1.0,"(5, 2)",66a92e2b14da1ebeb591920c
88.0,40.0,45,train,0.0,1.0,1.0,"(5, 2)",66a92e2b14da1ebeb591920c
88.0,40.0,46,train,0.0,1.0,1.0,"(5, 2)",66a92e2b14da1ebeb591920c
88.0,40.0,47,train,0.0,1.0,1.0,"(5, 2)",66a92e2b14da1ebeb591920c
88.0,40.0,48,train,0.0,1.0,1.0,"(5, 2)",66a92e2b14da1ebeb591920c
88.0,40.0,49,train,0.0,1.0,1.0,"(5, 2)",66a92e2b14da1ebeb591920c
88.0,40.0,50,train,0.0,1.0,1.0,"(5, 2)",66a92e2b14da1ebeb591920c
88.0,40.0,51,train,0.0,1.0,1.0,"(5, 2)",66a92e2b14da1ebeb591920c
88.0,40.0,52,train,0.0,1.0,1.0,"(5, 2)",66a92e2b14da1ebeb591920c
88.0,40.0,53,train,0.0,1.0,1.0,"(5, 2)",66a92e2b14da1ebeb591920c
88.0,40.0,54,train,0.0,1.0,1.0,"(5, 2)",66a92e2b14da1ebeb591920c
88.0,40.0,55,train,0.0,1.0,1.0,"(5, 2)",66a92e2b14da1ebeb591920c
88.0,40.0,56,train,0.0,1.0,1.0,"(5, 2)",66a92e2b14da1ebeb591920c
88.0,40.0,57,train,0.0,1.0,1.0,"(5, 2)",66a92e2b14da1ebeb591920c
88.0,40.0,58,train,0.0,1.0,1.0,"(5, 2)",66a92e2b14da1ebeb591920c
88.0,40.0,59,train,0.0,1.0,1.0,"(5, 2)",66a92e2b14da1ebeb591920c
88.0,40.0,60,train,0.0,1.0,1.0,"(5, 2)",66a92e2b14da1ebeb591920c
88.0,40.0,61,train,0.0,1.0,1.0,"(5, 2)",66a92e2b14da1ebeb591920c
88.0,40.0,62,train,0.0,1.0,1.0,"(5, 2)",66a92e2b14da1ebeb591920c
88.0,40.0,63,train,0.0,1.0,1.0,"(5, 2)",66a92e2b14da1ebeb591920c
88.0,40.0,64,train,0.0,1.0,1.0,"(5, 2)",66a92e2b14da1ebeb591920c
88.0,40.0,65,train,0.0,1.0,1.0,"(5, 2)",66a92e2b14da1ebeb591920c
88.0,40.0,66,train,0.0,1.0,1.0,"(5, 2)",66a92e2b14da1ebeb591920c
88.0,40.0,67,train,0.0,1.0,1.0,"(5, 2)",66a92e2b14da1ebeb591920c
88.0,40.0,68,train,0.0,1.0,1.0,"(5, 2)",66a92e2b14da1ebeb591920c
88.0,40.0,69,train,0.0,1.0,1.0,"(5, 2)",66a92e2b14da1ebeb591920c
88.0,40.0,70,train,0.0,1.0,1.0,"(5, 2)",66a92e2b14da1ebeb591920c
88.0,40.0,71,train,0.0,1.0,1.0,"(5, 2)",66a92e2b14da1ebeb591920c
88.0,40.0,72,train,0.0,1.0,1.0,"(5, 2)",66a92e2b14da1ebeb591920c
88.0,40.0,73,train,0.0,1.0,1.0,"(5, 2)",66a92e2b14da1ebeb591920c
88.0,40.0,74,train,0.0,1.0,1.0,"(5, 2)",66a92e2b14da1ebeb591920c
88.0,40.0,75,train,0.0,1.0,1.0,"(5, 2)",66a92e2b14da1ebeb591920c
88.0,40.0,76,train,0.0,1.0,1.0,"(5, 2)",66a92e2b14da1ebeb591920c
88.0,40.0,77,train,0.0,1.0,1.0,"(5, 2)",66a92e2b14da1ebeb591920c
88.0,40.0,78,train,0.0,1.0,1.0,"(5, 2)",66a92e2b14da1ebeb591920c
88.0,40.0,79,train,0.0,1.0,1.0,"(5, 2)",66a92e2b14da1ebeb591920c
88.0,40.0,80,train,0.0,1.0,1.0,"(5, 2)",66a92e2b14da1ebeb591920c
88.0,40.0,81,train,0.0,1.0,1.0,"(5, 2)",66a92e2b14da1ebeb591920c
88.0,40.0,82,train,0.0,1.0,1.0,"(5, 2)",66a92e2b14da1ebeb591920c
88.0,40.0,83,train,0.0,1.0,1.0,"(5, 2)",66a92e2b14da1ebeb591920c
88.0,40.0,84,train,0.0,1.0,1.0,"(5, 2)",66a92e2b14da1ebeb591920c
88.0,40.0,85,train,0.0,1.0,1.0,"(5, 2)",66a92e2b14da1ebeb591920c
88.0,40.0,86,train,0.0,1.0,1.0,"(5, 2)",66a92e2b14da1ebeb591920c
88.0,40.0,87,train,0.0,1.0,1.0,"(5, 2)",66a92e2b14da1ebeb591920c
88.0,40.0,88,train,0.0,1.0,1.0,"(5, 2)",66a92e2b14da1ebeb591920c
88.0,40.0,89,train,0.0,1.0,1.0,"(5, 2)",66a92e2b14da1ebeb591920c
88.0,40.0,90,train,0.0,1.0,1.0,"(5, 2)",66a92e2b14da1ebeb591920c
88.0,40.0,91,train,0.0,1.0,1.0,"(5, 2)",66a92e2b14da1ebeb591920c
88.0,40.0,92,train,0.0,1.0,1.0,"(5, 2)",66a92e2b14da1ebeb591920c
88.0,40.0,93,train,0.0,1.0,1.0,"(5, 2)",66a92e2b14da1ebeb591920c
88.0,40.0,94,train,0.0,1.0,1.0,"(5, 2)",66a92e2b14da1ebeb591920c
88.0,40.0,95,train,0.0,1.0,1.0,"(5, 2)",66a92e2b14da1ebeb591920c
88.0,40.0,96,train,0.0,1.0,1.0,"(5, 2)",66a92e2b14da1ebeb591920c
88.0,40.0,97,train,0.0,1.0,1.0,"(5, 2)",66a92e2b14da1ebeb591920c
88.0,40.0,98,train,0.0,1.0,1.0,"(5, 2)",66a92e2b14da1ebeb591920c
88.0,40.0,99,train,0.0,1.0,1.0,"(5, 2)",66a92e2b14da1ebeb591920c
88.0,40.0,100,train,0.0,1.0,1.0,"(5, 2)",66a92e2b14da1ebeb591920c
88.0,40.0,101,train,0.0,1.0,1.0,"(5, 2)",66a92e2b14da1ebeb591920c
88.0,40.0,102,train,0.0,1.0,1.0,"(5, 2)",66a92e2b14da1ebeb591920c
88.0,40.0,103,train,0.0,1.0,1.0,"(5, 2)",66a92e2b14da1ebeb591920c
88.0,40.0,104,train,0.0,1.0,1.0,"(5, 2)",66a92e2b14da1ebeb591920c
88.0,40.0,105,train,0.0,1.0,1.0,"(5, 2)",66a92e2b14da1ebeb591920c
88.0,40.0,106,train,0.0,1.0,1.0,"(5, 2)",66a92e2b14da1ebeb591920c
88.0,40.0,107,train,0.0,1.0,1.0,"(5, 2)",66a92e2b14da1ebeb591920c
88.0,40.0,108,train,0.0,1.0,1.0,"(5, 2)",66a92e2b14da1ebeb591920c
88.0,40.0,109,train,0.0,1.0,1.0,"(5, 2)",66a92e2b14da1ebeb591920c
88.0,40.0,110,train,0.0,1.0,1.0,"(5, 2)",66a92e2b14da1ebeb591920c
88.0,40.0,111,train,0.0,1.0,1.0,"(5, 2)",66a92e2b14da1ebeb591920c
88.0,40.0,112,train,0.0,1.0,1.0,"(5, 2)",66a92e2b14da1ebeb591920c
88.0,40.0,113,train,0.0,1.0,1.0,"(5, 2)",66a92e2b14da1ebeb591920c
88.0,40.0,114,train,0.0,1.0,1.0,"(5, 2)",66a92e2b14da1ebeb591920c
88.0,40.0,115,train,0.0,1.0,1.0,"(5, 2)",66a92e2b14da1ebeb591920c
88.0,40.0,116,train,0.0,1.0,1.0,"(5, 2)",66a92e2b14da1ebeb591920c
88.0,40.0,117,train,0.0,1.0,1.0,"(5, 2)",66a92e2b14da1ebeb591920c
88.0,40.0,118,train,0.0,1.0,1.0,"(5, 2)",66a92e2b14da1ebeb591920c
88.0,40.0,119,train,0.0,1.0,1.0,"(5, 2)",66a92e2b14da1ebeb591920c
88.0,40.0,120,train,0.0,1.0,1.0,"(5, 2)",66a92e2b14da1ebeb591920c
88.0,40.0,121,train,0.0,1.0,1.0,"(5, 2)",66a92e2b14da1ebeb591920c
88.0,40.0,122,train,0.0,1.0,1.0,"(5, 2)",66a92e2b14da1ebeb591920c
88.0,40.0,123,train,0.0,1.0,1.0,"(5, 2)",66a92e2b14da1ebeb591920c
88.0,40.0,124,train,0.0,1.0,1.0,"(5, 2)",66a92e2b14da1ebeb591920c
88.0,40.0,125,train,0.0,1.0,1.0,"(5, 2)",66a92e2b14da1ebeb591920c
88.0,40.0,126,train,0.0,1.0,1.0,"(5, 2)",66a92e2b14da1ebeb591920c
88.0,40.0,127,train,0.0,1.0,1.0,"(5, 2)",66a92e2b14da1ebeb591920c
88.0,40.0,128,train,0.0,1.0,1.0,"(5, 2)",66a92e2b14da1ebeb591920c
88.0,40.0,129,train,0.0,1.0,1.0,"(5, 2)",66a92e2b14da1ebeb591920c
88.0,40.0,130,train,0.0,1.0,1.0,"(5, 2)",66a92e2b14da1ebeb591920c
88.0,40.0,131,train,0.0,1.0,1.0,"(5, 2)",66a92e2b14da1ebeb591920c
88.0,40.0,132,train,0.0,1.0,1.0,"(5, 2)",66a92e2b14da1ebeb591920c
88.0,40.0,133,train,0.0,1.0,1.0,"(5, 2)",66a92e2b14da1ebeb591920c
88.0,40.0,134,train,0.0,1.0,1.0,"(5, 2)",66a92e2b14da1ebeb591920c
88.0,40.0,135,train,0.0,1.0,1.0,"(5, 2)",66a92e2b14da1ebeb591920c
88.0,40.0,136,train,0.0,1.0,1.0,"(5, 2)",66a92e2b14da1ebeb591920c
88.0,40.0,137,train,0.0,1.0,1.0,"(5, 2)",66a92e2b14da1ebeb591920c
88.0,40.0,138,train,0.0,1.0,1.0,"(5, 2)",66a92e2b14da1ebeb591920c
88.0,40.0,139,train,0.0,1.0,1.0,"(5, 2)",66a92e2b14da1ebeb591920c
88.0,40.0,140,train,0.0,1.0,1.0,"(5, 2)",66a92e2b14da1ebeb591920c
88.0,40.0,141,train,0.0,1.0,1.0,"(5, 2)",66a92e2b14da1ebeb591920c
88.0,40.0,142,train,0.0,1.0,1.0,"(5, 2)",66a92e2b14da1ebeb591920c
88.0,40.0,143,train,0.0,1.0,1.0,"(5, 2)",66a92e2b14da1ebeb591920c
88.0,40.0,144,train,0.0,1.0,1.0,"(5, 2)",66a92e2b14da1ebeb591920c
88.0,40.0,145,train,0.0,1.0,1.0,"(5, 2)",66a92e2b14da1ebeb591920c
88.0,40.0,146,train,0.0,1.0,1.0,"(5, 2)",66a92e2b14da1ebeb591920c
88.0,40.0,147,train,0.0,1.0,1.0,"(5, 2)",66a92e2b14da1ebeb591920c
88.0,40.0,148,train,0.0,1.0,1.0,"(5, 2)",66a92e2b14da1ebeb591920c
88.0,40.0,149,train,0.0,1.0,1.0,"(5, 2)",66a92e2b14da1ebeb591920c
88.0,40.0,150,train,0.0,1.0,1.0,"(5, 2)",66a92e2b14da1ebeb591920c
88.0,40.0,151,train,0.0,1.0,1.0,"(5, 2)",66a92e2b14da1ebeb591920c
88.0,40.0,152,train,0.0,1.0,1.0,"(5, 2)",66a92e2b14da1ebeb591920c
88.0,40.0,153,train,0.0,1.0,1.0,"(5, 2)",66a92e2b14da1ebeb591920c
88.0,40.0,154,train,0.0,1.0,1.0,"(5, 2)",66a92e2b14da1ebeb591920c
88.0,40.0,155,train,0.0,1.0,1.0,"(5, 2)",66a92e2b14da1ebeb591920c
88.0,40.0,156,train,0.0,1.0,1.0,"(5, 2)",66a92e2b14da1ebeb591920c
88.0,40.0,157,train,0.0,1.0,1.0,"(5, 2)",66a92e2b14da1ebeb591920c
88.0,40.0,158,train,0.0,1.0,1.0,"(5, 2)",66a92e2b14da1ebeb591920c
88.0,40.0,159,train,0.0,1.0,1.0,"(5, 2)",66a92e2b14da1ebeb591920c
88.0,40.0,160,train,0.0,1.0,1.0,"(5, 2)",66a92e2b14da1ebeb591920c
88.0,40.0,161,train,0.0,1.0,1.0,"(5, 2)",66a92e2b14da1ebeb591920c
88.0,40.0,162,train,0.0,1.0,1.0,"(5, 2)",66a92e2b14da1ebeb591920c
88.0,40.0,163,train,0.0,1.0,1.0,"(5, 2)",66a92e2b14da1ebeb591920c
88.0,40.0,164,train,0.0,1.0,1.0,"(5, 2)",66a92e2b14da1ebeb591920c
88.0,40.0,165,train,0.0,1.0,1.0,"(5, 2)",66a92e2b14da1ebeb591920c
88.0,40.0,166,train,0.0,1.0,1.0,"(5, 2)",66a92e2b14da1ebeb591920c
88.0,40.0,167,train,0.0,1.0,1.0,"(5, 2)",66a92e2b14da1ebeb591920c
88.0,40.0,168,train,0.0,1.0,1.0,"(5, 2)",66a92e2b14da1ebeb591920c
88.0,40.0,169,train,0.0,1.0,1.0,"(5, 2)",66a92e2b14da1ebeb591920c
88.0,40.0,170,train,0.0,1.0,1.0,"(5, 2)",66a92e2b14da1ebeb591920c
88.0,40.0,171,train,0.0,1.0,1.0,"(5, 2)",66a92e2b14da1ebeb591920c
88.0,40.0,172,train,0.0,1.0,1.0,"(5, 2)",66a92e2b14da1ebeb591920c
88.0,40.0,173,train,0.0,1.0,1.0,"(5, 2)",66a92e2b14da1ebeb591920c
88.0,40.0,174,train,0.0,1.0,1.0,"(5, 2)",66a92e2b14da1ebeb591920c
88.0,40.0,175,train,0.0,1.0,1.0,"(5, 2)",66a92e2b14da1ebeb591920c
88.0,40.0,176,train,0.0,1.0,1.0,"(5, 2)",66a92e2b14da1ebeb591920c
88.0,40.0,177,train,0.0,1.0,1.0,"(5, 2)",66a92e2b14da1ebeb591920c
88.0,40.0,178,train,0.0,1.0,1.0,"(5, 2)",66a92e2b14da1ebeb591920c
88.0,40.0,179,train,0.0,1.0,1.0,"(5, 2)",66a92e2b14da1ebeb591920c
88.0,40.0,180,train,0.0,1.0,1.0,"(5, 2)",66a92e2b14da1ebeb591920c
88.0,40.0,181,train,0.0,1.0,1.0,"(5, 2)",66a92e2b14da1ebeb591920c
88.0,40.0,182,train,0.0,1.0,1.0,"(5, 2)",66a92e2b14da1ebeb591920c
88.0,40.0,183,train,0.0,1.0,1.0,"(5, 2)",66a92e2b14da1ebeb591920c
88.0,40.0,184,train,0.0,1.0,1.0,"(5, 2)",66a92e2b14da1ebeb591920c
88.0,40.0,185,train,0.0,1.0,1.0,"(5, 2)",66a92e2b14da1ebeb591920c
88.0,40.0,186,train,0.0,1.0,1.0,"(5, 2)",66a92e2b14da1ebeb591920c
88.0,40.0,187,train,0.0,1.0,1.0,"(5, 2)",66a92e2b14da1ebeb591920c
88.0,40.0,188,train,0.0,1.0,1.0,"(5, 2)",66a92e2b14da1ebeb591920c
88.0,40.0,189,train,0.0,1.0,1.0,"(5, 2)",66a92e2b14da1ebeb591920c
88.0,40.0,190,train,0.0,1.0,1.0,"(5, 2)",66a92e2b14da1ebeb591920c
88.0,40.0,191,train,0.0,1.0,1.0,"(5, 2)",66a92e2b14da1ebeb591920c
88.0,40.0,192,train,0.0,1.0,1.0,"(5, 2)",66a92e2b14da1ebeb591920c
88.0,40.0,193,train,0.0,1.0,1.0,"(5, 2)",66a92e2b14da1ebeb591920c
88.0,40.0,194,train,0.0,1.0,1.0,"(5, 2)",66a92e2b14da1ebeb591920c
88.0,40.0,195,train,0.0,1.0,1.0,"(5, 2)",66a92e2b14da1ebeb591920c
88.0,40.0,196,train,0.0,1.0,1.0,"(5, 2)",66a92e2b14da1ebeb591920c
88.0,40.0,197,train,0.0,1.0,1.0,"(5, 2)",66a92e2b14da1ebeb591920c
88.0,40.0,198,train,0.0,1.0,1.0,"(5, 2)",66a92e2b14da1ebeb591920c
88.0,40.0,199,train,0.0,1.0,1.0,"(5, 2)",66a92e2b14da1ebeb591920c
88.0,40.0,200,train,0.0,1.0,1.0,"(5, 2)",66a92e2b14da1ebeb591920c
88.0,40.0,201,train,0.0,1.0,1.0,"(5, 2)",66a92e2b14da1ebeb591920c
88.0,40.0,202,train,0.0,1.0,1.0,"(5, 2)",66a92e2b14da1ebeb591920c
88.0,40.0,203,train,0.0,1.0,1.0,"(5, 2)",66a92e2b14da1ebeb591920c
88.0,40.0,204,train,0.0,1.0,1.0,"(5, 2)",66a92e2b14da1ebeb591920c
88.0,40.0,205,train,0.0,1.0,1.0,"(5, 2)",66a92e2b14da1ebeb591920c
88.0,40.0,206,train,0.0,1.0,1.0,"(5, 2)",66a92e2b14da1ebeb591920c
88.0,40.0,207,train,0.0,1.0,1.0,"(5, 2)",66a92e2b14da1ebeb591920c
88.0,40.0,208,train,0.0,1.0,1.0,"(5, 2)",66a92e2b14da1ebeb591920c
88.0,40.0,209,train,0.0,1.0,1.0,"(5, 2)",66a92e2b14da1ebeb591920c
88.0,40.0,210,train,0.0,1.0,1.0,"(5, 2)",66a92e2b14da1ebeb591920c
88.0,40.0,211,train,0.0,1.0,1.0,"(5, 2)",66a92e2b14da1ebeb591920c
88.0,40.0,212,train,0.0,1.0,1.0,"(5, 2)",66a92e2b14da1ebeb591920c
88.0,40.0,213,train,0.0,1.0,1.0,"(5, 2)",66a92e2b14da1ebeb591920c
88.0,40.0,214,train,0.0,1.0,1.0,"(5, 2)",66a92e2b14da1ebeb591920c
88.0,40.0,215,train,0.0,1.0,1.0,"(5, 2)",66a92e2b14da1ebeb591920c
88.0,40.0,216,train,0.0,1.0,1.0,"(5, 2)",66a92e2b14da1ebeb591920c
88.0,40.0,217,train,0.0,1.0,1.0,"(5, 2)",66a92e2b14da1ebeb591920c
88.0,40.0,218,train,0.0,1.0,1.0,"(5, 2)",66a92e2b14da1ebeb591920c
88.0,40.0,219,train,0.0,1.0,1.0,"(5, 2)",66a92e2b14da1ebeb591920c
88.0,40.0,220,train,0.0,1.0,1.0,"(5, 2)",66a92e2b14da1ebeb591920c
88.0,40.0,221,train,0.0,1.0,1.0,"(5, 2)",66a92e2b14da1ebeb591920c
88.0,40.0,222,train,0.0,1.0,1.0,"(5, 2)",66a92e2b14da1ebeb591920c
88.0,40.0,223,train,0.0,1.0,1.0,"(5, 2)",66a92e2b14da1ebeb591920c
88.0,40.0,224,train,0.0,1.0,1.0,"(5, 2)",66a92e2b14da1ebeb591920c
88.0,40.0,225,train,0.0,1.0,1.0,"(5, 2)",66a92e2b14da1ebeb591920c
88.0,40.0,226,train,0.0,1.0,1.0,"(5, 2)",66a92e2b14da1ebeb591920c
88.0,40.0,227,train,0.0,1.0,1.0,"(5, 2)",66a92e2b14da1ebeb591920c
88.0,40.0,228,train,0.0,1.0,1.0,"(5, 2)",66a92e2b14da1ebeb591920c
88.0,40.0,229,train,0.0,1.0,1.0,"(5, 2)",66a92e2b14da1ebeb591920c
88.0,40.0,230,train,0.0,1.0,1.0,"(5, 2)",66a92e2b14da1ebeb591920c
88.0,40.0,231,train,0.0,1.0,1.0,"(5, 2)",66a92e2b14da1ebeb591920c
88.0,40.0,232,train,0.0,1.0,1.0,"(5, 2)",66a92e2b14da1ebeb591920c
88.0,40.0,233,train,0.0,1.0,1.0,"(5, 2)",66a92e2b14da1ebeb591920c
88.0,40.0,234,train,0.0,1.0,1.0,"(5, 2)",66a92e2b14da1ebeb591920c
88.0,40.0,235,train,0.0,1.0,1.0,"(5, 2)",66a92e2b14da1ebeb591920c
88.0,40.0,236,train,0.0,1.0,1.0,"(5, 2)",66a92e2b14da1ebeb591920c
88.0,40.0,237,train,0.0,1.0,1.0,"(5, 2)",66a92e2b14da1ebeb591920c
88.0,40.0,238,train,0.0,1.0,1.0,"(5, 2)",66a92e2b14da1ebeb591920c
88.0,40.0,239,train,0.0,1.0,1.0,"(5, 2)",66a92e2b14da1ebeb591920c
88.0,40.0,240,train,0.0,1.0,1.0,"(5, 2)",66a92e2b14da1ebeb591920c
88.0,40.0,241,train,0.0,1.0,1.0,"(5, 2)",66a92e2b14da1ebeb591920c
88.0,40.0,242,train,0.0,1.0,1.0,"(5, 2)",66a92e2b14da1ebeb591920c
88.0,40.0,243,train,0.0,1.0,1.0,"(5, 2)",66a92e2b14da1ebeb591920c
88.0,40.0,244,train,0.0,1.0,1.0,"(5, 2)",66a92e2b14da1ebeb591920c
88.0,40.0,245,train,0.0,1.0,1.0,"(5, 2)",66a92e2b14da1ebeb591920c
88.0,40.0,246,train,0.0,1.0,1.0,"(5, 2)",66a92e2b14da1ebeb591920c
88.0,40.0,247,train,0.0,1.0,1.0,"(5, 2)",66a92e2b14da1ebeb591920c
88.0,40.0,248,train,0.0,1.0,1.0,"(5, 2)",66a92e2b14da1ebeb591920c
88.0,40.0,249,train,0.0,1.0,1.0,"(5, 2)",66a92e2b14da1ebeb591920c
88.0,40.0,250,train,0.0,1.0,1.0,"(5, 2)",66a92e2b14da1ebeb591920c
88.0,40.0,251,train,0.0,1.0,1.0,"(5, 2)",66a92e2b14da1ebeb591920c
88.0,40.0,252,train,0.0,1.0,1.0,"(5, 2)",66a92e2b14da1ebeb591920c
88.0,40.0,253,train,0.0,1.0,1.0,"(5, 2)",66a92e2b14da1ebeb591920c
88.0,40.0,254,train,0.0,1.0,1.0,"(5, 2)",66a92e2b14da1ebeb591920c
88.0,40.0,255,train,0.0,1.0,1.0,"(5, 2)",66a92e2b14da1ebeb591920c
88.0,40.0,256,train,0.0,1.0,1.0,"(5, 2)",66a92e2b14da1ebeb591920c
88.0,40.0,257,train,0.0,1.0,1.0,"(5, 2)",66a92e2b14da1ebeb591920c
88.0,40.0,258,train,0.0,1.0,1.0,"(5, 2)",66a92e2b14da1ebeb591920c
88.0,40.0,259,train,0.0,1.0,1.0,"(5, 2)",66a92e2b14da1ebeb591920c
88.0,40.0,260,train,0.0,1.0,1.0,"(5, 2)",66a92e2b14da1ebeb591920c
88.0,40.0,261,train,0.0,1.0,1.0,"(5, 2)",66a92e2b14da1ebeb591920c
88.0,40.0,262,train,0.0,1.0,1.0,"(5, 2)",66a92e2b14da1ebeb591920c
88.0,40.0,263,train,0.0,1.0,1.0,"(5, 2)",66a92e2b14da1ebeb591920c
88.0,40.0,264,train,0.0,1.0,1.0,"(5, 2)",66a92e2b14da1ebeb591920c
88.0,40.0,265,train,0.0,1.0,1.0,"(5, 2)",66a92e2b14da1ebeb591920c
88.0,40.0,266,train,0.0,1.0,1.0,"(5, 2)",66a92e2b14da1ebeb591920c
88.0,40.0,267,train,0.0,1.0,1.0,"(5, 2)",66a92e2b14da1ebeb591920c
88.0,40.0,268,train,0.0,1.0,1.0,"(5, 2)",66a92e2b14da1ebeb591920c
88.0,40.0,269,train,0.0,1.0,1.0,"(5, 2)",66a92e2b14da1ebeb591920c
88.0,40.0,270,train,0.0,1.0,1.0,"(5, 2)",66a92e2b14da1ebeb591920c
88.0,40.0,271,train,0.0,1.0,1.0,"(5, 2)",66a92e2b14da1ebeb591920c
88.0,40.0,272,train,0.0,1.0,1.0,"(5, 2)",66a92e2b14da1ebeb591920c
88.0,40.0,273,train,0.0,1.0,1.0,"(5, 2)",66a92e2b14da1ebeb591920c
88.0,40.0,274,train,0.0,1.0,1.0,"(5, 2)",66a92e2b14da1ebeb591920c
88.0,40.0,275,train,0.0,1.0,1.0,"(5, 2)",66a92e2b14da1ebeb591920c
88.0,40.0,276,train,0.0,1.0,1.0,"(5, 2)",66a92e2b14da1ebeb591920c
88.0,40.0,277,train,0.0,1.0,1.0,"(5, 2)",66a92e2b14da1ebeb591920c
88.0,40.0,278,train,0.0,1.0,1.0,"(5, 2)",66a92e2b14da1ebeb591920c
88.0,40.0,279,train,0.0,1.0,1.0,"(5, 2)",66a92e2b14da1ebeb591920c
88.0,40.0,280,train,0.0,1.0,1.0,"(5, 2)",66a92e2b14da1ebeb591920c
88.0,40.0,281,train,0.0,1.0,1.0,"(5, 2)",66a92e2b14da1ebeb591920c
88.0,40.0,282,train,0.0,1.0,1.0,"(5, 2)",66a92e2b14da1ebeb591920c
88.0,40.0,283,train,0.0,1.0,1.0,"(5, 2)",66a92e2b14da1ebeb591920c
88.0,40.0,284,train,0.0,1.0,1.0,"(5, 2)",66a92e2b14da1ebeb591920c
88.0,40.0,285,train,0.0,1.0,1.0,"(5, 2)",66a92e2b14da1ebeb591920c
88.0,40.0,286,train,0.0,1.0,1.0,"(5, 2)",66a92e2b14da1ebeb591920c
88.0,40.0,287,train,0.0,1.0,1.0,"(5, 2)",66a92e2b14da1ebeb591920c
88.0,40.0,288,train,0.0,1.0,1.0,"(5, 2)",66a92e2b14da1ebeb591920c
88.0,40.0,289,train,0.0,1.0,1.0,"(5, 2)",66a92e2b14da1ebeb591920c
88.0,40.0,290,train,0.0,1.0,1.0,"(5, 2)",66a92e2b14da1ebeb591920c
88.0,40.0,291,train,0.0,1.0,1.0,"(5, 2)",66a92e2b14da1ebeb591920c
88.0,40.0,292,train,0.0,1.0,1.0,"(5, 2)",66a92e2b14da1ebeb591920c
88.0,40.0,293,train,0.0,1.0,1.0,"(5, 2)",66a92e2b14da1ebeb591920c
88.0,40.0,294,train,0.0,1.0,1.0,"(5, 2)",66a92e2b14da1ebeb591920c
88.0,40.0,295,train,0.0,1.0,1.0,"(5, 2)",66a92e2b14da1ebeb591920c
88.0,40.0,296,train,0.0,1.0,1.0,"(5, 2)",66a92e2b14da1ebeb591920c
88.0,40.0,297,train,0.0,1.0,1.0,"(5, 2)",66a92e2b14da1ebeb591920c
88.0,40.0,298,train,0.0,1.0,1.0,"(5, 2)",66a92e2b14da1ebeb591920c
88.0,40.0,299,train,0.0,1.0,1.0,"(5, 2)",66a92e2b14da1ebeb591920c
88.0,40.0,300,train,0.0,1.0,1.0,"(5, 2)",66a92e2b14da1ebeb591920c
88.0,40.0,301,train,0.0,1.0,1.0,"(5, 2)",66a92e2b14da1ebeb591920c
88.0,40.0,302,train,0.0,1.0,1.0,"(5, 2)",66a92e2b14da1ebeb591920c
88.0,40.0,303,train,0.0,1.0,1.0,"(5, 2)",66a92e2b14da1ebeb591920c
88.0,40.0,304,train,0.0,1.0,1.0,"(5, 2)",66a92e2b14da1ebeb591920c
88.0,40.0,305,train,0.0,1.0,1.0,"(5, 2)",66a92e2b14da1ebeb591920c
88.0,40.0,306,train,0.0,1.0,1.0,"(5, 2)",66a92e2b14da1ebeb591920c
88.0,40.0,307,train,0.0,1.0,1.0,"(5, 2)",66a92e2b14da1ebeb591920c
88.0,40.0,308,train,0.0,1.0,1.0,"(5, 2)",66a92e2b14da1ebeb591920c
88.0,40.0,309,train,0.0,1.0,1.0,"(5, 2)",66a92e2b14da1ebeb591920c
88.0,40.0,310,train,0.0,1.0,1.0,"(5, 2)",66a92e2b14da1ebeb591920c
88.0,40.0,311,train,0.0,1.0,1.0,"(5, 2)",66a92e2b14da1ebeb591920c
88.0,40.0,312,train,0.0,1.0,1.0,"(5, 2)",66a92e2b14da1ebeb591920c
88.0,40.0,313,train,0.0,1.0,1.0,"(5, 2)",66a92e2b14da1ebeb591920c
88.0,40.0,314,train,0.0,1.0,1.0,"(5, 2)",66a92e2b14da1ebeb591920c
88.0,40.0,315,train,0.0,1.0,1.0,"(5, 2)",66a92e2b14da1ebeb591920c
88.0,40.0,316,train,0.0,1.0,1.0,"(5, 2)",66a92e2b14da1ebeb591920c
88.0,40.0,317,train,0.0,1.0,1.0,"(5, 2)",66a92e2b14da1ebeb591920c
88.0,40.0,318,train,0.0,1.0,1.0,"(5, 2)",66a92e2b14da1ebeb591920c
88.0,40.0,319,train,0.0,1.0,1.0,"(5, 2)",66a92e2b14da1ebeb591920c
88.0,40.0,320,train,0.0,1.0,1.0,"(5, 2)",66a92e2b14da1ebeb591920c
88.0,40.0,321,train,0.0,1.0,1.0,"(5, 2)",66a92e2b14da1ebeb591920c
88.0,40.0,322,train,0.0,1.0,1.0,"(5, 2)",66a92e2b14da1ebeb591920c
88.0,40.0,323,train,0.0,1.0,1.0,"(5, 2)",66a92e2b14da1ebeb591920c
88.0,40.0,324,train,0.0,1.0,1.0,"(5, 2)",66a92e2b14da1ebeb591920c
88.0,40.0,325,train,0.0,1.0,1.0,"(5, 2)",66a92e2b14da1ebeb591920c
88.0,40.0,326,train,0.0,1.0,1.0,"(5, 2)",66a92e2b14da1ebeb591920c
88.0,40.0,327,train,0.0,1.0,1.0,"(5, 2)",66a92e2b14da1ebeb591920c
88.0,40.0,328,train,0.0,1.0,1.0,"(5, 2)",66a92e2b14da1ebeb591920c
88.0,40.0,329,train,0.0,1.0,1.0,"(5, 2)",66a92e2b14da1ebeb591920c
88.0,40.0,330,train,0.0,1.0,1.0,"(5, 2)",66a92e2b14da1ebeb591920c
88.0,40.0,331,train,0.0,1.0,1.0,"(5, 2)",66a92e2b14da1ebeb591920c
88.0,40.0,332,train,0.0,1.0,1.0,"(5, 2)",66a92e2b14da1ebeb591920c
88.0,40.0,333,train,0.0,1.0,1.0,"(5, 2)",66a92e2b14da1ebeb591920c
88.0,40.0,334,train,0.0,1.0,1.0,"(5, 2)",66a92e2b14da1ebeb591920c
88.0,40.0,335,train,0.0,1.0,1.0,"(5, 2)",66a92e2b14da1ebeb591920c
88.0,40.0,336,train,0.0,1.0,1.0,"(5, 2)",66a92e2b14da1ebeb591920c
88.0,40.0,337,train,0.0,1.0,1.0,"(5, 2)",66a92e2b14da1ebeb591920c
88.0,40.0,338,train,0.0,1.0,1.0,"(5, 2)",66a92e2b14da1ebeb591920c
88.0,40.0,339,train,0.0,1.0,1.0,"(5, 2)",66a92e2b14da1ebeb591920c
88.0,40.0,340,train,0.0,1.0,1.0,"(5, 2)",66a92e2b14da1ebeb591920c
88.0,40.0,341,train,0.0,1.0,1.0,"(5, 2)",66a92e2b14da1ebeb591920c
88.0,40.0,342,train,0.0,1.0,1.0,"(5, 2)",66a92e2b14da1ebeb591920c
88.0,40.0,343,train,0.0,1.0,1.0,"(5, 2)",66a92e2b14da1ebeb591920c
88.0,40.0,344,train,0.0,1.0,1.0,"(5, 2)",66a92e2b14da1ebeb591920c
88.0,40.0,345,train,0.0,1.0,1.0,"(5, 2)",66a92e2b14da1ebeb591920c
88.0,40.0,346,train,0.0,1.0,1.0,"(5, 2)",66a92e2b14da1ebeb591920c
88.0,40.0,347,train,0.0,1.0,1.0,"(5, 2)",66a92e2b14da1ebeb591920c
88.0,40.0,348,train,0.0,1.0,1.0,"(5, 2)",66a92e2b14da1ebeb591920c
88.0,40.0,349,train,0.0,1.0,1.0,"(5, 2)",66a92e2b14da1ebeb591920c
88.0,40.0,350,train,0.0,1.0,1.0,"(5, 2)",66a92e2b14da1ebeb591920c
88.0,40.0,351,train,0.0,1.0,1.0,"(5, 2)",66a92e2b14da1ebeb591920c
88.0,40.0,352,train,0.0,1.0,1.0,"(5, 2)",66a92e2b14da1ebeb591920c
88.0,40.0,353,train,0.0,1.0,1.0,"(5, 2)",66a92e2b14da1ebeb591920c
88.0,40.0,354,train,0.0,1.0,1.0,"(5, 2)",66a92e2b14da1ebeb591920c
88.0,40.0,355,train,0.0,1.0,1.0,"(5, 2)",66a92e2b14da1ebeb591920c
88.0,40.0,356,train,0.0,1.0,1.0,"(5, 2)",66a92e2b14da1ebeb591920c
88.0,40.0,357,train,0.0,1.0,1.0,"(5, 2)",66a92e2b14da1ebeb591920c
88.0,40.0,358,train,0.0,1.0,1.0,"(5, 2)",66a92e2b14da1ebeb591920c
88.0,40.0,359,train,0.0,1.0,1.0,"(5, 2)",66a92e2b14da1ebeb591920c
88.0,40.0,360,train,0.0,1.0,1.0,"(5, 2)",66a92e2b14da1ebeb591920c
88.0,40.0,361,train,0.0,1.0,1.0,"(5, 2)",66a92e2b14da1ebeb591920c
88.0,40.0,362,train,0.0,1.0,1.0,"(5, 2)",66a92e2b14da1ebeb591920c
88.0,40.0,363,train,0.0,1.0,1.0,"(5, 2)",66a92e2b14da1ebeb591920c
88.0,40.0,364,train,0.0,1.0,1.0,"(5, 2)",66a92e2b14da1ebeb591920c
88.0,40.0,365,train,0.0,1.0,1.0,"(5, 2)",66a92e2b14da1ebeb591920c
88.0,40.0,366,train,0.0,1.0,1.0,"(5, 2)",66a92e2b14da1ebeb591920c
88.0,40.0,367,train,0.0,1.0,1.0,"(5, 2)",66a92e2b14da1ebeb591920c
88.0,40.0,368,train,0.0,1.0,1.0,"(5, 2)",66a92e2b14da1ebeb591920c
88.0,40.0,369,train,0.0,1.0,1.0,"(5, 2)",66a92e2b14da1ebeb591920c
88.0,40.0,370,train,0.0,1.0,1.0,"(5, 2)",66a92e2b14da1ebeb591920c
88.0,40.0,371,train,0.0,1.0,1.0,"(5, 2)",66a92e2b14da1ebeb591920c
88.0,40.0,372,train,0.0,1.0,1.0,"(5, 2)",66a92e2b14da1ebeb591920c
88.0,40.0,373,train,0.0,1.0,1.0,"(5, 2)",66a92e2b14da1ebeb591920c
88.0,40.0,374,train,0.0,1.0,1.0,"(5, 2)",66a92e2b14da1ebeb591920c
88.0,40.0,375,train,0.0,1.0,1.0,"(5, 2)",66a92e2b14da1ebeb591920c
88.0,40.0,376,train,0.0,1.0,1.0,"(5, 2)",66a92e2b14da1ebeb591920c
88.0,40.0,377,train,0.0,1.0,1.0,"(5, 2)",66a92e2b14da1ebeb591920c
88.0,38.749999999999716,378,train,1.2500000000002842,1.0,1.0,"(5, 2)",66a92e2b14da1ebeb591920c
88.0,37.49999999999943,379,train,2.5000000000005684,1.0,1.0,"(5, 2)",66a92e2b14da1ebeb591920c
88.0,36.24999999999915,380,train,3.7500000000008527,1.0,1.0,"(5, 2)",66a92e2b14da1ebeb591920c
88.0,34.99999999999886,381,train,5.000000000001137,1.0,1.0,"(5, 2)",66a92e2b14da1ebeb591920c
88.0,33.74999999999858,382,train,6.250000000001421,1.0,1.0,"(5, 2)",66a92e2b14da1ebeb591920c
88.0,32.499999999998295,383,train,7.500000000001705,1.0,1.0,"(5, 2)",66a92e2b14da1ebeb591920c
88.0,31.249999999998227,384,train,8.750000000001773,1.0,1.0,"(5, 2)",66a92e2b14da1ebeb591920c
88.0,29.9999999999983,385,train,10.000000000001702,1.0,1.0,"(5, 2)",66a92e2b14da1ebeb591920c
88.0,28.74999999999837,386,train,11.25000000000163,1.0,1.0,"(5, 2)",66a92e2b14da1ebeb591920c
88.0,27.49999999999844,387,train,12.50000000000156,1.0,1.0,"(5, 2)",66a92e2b14da1ebeb591920c
88.0,26.24999999999851,388,train,13.750000000001489,1.0,1.0,"(5, 2)",66a92e2b14da1ebeb591920c
88.0,24.999999999998582,389,train,15.000000000001418,1.0,1.0,"(5, 2)",66a92e2b14da1ebeb591920c
88.0,24.0,390,train,16.0,1.0,1.0,"(5, 2)",66a92e2b14da1ebeb591920c
88.0,24.0,391,train,16.0,1.0,1.0,"(5, 2)",66a92e2b14da1ebeb591920c
88.0,24.0,392,train,16.0,1.0,1.0,"(5, 2)",66a92e2b14da1ebeb591920c
88.0,24.0,393,train,16.0,1.0,1.0,"(5, 2)",66a92e2b14da1ebeb591920c
88.0,24.0,394,train,16.0,1.0,1.0,"(5, 2)",66a92e2b14da1ebeb591920c
88.0,24.0,395,train,16.0,1.0,1.0,"(5, 2)",66a92e2b14da1ebeb591920c
88.0,24.0,396,train,16.0,1.0,1.0,"(5, 2)",66a92e2b14da1ebeb591920c
88.0,24.0,397,train,16.0,1.0,1.0,"(5, 2)",66a92e2b14da1ebeb591920c
88.0,24.0,398,train,16.0,1.0,1.0,"(5, 2)",66a92e2b14da1ebeb591920c
88.0,24.0,399,train,16.0,1.0,1.0,"(5, 2)",66a92e2b14da1ebeb591920c
88.0,24.0,400,train,16.0,1.0,1.0,"(5, 2)",66a92e2b14da1ebeb591920c
88.0,24.0,401,train,16.0,1.0,1.0,"(5, 2)",66a92e2b14da1ebeb591920c
88.0,24.0,402,train,16.0,1.0,1.0,"(5, 2)",66a92e2b14da1ebeb591920c
88.0,24.0,403,train,16.0,1.0,1.0,"(5, 2)",66a92e2b14da1ebeb591920c
88.0,24.0,404,train,16.0,1.0,1.0,"(5, 2)",66a92e2b14da1ebeb591920c
88.0,24.0,405,train,16.0,1.0,1.0,"(5, 2)",66a92e2b14da1ebeb591920c
88.0,24.0,406,train,16.0,1.0,1.0,"(5, 2)",66a92e2b14da1ebeb591920c
88.0,24.0,407,train,16.0,1.0,1.0,"(5, 2)",66a92e2b14da1ebeb591920c
88.0,24.0,408,train,16.0,1.0,1.0,"(5, 2)",66a92e2b14da1ebeb591920c
88.0,24.0,409,train,16.0,1.0,1.0,"(5, 2)",66a92e2b14da1ebeb591920c
88.0,24.0,410,train,16.0,1.0,1.0,"(5, 2)",66a92e2b14da1ebeb591920c
88.0,24.0,411,train,16.0,1.0,1.0,"(5, 2)",66a92e2b14da1ebeb591920c
88.0,24.0,412,train,16.0,1.0,1.0,"(5, 2)",66a92e2b14da1ebeb591920c
88.0,24.0,413,train,16.0,1.0,1.0,"(5, 2)",66a92e2b14da1ebeb591920c
88.0,24.0,414,train,16.0,1.0,1.0,"(5, 2)",66a92e2b14da1ebeb591920c
88.0,24.0,415,train,16.0,1.0,1.0,"(5, 2)",66a92e2b14da1ebeb591920c
88.0,24.0,416,train,16.0,1.0,1.0,"(5, 2)",66a92e2b14da1ebeb591920c
88.0,24.0,417,train,16.0,1.0,1.0,"(5, 2)",66a92e2b14da1ebeb591920c
88.0,24.0,418,train,16.0,1.0,1.0,"(5, 2)",66a92e2b14da1ebeb591920c
88.0,24.0,419,train,16.0,1.0,1.0,"(5, 2)",66a92e2b14da1ebeb591920c
88.0,24.0,420,train,16.0,1.0,1.0,"(5, 2)",66a92e2b14da1ebeb591920c
88.0,24.0,421,train,16.0,1.0,1.0,"(5, 2)",66a92e2b14da1ebeb591920c
88.0,24.0,422,train,16.0,1.0,1.0,"(5, 2)",66a92e2b14da1ebeb591920c
88.0,24.0,423,train,16.0,1.0,1.0,"(5, 2)",66a92e2b14da1ebeb591920c
88.0,24.0,424,train,16.0,1.0,1.0,"(5, 2)",66a92e2b14da1ebeb591920c
88.0,24.0,425,train,16.0,1.0,1.0,"(5, 2)",66a92e2b14da1ebeb591920c
88.0,24.0,426,train,16.0,1.0,1.0,"(5, 2)",66a92e2b14da1ebeb591920c
88.0,24.0,427,train,16.0,1.0,1.0,"(5, 2)",66a92e2b14da1ebeb591920c
88.0,24.0,428,train,16.0,1.0,1.0,"(5, 2)",66a92e2b14da1ebeb591920c
88.0,24.0,429,train,16.0,1.0,1.0,"(5, 2)",66a92e2b14da1ebeb591920c
88.0,24.0,430,train,16.0,1.0,1.0,"(5, 2)",66a92e2b14da1ebeb591920c
88.0,24.0,431,train,16.0,1.0,1.0,"(5, 2)",66a92e2b14da1ebeb591920c
88.0,24.0,432,train,16.0,1.0,1.0,"(5, 2)",66a92e2b14da1ebeb591920c
88.0,24.0,433,train,16.0,1.0,1.0,"(5, 2)",66a92e2b14da1ebeb591920c
88.0,24.0,434,train,16.0,1.0,1.0,"(5, 2)",66a92e2b14da1ebeb591920c
88.0,24.0,435,train,16.0,1.0,1.0,"(5, 2)",66a92e2b14da1ebeb591920c
88.0,24.0,436,train,16.0,1.0,1.0,"(5, 2)",66a92e2b14da1ebeb591920c
88.0,24.0,437,train,16.0,1.0,1.0,"(5, 2)",66a92e2b14da1ebeb591920c
88.0,24.0,438,train,16.0,1.0,1.0,"(5, 2)",66a92e2b14da1ebeb591920c
88.0,24.0,439,train,16.0,1.0,1.0,"(5, 2)",66a92e2b14da1ebeb591920c
88.0,24.0,440,train,16.0,1.0,1.0,"(5, 2)",66a92e2b14da1ebeb591920c
88.0,24.0,441,train,16.0,1.0,1.0,"(5, 2)",66a92e2b14da1ebeb591920c
88.0,24.0,442,train,16.0,1.0,1.0,"(5, 2)",66a92e2b14da1ebeb591920c
88.0,24.0,443,train,16.0,1.0,1.0,"(5, 2)",66a92e2b14da1ebeb591920c
88.0,24.0,444,train,16.0,1.0,1.0,"(5, 2)",66a92e2b14da1ebeb591920c
88.0,24.0,445,train,16.0,1.0,1.0,"(5, 2)",66a92e2b14da1ebeb591920c
88.0,24.0,446,train,16.0,1.0,1.0,"(5, 2)",66a92e2b14da1ebeb591920c
88.0,24.0,447,train,16.0,1.0,1.0,"(5, 2)",66a92e2b14da1ebeb591920c
88.0,24.0,448,train,16.0,1.0,1.0,"(5, 2)",66a92e2b14da1ebeb591920c
88.0,24.0,449,train,16.0,1.0,1.0,"(5, 2)",66a92e2b14da1ebeb591920c
88.0,24.0,450,train,16.0,1.0,1.0,"(5, 2)",66a92e2b14da1ebeb591920c
88.0,24.0,451,train,16.0,1.0,1.0,"(5, 2)",66a92e2b14da1ebeb591920c
88.0,24.0,452,train,16.0,1.0,1.0,"(5, 2)",66a92e2b14da1ebeb591920c
88.0,24.0,453,train,16.0,1.0,1.0,"(5, 2)",66a92e2b14da1ebeb591920c
88.0,24.0,454,train,16.0,1.0,1.0,"(5, 2)",66a92e2b14da1ebeb591920c
88.0,24.0,455,train,16.0,1.0,1.0,"(5, 2)",66a92e2b14da1ebeb591920c
88.0,24.0,456,train,16.0,1.0,1.0,"(5, 2)",66a92e2b14da1ebeb591920c
88.0,24.0,457,train,16.0,1.0,1.0,"(5, 2)",66a92e2b14da1ebeb591920c
88.0,24.0,458,train,16.0,1.0,1.0,"(5, 2)",66a92e2b14da1ebeb591920c
88.0,24.0,459,train,16.0,1.0,1.0,"(5, 2)",66a92e2b14da1ebeb591920c
88.0,24.0,460,train,16.0,1.0,1.0,"(5, 2)",66a92e2b14da1ebeb591920c
88.0,24.0,461,train,16.0,1.0,1.0,"(5, 2)",66a92e2b14da1ebeb591920c
88.0,24.0,462,train,16.0,1.0,1.0,"(5, 2)",66a92e2b14da1ebeb591920c
88.0,24.0,463,train,16.0,1.0,1.0,"(5, 2)",66a92e2b14da1ebeb591920c
88.0,24.0,464,train,16.0,1.0,1.0,"(5, 2)",66a92e2b14da1ebeb591920c
88.0,24.0,465,train,16.0,1.0,1.0,"(5, 2)",66a92e2b14da1ebeb591920c
88.0,24.0,466,train,16.0,1.0,1.0,"(5, 2)",66a92e2b14da1ebeb591920c
88.0,24.0,467,train,16.0,1.0,1.0,"(5, 2)",66a92e2b14da1ebeb591920c
88.0,24.0,468,train,16.0,1.0,1.0,"(5, 2)",66a92e2b14da1ebeb591920c
88.0,24.0,469,train,16.0,1.0,1.0,"(5, 2)",66a92e2b14da1ebeb591920c
88.0,24.0,470,train,16.0,1.0,1.0,"(5, 2)",66a92e2b14da1ebeb591920c
88.0,24.0,471,train,16.0,1.0,1.0,"(5, 2)",66a92e2b14da1ebeb591920c
88.0,24.0,472,train,16.0,1.0,1.0,"(5, 2)",66a92e2b14da1ebeb591920c
88.0,24.0,473,train,16.0,1.0,1.0,"(5, 2)",66a92e2b14da1ebeb591920c
88.0,24.0,474,train,16.0,1.0,1.0,"(5, 2)",66a92e2b14da1ebeb591920c
87.11611652351695,24.88388347648305,475,train,17.249999999999808,1.0,1.0,"(5, 2)",66a92e2b14da1ebeb591920c
86.2322330470339,25.7677669529661,476,train,18.499999999999616,1.0,1.0,"(5, 2)",66a92e2b14da1ebeb591920c
85.34834957055085,26.65165042944915,477,train,19.749999999999424,1.0,1.0,"(5, 2)",66a92e2b14da1ebeb591920c
84.4644660940678,27.535533905932198,478,train,20.999999999999233,1.0,1.0,"(5, 2)",66a92e2b14da1ebeb591920c
83.58058261758475,28.419417382415247,479,train,22.24999999999904,1.0,1.0,"(5, 2)",66a92e2b14da1ebeb591920c
82.6966991411017,29.303300858898297,480,train,23.49999999999885,1.0,1.0,"(5, 2)",66a92e2b14da1ebeb591920c
81.81281566461865,30.187184335381346,481,train,24.749999999998657,1.0,1.0,"(5, 2)",66a92e2b14da1ebeb591920c
80.9289321881356,31.071067811864395,482,train,25.999999999998465,1.0,1.0,"(5, 2)",66a92e2b14da1ebeb591920c
80.04504871165256,31.954951288347445,483,train,27.249999999998273,1.0,1.0,"(5, 2)",66a92e2b14da1ebeb591920c
79.1611652351695,32.838834764830494,484,train,28.49999999999808,1.0,1.0,"(5, 2)",66a92e2b14da1ebeb591920c
78.27728175868646,33.722718241313544,485,train,29.74999999999789,1.0,1.0,"(5, 2)",66a92e2b14da1ebeb591920c
77.3933982822034,34.60660171779659,486,train,30.999999999997698,1.0,1.0,"(5, 2)",66a92e2b14da1ebeb591920c
76.50951480572036,35.49048519427964,487,train,32.249999999997506,1.0,1.0,"(5, 2)",66a92e2b14da1ebeb591920c
75.62563132923731,36.37436867076269,488,train,33.499999999997314,1.0,1.0,"(5, 2)",66a92e2b14da1ebeb591920c
74.74174785275426,37.25825214724574,489,train,34.74999999999712,1.0,1.0,"(5, 2)",66a92e2b14da1ebeb591920c
73.85786437627121,38.14213562372879,490,train,35.99999999999693,1.0,1.0,"(5, 2)",66a92e2b14da1ebeb591920c
72.97398089978816,39.02601910021184,491,train,37.24999999999674,1.0,1.0,"(5, 2)",66a92e2b14da1ebeb591920c
72.09009742330511,39.90990257669489,492,train,38.49999999999655,1.0,1.0,"(5, 2)",66a92e2b14da1ebeb591920c
71.20621394682206,40.79378605317794,493,train,39.749999999996355,1.0,1.0,"(5, 2)",66a92e2b14da1ebeb591920c
70.32233047033901,41.67766952966099,494,train,40.99999999999616,1.0,1.0,"(5, 2)",66a92e2b14da1ebeb591920c
69.43844699385596,42.56155300614404,495,train,42.24999999999597,1.0,1.0,"(5, 2)",66a92e2b14da1ebeb591920c
68.55456351737291,43.44543648262709,496,train,43.49999999999578,1.0,1.0,"(5, 2)",66a92e2b14da1ebeb591920c
67.67068004088986,44.32931995911014,497,train,44.74999999999559,1.0,1.0,"(5, 2)",66a92e2b14da1ebeb591920c
66.78679656440681,45.213203435593186,498,train,45.999999999995396,1.0,1.0,"(5, 2)",66a92e2b14da1ebeb591920c
65.90291308792376,46.097086912076236,499,train,47.249999999995204,1.0,1.0,"(5, 2)",66a92e2b14da1ebeb591920c
65.01902961144071,46.980970388559285,500,train,48.49999999999501,1.0,1.0,"(5, 2)",66a92e2b14da1ebeb591920c
64.13514613495767,47.864853865042335,501,train,49.74999999999482,1.0,1.0,"(5, 2)",66a92e2b14da1ebeb591920c
63.251262658474616,48.748737341525384,502,train,50.99999999999463,1.0,1.0,"(5, 2)",66a92e2b14da1ebeb591920c
62.367379181991566,49.632620818008434,503,train,52.24999999999444,1.0,1.0,"(5, 2)",66a92e2b14da1ebeb591920c
61.48349570550852,50.51650429449148,504,train,53.499999999994245,1.0,1.0,"(5, 2)",66a92e2b14da1ebeb591920c
60.59961222902547,51.40038777097453,505,train,54.74999999999405,1.0,1.0,"(5, 2)",66a92e2b14da1ebeb591920c
59.71572875254242,52.28427124745758,506,train,55.99999999999386,1.0,1.0,"(5, 2)",66a92e2b14da1ebeb591920c
58.83184527605937,53.16815472394063,507,train,57.24999999999367,1.0,1.0,"(5, 2)",66a92e2b14da1ebeb591920c
57.94796179957632,54.05203820042368,508,train,58.49999999999348,1.0,1.0,"(5, 2)",66a92e2b14da1ebeb591920c
57.06407832309327,54.93592167690673,509,train,59.749999999993285,1.0,1.0,"(5, 2)",66a92e2b14da1ebeb591920c
56.0,56.0,510,train,61.25483399593901,1.0,1.0,"(5, 2)",66a92e2b14da1ebeb591920c
56.0,56.0,511,train,61.25483399593901,1.0,1.0,"(5, 2)",66a92e2b14da1ebeb591920c
56.0,56.0,512,train,61.25483399593901,1.0,1.0,"(5, 2)",66a92e2b14da1ebeb591920c
56.0,56.0,513,train,61.25483399593901,1.0,1.0,"(5, 2)",66a92e2b14da1ebeb591920c
56.0,56.0,514,train,61.25483399593901,1.0,1.0,"(5, 2)",66a92e2b14da1ebeb591920c
56.0,56.0,515,train,61.25483399593901,1.0,1.0,"(5, 2)",66a92e2b14da1ebeb591920c
56.0,56.0,516,train,61.25483399593901,1.0,1.0,"(5, 2)",66a92e2b14da1ebeb591920c
56.0,56.0,517,train,61.25483399593901,1.0,1.0,"(5, 2)",66a92e2b14da1ebeb591920c
56.0,56.0,518,train,61.25483399593901,1.0,1.0,"(5, 2)",66a92e2b14da1ebeb591920c
56.0,56.0,519,train,61.25483399593901,1.0,1.0,"(5, 2)",66a92e2b14da1ebeb591920c
56.0,56.0,520,train,61.25483399593901,1.0,1.0,"(5, 2)",66a92e2b14da1ebeb591920c
56.0,56.0,521,train,61.25483399593901,1.0,1.0,"(5, 2)",66a92e2b14da1ebeb591920c
56.0,56.0,522,train,61.25483399593901,1.0,1.0,"(5, 2)",66a92e2b14da1ebeb591920c
56.0,56.0,523,train,61.25483399593901,1.0,1.0,"(5, 2)",66a92e2b14da1ebeb591920c
56.0,56.0,524,train,61.25483399593901,1.0,1.0,"(5, 2)",66a92e2b14da1ebeb591920c
56.0,56.0,525,train,61.25483399593901,1.0,1.0,"(5, 2)",66a92e2b14da1ebeb591920c
56.0,56.0,526,train,61.25483399593901,1.0,1.0,"(5, 2)",66a92e2b14da1ebeb591920c
56.0,56.0,527,train,61.25483399593901,1.0,1.0,"(5, 2)",66a92e2b14da1ebeb591920c
56.0,56.0,528,train,61.25483399593901,1.0,1.0,"(5, 2)",66a92e2b14da1ebeb591920c
56.0,56.0,529,train,61.25483399593901,1.0,1.0,"(5, 2)",66a92e2b14da1ebeb591920c
56.0,56.0,530,train,61.25483399593901,1.0,1.0,"(5, 2)",66a92e2b14da1ebeb591920c
56.0,56.0,531,train,61.25483399593901,1.0,1.0,"(5, 2)",66a92e2b14da1ebeb591920c
56.0,56.0,532,train,61.25483399593901,1.0,1.0,"(5, 2)",66a92e2b14da1ebeb591920c
56.0,56.0,533,train,61.25483399593901,1.0,1.0,"(5, 2)",66a92e2b14da1ebeb591920c
56.0,56.0,534,train,61.25483399593901,1.0,1.0,"(5, 2)",66a92e2b14da1ebeb591920c
56.0,56.0,535,train,61.25483399593901,1.0,1.0,"(5, 2)",66a92e2b14da1ebeb591920c
56.0,56.0,536,train,61.25483399593901,1.0,1.0,"(5, 2)",66a92e2b14da1ebeb591920c
56.0,56.0,537,train,61.25483399593901,1.0,1.0,"(5, 2)",66a92e2b14da1ebeb591920c
56.0,56.0,538,train,61.25483399593901,1.0,1.0,"(5, 2)",66a92e2b14da1ebeb591920c
56.0,56.0,539,train,61.25483399593901,1.0,1.0,"(5, 2)",66a92e2b14da1ebeb591920c
56.0,56.0,540,train,61.25483399593901,1.0,1.0,"(5, 2)",66a92e2b14da1ebeb591920c
56.0,56.0,541,train,61.25483399593901,1.0,1.0,"(5, 2)",66a92e2b14da1ebeb591920c
56.0,56.0,542,train,61.25483399593901,1.0,1.0,"(5, 2)",66a92e2b14da1ebeb591920c
56.0,56.0,543,train,61.25483399593901,1.0,1.0,"(5, 2)",66a92e2b14da1ebeb591920c
56.0,56.0,544,train,61.25483399593901,1.0,1.0,"(5, 2)",66a92e2b14da1ebeb591920c
56.0,56.0,545,train,61.25483399593901,1.0,1.0,"(5, 2)",66a92e2b14da1ebeb591920c
56.0,56.0,546,train,61.25483399593901,1.0,1.0,"(5, 2)",66a92e2b14da1ebeb591920c
56.0,56.0,547,train,61.25483399593901,1.0,1.0,"(5, 2)",66a92e2b14da1ebeb591920c
56.0,56.0,548,train,61.25483399593901,1.0,1.0,"(5, 2)",66a92e2b14da1ebeb591920c
56.0,56.0,549,train,61.25483399593901,1.0,1.0,"(5, 2)",66a92e2b14da1ebeb591920c
56.0,56.0,550,train,61.25483399593901,1.0,1.0,"(5, 2)",66a92e2b14da1ebeb591920c
56.0,56.0,551,train,61.25483399593901,1.0,1.0,"(5, 2)",66a92e2b14da1ebeb591920c
56.0,56.0,552,train,61.25483399593901,1.0,1.0,"(5, 2)",66a92e2b14da1ebeb591920c
56.0,56.0,553,train,61.25483399593901,1.0,1.0,"(5, 2)",66a92e2b14da1ebeb591920c
56.0,56.0,554,train,61.25483399593901,1.0,1.0,"(5, 2)",66a92e2b14da1ebeb591920c
56.0,56.0,555,train,61.25483399593901,1.0,1.0,"(5, 2)",66a92e2b14da1ebeb591920c
56.0,56.0,556,train,61.25483399593901,1.0,1.0,"(5, 2)",66a92e2b14da1ebeb591920c
56.0,56.0,557,train,61.25483399593901,1.0,1.0,"(5, 2)",66a92e2b14da1ebeb591920c
56.0,56.0,558,train,61.25483399593901,1.0,1.0,"(5, 2)",66a92e2b14da1ebeb591920c
56.0,56.0,559,train,61.25483399593901,1.0,1.0,"(5, 2)",66a92e2b14da1ebeb591920c
56.0,56.0,560,train,61.25483399593901,1.0,1.0,"(5, 2)",66a92e2b14da1ebeb591920c
56.0,56.0,561,train,61.25483399593901,1.0,1.0,"(5, 2)",66a92e2b14da1ebeb591920c
56.0,56.0,562,train,61.25483399593901,1.0,1.0,"(5, 2)",66a92e2b14da1ebeb591920c
56.0,56.0,563,train,61.25483399593901,1.0,1.0,"(5, 2)",66a92e2b14da1ebeb591920c
56.0,56.0,564,train,61.25483399593901,1.0,1.0,"(5, 2)",66a92e2b14da1ebeb591920c
56.0,56.0,565,train,61.25483399593901,1.0,1.0,"(5, 2)",66a92e2b14da1ebeb591920c
56.0,56.0,566,train,61.25483399593901,1.0,1.0,"(5, 2)",66a92e2b14da1ebeb591920c
56.0,56.0,567,train,61.25483399593901,1.0,1.0,"(5, 2)",66a92e2b14da1ebeb591920c
56.0,56.0,568,train,61.25483399593901,1.0,1.0,"(5, 2)",66a92e2b14da1ebeb591920c
56.0,56.0,569,train,61.25483399593901,1.0,1.0,"(5, 2)",66a92e2b14da1ebeb591920c
56.0,56.0,570,train,61.25483399593901,1.0,1.0,"(5, 2)",66a92e2b14da1ebeb591920c
56.0,56.0,571,train,61.25483399593901,1.0,1.0,"(5, 2)",66a92e2b14da1ebeb591920c
56.0,56.0,572,train,61.25483399593901,1.0,1.0,"(5, 2)",66a92e2b14da1ebeb591920c
56.0,56.0,573,train,61.25483399593901,1.0,1.0,"(5, 2)",66a92e2b14da1ebeb591920c
56.0,56.0,574,train,61.25483399593901,1.0,1.0,"(5, 2)",66a92e2b14da1ebeb591920c
56.0,56.0,575,train,61.25483399593901,1.0,1.0,"(5, 2)",66a92e2b14da1ebeb591920c
56.88388347648305,55.11611652351695,576,train,62.50483399593882,1.0,1.0,"(5, 2)",66a92e2b14da1ebeb591920c
57.7677669529661,54.2322330470339,577,train,63.754833995938625,1.0,1.0,"(5, 2)",66a92e2b14da1ebeb591920c
58.65165042944915,53.34834957055085,578,train,65.00483399593844,1.0,1.0,"(5, 2)",66a92e2b14da1ebeb591920c
59.5355339059322,52.4644660940678,579,train,66.25483399593826,1.0,1.0,"(5, 2)",66a92e2b14da1ebeb591920c
60.41941738241525,51.58058261758475,580,train,67.50483399593807,1.0,1.0,"(5, 2)",66a92e2b14da1ebeb591920c
61.3033008588983,50.6966991411017,581,train,68.75483399593789,1.0,1.0,"(5, 2)",66a92e2b14da1ebeb591920c
62.187184335381346,49.812815664618654,582,train,70.0048339959377,1.0,1.0,"(5, 2)",66a92e2b14da1ebeb591920c
63.071067811864395,48.928932188135605,583,train,71.25483399593752,1.0,1.0,"(5, 2)",66a92e2b14da1ebeb591920c
63.954951288347445,48.045048711652555,584,train,72.50483399593733,1.0,1.0,"(5, 2)",66a92e2b14da1ebeb591920c
64.8388347648305,47.161165235169506,585,train,73.75483399593715,1.0,1.0,"(5, 2)",66a92e2b14da1ebeb591920c
65.72271824131354,46.277281758686456,586,train,75.00483399593696,1.0,1.0,"(5, 2)",66a92e2b14da1ebeb591920c
66.6066017177966,45.39339828220341,587,train,76.25483399593678,1.0,1.0,"(5, 2)",66a92e2b14da1ebeb591920c
67.49048519427964,44.50951480572036,588,train,77.5048339959366,1.0,1.0,"(5, 2)",66a92e2b14da1ebeb591920c
68.37436867076269,43.62563132923731,589,train,78.75483399593641,1.0,1.0,"(5, 2)",66a92e2b14da1ebeb591920c
69.25825214724574,42.74174785275426,590,train,80.00483399593622,1.0,1.0,"(5, 2)",66a92e2b14da1ebeb591920c
70.14213562372879,41.85786437627121,591,train,81.25483399593604,1.0,1.0,"(5, 2)",66a92e2b14da1ebeb591920c
71.02601910021184,40.97398089978816,592,train,82.50483399593585,1.0,1.0,"(5, 2)",66a92e2b14da1ebeb591920c
71.90990257669489,40.09009742330511,593,train,83.75483399593567,1.0,1.0,"(5, 2)",66a92e2b14da1ebeb591920c
72.79378605317794,39.20621394682206,594,train,85.00483399593548,1.0,1.0,"(5, 2)",66a92e2b14da1ebeb591920c
73.67766952966099,38.32233047033901,595,train,86.2548339959353,1.0,1.0,"(5, 2)",66a92e2b14da1ebeb591920c
74.56155300614404,37.43844699385596,596,train,87.50483399593512,1.0,1.0,"(5, 2)",66a92e2b14da1ebeb591920c
75.44543648262709,36.55456351737291,597,train,88.75483399593493,1.0,1.0,"(5, 2)",66a92e2b14da1ebeb591920c
76.32931995911014,35.67068004088986,598,train,90.00483399593475,1.0,1.0,"(5, 2)",66a92e2b14da1ebeb591920c
77.21320343559319,34.786796564406814,599,train,91.25483399593456,1.0,1.0,"(5, 2)",66a92e2b14da1ebeb591920c
78.09708691207624,33.902913087923764,600,train,92.50483399593438,1.0,1.0,"(5, 2)",66a92e2b14da1ebeb591920c
78.98097038855929,33.019029611440715,601,train,93.75483399593419,1.0,1.0,"(5, 2)",66a92e2b14da1ebeb591920c
79.86485386504233,32.135146134957665,602,train,95.004833995934,1.0,1.0,"(5, 2)",66a92e2b14da1ebeb591920c
80.74873734152538,31.251262658474616,603,train,96.25483399593382,1.0,1.0,"(5, 2)",66a92e2b14da1ebeb591920c
81.63262081800843,30.367379181991566,604,train,97.50483399593364,1.0,1.0,"(5, 2)",66a92e2b14da1ebeb591920c
82.51650429449148,29.483495705508517,605,train,98.75483399593345,1.0,1.0,"(5, 2)",66a92e2b14da1ebeb591920c
83.40038777097453,28.599612229025468,606,train,100.00483399593327,1.0,1.0,"(5, 2)",66a92e2b14da1ebeb591920c
82.51650429449148,29.483495705508517,607,train,101.25483399593308,1.0,1.0,"(5, 2)",66a92e2b14da1ebeb591920c
81.63262081800843,30.367379181991566,608,train,102.5048339959329,1.0,1.0,"(5, 2)",66a92e2b14da1ebeb591920c
80.74873734152538,31.251262658474616,609,train,103.75483399593271,1.0,1.0,"(5, 2)",66a92e2b14da1ebeb591920c
79.86485386504233,32.135146134957665,610,train,105.00483399593253,1.0,1.0,"(5, 2)",66a92e2b14da1ebeb591920c
78.98097038855929,33.019029611440715,611,train,106.25483399593234,1.0,1.0,"(5, 2)",66a92e2b14da1ebeb591920c
78.09708691207624,33.902913087923764,612,train,107.50483399593216,1.0,1.0,"(5, 2)",66a92e2b14da1ebeb591920c
77.21320343559319,34.786796564406814,613,train,108.75483399593197,1.0,1.0,"(5, 2)",66a92e2b14da1ebeb591920c
76.32931995911014,35.67068004088986,614,train,110.00483399593179,1.0,1.0,"(5, 2)",66a92e2b14da1ebeb591920c
75.44543648262709,36.55456351737291,615,train,111.2548339959316,1.0,1.0,"(5, 2)",66a92e2b14da1ebeb591920c
74.56155300614404,37.43844699385596,616,train,112.50483399593142,1.0,1.0,"(5, 2)",66a92e2b14da1ebeb591920c
73.67766952966099,38.32233047033901,617,train,113.75483399593124,1.0,1.0,"(5, 2)",66a92e2b14da1ebeb591920c
72.79378605317794,39.20621394682206,618,train,115.00483399593105,1.0,1.0,"(5, 2)",66a92e2b14da1ebeb591920c
71.90990257669489,40.09009742330511,619,train,116.25483399593087,1.0,1.0,"(5, 2)",66a92e2b14da1ebeb591920c
71.02601910021184,40.97398089978816,620,train,117.50483399593068,1.0,1.0,"(5, 2)",66a92e2b14da1ebeb591920c
70.14213562372879,41.85786437627121,621,train,118.7548339959305,1.0,1.0,"(5, 2)",66a92e2b14da1ebeb591920c
69.25825214724574,42.74174785275426,622,train,120.00483399593031,1.0,1.0,"(5, 2)",66a92e2b14da1ebeb591920c
68.37436867076269,43.62563132923731,623,train,121.25483399593013,1.0,1.0,"(5, 2)",66a92e2b14da1ebeb591920c
67.49048519427964,44.50951480572036,624,train,122.50483399592994,1.0,1.0,"(5, 2)",66a92e2b14da1ebeb591920c
66.6066017177966,45.39339828220341,625,train,123.75483399592976,1.0,1.0,"(5, 2)",66a92e2b14da1ebeb591920c
65.72271824131354,46.277281758686456,626,train,125.00483399592957,1.0,1.0,"(5, 2)",66a92e2b14da1ebeb591920c
64.8388347648305,47.161165235169506,627,train,126.25483399592939,1.0,1.0,"(5, 2)",66a92e2b14da1ebeb591920c
63.954951288347445,48.045048711652555,628,train,127.5048339959292,1.0,1.0,"(5, 2)",66a92e2b14da1ebeb591920c
63.071067811864395,48.928932188135605,629,train,128.754833995929,1.0,1.0,"(5, 2)",66a92e2b14da1ebeb591920c
62.187184335381346,49.812815664618654,630,train,130.0048339959288,1.0,1.0,"(5, 2)",66a92e2b14da1ebeb591920c
61.3033008588983,50.6966991411017,631,train,131.2548339959286,1.0,1.0,"(5, 2)",66a92e2b14da1ebeb591920c
60.41941738241525,51.58058261758475,632,train,132.5048339959284,1.0,1.0,"(5, 2)",66a92e2b14da1ebeb591920c
59.5355339059322,52.4644660940678,633,train,133.7548339959282,1.0,1.0,"(5, 2)",66a92e2b14da1ebeb591920c
58.65165042944915,53.34834957055085,634,train,135.004833995928,1.0,1.0,"(5, 2)",66a92e2b14da1ebeb591920c
57.7677669529661,54.2322330470339,635,train,136.2548339959278,1.0,1.0,"(5, 2)",66a92e2b14da1ebeb591920c
56.88388347648305,55.11611652351695,636,train,137.5048339959276,1.0,1.0,"(5, 2)",66a92e2b14da1ebeb591920c
56.19115254961525,56.08052581267076,637,train,138.69225195690228,1.0,1.0,"(5, 2)",66a92e2b14da1ebeb591920c
56.176144298656084,57.33043571038452,638,train,139.94225195690217,1.0,1.0,"(5, 2)",66a92e2b14da1ebeb591920c
56.161136047696914,58.580345608098284,639,train,141.19225195690206,1.0,1.0,"(5, 2)",66a92e2b14da1ebeb591920c
56.146127796737744,59.83025550581205,640,train,142.44225195690194,1.0,1.0,"(5, 2)",66a92e2b14da1ebeb591920c
56.131119545778766,61.08016540352581,641,train,143.6922519569018,1.0,1.0,"(5, 2)",66a92e2b14da1ebeb591920c
56.11611129481995,62.330075301239575,642,train,144.94225195690166,1.0,1.0,"(5, 2)",66a92e2b14da1ebeb591920c
56.10110304386114,63.57998519895334,643,train,146.19225195690152,1.0,1.0,"(5, 2)",66a92e2b14da1ebeb591920c
56.08609479290232,64.82989509666757,644,train,147.44225195690186,1.0,1.0,"(5, 2)",66a92e2b14da1ebeb591920c
56.0710865419435,66.07980499438204,645,train,148.69225195690242,1.0,1.0,"(5, 2)",66a92e2b14da1ebeb591920c
56.05607829098468,67.32971489209652,646,train,149.942251956903,1.0,1.0,"(5, 2)",66a92e2b14da1ebeb591920c
56.04107004002586,68.57962478981099,647,train,151.19225195690356,1.0,1.0,"(5, 2)",66a92e2b14da1ebeb591920c
56.026061789067036,69.82953468752547,648,train,152.44225195690413,1.0,1.0,"(5, 2)",66a92e2b14da1ebeb591920c
56.011053538108214,71.07944458523994,649,train,153.6922519569047,1.0,1.0,"(5, 2)",66a92e2b14da1ebeb591920c
56.0,72.0,650,train,154.612873731766,1.0,1.0,"(5, 2)",66a92e2b14da1ebeb591920c
56.0,72.0,651,train,154.612873731766,1.0,1.0,"(5, 2)",66a92e2b14da1ebeb591920c
56.0,72.0,652,train,154.612873731766,1.0,1.0,"(5, 2)",66a92e2b14da1ebeb591920c
56.0,72.0,653,train,154.612873731766,1.0,1.0,"(5, 2)",66a92e2b14da1ebeb591920c
56.0,72.0,654,train,154.612873731766,1.0,1.0,"(5, 2)",66a92e2b14da1ebeb591920c
56.0,72.0,655,train,154.612873731766,1.0,1.0,"(5, 2)",66a92e2b14da1ebeb591920c
56.0,72.0,656,train,154.612873731766,1.0,1.0,"(5, 2)",66a92e2b14da1ebeb591920c
56.0,72.0,657,train,154.612873731766,1.0,1.0,"(5, 2)",66a92e2b14da1ebeb591920c
56.0,72.0,658,train,154.612873731766,1.0,1.0,"(5, 2)",66a92e2b14da1ebeb591920c
56.0,72.0,659,train,154.612873731766,1.0,1.0,"(5, 2)",66a92e2b14da1ebeb591920c
56.0,72.0,660,train,154.612873731766,1.0,1.0,"(5, 2)",66a92e2b14da1ebeb591920c
56.0,72.0,661,train,154.612873731766,1.0,1.0,"(5, 2)",66a92e2b14da1ebeb591920c
56.0,72.0,662,train,154.612873731766,1.0,1.0,"(5, 2)",66a92e2b14da1ebeb591920c
56.0,72.0,663,train,154.612873731766,1.0,1.0,"(5, 2)",66a92e2b14da1ebeb591920c
56.0,72.0,664,train,154.612873731766,1.0,1.0,"(5, 2)",66a92e2b14da1ebeb591920c
56.0,72.0,665,train,154.612873731766,1.0,1.0,"(5, 2)",66a92e2b14da1ebeb591920c
56.0,72.0,666,train,154.612873731766,1.0,1.0,"(5, 2)",66a92e2b14da1ebeb591920c
56.0,72.0,667,train,154.612873731766,1.0,1.0,"(5, 2)",66a92e2b14da1ebeb591920c
56.0,72.0,668,train,154.612873731766,1.0,1.0,"(5, 2)",66a92e2b14da1ebeb591920c
56.0,72.0,669,train,154.612873731766,1.0,1.0,"(5, 2)",66a92e2b14da1ebeb591920c
56.0,72.0,670,train,154.612873731766,1.0,1.0,"(5, 2)",66a92e2b14da1ebeb591920c
56.0,72.0,671,train,154.612873731766,1.0,1.0,"(5, 2)",66a92e2b14da1ebeb591920c
56.0,72.0,672,train,154.612873731766,1.0,1.0,"(5, 2)",66a92e2b14da1ebeb591920c
56.0,72.0,673,train,154.612873731766,1.0,1.0,"(5, 2)",66a92e2b14da1ebeb591920c
56.0,72.0,674,train,154.612873731766,1.0,1.0,"(5, 2)",66a92e2b14da1ebeb591920c
56.0,72.0,675,train,154.612873731766,1.0,1.0,"(5, 2)",66a92e2b14da1ebeb591920c
56.0,72.0,676,train,154.612873731766,1.0,1.0,"(5, 2)",66a92e2b14da1ebeb591920c
56.0,72.0,677,train,154.612873731766,1.0,1.0,"(5, 2)",66a92e2b14da1ebeb591920c
56.0,72.0,678,train,154.612873731766,1.0,1.0,"(5, 2)",66a92e2b14da1ebeb591920c
56.0,72.0,679,train,154.612873731766,1.0,1.0,"(5, 2)",66a92e2b14da1ebeb591920c
56.0,72.0,680,train,154.612873731766,1.0,1.0,"(5, 2)",66a92e2b14da1ebeb591920c
56.0,72.0,681,train,154.612873731766,1.0,1.0,"(5, 2)",66a92e2b14da1ebeb591920c
56.0,72.0,682,train,154.612873731766,1.0,1.0,"(5, 2)",66a92e2b14da1ebeb591920c
56.0,72.0,683,train,154.612873731766,1.0,1.0,"(5, 2)",66a92e2b14da1ebeb591920c
56.0,72.0,684,train,154.612873731766,1.0,1.0,"(5, 2)",66a92e2b14da1ebeb591920c
56.0,70.74999999999972,685,train,155.86287373176629,1.0,1.0,"(5, 2)",66a92e2b14da1ebeb591920c
56.0,69.49999999999943,686,train,157.11287373176657,1.0,1.0,"(5, 2)",66a92e2b14da1ebeb591920c
56.0,68.24999999999915,687,train,158.36287373176685,1.0,1.0,"(5, 2)",66a92e2b14da1ebeb591920c
56.0,66.99999999999886,688,train,159.61287373176714,1.0,1.0,"(5, 2)",66a92e2b14da1ebeb591920c
56.0,65.74999999999858,689,train,160.86287373176742,1.0,1.0,"(5, 2)",66a92e2b14da1ebeb591920c
56.0,64.4999999999983,690,train,162.1128737317677,1.0,1.0,"(5, 2)",66a92e2b14da1ebeb591920c
56.0,63.24999999999801,691,train,163.362873731768,1.0,1.0,"(5, 2)",66a92e2b14da1ebeb591920c
56.0,61.999999999997726,692,train,164.61287373176827,1.0,1.0,"(5, 2)",66a92e2b14da1ebeb591920c
56.0,60.74999999999744,693,train,165.86287373176856,1.0,1.0,"(5, 2)",66a92e2b14da1ebeb591920c
56.0,59.49999999999716,694,train,167.11287373176884,1.0,1.0,"(5, 2)",66a92e2b14da1ebeb591920c
56.0,58.249999999996874,695,train,168.36287373176913,1.0,1.0,"(5, 2)",66a92e2b14da1ebeb591920c
56.0,56.99999999999659,696,train,169.6128737317694,1.0,1.0,"(5, 2)",66a92e2b14da1ebeb591920c
56.31621556657754,55.8798317388366,697,train,170.7768192708116,1.0,1.0,"(5, 2)",66a92e2b14da1ebeb591920c
57.19459214040404,54.990475457837135,698,train,172.02681927081173,1.0,1.0,"(5, 2)",66a92e2b14da1ebeb591920c
58.07296871423054,54.10111917683767,699,train,173.27681927081187,1.0,1.0,"(5, 2)",66a92e2b14da1ebeb591920c
58.95134528805704,53.211762895838206,700,train,174.526819270812,1.0,1.0,"(5, 2)",66a92e2b14da1ebeb591920c
59.82972186188354,52.32240661483874,701,train,175.77681927081215,1.0,1.0,"(5, 2)",66a92e2b14da1ebeb591920c
60.70809843571004,51.433050333839276,702,train,177.0268192708123,1.0,1.0,"(5, 2)",66a92e2b14da1ebeb591920c
61.58647500953654,50.543694052839896,703,train,178.27681927081238,1.0,1.0,"(5, 2)",66a92e2b14da1ebeb591920c
62.46485158336304,49.654337771840936,704,train,179.52681927081218,1.0,1.0,"(5, 2)",66a92e2b14da1ebeb591920c
63.34322815718954,48.76498149084197,705,train,180.77681927081198,1.0,1.0,"(5, 2)",66a92e2b14da1ebeb591920c
64.22160473101623,47.87562520984288,706,train,182.02681927081198,1.0,1.0,"(5, 2)",66a92e2b14da1ebeb591920c
65.09998130484344,46.986268928843415,707,train,183.27681927081264,1.0,1.0,"(5, 2)",66a92e2b14da1ebeb591920c
65.97835787867065,46.09691264784395,708,train,184.5268192708133,1.0,1.0,"(5, 2)",66a92e2b14da1ebeb591920c
66.85673445249786,45.207556366844486,709,train,185.77681927081395,1.0,1.0,"(5, 2)",66a92e2b14da1ebeb591920c
67.73511102632507,44.31820008584502,710,train,187.0268192708146,1.0,1.0,"(5, 2)",66a92e2b14da1ebeb591920c
68.61348760015223,43.428843804845556,711,train,188.27681927081522,1.0,1.0,"(5, 2)",66a92e2b14da1ebeb591920c
69.49186417397894,42.53948752384609,712,train,189.52681927081554,1.0,1.0,"(5, 2)",66a92e2b14da1ebeb591920c
70.37024074780565,41.650131242846626,713,train,190.77681927081585,1.0,1.0,"(5, 2)",66a92e2b14da1ebeb591920c
69.48573053014916,42.53338753343321,714,train,192.02681927081565,1.0,1.0,"(5, 2)",66a92e2b14da1ebeb591920c
68.60122031249266,43.4166438240198,715,train,193.27681927081545,1.0,1.0,"(5, 2)",66a92e2b14da1ebeb591920c
67.71671009483616,44.29990011460639,716,train,194.52681927081525,1.0,1.0,"(5, 2)",66a92e2b14da1ebeb591920c
66.83219987717966,45.18315640519254,717,train,195.77681927081477,1.0,1.0,"(5, 2)",66a92e2b14da1ebeb591920c
65.94768965952316,46.06641269577842,718,train,197.0268192708141,1.0,1.0,"(5, 2)",66a92e2b14da1ebeb591920c
65.06317944186667,46.949668986364294,719,train,198.2768192708134,1.0,1.0,"(5, 2)",66a92e2b14da1ebeb591920c
64.17866922421017,47.83292527695017,720,train,199.52681927081272,1.0,1.0,"(5, 2)",66a92e2b14da1ebeb591920c
63.2941590065531,48.71618156753605,721,train,200.77681927081244,1.0,1.0,"(5, 2)",66a92e2b14da1ebeb591920c
62.40964878889589,49.599437858121924,722,train,202.02681927081224,1.0,1.0,"(5, 2)",66a92e2b14da1ebeb591920c
61.525138571238685,50.482694148708006,723,train,203.27681927081218,1.0,1.0,"(5, 2)",66a92e2b14da1ebeb591920c
60.64062835358148,51.36595043929432,724,train,204.5268192708123,1.0,1.0,"(5, 2)",66a92e2b14da1ebeb591920c
59.75611813592427,52.24920672988064,725,train,205.7768192708124,1.0,1.0,"(5, 2)",66a92e2b14da1ebeb591920c
58.87160791826706,53.13246302046696,726,train,207.02681927081252,1.0,1.0,"(5, 2)",66a92e2b14da1ebeb591920c
57.98709770060985,54.01571931105328,727,train,208.27681927081264,1.0,1.0,"(5, 2)",66a92e2b14da1ebeb591920c
57.10258748295264,54.8989756016396,728,train,209.52681927081275,1.0,1.0,"(5, 2)",66a92e2b14da1ebeb591920c
56.218077265295435,55.782231892225916,729,train,210.77681927081287,1.0,1.0,"(5, 2)",66a92e2b14da1ebeb591920c
56.17719914503699,57.0211447465098,730,train,212.01640633158178,1.0,1.0,"(5, 2)",66a92e2b14da1ebeb591920c
56.16241273913108,58.27105728833072,731,train,213.26640633158212,1.0,1.0,"(5, 2)",66a92e2b14da1ebeb591920c
56.14762633322517,59.520969830151635,732,train,214.51640633158246,1.0,1.0,"(5, 2)",66a92e2b14da1ebeb591920c
56.13283992731926,60.770882371972554,733,train,215.7664063315828,1.0,1.0,"(5, 2)",66a92e2b14da1ebeb591920c
56.11805352141335,62.02079491379347,734,train,217.01640633158314,1.0,1.0,"(5, 2)",66a92e2b14da1ebeb591920c
56.10326711550744,63.27070745561439,735,train,218.26640633158348,1.0,1.0,"(5, 2)",66a92e2b14da1ebeb591920c
56.088480709601534,64.52061999743502,736,train,219.51640633158354,1.0,1.0,"(5, 2)",66a92e2b14da1ebeb591920c
56.07369430369572,65.77053253925523,737,train,220.76640633158317,1.0,1.0,"(5, 2)",66a92e2b14da1ebeb591920c
56.058907897790164,67.02044508107544,738,train,222.0164063315828,1.0,1.0,"(5, 2)",66a92e2b14da1ebeb591920c
56.04412149188462,68.27035762289565,739,train,223.26640633158243,1.0,1.0,"(5, 2)",66a92e2b14da1ebeb591920c
56.02933508597907,69.52027016471585,740,train,224.51640633158206,1.0,1.0,"(5, 2)",66a92e2b14da1ebeb591920c
56.01454868007352,70.77018270653606,741,train,225.7664063315817,1.0,1.0,"(5, 2)",66a92e2b14da1ebeb591920c
56.00224609468601,72.02011011414776,742,train,227.01639428268606,1.0,1.0,"(5, 2)",66a92e2b14da1ebeb591920c
56.002070397710106,73.27011010180023,743,train,228.26639428268632,1.0,1.0,"(5, 2)",66a92e2b14da1ebeb591920c
56.001894700734205,74.5201100894527,744,train,229.51639428268658,1.0,1.0,"(5, 2)",66a92e2b14da1ebeb591920c
56.0017190037583,75.77011007710517,745,train,230.76639428268683,1.0,1.0,"(5, 2)",66a92e2b14da1ebeb591920c
56.0015433067824,77.02011006475765,746,train,232.0163942826871,1.0,1.0,"(5, 2)",66a92e2b14da1ebeb591920c
56.0013676098065,78.27011005241012,747,train,233.26639428268734,1.0,1.0,"(5, 2)",66a92e2b14da1ebeb591920c
56.0011919128306,79.52011004006259,748,train,234.5163942826876,1.0,1.0,"(5, 2)",66a92e2b14da1ebeb591920c
56.0010162158547,80.77011002771506,749,train,235.76639428268786,1.0,1.0,"(5, 2)",66a92e2b14da1ebeb591920c
56.000840518878796,82.02011001536754,750,train,237.0163942826881,1.0,1.0,"(5, 2)",66a92e2b14da1ebeb591920c
56.000664821902895,83.27011000302001,751,train,238.26639428268837,1.0,1.0,"(5, 2)",66a92e2b14da1ebeb591920c
56.00048912492671,84.52010999067248,752,train,239.51639428268862,1.0,1.0,"(5, 2)",66a92e2b14da1ebeb591920c
56.00031342795045,85.77010997832495,753,train,240.76639428268888,1.0,1.0,"(5, 2)",66a92e2b14da1ebeb591920c
56.000137730974195,87.02010996597743,754,train,242.01639428268913,1.0,1.0,"(5, 2)",66a92e2b14da1ebeb591920c
56.0,88.0,755,train,242.99628432639128,1.0,1.0,"(5, 2)",66a92e2b14da1ebeb591920c
56.0,88.0,756,train,242.99628432639128,1.0,1.0,"(5, 2)",66a92e2b14da1ebeb591920c
56.0,86.74999999999972,757,train,244.24628432639156,1.0,1.0,"(5, 2)",66a92e2b14da1ebeb591920c
56.0,85.49999999999943,758,train,245.49628432639184,1.0,1.0,"(5, 2)",66a92e2b14da1ebeb591920c
56.0,84.24999999999915,759,train,246.74628432639213,1.0,1.0,"(5, 2)",66a92e2b14da1ebeb591920c
56.0,82.99999999999886,760,train,247.9962843263924,1.0,1.0,"(5, 2)",66a92e2b14da1ebeb591920c
56.0,81.74999999999858,761,train,249.2462843263927,1.0,1.0,"(5, 2)",66a92e2b14da1ebeb591920c
56.0,80.4999999999983,762,train,250.49628432639298,1.0,1.0,"(5, 2)",66a92e2b14da1ebeb591920c
56.0,79.24999999999801,763,train,251.74628432639327,1.0,1.0,"(5, 2)",66a92e2b14da1ebeb591920c
56.0,77.99999999999773,764,train,252.99628432639355,1.0,1.0,"(5, 2)",66a92e2b14da1ebeb591920c
56.0,76.74999999999744,765,train,254.24628432639383,1.0,1.0,"(5, 2)",66a92e2b14da1ebeb591920c
56.0,75.49999999999716,766,train,255.49628432639412,1.0,1.0,"(5, 2)",66a92e2b14da1ebeb591920c
56.0,74.24999999999687,767,train,256.7462843263944,1.0,1.0,"(5, 2)",66a92e2b14da1ebeb591920c
56.0,72.99999999999659,768,train,257.9962843263947,1.0,1.0,"(5, 2)",66a92e2b14da1ebeb591920c
56.0,71.7499999999963,769,train,259.24628432639497,1.0,1.0,"(5, 2)",66a92e2b14da1ebeb591920c
56.0,70.49999999999602,770,train,260.49628432639525,1.0,1.0,"(5, 2)",66a92e2b14da1ebeb591920c
56.0,69.24999999999574,771,train,261.74628432639554,1.0,1.0,"(5, 2)",66a92e2b14da1ebeb591920c
56.0,67.99999999999545,772,train,262.9962843263958,1.0,1.0,"(5, 2)",66a92e2b14da1ebeb591920c
56.0,66.74999999999517,773,train,264.2462843263961,1.0,1.0,"(5, 2)",66a92e2b14da1ebeb591920c
56.0,65.49999999999488,774,train,265.4962843263964,1.0,1.0,"(5, 2)",66a92e2b14da1ebeb591920c
56.0,64.2499999999946,775,train,266.7462843263967,1.0,1.0,"(5, 2)",66a92e2b14da1ebeb591920c
56.0,62.999999999994316,776,train,267.99628432639696,1.0,1.0,"(5, 2)",66a92e2b14da1ebeb591920c
56.0,61.74999999999403,777,train,269.24628432639724,1.0,1.0,"(5, 2)",66a92e2b14da1ebeb591920c
56.0,60.49999999999375,778,train,270.49628432639753,1.0,1.0,"(5, 2)",66a92e2b14da1ebeb591920c
56.0,61.74999999999403,779,train,271.7462843263978,1.0,1.0,"(5, 2)",66a92e2b14da1ebeb591920c
56.0,62.999999999994316,780,train,272.9962843263981,1.0,1.0,"(5, 2)",66a92e2b14da1ebeb591920c
56.0,64.2499999999946,781,train,274.2462843263984,1.0,1.0,"(5, 2)",66a92e2b14da1ebeb591920c
56.0,65.49999999999488,782,train,275.49628432639867,1.0,1.0,"(5, 2)",66a92e2b14da1ebeb591920c
56.0,66.74999999999517,783,train,276.74628432639895,1.0,1.0,"(5, 2)",66a92e2b14da1ebeb591920c
56.0,67.99999999999545,784,train,277.99628432639923,1.0,1.0,"(5, 2)",66a92e2b14da1ebeb591920c
56.0,69.24999999999574,785,train,279.2462843263995,1.0,1.0,"(5, 2)",66a92e2b14da1ebeb591920c
56.0,70.49999999999602,786,train,280.4962843263998,1.0,1.0,"(5, 2)",66a92e2b14da1ebeb591920c
56.0,71.7499999999963,787,train,281.7462843264001,1.0,1.0,"(5, 2)",66a92e2b14da1ebeb591920c
56.0,72.99999999999659,788,train,282.99628432640037,1.0,1.0,"(5, 2)",66a92e2b14da1ebeb591920c
56.0,74.24999999999687,789,train,284.24628432640066,1.0,1.0,"(5, 2)",66a92e2b14da1ebeb591920c
56.0,75.49999999999716,790,train,285.49628432640094,1.0,1.0,"(5, 2)",66a92e2b14da1ebeb591920c
56.0,76.74999999999744,791,train,286.7462843264012,1.0,1.0,"(5, 2)",66a92e2b14da1ebeb591920c
56.0,77.99999999999773,792,train,287.9962843264015,1.0,1.0,"(5, 2)",66a92e2b14da1ebeb591920c
56.0,79.24999999999801,793,train,289.2462843264018,1.0,1.0,"(5, 2)",66a92e2b14da1ebeb591920c
56.0,80.4999999999983,794,train,290.4962843264021,1.0,1.0,"(5, 2)",66a92e2b14da1ebeb591920c
56.0,81.74999999999858,795,train,291.74628432640236,1.0,1.0,"(5, 2)",66a92e2b14da1ebeb591920c
56.0,82.99999999999886,796,train,292.99628432640264,1.0,1.0,"(5, 2)",66a92e2b14da1ebeb591920c
56.0,84.24999999999915,797,train,294.24628432640293,1.0,1.0,"(5, 2)",66a92e2b14da1ebeb591920c
56.0,85.49999999999943,798,train,295.4962843264032,1.0,1.0,"(5, 2)",66a92e2b14da1ebeb591920c
56.0,86.74999999999972,799,train,296.7462843264035,1.0,1.0,"(5, 2)",66a92e2b14da1ebeb591920c
56.0,88.0,800,train,297.9962843264038,1.0,1.0,"(5, 2)",66a92e2b14da1ebeb591920c
56.0,89.25000000000028,801,train,299.24628432640407,1.0,1.0,"(5, 2)",66a92e2b14da1ebeb591920c
56.0,90.50000000000057,802,train,300.49628432640435,1.0,1.0,"(5, 2)",66a92e2b14da1ebeb591920c
56.0,91.75000000000085,803,train,301.74628432640463,1.0,1.0,"(5, 2)",66a92e2b14da1ebeb591920c
56.0,93.00000000000114,804,train,302.9962843264049,1.0,1.0,"(5, 2)",66a92e2b14da1ebeb591920c
56.0,94.25000000000142,805,train,304.2462843264052,1.0,1.0,"(5, 2)",66a92e2b14da1ebeb591920c
56.0,95.5000000000017,806,train,305.4962843264055,1.0,1.0,"(5, 2)",66a92e2b14da1ebeb591920c
56.0,96.75000000000199,807,train,306.74628432640577,1.0,1.0,"(5, 2)",66a92e2b14da1ebeb591920c
56.0,98.00000000000227,808,train,307.99628432640606,1.0,1.0,"(5, 2)",66a92e2b14da1ebeb591920c
56.0,99.25000000000256,809,train,309.24628432640634,1.0,1.0,"(5, 2)",66a92e2b14da1ebeb591920c
56.0,100.50000000000284,810,train,310.4962843264066,1.0,1.0,"(5, 2)",66a92e2b14da1ebeb591920c
56.0,101.75000000000313,811,train,311.7462843264069,1.0,1.0,"(5, 2)",66a92e2b14da1ebeb591920c
56.0,103.00000000000341,812,train,312.9962843264072,1.0,1.0,"(5, 2)",66a92e2b14da1ebeb591920c
56.0,104.0,813,train,313.9962843264038,1.0,1.0,"(5, 2)",66a92e2b14da1ebeb591920c
56.0,104.0,814,train,313.9962843264038,1.0,1.0,"(5, 2)",66a92e2b14da1ebeb591920c
56.0,104.0,815,train,313.9962843264038,1.0,1.0,"(5, 2)",66a92e2b14da1ebeb591920c
56.0,104.0,816,train,313.9962843264038,1.0,1.0,"(5, 2)",66a92e2b14da1ebeb591920c
56.0,104.0,817,train,313.9962843264038,1.0,1.0,"(5, 2)",66a92e2b14da1ebeb591920c
56.0,104.0,818,train,313.9962843264038,1.0,1.0,"(5, 2)",66a92e2b14da1ebeb591920c
56.0,104.0,819,train,313.9962843264038,1.0,1.0,"(5, 2)",66a92e2b14da1ebeb591920c
56.0,104.0,820,train,313.9962843264038,1.0,1.0,"(5, 2)",66a92e2b14da1ebeb591920c
56.0,104.0,821,train,313.9962843264038,1.0,1.0,"(5, 2)",66a92e2b14da1ebeb591920c
56.0,104.0,822,train,313.9962843264038,1.0,1.0,"(5, 2)",66a92e2b14da1ebeb591920c
56.0,104.0,823,train,313.9962843264038,1.0,1.0,"(5, 2)",66a92e2b14da1ebeb591920c
56.0,104.0,824,train,313.9962843264038,1.0,1.0,"(5, 2)",66a92e2b14da1ebeb591920c
56.0,104.0,825,train,313.9962843264038,1.0,1.0,"(5, 2)",66a92e2b14da1ebeb591920c
56.0,104.0,826,train,313.9962843264038,1.0,1.0,"(5, 2)",66a92e2b14da1ebeb591920c
56.0,104.0,827,train,313.9962843264038,1.0,1.0,"(5, 2)",66a92e2b14da1ebeb591920c
56.0,104.0,828,train,313.9962843264038,1.0,1.0,"(5, 2)",66a92e2b14da1ebeb591920c
56.0,104.0,829,train,313.9962843264038,1.0,1.0,"(5, 2)",66a92e2b14da1ebeb591920c
56.0,104.0,830,train,313.9962843264038,1.0,1.0,"(5, 2)",66a92e2b14da1ebeb591920c
56.0,104.0,831,train,313.9962843264038,1.0,1.0,"(5, 2)",66a92e2b14da1ebeb591920c
56.0,104.0,832,train,313.9962843264038,1.0,1.0,"(5, 2)",66a92e2b14da1ebeb591920c
56.0,104.0,833,train,313.9962843264038,1.0,1.0,"(5, 2)",66a92e2b14da1ebeb591920c
56.0,104.0,834,train,313.9962843264038,1.0,1.0,"(5, 2)",66a92e2b14da1ebeb591920c
56.0,104.0,835,train,313.9962843264038,1.0,1.0,"(5, 2)",66a92e2b14da1ebeb591920c
56.0,104.0,836,train,313.9962843264038,1.0,1.0,"(5, 2)",66a92e2b14da1ebeb591920c
56.0,104.0,837,train,313.9962843264038,1.0,1.0,"(5, 2)",66a92e2b14da1ebeb591920c
56.0,104.0,838,train,313.9962843264038,1.0,1.0,"(5, 2)",66a92e2b14da1ebeb591920c
56.0,104.0,839,train,313.9962843264038,1.0,1.0,"(5, 2)",66a92e2b14da1ebeb591920c
56.0,104.0,840,train,313.9962843264038,1.0,1.0,"(5, 2)",66a92e2b14da1ebeb591920c
56.0,104.0,841,train,313.9962843264038,1.0,1.0,"(5, 2)",66a92e2b14da1ebeb591920c
56.0,104.0,842,train,313.9962843264038,1.0,1.0,"(5, 2)",66a92e2b14da1ebeb591920c
56.0,104.0,843,train,313.9962843264038,1.0,1.0,"(5, 2)",66a92e2b14da1ebeb591920c
56.0,104.0,844,train,313.9962843264038,1.0,1.0,"(5, 2)",66a92e2b14da1ebeb591920c
56.0,102.74999999999972,845,train,315.24628432640407,1.0,1.0,"(5, 2)",66a92e2b14da1ebeb591920c
56.0,101.49999999999943,846,train,316.49628432640435,1.0,1.0,"(5, 2)",66a92e2b14da1ebeb591920c
56.0,100.24999999999915,847,train,317.74628432640463,1.0,1.0,"(5, 2)",66a92e2b14da1ebeb591920c
56.0,98.99999999999886,848,train,318.9962843264049,1.0,1.0,"(5, 2)",66a92e2b14da1ebeb591920c
56.0,97.74999999999858,849,train,320.2462843264052,1.0,1.0,"(5, 2)",66a92e2b14da1ebeb591920c
56.0,96.4999999999983,850,train,321.4962843264055,1.0,1.0,"(5, 2)",66a92e2b14da1ebeb591920c
56.0,95.24999999999801,851,train,322.74628432640577,1.0,1.0,"(5, 2)",66a92e2b14da1ebeb591920c
56.0,93.99999999999773,852,train,323.99628432640606,1.0,1.0,"(5, 2)",66a92e2b14da1ebeb591920c
56.0,92.74999999999744,853,train,325.24628432640634,1.0,1.0,"(5, 2)",66a92e2b14da1ebeb591920c
56.0,91.49999999999716,854,train,326.4962843264066,1.0,1.0,"(5, 2)",66a92e2b14da1ebeb591920c
56.0,90.24999999999687,855,train,327.7462843264069,1.0,1.0,"(5, 2)",66a92e2b14da1ebeb591920c
56.0,88.99999999999659,856,train,328.9962843264072,1.0,1.0,"(5, 2)",66a92e2b14da1ebeb591920c
56.0,87.7499999999963,857,train,330.2462843264075,1.0,1.0,"(5, 2)",66a92e2b14da1ebeb591920c
56.0,86.49999999999602,858,train,331.49628432640776,1.0,1.0,"(5, 2)",66a92e2b14da1ebeb591920c
56.0,85.24999999999574,859,train,332.74628432640804,1.0,1.0,"(5, 2)",66a92e2b14da1ebeb591920c
56.0,83.99999999999545,860,train,333.99628432640833,1.0,1.0,"(5, 2)",66a92e2b14da1ebeb591920c
56.0,82.74999999999517,861,train,335.2462843264086,1.0,1.0,"(5, 2)",66a92e2b14da1ebeb591920c
56.0,81.49999999999488,862,train,336.4962843264089,1.0,1.0,"(5, 2)",66a92e2b14da1ebeb591920c
56.0,80.2499999999946,863,train,337.7462843264092,1.0,1.0,"(5, 2)",66a92e2b14da1ebeb591920c
56.0,81.49999999999488,864,train,338.99628432640947,1.0,1.0,"(5, 2)",66a92e2b14da1ebeb591920c
56.0,82.74999999999517,865,train,340.24628432640975,1.0,1.0,"(5, 2)",66a92e2b14da1ebeb591920c
56.0,83.99999999999545,866,train,341.49628432641003,1.0,1.0,"(5, 2)",66a92e2b14da1ebeb591920c
56.0,85.24999999999574,867,train,342.7462843264103,1.0,1.0,"(5, 2)",66a92e2b14da1ebeb591920c
56.0,86.49999999999602,868,train,343.9962843264106,1.0,1.0,"(5, 2)",66a92e2b14da1ebeb591920c
56.0,87.7499999999963,869,train,345.2462843264109,1.0,1.0,"(5, 2)",66a92e2b14da1ebeb591920c
56.0,88.99999999999659,870,train,346.49628432641117,1.0,1.0,"(5, 2)",66a92e2b14da1ebeb591920c
56.0,90.24999999999687,871,train,347.74628432641146,1.0,1.0,"(5, 2)",66a92e2b14da1ebeb591920c
56.0,91.49999999999716,872,train,348.99628432641174,1.0,1.0,"(5, 2)",66a92e2b14da1ebeb591920c
56.0,92.74999999999744,873,train,350.246284326412,1.0,1.0,"(5, 2)",66a92e2b14da1ebeb591920c
56.0,93.99999999999773,874,train,351.4962843264123,1.0,1.0,"(5, 2)",66a92e2b14da1ebeb591920c
56.0,95.24999999999801,875,train,352.7462843264126,1.0,1.0,"(5, 2)",66a92e2b14da1ebeb591920c
56.0,96.4999999999983,876,train,353.9962843264129,1.0,1.0,"(5, 2)",66a92e2b14da1ebeb591920c
56.0,97.74999999999858,877,train,355.24628432641316,1.0,1.0,"(5, 2)",66a92e2b14da1ebeb591920c
56.0,98.99999999999886,878,train,356.49628432641344,1.0,1.0,"(5, 2)",66a92e2b14da1ebeb591920c
56.0,100.24999999999915,879,train,357.74628432641373,1.0,1.0,"(5, 2)",66a92e2b14da1ebeb591920c
56.0,101.49999999999943,880,train,358.996284326414,1.0,1.0,"(5, 2)",66a92e2b14da1ebeb591920c
56.0,102.74999999999972,881,train,360.2462843264143,1.0,1.0,"(5, 2)",66a92e2b14da1ebeb591920c
56.0,104.0,882,train,361.4962843264146,1.0,1.0,"(5, 2)",66a92e2b14da1ebeb591920c
56.0,104.0,883,train,361.4962843264146,1.0,1.0,"(5, 2)",66a92e2b14da1ebeb591920c
56.0,104.0,884,train,361.4962843264146,1.0,1.0,"(5, 2)",66a92e2b14da1ebeb591920c
56.0,104.0,885,train,361.4962843264146,1.0,1.0,"(5, 2)",66a92e2b14da1ebeb591920c
56.0,104.0,886,train,361.4962843264146,1.0,1.0,"(5, 2)",66a92e2b14da1ebeb591920c
56.0,104.0,887,train,361.4962843264146,1.0,1.0,"(5, 2)",66a92e2b14da1ebeb591920c
56.0,104.0,888,train,361.4962843264146,1.0,1.0,"(5, 2)",66a92e2b14da1ebeb591920c
56.0,104.0,889,train,361.4962843264146,1.0,1.0,"(5, 2)",66a92e2b14da1ebeb591920c
56.0,104.0,890,train,361.4962843264146,1.0,1.0,"(5, 2)",66a92e2b14da1ebeb591920c
56.0,104.0,891,train,361.4962843264146,1.0,1.0,"(5, 2)",66a92e2b14da1ebeb591920c
56.0,104.0,892,train,361.4962843264146,1.0,1.0,"(5, 2)",66a92e2b14da1ebeb591920c
56.0,104.0,893,train,361.4962843264146,1.0,1.0,"(5, 2)",66a92e2b14da1ebeb591920c
56.0,104.0,894,train,361.4962843264146,1.0,1.0,"(5, 2)",66a92e2b14da1ebeb591920c
56.0,104.0,895,train,361.4962843264146,1.0,1.0,"(5, 2)",66a92e2b14da1ebeb591920c
56.0,104.0,896,train,361.4962843264146,1.0,1.0,"(5, 2)",66a92e2b14da1ebeb591920c
56.0,104.0,897,train,361.4962843264146,1.0,1.0,"(5, 2)",66a92e2b14da1ebeb591920c
56.0,104.0,898,train,361.4962843264146,1.0,1.0,"(5, 2)",66a92e2b14da1ebeb591920c
56.0,104.0,899,train,361.4962843264146,1.0,1.0,"(5, 2)",66a92e2b14da1ebeb591920c
56.0,104.0,900,train,361.4962843264146,1.0,1.0,"(5, 2)",66a92e2b14da1ebeb591920c
56.0,104.0,901,train,361.4962843264146,1.0,1.0,"(5, 2)",66a92e2b14da1ebeb591920c
56.0,104.0,902,train,361.4962843264146,1.0,1.0,"(5, 2)",66a92e2b14da1ebeb591920c
56.0,104.0,903,train,361.4962843264146,1.0,1.0,"(5, 2)",66a92e2b14da1ebeb591920c
56.0,102.74999999999972,904,train,362.74628432641487,1.0,1.0,"(5, 2)",66a92e2b14da1ebeb591920c
56.0,101.49999999999943,905,train,363.99628432641515,1.0,1.0,"(5, 2)",66a92e2b14da1ebeb591920c
56.0,100.24999999999915,906,train,365.24628432641543,1.0,1.0,"(5, 2)",66a92e2b14da1ebeb591920c
56.0,98.99999999999886,907,train,366.4962843264157,1.0,1.0,"(5, 2)",66a92e2b14da1ebeb591920c
56.0,97.74999999999858,908,train,367.746284326416,1.0,1.0,"(5, 2)",66a92e2b14da1ebeb591920c
56.0,96.4999999999983,909,train,368.9962843264163,1.0,1.0,"(5, 2)",66a92e2b14da1ebeb591920c
56.0,95.24999999999801,910,train,370.24628432641657,1.0,1.0,"(5, 2)",66a92e2b14da1ebeb591920c
56.0,93.99999999999773,911,train,371.49628432641686,1.0,1.0,"(5, 2)",66a92e2b14da1ebeb591920c
56.0,92.74999999999744,912,train,372.74628432641714,1.0,1.0,"(5, 2)",66a92e2b14da1ebeb591920c
56.0,91.49999999999716,913,train,373.9962843264174,1.0,1.0,"(5, 2)",66a92e2b14da1ebeb591920c
56.0,90.24999999999687,914,train,375.2462843264177,1.0,1.0,"(5, 2)",66a92e2b14da1ebeb591920c
56.0,88.99999999999659,915,train,376.496284326418,1.0,1.0,"(5, 2)",66a92e2b14da1ebeb591920c
56.0,87.7499999999963,916,train,377.7462843264183,1.0,1.0,"(5, 2)",66a92e2b14da1ebeb591920c
56.0,86.49999999999602,917,train,378.99628432641856,1.0,1.0,"(5, 2)",66a92e2b14da1ebeb591920c
56.0,85.24999999999574,918,train,380.24628432641885,1.0,1.0,"(5, 2)",66a92e2b14da1ebeb591920c
56.0,83.99999999999545,919,train,381.49628432641913,1.0,1.0,"(5, 2)",66a92e2b14da1ebeb591920c
56.0,82.74999999999517,920,train,382.7462843264194,1.0,1.0,"(5, 2)",66a92e2b14da1ebeb591920c
56.0,81.49999999999488,921,train,383.9962843264197,1.0,1.0,"(5, 2)",66a92e2b14da1ebeb591920c
56.0,80.2499999999946,922,train,385.24628432642,1.0,1.0,"(5, 2)",66a92e2b14da1ebeb591920c
56.0,78.99999999999432,923,train,386.49628432642027,1.0,1.0,"(5, 2)",66a92e2b14da1ebeb591920c
56.0,77.74999999999403,924,train,387.74628432642055,1.0,1.0,"(5, 2)",66a92e2b14da1ebeb591920c
56.0,76.49999999999375,925,train,388.99628432642083,1.0,1.0,"(5, 2)",66a92e2b14da1ebeb591920c
56.0,75.24999999999346,926,train,390.2462843264211,1.0,1.0,"(5, 2)",66a92e2b14da1ebeb591920c
56.0,73.99999999999318,927,train,391.4962843264214,1.0,1.0,"(5, 2)",66a92e2b14da1ebeb591920c
56.0,72.7499999999929,928,train,392.7462843264217,1.0,1.0,"(5, 2)",66a92e2b14da1ebeb591920c
56.0,71.49999999999261,929,train,393.99628432642197,1.0,1.0,"(5, 2)",66a92e2b14da1ebeb591920c
56.0,70.24999999999233,930,train,395.24628432642226,1.0,1.0,"(5, 2)",66a92e2b14da1ebeb591920c
56.0,68.99999999999204,931,train,396.49628432642254,1.0,1.0,"(5, 2)",66a92e2b14da1ebeb591920c
56.0,67.74999999999176,932,train,397.7462843264228,1.0,1.0,"(5, 2)",66a92e2b14da1ebeb591920c
56.0,66.49999999999147,933,train,398.9962843264231,1.0,1.0,"(5, 2)",66a92e2b14da1ebeb591920c
56.0,65.24999999999119,934,train,400.2462843264234,1.0,1.0,"(5, 2)",66a92e2b14da1ebeb591920c
56.0,63.999999999990905,935,train,401.4962843264237,1.0,1.0,"(5, 2)",66a92e2b14da1ebeb591920c
56.0,62.74999999999062,936,train,402.74628432642396,1.0,1.0,"(5, 2)",66a92e2b14da1ebeb591920c
56.0,61.49999999999034,937,train,403.99628432642425,1.0,1.0,"(5, 2)",66a92e2b14da1ebeb591920c
56.0,60.24999999999005,938,train,405.24628432642453,1.0,1.0,"(5, 2)",66a92e2b14da1ebeb591920c
56.0,58.99999999998977,939,train,406.4962843264248,1.0,1.0,"(5, 2)",66a92e2b14da1ebeb591920c
56.0,57.749999999989484,940,train,407.7462843264251,1.0,1.0,"(5, 2)",66a92e2b14da1ebeb591920c
56.0,56.4999999999892,941,train,408.9962843264254,1.0,1.0,"(5, 2)",66a92e2b14da1ebeb591920c
56.66756619610814,55.52408922643008,942,train,410.17867447529125,1.0,1.0,"(5, 2)",66a92e2b14da1ebeb591920c
57.54594276993464,54.634732945431324,943,train,411.4286744752909,1.0,1.0,"(5, 2)",66a92e2b14da1ebeb591920c
58.42431934376114,53.74537666443257,944,train,412.67867447529056,1.0,1.0,"(5, 2)",66a92e2b14da1ebeb591920c
59.30269591758764,52.856020383433815,945,train,413.9286744752902,1.0,1.0,"(5, 2)",66a92e2b14da1ebeb591920c
60.18107249141414,51.96666410243506,946,train,415.1786744752899,1.0,1.0,"(5, 2)",66a92e2b14da1ebeb591920c
61.05944906524064,51.07730782143631,947,train,416.42867447528954,1.0,1.0,"(5, 2)",66a92e2b14da1ebeb591920c
61.93782563906714,50.18795154043755,948,train,417.6786744752892,1.0,1.0,"(5, 2)",66a92e2b14da1ebeb591920c
62.81620221289364,49.2985952594388,949,train,418.92867447528886,1.0,1.0,"(5, 2)",66a92e2b14da1ebeb591920c
63.69457878672014,48.409238978440044,950,train,420.1786744752885,1.0,1.0,"(5, 2)",66a92e2b14da1ebeb591920c
64.57295536054711,47.51988269744129,951,train,421.4286744752885,1.0,1.0,"(5, 2)",66a92e2b14da1ebeb591920c
65.45133193437432,46.630526416442535,952,train,422.6786744752887,1.0,1.0,"(5, 2)",66a92e2b14da1ebeb591920c
66.32970850820153,45.74117013544363,953,train,423.9286744752889,1.0,1.0,"(5, 2)",66a92e2b14da1ebeb591920c
67.20808508202875,44.85181385444417,954,train,425.17867447528954,1.0,1.0,"(5, 2)",66a92e2b14da1ebeb591920c
68.08646165585596,43.9624575734447,955,train,426.42867447529017,1.0,1.0,"(5, 2)",66a92e2b14da1ebeb591920c
68.96483822968317,43.07310129244524,956,train,427.6786744752908,1.0,1.0,"(5, 2)",66a92e2b14da1ebeb591920c
69.84321480351015,42.18374501144577,957,train,428.9286744752913,1.0,1.0,"(5, 2)",66a92e2b14da1ebeb591920c
70.72159137733686,41.29438873044631,958,train,430.1786744752916,1.0,1.0,"(5, 2)",66a92e2b14da1ebeb591920c
71.59996795116358,40.40503244944684,959,train,431.42867447529187,1.0,1.0,"(5, 2)",66a92e2b14da1ebeb591920c
72.76071181261503,40.18034521248124,960,train,432.61096490761065,1.0,1.0,"(5, 2)",66a92e2b14da1ebeb591920c
74.01062429121114,40.16555346310531,961,train,433.8609649076106,1.0,1.0,"(5, 2)",66a92e2b14da1ebeb591920c
75.26053676980726,40.15076171372938,962,train,435.11096490761054,1.0,1.0,"(5, 2)",66a92e2b14da1ebeb591920c
76.51044924840338,40.13596996435345,963,train,436.3609649076105,1.0,1.0,"(5, 2)",66a92e2b14da1ebeb591920c
77.76036172699949,40.12117821497752,964,train,437.6109649076104,1.0,1.0,"(5, 2)",66a92e2b14da1ebeb591920c
79.0102742055956,40.106386465601595,965,train,438.86096490761037,1.0,1.0,"(5, 2)",66a92e2b14da1ebeb591920c
80.26018668419172,40.091594716225664,966,train,440.1109649076103,1.0,1.0,"(5, 2)",66a92e2b14da1ebeb591920c
81.51009916278784,40.07680296684973,967,train,441.36096490761025,1.0,1.0,"(5, 2)",66a92e2b14da1ebeb591920c
82.76001164138395,40.0620112174738,968,train,442.6109649076102,1.0,1.0,"(5, 2)",66a92e2b14da1ebeb591920c
84.00992411998007,40.04721946809787,969,train,443.86096490761014,1.0,1.0,"(5, 2)",66a92e2b14da1ebeb591920c
85.25983659857619,40.03242771872194,970,train,445.1109649076101,1.0,1.0,"(5, 2)",66a92e2b14da1ebeb591920c
86.5097490771723,40.01763596934601,971,train,446.36096490761,1.0,1.0,"(5, 2)",66a92e2b14da1ebeb591920c
87.75966155576842,40.00284421997008,972,train,447.61096490760997,1.0,1.0,"(5, 2)",66a92e2b14da1ebeb591920c
89.00965804329874,40.00208559490665,973,train,448.86096162534574,1.0,1.0,"(5, 2)",66a92e2b14da1ebeb591920c
90.25965803120133,40.00191168335625,974,train,450.1109616253464,1.0,1.0,"(5, 2)",66a92e2b14da1ebeb591920c
91.50965801910391,40.00173777180584,975,train,451.3609616253471,1.0,1.0,"(5, 2)",66a92e2b14da1ebeb591920c
92.7596580070065,40.00156386025544,976,train,452.6109616253478,1.0,1.0,"(5, 2)",66a92e2b14da1ebeb591920c
94.00965799490908,40.00138994870503,977,train,453.86096162534847,1.0,1.0,"(5, 2)",66a92e2b14da1ebeb591920c
95.25965798281166,40.00121603715463,978,train,455.11096162534915,1.0,1.0,"(5, 2)",66a92e2b14da1ebeb591920c
96.50965797071424,40.00104212560426,979,train,456.36096162534983,1.0,1.0,"(5, 2)",66a92e2b14da1ebeb591920c
97.75965795861683,40.00086821405421,980,train,457.6109616253505,1.0,1.0,"(5, 2)",66a92e2b14da1ebeb591920c
99.00965794651941,40.00069430250416,981,train,458.8609616253512,1.0,1.0,"(5, 2)",66a92e2b14da1ebeb591920c
100.259657934422,40.00052039095411,982,train,460.1109616253519,1.0,1.0,"(5, 2)",66a92e2b14da1ebeb591920c
101.50965792232458,40.00034647940406,983,train,461.36096162535256,1.0,1.0,"(5, 2)",66a92e2b14da1ebeb591920c
102.75965791022716,40.00017256785401,984,train,462.61096162535324,1.0,1.0,"(5, 2)",66a92e2b14da1ebeb591920c
104.00965790006515,40.00002615501684,985,train,463.8609616237659,1.0,1.0,"(5, 2)",66a92e2b14da1ebeb591920c
105.25965790006401,40.0000241104223,986,train,465.1109616237664,1.0,1.0,"(5, 2)",66a92e2b14da1ebeb591920c
106.50965790006288,40.00002206582766,987,train,466.3609616237669,1.0,1.0,"(5, 2)",66a92e2b14da1ebeb591920c
107.75965790006174,40.000020021232764,988,train,467.6109616237674,1.0,1.0,"(5, 2)",66a92e2b14da1ebeb591920c
109.0096579000606,40.00001797663787,989,train,468.86096162376793,1.0,1.0,"(5, 2)",66a92e2b14da1ebeb591920c
110.25965790005947,40.00001593204298,990,train,470.11096162376845,1.0,1.0,"(5, 2)",66a92e2b14da1ebeb591920c
111.50965790005833,40.000013887448084,991,train,471.36096162376896,1.0,1.0,"(5, 2)",66a92e2b14da1ebeb591920c
112.75965790005719,40.00001184285319,992,train,472.61096162376947,1.0,1.0,"(5, 2)",66a92e2b14da1ebeb591920c
114.00965790005606,40.0000097982583,993,train,473.86096162377,1.0,1.0,"(5, 2)",66a92e2b14da1ebeb591920c
115.25965790005492,40.000007753663404,994,train,475.1109616237705,1.0,1.0,"(5, 2)",66a92e2b14da1ebeb591920c
116.50965790005378,40.00000570906851,995,train,476.360961623771,1.0,1.0,"(5, 2)",66a92e2b14da1ebeb591920c
117.75965790005264,40.00000366447362,996,train,477.6109616237715,1.0,1.0,"(5, 2)",66a92e2b14da1ebeb591920c
119.00965790005151,40.000001619878724,997,train,478.860961623772,1.0,1.0,"(5, 2)",66a92e2b14da1ebeb591920c
120.12973186413663,39.683689297438086,998,train,480.02484270461713,1.0,1.0,"(5, 2)",66a92e2b14da1ebeb591920c
121.01882620881955,38.80504759216057,999,train,481.2748427046172,1.0,1.0,"(5, 2)",66a92e2b14da1ebeb591920c
121.90792055350246,37.92640588688305,1000,train,482.52484270461724,1.0,1.0,"(5, 2)",66a92e2b14da1ebeb591920c
122.79701489818538,37.04776418160554,1001,train,483.7748427046173,1.0,1.0,"(5, 2)",66a92e2b14da1ebeb591920c
123.6861092428683,36.169122476327765,1002,train,485.0248427046175,1.0,1.0,"(5, 2)",66a92e2b14da1ebeb591920c
124.57520358755121,35.29048077104954,1003,train,486.2748427046181,1.0,1.0,"(5, 2)",66a92e2b14da1ebeb591920c
125.46429793223413,34.41183906577131,1004,train,487.52484270461866,1.0,1.0,"(5, 2)",66a92e2b14da1ebeb591920c
126.35339227691705,33.533197360493084,1005,train,488.77484270461923,1.0,1.0,"(5, 2)",66a92e2b14da1ebeb591920c
127.24248662159997,32.65455565521486,1006,train,490.0248427046198,1.0,1.0,"(5, 2)",66a92e2b14da1ebeb591920c
128.13158096628288,31.775913949936722,1007,train,491.2748427046203,1.0,1.0,"(5, 2)",66a92e2b14da1ebeb591920c
129.0206753109658,30.89727224465885,1008,train,492.5248427046206,1.0,1.0,"(5, 2)",66a92e2b14da1ebeb591920c
129.90976965564872,30.01863053938098,1009,train,493.7748427046209,1.0,1.0,"(5, 2)",66a92e2b14da1ebeb591920c
130.79886400033163,29.139988834103107,1010,train,495.02484270462116,1.0,1.0,"(5, 2)",66a92e2b14da1ebeb591920c
131.68795834501455,28.26134712882505,1011,train,496.2748427046216,1.0,1.0,"(5, 2)",66a92e2b14da1ebeb591920c
132.57705268969747,27.382705423546824,1012,train,497.5248427046222,1.0,1.0,"(5, 2)",66a92e2b14da1ebeb591920c
133.46614703438038,26.504063718268597,1013,train,498.77484270462276,1.0,1.0,"(5, 2)",66a92e2b14da1ebeb591920c
134.3552413790633,25.62542201299032,1014,train,500.0248427046233,1.0,1.0,"(5, 2)",66a92e2b14da1ebeb591920c
135.24433572374622,24.746780307711674,1015,train,501.2748427046242,1.0,1.0,"(5, 2)",66a92e2b14da1ebeb591920c
136.0,24.0,1016,train,502.33725003064944,1.0,1.0,"(5, 2)",66a92e2b14da1ebeb591920c
136.0,24.0,1017,train,502.33725003064944,1.0,1.0,"(5, 2)",66a92e2b14da1ebeb591920c
136.0,24.0,1018,train,502.33725003064944,1.0,1.0,"(5, 2)",66a92e2b14da1ebeb591920c
136.0,24.0,1019,train,502.33725003064944,1.0,1.0,"(5, 2)",66a92e2b14da1ebeb591920c
136.0,24.0,1020,train,502.33725003064944,1.0,1.0,"(5, 2)",66a92e2b14da1ebeb591920c
136.0,24.0,1021,train,502.33725003064944,1.0,1.0,"(5, 2)",66a92e2b14da1ebeb591920c
136.0,24.0,1022,train,502.33725003064944,1.0,1.0,"(5, 2)",66a92e2b14da1ebeb591920c
136.0,24.0,1023,train,502.33725003064944,1.0,1.0,"(5, 2)",66a92e2b14da1ebeb591920c
136.0,24.0,1024,train,502.33725003064944,1.0,1.0,"(5, 2)",66a92e2b14da1ebeb591920c
136.0,24.0,1025,train,502.33725003064944,1.0,1.0,"(5, 2)",66a92e2b14da1ebeb591920c
136.0,24.0,1026,train,502.33725003064944,1.0,1.0,"(5, 2)",66a92e2b14da1ebeb591920c
136.0,24.0,1027,train,502.33725003064944,1.0,1.0,"(5, 2)",66a92e2b14da1ebeb591920c
136.0,24.0,1028,train,502.33725003064944,1.0,1.0,"(5, 2)",66a92e2b14da1ebeb591920c
136.0,24.0,1029,train,502.33725003064944,1.0,1.0,"(5, 2)",66a92e2b14da1ebeb591920c
136.0,24.0,1030,train,502.33725003064944,1.0,1.0,"(5, 2)",66a92e2b14da1ebeb591920c
136.0,24.0,1031,train,502.33725003064944,1.0,1.0,"(5, 2)",66a92e2b14da1ebeb591920c
136.0,24.0,1032,train,502.33725003064944,1.0,1.0,"(5, 2)",66a92e2b14da1ebeb591920c
136.0,24.0,1033,train,502.33725003064944,1.0,1.0,"(5, 2)",66a92e2b14da1ebeb591920c
136.0,24.0,1034,train,502.33725003064944,1.0,1.0,"(5, 2)",66a92e2b14da1ebeb591920c
136.0,24.0,1035,train,502.33725003064944,1.0,1.0,"(5, 2)",66a92e2b14da1ebeb591920c
136.0,24.0,1036,train,502.33725003064944,1.0,1.0,"(5, 2)",66a92e2b14da1ebeb591920c
136.0,24.0,1037,train,502.33725003064944,1.0,1.0,"(5, 2)",66a92e2b14da1ebeb591920c
136.0,24.0,1038,train,502.33725003064944,1.0,1.0,"(5, 2)",66a92e2b14da1ebeb591920c
136.0,24.0,1039,train,502.33725003064944,1.0,1.0,"(5, 2)",66a92e2b14da1ebeb591920c
136.0,24.0,1040,train,502.33725003064944,1.0,1.0,"(5, 2)",66a92e2b14da1ebeb591920c
136.0,24.0,1041,train,502.33725003064944,1.0,1.0,"(5, 2)",66a92e2b14da1ebeb591920c
136.0,24.0,1042,train,502.33725003064944,1.0,1.0,"(5, 2)",66a92e2b14da1ebeb591920c
136.0,24.0,1043,train,502.33725003064944,1.0,1.0,"(5, 2)",66a92e2b14da1ebeb591920c
136.0,24.0,1044,train,502.33725003064944,1.0,1.0,"(5, 2)",66a92e2b14da1ebeb591920c
136.0,24.0,1045,train,502.33725003064944,1.0,1.0,"(5, 2)",66a92e2b14da1ebeb591920c
136.0,24.0,1046,train,502.33725003064944,1.0,1.0,"(5, 2)",66a92e2b14da1ebeb591920c
134.75000000000114,24.0,1047,train,503.5872500306483,1.0,1.0,"(5, 2)",66a92e2b14da1ebeb591920c
133.50000000000227,24.0,1048,train,504.83725003064717,1.0,1.0,"(5, 2)",66a92e2b14da1ebeb591920c
132.2500000000034,24.0,1049,train,506.08725003064603,1.0,1.0,"(5, 2)",66a92e2b14da1ebeb591920c
131.00000000000455,24.0,1050,train,507.3372500306449,1.0,1.0,"(5, 2)",66a92e2b14da1ebeb591920c
129.75000000000568,24.0,1051,train,508.58725003064376,1.0,1.0,"(5, 2)",66a92e2b14da1ebeb591920c
128.50000000000682,24.0,1052,train,509.8372500306426,1.0,1.0,"(5, 2)",66a92e2b14da1ebeb591920c
127.2500000000071,24.0,1053,train,511.08725003064234,1.0,1.0,"(5, 2)",66a92e2b14da1ebeb591920c
126.00000000000682,24.0,1054,train,512.3372500306426,1.0,1.0,"(5, 2)",66a92e2b14da1ebeb591920c
124.75000000000654,24.0,1055,train,513.587250030643,1.0,1.0,"(5, 2)",66a92e2b14da1ebeb591920c
123.50000000000625,24.0,1056,train,514.8372500306432,1.0,1.0,"(5, 2)",66a92e2b14da1ebeb591920c
122.25000000000597,24.0,1057,train,516.0872500306434,1.0,1.0,"(5, 2)",66a92e2b14da1ebeb591920c
121.00000000000568,24.0,1058,train,517.3372500306436,1.0,1.0,"(5, 2)",66a92e2b14da1ebeb591920c
119.7500000000054,24.0,1059,train,518.5872500306439,1.0,1.0,"(5, 2)",66a92e2b14da1ebeb591920c
118.50000000000512,24.0,1060,train,519.8372500306441,1.0,1.0,"(5, 2)",66a92e2b14da1ebeb591920c
117.25000000000483,24.0,1061,train,521.0872500306443,1.0,1.0,"(5, 2)",66a92e2b14da1ebeb591920c
116.00000000000455,24.0,1062,train,522.3372500306446,1.0,1.0,"(5, 2)",66a92e2b14da1ebeb591920c
114.75000000000426,24.0,1063,train,523.5872500306448,1.0,1.0,"(5, 2)",66a92e2b14da1ebeb591920c
113.50000000000398,24.0,1064,train,524.837250030645,1.0,1.0,"(5, 2)",66a92e2b14da1ebeb591920c
112.2500000000037,24.0,1065,train,526.0872500306452,1.0,1.0,"(5, 2)",66a92e2b14da1ebeb591920c
111.00000000000341,24.0,1066,train,527.3372500306455,1.0,1.0,"(5, 2)",66a92e2b14da1ebeb591920c
109.75000000000313,24.0,1067,train,528.5872500306457,1.0,1.0,"(5, 2)",66a92e2b14da1ebeb591920c
108.50000000000284,24.0,1068,train,529.8372500306459,1.0,1.0,"(5, 2)",66a92e2b14da1ebeb591920c
107.25000000000256,24.0,1069,train,531.0872500306461,1.0,1.0,"(5, 2)",66a92e2b14da1ebeb591920c
106.00000000000227,24.0,1070,train,532.3372500306464,1.0,1.0,"(5, 2)",66a92e2b14da1ebeb591920c
104.75000000000199,24.0,1071,train,533.5872500306466,1.0,1.0,"(5, 2)",66a92e2b14da1ebeb591920c
103.5000000000017,24.0,1072,train,534.8372500306468,1.0,1.0,"(5, 2)",66a92e2b14da1ebeb591920c
102.25000000000142,24.0,1073,train,536.087250030647,1.0,1.0,"(5, 2)",66a92e2b14da1ebeb591920c
101.00000000000114,24.0,1074,train,537.3372500306473,1.0,1.0,"(5, 2)",66a92e2b14da1ebeb591920c
99.75000000000085,24.0,1075,train,538.5872500306475,1.0,1.0,"(5, 2)",66a92e2b14da1ebeb591920c
98.50000000000057,24.0,1076,train,539.8372500306477,1.0,1.0,"(5, 2)",66a92e2b14da1ebeb591920c
97.25000000000028,24.0,1077,train,541.087250030648,1.0,1.0,"(5, 2)",66a92e2b14da1ebeb591920c
96.0,24.0,1078,train,542.3372500306482,1.0,1.0,"(5, 2)",66a92e2b14da1ebeb591920c
94.74999999999972,24.0,1079,train,543.5872500306484,1.0,1.0,"(5, 2)",66a92e2b14da1ebeb591920c
93.49999999999943,24.0,1080,train,544.8372500306486,1.0,1.0,"(5, 2)",66a92e2b14da1ebeb591920c
92.24999999999915,24.0,1081,train,546.0872500306489,1.0,1.0,"(5, 2)",66a92e2b14da1ebeb591920c
90.99999999999886,24.0,1082,train,547.3372500306491,1.0,1.0,"(5, 2)",66a92e2b14da1ebeb591920c
89.74999999999858,24.0,1083,train,548.5872500306493,1.0,1.0,"(5, 2)",66a92e2b14da1ebeb591920c
88.4999999999983,24.0,1084,train,549.8372500306496,1.0,1.0,"(5, 2)",66a92e2b14da1ebeb591920c
87.24999999999801,24.0,1085,train,551.0872500306498,1.0,1.0,"(5, 2)",66a92e2b14da1ebeb591920c
85.99999999999773,24.0,1086,train,552.33725003065,1.0,1.0,"(5, 2)",66a92e2b14da1ebeb591920c
84.74999999999744,24.0,1087,train,553.5872500306502,1.0,1.0,"(5, 2)",66a92e2b14da1ebeb591920c
83.49999999999716,24.0,1088,train,554.8372500306505,1.0,1.0,"(5, 2)",66a92e2b14da1ebeb591920c
82.24999999999687,24.0,1089,train,556.0872500306507,1.0,1.0,"(5, 2)",66a92e2b14da1ebeb591920c
80.99999999999659,24.0,1090,train,557.3372500306509,1.0,1.0,"(5, 2)",66a92e2b14da1ebeb591920c
79.7499999999963,24.0,1091,train,558.5872500306511,1.0,1.0,"(5, 2)",66a92e2b14da1ebeb591920c
78.49999999999602,24.0,1092,train,559.8372500306514,1.0,1.0,"(5, 2)",66a92e2b14da1ebeb591920c
77.24999999999574,24.0,1093,train,561.0872500306516,1.0,1.0,"(5, 2)",66a92e2b14da1ebeb591920c
75.99999999999545,24.0,1094,train,562.3372500306518,1.0,1.0,"(5, 2)",66a92e2b14da1ebeb591920c
74.74999999999517,24.0,1095,train,563.5872500306521,1.0,1.0,"(5, 2)",66a92e2b14da1ebeb591920c
73.49999999999488,24.0,1096,train,564.8372500306523,1.0,1.0,"(5, 2)",66a92e2b14da1ebeb591920c
72.2499999999946,24.0,1097,train,566.0872500306525,1.0,1.0,"(5, 2)",66a92e2b14da1ebeb591920c
71.34621797023578,24.84324151087344,1098,train,567.3233237351601,1.0,1.0,"(5, 2)",66a92e2b14da1ebeb591920c
70.45686168923703,25.72161808469994,1099,train,568.5733237351598,1.0,1.0,"(5, 2)",66a92e2b14da1ebeb591920c
69.56750540823828,26.59999465852644,1100,train,569.8233237351594,1.0,1.0,"(5, 2)",66a92e2b14da1ebeb591920c
68.67814912723952,27.47837123235294,1101,train,571.0733237351591,1.0,1.0,"(5, 2)",66a92e2b14da1ebeb591920c
67.78879284624077,28.356747806179442,1102,train,572.3233237351587,1.0,1.0,"(5, 2)",66a92e2b14da1ebeb591920c
66.89943656524201,29.235124380005942,1103,train,573.5733237351584,1.0,1.0,"(5, 2)",66a92e2b14da1ebeb591920c
66.01008028424326,30.113500953832443,1104,train,574.823323735158,1.0,1.0,"(5, 2)",66a92e2b14da1ebeb591920c
65.1207240032445,30.991877527658943,1105,train,576.0733237351577,1.0,1.0,"(5, 2)",66a92e2b14da1ebeb591920c
64.23136772224575,31.870254101485443,1106,train,577.3233237351574,1.0,1.0,"(5, 2)",66a92e2b14da1ebeb591920c
63.34201144124647,32.748630675311944,1107,train,578.5733237351574,1.0,1.0,"(5, 2)",66a92e2b14da1ebeb591920c
62.452655160247005,33.627007249138444,1108,train,579.8233237351575,1.0,1.0,"(5, 2)",66a92e2b14da1ebeb591920c
61.56329887924754,34.505383822964944,1109,train,581.0733237351576,1.0,1.0,"(5, 2)",66a92e2b14da1ebeb591920c
60.673942598248075,35.383760396791445,1110,train,582.3233237351577,1.0,1.0,"(5, 2)",66a92e2b14da1ebeb591920c
59.78458631724861,36.262136970617945,1111,train,583.5733237351578,1.0,1.0,"(5, 2)",66a92e2b14da1ebeb591920c
58.895230036249146,37.140513544444445,1112,train,584.8233237351579,1.0,1.0,"(5, 2)",66a92e2b14da1ebeb591920c
58.00587375524984,38.018890118270946,1113,train,586.0733237351579,1.0,1.0,"(5, 2)",66a92e2b14da1ebeb591920c
57.11651747425088,38.897266692097446,1114,train,587.3233237351577,1.0,1.0,"(5, 2)",66a92e2b14da1ebeb591920c
56.22716119325191,39.77564326592395,1115,train,588.5733237351575,1.0,1.0,"(5, 2)",66a92e2b14da1ebeb591920c
56.0,40.0,1116,train,588.8926012818858,1.0,1.0,"(5, 2)",66a92e2b14da1ebeb591920c
56.0,40.0,1117,train,588.8926012818858,1.0,1.0,"(5, 2)",66a92e2b14da1ebeb591920c
56.0,40.0,1118,train,588.8926012818858,1.0,1.0,"(5, 2)",66a92e2b14da1ebeb591920c
56.0,40.0,1119,train,588.8926012818858,1.0,1.0,"(5, 2)",66a92e2b14da1ebeb591920c
56.0,40.0,1120,train,588.8926012818858,1.0,1.0,"(5, 2)",66a92e2b14da1ebeb591920c
56.0,40.0,1121,train,588.8926012818858,1.0,1.0,"(5, 2)",66a92e2b14da1ebeb591920c
56.0,40.0,1122,train,588.8926012818858,1.0,1.0,"(5, 2)",66a92e2b14da1ebeb591920c
56.0,40.0,1123,train,588.8926012818858,1.0,1.0,"(5, 2)",66a92e2b14da1ebeb591920c
56.0,40.0,1124,train,588.8926012818858,1.0,1.0,"(5, 2)",66a92e2b14da1ebeb591920c
56.0,40.0,1125,train,588.8926012818858,1.0,1.0,"(5, 2)",66a92e2b14da1ebeb591920c
56.0,40.0,1126,train,588.8926012818858,1.0,1.0,"(5, 2)",66a92e2b14da1ebeb591920c
56.0,40.0,1127,train,588.8926012818858,1.0,1.0,"(5, 2)",66a92e2b14da1ebeb591920c
56.0,40.0,1128,train,588.8926012818858,1.0,1.0,"(5, 2)",66a92e2b14da1ebeb591920c
56.0,40.0,1129,train,588.8926012818858,1.0,1.0,"(5, 2)",66a92e2b14da1ebeb591920c
56.0,40.0,1130,train,588.8926012818858,1.0,1.0,"(5, 2)",66a92e2b14da1ebeb591920c
56.0,40.0,1131,train,588.8926012818858,1.0,1.0,"(5, 2)",66a92e2b14da1ebeb591920c
56.0,40.0,1132,train,588.8926012818858,1.0,1.0,"(5, 2)",66a92e2b14da1ebeb591920c
56.0,40.0,1133,train,588.8926012818858,1.0,1.0,"(5, 2)",66a92e2b14da1ebeb591920c
56.0,40.0,1134,train,588.8926012818858,1.0,1.0,"(5, 2)",66a92e2b14da1ebeb591920c
56.0,40.0,1135,train,588.8926012818858,1.0,1.0,"(5, 2)",66a92e2b14da1ebeb591920c
56.0,40.0,1136,train,588.8926012818858,1.0,1.0,"(5, 2)",66a92e2b14da1ebeb591920c
56.0,40.0,1137,train,588.8926012818858,1.0,1.0,"(5, 2)",66a92e2b14da1ebeb591920c
56.0,40.0,1138,train,588.8926012818858,1.0,1.0,"(5, 2)",66a92e2b14da1ebeb591920c
56.0,40.0,1139,train,588.8926012818858,1.0,1.0,"(5, 2)",66a92e2b14da1ebeb591920c
56.0,40.0,1140,train,588.8926012818858,1.0,1.0,"(5, 2)",66a92e2b14da1ebeb591920c
56.0,40.0,1141,train,588.8926012818858,1.0,1.0,"(5, 2)",66a92e2b14da1ebeb591920c
56.0,40.0,1142,train,588.8926012818858,1.0,1.0,"(5, 2)",66a92e2b14da1ebeb591920c
56.0,40.0,1143,train,588.8926012818858,1.0,1.0,"(5, 2)",66a92e2b14da1ebeb591920c
56.0,40.0,1144,train,588.8926012818858,1.0,1.0,"(5, 2)",66a92e2b14da1ebeb591920c
56.0,40.0,1145,train,588.8926012818858,1.0,1.0,"(5, 2)",66a92e2b14da1ebeb591920c
56.0,40.0,1146,train,588.8926012818858,1.0,1.0,"(5, 2)",66a92e2b14da1ebeb591920c
56.0,40.0,1147,train,588.8926012818858,1.0,1.0,"(5, 2)",66a92e2b14da1ebeb591920c
57.250000000000284,40.0,1148,train,590.1426012818861,1.0,1.0,"(5, 2)",66a92e2b14da1ebeb591920c
58.50000000000057,40.0,1149,train,591.3926012818863,1.0,1.0,"(5, 2)",66a92e2b14da1ebeb591920c
59.75000000000085,40.0,1150,train,592.6426012818865,1.0,1.0,"(5, 2)",66a92e2b14da1ebeb591920c
61.00000000000114,40.0,1151,train,593.8926012818868,1.0,1.0,"(5, 2)",66a92e2b14da1ebeb591920c
62.25000000000142,40.0,1152,train,595.142601281887,1.0,1.0,"(5, 2)",66a92e2b14da1ebeb591920c
63.500000000001705,40.0,1153,train,596.3926012818872,1.0,1.0,"(5, 2)",66a92e2b14da1ebeb591920c
64.75000000000199,40.0,1154,train,597.6426012818874,1.0,1.0,"(5, 2)",66a92e2b14da1ebeb591920c
66.00000000000227,40.0,1155,train,598.8926012818877,1.0,1.0,"(5, 2)",66a92e2b14da1ebeb591920c
67.25000000000256,40.0,1156,train,600.1426012818879,1.0,1.0,"(5, 2)",66a92e2b14da1ebeb591920c
68.50000000000284,40.0,1157,train,601.3926012818881,1.0,1.0,"(5, 2)",66a92e2b14da1ebeb591920c
69.75000000000313,40.0,1158,train,602.6426012818883,1.0,1.0,"(5, 2)",66a92e2b14da1ebeb591920c
71.00000000000341,40.0,1159,train,603.8926012818886,1.0,1.0,"(5, 2)",66a92e2b14da1ebeb591920c
72.2500000000037,40.0,1160,train,605.1426012818888,1.0,1.0,"(5, 2)",66a92e2b14da1ebeb591920c
73.50000000000398,40.0,1161,train,606.392601281889,1.0,1.0,"(5, 2)",66a92e2b14da1ebeb591920c
74.75000000000426,40.0,1162,train,607.6426012818893,1.0,1.0,"(5, 2)",66a92e2b14da1ebeb591920c
76.00000000000455,40.0,1163,train,608.8926012818895,1.0,1.0,"(5, 2)",66a92e2b14da1ebeb591920c
77.25000000000483,40.0,1164,train,610.1426012818897,1.0,1.0,"(5, 2)",66a92e2b14da1ebeb591920c
78.50000000000512,40.0,1165,train,611.3926012818899,1.0,1.0,"(5, 2)",66a92e2b14da1ebeb591920c
79.7500000000054,40.0,1166,train,612.6426012818902,1.0,1.0,"(5, 2)",66a92e2b14da1ebeb591920c
81.00000000000568,40.0,1167,train,613.8926012818904,1.0,1.0,"(5, 2)",66a92e2b14da1ebeb591920c
82.25000000000597,40.0,1168,train,615.1426012818906,1.0,1.0,"(5, 2)",66a92e2b14da1ebeb591920c
83.50000000000625,40.0,1169,train,616.3926012818908,1.0,1.0,"(5, 2)",66a92e2b14da1ebeb591920c
84.75000000000654,40.0,1170,train,617.6426012818911,1.0,1.0,"(5, 2)",66a92e2b14da1ebeb591920c
86.00000000000682,40.0,1171,train,618.8926012818913,1.0,1.0,"(5, 2)",66a92e2b14da1ebeb591920c
87.2500000000071,40.0,1172,train,620.1426012818915,1.0,1.0,"(5, 2)",66a92e2b14da1ebeb591920c
88.50000000000739,40.0,1173,train,621.3926012818918,1.0,1.0,"(5, 2)",66a92e2b14da1ebeb591920c
89.75000000000767,40.0,1174,train,622.642601281892,1.0,1.0,"(5, 2)",66a92e2b14da1ebeb591920c
91.00000000000796,40.0,1175,train,623.8926012818922,1.0,1.0,"(5, 2)",66a92e2b14da1ebeb591920c
92.25000000000824,40.0,1176,train,625.1426012818924,1.0,1.0,"(5, 2)",66a92e2b14da1ebeb591920c
93.50000000000853,40.0,1177,train,626.3926012818927,1.0,1.0,"(5, 2)",66a92e2b14da1ebeb591920c
94.75000000000881,40.0,1178,train,627.6426012818929,1.0,1.0,"(5, 2)",66a92e2b14da1ebeb591920c
96.0000000000091,40.0,1179,train,628.8926012818931,1.0,1.0,"(5, 2)",66a92e2b14da1ebeb591920c
97.25000000000938,40.0,1180,train,630.1426012818933,1.0,1.0,"(5, 2)",66a92e2b14da1ebeb591920c
98.50000000000966,40.0,1181,train,631.3926012818936,1.0,1.0,"(5, 2)",66a92e2b14da1ebeb591920c
99.75000000000995,40.0,1182,train,632.6426012818938,1.0,1.0,"(5, 2)",66a92e2b14da1ebeb591920c
101.00000000001023,40.0,1183,train,633.892601281894,1.0,1.0,"(5, 2)",66a92e2b14da1ebeb591920c
102.25000000001052,40.0,1184,train,635.1426012818943,1.0,1.0,"(5, 2)",66a92e2b14da1ebeb591920c
103.5000000000108,40.0,1185,train,636.3926012818945,1.0,1.0,"(5, 2)",66a92e2b14da1ebeb591920c
104.75000000001108,40.0,1186,train,637.6426012818947,1.0,1.0,"(5, 2)",66a92e2b14da1ebeb591920c
106.00000000001137,40.0,1187,train,638.8926012818949,1.0,1.0,"(5, 2)",66a92e2b14da1ebeb591920c
107.25000000001165,40.0,1188,train,640.1426012818952,1.0,1.0,"(5, 2)",66a92e2b14da1ebeb591920c
108.50000000001194,40.0,1189,train,641.3926012818954,1.0,1.0,"(5, 2)",66a92e2b14da1ebeb591920c
107.25000000001165,40.0,1190,train,642.6426012818956,1.0,1.0,"(5, 2)",66a92e2b14da1ebeb591920c
106.00000000001137,40.0,1191,train,643.8926012818958,1.0,1.0,"(5, 2)",66a92e2b14da1ebeb591920c
104.75000000001108,40.0,1192,train,645.1426012818961,1.0,1.0,"(5, 2)",66a92e2b14da1ebeb591920c
103.5000000000108,40.0,1193,train,646.3926012818963,1.0,1.0,"(5, 2)",66a92e2b14da1ebeb591920c
102.25000000001052,40.0,1194,train,647.6426012818965,1.0,1.0,"(5, 2)",66a92e2b14da1ebeb591920c
101.00000000001023,40.0,1195,train,648.8926012818968,1.0,1.0,"(5, 2)",66a92e2b14da1ebeb591920c
99.75000000000995,40.0,1196,train,650.142601281897,1.0,1.0,"(5, 2)",66a92e2b14da1ebeb591920c
98.50000000000966,40.0,1197,train,651.3926012818972,1.0,1.0,"(5, 2)",66a92e2b14da1ebeb591920c
97.25000000000938,40.0,1198,train,652.6426012818974,1.0,1.0,"(5, 2)",66a92e2b14da1ebeb591920c
96.0000000000091,40.0,1199,train,653.8926012818977,1.0,1.0,"(5, 2)",66a92e2b14da1ebeb591920c
94.75000000000881,40.0,1200,train,655.1426012818979,1.0,1.0,"(5, 2)",66a92e2b14da1ebeb591920c
93.50000000000853,40.0,1201,train,656.3926012818981,1.0,1.0,"(5, 2)",66a92e2b14da1ebeb591920c
92.25000000000824,40.0,1202,train,657.6426012818984,1.0,1.0,"(5, 2)",66a92e2b14da1ebeb591920c
91.00000000000796,40.0,1203,train,658.8926012818986,1.0,1.0,"(5, 2)",66a92e2b14da1ebeb591920c
89.75000000000767,40.0,1204,train,660.1426012818988,1.0,1.0,"(5, 2)",66a92e2b14da1ebeb591920c
88.50000000000739,40.0,1205,train,661.392601281899,1.0,1.0,"(5, 2)",66a92e2b14da1ebeb591920c
87.2500000000071,40.0,1206,train,662.6426012818993,1.0,1.0,"(5, 2)",66a92e2b14da1ebeb591920c
86.00000000000682,40.0,1207,train,663.8926012818995,1.0,1.0,"(5, 2)",66a92e2b14da1ebeb591920c
84.75000000000654,40.0,1208,train,665.1426012818997,1.0,1.0,"(5, 2)",66a92e2b14da1ebeb591920c
83.50000000000625,40.0,1209,train,666.3926012818999,1.0,1.0,"(5, 2)",66a92e2b14da1ebeb591920c
82.25000000000597,40.0,1210,train,667.6426012819002,1.0,1.0,"(5, 2)",66a92e2b14da1ebeb591920c
81.00000000000568,40.0,1211,train,668.8926012819004,1.0,1.0,"(5, 2)",66a92e2b14da1ebeb591920c
79.7500000000054,40.0,1212,train,670.1426012819006,1.0,1.0,"(5, 2)",66a92e2b14da1ebeb591920c
78.50000000000512,40.0,1213,train,671.3926012819009,1.0,1.0,"(5, 2)",66a92e2b14da1ebeb591920c
77.25000000000483,40.0,1214,train,672.6426012819011,1.0,1.0,"(5, 2)",66a92e2b14da1ebeb591920c
76.00000000000455,40.0,1215,train,673.8926012819013,1.0,1.0,"(5, 2)",66a92e2b14da1ebeb591920c
74.75000000000426,40.0,1216,train,675.1426012819015,1.0,1.0,"(5, 2)",66a92e2b14da1ebeb591920c
73.50000000000398,40.0,1217,train,676.3926012819018,1.0,1.0,"(5, 2)",66a92e2b14da1ebeb591920c
72.2500000000037,40.0,1218,train,677.642601281902,1.0,1.0,"(5, 2)",66a92e2b14da1ebeb591920c
71.34293363275388,40.834783745235654,1219,train,678.8753353553767,1.0,1.0,"(5, 2)",66a92e2b14da1ebeb591920c
70.45391640406989,41.71350347706266,1220,train,680.1253353553764,1.0,1.0,"(5, 2)",66a92e2b14da1ebeb591920c
69.56489917538589,42.59222320888966,1221,train,681.375335355376,1.0,1.0,"(5, 2)",66a92e2b14da1ebeb591920c
68.67588194670189,43.47094294071667,1222,train,682.6253353553757,1.0,1.0,"(5, 2)",66a92e2b14da1ebeb591920c
67.7868647180179,44.34966267254367,1223,train,683.8753353553753,1.0,1.0,"(5, 2)",66a92e2b14da1ebeb591920c
66.8978474893339,45.22838240437068,1224,train,685.125335355375,1.0,1.0,"(5, 2)",66a92e2b14da1ebeb591920c
66.0088302606499,46.10710213619768,1225,train,686.3753353553747,1.0,1.0,"(5, 2)",66a92e2b14da1ebeb591920c
65.11981303196518,46.985821868024686,1226,train,687.6253353553748,1.0,1.0,"(5, 2)",66a92e2b14da1ebeb591920c
64.23079580328026,47.86454159985169,1227,train,688.8753353553751,1.0,1.0,"(5, 2)",66a92e2b14da1ebeb591920c
63.3417785745955,48.743261331678696,1228,train,690.1253353553753,1.0,1.0,"(5, 2)",66a92e2b14da1ebeb591920c
62.452761345910794,49.6219810635057,1229,train,691.3753353553755,1.0,1.0,"(5, 2)",66a92e2b14da1ebeb591920c
61.563744117226086,50.500700795332705,1230,train,692.6253353553756,1.0,1.0,"(5, 2)",66a92e2b14da1ebeb591920c
60.67472688854138,51.37942052715971,1231,train,693.8753353553757,1.0,1.0,"(5, 2)",66a92e2b14da1ebeb591920c
59.78570965985667,52.258140258986714,1232,train,695.1253353553758,1.0,1.0,"(5, 2)",66a92e2b14da1ebeb591920c
58.896692431171964,53.136859990813505,1233,train,696.3753353553758,1.0,1.0,"(5, 2)",66a92e2b14da1ebeb591920c
58.007675202487256,54.015579722640005,1234,train,697.6253353553756,1.0,1.0,"(5, 2)",66a92e2b14da1ebeb591920c
57.11865797380255,54.89429945446651,1235,train,698.8753353553753,1.0,1.0,"(5, 2)",66a92e2b14da1ebeb591920c
56.22964074511784,55.77301918629301,1236,train,700.1253353553751,1.0,1.0,"(5, 2)",66a92e2b14da1ebeb591920c
56.17969753653818,57.00808178211022,1237,train,701.3614073353464,1.0,1.0,"(5, 2)",66a92e2b14da1ebeb591920c
56.16471574546289,58.25799199726037,1238,train,702.6114073353466,1.0,1.0,"(5, 2)",66a92e2b14da1ebeb591920c
56.14973395438761,59.50790221241052,1239,train,703.8614073353468,1.0,1.0,"(5, 2)",66a92e2b14da1ebeb591920c
56.13475216331232,60.75781242756067,1240,train,705.111407335347,1.0,1.0,"(5, 2)",66a92e2b14da1ebeb591920c
56.119770372237035,62.007722642710824,1241,train,706.3614073353473,1.0,1.0,"(5, 2)",66a92e2b14da1ebeb591920c
56.10478858116175,63.257632857860976,1242,train,707.6114073353475,1.0,1.0,"(5, 2)",66a92e2b14da1ebeb591920c
56.08980679008646,64.50754307301084,1243,train,708.8614073353474,1.0,1.0,"(5, 2)",66a92e2b14da1ebeb591920c
56.07482499901118,65.75745328816028,1244,train,710.1114073353469,1.0,1.0,"(5, 2)",66a92e2b14da1ebeb591920c
56.05984320793595,67.00736350330972,1245,train,711.3614073353465,1.0,1.0,"(5, 2)",66a92e2b14da1ebeb591920c
56.044861416861025,68.25727371845916,1246,train,712.611407335346,1.0,1.0,"(5, 2)",66a92e2b14da1ebeb591920c
56.0298796257861,69.5071839336086,1247,train,713.8614073353456,1.0,1.0,"(5, 2)",66a92e2b14da1ebeb591920c
56.01489783471118,70.75709414875804,1248,train,715.1114073353451,1.0,1.0,"(5, 2)",66a92e2b14da1ebeb591920c
56.00228456066761,72.00701872744294,1249,train,716.3613955541227,1.0,1.0,"(5, 2)",66a92e2b14da1ebeb591920c
56.00210600103866,73.25701871468898,1250,train,717.6113955541222,1.0,1.0,"(5, 2)",66a92e2b14da1ebeb591920c
56.00192744140971,74.50701870193502,1251,train,718.8613955541216,1.0,1.0,"(5, 2)",66a92e2b14da1ebeb591920c
56.00174888178076,75.75701868918107,1252,train,720.111395554121,1.0,1.0,"(5, 2)",66a92e2b14da1ebeb591920c
56.001570322151814,77.00701867642711,1253,train,721.3613955541205,1.0,1.0,"(5, 2)",66a92e2b14da1ebeb591920c
56.001391762522786,78.25701866367315,1254,train,722.6113955541199,1.0,1.0,"(5, 2)",66a92e2b14da1ebeb591920c
56.00121320289348,79.50701865091919,1255,train,723.8613955541193,1.0,1.0,"(5, 2)",66a92e2b14da1ebeb591920c
56.00103464326418,80.75701863816523,1256,train,725.1113955541188,1.0,1.0,"(5, 2)",66a92e2b14da1ebeb591920c
56.00085608363487,82.00701862541128,1257,train,726.3613955541182,1.0,1.0,"(5, 2)",66a92e2b14da1ebeb591920c
56.00067752400557,83.25701861265732,1258,train,727.6113955541176,1.0,1.0,"(5, 2)",66a92e2b14da1ebeb591920c
56.00049896437627,84.50701859990336,1259,train,728.861395554117,1.0,1.0,"(5, 2)",66a92e2b14da1ebeb591920c
56.000320404746965,85.7570185871494,1260,train,730.1113955541165,1.0,1.0,"(5, 2)",66a92e2b14da1ebeb591920c
56.00014184511766,87.00701857439545,1261,train,731.3613955541159,1.0,1.0,"(5, 2)",66a92e2b14da1ebeb591920c
56.00002680087433,88.2570185662325,1262,train,732.611395551247,1.0,1.0,"(5, 2)",66a92e2b14da1ebeb591920c
56.00002467287273,89.50701856623137,1263,train,733.8613955512477,1.0,1.0,"(5, 2)",66a92e2b14da1ebeb591920c
56.000022544871136,90.75701856623023,1264,train,735.1113955512484,1.0,1.0,"(5, 2)",66a92e2b14da1ebeb591920c
56.00002041686954,92.00701856622909,1265,train,736.3613955512491,1.0,1.0,"(5, 2)",66a92e2b14da1ebeb591920c
56.00001828886794,93.25701856622796,1266,train,737.6113955512498,1.0,1.0,"(5, 2)",66a92e2b14da1ebeb591920c
56.000016160866345,94.50701856622682,1267,train,738.8613955512504,1.0,1.0,"(5, 2)",66a92e2b14da1ebeb591920c
56.00001403286447,95.75701856622568,1268,train,740.1113955512511,1.0,1.0,"(5, 2)",66a92e2b14da1ebeb591920c
56.00001190486252,97.00701856622454,1269,train,741.3613955512518,1.0,1.0,"(5, 2)",66a92e2b14da1ebeb591920c
56.000009776860566,98.25701856622341,1270,train,742.6113955512525,1.0,1.0,"(5, 2)",66a92e2b14da1ebeb591920c
56.00000764885861,99.50701856622227,1271,train,743.8613955512532,1.0,1.0,"(5, 2)",66a92e2b14da1ebeb591920c
56.00000552085666,100.75701856622113,1272,train,745.1113955512538,1.0,1.0,"(5, 2)",66a92e2b14da1ebeb591920c
56.00000339285471,102.00701856622,1273,train,746.3613955512545,1.0,1.0,"(5, 2)",66a92e2b14da1ebeb591920c
56.000001264852756,103.25701856621886,1274,train,747.6113955512552,1.0,1.0,"(5, 2)",66a92e2b14da1ebeb591920c
56.0,104.0,1275,train,748.3543769850374,1.0,1.0,"(5, 2)",66a92e2b14da1ebeb591920c
56.0,104.0,1276,train,748.3543769850374,1.0,1.0,"(5, 2)",66a92e2b14da1ebeb591920c
56.0,104.0,1277,train,748.3543769850374,1.0,1.0,"(5, 2)",66a92e2b14da1ebeb591920c
56.0,104.0,1278,train,748.3543769850374,1.0,1.0,"(5, 2)",66a92e2b14da1ebeb591920c
56.0,104.0,1279,train,748.3543769850374,1.0,1.0,"(5, 2)",66a92e2b14da1ebeb591920c
56.0,104.0,1280,train,748.3543769850374,1.0,1.0,"(5, 2)",66a92e2b14da1ebeb591920c
56.0,104.0,1281,train,748.3543769850374,1.0,1.0,"(5, 2)",66a92e2b14da1ebeb591920c
56.0,104.0,1282,train,748.3543769850374,1.0,1.0,"(5, 2)",66a92e2b14da1ebeb591920c
56.0,104.0,1283,train,748.3543769850374,1.0,1.0,"(5, 2)",66a92e2b14da1ebeb591920c
56.0,104.0,1284,train,748.3543769850374,1.0,1.0,"(5, 2)",66a92e2b14da1ebeb591920c
56.0,104.0,1285,train,748.3543769850374,1.0,1.0,"(5, 2)",66a92e2b14da1ebeb591920c
56.0,104.0,1286,train,748.3543769850374,1.0,1.0,"(5, 2)",66a92e2b14da1ebeb591920c
56.0,104.0,1287,train,748.3543769850374,1.0,1.0,"(5, 2)",66a92e2b14da1ebeb591920c
56.0,104.0,1288,train,748.3543769850374,1.0,1.0,"(5, 2)",66a92e2b14da1ebeb591920c
56.0,104.0,1289,train,748.3543769850374,1.0,1.0,"(5, 2)",66a92e2b14da1ebeb591920c
56.0,104.0,1290,train,748.3543769850374,1.0,1.0,"(5, 2)",66a92e2b14da1ebeb591920c
56.0,104.0,1291,train,748.3543769850374,1.0,1.0,"(5, 2)",66a92e2b14da1ebeb591920c
56.0,104.0,1292,train,748.3543769850374,1.0,1.0,"(5, 2)",66a92e2b14da1ebeb591920c
56.0,104.0,1293,train,748.3543769850374,1.0,1.0,"(5, 2)",66a92e2b14da1ebeb591920c
56.0,104.0,1294,train,748.3543769850374,1.0,1.0,"(5, 2)",66a92e2b14da1ebeb591920c
56.0,104.0,1295,train,748.3543769850374,1.0,1.0,"(5, 2)",66a92e2b14da1ebeb591920c
56.0,104.0,1296,train,748.3543769850374,1.0,1.0,"(5, 2)",66a92e2b14da1ebeb591920c
56.0,104.0,1297,train,748.3543769850374,1.0,1.0,"(5, 2)",66a92e2b14da1ebeb591920c
56.0,104.0,1298,train,748.3543769850374,1.0,1.0,"(5, 2)",66a92e2b14da1ebeb591920c
56.0,104.0,1299,train,748.3543769850374,1.0,1.0,"(5, 2)",66a92e2b14da1ebeb591920c
56.0,104.0,1300,train,748.3543769850374,1.0,1.0,"(5, 2)",66a92e2b14da1ebeb591920c
56.0,104.0,1301,train,748.3543769850374,1.0,1.0,"(5, 2)",66a92e2b14da1ebeb591920c
56.0,104.0,1302,train,748.3543769850374,1.0,1.0,"(5, 2)",66a92e2b14da1ebeb591920c
56.0,104.0,1303,train,748.3543769850374,1.0,1.0,"(5, 2)",66a92e2b14da1ebeb591920c
56.0,104.0,1304,train,748.3543769850374,1.0,1.0,"(5, 2)",66a92e2b14da1ebeb591920c
56.0,104.0,1305,train,748.3543769850374,1.0,1.0,"(5, 2)",66a92e2b14da1ebeb591920c
56.0,104.0,1306,train,748.3543769850374,1.0,1.0,"(5, 2)",66a92e2b14da1ebeb591920c
56.0,104.0,1307,train,748.3543769850374,1.0,1.0,"(5, 2)",66a92e2b14da1ebeb591920c
56.0,104.0,1308,train,748.3543769850374,1.0,1.0,"(5, 2)",66a92e2b14da1ebeb591920c
56.0,104.0,1309,train,748.3543769850374,1.0,1.0,"(5, 2)",66a92e2b14da1ebeb591920c
56.0,104.0,1310,train,748.3543769850374,1.0,1.0,"(5, 2)",66a92e2b14da1ebeb591920c
56.0,104.0,1311,train,748.3543769850374,1.0,1.0,"(5, 2)",66a92e2b14da1ebeb591920c
56.0,104.0,1312,train,748.3543769850374,1.0,1.0,"(5, 2)",66a92e2b14da1ebeb591920c
56.0,104.0,1313,train,748.3543769850374,1.0,1.0,"(5, 2)",66a92e2b14da1ebeb591920c
56.0,104.0,1314,train,748.3543769850374,1.0,1.0,"(5, 2)",66a92e2b14da1ebeb591920c
56.0,104.0,1315,train,748.3543769850374,1.0,1.0,"(5, 2)",66a92e2b14da1ebeb591920c
56.0,104.0,1316,train,748.3543769850374,1.0,1.0,"(5, 2)",66a92e2b14da1ebeb591920c
56.0,104.0,1317,train,748.3543769850374,1.0,1.0,"(5, 2)",66a92e2b14da1ebeb591920c
56.0,104.0,1318,train,748.3543769850374,1.0,1.0,"(5, 2)",66a92e2b14da1ebeb591920c
56.0,104.0,1319,train,748.3543769850374,1.0,1.0,"(5, 2)",66a92e2b14da1ebeb591920c
56.0,104.0,1320,train,748.3543769850374,1.0,1.0,"(5, 2)",66a92e2b14da1ebeb591920c
56.0,104.0,1321,train,748.3543769850374,1.0,1.0,"(5, 2)",66a92e2b14da1ebeb591920c
56.0,104.0,1322,train,748.3543769850374,1.0,1.0,"(5, 2)",66a92e2b14da1ebeb591920c
56.0,104.0,1323,train,748.3543769850374,1.0,1.0,"(5, 2)",66a92e2b14da1ebeb591920c
56.0,104.0,1324,train,748.3543769850374,1.0,1.0,"(5, 2)",66a92e2b14da1ebeb591920c
56.0,104.0,1325,train,748.3543769850374,1.0,1.0,"(5, 2)",66a92e2b14da1ebeb591920c
56.0,104.0,1326,train,748.3543769850374,1.0,1.0,"(5, 2)",66a92e2b14da1ebeb591920c
56.0,104.0,1327,train,748.3543769850374,1.0,1.0,"(5, 2)",66a92e2b14da1ebeb591920c
56.0,104.0,1328,train,748.3543769850374,1.0,1.0,"(5, 2)",66a92e2b14da1ebeb591920c
56.0,104.0,1329,train,748.3543769850374,1.0,1.0,"(5, 2)",66a92e2b14da1ebeb591920c
56.0,104.0,1330,train,748.3543769850374,1.0,1.0,"(5, 2)",66a92e2b14da1ebeb591920c
56.0,104.0,1331,train,748.3543769850374,1.0,1.0,"(5, 2)",66a92e2b14da1ebeb591920c
56.0,104.0,1332,train,748.3543769850374,1.0,1.0,"(5, 2)",66a92e2b14da1ebeb591920c
56.0,104.0,1333,train,748.3543769850374,1.0,1.0,"(5, 2)",66a92e2b14da1ebeb591920c
56.0,104.0,1334,train,748.3543769850374,1.0,1.0,"(5, 2)",66a92e2b14da1ebeb591920c
56.0,104.0,1335,train,748.3543769850374,1.0,1.0,"(5, 2)",66a92e2b14da1ebeb591920c
56.0,104.0,1336,train,748.3543769850374,1.0,1.0,"(5, 2)",66a92e2b14da1ebeb591920c
56.0,104.0,1337,train,748.3543769850374,1.0,1.0,"(5, 2)",66a92e2b14da1ebeb591920c
56.0,102.74999999999972,1338,train,749.6043769850378,1.0,1.0,"(5, 2)",66a92e2b14da1ebeb591920c
56.0,101.49999999999943,1339,train,750.854376985038,1.0,1.0,"(5, 2)",66a92e2b14da1ebeb591920c
56.0,100.24999999999915,1340,train,752.1043769850382,1.0,1.0,"(5, 2)",66a92e2b14da1ebeb591920c
56.0,98.99999999999886,1341,train,753.3543769850385,1.0,1.0,"(5, 2)",66a92e2b14da1ebeb591920c
56.0,97.74999999999858,1342,train,754.6043769850387,1.0,1.0,"(5, 2)",66a92e2b14da1ebeb591920c
56.0,96.4999999999983,1343,train,755.8543769850389,1.0,1.0,"(5, 2)",66a92e2b14da1ebeb591920c
56.0,95.24999999999801,1344,train,757.1043769850392,1.0,1.0,"(5, 2)",66a92e2b14da1ebeb591920c
56.0,93.99999999999773,1345,train,758.3543769850394,1.0,1.0,"(5, 2)",66a92e2b14da1ebeb591920c
56.0,92.74999999999744,1346,train,759.6043769850396,1.0,1.0,"(5, 2)",66a92e2b14da1ebeb591920c
56.0,91.49999999999716,1347,train,760.8543769850398,1.0,1.0,"(5, 2)",66a92e2b14da1ebeb591920c
56.0,90.24999999999687,1348,train,762.1043769850401,1.0,1.0,"(5, 2)",66a92e2b14da1ebeb591920c
56.0,88.99999999999659,1349,train,763.3543769850403,1.0,1.0,"(5, 2)",66a92e2b14da1ebeb591920c
56.0,87.7499999999963,1350,train,764.6043769850405,1.0,1.0,"(5, 2)",66a92e2b14da1ebeb591920c
56.0,86.49999999999602,1351,train,765.8543769850407,1.0,1.0,"(5, 2)",66a92e2b14da1ebeb591920c
56.0,85.24999999999574,1352,train,767.104376985041,1.0,1.0,"(5, 2)",66a92e2b14da1ebeb591920c
56.0,83.99999999999545,1353,train,768.3543769850412,1.0,1.0,"(5, 2)",66a92e2b14da1ebeb591920c
56.0,82.74999999999517,1354,train,769.6043769850414,1.0,1.0,"(5, 2)",66a92e2b14da1ebeb591920c
56.0,81.49999999999488,1355,train,770.8543769850417,1.0,1.0,"(5, 2)",66a92e2b14da1ebeb591920c
56.0,80.2499999999946,1356,train,772.1043769850419,1.0,1.0,"(5, 2)",66a92e2b14da1ebeb591920c
56.0,78.99999999999432,1357,train,773.3543769850421,1.0,1.0,"(5, 2)",66a92e2b14da1ebeb591920c
56.0,77.74999999999403,1358,train,774.6043769850423,1.0,1.0,"(5, 2)",66a92e2b14da1ebeb591920c
56.0,76.49999999999375,1359,train,775.8543769850426,1.0,1.0,"(5, 2)",66a92e2b14da1ebeb591920c
56.0,75.24999999999346,1360,train,777.1043769850428,1.0,1.0,"(5, 2)",66a92e2b14da1ebeb591920c
56.0,73.99999999999318,1361,train,778.354376985043,1.0,1.0,"(5, 2)",66a92e2b14da1ebeb591920c
56.0,72.7499999999929,1362,train,779.6043769850432,1.0,1.0,"(5, 2)",66a92e2b14da1ebeb591920c
56.0,71.49999999999261,1363,train,780.8543769850435,1.0,1.0,"(5, 2)",66a92e2b14da1ebeb591920c
56.0,70.24999999999233,1364,train,782.1043769850437,1.0,1.0,"(5, 2)",66a92e2b14da1ebeb591920c
56.0,68.99999999999204,1365,train,783.3543769850439,1.0,1.0,"(5, 2)",66a92e2b14da1ebeb591920c
56.0,67.74999999999176,1366,train,784.6043769850442,1.0,1.0,"(5, 2)",66a92e2b14da1ebeb591920c
56.0,66.49999999999147,1367,train,785.8543769850444,1.0,1.0,"(5, 2)",66a92e2b14da1ebeb591920c
56.0,65.24999999999119,1368,train,787.1043769850446,1.0,1.0,"(5, 2)",66a92e2b14da1ebeb591920c
56.0,63.999999999990905,1369,train,788.3543769850448,1.0,1.0,"(5, 2)",66a92e2b14da1ebeb591920c
56.0,62.74999999999062,1370,train,789.6043769850451,1.0,1.0,"(5, 2)",66a92e2b14da1ebeb591920c
56.0,61.49999999999034,1371,train,790.8543769850453,1.0,1.0,"(5, 2)",66a92e2b14da1ebeb591920c
56.0,60.24999999999005,1372,train,792.1043769850455,1.0,1.0,"(5, 2)",66a92e2b14da1ebeb591920c
56.0,58.99999999998977,1373,train,793.3543769850457,1.0,1.0,"(5, 2)",66a92e2b14da1ebeb591920c
56.0,57.749999999989484,1374,train,794.604376985046,1.0,1.0,"(5, 2)",66a92e2b14da1ebeb591920c
56.0,56.4999999999892,1375,train,795.8543769850462,1.0,1.0,"(5, 2)",66a92e2b14da1ebeb591920c
56.0,55.249999999988916,1376,train,797.1043769850464,1.0,1.0,"(5, 2)",66a92e2b14da1ebeb591920c
56.0,53.99999999998863,1377,train,798.3543769850467,1.0,1.0,"(5, 2)",66a92e2b14da1ebeb591920c
56.0,52.74999999998835,1378,train,799.6043769850469,1.0,1.0,"(5, 2)",66a92e2b14da1ebeb591920c
56.0,51.49999999998806,1379,train,800.8543769850471,1.0,1.0,"(5, 2)",66a92e2b14da1ebeb591920c
56.0,50.24999999998778,1380,train,802.1043769850473,1.0,1.0,"(5, 2)",66a92e2b14da1ebeb591920c
56.0,48.999999999987494,1381,train,803.3543769850476,1.0,1.0,"(5, 2)",66a92e2b14da1ebeb591920c
56.0,47.74999999998721,1382,train,804.6043769850478,1.0,1.0,"(5, 2)",66a92e2b14da1ebeb591920c
56.0,46.499999999986926,1383,train,805.854376985048,1.0,1.0,"(5, 2)",66a92e2b14da1ebeb591920c
56.0,45.24999999998664,1384,train,807.1043769850482,1.0,1.0,"(5, 2)",66a92e2b14da1ebeb591920c
56.0,43.99999999998636,1385,train,808.3543769850485,1.0,1.0,"(5, 2)",66a92e2b14da1ebeb591920c
56.0,42.74999999998607,1386,train,809.6043769850487,1.0,1.0,"(5, 2)",66a92e2b14da1ebeb591920c
56.0,41.49999999998579,1387,train,810.8543769850489,1.0,1.0,"(5, 2)",66a92e2b14da1ebeb591920c
56.0,40.249999999985505,1388,train,812.1043769850492,1.0,1.0,"(5, 2)",66a92e2b14da1ebeb591920c
55.15675848912626,39.34621797022669,1389,train,813.340450689557,1.0,1.0,"(5, 2)",66a92e2b14da1ebeb591920c
54.278381915299555,38.456861689227935,1390,train,814.5904506895567,1.0,1.0,"(5, 2)",66a92e2b14da1ebeb591920c
53.40000534147284,37.56750540822918,1391,train,815.8404506895565,1.0,1.0,"(5, 2)",66a92e2b14da1ebeb591920c
52.52162876764613,36.67814912723043,1392,train,817.0904506895563,1.0,1.0,"(5, 2)",66a92e2b14da1ebeb591920c
51.643252193819414,35.78879284623167,1393,train,818.3404506895561,1.0,1.0,"(5, 2)",66a92e2b14da1ebeb591920c
50.76487561999271,34.89943656523292,1394,train,819.5904506895558,1.0,1.0,"(5, 2)",66a92e2b14da1ebeb591920c
49.886499046165994,34.010080284234164,1395,train,820.8404506895556,1.0,1.0,"(5, 2)",66a92e2b14da1ebeb591920c
49.00812247233928,33.12072400323541,1396,train,822.0904506895554,1.0,1.0,"(5, 2)",66a92e2b14da1ebeb591920c
48.12974589851257,32.231367722236655,1397,train,823.3404506895552,1.0,1.0,"(5, 2)",66a92e2b14da1ebeb591920c
47.251369324685854,31.3420114412379,1398,train,824.5904506895549,1.0,1.0,"(5, 2)",66a92e2b14da1ebeb591920c
46.37299275085915,30.452655160239146,1399,train,825.8404506895547,1.0,1.0,"(5, 2)",66a92e2b14da1ebeb591920c
45.494616177032434,29.563298879240392,1400,train,827.0904506895545,1.0,1.0,"(5, 2)",66a92e2b14da1ebeb591920c
44.61623960320572,28.673942598241638,1401,train,828.3404506895542,1.0,1.0,"(5, 2)",66a92e2b14da1ebeb591920c
43.737863029379014,27.784586317242884,1402,train,829.590450689554,1.0,1.0,"(5, 2)",66a92e2b14da1ebeb591920c
42.8594864555523,26.89523003624413,1403,train,830.8404506895538,1.0,1.0,"(5, 2)",66a92e2b14da1ebeb591920c
41.98110988172559,26.005873755245375,1404,train,832.0904506895536,1.0,1.0,"(5, 2)",66a92e2b14da1ebeb591920c
41.10273330789887,25.11651747424662,1405,train,833.3404506895533,1.0,1.0,"(5, 2)",66a92e2b14da1ebeb591920c
40.22435673407217,24.227161193247866,1406,train,834.5904506895531,1.0,1.0,"(5, 2)",66a92e2b14da1ebeb591920c
38.98930569166683,24.177386862607023,1407,train,835.8265043135262,1.0,1.0,"(5, 2)",66a92e2b14da1ebeb591920c
37.73939321307071,24.16259511323109,1408,train,837.0765043135262,1.0,1.0,"(5, 2)",66a92e2b14da1ebeb591920c
36.4894807344746,24.14780336385516,1409,train,838.3265043135262,1.0,1.0,"(5, 2)",66a92e2b14da1ebeb591920c
35.23956825587848,24.13301161447923,1410,train,839.5765043135262,1.0,1.0,"(5, 2)",66a92e2b14da1ebeb591920c
33.989655777282366,24.1182198651033,1411,train,840.8265043135262,1.0,1.0,"(5, 2)",66a92e2b14da1ebeb591920c
32.73974329868625,24.103428115727368,1412,train,842.0765043135262,1.0,1.0,"(5, 2)",66a92e2b14da1ebeb591920c
31.489830820090134,24.088636366351437,1413,train,843.3265043135262,1.0,1.0,"(5, 2)",66a92e2b14da1ebeb591920c
30.23991834149402,24.073844616975446,1414,train,844.5765043135262,1.0,1.0,"(5, 2)",66a92e2b14da1ebeb591920c
28.990005862897902,24.059052867599338,1415,train,845.8265043135262,1.0,1.0,"(5, 2)",66a92e2b14da1ebeb591920c
27.740093384301787,24.04426111822323,1416,train,847.0765043135262,1.0,1.0,"(5, 2)",66a92e2b14da1ebeb591920c
26.49018090570567,24.02946936884712,1417,train,848.3265043135262,1.0,1.0,"(5, 2)",66a92e2b14da1ebeb591920c
25.240268427109555,24.014677619471012,1418,train,849.5765043135262,1.0,1.0,"(5, 2)",66a92e2b14da1ebeb591920c
24.0,24.0,1419,train,850.8168595867436,1.0,1.0,"(5, 2)",66a92e2b14da1ebeb591920c
24.0,24.0,1420,train,850.8168595867436,1.0,1.0,"(5, 2)",66a92e2b14da1ebeb591920c
24.0,24.0,1421,train,850.8168595867436,1.0,1.0,"(5, 2)",66a92e2b14da1ebeb591920c
24.0,24.0,1422,train,850.8168595867436,1.0,1.0,"(5, 2)",66a92e2b14da1ebeb591920c
24.0,24.0,1423,train,850.8168595867436,1.0,1.0,"(5, 2)",66a92e2b14da1ebeb591920c
24.0,24.0,1424,train,850.8168595867436,1.0,1.0,"(5, 2)",66a92e2b14da1ebeb591920c
24.0,24.0,1425,train,850.8168595867436,1.0,1.0,"(5, 2)",66a92e2b14da1ebeb591920c
24.0,24.0,1426,train,850.8168595867436,1.0,1.0,"(5, 2)",66a92e2b14da1ebeb591920c
24.0,24.0,1427,train,850.8168595867436,1.0,1.0,"(5, 2)",66a92e2b14da1ebeb591920c
24.0,24.0,1428,train,850.8168595867436,1.0,1.0,"(5, 2)",66a92e2b14da1ebeb591920c
24.0,24.0,1429,train,850.8168595867436,1.0,1.0,"(5, 2)",66a92e2b14da1ebeb591920c
24.0,24.0,1430,train,850.8168595867436,1.0,1.0,"(5, 2)",66a92e2b14da1ebeb591920c
24.0,24.0,1431,train,850.8168595867436,1.0,1.0,"(5, 2)",66a92e2b14da1ebeb591920c
24.0,24.0,1432,train,850.8168595867436,1.0,1.0,"(5, 2)",66a92e2b14da1ebeb591920c
24.0,24.0,1433,train,850.8168595867436,1.0,1.0,"(5, 2)",66a92e2b14da1ebeb591920c
24.0,24.0,1434,train,850.8168595867436,1.0,1.0,"(5, 2)",66a92e2b14da1ebeb591920c
24.0,24.0,1435,train,850.8168595867436,1.0,1.0,"(5, 2)",66a92e2b14da1ebeb591920c
24.0,24.0,1436,train,850.8168595867436,1.0,1.0,"(5, 2)",66a92e2b14da1ebeb591920c
24.0,24.0,1437,train,850.8168595867436,1.0,1.0,"(5, 2)",66a92e2b14da1ebeb591920c
24.0,24.0,1438,train,850.8168595867436,1.0,1.0,"(5, 2)",66a92e2b14da1ebeb591920c
24.0,24.0,1439,train,850.8168595867436,1.0,1.0,"(5, 2)",66a92e2b14da1ebeb591920c
24.0,24.0,1440,train,850.8168595867436,1.0,1.0,"(5, 2)",66a92e2b14da1ebeb591920c
24.0,24.0,1441,train,850.8168595867436,1.0,1.0,"(5, 2)",66a92e2b14da1ebeb591920c
24.0,24.0,1442,train,850.8168595867436,1.0,1.0,"(5, 2)",66a92e2b14da1ebeb591920c
24.0,24.0,1443,train,850.8168595867436,1.0,1.0,"(5, 2)",66a92e2b14da1ebeb591920c
24.0,24.0,1444,train,850.8168595867436,1.0,1.0,"(5, 2)",66a92e2b14da1ebeb591920c
24.0,24.0,1445,train,850.8168595867436,1.0,1.0,"(5, 2)",66a92e2b14da1ebeb591920c
24.0,24.0,1446,train,850.8168595867436,1.0,1.0,"(5, 2)",66a92e2b14da1ebeb591920c
24.0,24.0,1447,train,850.8168595867436,1.0,1.0,"(5, 2)",66a92e2b14da1ebeb591920c
24.0,24.0,1448,train,850.8168595867436,1.0,1.0,"(5, 2)",66a92e2b14da1ebeb591920c
24.0,24.0,1449,train,850.8168595867436,1.0,1.0,"(5, 2)",66a92e2b14da1ebeb591920c
24.0,24.0,1450,train,850.8168595867436,1.0,1.0,"(5, 2)",66a92e2b14da1ebeb591920c
24.0,24.0,1451,train,850.8168595867436,1.0,1.0,"(5, 2)",66a92e2b14da1ebeb591920c
24.0,24.0,1452,train,850.8168595867436,1.0,1.0,"(5, 2)",66a92e2b14da1ebeb591920c
24.0,24.0,1453,train,850.8168595867436,1.0,1.0,"(5, 2)",66a92e2b14da1ebeb591920c
24.0,24.0,1454,train,850.8168595867436,1.0,1.0,"(5, 2)",66a92e2b14da1ebeb591920c
24.0,24.0,1455,train,850.8168595867436,1.0,1.0,"(5, 2)",66a92e2b14da1ebeb591920c
24.0,24.0,1456,train,850.8168595867436,1.0,1.0,"(5, 2)",66a92e2b14da1ebeb591920c
24.0,24.0,1457,train,850.8168595867436,1.0,1.0,"(5, 2)",66a92e2b14da1ebeb591920c
24.0,24.0,1458,train,850.8168595867436,1.0,1.0,"(5, 2)",66a92e2b14da1ebeb591920c
24.0,24.0,1459,train,850.8168595867436,1.0,1.0,"(5, 2)",66a92e2b14da1ebeb591920c
24.0,24.0,1460,train,850.8168595867436,1.0,1.0,"(5, 2)",66a92e2b14da1ebeb591920c
24.0,24.0,1461,train,850.8168595867436,1.0,1.0,"(5, 2)",66a92e2b14da1ebeb591920c
24.0,24.0,1462,train,850.8168595867436,1.0,1.0,"(5, 2)",66a92e2b14da1ebeb591920c
24.0,24.0,1463,train,850.8168595867436,1.0,1.0,"(5, 2)",66a92e2b14da1ebeb591920c
24.0,24.0,1464,train,850.8168595867436,1.0,1.0,"(5, 2)",66a92e2b14da1ebeb591920c
24.0,24.0,1465,train,850.8168595867436,1.0,1.0,"(5, 2)",66a92e2b14da1ebeb591920c
24.0,24.0,1466,train,850.8168595867436,1.0,1.0,"(5, 2)",66a92e2b14da1ebeb591920c
24.0,24.0,1467,train,850.8168595867436,1.0,1.0,"(5, 2)",66a92e2b14da1ebeb591920c
24.0,24.0,1468,train,850.8168595867436,1.0,1.0,"(5, 2)",66a92e2b14da1ebeb591920c
24.0,24.0,1469,train,850.8168595867436,1.0,1.0,"(5, 2)",66a92e2b14da1ebeb591920c
24.0,24.0,1470,train,850.8168595867436,1.0,1.0,"(5, 2)",66a92e2b14da1ebeb591920c
24.0,24.0,1471,train,850.8168595867436,1.0,1.0,"(5, 2)",66a92e2b14da1ebeb591920c
24.0,24.0,1472,train,850.8168595867436,1.0,1.0,"(5, 2)",66a92e2b14da1ebeb591920c
24.0,24.0,1473,train,850.8168595867436,1.0,1.0,"(5, 2)",66a92e2b14da1ebeb591920c
24.0,24.0,1474,train,850.8168595867436,1.0,1.0,"(5, 2)",66a92e2b14da1ebeb591920c
24.0,24.0,1475,train,850.8168595867436,1.0,1.0,"(5, 2)",66a92e2b14da1ebeb591920c
24.0,24.0,1476,train,850.8168595867436,1.0,1.0,"(5, 2)",66a92e2b14da1ebeb591920c
24.0,24.0,1477,train,850.8168595867436,1.0,1.0,"(5, 2)",66a92e2b14da1ebeb591920c
24.0,24.0,1478,train,850.8168595867436,1.0,1.0,"(5, 2)",66a92e2b14da1ebeb591920c
24.0,24.0,1479,train,850.8168595867436,1.0,1.0,"(5, 2)",66a92e2b14da1ebeb591920c
24.0,24.0,1480,train,850.8168595867436,1.0,1.0,"(5, 2)",66a92e2b14da1ebeb591920c
24.0,24.0,1481,train,850.8168595867436,1.0,1.0,"(5, 2)",66a92e2b14da1ebeb591920c
24.0,24.0,1482,train,850.8168595867436,1.0,1.0,"(5, 2)",66a92e2b14da1ebeb591920c
24.0,24.0,1483,train,850.8168595867436,1.0,1.0,"(5, 2)",66a92e2b14da1ebeb591920c
24.0,24.0,1484,train,850.8168595867436,1.0,1.0,"(5, 2)",66a92e2b14da1ebeb591920c
24.0,24.0,1485,train,850.8168595867436,1.0,1.0,"(5, 2)",66a92e2b14da1ebeb591920c
24.0,24.0,1486,train,850.8168595867436,1.0,1.0,"(5, 2)",66a92e2b14da1ebeb591920c
24.0,24.0,1487,train,850.8168595867436,1.0,1.0,"(5, 2)",66a92e2b14da1ebeb591920c
24.0,24.0,1488,train,850.8168595867436,1.0,1.0,"(5, 2)",66a92e2b14da1ebeb591920c
24.0,24.0,1489,train,850.8168595867436,1.0,1.0,"(5, 2)",66a92e2b14da1ebeb591920c
24.0,24.0,1490,train,850.8168595867436,1.0,1.0,"(5, 2)",66a92e2b14da1ebeb591920c
24.0,25.24999999999993,1491,train,852.0668595867435,1.0,1.0,"(5, 2)",66a92e2b14da1ebeb591920c
24.0,26.499999999999858,1492,train,853.3168595867434,1.0,1.0,"(5, 2)",66a92e2b14da1ebeb591920c
24.0,27.749999999999787,1493,train,854.5668595867432,1.0,1.0,"(5, 2)",66a92e2b14da1ebeb591920c
24.0,28.999999999999716,1494,train,855.8168595867431,1.0,1.0,"(5, 2)",66a92e2b14da1ebeb591920c
24.0,30.249999999999645,1495,train,857.066859586743,1.0,1.0,"(5, 2)",66a92e2b14da1ebeb591920c
24.0,31.499999999999574,1496,train,858.3168595867429,1.0,1.0,"(5, 2)",66a92e2b14da1ebeb591920c
24.0,32.749999999999716,1497,train,859.566859586743,1.0,1.0,"(5, 2)",66a92e2b14da1ebeb591920c
24.0,34.0,1498,train,860.8168595867432,1.0,1.0,"(5, 2)",66a92e2b14da1ebeb591920c
24.0,35.250000000000284,1499,train,862.0668595867435,1.0,1.0,"(5, 2)",66a92e2b14da1ebeb591920c
24.0,36.50000000000057,1500,train,863.3168595867437,1.0,1.0,"(5, 2)",66a92e2b14da1ebeb591920c
24.0,37.75000000000085,1501,train,864.5668595867439,1.0,1.0,"(5, 2)",66a92e2b14da1ebeb591920c
24.0,39.00000000000114,1502,train,865.8168595867442,1.0,1.0,"(5, 2)",66a92e2b14da1ebeb591920c
24.0,40.25000000000142,1503,train,867.0668595867444,1.0,1.0,"(5, 2)",66a92e2b14da1ebeb591920c
24.0,41.500000000001705,1504,train,868.3168595867446,1.0,1.0,"(5, 2)",66a92e2b14da1ebeb591920c
24.0,42.75000000000199,1505,train,869.5668595867448,1.0,1.0,"(5, 2)",66a92e2b14da1ebeb591920c
24.0,44.000000000002274,1506,train,870.8168595867451,1.0,1.0,"(5, 2)",66a92e2b14da1ebeb591920c
24.0,45.25000000000256,1507,train,872.0668595867453,1.0,1.0,"(5, 2)",66a92e2b14da1ebeb591920c
24.0,46.50000000000284,1508,train,873.3168595867455,1.0,1.0,"(5, 2)",66a92e2b14da1ebeb591920c
24.0,47.750000000003126,1509,train,874.5668595867457,1.0,1.0,"(5, 2)",66a92e2b14da1ebeb591920c
24.0,49.00000000000341,1510,train,875.816859586746,1.0,1.0,"(5, 2)",66a92e2b14da1ebeb591920c
24.0,50.250000000003695,1511,train,877.0668595867462,1.0,1.0,"(5, 2)",66a92e2b14da1ebeb591920c
24.0,51.50000000000398,1512,train,878.3168595867464,1.0,1.0,"(5, 2)",66a92e2b14da1ebeb591920c
24.0,52.75000000000426,1513,train,879.5668595867467,1.0,1.0,"(5, 2)",66a92e2b14da1ebeb591920c
24.0,54.00000000000455,1514,train,880.8168595867469,1.0,1.0,"(5, 2)",66a92e2b14da1ebeb591920c
24.0,55.25000000000483,1515,train,882.0668595867471,1.0,1.0,"(5, 2)",66a92e2b14da1ebeb591920c
24.0,56.500000000005116,1516,train,883.3168595867473,1.0,1.0,"(5, 2)",66a92e2b14da1ebeb591920c
24.0,57.7500000000054,1517,train,884.5668595867476,1.0,1.0,"(5, 2)",66a92e2b14da1ebeb591920c
24.0,59.000000000005684,1518,train,885.8168595867478,1.0,1.0,"(5, 2)",66a92e2b14da1ebeb591920c
24.0,60.25000000000597,1519,train,887.066859586748,1.0,1.0,"(5, 2)",66a92e2b14da1ebeb591920c
24.0,59.000000000005684,1520,train,888.3168595867483,1.0,1.0,"(5, 2)",66a92e2b14da1ebeb591920c
24.0,57.7500000000054,1521,train,889.5668595867485,1.0,1.0,"(5, 2)",66a92e2b14da1ebeb591920c
24.0,56.500000000005116,1522,train,890.8168595867487,1.0,1.0,"(5, 2)",66a92e2b14da1ebeb591920c
24.0,55.25000000000483,1523,train,892.0668595867489,1.0,1.0,"(5, 2)",66a92e2b14da1ebeb591920c
24.0,54.00000000000455,1524,train,893.3168595867492,1.0,1.0,"(5, 2)",66a92e2b14da1ebeb591920c
24.0,52.75000000000426,1525,train,894.5668595867494,1.0,1.0,"(5, 2)",66a92e2b14da1ebeb591920c
24.0,51.50000000000398,1526,train,895.8168595867496,1.0,1.0,"(5, 2)",66a92e2b14da1ebeb591920c
24.0,50.250000000003695,1527,train,897.0668595867498,1.0,1.0,"(5, 2)",66a92e2b14da1ebeb591920c
24.0,49.00000000000341,1528,train,898.3168595867501,1.0,1.0,"(5, 2)",66a92e2b14da1ebeb591920c
24.0,47.750000000003126,1529,train,899.5668595867503,1.0,1.0,"(5, 2)",66a92e2b14da1ebeb591920c
24.0,46.50000000000284,1530,train,900.8168595867505,1.0,1.0,"(5, 2)",66a92e2b14da1ebeb591920c
24.0,45.25000000000256,1531,train,902.0668595867508,1.0,1.0,"(5, 2)",66a92e2b14da1ebeb591920c
24.0,44.000000000002274,1532,train,903.316859586751,1.0,1.0,"(5, 2)",66a92e2b14da1ebeb591920c
24.0,42.75000000000199,1533,train,904.5668595867512,1.0,1.0,"(5, 2)",66a92e2b14da1ebeb591920c
24.0,41.500000000001705,1534,train,905.8168595867514,1.0,1.0,"(5, 2)",66a92e2b14da1ebeb591920c
24.0,40.25000000000142,1535,train,907.0668595867517,1.0,1.0,"(5, 2)",66a92e2b14da1ebeb591920c
24.0,39.00000000000114,1536,train,908.3168595867519,1.0,1.0,"(5, 2)",66a92e2b14da1ebeb591920c
24.0,37.75000000000085,1537,train,909.5668595867521,1.0,1.0,"(5, 2)",66a92e2b14da1ebeb591920c
24.0,36.50000000000057,1538,train,910.8168595867523,1.0,1.0,"(5, 2)",66a92e2b14da1ebeb591920c
24.0,35.250000000000284,1539,train,912.0668595867526,1.0,1.0,"(5, 2)",66a92e2b14da1ebeb591920c
24.0,34.0,1540,train,913.3168595867528,1.0,1.0,"(5, 2)",66a92e2b14da1ebeb591920c
24.0,32.749999999999716,1541,train,914.566859586753,1.0,1.0,"(5, 2)",66a92e2b14da1ebeb591920c
24.0,31.499999999999577,1542,train,915.8168595867531,1.0,1.0,"(5, 2)",66a92e2b14da1ebeb591920c
24.0,30.24999999999965,1543,train,917.066859586753,1.0,1.0,"(5, 2)",66a92e2b14da1ebeb591920c
24.0,28.99999999999972,1544,train,918.3168595867529,1.0,1.0,"(5, 2)",66a92e2b14da1ebeb591920c
24.0,27.74999999999979,1545,train,919.5668595867528,1.0,1.0,"(5, 2)",66a92e2b14da1ebeb591920c
24.0,26.49999999999986,1546,train,920.8168595867527,1.0,1.0,"(5, 2)",66a92e2b14da1ebeb591920c
24.0,25.249999999999932,1547,train,922.0668595867526,1.0,1.0,"(5, 2)",66a92e2b14da1ebeb591920c
24.0,24.0,1548,train,923.3168595867525,1.0,1.0,"(5, 2)",66a92e2b14da1ebeb591920c
24.0,24.0,1549,train,923.3168595867525,1.0,1.0,"(5, 2)",66a92e2b14da1ebeb591920c
24.0,24.0,1550,train,923.3168595867525,1.0,1.0,"(5, 2)",66a92e2b14da1ebeb591920c
24.0,24.0,1551,train,923.3168595867525,1.0,1.0,"(5, 2)",66a92e2b14da1ebeb591920c
24.0,24.0,1552,train,923.3168595867525,1.0,1.0,"(5, 2)",66a92e2b14da1ebeb591920c
24.0,24.0,1553,train,923.3168595867525,1.0,1.0,"(5, 2)",66a92e2b14da1ebeb591920c
24.0,24.0,1554,train,923.3168595867525,1.0,1.0,"(5, 2)",66a92e2b14da1ebeb591920c
24.0,24.0,1555,train,923.3168595867525,1.0,1.0,"(5, 2)",66a92e2b14da1ebeb591920c
24.0,24.0,1556,train,923.3168595867525,1.0,1.0,"(5, 2)",66a92e2b14da1ebeb591920c
24.0,24.0,1557,train,923.3168595867525,1.0,1.0,"(5, 2)",66a92e2b14da1ebeb591920c
24.0,24.0,1558,train,923.3168595867525,1.0,1.0,"(5, 2)",66a92e2b14da1ebeb591920c
24.0,24.0,1559,train,923.3168595867525,1.0,1.0,"(5, 2)",66a92e2b14da1ebeb591920c
24.0,24.0,1560,train,923.3168595867525,1.0,1.0,"(5, 2)",66a92e2b14da1ebeb591920c
24.0,24.0,1561,train,923.3168595867525,1.0,1.0,"(5, 2)",66a92e2b14da1ebeb591920c
24.0,24.0,1562,train,923.3168595867525,1.0,1.0,"(5, 2)",66a92e2b14da1ebeb591920c
24.0,24.0,1563,train,923.3168595867525,1.0,1.0,"(5, 2)",66a92e2b14da1ebeb591920c
24.0,24.0,1564,train,923.3168595867525,1.0,1.0,"(5, 2)",66a92e2b14da1ebeb591920c
24.0,24.0,1565,train,923.3168595867525,1.0,1.0,"(5, 2)",66a92e2b14da1ebeb591920c
24.0,24.0,1566,train,923.3168595867525,1.0,1.0,"(5, 2)",66a92e2b14da1ebeb591920c
24.0,24.0,1567,train,923.3168595867525,1.0,1.0,"(5, 2)",66a92e2b14da1ebeb591920c
24.0,24.0,1568,train,923.3168595867525,1.0,1.0,"(5, 2)",66a92e2b14da1ebeb591920c
24.0,24.0,1569,train,923.3168595867525,1.0,1.0,"(5, 2)",66a92e2b14da1ebeb591920c
24.0,24.0,1570,train,923.3168595867525,1.0,1.0,"(5, 2)",66a92e2b14da1ebeb591920c
24.0,24.0,1571,train,923.3168595867525,1.0,1.0,"(5, 2)",66a92e2b14da1ebeb591920c
24.0,24.0,1572,train,923.3168595867525,1.0,1.0,"(5, 2)",66a92e2b14da1ebeb591920c
24.0,24.0,1573,train,923.3168595867525,1.0,1.0,"(5, 2)",66a92e2b14da1ebeb591920c
24.0,24.0,1574,train,923.3168595867525,1.0,1.0,"(5, 2)",66a92e2b14da1ebeb591920c
24.0,24.0,1575,train,923.3168595867525,1.0,1.0,"(5, 2)",66a92e2b14da1ebeb591920c
24.0,24.0,1576,train,923.3168595867525,1.0,1.0,"(5, 2)",66a92e2b14da1ebeb591920c
24.0,24.0,1577,train,923.3168595867525,1.0,1.0,"(5, 2)",66a92e2b14da1ebeb591920c
24.0,24.0,1578,train,923.3168595867525,1.0,1.0,"(5, 2)",66a92e2b14da1ebeb591920c
24.0,24.0,1579,train,923.3168595867525,1.0,1.0,"(5, 2)",66a92e2b14da1ebeb591920c
24.0,24.0,1580,train,923.3168595867525,1.0,1.0,"(5, 2)",66a92e2b14da1ebeb591920c
24.0,24.0,1581,train,923.3168595867525,1.0,1.0,"(5, 2)",66a92e2b14da1ebeb591920c
24.0,24.0,1582,train,923.3168595867525,1.0,1.0,"(5, 2)",66a92e2b14da1ebeb591920c
24.0,24.0,1583,train,923.3168595867525,1.0,1.0,"(5, 2)",66a92e2b14da1ebeb591920c
24.0,24.0,1584,train,923.3168595867525,1.0,1.0,"(5, 2)",66a92e2b14da1ebeb591920c
24.0,24.0,1585,train,923.3168595867525,1.0,1.0,"(5, 2)",66a92e2b14da1ebeb591920c
24.0,24.0,1586,train,923.3168595867525,1.0,1.0,"(5, 2)",66a92e2b14da1ebeb591920c
24.0,24.0,1587,train,923.3168595867525,1.0,1.0,"(5, 2)",66a92e2b14da1ebeb591920c
24.0,24.0,1588,train,923.3168595867525,1.0,1.0,"(5, 2)",66a92e2b14da1ebeb591920c
24.0,24.0,1589,train,923.3168595867525,1.0,1.0,"(5, 2)",66a92e2b14da1ebeb591920c
24.0,24.0,1590,train,923.3168595867525,1.0,1.0,"(5, 2)",66a92e2b14da1ebeb591920c
24.0,24.0,1591,train,923.3168595867525,1.0,1.0,"(5, 2)",66a92e2b14da1ebeb591920c
24.0,24.0,1592,train,923.3168595867525,1.0,1.0,"(5, 2)",66a92e2b14da1ebeb591920c
24.0,24.0,1593,train,923.3168595867525,1.0,1.0,"(5, 2)",66a92e2b14da1ebeb591920c
24.0,24.0,1594,train,923.3168595867525,1.0,1.0,"(5, 2)",66a92e2b14da1ebeb591920c
24.0,24.0,1595,train,923.3168595867525,1.0,1.0,"(5, 2)",66a92e2b14da1ebeb591920c
24.0,24.0,1596,train,923.3168595867525,1.0,1.0,"(5, 2)",66a92e2b14da1ebeb591920c
24.0,24.0,1597,train,923.3168595867525,1.0,1.0,"(5, 2)",66a92e2b14da1ebeb591920c
24.0,24.0,1598,train,923.3168595867525,1.0,1.0,"(5, 2)",66a92e2b14da1ebeb591920c
24.0,24.0,1599,train,923.3168595867525,1.0,1.0,"(5, 2)",66a92e2b14da1ebeb591920c
24.0,24.0,1600,train,923.3168595867525,1.0,1.0,"(5, 2)",66a92e2b14da1ebeb591920c
24.0,24.0,1601,train,923.3168595867525,1.0,1.0,"(5, 2)",66a92e2b14da1ebeb591920c
24.0,24.0,1602,train,923.3168595867525,1.0,1.0,"(5, 2)",66a92e2b14da1ebeb591920c
24.0,24.0,1603,train,923.3168595867525,1.0,1.0,"(5, 2)",66a92e2b14da1ebeb591920c
24.0,24.0,1604,train,923.3168595867525,1.0,1.0,"(5, 2)",66a92e2b14da1ebeb591920c
24.0,25.24999999999993,1605,train,924.5668595867523,1.0,1.0,"(5, 2)",66a92e2b14da1ebeb591920c
24.0,26.499999999999858,1606,train,925.8168595867522,1.0,1.0,"(5, 2)",66a92e2b14da1ebeb591920c
24.0,27.749999999999787,1607,train,927.0668595867521,1.0,1.0,"(5, 2)",66a92e2b14da1ebeb591920c
24.0,28.999999999999716,1608,train,928.316859586752,1.0,1.0,"(5, 2)",66a92e2b14da1ebeb591920c
24.0,30.249999999999645,1609,train,929.5668595867519,1.0,1.0,"(5, 2)",66a92e2b14da1ebeb591920c
24.0,31.499999999999574,1610,train,930.8168595867518,1.0,1.0,"(5, 2)",66a92e2b14da1ebeb591920c
24.0,32.749999999999716,1611,train,932.0668595867519,1.0,1.0,"(5, 2)",66a92e2b14da1ebeb591920c
24.0,34.0,1612,train,933.3168595867521,1.0,1.0,"(5, 2)",66a92e2b14da1ebeb591920c
24.0,35.250000000000284,1613,train,934.5668595867523,1.0,1.0,"(5, 2)",66a92e2b14da1ebeb591920c
24.0,36.50000000000057,1614,train,935.8168595867526,1.0,1.0,"(5, 2)",66a92e2b14da1ebeb591920c
24.0,37.75000000000085,1615,train,937.0668595867528,1.0,1.0,"(5, 2)",66a92e2b14da1ebeb591920c
24.0,39.00000000000114,1616,train,938.316859586753,1.0,1.0,"(5, 2)",66a92e2b14da1ebeb591920c
24.0,40.25000000000142,1617,train,939.5668595867533,1.0,1.0,"(5, 2)",66a92e2b14da1ebeb591920c
24.0,41.500000000001705,1618,train,940.8168595867535,1.0,1.0,"(5, 2)",66a92e2b14da1ebeb591920c
24.0,42.75000000000199,1619,train,942.0668595867537,1.0,1.0,"(5, 2)",66a92e2b14da1ebeb591920c
24.0,44.000000000002274,1620,train,943.3168595867539,1.0,1.0,"(5, 2)",66a92e2b14da1ebeb591920c
24.0,45.25000000000256,1621,train,944.5668595867542,1.0,1.0,"(5, 2)",66a92e2b14da1ebeb591920c
24.0,46.50000000000284,1622,train,945.8168595867544,1.0,1.0,"(5, 2)",66a92e2b14da1ebeb591920c
24.0,47.750000000003126,1623,train,947.0668595867546,1.0,1.0,"(5, 2)",66a92e2b14da1ebeb591920c
24.0,49.00000000000341,1624,train,948.3168595867548,1.0,1.0,"(5, 2)",66a92e2b14da1ebeb591920c
24.0,50.250000000003695,1625,train,949.5668595867551,1.0,1.0,"(5, 2)",66a92e2b14da1ebeb591920c
24.0,51.50000000000398,1626,train,950.8168595867553,1.0,1.0,"(5, 2)",66a92e2b14da1ebeb591920c
24.0,52.75000000000426,1627,train,952.0668595867555,1.0,1.0,"(5, 2)",66a92e2b14da1ebeb591920c
24.0,54.00000000000455,1628,train,953.3168595867558,1.0,1.0,"(5, 2)",66a92e2b14da1ebeb591920c
24.0,55.25000000000483,1629,train,954.566859586756,1.0,1.0,"(5, 2)",66a92e2b14da1ebeb591920c
24.0,56.500000000005116,1630,train,955.8168595867562,1.0,1.0,"(5, 2)",66a92e2b14da1ebeb591920c
24.0,57.7500000000054,1631,train,957.0668595867564,1.0,1.0,"(5, 2)",66a92e2b14da1ebeb591920c
24.0,59.000000000005684,1632,train,958.3168595867567,1.0,1.0,"(5, 2)",66a92e2b14da1ebeb591920c
24.0,60.25000000000597,1633,train,959.5668595867569,1.0,1.0,"(5, 2)",66a92e2b14da1ebeb591920c
24.0,61.50000000000625,1634,train,960.8168595867571,1.0,1.0,"(5, 2)",66a92e2b14da1ebeb591920c
24.0,62.75000000000654,1635,train,962.0668595867573,1.0,1.0,"(5, 2)",66a92e2b14da1ebeb591920c
24.0,64.00000000000682,1636,train,963.3168595867576,1.0,1.0,"(5, 2)",66a92e2b14da1ebeb591920c
24.0,65.2500000000071,1637,train,964.5668595867578,1.0,1.0,"(5, 2)",66a92e2b14da1ebeb591920c
24.0,66.50000000000739,1638,train,965.816859586758,1.0,1.0,"(5, 2)",66a92e2b14da1ebeb591920c
24.0,67.75000000000767,1639,train,967.0668595867583,1.0,1.0,"(5, 2)",66a92e2b14da1ebeb591920c
24.0,69.00000000000796,1640,train,968.3168595867585,1.0,1.0,"(5, 2)",66a92e2b14da1ebeb591920c
24.0,70.25000000000824,1641,train,969.5668595867587,1.0,1.0,"(5, 2)",66a92e2b14da1ebeb591920c
24.0,71.50000000000853,1642,train,970.8168595867589,1.0,1.0,"(5, 2)",66a92e2b14da1ebeb591920c
24.0,72.0,1643,train,971.3168595867504,1.0,1.0,"(5, 2)",66a92e2b14da1ebeb591920c
24.0,72.0,1644,train,971.3168595867504,1.0,1.0,"(5, 2)",66a92e2b14da1ebeb591920c
24.0,72.0,1645,train,971.3168595867504,1.0,1.0,"(5, 2)",66a92e2b14da1ebeb591920c
24.0,72.0,1646,train,971.3168595867504,1.0,1.0,"(5, 2)",66a92e2b14da1ebeb591920c
24.0,72.0,1647,train,971.3168595867504,1.0,1.0,"(5, 2)",66a92e2b14da1ebeb591920c
24.0,72.0,1648,train,971.3168595867504,1.0,1.0,"(5, 2)",66a92e2b14da1ebeb591920c
24.0,72.0,1649,train,971.3168595867504,1.0,1.0,"(5, 2)",66a92e2b14da1ebeb591920c
24.0,72.0,1650,train,971.3168595867504,1.0,1.0,"(5, 2)",66a92e2b14da1ebeb591920c
24.0,72.0,1651,train,971.3168595867504,1.0,1.0,"(5, 2)",66a92e2b14da1ebeb591920c
24.0,72.0,1652,train,971.3168595867504,1.0,1.0,"(5, 2)",66a92e2b14da1ebeb591920c
24.0,72.0,1653,train,971.3168595867504,1.0,1.0,"(5, 2)",66a92e2b14da1ebeb591920c
24.0,72.0,1654,train,971.3168595867504,1.0,1.0,"(5, 2)",66a92e2b14da1ebeb591920c
24.0,72.0,1655,train,971.3168595867504,1.0,1.0,"(5, 2)",66a92e2b14da1ebeb591920c
24.0,72.0,1656,train,971.3168595867504,1.0,1.0,"(5, 2)",66a92e2b14da1ebeb591920c
24.0,72.0,1657,train,971.3168595867504,1.0,1.0,"(5, 2)",66a92e2b14da1ebeb591920c
24.0,72.0,1658,train,971.3168595867504,1.0,1.0,"(5, 2)",66a92e2b14da1ebeb591920c
24.0,72.0,1659,train,971.3168595867504,1.0,1.0,"(5, 2)",66a92e2b14da1ebeb591920c
24.0,72.0,1660,train,971.3168595867504,1.0,1.0,"(5, 2)",66a92e2b14da1ebeb591920c
24.0,72.0,1661,train,971.3168595867504,1.0,1.0,"(5, 2)",66a92e2b14da1ebeb591920c
24.0,72.0,1662,train,971.3168595867504,1.0,1.0,"(5, 2)",66a92e2b14da1ebeb591920c
24.0,72.0,1663,train,971.3168595867504,1.0,1.0,"(5, 2)",66a92e2b14da1ebeb591920c
24.0,72.0,1664,train,971.3168595867504,1.0,1.0,"(5, 2)",66a92e2b14da1ebeb591920c
24.0,72.0,1665,train,971.3168595867504,1.0,1.0,"(5, 2)",66a92e2b14da1ebeb591920c
24.0,72.0,1666,train,971.3168595867504,1.0,1.0,"(5, 2)",66a92e2b14da1ebeb591920c
24.0,72.0,1667,train,971.3168595867504,1.0,1.0,"(5, 2)",66a92e2b14da1ebeb591920c
24.0,72.0,1668,train,971.3168595867504,1.0,1.0,"(5, 2)",66a92e2b14da1ebeb591920c
24.0,72.0,1669,train,971.3168595867504,1.0,1.0,"(5, 2)",66a92e2b14da1ebeb591920c
24.0,72.0,1670,train,971.3168595867504,1.0,1.0,"(5, 2)",66a92e2b14da1ebeb591920c
24.0,72.0,1671,train,971.3168595867504,1.0,1.0,"(5, 2)",66a92e2b14da1ebeb591920c
24.0,72.0,1672,train,971.3168595867504,1.0,1.0,"(5, 2)",66a92e2b14da1ebeb591920c
24.0,72.0,1673,train,971.3168595867504,1.0,1.0,"(5, 2)",66a92e2b14da1ebeb591920c
24.0,72.0,1674,train,971.3168595867504,1.0,1.0,"(5, 2)",66a92e2b14da1ebeb591920c
24.0,72.0,1675,train,971.3168595867504,1.0,1.0,"(5, 2)",66a92e2b14da1ebeb591920c
24.0,72.0,1676,train,971.3168595867504,1.0,1.0,"(5, 2)",66a92e2b14da1ebeb591920c
24.0,72.0,1677,train,971.3168595867504,1.0,1.0,"(5, 2)",66a92e2b14da1ebeb591920c
24.0,72.0,1678,train,971.3168595867504,1.0,1.0,"(5, 2)",66a92e2b14da1ebeb591920c
24.0,72.0,1679,train,971.3168595867504,1.0,1.0,"(5, 2)",66a92e2b14da1ebeb591920c
24.0,72.0,1680,train,971.3168595867504,1.0,1.0,"(5, 2)",66a92e2b14da1ebeb591920c
24.0,70.74999999999972,1681,train,972.5668595867508,1.0,1.0,"(5, 2)",66a92e2b14da1ebeb591920c
24.0,69.49999999999943,1682,train,973.816859586751,1.0,1.0,"(5, 2)",66a92e2b14da1ebeb591920c
24.0,68.24999999999915,1683,train,975.0668595867512,1.0,1.0,"(5, 2)",66a92e2b14da1ebeb591920c
24.0,66.99999999999886,1684,train,976.3168595867514,1.0,1.0,"(5, 2)",66a92e2b14da1ebeb591920c
24.0,65.74999999999858,1685,train,977.5668595867517,1.0,1.0,"(5, 2)",66a92e2b14da1ebeb591920c
24.0,64.4999999999983,1686,train,978.8168595867519,1.0,1.0,"(5, 2)",66a92e2b14da1ebeb591920c
24.0,63.24999999999801,1687,train,980.0668595867521,1.0,1.0,"(5, 2)",66a92e2b14da1ebeb591920c
24.0,61.999999999997726,1688,train,981.3168595867523,1.0,1.0,"(5, 2)",66a92e2b14da1ebeb591920c
24.0,60.74999999999744,1689,train,982.5668595867526,1.0,1.0,"(5, 2)",66a92e2b14da1ebeb591920c
24.0,59.49999999999716,1690,train,983.8168595867528,1.0,1.0,"(5, 2)",66a92e2b14da1ebeb591920c
24.0,58.249999999996874,1691,train,985.066859586753,1.0,1.0,"(5, 2)",66a92e2b14da1ebeb591920c
24.0,56.99999999999659,1692,train,986.3168595867533,1.0,1.0,"(5, 2)",66a92e2b14da1ebeb591920c
24.0,55.749999999996305,1693,train,987.5668595867535,1.0,1.0,"(5, 2)",66a92e2b14da1ebeb591920c
24.0,54.49999999999602,1694,train,988.8168595867537,1.0,1.0,"(5, 2)",66a92e2b14da1ebeb591920c
24.0,53.24999999999574,1695,train,990.0668595867539,1.0,1.0,"(5, 2)",66a92e2b14da1ebeb591920c
24.0,51.99999999999545,1696,train,991.3168595867542,1.0,1.0,"(5, 2)",66a92e2b14da1ebeb591920c
24.0,50.74999999999517,1697,train,992.5668595867544,1.0,1.0,"(5, 2)",66a92e2b14da1ebeb591920c
24.0,49.499999999994884,1698,train,993.8168595867546,1.0,1.0,"(5, 2)",66a92e2b14da1ebeb591920c
24.0,48.2499999999946,1699,train,995.0668595867548,1.0,1.0,"(5, 2)",66a92e2b14da1ebeb591920c
24.0,46.999999999994316,1700,train,996.3168595867551,1.0,1.0,"(5, 2)",66a92e2b14da1ebeb591920c
24.0,45.74999999999403,1701,train,997.5668595867553,1.0,1.0,"(5, 2)",66a92e2b14da1ebeb591920c
24.0,44.49999999999375,1702,train,998.8168595867555,1.0,1.0,"(5, 2)",66a92e2b14da1ebeb591920c
24.0,43.24999999999346,1703,train,1000.0668595867558,1.0,1.0,"(5, 2)",66a92e2b14da1ebeb591920c
24.0,41.99999999999318,1704,train,1001.316859586756,1.0,1.0,"(5, 2)",66a92e2b14da1ebeb591920c
24.0,40.749999999992895,1705,train,1002.5668595867562,1.0,1.0,"(5, 2)",66a92e2b14da1ebeb591920c
24.0,40.0,1706,train,1003.3168595867492,1.0,1.0,"(5, 2)",66a92e2b14da1ebeb591920c
24.0,40.0,1707,train,1003.3168595867492,1.0,1.0,"(5, 2)",66a92e2b14da1ebeb591920c
24.0,40.0,1708,train,1003.3168595867492,1.0,1.0,"(5, 2)",66a92e2b14da1ebeb591920c
24.0,40.0,1709,train,1003.3168595867492,1.0,1.0,"(5, 2)",66a92e2b14da1ebeb591920c
24.0,40.0,1710,train,1003.3168595867492,1.0,1.0,"(5, 2)",66a92e2b14da1ebeb591920c
24.0,40.0,1711,train,1003.3168595867492,1.0,1.0,"(5, 2)",66a92e2b14da1ebeb591920c
24.0,40.0,1712,train,1003.3168595867492,1.0,1.0,"(5, 2)",66a92e2b14da1ebeb591920c
24.0,40.0,1713,train,1003.3168595867492,1.0,1.0,"(5, 2)",66a92e2b14da1ebeb591920c
24.0,40.0,1714,train,1003.3168595867492,1.0,1.0,"(5, 2)",66a92e2b14da1ebeb591920c
24.0,40.0,1715,train,1003.3168595867492,1.0,1.0,"(5, 2)",66a92e2b14da1ebeb591920c
24.0,40.0,1716,train,1003.3168595867492,1.0,1.0,"(5, 2)",66a92e2b14da1ebeb591920c
24.0,40.0,1717,train,1003.3168595867492,1.0,1.0,"(5, 2)",66a92e2b14da1ebeb591920c
24.0,40.0,1718,train,1003.3168595867492,1.0,1.0,"(5, 2)",66a92e2b14da1ebeb591920c
24.0,40.0,1719,train,1003.3168595867492,1.0,1.0,"(5, 2)",66a92e2b14da1ebeb591920c
24.0,40.0,1720,train,1003.3168595867492,1.0,1.0,"(5, 2)",66a92e2b14da1ebeb591920c
24.0,40.0,1721,train,1003.3168595867492,1.0,1.0,"(5, 2)",66a92e2b14da1ebeb591920c
24.0,40.0,1722,train,1003.3168595867492,1.0,1.0,"(5, 2)",66a92e2b14da1ebeb591920c
24.0,40.0,1723,train,1003.3168595867492,1.0,1.0,"(5, 2)",66a92e2b14da1ebeb591920c
24.0,40.0,1724,train,1003.3168595867492,1.0,1.0,"(5, 2)",66a92e2b14da1ebeb591920c
24.0,40.0,1725,train,1003.3168595867492,1.0,1.0,"(5, 2)",66a92e2b14da1ebeb591920c
24.0,40.0,1726,train,1003.3168595867492,1.0,1.0,"(5, 2)",66a92e2b14da1ebeb591920c
24.0,40.0,1727,train,1003.3168595867492,1.0,1.0,"(5, 2)",66a92e2b14da1ebeb591920c
24.0,40.0,1728,train,1003.3168595867492,1.0,1.0,"(5, 2)",66a92e2b14da1ebeb591920c
24.0,40.0,1729,train,1003.3168595867492,1.0,1.0,"(5, 2)",66a92e2b14da1ebeb591920c
24.0,40.0,1730,train,1003.3168595867492,1.0,1.0,"(5, 2)",66a92e2b14da1ebeb591920c
24.0,40.0,1731,train,1003.3168595867492,1.0,1.0,"(5, 2)",66a92e2b14da1ebeb591920c
24.0,40.0,1732,train,1003.3168595867492,1.0,1.0,"(5, 2)",66a92e2b14da1ebeb591920c
24.0,40.0,1733,train,1003.3168595867492,1.0,1.0,"(5, 2)",66a92e2b14da1ebeb591920c
24.0,40.0,1734,train,1003.3168595867492,1.0,1.0,"(5, 2)",66a92e2b14da1ebeb591920c
24.0,40.0,1735,train,1003.3168595867492,1.0,1.0,"(5, 2)",66a92e2b14da1ebeb591920c
24.0,40.0,1736,train,1003.3168595867492,1.0,1.0,"(5, 2)",66a92e2b14da1ebeb591920c
24.0,40.0,1737,train,1003.3168595867492,1.0,1.0,"(5, 2)",66a92e2b14da1ebeb591920c
24.0,40.0,1738,train,1003.3168595867492,1.0,1.0,"(5, 2)",66a92e2b14da1ebeb591920c
24.0,40.0,1739,train,1003.3168595867492,1.0,1.0,"(5, 2)",66a92e2b14da1ebeb591920c
24.0,40.0,1740,train,1003.3168595867492,1.0,1.0,"(5, 2)",66a92e2b14da1ebeb591920c
24.0,40.0,1741,train,1003.3168595867492,1.0,1.0,"(5, 2)",66a92e2b14da1ebeb591920c
24.0,40.0,1742,train,1003.3168595867492,1.0,1.0,"(5, 2)",66a92e2b14da1ebeb591920c
24.0,40.0,1743,train,1003.3168595867492,1.0,1.0,"(5, 2)",66a92e2b14da1ebeb591920c
24.0,40.0,1744,train,1003.3168595867492,1.0,1.0,"(5, 2)",66a92e2b14da1ebeb591920c
24.0,40.0,1745,train,1003.3168595867492,1.0,1.0,"(5, 2)",66a92e2b14da1ebeb591920c
24.0,40.0,1746,train,1003.3168595867492,1.0,1.0,"(5, 2)",66a92e2b14da1ebeb591920c
24.0,40.0,1747,train,1003.3168595867492,1.0,1.0,"(5, 2)",66a92e2b14da1ebeb591920c
24.0,40.0,1748,train,1003.3168595867492,1.0,1.0,"(5, 2)",66a92e2b14da1ebeb591920c
24.0,40.0,1749,train,1003.3168595867492,1.0,1.0,"(5, 2)",66a92e2b14da1ebeb591920c
24.0,40.0,1750,train,1003.3168595867492,1.0,1.0,"(5, 2)",66a92e2b14da1ebeb591920c
24.0,40.0,1751,train,1003.3168595867492,1.0,1.0,"(5, 2)",66a92e2b14da1ebeb591920c
24.0,40.0,1752,train,1003.3168595867492,1.0,1.0,"(5, 2)",66a92e2b14da1ebeb591920c
24.0,40.0,1753,train,1003.3168595867492,1.0,1.0,"(5, 2)",66a92e2b14da1ebeb591920c
24.0,40.0,1754,train,1003.3168595867492,1.0,1.0,"(5, 2)",66a92e2b14da1ebeb591920c
24.0,40.0,1755,train,1003.3168595867492,1.0,1.0,"(5, 2)",66a92e2b14da1ebeb591920c
24.0,40.0,1756,train,1003.3168595867492,1.0,1.0,"(5, 2)",66a92e2b14da1ebeb591920c
24.0,40.0,1757,train,1003.3168595867492,1.0,1.0,"(5, 2)",66a92e2b14da1ebeb591920c
24.0,40.0,1758,train,1003.3168595867492,1.0,1.0,"(5, 2)",66a92e2b14da1ebeb591920c
24.0,40.0,1759,train,1003.3168595867492,1.0,1.0,"(5, 2)",66a92e2b14da1ebeb591920c
24.0,40.0,1760,train,1003.3168595867492,1.0,1.0,"(5, 2)",66a92e2b14da1ebeb591920c
24.0,40.0,1761,train,1003.3168595867492,1.0,1.0,"(5, 2)",66a92e2b14da1ebeb591920c
24.0,40.0,1762,train,1003.3168595867492,1.0,1.0,"(5, 2)",66a92e2b14da1ebeb591920c
24.0,40.0,1763,train,1003.3168595867492,1.0,1.0,"(5, 2)",66a92e2b14da1ebeb591920c
24.0,40.0,1764,train,1003.3168595867492,1.0,1.0,"(5, 2)",66a92e2b14da1ebeb591920c
24.0,40.0,1765,train,1003.3168595867492,1.0,1.0,"(5, 2)",66a92e2b14da1ebeb591920c
24.0,40.0,1766,train,1003.3168595867492,1.0,1.0,"(5, 2)",66a92e2b14da1ebeb591920c
24.0,40.0,1767,train,1003.3168595867492,1.0,1.0,"(5, 2)",66a92e2b14da1ebeb591920c
24.0,40.0,1768,train,1003.3168595867492,1.0,1.0,"(5, 2)",66a92e2b14da1ebeb591920c
24.0,40.0,1769,train,1003.3168595867492,1.0,1.0,"(5, 2)",66a92e2b14da1ebeb591920c
24.0,40.0,1770,train,1003.3168595867492,1.0,1.0,"(5, 2)",66a92e2b14da1ebeb591920c
24.0,40.0,1771,train,1003.3168595867492,1.0,1.0,"(5, 2)",66a92e2b14da1ebeb591920c
24.0,40.0,1772,train,1003.3168595867492,1.0,1.0,"(5, 2)",66a92e2b14da1ebeb591920c
24.0,40.0,1773,train,1003.3168595867492,1.0,1.0,"(5, 2)",66a92e2b14da1ebeb591920c
24.0,40.0,1774,train,1003.3168595867492,1.0,1.0,"(5, 2)",66a92e2b14da1ebeb591920c
24.0,40.0,1775,train,1003.3168595867492,1.0,1.0,"(5, 2)",66a92e2b14da1ebeb591920c
24.0,40.0,1776,train,1003.3168595867492,1.0,1.0,"(5, 2)",66a92e2b14da1ebeb591920c
24.0,40.0,1777,train,1003.3168595867492,1.0,1.0,"(5, 2)",66a92e2b14da1ebeb591920c
24.0,40.0,1778,train,1003.3168595867492,1.0,1.0,"(5, 2)",66a92e2b14da1ebeb591920c
24.0,40.0,1779,train,1003.3168595867492,1.0,1.0,"(5, 2)",66a92e2b14da1ebeb591920c
24.0,40.0,1780,train,1003.3168595867492,1.0,1.0,"(5, 2)",66a92e2b14da1ebeb591920c
24.0,40.0,1781,train,1003.3168595867492,1.0,1.0,"(5, 2)",66a92e2b14da1ebeb591920c
24.0,40.0,1782,train,1003.3168595867492,1.0,1.0,"(5, 2)",66a92e2b14da1ebeb591920c
24.0,40.0,1783,train,1003.3168595867492,1.0,1.0,"(5, 2)",66a92e2b14da1ebeb591920c
24.0,40.0,1784,train,1003.3168595867492,1.0,1.0,"(5, 2)",66a92e2b14da1ebeb591920c
24.0,40.0,1785,train,1003.3168595867492,1.0,1.0,"(5, 2)",66a92e2b14da1ebeb591920c
24.0,40.0,1786,train,1003.3168595867492,1.0,1.0,"(5, 2)",66a92e2b14da1ebeb591920c
24.0,40.0,1787,train,1003.3168595867492,1.0,1.0,"(5, 2)",66a92e2b14da1ebeb591920c
24.0,40.0,1788,train,1003.3168595867492,1.0,1.0,"(5, 2)",66a92e2b14da1ebeb591920c
24.0,40.0,1789,train,1003.3168595867492,1.0,1.0,"(5, 2)",66a92e2b14da1ebeb591920c
24.0,40.0,1790,train,1003.3168595867492,1.0,1.0,"(5, 2)",66a92e2b14da1ebeb591920c
24.0,40.0,1791,train,1003.3168595867492,1.0,1.0,"(5, 2)",66a92e2b14da1ebeb591920c
24.0,40.0,1792,train,1003.3168595867492,1.0,1.0,"(5, 2)",66a92e2b14da1ebeb591920c
24.0,40.0,1793,train,1003.3168595867492,1.0,1.0,"(5, 2)",66a92e2b14da1ebeb591920c
24.0,40.0,1794,train,1003.3168595867492,1.0,1.0,"(5, 2)",66a92e2b14da1ebeb591920c
24.0,40.0,1795,train,1003.3168595867492,1.0,1.0,"(5, 2)",66a92e2b14da1ebeb591920c
24.0,40.0,1796,train,1003.3168595867492,1.0,1.0,"(5, 2)",66a92e2b14da1ebeb591920c
24.0,40.0,1797,train,1003.3168595867492,1.0,1.0,"(5, 2)",66a92e2b14da1ebeb591920c
24.0,40.0,1798,train,1003.3168595867492,1.0,1.0,"(5, 2)",66a92e2b14da1ebeb591920c
24.0,40.0,1799,train,1003.3168595867492,1.0,1.0,"(5, 2)",66a92e2b14da1ebeb591920c
24.0,40.0,1800,train,1003.3168595867492,1.0,1.0,"(5, 2)",66a92e2b14da1ebeb591920c
24.0,40.0,1801,train,1003.3168595867492,1.0,1.0,"(5, 2)",66a92e2b14da1ebeb591920c
24.0,40.0,1802,train,1003.3168595867492,1.0,1.0,"(5, 2)",66a92e2b14da1ebeb591920c
24.0,40.0,1803,train,1003.3168595867492,1.0,1.0,"(5, 2)",66a92e2b14da1ebeb591920c
24.0,40.0,1804,train,1003.3168595867492,1.0,1.0,"(5, 2)",66a92e2b14da1ebeb591920c
24.0,40.0,1805,train,1003.3168595867492,1.0,1.0,"(5, 2)",66a92e2b14da1ebeb591920c
24.0,40.0,1806,train,1003.3168595867492,1.0,1.0,"(5, 2)",66a92e2b14da1ebeb591920c
24.0,40.0,1807,train,1003.3168595867492,1.0,1.0,"(5, 2)",66a92e2b14da1ebeb591920c
24.0,40.0,1808,train,1003.3168595867492,1.0,1.0,"(5, 2)",66a92e2b14da1ebeb591920c
24.0,40.0,1809,train,1003.3168595867492,1.0,1.0,"(5, 2)",66a92e2b14da1ebeb591920c
24.0,40.0,1810,train,1003.3168595867492,1.0,1.0,"(5, 2)",66a92e2b14da1ebeb591920c
24.0,40.0,1811,train,1003.3168595867492,1.0,1.0,"(5, 2)",66a92e2b14da1ebeb591920c
24.0,40.0,1812,train,1003.3168595867492,1.0,1.0,"(5, 2)",66a92e2b14da1ebeb591920c
24.0,40.0,1813,train,1003.3168595867492,1.0,1.0,"(5, 2)",66a92e2b14da1ebeb591920c
24.0,40.0,1814,train,1003.3168595867492,1.0,1.0,"(5, 2)",66a92e2b14da1ebeb591920c
24.0,40.0,1815,train,1003.3168595867492,1.0,1.0,"(5, 2)",66a92e2b14da1ebeb591920c
24.0,40.0,1816,train,1003.3168595867492,1.0,1.0,"(5, 2)",66a92e2b14da1ebeb591920c
24.0,40.0,1817,train,1003.3168595867492,1.0,1.0,"(5, 2)",66a92e2b14da1ebeb591920c
24.0,40.0,1818,train,1003.3168595867492,1.0,1.0,"(5, 2)",66a92e2b14da1ebeb591920c
24.0,40.0,1819,train,1003.3168595867492,1.0,1.0,"(5, 2)",66a92e2b14da1ebeb591920c
24.0,40.0,1820,train,1003.3168595867492,1.0,1.0,"(5, 2)",66a92e2b14da1ebeb591920c
24.0,40.0,1821,train,1003.3168595867492,1.0,1.0,"(5, 2)",66a92e2b14da1ebeb591920c
24.0,40.0,1822,train,1003.3168595867492,1.0,1.0,"(5, 2)",66a92e2b14da1ebeb591920c
24.0,40.0,1823,train,1003.3168595867492,1.0,1.0,"(5, 2)",66a92e2b14da1ebeb591920c
24.0,40.0,1824,train,1003.3168595867492,1.0,1.0,"(5, 2)",66a92e2b14da1ebeb591920c
24.0,40.0,1825,train,1003.3168595867492,1.0,1.0,"(5, 2)",66a92e2b14da1ebeb591920c
24.0,40.0,1826,train,1003.3168595867492,1.0,1.0,"(5, 2)",66a92e2b14da1ebeb591920c
24.0,40.0,1827,train,1003.3168595867492,1.0,1.0,"(5, 2)",66a92e2b14da1ebeb591920c
24.0,40.0,1828,train,1003.3168595867492,1.0,1.0,"(5, 2)",66a92e2b14da1ebeb591920c
24.0,40.0,1829,train,1003.3168595867492,1.0,1.0,"(5, 2)",66a92e2b14da1ebeb591920c
24.0,40.0,1830,train,1003.3168595867492,1.0,1.0,"(5, 2)",66a92e2b14da1ebeb591920c
24.0,40.0,1831,train,1003.3168595867492,1.0,1.0,"(5, 2)",66a92e2b14da1ebeb591920c
24.0,40.0,1832,train,1003.3168595867492,1.0,1.0,"(5, 2)",66a92e2b14da1ebeb591920c
24.0,40.0,1833,train,1003.3168595867492,1.0,1.0,"(5, 2)",66a92e2b14da1ebeb591920c
24.0,40.0,1834,train,1003.3168595867492,1.0,1.0,"(5, 2)",66a92e2b14da1ebeb591920c
24.0,40.0,1835,train,1003.3168595867492,1.0,1.0,"(5, 2)",66a92e2b14da1ebeb591920c
24.0,40.0,1836,train,1003.3168595867492,1.0,1.0,"(5, 2)",66a92e2b14da1ebeb591920c
24.0,41.250000000000284,1837,train,1004.5668595867494,1.0,1.0,"(5, 2)",66a92e2b14da1ebeb591920c
24.0,42.50000000000057,1838,train,1005.8168595867496,1.0,1.0,"(5, 2)",66a92e2b14da1ebeb591920c
24.0,43.75000000000085,1839,train,1007.0668595867498,1.0,1.0,"(5, 2)",66a92e2b14da1ebeb591920c
24.0,45.00000000000114,1840,train,1008.3168595867501,1.0,1.0,"(5, 2)",66a92e2b14da1ebeb591920c
24.0,46.25000000000142,1841,train,1009.5668595867503,1.0,1.0,"(5, 2)",66a92e2b14da1ebeb591920c
24.0,47.500000000001705,1842,train,1010.8168595867505,1.0,1.0,"(5, 2)",66a92e2b14da1ebeb591920c
24.0,48.75000000000199,1843,train,1012.0668595867508,1.0,1.0,"(5, 2)",66a92e2b14da1ebeb591920c
24.0,50.000000000002274,1844,train,1013.316859586751,1.0,1.0,"(5, 2)",66a92e2b14da1ebeb591920c
24.0,51.25000000000256,1845,train,1014.5668595867512,1.0,1.0,"(5, 2)",66a92e2b14da1ebeb591920c
24.0,52.50000000000284,1846,train,1015.8168595867514,1.0,1.0,"(5, 2)",66a92e2b14da1ebeb591920c
24.0,53.750000000003126,1847,train,1017.0668595867517,1.0,1.0,"(5, 2)",66a92e2b14da1ebeb591920c
24.0,55.00000000000341,1848,train,1018.3168595867519,1.0,1.0,"(5, 2)",66a92e2b14da1ebeb591920c
24.0,56.0,1849,train,1019.3168595867485,1.0,1.0,"(5, 2)",66a92e2b14da1ebeb591920c
24.0,56.0,1850,train,1019.3168595867485,1.0,1.0,"(5, 2)",66a92e2b14da1ebeb591920c
24.0,56.0,1851,train,1019.3168595867485,1.0,1.0,"(5, 2)",66a92e2b14da1ebeb591920c
24.0,56.0,1852,train,1019.3168595867485,1.0,1.0,"(5, 2)",66a92e2b14da1ebeb591920c
24.0,56.0,1853,train,1019.3168595867485,1.0,1.0,"(5, 2)",66a92e2b14da1ebeb591920c
24.0,56.0,1854,train,1019.3168595867485,1.0,1.0,"(5, 2)",66a92e2b14da1ebeb591920c
24.0,56.0,1855,train,1019.3168595867485,1.0,1.0,"(5, 2)",66a92e2b14da1ebeb591920c
24.0,56.0,1856,train,1019.3168595867485,1.0,1.0,"(5, 2)",66a92e2b14da1ebeb591920c
24.0,56.0,1857,train,1019.3168595867485,1.0,1.0,"(5, 2)",66a92e2b14da1ebeb591920c
24.0,56.0,1858,train,1019.3168595867485,1.0,1.0,"(5, 2)",66a92e2b14da1ebeb591920c
24.0,56.0,1859,train,1019.3168595867485,1.0,1.0,"(5, 2)",66a92e2b14da1ebeb591920c
24.0,56.0,1860,train,1019.3168595867485,1.0,1.0,"(5, 2)",66a92e2b14da1ebeb591920c
24.0,56.0,1861,train,1019.3168595867485,1.0,1.0,"(5, 2)",66a92e2b14da1ebeb591920c
24.0,56.0,1862,train,1019.3168595867485,1.0,1.0,"(5, 2)",66a92e2b14da1ebeb591920c
24.0,56.0,1863,train,1019.3168595867485,1.0,1.0,"(5, 2)",66a92e2b14da1ebeb591920c
24.0,56.0,1864,train,1019.3168595867485,1.0,1.0,"(5, 2)",66a92e2b14da1ebeb591920c
24.0,56.0,1865,train,1019.3168595867485,1.0,1.0,"(5, 2)",66a92e2b14da1ebeb591920c
24.0,56.0,1866,train,1019.3168595867485,1.0,1.0,"(5, 2)",66a92e2b14da1ebeb591920c
24.0,56.0,1867,train,1019.3168595867485,1.0,1.0,"(5, 2)",66a92e2b14da1ebeb591920c
24.0,56.0,1868,train,1019.3168595867485,1.0,1.0,"(5, 2)",66a92e2b14da1ebeb591920c
24.0,56.0,1869,train,1019.3168595867485,1.0,1.0,"(5, 2)",66a92e2b14da1ebeb591920c
24.0,56.0,1870,train,1019.3168595867485,1.0,1.0,"(5, 2)",66a92e2b14da1ebeb591920c
24.0,56.0,1871,train,1019.3168595867485,1.0,1.0,"(5, 2)",66a92e2b14da1ebeb591920c
24.0,56.0,1872,train,1019.3168595867485,1.0,1.0,"(5, 2)",66a92e2b14da1ebeb591920c
24.0,56.0,1873,train,1019.3168595867485,1.0,1.0,"(5, 2)",66a92e2b14da1ebeb591920c
24.0,56.0,1874,train,1019.3168595867485,1.0,1.0,"(5, 2)",66a92e2b14da1ebeb591920c
24.0,56.0,1875,train,1019.3168595867485,1.0,1.0,"(5, 2)",66a92e2b14da1ebeb591920c
24.0,56.0,1876,train,1019.3168595867485,1.0,1.0,"(5, 2)",66a92e2b14da1ebeb591920c
24.0,56.0,1877,train,1019.3168595867485,1.0,1.0,"(5, 2)",66a92e2b14da1ebeb591920c
24.0,56.0,1878,train,1019.3168595867485,1.0,1.0,"(5, 2)",66a92e2b14da1ebeb591920c
24.0,56.0,1879,train,1019.3168595867485,1.0,1.0,"(5, 2)",66a92e2b14da1ebeb591920c
24.0,56.0,1880,train,1019.3168595867485,1.0,1.0,"(5, 2)",66a92e2b14da1ebeb591920c
24.0,56.0,1881,train,1019.3168595867485,1.0,1.0,"(5, 2)",66a92e2b14da1ebeb591920c
24.0,56.0,1882,train,1019.3168595867485,1.0,1.0,"(5, 2)",66a92e2b14da1ebeb591920c
24.0,56.0,1883,train,1019.3168595867485,1.0,1.0,"(5, 2)",66a92e2b14da1ebeb591920c
24.0,56.0,1884,train,1019.3168595867485,1.0,1.0,"(5, 2)",66a92e2b14da1ebeb591920c
24.0,56.0,1885,train,1019.3168595867485,1.0,1.0,"(5, 2)",66a92e2b14da1ebeb591920c
24.0,56.0,1886,train,1019.3168595867485,1.0,1.0,"(5, 2)",66a92e2b14da1ebeb591920c
24.0,56.0,1887,train,1019.3168595867485,1.0,1.0,"(5, 2)",66a92e2b14da1ebeb591920c
24.0,56.0,1888,train,1019.3168595867485,1.0,1.0,"(5, 2)",66a92e2b14da1ebeb591920c
24.0,56.0,1889,train,1019.3168595867485,1.0,1.0,"(5, 2)",66a92e2b14da1ebeb591920c
24.0,56.0,1890,train,1019.3168595867485,1.0,1.0,"(5, 2)",66a92e2b14da1ebeb591920c
24.0,56.0,1891,train,1019.3168595867485,1.0,1.0,"(5, 2)",66a92e2b14da1ebeb591920c
24.0,56.0,1892,train,1019.3168595867485,1.0,1.0,"(5, 2)",66a92e2b14da1ebeb591920c
24.0,56.0,1893,train,1019.3168595867485,1.0,1.0,"(5, 2)",66a92e2b14da1ebeb591920c
24.0,56.0,1894,train,1019.3168595867485,1.0,1.0,"(5, 2)",66a92e2b14da1ebeb591920c
24.0,56.0,1895,train,1019.3168595867485,1.0,1.0,"(5, 2)",66a92e2b14da1ebeb591920c
24.0,56.0,1896,train,1019.3168595867485,1.0,1.0,"(5, 2)",66a92e2b14da1ebeb591920c
24.0,56.0,1897,train,1019.3168595867485,1.0,1.0,"(5, 2)",66a92e2b14da1ebeb591920c
24.0,56.0,1898,train,1019.3168595867485,1.0,1.0,"(5, 2)",66a92e2b14da1ebeb591920c
24.0,56.0,1899,train,1019.3168595867485,1.0,1.0,"(5, 2)",66a92e2b14da1ebeb591920c
24.0,56.0,1900,train,1019.3168595867485,1.0,1.0,"(5, 2)",66a92e2b14da1ebeb591920c
24.0,56.0,1901,train,1019.3168595867485,1.0,1.0,"(5, 2)",66a92e2b14da1ebeb591920c
24.0,56.0,1902,train,1019.3168595867485,1.0,1.0,"(5, 2)",66a92e2b14da1ebeb591920c
24.0,56.0,1903,train,1019.3168595867485,1.0,1.0,"(5, 2)",66a92e2b14da1ebeb591920c
24.0,56.0,1904,train,1019.3168595867485,1.0,1.0,"(5, 2)",66a92e2b14da1ebeb591920c
24.0,56.0,1905,train,1019.3168595867485,1.0,1.0,"(5, 2)",66a92e2b14da1ebeb591920c
24.0,56.0,1906,train,1019.3168595867485,1.0,1.0,"(5, 2)",66a92e2b14da1ebeb591920c
24.0,56.0,1907,train,1019.3168595867485,1.0,1.0,"(5, 2)",66a92e2b14da1ebeb591920c
24.0,56.0,1908,train,1019.3168595867485,1.0,1.0,"(5, 2)",66a92e2b14da1ebeb591920c
24.0,56.0,1909,train,1019.3168595867485,1.0,1.0,"(5, 2)",66a92e2b14da1ebeb591920c
24.0,56.0,1910,train,1019.3168595867485,1.0,1.0,"(5, 2)",66a92e2b14da1ebeb591920c
24.0,56.0,1911,train,1019.3168595867485,1.0,1.0,"(5, 2)",66a92e2b14da1ebeb591920c
24.0,56.0,1912,train,1019.3168595867485,1.0,1.0,"(5, 2)",66a92e2b14da1ebeb591920c
24.0,56.0,1913,train,1019.3168595867485,1.0,1.0,"(5, 2)",66a92e2b14da1ebeb591920c
24.0,56.0,1914,train,1019.3168595867485,1.0,1.0,"(5, 2)",66a92e2b14da1ebeb591920c
24.0,56.0,1915,train,1019.3168595867485,1.0,1.0,"(5, 2)",66a92e2b14da1ebeb591920c
24.0,56.0,1916,train,1019.3168595867485,1.0,1.0,"(5, 2)",66a92e2b14da1ebeb591920c
24.0,56.0,1917,train,1019.3168595867485,1.0,1.0,"(5, 2)",66a92e2b14da1ebeb591920c
24.0,56.0,1918,train,1019.3168595867485,1.0,1.0,"(5, 2)",66a92e2b14da1ebeb591920c
24.0,56.0,1919,train,1019.3168595867485,1.0,1.0,"(5, 2)",66a92e2b14da1ebeb591920c
24.0,56.0,1920,train,1019.3168595867485,1.0,1.0,"(5, 2)",66a92e2b14da1ebeb591920c
24.0,56.0,1921,train,1019.3168595867485,1.0,1.0,"(5, 2)",66a92e2b14da1ebeb591920c
24.0,56.0,1922,train,1019.3168595867485,1.0,1.0,"(5, 2)",66a92e2b14da1ebeb591920c
24.0,56.0,1923,train,1019.3168595867485,1.0,1.0,"(5, 2)",66a92e2b14da1ebeb591920c
24.0,56.0,1924,train,1019.3168595867485,1.0,1.0,"(5, 2)",66a92e2b14da1ebeb591920c
24.0,56.0,1925,train,1019.3168595867485,1.0,1.0,"(5, 2)",66a92e2b14da1ebeb591920c
24.0,56.0,1926,train,1019.3168595867485,1.0,1.0,"(5, 2)",66a92e2b14da1ebeb591920c
24.0,56.0,1927,train,1019.3168595867485,1.0,1.0,"(5, 2)",66a92e2b14da1ebeb591920c
24.0,56.0,1928,train,1019.3168595867485,1.0,1.0,"(5, 2)",66a92e2b14da1ebeb591920c
24.0,56.0,1929,train,1019.3168595867485,1.0,1.0,"(5, 2)",66a92e2b14da1ebeb591920c
24.0,56.0,1930,train,1019.3168595867485,1.0,1.0,"(5, 2)",66a92e2b14da1ebeb591920c
24.0,56.0,1931,train,1019.3168595867485,1.0,1.0,"(5, 2)",66a92e2b14da1ebeb591920c
24.0,56.0,1932,train,1019.3168595867485,1.0,1.0,"(5, 2)",66a92e2b14da1ebeb591920c
24.0,56.0,1933,train,1019.3168595867485,1.0,1.0,"(5, 2)",66a92e2b14da1ebeb591920c
24.0,56.0,1934,train,1019.3168595867485,1.0,1.0,"(5, 2)",66a92e2b14da1ebeb591920c
24.0,56.0,1935,train,1019.3168595867485,1.0,1.0,"(5, 2)",66a92e2b14da1ebeb591920c
24.0,56.0,1936,train,1019.3168595867485,1.0,1.0,"(5, 2)",66a92e2b14da1ebeb591920c
24.0,56.0,1937,train,1019.3168595867485,1.0,1.0,"(5, 2)",66a92e2b14da1ebeb591920c
24.0,56.0,1938,train,1019.3168595867485,1.0,1.0,"(5, 2)",66a92e2b14da1ebeb591920c
24.0,56.0,1939,train,1019.3168595867485,1.0,1.0,"(5, 2)",66a92e2b14da1ebeb591920c
24.0,56.0,1940,train,1019.3168595867485,1.0,1.0,"(5, 2)",66a92e2b14da1ebeb591920c
24.0,56.0,1941,train,1019.3168595867485,1.0,1.0,"(5, 2)",66a92e2b14da1ebeb591920c
24.0,56.0,1942,train,1019.3168595867485,1.0,1.0,"(5, 2)",66a92e2b14da1ebeb591920c
24.0,56.0,1943,train,1019.3168595867485,1.0,1.0,"(5, 2)",66a92e2b14da1ebeb591920c
24.0,56.0,1944,train,1019.3168595867485,1.0,1.0,"(5, 2)",66a92e2b14da1ebeb591920c
24.0,56.0,1945,train,1019.3168595867485,1.0,1.0,"(5, 2)",66a92e2b14da1ebeb591920c
24.0,56.0,1946,train,1019.3168595867485,1.0,1.0,"(5, 2)",66a92e2b14da1ebeb591920c
24.0,56.0,1947,train,1019.3168595867485,1.0,1.0,"(5, 2)",66a92e2b14da1ebeb591920c
24.0,56.0,1948,train,1019.3168595867485,1.0,1.0,"(5, 2)",66a92e2b14da1ebeb591920c
24.0,56.0,1949,train,1019.3168595867485,1.0,1.0,"(5, 2)",66a92e2b14da1ebeb591920c
24.0,56.0,1950,train,1019.3168595867485,1.0,1.0,"(5, 2)",66a92e2b14da1ebeb591920c
24.0,56.0,1951,train,1019.3168595867485,1.0,1.0,"(5, 2)",66a92e2b14da1ebeb591920c
24.0,57.250000000000284,1952,train,1020.5668595867487,1.0,1.0,"(5, 2)",66a92e2b14da1ebeb591920c
24.0,58.50000000000057,1953,train,1021.8168595867489,1.0,1.0,"(5, 2)",66a92e2b14da1ebeb591920c
24.0,59.75000000000085,1954,train,1023.0668595867492,1.0,1.0,"(5, 2)",66a92e2b14da1ebeb591920c
24.0,61.00000000000114,1955,train,1024.3168595867494,1.0,1.0,"(5, 2)",66a92e2b14da1ebeb591920c
24.0,62.25000000000142,1956,train,1025.5668595867496,1.0,1.0,"(5, 2)",66a92e2b14da1ebeb591920c
24.0,63.500000000001705,1957,train,1026.8168595867498,1.0,1.0,"(5, 2)",66a92e2b14da1ebeb591920c
24.0,64.75000000000199,1958,train,1028.06685958675,1.0,1.0,"(5, 2)",66a92e2b14da1ebeb591920c
24.0,66.00000000000227,1959,train,1029.3168595867503,1.0,1.0,"(5, 2)",66a92e2b14da1ebeb591920c
24.0,67.25000000000256,1960,train,1030.5668595867505,1.0,1.0,"(5, 2)",66a92e2b14da1ebeb591920c
24.0,68.50000000000284,1961,train,1031.8168595867508,1.0,1.0,"(5, 2)",66a92e2b14da1ebeb591920c
24.0,69.75000000000313,1962,train,1033.066859586751,1.0,1.0,"(5, 2)",66a92e2b14da1ebeb591920c
24.0,71.00000000000341,1963,train,1034.3168595867512,1.0,1.0,"(5, 2)",66a92e2b14da1ebeb591920c
24.0,72.2500000000037,1964,train,1035.5668595867514,1.0,1.0,"(5, 2)",66a92e2b14da1ebeb591920c
24.0,73.50000000000398,1965,train,1036.8168595867517,1.0,1.0,"(5, 2)",66a92e2b14da1ebeb591920c
24.0,74.75000000000426,1966,train,1038.066859586752,1.0,1.0,"(5, 2)",66a92e2b14da1ebeb591920c
24.0,76.00000000000455,1967,train,1039.3168595867521,1.0,1.0,"(5, 2)",66a92e2b14da1ebeb591920c
24.0,77.25000000000483,1968,train,1040.5668595867523,1.0,1.0,"(5, 2)",66a92e2b14da1ebeb591920c
24.0,78.50000000000512,1969,train,1041.8168595867526,1.0,1.0,"(5, 2)",66a92e2b14da1ebeb591920c
24.0,79.7500000000054,1970,train,1043.0668595867528,1.0,1.0,"(5, 2)",66a92e2b14da1ebeb591920c
24.0,81.00000000000568,1971,train,1044.316859586753,1.0,1.0,"(5, 2)",66a92e2b14da1ebeb591920c
24.0,82.25000000000597,1972,train,1045.5668595867533,1.0,1.0,"(5, 2)",66a92e2b14da1ebeb591920c
24.0,83.50000000000625,1973,train,1046.8168595867535,1.0,1.0,"(5, 2)",66a92e2b14da1ebeb591920c
24.0,84.75000000000654,1974,train,1048.0668595867537,1.0,1.0,"(5, 2)",66a92e2b14da1ebeb591920c
24.0,86.00000000000682,1975,train,1049.316859586754,1.0,1.0,"(5, 2)",66a92e2b14da1ebeb591920c
24.0,87.2500000000071,1976,train,1050.5668595867542,1.0,1.0,"(5, 2)",66a92e2b14da1ebeb591920c
24.0,88.0,1977,train,1051.3168595867471,1.0,1.0,"(5, 2)",66a92e2b14da1ebeb591920c
24.0,88.0,1978,train,1051.3168595867471,1.0,1.0,"(5, 2)",66a92e2b14da1ebeb591920c
24.0,88.0,1979,train,1051.3168595867471,1.0,1.0,"(5, 2)",66a92e2b14da1ebeb591920c
24.0,88.0,1980,train,1051.3168595867471,1.0,1.0,"(5, 2)",66a92e2b14da1ebeb591920c
24.0,88.0,1981,train,1051.3168595867471,1.0,1.0,"(5, 2)",66a92e2b14da1ebeb591920c
24.0,86.74999999999972,1982,train,1052.5668595867473,1.0,1.0,"(5, 2)",66a92e2b14da1ebeb591920c
24.0,85.49999999999943,1983,train,1053.8168595867476,1.0,1.0,"(5, 2)",66a92e2b14da1ebeb591920c
24.0,84.24999999999915,1984,train,1055.0668595867478,1.0,1.0,"(5, 2)",66a92e2b14da1ebeb591920c
24.0,82.99999999999886,1985,train,1056.316859586748,1.0,1.0,"(5, 2)",66a92e2b14da1ebeb591920c
24.0,81.74999999999858,1986,train,1057.5668595867483,1.0,1.0,"(5, 2)",66a92e2b14da1ebeb591920c
24.0,80.4999999999983,1987,train,1058.8168595867485,1.0,1.0,"(5, 2)",66a92e2b14da1ebeb591920c
24.0,79.24999999999801,1988,train,1060.0668595867487,1.0,1.0,"(5, 2)",66a92e2b14da1ebeb591920c
24.0,77.99999999999773,1989,train,1061.316859586749,1.0,1.0,"(5, 2)",66a92e2b14da1ebeb591920c
24.0,76.74999999999744,1990,train,1062.5668595867492,1.0,1.0,"(5, 2)",66a92e2b14da1ebeb591920c
24.0,75.49999999999716,1991,train,1063.8168595867494,1.0,1.0,"(5, 2)",66a92e2b14da1ebeb591920c
24.0,74.24999999999687,1992,train,1065.0668595867496,1.0,1.0,"(5, 2)",66a92e2b14da1ebeb591920c
24.0,72.99999999999659,1993,train,1066.3168595867498,1.0,1.0,"(5, 2)",66a92e2b14da1ebeb591920c
24.0,71.7499999999963,1994,train,1067.56685958675,1.0,1.0,"(5, 2)",66a92e2b14da1ebeb591920c
24.0,70.49999999999602,1995,train,1068.8168595867503,1.0,1.0,"(5, 2)",66a92e2b14da1ebeb591920c
24.0,69.24999999999574,1996,train,1070.0668595867505,1.0,1.0,"(5, 2)",66a92e2b14da1ebeb591920c
24.0,67.99999999999545,1997,train,1071.3168595867508,1.0,1.0,"(5, 2)",66a92e2b14da1ebeb591920c
24.0,66.74999999999517,1998,train,1072.566859586751,1.0,1.0,"(5, 2)",66a92e2b14da1ebeb591920c
24.0,65.49999999999488,1999,train,1073.8168595867512,1.0,1.0,"(5, 2)",66a92e2b14da1ebeb591920c
24.0,64.2499999999946,2000,train,1075.0668595867514,1.0,1.0,"(5, 2)",66a92e2b14da1ebeb591920c
24.0,62.999999999994316,2001,train,1076.3168595867517,1.0,1.0,"(5, 2)",66a92e2b14da1ebeb591920c
24.0,61.74999999999403,2002,train,1077.566859586752,1.0,1.0,"(5, 2)",66a92e2b14da1ebeb591920c
24.0,60.49999999999375,2003,train,1078.8168595867521,1.0,1.0,"(5, 2)",66a92e2b14da1ebeb591920c
24.0,59.24999999999346,2004,train,1080.0668595867523,1.0,1.0,"(5, 2)",66a92e2b14da1ebeb591920c
24.0,57.99999999999318,2005,train,1081.3168595867526,1.0,1.0,"(5, 2)",66a92e2b14da1ebeb591920c
24.0,56.749999999992895,2006,train,1082.5668595867528,1.0,1.0,"(5, 2)",66a92e2b14da1ebeb591920c
24.0,55.49999999999261,2007,train,1083.816859586753,1.0,1.0,"(5, 2)",66a92e2b14da1ebeb591920c
24.0,54.249999999992326,2008,train,1085.0668595867533,1.0,1.0,"(5, 2)",66a92e2b14da1ebeb591920c
24.0,52.99999999999204,2009,train,1086.3168595867535,1.0,1.0,"(5, 2)",66a92e2b14da1ebeb591920c
24.0,51.74999999999176,2010,train,1087.5668595867537,1.0,1.0,"(5, 2)",66a92e2b14da1ebeb591920c
24.0,50.49999999999147,2011,train,1088.816859586754,1.0,1.0,"(5, 2)",66a92e2b14da1ebeb591920c
24.0,49.24999999999119,2012,train,1090.0668595867542,1.0,1.0,"(5, 2)",66a92e2b14da1ebeb591920c
24.0,47.999999999990905,2013,train,1091.3168595867544,1.0,1.0,"(5, 2)",66a92e2b14da1ebeb591920c
24.0,46.74999999999062,2014,train,1092.5668595867546,1.0,1.0,"(5, 2)",66a92e2b14da1ebeb591920c
24.0,45.49999999999034,2015,train,1093.8168595867548,1.0,1.0,"(5, 2)",66a92e2b14da1ebeb591920c
24.0,44.24999999999005,2016,train,1095.066859586755,1.0,1.0,"(5, 2)",66a92e2b14da1ebeb591920c
24.0,42.99999999998977,2017,train,1096.3168595867553,1.0,1.0,"(5, 2)",66a92e2b14da1ebeb591920c
24.0,41.749999999989484,2018,train,1097.5668595867555,1.0,1.0,"(5, 2)",66a92e2b14da1ebeb591920c
24.0,40.4999999999892,2019,train,1098.8168595867558,1.0,1.0,"(5, 2)",66a92e2b14da1ebeb591920c
24.0,40.0,2020,train,1099.316859586745,1.0,1.0,"(5, 2)",66a92e2b14da1ebeb591920c
24.0,40.0,2021,train,1099.316859586745,1.0,1.0,"(5, 2)",66a92e2b14da1ebeb591920c
24.0,40.0,2022,train,1099.316859586745,1.0,1.0,"(5, 2)",66a92e2b14da1ebeb591920c
24.0,40.0,2023,train,1099.316859586745,1.0,1.0,"(5, 2)",66a92e2b14da1ebeb591920c
24.0,40.0,2024,train,1099.316859586745,1.0,1.0,"(5, 2)",66a92e2b14da1ebeb591920c
24.0,40.0,2025,train,1099.316859586745,1.0,1.0,"(5, 2)",66a92e2b14da1ebeb591920c
24.0,40.0,2026,train,1099.316859586745,1.0,1.0,"(5, 2)",66a92e2b14da1ebeb591920c
24.0,40.0,2027,train,1099.316859586745,1.0,1.0,"(5, 2)",66a92e2b14da1ebeb591920c
24.0,40.0,2028,train,1099.316859586745,1.0,1.0,"(5, 2)",66a92e2b14da1ebeb591920c
24.0,40.0,2029,train,1099.316859586745,1.0,1.0,"(5, 2)",66a92e2b14da1ebeb591920c
24.0,40.0,2030,train,1099.316859586745,1.0,1.0,"(5, 2)",66a92e2b14da1ebeb591920c
24.0,40.0,2031,train,1099.316859586745,1.0,1.0,"(5, 2)",66a92e2b14da1ebeb591920c
24.0,40.0,2032,train,1099.316859586745,1.0,1.0,"(5, 2)",66a92e2b14da1ebeb591920c
24.0,40.0,2033,train,1099.316859586745,1.0,1.0,"(5, 2)",66a92e2b14da1ebeb591920c
24.0,40.0,2034,train,1099.316859586745,1.0,1.0,"(5, 2)",66a92e2b14da1ebeb591920c
24.0,40.0,2035,train,1099.316859586745,1.0,1.0,"(5, 2)",66a92e2b14da1ebeb591920c
24.0,40.0,2036,train,1099.316859586745,1.0,1.0,"(5, 2)",66a92e2b14da1ebeb591920c
24.0,40.0,2037,train,1099.316859586745,1.0,1.0,"(5, 2)",66a92e2b14da1ebeb591920c
24.0,40.0,2038,train,1099.316859586745,1.0,1.0,"(5, 2)",66a92e2b14da1ebeb591920c
24.0,40.0,2039,train,1099.316859586745,1.0,1.0,"(5, 2)",66a92e2b14da1ebeb591920c
24.0,40.0,2040,train,1099.316859586745,1.0,1.0,"(5, 2)",66a92e2b14da1ebeb591920c
24.0,40.0,2041,train,1099.316859586745,1.0,1.0,"(5, 2)",66a92e2b14da1ebeb591920c
24.0,40.0,2042,train,1099.316859586745,1.0,1.0,"(5, 2)",66a92e2b14da1ebeb591920c
24.0,40.0,2043,train,1099.316859586745,1.0,1.0,"(5, 2)",66a92e2b14da1ebeb591920c
24.0,40.0,2044,train,1099.316859586745,1.0,1.0,"(5, 2)",66a92e2b14da1ebeb591920c
24.0,40.0,2045,train,1099.316859586745,1.0,1.0,"(5, 2)",66a92e2b14da1ebeb591920c
24.0,40.0,2046,train,1099.316859586745,1.0,1.0,"(5, 2)",66a92e2b14da1ebeb591920c
24.0,40.0,2047,train,1099.316859586745,1.0,1.0,"(5, 2)",66a92e2b14da1ebeb591920c
24.0,40.0,2048,train,1099.316859586745,1.0,1.0,"(5, 2)",66a92e2b14da1ebeb591920c
24.0,40.0,2049,train,1099.316859586745,1.0,1.0,"(5, 2)",66a92e2b14da1ebeb591920c
24.0,40.0,2050,train,1099.316859586745,1.0,1.0,"(5, 2)",66a92e2b14da1ebeb591920c
24.0,40.0,2051,train,1099.316859586745,1.0,1.0,"(5, 2)",66a92e2b14da1ebeb591920c
24.0,40.0,2052,train,1099.316859586745,1.0,1.0,"(5, 2)",66a92e2b14da1ebeb591920c
24.0,40.0,2053,train,1099.316859586745,1.0,1.0,"(5, 2)",66a92e2b14da1ebeb591920c
24.0,40.0,2054,train,1099.316859586745,1.0,1.0,"(5, 2)",66a92e2b14da1ebeb591920c
24.0,40.0,2055,train,1099.316859586745,1.0,1.0,"(5, 2)",66a92e2b14da1ebeb591920c
24.0,40.0,2056,train,1099.316859586745,1.0,1.0,"(5, 2)",66a92e2b14da1ebeb591920c
24.0,40.0,2057,train,1099.316859586745,1.0,1.0,"(5, 2)",66a92e2b14da1ebeb591920c
24.0,40.0,2058,train,1099.316859586745,1.0,1.0,"(5, 2)",66a92e2b14da1ebeb591920c
24.0,40.0,2059,train,1099.316859586745,1.0,1.0,"(5, 2)",66a92e2b14da1ebeb591920c
24.0,40.0,2060,train,1099.316859586745,1.0,1.0,"(5, 2)",66a92e2b14da1ebeb591920c
24.0,40.0,2061,train,1099.316859586745,1.0,1.0,"(5, 2)",66a92e2b14da1ebeb591920c
24.0,40.0,2062,train,1099.316859586745,1.0,1.0,"(5, 2)",66a92e2b14da1ebeb591920c
24.0,40.0,2063,train,1099.316859586745,1.0,1.0,"(5, 2)",66a92e2b14da1ebeb591920c
24.0,40.0,2064,train,1099.316859586745,1.0,1.0,"(5, 2)",66a92e2b14da1ebeb591920c
24.0,40.0,2065,train,1099.316859586745,1.0,1.0,"(5, 2)",66a92e2b14da1ebeb591920c
24.0,40.0,2066,train,1099.316859586745,1.0,1.0,"(5, 2)",66a92e2b14da1ebeb591920c
24.0,40.0,2067,train,1099.316859586745,1.0,1.0,"(5, 2)",66a92e2b14da1ebeb591920c
24.0,40.0,2068,train,1099.316859586745,1.0,1.0,"(5, 2)",66a92e2b14da1ebeb591920c
24.0,40.0,2069,train,1099.316859586745,1.0,1.0,"(5, 2)",66a92e2b14da1ebeb591920c
24.0,40.0,2070,train,1099.316859586745,1.0,1.0,"(5, 2)",66a92e2b14da1ebeb591920c
24.0,40.0,2071,train,1099.316859586745,1.0,1.0,"(5, 2)",66a92e2b14da1ebeb591920c
24.0,40.0,2072,train,1099.316859586745,1.0,1.0,"(5, 2)",66a92e2b14da1ebeb591920c
24.0,40.0,2073,train,1099.316859586745,1.0,1.0,"(5, 2)",66a92e2b14da1ebeb591920c
24.0,40.0,2074,train,1099.316859586745,1.0,1.0,"(5, 2)",66a92e2b14da1ebeb591920c
24.0,40.0,2075,train,1099.316859586745,1.0,1.0,"(5, 2)",66a92e2b14da1ebeb591920c
24.0,40.0,2076,train,1099.316859586745,1.0,1.0,"(5, 2)",66a92e2b14da1ebeb591920c
24.0,40.0,2077,train,1099.316859586745,1.0,1.0,"(5, 2)",66a92e2b14da1ebeb591920c
24.0,40.0,2078,train,1099.316859586745,1.0,1.0,"(5, 2)",66a92e2b14da1ebeb591920c
24.0,40.0,2079,train,1099.316859586745,1.0,1.0,"(5, 2)",66a92e2b14da1ebeb591920c
24.0,40.0,2080,train,1099.316859586745,1.0,1.0,"(5, 2)",66a92e2b14da1ebeb591920c
24.0,40.0,2081,train,1099.316859586745,1.0,1.0,"(5, 2)",66a92e2b14da1ebeb591920c
24.0,40.0,2082,train,1099.316859586745,1.0,1.0,"(5, 2)",66a92e2b14da1ebeb591920c
24.0,40.0,2083,train,1099.316859586745,1.0,1.0,"(5, 2)",66a92e2b14da1ebeb591920c
24.0,40.0,2084,train,1099.316859586745,1.0,1.0,"(5, 2)",66a92e2b14da1ebeb591920c
24.0,40.0,2085,train,1099.316859586745,1.0,1.0,"(5, 2)",66a92e2b14da1ebeb591920c
24.0,40.0,2086,train,1099.316859586745,1.0,1.0,"(5, 2)",66a92e2b14da1ebeb591920c
24.0,40.0,2087,train,1099.316859586745,1.0,1.0,"(5, 2)",66a92e2b14da1ebeb591920c
24.0,40.0,2088,train,1099.316859586745,1.0,1.0,"(5, 2)",66a92e2b14da1ebeb591920c
24.0,40.0,2089,train,1099.316859586745,1.0,1.0,"(5, 2)",66a92e2b14da1ebeb591920c
24.0,40.0,2090,train,1099.316859586745,1.0,1.0,"(5, 2)",66a92e2b14da1ebeb591920c
24.0,40.0,2091,train,1099.316859586745,1.0,1.0,"(5, 2)",66a92e2b14da1ebeb591920c
24.0,40.0,2092,train,1099.316859586745,1.0,1.0,"(5, 2)",66a92e2b14da1ebeb591920c
24.0,40.0,2093,train,1099.316859586745,1.0,1.0,"(5, 2)",66a92e2b14da1ebeb591920c
24.0,40.0,2094,train,1099.316859586745,1.0,1.0,"(5, 2)",66a92e2b14da1ebeb591920c
24.0,40.0,2095,train,1099.316859586745,1.0,1.0,"(5, 2)",66a92e2b14da1ebeb591920c
24.0,40.0,2096,train,1099.316859586745,1.0,1.0,"(5, 2)",66a92e2b14da1ebeb591920c
24.0,40.0,2097,train,1099.316859586745,1.0,1.0,"(5, 2)",66a92e2b14da1ebeb591920c
24.0,40.0,2098,train,1099.316859586745,1.0,1.0,"(5, 2)",66a92e2b14da1ebeb591920c
24.0,40.0,2099,train,1099.316859586745,1.0,1.0,"(5, 2)",66a92e2b14da1ebeb591920c
24.0,40.0,2100,train,1099.316859586745,1.0,1.0,"(5, 2)",66a92e2b14da1ebeb591920c
24.0,40.0,2101,train,1099.316859586745,1.0,1.0,"(5, 2)",66a92e2b14da1ebeb591920c
24.0,40.0,2102,train,1099.316859586745,1.0,1.0,"(5, 2)",66a92e2b14da1ebeb591920c
24.0,40.0,2103,train,1099.316859586745,1.0,1.0,"(5, 2)",66a92e2b14da1ebeb591920c
24.0,40.0,2104,train,1099.316859586745,1.0,1.0,"(5, 2)",66a92e2b14da1ebeb591920c
24.0,40.0,2105,train,1099.316859586745,1.0,1.0,"(5, 2)",66a92e2b14da1ebeb591920c
24.0,40.0,2106,train,1099.316859586745,1.0,1.0,"(5, 2)",66a92e2b14da1ebeb591920c
24.0,40.0,2107,train,1099.316859586745,1.0,1.0,"(5, 2)",66a92e2b14da1ebeb591920c
24.0,40.0,2108,train,1099.316859586745,1.0,1.0,"(5, 2)",66a92e2b14da1ebeb591920c
24.0,40.0,2109,train,1099.316859586745,1.0,1.0,"(5, 2)",66a92e2b14da1ebeb591920c
24.0,40.0,2110,train,1099.316859586745,1.0,1.0,"(5, 2)",66a92e2b14da1ebeb591920c
24.0,40.0,2111,train,1099.316859586745,1.0,1.0,"(5, 2)",66a92e2b14da1ebeb591920c
24.0,40.0,2112,train,1099.316859586745,1.0,1.0,"(5, 2)",66a92e2b14da1ebeb591920c
24.0,40.0,2113,train,1099.316859586745,1.0,1.0,"(5, 2)",66a92e2b14da1ebeb591920c
24.0,40.0,2114,train,1099.316859586745,1.0,1.0,"(5, 2)",66a92e2b14da1ebeb591920c
24.0,40.0,2115,train,1099.316859586745,1.0,1.0,"(5, 2)",66a92e2b14da1ebeb591920c
24.0,40.0,2116,train,1099.316859586745,1.0,1.0,"(5, 2)",66a92e2b14da1ebeb591920c
24.0,40.0,2117,train,1099.316859586745,1.0,1.0,"(5, 2)",66a92e2b14da1ebeb591920c
24.0,40.0,2118,train,1099.316859586745,1.0,1.0,"(5, 2)",66a92e2b14da1ebeb591920c
24.0,40.0,2119,train,1099.316859586745,1.0,1.0,"(5, 2)",66a92e2b14da1ebeb591920c
24.0,40.0,2120,train,1099.316859586745,1.0,1.0,"(5, 2)",66a92e2b14da1ebeb591920c
24.0,40.0,2121,train,1099.316859586745,1.0,1.0,"(5, 2)",66a92e2b14da1ebeb591920c
24.0,40.0,2122,train,1099.316859586745,1.0,1.0,"(5, 2)",66a92e2b14da1ebeb591920c
24.0,40.0,2123,train,1099.316859586745,1.0,1.0,"(5, 2)",66a92e2b14da1ebeb591920c
24.0,40.0,2124,train,1099.316859586745,1.0,1.0,"(5, 2)",66a92e2b14da1ebeb591920c
24.0,40.0,2125,train,1099.316859586745,1.0,1.0,"(5, 2)",66a92e2b14da1ebeb591920c
24.0,40.0,2126,train,1099.316859586745,1.0,1.0,"(5, 2)",66a92e2b14da1ebeb591920c
24.0,40.0,2127,train,1099.316859586745,1.0,1.0,"(5, 2)",66a92e2b14da1ebeb591920c
24.0,40.0,2128,train,1099.316859586745,1.0,1.0,"(5, 2)",66a92e2b14da1ebeb591920c
24.0,40.0,2129,train,1099.316859586745,1.0,1.0,"(5, 2)",66a92e2b14da1ebeb591920c
24.0,40.0,2130,train,1099.316859586745,1.0,1.0,"(5, 2)",66a92e2b14da1ebeb591920c
24.0,40.0,2131,train,1099.316859586745,1.0,1.0,"(5, 2)",66a92e2b14da1ebeb591920c
24.0,40.0,2132,train,1099.316859586745,1.0,1.0,"(5, 2)",66a92e2b14da1ebeb591920c
24.88388347648305,39.11611652351695,2133,train,1100.5668595867448,1.0,1.0,"(5, 2)",66a92e2b14da1ebeb591920c
25.7677669529661,38.2322330470339,2134,train,1101.8168595867446,1.0,1.0,"(5, 2)",66a92e2b14da1ebeb591920c
26.65165042944915,37.34834957055085,2135,train,1103.0668595867444,1.0,1.0,"(5, 2)",66a92e2b14da1ebeb591920c
27.535533905932198,36.4644660940678,2136,train,1104.3168595867442,1.0,1.0,"(5, 2)",66a92e2b14da1ebeb591920c
28.419417382415247,35.58058261758475,2137,train,1105.566859586744,1.0,1.0,"(5, 2)",66a92e2b14da1ebeb591920c
29.303300858898297,34.6966991411017,2138,train,1106.8168595867437,1.0,1.0,"(5, 2)",66a92e2b14da1ebeb591920c
30.187184335381346,33.812815664618654,2139,train,1108.0668595867435,1.0,1.0,"(5, 2)",66a92e2b14da1ebeb591920c
31.071067811864395,32.928932188135605,2140,train,1109.3168595867432,1.0,1.0,"(5, 2)",66a92e2b14da1ebeb591920c
31.954951288347445,32.045048711652555,2141,train,1110.566859586743,1.0,1.0,"(5, 2)",66a92e2b14da1ebeb591920c
32.838834764830494,31.161165235169506,2142,train,1111.8168595867428,1.0,1.0,"(5, 2)",66a92e2b14da1ebeb591920c
33.722718241313544,30.277281758686456,2143,train,1113.0668595867426,1.0,1.0,"(5, 2)",66a92e2b14da1ebeb591920c
34.60660171779659,29.393398282203407,2144,train,1114.3168595867423,1.0,1.0,"(5, 2)",66a92e2b14da1ebeb591920c
35.49048519427964,28.509514805720357,2145,train,1115.566859586742,1.0,1.0,"(5, 2)",66a92e2b14da1ebeb591920c
36.37436867076269,27.625631329237308,2146,train,1116.8168595867419,1.0,1.0,"(5, 2)",66a92e2b14da1ebeb591920c
37.25825214724574,26.74174785275426,2147,train,1118.0668595867417,1.0,1.0,"(5, 2)",66a92e2b14da1ebeb591920c
38.14213562372879,25.85786437627121,2148,train,1119.3168595867414,1.0,1.0,"(5, 2)",66a92e2b14da1ebeb591920c
39.02601910021184,24.97398089978816,2149,train,1120.5668595867412,1.0,1.0,"(5, 2)",66a92e2b14da1ebeb591920c
39.95382555869017,24.194346815316237,2150,train,1121.7787399975346,1.0,1.0,"(5, 2)",66a92e2b14da1ebeb591920c
41.203733885133886,24.179208272259245,2151,train,1123.0287399975343,1.0,1.0,"(5, 2)",66a92e2b14da1ebeb591920c
42.4536422115776,24.164069729202254,2152,train,1124.278739997534,1.0,1.0,"(5, 2)",66a92e2b14da1ebeb591920c
43.70355053802132,24.148931186145262,2153,train,1125.5287399975339,1.0,1.0,"(5, 2)",66a92e2b14da1ebeb591920c
44.953458864465034,24.13379264308827,2154,train,1126.7787399975336,1.0,1.0,"(5, 2)",66a92e2b14da1ebeb591920c
46.20336719090875,24.11865410003119,2155,train,1128.0287399975334,1.0,1.0,"(5, 2)",66a92e2b14da1ebeb591920c
47.453275517352466,24.103515556974024,2156,train,1129.2787399975332,1.0,1.0,"(5, 2)",66a92e2b14da1ebeb591920c
48.70318384379618,24.08837701391686,2157,train,1130.528739997533,1.0,1.0,"(5, 2)",66a92e2b14da1ebeb591920c
49.9530921702399,24.073238470859692,2158,train,1131.7787399975327,1.0,1.0,"(5, 2)",66a92e2b14da1ebeb591920c
51.203000496683615,24.058099927802527,2159,train,1133.0287399975325,1.0,1.0,"(5, 2)",66a92e2b14da1ebeb591920c
52.45290882312733,24.04296138474536,2160,train,1134.2787399975323,1.0,1.0,"(5, 2)",66a92e2b14da1ebeb591920c
53.70281714957105,24.027822841688195,2161,train,1135.528739997532,1.0,1.0,"(5, 2)",66a92e2b14da1ebeb591920c
54.95272547601476,24.01268429863103,2162,train,1136.7787399975318,1.0,1.0,"(5, 2)",66a92e2b14da1ebeb591920c
56.20266313364169,24.00233106509779,2163,train,1138.0287205323398,1.0,1.0,"(5, 2)",66a92e2b14da1ebeb591920c
57.45266312003295,24.002146614302884,2164,train,1139.2787205323398,1.0,1.0,"(5, 2)",66a92e2b14da1ebeb591920c
58.70266310642421,24.00196216350798,2165,train,1140.5287205323398,1.0,1.0,"(5, 2)",66a92e2b14da1ebeb591920c
59.95266309281547,24.001777712713075,2166,train,1141.7787205323398,1.0,1.0,"(5, 2)",66a92e2b14da1ebeb591920c
61.20266307920673,24.00159326191817,2167,train,1143.0287205323398,1.0,1.0,"(5, 2)",66a92e2b14da1ebeb591920c
62.45266306559799,24.001408811123397,2168,train,1144.2787205323398,1.0,1.0,"(5, 2)",66a92e2b14da1ebeb591920c
63.70266305198925,24.00122436032867,2169,train,1145.5287205323398,1.0,1.0,"(5, 2)",66a92e2b14da1ebeb591920c
64.95266303837997,24.001039909533944,2170,train,1146.7787205323393,1.0,1.0,"(5, 2)",66a92e2b14da1ebeb591920c
66.20266302477052,24.000855458739217,2171,train,1148.0287205323386,1.0,1.0,"(5, 2)",66a92e2b14da1ebeb591920c
67.45266301116106,24.00067100794449,2172,train,1149.278720532338,1.0,1.0,"(5, 2)",66a92e2b14da1ebeb591920c
68.70266299755161,24.000486557149763,2173,train,1150.5287205323373,1.0,1.0,"(5, 2)",66a92e2b14da1ebeb591920c
69.95266298394216,24.000302106355036,2174,train,1151.7787205323366,1.0,1.0,"(5, 2)",66a92e2b14da1ebeb591920c
71.20266297033271,24.00011765556031,2175,train,1153.028720532336,1.0,1.0,"(5, 2)",66a92e2b14da1ebeb591920c
72.45266296379884,24.00002795062462,2176,train,1154.2787205290208,1.0,1.0,"(5, 2)",66a92e2b14da1ebeb591920c
73.70266296379629,24.000025703404965,2177,train,1155.5287205290203,1.0,1.0,"(5, 2)",66a92e2b14da1ebeb591920c
74.95266296379373,24.00002345618531,2178,train,1156.77872052902,1.0,1.0,"(5, 2)",66a92e2b14da1ebeb591920c
76.20266296379117,24.000021208965656,2179,train,1158.0287205290194,1.0,1.0,"(5, 2)",66a92e2b14da1ebeb591920c
77.45266296378861,24.000018961746,2180,train,1159.278720529019,1.0,1.0,"(5, 2)",66a92e2b14da1ebeb591920c
78.70266296378605,24.000016714526346,2181,train,1160.5287205290185,1.0,1.0,"(5, 2)",66a92e2b14da1ebeb591920c
79.9526629637835,24.00001446730669,2182,train,1161.778720529018,1.0,1.0,"(5, 2)",66a92e2b14da1ebeb591920c
81.20266296378094,24.000012220087036,2183,train,1163.0287205290176,1.0,1.0,"(5, 2)",66a92e2b14da1ebeb591920c
82.45266296377838,24.00000997286738,2184,train,1164.2787205290172,1.0,1.0,"(5, 2)",66a92e2b14da1ebeb591920c
83.70266296377582,24.000007725647727,2185,train,1165.5287205290167,1.0,1.0,"(5, 2)",66a92e2b14da1ebeb591920c
84.95266296377326,24.000005478428115,2186,train,1166.7787205290163,1.0,1.0,"(5, 2)",66a92e2b14da1ebeb591920c
86.2026629637707,24.000003231208638,2187,train,1168.0287205290158,1.0,1.0,"(5, 2)",66a92e2b14da1ebeb591920c
87.45266296376815,24.00000098398916,2188,train,1169.2787205290153,1.0,1.0,"(5, 2)",66a92e2b14da1ebeb591920c
88.70266296376764,24.00000033505509,2189,train,1170.528720529015,1.0,1.0,"(5, 2)",66a92e2b14da1ebeb591920c
89.95266296376792,24.00000030767646,2190,train,1171.7787205290151,1.0,1.0,"(5, 2)",66a92e2b14da1ebeb591920c
91.2026629637682,24.000000280297826,2191,train,1173.0287205290153,1.0,1.0,"(5, 2)",66a92e2b14da1ebeb591920c
92.45266296376849,24.000000252919193,2192,train,1174.2787205290156,1.0,1.0,"(5, 2)",66a92e2b14da1ebeb591920c
93.70266296376877,24.00000022554056,2193,train,1175.5287205290158,1.0,1.0,"(5, 2)",66a92e2b14da1ebeb591920c
94.95266296376906,24.000000198161928,2194,train,1176.778720529016,1.0,1.0,"(5, 2)",66a92e2b14da1ebeb591920c
96.20266296376934,24.000000170783295,2195,train,1178.0287205290163,1.0,1.0,"(5, 2)",66a92e2b14da1ebeb591920c
97.45266296376963,24.00000014340478,2196,train,1179.2787205290165,1.0,1.0,"(5, 2)",66a92e2b14da1ebeb591920c
98.70266296376991,24.000000116026325,2197,train,1180.5287205290167,1.0,1.0,"(5, 2)",66a92e2b14da1ebeb591920c
99.9526629637702,24.00000008864787,2198,train,1181.778720529017,1.0,1.0,"(5, 2)",66a92e2b14da1ebeb591920c
101.20266296377048,24.000000061269414,2199,train,1183.0287205290172,1.0,1.0,"(5, 2)",66a92e2b14da1ebeb591920c
102.45266296377076,24.00000003389096,2200,train,1184.2787205290174,1.0,1.0,"(5, 2)",66a92e2b14da1ebeb591920c
103.70266296377105,24.000000006512504,2201,train,1185.5287205290176,1.0,1.0,"(5, 2)",66a92e2b14da1ebeb591920c
104.95266296377133,24.000000004015316,2202,train,1186.7787205290178,1.0,1.0,"(5, 2)",66a92e2b14da1ebeb591920c
106.20266296377162,24.000000003681716,2203,train,1188.028720529018,1.0,1.0,"(5, 2)",66a92e2b14da1ebeb591920c
107.4526629637719,24.000000003348116,2204,train,1189.2787205290183,1.0,1.0,"(5, 2)",66a92e2b14da1ebeb591920c
108.70266296377218,24.000000003014517,2205,train,1190.5287205290185,1.0,1.0,"(5, 2)",66a92e2b14da1ebeb591920c
109.95266296377247,24.000000002680917,2206,train,1191.7787205290188,1.0,1.0,"(5, 2)",66a92e2b14da1ebeb591920c
111.20266296377275,24.000000002347317,2207,train,1193.028720529019,1.0,1.0,"(5, 2)",66a92e2b14da1ebeb591920c
112.45266296377304,24.000000002013717,2208,train,1194.2787205290192,1.0,1.0,"(5, 2)",66a92e2b14da1ebeb591920c
113.70266296377332,24.000000001680117,2209,train,1195.5287205290194,1.0,1.0,"(5, 2)",66a92e2b14da1ebeb591920c
114.9526629637736,24.000000001346518,2210,train,1196.7787205290197,1.0,1.0,"(5, 2)",66a92e2b14da1ebeb591920c
116.20266296377389,24.000000001012918,2211,train,1198.02872052902,1.0,1.0,"(5, 2)",66a92e2b14da1ebeb591920c
117.45266296377417,24.00000000067947,2212,train,1199.2787205290201,1.0,1.0,"(5, 2)",66a92e2b14da1ebeb591920c
118.70266296377446,24.00000000034605,2213,train,1200.5287205290203,1.0,1.0,"(5, 2)",66a92e2b14da1ebeb591920c
119.95266296377474,24.000000000052168,2214,train,1201.7787205290206,1.0,1.0,"(5, 2)",66a92e2b14da1ebeb591920c
121.20266296377503,24.00000000004826,2215,train,1203.0287205290208,1.0,1.0,"(5, 2)",66a92e2b14da1ebeb591920c
122.45266296377531,24.00000000004428,2216,train,1204.278720529021,1.0,1.0,"(5, 2)",66a92e2b14da1ebeb591920c
123.7026629637756,24.000000000040195,2217,train,1205.5287205290213,1.0,1.0,"(5, 2)",66a92e2b14da1ebeb591920c
124.95266296377588,24.00000000003611,2218,train,1206.7787205290215,1.0,1.0,"(5, 2)",66a92e2b14da1ebeb591920c
126.20266296377616,24.000000000032024,2219,train,1208.0287205290217,1.0,1.0,"(5, 2)",66a92e2b14da1ebeb591920c
127.45266296377645,24.00000000002794,2220,train,1209.278720529022,1.0,1.0,"(5, 2)",66a92e2b14da1ebeb591920c
128.70266296377594,24.000000000023853,2221,train,1210.5287205290215,1.0,1.0,"(5, 2)",66a92e2b14da1ebeb591920c
129.9526629637748,24.000000000019767,2222,train,1211.7787205290203,1.0,1.0,"(5, 2)",66a92e2b14da1ebeb591920c
131.20266296377366,24.00000000001568,2223,train,1213.0287205290192,1.0,1.0,"(5, 2)",66a92e2b14da1ebeb591920c
132.45266296377253,24.000000000011596,2224,train,1214.278720529018,1.0,1.0,"(5, 2)",66a92e2b14da1ebeb591920c
133.7026629637714,24.00000000000751,2225,train,1215.528720529017,1.0,1.0,"(5, 2)",66a92e2b14da1ebeb591920c
134.95266296377025,24.000000000003425,2226,train,1216.7787205290158,1.0,1.0,"(5, 2)",66a92e2b14da1ebeb591920c
136.0,24.0,2227,train,1217.8260575652455,1.0,1.0,"(5, 2)",66a92e2b14da1ebeb591920c
136.0,24.0,2228,train,1217.8260575652455,1.0,1.0,"(5, 2)",66a92e2b14da1ebeb591920c
136.0,24.0,2229,train,1217.8260575652455,1.0,1.0,"(5, 2)",66a92e2b14da1ebeb591920c
136.0,24.0,2230,train,1217.8260575652455,1.0,1.0,"(5, 2)",66a92e2b14da1ebeb591920c
136.0,24.0,2231,train,1217.8260575652455,1.0,1.0,"(5, 2)",66a92e2b14da1ebeb591920c
136.0,24.0,2232,train,1217.8260575652455,1.0,1.0,"(5, 2)",66a92e2b14da1ebeb591920c
136.0,24.0,2233,train,1217.8260575652455,1.0,1.0,"(5, 2)",66a92e2b14da1ebeb591920c
136.0,24.0,2234,train,1217.8260575652455,1.0,1.0,"(5, 2)",66a92e2b14da1ebeb591920c
136.0,24.0,2235,train,1217.8260575652455,1.0,1.0,"(5, 2)",66a92e2b14da1ebeb591920c
136.0,24.0,2236,train,1217.8260575652455,1.0,1.0,"(5, 2)",66a92e2b14da1ebeb591920c
136.0,24.0,2237,train,1217.8260575652455,1.0,1.0,"(5, 2)",66a92e2b14da1ebeb591920c
136.0,24.0,2238,train,1217.8260575652455,1.0,1.0,"(5, 2)",66a92e2b14da1ebeb591920c
136.0,24.0,2239,train,1217.8260575652455,1.0,1.0,"(5, 2)",66a92e2b14da1ebeb591920c
136.0,24.0,2240,train,1217.8260575652455,1.0,1.0,"(5, 2)",66a92e2b14da1ebeb591920c
136.0,24.0,2241,train,1217.8260575652455,1.0,1.0,"(5, 2)",66a92e2b14da1ebeb591920c
136.0,24.0,2242,train,1217.8260575652455,1.0,1.0,"(5, 2)",66a92e2b14da1ebeb591920c
136.0,24.0,2243,train,1217.8260575652455,1.0,1.0,"(5, 2)",66a92e2b14da1ebeb591920c
136.0,24.0,2244,train,1217.8260575652455,1.0,1.0,"(5, 2)",66a92e2b14da1ebeb591920c
136.0,24.0,2245,train,1217.8260575652455,1.0,1.0,"(5, 2)",66a92e2b14da1ebeb591920c
136.0,24.0,2246,train,1217.8260575652455,1.0,1.0,"(5, 2)",66a92e2b14da1ebeb591920c
136.0,24.0,2247,train,1217.8260575652455,1.0,1.0,"(5, 2)",66a92e2b14da1ebeb591920c
136.0,24.0,2248,train,1217.8260575652455,1.0,1.0,"(5, 2)",66a92e2b14da1ebeb591920c
136.0,24.0,2249,train,1217.8260575652455,1.0,1.0,"(5, 2)",66a92e2b14da1ebeb591920c
136.0,24.0,2250,train,1217.8260575652455,1.0,1.0,"(5, 2)",66a92e2b14da1ebeb591920c
136.0,24.0,2251,train,1217.8260575652455,1.0,1.0,"(5, 2)",66a92e2b14da1ebeb591920c
136.0,24.0,2252,train,1217.8260575652455,1.0,1.0,"(5, 2)",66a92e2b14da1ebeb591920c
136.0,24.0,2253,train,1217.8260575652455,1.0,1.0,"(5, 2)",66a92e2b14da1ebeb591920c
136.0,24.0,2254,train,1217.8260575652455,1.0,1.0,"(5, 2)",66a92e2b14da1ebeb591920c
136.0,24.0,2255,train,1217.8260575652455,1.0,1.0,"(5, 2)",66a92e2b14da1ebeb591920c
136.0,24.0,2256,train,1217.8260575652455,1.0,1.0,"(5, 2)",66a92e2b14da1ebeb591920c
136.0,24.0,2257,train,1217.8260575652455,1.0,1.0,"(5, 2)",66a92e2b14da1ebeb591920c
136.0,24.0,2258,train,1217.8260575652455,1.0,1.0,"(5, 2)",66a92e2b14da1ebeb591920c
136.0,24.0,2259,train,1217.8260575652455,1.0,1.0,"(5, 2)",66a92e2b14da1ebeb591920c
136.0,24.0,2260,train,1217.8260575652455,1.0,1.0,"(5, 2)",66a92e2b14da1ebeb591920c
136.0,24.0,2261,train,1217.8260575652455,1.0,1.0,"(5, 2)",66a92e2b14da1ebeb591920c
136.0,24.0,2262,train,1217.8260575652455,1.0,1.0,"(5, 2)",66a92e2b14da1ebeb591920c
136.0,24.0,2263,train,1217.8260575652455,1.0,1.0,"(5, 2)",66a92e2b14da1ebeb591920c
136.0,24.0,2264,train,1217.8260575652455,1.0,1.0,"(5, 2)",66a92e2b14da1ebeb591920c
136.0,24.0,2265,train,1217.8260575652455,1.0,1.0,"(5, 2)",66a92e2b14da1ebeb591920c
136.0,24.0,2266,train,1217.8260575652455,1.0,1.0,"(5, 2)",66a92e2b14da1ebeb591920c
136.0,24.0,2267,train,1217.8260575652455,1.0,1.0,"(5, 2)",66a92e2b14da1ebeb591920c
136.0,24.0,2268,train,1217.8260575652455,1.0,1.0,"(5, 2)",66a92e2b14da1ebeb591920c
136.0,24.0,2269,train,1217.8260575652455,1.0,1.0,"(5, 2)",66a92e2b14da1ebeb591920c
136.0,24.0,2270,train,1217.8260575652455,1.0,1.0,"(5, 2)",66a92e2b14da1ebeb591920c
136.0,24.0,2271,train,1217.8260575652455,1.0,1.0,"(5, 2)",66a92e2b14da1ebeb591920c
136.0,24.0,2272,train,1217.8260575652455,1.0,1.0,"(5, 2)",66a92e2b14da1ebeb591920c
136.0,24.0,2273,train,1217.8260575652455,1.0,1.0,"(5, 2)",66a92e2b14da1ebeb591920c
136.0,24.0,2274,train,1217.8260575652455,1.0,1.0,"(5, 2)",66a92e2b14da1ebeb591920c
136.0,24.0,2275,train,1217.8260575652455,1.0,1.0,"(5, 2)",66a92e2b14da1ebeb591920c
136.0,24.0,2276,train,1217.8260575652455,1.0,1.0,"(5, 2)",66a92e2b14da1ebeb591920c
136.0,24.0,2277,train,1217.8260575652455,1.0,1.0,"(5, 2)",66a92e2b14da1ebeb591920c
136.0,24.0,2278,train,1217.8260575652455,1.0,1.0,"(5, 2)",66a92e2b14da1ebeb591920c
136.0,24.0,2279,train,1217.8260575652455,1.0,1.0,"(5, 2)",66a92e2b14da1ebeb591920c
136.0,24.0,2280,train,1217.8260575652455,1.0,1.0,"(5, 2)",66a92e2b14da1ebeb591920c
136.0,24.0,2281,train,1217.8260575652455,1.0,1.0,"(5, 2)",66a92e2b14da1ebeb591920c
136.0,24.0,2282,train,1217.8260575652455,1.0,1.0,"(5, 2)",66a92e2b14da1ebeb591920c
136.0,24.0,2283,train,1217.8260575652455,1.0,1.0,"(5, 2)",66a92e2b14da1ebeb591920c
136.0,24.0,2284,train,1217.8260575652455,1.0,1.0,"(5, 2)",66a92e2b14da1ebeb591920c
136.0,24.0,2285,train,1217.8260575652455,1.0,1.0,"(5, 2)",66a92e2b14da1ebeb591920c
136.0,24.0,2286,train,1217.8260575652455,1.0,1.0,"(5, 2)",66a92e2b14da1ebeb591920c
136.0,24.0,2287,train,1217.8260575652455,1.0,1.0,"(5, 2)",66a92e2b14da1ebeb591920c
136.0,24.0,2288,train,1217.8260575652455,1.0,1.0,"(5, 2)",66a92e2b14da1ebeb591920c
136.0,24.0,2289,train,1217.8260575652455,1.0,1.0,"(5, 2)",66a92e2b14da1ebeb591920c
136.0,24.0,2290,train,1217.8260575652455,1.0,1.0,"(5, 2)",66a92e2b14da1ebeb591920c
136.0,24.0,2291,train,1217.8260575652455,1.0,1.0,"(5, 2)",66a92e2b14da1ebeb591920c
136.0,24.0,2292,train,1217.8260575652455,1.0,1.0,"(5, 2)",66a92e2b14da1ebeb591920c
136.0,24.0,2293,train,1217.8260575652455,1.0,1.0,"(5, 2)",66a92e2b14da1ebeb591920c
136.0,24.0,2294,train,1217.8260575652455,1.0,1.0,"(5, 2)",66a92e2b14da1ebeb591920c
136.0,24.0,2295,train,1217.8260575652455,1.0,1.0,"(5, 2)",66a92e2b14da1ebeb591920c
136.0,24.0,2296,train,1217.8260575652455,1.0,1.0,"(5, 2)",66a92e2b14da1ebeb591920c
136.0,24.0,2297,train,1217.8260575652455,1.0,1.0,"(5, 2)",66a92e2b14da1ebeb591920c
136.0,24.0,2298,train,1217.8260575652455,1.0,1.0,"(5, 2)",66a92e2b14da1ebeb591920c
136.0,24.0,2299,train,1217.8260575652455,1.0,1.0,"(5, 2)",66a92e2b14da1ebeb591920c
136.0,24.0,2300,train,1217.8260575652455,1.0,1.0,"(5, 2)",66a92e2b14da1ebeb591920c
136.0,24.0,2301,train,1217.8260575652455,1.0,1.0,"(5, 2)",66a92e2b14da1ebeb591920c
136.0,24.0,2302,train,1217.8260575652455,1.0,1.0,"(5, 2)",66a92e2b14da1ebeb591920c
136.0,24.0,2303,train,1217.8260575652455,1.0,1.0,"(5, 2)",66a92e2b14da1ebeb591920c
136.0,24.0,2304,train,1217.8260575652455,1.0,1.0,"(5, 2)",66a92e2b14da1ebeb591920c
136.0,24.0,2305,train,1217.8260575652455,1.0,1.0,"(5, 2)",66a92e2b14da1ebeb591920c
136.0,24.0,2306,train,1217.8260575652455,1.0,1.0,"(5, 2)",66a92e2b14da1ebeb591920c
136.0,24.0,2307,train,1217.8260575652455,1.0,1.0,"(5, 2)",66a92e2b14da1ebeb591920c
136.0,24.0,2308,train,1217.8260575652455,1.0,1.0,"(5, 2)",66a92e2b14da1ebeb591920c
136.0,24.0,2309,train,1217.8260575652455,1.0,1.0,"(5, 2)",66a92e2b14da1ebeb591920c
136.0,24.0,2310,train,1217.8260575652455,1.0,1.0,"(5, 2)",66a92e2b14da1ebeb591920c
136.0,24.0,2311,train,1217.8260575652455,1.0,1.0,"(5, 2)",66a92e2b14da1ebeb591920c
136.0,24.0,2312,train,1217.8260575652455,1.0,1.0,"(5, 2)",66a92e2b14da1ebeb591920c
136.0,24.0,2313,train,1217.8260575652455,1.0,1.0,"(5, 2)",66a92e2b14da1ebeb591920c
136.0,24.0,2314,train,1217.8260575652455,1.0,1.0,"(5, 2)",66a92e2b14da1ebeb591920c
136.0,24.0,2315,train,1217.8260575652455,1.0,1.0,"(5, 2)",66a92e2b14da1ebeb591920c
136.0,24.0,2316,train,1217.8260575652455,1.0,1.0,"(5, 2)",66a92e2b14da1ebeb591920c
136.0,24.0,2317,train,1217.8260575652455,1.0,1.0,"(5, 2)",66a92e2b14da1ebeb591920c
136.0,24.0,2318,train,1217.8260575652455,1.0,1.0,"(5, 2)",66a92e2b14da1ebeb591920c
136.0,24.0,2319,train,1217.8260575652455,1.0,1.0,"(5, 2)",66a92e2b14da1ebeb591920c
136.0,24.0,2320,train,1217.8260575652455,1.0,1.0,"(5, 2)",66a92e2b14da1ebeb591920c
136.0,24.0,2321,train,1217.8260575652455,1.0,1.0,"(5, 2)",66a92e2b14da1ebeb591920c
136.0,24.0,2322,train,1217.8260575652455,1.0,1.0,"(5, 2)",66a92e2b14da1ebeb591920c
136.0,24.0,2323,train,1217.8260575652455,1.0,1.0,"(5, 2)",66a92e2b14da1ebeb591920c
136.0,24.0,2324,train,1217.8260575652455,1.0,1.0,"(5, 2)",66a92e2b14da1ebeb591920c
136.0,24.0,2325,train,1217.8260575652455,1.0,1.0,"(5, 2)",66a92e2b14da1ebeb591920c
136.0,24.0,2326,train,1217.8260575652455,1.0,1.0,"(5, 2)",66a92e2b14da1ebeb591920c
136.0,24.0,2327,train,1217.8260575652455,1.0,1.0,"(5, 2)",66a92e2b14da1ebeb591920c
136.0,24.0,2328,train,1217.8260575652455,1.0,1.0,"(5, 2)",66a92e2b14da1ebeb591920c
136.0,24.0,2329,train,1217.8260575652455,1.0,1.0,"(5, 2)",66a92e2b14da1ebeb591920c
136.0,24.0,2330,train,1217.8260575652455,1.0,1.0,"(5, 2)",66a92e2b14da1ebeb591920c
135.11611652351553,24.88388347648305,2331,train,1219.0760575652464,1.0,1.0,"(5, 2)",66a92e2b14da1ebeb591920c
134.23223304703106,25.767766952966443,2332,train,1220.3260575652475,1.0,1.0,"(5, 2)",66a92e2b14da1ebeb591920c
133.3483495705466,26.651650429449848,2333,train,1221.5760575652487,1.0,1.0,"(5, 2)",66a92e2b14da1ebeb591920c
132.46446609406294,27.535533905933253,2334,train,1222.8260575652491,1.0,1.0,"(5, 2)",66a92e2b14da1ebeb591920c
131.5805826175798,28.419417382416658,2335,train,1224.0760575652494,1.0,1.0,"(5, 2)",66a92e2b14da1ebeb591920c
130.69669914109667,29.303300858900062,2336,train,1225.3260575652496,1.0,1.0,"(5, 2)",66a92e2b14da1ebeb591920c
129.81281566461354,30.187184335383467,2337,train,1226.5760575652498,1.0,1.0,"(5, 2)",66a92e2b14da1ebeb591920c
128.9289321881304,31.07106781186687,2338,train,1227.82605756525,1.0,1.0,"(5, 2)",66a92e2b14da1ebeb591920c
128.04504871164727,31.954951288350276,2339,train,1229.0760575652503,1.0,1.0,"(5, 2)",66a92e2b14da1ebeb591920c
127.1611652351642,32.838834764833344,2340,train,1230.32605756525,1.0,1.0,"(5, 2)",66a92e2b14da1ebeb591920c
126.27728175868116,33.72271824131639,2341,train,1231.5760575652498,1.0,1.0,"(5, 2)",66a92e2b14da1ebeb591920c
125.3933982821981,34.60660171779944,2342,train,1232.8260575652496,1.0,1.0,"(5, 2)",66a92e2b14da1ebeb591920c
124.50951480571506,35.4904851942827,2343,train,1234.0760575652496,1.0,1.0,"(5, 2)",66a92e2b14da1ebeb591920c
123.62563132923201,36.37436867076619,2344,train,1235.3260575652498,1.0,1.0,"(5, 2)",66a92e2b14da1ebeb591920c
122.74174785274896,37.25825214724968,2345,train,1236.57605756525,1.0,1.0,"(5, 2)",66a92e2b14da1ebeb591920c
121.85786437626591,38.14213562373317,2346,train,1237.8260575652503,1.0,1.0,"(5, 2)",66a92e2b14da1ebeb591920c
120.97398089978286,39.02601910021666,2347,train,1239.0760575652505,1.0,1.0,"(5, 2)",66a92e2b14da1ebeb591920c
120.04617444130444,39.805653184688964,2348,train,1240.287937976044,1.0,1.0,"(5, 2)",66a92e2b14da1ebeb591920c
118.79626611486002,39.820791727745956,2349,train,1241.5379379760445,1.0,1.0,"(5, 2)",66a92e2b14da1ebeb591920c
117.54635778841559,39.83593027080295,2350,train,1242.787937976045,1.0,1.0,"(5, 2)",66a92e2b14da1ebeb591920c
116.29644946197116,39.85106881385981,2351,train,1244.0379379760454,1.0,1.0,"(5, 2)",66a92e2b14da1ebeb591920c
115.04654113552674,39.866207356916455,2352,train,1245.287937976046,1.0,1.0,"(5, 2)",66a92e2b14da1ebeb591920c
113.79663280908231,39.8813458999731,2353,train,1246.5379379760464,1.0,1.0,"(5, 2)",66a92e2b14da1ebeb591920c
112.54672448263788,39.896484443029735,2354,train,1247.7879379760468,1.0,1.0,"(5, 2)",66a92e2b14da1ebeb591920c
111.29681615619346,39.91162298608638,2355,train,1249.0379379760473,1.0,1.0,"(5, 2)",66a92e2b14da1ebeb591920c
110.04690782974903,39.92676152914302,2356,train,1250.2879379760477,1.0,1.0,"(5, 2)",66a92e2b14da1ebeb591920c
108.7969995033046,39.94190007219966,2357,train,1251.5379379760482,1.0,1.0,"(5, 2)",66a92e2b14da1ebeb591920c
107.54709117686018,39.9570386152563,2358,train,1252.7879379760486,1.0,1.0,"(5, 2)",66a92e2b14da1ebeb591920c
106.29718285041575,39.972177158312945,2359,train,1254.037937976049,1.0,1.0,"(5, 2)",66a92e2b14da1ebeb591920c
105.04727452397132,39.98731570136958,2360,train,1255.2879379760495,1.0,1.0,"(5, 2)",66a92e2b14da1ebeb591920c
103.79733686634414,39.99766893490247,2361,train,1256.5379185108577,1.0,1.0,"(5, 2)",66a92e2b14da1ebeb591920c
102.54733687995359,39.997853385697375,2362,train,1257.787918510857,1.0,1.0,"(5, 2)",66a92e2b14da1ebeb591920c
101.29733689356304,39.99803783649228,2363,train,1259.0379185108563,1.0,1.0,"(5, 2)",66a92e2b14da1ebeb591920c
100.0473369071725,39.998222287287184,2364,train,1260.2879185108557,1.0,1.0,"(5, 2)",66a92e2b14da1ebeb591920c
98.79733692078194,39.99840673808209,2365,train,1261.537918510855,1.0,1.0,"(5, 2)",66a92e2b14da1ebeb591920c
97.5473369343914,39.99859118887699,2366,train,1262.7879185108543,1.0,1.0,"(5, 2)",66a92e2b14da1ebeb591920c
96.29733694800085,39.9987756396719,2367,train,1264.0379185108536,1.0,1.0,"(5, 2)",66a92e2b14da1ebeb591920c
95.0473369616103,39.9989600904668,2368,train,1265.287918510853,1.0,1.0,"(5, 2)",66a92e2b14da1ebeb591920c
93.79733697521975,39.99914454126161,2369,train,1266.5379185108523,1.0,1.0,"(5, 2)",66a92e2b14da1ebeb591920c
92.5473369888292,39.99932899205616,2370,train,1267.7879185108516,1.0,1.0,"(5, 2)",66a92e2b14da1ebeb591920c
91.29733700243865,39.999513442850706,2371,train,1269.037918510851,1.0,1.0,"(5, 2)",66a92e2b14da1ebeb591920c
90.0473370160481,39.999697893645255,2372,train,1270.2879185108502,1.0,1.0,"(5, 2)",66a92e2b14da1ebeb591920c
88.79733702965756,39.999882344439804,2373,train,1271.5379185108495,1.0,1.0,"(5, 2)",66a92e2b14da1ebeb591920c
87.54733703619142,39.99997204937522,2374,train,1272.7879185075344,1.0,1.0,"(5, 2)",66a92e2b14da1ebeb591920c
86.29733703619398,39.99997429659456,2375,train,1274.037918507534,1.0,1.0,"(5, 2)",66a92e2b14da1ebeb591920c
85.04733703619654,39.99997654381421,2376,train,1275.2879185075335,1.0,1.0,"(5, 2)",66a92e2b14da1ebeb591920c
83.7973370361991,39.99997879103387,2377,train,1276.537918507533,1.0,1.0,"(5, 2)",66a92e2b14da1ebeb591920c
82.54733703620165,39.99998103825352,2378,train,1277.7879185075326,1.0,1.0,"(5, 2)",66a92e2b14da1ebeb591920c
81.29733703620421,39.99998328547318,2379,train,1279.0379185075321,1.0,1.0,"(5, 2)",66a92e2b14da1ebeb591920c
80.04733703620677,39.99998553269283,2380,train,1280.2879185075317,1.0,1.0,"(5, 2)",66a92e2b14da1ebeb591920c
78.79733703620933,39.99998777991249,2381,train,1281.5379185075312,1.0,1.0,"(5, 2)",66a92e2b14da1ebeb591920c
77.54733703621189,39.99999002713214,2382,train,1282.7879185075308,1.0,1.0,"(5, 2)",66a92e2b14da1ebeb591920c
76.29733703621444,39.9999922743518,2383,train,1284.0379185075303,1.0,1.0,"(5, 2)",66a92e2b14da1ebeb591920c
75.047337036217,39.99999452157145,2384,train,1285.2879185075299,1.0,1.0,"(5, 2)",66a92e2b14da1ebeb591920c
73.79733703621956,39.99999676879111,2385,train,1286.5379185075294,1.0,1.0,"(5, 2)",66a92e2b14da1ebeb591920c
72.54733703622212,39.99999901601076,2386,train,1287.787918507529,1.0,1.0,"(5, 2)",66a92e2b14da1ebeb591920c
71.55705250305924,40.632483413080365,2387,train,1288.9629504088653,1.0,1.0,"(5, 2)",66a92e2b14da1ebeb591920c
70.66776842922091,41.51093309064717,2388,train,1290.212950408865,1.0,1.0,"(5, 2)",66a92e2b14da1ebeb591920c
69.77848435538259,42.38938276821398,2389,train,1291.4629504088648,1.0,1.0,"(5, 2)",66a92e2b14da1ebeb591920c
68.88920028154426,43.26783244578078,2390,train,1292.7129504088646,1.0,1.0,"(5, 2)",66a92e2b14da1ebeb591920c
67.99991620770594,44.14628212334759,2391,train,1293.9629504088643,1.0,1.0,"(5, 2)",66a92e2b14da1ebeb591920c
67.11063213386761,45.024731800914395,2392,train,1295.2129504088641,1.0,1.0,"(5, 2)",66a92e2b14da1ebeb591920c
66.22134806002929,45.9031814784812,2393,train,1296.462950408864,1.0,1.0,"(5, 2)",66a92e2b14da1ebeb591920c
65.33206398619096,46.78163115604774,2394,train,1297.7129504088637,1.0,1.0,"(5, 2)",66a92e2b14da1ebeb591920c
64.44277991235263,47.66008083361383,2395,train,1298.962950408863,1.0,1.0,"(5, 2)",66a92e2b14da1ebeb591920c
63.553495838513946,48.53853051117993,2396,train,1300.2129504088625,1.0,1.0,"(5, 2)",66a92e2b14da1ebeb591920c
62.66421176467491,49.41698018874657,2397,train,1301.4629504088628,1.0,1.0,"(5, 2)",66a92e2b14da1ebeb591920c
61.774927690835874,50.29542986631321,2398,train,1302.712950408863,1.0,1.0,"(5, 2)",66a92e2b14da1ebeb591920c
60.88564361699684,51.17387954387986,2399,train,1303.9629504088632,1.0,1.0,"(5, 2)",66a92e2b14da1ebeb591920c
59.9963595431578,52.05232922144651,2400,train,1305.2129504088634,1.0,1.0,"(5, 2)",66a92e2b14da1ebeb591920c
59.107075469318765,52.93077889901316,2401,train,1306.4629504088637,1.0,1.0,"(5, 2)",66a92e2b14da1ebeb591920c
58.21779139547973,53.809228576579805,2402,train,1307.712950408864,1.0,1.0,"(5, 2)",66a92e2b14da1ebeb591920c
57.32850732164069,54.687678254146455,2403,train,1308.9629504088641,1.0,1.0,"(5, 2)",66a92e2b14da1ebeb591920c
56.43922324780166,55.5661279317131,2404,train,1310.2129504088643,1.0,1.0,"(5, 2)",66a92e2b14da1ebeb591920c
56.18789943411698,56.715740397590366,2405,train,1311.3897139709384,1.0,1.0,"(5, 2)",66a92e2b14da1ebeb591920c
56.172533524872954,57.965645949555125,2406,train,1312.6397139709381,1.0,1.0,"(5, 2)",66a92e2b14da1ebeb591920c
56.15716761562893,59.21555150151988,2407,train,1313.889713970938,1.0,1.0,"(5, 2)",66a92e2b14da1ebeb591920c
56.1418017063849,60.46545705348464,2408,train,1315.1397139709377,1.0,1.0,"(5, 2)",66a92e2b14da1ebeb591920c
56.12643579714088,61.7153626054494,2409,train,1316.3897139709375,1.0,1.0,"(5, 2)",66a92e2b14da1ebeb591920c
56.11106988789685,62.96526815741416,2410,train,1317.6397139709372,1.0,1.0,"(5, 2)",66a92e2b14da1ebeb591920c
56.09570397865283,64.21517370937904,2411,train,1318.889713970937,1.0,1.0,"(5, 2)",66a92e2b14da1ebeb591920c
56.0803380694088,65.46507926134451,2412,train,1320.1397139709375,1.0,1.0,"(5, 2)",66a92e2b14da1ebeb591920c
56.06497216016478,66.71498481330998,2413,train,1321.389713970938,1.0,1.0,"(5, 2)",66a92e2b14da1ebeb591920c
56.04960625092075,67.96489036527545,2414,train,1322.6397139709384,1.0,1.0,"(5, 2)",66a92e2b14da1ebeb591920c
56.03424034167659,69.21479591724092,2415,train,1323.8897139709388,1.0,1.0,"(5, 2)",66a92e2b14da1ebeb591920c
56.018874432432206,70.46470146920639,2416,train,1325.1397139709393,1.0,1.0,"(5, 2)",66a92e2b14da1ebeb591920c
56.00350852318782,71.71460702117186,2417,train,1326.3897139709397,1.0,1.0,"(5, 2)",66a92e2b14da1ebeb591920c
56.0,72.0,2418,train,1326.6751285152422,1.0,1.0,"(5, 2)",66a92e2b14da1ebeb591920c
56.0,72.0,2419,train,1326.6751285152422,1.0,1.0,"(5, 2)",66a92e2b14da1ebeb591920c
56.0,72.0,2420,train,1326.6751285152422,1.0,1.0,"(5, 2)",66a92e2b14da1ebeb591920c
56.0,72.0,2421,train,1326.6751285152422,1.0,1.0,"(5, 2)",66a92e2b14da1ebeb591920c
56.0,72.0,2422,train,1326.6751285152422,1.0,1.0,"(5, 2)",66a92e2b14da1ebeb591920c
56.0,72.0,2423,train,1326.6751285152422,1.0,1.0,"(5, 2)",66a92e2b14da1ebeb591920c
56.0,72.0,2424,train,1326.6751285152422,1.0,1.0,"(5, 2)",66a92e2b14da1ebeb591920c
56.0,72.0,2425,train,1326.6751285152422,1.0,1.0,"(5, 2)",66a92e2b14da1ebeb591920c
56.0,72.0,2426,train,1326.6751285152422,1.0,1.0,"(5, 2)",66a92e2b14da1ebeb591920c
56.0,72.0,2427,train,1326.6751285152422,1.0,1.0,"(5, 2)",66a92e2b14da1ebeb591920c
56.0,72.0,2428,train,1326.6751285152422,1.0,1.0,"(5, 2)",66a92e2b14da1ebeb591920c
56.0,72.0,2429,train,1326.6751285152422,1.0,1.0,"(5, 2)",66a92e2b14da1ebeb591920c
56.0,72.0,2430,train,1326.6751285152422,1.0,1.0,"(5, 2)",66a92e2b14da1ebeb591920c
56.0,72.0,2431,train,1326.6751285152422,1.0,1.0,"(5, 2)",66a92e2b14da1ebeb591920c
56.0,72.0,2432,train,1326.6751285152422,1.0,1.0,"(5, 2)",66a92e2b14da1ebeb591920c
56.0,72.0,2433,train,1326.6751285152422,1.0,1.0,"(5, 2)",66a92e2b14da1ebeb591920c
56.0,72.0,2434,train,1326.6751285152422,1.0,1.0,"(5, 2)",66a92e2b14da1ebeb591920c
56.0,72.0,2435,train,1326.6751285152422,1.0,1.0,"(5, 2)",66a92e2b14da1ebeb591920c
56.0,72.0,2436,train,1326.6751285152422,1.0,1.0,"(5, 2)",66a92e2b14da1ebeb591920c
56.0,72.0,2437,train,1326.6751285152422,1.0,1.0,"(5, 2)",66a92e2b14da1ebeb591920c
56.0,72.0,2438,train,1326.6751285152422,1.0,1.0,"(5, 2)",66a92e2b14da1ebeb591920c
56.0,72.0,2439,train,1326.6751285152422,1.0,1.0,"(5, 2)",66a92e2b14da1ebeb591920c
56.0,72.0,2440,train,1326.6751285152422,1.0,1.0,"(5, 2)",66a92e2b14da1ebeb591920c
56.0,72.0,2441,train,1326.6751285152422,1.0,1.0,"(5, 2)",66a92e2b14da1ebeb591920c
56.0,72.0,2442,train,1326.6751285152422,1.0,1.0,"(5, 2)",66a92e2b14da1ebeb591920c
56.0,72.0,2443,train,1326.6751285152422,1.0,1.0,"(5, 2)",66a92e2b14da1ebeb591920c
56.0,72.0,2444,train,1326.6751285152422,1.0,1.0,"(5, 2)",66a92e2b14da1ebeb591920c
56.0,72.0,2445,train,1326.6751285152422,1.0,1.0,"(5, 2)",66a92e2b14da1ebeb591920c
56.0,72.0,2446,train,1326.6751285152422,1.0,1.0,"(5, 2)",66a92e2b14da1ebeb591920c
56.0,72.0,2447,train,1326.6751285152422,1.0,1.0,"(5, 2)",66a92e2b14da1ebeb591920c
56.0,72.0,2448,train,1326.6751285152422,1.0,1.0,"(5, 2)",66a92e2b14da1ebeb591920c
56.0,72.0,2449,train,1326.6751285152422,1.0,1.0,"(5, 2)",66a92e2b14da1ebeb591920c
56.0,72.0,2450,train,1326.6751285152422,1.0,1.0,"(5, 2)",66a92e2b14da1ebeb591920c
56.0,72.0,2451,train,1326.6751285152422,1.0,1.0,"(5, 2)",66a92e2b14da1ebeb591920c
56.0,72.0,2452,train,1326.6751285152422,1.0,1.0,"(5, 2)",66a92e2b14da1ebeb591920c
56.0,72.0,2453,train,1326.6751285152422,1.0,1.0,"(5, 2)",66a92e2b14da1ebeb591920c
56.0,72.0,2454,train,1326.6751285152422,1.0,1.0,"(5, 2)",66a92e2b14da1ebeb591920c
56.0,72.0,2455,train,1326.6751285152422,1.0,1.0,"(5, 2)",66a92e2b14da1ebeb591920c
56.0,72.0,2456,train,1326.6751285152422,1.0,1.0,"(5, 2)",66a92e2b14da1ebeb591920c
56.0,72.0,2457,train,1326.6751285152422,1.0,1.0,"(5, 2)",66a92e2b14da1ebeb591920c
56.0,72.0,2458,train,1326.6751285152422,1.0,1.0,"(5, 2)",66a92e2b14da1ebeb591920c
56.0,72.0,2459,train,1326.6751285152422,1.0,1.0,"(5, 2)",66a92e2b14da1ebeb591920c
56.0,72.0,2460,train,1326.6751285152422,1.0,1.0,"(5, 2)",66a92e2b14da1ebeb591920c
56.0,72.0,2461,train,1326.6751285152422,1.0,1.0,"(5, 2)",66a92e2b14da1ebeb591920c
56.0,72.0,2462,train,1326.6751285152422,1.0,1.0,"(5, 2)",66a92e2b14da1ebeb591920c
56.0,72.0,2463,train,1326.6751285152422,1.0,1.0,"(5, 2)",66a92e2b14da1ebeb591920c
56.0,72.0,2464,train,1326.6751285152422,1.0,1.0,"(5, 2)",66a92e2b14da1ebeb591920c
56.0,72.0,2465,train,1326.6751285152422,1.0,1.0,"(5, 2)",66a92e2b14da1ebeb591920c
56.0,72.0,2466,train,1326.6751285152422,1.0,1.0,"(5, 2)",66a92e2b14da1ebeb591920c
56.0,72.0,2467,train,1326.6751285152422,1.0,1.0,"(5, 2)",66a92e2b14da1ebeb591920c
56.0,72.0,2468,train,1326.6751285152422,1.0,1.0,"(5, 2)",66a92e2b14da1ebeb591920c
56.0,72.0,2469,train,1326.6751285152422,1.0,1.0,"(5, 2)",66a92e2b14da1ebeb591920c
56.0,72.0,2470,train,1326.6751285152422,1.0,1.0,"(5, 2)",66a92e2b14da1ebeb591920c
56.0,72.0,2471,train,1326.6751285152422,1.0,1.0,"(5, 2)",66a92e2b14da1ebeb591920c
56.0,72.0,2472,train,1326.6751285152422,1.0,1.0,"(5, 2)",66a92e2b14da1ebeb591920c
56.0,72.0,2473,train,1326.6751285152422,1.0,1.0,"(5, 2)",66a92e2b14da1ebeb591920c
56.0,72.0,2474,train,1326.6751285152422,1.0,1.0,"(5, 2)",66a92e2b14da1ebeb591920c
56.0,72.0,2475,train,1326.6751285152422,1.0,1.0,"(5, 2)",66a92e2b14da1ebeb591920c
56.0,72.0,2476,train,1326.6751285152422,1.0,1.0,"(5, 2)",66a92e2b14da1ebeb591920c
56.0,72.0,2477,train,1326.6751285152422,1.0,1.0,"(5, 2)",66a92e2b14da1ebeb591920c
56.0,72.0,2478,train,1326.6751285152422,1.0,1.0,"(5, 2)",66a92e2b14da1ebeb591920c
56.0,72.0,2479,train,1326.6751285152422,1.0,1.0,"(5, 2)",66a92e2b14da1ebeb591920c
56.0,72.0,2480,train,1326.6751285152422,1.0,1.0,"(5, 2)",66a92e2b14da1ebeb591920c
56.0,72.0,2481,train,1326.6751285152422,1.0,1.0,"(5, 2)",66a92e2b14da1ebeb591920c
56.0,72.0,2482,train,1326.6751285152422,1.0,1.0,"(5, 2)",66a92e2b14da1ebeb591920c
56.0,72.0,2483,train,1326.6751285152422,1.0,1.0,"(5, 2)",66a92e2b14da1ebeb591920c
56.0,70.74999999999972,2484,train,1327.9251285152425,1.0,1.0,"(5, 2)",66a92e2b14da1ebeb591920c
56.0,69.49999999999943,2485,train,1329.1751285152427,1.0,1.0,"(5, 2)",66a92e2b14da1ebeb591920c
56.0,68.24999999999915,2486,train,1330.425128515243,1.0,1.0,"(5, 2)",66a92e2b14da1ebeb591920c
56.0,66.99999999999886,2487,train,1331.6751285152432,1.0,1.0,"(5, 2)",66a92e2b14da1ebeb591920c
56.0,65.74999999999858,2488,train,1332.9251285152434,1.0,1.0,"(5, 2)",66a92e2b14da1ebeb591920c
56.0,64.4999999999983,2489,train,1334.1751285152436,1.0,1.0,"(5, 2)",66a92e2b14da1ebeb591920c
56.0,63.24999999999801,2490,train,1335.4251285152438,1.0,1.0,"(5, 2)",66a92e2b14da1ebeb591920c
56.0,61.999999999997726,2491,train,1336.675128515244,1.0,1.0,"(5, 2)",66a92e2b14da1ebeb591920c
56.0,60.74999999999744,2492,train,1337.9251285152443,1.0,1.0,"(5, 2)",66a92e2b14da1ebeb591920c
56.0,59.49999999999716,2493,train,1339.1751285152445,1.0,1.0,"(5, 2)",66a92e2b14da1ebeb591920c
56.0,58.249999999996874,2494,train,1340.4251285152448,1.0,1.0,"(5, 2)",66a92e2b14da1ebeb591920c
56.0,56.99999999999659,2495,train,1341.675128515245,1.0,1.0,"(5, 2)",66a92e2b14da1ebeb591920c
56.0,55.749999999996305,2496,train,1342.9251285152452,1.0,1.0,"(5, 2)",66a92e2b14da1ebeb591920c
56.0,54.49999999999602,2497,train,1344.1751285152454,1.0,1.0,"(5, 2)",66a92e2b14da1ebeb591920c
56.0,53.24999999999574,2498,train,1345.4251285152457,1.0,1.0,"(5, 2)",66a92e2b14da1ebeb591920c
56.0,51.99999999999545,2499,train,1346.675128515246,1.0,1.0,"(5, 2)",66a92e2b14da1ebeb591920c
56.0,50.74999999999517,2500,train,1347.9251285152461,1.0,1.0,"(5, 2)",66a92e2b14da1ebeb591920c
56.0,49.499999999994884,2501,train,1349.1751285152463,1.0,1.0,"(5, 2)",66a92e2b14da1ebeb591920c
56.0,48.2499999999946,2502,train,1350.4251285152466,1.0,1.0,"(5, 2)",66a92e2b14da1ebeb591920c
56.0,46.999999999994316,2503,train,1351.6751285152468,1.0,1.0,"(5, 2)",66a92e2b14da1ebeb591920c
56.0,45.74999999999403,2504,train,1352.925128515247,1.0,1.0,"(5, 2)",66a92e2b14da1ebeb591920c
56.0,44.49999999999375,2505,train,1354.1751285152473,1.0,1.0,"(5, 2)",66a92e2b14da1ebeb591920c
56.0,43.24999999999346,2506,train,1355.4251285152475,1.0,1.0,"(5, 2)",66a92e2b14da1ebeb591920c
56.0,41.99999999999318,2507,train,1356.6751285152477,1.0,1.0,"(5, 2)",66a92e2b14da1ebeb591920c
56.0,40.749999999992895,2508,train,1357.925128515248,1.0,1.0,"(5, 2)",66a92e2b14da1ebeb591920c
55.50810911865716,39.70196048263347,2509,train,1359.0828605520749,1.0,1.0,"(5, 2)",66a92e2b14da1ebeb591920c
54.62973254483066,38.81260420163471,2510,train,1360.3328605520744,1.0,1.0,"(5, 2)",66a92e2b14da1ebeb591920c
53.75135597100416,37.92324792063596,2511,train,1361.582860552074,1.0,1.0,"(5, 2)",66a92e2b14da1ebeb591920c
52.87297939717766,37.033891639637005,2512,train,1362.8328605520737,1.0,1.0,"(5, 2)",66a92e2b14da1ebeb591920c
51.99460282335116,36.14453535863804,2513,train,1364.0828605520735,1.0,1.0,"(5, 2)",66a92e2b14da1ebeb591920c
51.11622624952466,35.25517907763907,2514,train,1365.3328605520733,1.0,1.0,"(5, 2)",66a92e2b14da1ebeb591920c
50.23784967569816,34.36582279664011,2515,train,1366.582860552073,1.0,1.0,"(5, 2)",66a92e2b14da1ebeb591920c
49.35947310187166,33.47646651564114,2516,train,1367.8328605520728,1.0,1.0,"(5, 2)",66a92e2b14da1ebeb591920c
48.48109652804516,32.587110234642175,2517,train,1369.0828605520726,1.0,1.0,"(5, 2)",66a92e2b14da1ebeb591920c
47.60271995421866,31.697753953643165,2518,train,1370.3328605520724,1.0,1.0,"(5, 2)",66a92e2b14da1ebeb591920c
46.724343380392156,30.808397672644055,2519,train,1371.5828605520724,1.0,1.0,"(5, 2)",66a92e2b14da1ebeb591920c
45.845966806565656,29.919041391644946,2520,train,1372.8328605520724,1.0,1.0,"(5, 2)",66a92e2b14da1ebeb591920c
44.967590232739155,29.029685110645836,2521,train,1374.0828605520724,1.0,1.0,"(5, 2)",66a92e2b14da1ebeb591920c
44.089213658912655,28.140328829646727,2522,train,1375.3328605520724,1.0,1.0,"(5, 2)",66a92e2b14da1ebeb591920c
43.210837085086155,27.250972548647617,2523,train,1376.5828605520724,1.0,1.0,"(5, 2)",66a92e2b14da1ebeb591920c
42.332460511259654,26.361616267648508,2524,train,1377.8328605520724,1.0,1.0,"(5, 2)",66a92e2b14da1ebeb591920c
41.45408393743312,25.472259986649725,2525,train,1379.0828605520721,1.0,1.0,"(5, 2)",66a92e2b14da1ebeb591920c
40.575707363606405,24.58290370565097,2526,train,1380.332860552072,1.0,1.0,"(5, 2)",66a92e2b14da1ebeb591920c
39.68839162302572,24.680636288113924,2527,train,1381.2255423997406,1.0,1.0,"(5, 2)",66a92e2b14da1ebeb591920c
38.79405225142406,25.55393869186822,2528,train,1382.4755423997406,1.0,1.0,"(5, 2)",66a92e2b14da1ebeb591920c
37.8997128798224,26.427241095622513,2529,train,1383.7255423997406,1.0,1.0,"(5, 2)",66a92e2b14da1ebeb591920c
37.00537350822074,27.300543499376808,2530,train,1384.9755423997406,1.0,1.0,"(5, 2)",66a92e2b14da1ebeb591920c
36.11103413661908,28.173845903131102,2531,train,1386.2255423997406,1.0,1.0,"(5, 2)",66a92e2b14da1ebeb591920c
35.21669476501742,29.047148306885397,2532,train,1387.4755423997406,1.0,1.0,"(5, 2)",66a92e2b14da1ebeb591920c
34.32235539341576,29.92045071063969,2533,train,1388.7255423997406,1.0,1.0,"(5, 2)",66a92e2b14da1ebeb591920c
33.4280160218141,30.793753114393986,2534,train,1389.9755423997406,1.0,1.0,"(5, 2)",66a92e2b14da1ebeb591920c
32.53367665021244,31.66705551814828,2535,train,1391.2255423997406,1.0,1.0,"(5, 2)",66a92e2b14da1ebeb591920c
31.639337278610782,32.540357921902356,2536,train,1392.4755423997403,1.0,1.0,"(5, 2)",66a92e2b14da1ebeb591920c
30.74499790700912,33.413660325656295,2537,train,1393.72554239974,1.0,1.0,"(5, 2)",66a92e2b14da1ebeb591920c
29.85065853540746,34.286962729410234,2538,train,1394.9755423997399,1.0,1.0,"(5, 2)",66a92e2b14da1ebeb591920c
28.9563191638058,35.160265133164174,2539,train,1396.2255423997397,1.0,1.0,"(5, 2)",66a92e2b14da1ebeb591920c
28.06197979220414,36.03356753691822,2540,train,1397.4755423997394,1.0,1.0,"(5, 2)",66a92e2b14da1ebeb591920c
27.16764042060248,36.90686994067245,2541,train,1398.7255423997394,1.0,1.0,"(5, 2)",66a92e2b14da1ebeb591920c
26.27330104900082,37.78017234442668,2542,train,1399.9755423997394,1.0,1.0,"(5, 2)",66a92e2b14da1ebeb591920c
25.37896167739916,38.65347474818091,2543,train,1401.2255423997394,1.0,1.0,"(5, 2)",66a92e2b14da1ebeb591920c
24.4846223057975,39.52677715193514,2544,train,1402.4755423997394,1.0,1.0,"(5, 2)",66a92e2b14da1ebeb591920c
24.0,40.0,2545,train,1403.1528891670655,1.0,1.0,"(5, 2)",66a92e2b14da1ebeb591920c
24.0,40.0,2546,train,1403.1528891670655,1.0,1.0,"(5, 2)",66a92e2b14da1ebeb591920c
24.0,40.0,2547,train,1403.1528891670655,1.0,1.0,"(5, 2)",66a92e2b14da1ebeb591920c
24.0,40.0,2548,train,1403.1528891670655,1.0,1.0,"(5, 2)",66a92e2b14da1ebeb591920c
24.0,40.0,2549,train,1403.1528891670655,1.0,1.0,"(5, 2)",66a92e2b14da1ebeb591920c
24.0,40.0,2550,train,1403.1528891670655,1.0,1.0,"(5, 2)",66a92e2b14da1ebeb591920c
24.0,40.0,2551,train,1403.1528891670655,1.0,1.0,"(5, 2)",66a92e2b14da1ebeb591920c
24.0,40.0,2552,train,1403.1528891670655,1.0,1.0,"(5, 2)",66a92e2b14da1ebeb591920c
24.0,40.0,2553,train,1403.1528891670655,1.0,1.0,"(5, 2)",66a92e2b14da1ebeb591920c
24.0,40.0,2554,train,1403.1528891670655,1.0,1.0,"(5, 2)",66a92e2b14da1ebeb591920c
24.0,40.0,2555,train,1403.1528891670655,1.0,1.0,"(5, 2)",66a92e2b14da1ebeb591920c
24.0,40.0,2556,train,1403.1528891670655,1.0,1.0,"(5, 2)",66a92e2b14da1ebeb591920c
24.0,40.0,2557,train,1403.1528891670655,1.0,1.0,"(5, 2)",66a92e2b14da1ebeb591920c
24.0,40.0,2558,train,1403.1528891670655,1.0,1.0,"(5, 2)",66a92e2b14da1ebeb591920c
24.0,40.0,2559,train,1403.1528891670655,1.0,1.0,"(5, 2)",66a92e2b14da1ebeb591920c
24.0,40.0,2560,train,1403.1528891670655,1.0,1.0,"(5, 2)",66a92e2b14da1ebeb591920c
24.0,40.0,2561,train,1403.1528891670655,1.0,1.0,"(5, 2)",66a92e2b14da1ebeb591920c
24.0,40.0,2562,train,1403.1528891670655,1.0,1.0,"(5, 2)",66a92e2b14da1ebeb591920c
24.0,40.0,2563,train,1403.1528891670655,1.0,1.0,"(5, 2)",66a92e2b14da1ebeb591920c
24.0,40.0,2564,train,1403.1528891670655,1.0,1.0,"(5, 2)",66a92e2b14da1ebeb591920c
24.0,40.0,2565,train,1403.1528891670655,1.0,1.0,"(5, 2)",66a92e2b14da1ebeb591920c
24.0,40.0,2566,train,1403.1528891670655,1.0,1.0,"(5, 2)",66a92e2b14da1ebeb591920c
24.0,40.0,2567,train,1403.1528891670655,1.0,1.0,"(5, 2)",66a92e2b14da1ebeb591920c
24.0,40.0,2568,train,1403.1528891670655,1.0,1.0,"(5, 2)",66a92e2b14da1ebeb591920c
24.0,40.0,2569,train,1403.1528891670655,1.0,1.0,"(5, 2)",66a92e2b14da1ebeb591920c
24.0,40.0,2570,train,1403.1528891670655,1.0,1.0,"(5, 2)",66a92e2b14da1ebeb591920c
24.0,40.0,2571,train,1403.1528891670655,1.0,1.0,"(5, 2)",66a92e2b14da1ebeb591920c
24.0,40.0,2572,train,1403.1528891670655,1.0,1.0,"(5, 2)",66a92e2b14da1ebeb591920c
24.0,40.0,2573,train,1403.1528891670655,1.0,1.0,"(5, 2)",66a92e2b14da1ebeb591920c
24.0,40.0,2574,train,1403.1528891670655,1.0,1.0,"(5, 2)",66a92e2b14da1ebeb591920c
24.0,40.0,2575,train,1403.1528891670655,1.0,1.0,"(5, 2)",66a92e2b14da1ebeb591920c
24.0,40.0,2576,train,1403.1528891670655,1.0,1.0,"(5, 2)",66a92e2b14da1ebeb591920c
24.0,40.0,2577,train,1403.1528891670655,1.0,1.0,"(5, 2)",66a92e2b14da1ebeb591920c
24.0,40.0,2578,train,1403.1528891670655,1.0,1.0,"(5, 2)",66a92e2b14da1ebeb591920c
24.0,40.0,2579,train,1403.1528891670655,1.0,1.0,"(5, 2)",66a92e2b14da1ebeb591920c
24.0,40.0,2580,train,1403.1528891670655,1.0,1.0,"(5, 2)",66a92e2b14da1ebeb591920c
24.0,40.0,2581,train,1403.1528891670655,1.0,1.0,"(5, 2)",66a92e2b14da1ebeb591920c
24.0,40.0,2582,train,1403.1528891670655,1.0,1.0,"(5, 2)",66a92e2b14da1ebeb591920c
24.0,40.0,2583,train,1403.1528891670655,1.0,1.0,"(5, 2)",66a92e2b14da1ebeb591920c
24.0,40.0,2584,train,1403.1528891670655,1.0,1.0,"(5, 2)",66a92e2b14da1ebeb591920c
24.0,40.0,2585,train,1403.1528891670655,1.0,1.0,"(5, 2)",66a92e2b14da1ebeb591920c
24.0,40.0,2586,train,1403.1528891670655,1.0,1.0,"(5, 2)",66a92e2b14da1ebeb591920c
24.0,40.0,2587,train,1403.1528891670655,1.0,1.0,"(5, 2)",66a92e2b14da1ebeb591920c
24.0,40.0,2588,train,1403.1528891670655,1.0,1.0,"(5, 2)",66a92e2b14da1ebeb591920c
24.0,40.0,2589,train,1403.1528891670655,1.0,1.0,"(5, 2)",66a92e2b14da1ebeb591920c
24.0,40.0,2590,train,1403.1528891670655,1.0,1.0,"(5, 2)",66a92e2b14da1ebeb591920c
24.0,40.0,2591,train,1403.1528891670655,1.0,1.0,"(5, 2)",66a92e2b14da1ebeb591920c
24.0,40.0,2592,train,1403.1528891670655,1.0,1.0,"(5, 2)",66a92e2b14da1ebeb591920c
24.0,40.0,2593,train,1403.1528891670655,1.0,1.0,"(5, 2)",66a92e2b14da1ebeb591920c
24.0,40.0,2594,train,1403.1528891670655,1.0,1.0,"(5, 2)",66a92e2b14da1ebeb591920c
24.0,40.0,2595,train,1403.1528891670655,1.0,1.0,"(5, 2)",66a92e2b14da1ebeb591920c
24.0,40.0,2596,train,1403.1528891670655,1.0,1.0,"(5, 2)",66a92e2b14da1ebeb591920c
24.0,40.0,2597,train,1403.1528891670655,1.0,1.0,"(5, 2)",66a92e2b14da1ebeb591920c
24.0,40.0,2598,train,1403.1528891670655,1.0,1.0,"(5, 2)",66a92e2b14da1ebeb591920c
24.0,40.0,2599,train,1403.1528891670655,1.0,1.0,"(5, 2)",66a92e2b14da1ebeb591920c
24.0,40.0,2600,train,1403.1528891670655,1.0,1.0,"(5, 2)",66a92e2b14da1ebeb591920c
24.0,40.0,2601,train,1403.1528891670655,1.0,1.0,"(5, 2)",66a92e2b14da1ebeb591920c
24.0,40.0,2602,train,1403.1528891670655,1.0,1.0,"(5, 2)",66a92e2b14da1ebeb591920c
24.0,40.0,2603,train,1403.1528891670655,1.0,1.0,"(5, 2)",66a92e2b14da1ebeb591920c
24.0,40.0,2604,train,1403.1528891670655,1.0,1.0,"(5, 2)",66a92e2b14da1ebeb591920c
24.0,40.0,2605,train,1403.1528891670655,1.0,1.0,"(5, 2)",66a92e2b14da1ebeb591920c
24.0,40.0,2606,train,1403.1528891670655,1.0,1.0,"(5, 2)",66a92e2b14da1ebeb591920c
24.0,40.0,2607,train,1403.1528891670655,1.0,1.0,"(5, 2)",66a92e2b14da1ebeb591920c
24.0,40.0,2608,train,1403.1528891670655,1.0,1.0,"(5, 2)",66a92e2b14da1ebeb591920c
24.0,40.0,2609,train,1403.1528891670655,1.0,1.0,"(5, 2)",66a92e2b14da1ebeb591920c
24.0,40.0,2610,train,1403.1528891670655,1.0,1.0,"(5, 2)",66a92e2b14da1ebeb591920c
24.0,40.0,2611,train,1403.1528891670655,1.0,1.0,"(5, 2)",66a92e2b14da1ebeb591920c
24.0,40.0,2612,train,1403.1528891670655,1.0,1.0,"(5, 2)",66a92e2b14da1ebeb591920c
24.0,40.0,2613,train,1403.1528891670655,1.0,1.0,"(5, 2)",66a92e2b14da1ebeb591920c
24.0,40.0,2614,train,1403.1528891670655,1.0,1.0,"(5, 2)",66a92e2b14da1ebeb591920c
24.0,40.0,2615,train,1403.1528891670655,1.0,1.0,"(5, 2)",66a92e2b14da1ebeb591920c
24.0,41.250000000000284,2616,train,1404.4028891670657,1.0,1.0,"(5, 2)",66a92e2b14da1ebeb591920c
24.0,42.50000000000057,2617,train,1405.652889167066,1.0,1.0,"(5, 2)",66a92e2b14da1ebeb591920c
24.0,43.75000000000085,2618,train,1406.9028891670662,1.0,1.0,"(5, 2)",66a92e2b14da1ebeb591920c
24.0,45.00000000000114,2619,train,1408.1528891670664,1.0,1.0,"(5, 2)",66a92e2b14da1ebeb591920c
24.0,46.25000000000142,2620,train,1409.4028891670666,1.0,1.0,"(5, 2)",66a92e2b14da1ebeb591920c
24.0,47.500000000001705,2621,train,1410.6528891670669,1.0,1.0,"(5, 2)",66a92e2b14da1ebeb591920c
24.0,48.75000000000199,2622,train,1411.902889167067,1.0,1.0,"(5, 2)",66a92e2b14da1ebeb591920c
24.0,50.000000000002274,2623,train,1413.1528891670673,1.0,1.0,"(5, 2)",66a92e2b14da1ebeb591920c
24.0,51.25000000000256,2624,train,1414.4028891670675,1.0,1.0,"(5, 2)",66a92e2b14da1ebeb591920c
24.0,52.50000000000284,2625,train,1415.6528891670678,1.0,1.0,"(5, 2)",66a92e2b14da1ebeb591920c
24.0,53.750000000003126,2626,train,1416.902889167068,1.0,1.0,"(5, 2)",66a92e2b14da1ebeb591920c
24.0,55.00000000000341,2627,train,1418.1528891670682,1.0,1.0,"(5, 2)",66a92e2b14da1ebeb591920c
24.0,56.250000000003695,2628,train,1419.4028891670685,1.0,1.0,"(5, 2)",66a92e2b14da1ebeb591920c
24.0,57.50000000000398,2629,train,1420.6528891670687,1.0,1.0,"(5, 2)",66a92e2b14da1ebeb591920c
24.0,58.75000000000426,2630,train,1421.902889167069,1.0,1.0,"(5, 2)",66a92e2b14da1ebeb591920c
24.0,60.00000000000455,2631,train,1423.1528891670691,1.0,1.0,"(5, 2)",66a92e2b14da1ebeb591920c
24.0,61.25000000000483,2632,train,1424.4028891670694,1.0,1.0,"(5, 2)",66a92e2b14da1ebeb591920c
24.0,62.500000000005116,2633,train,1425.6528891670696,1.0,1.0,"(5, 2)",66a92e2b14da1ebeb591920c
24.0,63.7500000000054,2634,train,1426.9028891670698,1.0,1.0,"(5, 2)",66a92e2b14da1ebeb591920c
24.0,65.00000000000568,2635,train,1428.15288916707,1.0,1.0,"(5, 2)",66a92e2b14da1ebeb591920c
24.0,66.25000000000597,2636,train,1429.4028891670703,1.0,1.0,"(5, 2)",66a92e2b14da1ebeb591920c
24.0,67.50000000000625,2637,train,1430.6528891670705,1.0,1.0,"(5, 2)",66a92e2b14da1ebeb591920c
24.0,68.75000000000654,2638,train,1431.9028891670707,1.0,1.0,"(5, 2)",66a92e2b14da1ebeb591920c
24.0,70.00000000000682,2639,train,1433.152889167071,1.0,1.0,"(5, 2)",66a92e2b14da1ebeb591920c
24.0,71.2500000000071,2640,train,1434.4028891670712,1.0,1.0,"(5, 2)",66a92e2b14da1ebeb591920c
24.0,72.0,2641,train,1435.1528891670641,1.0,1.0,"(5, 2)",66a92e2b14da1ebeb591920c
24.0,72.0,2642,train,1435.1528891670641,1.0,1.0,"(5, 2)",66a92e2b14da1ebeb591920c
24.0,72.0,2643,train,1435.1528891670641,1.0,1.0,"(5, 2)",66a92e2b14da1ebeb591920c
24.0,72.0,2644,train,1435.1528891670641,1.0,1.0,"(5, 2)",66a92e2b14da1ebeb591920c
24.0,72.0,2645,train,1435.1528891670641,1.0,1.0,"(5, 2)",66a92e2b14da1ebeb591920c
24.0,72.0,2646,train,1435.1528891670641,1.0,1.0,"(5, 2)",66a92e2b14da1ebeb591920c
24.0,72.0,2647,train,1435.1528891670641,1.0,1.0,"(5, 2)",66a92e2b14da1ebeb591920c
24.0,72.0,2648,train,1435.1528891670641,1.0,1.0,"(5, 2)",66a92e2b14da1ebeb591920c
24.0,72.0,2649,train,1435.1528891670641,1.0,1.0,"(5, 2)",66a92e2b14da1ebeb591920c
24.0,72.0,2650,train,1435.1528891670641,1.0,1.0,"(5, 2)",66a92e2b14da1ebeb591920c
24.0,72.0,2651,train,1435.1528891670641,1.0,1.0,"(5, 2)",66a92e2b14da1ebeb591920c
24.0,72.0,2652,train,1435.1528891670641,1.0,1.0,"(5, 2)",66a92e2b14da1ebeb591920c
24.0,72.0,2653,train,1435.1528891670641,1.0,1.0,"(5, 2)",66a92e2b14da1ebeb591920c
24.0,72.0,2654,train,1435.1528891670641,1.0,1.0,"(5, 2)",66a92e2b14da1ebeb591920c
24.0,72.0,2655,train,1435.1528891670641,1.0,1.0,"(5, 2)",66a92e2b14da1ebeb591920c
24.0,72.0,2656,train,1435.1528891670641,1.0,1.0,"(5, 2)",66a92e2b14da1ebeb591920c
24.0,72.0,2657,train,1435.1528891670641,1.0,1.0,"(5, 2)",66a92e2b14da1ebeb591920c
24.0,72.0,2658,train,1435.1528891670641,1.0,1.0,"(5, 2)",66a92e2b14da1ebeb591920c
24.0,72.0,2659,train,1435.1528891670641,1.0,1.0,"(5, 2)",66a92e2b14da1ebeb591920c
24.0,72.0,2660,train,1435.1528891670641,1.0,1.0,"(5, 2)",66a92e2b14da1ebeb591920c
24.0,72.0,2661,train,1435.1528891670641,1.0,1.0,"(5, 2)",66a92e2b14da1ebeb591920c
24.0,72.0,2662,train,1435.1528891670641,1.0,1.0,"(5, 2)",66a92e2b14da1ebeb591920c
24.0,72.0,2663,train,1435.1528891670641,1.0,1.0,"(5, 2)",66a92e2b14da1ebeb591920c
24.0,72.0,2664,train,1435.1528891670641,1.0,1.0,"(5, 2)",66a92e2b14da1ebeb591920c
24.0,72.0,2665,train,1435.1528891670641,1.0,1.0,"(5, 2)",66a92e2b14da1ebeb591920c
24.0,72.0,2666,train,1435.1528891670641,1.0,1.0,"(5, 2)",66a92e2b14da1ebeb591920c
24.0,72.0,2667,train,1435.1528891670641,1.0,1.0,"(5, 2)",66a92e2b14da1ebeb591920c
24.0,72.0,2668,train,1435.1528891670641,1.0,1.0,"(5, 2)",66a92e2b14da1ebeb591920c
24.0,72.0,2669,train,1435.1528891670641,1.0,1.0,"(5, 2)",66a92e2b14da1ebeb591920c
24.0,72.0,2670,train,1435.1528891670641,1.0,1.0,"(5, 2)",66a92e2b14da1ebeb591920c
24.0,72.0,2671,train,1435.1528891670641,1.0,1.0,"(5, 2)",66a92e2b14da1ebeb591920c
24.0,72.0,2672,train,1435.1528891670641,1.0,1.0,"(5, 2)",66a92e2b14da1ebeb591920c
24.0,72.0,2673,train,1435.1528891670641,1.0,1.0,"(5, 2)",66a92e2b14da1ebeb591920c
24.0,72.0,2674,train,1435.1528891670641,1.0,1.0,"(5, 2)",66a92e2b14da1ebeb591920c
24.0,72.0,2675,train,1435.1528891670641,1.0,1.0,"(5, 2)",66a92e2b14da1ebeb591920c
24.0,72.0,2676,train,1435.1528891670641,1.0,1.0,"(5, 2)",66a92e2b14da1ebeb591920c
24.0,72.0,2677,train,1435.1528891670641,1.0,1.0,"(5, 2)",66a92e2b14da1ebeb591920c
24.0,72.0,2678,train,1435.1528891670641,1.0,1.0,"(5, 2)",66a92e2b14da1ebeb591920c
24.0,72.0,2679,train,1435.1528891670641,1.0,1.0,"(5, 2)",66a92e2b14da1ebeb591920c
24.0,72.0,2680,train,1435.1528891670641,1.0,1.0,"(5, 2)",66a92e2b14da1ebeb591920c
24.0,72.0,2681,train,1435.1528891670641,1.0,1.0,"(5, 2)",66a92e2b14da1ebeb591920c
24.0,72.0,2682,train,1435.1528891670641,1.0,1.0,"(5, 2)",66a92e2b14da1ebeb591920c
24.0,72.0,2683,train,1435.1528891670641,1.0,1.0,"(5, 2)",66a92e2b14da1ebeb591920c
24.0,72.0,2684,train,1435.1528891670641,1.0,1.0,"(5, 2)",66a92e2b14da1ebeb591920c
24.0,72.0,2685,train,1435.1528891670641,1.0,1.0,"(5, 2)",66a92e2b14da1ebeb591920c
24.0,72.0,2686,train,1435.1528891670641,1.0,1.0,"(5, 2)",66a92e2b14da1ebeb591920c
24.0,72.0,2687,train,1435.1528891670641,1.0,1.0,"(5, 2)",66a92e2b14da1ebeb591920c
24.0,72.0,2688,train,1435.1528891670641,1.0,1.0,"(5, 2)",66a92e2b14da1ebeb591920c
24.0,72.0,2689,train,1435.1528891670641,1.0,1.0,"(5, 2)",66a92e2b14da1ebeb591920c
24.0,72.0,2690,train,1435.1528891670641,1.0,1.0,"(5, 2)",66a92e2b14da1ebeb591920c
24.0,72.0,2691,train,1435.1528891670641,1.0,1.0,"(5, 2)",66a92e2b14da1ebeb591920c
24.0,72.0,2692,train,1435.1528891670641,1.0,1.0,"(5, 2)",66a92e2b14da1ebeb591920c
24.0,72.0,2693,train,1435.1528891670641,1.0,1.0,"(5, 2)",66a92e2b14da1ebeb591920c
24.0,72.0,2694,train,1435.1528891670641,1.0,1.0,"(5, 2)",66a92e2b14da1ebeb591920c
24.0,72.0,2695,train,1435.1528891670641,1.0,1.0,"(5, 2)",66a92e2b14da1ebeb591920c
24.0,72.0,2696,train,1435.1528891670641,1.0,1.0,"(5, 2)",66a92e2b14da1ebeb591920c
24.0,72.0,2697,train,1435.1528891670641,1.0,1.0,"(5, 2)",66a92e2b14da1ebeb591920c
24.0,70.74999999999972,2698,train,1436.4028891670644,1.0,1.0,"(5, 2)",66a92e2b14da1ebeb591920c
24.0,69.49999999999943,2699,train,1437.6528891670646,1.0,1.0,"(5, 2)",66a92e2b14da1ebeb591920c
24.0,68.24999999999915,2700,train,1438.9028891670648,1.0,1.0,"(5, 2)",66a92e2b14da1ebeb591920c
24.0,66.99999999999886,2701,train,1440.152889167065,1.0,1.0,"(5, 2)",66a92e2b14da1ebeb591920c
24.0,65.74999999999858,2702,train,1441.4028891670653,1.0,1.0,"(5, 2)",66a92e2b14da1ebeb591920c
24.0,64.4999999999983,2703,train,1442.6528891670655,1.0,1.0,"(5, 2)",66a92e2b14da1ebeb591920c
24.0,63.24999999999801,2704,train,1443.9028891670657,1.0,1.0,"(5, 2)",66a92e2b14da1ebeb591920c
24.0,61.999999999997726,2705,train,1445.152889167066,1.0,1.0,"(5, 2)",66a92e2b14da1ebeb591920c
24.0,60.74999999999744,2706,train,1446.4028891670662,1.0,1.0,"(5, 2)",66a92e2b14da1ebeb591920c
24.0,59.49999999999716,2707,train,1447.6528891670664,1.0,1.0,"(5, 2)",66a92e2b14da1ebeb591920c
24.0,58.249999999996874,2708,train,1448.9028891670666,1.0,1.0,"(5, 2)",66a92e2b14da1ebeb591920c
24.0,56.99999999999659,2709,train,1450.1528891670669,1.0,1.0,"(5, 2)",66a92e2b14da1ebeb591920c
24.0,55.749999999996305,2710,train,1451.402889167067,1.0,1.0,"(5, 2)",66a92e2b14da1ebeb591920c
24.0,54.49999999999602,2711,train,1452.6528891670673,1.0,1.0,"(5, 2)",66a92e2b14da1ebeb591920c
24.0,53.24999999999574,2712,train,1453.9028891670675,1.0,1.0,"(5, 2)",66a92e2b14da1ebeb591920c
24.0,51.99999999999545,2713,train,1455.1528891670678,1.0,1.0,"(5, 2)",66a92e2b14da1ebeb591920c
24.0,50.74999999999517,2714,train,1456.402889167068,1.0,1.0,"(5, 2)",66a92e2b14da1ebeb591920c
24.0,49.499999999994884,2715,train,1457.6528891670682,1.0,1.0,"(5, 2)",66a92e2b14da1ebeb591920c
24.0,48.2499999999946,2716,train,1458.9028891670685,1.0,1.0,"(5, 2)",66a92e2b14da1ebeb591920c
24.0,46.999999999994316,2717,train,1460.1528891670687,1.0,1.0,"(5, 2)",66a92e2b14da1ebeb591920c
24.0,45.74999999999403,2718,train,1461.402889167069,1.0,1.0,"(5, 2)",66a92e2b14da1ebeb591920c
24.0,44.49999999999375,2719,train,1462.6528891670691,1.0,1.0,"(5, 2)",66a92e2b14da1ebeb591920c
24.0,43.24999999999346,2720,train,1463.9028891670694,1.0,1.0,"(5, 2)",66a92e2b14da1ebeb591920c
24.0,41.99999999999318,2721,train,1465.1528891670696,1.0,1.0,"(5, 2)",66a92e2b14da1ebeb591920c
24.0,40.749999999992895,2722,train,1466.4028891670698,1.0,1.0,"(5, 2)",66a92e2b14da1ebeb591920c
24.49189088134284,39.70196048263347,2723,train,1467.5606212038967,1.0,1.0,"(5, 2)",66a92e2b14da1ebeb591920c
25.37026745516934,38.81260420163471,2724,train,1468.8106212038963,1.0,1.0,"(5, 2)",66a92e2b14da1ebeb591920c
26.24864402899584,37.92324792063596,2725,train,1470.0606212038958,1.0,1.0,"(5, 2)",66a92e2b14da1ebeb591920c
27.12702060282234,37.033891639637005,2726,train,1471.3106212038956,1.0,1.0,"(5, 2)",66a92e2b14da1ebeb591920c
28.00539717664884,36.14453535863804,2727,train,1472.5606212038954,1.0,1.0,"(5, 2)",66a92e2b14da1ebeb591920c
28.883773750475342,35.25517907763907,2728,train,1473.8106212038952,1.0,1.0,"(5, 2)",66a92e2b14da1ebeb591920c
29.762150324301842,34.36582279664011,2729,train,1475.060621203895,1.0,1.0,"(5, 2)",66a92e2b14da1ebeb591920c
30.640526898128343,33.47646651564114,2730,train,1476.3106212038947,1.0,1.0,"(5, 2)",66a92e2b14da1ebeb591920c
31.518903471954843,32.587110234642175,2731,train,1477.5606212038945,1.0,1.0,"(5, 2)",66a92e2b14da1ebeb591920c
32.39728004578134,31.697753953643165,2732,train,1478.8106212038942,1.0,1.0,"(5, 2)",66a92e2b14da1ebeb591920c
33.275656619607844,30.808397672644055,2733,train,1480.0606212038942,1.0,1.0,"(5, 2)",66a92e2b14da1ebeb591920c
34.154033193434344,29.919041391644946,2734,train,1481.3106212038942,1.0,1.0,"(5, 2)",66a92e2b14da1ebeb591920c
35.032409767260845,29.029685110645836,2735,train,1482.5606212038942,1.0,1.0,"(5, 2)",66a92e2b14da1ebeb591920c
35.910786341087345,28.140328829646727,2736,train,1483.8106212038942,1.0,1.0,"(5, 2)",66a92e2b14da1ebeb591920c
36.789162914913845,27.250972548647617,2737,train,1485.0606212038942,1.0,1.0,"(5, 2)",66a92e2b14da1ebeb591920c
37.667539488740346,26.361616267648508,2738,train,1486.3106212038942,1.0,1.0,"(5, 2)",66a92e2b14da1ebeb591920c
38.54591606256688,25.472259986649725,2739,train,1487.560621203894,1.0,1.0,"(5, 2)",66a92e2b14da1ebeb591920c
39.424292636393595,24.58290370565097,2740,train,1488.8106212038938,1.0,1.0,"(5, 2)",66a92e2b14da1ebeb591920c
40.51072931689117,24.1833035623608,2741,train,1489.9682156645094,1.0,1.0,"(5, 2)",66a92e2b14da1ebeb591920c
41.76064179548729,24.168511812984512,2742,train,1491.2182156645094,1.0,1.0,"(5, 2)",66a92e2b14da1ebeb591920c
43.010554274083404,24.153720063608226,2743,train,1492.4682156645094,1.0,1.0,"(5, 2)",66a92e2b14da1ebeb591920c
44.26046675267952,24.13892831423194,2744,train,1493.7182156645094,1.0,1.0,"(5, 2)",66a92e2b14da1ebeb591920c
45.510379231275635,24.124136564855654,2745,train,1494.9682156645094,1.0,1.0,"(5, 2)",66a92e2b14da1ebeb591920c
46.76029170987175,24.109344815479368,2746,train,1496.2182156645094,1.0,1.0,"(5, 2)",66a92e2b14da1ebeb591920c
48.01020418846787,24.09455306610308,2747,train,1497.4682156645094,1.0,1.0,"(5, 2)",66a92e2b14da1ebeb591920c
49.26011666706398,24.079761316726795,2748,train,1498.7182156645094,1.0,1.0,"(5, 2)",66a92e2b14da1ebeb591920c
50.5100291456601,24.06496956735051,2749,train,1499.9682156645094,1.0,1.0,"(5, 2)",66a92e2b14da1ebeb591920c
51.759941624256214,24.050177817974223,2750,train,1501.2182156645094,1.0,1.0,"(5, 2)",66a92e2b14da1ebeb591920c
53.00985410285233,24.035386068597937,2751,train,1502.4682156645094,1.0,1.0,"(5, 2)",66a92e2b14da1ebeb591920c
54.259766581448446,24.02059431922165,2752,train,1503.7182156645094,1.0,1.0,"(5, 2)",66a92e2b14da1ebeb591920c
55.50967906004456,24.00580256984539,2753,train,1504.9682156645094,1.0,1.0,"(5, 2)",66a92e2b14da1ebeb591920c
56.75965804571305,24.002120377216816,2754,train,1506.2182000736743,1.0,1.0,"(5, 2)",66a92e2b14da1ebeb591920c
58.009658033614926,24.00194646566651,2755,train,1507.4682000736743,1.0,1.0,"(5, 2)",66a92e2b14da1ebeb591920c
59.2596580215168,24.001772554116283,2756,train,1508.7182000736743,1.0,1.0,"(5, 2)",66a92e2b14da1ebeb591920c
60.50965800941867,24.001598642566055,2757,train,1509.9682000736743,1.0,1.0,"(5, 2)",66a92e2b14da1ebeb591920c
61.759657997320545,24.001424731015828,2758,train,1511.2182000736743,1.0,1.0,"(5, 2)",66a92e2b14da1ebeb591920c
63.00965798522242,24.0012508194656,2759,train,1512.4682000736743,1.0,1.0,"(5, 2)",66a92e2b14da1ebeb591920c
64.25965797312443,24.001076907915373,2760,train,1513.7182000736743,1.0,1.0,"(5, 2)",66a92e2b14da1ebeb591920c
65.50965796102702,24.00090299636514,2761,train,1514.968200073675,1.0,1.0,"(5, 2)",66a92e2b14da1ebeb591920c
66.7596579489296,24.000729084814914,2762,train,1516.2182000736757,1.0,1.0,"(5, 2)",66a92e2b14da1ebeb591920c
68.00965793683218,24.000555173264686,2763,train,1517.4682000736764,1.0,1.0,"(5, 2)",66a92e2b14da1ebeb591920c
69.25965792473477,24.00038126171446,2764,train,1518.718200073677,1.0,1.0,"(5, 2)",66a92e2b14da1ebeb591920c
70.50965791263735,24.00020735016423,2765,train,1519.9682000736777,1.0,1.0,"(5, 2)",66a92e2b14da1ebeb591920c
71.75965790053993,24.000033438614004,2766,train,1521.2182000736784,1.0,1.0,"(5, 2)",66a92e2b14da1ebeb591920c
72.66318917715836,24.843521804609665,2767,train,1522.4542588875695,1.0,1.0,"(5, 2)",66a92e2b14da1ebeb591920c
73.55228425747327,25.72216276550307,2768,train,1523.7042588875695,1.0,1.0,"(5, 2)",66a92e2b14da1ebeb591920c
74.44137933778819,26.600803726396478,2769,train,1524.9542588875695,1.0,1.0,"(5, 2)",66a92e2b14da1ebeb591920c
75.33047441810311,27.479444687289885,2770,train,1526.2042588875695,1.0,1.0,"(5, 2)",66a92e2b14da1ebeb591920c
76.21956949841802,28.35808564818329,2771,train,1527.4542588875695,1.0,1.0,"(5, 2)",66a92e2b14da1ebeb591920c
77.10866457873294,29.236726609076698,2772,train,1528.7042588875695,1.0,1.0,"(5, 2)",66a92e2b14da1ebeb591920c
77.99775965904786,30.115367569970104,2773,train,1529.9542588875695,1.0,1.0,"(5, 2)",66a92e2b14da1ebeb591920c
78.88685473936278,30.99400853086351,2774,train,1531.2042588875695,1.0,1.0,"(5, 2)",66a92e2b14da1ebeb591920c
79.77594981967769,31.872649491756917,2775,train,1532.4542588875695,1.0,1.0,"(5, 2)",66a92e2b14da1ebeb591920c
80.66504489999261,32.75129045265063,2776,train,1533.7042588875697,1.0,1.0,"(5, 2)",66a92e2b14da1ebeb591920c
81.55413998030753,33.629931413544085,2777,train,1534.9542588875697,1.0,1.0,"(5, 2)",66a92e2b14da1ebeb591920c
82.44323506062244,34.50857237443743,2778,train,1536.2042588875697,1.0,1.0,"(5, 2)",66a92e2b14da1ebeb591920c
83.33233014093736,35.38721333533076,2779,train,1537.4542588875697,1.0,1.0,"(5, 2)",66a92e2b14da1ebeb591920c
84.22142522125228,36.265854296224106,2780,train,1538.7042588875697,1.0,1.0,"(5, 2)",66a92e2b14da1ebeb591920c
85.11052030156719,37.14449525711744,2781,train,1539.9542588875697,1.0,1.0,"(5, 2)",66a92e2b14da1ebeb591920c
85.99961538188211,38.02313621801078,2782,train,1541.2042588875697,1.0,1.0,"(5, 2)",66a92e2b14da1ebeb591920c
86.88871046219703,38.90177717890412,2783,train,1542.4542588875697,1.0,1.0,"(5, 2)",66a92e2b14da1ebeb591920c
87.77780554251194,39.780418139797455,2784,train,1543.7042588875697,1.0,1.0,"(5, 2)",66a92e2b14da1ebeb591920c
88.0,40.0,2785,train,1544.016647380105,1.0,1.0,"(5, 2)",66a92e2b14da1ebeb591920c
88.0,40.0,2786,train,1544.016647380105,1.0,1.0,"(5, 2)",66a92e2b14da1ebeb591920c
88.0,40.0,2787,train,1544.016647380105,1.0,1.0,"(5, 2)",66a92e2b14da1ebeb591920c
88.0,40.0,2788,train,1544.016647380105,1.0,1.0,"(5, 2)",66a92e2b14da1ebeb591920c
88.0,40.0,2789,train,1544.016647380105,1.0,1.0,"(5, 2)",66a92e2b14da1ebeb591920c
88.0,40.0,2790,train,1544.016647380105,1.0,1.0,"(5, 2)",66a92e2b14da1ebeb591920c
88.0,40.0,2791,train,1544.016647380105,1.0,1.0,"(5, 2)",66a92e2b14da1ebeb591920c
88.0,40.0,2792,train,1544.016647380105,1.0,1.0,"(5, 2)",66a92e2b14da1ebeb591920c
88.0,40.0,2793,train,1544.016647380105,1.0,1.0,"(5, 2)",66a92e2b14da1ebeb591920c
88.0,40.0,2794,train,1544.016647380105,1.0,1.0,"(5, 2)",66a92e2b14da1ebeb591920c
88.0,40.0,2795,train,1544.016647380105,1.0,1.0,"(5, 2)",66a92e2b14da1ebeb591920c
88.0,40.0,2796,train,1544.016647380105,1.0,1.0,"(5, 2)",66a92e2b14da1ebeb591920c
88.0,40.0,2797,train,1544.016647380105,1.0,1.0,"(5, 2)",66a92e2b14da1ebeb591920c
88.0,40.0,2798,train,1544.016647380105,1.0,1.0,"(5, 2)",66a92e2b14da1ebeb591920c
88.0,40.0,2799,train,1544.016647380105,1.0,1.0,"(5, 2)",66a92e2b14da1ebeb591920c
88.0,40.0,2800,train,1544.016647380105,1.0,1.0,"(5, 2)",66a92e2b14da1ebeb591920c
88.0,40.0,2801,train,1544.016647380105,1.0,1.0,"(5, 2)",66a92e2b14da1ebeb591920c
88.0,40.0,2802,train,1544.016647380105,1.0,1.0,"(5, 2)",66a92e2b14da1ebeb591920c
88.0,40.0,2803,train,1544.016647380105,1.0,1.0,"(5, 2)",66a92e2b14da1ebeb591920c
88.0,40.0,2804,train,1544.016647380105,1.0,1.0,"(5, 2)",66a92e2b14da1ebeb591920c
88.0,40.0,2805,train,1544.016647380105,1.0,1.0,"(5, 2)",66a92e2b14da1ebeb591920c
88.0,40.0,2806,train,1544.016647380105,1.0,1.0,"(5, 2)",66a92e2b14da1ebeb591920c
88.0,40.0,2807,train,1544.016647380105,1.0,1.0,"(5, 2)",66a92e2b14da1ebeb591920c
88.0,40.0,2808,train,1544.016647380105,1.0,1.0,"(5, 2)",66a92e2b14da1ebeb591920c
88.0,40.0,2809,train,1544.016647380105,1.0,1.0,"(5, 2)",66a92e2b14da1ebeb591920c
88.0,40.0,2810,train,1544.016647380105,1.0,1.0,"(5, 2)",66a92e2b14da1ebeb591920c
88.0,40.0,2811,train,1544.016647380105,1.0,1.0,"(5, 2)",66a92e2b14da1ebeb591920c
88.0,40.0,2812,train,1544.016647380105,1.0,1.0,"(5, 2)",66a92e2b14da1ebeb591920c
88.0,40.0,2813,train,1544.016647380105,1.0,1.0,"(5, 2)",66a92e2b14da1ebeb591920c
88.0,40.0,2814,train,1544.016647380105,1.0,1.0,"(5, 2)",66a92e2b14da1ebeb591920c
88.0,40.0,2815,train,1544.016647380105,1.0,1.0,"(5, 2)",66a92e2b14da1ebeb591920c
88.0,40.0,2816,train,1544.016647380105,1.0,1.0,"(5, 2)",66a92e2b14da1ebeb591920c
88.0,40.0,2817,train,1544.016647380105,1.0,1.0,"(5, 2)",66a92e2b14da1ebeb591920c
88.0,40.0,2818,train,1544.016647380105,1.0,1.0,"(5, 2)",66a92e2b14da1ebeb591920c
88.0,40.0,2819,train,1544.016647380105,1.0,1.0,"(5, 2)",66a92e2b14da1ebeb591920c
88.0,40.0,2820,train,1544.016647380105,1.0,1.0,"(5, 2)",66a92e2b14da1ebeb591920c
88.0,40.0,2821,train,1544.016647380105,1.0,1.0,"(5, 2)",66a92e2b14da1ebeb591920c
88.0,40.0,2822,train,1544.016647380105,1.0,1.0,"(5, 2)",66a92e2b14da1ebeb591920c
88.0,40.0,2823,train,1544.016647380105,1.0,1.0,"(5, 2)",66a92e2b14da1ebeb591920c
88.0,40.0,2824,train,1544.016647380105,1.0,1.0,"(5, 2)",66a92e2b14da1ebeb591920c
88.0,40.0,2825,train,1544.016647380105,1.0,1.0,"(5, 2)",66a92e2b14da1ebeb591920c
88.0,40.0,2826,train,1544.016647380105,1.0,1.0,"(5, 2)",66a92e2b14da1ebeb591920c
88.0,40.0,2827,train,1544.016647380105,1.0,1.0,"(5, 2)",66a92e2b14da1ebeb591920c
88.0,40.0,2828,train,1544.016647380105,1.0,1.0,"(5, 2)",66a92e2b14da1ebeb591920c
88.0,40.0,2829,train,1544.016647380105,1.0,1.0,"(5, 2)",66a92e2b14da1ebeb591920c
88.0,40.0,2830,train,1544.016647380105,1.0,1.0,"(5, 2)",66a92e2b14da1ebeb591920c
88.0,40.0,2831,train,1544.016647380105,1.0,1.0,"(5, 2)",66a92e2b14da1ebeb591920c
88.0,40.0,2832,train,1544.016647380105,1.0,1.0,"(5, 2)",66a92e2b14da1ebeb591920c
88.0,40.0,2833,train,1544.016647380105,1.0,1.0,"(5, 2)",66a92e2b14da1ebeb591920c
88.0,40.0,2834,train,1544.016647380105,1.0,1.0,"(5, 2)",66a92e2b14da1ebeb591920c
88.0,40.0,2835,train,1544.016647380105,1.0,1.0,"(5, 2)",66a92e2b14da1ebeb591920c
88.0,40.0,2836,train,1544.016647380105,1.0,1.0,"(5, 2)",66a92e2b14da1ebeb591920c
88.0,40.0,2837,train,1544.016647380105,1.0,1.0,"(5, 2)",66a92e2b14da1ebeb591920c
88.0,40.0,2838,train,1544.016647380105,1.0,1.0,"(5, 2)",66a92e2b14da1ebeb591920c
88.0,40.0,2839,train,1544.016647380105,1.0,1.0,"(5, 2)",66a92e2b14da1ebeb591920c
88.0,40.0,2840,train,1544.016647380105,1.0,1.0,"(5, 2)",66a92e2b14da1ebeb591920c
88.0,40.0,2841,train,1544.016647380105,1.0,1.0,"(5, 2)",66a92e2b14da1ebeb591920c
88.0,40.0,2842,train,1544.016647380105,1.0,1.0,"(5, 2)",66a92e2b14da1ebeb591920c
88.0,40.0,2843,train,1544.016647380105,1.0,1.0,"(5, 2)",66a92e2b14da1ebeb591920c
88.0,40.0,2844,train,1544.016647380105,1.0,1.0,"(5, 2)",66a92e2b14da1ebeb591920c
88.0,40.0,2845,train,1544.016647380105,1.0,1.0,"(5, 2)",66a92e2b14da1ebeb591920c
88.0,40.0,2846,train,1544.016647380105,1.0,1.0,"(5, 2)",66a92e2b14da1ebeb591920c
88.0,40.0,2847,train,1544.016647380105,1.0,1.0,"(5, 2)",66a92e2b14da1ebeb591920c
88.0,40.0,2848,train,1544.016647380105,1.0,1.0,"(5, 2)",66a92e2b14da1ebeb591920c
88.0,40.0,2849,train,1544.016647380105,1.0,1.0,"(5, 2)",66a92e2b14da1ebeb591920c
88.0,40.0,2850,train,1544.016647380105,1.0,1.0,"(5, 2)",66a92e2b14da1ebeb591920c
88.0,40.0,2851,train,1544.016647380105,1.0,1.0,"(5, 2)",66a92e2b14da1ebeb591920c
88.0,40.0,2852,train,1544.016647380105,1.0,1.0,"(5, 2)",66a92e2b14da1ebeb591920c
88.0,40.0,2853,train,1544.016647380105,1.0,1.0,"(5, 2)",66a92e2b14da1ebeb591920c
88.0,40.0,2854,train,1544.016647380105,1.0,1.0,"(5, 2)",66a92e2b14da1ebeb591920c
88.0,40.0,2855,train,1544.016647380105,1.0,1.0,"(5, 2)",66a92e2b14da1ebeb591920c
88.0,40.0,2856,train,1544.016647380105,1.0,1.0,"(5, 2)",66a92e2b14da1ebeb591920c
88.0,40.0,2857,train,1544.016647380105,1.0,1.0,"(5, 2)",66a92e2b14da1ebeb591920c
88.0,40.0,2858,train,1544.016647380105,1.0,1.0,"(5, 2)",66a92e2b14da1ebeb591920c
88.0,40.0,2859,train,1544.016647380105,1.0,1.0,"(5, 2)",66a92e2b14da1ebeb591920c
88.0,40.0,2860,train,1544.016647380105,1.0,1.0,"(5, 2)",66a92e2b14da1ebeb591920c
88.0,40.0,2861,train,1544.016647380105,1.0,1.0,"(5, 2)",66a92e2b14da1ebeb591920c
88.0,40.0,2862,train,1544.016647380105,1.0,1.0,"(5, 2)",66a92e2b14da1ebeb591920c
88.0,40.0,2863,train,1544.016647380105,1.0,1.0,"(5, 2)",66a92e2b14da1ebeb591920c
88.0,40.0,2864,train,1544.016647380105,1.0,1.0,"(5, 2)",66a92e2b14da1ebeb591920c
88.0,40.0,2865,train,1544.016647380105,1.0,1.0,"(5, 2)",66a92e2b14da1ebeb591920c
88.0,40.0,2866,train,1544.016647380105,1.0,1.0,"(5, 2)",66a92e2b14da1ebeb591920c
88.0,40.0,2867,train,1544.016647380105,1.0,1.0,"(5, 2)",66a92e2b14da1ebeb591920c
88.0,40.0,2868,train,1544.016647380105,1.0,1.0,"(5, 2)",66a92e2b14da1ebeb591920c
88.0,40.0,2869,train,1544.016647380105,1.0,1.0,"(5, 2)",66a92e2b14da1ebeb591920c
88.0,40.0,2870,train,1544.016647380105,1.0,1.0,"(5, 2)",66a92e2b14da1ebeb591920c
88.0,40.0,2871,train,1544.016647380105,1.0,1.0,"(5, 2)",66a92e2b14da1ebeb591920c
88.0,40.0,2872,train,1544.016647380105,1.0,1.0,"(5, 2)",66a92e2b14da1ebeb591920c
88.0,40.0,2873,train,1544.016647380105,1.0,1.0,"(5, 2)",66a92e2b14da1ebeb591920c
88.0,40.0,2874,train,1544.016647380105,1.0,1.0,"(5, 2)",66a92e2b14da1ebeb591920c
88.0,40.0,2875,train,1544.016647380105,1.0,1.0,"(5, 2)",66a92e2b14da1ebeb591920c
88.0,40.0,2876,train,1544.016647380105,1.0,1.0,"(5, 2)",66a92e2b14da1ebeb591920c
88.0,40.0,2877,train,1544.016647380105,1.0,1.0,"(5, 2)",66a92e2b14da1ebeb591920c
88.0,40.0,2878,train,1544.016647380105,1.0,1.0,"(5, 2)",66a92e2b14da1ebeb591920c
88.0,40.0,2879,train,1544.016647380105,1.0,1.0,"(5, 2)",66a92e2b14da1ebeb591920c
88.0,40.0,2880,ready,1544.016647380105,1.0,1.0,"(5, 2)",66a92e2b14da1ebeb591920c
88.0,40.0,2881,ready,1544.016647380105,1.0,1.0,"(5, 2)",66a92e2b14da1ebeb591920c
88.0,40.0,2882,ready,1544.016647380105,1.0,1.0,"(5, 2)",66a92e2b14da1ebeb591920c
88.0,40.0,2883,ready,1544.016647380105,1.0,1.0,"(5, 2)",66a92e2b14da1ebeb591920c
88.0,40.0,2884,ready,1544.016647380105,1.0,1.0,"(5, 2)",66a92e2b14da1ebeb591920c
88.0,40.0,2885,ready,1544.016647380105,1.0,1.0,"(5, 2)",66a92e2b14da1ebeb591920c
88.0,40.0,2886,ready,1544.016647380105,1.0,1.0,"(5, 2)",66a92e2b14da1ebeb591920c
88.0,40.0,2887,ready,1544.016647380105,1.0,1.0,"(5, 2)",66a92e2b14da1ebeb591920c
88.0,40.0,2888,ready,1544.016647380105,1.0,1.0,"(5, 2)",66a92e2b14da1ebeb591920c
88.0,40.0,2889,ready,1544.016647380105,1.0,1.0,"(5, 2)",66a92e2b14da1ebeb591920c
88.0,40.0,2890,ready,1544.016647380105,1.0,1.0,"(5, 2)",66a92e2b14da1ebeb591920c
88.0,40.0,2891,ready,1544.016647380105,1.0,1.0,"(5, 2)",66a92e2b14da1ebeb591920c
88.0,40.0,2892,ready,1544.016647380105,1.0,1.0,"(5, 2)",66a92e2b14da1ebeb591920c
88.0,40.0,2893,ready,1544.016647380105,1.0,1.0,"(5, 2)",66a92e2b14da1ebeb591920c
88.0,40.0,2894,ready,1544.016647380105,1.0,1.0,"(5, 2)",66a92e2b14da1ebeb591920c
88.0,40.0,2895,ready,1544.016647380105,1.0,1.0,"(5, 2)",66a92e2b14da1ebeb591920c
88.0,40.0,2896,ready,1544.016647380105,1.0,1.0,"(5, 2)",66a92e2b14da1ebeb591920c
88.0,40.0,2897,ready,1544.016647380105,1.0,1.0,"(5, 2)",66a92e2b14da1ebeb591920c
88.0,40.0,2898,ready,1544.016647380105,1.0,1.0,"(5, 2)",66a92e2b14da1ebeb591920c
88.0,40.0,2899,ready,1544.016647380105,1.0,1.0,"(5, 2)",66a92e2b14da1ebeb591920c
88.0,40.0,2900,ready,1544.016647380105,1.0,1.0,"(5, 2)",66a92e2b14da1ebeb591920c
88.0,40.0,2901,ready,1544.016647380105,1.0,1.0,"(5, 2)",66a92e2b14da1ebeb591920c
88.0,40.0,2902,ready,1544.016647380105,1.0,1.0,"(5, 2)",66a92e2b14da1ebeb591920c
88.0,40.0,2903,ready,1544.016647380105,1.0,1.0,"(5, 2)",66a92e2b14da1ebeb591920c
88.0,40.0,2904,ready,1544.016647380105,1.0,1.0,"(5, 2)",66a92e2b14da1ebeb591920c
88.0,40.0,2905,ready,1544.016647380105,1.0,1.0,"(5, 2)",66a92e2b14da1ebeb591920c
88.0,40.0,2906,ready,1544.016647380105,1.0,1.0,"(5, 2)",66a92e2b14da1ebeb591920c
88.0,40.0,2907,ready,1544.016647380105,1.0,1.0,"(5, 2)",66a92e2b14da1ebeb591920c
88.0,40.0,2908,ready,1544.016647380105,1.0,1.0,"(5, 2)",66a92e2b14da1ebeb591920c
88.0,40.0,2909,ready,1544.016647380105,1.0,1.0,"(5, 2)",66a92e2b14da1ebeb591920c
88.0,40.0,2910,ready,1544.016647380105,1.0,1.0,"(5, 2)",66a92e2b14da1ebeb591920c
88.0,40.0,2911,ready,1544.016647380105,1.0,1.0,"(5, 2)",66a92e2b14da1ebeb591920c
88.0,40.0,2912,ready,1544.016647380105,1.0,1.0,"(5, 2)",66a92e2b14da1ebeb591920c
88.0,40.0,2913,ready,1544.016647380105,1.0,1.0,"(5, 2)",66a92e2b14da1ebeb591920c
88.0,40.0,2914,ready,1544.016647380105,1.0,1.0,"(5, 2)",66a92e2b14da1ebeb591920c
88.0,40.0,2915,ready,1544.016647380105,1.0,1.0,"(5, 2)",66a92e2b14da1ebeb591920c
88.0,40.0,2916,ready,1544.016647380105,1.0,1.0,"(5, 2)",66a92e2b14da1ebeb591920c
88.0,40.0,2917,ready,1544.016647380105,1.0,1.0,"(5, 2)",66a92e2b14da1ebeb591920c
88.0,40.0,2918,ready,1544.016647380105,1.0,1.0,"(5, 2)",66a92e2b14da1ebeb591920c
88.0,40.0,2919,ready,1544.016647380105,1.0,1.0,"(5, 2)",66a92e2b14da1ebeb591920c
88.0,40.0,2920,ready,1544.016647380105,1.0,1.0,"(5, 2)",66a92e2b14da1ebeb591920c
88.0,40.0,2921,ready,1544.016647380105,1.0,1.0,"(5, 2)",66a92e2b14da1ebeb591920c
88.0,40.0,2922,ready,1544.016647380105,1.0,1.0,"(5, 2)",66a92e2b14da1ebeb591920c
88.0,40.0,2923,ready,1544.016647380105,1.0,1.0,"(5, 2)",66a92e2b14da1ebeb591920c
88.0,40.0,2924,ready,1544.016647380105,1.0,1.0,"(5, 2)",66a92e2b14da1ebeb591920c
88.0,40.0,2925,ready,1544.016647380105,1.0,1.0,"(5, 2)",66a92e2b14da1ebeb591920c
88.0,40.0,2926,ready,1544.016647380105,1.0,1.0,"(5, 2)",66a92e2b14da1ebeb591920c
88.0,40.0,2927,ready,1544.016647380105,1.0,1.0,"(5, 2)",66a92e2b14da1ebeb591920c
88.0,40.0,2928,ready,1544.016647380105,1.0,1.0,"(5, 2)",66a92e2b14da1ebeb591920c
88.0,40.0,2929,ready,1544.016647380105,1.0,1.0,"(5, 2)",66a92e2b14da1ebeb591920c
88.0,40.0,2930,ready,1544.016647380105,1.0,1.0,"(5, 2)",66a92e2b14da1ebeb591920c
88.0,40.0,2931,ready,1544.016647380105,1.0,1.0,"(5, 2)",66a92e2b14da1ebeb591920c
88.0,40.0,2932,ready,1544.016647380105,1.0,1.0,"(5, 2)",66a92e2b14da1ebeb591920c
88.0,40.0,2933,ready,1544.016647380105,1.0,1.0,"(5, 2)",66a92e2b14da1ebeb591920c
88.0,40.0,2934,ready,1544.016647380105,1.0,1.0,"(5, 2)",66a92e2b14da1ebeb591920c
88.0,40.0,2935,ready,1544.016647380105,1.0,1.0,"(5, 2)",66a92e2b14da1ebeb591920c
88.0,40.0,2936,ready,1544.016647380105,1.0,1.0,"(5, 2)",66a92e2b14da1ebeb591920c
88.0,40.0,2937,ready,1544.016647380105,1.0,1.0,"(5, 2)",66a92e2b14da1ebeb591920c
88.0,40.0,2938,ready,1544.016647380105,1.0,1.0,"(5, 2)",66a92e2b14da1ebeb591920c
88.0,40.0,2939,ready,1544.016647380105,1.0,1.0,"(5, 2)",66a92e2b14da1ebeb591920c
88.0,40.0,2940,ready,1544.016647380105,1.0,1.0,"(5, 2)",66a92e2b14da1ebeb591920c
88.0,40.0,2941,ready,1544.016647380105,1.0,1.0,"(5, 2)",66a92e2b14da1ebeb591920c
88.0,40.0,2942,ready,1544.016647380105,1.0,1.0,"(5, 2)",66a92e2b14da1ebeb591920c
88.0,40.0,2943,ready,1544.016647380105,1.0,1.0,"(5, 2)",66a92e2b14da1ebeb591920c
88.0,40.0,2944,ready,1544.016647380105,1.0,1.0,"(5, 2)",66a92e2b14da1ebeb591920c
88.0,40.0,2945,ready,1544.016647380105,1.0,1.0,"(5, 2)",66a92e2b14da1ebeb591920c
88.0,40.0,2946,ready,1544.016647380105,1.0,1.0,"(5, 2)",66a92e2b14da1ebeb591920c
88.0,40.0,2947,ready,1544.016647380105,1.0,1.0,"(5, 2)",66a92e2b14da1ebeb591920c
88.0,40.0,2948,ready,1544.016647380105,1.0,1.0,"(5, 2)",66a92e2b14da1ebeb591920c
88.0,40.0,2949,ready,1544.016647380105,1.0,1.0,"(5, 2)",66a92e2b14da1ebeb591920c
88.0,40.0,2950,ready,1544.016647380105,1.0,1.0,"(5, 2)",66a92e2b14da1ebeb591920c
88.0,40.0,2951,ready,1544.016647380105,1.0,1.0,"(5, 2)",66a92e2b14da1ebeb591920c
88.0,40.0,2952,ready,1544.016647380105,1.0,1.0,"(5, 2)",66a92e2b14da1ebeb591920c
88.0,40.0,2953,ready,1544.016647380105,1.0,1.0,"(5, 2)",66a92e2b14da1ebeb591920c
88.0,40.0,2954,ready,1544.016647380105,1.0,1.0,"(5, 2)",66a92e2b14da1ebeb591920c
88.0,40.0,2955,ready,1544.016647380105,1.0,1.0,"(5, 2)",66a92e2b14da1ebeb591920c
88.0,40.0,2956,ready,1544.016647380105,1.0,1.0,"(5, 2)",66a92e2b14da1ebeb591920c
88.0,40.0,2957,ready,1544.016647380105,1.0,1.0,"(5, 2)",66a92e2b14da1ebeb591920c
88.0,40.0,2958,ready,1544.016647380105,1.0,1.0,"(5, 2)",66a92e2b14da1ebeb591920c
88.0,40.0,2959,ready,1544.016647380105,1.0,1.0,"(5, 2)",66a92e2b14da1ebeb591920c
88.0,40.0,2960,ready,1544.016647380105,1.0,1.0,"(5, 2)",66a92e2b14da1ebeb591920c
88.0,40.0,2961,ready,1544.016647380105,1.0,1.0,"(5, 2)",66a92e2b14da1ebeb591920c
88.0,40.0,2962,ready,1544.016647380105,1.0,1.0,"(5, 2)",66a92e2b14da1ebeb591920c
88.0,40.0,2963,ready,1544.016647380105,1.0,1.0,"(5, 2)",66a92e2b14da1ebeb591920c
88.0,40.0,2964,ready,1544.016647380105,1.0,1.0,"(5, 2)",66a92e2b14da1ebeb591920c
88.0,40.0,2965,ready,1544.016647380105,1.0,1.0,"(5, 2)",66a92e2b14da1ebeb591920c
88.0,40.0,2966,ready,1544.016647380105,1.0,1.0,"(5, 2)",66a92e2b14da1ebeb591920c
88.0,40.0,2967,ready,1544.016647380105,1.0,1.0,"(5, 2)",66a92e2b14da1ebeb591920c
88.0,40.0,2968,ready,1544.016647380105,1.0,1.0,"(5, 2)",66a92e2b14da1ebeb591920c
88.0,40.0,2969,ready,1544.016647380105,1.0,1.0,"(5, 2)",66a92e2b14da1ebeb591920c
88.0,40.0,2970,ready,1544.016647380105,1.0,1.0,"(5, 2)",66a92e2b14da1ebeb591920c
88.0,40.0,2971,ready,1544.016647380105,1.0,1.0,"(5, 2)",66a92e2b14da1ebeb591920c
88.0,40.0,2972,ready,1544.016647380105,1.0,1.0,"(5, 2)",66a92e2b14da1ebeb591920c
88.0,40.0,2973,ready,1544.016647380105,1.0,1.0,"(5, 2)",66a92e2b14da1ebeb591920c
88.0,40.0,2974,ready,1544.016647380105,1.0,1.0,"(5, 2)",66a92e2b14da1ebeb591920c
88.0,40.0,2975,ready,1544.016647380105,1.0,1.0,"(5, 2)",66a92e2b14da1ebeb591920c
88.0,40.0,2976,ready,1544.016647380105,1.0,1.0,"(5, 2)",66a92e2b14da1ebeb591920c
88.0,40.0,2977,ready,1544.016647380105,1.0,1.0,"(5, 2)",66a92e2b14da1ebeb591920c
88.0,40.0,2978,ready,1544.016647380105,1.0,1.0,"(5, 2)",66a92e2b14da1ebeb591920c
88.0,40.0,2979,ready,1544.016647380105,1.0,1.0,"(5, 2)",66a92e2b14da1ebeb591920c
88.0,40.0,2980,ready,1544.016647380105,1.0,1.0,"(5, 2)",66a92e2b14da1ebeb591920c
88.0,40.0,2981,ready,1544.016647380105,1.0,1.0,"(5, 2)",66a92e2b14da1ebeb591920c
88.0,40.0,2982,ready,1544.016647380105,1.0,1.0,"(5, 2)",66a92e2b14da1ebeb591920c
88.0,40.0,2983,ready,1544.016647380105,1.0,1.0,"(5, 2)",66a92e2b14da1ebeb591920c
88.0,40.0,2984,ready,1544.016647380105,1.0,1.0,"(5, 2)",66a92e2b14da1ebeb591920c
88.0,40.0,2985,ready,1544.016647380105,1.0,1.0,"(5, 2)",66a92e2b14da1ebeb591920c
88.0,40.0,2986,ready,1544.016647380105,1.0,1.0,"(5, 2)",66a92e2b14da1ebeb591920c
88.0,40.0,2987,ready,1544.016647380105,1.0,1.0,"(5, 2)",66a92e2b14da1ebeb591920c
88.0,40.0,2988,ready,1544.016647380105,1.0,1.0,"(5, 2)",66a92e2b14da1ebeb591920c
88.0,40.0,2989,ready,1544.016647380105,1.0,1.0,"(5, 2)",66a92e2b14da1ebeb591920c
88.0,40.0,2990,ready,1544.016647380105,1.0,1.0,"(5, 2)",66a92e2b14da1ebeb591920c
88.0,40.0,2991,ready,1544.016647380105,1.0,1.0,"(5, 2)",66a92e2b14da1ebeb591920c
88.0,40.0,2992,ready,1544.016647380105,1.0,1.0,"(5, 2)",66a92e2b14da1ebeb591920c
88.0,40.0,2993,ready,1544.016647380105,1.0,1.0,"(5, 2)",66a92e2b14da1ebeb591920c
88.0,40.0,2994,ready,1544.016647380105,1.0,1.0,"(5, 2)",66a92e2b14da1ebeb591920c
88.0,40.0,2995,ready,1544.016647380105,1.0,1.0,"(5, 2)",66a92e2b14da1ebeb591920c
88.0,40.0,2996,ready,1544.016647380105,1.0,1.0,"(5, 2)",66a92e2b14da1ebeb591920c
88.0,40.0,2997,ready,1544.016647380105,1.0,1.0,"(5, 2)",66a92e2b14da1ebeb591920c
88.0,40.0,2998,ready,1544.016647380105,1.0,1.0,"(5, 2)",66a92e2b14da1ebeb591920c
88.0,40.0,2999,ready,1544.016647380105,1.0,1.0,"(5, 2)",66a92e2b14da1ebeb591920c
88.0,40.0,3000,test,1544.016647380105,1.0,1.0,"(5, 2)",66a92e2b14da1ebeb591920c
88.0,40.0,3001,test,1544.016647380105,1.0,1.0,"(5, 2)",66a92e2b14da1ebeb591920c
88.0,40.0,3002,test,1544.016647380105,1.0,1.0,"(5, 2)",66a92e2b14da1ebeb591920c
88.0,40.0,3003,test,1544.016647380105,1.0,1.0,"(5, 2)",66a92e2b14da1ebeb591920c
88.0,40.0,3004,test,1544.016647380105,1.0,1.0,"(5, 2)",66a92e2b14da1ebeb591920c
88.0,40.0,3005,test,1544.016647380105,1.0,1.0,"(5, 2)",66a92e2b14da1ebeb591920c
88.0,40.0,3006,test,1544.016647380105,1.0,1.0,"(5, 2)",66a92e2b14da1ebeb591920c
88.0,40.0,3007,test,1544.016647380105,1.0,1.0,"(5, 2)",66a92e2b14da1ebeb591920c
88.0,40.0,3008,test,1544.016647380105,1.0,1.0,"(5, 2)",66a92e2b14da1ebeb591920c
88.0,40.0,3009,test,1544.016647380105,1.0,1.0,"(5, 2)",66a92e2b14da1ebeb591920c
88.0,40.0,3010,test,1544.016647380105,1.0,1.0,"(5, 2)",66a92e2b14da1ebeb591920c
88.0,40.0,3011,test,1544.016647380105,1.0,1.0,"(5, 2)",66a92e2b14da1ebeb591920c
88.0,40.0,3012,test,1544.016647380105,1.0,1.0,"(5, 2)",66a92e2b14da1ebeb591920c
88.0,40.0,3013,test,1544.016647380105,1.0,1.0,"(5, 2)",66a92e2b14da1ebeb591920c
88.0,40.0,3014,test,1544.016647380105,1.0,1.0,"(5, 2)",66a92e2b14da1ebeb591920c
88.0,40.0,3015,test,1544.016647380105,1.0,1.0,"(5, 2)",66a92e2b14da1ebeb591920c
88.0,40.0,3016,test,1544.016647380105,1.0,1.0,"(5, 2)",66a92e2b14da1ebeb591920c
88.0,40.0,3017,test,1544.016647380105,1.0,1.0,"(5, 2)",66a92e2b14da1ebeb591920c
88.0,40.0,3018,test,1544.016647380105,1.0,1.0,"(5, 2)",66a92e2b14da1ebeb591920c
88.0,40.0,3019,test,1544.016647380105,1.0,1.0,"(5, 2)",66a92e2b14da1ebeb591920c
88.0,40.0,3020,test,1544.016647380105,1.0,1.0,"(5, 2)",66a92e2b14da1ebeb591920c
88.0,40.0,3021,test,1544.016647380105,1.0,1.0,"(5, 2)",66a92e2b14da1ebeb591920c
88.0,40.0,3022,test,1544.016647380105,1.0,1.0,"(5, 2)",66a92e2b14da1ebeb591920c
88.0,40.0,3023,test,1544.016647380105,1.0,1.0,"(5, 2)",66a92e2b14da1ebeb591920c
88.0,40.0,3024,test,1544.016647380105,1.0,1.0,"(5, 2)",66a92e2b14da1ebeb591920c
88.0,40.0,3025,test,1544.016647380105,1.0,1.0,"(5, 2)",66a92e2b14da1ebeb591920c
88.0,40.0,3026,test,1544.016647380105,1.0,1.0,"(5, 2)",66a92e2b14da1ebeb591920c
88.0,40.0,3027,test,1544.016647380105,1.0,1.0,"(5, 2)",66a92e2b14da1ebeb591920c
88.0,40.0,3028,test,1544.016647380105,1.0,1.0,"(5, 2)",66a92e2b14da1ebeb591920c
88.0,40.0,3029,test,1544.016647380105,1.0,1.0,"(5, 2)",66a92e2b14da1ebeb591920c
88.0,40.0,3030,test,1544.016647380105,1.0,1.0,"(5, 2)",66a92e2b14da1ebeb591920c
88.0,40.0,3031,test,1544.016647380105,1.0,1.0,"(5, 2)",66a92e2b14da1ebeb591920c
88.0,40.0,3032,test,1544.016647380105,1.0,1.0,"(5, 2)",66a92e2b14da1ebeb591920c
88.0,40.0,3033,test,1544.016647380105,1.0,1.0,"(5, 2)",66a92e2b14da1ebeb591920c
88.0,40.0,3034,test,1544.016647380105,1.0,1.0,"(5, 2)",66a92e2b14da1ebeb591920c
88.0,40.0,3035,test,1544.016647380105,1.0,1.0,"(5, 2)",66a92e2b14da1ebeb591920c
88.0,40.0,3036,test,1544.016647380105,1.0,1.0,"(5, 2)",66a92e2b14da1ebeb591920c
88.0,40.0,3037,test,1544.016647380105,1.0,1.0,"(5, 2)",66a92e2b14da1ebeb591920c
88.0,40.0,3038,test,1544.016647380105,1.0,1.0,"(5, 2)",66a92e2b14da1ebeb591920c
88.0,40.0,3039,test,1544.016647380105,1.0,1.0,"(5, 2)",66a92e2b14da1ebeb591920c
88.0,40.0,3040,test,1544.016647380105,1.0,1.0,"(5, 2)",66a92e2b14da1ebeb591920c
88.0,40.0,3041,test,1544.016647380105,1.0,1.0,"(5, 2)",66a92e2b14da1ebeb591920c
88.0,40.0,3042,test,1544.016647380105,1.0,1.0,"(5, 2)",66a92e2b14da1ebeb591920c
88.0,40.0,3043,test,1544.016647380105,1.0,1.0,"(5, 2)",66a92e2b14da1ebeb591920c
88.0,40.0,3044,test,1544.016647380105,1.0,1.0,"(5, 2)",66a92e2b14da1ebeb591920c
88.0,40.0,3045,test,1544.016647380105,1.0,1.0,"(5, 2)",66a92e2b14da1ebeb591920c
88.0,40.0,3046,test,1544.016647380105,1.0,1.0,"(5, 2)",66a92e2b14da1ebeb591920c
88.0,40.0,3047,test,1544.016647380105,1.0,1.0,"(5, 2)",66a92e2b14da1ebeb591920c
88.0,40.0,3048,test,1544.016647380105,1.0,1.0,"(5, 2)",66a92e2b14da1ebeb591920c
88.0,40.0,3049,test,1544.016647380105,1.0,1.0,"(5, 2)",66a92e2b14da1ebeb591920c
88.0,40.0,3050,test,1544.016647380105,1.0,1.0,"(5, 2)",66a92e2b14da1ebeb591920c
88.0,40.0,3051,test,1544.016647380105,1.0,1.0,"(5, 2)",66a92e2b14da1ebeb591920c
88.0,40.0,3052,test,1544.016647380105,1.0,1.0,"(5, 2)",66a92e2b14da1ebeb591920c
88.0,40.0,3053,test,1544.016647380105,1.0,1.0,"(5, 2)",66a92e2b14da1ebeb591920c
88.0,40.0,3054,test,1544.016647380105,1.0,1.0,"(5, 2)",66a92e2b14da1ebeb591920c
88.0,40.0,3055,test,1544.016647380105,1.0,1.0,"(5, 2)",66a92e2b14da1ebeb591920c
88.0,40.0,3056,test,1544.016647380105,1.0,1.0,"(5, 2)",66a92e2b14da1ebeb591920c
88.0,40.0,3057,test,1544.016647380105,1.0,1.0,"(5, 2)",66a92e2b14da1ebeb591920c
88.0,40.0,3058,test,1544.016647380105,1.0,1.0,"(5, 2)",66a92e2b14da1ebeb591920c
88.0,40.0,3059,test,1544.016647380105,1.0,1.0,"(5, 2)",66a92e2b14da1ebeb591920c
88.0,40.0,3060,test,1544.016647380105,1.0,1.0,"(5, 2)",66a92e2b14da1ebeb591920c
88.0,40.0,3061,test,1544.016647380105,1.0,1.0,"(5, 2)",66a92e2b14da1ebeb591920c
88.0,40.0,3062,test,1544.016647380105,1.0,1.0,"(5, 2)",66a92e2b14da1ebeb591920c
88.0,40.0,3063,test,1544.016647380105,1.0,1.0,"(5, 2)",66a92e2b14da1ebeb591920c
88.0,40.0,3064,test,1544.016647380105,1.0,1.0,"(5, 2)",66a92e2b14da1ebeb591920c
88.0,40.0,3065,test,1544.016647380105,1.0,1.0,"(5, 2)",66a92e2b14da1ebeb591920c
88.0,40.0,3066,test,1544.016647380105,1.0,1.0,"(5, 2)",66a92e2b14da1ebeb591920c
88.0,40.0,3067,test,1544.016647380105,1.0,1.0,"(5, 2)",66a92e2b14da1ebeb591920c
88.0,40.0,3068,test,1544.016647380105,1.0,1.0,"(5, 2)",66a92e2b14da1ebeb591920c
88.0,40.0,3069,test,1544.016647380105,1.0,1.0,"(5, 2)",66a92e2b14da1ebeb591920c
88.0,40.0,3070,test,1544.016647380105,1.0,1.0,"(5, 2)",66a92e2b14da1ebeb591920c
88.0,40.0,3071,test,1544.016647380105,1.0,1.0,"(5, 2)",66a92e2b14da1ebeb591920c
88.0,40.0,3072,test,1544.016647380105,1.0,1.0,"(5, 2)",66a92e2b14da1ebeb591920c
88.0,40.0,3073,test,1544.016647380105,1.0,1.0,"(5, 2)",66a92e2b14da1ebeb591920c
88.0,40.0,3074,test,1544.016647380105,1.0,1.0,"(5, 2)",66a92e2b14da1ebeb591920c
88.0,40.0,3075,test,1544.016647380105,1.0,1.0,"(5, 2)",66a92e2b14da1ebeb591920c
88.0,40.0,3076,test,1544.016647380105,1.0,1.0,"(5, 2)",66a92e2b14da1ebeb591920c
88.0,40.0,3077,test,1544.016647380105,1.0,1.0,"(5, 2)",66a92e2b14da1ebeb591920c
88.0,40.0,3078,test,1544.016647380105,1.0,1.0,"(5, 2)",66a92e2b14da1ebeb591920c
88.0,40.0,3079,test,1544.016647380105,1.0,1.0,"(5, 2)",66a92e2b14da1ebeb591920c
88.0,40.0,3080,test,1544.016647380105,1.0,1.0,"(5, 2)",66a92e2b14da1ebeb591920c
88.0,40.0,3081,test,1544.016647380105,1.0,1.0,"(5, 2)",66a92e2b14da1ebeb591920c
88.0,40.0,3082,test,1544.016647380105,1.0,1.0,"(5, 2)",66a92e2b14da1ebeb591920c
88.0,40.0,3083,test,1544.016647380105,1.0,1.0,"(5, 2)",66a92e2b14da1ebeb591920c
88.0,40.0,3084,test,1544.016647380105,1.0,1.0,"(5, 2)",66a92e2b14da1ebeb591920c
88.0,40.0,3085,test,1544.016647380105,1.0,1.0,"(5, 2)",66a92e2b14da1ebeb591920c
88.0,40.0,3086,test,1544.016647380105,1.0,1.0,"(5, 2)",66a92e2b14da1ebeb591920c
88.0,40.0,3087,test,1544.016647380105,1.0,1.0,"(5, 2)",66a92e2b14da1ebeb591920c
88.0,40.0,3088,test,1544.016647380105,1.0,1.0,"(5, 2)",66a92e2b14da1ebeb591920c
88.0,40.0,3089,test,1544.016647380105,1.0,1.0,"(5, 2)",66a92e2b14da1ebeb591920c
88.0,40.0,3090,test,1544.016647380105,1.0,1.0,"(5, 2)",66a92e2b14da1ebeb591920c
88.0,40.0,3091,test,1544.016647380105,1.0,1.0,"(5, 2)",66a92e2b14da1ebeb591920c
88.0,40.0,3092,test,1544.016647380105,1.0,1.0,"(5, 2)",66a92e2b14da1ebeb591920c
88.0,40.0,3093,test,1544.016647380105,1.0,1.0,"(5, 2)",66a92e2b14da1ebeb591920c
88.0,40.0,3094,test,1544.016647380105,1.0,1.0,"(5, 2)",66a92e2b14da1ebeb591920c
88.0,40.0,3095,test,1544.016647380105,1.0,1.0,"(5, 2)",66a92e2b14da1ebeb591920c
88.0,40.0,3096,test,1544.016647380105,1.0,1.0,"(5, 2)",66a92e2b14da1ebeb591920c
88.0,40.0,3097,test,1544.016647380105,1.0,1.0,"(5, 2)",66a92e2b14da1ebeb591920c
88.0,40.0,3098,test,1544.016647380105,1.0,1.0,"(5, 2)",66a92e2b14da1ebeb591920c
88.0,40.0,3099,test,1544.016647380105,1.0,1.0,"(5, 2)",66a92e2b14da1ebeb591920c
88.0,40.0,3100,test,1544.016647380105,1.0,1.0,"(5, 2)",66a92e2b14da1ebeb591920c
88.0,40.0,3101,test,1544.016647380105,1.0,1.0,"(5, 2)",66a92e2b14da1ebeb591920c
88.0,40.0,3102,test,1544.016647380105,1.0,1.0,"(5, 2)",66a92e2b14da1ebeb591920c
88.0,40.0,3103,test,1544.016647380105,1.0,1.0,"(5, 2)",66a92e2b14da1ebeb591920c
88.0,40.0,3104,test,1544.016647380105,1.0,1.0,"(5, 2)",66a92e2b14da1ebeb591920c
88.0,40.0,3105,test,1544.016647380105,1.0,1.0,"(5, 2)",66a92e2b14da1ebeb591920c
88.0,40.0,3106,test,1544.016647380105,1.0,1.0,"(5, 2)",66a92e2b14da1ebeb591920c
88.0,40.0,3107,test,1544.016647380105,1.0,1.0,"(5, 2)",66a92e2b14da1ebeb591920c
88.0,40.0,3108,test,1544.016647380105,1.0,1.0,"(5, 2)",66a92e2b14da1ebeb591920c
88.0,40.0,3109,test,1544.016647380105,1.0,1.0,"(5, 2)",66a92e2b14da1ebeb591920c
88.0,40.0,3110,test,1544.016647380105,1.0,1.0,"(5, 2)",66a92e2b14da1ebeb591920c
88.0,40.0,3111,test,1544.016647380105,1.0,1.0,"(5, 2)",66a92e2b14da1ebeb591920c
88.0,40.0,3112,test,1544.016647380105,1.0,1.0,"(5, 2)",66a92e2b14da1ebeb591920c
88.0,40.0,3113,test,1544.016647380105,1.0,1.0,"(5, 2)",66a92e2b14da1ebeb591920c
88.0,40.0,3114,test,1544.016647380105,1.0,1.0,"(5, 2)",66a92e2b14da1ebeb591920c
88.0,38.749999999999716,3115,test,1545.2666473801053,1.0,1.0,"(5, 2)",66a92e2b14da1ebeb591920c
88.0,37.49999999999943,3116,test,1546.5166473801055,1.0,1.0,"(5, 2)",66a92e2b14da1ebeb591920c
88.0,36.24999999999915,3117,test,1547.7666473801057,1.0,1.0,"(5, 2)",66a92e2b14da1ebeb591920c
88.0,34.99999999999886,3118,test,1549.016647380106,1.0,1.0,"(5, 2)",66a92e2b14da1ebeb591920c
88.0,33.74999999999858,3119,test,1550.2666473801062,1.0,1.0,"(5, 2)",66a92e2b14da1ebeb591920c
88.0,32.499999999998295,3120,test,1551.5166473801064,1.0,1.0,"(5, 2)",66a92e2b14da1ebeb591920c
88.0,31.249999999998227,3121,test,1552.7666473801064,1.0,1.0,"(5, 2)",66a92e2b14da1ebeb591920c
88.0,29.9999999999983,3122,test,1554.0166473801064,1.0,1.0,"(5, 2)",66a92e2b14da1ebeb591920c
88.0,28.74999999999837,3123,test,1555.2666473801064,1.0,1.0,"(5, 2)",66a92e2b14da1ebeb591920c
88.0,27.49999999999844,3124,test,1556.5166473801064,1.0,1.0,"(5, 2)",66a92e2b14da1ebeb591920c
88.0,26.24999999999851,3125,test,1557.7666473801064,1.0,1.0,"(5, 2)",66a92e2b14da1ebeb591920c
88.0,24.999999999998582,3126,test,1559.0166473801064,1.0,1.0,"(5, 2)",66a92e2b14da1ebeb591920c
88.0,24.0,3127,test,1560.016647380105,1.0,1.0,"(5, 2)",66a92e2b14da1ebeb591920c
88.0,24.0,3128,test,1560.016647380105,1.0,1.0,"(5, 2)",66a92e2b14da1ebeb591920c
88.0,24.0,3129,test,1560.016647380105,1.0,1.0,"(5, 2)",66a92e2b14da1ebeb591920c
88.0,24.0,3130,test,1560.016647380105,1.0,1.0,"(5, 2)",66a92e2b14da1ebeb591920c
88.0,24.0,3131,test,1560.016647380105,1.0,1.0,"(5, 2)",66a92e2b14da1ebeb591920c
88.0,24.0,3132,test,1560.016647380105,1.0,1.0,"(5, 2)",66a92e2b14da1ebeb591920c
88.0,24.0,3133,test,1560.016647380105,1.0,1.0,"(5, 2)",66a92e2b14da1ebeb591920c
88.0,24.0,3134,test,1560.016647380105,1.0,1.0,"(5, 2)",66a92e2b14da1ebeb591920c
88.0,24.0,3135,test,1560.016647380105,1.0,1.0,"(5, 2)",66a92e2b14da1ebeb591920c
88.0,24.0,3136,test,1560.016647380105,1.0,1.0,"(5, 2)",66a92e2b14da1ebeb591920c
88.0,24.0,3137,test,1560.016647380105,1.0,1.0,"(5, 2)",66a92e2b14da1ebeb591920c
88.0,24.0,3138,test,1560.016647380105,1.0,1.0,"(5, 2)",66a92e2b14da1ebeb591920c
88.0,24.0,3139,test,1560.016647380105,1.0,1.0,"(5, 2)",66a92e2b14da1ebeb591920c
88.0,24.0,3140,test,1560.016647380105,1.0,1.0,"(5, 2)",66a92e2b14da1ebeb591920c
88.0,24.0,3141,test,1560.016647380105,1.0,1.0,"(5, 2)",66a92e2b14da1ebeb591920c
88.0,24.0,3142,test,1560.016647380105,1.0,1.0,"(5, 2)",66a92e2b14da1ebeb591920c
88.0,24.0,3143,test,1560.016647380105,1.0,1.0,"(5, 2)",66a92e2b14da1ebeb591920c
88.0,24.0,3144,test,1560.016647380105,1.0,1.0,"(5, 2)",66a92e2b14da1ebeb591920c
88.0,24.0,3145,test,1560.016647380105,1.0,1.0,"(5, 2)",66a92e2b14da1ebeb591920c
88.0,24.0,3146,test,1560.016647380105,1.0,1.0,"(5, 2)",66a92e2b14da1ebeb591920c
88.0,24.0,3147,test,1560.016647380105,1.0,1.0,"(5, 2)",66a92e2b14da1ebeb591920c
88.0,24.0,3148,test,1560.016647380105,1.0,1.0,"(5, 2)",66a92e2b14da1ebeb591920c
88.0,24.0,3149,test,1560.016647380105,1.0,1.0,"(5, 2)",66a92e2b14da1ebeb591920c
88.0,24.0,3150,test,1560.016647380105,1.0,1.0,"(5, 2)",66a92e2b14da1ebeb591920c
86.74999999999972,24.0,3151,test,1561.2666473801053,1.0,1.0,"(5, 2)",66a92e2b14da1ebeb591920c
85.49999999999943,24.0,3152,test,1562.5166473801055,1.0,1.0,"(5, 2)",66a92e2b14da1ebeb591920c
84.24999999999915,24.0,3153,test,1563.7666473801057,1.0,1.0,"(5, 2)",66a92e2b14da1ebeb591920c
82.99999999999886,24.0,3154,test,1565.016647380106,1.0,1.0,"(5, 2)",66a92e2b14da1ebeb591920c
81.74999999999858,24.0,3155,test,1566.2666473801062,1.0,1.0,"(5, 2)",66a92e2b14da1ebeb591920c
80.4999999999983,24.0,3156,test,1567.5166473801064,1.0,1.0,"(5, 2)",66a92e2b14da1ebeb591920c
79.24999999999801,24.0,3157,test,1568.7666473801066,1.0,1.0,"(5, 2)",66a92e2b14da1ebeb591920c
77.99999999999773,24.0,3158,test,1570.0166473801069,1.0,1.0,"(5, 2)",66a92e2b14da1ebeb591920c
76.74999999999744,24.0,3159,test,1571.266647380107,1.0,1.0,"(5, 2)",66a92e2b14da1ebeb591920c
75.49999999999716,24.0,3160,test,1572.5166473801073,1.0,1.0,"(5, 2)",66a92e2b14da1ebeb591920c
74.24999999999687,24.0,3161,test,1573.7666473801075,1.0,1.0,"(5, 2)",66a92e2b14da1ebeb591920c
72.99999999999659,24.0,3162,test,1575.0166473801078,1.0,1.0,"(5, 2)",66a92e2b14da1ebeb591920c
71.87983173883686,24.31621556657754,3163,test,1576.1805929191496,1.0,1.0,"(5, 2)",66a92e2b14da1ebeb591920c
70.9904754578381,25.19459214040404,3164,test,1577.4305929191491,1.0,1.0,"(5, 2)",66a92e2b14da1ebeb591920c
70.10111917683935,26.07296871423054,3165,test,1578.6805929191487,1.0,1.0,"(5, 2)",66a92e2b14da1ebeb591920c
69.2117628958406,26.95134528805704,3166,test,1579.9305929191482,1.0,1.0,"(5, 2)",66a92e2b14da1ebeb591920c
68.32240661484184,27.82972186188354,3167,test,1581.1805929191478,1.0,1.0,"(5, 2)",66a92e2b14da1ebeb591920c
67.43305033384308,28.708098435710042,3168,test,1582.4305929191473,1.0,1.0,"(5, 2)",66a92e2b14da1ebeb591920c
66.54369405284433,29.586475009536542,3169,test,1583.6805929191469,1.0,1.0,"(5, 2)",66a92e2b14da1ebeb591920c
65.65433777184558,30.464851583363043,3170,test,1584.9305929191464,1.0,1.0,"(5, 2)",66a92e2b14da1ebeb591920c
64.76498149084682,31.343228157189543,3171,test,1586.180592919146,1.0,1.0,"(5, 2)",66a92e2b14da1ebeb591920c
63.87562520984797,32.22160473101604,3172,test,1587.4305929191457,1.0,1.0,"(5, 2)",66a92e2b14da1ebeb591920c
62.9862689288485,33.099981304842544,3173,test,1588.680592919146,1.0,1.0,"(5, 2)",66a92e2b14da1ebeb591920c
62.09691264784904,33.978357878669044,3174,test,1589.9305929191462,1.0,1.0,"(5, 2)",66a92e2b14da1ebeb591920c
61.20755636684957,34.856734452495544,3175,test,1591.1805929191464,1.0,1.0,"(5, 2)",66a92e2b14da1ebeb591920c
60.31820008585011,35.735111026322045,3176,test,1592.4305929191466,1.0,1.0,"(5, 2)",66a92e2b14da1ebeb591920c
59.42884380485064,36.613487600148545,3177,test,1593.6805929191469,1.0,1.0,"(5, 2)",66a92e2b14da1ebeb591920c
58.53948752385118,37.491864173975046,3178,test,1594.930592919147,1.0,1.0,"(5, 2)",66a92e2b14da1ebeb591920c
57.650131242851714,38.370240747801546,3179,test,1596.1805929191473,1.0,1.0,"(5, 2)",66a92e2b14da1ebeb591920c
56.76077496185225,39.24861732162794,3180,test,1597.4305929191473,1.0,1.0,"(5, 2)",66a92e2b14da1ebeb591920c
56.0,40.0,3181,test,1598.4998704658763,1.0,1.0,"(5, 2)",66a92e2b14da1ebeb591920c
56.0,40.0,3182,test,1598.4998704658763,1.0,1.0,"(5, 2)",66a92e2b14da1ebeb591920c
56.0,40.0,3183,test,1598.4998704658763,1.0,1.0,"(5, 2)",66a92e2b14da1ebeb591920c
56.0,40.0,3184,test,1598.4998704658763,1.0,1.0,"(5, 2)",66a92e2b14da1ebeb591920c
56.0,40.0,3185,test,1598.4998704658763,1.0,1.0,"(5, 2)",66a92e2b14da1ebeb591920c
56.0,40.0,3186,test,1598.4998704658763,1.0,1.0,"(5, 2)",66a92e2b14da1ebeb591920c
56.0,40.0,3187,test,1598.4998704658763,1.0,1.0,"(5, 2)",66a92e2b14da1ebeb591920c
56.0,40.0,3188,test,1598.4998704658763,1.0,1.0,"(5, 2)",66a92e2b14da1ebeb591920c
56.0,40.0,3189,test,1598.4998704658763,1.0,1.0,"(5, 2)",66a92e2b14da1ebeb591920c
56.0,40.0,3190,test,1598.4998704658763,1.0,1.0,"(5, 2)",66a92e2b14da1ebeb591920c
56.0,40.0,3191,test,1598.4998704658763,1.0,1.0,"(5, 2)",66a92e2b14da1ebeb591920c
56.0,40.0,3192,test,1598.4998704658763,1.0,1.0,"(5, 2)",66a92e2b14da1ebeb591920c
56.0,40.0,3193,test,1598.4998704658763,1.0,1.0,"(5, 2)",66a92e2b14da1ebeb591920c
56.0,40.0,3194,test,1598.4998704658763,1.0,1.0,"(5, 2)",66a92e2b14da1ebeb591920c
56.0,40.0,3195,test,1598.4998704658763,1.0,1.0,"(5, 2)",66a92e2b14da1ebeb591920c
56.0,40.0,3196,test,1598.4998704658763,1.0,1.0,"(5, 2)",66a92e2b14da1ebeb591920c
56.0,40.0,3197,test,1598.4998704658763,1.0,1.0,"(5, 2)",66a92e2b14da1ebeb591920c
56.0,40.0,3198,test,1598.4998704658763,1.0,1.0,"(5, 2)",66a92e2b14da1ebeb591920c
56.0,40.0,3199,test,1598.4998704658763,1.0,1.0,"(5, 2)",66a92e2b14da1ebeb591920c
56.0,40.0,3200,test,1598.4998704658763,1.0,1.0,"(5, 2)",66a92e2b14da1ebeb591920c
56.0,40.0,3201,test,1598.4998704658763,1.0,1.0,"(5, 2)",66a92e2b14da1ebeb591920c
56.0,40.0,3202,test,1598.4998704658763,1.0,1.0,"(5, 2)",66a92e2b14da1ebeb591920c
56.0,40.0,3203,test,1598.4998704658763,1.0,1.0,"(5, 2)",66a92e2b14da1ebeb591920c
56.0,40.0,3204,test,1598.4998704658763,1.0,1.0,"(5, 2)",66a92e2b14da1ebeb591920c
56.0,40.0,3205,test,1598.4998704658763,1.0,1.0,"(5, 2)",66a92e2b14da1ebeb591920c
56.0,40.0,3206,test,1598.4998704658763,1.0,1.0,"(5, 2)",66a92e2b14da1ebeb591920c
56.0,40.0,3207,test,1598.4998704658763,1.0,1.0,"(5, 2)",66a92e2b14da1ebeb591920c
56.0,40.0,3208,test,1598.4998704658763,1.0,1.0,"(5, 2)",66a92e2b14da1ebeb591920c
56.0,40.0,3209,test,1598.4998704658763,1.0,1.0,"(5, 2)",66a92e2b14da1ebeb591920c
56.0,40.0,3210,test,1598.4998704658763,1.0,1.0,"(5, 2)",66a92e2b14da1ebeb591920c
56.0,40.0,3211,test,1598.4998704658763,1.0,1.0,"(5, 2)",66a92e2b14da1ebeb591920c
56.0,40.0,3212,test,1598.4998704658763,1.0,1.0,"(5, 2)",66a92e2b14da1ebeb591920c
56.0,40.0,3213,test,1598.4998704658763,1.0,1.0,"(5, 2)",66a92e2b14da1ebeb591920c
56.0,40.0,3214,test,1598.4998704658763,1.0,1.0,"(5, 2)",66a92e2b14da1ebeb591920c
56.0,40.0,3215,test,1598.4998704658763,1.0,1.0,"(5, 2)",66a92e2b14da1ebeb591920c
56.0,40.0,3216,test,1598.4998704658763,1.0,1.0,"(5, 2)",66a92e2b14da1ebeb591920c
56.0,40.0,3217,test,1598.4998704658763,1.0,1.0,"(5, 2)",66a92e2b14da1ebeb591920c
56.0,40.0,3218,test,1598.4998704658763,1.0,1.0,"(5, 2)",66a92e2b14da1ebeb591920c
56.0,40.0,3219,test,1598.4998704658763,1.0,1.0,"(5, 2)",66a92e2b14da1ebeb591920c
56.0,40.0,3220,test,1598.4998704658763,1.0,1.0,"(5, 2)",66a92e2b14da1ebeb591920c
56.0,40.0,3221,test,1598.4998704658763,1.0,1.0,"(5, 2)",66a92e2b14da1ebeb591920c
56.0,40.0,3222,test,1598.4998704658763,1.0,1.0,"(5, 2)",66a92e2b14da1ebeb591920c
56.0,40.0,3223,test,1598.4998704658763,1.0,1.0,"(5, 2)",66a92e2b14da1ebeb591920c
56.0,40.0,3224,test,1598.4998704658763,1.0,1.0,"(5, 2)",66a92e2b14da1ebeb591920c
56.0,40.0,3225,test,1598.4998704658763,1.0,1.0,"(5, 2)",66a92e2b14da1ebeb591920c
56.0,40.0,3226,test,1598.4998704658763,1.0,1.0,"(5, 2)",66a92e2b14da1ebeb591920c
56.0,40.0,3227,test,1598.4998704658763,1.0,1.0,"(5, 2)",66a92e2b14da1ebeb591920c
56.0,40.0,3228,test,1598.4998704658763,1.0,1.0,"(5, 2)",66a92e2b14da1ebeb591920c
56.0,40.0,3229,test,1598.4998704658763,1.0,1.0,"(5, 2)",66a92e2b14da1ebeb591920c
56.0,40.0,3230,test,1598.4998704658763,1.0,1.0,"(5, 2)",66a92e2b14da1ebeb591920c
56.0,40.0,3231,test,1598.4998704658763,1.0,1.0,"(5, 2)",66a92e2b14da1ebeb591920c
56.0,40.0,3232,test,1598.4998704658763,1.0,1.0,"(5, 2)",66a92e2b14da1ebeb591920c
56.0,40.0,3233,test,1598.4998704658763,1.0,1.0,"(5, 2)",66a92e2b14da1ebeb591920c
56.0,40.0,3234,test,1598.4998704658763,1.0,1.0,"(5, 2)",66a92e2b14da1ebeb591920c
56.0,40.0,3235,test,1598.4998704658763,1.0,1.0,"(5, 2)",66a92e2b14da1ebeb591920c
56.0,40.0,3236,test,1598.4998704658763,1.0,1.0,"(5, 2)",66a92e2b14da1ebeb591920c
56.0,40.0,3237,test,1598.4998704658763,1.0,1.0,"(5, 2)",66a92e2b14da1ebeb591920c
56.0,40.0,3238,test,1598.4998704658763,1.0,1.0,"(5, 2)",66a92e2b14da1ebeb591920c
56.0,40.0,3239,test,1598.4998704658763,1.0,1.0,"(5, 2)",66a92e2b14da1ebeb591920c
56.0,40.0,3240,test,1598.4998704658763,1.0,1.0,"(5, 2)",66a92e2b14da1ebeb591920c
56.0,40.0,3241,test,1598.4998704658763,1.0,1.0,"(5, 2)",66a92e2b14da1ebeb591920c
56.0,40.0,3242,test,1598.4998704658763,1.0,1.0,"(5, 2)",66a92e2b14da1ebeb591920c
56.0,40.0,3243,test,1598.4998704658763,1.0,1.0,"(5, 2)",66a92e2b14da1ebeb591920c
56.0,40.0,3244,test,1598.4998704658763,1.0,1.0,"(5, 2)",66a92e2b14da1ebeb591920c
56.0,40.0,3245,test,1598.4998704658763,1.0,1.0,"(5, 2)",66a92e2b14da1ebeb591920c
56.0,40.0,3246,test,1598.4998704658763,1.0,1.0,"(5, 2)",66a92e2b14da1ebeb591920c
56.0,40.0,3247,test,1598.4998704658763,1.0,1.0,"(5, 2)",66a92e2b14da1ebeb591920c
56.0,40.0,3248,test,1598.4998704658763,1.0,1.0,"(5, 2)",66a92e2b14da1ebeb591920c
56.0,40.0,3249,test,1598.4998704658763,1.0,1.0,"(5, 2)",66a92e2b14da1ebeb591920c
56.0,40.0,3250,test,1598.4998704658763,1.0,1.0,"(5, 2)",66a92e2b14da1ebeb591920c
56.0,40.0,3251,test,1598.4998704658763,1.0,1.0,"(5, 2)",66a92e2b14da1ebeb591920c
56.0,40.0,3252,test,1598.4998704658763,1.0,1.0,"(5, 2)",66a92e2b14da1ebeb591920c
56.0,40.0,3253,test,1598.4998704658763,1.0,1.0,"(5, 2)",66a92e2b14da1ebeb591920c
56.0,40.0,3254,test,1598.4998704658763,1.0,1.0,"(5, 2)",66a92e2b14da1ebeb591920c
56.0,40.0,3255,test,1598.4998704658763,1.0,1.0,"(5, 2)",66a92e2b14da1ebeb591920c
56.0,40.0,3256,test,1598.4998704658763,1.0,1.0,"(5, 2)",66a92e2b14da1ebeb591920c
56.0,40.0,3257,test,1598.4998704658763,1.0,1.0,"(5, 2)",66a92e2b14da1ebeb591920c
56.0,40.0,3258,test,1598.4998704658763,1.0,1.0,"(5, 2)",66a92e2b14da1ebeb591920c
56.0,40.0,3259,test,1598.4998704658763,1.0,1.0,"(5, 2)",66a92e2b14da1ebeb591920c
56.0,40.0,3260,test,1598.4998704658763,1.0,1.0,"(5, 2)",66a92e2b14da1ebeb591920c
55.11611652351695,39.11611652351695,3261,test,1599.749870465876,1.0,1.0,"(5, 2)",66a92e2b14da1ebeb591920c
54.2322330470339,38.2322330470339,3262,test,1600.9998704658758,1.0,1.0,"(5, 2)",66a92e2b14da1ebeb591920c
53.34834957055085,37.34834957055085,3263,test,1602.2498704658756,1.0,1.0,"(5, 2)",66a92e2b14da1ebeb591920c
52.4644660940678,36.4644660940678,3264,test,1603.4998704658753,1.0,1.0,"(5, 2)",66a92e2b14da1ebeb591920c
51.58058261758475,35.58058261758475,3265,test,1604.7498704658751,1.0,1.0,"(5, 2)",66a92e2b14da1ebeb591920c
50.6966991411017,34.6966991411017,3266,test,1605.999870465875,1.0,1.0,"(5, 2)",66a92e2b14da1ebeb591920c
49.812815664618654,33.812815664618654,3267,test,1607.2498704658747,1.0,1.0,"(5, 2)",66a92e2b14da1ebeb591920c
48.928932188135605,32.928932188135605,3268,test,1608.4998704658744,1.0,1.0,"(5, 2)",66a92e2b14da1ebeb591920c
48.045048711652555,32.045048711652555,3269,test,1609.7498704658742,1.0,1.0,"(5, 2)",66a92e2b14da1ebeb591920c
47.161165235169506,31.161165235169506,3270,test,1610.999870465874,1.0,1.0,"(5, 2)",66a92e2b14da1ebeb591920c
46.277281758686456,30.277281758686456,3271,test,1612.2498704658738,1.0,1.0,"(5, 2)",66a92e2b14da1ebeb591920c
45.39339828220341,29.393398282203407,3272,test,1613.4998704658735,1.0,1.0,"(5, 2)",66a92e2b14da1ebeb591920c
44.50951480572036,28.509514805720357,3273,test,1614.7498704658733,1.0,1.0,"(5, 2)",66a92e2b14da1ebeb591920c
43.62563132923731,27.625631329237308,3274,test,1615.999870465873,1.0,1.0,"(5, 2)",66a92e2b14da1ebeb591920c
42.74174785275426,26.74174785275426,3275,test,1617.2498704658728,1.0,1.0,"(5, 2)",66a92e2b14da1ebeb591920c
41.85786437627121,25.85786437627121,3276,test,1618.4998704658726,1.0,1.0,"(5, 2)",66a92e2b14da1ebeb591920c
40.97398089978816,24.97398089978816,3277,test,1619.7498704658724,1.0,1.0,"(5, 2)",66a92e2b14da1ebeb591920c
40.04617444130983,24.194346815316237,3278,test,1620.9617508766657,1.0,1.0,"(5, 2)",66a92e2b14da1ebeb591920c
38.796266114866114,24.179208272259245,3279,test,1622.2117508766655,1.0,1.0,"(5, 2)",66a92e2b14da1ebeb591920c
37.5463577884224,24.164069729202254,3280,test,1623.4617508766653,1.0,1.0,"(5, 2)",66a92e2b14da1ebeb591920c
36.29644946197868,24.148931186145262,3281,test,1624.711750876665,1.0,1.0,"(5, 2)",66a92e2b14da1ebeb591920c
35.046541135534966,24.13379264308827,3282,test,1625.9617508766648,1.0,1.0,"(5, 2)",66a92e2b14da1ebeb591920c
33.79663280909125,24.11865410003119,3283,test,1627.2117508766646,1.0,1.0,"(5, 2)",66a92e2b14da1ebeb591920c
32.546724482647534,24.103515556974024,3284,test,1628.4617508766644,1.0,1.0,"(5, 2)",66a92e2b14da1ebeb591920c
31.296816156203615,24.088377013916855,3285,test,1629.7117508766644,1.0,1.0,"(5, 2)",66a92e2b14da1ebeb591920c
30.046907829759544,24.073238470859685,3286,test,1630.9617508766644,1.0,1.0,"(5, 2)",66a92e2b14da1ebeb591920c
28.796999503315472,24.058099927802516,3287,test,1632.2117508766644,1.0,1.0,"(5, 2)",66a92e2b14da1ebeb591920c
27.5470911768714,24.042961384745347,3288,test,1633.4617508766644,1.0,1.0,"(5, 2)",66a92e2b14da1ebeb591920c
26.29718285042733,24.027822841688177,3289,test,1634.7117508766644,1.0,1.0,"(5, 2)",66a92e2b14da1ebeb591920c
25.04727452398326,24.012684298631005,3290,test,1635.9617508766644,1.0,1.0,"(5, 2)",66a92e2b14da1ebeb591920c
24.0,24.0,3291,test,1637.0091022121846,1.0,1.0,"(5, 2)",66a92e2b14da1ebeb591920c
24.0,24.0,3292,test,1637.0091022121846,1.0,1.0,"(5, 2)",66a92e2b14da1ebeb591920c
24.0,24.0,3293,test,1637.0091022121846,1.0,1.0,"(5, 2)",66a92e2b14da1ebeb591920c
24.0,24.0,3294,test,1637.0091022121846,1.0,1.0,"(5, 2)",66a92e2b14da1ebeb591920c
24.0,24.0,3295,test,1637.0091022121846,1.0,1.0,"(5, 2)",66a92e2b14da1ebeb591920c
24.0,24.0,3296,test,1637.0091022121846,1.0,1.0,"(5, 2)",66a92e2b14da1ebeb591920c
24.0,24.0,3297,test,1637.0091022121846,1.0,1.0,"(5, 2)",66a92e2b14da1ebeb591920c
24.0,24.0,3298,test,1637.0091022121846,1.0,1.0,"(5, 2)",66a92e2b14da1ebeb591920c
24.0,24.0,3299,test,1637.0091022121846,1.0,1.0,"(5, 2)",66a92e2b14da1ebeb591920c
24.0,24.0,3300,test,1637.0091022121846,1.0,1.0,"(5, 2)",66a92e2b14da1ebeb591920c
24.0,24.0,3301,test,1637.0091022121846,1.0,1.0,"(5, 2)",66a92e2b14da1ebeb591920c
24.0,24.0,3302,test,1637.0091022121846,1.0,1.0,"(5, 2)",66a92e2b14da1ebeb591920c
24.0,24.0,3303,test,1637.0091022121846,1.0,1.0,"(5, 2)",66a92e2b14da1ebeb591920c
24.0,24.0,3304,test,1637.0091022121846,1.0,1.0,"(5, 2)",66a92e2b14da1ebeb591920c
24.0,24.0,3305,test,1637.0091022121846,1.0,1.0,"(5, 2)",66a92e2b14da1ebeb591920c
24.0,24.0,3306,test,1637.0091022121846,1.0,1.0,"(5, 2)",66a92e2b14da1ebeb591920c
24.0,24.0,3307,test,1637.0091022121846,1.0,1.0,"(5, 2)",66a92e2b14da1ebeb591920c
24.0,24.0,3308,test,1637.0091022121846,1.0,1.0,"(5, 2)",66a92e2b14da1ebeb591920c
24.0,24.0,3309,test,1637.0091022121846,1.0,1.0,"(5, 2)",66a92e2b14da1ebeb591920c
24.0,24.0,3310,test,1637.0091022121846,1.0,1.0,"(5, 2)",66a92e2b14da1ebeb591920c
24.0,24.0,3311,test,1637.0091022121846,1.0,1.0,"(5, 2)",66a92e2b14da1ebeb591920c
24.0,24.0,3312,test,1637.0091022121846,1.0,1.0,"(5, 2)",66a92e2b14da1ebeb591920c
24.0,24.0,3313,test,1637.0091022121846,1.0,1.0,"(5, 2)",66a92e2b14da1ebeb591920c
24.0,24.0,3314,test,1637.0091022121846,1.0,1.0,"(5, 2)",66a92e2b14da1ebeb591920c
24.0,24.0,3315,test,1637.0091022121846,1.0,1.0,"(5, 2)",66a92e2b14da1ebeb591920c
24.0,24.0,3316,test,1637.0091022121846,1.0,1.0,"(5, 2)",66a92e2b14da1ebeb591920c
24.0,24.0,3317,test,1637.0091022121846,1.0,1.0,"(5, 2)",66a92e2b14da1ebeb591920c
24.0,24.0,3318,test,1637.0091022121846,1.0,1.0,"(5, 2)",66a92e2b14da1ebeb591920c
24.0,24.0,3319,test,1637.0091022121846,1.0,1.0,"(5, 2)",66a92e2b14da1ebeb591920c
24.0,24.0,3320,test,1637.0091022121846,1.0,1.0,"(5, 2)",66a92e2b14da1ebeb591920c
24.0,24.0,3321,test,1637.0091022121846,1.0,1.0,"(5, 2)",66a92e2b14da1ebeb591920c
24.0,24.0,3322,test,1637.0091022121846,1.0,1.0,"(5, 2)",66a92e2b14da1ebeb591920c
24.0,24.0,3323,test,1637.0091022121846,1.0,1.0,"(5, 2)",66a92e2b14da1ebeb591920c
24.0,24.0,3324,test,1637.0091022121846,1.0,1.0,"(5, 2)",66a92e2b14da1ebeb591920c
24.0,24.0,3325,test,1637.0091022121846,1.0,1.0,"(5, 2)",66a92e2b14da1ebeb591920c
24.0,24.0,3326,test,1637.0091022121846,1.0,1.0,"(5, 2)",66a92e2b14da1ebeb591920c
24.0,24.0,3327,test,1637.0091022121846,1.0,1.0,"(5, 2)",66a92e2b14da1ebeb591920c
24.0,24.0,3328,test,1637.0091022121846,1.0,1.0,"(5, 2)",66a92e2b14da1ebeb591920c
24.0,24.0,3329,test,1637.0091022121846,1.0,1.0,"(5, 2)",66a92e2b14da1ebeb591920c
24.0,24.0,3330,test,1637.0091022121846,1.0,1.0,"(5, 2)",66a92e2b14da1ebeb591920c
24.0,24.0,3331,test,1637.0091022121846,1.0,1.0,"(5, 2)",66a92e2b14da1ebeb591920c
24.0,24.0,3332,test,1637.0091022121846,1.0,1.0,"(5, 2)",66a92e2b14da1ebeb591920c
24.0,24.0,3333,test,1637.0091022121846,1.0,1.0,"(5, 2)",66a92e2b14da1ebeb591920c
24.0,24.0,3334,test,1637.0091022121846,1.0,1.0,"(5, 2)",66a92e2b14da1ebeb591920c
24.0,24.0,3335,test,1637.0091022121846,1.0,1.0,"(5, 2)",66a92e2b14da1ebeb591920c
24.0,24.0,3336,test,1637.0091022121846,1.0,1.0,"(5, 2)",66a92e2b14da1ebeb591920c
24.0,24.0,3337,test,1637.0091022121846,1.0,1.0,"(5, 2)",66a92e2b14da1ebeb591920c
24.0,24.0,3338,test,1637.0091022121846,1.0,1.0,"(5, 2)",66a92e2b14da1ebeb591920c
24.0,24.0,3339,test,1637.0091022121846,1.0,1.0,"(5, 2)",66a92e2b14da1ebeb591920c
24.0,24.0,3340,test,1637.0091022121846,1.0,1.0,"(5, 2)",66a92e2b14da1ebeb591920c
24.0,24.0,3341,test,1637.0091022121846,1.0,1.0,"(5, 2)",66a92e2b14da1ebeb591920c
24.0,24.0,3342,test,1637.0091022121846,1.0,1.0,"(5, 2)",66a92e2b14da1ebeb591920c
24.0,24.0,3343,test,1637.0091022121846,1.0,1.0,"(5, 2)",66a92e2b14da1ebeb591920c
24.0,24.0,3344,test,1637.0091022121846,1.0,1.0,"(5, 2)",66a92e2b14da1ebeb591920c
24.0,24.0,3345,test,1637.0091022121846,1.0,1.0,"(5, 2)",66a92e2b14da1ebeb591920c
24.0,24.0,3346,test,1637.0091022121846,1.0,1.0,"(5, 2)",66a92e2b14da1ebeb591920c
24.0,24.0,3347,test,1637.0091022121846,1.0,1.0,"(5, 2)",66a92e2b14da1ebeb591920c
24.0,24.0,3348,test,1637.0091022121846,1.0,1.0,"(5, 2)",66a92e2b14da1ebeb591920c
24.0,24.0,3349,test,1637.0091022121846,1.0,1.0,"(5, 2)",66a92e2b14da1ebeb591920c
24.0,24.0,3350,test,1637.0091022121846,1.0,1.0,"(5, 2)",66a92e2b14da1ebeb591920c
24.0,24.0,3351,test,1637.0091022121846,1.0,1.0,"(5, 2)",66a92e2b14da1ebeb591920c
24.0,24.0,3352,test,1637.0091022121846,1.0,1.0,"(5, 2)",66a92e2b14da1ebeb591920c
24.0,24.0,3353,test,1637.0091022121846,1.0,1.0,"(5, 2)",66a92e2b14da1ebeb591920c
24.0,24.0,3354,test,1637.0091022121846,1.0,1.0,"(5, 2)",66a92e2b14da1ebeb591920c
24.0,24.0,3355,test,1637.0091022121846,1.0,1.0,"(5, 2)",66a92e2b14da1ebeb591920c
24.0,24.0,3356,test,1637.0091022121846,1.0,1.0,"(5, 2)",66a92e2b14da1ebeb591920c
24.0,24.0,3357,test,1637.0091022121846,1.0,1.0,"(5, 2)",66a92e2b14da1ebeb591920c
24.0,24.0,3358,test,1637.0091022121846,1.0,1.0,"(5, 2)",66a92e2b14da1ebeb591920c
24.0,24.0,3359,test,1637.0091022121846,1.0,1.0,"(5, 2)",66a92e2b14da1ebeb591920c
24.0,24.0,3360,test,1637.0091022121846,1.0,1.0,"(5, 2)",66a92e2b14da1ebeb591920c
24.0,24.0,3361,test,1637.0091022121846,1.0,1.0,"(5, 2)",66a92e2b14da1ebeb591920c
24.0,24.0,3362,test,1637.0091022121846,1.0,1.0,"(5, 2)",66a92e2b14da1ebeb591920c
24.0,24.0,3363,test,1637.0091022121846,1.0,1.0,"(5, 2)",66a92e2b14da1ebeb591920c
24.0,24.0,3364,test,1637.0091022121846,1.0,1.0,"(5, 2)",66a92e2b14da1ebeb591920c
24.0,24.0,3365,test,1637.0091022121846,1.0,1.0,"(5, 2)",66a92e2b14da1ebeb591920c
24.0,24.0,3366,test,1637.0091022121846,1.0,1.0,"(5, 2)",66a92e2b14da1ebeb591920c
24.0,24.0,3367,test,1637.0091022121846,1.0,1.0,"(5, 2)",66a92e2b14da1ebeb591920c
24.0,24.0,3368,test,1637.0091022121846,1.0,1.0,"(5, 2)",66a92e2b14da1ebeb591920c
24.0,24.0,3369,test,1637.0091022121846,1.0,1.0,"(5, 2)",66a92e2b14da1ebeb591920c
24.0,24.0,3370,test,1637.0091022121846,1.0,1.0,"(5, 2)",66a92e2b14da1ebeb591920c
24.0,24.0,3371,test,1637.0091022121846,1.0,1.0,"(5, 2)",66a92e2b14da1ebeb591920c
24.0,24.0,3372,test,1637.0091022121846,1.0,1.0,"(5, 2)",66a92e2b14da1ebeb591920c
24.0,24.0,3373,test,1637.0091022121846,1.0,1.0,"(5, 2)",66a92e2b14da1ebeb591920c
24.0,24.0,3374,test,1637.0091022121846,1.0,1.0,"(5, 2)",66a92e2b14da1ebeb591920c
24.0,24.0,3375,test,1637.0091022121846,1.0,1.0,"(5, 2)",66a92e2b14da1ebeb591920c
24.0,24.0,3376,test,1637.0091022121846,1.0,1.0,"(5, 2)",66a92e2b14da1ebeb591920c
24.0,24.0,3377,test,1637.0091022121846,1.0,1.0,"(5, 2)",66a92e2b14da1ebeb591920c
24.0,24.0,3378,test,1637.0091022121846,1.0,1.0,"(5, 2)",66a92e2b14da1ebeb591920c
24.0,24.0,3379,test,1637.0091022121846,1.0,1.0,"(5, 2)",66a92e2b14da1ebeb591920c
24.0,24.0,3380,test,1637.0091022121846,1.0,1.0,"(5, 2)",66a92e2b14da1ebeb591920c
24.0,24.0,3381,test,1637.0091022121846,1.0,1.0,"(5, 2)",66a92e2b14da1ebeb591920c
24.0,24.0,3382,test,1637.0091022121846,1.0,1.0,"(5, 2)",66a92e2b14da1ebeb591920c
24.0,24.0,3383,test,1637.0091022121846,1.0,1.0,"(5, 2)",66a92e2b14da1ebeb591920c
24.0,24.0,3384,test,1637.0091022121846,1.0,1.0,"(5, 2)",66a92e2b14da1ebeb591920c
24.0,24.0,3385,test,1637.0091022121846,1.0,1.0,"(5, 2)",66a92e2b14da1ebeb591920c
24.0,24.0,3386,test,1637.0091022121846,1.0,1.0,"(5, 2)",66a92e2b14da1ebeb591920c
24.0,24.0,3387,test,1637.0091022121846,1.0,1.0,"(5, 2)",66a92e2b14da1ebeb591920c
24.0,24.0,3388,test,1637.0091022121846,1.0,1.0,"(5, 2)",66a92e2b14da1ebeb591920c
24.0,24.0,3389,test,1637.0091022121846,1.0,1.0,"(5, 2)",66a92e2b14da1ebeb591920c
24.0,24.0,3390,test,1637.0091022121846,1.0,1.0,"(5, 2)",66a92e2b14da1ebeb591920c
24.0,24.0,3391,test,1637.0091022121846,1.0,1.0,"(5, 2)",66a92e2b14da1ebeb591920c
24.0,24.0,3392,test,1637.0091022121846,1.0,1.0,"(5, 2)",66a92e2b14da1ebeb591920c
24.0,24.0,3393,test,1637.0091022121846,1.0,1.0,"(5, 2)",66a92e2b14da1ebeb591920c
24.0,24.0,3394,test,1637.0091022121846,1.0,1.0,"(5, 2)",66a92e2b14da1ebeb591920c
24.0,24.0,3395,test,1637.0091022121846,1.0,1.0,"(5, 2)",66a92e2b14da1ebeb591920c
24.0,24.0,3396,test,1637.0091022121846,1.0,1.0,"(5, 2)",66a92e2b14da1ebeb591920c
24.0,24.0,3397,test,1637.0091022121846,1.0,1.0,"(5, 2)",66a92e2b14da1ebeb591920c
24.0,24.0,3398,test,1637.0091022121846,1.0,1.0,"(5, 2)",66a92e2b14da1ebeb591920c
24.0,24.0,3399,test,1637.0091022121846,1.0,1.0,"(5, 2)",66a92e2b14da1ebeb591920c
24.0,24.0,3400,test,1637.0091022121846,1.0,1.0,"(5, 2)",66a92e2b14da1ebeb591920c
24.0,24.0,3401,test,1637.0091022121846,1.0,1.0,"(5, 2)",66a92e2b14da1ebeb591920c
25.24999999999993,24.0,3402,test,1638.2591022121846,1.0,1.0,"(5, 2)",66a92e2b14da1ebeb591920c
26.499999999999858,24.0,3403,test,1639.5091022121846,1.0,1.0,"(5, 2)",66a92e2b14da1ebeb591920c
27.749999999999787,24.0,3404,test,1640.7591022121846,1.0,1.0,"(5, 2)",66a92e2b14da1ebeb591920c
28.999999999999716,24.0,3405,test,1642.0091022121846,1.0,1.0,"(5, 2)",66a92e2b14da1ebeb591920c
30.249999999999645,24.0,3406,test,1643.2591022121846,1.0,1.0,"(5, 2)",66a92e2b14da1ebeb591920c
31.499999999999574,24.0,3407,test,1644.5091022121846,1.0,1.0,"(5, 2)",66a92e2b14da1ebeb591920c
32.749999999999716,24.0,3408,test,1645.7591022121849,1.0,1.0,"(5, 2)",66a92e2b14da1ebeb591920c
34.0,24.0,3409,test,1647.009102212185,1.0,1.0,"(5, 2)",66a92e2b14da1ebeb591920c
35.250000000000284,24.0,3410,test,1648.2591022121853,1.0,1.0,"(5, 2)",66a92e2b14da1ebeb591920c
36.50000000000057,24.0,3411,test,1649.5091022121856,1.0,1.0,"(5, 2)",66a92e2b14da1ebeb591920c
37.75000000000085,24.0,3412,test,1650.7591022121858,1.0,1.0,"(5, 2)",66a92e2b14da1ebeb591920c
39.00000000000114,24.0,3413,test,1652.009102212186,1.0,1.0,"(5, 2)",66a92e2b14da1ebeb591920c
40.25000000000142,24.0,3414,test,1653.2591022121862,1.0,1.0,"(5, 2)",66a92e2b14da1ebeb591920c
41.500000000001705,24.0,3415,test,1654.5091022121865,1.0,1.0,"(5, 2)",66a92e2b14da1ebeb591920c
42.75000000000199,24.0,3416,test,1655.7591022121867,1.0,1.0,"(5, 2)",66a92e2b14da1ebeb591920c
44.000000000002274,24.0,3417,test,1657.009102212187,1.0,1.0,"(5, 2)",66a92e2b14da1ebeb591920c
45.25000000000256,24.0,3418,test,1658.2591022121871,1.0,1.0,"(5, 2)",66a92e2b14da1ebeb591920c
46.50000000000284,24.0,3419,test,1659.5091022121874,1.0,1.0,"(5, 2)",66a92e2b14da1ebeb591920c
47.750000000003126,24.0,3420,test,1660.7591022121876,1.0,1.0,"(5, 2)",66a92e2b14da1ebeb591920c
49.00000000000341,24.0,3421,test,1662.0091022121878,1.0,1.0,"(5, 2)",66a92e2b14da1ebeb591920c
50.250000000003695,24.0,3422,test,1663.259102212188,1.0,1.0,"(5, 2)",66a92e2b14da1ebeb591920c
51.50000000000398,24.0,3423,test,1664.5091022121883,1.0,1.0,"(5, 2)",66a92e2b14da1ebeb591920c
52.75000000000426,24.0,3424,test,1665.7591022121885,1.0,1.0,"(5, 2)",66a92e2b14da1ebeb591920c
54.00000000000455,24.0,3425,test,1667.0091022121887,1.0,1.0,"(5, 2)",66a92e2b14da1ebeb591920c
55.25000000000483,24.0,3426,test,1668.259102212189,1.0,1.0,"(5, 2)",66a92e2b14da1ebeb591920c
56.500000000005116,24.0,3427,test,1669.5091022121892,1.0,1.0,"(5, 2)",66a92e2b14da1ebeb591920c
57.7500000000054,24.0,3428,test,1670.7591022121894,1.0,1.0,"(5, 2)",66a92e2b14da1ebeb591920c
59.000000000005684,24.0,3429,test,1672.0091022121896,1.0,1.0,"(5, 2)",66a92e2b14da1ebeb591920c
60.25000000000597,24.0,3430,test,1673.2591022121899,1.0,1.0,"(5, 2)",66a92e2b14da1ebeb591920c
61.50000000000625,24.0,3431,test,1674.50910221219,1.0,1.0,"(5, 2)",66a92e2b14da1ebeb591920c
62.75000000000654,24.0,3432,test,1675.7591022121903,1.0,1.0,"(5, 2)",66a92e2b14da1ebeb591920c
64.00000000000682,24.0,3433,test,1677.0091022121906,1.0,1.0,"(5, 2)",66a92e2b14da1ebeb591920c
65.2500000000071,24.0,3434,test,1678.2591022121908,1.0,1.0,"(5, 2)",66a92e2b14da1ebeb591920c
66.50000000000739,24.0,3435,test,1679.509102212191,1.0,1.0,"(5, 2)",66a92e2b14da1ebeb591920c
67.75000000000767,24.0,3436,test,1680.7591022121912,1.0,1.0,"(5, 2)",66a92e2b14da1ebeb591920c
69.00000000000796,24.0,3437,test,1682.0091022121915,1.0,1.0,"(5, 2)",66a92e2b14da1ebeb591920c
70.25000000000824,24.0,3438,test,1683.2591022121917,1.0,1.0,"(5, 2)",66a92e2b14da1ebeb591920c
71.50000000000853,24.0,3439,test,1684.509102212192,1.0,1.0,"(5, 2)",66a92e2b14da1ebeb591920c
72.75000000000881,24.0,3440,test,1685.7591022121921,1.0,1.0,"(5, 2)",66a92e2b14da1ebeb591920c
74.0000000000091,24.0,3441,test,1687.0091022121924,1.0,1.0,"(5, 2)",66a92e2b14da1ebeb591920c
75.25000000000938,24.0,3442,test,1688.2591022121926,1.0,1.0,"(5, 2)",66a92e2b14da1ebeb591920c
76.50000000000966,24.0,3443,test,1689.5091022121928,1.0,1.0,"(5, 2)",66a92e2b14da1ebeb591920c
77.75000000000995,24.0,3444,test,1690.759102212193,1.0,1.0,"(5, 2)",66a92e2b14da1ebeb591920c
79.00000000001023,24.0,3445,test,1692.0091022121933,1.0,1.0,"(5, 2)",66a92e2b14da1ebeb591920c
80.25000000001052,24.0,3446,test,1693.2591022121935,1.0,1.0,"(5, 2)",66a92e2b14da1ebeb591920c
81.5000000000108,24.0,3447,test,1694.5091022121937,1.0,1.0,"(5, 2)",66a92e2b14da1ebeb591920c
82.75000000001108,24.0,3448,test,1695.759102212194,1.0,1.0,"(5, 2)",66a92e2b14da1ebeb591920c
84.00000000001137,24.0,3449,test,1697.0091022121942,1.0,1.0,"(5, 2)",66a92e2b14da1ebeb591920c
85.25000000001165,24.0,3450,test,1698.2591022121944,1.0,1.0,"(5, 2)",66a92e2b14da1ebeb591920c
86.50000000001194,24.0,3451,test,1699.5091022121946,1.0,1.0,"(5, 2)",66a92e2b14da1ebeb591920c
87.75000000001222,24.0,3452,test,1700.7591022121949,1.0,1.0,"(5, 2)",66a92e2b14da1ebeb591920c
89.0000000000125,24.0,3453,test,1702.009102212195,1.0,1.0,"(5, 2)",66a92e2b14da1ebeb591920c
90.25000000001279,24.0,3454,test,1703.2591022121953,1.0,1.0,"(5, 2)",66a92e2b14da1ebeb591920c
91.50000000001307,24.0,3455,test,1704.5091022121956,1.0,1.0,"(5, 2)",66a92e2b14da1ebeb591920c
92.75000000001336,24.0,3456,test,1705.7591022121958,1.0,1.0,"(5, 2)",66a92e2b14da1ebeb591920c
94.00000000001364,24.0,3457,test,1707.009102212196,1.0,1.0,"(5, 2)",66a92e2b14da1ebeb591920c
95.25000000001393,24.0,3458,test,1708.2591022121962,1.0,1.0,"(5, 2)",66a92e2b14da1ebeb591920c
96.50000000001421,24.0,3459,test,1709.5091022121965,1.0,1.0,"(5, 2)",66a92e2b14da1ebeb591920c
97.7500000000145,24.0,3460,test,1710.7591022121967,1.0,1.0,"(5, 2)",66a92e2b14da1ebeb591920c
99.00000000001478,24.0,3461,test,1712.009102212197,1.0,1.0,"(5, 2)",66a92e2b14da1ebeb591920c
100.25000000001506,24.0,3462,test,1713.2591022121971,1.0,1.0,"(5, 2)",66a92e2b14da1ebeb591920c
101.50000000001535,24.0,3463,test,1714.5091022121974,1.0,1.0,"(5, 2)",66a92e2b14da1ebeb591920c
102.75000000001563,24.0,3464,test,1715.7591022121976,1.0,1.0,"(5, 2)",66a92e2b14da1ebeb591920c
104.00000000001592,24.0,3465,test,1717.0091022121978,1.0,1.0,"(5, 2)",66a92e2b14da1ebeb591920c
105.2500000000162,24.0,3466,test,1718.259102212198,1.0,1.0,"(5, 2)",66a92e2b14da1ebeb591920c
106.50000000001648,24.0,3467,test,1719.5091022121983,1.0,1.0,"(5, 2)",66a92e2b14da1ebeb591920c
107.75000000001677,24.0,3468,test,1720.7591022121985,1.0,1.0,"(5, 2)",66a92e2b14da1ebeb591920c
109.00000000001705,24.0,3469,test,1722.0091022121987,1.0,1.0,"(5, 2)",66a92e2b14da1ebeb591920c
110.25000000001734,24.0,3470,test,1723.259102212199,1.0,1.0,"(5, 2)",66a92e2b14da1ebeb591920c
111.50000000001762,24.0,3471,test,1724.5091022121992,1.0,1.0,"(5, 2)",66a92e2b14da1ebeb591920c
112.7500000000179,24.0,3472,test,1725.7591022121994,1.0,1.0,"(5, 2)",66a92e2b14da1ebeb591920c
114.00000000001819,24.0,3473,test,1727.0091022121997,1.0,1.0,"(5, 2)",66a92e2b14da1ebeb591920c
115.25000000001847,24.0,3474,test,1728.2591022121999,1.0,1.0,"(5, 2)",66a92e2b14da1ebeb591920c
116.50000000001876,24.0,3475,test,1729.5091022122,1.0,1.0,"(5, 2)",66a92e2b14da1ebeb591920c
117.75000000001904,24.0,3476,test,1730.7591022122003,1.0,1.0,"(5, 2)",66a92e2b14da1ebeb591920c
119.00000000001933,24.0,3477,test,1732.0091022122006,1.0,1.0,"(5, 2)",66a92e2b14da1ebeb591920c
120.25000000001961,24.0,3478,test,1733.2591022122008,1.0,1.0,"(5, 2)",66a92e2b14da1ebeb591920c
121.5000000000199,24.0,3479,test,1734.509102212201,1.0,1.0,"(5, 2)",66a92e2b14da1ebeb591920c
122.75000000002018,24.0,3480,test,1735.7591022122012,1.0,1.0,"(5, 2)",66a92e2b14da1ebeb591920c
124.00000000002046,24.0,3481,test,1737.0091022122015,1.0,1.0,"(5, 2)",66a92e2b14da1ebeb591920c
125.25000000002075,24.0,3482,test,1738.2591022122017,1.0,1.0,"(5, 2)",66a92e2b14da1ebeb591920c
126.50000000002103,24.0,3483,test,1739.509102212202,1.0,1.0,"(5, 2)",66a92e2b14da1ebeb591920c
127.75000000002132,24.0,3484,test,1740.7591022122022,1.0,1.0,"(5, 2)",66a92e2b14da1ebeb591920c
129.00000000002046,24.0,3485,test,1742.0091022122012,1.0,1.0,"(5, 2)",66a92e2b14da1ebeb591920c
130.25000000001933,24.0,3486,test,1743.2591022122,1.0,1.0,"(5, 2)",66a92e2b14da1ebeb591920c
131.5000000000182,24.0,3487,test,1744.509102212199,1.0,1.0,"(5, 2)",66a92e2b14da1ebeb591920c
132.75000000001705,24.0,3488,test,1745.7591022121978,1.0,1.0,"(5, 2)",66a92e2b14da1ebeb591920c
134.00000000001592,24.0,3489,test,1747.0091022121967,1.0,1.0,"(5, 2)",66a92e2b14da1ebeb591920c
135.25000000001478,24.0,3490,test,1748.2591022121956,1.0,1.0,"(5, 2)",66a92e2b14da1ebeb591920c
136.0,24.0,3491,test,1749.0091022121808,1.0,1.0,"(5, 2)",66a92e2b14da1ebeb591920c
136.0,24.0,3492,test,1749.0091022121808,1.0,1.0,"(5, 2)",66a92e2b14da1ebeb591920c
136.0,24.0,3493,test,1749.0091022121808,1.0,1.0,"(5, 2)",66a92e2b14da1ebeb591920c
136.0,24.0,3494,test,1749.0091022121808,1.0,1.0,"(5, 2)",66a92e2b14da1ebeb591920c
136.0,24.0,3495,test,1749.0091022121808,1.0,1.0,"(5, 2)",66a92e2b14da1ebeb591920c
136.0,24.0,3496,test,1749.0091022121808,1.0,1.0,"(5, 2)",66a92e2b14da1ebeb591920c
136.0,24.0,3497,test,1749.0091022121808,1.0,1.0,"(5, 2)",66a92e2b14da1ebeb591920c
136.0,24.0,3498,test,1749.0091022121808,1.0,1.0,"(5, 2)",66a92e2b14da1ebeb591920c
136.0,24.0,3499,test,1749.0091022121808,1.0,1.0,"(5, 2)",66a92e2b14da1ebeb591920c
136.0,24.0,3500,test,1749.0091022121808,1.0,1.0,"(5, 2)",66a92e2b14da1ebeb591920c
136.0,24.0,3501,test,1749.0091022121808,1.0,1.0,"(5, 2)",66a92e2b14da1ebeb591920c
136.0,24.0,3502,test,1749.0091022121808,1.0,1.0,"(5, 2)",66a92e2b14da1ebeb591920c
136.0,24.0,3503,test,1749.0091022121808,1.0,1.0,"(5, 2)",66a92e2b14da1ebeb591920c
136.0,24.0,3504,test,1749.0091022121808,1.0,1.0,"(5, 2)",66a92e2b14da1ebeb591920c
136.0,24.0,3505,test,1749.0091022121808,1.0,1.0,"(5, 2)",66a92e2b14da1ebeb591920c
136.0,24.0,3506,test,1749.0091022121808,1.0,1.0,"(5, 2)",66a92e2b14da1ebeb591920c
136.0,24.0,3507,test,1749.0091022121808,1.0,1.0,"(5, 2)",66a92e2b14da1ebeb591920c
136.0,24.0,3508,test,1749.0091022121808,1.0,1.0,"(5, 2)",66a92e2b14da1ebeb591920c
136.0,24.0,3509,test,1749.0091022121808,1.0,1.0,"(5, 2)",66a92e2b14da1ebeb591920c
136.0,24.0,3510,test,1749.0091022121808,1.0,1.0,"(5, 2)",66a92e2b14da1ebeb591920c
136.0,24.0,3511,test,1749.0091022121808,1.0,1.0,"(5, 2)",66a92e2b14da1ebeb591920c
136.0,24.0,3512,test,1749.0091022121808,1.0,1.0,"(5, 2)",66a92e2b14da1ebeb591920c
136.0,24.0,3513,test,1749.0091022121808,1.0,1.0,"(5, 2)",66a92e2b14da1ebeb591920c
136.0,24.0,3514,test,1749.0091022121808,1.0,1.0,"(5, 2)",66a92e2b14da1ebeb591920c
136.0,24.0,3515,test,1749.0091022121808,1.0,1.0,"(5, 2)",66a92e2b14da1ebeb591920c
136.0,24.0,3516,test,1749.0091022121808,1.0,1.0,"(5, 2)",66a92e2b14da1ebeb591920c
136.0,24.0,3517,test,1749.0091022121808,1.0,1.0,"(5, 2)",66a92e2b14da1ebeb591920c
136.0,24.0,3518,test,1749.0091022121808,1.0,1.0,"(5, 2)",66a92e2b14da1ebeb591920c
136.0,24.0,3519,test,1749.0091022121808,1.0,1.0,"(5, 2)",66a92e2b14da1ebeb591920c
136.0,24.0,3520,test,1749.0091022121808,1.0,1.0,"(5, 2)",66a92e2b14da1ebeb591920c
136.0,24.0,3521,test,1749.0091022121808,1.0,1.0,"(5, 2)",66a92e2b14da1ebeb591920c
136.0,24.0,3522,test,1749.0091022121808,1.0,1.0,"(5, 2)",66a92e2b14da1ebeb591920c
136.0,24.0,3523,test,1749.0091022121808,1.0,1.0,"(5, 2)",66a92e2b14da1ebeb591920c
136.0,24.0,3524,test,1749.0091022121808,1.0,1.0,"(5, 2)",66a92e2b14da1ebeb591920c
136.0,24.0,3525,test,1749.0091022121808,1.0,1.0,"(5, 2)",66a92e2b14da1ebeb591920c
136.0,24.0,3526,test,1749.0091022121808,1.0,1.0,"(5, 2)",66a92e2b14da1ebeb591920c
136.0,24.0,3527,test,1749.0091022121808,1.0,1.0,"(5, 2)",66a92e2b14da1ebeb591920c
136.0,24.0,3528,test,1749.0091022121808,1.0,1.0,"(5, 2)",66a92e2b14da1ebeb591920c
136.0,24.0,3529,test,1749.0091022121808,1.0,1.0,"(5, 2)",66a92e2b14da1ebeb591920c
136.0,24.0,3530,test,1749.0091022121808,1.0,1.0,"(5, 2)",66a92e2b14da1ebeb591920c
136.0,24.0,3531,test,1749.0091022121808,1.0,1.0,"(5, 2)",66a92e2b14da1ebeb591920c
136.0,24.0,3532,test,1749.0091022121808,1.0,1.0,"(5, 2)",66a92e2b14da1ebeb591920c
136.0,24.0,3533,test,1749.0091022121808,1.0,1.0,"(5, 2)",66a92e2b14da1ebeb591920c
136.0,24.0,3534,test,1749.0091022121808,1.0,1.0,"(5, 2)",66a92e2b14da1ebeb591920c
136.0,24.0,3535,test,1749.0091022121808,1.0,1.0,"(5, 2)",66a92e2b14da1ebeb591920c
136.0,24.0,3536,test,1749.0091022121808,1.0,1.0,"(5, 2)",66a92e2b14da1ebeb591920c
136.0,24.0,3537,test,1749.0091022121808,1.0,1.0,"(5, 2)",66a92e2b14da1ebeb591920c
136.0,24.0,3538,test,1749.0091022121808,1.0,1.0,"(5, 2)",66a92e2b14da1ebeb591920c
136.0,24.0,3539,test,1749.0091022121808,1.0,1.0,"(5, 2)",66a92e2b14da1ebeb591920c
136.0,24.0,3540,test,1749.0091022121808,1.0,1.0,"(5, 2)",66a92e2b14da1ebeb591920c
136.0,24.0,3541,test,1749.0091022121808,1.0,1.0,"(5, 2)",66a92e2b14da1ebeb591920c
136.0,24.0,3542,test,1749.0091022121808,1.0,1.0,"(5, 2)",66a92e2b14da1ebeb591920c
136.0,24.0,3543,test,1749.0091022121808,1.0,1.0,"(5, 2)",66a92e2b14da1ebeb591920c
136.0,24.0,3544,test,1749.0091022121808,1.0,1.0,"(5, 2)",66a92e2b14da1ebeb591920c
136.0,24.0,3545,test,1749.0091022121808,1.0,1.0,"(5, 2)",66a92e2b14da1ebeb591920c
136.0,24.0,3546,test,1749.0091022121808,1.0,1.0,"(5, 2)",66a92e2b14da1ebeb591920c
136.0,24.0,3547,test,1749.0091022121808,1.0,1.0,"(5, 2)",66a92e2b14da1ebeb591920c
134.75000000000114,24.0,3548,test,1750.2591022121796,1.0,1.0,"(5, 2)",66a92e2b14da1ebeb591920c
133.50000000000227,24.0,3549,test,1751.5091022121785,1.0,1.0,"(5, 2)",66a92e2b14da1ebeb591920c
132.2500000000034,24.0,3550,test,1752.7591022121774,1.0,1.0,"(5, 2)",66a92e2b14da1ebeb591920c
131.00000000000455,24.0,3551,test,1754.0091022121762,1.0,1.0,"(5, 2)",66a92e2b14da1ebeb591920c
129.75000000000568,24.0,3552,test,1755.259102212175,1.0,1.0,"(5, 2)",66a92e2b14da1ebeb591920c
128.50000000000682,24.0,3553,test,1756.509102212174,1.0,1.0,"(5, 2)",66a92e2b14da1ebeb591920c
127.2500000000071,24.0,3554,test,1757.7591022121737,1.0,1.0,"(5, 2)",66a92e2b14da1ebeb591920c
126.00000000000682,24.0,3555,test,1759.009102212174,1.0,1.0,"(5, 2)",66a92e2b14da1ebeb591920c
124.75000000000654,24.0,3556,test,1760.2591022121742,1.0,1.0,"(5, 2)",66a92e2b14da1ebeb591920c
123.50000000000625,24.0,3557,test,1761.5091022121744,1.0,1.0,"(5, 2)",66a92e2b14da1ebeb591920c
122.25000000000597,24.0,3558,test,1762.7591022121746,1.0,1.0,"(5, 2)",66a92e2b14da1ebeb591920c
121.00000000000568,24.0,3559,test,1764.0091022121749,1.0,1.0,"(5, 2)",66a92e2b14da1ebeb591920c
119.7500000000054,24.0,3560,test,1765.259102212175,1.0,1.0,"(5, 2)",66a92e2b14da1ebeb591920c
118.50000000000512,24.0,3561,test,1766.5091022121753,1.0,1.0,"(5, 2)",66a92e2b14da1ebeb591920c
117.25000000000483,24.0,3562,test,1767.7591022121755,1.0,1.0,"(5, 2)",66a92e2b14da1ebeb591920c
116.00000000000455,24.0,3563,test,1769.0091022121758,1.0,1.0,"(5, 2)",66a92e2b14da1ebeb591920c
114.75000000000426,24.0,3564,test,1770.259102212176,1.0,1.0,"(5, 2)",66a92e2b14da1ebeb591920c
113.50000000000398,24.0,3565,test,1771.5091022121762,1.0,1.0,"(5, 2)",66a92e2b14da1ebeb591920c
112.2500000000037,24.0,3566,test,1772.7591022121765,1.0,1.0,"(5, 2)",66a92e2b14da1ebeb591920c
111.00000000000341,24.0,3567,test,1774.0091022121767,1.0,1.0,"(5, 2)",66a92e2b14da1ebeb591920c
109.75000000000313,24.0,3568,test,1775.259102212177,1.0,1.0,"(5, 2)",66a92e2b14da1ebeb591920c
108.50000000000284,24.0,3569,test,1776.5091022121771,1.0,1.0,"(5, 2)",66a92e2b14da1ebeb591920c
107.25000000000256,24.0,3570,test,1777.7591022121774,1.0,1.0,"(5, 2)",66a92e2b14da1ebeb591920c
106.00000000000227,24.0,3571,test,1779.0091022121776,1.0,1.0,"(5, 2)",66a92e2b14da1ebeb591920c
104.75000000000199,24.0,3572,test,1780.2591022121778,1.0,1.0,"(5, 2)",66a92e2b14da1ebeb591920c
103.5000000000017,24.0,3573,test,1781.509102212178,1.0,1.0,"(5, 2)",66a92e2b14da1ebeb591920c
102.25000000000142,24.0,3574,test,1782.7591022121783,1.0,1.0,"(5, 2)",66a92e2b14da1ebeb591920c
101.00000000000114,24.0,3575,test,1784.0091022121785,1.0,1.0,"(5, 2)",66a92e2b14da1ebeb591920c
99.75000000000085,24.0,3576,test,1785.2591022121787,1.0,1.0,"(5, 2)",66a92e2b14da1ebeb591920c
98.50000000000057,24.0,3577,test,1786.509102212179,1.0,1.0,"(5, 2)",66a92e2b14da1ebeb591920c
97.25000000000028,24.0,3578,test,1787.7591022121792,1.0,1.0,"(5, 2)",66a92e2b14da1ebeb591920c
96.0,24.0,3579,test,1789.0091022121794,1.0,1.0,"(5, 2)",66a92e2b14da1ebeb591920c
94.74999999999972,24.0,3580,test,1790.2591022121796,1.0,1.0,"(5, 2)",66a92e2b14da1ebeb591920c
93.49999999999943,24.0,3581,test,1791.5091022121799,1.0,1.0,"(5, 2)",66a92e2b14da1ebeb591920c
92.24999999999915,24.0,3582,test,1792.75910221218,1.0,1.0,"(5, 2)",66a92e2b14da1ebeb591920c
90.99999999999886,24.0,3583,test,1794.0091022121803,1.0,1.0,"(5, 2)",66a92e2b14da1ebeb591920c
89.74999999999858,24.0,3584,test,1795.2591022121806,1.0,1.0,"(5, 2)",66a92e2b14da1ebeb591920c
88.4999999999983,24.0,3585,test,1796.5091022121808,1.0,1.0,"(5, 2)",66a92e2b14da1ebeb591920c
87.24999999999801,24.0,3586,test,1797.759102212181,1.0,1.0,"(5, 2)",66a92e2b14da1ebeb591920c
85.99999999999773,24.0,3587,test,1799.0091022121812,1.0,1.0,"(5, 2)",66a92e2b14da1ebeb591920c
84.74999999999744,24.0,3588,test,1800.2591022121815,1.0,1.0,"(5, 2)",66a92e2b14da1ebeb591920c
83.49999999999716,24.0,3589,test,1801.5091022121817,1.0,1.0,"(5, 2)",66a92e2b14da1ebeb591920c
82.24999999999687,24.0,3590,test,1802.759102212182,1.0,1.0,"(5, 2)",66a92e2b14da1ebeb591920c
80.99999999999659,24.0,3591,test,1804.0091022121821,1.0,1.0,"(5, 2)",66a92e2b14da1ebeb591920c
79.7499999999963,24.0,3592,test,1805.2591022121824,1.0,1.0,"(5, 2)",66a92e2b14da1ebeb591920c
78.49999999999602,24.0,3593,test,1806.5091022121826,1.0,1.0,"(5, 2)",66a92e2b14da1ebeb591920c
77.24999999999574,24.0,3594,test,1807.7591022121828,1.0,1.0,"(5, 2)",66a92e2b14da1ebeb591920c
75.99999999999545,24.0,3595,test,1809.009102212183,1.0,1.0,"(5, 2)",66a92e2b14da1ebeb591920c
74.74999999999517,24.0,3596,test,1810.2591022121833,1.0,1.0,"(5, 2)",66a92e2b14da1ebeb591920c
73.49999999999488,24.0,3597,test,1811.5091022121835,1.0,1.0,"(5, 2)",66a92e2b14da1ebeb591920c
72.2499999999946,24.0,3598,test,1812.7591022121837,1.0,1.0,"(5, 2)",66a92e2b14da1ebeb591920c
71.34621797023578,24.84324151087344,3599,test,1813.9951759166913,1.0,1.0,"(5, 2)",66a92e2b14da1ebeb591920c
70.45686168923703,25.72161808469994,3600,test,1815.2451759166909,1.0,1.0,"(5, 2)",66a92e2b14da1ebeb591920c
69.56750540823828,26.59999465852644,3601,test,1816.4951759166904,1.0,1.0,"(5, 2)",66a92e2b14da1ebeb591920c
68.67814912723952,27.47837123235294,3602,test,1817.74517591669,1.0,1.0,"(5, 2)",66a92e2b14da1ebeb591920c
67.78879284624077,28.356747806179442,3603,test,1818.9951759166895,1.0,1.0,"(5, 2)",66a92e2b14da1ebeb591920c
66.89943656524201,29.235124380005942,3604,test,1820.245175916689,1.0,1.0,"(5, 2)",66a92e2b14da1ebeb591920c
66.01008028424326,30.113500953832443,3605,test,1821.4951759166886,1.0,1.0,"(5, 2)",66a92e2b14da1ebeb591920c
65.1207240032445,30.991877527658943,3606,test,1822.7451759166881,1.0,1.0,"(5, 2)",66a92e2b14da1ebeb591920c
64.23136772224575,31.870254101485443,3607,test,1823.9951759166877,1.0,1.0,"(5, 2)",66a92e2b14da1ebeb591920c
63.34201144124647,32.748630675311944,3608,test,1825.2451759166877,1.0,1.0,"(5, 2)",66a92e2b14da1ebeb591920c
62.452655160247005,33.627007249138444,3609,test,1826.495175916688,1.0,1.0,"(5, 2)",66a92e2b14da1ebeb591920c
61.56329887924754,34.505383822964944,3610,test,1827.7451759166881,1.0,1.0,"(5, 2)",66a92e2b14da1ebeb591920c
60.673942598248075,35.383760396791445,3611,test,1828.9951759166884,1.0,1.0,"(5, 2)",66a92e2b14da1ebeb591920c
59.78458631724861,36.262136970617945,3612,test,1830.2451759166886,1.0,1.0,"(5, 2)",66a92e2b14da1ebeb591920c
58.895230036249146,37.140513544444445,3613,test,1831.4951759166888,1.0,1.0,"(5, 2)",66a92e2b14da1ebeb591920c
58.00587375524984,38.018890118270946,3614,test,1832.7451759166888,1.0,1.0,"(5, 2)",66a92e2b14da1ebeb591920c
57.11651747425088,38.897266692097446,3615,test,1833.9951759166886,1.0,1.0,"(5, 2)",66a92e2b14da1ebeb591920c
56.22716119325191,39.77564326592395,3616,test,1835.2451759166884,1.0,1.0,"(5, 2)",66a92e2b14da1ebeb591920c
56.0,40.0,3617,test,1835.5644534634168,1.0,1.0,"(5, 2)",66a92e2b14da1ebeb591920c
56.0,40.0,3618,test,1835.5644534634168,1.0,1.0,"(5, 2)",66a92e2b14da1ebeb591920c
56.0,40.0,3619,test,1835.5644534634168,1.0,1.0,"(5, 2)",66a92e2b14da1ebeb591920c
56.0,40.0,3620,test,1835.5644534634168,1.0,1.0,"(5, 2)",66a92e2b14da1ebeb591920c
56.0,40.0,3621,test,1835.5644534634168,1.0,1.0,"(5, 2)",66a92e2b14da1ebeb591920c
56.0,40.0,3622,test,1835.5644534634168,1.0,1.0,"(5, 2)",66a92e2b14da1ebeb591920c
56.0,40.0,3623,test,1835.5644534634168,1.0,1.0,"(5, 2)",66a92e2b14da1ebeb591920c
56.0,40.0,3624,test,1835.5644534634168,1.0,1.0,"(5, 2)",66a92e2b14da1ebeb591920c
56.0,40.0,3625,test,1835.5644534634168,1.0,1.0,"(5, 2)",66a92e2b14da1ebeb591920c
56.0,40.0,3626,test,1835.5644534634168,1.0,1.0,"(5, 2)",66a92e2b14da1ebeb591920c
56.0,40.0,3627,test,1835.5644534634168,1.0,1.0,"(5, 2)",66a92e2b14da1ebeb591920c
56.0,40.0,3628,test,1835.5644534634168,1.0,1.0,"(5, 2)",66a92e2b14da1ebeb591920c
56.0,40.0,3629,test,1835.5644534634168,1.0,1.0,"(5, 2)",66a92e2b14da1ebeb591920c
56.0,40.0,3630,test,1835.5644534634168,1.0,1.0,"(5, 2)",66a92e2b14da1ebeb591920c
56.0,40.0,3631,test,1835.5644534634168,1.0,1.0,"(5, 2)",66a92e2b14da1ebeb591920c
56.0,40.0,3632,test,1835.5644534634168,1.0,1.0,"(5, 2)",66a92e2b14da1ebeb591920c
56.0,40.0,3633,test,1835.5644534634168,1.0,1.0,"(5, 2)",66a92e2b14da1ebeb591920c
56.0,40.0,3634,test,1835.5644534634168,1.0,1.0,"(5, 2)",66a92e2b14da1ebeb591920c
56.0,40.0,3635,test,1835.5644534634168,1.0,1.0,"(5, 2)",66a92e2b14da1ebeb591920c
56.0,40.0,3636,test,1835.5644534634168,1.0,1.0,"(5, 2)",66a92e2b14da1ebeb591920c
56.0,40.0,3637,test,1835.5644534634168,1.0,1.0,"(5, 2)",66a92e2b14da1ebeb591920c
56.0,40.0,3638,test,1835.5644534634168,1.0,1.0,"(5, 2)",66a92e2b14da1ebeb591920c
56.0,40.0,3639,test,1835.5644534634168,1.0,1.0,"(5, 2)",66a92e2b14da1ebeb591920c
56.0,40.0,3640,test,1835.5644534634168,1.0,1.0,"(5, 2)",66a92e2b14da1ebeb591920c
56.0,40.0,3641,test,1835.5644534634168,1.0,1.0,"(5, 2)",66a92e2b14da1ebeb591920c
56.0,40.0,3642,test,1835.5644534634168,1.0,1.0,"(5, 2)",66a92e2b14da1ebeb591920c
56.0,40.0,3643,test,1835.5644534634168,1.0,1.0,"(5, 2)",66a92e2b14da1ebeb591920c
56.0,40.0,3644,test,1835.5644534634168,1.0,1.0,"(5, 2)",66a92e2b14da1ebeb591920c
56.0,40.0,3645,test,1835.5644534634168,1.0,1.0,"(5, 2)",66a92e2b14da1ebeb591920c
56.0,40.0,3646,test,1835.5644534634168,1.0,1.0,"(5, 2)",66a92e2b14da1ebeb591920c
56.0,40.0,3647,test,1835.5644534634168,1.0,1.0,"(5, 2)",66a92e2b14da1ebeb591920c
56.0,40.0,3648,test,1835.5644534634168,1.0,1.0,"(5, 2)",66a92e2b14da1ebeb591920c
56.0,40.0,3649,test,1835.5644534634168,1.0,1.0,"(5, 2)",66a92e2b14da1ebeb591920c
56.0,40.0,3650,test,1835.5644534634168,1.0,1.0,"(5, 2)",66a92e2b14da1ebeb591920c
56.0,40.0,3651,test,1835.5644534634168,1.0,1.0,"(5, 2)",66a92e2b14da1ebeb591920c
56.0,40.0,3652,test,1835.5644534634168,1.0,1.0,"(5, 2)",66a92e2b14da1ebeb591920c
56.0,40.0,3653,test,1835.5644534634168,1.0,1.0,"(5, 2)",66a92e2b14da1ebeb591920c
56.0,40.0,3654,test,1835.5644534634168,1.0,1.0,"(5, 2)",66a92e2b14da1ebeb591920c
56.0,40.0,3655,test,1835.5644534634168,1.0,1.0,"(5, 2)",66a92e2b14da1ebeb591920c
56.0,40.0,3656,test,1835.5644534634168,1.0,1.0,"(5, 2)",66a92e2b14da1ebeb591920c
56.0,40.0,3657,test,1835.5644534634168,1.0,1.0,"(5, 2)",66a92e2b14da1ebeb591920c
56.0,40.0,3658,test,1835.5644534634168,1.0,1.0,"(5, 2)",66a92e2b14da1ebeb591920c
56.0,40.0,3659,test,1835.5644534634168,1.0,1.0,"(5, 2)",66a92e2b14da1ebeb591920c
56.0,40.0,3660,test,1835.5644534634168,1.0,1.0,"(5, 2)",66a92e2b14da1ebeb591920c
55.11611652351695,39.11611652351695,3661,test,1836.8144534634166,1.0,1.0,"(5, 2)",66a92e2b14da1ebeb591920c
54.2322330470339,38.2322330470339,3662,test,1838.0644534634164,1.0,1.0,"(5, 2)",66a92e2b14da1ebeb591920c
53.34834957055085,37.34834957055085,3663,test,1839.3144534634162,1.0,1.0,"(5, 2)",66a92e2b14da1ebeb591920c
52.4644660940678,36.4644660940678,3664,test,1840.564453463416,1.0,1.0,"(5, 2)",66a92e2b14da1ebeb591920c
51.58058261758475,35.58058261758475,3665,test,1841.8144534634157,1.0,1.0,"(5, 2)",66a92e2b14da1ebeb591920c
50.6966991411017,34.6966991411017,3666,test,1843.0644534634155,1.0,1.0,"(5, 2)",66a92e2b14da1ebeb591920c
49.812815664618654,33.812815664618654,3667,test,1844.3144534634152,1.0,1.0,"(5, 2)",66a92e2b14da1ebeb591920c
48.928932188135605,32.928932188135605,3668,test,1845.564453463415,1.0,1.0,"(5, 2)",66a92e2b14da1ebeb591920c
48.045048711652555,32.045048711652555,3669,test,1846.8144534634148,1.0,1.0,"(5, 2)",66a92e2b14da1ebeb591920c
47.161165235169506,31.161165235169506,3670,test,1848.0644534634146,1.0,1.0,"(5, 2)",66a92e2b14da1ebeb591920c
46.277281758686456,30.277281758686456,3671,test,1849.3144534634143,1.0,1.0,"(5, 2)",66a92e2b14da1ebeb591920c
45.39339828220341,29.393398282203407,3672,test,1850.564453463414,1.0,1.0,"(5, 2)",66a92e2b14da1ebeb591920c
44.50951480572036,28.509514805720357,3673,test,1851.8144534634139,1.0,1.0,"(5, 2)",66a92e2b14da1ebeb591920c
43.62563132923731,27.625631329237308,3674,test,1853.0644534634137,1.0,1.0,"(5, 2)",66a92e2b14da1ebeb591920c
42.74174785275426,26.74174785275426,3675,test,1854.3144534634134,1.0,1.0,"(5, 2)",66a92e2b14da1ebeb591920c
41.85786437627121,25.85786437627121,3676,test,1855.5644534634132,1.0,1.0,"(5, 2)",66a92e2b14da1ebeb591920c
40.97398089978816,24.97398089978816,3677,test,1856.814453463413,1.0,1.0,"(5, 2)",66a92e2b14da1ebeb591920c
40.04617444130983,24.194346815316237,3678,test,1858.0263338742063,1.0,1.0,"(5, 2)",66a92e2b14da1ebeb591920c
38.796266114866114,24.179208272259245,3679,test,1859.276333874206,1.0,1.0,"(5, 2)",66a92e2b14da1ebeb591920c
37.5463577884224,24.164069729202254,3680,test,1860.5263338742059,1.0,1.0,"(5, 2)",66a92e2b14da1ebeb591920c
36.29644946197868,24.148931186145262,3681,test,1861.7763338742056,1.0,1.0,"(5, 2)",66a92e2b14da1ebeb591920c
35.046541135534966,24.13379264308827,3682,test,1863.0263338742054,1.0,1.0,"(5, 2)",66a92e2b14da1ebeb591920c
33.79663280909125,24.11865410003119,3683,test,1864.2763338742052,1.0,1.0,"(5, 2)",66a92e2b14da1ebeb591920c
32.546724482647534,24.103515556974024,3684,test,1865.526333874205,1.0,1.0,"(5, 2)",66a92e2b14da1ebeb591920c
31.296816156203615,24.088377013916855,3685,test,1866.776333874205,1.0,1.0,"(5, 2)",66a92e2b14da1ebeb591920c
30.046907829759544,24.073238470859685,3686,test,1868.026333874205,1.0,1.0,"(5, 2)",66a92e2b14da1ebeb591920c
28.796999503315472,24.058099927802516,3687,test,1869.276333874205,1.0,1.0,"(5, 2)",66a92e2b14da1ebeb591920c
27.5470911768714,24.042961384745347,3688,test,1870.526333874205,1.0,1.0,"(5, 2)",66a92e2b14da1ebeb591920c
26.29718285042733,24.027822841688177,3689,test,1871.776333874205,1.0,1.0,"(5, 2)",66a92e2b14da1ebeb591920c
25.04727452398326,24.012684298631005,3690,test,1873.026333874205,1.0,1.0,"(5, 2)",66a92e2b14da1ebeb591920c
24.0,24.0,3691,test,1874.0736852097252,1.0,1.0,"(5, 2)",66a92e2b14da1ebeb591920c
24.0,24.0,3692,test,1874.0736852097252,1.0,1.0,"(5, 2)",66a92e2b14da1ebeb591920c
24.0,24.0,3693,test,1874.0736852097252,1.0,1.0,"(5, 2)",66a92e2b14da1ebeb591920c
24.0,24.0,3694,test,1874.0736852097252,1.0,1.0,"(5, 2)",66a92e2b14da1ebeb591920c
24.0,24.0,3695,test,1874.0736852097252,1.0,1.0,"(5, 2)",66a92e2b14da1ebeb591920c
24.0,24.0,3696,test,1874.0736852097252,1.0,1.0,"(5, 2)",66a92e2b14da1ebeb591920c
24.0,24.0,3697,test,1874.0736852097252,1.0,1.0,"(5, 2)",66a92e2b14da1ebeb591920c
24.0,24.0,3698,test,1874.0736852097252,1.0,1.0,"(5, 2)",66a92e2b14da1ebeb591920c
24.0,24.0,3699,test,1874.0736852097252,1.0,1.0,"(5, 2)",66a92e2b14da1ebeb591920c
24.0,24.0,3700,test,1874.0736852097252,1.0,1.0,"(5, 2)",66a92e2b14da1ebeb591920c
24.0,24.0,3701,test,1874.0736852097252,1.0,1.0,"(5, 2)",66a92e2b14da1ebeb591920c
24.0,24.0,3702,test,1874.0736852097252,1.0,1.0,"(5, 2)",66a92e2b14da1ebeb591920c
24.0,24.0,3703,test,1874.0736852097252,1.0,1.0,"(5, 2)",66a92e2b14da1ebeb591920c
24.0,24.0,3704,test,1874.0736852097252,1.0,1.0,"(5, 2)",66a92e2b14da1ebeb591920c
24.0,24.0,3705,test,1874.0736852097252,1.0,1.0,"(5, 2)",66a92e2b14da1ebeb591920c
24.0,24.0,3706,test,1874.0736852097252,1.0,1.0,"(5, 2)",66a92e2b14da1ebeb591920c
24.0,24.0,3707,test,1874.0736852097252,1.0,1.0,"(5, 2)",66a92e2b14da1ebeb591920c
24.0,24.0,3708,test,1874.0736852097252,1.0,1.0,"(5, 2)",66a92e2b14da1ebeb591920c
24.0,24.0,3709,test,1874.0736852097252,1.0,1.0,"(5, 2)",66a92e2b14da1ebeb591920c
24.0,24.0,3710,test,1874.0736852097252,1.0,1.0,"(5, 2)",66a92e2b14da1ebeb591920c
24.0,24.0,3711,test,1874.0736852097252,1.0,1.0,"(5, 2)",66a92e2b14da1ebeb591920c
24.0,24.0,3712,test,1874.0736852097252,1.0,1.0,"(5, 2)",66a92e2b14da1ebeb591920c
24.0,24.0,3713,test,1874.0736852097252,1.0,1.0,"(5, 2)",66a92e2b14da1ebeb591920c
24.0,24.0,3714,test,1874.0736852097252,1.0,1.0,"(5, 2)",66a92e2b14da1ebeb591920c
24.0,24.0,3715,test,1874.0736852097252,1.0,1.0,"(5, 2)",66a92e2b14da1ebeb591920c
24.0,24.0,3716,test,1874.0736852097252,1.0,1.0,"(5, 2)",66a92e2b14da1ebeb591920c
24.0,24.0,3717,test,1874.0736852097252,1.0,1.0,"(5, 2)",66a92e2b14da1ebeb591920c
24.0,24.0,3718,test,1874.0736852097252,1.0,1.0,"(5, 2)",66a92e2b14da1ebeb591920c
24.0,24.0,3719,test,1874.0736852097252,1.0,1.0,"(5, 2)",66a92e2b14da1ebeb591920c
24.0,24.0,3720,test,1874.0736852097252,1.0,1.0,"(5, 2)",66a92e2b14da1ebeb591920c
24.0,24.0,3721,test,1874.0736852097252,1.0,1.0,"(5, 2)",66a92e2b14da1ebeb591920c
24.0,24.0,3722,test,1874.0736852097252,1.0,1.0,"(5, 2)",66a92e2b14da1ebeb591920c
24.0,24.0,3723,test,1874.0736852097252,1.0,1.0,"(5, 2)",66a92e2b14da1ebeb591920c
24.0,24.0,3724,test,1874.0736852097252,1.0,1.0,"(5, 2)",66a92e2b14da1ebeb591920c
24.0,24.0,3725,test,1874.0736852097252,1.0,1.0,"(5, 2)",66a92e2b14da1ebeb591920c
24.0,24.0,3726,test,1874.0736852097252,1.0,1.0,"(5, 2)",66a92e2b14da1ebeb591920c
25.24999999999993,24.0,3727,test,1875.3236852097252,1.0,1.0,"(5, 2)",66a92e2b14da1ebeb591920c
26.499999999999858,24.0,3728,test,1876.5736852097252,1.0,1.0,"(5, 2)",66a92e2b14da1ebeb591920c
27.749999999999787,24.0,3729,test,1877.8236852097252,1.0,1.0,"(5, 2)",66a92e2b14da1ebeb591920c
28.999999999999716,24.0,3730,test,1879.0736852097252,1.0,1.0,"(5, 2)",66a92e2b14da1ebeb591920c
30.249999999999645,24.0,3731,test,1880.3236852097252,1.0,1.0,"(5, 2)",66a92e2b14da1ebeb591920c
31.499999999999574,24.0,3732,test,1881.5736852097252,1.0,1.0,"(5, 2)",66a92e2b14da1ebeb591920c
32.749999999999716,24.0,3733,test,1882.8236852097255,1.0,1.0,"(5, 2)",66a92e2b14da1ebeb591920c
34.0,24.0,3734,test,1884.0736852097257,1.0,1.0,"(5, 2)",66a92e2b14da1ebeb591920c
35.250000000000284,24.0,3735,test,1885.323685209726,1.0,1.0,"(5, 2)",66a92e2b14da1ebeb591920c
36.50000000000057,24.0,3736,test,1886.5736852097261,1.0,1.0,"(5, 2)",66a92e2b14da1ebeb591920c
37.75000000000085,24.0,3737,test,1887.8236852097264,1.0,1.0,"(5, 2)",66a92e2b14da1ebeb591920c
39.00000000000114,24.0,3738,test,1889.0736852097266,1.0,1.0,"(5, 2)",66a92e2b14da1ebeb591920c
40.0,24.0,3739,test,1890.0736852097255,1.0,1.0,"(5, 2)",66a92e2b14da1ebeb591920c
40.0,24.0,3740,test,1890.0736852097255,1.0,1.0,"(5, 2)",66a92e2b14da1ebeb591920c
40.0,24.0,3741,test,1890.0736852097255,1.0,1.0,"(5, 2)",66a92e2b14da1ebeb591920c
40.0,24.0,3742,test,1890.0736852097255,1.0,1.0,"(5, 2)",66a92e2b14da1ebeb591920c
40.0,24.0,3743,test,1890.0736852097255,1.0,1.0,"(5, 2)",66a92e2b14da1ebeb591920c
40.0,24.0,3744,test,1890.0736852097255,1.0,1.0,"(5, 2)",66a92e2b14da1ebeb591920c
40.0,24.0,3745,test,1890.0736852097255,1.0,1.0,"(5, 2)",66a92e2b14da1ebeb591920c
40.0,24.0,3746,test,1890.0736852097255,1.0,1.0,"(5, 2)",66a92e2b14da1ebeb591920c
40.0,24.0,3747,test,1890.0736852097255,1.0,1.0,"(5, 2)",66a92e2b14da1ebeb591920c
40.0,24.0,3748,test,1890.0736852097255,1.0,1.0,"(5, 2)",66a92e2b14da1ebeb591920c
40.0,24.0,3749,test,1890.0736852097255,1.0,1.0,"(5, 2)",66a92e2b14da1ebeb591920c
40.0,24.0,3750,test,1890.0736852097255,1.0,1.0,"(5, 2)",66a92e2b14da1ebeb591920c
40.0,24.0,3751,test,1890.0736852097255,1.0,1.0,"(5, 2)",66a92e2b14da1ebeb591920c
40.0,24.0,3752,test,1890.0736852097255,1.0,1.0,"(5, 2)",66a92e2b14da1ebeb591920c
40.0,24.0,3753,test,1890.0736852097255,1.0,1.0,"(5, 2)",66a92e2b14da1ebeb591920c
40.0,24.0,3754,test,1890.0736852097255,1.0,1.0,"(5, 2)",66a92e2b14da1ebeb591920c
40.0,24.0,3755,test,1890.0736852097255,1.0,1.0,"(5, 2)",66a92e2b14da1ebeb591920c
40.0,24.0,3756,test,1890.0736852097255,1.0,1.0,"(5, 2)",66a92e2b14da1ebeb591920c
40.0,24.0,3757,test,1890.0736852097255,1.0,1.0,"(5, 2)",66a92e2b14da1ebeb591920c
40.0,24.0,3758,test,1890.0736852097255,1.0,1.0,"(5, 2)",66a92e2b14da1ebeb591920c
40.0,24.0,3759,test,1890.0736852097255,1.0,1.0,"(5, 2)",66a92e2b14da1ebeb591920c
40.0,24.0,3760,test,1890.0736852097255,1.0,1.0,"(5, 2)",66a92e2b14da1ebeb591920c
40.0,24.0,3761,test,1890.0736852097255,1.0,1.0,"(5, 2)",66a92e2b14da1ebeb591920c
40.0,24.0,3762,test,1890.0736852097255,1.0,1.0,"(5, 2)",66a92e2b14da1ebeb591920c
40.0,24.0,3763,test,1890.0736852097255,1.0,1.0,"(5, 2)",66a92e2b14da1ebeb591920c
40.0,24.0,3764,test,1890.0736852097255,1.0,1.0,"(5, 2)",66a92e2b14da1ebeb591920c
40.0,24.0,3765,test,1890.0736852097255,1.0,1.0,"(5, 2)",66a92e2b14da1ebeb591920c
40.0,24.0,3766,test,1890.0736852097255,1.0,1.0,"(5, 2)",66a92e2b14da1ebeb591920c
40.0,24.0,3767,test,1890.0736852097255,1.0,1.0,"(5, 2)",66a92e2b14da1ebeb591920c
40.0,24.0,3768,test,1890.0736852097255,1.0,1.0,"(5, 2)",66a92e2b14da1ebeb591920c
40.0,24.0,3769,test,1890.0736852097255,1.0,1.0,"(5, 2)",66a92e2b14da1ebeb591920c
40.0,24.0,3770,test,1890.0736852097255,1.0,1.0,"(5, 2)",66a92e2b14da1ebeb591920c
40.0,24.0,3771,test,1890.0736852097255,1.0,1.0,"(5, 2)",66a92e2b14da1ebeb591920c
40.0,24.0,3772,test,1890.0736852097255,1.0,1.0,"(5, 2)",66a92e2b14da1ebeb591920c
40.0,24.0,3773,test,1890.0736852097255,1.0,1.0,"(5, 2)",66a92e2b14da1ebeb591920c
40.0,24.0,3774,test,1890.0736852097255,1.0,1.0,"(5, 2)",66a92e2b14da1ebeb591920c
40.0,24.0,3775,test,1890.0736852097255,1.0,1.0,"(5, 2)",66a92e2b14da1ebeb591920c
40.0,24.0,3776,test,1890.0736852097255,1.0,1.0,"(5, 2)",66a92e2b14da1ebeb591920c
40.0,24.0,3777,test,1890.0736852097255,1.0,1.0,"(5, 2)",66a92e2b14da1ebeb591920c
40.0,24.0,3778,test,1890.0736852097255,1.0,1.0,"(5, 2)",66a92e2b14da1ebeb591920c
40.0,24.0,3779,test,1890.0736852097255,1.0,1.0,"(5, 2)",66a92e2b14da1ebeb591920c
40.0,24.0,3780,test,1890.0736852097255,1.0,1.0,"(5, 2)",66a92e2b14da1ebeb591920c
40.0,24.0,3781,test,1890.0736852097255,1.0,1.0,"(5, 2)",66a92e2b14da1ebeb591920c
40.0,24.0,3782,test,1890.0736852097255,1.0,1.0,"(5, 2)",66a92e2b14da1ebeb591920c
40.0,24.0,3783,test,1890.0736852097255,1.0,1.0,"(5, 2)",66a92e2b14da1ebeb591920c
40.0,24.0,3784,test,1890.0736852097255,1.0,1.0,"(5, 2)",66a92e2b14da1ebeb591920c
40.0,24.0,3785,test,1890.0736852097255,1.0,1.0,"(5, 2)",66a92e2b14da1ebeb591920c
40.0,24.0,3786,test,1890.0736852097255,1.0,1.0,"(5, 2)",66a92e2b14da1ebeb591920c
40.0,24.0,3787,test,1890.0736852097255,1.0,1.0,"(5, 2)",66a92e2b14da1ebeb591920c
40.0,24.0,3788,test,1890.0736852097255,1.0,1.0,"(5, 2)",66a92e2b14da1ebeb591920c
40.0,24.0,3789,test,1890.0736852097255,1.0,1.0,"(5, 2)",66a92e2b14da1ebeb591920c
40.0,24.0,3790,test,1890.0736852097255,1.0,1.0,"(5, 2)",66a92e2b14da1ebeb591920c
40.0,24.0,3791,test,1890.0736852097255,1.0,1.0,"(5, 2)",66a92e2b14da1ebeb591920c
40.0,24.0,3792,test,1890.0736852097255,1.0,1.0,"(5, 2)",66a92e2b14da1ebeb591920c
40.0,24.0,3793,test,1890.0736852097255,1.0,1.0,"(5, 2)",66a92e2b14da1ebeb591920c
40.0,24.0,3794,test,1890.0736852097255,1.0,1.0,"(5, 2)",66a92e2b14da1ebeb591920c
40.0,24.0,3795,test,1890.0736852097255,1.0,1.0,"(5, 2)",66a92e2b14da1ebeb591920c
40.0,24.0,3796,test,1890.0736852097255,1.0,1.0,"(5, 2)",66a92e2b14da1ebeb591920c
40.0,24.0,3797,test,1890.0736852097255,1.0,1.0,"(5, 2)",66a92e2b14da1ebeb591920c
40.0,24.0,3798,test,1890.0736852097255,1.0,1.0,"(5, 2)",66a92e2b14da1ebeb591920c
40.0,24.0,3799,test,1890.0736852097255,1.0,1.0,"(5, 2)",66a92e2b14da1ebeb591920c
40.0,24.0,3800,test,1890.0736852097255,1.0,1.0,"(5, 2)",66a92e2b14da1ebeb591920c
40.0,24.0,3801,test,1890.0736852097255,1.0,1.0,"(5, 2)",66a92e2b14da1ebeb591920c
40.0,24.0,3802,test,1890.0736852097255,1.0,1.0,"(5, 2)",66a92e2b14da1ebeb591920c
40.0,24.0,3803,test,1890.0736852097255,1.0,1.0,"(5, 2)",66a92e2b14da1ebeb591920c
40.0,24.0,3804,test,1890.0736852097255,1.0,1.0,"(5, 2)",66a92e2b14da1ebeb591920c
40.0,24.0,3805,test,1890.0736852097255,1.0,1.0,"(5, 2)",66a92e2b14da1ebeb591920c
40.0,24.0,3806,test,1890.0736852097255,1.0,1.0,"(5, 2)",66a92e2b14da1ebeb591920c
40.0,24.0,3807,test,1890.0736852097255,1.0,1.0,"(5, 2)",66a92e2b14da1ebeb591920c
41.250000000000284,24.0,3808,test,1891.3236852097257,1.0,1.0,"(5, 2)",66a92e2b14da1ebeb591920c
42.50000000000057,24.0,3809,test,1892.573685209726,1.0,1.0,"(5, 2)",66a92e2b14da1ebeb591920c
43.75000000000085,24.0,3810,test,1893.8236852097261,1.0,1.0,"(5, 2)",66a92e2b14da1ebeb591920c
45.00000000000114,24.0,3811,test,1895.0736852097264,1.0,1.0,"(5, 2)",66a92e2b14da1ebeb591920c
46.25000000000142,24.0,3812,test,1896.3236852097266,1.0,1.0,"(5, 2)",66a92e2b14da1ebeb591920c
47.500000000001705,24.0,3813,test,1897.5736852097268,1.0,1.0,"(5, 2)",66a92e2b14da1ebeb591920c
48.75000000000199,24.0,3814,test,1898.823685209727,1.0,1.0,"(5, 2)",66a92e2b14da1ebeb591920c
50.000000000002274,24.0,3815,test,1900.0736852097273,1.0,1.0,"(5, 2)",66a92e2b14da1ebeb591920c
51.25000000000256,24.0,3816,test,1901.3236852097275,1.0,1.0,"(5, 2)",66a92e2b14da1ebeb591920c
52.50000000000284,24.0,3817,test,1902.5736852097277,1.0,1.0,"(5, 2)",66a92e2b14da1ebeb591920c
53.750000000003126,24.0,3818,test,1903.823685209728,1.0,1.0,"(5, 2)",66a92e2b14da1ebeb591920c
55.00000000000341,24.0,3819,test,1905.0736852097282,1.0,1.0,"(5, 2)",66a92e2b14da1ebeb591920c
56.250000000003695,24.0,3820,test,1906.3236852097284,1.0,1.0,"(5, 2)",66a92e2b14da1ebeb591920c
57.50000000000398,24.0,3821,test,1907.5736852097286,1.0,1.0,"(5, 2)",66a92e2b14da1ebeb591920c
58.75000000000426,24.0,3822,test,1908.8236852097289,1.0,1.0,"(5, 2)",66a92e2b14da1ebeb591920c
60.00000000000455,24.0,3823,test,1910.073685209729,1.0,1.0,"(5, 2)",66a92e2b14da1ebeb591920c
61.25000000000483,24.0,3824,test,1911.3236852097293,1.0,1.0,"(5, 2)",66a92e2b14da1ebeb591920c
62.500000000005116,24.0,3825,test,1912.5736852097295,1.0,1.0,"(5, 2)",66a92e2b14da1ebeb591920c
63.7500000000054,24.0,3826,test,1913.8236852097298,1.0,1.0,"(5, 2)",66a92e2b14da1ebeb591920c
65.00000000000568,24.0,3827,test,1915.07368520973,1.0,1.0,"(5, 2)",66a92e2b14da1ebeb591920c
66.25000000000597,24.0,3828,test,1916.3236852097302,1.0,1.0,"(5, 2)",66a92e2b14da1ebeb591920c
67.50000000000625,24.0,3829,test,1917.5736852097305,1.0,1.0,"(5, 2)",66a92e2b14da1ebeb591920c
68.75000000000654,24.0,3830,test,1918.8236852097307,1.0,1.0,"(5, 2)",66a92e2b14da1ebeb591920c
70.00000000000682,24.0,3831,test,1920.073685209731,1.0,1.0,"(5, 2)",66a92e2b14da1ebeb591920c
71.2500000000071,24.0,3832,test,1921.3236852097311,1.0,1.0,"(5, 2)",66a92e2b14da1ebeb591920c
72.29803951736653,24.49189088134284,3833,test,1922.481417246558,1.0,1.0,"(5, 2)",66a92e2b14da1ebeb591920c
73.18739579836529,25.37026745516934,3834,test,1923.7314172465576,1.0,1.0,"(5, 2)",66a92e2b14da1ebeb591920c
74.07675207936404,26.24864402899584,3835,test,1924.9814172465572,1.0,1.0,"(5, 2)",66a92e2b14da1ebeb591920c
74.9661083603628,27.12702060282234,3836,test,1926.2314172465567,1.0,1.0,"(5, 2)",66a92e2b14da1ebeb591920c
75.85546464136155,28.00539717664884,3837,test,1927.4814172465562,1.0,1.0,"(5, 2)",66a92e2b14da1ebeb591920c
76.7448209223603,28.883773750475342,3838,test,1928.7314172465558,1.0,1.0,"(5, 2)",66a92e2b14da1ebeb591920c
77.63417720335906,29.762150324301842,3839,test,1929.9814172465553,1.0,1.0,"(5, 2)",66a92e2b14da1ebeb591920c
78.52353348435781,30.640526898128343,3840,test,1931.2314172465549,1.0,1.0,"(5, 2)",66a92e2b14da1ebeb591920c
79.41288976535657,31.518903471954843,3841,test,1932.4814172465544,1.0,1.0,"(5, 2)",66a92e2b14da1ebeb591920c
80.30224604635532,32.39728004578134,3842,test,1933.731417246554,1.0,1.0,"(5, 2)",66a92e2b14da1ebeb591920c
81.19160232735408,33.275656619607844,3843,test,1934.9814172465535,1.0,1.0,"(5, 2)",66a92e2b14da1ebeb591920c
82.08095860835283,34.154033193434344,3844,test,1936.231417246553,1.0,1.0,"(5, 2)",66a92e2b14da1ebeb591920c
82.97031488935158,35.032409767260845,3845,test,1937.4814172465526,1.0,1.0,"(5, 2)",66a92e2b14da1ebeb591920c
83.85967117035034,35.910786341087345,3846,test,1938.7314172465522,1.0,1.0,"(5, 2)",66a92e2b14da1ebeb591920c
84.7490274513491,36.789162914913845,3847,test,1939.9814172465517,1.0,1.0,"(5, 2)",66a92e2b14da1ebeb591920c
85.63838373234866,37.667539488740346,3848,test,1941.231417246552,1.0,1.0,"(5, 2)",66a92e2b14da1ebeb591920c
86.52774001334835,38.545916062566846,3849,test,1942.4814172465522,1.0,1.0,"(5, 2)",66a92e2b14da1ebeb591920c
87.41709629434803,39.424292636393346,3850,test,1943.7314172465524,1.0,1.0,"(5, 2)",66a92e2b14da1ebeb591920c
88.0,40.0,3851,test,1944.550694793281,1.0,1.0,"(5, 2)",66a92e2b14da1ebeb591920c
88.0,40.0,3852,test,1944.550694793281,1.0,1.0,"(5, 2)",66a92e2b14da1ebeb591920c
88.0,40.0,3853,test,1944.550694793281,1.0,1.0,"(5, 2)",66a92e2b14da1ebeb591920c
88.0,40.0,3854,test,1944.550694793281,1.0,1.0,"(5, 2)",66a92e2b14da1ebeb591920c
88.0,40.0,3855,test,1944.550694793281,1.0,1.0,"(5, 2)",66a92e2b14da1ebeb591920c
88.0,40.0,3856,test,1944.550694793281,1.0,1.0,"(5, 2)",66a92e2b14da1ebeb591920c
88.0,40.0,3857,test,1944.550694793281,1.0,1.0,"(5, 2)",66a92e2b14da1ebeb591920c
88.0,40.0,3858,test,1944.550694793281,1.0,1.0,"(5, 2)",66a92e2b14da1ebeb591920c
88.0,40.0,3859,test,1944.550694793281,1.0,1.0,"(5, 2)",66a92e2b14da1ebeb591920c
88.0,40.0,3860,test,1944.550694793281,1.0,1.0,"(5, 2)",66a92e2b14da1ebeb591920c
88.0,40.0,3861,test,1944.550694793281,1.0,1.0,"(5, 2)",66a92e2b14da1ebeb591920c
88.0,40.0,3862,test,1944.550694793281,1.0,1.0,"(5, 2)",66a92e2b14da1ebeb591920c
88.0,40.0,3863,test,1944.550694793281,1.0,1.0,"(5, 2)",66a92e2b14da1ebeb591920c
88.0,40.0,3864,test,1944.550694793281,1.0,1.0,"(5, 2)",66a92e2b14da1ebeb591920c
88.0,40.0,3865,test,1944.550694793281,1.0,1.0,"(5, 2)",66a92e2b14da1ebeb591920c
88.0,40.0,3866,test,1944.550694793281,1.0,1.0,"(5, 2)",66a92e2b14da1ebeb591920c
88.0,40.0,3867,test,1944.550694793281,1.0,1.0,"(5, 2)",66a92e2b14da1ebeb591920c
88.0,40.0,3868,test,1944.550694793281,1.0,1.0,"(5, 2)",66a92e2b14da1ebeb591920c
88.0,40.0,3869,test,1944.550694793281,1.0,1.0,"(5, 2)",66a92e2b14da1ebeb591920c
88.0,40.0,3870,test,1944.550694793281,1.0,1.0,"(5, 2)",66a92e2b14da1ebeb591920c
88.0,40.0,3871,test,1944.550694793281,1.0,1.0,"(5, 2)",66a92e2b14da1ebeb591920c
88.0,40.0,3872,test,1944.550694793281,1.0,1.0,"(5, 2)",66a92e2b14da1ebeb591920c
88.0,40.0,3873,test,1944.550694793281,1.0,1.0,"(5, 2)",66a92e2b14da1ebeb591920c
88.0,40.0,3874,test,1944.550694793281,1.0,1.0,"(5, 2)",66a92e2b14da1ebeb591920c
88.0,40.0,3875,test,1944.550694793281,1.0,1.0,"(5, 2)",66a92e2b14da1ebeb591920c
88.0,40.0,3876,test,1944.550694793281,1.0,1.0,"(5, 2)",66a92e2b14da1ebeb591920c
88.0,40.0,3877,test,1944.550694793281,1.0,1.0,"(5, 2)",66a92e2b14da1ebeb591920c
88.0,40.0,3878,test,1944.550694793281,1.0,1.0,"(5, 2)",66a92e2b14da1ebeb591920c
88.0,40.0,3879,test,1944.550694793281,1.0,1.0,"(5, 2)",66a92e2b14da1ebeb591920c
88.0,40.0,3880,test,1944.550694793281,1.0,1.0,"(5, 2)",66a92e2b14da1ebeb591920c
88.0,40.0,3881,test,1944.550694793281,1.0,1.0,"(5, 2)",66a92e2b14da1ebeb591920c
88.0,40.0,3882,test,1944.550694793281,1.0,1.0,"(5, 2)",66a92e2b14da1ebeb591920c
88.0,40.0,3883,test,1944.550694793281,1.0,1.0,"(5, 2)",66a92e2b14da1ebeb591920c
88.0,40.0,3884,test,1944.550694793281,1.0,1.0,"(5, 2)",66a92e2b14da1ebeb591920c
88.0,40.0,3885,test,1944.550694793281,1.0,1.0,"(5, 2)",66a92e2b14da1ebeb591920c
88.0,40.0,3886,test,1944.550694793281,1.0,1.0,"(5, 2)",66a92e2b14da1ebeb591920c
88.0,40.0,3887,test,1944.550694793281,1.0,1.0,"(5, 2)",66a92e2b14da1ebeb591920c
88.0,40.0,3888,test,1944.550694793281,1.0,1.0,"(5, 2)",66a92e2b14da1ebeb591920c
88.0,40.0,3889,test,1944.550694793281,1.0,1.0,"(5, 2)",66a92e2b14da1ebeb591920c
88.0,40.0,3890,test,1944.550694793281,1.0,1.0,"(5, 2)",66a92e2b14da1ebeb591920c
88.0,40.0,3891,test,1944.550694793281,1.0,1.0,"(5, 2)",66a92e2b14da1ebeb591920c
88.0,40.0,3892,test,1944.550694793281,1.0,1.0,"(5, 2)",66a92e2b14da1ebeb591920c
88.0,40.0,3893,test,1944.550694793281,1.0,1.0,"(5, 2)",66a92e2b14da1ebeb591920c
88.0,40.0,3894,test,1944.550694793281,1.0,1.0,"(5, 2)",66a92e2b14da1ebeb591920c
88.0,40.0,3895,test,1944.550694793281,1.0,1.0,"(5, 2)",66a92e2b14da1ebeb591920c
88.0,40.0,3896,test,1944.550694793281,1.0,1.0,"(5, 2)",66a92e2b14da1ebeb591920c
88.0,40.0,3897,test,1944.550694793281,1.0,1.0,"(5, 2)",66a92e2b14da1ebeb591920c
88.0,40.0,3898,test,1944.550694793281,1.0,1.0,"(5, 2)",66a92e2b14da1ebeb591920c
88.0,40.0,3899,test,1944.550694793281,1.0,1.0,"(5, 2)",66a92e2b14da1ebeb591920c
88.0,40.0,3900,test,1944.550694793281,1.0,1.0,"(5, 2)",66a92e2b14da1ebeb591920c
88.0,40.0,3901,test,1944.550694793281,1.0,1.0,"(5, 2)",66a92e2b14da1ebeb591920c
88.0,40.0,3902,test,1944.550694793281,1.0,1.0,"(5, 2)",66a92e2b14da1ebeb591920c
88.0,40.0,3903,test,1944.550694793281,1.0,1.0,"(5, 2)",66a92e2b14da1ebeb591920c
88.0,40.0,3904,test,1944.550694793281,1.0,1.0,"(5, 2)",66a92e2b14da1ebeb591920c
88.0,40.0,3905,test,1944.550694793281,1.0,1.0,"(5, 2)",66a92e2b14da1ebeb591920c
88.0,40.0,3906,test,1944.550694793281,1.0,1.0,"(5, 2)",66a92e2b14da1ebeb591920c
88.0,40.0,3907,test,1944.550694793281,1.0,1.0,"(5, 2)",66a92e2b14da1ebeb591920c
88.0,40.0,3908,test,1944.550694793281,1.0,1.0,"(5, 2)",66a92e2b14da1ebeb591920c
88.0,40.0,3909,test,1944.550694793281,1.0,1.0,"(5, 2)",66a92e2b14da1ebeb591920c
88.0,40.0,3910,test,1944.550694793281,1.0,1.0,"(5, 2)",66a92e2b14da1ebeb591920c
88.0,40.0,3911,test,1944.550694793281,1.0,1.0,"(5, 2)",66a92e2b14da1ebeb591920c
88.0,40.0,3912,test,1944.550694793281,1.0,1.0,"(5, 2)",66a92e2b14da1ebeb591920c
88.0,40.0,3913,test,1944.550694793281,1.0,1.0,"(5, 2)",66a92e2b14da1ebeb591920c
88.0,40.0,3914,test,1944.550694793281,1.0,1.0,"(5, 2)",66a92e2b14da1ebeb591920c
88.0,40.0,3915,test,1944.550694793281,1.0,1.0,"(5, 2)",66a92e2b14da1ebeb591920c
88.0,40.0,3916,test,1944.550694793281,1.0,1.0,"(5, 2)",66a92e2b14da1ebeb591920c
88.0,40.0,3917,test,1944.550694793281,1.0,1.0,"(5, 2)",66a92e2b14da1ebeb591920c
88.0,40.0,3918,test,1944.550694793281,1.0,1.0,"(5, 2)",66a92e2b14da1ebeb591920c
88.0,40.0,3919,test,1944.550694793281,1.0,1.0,"(5, 2)",66a92e2b14da1ebeb591920c
88.0,40.0,3920,test,1944.550694793281,1.0,1.0,"(5, 2)",66a92e2b14da1ebeb591920c
88.0,40.0,3921,test,1944.550694793281,1.0,1.0,"(5, 2)",66a92e2b14da1ebeb591920c
88.0,40.0,3922,test,1944.550694793281,1.0,1.0,"(5, 2)",66a92e2b14da1ebeb591920c
88.0,40.0,3923,test,1944.550694793281,1.0,1.0,"(5, 2)",66a92e2b14da1ebeb591920c
88.0,40.0,3924,test,1944.550694793281,1.0,1.0,"(5, 2)",66a92e2b14da1ebeb591920c
88.0,40.0,3925,test,1944.550694793281,1.0,1.0,"(5, 2)",66a92e2b14da1ebeb591920c
88.0,40.0,3926,test,1944.550694793281,1.0,1.0,"(5, 2)",66a92e2b14da1ebeb591920c
88.0,40.0,3927,test,1944.550694793281,1.0,1.0,"(5, 2)",66a92e2b14da1ebeb591920c
88.0,40.0,3928,test,1944.550694793281,1.0,1.0,"(5, 2)",66a92e2b14da1ebeb591920c
88.0,40.0,3929,test,1944.550694793281,1.0,1.0,"(5, 2)",66a92e2b14da1ebeb591920c
88.0,40.0,3930,test,1944.550694793281,1.0,1.0,"(5, 2)",66a92e2b14da1ebeb591920c
88.0,40.0,3931,test,1944.550694793281,1.0,1.0,"(5, 2)",66a92e2b14da1ebeb591920c
88.0,40.0,3932,test,1944.550694793281,1.0,1.0,"(5, 2)",66a92e2b14da1ebeb591920c
88.0,40.0,3933,test,1944.550694793281,1.0,1.0,"(5, 2)",66a92e2b14da1ebeb591920c
88.0,40.0,3934,test,1944.550694793281,1.0,1.0,"(5, 2)",66a92e2b14da1ebeb591920c
88.0,40.0,3935,test,1944.550694793281,1.0,1.0,"(5, 2)",66a92e2b14da1ebeb591920c
88.0,40.0,3936,test,1944.550694793281,1.0,1.0,"(5, 2)",66a92e2b14da1ebeb591920c
88.0,40.0,3937,test,1944.550694793281,1.0,1.0,"(5, 2)",66a92e2b14da1ebeb591920c
88.0,40.0,3938,test,1944.550694793281,1.0,1.0,"(5, 2)",66a92e2b14da1ebeb591920c
88.0,40.0,3939,test,1944.550694793281,1.0,1.0,"(5, 2)",66a92e2b14da1ebeb591920c
88.0,40.0,3940,test,1944.550694793281,1.0,1.0,"(5, 2)",66a92e2b14da1ebeb591920c
88.0,40.0,3941,test,1944.550694793281,1.0,1.0,"(5, 2)",66a92e2b14da1ebeb591920c
88.0,40.0,3942,test,1944.550694793281,1.0,1.0,"(5, 2)",66a92e2b14da1ebeb591920c
88.0,40.0,3943,test,1944.550694793281,1.0,1.0,"(5, 2)",66a92e2b14da1ebeb591920c
88.0,40.0,3944,test,1944.550694793281,1.0,1.0,"(5, 2)",66a92e2b14da1ebeb591920c
88.0,40.0,3945,test,1944.550694793281,1.0,1.0,"(5, 2)",66a92e2b14da1ebeb591920c
88.0,40.0,3946,test,1944.550694793281,1.0,1.0,"(5, 2)",66a92e2b14da1ebeb591920c
88.0,40.0,3947,test,1944.550694793281,1.0,1.0,"(5, 2)",66a92e2b14da1ebeb591920c
88.0,40.0,3948,test,1944.550694793281,1.0,1.0,"(5, 2)",66a92e2b14da1ebeb591920c
88.0,40.0,3949,test,1944.550694793281,1.0,1.0,"(5, 2)",66a92e2b14da1ebeb591920c
88.0,40.0,3950,test,1944.550694793281,1.0,1.0,"(5, 2)",66a92e2b14da1ebeb591920c
88.0,40.0,3951,test,1944.550694793281,1.0,1.0,"(5, 2)",66a92e2b14da1ebeb591920c
88.0,40.0,3952,test,1944.550694793281,1.0,1.0,"(5, 2)",66a92e2b14da1ebeb591920c
89.25000000000028,40.0,3953,test,1945.8006947932813,1.0,1.0,"(5, 2)",66a92e2b14da1ebeb591920c
90.50000000000057,40.0,3954,test,1947.0506947932815,1.0,1.0,"(5, 2)",66a92e2b14da1ebeb591920c
91.75000000000085,40.0,3955,test,1948.3006947932818,1.0,1.0,"(5, 2)",66a92e2b14da1ebeb591920c
93.00000000000114,40.0,3956,test,1949.550694793282,1.0,1.0,"(5, 2)",66a92e2b14da1ebeb591920c
94.25000000000142,40.0,3957,test,1950.8006947932822,1.0,1.0,"(5, 2)",66a92e2b14da1ebeb591920c
95.5000000000017,40.0,3958,test,1952.0506947932824,1.0,1.0,"(5, 2)",66a92e2b14da1ebeb591920c
96.75000000000199,40.0,3959,test,1953.3006947932827,1.0,1.0,"(5, 2)",66a92e2b14da1ebeb591920c
98.00000000000227,40.0,3960,test,1954.550694793283,1.0,1.0,"(5, 2)",66a92e2b14da1ebeb591920c
99.25000000000256,40.0,3961,test,1955.8006947932831,1.0,1.0,"(5, 2)",66a92e2b14da1ebeb591920c
100.50000000000284,40.0,3962,test,1957.0506947932834,1.0,1.0,"(5, 2)",66a92e2b14da1ebeb591920c
101.75000000000313,40.0,3963,test,1958.3006947932836,1.0,1.0,"(5, 2)",66a92e2b14da1ebeb591920c
103.00000000000341,40.0,3964,test,1959.5506947932838,1.0,1.0,"(5, 2)",66a92e2b14da1ebeb591920c
104.0,40.0,3965,test,1960.5506947932804,1.0,1.0,"(5, 2)",66a92e2b14da1ebeb591920c
104.0,40.0,3966,test,1960.5506947932804,1.0,1.0,"(5, 2)",66a92e2b14da1ebeb591920c
104.0,40.0,3967,test,1960.5506947932804,1.0,1.0,"(5, 2)",66a92e2b14da1ebeb591920c
104.0,40.0,3968,test,1960.5506947932804,1.0,1.0,"(5, 2)",66a92e2b14da1ebeb591920c
104.0,40.0,3969,test,1960.5506947932804,1.0,1.0,"(5, 2)",66a92e2b14da1ebeb591920c
104.0,40.0,3970,test,1960.5506947932804,1.0,1.0,"(5, 2)",66a92e2b14da1ebeb591920c
104.0,40.0,3971,test,1960.5506947932804,1.0,1.0,"(5, 2)",66a92e2b14da1ebeb591920c
104.0,40.0,3972,test,1960.5506947932804,1.0,1.0,"(5, 2)",66a92e2b14da1ebeb591920c
104.0,40.0,3973,test,1960.5506947932804,1.0,1.0,"(5, 2)",66a92e2b14da1ebeb591920c
104.0,40.0,3974,test,1960.5506947932804,1.0,1.0,"(5, 2)",66a92e2b14da1ebeb591920c
105.25000000000028,40.0,3975,test,1961.8006947932806,1.0,1.0,"(5, 2)",66a92e2b14da1ebeb591920c
106.50000000000057,40.0,3976,test,1963.0506947932809,1.0,1.0,"(5, 2)",66a92e2b14da1ebeb591920c
107.75000000000085,40.0,3977,test,1964.300694793281,1.0,1.0,"(5, 2)",66a92e2b14da1ebeb591920c
109.00000000000114,40.0,3978,test,1965.5506947932813,1.0,1.0,"(5, 2)",66a92e2b14da1ebeb591920c
110.25000000000142,40.0,3979,test,1966.8006947932815,1.0,1.0,"(5, 2)",66a92e2b14da1ebeb591920c
111.5000000000017,40.0,3980,test,1968.0506947932818,1.0,1.0,"(5, 2)",66a92e2b14da1ebeb591920c
112.75000000000199,40.0,3981,test,1969.300694793282,1.0,1.0,"(5, 2)",66a92e2b14da1ebeb591920c
114.00000000000227,40.0,3982,test,1970.5506947932822,1.0,1.0,"(5, 2)",66a92e2b14da1ebeb591920c
115.25000000000256,40.0,3983,test,1971.8006947932824,1.0,1.0,"(5, 2)",66a92e2b14da1ebeb591920c
116.50000000000284,40.0,3984,test,1973.0506947932827,1.0,1.0,"(5, 2)",66a92e2b14da1ebeb591920c
117.75000000000313,40.0,3985,test,1974.300694793283,1.0,1.0,"(5, 2)",66a92e2b14da1ebeb591920c
119.00000000000341,40.0,3986,test,1975.5506947932831,1.0,1.0,"(5, 2)",66a92e2b14da1ebeb591920c
120.0,40.0,3987,test,1976.5506947932797,1.0,1.0,"(5, 2)",66a92e2b14da1ebeb591920c
120.0,40.0,3988,test,1976.5506947932797,1.0,1.0,"(5, 2)",66a92e2b14da1ebeb591920c
120.0,40.0,3989,test,1976.5506947932797,1.0,1.0,"(5, 2)",66a92e2b14da1ebeb591920c
120.0,40.0,3990,test,1976.5506947932797,1.0,1.0,"(5, 2)",66a92e2b14da1ebeb591920c
120.0,40.0,3991,test,1976.5506947932797,1.0,1.0,"(5, 2)",66a92e2b14da1ebeb591920c
120.0,40.0,3992,test,1976.5506947932797,1.0,1.0,"(5, 2)",66a92e2b14da1ebeb591920c
120.0,40.0,3993,test,1976.5506947932797,1.0,1.0,"(5, 2)",66a92e2b14da1ebeb591920c
120.0,40.0,3994,test,1976.5506947932797,1.0,1.0,"(5, 2)",66a92e2b14da1ebeb591920c
120.0,40.0,3995,test,1976.5506947932797,1.0,1.0,"(5, 2)",66a92e2b14da1ebeb591920c
120.0,40.0,3996,test,1976.5506947932797,1.0,1.0,"(5, 2)",66a92e2b14da1ebeb591920c
120.0,40.0,3997,test,1976.5506947932797,1.0,1.0,"(5, 2)",66a92e2b14da1ebeb591920c
120.0,40.0,3998,test,1976.5506947932797,1.0,1.0,"(5, 2)",66a92e2b14da1ebeb591920c
120.0,40.0,3999,test,1976.5506947932797,1.0,1.0,"(5, 2)",66a92e2b14da1ebeb591920c
120.0,40.0,4000,test,1976.5506947932797,1.0,1.0,"(5, 2)",66a92e2b14da1ebeb591920c
120.0,40.0,4001,test,1976.5506947932797,1.0,1.0,"(5, 2)",66a92e2b14da1ebeb591920c
120.0,40.0,4002,test,1976.5506947932797,1.0,1.0,"(5, 2)",66a92e2b14da1ebeb591920c
120.0,40.0,4003,test,1976.5506947932797,1.0,1.0,"(5, 2)",66a92e2b14da1ebeb591920c
120.0,40.0,4004,test,1976.5506947932797,1.0,1.0,"(5, 2)",66a92e2b14da1ebeb591920c
120.0,40.0,4005,test,1976.5506947932797,1.0,1.0,"(5, 2)",66a92e2b14da1ebeb591920c
120.0,40.0,4006,test,1976.5506947932797,1.0,1.0,"(5, 2)",66a92e2b14da1ebeb591920c
120.0,40.0,4007,test,1976.5506947932797,1.0,1.0,"(5, 2)",66a92e2b14da1ebeb591920c
120.0,40.0,4008,test,1976.5506947932797,1.0,1.0,"(5, 2)",66a92e2b14da1ebeb591920c
120.0,40.0,4009,test,1976.5506947932797,1.0,1.0,"(5, 2)",66a92e2b14da1ebeb591920c
120.0,40.0,4010,test,1976.5506947932797,1.0,1.0,"(5, 2)",66a92e2b14da1ebeb591920c
120.0,40.0,4011,test,1976.5506947932797,1.0,1.0,"(5, 2)",66a92e2b14da1ebeb591920c
120.0,40.0,4012,test,1976.5506947932797,1.0,1.0,"(5, 2)",66a92e2b14da1ebeb591920c
120.0,40.0,4013,test,1976.5506947932797,1.0,1.0,"(5, 2)",66a92e2b14da1ebeb591920c
120.0,40.0,4014,test,1976.5506947932797,1.0,1.0,"(5, 2)",66a92e2b14da1ebeb591920c
120.0,40.0,4015,test,1976.5506947932797,1.0,1.0,"(5, 2)",66a92e2b14da1ebeb591920c
121.25000000000028,40.0,4016,test,1977.80069479328,1.0,1.0,"(5, 2)",66a92e2b14da1ebeb591920c
122.50000000000057,40.0,4017,test,1979.0506947932802,1.0,1.0,"(5, 2)",66a92e2b14da1ebeb591920c
123.75000000000085,40.0,4018,test,1980.3006947932804,1.0,1.0,"(5, 2)",66a92e2b14da1ebeb591920c
125.00000000000114,40.0,4019,test,1981.5506947932806,1.0,1.0,"(5, 2)",66a92e2b14da1ebeb591920c
126.25000000000142,40.0,4020,test,1982.8006947932809,1.0,1.0,"(5, 2)",66a92e2b14da1ebeb591920c
127.5000000000017,40.0,4021,test,1984.050694793281,1.0,1.0,"(5, 2)",66a92e2b14da1ebeb591920c
128.75000000000114,40.0,4022,test,1985.3006947932804,1.0,1.0,"(5, 2)",66a92e2b14da1ebeb591920c
130.0,40.0,4023,test,1986.5506947932793,1.0,1.0,"(5, 2)",66a92e2b14da1ebeb591920c
131.24999999999886,40.0,4024,test,1987.8006947932781,1.0,1.0,"(5, 2)",66a92e2b14da1ebeb591920c
132.49999999999773,40.0,4025,test,1989.050694793277,1.0,1.0,"(5, 2)",66a92e2b14da1ebeb591920c
133.7499999999966,40.0,4026,test,1990.3006947932759,1.0,1.0,"(5, 2)",66a92e2b14da1ebeb591920c
134.99999999999545,40.0,4027,test,1991.5506947932747,1.0,1.0,"(5, 2)",66a92e2b14da1ebeb591920c
136.0,40.0,4028,test,1992.5506947932793,1.0,1.0,"(5, 2)",66a92e2b14da1ebeb591920c
136.0,40.0,4029,test,1992.5506947932793,1.0,1.0,"(5, 2)",66a92e2b14da1ebeb591920c
136.0,40.0,4030,test,1992.5506947932793,1.0,1.0,"(5, 2)",66a92e2b14da1ebeb591920c
136.0,40.0,4031,test,1992.5506947932793,1.0,1.0,"(5, 2)",66a92e2b14da1ebeb591920c
136.0,40.0,4032,test,1992.5506947932793,1.0,1.0,"(5, 2)",66a92e2b14da1ebeb591920c
136.0,40.0,4033,test,1992.5506947932793,1.0,1.0,"(5, 2)",66a92e2b14da1ebeb591920c
136.0,40.0,4034,test,1992.5506947932793,1.0,1.0,"(5, 2)",66a92e2b14da1ebeb591920c
136.0,40.0,4035,test,1992.5506947932793,1.0,1.0,"(5, 2)",66a92e2b14da1ebeb591920c
136.0,40.0,4036,test,1992.5506947932793,1.0,1.0,"(5, 2)",66a92e2b14da1ebeb591920c
136.0,40.0,4037,test,1992.5506947932793,1.0,1.0,"(5, 2)",66a92e2b14da1ebeb591920c
136.0,40.0,4038,test,1992.5506947932793,1.0,1.0,"(5, 2)",66a92e2b14da1ebeb591920c
136.0,40.0,4039,test,1992.5506947932793,1.0,1.0,"(5, 2)",66a92e2b14da1ebeb591920c
136.0,40.0,4040,test,1992.5506947932793,1.0,1.0,"(5, 2)",66a92e2b14da1ebeb591920c
136.0,40.0,4041,test,1992.5506947932793,1.0,1.0,"(5, 2)",66a92e2b14da1ebeb591920c
136.0,40.0,4042,test,1992.5506947932793,1.0,1.0,"(5, 2)",66a92e2b14da1ebeb591920c
136.0,40.0,4043,test,1992.5506947932793,1.0,1.0,"(5, 2)",66a92e2b14da1ebeb591920c
136.0,40.0,4044,test,1992.5506947932793,1.0,1.0,"(5, 2)",66a92e2b14da1ebeb591920c
136.0,40.0,4045,test,1992.5506947932793,1.0,1.0,"(5, 2)",66a92e2b14da1ebeb591920c
136.0,40.0,4046,test,1992.5506947932793,1.0,1.0,"(5, 2)",66a92e2b14da1ebeb591920c
136.0,40.0,4047,test,1992.5506947932793,1.0,1.0,"(5, 2)",66a92e2b14da1ebeb591920c
136.0,40.0,4048,test,1992.5506947932793,1.0,1.0,"(5, 2)",66a92e2b14da1ebeb591920c
136.0,40.0,4049,test,1992.5506947932793,1.0,1.0,"(5, 2)",66a92e2b14da1ebeb591920c
136.0,40.0,4050,test,1992.5506947932793,1.0,1.0,"(5, 2)",66a92e2b14da1ebeb591920c
136.0,40.0,4051,test,1992.5506947932793,1.0,1.0,"(5, 2)",66a92e2b14da1ebeb591920c
136.0,40.0,4052,test,1992.5506947932793,1.0,1.0,"(5, 2)",66a92e2b14da1ebeb591920c
136.0,40.0,4053,test,1992.5506947932793,1.0,1.0,"(5, 2)",66a92e2b14da1ebeb591920c
136.0,40.0,4054,test,1992.5506947932793,1.0,1.0,"(5, 2)",66a92e2b14da1ebeb591920c
136.0,40.0,4055,test,1992.5506947932793,1.0,1.0,"(5, 2)",66a92e2b14da1ebeb591920c
136.0,40.0,4056,test,1992.5506947932793,1.0,1.0,"(5, 2)",66a92e2b14da1ebeb591920c
136.0,40.0,4057,test,1992.5506947932793,1.0,1.0,"(5, 2)",66a92e2b14da1ebeb591920c
136.0,40.0,4058,test,1992.5506947932793,1.0,1.0,"(5, 2)",66a92e2b14da1ebeb591920c
136.0,40.0,4059,test,1992.5506947932793,1.0,1.0,"(5, 2)",66a92e2b14da1ebeb591920c
136.0,40.0,4060,test,1992.5506947932793,1.0,1.0,"(5, 2)",66a92e2b14da1ebeb591920c
136.0,40.0,4061,test,1992.5506947932793,1.0,1.0,"(5, 2)",66a92e2b14da1ebeb591920c
136.0,40.0,4062,test,1992.5506947932793,1.0,1.0,"(5, 2)",66a92e2b14da1ebeb591920c
136.0,40.0,4063,test,1992.5506947932793,1.0,1.0,"(5, 2)",66a92e2b14da1ebeb591920c
136.0,40.0,4064,test,1992.5506947932793,1.0,1.0,"(5, 2)",66a92e2b14da1ebeb591920c
136.0,40.0,4065,test,1992.5506947932793,1.0,1.0,"(5, 2)",66a92e2b14da1ebeb591920c
136.0,40.0,4066,test,1992.5506947932793,1.0,1.0,"(5, 2)",66a92e2b14da1ebeb591920c
136.0,40.0,4067,test,1992.5506947932793,1.0,1.0,"(5, 2)",66a92e2b14da1ebeb591920c
136.0,40.0,4068,test,1992.5506947932793,1.0,1.0,"(5, 2)",66a92e2b14da1ebeb591920c
136.0,40.0,4069,test,1992.5506947932793,1.0,1.0,"(5, 2)",66a92e2b14da1ebeb591920c
136.0,40.0,4070,test,1992.5506947932793,1.0,1.0,"(5, 2)",66a92e2b14da1ebeb591920c
136.0,40.0,4071,test,1992.5506947932793,1.0,1.0,"(5, 2)",66a92e2b14da1ebeb591920c
136.0,40.0,4072,test,1992.5506947932793,1.0,1.0,"(5, 2)",66a92e2b14da1ebeb591920c
136.0,40.0,4073,test,1992.5506947932793,1.0,1.0,"(5, 2)",66a92e2b14da1ebeb591920c
136.0,40.0,4074,test,1992.5506947932793,1.0,1.0,"(5, 2)",66a92e2b14da1ebeb591920c
136.0,40.0,4075,test,1992.5506947932793,1.0,1.0,"(5, 2)",66a92e2b14da1ebeb591920c
136.0,40.0,4076,test,1992.5506947932793,1.0,1.0,"(5, 2)",66a92e2b14da1ebeb591920c
136.0,40.0,4077,test,1992.5506947932793,1.0,1.0,"(5, 2)",66a92e2b14da1ebeb591920c
136.0,40.0,4078,test,1992.5506947932793,1.0,1.0,"(5, 2)",66a92e2b14da1ebeb591920c
136.0,40.0,4079,test,1992.5506947932793,1.0,1.0,"(5, 2)",66a92e2b14da1ebeb591920c
136.0,40.0,4080,test,1992.5506947932793,1.0,1.0,"(5, 2)",66a92e2b14da1ebeb591920c
136.0,40.0,4081,test,1992.5506947932793,1.0,1.0,"(5, 2)",66a92e2b14da1ebeb591920c
136.0,40.0,4082,test,1992.5506947932793,1.0,1.0,"(5, 2)",66a92e2b14da1ebeb591920c
136.0,40.0,4083,test,1992.5506947932793,1.0,1.0,"(5, 2)",66a92e2b14da1ebeb591920c
136.0,40.0,4084,test,1992.5506947932793,1.0,1.0,"(5, 2)",66a92e2b14da1ebeb591920c
136.0,40.0,4085,test,1992.5506947932793,1.0,1.0,"(5, 2)",66a92e2b14da1ebeb591920c
136.0,40.0,4086,test,1992.5506947932793,1.0,1.0,"(5, 2)",66a92e2b14da1ebeb591920c
136.0,40.0,4087,test,1992.5506947932793,1.0,1.0,"(5, 2)",66a92e2b14da1ebeb591920c
136.0,40.0,4088,test,1992.5506947932793,1.0,1.0,"(5, 2)",66a92e2b14da1ebeb591920c
136.0,40.0,4089,test,1992.5506947932793,1.0,1.0,"(5, 2)",66a92e2b14da1ebeb591920c
136.0,40.0,4090,test,1992.5506947932793,1.0,1.0,"(5, 2)",66a92e2b14da1ebeb591920c
136.0,40.0,4091,test,1992.5506947932793,1.0,1.0,"(5, 2)",66a92e2b14da1ebeb591920c
136.0,40.0,4092,test,1992.5506947932793,1.0,1.0,"(5, 2)",66a92e2b14da1ebeb591920c
136.0,40.0,4093,test,1992.5506947932793,1.0,1.0,"(5, 2)",66a92e2b14da1ebeb591920c
136.0,40.0,4094,test,1992.5506947932793,1.0,1.0,"(5, 2)",66a92e2b14da1ebeb591920c
136.0,40.0,4095,test,1992.5506947932793,1.0,1.0,"(5, 2)",66a92e2b14da1ebeb591920c
136.0,40.0,4096,test,1992.5506947932793,1.0,1.0,"(5, 2)",66a92e2b14da1ebeb591920c
136.0,40.0,4097,test,1992.5506947932793,1.0,1.0,"(5, 2)",66a92e2b14da1ebeb591920c
136.0,40.0,4098,test,1992.5506947932793,1.0,1.0,"(5, 2)",66a92e2b14da1ebeb591920c
136.0,40.0,4099,test,1992.5506947932793,1.0,1.0,"(5, 2)",66a92e2b14da1ebeb591920c
136.0,40.0,4100,test,1992.5506947932793,1.0,1.0,"(5, 2)",66a92e2b14da1ebeb591920c
136.0,40.0,4101,test,1992.5506947932793,1.0,1.0,"(5, 2)",66a92e2b14da1ebeb591920c
136.0,40.0,4102,test,1992.5506947932793,1.0,1.0,"(5, 2)",66a92e2b14da1ebeb591920c
136.0,40.0,4103,test,1992.5506947932793,1.0,1.0,"(5, 2)",66a92e2b14da1ebeb591920c
136.0,40.0,4104,test,1992.5506947932793,1.0,1.0,"(5, 2)",66a92e2b14da1ebeb591920c
136.0,40.0,4105,test,1992.5506947932793,1.0,1.0,"(5, 2)",66a92e2b14da1ebeb591920c
136.0,40.0,4106,test,1992.5506947932793,1.0,1.0,"(5, 2)",66a92e2b14da1ebeb591920c
136.0,40.0,4107,test,1992.5506947932793,1.0,1.0,"(5, 2)",66a92e2b14da1ebeb591920c
136.0,40.0,4108,test,1992.5506947932793,1.0,1.0,"(5, 2)",66a92e2b14da1ebeb591920c
136.0,40.0,4109,test,1992.5506947932793,1.0,1.0,"(5, 2)",66a92e2b14da1ebeb591920c
136.0,40.0,4110,test,1992.5506947932793,1.0,1.0,"(5, 2)",66a92e2b14da1ebeb591920c
136.0,40.0,4111,test,1992.5506947932793,1.0,1.0,"(5, 2)",66a92e2b14da1ebeb591920c
136.0,40.0,4112,test,1992.5506947932793,1.0,1.0,"(5, 2)",66a92e2b14da1ebeb591920c
136.0,40.0,4113,test,1992.5506947932793,1.0,1.0,"(5, 2)",66a92e2b14da1ebeb591920c
136.0,40.0,4114,test,1992.5506947932793,1.0,1.0,"(5, 2)",66a92e2b14da1ebeb591920c
136.0,40.0,4115,test,1992.5506947932793,1.0,1.0,"(5, 2)",66a92e2b14da1ebeb591920c
136.0,40.0,4116,test,1992.5506947932793,1.0,1.0,"(5, 2)",66a92e2b14da1ebeb591920c
136.0,40.0,4117,test,1992.5506947932793,1.0,1.0,"(5, 2)",66a92e2b14da1ebeb591920c
136.0,40.0,4118,test,1992.5506947932793,1.0,1.0,"(5, 2)",66a92e2b14da1ebeb591920c
136.0,40.0,4119,test,1992.5506947932793,1.0,1.0,"(5, 2)",66a92e2b14da1ebeb591920c
136.0,40.0,4120,test,1992.5506947932793,1.0,1.0,"(5, 2)",66a92e2b14da1ebeb591920c
136.0,40.0,4121,test,1992.5506947932793,1.0,1.0,"(5, 2)",66a92e2b14da1ebeb591920c
136.0,40.0,4122,test,1992.5506947932793,1.0,1.0,"(5, 2)",66a92e2b14da1ebeb591920c
136.0,40.0,4123,test,1992.5506947932793,1.0,1.0,"(5, 2)",66a92e2b14da1ebeb591920c
136.0,40.0,4124,test,1992.5506947932793,1.0,1.0,"(5, 2)",66a92e2b14da1ebeb591920c
136.0,40.0,4125,test,1992.5506947932793,1.0,1.0,"(5, 2)",66a92e2b14da1ebeb591920c
136.0,40.0,4126,test,1992.5506947932793,1.0,1.0,"(5, 2)",66a92e2b14da1ebeb591920c
136.0,40.0,4127,test,1992.5506947932793,1.0,1.0,"(5, 2)",66a92e2b14da1ebeb591920c
136.0,40.0,4128,test,1992.5506947932793,1.0,1.0,"(5, 2)",66a92e2b14da1ebeb591920c
136.0,40.0,4129,test,1992.5506947932793,1.0,1.0,"(5, 2)",66a92e2b14da1ebeb591920c
136.0,40.0,4130,test,1992.5506947932793,1.0,1.0,"(5, 2)",66a92e2b14da1ebeb591920c
136.0,40.0,4131,test,1992.5506947932793,1.0,1.0,"(5, 2)",66a92e2b14da1ebeb591920c
136.0,40.0,4132,test,1992.5506947932793,1.0,1.0,"(5, 2)",66a92e2b14da1ebeb591920c
136.0,40.0,4133,test,1992.5506947932793,1.0,1.0,"(5, 2)",66a92e2b14da1ebeb591920c
136.0,40.0,4134,test,1992.5506947932793,1.0,1.0,"(5, 2)",66a92e2b14da1ebeb591920c
136.0,40.0,4135,test,1992.5506947932793,1.0,1.0,"(5, 2)",66a92e2b14da1ebeb591920c
136.0,40.0,4136,test,1992.5506947932793,1.0,1.0,"(5, 2)",66a92e2b14da1ebeb591920c
136.0,40.0,4137,test,1992.5506947932793,1.0,1.0,"(5, 2)",66a92e2b14da1ebeb591920c
136.0,40.0,4138,test,1992.5506947932793,1.0,1.0,"(5, 2)",66a92e2b14da1ebeb591920c
136.0,40.0,4139,test,1992.5506947932793,1.0,1.0,"(5, 2)",66a92e2b14da1ebeb591920c
136.0,40.0,4140,test,1992.5506947932793,1.0,1.0,"(5, 2)",66a92e2b14da1ebeb591920c
136.0,40.0,4141,test,1992.5506947932793,1.0,1.0,"(5, 2)",66a92e2b14da1ebeb591920c
136.0,40.0,4142,test,1992.5506947932793,1.0,1.0,"(5, 2)",66a92e2b14da1ebeb591920c
136.0,40.0,4143,test,1992.5506947932793,1.0,1.0,"(5, 2)",66a92e2b14da1ebeb591920c
136.0,40.0,4144,test,1992.5506947932793,1.0,1.0,"(5, 2)",66a92e2b14da1ebeb591920c
136.0,40.0,4145,test,1992.5506947932793,1.0,1.0,"(5, 2)",66a92e2b14da1ebeb591920c
136.0,40.0,4146,test,1992.5506947932793,1.0,1.0,"(5, 2)",66a92e2b14da1ebeb591920c
136.0,40.0,4147,test,1992.5506947932793,1.0,1.0,"(5, 2)",66a92e2b14da1ebeb591920c
136.0,40.0,4148,test,1992.5506947932793,1.0,1.0,"(5, 2)",66a92e2b14da1ebeb591920c
136.0,40.0,4149,test,1992.5506947932793,1.0,1.0,"(5, 2)",66a92e2b14da1ebeb591920c
136.0,40.0,4150,test,1992.5506947932793,1.0,1.0,"(5, 2)",66a92e2b14da1ebeb591920c
136.0,40.0,4151,test,1992.5506947932793,1.0,1.0,"(5, 2)",66a92e2b14da1ebeb591920c
136.0,40.0,4152,test,1992.5506947932793,1.0,1.0,"(5, 2)",66a92e2b14da1ebeb591920c
136.0,40.0,4153,test,1992.5506947932793,1.0,1.0,"(5, 2)",66a92e2b14da1ebeb591920c
136.0,40.0,4154,test,1992.5506947932793,1.0,1.0,"(5, 2)",66a92e2b14da1ebeb591920c
136.0,40.0,4155,test,1992.5506947932793,1.0,1.0,"(5, 2)",66a92e2b14da1ebeb591920c
136.0,40.0,4156,test,1992.5506947932793,1.0,1.0,"(5, 2)",66a92e2b14da1ebeb591920c
136.0,40.0,4157,test,1992.5506947932793,1.0,1.0,"(5, 2)",66a92e2b14da1ebeb591920c
136.0,40.0,4158,test,1992.5506947932793,1.0,1.0,"(5, 2)",66a92e2b14da1ebeb591920c
136.0,40.0,4159,test,1992.5506947932793,1.0,1.0,"(5, 2)",66a92e2b14da1ebeb591920c
136.0,40.0,4160,test,1992.5506947932793,1.0,1.0,"(5, 2)",66a92e2b14da1ebeb591920c
136.0,40.0,4161,test,1992.5506947932793,1.0,1.0,"(5, 2)",66a92e2b14da1ebeb591920c
136.0,40.0,4162,test,1992.5506947932793,1.0,1.0,"(5, 2)",66a92e2b14da1ebeb591920c
136.0,40.0,4163,test,1992.5506947932793,1.0,1.0,"(5, 2)",66a92e2b14da1ebeb591920c
136.0,40.0,4164,test,1992.5506947932793,1.0,1.0,"(5, 2)",66a92e2b14da1ebeb591920c
136.0,40.0,4165,test,1992.5506947932793,1.0,1.0,"(5, 2)",66a92e2b14da1ebeb591920c
136.0,40.0,4166,test,1992.5506947932793,1.0,1.0,"(5, 2)",66a92e2b14da1ebeb591920c
136.0,40.0,4167,test,1992.5506947932793,1.0,1.0,"(5, 2)",66a92e2b14da1ebeb591920c
136.0,40.0,4168,test,1992.5506947932793,1.0,1.0,"(5, 2)",66a92e2b14da1ebeb591920c
136.0,40.0,4169,test,1992.5506947932793,1.0,1.0,"(5, 2)",66a92e2b14da1ebeb591920c
136.0,40.0,4170,test,1992.5506947932793,1.0,1.0,"(5, 2)",66a92e2b14da1ebeb591920c
136.0,40.0,4171,test,1992.5506947932793,1.0,1.0,"(5, 2)",66a92e2b14da1ebeb591920c
136.0,40.0,4172,test,1992.5506947932793,1.0,1.0,"(5, 2)",66a92e2b14da1ebeb591920c
136.0,40.0,4173,test,1992.5506947932793,1.0,1.0,"(5, 2)",66a92e2b14da1ebeb591920c
136.0,40.0,4174,test,1992.5506947932793,1.0,1.0,"(5, 2)",66a92e2b14da1ebeb591920c
136.0,40.0,4175,test,1992.5506947932793,1.0,1.0,"(5, 2)",66a92e2b14da1ebeb591920c
136.0,40.0,4176,test,1992.5506947932793,1.0,1.0,"(5, 2)",66a92e2b14da1ebeb591920c
136.0,40.0,4177,test,1992.5506947932793,1.0,1.0,"(5, 2)",66a92e2b14da1ebeb591920c
136.0,40.0,4178,test,1992.5506947932793,1.0,1.0,"(5, 2)",66a92e2b14da1ebeb591920c
136.0,40.0,4179,test,1992.5506947932793,1.0,1.0,"(5, 2)",66a92e2b14da1ebeb591920c
136.0,40.0,4180,test,1992.5506947932793,1.0,1.0,"(5, 2)",66a92e2b14da1ebeb591920c
136.0,40.0,4181,test,1992.5506947932793,1.0,1.0,"(5, 2)",66a92e2b14da1ebeb591920c
136.0,40.0,4182,test,1992.5506947932793,1.0,1.0,"(5, 2)",66a92e2b14da1ebeb591920c
136.0,40.0,4183,test,1992.5506947932793,1.0,1.0,"(5, 2)",66a92e2b14da1ebeb591920c
136.0,40.0,4184,test,1992.5506947932793,1.0,1.0,"(5, 2)",66a92e2b14da1ebeb591920c
136.0,40.0,4185,test,1992.5506947932793,1.0,1.0,"(5, 2)",66a92e2b14da1ebeb591920c
136.0,40.0,4186,test,1992.5506947932793,1.0,1.0,"(5, 2)",66a92e2b14da1ebeb591920c
136.0,40.0,4187,test,1992.5506947932793,1.0,1.0,"(5, 2)",66a92e2b14da1ebeb591920c
136.0,40.0,4188,test,1992.5506947932793,1.0,1.0,"(5, 2)",66a92e2b14da1ebeb591920c
136.0,40.0,4189,test,1992.5506947932793,1.0,1.0,"(5, 2)",66a92e2b14da1ebeb591920c
136.0,40.0,4190,test,1992.5506947932793,1.0,1.0,"(5, 2)",66a92e2b14da1ebeb591920c
136.0,40.0,4191,test,1992.5506947932793,1.0,1.0,"(5, 2)",66a92e2b14da1ebeb591920c
136.0,40.0,4192,test,1992.5506947932793,1.0,1.0,"(5, 2)",66a92e2b14da1ebeb591920c
136.0,40.0,4193,test,1992.5506947932793,1.0,1.0,"(5, 2)",66a92e2b14da1ebeb591920c
136.0,40.0,4194,test,1992.5506947932793,1.0,1.0,"(5, 2)",66a92e2b14da1ebeb591920c
136.0,40.0,4195,test,1992.5506947932793,1.0,1.0,"(5, 2)",66a92e2b14da1ebeb591920c
136.0,40.0,4196,test,1992.5506947932793,1.0,1.0,"(5, 2)",66a92e2b14da1ebeb591920c
136.0,40.0,4197,test,1992.5506947932793,1.0,1.0,"(5, 2)",66a92e2b14da1ebeb591920c
136.0,40.0,4198,test,1992.5506947932793,1.0,1.0,"(5, 2)",66a92e2b14da1ebeb591920c
136.0,40.0,4199,test,1992.5506947932793,1.0,1.0,"(5, 2)",66a92e2b14da1ebeb591920c
136.0,40.0,4200,test,1992.5506947932793,1.0,1.0,"(5, 2)",66a92e2b14da1ebeb591920c
136.0,40.0,4201,test,1992.5506947932793,1.0,1.0,"(5, 2)",66a92e2b14da1ebeb591920c
136.0,40.0,4202,test,1992.5506947932793,1.0,1.0,"(5, 2)",66a92e2b14da1ebeb591920c
136.0,40.0,4203,test,1992.5506947932793,1.0,1.0,"(5, 2)",66a92e2b14da1ebeb591920c
136.0,40.0,4204,test,1992.5506947932793,1.0,1.0,"(5, 2)",66a92e2b14da1ebeb591920c
136.0,40.0,4205,test,1992.5506947932793,1.0,1.0,"(5, 2)",66a92e2b14da1ebeb591920c
136.0,40.0,4206,test,1992.5506947932793,1.0,1.0,"(5, 2)",66a92e2b14da1ebeb591920c
136.0,40.0,4207,test,1992.5506947932793,1.0,1.0,"(5, 2)",66a92e2b14da1ebeb591920c
136.0,40.0,4208,test,1992.5506947932793,1.0,1.0,"(5, 2)",66a92e2b14da1ebeb591920c
136.0,40.0,4209,test,1992.5506947932793,1.0,1.0,"(5, 2)",66a92e2b14da1ebeb591920c
136.0,40.0,4210,test,1992.5506947932793,1.0,1.0,"(5, 2)",66a92e2b14da1ebeb591920c
136.0,40.0,4211,test,1992.5506947932793,1.0,1.0,"(5, 2)",66a92e2b14da1ebeb591920c
136.0,40.0,4212,test,1992.5506947932793,1.0,1.0,"(5, 2)",66a92e2b14da1ebeb591920c
136.0,40.0,4213,test,1992.5506947932793,1.0,1.0,"(5, 2)",66a92e2b14da1ebeb591920c
136.0,40.0,4214,test,1992.5506947932793,1.0,1.0,"(5, 2)",66a92e2b14da1ebeb591920c
136.0,40.0,4215,test,1992.5506947932793,1.0,1.0,"(5, 2)",66a92e2b14da1ebeb591920c
136.0,40.0,4216,test,1992.5506947932793,1.0,1.0,"(5, 2)",66a92e2b14da1ebeb591920c
136.0,40.0,4217,test,1992.5506947932793,1.0,1.0,"(5, 2)",66a92e2b14da1ebeb591920c
136.0,40.0,4218,test,1992.5506947932793,1.0,1.0,"(5, 2)",66a92e2b14da1ebeb591920c
136.0,40.0,4219,test,1992.5506947932793,1.0,1.0,"(5, 2)",66a92e2b14da1ebeb591920c
134.75000000000114,40.0,4220,test,1993.8006947932781,1.0,1.0,"(5, 2)",66a92e2b14da1ebeb591920c
133.50000000000227,40.0,4221,test,1995.050694793277,1.0,1.0,"(5, 2)",66a92e2b14da1ebeb591920c
132.2500000000034,40.0,4222,test,1996.3006947932759,1.0,1.0,"(5, 2)",66a92e2b14da1ebeb591920c
131.00000000000455,40.0,4223,test,1997.5506947932747,1.0,1.0,"(5, 2)",66a92e2b14da1ebeb591920c
129.75000000000568,40.0,4224,test,1998.8006947932736,1.0,1.0,"(5, 2)",66a92e2b14da1ebeb591920c
128.50000000000682,40.0,4225,test,2000.0506947932724,1.0,1.0,"(5, 2)",66a92e2b14da1ebeb591920c
127.2500000000071,40.0,4226,test,2001.3006947932722,1.0,1.0,"(5, 2)",66a92e2b14da1ebeb591920c
126.00000000000682,40.0,4227,test,2002.5506947932724,1.0,1.0,"(5, 2)",66a92e2b14da1ebeb591920c
124.75000000000654,40.0,4228,test,2003.8006947932727,1.0,1.0,"(5, 2)",66a92e2b14da1ebeb591920c
123.50000000000625,40.0,4229,test,2005.050694793273,1.0,1.0,"(5, 2)",66a92e2b14da1ebeb591920c
122.25000000000597,40.0,4230,test,2006.3006947932731,1.0,1.0,"(5, 2)",66a92e2b14da1ebeb591920c
121.00000000000568,40.0,4231,test,2007.5506947932734,1.0,1.0,"(5, 2)",66a92e2b14da1ebeb591920c
119.7500000000054,40.0,4232,test,2008.8006947932736,1.0,1.0,"(5, 2)",66a92e2b14da1ebeb591920c
118.50000000000512,40.0,4233,test,2010.0506947932738,1.0,1.0,"(5, 2)",66a92e2b14da1ebeb591920c
117.25000000000483,40.0,4234,test,2011.300694793274,1.0,1.0,"(5, 2)",66a92e2b14da1ebeb591920c
116.00000000000455,40.0,4235,test,2012.5506947932743,1.0,1.0,"(5, 2)",66a92e2b14da1ebeb591920c
114.75000000000426,40.0,4236,test,2013.8006947932745,1.0,1.0,"(5, 2)",66a92e2b14da1ebeb591920c
113.50000000000398,40.0,4237,test,2015.0506947932747,1.0,1.0,"(5, 2)",66a92e2b14da1ebeb591920c
112.2500000000037,40.0,4238,test,2016.300694793275,1.0,1.0,"(5, 2)",66a92e2b14da1ebeb591920c
111.00000000000341,40.0,4239,test,2017.5506947932752,1.0,1.0,"(5, 2)",66a92e2b14da1ebeb591920c
109.75000000000313,40.0,4240,test,2018.8006947932754,1.0,1.0,"(5, 2)",66a92e2b14da1ebeb591920c
108.50000000000284,40.0,4241,test,2020.0506947932756,1.0,1.0,"(5, 2)",66a92e2b14da1ebeb591920c
107.25000000000256,40.0,4242,test,2021.3006947932759,1.0,1.0,"(5, 2)",66a92e2b14da1ebeb591920c
106.00000000000227,40.0,4243,test,2022.550694793276,1.0,1.0,"(5, 2)",66a92e2b14da1ebeb591920c
104.75000000000199,40.0,4244,test,2023.8006947932763,1.0,1.0,"(5, 2)",66a92e2b14da1ebeb591920c
103.5000000000017,40.0,4245,test,2025.0506947932765,1.0,1.0,"(5, 2)",66a92e2b14da1ebeb591920c
102.25000000000142,40.0,4246,test,2026.3006947932768,1.0,1.0,"(5, 2)",66a92e2b14da1ebeb591920c
101.00000000000114,40.0,4247,test,2027.550694793277,1.0,1.0,"(5, 2)",66a92e2b14da1ebeb591920c
99.75000000000085,40.0,4248,test,2028.8006947932772,1.0,1.0,"(5, 2)",66a92e2b14da1ebeb591920c
98.50000000000057,40.0,4249,test,2030.0506947932774,1.0,1.0,"(5, 2)",66a92e2b14da1ebeb591920c
97.25000000000028,40.0,4250,test,2031.3006947932777,1.0,1.0,"(5, 2)",66a92e2b14da1ebeb591920c
96.0,40.0,4251,test,2032.550694793278,1.0,1.0,"(5, 2)",66a92e2b14da1ebeb591920c
94.74999999999972,40.0,4252,test,2033.8006947932781,1.0,1.0,"(5, 2)",66a92e2b14da1ebeb591920c
93.49999999999943,40.0,4253,test,2035.0506947932784,1.0,1.0,"(5, 2)",66a92e2b14da1ebeb591920c
92.24999999999915,40.0,4254,test,2036.3006947932786,1.0,1.0,"(5, 2)",66a92e2b14da1ebeb591920c
90.99999999999886,40.0,4255,test,2037.5506947932788,1.0,1.0,"(5, 2)",66a92e2b14da1ebeb591920c
89.74999999999858,40.0,4256,test,2038.800694793279,1.0,1.0,"(5, 2)",66a92e2b14da1ebeb591920c
88.4999999999983,40.0,4257,test,2040.0506947932793,1.0,1.0,"(5, 2)",66a92e2b14da1ebeb591920c
87.24999999999801,40.0,4258,test,2041.3006947932795,1.0,1.0,"(5, 2)",66a92e2b14da1ebeb591920c
85.99999999999773,40.0,4259,test,2042.5506947932797,1.0,1.0,"(5, 2)",66a92e2b14da1ebeb591920c
84.74999999999744,40.0,4260,test,2043.80069479328,1.0,1.0,"(5, 2)",66a92e2b14da1ebeb591920c
83.49999999999716,40.0,4261,test,2045.0506947932802,1.0,1.0,"(5, 2)",66a92e2b14da1ebeb591920c
82.24999999999687,40.0,4262,test,2046.3006947932804,1.0,1.0,"(5, 2)",66a92e2b14da1ebeb591920c
80.99999999999659,40.0,4263,test,2047.5506947932806,1.0,1.0,"(5, 2)",66a92e2b14da1ebeb591920c
79.7499999999963,40.0,4264,test,2048.800694793281,1.0,1.0,"(5, 2)",66a92e2b14da1ebeb591920c
78.49999999999602,40.0,4265,test,2050.0506947932813,1.0,1.0,"(5, 2)",66a92e2b14da1ebeb591920c
77.24999999999574,40.0,4266,test,2051.3006947932818,1.0,1.0,"(5, 2)",66a92e2b14da1ebeb591920c
75.99999999999545,40.0,4267,test,2052.550694793282,1.0,1.0,"(5, 2)",66a92e2b14da1ebeb591920c
74.74999999999517,40.0,4268,test,2053.8006947932827,1.0,1.0,"(5, 2)",66a92e2b14da1ebeb591920c
73.49999999999488,40.0,4269,test,2055.050694793283,1.0,1.0,"(5, 2)",66a92e2b14da1ebeb591920c
72.2499999999946,40.0,4270,test,2056.3006947932836,1.0,1.0,"(5, 2)",66a92e2b14da1ebeb591920c
71.34621797023578,40.84324151087344,4271,test,2057.536768497791,1.0,1.0,"(5, 2)",66a92e2b14da1ebeb591920c
70.45686168923703,41.72161808469994,4272,test,2058.7867684977905,1.0,1.0,"(5, 2)",66a92e2b14da1ebeb591920c
69.56750540823828,42.59999465852644,4273,test,2060.03676849779,1.0,1.0,"(5, 2)",66a92e2b14da1ebeb591920c
68.67814912723952,43.47837123235294,4274,test,2061.2867684977896,1.0,1.0,"(5, 2)",66a92e2b14da1ebeb591920c
67.78879284624077,44.35674780617944,4275,test,2062.536768497789,1.0,1.0,"(5, 2)",66a92e2b14da1ebeb591920c
66.89943656524201,45.23512438000594,4276,test,2063.7867684977887,1.0,1.0,"(5, 2)",66a92e2b14da1ebeb591920c
66.01008028424326,46.11350095383244,4277,test,2065.036768497788,1.0,1.0,"(5, 2)",66a92e2b14da1ebeb591920c
65.1207240032445,46.99187752765894,4278,test,2066.2867684977878,1.0,1.0,"(5, 2)",66a92e2b14da1ebeb591920c
64.23136772224575,47.87025410148544,4279,test,2067.5367684977873,1.0,1.0,"(5, 2)",66a92e2b14da1ebeb591920c
63.34201144124647,48.748630675311944,4280,test,2068.7867684977873,1.0,1.0,"(5, 2)",66a92e2b14da1ebeb591920c
62.452655160247005,49.627007249138444,4281,test,2070.0367684977873,1.0,1.0,"(5, 2)",66a92e2b14da1ebeb591920c
61.56329887924754,50.505383822964944,4282,test,2071.2867684977873,1.0,1.0,"(5, 2)",66a92e2b14da1ebeb591920c
60.673942598248075,51.383760396791445,4283,test,2072.5367684977873,1.0,1.0,"(5, 2)",66a92e2b14da1ebeb591920c
59.78458631724861,52.262136970617945,4284,test,2073.7867684977873,1.0,1.0,"(5, 2)",66a92e2b14da1ebeb591920c
58.895230036249146,53.140513544444445,4285,test,2075.0367684977873,1.0,1.0,"(5, 2)",66a92e2b14da1ebeb591920c
58.00587375524984,54.018890118270946,4286,test,2076.2867684977873,1.0,1.0,"(5, 2)",66a92e2b14da1ebeb591920c
57.11651747425088,54.897266692097446,4287,test,2077.5367684977873,1.0,1.0,"(5, 2)",66a92e2b14da1ebeb591920c
56.22716119325191,55.77564326592395,4288,test,2078.7867684977873,1.0,1.0,"(5, 2)",66a92e2b14da1ebeb591920c
56.17738686261072,57.01069430832928,4289,test,2080.0228221217603,1.0,1.0,"(5, 2)",66a92e2b14da1ebeb591920c
56.16259511323443,58.26060678692539,4290,test,2081.2728221217603,1.0,1.0,"(5, 2)",66a92e2b14da1ebeb591920c
56.147803363858145,59.51051926552151,4291,test,2082.5228221217603,1.0,1.0,"(5, 2)",66a92e2b14da1ebeb591920c
56.13301161448186,60.760431744117625,4292,test,2083.7728221217603,1.0,1.0,"(5, 2)",66a92e2b14da1ebeb591920c
56.11821986510557,62.01034422271374,4293,test,2085.0228221217603,1.0,1.0,"(5, 2)",66a92e2b14da1ebeb591920c
56.10342811572929,63.26025670130986,4294,test,2086.2728221217603,1.0,1.0,"(5, 2)",66a92e2b14da1ebeb591920c
56.088636366353,64.51016917990597,4295,test,2087.5228221217603,1.0,1.0,"(5, 2)",66a92e2b14da1ebeb591920c
56.073844616976714,65.76008165850209,4296,test,2088.7728221217603,1.0,1.0,"(5, 2)",66a92e2b14da1ebeb591920c
56.05905286760043,67.0099941370982,4297,test,2090.0228221217603,1.0,1.0,"(5, 2)",66a92e2b14da1ebeb591920c
56.04426111822414,68.25990661569432,4298,test,2091.2728221217603,1.0,1.0,"(5, 2)",66a92e2b14da1ebeb591920c
56.029469368847856,69.50981909429044,4299,test,2092.5228221217603,1.0,1.0,"(5, 2)",66a92e2b14da1ebeb591920c
56.01467761947157,70.75973157288655,4300,test,2093.7728221217603,1.0,1.0,"(5, 2)",66a92e2b14da1ebeb591920c
56.00222472414715,72.0096580529717,4301,test,2095.0228106337954,1.0,1.0,"(5, 2)",66a92e2b14da1ebeb591920c
56.00205081259674,73.25965804087429,4302,test,2096.272810633796,1.0,1.0,"(5, 2)",66a92e2b14da1ebeb591920c
56.00187690104634,74.50965802877687,4303,test,2097.5228106337963,1.0,1.0,"(5, 2)",66a92e2b14da1ebeb591920c
56.00170298949593,75.75965801667945,4304,test,2098.772810633797,1.0,1.0,"(5, 2)",66a92e2b14da1ebeb591920c
56.00152907794553,77.00965800458204,4305,test,2100.0228106337972,1.0,1.0,"(5, 2)",66a92e2b14da1ebeb591920c
56.00135516639512,78.25965799248462,4306,test,2101.2728106337977,1.0,1.0,"(5, 2)",66a92e2b14da1ebeb591920c
56.00118125484472,79.5096579803872,4307,test,2102.522810633798,1.0,1.0,"(5, 2)",66a92e2b14da1ebeb591920c
56.00100734329431,80.75965796828979,4308,test,2103.7728106337986,1.0,1.0,"(5, 2)",66a92e2b14da1ebeb591920c
56.0008334317442,82.00965795619237,4309,test,2105.022810633799,1.0,1.0,"(5, 2)",66a92e2b14da1ebeb591920c
56.00065952019415,83.25965794409495,4310,test,2106.2728106337995,1.0,1.0,"(5, 2)",66a92e2b14da1ebeb591920c
56.0004856086441,84.50965793199754,4311,test,2107.5228106338,1.0,1.0,"(5, 2)",66a92e2b14da1ebeb591920c
56.00031169709405,85.75965791990012,4312,test,2108.7728106338004,1.0,1.0,"(5, 2)",66a92e2b14da1ebeb591920c
56.000137785544,87.0096579078027,4313,test,2110.022810633801,1.0,1.0,"(5, 2)",66a92e2b14da1ebeb591920c
56.0,88.0,4314,test,2111.0131527355834,1.0,1.0,"(5, 2)",66a92e2b14da1ebeb591920c
56.0,88.0,4315,test,2111.0131527355834,1.0,1.0,"(5, 2)",66a92e2b14da1ebeb591920c
56.0,88.0,4316,test,2111.0131527355834,1.0,1.0,"(5, 2)",66a92e2b14da1ebeb591920c
56.0,88.0,4317,test,2111.0131527355834,1.0,1.0,"(5, 2)",66a92e2b14da1ebeb591920c
56.0,88.0,4318,test,2111.0131527355834,1.0,1.0,"(5, 2)",66a92e2b14da1ebeb591920c
56.0,88.0,4319,test,2111.0131527355834,1.0,1.0,"(5, 2)",66a92e2b14da1ebeb591920c
56.0,88.0,4320,test,2111.0131527355834,1.0,1.0,"(5, 2)",66a92e2b14da1ebeb591920c
56.0,88.0,4321,test,2111.0131527355834,1.0,1.0,"(5, 2)",66a92e2b14da1ebeb591920c
56.0,88.0,4322,test,2111.0131527355834,1.0,1.0,"(5, 2)",66a92e2b14da1ebeb591920c
56.0,88.0,4323,test,2111.0131527355834,1.0,1.0,"(5, 2)",66a92e2b14da1ebeb591920c
56.0,88.0,4324,test,2111.0131527355834,1.0,1.0,"(5, 2)",66a92e2b14da1ebeb591920c
56.0,88.0,4325,test,2111.0131527355834,1.0,1.0,"(5, 2)",66a92e2b14da1ebeb591920c
56.0,88.0,4326,test,2111.0131527355834,1.0,1.0,"(5, 2)",66a92e2b14da1ebeb591920c
56.0,88.0,4327,test,2111.0131527355834,1.0,1.0,"(5, 2)",66a92e2b14da1ebeb591920c
56.0,88.0,4328,test,2111.0131527355834,1.0,1.0,"(5, 2)",66a92e2b14da1ebeb591920c
56.0,88.0,4329,test,2111.0131527355834,1.0,1.0,"(5, 2)",66a92e2b14da1ebeb591920c
56.0,88.0,4330,test,2111.0131527355834,1.0,1.0,"(5, 2)",66a92e2b14da1ebeb591920c
56.0,88.0,4331,test,2111.0131527355834,1.0,1.0,"(5, 2)",66a92e2b14da1ebeb591920c
56.0,88.0,4332,test,2111.0131527355834,1.0,1.0,"(5, 2)",66a92e2b14da1ebeb591920c
56.0,88.0,4333,test,2111.0131527355834,1.0,1.0,"(5, 2)",66a92e2b14da1ebeb591920c
56.0,88.0,4334,test,2111.0131527355834,1.0,1.0,"(5, 2)",66a92e2b14da1ebeb591920c
56.0,88.0,4335,test,2111.0131527355834,1.0,1.0,"(5, 2)",66a92e2b14da1ebeb591920c
56.0,88.0,4336,test,2111.0131527355834,1.0,1.0,"(5, 2)",66a92e2b14da1ebeb591920c
56.0,88.0,4337,test,2111.0131527355834,1.0,1.0,"(5, 2)",66a92e2b14da1ebeb591920c
56.0,88.0,4338,test,2111.0131527355834,1.0,1.0,"(5, 2)",66a92e2b14da1ebeb591920c
56.0,88.0,4339,test,2111.0131527355834,1.0,1.0,"(5, 2)",66a92e2b14da1ebeb591920c
56.0,88.0,4340,test,2111.0131527355834,1.0,1.0,"(5, 2)",66a92e2b14da1ebeb591920c
56.0,88.0,4341,test,2111.0131527355834,1.0,1.0,"(5, 2)",66a92e2b14da1ebeb591920c
56.0,88.0,4342,test,2111.0131527355834,1.0,1.0,"(5, 2)",66a92e2b14da1ebeb591920c
56.0,88.0,4343,test,2111.0131527355834,1.0,1.0,"(5, 2)",66a92e2b14da1ebeb591920c
56.0,88.0,4344,test,2111.0131527355834,1.0,1.0,"(5, 2)",66a92e2b14da1ebeb591920c
56.0,88.0,4345,test,2111.0131527355834,1.0,1.0,"(5, 2)",66a92e2b14da1ebeb591920c
56.0,88.0,4346,test,2111.0131527355834,1.0,1.0,"(5, 2)",66a92e2b14da1ebeb591920c
56.0,88.0,4347,test,2111.0131527355834,1.0,1.0,"(5, 2)",66a92e2b14da1ebeb591920c
56.0,88.0,4348,test,2111.0131527355834,1.0,1.0,"(5, 2)",66a92e2b14da1ebeb591920c
56.0,88.0,4349,test,2111.0131527355834,1.0,1.0,"(5, 2)",66a92e2b14da1ebeb591920c
56.0,88.0,4350,test,2111.0131527355834,1.0,1.0,"(5, 2)",66a92e2b14da1ebeb591920c
56.0,88.0,4351,test,2111.0131527355834,1.0,1.0,"(5, 2)",66a92e2b14da1ebeb591920c
56.0,88.0,4352,test,2111.0131527355834,1.0,1.0,"(5, 2)",66a92e2b14da1ebeb591920c
56.0,88.0,4353,test,2111.0131527355834,1.0,1.0,"(5, 2)",66a92e2b14da1ebeb591920c
56.0,88.0,4354,test,2111.0131527355834,1.0,1.0,"(5, 2)",66a92e2b14da1ebeb591920c
56.0,88.0,4355,test,2111.0131527355834,1.0,1.0,"(5, 2)",66a92e2b14da1ebeb591920c
56.0,88.0,4356,test,2111.0131527355834,1.0,1.0,"(5, 2)",66a92e2b14da1ebeb591920c
56.0,88.0,4357,test,2111.0131527355834,1.0,1.0,"(5, 2)",66a92e2b14da1ebeb591920c
56.0,88.0,4358,test,2111.0131527355834,1.0,1.0,"(5, 2)",66a92e2b14da1ebeb591920c
56.0,88.0,4359,test,2111.0131527355834,1.0,1.0,"(5, 2)",66a92e2b14da1ebeb591920c
56.0,88.0,4360,test,2111.0131527355834,1.0,1.0,"(5, 2)",66a92e2b14da1ebeb591920c
56.0,88.0,4361,test,2111.0131527355834,1.0,1.0,"(5, 2)",66a92e2b14da1ebeb591920c
56.0,88.0,4362,test,2111.0131527355834,1.0,1.0,"(5, 2)",66a92e2b14da1ebeb591920c
56.0,88.0,4363,test,2111.0131527355834,1.0,1.0,"(5, 2)",66a92e2b14da1ebeb591920c
56.0,88.0,4364,test,2111.0131527355834,1.0,1.0,"(5, 2)",66a92e2b14da1ebeb591920c
56.0,88.0,4365,test,2111.0131527355834,1.0,1.0,"(5, 2)",66a92e2b14da1ebeb591920c
56.0,88.0,4366,test,2111.0131527355834,1.0,1.0,"(5, 2)",66a92e2b14da1ebeb591920c
56.0,88.0,4367,test,2111.0131527355834,1.0,1.0,"(5, 2)",66a92e2b14da1ebeb591920c
56.0,88.0,4368,test,2111.0131527355834,1.0,1.0,"(5, 2)",66a92e2b14da1ebeb591920c
56.0,88.0,4369,test,2111.0131527355834,1.0,1.0,"(5, 2)",66a92e2b14da1ebeb591920c
56.0,88.0,4370,test,2111.0131527355834,1.0,1.0,"(5, 2)",66a92e2b14da1ebeb591920c
56.0,88.0,4371,test,2111.0131527355834,1.0,1.0,"(5, 2)",66a92e2b14da1ebeb591920c
56.0,88.0,4372,test,2111.0131527355834,1.0,1.0,"(5, 2)",66a92e2b14da1ebeb591920c
56.0,88.0,4373,test,2111.0131527355834,1.0,1.0,"(5, 2)",66a92e2b14da1ebeb591920c
56.0,88.0,4374,test,2111.0131527355834,1.0,1.0,"(5, 2)",66a92e2b14da1ebeb591920c
56.0,88.0,4375,test,2111.0131527355834,1.0,1.0,"(5, 2)",66a92e2b14da1ebeb591920c
56.0,88.0,4376,test,2111.0131527355834,1.0,1.0,"(5, 2)",66a92e2b14da1ebeb591920c
56.0,88.0,4377,test,2111.0131527355834,1.0,1.0,"(5, 2)",66a92e2b14da1ebeb591920c
56.0,88.0,4378,test,2111.0131527355834,1.0,1.0,"(5, 2)",66a92e2b14da1ebeb591920c
56.0,88.0,4379,test,2111.0131527355834,1.0,1.0,"(5, 2)",66a92e2b14da1ebeb591920c
56.0,88.0,4380,test,2111.0131527355834,1.0,1.0,"(5, 2)",66a92e2b14da1ebeb591920c
56.0,86.74999999999972,4381,test,2112.263152735584,1.0,1.0,"(5, 2)",66a92e2b14da1ebeb591920c
56.0,85.49999999999943,4382,test,2113.5131527355843,1.0,1.0,"(5, 2)",66a92e2b14da1ebeb591920c
56.0,84.24999999999915,4383,test,2114.7631527355848,1.0,1.0,"(5, 2)",66a92e2b14da1ebeb591920c
56.0,82.99999999999886,4384,test,2116.013152735585,1.0,1.0,"(5, 2)",66a92e2b14da1ebeb591920c
56.0,81.74999999999858,4385,test,2117.2631527355857,1.0,1.0,"(5, 2)",66a92e2b14da1ebeb591920c
56.0,80.4999999999983,4386,test,2118.513152735586,1.0,1.0,"(5, 2)",66a92e2b14da1ebeb591920c
56.0,79.24999999999801,4387,test,2119.7631527355866,1.0,1.0,"(5, 2)",66a92e2b14da1ebeb591920c
56.0,77.99999999999773,4388,test,2121.013152735587,1.0,1.0,"(5, 2)",66a92e2b14da1ebeb591920c
56.0,76.74999999999744,4389,test,2122.2631527355875,1.0,1.0,"(5, 2)",66a92e2b14da1ebeb591920c
56.0,75.49999999999716,4390,test,2123.513152735588,1.0,1.0,"(5, 2)",66a92e2b14da1ebeb591920c
56.0,74.24999999999687,4391,test,2124.7631527355884,1.0,1.0,"(5, 2)",66a92e2b14da1ebeb591920c
56.0,72.99999999999659,4392,test,2126.013152735589,1.0,1.0,"(5, 2)",66a92e2b14da1ebeb591920c
56.0,71.7499999999963,4393,test,2127.2631527355893,1.0,1.0,"(5, 2)",66a92e2b14da1ebeb591920c
56.0,70.49999999999602,4394,test,2128.5131527355898,1.0,1.0,"(5, 2)",66a92e2b14da1ebeb591920c
56.0,69.24999999999574,4395,test,2129.76315273559,1.0,1.0,"(5, 2)",66a92e2b14da1ebeb591920c
56.0,67.99999999999545,4396,test,2131.0131527355907,1.0,1.0,"(5, 2)",66a92e2b14da1ebeb591920c
56.0,66.74999999999517,4397,test,2132.263152735591,1.0,1.0,"(5, 2)",66a92e2b14da1ebeb591920c
56.0,65.49999999999488,4398,test,2133.5131527355916,1.0,1.0,"(5, 2)",66a92e2b14da1ebeb591920c
56.0,64.2499999999946,4399,test,2134.763152735592,1.0,1.0,"(5, 2)",66a92e2b14da1ebeb591920c
56.0,62.999999999994316,4400,test,2136.0131527355925,1.0,1.0,"(5, 2)",66a92e2b14da1ebeb591920c
56.0,61.74999999999403,4401,test,2137.263152735593,1.0,1.0,"(5, 2)",66a92e2b14da1ebeb591920c
56.0,60.49999999999375,4402,test,2138.5131527355934,1.0,1.0,"(5, 2)",66a92e2b14da1ebeb591920c
56.0,59.24999999999346,4403,test,2139.763152735594,1.0,1.0,"(5, 2)",66a92e2b14da1ebeb591920c
56.0,57.99999999999318,4404,test,2141.0131527355943,1.0,1.0,"(5, 2)",66a92e2b14da1ebeb591920c
56.0,56.749999999992895,4405,test,2142.2631527355948,1.0,1.0,"(5, 2)",66a92e2b14da1ebeb591920c
56.0,55.49999999999261,4406,test,2143.513152735595,1.0,1.0,"(5, 2)",66a92e2b14da1ebeb591920c
56.0,54.249999999992326,4407,test,2144.7631527355957,1.0,1.0,"(5, 2)",66a92e2b14da1ebeb591920c
56.0,52.99999999999204,4408,test,2146.013152735596,1.0,1.0,"(5, 2)",66a92e2b14da1ebeb591920c
56.0,51.74999999999176,4409,test,2147.2631527355966,1.0,1.0,"(5, 2)",66a92e2b14da1ebeb591920c
56.0,50.49999999999147,4410,test,2148.513152735597,1.0,1.0,"(5, 2)",66a92e2b14da1ebeb591920c
56.0,49.24999999999119,4411,test,2149.7631527355975,1.0,1.0,"(5, 2)",66a92e2b14da1ebeb591920c
56.0,47.999999999990905,4412,test,2151.013152735598,1.0,1.0,"(5, 2)",66a92e2b14da1ebeb591920c
56.0,46.74999999999062,4413,test,2152.2631527355984,1.0,1.0,"(5, 2)",66a92e2b14da1ebeb591920c
56.0,45.49999999999034,4414,test,2153.513152735599,1.0,1.0,"(5, 2)",66a92e2b14da1ebeb591920c
56.0,44.24999999999005,4415,test,2154.7631527355993,1.0,1.0,"(5, 2)",66a92e2b14da1ebeb591920c
56.0,42.99999999998977,4416,test,2156.0131527355998,1.0,1.0,"(5, 2)",66a92e2b14da1ebeb591920c
56.0,41.749999999989484,4417,test,2157.2631527356,1.0,1.0,"(5, 2)",66a92e2b14da1ebeb591920c
56.0,40.4999999999892,4418,test,2158.5131527356007,1.0,1.0,"(5, 2)",66a92e2b14da1ebeb591920c
55.33243380389186,39.52408922643008,4419,test,2159.6955428844667,1.0,1.0,"(5, 2)",66a92e2b14da1ebeb591920c
54.45405723006536,38.634732945431324,4420,test,2160.9455428844662,1.0,1.0,"(5, 2)",66a92e2b14da1ebeb591920c
53.57568065623886,37.74537666443257,4421,test,2162.195542884466,1.0,1.0,"(5, 2)",66a92e2b14da1ebeb591920c
52.69730408241236,36.856020383433815,4422,test,2163.4455428844653,1.0,1.0,"(5, 2)",66a92e2b14da1ebeb591920c
51.81892750858586,35.96666410243506,4423,test,2164.695542884465,1.0,1.0,"(5, 2)",66a92e2b14da1ebeb591920c
50.94055093475936,35.07730782143631,4424,test,2165.9455428844644,1.0,1.0,"(5, 2)",66a92e2b14da1ebeb591920c
50.06217436093286,34.18795154043755,4425,test,2167.195542884464,1.0,1.0,"(5, 2)",66a92e2b14da1ebeb591920c
49.18379778710636,33.2985952594388,4426,test,2168.4455428844635,1.0,1.0,"(5, 2)",66a92e2b14da1ebeb591920c
48.30542121327986,32.409238978440044,4427,test,2169.695542884463,1.0,1.0,"(5, 2)",66a92e2b14da1ebeb591920c
47.42704463945336,31.519882697441098,4428,test,2170.945542884463,1.0,1.0,"(5, 2)",66a92e2b14da1ebeb591920c
46.548668065626856,30.630526416441988,4429,test,2172.195542884463,1.0,1.0,"(5, 2)",66a92e2b14da1ebeb591920c
45.670291491800356,29.74117013544308,4430,test,2173.4455428844626,1.0,1.0,"(5, 2)",66a92e2b14da1ebeb591920c
44.791914917973855,28.851813854444327,4431,test,2174.695542884462,1.0,1.0,"(5, 2)",66a92e2b14da1ebeb591920c
43.913538344147256,27.962457573445572,4432,test,2175.9455428844617,1.0,1.0,"(5, 2)",66a92e2b14da1ebeb591920c
43.03516177032054,27.073101292446818,4433,test,2177.1955428844617,1.0,1.0,"(5, 2)",66a92e2b14da1ebeb591920c
42.15678519649383,26.183745011448064,4434,test,2178.4455428844617,1.0,1.0,"(5, 2)",66a92e2b14da1ebeb591920c
41.27840862266712,25.29438873044931,4435,test,2179.6955428844617,1.0,1.0,"(5, 2)",66a92e2b14da1ebeb591920c
40.40003204884041,24.405032449450555,4436,test,2180.9455428844617,1.0,1.0,"(5, 2)",66a92e2b14da1ebeb591920c
39.23928818738895,24.180345212484877,4437,test,2182.1278333167807,1.0,1.0,"(5, 2)",66a92e2b14da1ebeb591920c
37.989375708792835,24.16555346310859,4438,test,2183.3778333167807,1.0,1.0,"(5, 2)",66a92e2b14da1ebeb591920c
36.73946323019672,24.150761713732305,4439,test,2184.6278333167807,1.0,1.0,"(5, 2)",66a92e2b14da1ebeb591920c
35.4895507516006,24.13596996435602,4440,test,2185.8778333167807,1.0,1.0,"(5, 2)",66a92e2b14da1ebeb591920c
34.23963827300449,24.121178214979732,4441,test,2187.1278333167807,1.0,1.0,"(5, 2)",66a92e2b14da1ebeb591920c
32.98972579440837,24.106386465603446,4442,test,2188.3778333167807,1.0,1.0,"(5, 2)",66a92e2b14da1ebeb591920c
31.739813315812256,24.09159471622716,4443,test,2189.6278333167807,1.0,1.0,"(5, 2)",66a92e2b14da1ebeb591920c
30.48990083721614,24.076802966850874,4444,test,2190.8778333167807,1.0,1.0,"(5, 2)",66a92e2b14da1ebeb591920c
29.239988358620025,24.06201121747459,4445,test,2192.1278333167807,1.0,1.0,"(5, 2)",66a92e2b14da1ebeb591920c
27.99007588002391,24.047219468098486,4446,test,2193.3778333167807,1.0,1.0,"(5, 2)",66a92e2b14da1ebeb591920c
26.740163401427793,24.032427718722378,4447,test,2194.6278333167807,1.0,1.0,"(5, 2)",66a92e2b14da1ebeb591920c
25.490250922831677,24.01763596934627,4448,test,2195.8778333167807,1.0,1.0,"(5, 2)",66a92e2b14da1ebeb591920c
24.24033844423556,24.00284421997016,4449,test,2197.1278333167807,1.0,1.0,"(5, 2)",66a92e2b14da1ebeb591920c
24.0,24.0,4450,test,2197.368188590001,1.0,1.0,"(5, 2)",66a92e2b14da1ebeb591920c
24.0,24.0,4451,test,2197.368188590001,1.0,1.0,"(5, 2)",66a92e2b14da1ebeb591920c
24.0,24.0,4452,test,2197.368188590001,1.0,1.0,"(5, 2)",66a92e2b14da1ebeb591920c
24.0,24.0,4453,test,2197.368188590001,1.0,1.0,"(5, 2)",66a92e2b14da1ebeb591920c
24.0,24.0,4454,test,2197.368188590001,1.0,1.0,"(5, 2)",66a92e2b14da1ebeb591920c
24.0,24.0,4455,test,2197.368188590001,1.0,1.0,"(5, 2)",66a92e2b14da1ebeb591920c
24.0,24.0,4456,test,2197.368188590001,1.0,1.0,"(5, 2)",66a92e2b14da1ebeb591920c
24.0,24.0,4457,test,2197.368188590001,1.0,1.0,"(5, 2)",66a92e2b14da1ebeb591920c
24.0,24.0,4458,test,2197.368188590001,1.0,1.0,"(5, 2)",66a92e2b14da1ebeb591920c
24.0,24.0,4459,test,2197.368188590001,1.0,1.0,"(5, 2)",66a92e2b14da1ebeb591920c
24.0,24.0,4460,test,2197.368188590001,1.0,1.0,"(5, 2)",66a92e2b14da1ebeb591920c
24.0,24.0,4461,test,2197.368188590001,1.0,1.0,"(5, 2)",66a92e2b14da1ebeb591920c
24.0,24.0,4462,test,2197.368188590001,1.0,1.0,"(5, 2)",66a92e2b14da1ebeb591920c
24.0,24.0,4463,test,2197.368188590001,1.0,1.0,"(5, 2)",66a92e2b14da1ebeb591920c
24.0,24.0,4464,test,2197.368188590001,1.0,1.0,"(5, 2)",66a92e2b14da1ebeb591920c
24.0,24.0,4465,test,2197.368188590001,1.0,1.0,"(5, 2)",66a92e2b14da1ebeb591920c
24.0,24.0,4466,test,2197.368188590001,1.0,1.0,"(5, 2)",66a92e2b14da1ebeb591920c
24.0,24.0,4467,test,2197.368188590001,1.0,1.0,"(5, 2)",66a92e2b14da1ebeb591920c
24.0,24.0,4468,test,2197.368188590001,1.0,1.0,"(5, 2)",66a92e2b14da1ebeb591920c
24.0,24.0,4469,test,2197.368188590001,1.0,1.0,"(5, 2)",66a92e2b14da1ebeb591920c
24.0,24.0,4470,test,2197.368188590001,1.0,1.0,"(5, 2)",66a92e2b14da1ebeb591920c
24.0,24.0,4471,test,2197.368188590001,1.0,1.0,"(5, 2)",66a92e2b14da1ebeb591920c
24.0,24.0,4472,test,2197.368188590001,1.0,1.0,"(5, 2)",66a92e2b14da1ebeb591920c
24.0,24.0,4473,test,2197.368188590001,1.0,1.0,"(5, 2)",66a92e2b14da1ebeb591920c
24.0,24.0,4474,test,2197.368188590001,1.0,1.0,"(5, 2)",66a92e2b14da1ebeb591920c
24.0,24.0,4475,test,2197.368188590001,1.0,1.0,"(5, 2)",66a92e2b14da1ebeb591920c
24.0,24.0,4476,test,2197.368188590001,1.0,1.0,"(5, 2)",66a92e2b14da1ebeb591920c
24.0,24.0,4477,test,2197.368188590001,1.0,1.0,"(5, 2)",66a92e2b14da1ebeb591920c
24.0,24.0,4478,test,2197.368188590001,1.0,1.0,"(5, 2)",66a92e2b14da1ebeb591920c
24.0,24.0,4479,test,2197.368188590001,1.0,1.0,"(5, 2)",66a92e2b14da1ebeb591920c
24.0,24.0,4480,test,2197.368188590001,1.0,1.0,"(5, 2)",66a92e2b14da1ebeb591920c
24.0,24.0,4481,test,2197.368188590001,1.0,1.0,"(5, 2)",66a92e2b14da1ebeb591920c
24.0,24.0,4482,test,2197.368188590001,1.0,1.0,"(5, 2)",66a92e2b14da1ebeb591920c
24.0,24.0,4483,test,2197.368188590001,1.0,1.0,"(5, 2)",66a92e2b14da1ebeb591920c
24.0,24.0,4484,test,2197.368188590001,1.0,1.0,"(5, 2)",66a92e2b14da1ebeb591920c
24.0,24.0,4485,test,2197.368188590001,1.0,1.0,"(5, 2)",66a92e2b14da1ebeb591920c
24.0,24.0,4486,test,2197.368188590001,1.0,1.0,"(5, 2)",66a92e2b14da1ebeb591920c
24.0,24.0,4487,test,2197.368188590001,1.0,1.0,"(5, 2)",66a92e2b14da1ebeb591920c
24.0,24.0,4488,test,2197.368188590001,1.0,1.0,"(5, 2)",66a92e2b14da1ebeb591920c
24.0,24.0,4489,test,2197.368188590001,1.0,1.0,"(5, 2)",66a92e2b14da1ebeb591920c
24.0,24.0,4490,test,2197.368188590001,1.0,1.0,"(5, 2)",66a92e2b14da1ebeb591920c
24.0,24.0,4491,test,2197.368188590001,1.0,1.0,"(5, 2)",66a92e2b14da1ebeb591920c
24.0,24.0,4492,test,2197.368188590001,1.0,1.0,"(5, 2)",66a92e2b14da1ebeb591920c
24.0,24.0,4493,test,2197.368188590001,1.0,1.0,"(5, 2)",66a92e2b14da1ebeb591920c
24.0,24.0,4494,test,2197.368188590001,1.0,1.0,"(5, 2)",66a92e2b14da1ebeb591920c
24.0,24.0,4495,test,2197.368188590001,1.0,1.0,"(5, 2)",66a92e2b14da1ebeb591920c
24.0,24.0,4496,test,2197.368188590001,1.0,1.0,"(5, 2)",66a92e2b14da1ebeb591920c
24.0,24.0,4497,test,2197.368188590001,1.0,1.0,"(5, 2)",66a92e2b14da1ebeb591920c
24.0,24.0,4498,test,2197.368188590001,1.0,1.0,"(5, 2)",66a92e2b14da1ebeb591920c
24.0,24.0,4499,test,2197.368188590001,1.0,1.0,"(5, 2)",66a92e2b14da1ebeb591920c
24.0,24.0,4500,test,2197.368188590001,1.0,1.0,"(5, 2)",66a92e2b14da1ebeb591920c
24.0,24.0,4501,test,2197.368188590001,1.0,1.0,"(5, 2)",66a92e2b14da1ebeb591920c
24.0,24.0,4502,test,2197.368188590001,1.0,1.0,"(5, 2)",66a92e2b14da1ebeb591920c
24.0,24.0,4503,test,2197.368188590001,1.0,1.0,"(5, 2)",66a92e2b14da1ebeb591920c
24.0,24.0,4504,test,2197.368188590001,1.0,1.0,"(5, 2)",66a92e2b14da1ebeb591920c
24.0,24.0,4505,test,2197.368188590001,1.0,1.0,"(5, 2)",66a92e2b14da1ebeb591920c
24.0,24.0,4506,test,2197.368188590001,1.0,1.0,"(5, 2)",66a92e2b14da1ebeb591920c
24.0,24.0,4507,test,2197.368188590001,1.0,1.0,"(5, 2)",66a92e2b14da1ebeb591920c
24.0,24.0,4508,test,2197.368188590001,1.0,1.0,"(5, 2)",66a92e2b14da1ebeb591920c
24.0,24.0,4509,test,2197.368188590001,1.0,1.0,"(5, 2)",66a92e2b14da1ebeb591920c
24.0,24.0,4510,test,2197.368188590001,1.0,1.0,"(5, 2)",66a92e2b14da1ebeb591920c
24.0,24.0,4511,test,2197.368188590001,1.0,1.0,"(5, 2)",66a92e2b14da1ebeb591920c
24.0,24.0,4512,test,2197.368188590001,1.0,1.0,"(5, 2)",66a92e2b14da1ebeb591920c
24.0,24.0,4513,test,2197.368188590001,1.0,1.0,"(5, 2)",66a92e2b14da1ebeb591920c
24.0,24.0,4514,test,2197.368188590001,1.0,1.0,"(5, 2)",66a92e2b14da1ebeb591920c
24.0,24.0,4515,test,2197.368188590001,1.0,1.0,"(5, 2)",66a92e2b14da1ebeb591920c
24.0,24.0,4516,test,2197.368188590001,1.0,1.0,"(5, 2)",66a92e2b14da1ebeb591920c
24.0,24.0,4517,test,2197.368188590001,1.0,1.0,"(5, 2)",66a92e2b14da1ebeb591920c
24.0,24.0,4518,test,2197.368188590001,1.0,1.0,"(5, 2)",66a92e2b14da1ebeb591920c
24.0,24.0,4519,test,2197.368188590001,1.0,1.0,"(5, 2)",66a92e2b14da1ebeb591920c
24.0,24.0,4520,test,2197.368188590001,1.0,1.0,"(5, 2)",66a92e2b14da1ebeb591920c
24.0,24.0,4521,test,2197.368188590001,1.0,1.0,"(5, 2)",66a92e2b14da1ebeb591920c
24.0,24.0,4522,test,2197.368188590001,1.0,1.0,"(5, 2)",66a92e2b14da1ebeb591920c
24.0,24.0,4523,test,2197.368188590001,1.0,1.0,"(5, 2)",66a92e2b14da1ebeb591920c
24.0,24.0,4524,test,2197.368188590001,1.0,1.0,"(5, 2)",66a92e2b14da1ebeb591920c
24.0,24.0,4525,test,2197.368188590001,1.0,1.0,"(5, 2)",66a92e2b14da1ebeb591920c
24.0,24.0,4526,test,2197.368188590001,1.0,1.0,"(5, 2)",66a92e2b14da1ebeb591920c
24.0,24.0,4527,test,2197.368188590001,1.0,1.0,"(5, 2)",66a92e2b14da1ebeb591920c
24.0,24.0,4528,test,2197.368188590001,1.0,1.0,"(5, 2)",66a92e2b14da1ebeb591920c
24.0,24.0,4529,test,2197.368188590001,1.0,1.0,"(5, 2)",66a92e2b14da1ebeb591920c
24.0,24.0,4530,test,2197.368188590001,1.0,1.0,"(5, 2)",66a92e2b14da1ebeb591920c
24.0,24.0,4531,test,2197.368188590001,1.0,1.0,"(5, 2)",66a92e2b14da1ebeb591920c
24.0,24.0,4532,test,2197.368188590001,1.0,1.0,"(5, 2)",66a92e2b14da1ebeb591920c
24.0,24.0,4533,test,2197.368188590001,1.0,1.0,"(5, 2)",66a92e2b14da1ebeb591920c
24.0,24.0,4534,test,2197.368188590001,1.0,1.0,"(5, 2)",66a92e2b14da1ebeb591920c
24.0,24.0,4535,test,2197.368188590001,1.0,1.0,"(5, 2)",66a92e2b14da1ebeb591920c
24.0,24.0,4536,test,2197.368188590001,1.0,1.0,"(5, 2)",66a92e2b14da1ebeb591920c
24.0,24.0,4537,test,2197.368188590001,1.0,1.0,"(5, 2)",66a92e2b14da1ebeb591920c
24.0,24.0,4538,test,2197.368188590001,1.0,1.0,"(5, 2)",66a92e2b14da1ebeb591920c
24.0,24.0,4539,test,2197.368188590001,1.0,1.0,"(5, 2)",66a92e2b14da1ebeb591920c
24.0,24.0,4540,test,2197.368188590001,1.0,1.0,"(5, 2)",66a92e2b14da1ebeb591920c
24.0,24.0,4541,test,2197.368188590001,1.0,1.0,"(5, 2)",66a92e2b14da1ebeb591920c
24.0,24.0,4542,test,2197.368188590001,1.0,1.0,"(5, 2)",66a92e2b14da1ebeb591920c
24.0,24.0,4543,test,2197.368188590001,1.0,1.0,"(5, 2)",66a92e2b14da1ebeb591920c
24.0,24.0,4544,test,2197.368188590001,1.0,1.0,"(5, 2)",66a92e2b14da1ebeb591920c
24.0,24.0,4545,test,2197.368188590001,1.0,1.0,"(5, 2)",66a92e2b14da1ebeb591920c
24.0,24.0,4546,test,2197.368188590001,1.0,1.0,"(5, 2)",66a92e2b14da1ebeb591920c
24.0,24.0,4547,test,2197.368188590001,1.0,1.0,"(5, 2)",66a92e2b14da1ebeb591920c
24.0,24.0,4548,test,2197.368188590001,1.0,1.0,"(5, 2)",66a92e2b14da1ebeb591920c
24.0,24.0,4549,test,2197.368188590001,1.0,1.0,"(5, 2)",66a92e2b14da1ebeb591920c
24.0,24.0,4550,test,2197.368188590001,1.0,1.0,"(5, 2)",66a92e2b14da1ebeb591920c
24.0,24.0,4551,test,2197.368188590001,1.0,1.0,"(5, 2)",66a92e2b14da1ebeb591920c
24.0,24.0,4552,test,2197.368188590001,1.0,1.0,"(5, 2)",66a92e2b14da1ebeb591920c
24.0,24.0,4553,test,2197.368188590001,1.0,1.0,"(5, 2)",66a92e2b14da1ebeb591920c
24.0,24.0,4554,test,2197.368188590001,1.0,1.0,"(5, 2)",66a92e2b14da1ebeb591920c
24.0,24.0,4555,test,2197.368188590001,1.0,1.0,"(5, 2)",66a92e2b14da1ebeb591920c
24.0,24.0,4556,test,2197.368188590001,1.0,1.0,"(5, 2)",66a92e2b14da1ebeb591920c
24.0,24.0,4557,test,2197.368188590001,1.0,1.0,"(5, 2)",66a92e2b14da1ebeb591920c
24.0,24.0,4558,test,2197.368188590001,1.0,1.0,"(5, 2)",66a92e2b14da1ebeb591920c
24.0,24.0,4559,test,2197.368188590001,1.0,1.0,"(5, 2)",66a92e2b14da1ebeb591920c
24.0,24.0,4560,test,2197.368188590001,1.0,1.0,"(5, 2)",66a92e2b14da1ebeb591920c
24.0,24.0,4561,test,2197.368188590001,1.0,1.0,"(5, 2)",66a92e2b14da1ebeb591920c
24.0,24.0,4562,test,2197.368188590001,1.0,1.0,"(5, 2)",66a92e2b14da1ebeb591920c
24.0,24.0,4563,test,2197.368188590001,1.0,1.0,"(5, 2)",66a92e2b14da1ebeb591920c
24.0,24.0,4564,test,2197.368188590001,1.0,1.0,"(5, 2)",66a92e2b14da1ebeb591920c
24.0,24.0,4565,test,2197.368188590001,1.0,1.0,"(5, 2)",66a92e2b14da1ebeb591920c
24.0,24.0,4566,test,2197.368188590001,1.0,1.0,"(5, 2)",66a92e2b14da1ebeb591920c
24.0,24.0,4567,test,2197.368188590001,1.0,1.0,"(5, 2)",66a92e2b14da1ebeb591920c
24.0,24.0,4568,test,2197.368188590001,1.0,1.0,"(5, 2)",66a92e2b14da1ebeb591920c
24.0,24.0,4569,test,2197.368188590001,1.0,1.0,"(5, 2)",66a92e2b14da1ebeb591920c
24.0,24.0,4570,test,2197.368188590001,1.0,1.0,"(5, 2)",66a92e2b14da1ebeb591920c
24.0,24.0,4571,test,2197.368188590001,1.0,1.0,"(5, 2)",66a92e2b14da1ebeb591920c
24.0,24.0,4572,test,2197.368188590001,1.0,1.0,"(5, 2)",66a92e2b14da1ebeb591920c
24.0,24.0,4573,test,2197.368188590001,1.0,1.0,"(5, 2)",66a92e2b14da1ebeb591920c
24.0,24.0,4574,test,2197.368188590001,1.0,1.0,"(5, 2)",66a92e2b14da1ebeb591920c
24.0,24.0,4575,test,2197.368188590001,1.0,1.0,"(5, 2)",66a92e2b14da1ebeb591920c
24.0,24.0,4576,test,2197.368188590001,1.0,1.0,"(5, 2)",66a92e2b14da1ebeb591920c
24.0,24.0,4577,test,2197.368188590001,1.0,1.0,"(5, 2)",66a92e2b14da1ebeb591920c
24.0,24.0,4578,test,2197.368188590001,1.0,1.0,"(5, 2)",66a92e2b14da1ebeb591920c
24.0,24.0,4579,test,2197.368188590001,1.0,1.0,"(5, 2)",66a92e2b14da1ebeb591920c
24.0,24.0,4580,test,2197.368188590001,1.0,1.0,"(5, 2)",66a92e2b14da1ebeb591920c
24.0,24.0,4581,test,2197.368188590001,1.0,1.0,"(5, 2)",66a92e2b14da1ebeb591920c
24.0,24.0,4582,test,2197.368188590001,1.0,1.0,"(5, 2)",66a92e2b14da1ebeb591920c
24.0,24.0,4583,test,2197.368188590001,1.0,1.0,"(5, 2)",66a92e2b14da1ebeb591920c
24.0,24.0,4584,test,2197.368188590001,1.0,1.0,"(5, 2)",66a92e2b14da1ebeb591920c
24.0,24.0,4585,test,2197.368188590001,1.0,1.0,"(5, 2)",66a92e2b14da1ebeb591920c
24.0,24.0,4586,test,2197.368188590001,1.0,1.0,"(5, 2)",66a92e2b14da1ebeb591920c
24.0,24.0,4587,test,2197.368188590001,1.0,1.0,"(5, 2)",66a92e2b14da1ebeb591920c
24.0,24.0,4588,test,2197.368188590001,1.0,1.0,"(5, 2)",66a92e2b14da1ebeb591920c
24.0,24.0,4589,test,2197.368188590001,1.0,1.0,"(5, 2)",66a92e2b14da1ebeb591920c
24.0,24.0,4590,test,2197.368188590001,1.0,1.0,"(5, 2)",66a92e2b14da1ebeb591920c
24.0,24.0,4591,test,2197.368188590001,1.0,1.0,"(5, 2)",66a92e2b14da1ebeb591920c
24.0,24.0,4592,test,2197.368188590001,1.0,1.0,"(5, 2)",66a92e2b14da1ebeb591920c
24.0,24.0,4593,test,2197.368188590001,1.0,1.0,"(5, 2)",66a92e2b14da1ebeb591920c
24.0,24.0,4594,test,2197.368188590001,1.0,1.0,"(5, 2)",66a92e2b14da1ebeb591920c
24.0,24.0,4595,test,2197.368188590001,1.0,1.0,"(5, 2)",66a92e2b14da1ebeb591920c
24.0,24.0,4596,test,2197.368188590001,1.0,1.0,"(5, 2)",66a92e2b14da1ebeb591920c
24.0,25.24999999999993,4597,test,2198.618188590001,1.0,1.0,"(5, 2)",66a92e2b14da1ebeb591920c
24.0,26.499999999999858,4598,test,2199.868188590001,1.0,1.0,"(5, 2)",66a92e2b14da1ebeb591920c
24.0,27.749999999999787,4599,test,2201.118188590001,1.0,1.0,"(5, 2)",66a92e2b14da1ebeb591920c
24.0,28.999999999999716,4600,test,2202.368188590001,1.0,1.0,"(5, 2)",66a92e2b14da1ebeb591920c
24.0,30.249999999999645,4601,test,2203.618188590001,1.0,1.0,"(5, 2)",66a92e2b14da1ebeb591920c
24.0,31.499999999999574,4602,test,2204.868188590001,1.0,1.0,"(5, 2)",66a92e2b14da1ebeb591920c
24.0,32.749999999999716,4603,test,2206.118188590001,1.0,1.0,"(5, 2)",66a92e2b14da1ebeb591920c
24.0,34.0,4604,test,2207.3681885900014,1.0,1.0,"(5, 2)",66a92e2b14da1ebeb591920c
24.0,35.250000000000284,4605,test,2208.618188590002,1.0,1.0,"(5, 2)",66a92e2b14da1ebeb591920c
24.0,36.50000000000057,4606,test,2209.8681885900023,1.0,1.0,"(5, 2)",66a92e2b14da1ebeb591920c
24.0,37.75000000000085,4607,test,2211.118188590003,1.0,1.0,"(5, 2)",66a92e2b14da1ebeb591920c
24.0,39.00000000000114,4608,test,2212.3681885900032,1.0,1.0,"(5, 2)",66a92e2b14da1ebeb591920c
24.0,40.25000000000142,4609,test,2213.6181885900037,1.0,1.0,"(5, 2)",66a92e2b14da1ebeb591920c
24.0,41.500000000001705,4610,test,2214.868188590004,1.0,1.0,"(5, 2)",66a92e2b14da1ebeb591920c
24.0,42.75000000000199,4611,test,2216.1181885900046,1.0,1.0,"(5, 2)",66a92e2b14da1ebeb591920c
24.0,44.000000000002274,4612,test,2217.368188590005,1.0,1.0,"(5, 2)",66a92e2b14da1ebeb591920c
24.0,45.25000000000256,4613,test,2218.6181885900055,1.0,1.0,"(5, 2)",66a92e2b14da1ebeb591920c
24.0,46.50000000000284,4614,test,2219.868188590006,1.0,1.0,"(5, 2)",66a92e2b14da1ebeb591920c
24.0,47.750000000003126,4615,test,2221.1181885900064,1.0,1.0,"(5, 2)",66a92e2b14da1ebeb591920c
24.0,49.00000000000341,4616,test,2222.368188590007,1.0,1.0,"(5, 2)",66a92e2b14da1ebeb591920c
24.0,50.250000000003695,4617,test,2223.6181885900073,1.0,1.0,"(5, 2)",66a92e2b14da1ebeb591920c
24.0,51.50000000000398,4618,test,2224.868188590008,1.0,1.0,"(5, 2)",66a92e2b14da1ebeb591920c
24.0,52.75000000000426,4619,test,2226.1181885900082,1.0,1.0,"(5, 2)",66a92e2b14da1ebeb591920c
24.0,54.00000000000455,4620,test,2227.3681885900087,1.0,1.0,"(5, 2)",66a92e2b14da1ebeb591920c
24.0,55.25000000000483,4621,test,2228.618188590009,1.0,1.0,"(5, 2)",66a92e2b14da1ebeb591920c
24.0,56.500000000005116,4622,test,2229.8681885900096,1.0,1.0,"(5, 2)",66a92e2b14da1ebeb591920c
24.0,57.7500000000054,4623,test,2231.11818859001,1.0,1.0,"(5, 2)",66a92e2b14da1ebeb591920c
24.0,59.000000000005684,4624,test,2232.3681885900105,1.0,1.0,"(5, 2)",66a92e2b14da1ebeb591920c
24.0,60.25000000000597,4625,test,2233.618188590011,1.0,1.0,"(5, 2)",66a92e2b14da1ebeb591920c
24.0,61.50000000000625,4626,test,2234.8681885900114,1.0,1.0,"(5, 2)",66a92e2b14da1ebeb591920c
24.0,62.75000000000654,4627,test,2236.118188590012,1.0,1.0,"(5, 2)",66a92e2b14da1ebeb591920c
24.0,64.00000000000682,4628,test,2237.3681885900123,1.0,1.0,"(5, 2)",66a92e2b14da1ebeb591920c
24.0,65.2500000000071,4629,test,2238.618188590013,1.0,1.0,"(5, 2)",66a92e2b14da1ebeb591920c
24.0,66.50000000000739,4630,test,2239.8681885900132,1.0,1.0,"(5, 2)",66a92e2b14da1ebeb591920c
24.0,67.75000000000767,4631,test,2241.1181885900137,1.0,1.0,"(5, 2)",66a92e2b14da1ebeb591920c
24.0,69.00000000000796,4632,test,2242.368188590014,1.0,1.0,"(5, 2)",66a92e2b14da1ebeb591920c
24.0,70.25000000000824,4633,test,2243.6181885900146,1.0,1.0,"(5, 2)",66a92e2b14da1ebeb591920c
24.0,71.50000000000853,4634,test,2244.868188590015,1.0,1.0,"(5, 2)",66a92e2b14da1ebeb591920c
24.0,72.0,4635,test,2245.3681885900064,1.0,1.0,"(5, 2)",66a92e2b14da1ebeb591920c
24.0,72.0,4636,test,2245.3681885900064,1.0,1.0,"(5, 2)",66a92e2b14da1ebeb591920c
24.0,72.0,4637,test,2245.3681885900064,1.0,1.0,"(5, 2)",66a92e2b14da1ebeb591920c
24.0,72.0,4638,test,2245.3681885900064,1.0,1.0,"(5, 2)",66a92e2b14da1ebeb591920c
24.0,72.0,4639,test,2245.3681885900064,1.0,1.0,"(5, 2)",66a92e2b14da1ebeb591920c
24.0,72.0,4640,test,2245.3681885900064,1.0,1.0,"(5, 2)",66a92e2b14da1ebeb591920c
24.0,72.0,4641,test,2245.3681885900064,1.0,1.0,"(5, 2)",66a92e2b14da1ebeb591920c
24.0,72.0,4642,test,2245.3681885900064,1.0,1.0,"(5, 2)",66a92e2b14da1ebeb591920c
24.0,72.0,4643,test,2245.3681885900064,1.0,1.0,"(5, 2)",66a92e2b14da1ebeb591920c
24.0,72.0,4644,test,2245.3681885900064,1.0,1.0,"(5, 2)",66a92e2b14da1ebeb591920c
24.0,72.0,4645,test,2245.3681885900064,1.0,1.0,"(5, 2)",66a92e2b14da1ebeb591920c
24.0,72.0,4646,test,2245.3681885900064,1.0,1.0,"(5, 2)",66a92e2b14da1ebeb591920c
24.0,72.0,4647,test,2245.3681885900064,1.0,1.0,"(5, 2)",66a92e2b14da1ebeb591920c
24.0,72.0,4648,test,2245.3681885900064,1.0,1.0,"(5, 2)",66a92e2b14da1ebeb591920c
24.0,72.0,4649,test,2245.3681885900064,1.0,1.0,"(5, 2)",66a92e2b14da1ebeb591920c
24.0,72.0,4650,test,2245.3681885900064,1.0,1.0,"(5, 2)",66a92e2b14da1ebeb591920c
24.0,72.0,4651,test,2245.3681885900064,1.0,1.0,"(5, 2)",66a92e2b14da1ebeb591920c
24.0,72.0,4652,test,2245.3681885900064,1.0,1.0,"(5, 2)",66a92e2b14da1ebeb591920c
24.0,72.0,4653,test,2245.3681885900064,1.0,1.0,"(5, 2)",66a92e2b14da1ebeb591920c
24.0,72.0,4654,test,2245.3681885900064,1.0,1.0,"(5, 2)",66a92e2b14da1ebeb591920c
24.0,72.0,4655,test,2245.3681885900064,1.0,1.0,"(5, 2)",66a92e2b14da1ebeb591920c
24.0,72.0,4656,test,2245.3681885900064,1.0,1.0,"(5, 2)",66a92e2b14da1ebeb591920c
24.0,72.0,4657,test,2245.3681885900064,1.0,1.0,"(5, 2)",66a92e2b14da1ebeb591920c
24.0,72.0,4658,test,2245.3681885900064,1.0,1.0,"(5, 2)",66a92e2b14da1ebeb591920c
24.0,72.0,4659,test,2245.3681885900064,1.0,1.0,"(5, 2)",66a92e2b14da1ebeb591920c
24.0,72.0,4660,test,2245.3681885900064,1.0,1.0,"(5, 2)",66a92e2b14da1ebeb591920c
24.0,72.0,4661,test,2245.3681885900064,1.0,1.0,"(5, 2)",66a92e2b14da1ebeb591920c
24.0,72.0,4662,test,2245.3681885900064,1.0,1.0,"(5, 2)",66a92e2b14da1ebeb591920c
24.0,72.0,4663,test,2245.3681885900064,1.0,1.0,"(5, 2)",66a92e2b14da1ebeb591920c
24.0,72.0,4664,test,2245.3681885900064,1.0,1.0,"(5, 2)",66a92e2b14da1ebeb591920c
24.0,72.0,4665,test,2245.3681885900064,1.0,1.0,"(5, 2)",66a92e2b14da1ebeb591920c
24.0,72.0,4666,test,2245.3681885900064,1.0,1.0,"(5, 2)",66a92e2b14da1ebeb591920c
24.0,72.0,4667,test,2245.3681885900064,1.0,1.0,"(5, 2)",66a92e2b14da1ebeb591920c
24.0,72.0,4668,test,2245.3681885900064,1.0,1.0,"(5, 2)",66a92e2b14da1ebeb591920c
24.0,72.0,4669,test,2245.3681885900064,1.0,1.0,"(5, 2)",66a92e2b14da1ebeb591920c
24.0,72.0,4670,test,2245.3681885900064,1.0,1.0,"(5, 2)",66a92e2b14da1ebeb591920c
24.0,72.0,4671,test,2245.3681885900064,1.0,1.0,"(5, 2)",66a92e2b14da1ebeb591920c
24.0,72.0,4672,test,2245.3681885900064,1.0,1.0,"(5, 2)",66a92e2b14da1ebeb591920c
24.0,72.0,4673,test,2245.3681885900064,1.0,1.0,"(5, 2)",66a92e2b14da1ebeb591920c
24.0,72.0,4674,test,2245.3681885900064,1.0,1.0,"(5, 2)",66a92e2b14da1ebeb591920c
24.0,72.0,4675,test,2245.3681885900064,1.0,1.0,"(5, 2)",66a92e2b14da1ebeb591920c
24.0,72.0,4676,test,2245.3681885900064,1.0,1.0,"(5, 2)",66a92e2b14da1ebeb591920c
24.0,72.0,4677,test,2245.3681885900064,1.0,1.0,"(5, 2)",66a92e2b14da1ebeb591920c
24.0,72.0,4678,test,2245.3681885900064,1.0,1.0,"(5, 2)",66a92e2b14da1ebeb591920c
24.0,72.0,4679,test,2245.3681885900064,1.0,1.0,"(5, 2)",66a92e2b14da1ebeb591920c
24.0,72.0,4680,test,2245.3681885900064,1.0,1.0,"(5, 2)",66a92e2b14da1ebeb591920c
24.0,72.0,4681,test,2245.3681885900064,1.0,1.0,"(5, 2)",66a92e2b14da1ebeb591920c
24.0,72.0,4682,test,2245.3681885900064,1.0,1.0,"(5, 2)",66a92e2b14da1ebeb591920c
24.0,72.0,4683,test,2245.3681885900064,1.0,1.0,"(5, 2)",66a92e2b14da1ebeb591920c
24.0,72.0,4684,test,2245.3681885900064,1.0,1.0,"(5, 2)",66a92e2b14da1ebeb591920c
24.0,72.0,4685,test,2245.3681885900064,1.0,1.0,"(5, 2)",66a92e2b14da1ebeb591920c
24.0,72.0,4686,test,2245.3681885900064,1.0,1.0,"(5, 2)",66a92e2b14da1ebeb591920c
24.0,72.0,4687,test,2245.3681885900064,1.0,1.0,"(5, 2)",66a92e2b14da1ebeb591920c
24.0,72.0,4688,test,2245.3681885900064,1.0,1.0,"(5, 2)",66a92e2b14da1ebeb591920c
24.0,72.0,4689,test,2245.3681885900064,1.0,1.0,"(5, 2)",66a92e2b14da1ebeb591920c
24.0,72.0,4690,test,2245.3681885900064,1.0,1.0,"(5, 2)",66a92e2b14da1ebeb591920c
24.0,72.0,4691,test,2245.3681885900064,1.0,1.0,"(5, 2)",66a92e2b14da1ebeb591920c
24.0,72.0,4692,test,2245.3681885900064,1.0,1.0,"(5, 2)",66a92e2b14da1ebeb591920c
24.0,72.0,4693,test,2245.3681885900064,1.0,1.0,"(5, 2)",66a92e2b14da1ebeb591920c
24.0,72.0,4694,test,2245.3681885900064,1.0,1.0,"(5, 2)",66a92e2b14da1ebeb591920c
24.0,72.0,4695,test,2245.3681885900064,1.0,1.0,"(5, 2)",66a92e2b14da1ebeb591920c
24.0,72.0,4696,test,2245.3681885900064,1.0,1.0,"(5, 2)",66a92e2b14da1ebeb591920c
24.0,72.0,4697,test,2245.3681885900064,1.0,1.0,"(5, 2)",66a92e2b14da1ebeb591920c
24.0,72.0,4698,test,2245.3681885900064,1.0,1.0,"(5, 2)",66a92e2b14da1ebeb591920c
24.0,72.0,4699,test,2245.3681885900064,1.0,1.0,"(5, 2)",66a92e2b14da1ebeb591920c
24.0,72.0,4700,test,2245.3681885900064,1.0,1.0,"(5, 2)",66a92e2b14da1ebeb591920c
24.0,72.0,4701,test,2245.3681885900064,1.0,1.0,"(5, 2)",66a92e2b14da1ebeb591920c
24.0,72.0,4702,test,2245.3681885900064,1.0,1.0,"(5, 2)",66a92e2b14da1ebeb591920c
24.0,72.0,4703,test,2245.3681885900064,1.0,1.0,"(5, 2)",66a92e2b14da1ebeb591920c
24.0,72.0,4704,test,2245.3681885900064,1.0,1.0,"(5, 2)",66a92e2b14da1ebeb591920c
24.0,72.0,4705,test,2245.3681885900064,1.0,1.0,"(5, 2)",66a92e2b14da1ebeb591920c
24.0,72.0,4706,test,2245.3681885900064,1.0,1.0,"(5, 2)",66a92e2b14da1ebeb591920c
24.0,72.0,4707,test,2245.3681885900064,1.0,1.0,"(5, 2)",66a92e2b14da1ebeb591920c
24.0,72.0,4708,test,2245.3681885900064,1.0,1.0,"(5, 2)",66a92e2b14da1ebeb591920c
24.0,72.0,4709,test,2245.3681885900064,1.0,1.0,"(5, 2)",66a92e2b14da1ebeb591920c
24.0,72.0,4710,test,2245.3681885900064,1.0,1.0,"(5, 2)",66a92e2b14da1ebeb591920c
24.0,72.0,4711,test,2245.3681885900064,1.0,1.0,"(5, 2)",66a92e2b14da1ebeb591920c
24.0,72.0,4712,test,2245.3681885900064,1.0,1.0,"(5, 2)",66a92e2b14da1ebeb591920c
24.0,72.0,4713,test,2245.3681885900064,1.0,1.0,"(5, 2)",66a92e2b14da1ebeb591920c
24.0,72.0,4714,test,2245.3681885900064,1.0,1.0,"(5, 2)",66a92e2b14da1ebeb591920c
24.0,72.0,4715,test,2245.3681885900064,1.0,1.0,"(5, 2)",66a92e2b14da1ebeb591920c
24.0,72.0,4716,test,2245.3681885900064,1.0,1.0,"(5, 2)",66a92e2b14da1ebeb591920c
24.0,72.0,4717,test,2245.3681885900064,1.0,1.0,"(5, 2)",66a92e2b14da1ebeb591920c
24.0,72.0,4718,test,2245.3681885900064,1.0,1.0,"(5, 2)",66a92e2b14da1ebeb591920c
24.0,72.0,4719,test,2245.3681885900064,1.0,1.0,"(5, 2)",66a92e2b14da1ebeb591920c
24.0,72.0,4720,test,2245.3681885900064,1.0,1.0,"(5, 2)",66a92e2b14da1ebeb591920c
24.0,70.74999999999972,4721,test,2246.618188590007,1.0,1.0,"(5, 2)",66a92e2b14da1ebeb591920c
24.0,69.49999999999943,4722,test,2247.8681885900073,1.0,1.0,"(5, 2)",66a92e2b14da1ebeb591920c
24.0,68.24999999999915,4723,test,2249.118188590008,1.0,1.0,"(5, 2)",66a92e2b14da1ebeb591920c
24.0,66.99999999999886,4724,test,2250.3681885900082,1.0,1.0,"(5, 2)",66a92e2b14da1ebeb591920c
24.0,65.74999999999858,4725,test,2251.6181885900087,1.0,1.0,"(5, 2)",66a92e2b14da1ebeb591920c
24.0,64.4999999999983,4726,test,2252.868188590009,1.0,1.0,"(5, 2)",66a92e2b14da1ebeb591920c
24.0,63.24999999999801,4727,test,2254.1181885900096,1.0,1.0,"(5, 2)",66a92e2b14da1ebeb591920c
24.0,61.999999999997726,4728,test,2255.36818859001,1.0,1.0,"(5, 2)",66a92e2b14da1ebeb591920c
24.0,60.74999999999744,4729,test,2256.6181885900105,1.0,1.0,"(5, 2)",66a92e2b14da1ebeb591920c
24.0,59.49999999999716,4730,test,2257.868188590011,1.0,1.0,"(5, 2)",66a92e2b14da1ebeb591920c
24.0,58.249999999996874,4731,test,2259.1181885900114,1.0,1.0,"(5, 2)",66a92e2b14da1ebeb591920c
24.0,56.99999999999659,4732,test,2260.368188590012,1.0,1.0,"(5, 2)",66a92e2b14da1ebeb591920c
24.0,55.749999999996305,4733,test,2261.6181885900123,1.0,1.0,"(5, 2)",66a92e2b14da1ebeb591920c
24.0,54.49999999999602,4734,test,2262.868188590013,1.0,1.0,"(5, 2)",66a92e2b14da1ebeb591920c
24.0,53.24999999999574,4735,test,2264.1181885900132,1.0,1.0,"(5, 2)",66a92e2b14da1ebeb591920c
24.0,51.99999999999545,4736,test,2265.3681885900137,1.0,1.0,"(5, 2)",66a92e2b14da1ebeb591920c
24.0,50.74999999999517,4737,test,2266.618188590014,1.0,1.0,"(5, 2)",66a92e2b14da1ebeb591920c
24.0,49.499999999994884,4738,test,2267.8681885900146,1.0,1.0,"(5, 2)",66a92e2b14da1ebeb591920c
24.0,48.2499999999946,4739,test,2269.118188590015,1.0,1.0,"(5, 2)",66a92e2b14da1ebeb591920c
24.0,46.999999999994316,4740,test,2270.3681885900155,1.0,1.0,"(5, 2)",66a92e2b14da1ebeb591920c
24.0,45.74999999999403,4741,test,2271.618188590016,1.0,1.0,"(5, 2)",66a92e2b14da1ebeb591920c
24.0,44.49999999999375,4742,test,2272.8681885900164,1.0,1.0,"(5, 2)",66a92e2b14da1ebeb591920c
24.0,43.24999999999346,4743,test,2274.118188590017,1.0,1.0,"(5, 2)",66a92e2b14da1ebeb591920c
24.0,41.99999999999318,4744,test,2275.3681885900173,1.0,1.0,"(5, 2)",66a92e2b14da1ebeb591920c
24.0,40.749999999992895,4745,test,2276.618188590018,1.0,1.0,"(5, 2)",66a92e2b14da1ebeb591920c
24.49189088134284,39.70196048263347,4746,test,2277.7759206268447,1.0,1.0,"(5, 2)",66a92e2b14da1ebeb591920c
25.37026745516934,38.81260420163471,4747,test,2279.0259206268443,1.0,1.0,"(5, 2)",66a92e2b14da1ebeb591920c
26.24864402899584,37.92324792063596,4748,test,2280.275920626844,1.0,1.0,"(5, 2)",66a92e2b14da1ebeb591920c
27.12702060282234,37.033891639637005,4749,test,2281.525920626844,1.0,1.0,"(5, 2)",66a92e2b14da1ebeb591920c
28.00539717664884,36.14453535863804,4750,test,2282.775920626844,1.0,1.0,"(5, 2)",66a92e2b14da1ebeb591920c
28.883773750475342,35.25517907763907,4751,test,2284.025920626844,1.0,1.0,"(5, 2)",66a92e2b14da1ebeb591920c
29.762150324301842,34.36582279664011,4752,test,2285.275920626844,1.0,1.0,"(5, 2)",66a92e2b14da1ebeb591920c
30.640526898128343,33.47646651564114,4753,test,2286.525920626844,1.0,1.0,"(5, 2)",66a92e2b14da1ebeb591920c
31.518903471954843,32.587110234642175,4754,test,2287.775920626844,1.0,1.0,"(5, 2)",66a92e2b14da1ebeb591920c
32.39728004578134,31.697753953643165,4755,test,2289.025920626844,1.0,1.0,"(5, 2)",66a92e2b14da1ebeb591920c
33.275656619607844,30.808397672644055,4756,test,2290.275920626844,1.0,1.0,"(5, 2)",66a92e2b14da1ebeb591920c
34.154033193434344,29.919041391644946,4757,test,2291.525920626844,1.0,1.0,"(5, 2)",66a92e2b14da1ebeb591920c
35.032409767260845,29.029685110645836,4758,test,2292.775920626844,1.0,1.0,"(5, 2)",66a92e2b14da1ebeb591920c
35.910786341087345,28.140328829646727,4759,test,2294.025920626844,1.0,1.0,"(5, 2)",66a92e2b14da1ebeb591920c
36.789162914913845,27.250972548647617,4760,test,2295.275920626844,1.0,1.0,"(5, 2)",66a92e2b14da1ebeb591920c
37.667539488740346,26.361616267648508,4761,test,2296.525920626844,1.0,1.0,"(5, 2)",66a92e2b14da1ebeb591920c
38.54591606256688,25.472259986649725,4762,test,2297.7759206268433,1.0,1.0,"(5, 2)",66a92e2b14da1ebeb591920c
39.424292636393595,24.58290370565097,4763,test,2299.0259206268433,1.0,1.0,"(5, 2)",66a92e2b14da1ebeb591920c
40.51072931689117,24.1833035623608,4764,test,2300.183515087459,1.0,1.0,"(5, 2)",66a92e2b14da1ebeb591920c
41.76064179548729,24.168511812984512,4765,test,2301.433515087459,1.0,1.0,"(5, 2)",66a92e2b14da1ebeb591920c
43.010554274083404,24.153720063608226,4766,test,2302.683515087459,1.0,1.0,"(5, 2)",66a92e2b14da1ebeb591920c
44.26046675267952,24.13892831423194,4767,test,2303.933515087459,1.0,1.0,"(5, 2)",66a92e2b14da1ebeb591920c
45.510379231275635,24.124136564855654,4768,test,2305.183515087459,1.0,1.0,"(5, 2)",66a92e2b14da1ebeb591920c
46.76029170987175,24.109344815479368,4769,test,2306.433515087459,1.0,1.0,"(5, 2)",66a92e2b14da1ebeb591920c
48.01020418846787,24.09455306610308,4770,test,2307.683515087459,1.0,1.0,"(5, 2)",66a92e2b14da1ebeb591920c
49.26011666706398,24.079761316726795,4771,test,2308.933515087459,1.0,1.0,"(5, 2)",66a92e2b14da1ebeb591920c
50.5100291456601,24.06496956735051,4772,test,2310.183515087459,1.0,1.0,"(5, 2)",66a92e2b14da1ebeb591920c
51.759941624256214,24.050177817974223,4773,test,2311.433515087459,1.0,1.0,"(5, 2)",66a92e2b14da1ebeb591920c
53.00985410285233,24.035386068597937,4774,test,2312.683515087459,1.0,1.0,"(5, 2)",66a92e2b14da1ebeb591920c
54.259766581448446,24.02059431922165,4775,test,2313.933515087459,1.0,1.0,"(5, 2)",66a92e2b14da1ebeb591920c
55.50967906004456,24.00580256984539,4776,test,2315.183515087459,1.0,1.0,"(5, 2)",66a92e2b14da1ebeb591920c
56.75965804571305,24.002120377216816,4777,test,2316.433499496624,1.0,1.0,"(5, 2)",66a92e2b14da1ebeb591920c
58.009658033614926,24.00194646566651,4778,test,2317.683499496624,1.0,1.0,"(5, 2)",66a92e2b14da1ebeb591920c
59.2596580215168,24.001772554116283,4779,test,2318.933499496624,1.0,1.0,"(5, 2)",66a92e2b14da1ebeb591920c
60.50965800941867,24.001598642566055,4780,test,2320.183499496624,1.0,1.0,"(5, 2)",66a92e2b14da1ebeb591920c
61.759657997320545,24.001424731015828,4781,test,2321.433499496624,1.0,1.0,"(5, 2)",66a92e2b14da1ebeb591920c
63.00965798522242,24.0012508194656,4782,test,2322.683499496624,1.0,1.0,"(5, 2)",66a92e2b14da1ebeb591920c
64.25965797312443,24.001076907915373,4783,test,2323.933499496624,1.0,1.0,"(5, 2)",66a92e2b14da1ebeb591920c
65.50965796102702,24.00090299636514,4784,test,2325.1834994966243,1.0,1.0,"(5, 2)",66a92e2b14da1ebeb591920c
66.7596579489296,24.000729084814914,4785,test,2326.433499496625,1.0,1.0,"(5, 2)",66a92e2b14da1ebeb591920c
68.00965793683218,24.000555173264686,4786,test,2327.6834994966252,1.0,1.0,"(5, 2)",66a92e2b14da1ebeb591920c
69.25965792473477,24.00038126171446,4787,test,2328.9334994966257,1.0,1.0,"(5, 2)",66a92e2b14da1ebeb591920c
70.50965791263735,24.00020735016423,4788,test,2330.183499496626,1.0,1.0,"(5, 2)",66a92e2b14da1ebeb591920c
71.75965790053993,24.000033438614004,4789,test,2331.4334994966266,1.0,1.0,"(5, 2)",66a92e2b14da1ebeb591920c
72.66318917715836,24.843521804609665,4790,test,2332.6695583105175,1.0,1.0,"(5, 2)",66a92e2b14da1ebeb591920c
73.55228425747327,25.72216276550307,4791,test,2333.9195583105175,1.0,1.0,"(5, 2)",66a92e2b14da1ebeb591920c
74.44137933778819,26.600803726396478,4792,test,2335.1695583105175,1.0,1.0,"(5, 2)",66a92e2b14da1ebeb591920c
75.33047441810311,27.479444687289885,4793,test,2336.4195583105175,1.0,1.0,"(5, 2)",66a92e2b14da1ebeb591920c
76.21956949841802,28.35808564818329,4794,test,2337.6695583105175,1.0,1.0,"(5, 2)",66a92e2b14da1ebeb591920c
77.10866457873294,29.236726609076698,4795,test,2338.9195583105175,1.0,1.0,"(5, 2)",66a92e2b14da1ebeb591920c
77.99775965904786,30.115367569970104,4796,test,2340.1695583105175,1.0,1.0,"(5, 2)",66a92e2b14da1ebeb591920c
78.88685473936278,30.99400853086351,4797,test,2341.4195583105175,1.0,1.0,"(5, 2)",66a92e2b14da1ebeb591920c
79.77594981967769,31.872649491756917,4798,test,2342.6695583105175,1.0,1.0,"(5, 2)",66a92e2b14da1ebeb591920c
80.66504489999261,32.75129045265063,4799,test,2343.9195583105175,1.0,1.0,"(5, 2)",66a92e2b14da1ebeb591920c
81.55413998030753,33.629931413544085,4800,test,2345.1695583105175,1.0,1.0,"(5, 2)",66a92e2b14da1ebeb591920c
82.44323506062244,34.50857237443743,4801,test,2346.4195583105175,1.0,1.0,"(5, 2)",66a92e2b14da1ebeb591920c
83.33233014093736,35.38721333533076,4802,test,2347.6695583105175,1.0,1.0,"(5, 2)",66a92e2b14da1ebeb591920c
84.22142522125228,36.265854296224106,4803,test,2348.9195583105175,1.0,1.0,"(5, 2)",66a92e2b14da1ebeb591920c
85.11052030156719,37.14449525711744,4804,test,2350.1695583105175,1.0,1.0,"(5, 2)",66a92e2b14da1ebeb591920c
85.99961538188211,38.02313621801078,4805,test,2351.4195583105175,1.0,1.0,"(5, 2)",66a92e2b14da1ebeb591920c
86.88871046219703,38.90177717890412,4806,test,2352.6695583105175,1.0,1.0,"(5, 2)",66a92e2b14da1ebeb591920c
87.77780554251194,39.780418139797455,4807,test,2353.9195583105175,1.0,1.0,"(5, 2)",66a92e2b14da1ebeb591920c
88.0,40.0,4808,test,2354.231946803053,1.0,1.0,"(5, 2)",66a92e2b14da1ebeb591920c
88.0,40.0,4809,test,2354.231946803053,1.0,1.0,"(5, 2)",66a92e2b14da1ebeb591920c
88.0,40.0,4810,test,2354.231946803053,1.0,1.0,"(5, 2)",66a92e2b14da1ebeb591920c
88.0,40.0,4811,test,2354.231946803053,1.0,1.0,"(5, 2)",66a92e2b14da1ebeb591920c
88.0,40.0,4812,test,2354.231946803053,1.0,1.0,"(5, 2)",66a92e2b14da1ebeb591920c
88.0,40.0,4813,test,2354.231946803053,1.0,1.0,"(5, 2)",66a92e2b14da1ebeb591920c
88.0,40.0,4814,test,2354.231946803053,1.0,1.0,"(5, 2)",66a92e2b14da1ebeb591920c
88.0,40.0,4815,test,2354.231946803053,1.0,1.0,"(5, 2)",66a92e2b14da1ebeb591920c
88.0,40.0,4816,test,2354.231946803053,1.0,1.0,"(5, 2)",66a92e2b14da1ebeb591920c
88.0,40.0,4817,test,2354.231946803053,1.0,1.0,"(5, 2)",66a92e2b14da1ebeb591920c
88.0,40.0,4818,test,2354.231946803053,1.0,1.0,"(5, 2)",66a92e2b14da1ebeb591920c
88.0,40.0,4819,test,2354.231946803053,1.0,1.0,"(5, 2)",66a92e2b14da1ebeb591920c
88.0,40.0,4820,test,2354.231946803053,1.0,1.0,"(5, 2)",66a92e2b14da1ebeb591920c
88.0,40.0,4821,test,2354.231946803053,1.0,1.0,"(5, 2)",66a92e2b14da1ebeb591920c
88.0,40.0,4822,test,2354.231946803053,1.0,1.0,"(5, 2)",66a92e2b14da1ebeb591920c
88.0,40.0,4823,test,2354.231946803053,1.0,1.0,"(5, 2)",66a92e2b14da1ebeb591920c
88.0,40.0,4824,test,2354.231946803053,1.0,1.0,"(5, 2)",66a92e2b14da1ebeb591920c
88.0,40.0,4825,test,2354.231946803053,1.0,1.0,"(5, 2)",66a92e2b14da1ebeb591920c
88.0,40.0,4826,test,2354.231946803053,1.0,1.0,"(5, 2)",66a92e2b14da1ebeb591920c
88.0,40.0,4827,test,2354.231946803053,1.0,1.0,"(5, 2)",66a92e2b14da1ebeb591920c
88.0,40.0,4828,test,2354.231946803053,1.0,1.0,"(5, 2)",66a92e2b14da1ebeb591920c
88.0,40.0,4829,test,2354.231946803053,1.0,1.0,"(5, 2)",66a92e2b14da1ebeb591920c
88.0,40.0,4830,test,2354.231946803053,1.0,1.0,"(5, 2)",66a92e2b14da1ebeb591920c
88.0,40.0,4831,test,2354.231946803053,1.0,1.0,"(5, 2)",66a92e2b14da1ebeb591920c
88.0,40.0,4832,test,2354.231946803053,1.0,1.0,"(5, 2)",66a92e2b14da1ebeb591920c
88.0,40.0,4833,test,2354.231946803053,1.0,1.0,"(5, 2)",66a92e2b14da1ebeb591920c
88.0,40.0,4834,test,2354.231946803053,1.0,1.0,"(5, 2)",66a92e2b14da1ebeb591920c
88.0,40.0,4835,test,2354.231946803053,1.0,1.0,"(5, 2)",66a92e2b14da1ebeb591920c
88.0,40.0,4836,test,2354.231946803053,1.0,1.0,"(5, 2)",66a92e2b14da1ebeb591920c
88.0,40.0,4837,test,2354.231946803053,1.0,1.0,"(5, 2)",66a92e2b14da1ebeb591920c
88.0,40.0,4838,test,2354.231946803053,1.0,1.0,"(5, 2)",66a92e2b14da1ebeb591920c
88.0,40.0,4839,test,2354.231946803053,1.0,1.0,"(5, 2)",66a92e2b14da1ebeb591920c
88.0,40.0,4840,test,2354.231946803053,1.0,1.0,"(5, 2)",66a92e2b14da1ebeb591920c
88.0,40.0,4841,test,2354.231946803053,1.0,1.0,"(5, 2)",66a92e2b14da1ebeb591920c
88.0,40.0,4842,test,2354.231946803053,1.0,1.0,"(5, 2)",66a92e2b14da1ebeb591920c
88.0,40.0,4843,test,2354.231946803053,1.0,1.0,"(5, 2)",66a92e2b14da1ebeb591920c
88.0,40.0,4844,test,2354.231946803053,1.0,1.0,"(5, 2)",66a92e2b14da1ebeb591920c
88.0,40.0,4845,test,2354.231946803053,1.0,1.0,"(5, 2)",66a92e2b14da1ebeb591920c
88.0,40.0,4846,test,2354.231946803053,1.0,1.0,"(5, 2)",66a92e2b14da1ebeb591920c
88.0,40.0,4847,test,2354.231946803053,1.0,1.0,"(5, 2)",66a92e2b14da1ebeb591920c
88.0,40.0,4848,test,2354.231946803053,1.0,1.0,"(5, 2)",66a92e2b14da1ebeb591920c
88.0,40.0,4849,test,2354.231946803053,1.0,1.0,"(5, 2)",66a92e2b14da1ebeb591920c
88.0,40.0,4850,test,2354.231946803053,1.0,1.0,"(5, 2)",66a92e2b14da1ebeb591920c
88.0,40.0,4851,test,2354.231946803053,1.0,1.0,"(5, 2)",66a92e2b14da1ebeb591920c
88.0,40.0,4852,test,2354.231946803053,1.0,1.0,"(5, 2)",66a92e2b14da1ebeb591920c
88.0,40.0,4853,test,2354.231946803053,1.0,1.0,"(5, 2)",66a92e2b14da1ebeb591920c
88.0,40.0,4854,test,2354.231946803053,1.0,1.0,"(5, 2)",66a92e2b14da1ebeb591920c
88.0,40.0,4855,test,2354.231946803053,1.0,1.0,"(5, 2)",66a92e2b14da1ebeb591920c
88.0,40.0,4856,test,2354.231946803053,1.0,1.0,"(5, 2)",66a92e2b14da1ebeb591920c
88.0,40.0,4857,test,2354.231946803053,1.0,1.0,"(5, 2)",66a92e2b14da1ebeb591920c
88.0,40.0,4858,test,2354.231946803053,1.0,1.0,"(5, 2)",66a92e2b14da1ebeb591920c
88.0,40.0,4859,test,2354.231946803053,1.0,1.0,"(5, 2)",66a92e2b14da1ebeb591920c
88.0,40.0,4860,test,2354.231946803053,1.0,1.0,"(5, 2)",66a92e2b14da1ebeb591920c
88.0,40.0,4861,test,2354.231946803053,1.0,1.0,"(5, 2)",66a92e2b14da1ebeb591920c
88.0,40.0,4862,test,2354.231946803053,1.0,1.0,"(5, 2)",66a92e2b14da1ebeb591920c
88.0,40.0,4863,test,2354.231946803053,1.0,1.0,"(5, 2)",66a92e2b14da1ebeb591920c
88.0,40.0,4864,test,2354.231946803053,1.0,1.0,"(5, 2)",66a92e2b14da1ebeb591920c
88.0,40.0,4865,test,2354.231946803053,1.0,1.0,"(5, 2)",66a92e2b14da1ebeb591920c
88.0,40.0,4866,test,2354.231946803053,1.0,1.0,"(5, 2)",66a92e2b14da1ebeb591920c
88.0,40.0,4867,test,2354.231946803053,1.0,1.0,"(5, 2)",66a92e2b14da1ebeb591920c
88.0,40.0,4868,test,2354.231946803053,1.0,1.0,"(5, 2)",66a92e2b14da1ebeb591920c
88.0,40.0,4869,test,2354.231946803053,1.0,1.0,"(5, 2)",66a92e2b14da1ebeb591920c
88.0,40.0,4870,test,2354.231946803053,1.0,1.0,"(5, 2)",66a92e2b14da1ebeb591920c
88.0,40.0,4871,test,2354.231946803053,1.0,1.0,"(5, 2)",66a92e2b14da1ebeb591920c
88.0,40.0,4872,test,2354.231946803053,1.0,1.0,"(5, 2)",66a92e2b14da1ebeb591920c
88.0,40.0,4873,test,2354.231946803053,1.0,1.0,"(5, 2)",66a92e2b14da1ebeb591920c
88.0,40.0,4874,test,2354.231946803053,1.0,1.0,"(5, 2)",66a92e2b14da1ebeb591920c
88.0,40.0,4875,test,2354.231946803053,1.0,1.0,"(5, 2)",66a92e2b14da1ebeb591920c
88.0,40.0,4876,test,2354.231946803053,1.0,1.0,"(5, 2)",66a92e2b14da1ebeb591920c
88.0,40.0,4877,test,2354.231946803053,1.0,1.0,"(5, 2)",66a92e2b14da1ebeb591920c
88.0,40.0,4878,test,2354.231946803053,1.0,1.0,"(5, 2)",66a92e2b14da1ebeb591920c
88.0,40.0,4879,test,2354.231946803053,1.0,1.0,"(5, 2)",66a92e2b14da1ebeb591920c
88.0,40.0,4880,test,2354.231946803053,1.0,1.0,"(5, 2)",66a92e2b14da1ebeb591920c
88.0,40.0,4881,test,2354.231946803053,1.0,1.0,"(5, 2)",66a92e2b14da1ebeb591920c
88.0,40.0,4882,test,2354.231946803053,1.0,1.0,"(5, 2)",66a92e2b14da1ebeb591920c
88.0,40.0,4883,test,2354.231946803053,1.0,1.0,"(5, 2)",66a92e2b14da1ebeb591920c
88.0,40.0,4884,test,2354.231946803053,1.0,1.0,"(5, 2)",66a92e2b14da1ebeb591920c
88.0,40.0,4885,test,2354.231946803053,1.0,1.0,"(5, 2)",66a92e2b14da1ebeb591920c
88.0,40.0,4886,test,2354.231946803053,1.0,1.0,"(5, 2)",66a92e2b14da1ebeb591920c
88.0,40.0,4887,test,2354.231946803053,1.0,1.0,"(5, 2)",66a92e2b14da1ebeb591920c
88.0,40.0,4888,test,2354.231946803053,1.0,1.0,"(5, 2)",66a92e2b14da1ebeb591920c
88.0,40.0,4889,test,2354.231946803053,1.0,1.0,"(5, 2)",66a92e2b14da1ebeb591920c
88.0,40.0,4890,test,2354.231946803053,1.0,1.0,"(5, 2)",66a92e2b14da1ebeb591920c
88.0,40.0,4891,test,2354.231946803053,1.0,1.0,"(5, 2)",66a92e2b14da1ebeb591920c
88.0,40.0,4892,test,2354.231946803053,1.0,1.0,"(5, 2)",66a92e2b14da1ebeb591920c
88.0,40.0,4893,test,2354.231946803053,1.0,1.0,"(5, 2)",66a92e2b14da1ebeb591920c
88.0,40.0,4894,test,2354.231946803053,1.0,1.0,"(5, 2)",66a92e2b14da1ebeb591920c
88.0,40.0,4895,test,2354.231946803053,1.0,1.0,"(5, 2)",66a92e2b14da1ebeb591920c
88.0,40.0,4896,test,2354.231946803053,1.0,1.0,"(5, 2)",66a92e2b14da1ebeb591920c
88.0,40.0,4897,test,2354.231946803053,1.0,1.0,"(5, 2)",66a92e2b14da1ebeb591920c
88.0,40.0,4898,test,2354.231946803053,1.0,1.0,"(5, 2)",66a92e2b14da1ebeb591920c
88.0,40.0,4899,test,2354.231946803053,1.0,1.0,"(5, 2)",66a92e2b14da1ebeb591920c
88.0,40.0,4900,test,2354.231946803053,1.0,1.0,"(5, 2)",66a92e2b14da1ebeb591920c
88.0,40.0,4901,test,2354.231946803053,1.0,1.0,"(5, 2)",66a92e2b14da1ebeb591920c
88.0,40.0,4902,test,2354.231946803053,1.0,1.0,"(5, 2)",66a92e2b14da1ebeb591920c
88.0,40.0,4903,test,2354.231946803053,1.0,1.0,"(5, 2)",66a92e2b14da1ebeb591920c
88.0,40.0,4904,test,2354.231946803053,1.0,1.0,"(5, 2)",66a92e2b14da1ebeb591920c
88.0,40.0,4905,test,2354.231946803053,1.0,1.0,"(5, 2)",66a92e2b14da1ebeb591920c
88.0,40.0,4906,test,2354.231946803053,1.0,1.0,"(5, 2)",66a92e2b14da1ebeb591920c
88.0,40.0,4907,test,2354.231946803053,1.0,1.0,"(5, 2)",66a92e2b14da1ebeb591920c
88.0,40.0,4908,test,2354.231946803053,1.0,1.0,"(5, 2)",66a92e2b14da1ebeb591920c
88.0,40.0,4909,test,2354.231946803053,1.0,1.0,"(5, 2)",66a92e2b14da1ebeb591920c
88.0,40.0,4910,test,2354.231946803053,1.0,1.0,"(5, 2)",66a92e2b14da1ebeb591920c
86.74999999999972,40.0,4911,test,2355.4819468030532,1.0,1.0,"(5, 2)",66a92e2b14da1ebeb591920c
85.49999999999943,40.0,4912,test,2356.7319468030537,1.0,1.0,"(5, 2)",66a92e2b14da1ebeb591920c
84.24999999999915,40.0,4913,test,2357.981946803054,1.0,1.0,"(5, 2)",66a92e2b14da1ebeb591920c
82.99999999999886,40.0,4914,test,2359.2319468030546,1.0,1.0,"(5, 2)",66a92e2b14da1ebeb591920c
81.74999999999858,40.0,4915,test,2360.481946803055,1.0,1.0,"(5, 2)",66a92e2b14da1ebeb591920c
80.4999999999983,40.0,4916,test,2361.7319468030555,1.0,1.0,"(5, 2)",66a92e2b14da1ebeb591920c
79.24999999999801,40.0,4917,test,2362.981946803056,1.0,1.0,"(5, 2)",66a92e2b14da1ebeb591920c
77.99999999999773,40.0,4918,test,2364.2319468030564,1.0,1.0,"(5, 2)",66a92e2b14da1ebeb591920c
76.74999999999744,40.0,4919,test,2365.481946803057,1.0,1.0,"(5, 2)",66a92e2b14da1ebeb591920c
75.49999999999716,40.0,4920,test,2366.7319468030573,1.0,1.0,"(5, 2)",66a92e2b14da1ebeb591920c
74.24999999999687,40.0,4921,test,2367.981946803058,1.0,1.0,"(5, 2)",66a92e2b14da1ebeb591920c
72.99999999999659,40.0,4922,test,2369.2319468030582,1.0,1.0,"(5, 2)",66a92e2b14da1ebeb591920c
71.87983173883686,40.31621556657754,4923,test,2370.3958923421,1.0,1.0,"(5, 2)",66a92e2b14da1ebeb591920c
70.9904754578381,41.19459214040404,4924,test,2371.6458923420996,1.0,1.0,"(5, 2)",66a92e2b14da1ebeb591920c
70.10111917683935,42.07296871423054,4925,test,2372.895892342099,1.0,1.0,"(5, 2)",66a92e2b14da1ebeb591920c
69.2117628958406,42.95134528805704,4926,test,2374.1458923420987,1.0,1.0,"(5, 2)",66a92e2b14da1ebeb591920c
68.32240661484184,43.82972186188354,4927,test,2375.3958923420983,1.0,1.0,"(5, 2)",66a92e2b14da1ebeb591920c
67.43305033384308,44.70809843571004,4928,test,2376.645892342098,1.0,1.0,"(5, 2)",66a92e2b14da1ebeb591920c
66.54369405284433,45.58647500953654,4929,test,2377.8958923420973,1.0,1.0,"(5, 2)",66a92e2b14da1ebeb591920c
65.65433777184558,46.46485158336304,4930,test,2379.145892342097,1.0,1.0,"(5, 2)",66a92e2b14da1ebeb591920c
64.76498149084682,47.34322815718954,4931,test,2380.3958923420964,1.0,1.0,"(5, 2)",66a92e2b14da1ebeb591920c
63.87562520984797,48.22160473101604,4932,test,2381.645892342096,1.0,1.0,"(5, 2)",66a92e2b14da1ebeb591920c
62.9862689288485,49.099981304842544,4933,test,2382.895892342096,1.0,1.0,"(5, 2)",66a92e2b14da1ebeb591920c
62.09691264784904,49.978357878669044,4934,test,2384.145892342096,1.0,1.0,"(5, 2)",66a92e2b14da1ebeb591920c
61.20755636684957,50.856734452495544,4935,test,2385.395892342096,1.0,1.0,"(5, 2)",66a92e2b14da1ebeb591920c
60.31820008585011,51.735111026322045,4936,test,2386.645892342096,1.0,1.0,"(5, 2)",66a92e2b14da1ebeb591920c
59.42884380485064,52.613487600148545,4937,test,2387.895892342096,1.0,1.0,"(5, 2)",66a92e2b14da1ebeb591920c
58.53948752385118,53.491864173975046,4938,test,2389.145892342096,1.0,1.0,"(5, 2)",66a92e2b14da1ebeb591920c
57.650131242851714,54.370240747801546,4939,test,2390.395892342096,1.0,1.0,"(5, 2)",66a92e2b14da1ebeb591920c
56.76077496185225,55.24861732162794,4940,test,2391.645892342096,1.0,1.0,"(5, 2)",66a92e2b14da1ebeb591920c
56.0,56.0,4941,test,2392.715169888825,1.0,1.0,"(5, 2)",66a92e2b14da1ebeb591920c
56.0,56.0,4942,test,2392.715169888825,1.0,1.0,"(5, 2)",66a92e2b14da1ebeb591920c
56.0,56.0,4943,test,2392.715169888825,1.0,1.0,"(5, 2)",66a92e2b14da1ebeb591920c
56.0,56.0,4944,test,2392.715169888825,1.0,1.0,"(5, 2)",66a92e2b14da1ebeb591920c
56.0,56.0,4945,test,2392.715169888825,1.0,1.0,"(5, 2)",66a92e2b14da1ebeb591920c
56.0,56.0,4946,test,2392.715169888825,1.0,1.0,"(5, 2)",66a92e2b14da1ebeb591920c
56.0,56.0,4947,test,2392.715169888825,1.0,1.0,"(5, 2)",66a92e2b14da1ebeb591920c
56.0,56.0,4948,test,2392.715169888825,1.0,1.0,"(5, 2)",66a92e2b14da1ebeb591920c
56.0,56.0,4949,test,2392.715169888825,1.0,1.0,"(5, 2)",66a92e2b14da1ebeb591920c
56.0,56.0,4950,test,2392.715169888825,1.0,1.0,"(5, 2)",66a92e2b14da1ebeb591920c
56.0,56.0,4951,test,2392.715169888825,1.0,1.0,"(5, 2)",66a92e2b14da1ebeb591920c
56.0,56.0,4952,test,2392.715169888825,1.0,1.0,"(5, 2)",66a92e2b14da1ebeb591920c
56.0,56.0,4953,test,2392.715169888825,1.0,1.0,"(5, 2)",66a92e2b14da1ebeb591920c
56.0,56.0,4954,test,2392.715169888825,1.0,1.0,"(5, 2)",66a92e2b14da1ebeb591920c
56.0,56.0,4955,test,2392.715169888825,1.0,1.0,"(5, 2)",66a92e2b14da1ebeb591920c
56.0,56.0,4956,test,2392.715169888825,1.0,1.0,"(5, 2)",66a92e2b14da1ebeb591920c
56.0,56.0,4957,test,2392.715169888825,1.0,1.0,"(5, 2)",66a92e2b14da1ebeb591920c
56.0,56.0,4958,test,2392.715169888825,1.0,1.0,"(5, 2)",66a92e2b14da1ebeb591920c
56.0,56.0,4959,test,2392.715169888825,1.0,1.0,"(5, 2)",66a92e2b14da1ebeb591920c
56.0,56.0,4960,test,2392.715169888825,1.0,1.0,"(5, 2)",66a92e2b14da1ebeb591920c
56.0,56.0,4961,test,2392.715169888825,1.0,1.0,"(5, 2)",66a92e2b14da1ebeb591920c
56.0,56.0,4962,test,2392.715169888825,1.0,1.0,"(5, 2)",66a92e2b14da1ebeb591920c
56.0,56.0,4963,test,2392.715169888825,1.0,1.0,"(5, 2)",66a92e2b14da1ebeb591920c
56.0,56.0,4964,test,2392.715169888825,1.0,1.0,"(5, 2)",66a92e2b14da1ebeb591920c
56.0,56.0,4965,test,2392.715169888825,1.0,1.0,"(5, 2)",66a92e2b14da1ebeb591920c
56.0,56.0,4966,test,2392.715169888825,1.0,1.0,"(5, 2)",66a92e2b14da1ebeb591920c
56.0,56.0,4967,test,2392.715169888825,1.0,1.0,"(5, 2)",66a92e2b14da1ebeb591920c
56.0,56.0,4968,test,2392.715169888825,1.0,1.0,"(5, 2)",66a92e2b14da1ebeb591920c
56.0,56.0,4969,test,2392.715169888825,1.0,1.0,"(5, 2)",66a92e2b14da1ebeb591920c
56.0,56.0,4970,test,2392.715169888825,1.0,1.0,"(5, 2)",66a92e2b14da1ebeb591920c
56.0,56.0,4971,test,2392.715169888825,1.0,1.0,"(5, 2)",66a92e2b14da1ebeb591920c
56.0,56.0,4972,test,2392.715169888825,1.0,1.0,"(5, 2)",66a92e2b14da1ebeb591920c
56.0,56.0,4973,test,2392.715169888825,1.0,1.0,"(5, 2)",66a92e2b14da1ebeb591920c
56.0,56.0,4974,test,2392.715169888825,1.0,1.0,"(5, 2)",66a92e2b14da1ebeb591920c
56.0,56.0,4975,test,2392.715169888825,1.0,1.0,"(5, 2)",66a92e2b14da1ebeb591920c
56.0,56.0,4976,test,2392.715169888825,1.0,1.0,"(5, 2)",66a92e2b14da1ebeb591920c
56.0,54.749999999999716,4977,test,2393.9651698888256,1.0,1.0,"(5, 2)",66a92e2b14da1ebeb591920c
56.0,53.49999999999943,4978,test,2395.215169888826,1.0,1.0,"(5, 2)",66a92e2b14da1ebeb591920c
56.0,52.24999999999915,4979,test,2396.4651698888265,1.0,1.0,"(5, 2)",66a92e2b14da1ebeb591920c
56.0,50.99999999999886,4980,test,2397.715169888827,1.0,1.0,"(5, 2)",66a92e2b14da1ebeb591920c
56.0,49.74999999999858,4981,test,2398.9651698888274,1.0,1.0,"(5, 2)",66a92e2b14da1ebeb591920c
56.0,48.499999999998295,4982,test,2400.215169888828,1.0,1.0,"(5, 2)",66a92e2b14da1ebeb591920c
56.0,47.24999999999801,4983,test,2401.4651698888283,1.0,1.0,"(5, 2)",66a92e2b14da1ebeb591920c
56.0,45.999999999997726,4984,test,2402.7151698888288,1.0,1.0,"(5, 2)",66a92e2b14da1ebeb591920c
56.0,44.74999999999744,4985,test,2403.965169888829,1.0,1.0,"(5, 2)",66a92e2b14da1ebeb591920c
56.0,43.49999999999716,4986,test,2405.2151698888297,1.0,1.0,"(5, 2)",66a92e2b14da1ebeb591920c
56.0,42.249999999996874,4987,test,2406.46516988883,1.0,1.0,"(5, 2)",66a92e2b14da1ebeb591920c
56.0,40.99999999999659,4988,test,2407.7151698888306,1.0,1.0,"(5, 2)",66a92e2b14da1ebeb591920c
55.68378443342246,39.8798317388366,4989,test,2408.879115427873,1.0,1.0,"(5, 2)",66a92e2b14da1ebeb591920c
54.80540785959596,38.990475457837135,4990,test,2410.129115427873,1.0,1.0,"(5, 2)",66a92e2b14da1ebeb591920c
53.92703128576946,38.10111917683767,4991,test,2411.379115427873,1.0,1.0,"(5, 2)",66a92e2b14da1ebeb591920c
53.04865471194296,37.211762895838206,4992,test,2412.629115427873,1.0,1.0,"(5, 2)",66a92e2b14da1ebeb591920c
52.17027813811646,36.32240661483874,4993,test,2413.879115427873,1.0,1.0,"(5, 2)",66a92e2b14da1ebeb591920c
51.29190156428996,35.433050333839276,4994,test,2415.129115427873,1.0,1.0,"(5, 2)",66a92e2b14da1ebeb591920c
50.41352499046346,34.543694052839896,4995,test,2416.379115427873,1.0,1.0,"(5, 2)",66a92e2b14da1ebeb591920c
49.53514841663696,33.654337771840936,4996,test,2417.629115427873,1.0,1.0,"(5, 2)",66a92e2b14da1ebeb591920c
48.65677184281046,32.76498149084197,4997,test,2418.879115427873,1.0,1.0,"(5, 2)",66a92e2b14da1ebeb591920c
47.77839526898396,31.875625209842987,4998,test,2420.129115427873,1.0,1.0,"(5, 2)",66a92e2b14da1ebeb591920c
46.900018695157456,30.986268928843877,4999,test,2421.379115427873,1.0,1.0,"(5, 2)",66a92e2b14da1ebeb591920c
46.021642121330956,30.096912647844768,5000,test,2422.629115427873,1.0,1.0,"(5, 2)",66a92e2b14da1ebeb591920c
45.143265547504456,29.207556366845658,5001,test,2423.879115427873,1.0,1.0,"(5, 2)",66a92e2b14da1ebeb591920c
44.264888973677955,28.31820008584655,5002,test,2425.129115427873,1.0,1.0,"(5, 2)",66a92e2b14da1ebeb591920c
43.386512399851455,27.42884380484744,5003,test,2426.379115427873,1.0,1.0,"(5, 2)",66a92e2b14da1ebeb591920c
42.508135826024954,26.53948752384833,5004,test,2427.629115427873,1.0,1.0,"(5, 2)",66a92e2b14da1ebeb591920c
41.629759252198454,25.650131242849476,5005,test,2428.8791154278724,1.0,1.0,"(5, 2)",66a92e2b14da1ebeb591920c
40.75138267837175,24.76077496185072,5006,test,2430.1291154278724,1.0,1.0,"(5, 2)",66a92e2b14da1ebeb591920c
39.73925317882805,24.186261912236056,5007,test,2431.292933011527,1.0,1.0,"(5, 2)",66a92e2b14da1ebeb591920c
38.489340700231935,24.17147016285977,5008,test,2432.542933011527,1.0,1.0,"(5, 2)",66a92e2b14da1ebeb591920c
37.23942822163582,24.156678413483483,5009,test,2433.792933011527,1.0,1.0,"(5, 2)",66a92e2b14da1ebeb591920c
35.9895157430397,24.141886664107197,5010,test,2435.042933011527,1.0,1.0,"(5, 2)",66a92e2b14da1ebeb591920c
34.73960326444359,24.12709491473091,5011,test,2436.292933011527,1.0,1.0,"(5, 2)",66a92e2b14da1ebeb591920c
33.48969078584747,24.112303165354625,5012,test,2437.542933011527,1.0,1.0,"(5, 2)",66a92e2b14da1ebeb591920c
32.239778307251356,24.09751141597834,5013,test,2438.792933011527,1.0,1.0,"(5, 2)",66a92e2b14da1ebeb591920c
30.98986582865524,24.082719666602053,5014,test,2440.042933011527,1.0,1.0,"(5, 2)",66a92e2b14da1ebeb591920c
29.739953350059125,24.067927917225767,5015,test,2441.292933011527,1.0,1.0,"(5, 2)",66a92e2b14da1ebeb591920c
28.49004087146301,24.05313616784948,5016,test,2442.542933011527,1.0,1.0,"(5, 2)",66a92e2b14da1ebeb591920c
27.240128392866893,24.038344418473194,5017,test,2443.792933011527,1.0,1.0,"(5, 2)",66a92e2b14da1ebeb591920c
25.990215914270777,24.023552669096908,5018,test,2445.042933011527,1.0,1.0,"(5, 2)",66a92e2b14da1ebeb591920c
24.74030343567466,24.008760919720622,5019,test,2446.292933011527,1.0,1.0,"(5, 2)",66a92e2b14da1ebeb591920c
24.0,24.0,5020,test,2447.033288284748,1.0,1.0,"(5, 2)",66a92e2b14da1ebeb591920c
24.0,24.0,5021,test,2447.033288284748,1.0,1.0,"(5, 2)",66a92e2b14da1ebeb591920c
24.0,24.0,5022,test,2447.033288284748,1.0,1.0,"(5, 2)",66a92e2b14da1ebeb591920c
24.0,24.0,5023,test,2447.033288284748,1.0,1.0,"(5, 2)",66a92e2b14da1ebeb591920c
24.0,24.0,5024,test,2447.033288284748,1.0,1.0,"(5, 2)",66a92e2b14da1ebeb591920c
24.0,24.0,5025,test,2447.033288284748,1.0,1.0,"(5, 2)",66a92e2b14da1ebeb591920c
24.0,24.0,5026,test,2447.033288284748,1.0,1.0,"(5, 2)",66a92e2b14da1ebeb591920c
24.0,24.0,5027,test,2447.033288284748,1.0,1.0,"(5, 2)",66a92e2b14da1ebeb591920c
24.0,24.0,5028,test,2447.033288284748,1.0,1.0,"(5, 2)",66a92e2b14da1ebeb591920c
24.0,24.0,5029,test,2447.033288284748,1.0,1.0,"(5, 2)",66a92e2b14da1ebeb591920c
24.0,24.0,5030,test,2447.033288284748,1.0,1.0,"(5, 2)",66a92e2b14da1ebeb591920c
24.0,24.0,5031,test,2447.033288284748,1.0,1.0,"(5, 2)",66a92e2b14da1ebeb591920c
24.0,24.0,5032,test,2447.033288284748,1.0,1.0,"(5, 2)",66a92e2b14da1ebeb591920c
24.0,24.0,5033,test,2447.033288284748,1.0,1.0,"(5, 2)",66a92e2b14da1ebeb591920c
24.0,24.0,5034,test,2447.033288284748,1.0,1.0,"(5, 2)",66a92e2b14da1ebeb591920c
24.0,24.0,5035,test,2447.033288284748,1.0,1.0,"(5, 2)",66a92e2b14da1ebeb591920c
24.0,24.0,5036,test,2447.033288284748,1.0,1.0,"(5, 2)",66a92e2b14da1ebeb591920c
24.0,24.0,5037,test,2447.033288284748,1.0,1.0,"(5, 2)",66a92e2b14da1ebeb591920c
24.0,24.0,5038,test,2447.033288284748,1.0,1.0,"(5, 2)",66a92e2b14da1ebeb591920c
24.0,24.0,5039,test,2447.033288284748,1.0,1.0,"(5, 2)",66a92e2b14da1ebeb591920c
24.0,24.0,5040,test,2447.033288284748,1.0,1.0,"(5, 2)",66a92e2b14da1ebeb591920c
24.0,24.0,5041,test,2447.033288284748,1.0,1.0,"(5, 2)",66a92e2b14da1ebeb591920c
24.0,24.0,5042,test,2447.033288284748,1.0,1.0,"(5, 2)",66a92e2b14da1ebeb591920c
24.0,24.0,5043,test,2447.033288284748,1.0,1.0,"(5, 2)",66a92e2b14da1ebeb591920c
24.0,24.0,5044,test,2447.033288284748,1.0,1.0,"(5, 2)",66a92e2b14da1ebeb591920c
24.0,24.0,5045,test,2447.033288284748,1.0,1.0,"(5, 2)",66a92e2b14da1ebeb591920c
24.0,24.0,5046,test,2447.033288284748,1.0,1.0,"(5, 2)",66a92e2b14da1ebeb591920c
24.0,24.0,5047,test,2447.033288284748,1.0,1.0,"(5, 2)",66a92e2b14da1ebeb591920c
24.0,24.0,5048,test,2447.033288284748,1.0,1.0,"(5, 2)",66a92e2b14da1ebeb591920c
24.0,24.0,5049,test,2447.033288284748,1.0,1.0,"(5, 2)",66a92e2b14da1ebeb591920c
24.0,24.0,5050,test,2447.033288284748,1.0,1.0,"(5, 2)",66a92e2b14da1ebeb591920c
24.0,24.0,5051,test,2447.033288284748,1.0,1.0,"(5, 2)",66a92e2b14da1ebeb591920c
24.0,24.0,5052,test,2447.033288284748,1.0,1.0,"(5, 2)",66a92e2b14da1ebeb591920c
24.0,24.0,5053,test,2447.033288284748,1.0,1.0,"(5, 2)",66a92e2b14da1ebeb591920c
24.0,24.0,5054,test,2447.033288284748,1.0,1.0,"(5, 2)",66a92e2b14da1ebeb591920c
24.0,24.0,5055,test,2447.033288284748,1.0,1.0,"(5, 2)",66a92e2b14da1ebeb591920c
24.0,24.0,5056,test,2447.033288284748,1.0,1.0,"(5, 2)",66a92e2b14da1ebeb591920c
24.0,24.0,5057,test,2447.033288284748,1.0,1.0,"(5, 2)",66a92e2b14da1ebeb591920c
24.0,24.0,5058,test,2447.033288284748,1.0,1.0,"(5, 2)",66a92e2b14da1ebeb591920c
24.0,24.0,5059,test,2447.033288284748,1.0,1.0,"(5, 2)",66a92e2b14da1ebeb591920c
24.0,24.0,5060,test,2447.033288284748,1.0,1.0,"(5, 2)",66a92e2b14da1ebeb591920c
24.0,24.0,5061,test,2447.033288284748,1.0,1.0,"(5, 2)",66a92e2b14da1ebeb591920c
24.0,24.0,5062,test,2447.033288284748,1.0,1.0,"(5, 2)",66a92e2b14da1ebeb591920c
24.0,24.0,5063,test,2447.033288284748,1.0,1.0,"(5, 2)",66a92e2b14da1ebeb591920c
24.0,24.0,5064,test,2447.033288284748,1.0,1.0,"(5, 2)",66a92e2b14da1ebeb591920c
24.0,24.0,5065,test,2447.033288284748,1.0,1.0,"(5, 2)",66a92e2b14da1ebeb591920c
24.0,24.0,5066,test,2447.033288284748,1.0,1.0,"(5, 2)",66a92e2b14da1ebeb591920c
24.0,24.0,5067,test,2447.033288284748,1.0,1.0,"(5, 2)",66a92e2b14da1ebeb591920c
24.0,24.0,5068,test,2447.033288284748,1.0,1.0,"(5, 2)",66a92e2b14da1ebeb591920c
24.0,24.0,5069,test,2447.033288284748,1.0,1.0,"(5, 2)",66a92e2b14da1ebeb591920c
24.0,24.0,5070,test,2447.033288284748,1.0,1.0,"(5, 2)",66a92e2b14da1ebeb591920c
24.0,24.0,5071,test,2447.033288284748,1.0,1.0,"(5, 2)",66a92e2b14da1ebeb591920c
24.0,24.0,5072,test,2447.033288284748,1.0,1.0,"(5, 2)",66a92e2b14da1ebeb591920c
24.0,24.0,5073,test,2447.033288284748,1.0,1.0,"(5, 2)",66a92e2b14da1ebeb591920c
24.0,24.0,5074,test,2447.033288284748,1.0,1.0,"(5, 2)",66a92e2b14da1ebeb591920c
24.0,24.0,5075,test,2447.033288284748,1.0,1.0,"(5, 2)",66a92e2b14da1ebeb591920c
24.0,24.0,5076,test,2447.033288284748,1.0,1.0,"(5, 2)",66a92e2b14da1ebeb591920c
24.0,24.0,5077,test,2447.033288284748,1.0,1.0,"(5, 2)",66a92e2b14da1ebeb591920c
24.0,24.0,5078,test,2447.033288284748,1.0,1.0,"(5, 2)",66a92e2b14da1ebeb591920c
24.0,24.0,5079,test,2447.033288284748,1.0,1.0,"(5, 2)",66a92e2b14da1ebeb591920c
24.0,24.0,5080,test,2447.033288284748,1.0,1.0,"(5, 2)",66a92e2b14da1ebeb591920c
24.0,24.0,5081,test,2447.033288284748,1.0,1.0,"(5, 2)",66a92e2b14da1ebeb591920c
24.0,24.0,5082,test,2447.033288284748,1.0,1.0,"(5, 2)",66a92e2b14da1ebeb591920c
24.0,24.0,5083,test,2447.033288284748,1.0,1.0,"(5, 2)",66a92e2b14da1ebeb591920c
24.0,24.0,5084,test,2447.033288284748,1.0,1.0,"(5, 2)",66a92e2b14da1ebeb591920c
24.0,24.0,5085,test,2447.033288284748,1.0,1.0,"(5, 2)",66a92e2b14da1ebeb591920c
24.0,24.0,5086,test,2447.033288284748,1.0,1.0,"(5, 2)",66a92e2b14da1ebeb591920c
24.0,24.0,5087,test,2447.033288284748,1.0,1.0,"(5, 2)",66a92e2b14da1ebeb591920c
24.0,24.0,5088,test,2447.033288284748,1.0,1.0,"(5, 2)",66a92e2b14da1ebeb591920c
24.0,24.0,5089,test,2447.033288284748,1.0,1.0,"(5, 2)",66a92e2b14da1ebeb591920c
24.0,24.0,5090,test,2447.033288284748,1.0,1.0,"(5, 2)",66a92e2b14da1ebeb591920c
24.0,24.0,5091,test,2447.033288284748,1.0,1.0,"(5, 2)",66a92e2b14da1ebeb591920c
24.0,24.0,5092,test,2447.033288284748,1.0,1.0,"(5, 2)",66a92e2b14da1ebeb591920c
24.0,24.0,5093,test,2447.033288284748,1.0,1.0,"(5, 2)",66a92e2b14da1ebeb591920c
24.0,24.0,5094,test,2447.033288284748,1.0,1.0,"(5, 2)",66a92e2b14da1ebeb591920c
24.0,24.0,5095,test,2447.033288284748,1.0,1.0,"(5, 2)",66a92e2b14da1ebeb591920c
24.0,24.0,5096,test,2447.033288284748,1.0,1.0,"(5, 2)",66a92e2b14da1ebeb591920c
25.24999999999993,24.0,5097,test,2448.283288284748,1.0,1.0,"(5, 2)",66a92e2b14da1ebeb591920c
26.499999999999858,24.0,5098,test,2449.533288284748,1.0,1.0,"(5, 2)",66a92e2b14da1ebeb591920c
27.749999999999787,24.0,5099,test,2450.783288284748,1.0,1.0,"(5, 2)",66a92e2b14da1ebeb591920c
28.999999999999716,24.0,5100,test,2452.033288284748,1.0,1.0,"(5, 2)",66a92e2b14da1ebeb591920c
30.249999999999645,24.0,5101,test,2453.283288284748,1.0,1.0,"(5, 2)",66a92e2b14da1ebeb591920c
31.499999999999574,24.0,5102,test,2454.533288284748,1.0,1.0,"(5, 2)",66a92e2b14da1ebeb591920c
32.749999999999716,24.0,5103,test,2455.783288284748,1.0,1.0,"(5, 2)",66a92e2b14da1ebeb591920c
34.0,24.0,5104,test,2457.0332882847483,1.0,1.0,"(5, 2)",66a92e2b14da1ebeb591920c
35.250000000000284,24.0,5105,test,2458.283288284749,1.0,1.0,"(5, 2)",66a92e2b14da1ebeb591920c
36.50000000000057,24.0,5106,test,2459.5332882847492,1.0,1.0,"(5, 2)",66a92e2b14da1ebeb591920c
37.75000000000085,24.0,5107,test,2460.7832882847497,1.0,1.0,"(5, 2)",66a92e2b14da1ebeb591920c
39.00000000000114,24.0,5108,test,2462.03328828475,1.0,1.0,"(5, 2)",66a92e2b14da1ebeb591920c
40.0,24.0,5109,test,2463.033288284749,1.0,1.0,"(5, 2)",66a92e2b14da1ebeb591920c
40.0,24.0,5110,test,2463.033288284749,1.0,1.0,"(5, 2)",66a92e2b14da1ebeb591920c
40.0,24.0,5111,test,2463.033288284749,1.0,1.0,"(5, 2)",66a92e2b14da1ebeb591920c
40.0,24.0,5112,test,2463.033288284749,1.0,1.0,"(5, 2)",66a92e2b14da1ebeb591920c
40.0,24.0,5113,test,2463.033288284749,1.0,1.0,"(5, 2)",66a92e2b14da1ebeb591920c
40.0,24.0,5114,test,2463.033288284749,1.0,1.0,"(5, 2)",66a92e2b14da1ebeb591920c
40.0,24.0,5115,test,2463.033288284749,1.0,1.0,"(5, 2)",66a92e2b14da1ebeb591920c
40.0,24.0,5116,test,2463.033288284749,1.0,1.0,"(5, 2)",66a92e2b14da1ebeb591920c
40.0,24.0,5117,test,2463.033288284749,1.0,1.0,"(5, 2)",66a92e2b14da1ebeb591920c
40.0,24.0,5118,test,2463.033288284749,1.0,1.0,"(5, 2)",66a92e2b14da1ebeb591920c
40.0,24.0,5119,test,2463.033288284749,1.0,1.0,"(5, 2)",66a92e2b14da1ebeb591920c
40.0,24.0,5120,test,2463.033288284749,1.0,1.0,"(5, 2)",66a92e2b14da1ebeb591920c
40.0,24.0,5121,test,2463.033288284749,1.0,1.0,"(5, 2)",66a92e2b14da1ebeb591920c
40.0,24.0,5122,test,2463.033288284749,1.0,1.0,"(5, 2)",66a92e2b14da1ebeb591920c
40.0,24.0,5123,test,2463.033288284749,1.0,1.0,"(5, 2)",66a92e2b14da1ebeb591920c
40.0,24.0,5124,test,2463.033288284749,1.0,1.0,"(5, 2)",66a92e2b14da1ebeb591920c
40.0,24.0,5125,test,2463.033288284749,1.0,1.0,"(5, 2)",66a92e2b14da1ebeb591920c
40.0,24.0,5126,test,2463.033288284749,1.0,1.0,"(5, 2)",66a92e2b14da1ebeb591920c
40.0,24.0,5127,test,2463.033288284749,1.0,1.0,"(5, 2)",66a92e2b14da1ebeb591920c
40.0,24.0,5128,test,2463.033288284749,1.0,1.0,"(5, 2)",66a92e2b14da1ebeb591920c
40.0,24.0,5129,test,2463.033288284749,1.0,1.0,"(5, 2)",66a92e2b14da1ebeb591920c
40.0,24.0,5130,test,2463.033288284749,1.0,1.0,"(5, 2)",66a92e2b14da1ebeb591920c
40.0,24.0,5131,test,2463.033288284749,1.0,1.0,"(5, 2)",66a92e2b14da1ebeb591920c
40.0,24.0,5132,test,2463.033288284749,1.0,1.0,"(5, 2)",66a92e2b14da1ebeb591920c
40.0,24.0,5133,test,2463.033288284749,1.0,1.0,"(5, 2)",66a92e2b14da1ebeb591920c
40.0,24.0,5134,test,2463.033288284749,1.0,1.0,"(5, 2)",66a92e2b14da1ebeb591920c
40.0,24.0,5135,test,2463.033288284749,1.0,1.0,"(5, 2)",66a92e2b14da1ebeb591920c
40.0,24.0,5136,test,2463.033288284749,1.0,1.0,"(5, 2)",66a92e2b14da1ebeb591920c
40.0,24.0,5137,test,2463.033288284749,1.0,1.0,"(5, 2)",66a92e2b14da1ebeb591920c
40.0,24.0,5138,test,2463.033288284749,1.0,1.0,"(5, 2)",66a92e2b14da1ebeb591920c
40.0,24.0,5139,test,2463.033288284749,1.0,1.0,"(5, 2)",66a92e2b14da1ebeb591920c
40.0,24.0,5140,test,2463.033288284749,1.0,1.0,"(5, 2)",66a92e2b14da1ebeb591920c
40.0,24.0,5141,test,2463.033288284749,1.0,1.0,"(5, 2)",66a92e2b14da1ebeb591920c
40.0,24.0,5142,test,2463.033288284749,1.0,1.0,"(5, 2)",66a92e2b14da1ebeb591920c
40.0,24.0,5143,test,2463.033288284749,1.0,1.0,"(5, 2)",66a92e2b14da1ebeb591920c
40.0,24.0,5144,test,2463.033288284749,1.0,1.0,"(5, 2)",66a92e2b14da1ebeb591920c
40.0,24.0,5145,test,2463.033288284749,1.0,1.0,"(5, 2)",66a92e2b14da1ebeb591920c
40.0,24.0,5146,test,2463.033288284749,1.0,1.0,"(5, 2)",66a92e2b14da1ebeb591920c
40.0,24.0,5147,test,2463.033288284749,1.0,1.0,"(5, 2)",66a92e2b14da1ebeb591920c
40.0,24.0,5148,test,2463.033288284749,1.0,1.0,"(5, 2)",66a92e2b14da1ebeb591920c
40.0,24.0,5149,test,2463.033288284749,1.0,1.0,"(5, 2)",66a92e2b14da1ebeb591920c
40.0,24.0,5150,test,2463.033288284749,1.0,1.0,"(5, 2)",66a92e2b14da1ebeb591920c
40.0,24.0,5151,test,2463.033288284749,1.0,1.0,"(5, 2)",66a92e2b14da1ebeb591920c
40.0,24.0,5152,test,2463.033288284749,1.0,1.0,"(5, 2)",66a92e2b14da1ebeb591920c
40.0,24.0,5153,test,2463.033288284749,1.0,1.0,"(5, 2)",66a92e2b14da1ebeb591920c
40.0,24.0,5154,test,2463.033288284749,1.0,1.0,"(5, 2)",66a92e2b14da1ebeb591920c
40.0,24.0,5155,test,2463.033288284749,1.0,1.0,"(5, 2)",66a92e2b14da1ebeb591920c
40.0,24.0,5156,test,2463.033288284749,1.0,1.0,"(5, 2)",66a92e2b14da1ebeb591920c
40.0,24.0,5157,test,2463.033288284749,1.0,1.0,"(5, 2)",66a92e2b14da1ebeb591920c
40.0,24.0,5158,test,2463.033288284749,1.0,1.0,"(5, 2)",66a92e2b14da1ebeb591920c
40.0,24.0,5159,test,2463.033288284749,1.0,1.0,"(5, 2)",66a92e2b14da1ebeb591920c
40.0,24.0,5160,test,2463.033288284749,1.0,1.0,"(5, 2)",66a92e2b14da1ebeb591920c
40.0,24.0,5161,test,2463.033288284749,1.0,1.0,"(5, 2)",66a92e2b14da1ebeb591920c
40.0,24.0,5162,test,2463.033288284749,1.0,1.0,"(5, 2)",66a92e2b14da1ebeb591920c
40.0,24.0,5163,test,2463.033288284749,1.0,1.0,"(5, 2)",66a92e2b14da1ebeb591920c
40.0,24.0,5164,test,2463.033288284749,1.0,1.0,"(5, 2)",66a92e2b14da1ebeb591920c
40.0,24.0,5165,test,2463.033288284749,1.0,1.0,"(5, 2)",66a92e2b14da1ebeb591920c
40.0,24.0,5166,test,2463.033288284749,1.0,1.0,"(5, 2)",66a92e2b14da1ebeb591920c
40.0,24.0,5167,test,2463.033288284749,1.0,1.0,"(5, 2)",66a92e2b14da1ebeb591920c
40.0,24.0,5168,test,2463.033288284749,1.0,1.0,"(5, 2)",66a92e2b14da1ebeb591920c
40.0,24.0,5169,test,2463.033288284749,1.0,1.0,"(5, 2)",66a92e2b14da1ebeb591920c
40.0,24.0,5170,test,2463.033288284749,1.0,1.0,"(5, 2)",66a92e2b14da1ebeb591920c
40.0,24.0,5171,test,2463.033288284749,1.0,1.0,"(5, 2)",66a92e2b14da1ebeb591920c
40.0,24.0,5172,test,2463.033288284749,1.0,1.0,"(5, 2)",66a92e2b14da1ebeb591920c
40.0,24.0,5173,test,2463.033288284749,1.0,1.0,"(5, 2)",66a92e2b14da1ebeb591920c
40.0,24.0,5174,test,2463.033288284749,1.0,1.0,"(5, 2)",66a92e2b14da1ebeb591920c
40.0,24.0,5175,test,2463.033288284749,1.0,1.0,"(5, 2)",66a92e2b14da1ebeb591920c
40.0,24.0,5176,test,2463.033288284749,1.0,1.0,"(5, 2)",66a92e2b14da1ebeb591920c
40.0,24.0,5177,test,2463.033288284749,1.0,1.0,"(5, 2)",66a92e2b14da1ebeb591920c
40.0,24.0,5178,test,2463.033288284749,1.0,1.0,"(5, 2)",66a92e2b14da1ebeb591920c
40.0,24.0,5179,test,2463.033288284749,1.0,1.0,"(5, 2)",66a92e2b14da1ebeb591920c
40.0,24.0,5180,test,2463.033288284749,1.0,1.0,"(5, 2)",66a92e2b14da1ebeb591920c
40.0,24.0,5181,test,2463.033288284749,1.0,1.0,"(5, 2)",66a92e2b14da1ebeb591920c
38.749999999999716,24.0,5182,test,2464.2832882847492,1.0,1.0,"(5, 2)",66a92e2b14da1ebeb591920c
37.49999999999943,24.0,5183,test,2465.5332882847497,1.0,1.0,"(5, 2)",66a92e2b14da1ebeb591920c
36.24999999999915,24.0,5184,test,2466.78328828475,1.0,1.0,"(5, 2)",66a92e2b14da1ebeb591920c
34.99999999999886,24.0,5185,test,2468.0332882847506,1.0,1.0,"(5, 2)",66a92e2b14da1ebeb591920c
33.74999999999858,24.0,5186,test,2469.283288284751,1.0,1.0,"(5, 2)",66a92e2b14da1ebeb591920c
32.499999999998295,24.0,5187,test,2470.5332882847515,1.0,1.0,"(5, 2)",66a92e2b14da1ebeb591920c
31.249999999998227,24.0,5188,test,2471.7832882847515,1.0,1.0,"(5, 2)",66a92e2b14da1ebeb591920c
29.9999999999983,24.0,5189,test,2473.0332882847515,1.0,1.0,"(5, 2)",66a92e2b14da1ebeb591920c
28.74999999999837,24.0,5190,test,2474.2832882847515,1.0,1.0,"(5, 2)",66a92e2b14da1ebeb591920c
27.49999999999844,24.0,5191,test,2475.5332882847515,1.0,1.0,"(5, 2)",66a92e2b14da1ebeb591920c
26.24999999999851,24.0,5192,test,2476.7832882847515,1.0,1.0,"(5, 2)",66a92e2b14da1ebeb591920c
24.999999999998582,24.0,5193,test,2478.0332882847515,1.0,1.0,"(5, 2)",66a92e2b14da1ebeb591920c
24.0,24.0,5194,test,2479.03328828475,1.0,1.0,"(5, 2)",66a92e2b14da1ebeb591920c
24.0,24.0,5195,test,2479.03328828475,1.0,1.0,"(5, 2)",66a92e2b14da1ebeb591920c
24.0,24.0,5196,test,2479.03328828475,1.0,1.0,"(5, 2)",66a92e2b14da1ebeb591920c
24.0,24.0,5197,test,2479.03328828475,1.0,1.0,"(5, 2)",66a92e2b14da1ebeb591920c
24.0,24.0,5198,test,2479.03328828475,1.0,1.0,"(5, 2)",66a92e2b14da1ebeb591920c
24.0,24.0,5199,test,2479.03328828475,1.0,1.0,"(5, 2)",66a92e2b14da1ebeb591920c
24.0,24.0,5200,test,2479.03328828475,1.0,1.0,"(5, 2)",66a92e2b14da1ebeb591920c
24.0,24.0,5201,test,2479.03328828475,1.0,1.0,"(5, 2)",66a92e2b14da1ebeb591920c
24.0,24.0,5202,test,2479.03328828475,1.0,1.0,"(5, 2)",66a92e2b14da1ebeb591920c
24.0,24.0,5203,test,2479.03328828475,1.0,1.0,"(5, 2)",66a92e2b14da1ebeb591920c
24.0,24.0,5204,test,2479.03328828475,1.0,1.0,"(5, 2)",66a92e2b14da1ebeb591920c
24.0,24.0,5205,test,2479.03328828475,1.0,1.0,"(5, 2)",66a92e2b14da1ebeb591920c
24.0,24.0,5206,test,2479.03328828475,1.0,1.0,"(5, 2)",66a92e2b14da1ebeb591920c
24.0,24.0,5207,test,2479.03328828475,1.0,1.0,"(5, 2)",66a92e2b14da1ebeb591920c
24.0,24.0,5208,test,2479.03328828475,1.0,1.0,"(5, 2)",66a92e2b14da1ebeb591920c
24.0,24.0,5209,test,2479.03328828475,1.0,1.0,"(5, 2)",66a92e2b14da1ebeb591920c
24.0,24.0,5210,test,2479.03328828475,1.0,1.0,"(5, 2)",66a92e2b14da1ebeb591920c
24.0,24.0,5211,test,2479.03328828475,1.0,1.0,"(5, 2)",66a92e2b14da1ebeb591920c
24.0,24.0,5212,test,2479.03328828475,1.0,1.0,"(5, 2)",66a92e2b14da1ebeb591920c
24.0,24.0,5213,test,2479.03328828475,1.0,1.0,"(5, 2)",66a92e2b14da1ebeb591920c
24.0,24.0,5214,test,2479.03328828475,1.0,1.0,"(5, 2)",66a92e2b14da1ebeb591920c
24.0,24.0,5215,test,2479.03328828475,1.0,1.0,"(5, 2)",66a92e2b14da1ebeb591920c
24.0,24.0,5216,test,2479.03328828475,1.0,1.0,"(5, 2)",66a92e2b14da1ebeb591920c
24.0,24.0,5217,test,2479.03328828475,1.0,1.0,"(5, 2)",66a92e2b14da1ebeb591920c
24.0,24.0,5218,test,2479.03328828475,1.0,1.0,"(5, 2)",66a92e2b14da1ebeb591920c
24.0,24.0,5219,test,2479.03328828475,1.0,1.0,"(5, 2)",66a92e2b14da1ebeb591920c
24.0,24.0,5220,test,2479.03328828475,1.0,1.0,"(5, 2)",66a92e2b14da1ebeb591920c
24.0,24.0,5221,test,2479.03328828475,1.0,1.0,"(5, 2)",66a92e2b14da1ebeb591920c
24.0,24.0,5222,test,2479.03328828475,1.0,1.0,"(5, 2)",66a92e2b14da1ebeb591920c
24.0,24.0,5223,test,2479.03328828475,1.0,1.0,"(5, 2)",66a92e2b14da1ebeb591920c
24.0,24.0,5224,test,2479.03328828475,1.0,1.0,"(5, 2)",66a92e2b14da1ebeb591920c
24.0,24.0,5225,test,2479.03328828475,1.0,1.0,"(5, 2)",66a92e2b14da1ebeb591920c
24.0,24.0,5226,test,2479.03328828475,1.0,1.0,"(5, 2)",66a92e2b14da1ebeb591920c
25.24999999999993,24.0,5227,test,2480.28328828475,1.0,1.0,"(5, 2)",66a92e2b14da1ebeb591920c
26.499999999999858,24.0,5228,test,2481.53328828475,1.0,1.0,"(5, 2)",66a92e2b14da1ebeb591920c
27.749999999999787,24.0,5229,test,2482.78328828475,1.0,1.0,"(5, 2)",66a92e2b14da1ebeb591920c
28.999999999999716,24.0,5230,test,2484.03328828475,1.0,1.0,"(5, 2)",66a92e2b14da1ebeb591920c
30.249999999999645,24.0,5231,test,2485.28328828475,1.0,1.0,"(5, 2)",66a92e2b14da1ebeb591920c
31.499999999999574,24.0,5232,test,2486.53328828475,1.0,1.0,"(5, 2)",66a92e2b14da1ebeb591920c
32.749999999999716,24.0,5233,test,2487.78328828475,1.0,1.0,"(5, 2)",66a92e2b14da1ebeb591920c
34.0,24.0,5234,test,2489.0332882847506,1.0,1.0,"(5, 2)",66a92e2b14da1ebeb591920c
35.250000000000284,24.0,5235,test,2490.283288284751,1.0,1.0,"(5, 2)",66a92e2b14da1ebeb591920c
36.50000000000057,24.0,5236,test,2491.5332882847515,1.0,1.0,"(5, 2)",66a92e2b14da1ebeb591920c
37.75000000000085,24.0,5237,test,2492.783288284752,1.0,1.0,"(5, 2)",66a92e2b14da1ebeb591920c
39.00000000000114,24.0,5238,test,2494.0332882847524,1.0,1.0,"(5, 2)",66a92e2b14da1ebeb591920c
40.0,24.0,5239,test,2495.0332882847515,1.0,1.0,"(5, 2)",66a92e2b14da1ebeb591920c
40.0,24.0,5240,test,2495.0332882847515,1.0,1.0,"(5, 2)",66a92e2b14da1ebeb591920c
40.0,24.0,5241,test,2495.0332882847515,1.0,1.0,"(5, 2)",66a92e2b14da1ebeb591920c
40.0,24.0,5242,test,2495.0332882847515,1.0,1.0,"(5, 2)",66a92e2b14da1ebeb591920c
40.0,24.0,5243,test,2495.0332882847515,1.0,1.0,"(5, 2)",66a92e2b14da1ebeb591920c
40.0,24.0,5244,test,2495.0332882847515,1.0,1.0,"(5, 2)",66a92e2b14da1ebeb591920c
40.0,24.0,5245,test,2495.0332882847515,1.0,1.0,"(5, 2)",66a92e2b14da1ebeb591920c
40.0,24.0,5246,test,2495.0332882847515,1.0,1.0,"(5, 2)",66a92e2b14da1ebeb591920c
40.0,24.0,5247,test,2495.0332882847515,1.0,1.0,"(5, 2)",66a92e2b14da1ebeb591920c
40.0,24.0,5248,test,2495.0332882847515,1.0,1.0,"(5, 2)",66a92e2b14da1ebeb591920c
40.0,24.0,5249,test,2495.0332882847515,1.0,1.0,"(5, 2)",66a92e2b14da1ebeb591920c
40.0,24.0,5250,test,2495.0332882847515,1.0,1.0,"(5, 2)",66a92e2b14da1ebeb591920c
40.0,24.0,5251,test,2495.0332882847515,1.0,1.0,"(5, 2)",66a92e2b14da1ebeb591920c
40.0,24.0,5252,test,2495.0332882847515,1.0,1.0,"(5, 2)",66a92e2b14da1ebeb591920c
40.0,24.0,5253,test,2495.0332882847515,1.0,1.0,"(5, 2)",66a92e2b14da1ebeb591920c
40.0,24.0,5254,test,2495.0332882847515,1.0,1.0,"(5, 2)",66a92e2b14da1ebeb591920c
40.0,24.0,5255,test,2495.0332882847515,1.0,1.0,"(5, 2)",66a92e2b14da1ebeb591920c
40.0,24.0,5256,test,2495.0332882847515,1.0,1.0,"(5, 2)",66a92e2b14da1ebeb591920c
40.0,24.0,5257,test,2495.0332882847515,1.0,1.0,"(5, 2)",66a92e2b14da1ebeb591920c
40.0,24.0,5258,test,2495.0332882847515,1.0,1.0,"(5, 2)",66a92e2b14da1ebeb591920c
40.0,24.0,5259,test,2495.0332882847515,1.0,1.0,"(5, 2)",66a92e2b14da1ebeb591920c
40.0,24.0,5260,test,2495.0332882847515,1.0,1.0,"(5, 2)",66a92e2b14da1ebeb591920c
40.0,24.0,5261,test,2495.0332882847515,1.0,1.0,"(5, 2)",66a92e2b14da1ebeb591920c
40.0,24.0,5262,test,2495.0332882847515,1.0,1.0,"(5, 2)",66a92e2b14da1ebeb591920c
40.0,24.0,5263,test,2495.0332882847515,1.0,1.0,"(5, 2)",66a92e2b14da1ebeb591920c
40.0,24.0,5264,test,2495.0332882847515,1.0,1.0,"(5, 2)",66a92e2b14da1ebeb591920c
40.0,24.0,5265,test,2495.0332882847515,1.0,1.0,"(5, 2)",66a92e2b14da1ebeb591920c
40.0,24.0,5266,test,2495.0332882847515,1.0,1.0,"(5, 2)",66a92e2b14da1ebeb591920c
40.0,24.0,5267,test,2495.0332882847515,1.0,1.0,"(5, 2)",66a92e2b14da1ebeb591920c
40.0,24.0,5268,test,2495.0332882847515,1.0,1.0,"(5, 2)",66a92e2b14da1ebeb591920c
40.0,24.0,5269,test,2495.0332882847515,1.0,1.0,"(5, 2)",66a92e2b14da1ebeb591920c
40.0,24.0,5270,test,2495.0332882847515,1.0,1.0,"(5, 2)",66a92e2b14da1ebeb591920c
40.0,24.0,5271,test,2495.0332882847515,1.0,1.0,"(5, 2)",66a92e2b14da1ebeb591920c
40.0,24.0,5272,test,2495.0332882847515,1.0,1.0,"(5, 2)",66a92e2b14da1ebeb591920c
40.0,24.0,5273,test,2495.0332882847515,1.0,1.0,"(5, 2)",66a92e2b14da1ebeb591920c
40.0,24.0,5274,test,2495.0332882847515,1.0,1.0,"(5, 2)",66a92e2b14da1ebeb591920c
40.0,24.0,5275,test,2495.0332882847515,1.0,1.0,"(5, 2)",66a92e2b14da1ebeb591920c
40.0,24.0,5276,test,2495.0332882847515,1.0,1.0,"(5, 2)",66a92e2b14da1ebeb591920c
40.0,24.0,5277,test,2495.0332882847515,1.0,1.0,"(5, 2)",66a92e2b14da1ebeb591920c
40.0,24.0,5278,test,2495.0332882847515,1.0,1.0,"(5, 2)",66a92e2b14da1ebeb591920c
40.0,24.0,5279,test,2495.0332882847515,1.0,1.0,"(5, 2)",66a92e2b14da1ebeb591920c
40.0,24.0,5280,test,2495.0332882847515,1.0,1.0,"(5, 2)",66a92e2b14da1ebeb591920c
40.0,24.0,5281,test,2495.0332882847515,1.0,1.0,"(5, 2)",66a92e2b14da1ebeb591920c
40.0,24.0,5282,test,2495.0332882847515,1.0,1.0,"(5, 2)",66a92e2b14da1ebeb591920c
40.0,24.0,5283,test,2495.0332882847515,1.0,1.0,"(5, 2)",66a92e2b14da1ebeb591920c
40.0,24.0,5284,test,2495.0332882847515,1.0,1.0,"(5, 2)",66a92e2b14da1ebeb591920c
40.0,24.0,5285,test,2495.0332882847515,1.0,1.0,"(5, 2)",66a92e2b14da1ebeb591920c
40.0,24.0,5286,test,2495.0332882847515,1.0,1.0,"(5, 2)",66a92e2b14da1ebeb591920c
40.0,24.0,5287,test,2495.0332882847515,1.0,1.0,"(5, 2)",66a92e2b14da1ebeb591920c
40.0,24.0,5288,test,2495.0332882847515,1.0,1.0,"(5, 2)",66a92e2b14da1ebeb591920c
40.0,24.0,5289,test,2495.0332882847515,1.0,1.0,"(5, 2)",66a92e2b14da1ebeb591920c
40.0,24.0,5290,test,2495.0332882847515,1.0,1.0,"(5, 2)",66a92e2b14da1ebeb591920c
40.0,24.0,5291,test,2495.0332882847515,1.0,1.0,"(5, 2)",66a92e2b14da1ebeb591920c
40.0,24.0,5292,test,2495.0332882847515,1.0,1.0,"(5, 2)",66a92e2b14da1ebeb591920c
40.0,24.0,5293,test,2495.0332882847515,1.0,1.0,"(5, 2)",66a92e2b14da1ebeb591920c
40.0,24.0,5294,test,2495.0332882847515,1.0,1.0,"(5, 2)",66a92e2b14da1ebeb591920c
40.0,24.0,5295,test,2495.0332882847515,1.0,1.0,"(5, 2)",66a92e2b14da1ebeb591920c
40.0,24.0,5296,test,2495.0332882847515,1.0,1.0,"(5, 2)",66a92e2b14da1ebeb591920c
40.0,24.0,5297,test,2495.0332882847515,1.0,1.0,"(5, 2)",66a92e2b14da1ebeb591920c
40.0,24.0,5298,test,2495.0332882847515,1.0,1.0,"(5, 2)",66a92e2b14da1ebeb591920c
40.0,24.0,5299,test,2495.0332882847515,1.0,1.0,"(5, 2)",66a92e2b14da1ebeb591920c
40.0,24.0,5300,test,2495.0332882847515,1.0,1.0,"(5, 2)",66a92e2b14da1ebeb591920c
40.0,24.0,5301,test,2495.0332882847515,1.0,1.0,"(5, 2)",66a92e2b14da1ebeb591920c
40.0,24.0,5302,test,2495.0332882847515,1.0,1.0,"(5, 2)",66a92e2b14da1ebeb591920c
40.0,24.0,5303,test,2495.0332882847515,1.0,1.0,"(5, 2)",66a92e2b14da1ebeb591920c
40.0,24.0,5304,test,2495.0332882847515,1.0,1.0,"(5, 2)",66a92e2b14da1ebeb591920c
40.0,24.0,5305,test,2495.0332882847515,1.0,1.0,"(5, 2)",66a92e2b14da1ebeb591920c
40.0,24.0,5306,test,2495.0332882847515,1.0,1.0,"(5, 2)",66a92e2b14da1ebeb591920c
40.0,24.0,5307,test,2495.0332882847515,1.0,1.0,"(5, 2)",66a92e2b14da1ebeb591920c
40.0,24.0,5308,test,2495.0332882847515,1.0,1.0,"(5, 2)",66a92e2b14da1ebeb591920c
40.0,24.0,5309,test,2495.0332882847515,1.0,1.0,"(5, 2)",66a92e2b14da1ebeb591920c
40.0,24.0,5310,test,2495.0332882847515,1.0,1.0,"(5, 2)",66a92e2b14da1ebeb591920c
40.0,24.0,5311,test,2495.0332882847515,1.0,1.0,"(5, 2)",66a92e2b14da1ebeb591920c
40.0,24.0,5312,test,2495.0332882847515,1.0,1.0,"(5, 2)",66a92e2b14da1ebeb591920c
40.0,24.0,5313,test,2495.0332882847515,1.0,1.0,"(5, 2)",66a92e2b14da1ebeb591920c
40.0,24.0,5314,test,2495.0332882847515,1.0,1.0,"(5, 2)",66a92e2b14da1ebeb591920c
40.0,24.0,5315,test,2495.0332882847515,1.0,1.0,"(5, 2)",66a92e2b14da1ebeb591920c
40.0,24.0,5316,test,2495.0332882847515,1.0,1.0,"(5, 2)",66a92e2b14da1ebeb591920c
40.0,24.0,5317,test,2495.0332882847515,1.0,1.0,"(5, 2)",66a92e2b14da1ebeb591920c
40.0,24.0,5318,test,2495.0332882847515,1.0,1.0,"(5, 2)",66a92e2b14da1ebeb591920c
40.0,24.0,5319,test,2495.0332882847515,1.0,1.0,"(5, 2)",66a92e2b14da1ebeb591920c
40.0,24.0,5320,test,2495.0332882847515,1.0,1.0,"(5, 2)",66a92e2b14da1ebeb591920c
40.0,24.0,5321,test,2495.0332882847515,1.0,1.0,"(5, 2)",66a92e2b14da1ebeb591920c
40.0,24.0,5322,test,2495.0332882847515,1.0,1.0,"(5, 2)",66a92e2b14da1ebeb591920c
40.0,24.0,5323,test,2495.0332882847515,1.0,1.0,"(5, 2)",66a92e2b14da1ebeb591920c
40.0,24.0,5324,test,2495.0332882847515,1.0,1.0,"(5, 2)",66a92e2b14da1ebeb591920c
40.0,24.0,5325,test,2495.0332882847515,1.0,1.0,"(5, 2)",66a92e2b14da1ebeb591920c
40.0,24.0,5326,test,2495.0332882847515,1.0,1.0,"(5, 2)",66a92e2b14da1ebeb591920c
40.0,24.0,5327,test,2495.0332882847515,1.0,1.0,"(5, 2)",66a92e2b14da1ebeb591920c
40.0,24.0,5328,test,2495.0332882847515,1.0,1.0,"(5, 2)",66a92e2b14da1ebeb591920c
40.0,24.0,5329,test,2495.0332882847515,1.0,1.0,"(5, 2)",66a92e2b14da1ebeb591920c
40.0,24.0,5330,test,2495.0332882847515,1.0,1.0,"(5, 2)",66a92e2b14da1ebeb591920c
41.250000000000284,24.0,5331,test,2496.283288284752,1.0,1.0,"(5, 2)",66a92e2b14da1ebeb591920c
42.50000000000057,24.0,5332,test,2497.5332882847524,1.0,1.0,"(5, 2)",66a92e2b14da1ebeb591920c
43.75000000000085,24.0,5333,test,2498.783288284753,1.0,1.0,"(5, 2)",66a92e2b14da1ebeb591920c
45.00000000000114,24.0,5334,test,2500.0332882847533,1.0,1.0,"(5, 2)",66a92e2b14da1ebeb591920c
46.25000000000142,24.0,5335,test,2501.283288284754,1.0,1.0,"(5, 2)",66a92e2b14da1ebeb591920c
47.500000000001705,24.0,5336,test,2502.5332882847542,1.0,1.0,"(5, 2)",66a92e2b14da1ebeb591920c
48.75000000000199,24.0,5337,test,2503.7832882847547,1.0,1.0,"(5, 2)",66a92e2b14da1ebeb591920c
50.000000000002274,24.0,5338,test,2505.033288284755,1.0,1.0,"(5, 2)",66a92e2b14da1ebeb591920c
51.25000000000256,24.0,5339,test,2506.2832882847556,1.0,1.0,"(5, 2)",66a92e2b14da1ebeb591920c
52.50000000000284,24.0,5340,test,2507.533288284756,1.0,1.0,"(5, 2)",66a92e2b14da1ebeb591920c
53.750000000003126,24.0,5341,test,2508.7832882847565,1.0,1.0,"(5, 2)",66a92e2b14da1ebeb591920c
55.00000000000341,24.0,5342,test,2510.033288284757,1.0,1.0,"(5, 2)",66a92e2b14da1ebeb591920c
56.250000000003695,24.0,5343,test,2511.2832882847574,1.0,1.0,"(5, 2)",66a92e2b14da1ebeb591920c
57.50000000000398,24.0,5344,test,2512.533288284758,1.0,1.0,"(5, 2)",66a92e2b14da1ebeb591920c
58.75000000000426,24.0,5345,test,2513.7832882847583,1.0,1.0,"(5, 2)",66a92e2b14da1ebeb591920c
60.00000000000455,24.0,5346,test,2515.033288284759,1.0,1.0,"(5, 2)",66a92e2b14da1ebeb591920c
61.25000000000483,24.0,5347,test,2516.2832882847592,1.0,1.0,"(5, 2)",66a92e2b14da1ebeb591920c
62.500000000005116,24.0,5348,test,2517.5332882847597,1.0,1.0,"(5, 2)",66a92e2b14da1ebeb591920c
63.7500000000054,24.0,5349,test,2518.78328828476,1.0,1.0,"(5, 2)",66a92e2b14da1ebeb591920c
65.00000000000568,24.0,5350,test,2520.0332882847606,1.0,1.0,"(5, 2)",66a92e2b14da1ebeb591920c
66.25000000000597,24.0,5351,test,2521.283288284761,1.0,1.0,"(5, 2)",66a92e2b14da1ebeb591920c
67.50000000000625,24.0,5352,test,2522.5332882847615,1.0,1.0,"(5, 2)",66a92e2b14da1ebeb591920c
68.75000000000654,24.0,5353,test,2523.783288284762,1.0,1.0,"(5, 2)",66a92e2b14da1ebeb591920c
70.00000000000682,24.0,5354,test,2525.0332882847624,1.0,1.0,"(5, 2)",66a92e2b14da1ebeb591920c
71.2500000000071,24.0,5355,test,2526.283288284763,1.0,1.0,"(5, 2)",66a92e2b14da1ebeb591920c
72.29803951736653,24.49189088134284,5356,test,2527.44102032159,1.0,1.0,"(5, 2)",66a92e2b14da1ebeb591920c
73.18739579836529,25.37026745516934,5357,test,2528.6910203215893,1.0,1.0,"(5, 2)",66a92e2b14da1ebeb591920c
74.07675207936404,26.24864402899584,5358,test,2529.941020321589,1.0,1.0,"(5, 2)",66a92e2b14da1ebeb591920c
74.9661083603628,27.12702060282234,5359,test,2531.1910203215884,1.0,1.0,"(5, 2)",66a92e2b14da1ebeb591920c
75.85546464136155,28.00539717664884,5360,test,2532.441020321588,1.0,1.0,"(5, 2)",66a92e2b14da1ebeb591920c
76.7448209223603,28.883773750475342,5361,test,2533.6910203215875,1.0,1.0,"(5, 2)",66a92e2b14da1ebeb591920c
77.63417720335906,29.762150324301842,5362,test,2534.941020321587,1.0,1.0,"(5, 2)",66a92e2b14da1ebeb591920c
78.52353348435781,30.640526898128343,5363,test,2536.1910203215866,1.0,1.0,"(5, 2)",66a92e2b14da1ebeb591920c
79.41288976535657,31.518903471954843,5364,test,2537.441020321586,1.0,1.0,"(5, 2)",66a92e2b14da1ebeb591920c
80.30224604635532,32.39728004578134,5365,test,2538.6910203215857,1.0,1.0,"(5, 2)",66a92e2b14da1ebeb591920c
81.19160232735408,33.275656619607844,5366,test,2539.9410203215853,1.0,1.0,"(5, 2)",66a92e2b14da1ebeb591920c
82.08095860835283,34.154033193434344,5367,test,2541.191020321585,1.0,1.0,"(5, 2)",66a92e2b14da1ebeb591920c
82.97031488935158,35.032409767260845,5368,test,2542.4410203215843,1.0,1.0,"(5, 2)",66a92e2b14da1ebeb591920c
83.85967117035034,35.910786341087345,5369,test,2543.691020321584,1.0,1.0,"(5, 2)",66a92e2b14da1ebeb591920c
84.7490274513491,36.789162914913845,5370,test,2544.9410203215834,1.0,1.0,"(5, 2)",66a92e2b14da1ebeb591920c
85.63838373234866,37.667539488740346,5371,test,2546.1910203215834,1.0,1.0,"(5, 2)",66a92e2b14da1ebeb591920c
86.52774001334835,38.545916062566846,5372,test,2547.441020321584,1.0,1.0,"(5, 2)",66a92e2b14da1ebeb591920c
87.41709629434803,39.424292636393346,5373,test,2548.6910203215843,1.0,1.0,"(5, 2)",66a92e2b14da1ebeb591920c
88.0,40.0,5374,test,2549.510297868313,1.0,1.0,"(5, 2)",66a92e2b14da1ebeb591920c
88.0,40.0,5375,test,2549.510297868313,1.0,1.0,"(5, 2)",66a92e2b14da1ebeb591920c
88.0,40.0,5376,test,2549.510297868313,1.0,1.0,"(5, 2)",66a92e2b14da1ebeb591920c
88.0,40.0,5377,test,2549.510297868313,1.0,1.0,"(5, 2)",66a92e2b14da1ebeb591920c
88.0,40.0,5378,test,2549.510297868313,1.0,1.0,"(5, 2)",66a92e2b14da1ebeb591920c
88.0,40.0,5379,test,2549.510297868313,1.0,1.0,"(5, 2)",66a92e2b14da1ebeb591920c
88.0,40.0,5380,test,2549.510297868313,1.0,1.0,"(5, 2)",66a92e2b14da1ebeb591920c
88.0,40.0,5381,test,2549.510297868313,1.0,1.0,"(5, 2)",66a92e2b14da1ebeb591920c
88.0,40.0,5382,test,2549.510297868313,1.0,1.0,"(5, 2)",66a92e2b14da1ebeb591920c
88.0,40.0,5383,test,2549.510297868313,1.0,1.0,"(5, 2)",66a92e2b14da1ebeb591920c
88.0,40.0,5384,test,2549.510297868313,1.0,1.0,"(5, 2)",66a92e2b14da1ebeb591920c
88.0,40.0,5385,test,2549.510297868313,1.0,1.0,"(5, 2)",66a92e2b14da1ebeb591920c
88.0,40.0,5386,test,2549.510297868313,1.0,1.0,"(5, 2)",66a92e2b14da1ebeb591920c
88.0,40.0,5387,test,2549.510297868313,1.0,1.0,"(5, 2)",66a92e2b14da1ebeb591920c
88.0,40.0,5388,test,2549.510297868313,1.0,1.0,"(5, 2)",66a92e2b14da1ebeb591920c
88.0,40.0,5389,test,2549.510297868313,1.0,1.0,"(5, 2)",66a92e2b14da1ebeb591920c
88.0,40.0,5390,test,2549.510297868313,1.0,1.0,"(5, 2)",66a92e2b14da1ebeb591920c
88.0,40.0,5391,test,2549.510297868313,1.0,1.0,"(5, 2)",66a92e2b14da1ebeb591920c
88.0,40.0,5392,test,2549.510297868313,1.0,1.0,"(5, 2)",66a92e2b14da1ebeb591920c
88.0,40.0,5393,test,2549.510297868313,1.0,1.0,"(5, 2)",66a92e2b14da1ebeb591920c
88.0,40.0,5394,test,2549.510297868313,1.0,1.0,"(5, 2)",66a92e2b14da1ebeb591920c
88.0,40.0,5395,test,2549.510297868313,1.0,1.0,"(5, 2)",66a92e2b14da1ebeb591920c
88.0,40.0,5396,test,2549.510297868313,1.0,1.0,"(5, 2)",66a92e2b14da1ebeb591920c
88.0,40.0,5397,test,2549.510297868313,1.0,1.0,"(5, 2)",66a92e2b14da1ebeb591920c
88.0,40.0,5398,test,2549.510297868313,1.0,1.0,"(5, 2)",66a92e2b14da1ebeb591920c
88.0,40.0,5399,test,2549.510297868313,1.0,1.0,"(5, 2)",66a92e2b14da1ebeb591920c
88.0,40.0,5400,test,2549.510297868313,1.0,1.0,"(5, 2)",66a92e2b14da1ebeb591920c
88.0,40.0,5401,test,2549.510297868313,1.0,1.0,"(5, 2)",66a92e2b14da1ebeb591920c
88.0,40.0,5402,test,2549.510297868313,1.0,1.0,"(5, 2)",66a92e2b14da1ebeb591920c
88.0,40.0,5403,test,2549.510297868313,1.0,1.0,"(5, 2)",66a92e2b14da1ebeb591920c
88.0,40.0,5404,test,2549.510297868313,1.0,1.0,"(5, 2)",66a92e2b14da1ebeb591920c
88.0,40.0,5405,test,2549.510297868313,1.0,1.0,"(5, 2)",66a92e2b14da1ebeb591920c
88.0,40.0,5406,test,2549.510297868313,1.0,1.0,"(5, 2)",66a92e2b14da1ebeb591920c
88.0,40.0,5407,test,2549.510297868313,1.0,1.0,"(5, 2)",66a92e2b14da1ebeb591920c
88.0,40.0,5408,test,2549.510297868313,1.0,1.0,"(5, 2)",66a92e2b14da1ebeb591920c
88.0,40.0,5409,test,2549.510297868313,1.0,1.0,"(5, 2)",66a92e2b14da1ebeb591920c
88.0,40.0,5410,test,2549.510297868313,1.0,1.0,"(5, 2)",66a92e2b14da1ebeb591920c
88.0,40.0,5411,test,2549.510297868313,1.0,1.0,"(5, 2)",66a92e2b14da1ebeb591920c
88.0,40.0,5412,test,2549.510297868313,1.0,1.0,"(5, 2)",66a92e2b14da1ebeb591920c
88.0,40.0,5413,test,2549.510297868313,1.0,1.0,"(5, 2)",66a92e2b14da1ebeb591920c
88.0,40.0,5414,test,2549.510297868313,1.0,1.0,"(5, 2)",66a92e2b14da1ebeb591920c
88.0,40.0,5415,test,2549.510297868313,1.0,1.0,"(5, 2)",66a92e2b14da1ebeb591920c
88.0,40.0,5416,test,2549.510297868313,1.0,1.0,"(5, 2)",66a92e2b14da1ebeb591920c
88.0,40.0,5417,test,2549.510297868313,1.0,1.0,"(5, 2)",66a92e2b14da1ebeb591920c
88.0,40.0,5418,test,2549.510297868313,1.0,1.0,"(5, 2)",66a92e2b14da1ebeb591920c
88.0,40.0,5419,test,2549.510297868313,1.0,1.0,"(5, 2)",66a92e2b14da1ebeb591920c
88.0,40.0,5420,test,2549.510297868313,1.0,1.0,"(5, 2)",66a92e2b14da1ebeb591920c
88.0,40.0,5421,test,2549.510297868313,1.0,1.0,"(5, 2)",66a92e2b14da1ebeb591920c
88.0,40.0,5422,test,2549.510297868313,1.0,1.0,"(5, 2)",66a92e2b14da1ebeb591920c
88.0,40.0,5423,test,2549.510297868313,1.0,1.0,"(5, 2)",66a92e2b14da1ebeb591920c
88.0,40.0,5424,test,2549.510297868313,1.0,1.0,"(5, 2)",66a92e2b14da1ebeb591920c
88.0,40.0,5425,test,2549.510297868313,1.0,1.0,"(5, 2)",66a92e2b14da1ebeb591920c
88.0,40.0,5426,test,2549.510297868313,1.0,1.0,"(5, 2)",66a92e2b14da1ebeb591920c
88.0,40.0,5427,test,2549.510297868313,1.0,1.0,"(5, 2)",66a92e2b14da1ebeb591920c
88.0,40.0,5428,test,2549.510297868313,1.0,1.0,"(5, 2)",66a92e2b14da1ebeb591920c
88.0,40.0,5429,test,2549.510297868313,1.0,1.0,"(5, 2)",66a92e2b14da1ebeb591920c
88.0,40.0,5430,test,2549.510297868313,1.0,1.0,"(5, 2)",66a92e2b14da1ebeb591920c
88.0,40.0,5431,test,2549.510297868313,1.0,1.0,"(5, 2)",66a92e2b14da1ebeb591920c
88.0,40.0,5432,test,2549.510297868313,1.0,1.0,"(5, 2)",66a92e2b14da1ebeb591920c
88.0,40.0,5433,test,2549.510297868313,1.0,1.0,"(5, 2)",66a92e2b14da1ebeb591920c
88.0,40.0,5434,test,2549.510297868313,1.0,1.0,"(5, 2)",66a92e2b14da1ebeb591920c
88.0,40.0,5435,test,2549.510297868313,1.0,1.0,"(5, 2)",66a92e2b14da1ebeb591920c
88.0,40.0,5436,test,2549.510297868313,1.0,1.0,"(5, 2)",66a92e2b14da1ebeb591920c
88.0,40.0,5437,test,2549.510297868313,1.0,1.0,"(5, 2)",66a92e2b14da1ebeb591920c
88.0,40.0,5438,test,2549.510297868313,1.0,1.0,"(5, 2)",66a92e2b14da1ebeb591920c
88.0,40.0,5439,test,2549.510297868313,1.0,1.0,"(5, 2)",66a92e2b14da1ebeb591920c
88.0,40.0,5440,test,2549.510297868313,1.0,1.0,"(5, 2)",66a92e2b14da1ebeb591920c
88.0,40.0,5441,test,2549.510297868313,1.0,1.0,"(5, 2)",66a92e2b14da1ebeb591920c
88.0,40.0,5442,test,2549.510297868313,1.0,1.0,"(5, 2)",66a92e2b14da1ebeb591920c
88.0,40.0,5443,test,2549.510297868313,1.0,1.0,"(5, 2)",66a92e2b14da1ebeb591920c
88.0,40.0,5444,test,2549.510297868313,1.0,1.0,"(5, 2)",66a92e2b14da1ebeb591920c
88.0,40.0,5445,test,2549.510297868313,1.0,1.0,"(5, 2)",66a92e2b14da1ebeb591920c
88.0,40.0,5446,test,2549.510297868313,1.0,1.0,"(5, 2)",66a92e2b14da1ebeb591920c
88.0,40.0,5447,test,2549.510297868313,1.0,1.0,"(5, 2)",66a92e2b14da1ebeb591920c
88.0,40.0,5448,test,2549.510297868313,1.0,1.0,"(5, 2)",66a92e2b14da1ebeb591920c
88.0,40.0,5449,test,2549.510297868313,1.0,1.0,"(5, 2)",66a92e2b14da1ebeb591920c
88.0,40.0,5450,test,2549.510297868313,1.0,1.0,"(5, 2)",66a92e2b14da1ebeb591920c
88.0,40.0,5451,test,2549.510297868313,1.0,1.0,"(5, 2)",66a92e2b14da1ebeb591920c
88.0,40.0,5452,test,2549.510297868313,1.0,1.0,"(5, 2)",66a92e2b14da1ebeb591920c
88.0,40.0,5453,test,2549.510297868313,1.0,1.0,"(5, 2)",66a92e2b14da1ebeb591920c
88.0,40.0,5454,test,2549.510297868313,1.0,1.0,"(5, 2)",66a92e2b14da1ebeb591920c
88.0,40.0,5455,test,2549.510297868313,1.0,1.0,"(5, 2)",66a92e2b14da1ebeb591920c
88.0,40.0,5456,test,2549.510297868313,1.0,1.0,"(5, 2)",66a92e2b14da1ebeb591920c
88.0,40.0,5457,test,2549.510297868313,1.0,1.0,"(5, 2)",66a92e2b14da1ebeb591920c
88.0,40.0,5458,test,2549.510297868313,1.0,1.0,"(5, 2)",66a92e2b14da1ebeb591920c
88.0,40.0,5459,test,2549.510297868313,1.0,1.0,"(5, 2)",66a92e2b14da1ebeb591920c
88.0,40.0,5460,test,2549.510297868313,1.0,1.0,"(5, 2)",66a92e2b14da1ebeb591920c
88.0,40.0,5461,test,2549.510297868313,1.0,1.0,"(5, 2)",66a92e2b14da1ebeb591920c
88.0,40.0,5462,test,2549.510297868313,1.0,1.0,"(5, 2)",66a92e2b14da1ebeb591920c
88.0,40.0,5463,test,2549.510297868313,1.0,1.0,"(5, 2)",66a92e2b14da1ebeb591920c
88.0,40.0,5464,test,2549.510297868313,1.0,1.0,"(5, 2)",66a92e2b14da1ebeb591920c
88.0,40.0,5465,test,2549.510297868313,1.0,1.0,"(5, 2)",66a92e2b14da1ebeb591920c
88.0,40.0,5466,test,2549.510297868313,1.0,1.0,"(5, 2)",66a92e2b14da1ebeb591920c
88.0,40.0,5467,test,2549.510297868313,1.0,1.0,"(5, 2)",66a92e2b14da1ebeb591920c
88.0,40.0,5468,test,2549.510297868313,1.0,1.0,"(5, 2)",66a92e2b14da1ebeb591920c
88.0,40.0,5469,test,2549.510297868313,1.0,1.0,"(5, 2)",66a92e2b14da1ebeb591920c
88.0,40.0,5470,test,2549.510297868313,1.0,1.0,"(5, 2)",66a92e2b14da1ebeb591920c
88.0,40.0,5471,test,2549.510297868313,1.0,1.0,"(5, 2)",66a92e2b14da1ebeb591920c
88.0,40.0,5472,test,2549.510297868313,1.0,1.0,"(5, 2)",66a92e2b14da1ebeb591920c
88.0,40.0,5473,test,2549.510297868313,1.0,1.0,"(5, 2)",66a92e2b14da1ebeb591920c
88.0,40.0,5474,test,2549.510297868313,1.0,1.0,"(5, 2)",66a92e2b14da1ebeb591920c
88.0,40.0,5475,test,2549.510297868313,1.0,1.0,"(5, 2)",66a92e2b14da1ebeb591920c
88.0,40.0,5476,test,2549.510297868313,1.0,1.0,"(5, 2)",66a92e2b14da1ebeb591920c
88.0,40.0,5477,test,2549.510297868313,1.0,1.0,"(5, 2)",66a92e2b14da1ebeb591920c
88.0,40.0,5478,test,2549.510297868313,1.0,1.0,"(5, 2)",66a92e2b14da1ebeb591920c
88.0,40.0,5479,test,2549.510297868313,1.0,1.0,"(5, 2)",66a92e2b14da1ebeb591920c
88.0,40.0,5480,test,2549.510297868313,1.0,1.0,"(5, 2)",66a92e2b14da1ebeb591920c
88.0,40.0,5481,test,2549.510297868313,1.0,1.0,"(5, 2)",66a92e2b14da1ebeb591920c
88.0,40.0,5482,test,2549.510297868313,1.0,1.0,"(5, 2)",66a92e2b14da1ebeb591920c
86.74999999999972,40.0,5483,test,2550.7602978683135,1.0,1.0,"(5, 2)",66a92e2b14da1ebeb591920c
85.49999999999943,40.0,5484,test,2552.010297868314,1.0,1.0,"(5, 2)",66a92e2b14da1ebeb591920c
84.24999999999915,40.0,5485,test,2553.2602978683144,1.0,1.0,"(5, 2)",66a92e2b14da1ebeb591920c
82.99999999999886,40.0,5486,test,2554.510297868315,1.0,1.0,"(5, 2)",66a92e2b14da1ebeb591920c
81.74999999999858,40.0,5487,test,2555.7602978683153,1.0,1.0,"(5, 2)",66a92e2b14da1ebeb591920c
80.4999999999983,40.0,5488,test,2557.010297868316,1.0,1.0,"(5, 2)",66a92e2b14da1ebeb591920c
79.24999999999801,40.0,5489,test,2558.2602978683162,1.0,1.0,"(5, 2)",66a92e2b14da1ebeb591920c
77.99999999999773,40.0,5490,test,2559.5102978683167,1.0,1.0,"(5, 2)",66a92e2b14da1ebeb591920c
76.74999999999744,40.0,5491,test,2560.760297868317,1.0,1.0,"(5, 2)",66a92e2b14da1ebeb591920c
75.49999999999716,40.0,5492,test,2562.0102978683176,1.0,1.0,"(5, 2)",66a92e2b14da1ebeb591920c
74.24999999999687,40.0,5493,test,2563.260297868318,1.0,1.0,"(5, 2)",66a92e2b14da1ebeb591920c
72.99999999999659,40.0,5494,test,2564.5102978683185,1.0,1.0,"(5, 2)",66a92e2b14da1ebeb591920c
71.7499999999963,40.0,5495,test,2565.760297868319,1.0,1.0,"(5, 2)",66a92e2b14da1ebeb591920c
70.49999999999602,40.0,5496,test,2567.0102978683194,1.0,1.0,"(5, 2)",66a92e2b14da1ebeb591920c
69.24999999999574,40.0,5497,test,2568.26029786832,1.0,1.0,"(5, 2)",66a92e2b14da1ebeb591920c
67.99999999999545,40.0,5498,test,2569.5102978683203,1.0,1.0,"(5, 2)",66a92e2b14da1ebeb591920c
66.74999999999517,40.0,5499,test,2570.760297868321,1.0,1.0,"(5, 2)",66a92e2b14da1ebeb591920c
65.49999999999488,40.0,5500,test,2572.0102978683212,1.0,1.0,"(5, 2)",66a92e2b14da1ebeb591920c
64.2499999999946,40.0,5501,test,2573.2602978683217,1.0,1.0,"(5, 2)",66a92e2b14da1ebeb591920c
62.999999999994316,40.0,5502,test,2574.510297868322,1.0,1.0,"(5, 2)",66a92e2b14da1ebeb591920c
61.74999999999403,40.0,5503,test,2575.7602978683226,1.0,1.0,"(5, 2)",66a92e2b14da1ebeb591920c
60.49999999999375,40.0,5504,test,2577.010297868323,1.0,1.0,"(5, 2)",66a92e2b14da1ebeb591920c
59.24999999999346,40.0,5505,test,2578.2602978683235,1.0,1.0,"(5, 2)",66a92e2b14da1ebeb591920c
57.99999999999318,40.0,5506,test,2579.510297868324,1.0,1.0,"(5, 2)",66a92e2b14da1ebeb591920c
56.749999999992895,40.0,5507,test,2580.7602978683244,1.0,1.0,"(5, 2)",66a92e2b14da1ebeb591920c
56.0,40.0,5508,test,2581.510297868317,1.0,1.0,"(5, 2)",66a92e2b14da1ebeb591920c
56.0,40.0,5509,test,2581.510297868317,1.0,1.0,"(5, 2)",66a92e2b14da1ebeb591920c
56.0,40.0,5510,test,2581.510297868317,1.0,1.0,"(5, 2)",66a92e2b14da1ebeb591920c
56.0,40.0,5511,test,2581.510297868317,1.0,1.0,"(5, 2)",66a92e2b14da1ebeb591920c
56.0,40.0,5512,test,2581.510297868317,1.0,1.0,"(5, 2)",66a92e2b14da1ebeb591920c
56.0,40.0,5513,test,2581.510297868317,1.0,1.0,"(5, 2)",66a92e2b14da1ebeb591920c
56.0,40.0,5514,test,2581.510297868317,1.0,1.0,"(5, 2)",66a92e2b14da1ebeb591920c
56.0,40.0,5515,test,2581.510297868317,1.0,1.0,"(5, 2)",66a92e2b14da1ebeb591920c
56.0,40.0,5516,test,2581.510297868317,1.0,1.0,"(5, 2)",66a92e2b14da1ebeb591920c
56.0,40.0,5517,test,2581.510297868317,1.0,1.0,"(5, 2)",66a92e2b14da1ebeb591920c
56.0,40.0,5518,test,2581.510297868317,1.0,1.0,"(5, 2)",66a92e2b14da1ebeb591920c
56.0,40.0,5519,test,2581.510297868317,1.0,1.0,"(5, 2)",66a92e2b14da1ebeb591920c
56.0,40.0,5520,test,2581.510297868317,1.0,1.0,"(5, 2)",66a92e2b14da1ebeb591920c
56.0,40.0,5521,test,2581.510297868317,1.0,1.0,"(5, 2)",66a92e2b14da1ebeb591920c
56.0,40.0,5522,test,2581.510297868317,1.0,1.0,"(5, 2)",66a92e2b14da1ebeb591920c
56.0,40.0,5523,test,2581.510297868317,1.0,1.0,"(5, 2)",66a92e2b14da1ebeb591920c
56.0,40.0,5524,test,2581.510297868317,1.0,1.0,"(5, 2)",66a92e2b14da1ebeb591920c
56.0,40.0,5525,test,2581.510297868317,1.0,1.0,"(5, 2)",66a92e2b14da1ebeb591920c
56.0,40.0,5526,test,2581.510297868317,1.0,1.0,"(5, 2)",66a92e2b14da1ebeb591920c
56.0,40.0,5527,test,2581.510297868317,1.0,1.0,"(5, 2)",66a92e2b14da1ebeb591920c
56.0,40.0,5528,test,2581.510297868317,1.0,1.0,"(5, 2)",66a92e2b14da1ebeb591920c
56.0,40.0,5529,test,2581.510297868317,1.0,1.0,"(5, 2)",66a92e2b14da1ebeb591920c
56.0,40.0,5530,test,2581.510297868317,1.0,1.0,"(5, 2)",66a92e2b14da1ebeb591920c
56.0,40.0,5531,test,2581.510297868317,1.0,1.0,"(5, 2)",66a92e2b14da1ebeb591920c
56.0,40.0,5532,test,2581.510297868317,1.0,1.0,"(5, 2)",66a92e2b14da1ebeb591920c
56.0,40.0,5533,test,2581.510297868317,1.0,1.0,"(5, 2)",66a92e2b14da1ebeb591920c
56.0,40.0,5534,test,2581.510297868317,1.0,1.0,"(5, 2)",66a92e2b14da1ebeb591920c
56.0,40.0,5535,test,2581.510297868317,1.0,1.0,"(5, 2)",66a92e2b14da1ebeb591920c
56.0,40.0,5536,test,2581.510297868317,1.0,1.0,"(5, 2)",66a92e2b14da1ebeb591920c
56.0,40.0,5537,test,2581.510297868317,1.0,1.0,"(5, 2)",66a92e2b14da1ebeb591920c
55.11611652351695,39.11611652351695,5538,test,2582.760297868317,1.0,1.0,"(5, 2)",66a92e2b14da1ebeb591920c
54.2322330470339,38.2322330470339,5539,test,2584.010297868317,1.0,1.0,"(5, 2)",66a92e2b14da1ebeb591920c
53.34834957055085,37.34834957055085,5540,test,2585.260297868317,1.0,1.0,"(5, 2)",66a92e2b14da1ebeb591920c
52.4644660940678,36.4644660940678,5541,test,2586.510297868317,1.0,1.0,"(5, 2)",66a92e2b14da1ebeb591920c
51.58058261758475,35.58058261758475,5542,test,2587.760297868317,1.0,1.0,"(5, 2)",66a92e2b14da1ebeb591920c
50.6966991411017,34.6966991411017,5543,test,2589.010297868317,1.0,1.0,"(5, 2)",66a92e2b14da1ebeb591920c
49.812815664618654,33.812815664618654,5544,test,2590.260297868317,1.0,1.0,"(5, 2)",66a92e2b14da1ebeb591920c
48.928932188135605,32.928932188135605,5545,test,2591.510297868317,1.0,1.0,"(5, 2)",66a92e2b14da1ebeb591920c
48.045048711652555,32.045048711652555,5546,test,2592.760297868317,1.0,1.0,"(5, 2)",66a92e2b14da1ebeb591920c
47.161165235169506,31.161165235169506,5547,test,2594.010297868317,1.0,1.0,"(5, 2)",66a92e2b14da1ebeb591920c
46.277281758686456,30.277281758686456,5548,test,2595.260297868317,1.0,1.0,"(5, 2)",66a92e2b14da1ebeb591920c
45.39339828220341,29.393398282203407,5549,test,2596.510297868317,1.0,1.0,"(5, 2)",66a92e2b14da1ebeb591920c
44.50951480572036,28.509514805720357,5550,test,2597.760297868317,1.0,1.0,"(5, 2)",66a92e2b14da1ebeb591920c
43.62563132923731,27.625631329237308,5551,test,2599.010297868317,1.0,1.0,"(5, 2)",66a92e2b14da1ebeb591920c
42.74174785275426,26.74174785275426,5552,test,2600.260297868317,1.0,1.0,"(5, 2)",66a92e2b14da1ebeb591920c
41.85786437627121,25.85786437627121,5553,test,2601.510297868317,1.0,1.0,"(5, 2)",66a92e2b14da1ebeb591920c
40.97398089978816,24.97398089978816,5554,test,2602.760297868317,1.0,1.0,"(5, 2)",66a92e2b14da1ebeb591920c
40.04617444130983,24.194346815316237,5555,test,2603.9721782791103,1.0,1.0,"(5, 2)",66a92e2b14da1ebeb591920c
38.796266114866114,24.179208272259245,5556,test,2605.22217827911,1.0,1.0,"(5, 2)",66a92e2b14da1ebeb591920c
37.5463577884224,24.164069729202254,5557,test,2606.4721782791094,1.0,1.0,"(5, 2)",66a92e2b14da1ebeb591920c
36.29644946197868,24.148931186145262,5558,test,2607.722178279109,1.0,1.0,"(5, 2)",66a92e2b14da1ebeb591920c
35.046541135534966,24.13379264308827,5559,test,2608.9721782791084,1.0,1.0,"(5, 2)",66a92e2b14da1ebeb591920c
33.79663280909125,24.11865410003119,5560,test,2610.222178279108,1.0,1.0,"(5, 2)",66a92e2b14da1ebeb591920c
32.546724482647534,24.103515556974024,5561,test,2611.4721782791075,1.0,1.0,"(5, 2)",66a92e2b14da1ebeb591920c
31.296816156203615,24.088377013916855,5562,test,2612.7221782791075,1.0,1.0,"(5, 2)",66a92e2b14da1ebeb591920c
30.046907829759544,24.073238470859685,5563,test,2613.9721782791075,1.0,1.0,"(5, 2)",66a92e2b14da1ebeb591920c
28.796999503315472,24.058099927802516,5564,test,2615.2221782791075,1.0,1.0,"(5, 2)",66a92e2b14da1ebeb591920c
27.5470911768714,24.042961384745347,5565,test,2616.4721782791075,1.0,1.0,"(5, 2)",66a92e2b14da1ebeb591920c
26.29718285042733,24.027822841688177,5566,test,2617.7221782791075,1.0,1.0,"(5, 2)",66a92e2b14da1ebeb591920c
25.04727452398326,24.012684298631005,5567,test,2618.9721782791075,1.0,1.0,"(5, 2)",66a92e2b14da1ebeb591920c
24.0,24.0,5568,test,2620.019529614628,1.0,1.0,"(5, 2)",66a92e2b14da1ebeb591920c
24.0,24.0,5569,test,2620.019529614628,1.0,1.0,"(5, 2)",66a92e2b14da1ebeb591920c
24.0,24.0,5570,test,2620.019529614628,1.0,1.0,"(5, 2)",66a92e2b14da1ebeb591920c
24.0,24.0,5571,test,2620.019529614628,1.0,1.0,"(5, 2)",66a92e2b14da1ebeb591920c
24.0,24.0,5572,test,2620.019529614628,1.0,1.0,"(5, 2)",66a92e2b14da1ebeb591920c
24.0,24.0,5573,test,2620.019529614628,1.0,1.0,"(5, 2)",66a92e2b14da1ebeb591920c
24.0,24.0,5574,test,2620.019529614628,1.0,1.0,"(5, 2)",66a92e2b14da1ebeb591920c
24.0,24.0,5575,test,2620.019529614628,1.0,1.0,"(5, 2)",66a92e2b14da1ebeb591920c
24.0,24.0,5576,test,2620.019529614628,1.0,1.0,"(5, 2)",66a92e2b14da1ebeb591920c
24.0,24.0,5577,test,2620.019529614628,1.0,1.0,"(5, 2)",66a92e2b14da1ebeb591920c
24.0,24.0,5578,test,2620.019529614628,1.0,1.0,"(5, 2)",66a92e2b14da1ebeb591920c
24.0,24.0,5579,test,2620.019529614628,1.0,1.0,"(5, 2)",66a92e2b14da1ebeb591920c
24.0,24.0,5580,test,2620.019529614628,1.0,1.0,"(5, 2)",66a92e2b14da1ebeb591920c
24.0,24.0,5581,test,2620.019529614628,1.0,1.0,"(5, 2)",66a92e2b14da1ebeb591920c
24.0,24.0,5582,test,2620.019529614628,1.0,1.0,"(5, 2)",66a92e2b14da1ebeb591920c
24.0,24.0,5583,test,2620.019529614628,1.0,1.0,"(5, 2)",66a92e2b14da1ebeb591920c
24.0,24.0,5584,test,2620.019529614628,1.0,1.0,"(5, 2)",66a92e2b14da1ebeb591920c
24.0,24.0,5585,test,2620.019529614628,1.0,1.0,"(5, 2)",66a92e2b14da1ebeb591920c
24.0,24.0,5586,test,2620.019529614628,1.0,1.0,"(5, 2)",66a92e2b14da1ebeb591920c
24.0,24.0,5587,test,2620.019529614628,1.0,1.0,"(5, 2)",66a92e2b14da1ebeb591920c
24.0,24.0,5588,test,2620.019529614628,1.0,1.0,"(5, 2)",66a92e2b14da1ebeb591920c
24.0,24.0,5589,test,2620.019529614628,1.0,1.0,"(5, 2)",66a92e2b14da1ebeb591920c
24.0,24.0,5590,test,2620.019529614628,1.0,1.0,"(5, 2)",66a92e2b14da1ebeb591920c
24.0,24.0,5591,test,2620.019529614628,1.0,1.0,"(5, 2)",66a92e2b14da1ebeb591920c
24.0,24.0,5592,test,2620.019529614628,1.0,1.0,"(5, 2)",66a92e2b14da1ebeb591920c
24.0,24.0,5593,test,2620.019529614628,1.0,1.0,"(5, 2)",66a92e2b14da1ebeb591920c
24.0,24.0,5594,test,2620.019529614628,1.0,1.0,"(5, 2)",66a92e2b14da1ebeb591920c
24.0,24.0,5595,test,2620.019529614628,1.0,1.0,"(5, 2)",66a92e2b14da1ebeb591920c
24.0,24.0,5596,test,2620.019529614628,1.0,1.0,"(5, 2)",66a92e2b14da1ebeb591920c
24.0,24.0,5597,test,2620.019529614628,1.0,1.0,"(5, 2)",66a92e2b14da1ebeb591920c
24.0,24.0,5598,test,2620.019529614628,1.0,1.0,"(5, 2)",66a92e2b14da1ebeb591920c
24.0,24.0,5599,test,2620.019529614628,1.0,1.0,"(5, 2)",66a92e2b14da1ebeb591920c
24.0,24.0,5600,test,2620.019529614628,1.0,1.0,"(5, 2)",66a92e2b14da1ebeb591920c
24.0,24.0,5601,test,2620.019529614628,1.0,1.0,"(5, 2)",66a92e2b14da1ebeb591920c
24.0,24.0,5602,test,2620.019529614628,1.0,1.0,"(5, 2)",66a92e2b14da1ebeb591920c
24.0,24.0,5603,test,2620.019529614628,1.0,1.0,"(5, 2)",66a92e2b14da1ebeb591920c
24.0,24.0,5604,test,2620.019529614628,1.0,1.0,"(5, 2)",66a92e2b14da1ebeb591920c
24.0,24.0,5605,test,2620.019529614628,1.0,1.0,"(5, 2)",66a92e2b14da1ebeb591920c
24.0,24.0,5606,test,2620.019529614628,1.0,1.0,"(5, 2)",66a92e2b14da1ebeb591920c
24.0,24.0,5607,test,2620.019529614628,1.0,1.0,"(5, 2)",66a92e2b14da1ebeb591920c
24.0,24.0,5608,test,2620.019529614628,1.0,1.0,"(5, 2)",66a92e2b14da1ebeb591920c
24.0,24.0,5609,test,2620.019529614628,1.0,1.0,"(5, 2)",66a92e2b14da1ebeb591920c
24.0,24.0,5610,test,2620.019529614628,1.0,1.0,"(5, 2)",66a92e2b14da1ebeb591920c
24.0,24.0,5611,test,2620.019529614628,1.0,1.0,"(5, 2)",66a92e2b14da1ebeb591920c
24.0,24.0,5612,test,2620.019529614628,1.0,1.0,"(5, 2)",66a92e2b14da1ebeb591920c
24.0,24.0,5613,test,2620.019529614628,1.0,1.0,"(5, 2)",66a92e2b14da1ebeb591920c
24.0,24.0,5614,test,2620.019529614628,1.0,1.0,"(5, 2)",66a92e2b14da1ebeb591920c
24.0,24.0,5615,test,2620.019529614628,1.0,1.0,"(5, 2)",66a92e2b14da1ebeb591920c
24.0,24.0,5616,test,2620.019529614628,1.0,1.0,"(5, 2)",66a92e2b14da1ebeb591920c
24.0,24.0,5617,test,2620.019529614628,1.0,1.0,"(5, 2)",66a92e2b14da1ebeb591920c
24.0,24.0,5618,test,2620.019529614628,1.0,1.0,"(5, 2)",66a92e2b14da1ebeb591920c
24.0,24.0,5619,test,2620.019529614628,1.0,1.0,"(5, 2)",66a92e2b14da1ebeb591920c
24.0,24.0,5620,test,2620.019529614628,1.0,1.0,"(5, 2)",66a92e2b14da1ebeb591920c
24.0,24.0,5621,test,2620.019529614628,1.0,1.0,"(5, 2)",66a92e2b14da1ebeb591920c
24.0,24.0,5622,test,2620.019529614628,1.0,1.0,"(5, 2)",66a92e2b14da1ebeb591920c
24.0,24.0,5623,test,2620.019529614628,1.0,1.0,"(5, 2)",66a92e2b14da1ebeb591920c
24.0,24.0,5624,test,2620.019529614628,1.0,1.0,"(5, 2)",66a92e2b14da1ebeb591920c
24.0,24.0,5625,test,2620.019529614628,1.0,1.0,"(5, 2)",66a92e2b14da1ebeb591920c
24.0,24.0,5626,test,2620.019529614628,1.0,1.0,"(5, 2)",66a92e2b14da1ebeb591920c
24.0,24.0,5627,test,2620.019529614628,1.0,1.0,"(5, 2)",66a92e2b14da1ebeb591920c
24.0,24.0,5628,test,2620.019529614628,1.0,1.0,"(5, 2)",66a92e2b14da1ebeb591920c
24.0,24.0,5629,test,2620.019529614628,1.0,1.0,"(5, 2)",66a92e2b14da1ebeb591920c
24.0,24.0,5630,test,2620.019529614628,1.0,1.0,"(5, 2)",66a92e2b14da1ebeb591920c
24.0,24.0,5631,test,2620.019529614628,1.0,1.0,"(5, 2)",66a92e2b14da1ebeb591920c
24.0,24.0,5632,test,2620.019529614628,1.0,1.0,"(5, 2)",66a92e2b14da1ebeb591920c
24.0,24.0,5633,test,2620.019529614628,1.0,1.0,"(5, 2)",66a92e2b14da1ebeb591920c
24.0,24.0,5634,test,2620.019529614628,1.0,1.0,"(5, 2)",66a92e2b14da1ebeb591920c
24.0,24.0,5635,test,2620.019529614628,1.0,1.0,"(5, 2)",66a92e2b14da1ebeb591920c
24.0,24.0,5636,test,2620.019529614628,1.0,1.0,"(5, 2)",66a92e2b14da1ebeb591920c
24.0,24.0,5637,test,2620.019529614628,1.0,1.0,"(5, 2)",66a92e2b14da1ebeb591920c
24.0,24.0,5638,test,2620.019529614628,1.0,1.0,"(5, 2)",66a92e2b14da1ebeb591920c
24.0,24.0,5639,test,2620.019529614628,1.0,1.0,"(5, 2)",66a92e2b14da1ebeb591920c
24.0,24.0,5640,test,2620.019529614628,1.0,1.0,"(5, 2)",66a92e2b14da1ebeb591920c
24.0,24.0,5641,test,2620.019529614628,1.0,1.0,"(5, 2)",66a92e2b14da1ebeb591920c
24.0,24.0,5642,test,2620.019529614628,1.0,1.0,"(5, 2)",66a92e2b14da1ebeb591920c
24.0,24.0,5643,test,2620.019529614628,1.0,1.0,"(5, 2)",66a92e2b14da1ebeb591920c
24.0,24.0,5644,test,2620.019529614628,1.0,1.0,"(5, 2)",66a92e2b14da1ebeb591920c
24.0,24.0,5645,test,2620.019529614628,1.0,1.0,"(5, 2)",66a92e2b14da1ebeb591920c
24.0,24.0,5646,test,2620.019529614628,1.0,1.0,"(5, 2)",66a92e2b14da1ebeb591920c
24.0,24.0,5647,test,2620.019529614628,1.0,1.0,"(5, 2)",66a92e2b14da1ebeb591920c
24.0,24.0,5648,test,2620.019529614628,1.0,1.0,"(5, 2)",66a92e2b14da1ebeb591920c
24.0,24.0,5649,test,2620.019529614628,1.0,1.0,"(5, 2)",66a92e2b14da1ebeb591920c
24.0,24.0,5650,test,2620.019529614628,1.0,1.0,"(5, 2)",66a92e2b14da1ebeb591920c
24.0,24.0,5651,test,2620.019529614628,1.0,1.0,"(5, 2)",66a92e2b14da1ebeb591920c
24.0,24.0,5652,test,2620.019529614628,1.0,1.0,"(5, 2)",66a92e2b14da1ebeb591920c
24.0,24.0,5653,test,2620.019529614628,1.0,1.0,"(5, 2)",66a92e2b14da1ebeb591920c
24.0,24.0,5654,test,2620.019529614628,1.0,1.0,"(5, 2)",66a92e2b14da1ebeb591920c
24.0,24.0,5655,test,2620.019529614628,1.0,1.0,"(5, 2)",66a92e2b14da1ebeb591920c
24.0,24.0,5656,test,2620.019529614628,1.0,1.0,"(5, 2)",66a92e2b14da1ebeb591920c
24.0,24.0,5657,test,2620.019529614628,1.0,1.0,"(5, 2)",66a92e2b14da1ebeb591920c
24.0,24.0,5658,test,2620.019529614628,1.0,1.0,"(5, 2)",66a92e2b14da1ebeb591920c
24.0,24.0,5659,test,2620.019529614628,1.0,1.0,"(5, 2)",66a92e2b14da1ebeb591920c
24.0,24.0,5660,test,2620.019529614628,1.0,1.0,"(5, 2)",66a92e2b14da1ebeb591920c
24.0,24.0,5661,test,2620.019529614628,1.0,1.0,"(5, 2)",66a92e2b14da1ebeb591920c
24.0,24.0,5662,test,2620.019529614628,1.0,1.0,"(5, 2)",66a92e2b14da1ebeb591920c
24.0,24.0,5663,test,2620.019529614628,1.0,1.0,"(5, 2)",66a92e2b14da1ebeb591920c
24.0,24.0,5664,test,2620.019529614628,1.0,1.0,"(5, 2)",66a92e2b14da1ebeb591920c
24.0,24.0,5665,test,2620.019529614628,1.0,1.0,"(5, 2)",66a92e2b14da1ebeb591920c
24.0,24.0,5666,test,2620.019529614628,1.0,1.0,"(5, 2)",66a92e2b14da1ebeb591920c
24.0,24.0,5667,test,2620.019529614628,1.0,1.0,"(5, 2)",66a92e2b14da1ebeb591920c
24.0,24.0,5668,test,2620.019529614628,1.0,1.0,"(5, 2)",66a92e2b14da1ebeb591920c
24.0,24.0,5669,test,2620.019529614628,1.0,1.0,"(5, 2)",66a92e2b14da1ebeb591920c
24.0,24.0,5670,test,2620.019529614628,1.0,1.0,"(5, 2)",66a92e2b14da1ebeb591920c
24.0,24.0,5671,test,2620.019529614628,1.0,1.0,"(5, 2)",66a92e2b14da1ebeb591920c
24.0,24.0,5672,test,2620.019529614628,1.0,1.0,"(5, 2)",66a92e2b14da1ebeb591920c
24.0,24.0,5673,test,2620.019529614628,1.0,1.0,"(5, 2)",66a92e2b14da1ebeb591920c
24.0,24.0,5674,test,2620.019529614628,1.0,1.0,"(5, 2)",66a92e2b14da1ebeb591920c
24.0,24.0,5675,test,2620.019529614628,1.0,1.0,"(5, 2)",66a92e2b14da1ebeb591920c
24.0,24.0,5676,test,2620.019529614628,1.0,1.0,"(5, 2)",66a92e2b14da1ebeb591920c
24.0,24.0,5677,test,2620.019529614628,1.0,1.0,"(5, 2)",66a92e2b14da1ebeb591920c
24.0,24.0,5678,test,2620.019529614628,1.0,1.0,"(5, 2)",66a92e2b14da1ebeb591920c
24.0,24.0,5679,test,2620.019529614628,1.0,1.0,"(5, 2)",66a92e2b14da1ebeb591920c
24.0,24.0,5680,test,2620.019529614628,1.0,1.0,"(5, 2)",66a92e2b14da1ebeb591920c
24.0,24.0,5681,test,2620.019529614628,1.0,1.0,"(5, 2)",66a92e2b14da1ebeb591920c
24.0,24.0,5682,test,2620.019529614628,1.0,1.0,"(5, 2)",66a92e2b14da1ebeb591920c
24.0,24.0,5683,test,2620.019529614628,1.0,1.0,"(5, 2)",66a92e2b14da1ebeb591920c
24.0,24.0,5684,test,2620.019529614628,1.0,1.0,"(5, 2)",66a92e2b14da1ebeb591920c
24.0,24.0,5685,test,2620.019529614628,1.0,1.0,"(5, 2)",66a92e2b14da1ebeb591920c
24.0,24.0,5686,test,2620.019529614628,1.0,1.0,"(5, 2)",66a92e2b14da1ebeb591920c
24.0,24.0,5687,test,2620.019529614628,1.0,1.0,"(5, 2)",66a92e2b14da1ebeb591920c
24.0,24.0,5688,test,2620.019529614628,1.0,1.0,"(5, 2)",66a92e2b14da1ebeb591920c
24.0,24.0,5689,test,2620.019529614628,1.0,1.0,"(5, 2)",66a92e2b14da1ebeb591920c
24.0,24.0,5690,test,2620.019529614628,1.0,1.0,"(5, 2)",66a92e2b14da1ebeb591920c
24.0,24.0,5691,test,2620.019529614628,1.0,1.0,"(5, 2)",66a92e2b14da1ebeb591920c
24.0,24.0,5692,test,2620.019529614628,1.0,1.0,"(5, 2)",66a92e2b14da1ebeb591920c
24.0,24.0,5693,test,2620.019529614628,1.0,1.0,"(5, 2)",66a92e2b14da1ebeb591920c
24.0,24.0,5694,test,2620.019529614628,1.0,1.0,"(5, 2)",66a92e2b14da1ebeb591920c
24.0,24.0,5695,test,2620.019529614628,1.0,1.0,"(5, 2)",66a92e2b14da1ebeb591920c
24.0,24.0,5696,test,2620.019529614628,1.0,1.0,"(5, 2)",66a92e2b14da1ebeb591920c
24.0,24.0,5697,test,2620.019529614628,1.0,1.0,"(5, 2)",66a92e2b14da1ebeb591920c
24.0,24.0,5698,test,2620.019529614628,1.0,1.0,"(5, 2)",66a92e2b14da1ebeb591920c
24.0,24.0,5699,test,2620.019529614628,1.0,1.0,"(5, 2)",66a92e2b14da1ebeb591920c
24.0,24.0,5700,test,2620.019529614628,1.0,1.0,"(5, 2)",66a92e2b14da1ebeb591920c
24.0,24.0,5701,test,2620.019529614628,1.0,1.0,"(5, 2)",66a92e2b14da1ebeb591920c
24.0,24.0,5702,test,2620.019529614628,1.0,1.0,"(5, 2)",66a92e2b14da1ebeb591920c
24.0,24.0,5703,test,2620.019529614628,1.0,1.0,"(5, 2)",66a92e2b14da1ebeb591920c
24.0,24.0,5704,test,2620.019529614628,1.0,1.0,"(5, 2)",66a92e2b14da1ebeb591920c
24.0,24.0,5705,test,2620.019529614628,1.0,1.0,"(5, 2)",66a92e2b14da1ebeb591920c
24.0,24.0,5706,test,2620.019529614628,1.0,1.0,"(5, 2)",66a92e2b14da1ebeb591920c
24.0,24.0,5707,test,2620.019529614628,1.0,1.0,"(5, 2)",66a92e2b14da1ebeb591920c
24.0,24.0,5708,test,2620.019529614628,1.0,1.0,"(5, 2)",66a92e2b14da1ebeb591920c
24.0,24.0,5709,test,2620.019529614628,1.0,1.0,"(5, 2)",66a92e2b14da1ebeb591920c
24.0,24.0,5710,test,2620.019529614628,1.0,1.0,"(5, 2)",66a92e2b14da1ebeb591920c
24.0,24.0,5711,test,2620.019529614628,1.0,1.0,"(5, 2)",66a92e2b14da1ebeb591920c
24.0,24.0,5712,test,2620.019529614628,1.0,1.0,"(5, 2)",66a92e2b14da1ebeb591920c
24.0,25.24999999999993,5713,test,2621.269529614628,1.0,1.0,"(5, 2)",66a92e2b14da1ebeb591920c
24.0,26.499999999999858,5714,test,2622.519529614628,1.0,1.0,"(5, 2)",66a92e2b14da1ebeb591920c
24.0,27.749999999999787,5715,test,2623.769529614628,1.0,1.0,"(5, 2)",66a92e2b14da1ebeb591920c
24.0,28.999999999999716,5716,test,2625.019529614628,1.0,1.0,"(5, 2)",66a92e2b14da1ebeb591920c
24.0,30.249999999999645,5717,test,2626.269529614628,1.0,1.0,"(5, 2)",66a92e2b14da1ebeb591920c
24.0,31.499999999999574,5718,test,2627.519529614628,1.0,1.0,"(5, 2)",66a92e2b14da1ebeb591920c
24.0,32.749999999999716,5719,test,2628.769529614628,1.0,1.0,"(5, 2)",66a92e2b14da1ebeb591920c
24.0,34.0,5720,test,2630.0195296146285,1.0,1.0,"(5, 2)",66a92e2b14da1ebeb591920c
24.0,35.250000000000284,5721,test,2631.269529614629,1.0,1.0,"(5, 2)",66a92e2b14da1ebeb591920c
24.0,36.50000000000057,5722,test,2632.5195296146294,1.0,1.0,"(5, 2)",66a92e2b14da1ebeb591920c
24.0,37.75000000000085,5723,test,2633.76952961463,1.0,1.0,"(5, 2)",66a92e2b14da1ebeb591920c
24.0,39.00000000000114,5724,test,2635.0195296146303,1.0,1.0,"(5, 2)",66a92e2b14da1ebeb591920c
24.0,40.25000000000142,5725,test,2636.2695296146308,1.0,1.0,"(5, 2)",66a92e2b14da1ebeb591920c
24.0,41.500000000001705,5726,test,2637.519529614631,1.0,1.0,"(5, 2)",66a92e2b14da1ebeb591920c
24.0,42.75000000000199,5727,test,2638.7695296146317,1.0,1.0,"(5, 2)",66a92e2b14da1ebeb591920c
24.0,44.000000000002274,5728,test,2640.019529614632,1.0,1.0,"(5, 2)",66a92e2b14da1ebeb591920c
24.0,45.25000000000256,5729,test,2641.2695296146326,1.0,1.0,"(5, 2)",66a92e2b14da1ebeb591920c
24.0,46.50000000000284,5730,test,2642.519529614633,1.0,1.0,"(5, 2)",66a92e2b14da1ebeb591920c
24.0,47.750000000003126,5731,test,2643.7695296146335,1.0,1.0,"(5, 2)",66a92e2b14da1ebeb591920c
24.0,49.00000000000341,5732,test,2645.019529614634,1.0,1.0,"(5, 2)",66a92e2b14da1ebeb591920c
24.0,50.250000000003695,5733,test,2646.2695296146344,1.0,1.0,"(5, 2)",66a92e2b14da1ebeb591920c
24.0,51.50000000000398,5734,test,2647.519529614635,1.0,1.0,"(5, 2)",66a92e2b14da1ebeb591920c
24.0,52.75000000000426,5735,test,2648.7695296146353,1.0,1.0,"(5, 2)",66a92e2b14da1ebeb591920c
24.0,54.00000000000455,5736,test,2650.0195296146358,1.0,1.0,"(5, 2)",66a92e2b14da1ebeb591920c
24.0,55.25000000000483,5737,test,2651.269529614636,1.0,1.0,"(5, 2)",66a92e2b14da1ebeb591920c
24.0,56.0,5738,test,2652.019529614631,1.0,1.0,"(5, 2)",66a92e2b14da1ebeb591920c
24.0,56.0,5739,test,2652.019529614631,1.0,1.0,"(5, 2)",66a92e2b14da1ebeb591920c
24.0,56.0,5740,test,2652.019529614631,1.0,1.0,"(5, 2)",66a92e2b14da1ebeb591920c
24.0,56.0,5741,test,2652.019529614631,1.0,1.0,"(5, 2)",66a92e2b14da1ebeb591920c
24.0,56.0,5742,test,2652.019529614631,1.0,1.0,"(5, 2)",66a92e2b14da1ebeb591920c
24.0,56.0,5743,test,2652.019529614631,1.0,1.0,"(5, 2)",66a92e2b14da1ebeb591920c
24.0,56.0,5744,test,2652.019529614631,1.0,1.0,"(5, 2)",66a92e2b14da1ebeb591920c
24.0,56.0,5745,test,2652.019529614631,1.0,1.0,"(5, 2)",66a92e2b14da1ebeb591920c
24.0,56.0,5746,test,2652.019529614631,1.0,1.0,"(5, 2)",66a92e2b14da1ebeb591920c
24.0,56.0,5747,test,2652.019529614631,1.0,1.0,"(5, 2)",66a92e2b14da1ebeb591920c
24.0,56.0,5748,test,2652.019529614631,1.0,1.0,"(5, 2)",66a92e2b14da1ebeb591920c
24.0,56.0,5749,test,2652.019529614631,1.0,1.0,"(5, 2)",66a92e2b14da1ebeb591920c
24.0,56.0,5750,test,2652.019529614631,1.0,1.0,"(5, 2)",66a92e2b14da1ebeb591920c
24.0,56.0,5751,test,2652.019529614631,1.0,1.0,"(5, 2)",66a92e2b14da1ebeb591920c
24.0,56.0,5752,test,2652.019529614631,1.0,1.0,"(5, 2)",66a92e2b14da1ebeb591920c
24.0,56.0,5753,test,2652.019529614631,1.0,1.0,"(5, 2)",66a92e2b14da1ebeb591920c
24.0,56.0,5754,test,2652.019529614631,1.0,1.0,"(5, 2)",66a92e2b14da1ebeb591920c
24.0,56.0,5755,test,2652.019529614631,1.0,1.0,"(5, 2)",66a92e2b14da1ebeb591920c
24.0,56.0,5756,test,2652.019529614631,1.0,1.0,"(5, 2)",66a92e2b14da1ebeb591920c
24.0,56.0,5757,test,2652.019529614631,1.0,1.0,"(5, 2)",66a92e2b14da1ebeb591920c
24.0,56.0,5758,test,2652.019529614631,1.0,1.0,"(5, 2)",66a92e2b14da1ebeb591920c
24.0,56.0,5759,test,2652.019529614631,1.0,1.0,"(5, 2)",66a92e2b14da1ebeb591920c
24.0,56.0,5760,test,2652.019529614631,1.0,1.0,"(5, 2)",66a92e2b14da1ebeb591920c
24.0,56.0,5761,test,2652.019529614631,1.0,1.0,"(5, 2)",66a92e2b14da1ebeb591920c
24.0,56.0,5762,test,2652.019529614631,1.0,1.0,"(5, 2)",66a92e2b14da1ebeb591920c
24.0,56.0,5763,test,2652.019529614631,1.0,1.0,"(5, 2)",66a92e2b14da1ebeb591920c
24.0,56.0,5764,test,2652.019529614631,1.0,1.0,"(5, 2)",66a92e2b14da1ebeb591920c
24.0,56.0,5765,test,2652.019529614631,1.0,1.0,"(5, 2)",66a92e2b14da1ebeb591920c
24.0,56.0,5766,test,2652.019529614631,1.0,1.0,"(5, 2)",66a92e2b14da1ebeb591920c
24.0,56.0,5767,test,2652.019529614631,1.0,1.0,"(5, 2)",66a92e2b14da1ebeb591920c
24.0,56.0,5768,test,2652.019529614631,1.0,1.0,"(5, 2)",66a92e2b14da1ebeb591920c
24.0,56.0,5769,test,2652.019529614631,1.0,1.0,"(5, 2)",66a92e2b14da1ebeb591920c
24.0,56.0,5770,test,2652.019529614631,1.0,1.0,"(5, 2)",66a92e2b14da1ebeb591920c
24.0,56.0,5771,test,2652.019529614631,1.0,1.0,"(5, 2)",66a92e2b14da1ebeb591920c
24.0,56.0,5772,test,2652.019529614631,1.0,1.0,"(5, 2)",66a92e2b14da1ebeb591920c
24.0,56.0,5773,test,2652.019529614631,1.0,1.0,"(5, 2)",66a92e2b14da1ebeb591920c
24.0,56.0,5774,test,2652.019529614631,1.0,1.0,"(5, 2)",66a92e2b14da1ebeb591920c
24.0,56.0,5775,test,2652.019529614631,1.0,1.0,"(5, 2)",66a92e2b14da1ebeb591920c
24.0,56.0,5776,test,2652.019529614631,1.0,1.0,"(5, 2)",66a92e2b14da1ebeb591920c
24.0,56.0,5777,test,2652.019529614631,1.0,1.0,"(5, 2)",66a92e2b14da1ebeb591920c
24.0,56.0,5778,test,2652.019529614631,1.0,1.0,"(5, 2)",66a92e2b14da1ebeb591920c
24.0,56.0,5779,test,2652.019529614631,1.0,1.0,"(5, 2)",66a92e2b14da1ebeb591920c
24.0,56.0,5780,test,2652.019529614631,1.0,1.0,"(5, 2)",66a92e2b14da1ebeb591920c
24.0,56.0,5781,test,2652.019529614631,1.0,1.0,"(5, 2)",66a92e2b14da1ebeb591920c
24.0,56.0,5782,test,2652.019529614631,1.0,1.0,"(5, 2)",66a92e2b14da1ebeb591920c
24.0,56.0,5783,test,2652.019529614631,1.0,1.0,"(5, 2)",66a92e2b14da1ebeb591920c
24.0,56.0,5784,test,2652.019529614631,1.0,1.0,"(5, 2)",66a92e2b14da1ebeb591920c
24.0,56.0,5785,test,2652.019529614631,1.0,1.0,"(5, 2)",66a92e2b14da1ebeb591920c
24.0,56.0,5786,test,2652.019529614631,1.0,1.0,"(5, 2)",66a92e2b14da1ebeb591920c
24.0,56.0,5787,test,2652.019529614631,1.0,1.0,"(5, 2)",66a92e2b14da1ebeb591920c
24.0,56.0,5788,test,2652.019529614631,1.0,1.0,"(5, 2)",66a92e2b14da1ebeb591920c
24.0,56.0,5789,test,2652.019529614631,1.0,1.0,"(5, 2)",66a92e2b14da1ebeb591920c
24.0,56.0,5790,test,2652.019529614631,1.0,1.0,"(5, 2)",66a92e2b14da1ebeb591920c
24.0,56.0,5791,test,2652.019529614631,1.0,1.0,"(5, 2)",66a92e2b14da1ebeb591920c
24.0,56.0,5792,test,2652.019529614631,1.0,1.0,"(5, 2)",66a92e2b14da1ebeb591920c
24.0,56.0,5793,test,2652.019529614631,1.0,1.0,"(5, 2)",66a92e2b14da1ebeb591920c
24.0,56.0,5794,test,2652.019529614631,1.0,1.0,"(5, 2)",66a92e2b14da1ebeb591920c
24.0,56.0,5795,test,2652.019529614631,1.0,1.0,"(5, 2)",66a92e2b14da1ebeb591920c
24.0,56.0,5796,test,2652.019529614631,1.0,1.0,"(5, 2)",66a92e2b14da1ebeb591920c
24.0,56.0,5797,test,2652.019529614631,1.0,1.0,"(5, 2)",66a92e2b14da1ebeb591920c
24.0,56.0,5798,test,2652.019529614631,1.0,1.0,"(5, 2)",66a92e2b14da1ebeb591920c
24.0,56.0,5799,test,2652.019529614631,1.0,1.0,"(5, 2)",66a92e2b14da1ebeb591920c
24.0,56.0,5800,test,2652.019529614631,1.0,1.0,"(5, 2)",66a92e2b14da1ebeb591920c
24.0,56.0,5801,test,2652.019529614631,1.0,1.0,"(5, 2)",66a92e2b14da1ebeb591920c
24.0,56.0,5802,test,2652.019529614631,1.0,1.0,"(5, 2)",66a92e2b14da1ebeb591920c
24.0,56.0,5803,test,2652.019529614631,1.0,1.0,"(5, 2)",66a92e2b14da1ebeb591920c
24.0,56.0,5804,test,2652.019529614631,1.0,1.0,"(5, 2)",66a92e2b14da1ebeb591920c
24.0,56.0,5805,test,2652.019529614631,1.0,1.0,"(5, 2)",66a92e2b14da1ebeb591920c
24.0,56.0,5806,test,2652.019529614631,1.0,1.0,"(5, 2)",66a92e2b14da1ebeb591920c
24.0,56.0,5807,test,2652.019529614631,1.0,1.0,"(5, 2)",66a92e2b14da1ebeb591920c
24.0,56.0,5808,test,2652.019529614631,1.0,1.0,"(5, 2)",66a92e2b14da1ebeb591920c
24.0,56.0,5809,test,2652.019529614631,1.0,1.0,"(5, 2)",66a92e2b14da1ebeb591920c
24.0,54.749999999999716,5810,test,2653.2695296146317,1.0,1.0,"(5, 2)",66a92e2b14da1ebeb591920c
24.0,53.49999999999943,5811,test,2654.519529614632,1.0,1.0,"(5, 2)",66a92e2b14da1ebeb591920c
24.0,52.24999999999915,5812,test,2655.7695296146326,1.0,1.0,"(5, 2)",66a92e2b14da1ebeb591920c
24.0,50.99999999999886,5813,test,2657.019529614633,1.0,1.0,"(5, 2)",66a92e2b14da1ebeb591920c
24.0,49.74999999999858,5814,test,2658.2695296146335,1.0,1.0,"(5, 2)",66a92e2b14da1ebeb591920c
24.0,48.499999999998295,5815,test,2659.519529614634,1.0,1.0,"(5, 2)",66a92e2b14da1ebeb591920c
24.0,47.24999999999801,5816,test,2660.7695296146344,1.0,1.0,"(5, 2)",66a92e2b14da1ebeb591920c
24.0,45.999999999997726,5817,test,2662.019529614635,1.0,1.0,"(5, 2)",66a92e2b14da1ebeb591920c
24.0,44.74999999999744,5818,test,2663.2695296146353,1.0,1.0,"(5, 2)",66a92e2b14da1ebeb591920c
24.0,43.49999999999716,5819,test,2664.5195296146358,1.0,1.0,"(5, 2)",66a92e2b14da1ebeb591920c
24.0,42.249999999996874,5820,test,2665.769529614636,1.0,1.0,"(5, 2)",66a92e2b14da1ebeb591920c
24.0,40.99999999999659,5821,test,2667.0195296146367,1.0,1.0,"(5, 2)",66a92e2b14da1ebeb591920c
24.31621556657754,39.8798317388366,5822,test,2668.183475153679,1.0,1.0,"(5, 2)",66a92e2b14da1ebeb591920c
25.19459214040404,38.990475457837135,5823,test,2669.433475153679,1.0,1.0,"(5, 2)",66a92e2b14da1ebeb591920c
26.07296871423054,38.10111917683767,5824,test,2670.683475153679,1.0,1.0,"(5, 2)",66a92e2b14da1ebeb591920c
26.95134528805704,37.211762895838206,5825,test,2671.933475153679,1.0,1.0,"(5, 2)",66a92e2b14da1ebeb591920c
27.82972186188354,36.32240661483874,5826,test,2673.183475153679,1.0,1.0,"(5, 2)",66a92e2b14da1ebeb591920c
28.708098435710042,35.433050333839276,5827,test,2674.433475153679,1.0,1.0,"(5, 2)",66a92e2b14da1ebeb591920c
29.586475009536542,34.543694052839896,5828,test,2675.683475153679,1.0,1.0,"(5, 2)",66a92e2b14da1ebeb591920c
30.464851583363043,33.654337771840936,5829,test,2676.933475153679,1.0,1.0,"(5, 2)",66a92e2b14da1ebeb591920c
31.343228157189543,32.76498149084197,5830,test,2678.183475153679,1.0,1.0,"(5, 2)",66a92e2b14da1ebeb591920c
32.22160473101604,31.875625209842987,5831,test,2679.433475153679,1.0,1.0,"(5, 2)",66a92e2b14da1ebeb591920c
33.099981304842544,30.986268928843877,5832,test,2680.683475153679,1.0,1.0,"(5, 2)",66a92e2b14da1ebeb591920c
33.978357878669044,30.096912647844768,5833,test,2681.933475153679,1.0,1.0,"(5, 2)",66a92e2b14da1ebeb591920c
34.856734452495544,29.207556366845658,5834,test,2683.183475153679,1.0,1.0,"(5, 2)",66a92e2b14da1ebeb591920c
35.735111026322045,28.31820008584655,5835,test,2684.433475153679,1.0,1.0,"(5, 2)",66a92e2b14da1ebeb591920c
36.613487600148545,27.42884380484744,5836,test,2685.683475153679,1.0,1.0,"(5, 2)",66a92e2b14da1ebeb591920c
37.491864173975046,26.53948752384833,5837,test,2686.933475153679,1.0,1.0,"(5, 2)",66a92e2b14da1ebeb591920c
38.370240747801546,25.650131242849476,5838,test,2688.1834751536785,1.0,1.0,"(5, 2)",66a92e2b14da1ebeb591920c
39.24861732162825,24.76077496185072,5839,test,2689.4334751536785,1.0,1.0,"(5, 2)",66a92e2b14da1ebeb591920c
40.26074682117195,24.186261912236056,5840,test,2690.597292737333,1.0,1.0,"(5, 2)",66a92e2b14da1ebeb591920c
41.510659299768065,24.17147016285977,5841,test,2691.847292737333,1.0,1.0,"(5, 2)",66a92e2b14da1ebeb591920c
42.76057177836418,24.156678413483483,5842,test,2693.097292737333,1.0,1.0,"(5, 2)",66a92e2b14da1ebeb591920c
44.0104842569603,24.141886664107197,5843,test,2694.347292737333,1.0,1.0,"(5, 2)",66a92e2b14da1ebeb591920c
45.26039673555641,24.12709491473091,5844,test,2695.597292737333,1.0,1.0,"(5, 2)",66a92e2b14da1ebeb591920c
46.51030921415253,24.112303165354625,5845,test,2696.847292737333,1.0,1.0,"(5, 2)",66a92e2b14da1ebeb591920c
47.760221692748644,24.09751141597834,5846,test,2698.097292737333,1.0,1.0,"(5, 2)",66a92e2b14da1ebeb591920c
49.01013417134476,24.082719666602053,5847,test,2699.347292737333,1.0,1.0,"(5, 2)",66a92e2b14da1ebeb591920c
50.260046649940875,24.067927917225767,5848,test,2700.597292737333,1.0,1.0,"(5, 2)",66a92e2b14da1ebeb591920c
51.50995912853699,24.05313616784948,5849,test,2701.847292737333,1.0,1.0,"(5, 2)",66a92e2b14da1ebeb591920c
52.75987160713311,24.038344418473194,5850,test,2703.097292737333,1.0,1.0,"(5, 2)",66a92e2b14da1ebeb591920c
54.00978408572922,24.023552669096908,5851,test,2704.347292737333,1.0,1.0,"(5, 2)",66a92e2b14da1ebeb591920c
55.25969656432534,24.008760919720622,5852,test,2705.597292737333,1.0,1.0,"(5, 2)",66a92e2b14da1ebeb591920c
56.50965804813268,24.002155159526897,5853,test,2706.8472716759834,1.0,1.0,"(5, 2)",66a92e2b14da1ebeb591920c
57.75965803603455,24.001981247976556,5854,test,2708.0972716759834,1.0,1.0,"(5, 2)",66a92e2b14da1ebeb591920c
59.009658023936424,24.001807336426328,5855,test,2709.3472716759834,1.0,1.0,"(5, 2)",66a92e2b14da1ebeb591920c
60.2596580118383,24.0016334248761,5856,test,2710.5972716759834,1.0,1.0,"(5, 2)",66a92e2b14da1ebeb591920c
61.50965799974017,24.001459513325873,5857,test,2711.8472716759834,1.0,1.0,"(5, 2)",66a92e2b14da1ebeb591920c
62.75965798764204,24.001285601775646,5858,test,2713.0972716759834,1.0,1.0,"(5, 2)",66a92e2b14da1ebeb591920c
64.00965797554392,24.001111690225418,5859,test,2714.3472716759834,1.0,1.0,"(5, 2)",66a92e2b14da1ebeb591920c
65.2596579634465,24.00093777867519,5860,test,2715.597271675984,1.0,1.0,"(5, 2)",66a92e2b14da1ebeb591920c
66.50965795134908,24.00076386712496,5861,test,2716.8472716759843,1.0,1.0,"(5, 2)",66a92e2b14da1ebeb591920c
67.75965793925167,24.000589955574732,5862,test,2718.0972716759848,1.0,1.0,"(5, 2)",66a92e2b14da1ebeb591920c
69.00965792715425,24.000416044024504,5863,test,2719.347271675985,1.0,1.0,"(5, 2)",66a92e2b14da1ebeb591920c
70.25965791505683,24.000242132474277,5864,test,2720.5972716759857,1.0,1.0,"(5, 2)",66a92e2b14da1ebeb591920c
71.50965790295942,24.00006822092405,5865,test,2721.847271675986,1.0,1.0,"(5, 2)",66a92e2b14da1ebeb591920c
72.48537016109537,24.667793612430984,5866,test,2723.029587881212,1.0,1.0,"(5, 2)",66a92e2b14da1ebeb591920c
73.37446524141029,25.54643457332439,5867,test,2724.279587881212,1.0,1.0,"(5, 2)",66a92e2b14da1ebeb591920c
74.26356032172521,26.425075534217797,5868,test,2725.529587881212,1.0,1.0,"(5, 2)",66a92e2b14da1ebeb591920c
75.15265540204012,27.303716495111203,5869,test,2726.779587881212,1.0,1.0,"(5, 2)",66a92e2b14da1ebeb591920c
76.04175048235504,28.18235745600461,5870,test,2728.029587881212,1.0,1.0,"(5, 2)",66a92e2b14da1ebeb591920c
76.93084556266996,29.060998416898016,5871,test,2729.279587881212,1.0,1.0,"(5, 2)",66a92e2b14da1ebeb591920c
77.81994064298488,29.939639377791423,5872,test,2730.529587881212,1.0,1.0,"(5, 2)",66a92e2b14da1ebeb591920c
78.70903572329979,30.81828033868483,5873,test,2731.779587881212,1.0,1.0,"(5, 2)",66a92e2b14da1ebeb591920c
79.59813080361471,31.696921299578236,5874,test,2733.029587881212,1.0,1.0,"(5, 2)",66a92e2b14da1ebeb591920c
80.48722588392963,32.57556226047188,5875,test,2734.279587881212,1.0,1.0,"(5, 2)",66a92e2b14da1ebeb591920c
81.37632096424454,33.45420322136542,5876,test,2735.529587881212,1.0,1.0,"(5, 2)",66a92e2b14da1ebeb591920c
82.26541604455946,34.33284418225876,5877,test,2736.779587881212,1.0,1.0,"(5, 2)",66a92e2b14da1ebeb591920c
83.15451112487438,35.211485143152096,5878,test,2738.029587881212,1.0,1.0,"(5, 2)",66a92e2b14da1ebeb591920c
84.04360620518929,36.09012610404544,5879,test,2739.279587881212,1.0,1.0,"(5, 2)",66a92e2b14da1ebeb591920c
84.93270128550421,36.968767064938774,5880,test,2740.529587881212,1.0,1.0,"(5, 2)",66a92e2b14da1ebeb591920c
85.82179636581913,37.84740802583211,5881,test,2741.779587881212,1.0,1.0,"(5, 2)",66a92e2b14da1ebeb591920c
86.71089144613404,38.72604898672545,5882,test,2743.029587881212,1.0,1.0,"(5, 2)",66a92e2b14da1ebeb591920c
87.59998652644896,39.60468994761879,5883,test,2744.279587881212,1.0,1.0,"(5, 2)",66a92e2b14da1ebeb591920c
88.0,40.0,5884,test,2744.8419763737475,1.0,1.0,"(5, 2)",66a92e2b14da1ebeb591920c
88.0,40.0,5885,test,2744.8419763737475,1.0,1.0,"(5, 2)",66a92e2b14da1ebeb591920c
88.0,40.0,5886,test,2744.8419763737475,1.0,1.0,"(5, 2)",66a92e2b14da1ebeb591920c
88.0,40.0,5887,test,2744.8419763737475,1.0,1.0,"(5, 2)",66a92e2b14da1ebeb591920c
88.0,40.0,5888,test,2744.8419763737475,1.0,1.0,"(5, 2)",66a92e2b14da1ebeb591920c
88.0,40.0,5889,test,2744.8419763737475,1.0,1.0,"(5, 2)",66a92e2b14da1ebeb591920c
88.0,40.0,5890,test,2744.8419763737475,1.0,1.0,"(5, 2)",66a92e2b14da1ebeb591920c
88.0,40.0,5891,test,2744.8419763737475,1.0,1.0,"(5, 2)",66a92e2b14da1ebeb591920c
88.0,40.0,5892,test,2744.8419763737475,1.0,1.0,"(5, 2)",66a92e2b14da1ebeb591920c
88.0,40.0,5893,test,2744.8419763737475,1.0,1.0,"(5, 2)",66a92e2b14da1ebeb591920c
88.0,40.0,5894,test,2744.8419763737475,1.0,1.0,"(5, 2)",66a92e2b14da1ebeb591920c
88.0,40.0,5895,test,2744.8419763737475,1.0,1.0,"(5, 2)",66a92e2b14da1ebeb591920c
88.0,40.0,5896,test,2744.8419763737475,1.0,1.0,"(5, 2)",66a92e2b14da1ebeb591920c
88.0,40.0,5897,test,2744.8419763737475,1.0,1.0,"(5, 2)",66a92e2b14da1ebeb591920c
88.0,40.0,5898,test,2744.8419763737475,1.0,1.0,"(5, 2)",66a92e2b14da1ebeb591920c
88.0,40.0,5899,test,2744.8419763737475,1.0,1.0,"(5, 2)",66a92e2b14da1ebeb591920c
88.0,40.0,5900,test,2744.8419763737475,1.0,1.0,"(5, 2)",66a92e2b14da1ebeb591920c
88.0,40.0,5901,test,2744.8419763737475,1.0,1.0,"(5, 2)",66a92e2b14da1ebeb591920c
88.0,40.0,5902,test,2744.8419763737475,1.0,1.0,"(5, 2)",66a92e2b14da1ebeb591920c
88.0,40.0,5903,test,2744.8419763737475,1.0,1.0,"(5, 2)",66a92e2b14da1ebeb591920c
88.0,40.0,5904,test,2744.8419763737475,1.0,1.0,"(5, 2)",66a92e2b14da1ebeb591920c
88.0,40.0,5905,test,2744.8419763737475,1.0,1.0,"(5, 2)",66a92e2b14da1ebeb591920c
88.0,40.0,5906,test,2744.8419763737475,1.0,1.0,"(5, 2)",66a92e2b14da1ebeb591920c
88.0,40.0,5907,test,2744.8419763737475,1.0,1.0,"(5, 2)",66a92e2b14da1ebeb591920c
88.0,40.0,5908,test,2744.8419763737475,1.0,1.0,"(5, 2)",66a92e2b14da1ebeb591920c
88.0,40.0,5909,test,2744.8419763737475,1.0,1.0,"(5, 2)",66a92e2b14da1ebeb591920c
88.0,40.0,5910,test,2744.8419763737475,1.0,1.0,"(5, 2)",66a92e2b14da1ebeb591920c
88.0,40.0,5911,test,2744.8419763737475,1.0,1.0,"(5, 2)",66a92e2b14da1ebeb591920c
88.0,40.0,5912,test,2744.8419763737475,1.0,1.0,"(5, 2)",66a92e2b14da1ebeb591920c
88.0,40.0,5913,test,2744.8419763737475,1.0,1.0,"(5, 2)",66a92e2b14da1ebeb591920c
88.0,40.0,5914,test,2744.8419763737475,1.0,1.0,"(5, 2)",66a92e2b14da1ebeb591920c
88.0,40.0,5915,test,2744.8419763737475,1.0,1.0,"(5, 2)",66a92e2b14da1ebeb591920c
88.0,40.0,5916,test,2744.8419763737475,1.0,1.0,"(5, 2)",66a92e2b14da1ebeb591920c
88.0,40.0,5917,test,2744.8419763737475,1.0,1.0,"(5, 2)",66a92e2b14da1ebeb591920c
88.0,40.0,5918,test,2744.8419763737475,1.0,1.0,"(5, 2)",66a92e2b14da1ebeb591920c
88.0,40.0,5919,test,2744.8419763737475,1.0,1.0,"(5, 2)",66a92e2b14da1ebeb591920c
88.0,40.0,5920,test,2744.8419763737475,1.0,1.0,"(5, 2)",66a92e2b14da1ebeb591920c
88.0,40.0,5921,test,2744.8419763737475,1.0,1.0,"(5, 2)",66a92e2b14da1ebeb591920c
88.0,40.0,5922,test,2744.8419763737475,1.0,1.0,"(5, 2)",66a92e2b14da1ebeb591920c
88.0,40.0,5923,test,2744.8419763737475,1.0,1.0,"(5, 2)",66a92e2b14da1ebeb591920c
88.0,40.0,5924,test,2744.8419763737475,1.0,1.0,"(5, 2)",66a92e2b14da1ebeb591920c
88.0,40.0,5925,test,2744.8419763737475,1.0,1.0,"(5, 2)",66a92e2b14da1ebeb591920c
88.0,40.0,5926,test,2744.8419763737475,1.0,1.0,"(5, 2)",66a92e2b14da1ebeb591920c
88.0,40.0,5927,test,2744.8419763737475,1.0,1.0,"(5, 2)",66a92e2b14da1ebeb591920c
88.0,40.0,5928,test,2744.8419763737475,1.0,1.0,"(5, 2)",66a92e2b14da1ebeb591920c
88.0,40.0,5929,test,2744.8419763737475,1.0,1.0,"(5, 2)",66a92e2b14da1ebeb591920c
88.0,40.0,5930,test,2744.8419763737475,1.0,1.0,"(5, 2)",66a92e2b14da1ebeb591920c
88.0,40.0,5931,test,2744.8419763737475,1.0,1.0,"(5, 2)",66a92e2b14da1ebeb591920c
88.0,40.0,5932,test,2744.8419763737475,1.0,1.0,"(5, 2)",66a92e2b14da1ebeb591920c
88.0,40.0,5933,test,2744.8419763737475,1.0,1.0,"(5, 2)",66a92e2b14da1ebeb591920c
88.0,40.0,5934,test,2744.8419763737475,1.0,1.0,"(5, 2)",66a92e2b14da1ebeb591920c
88.0,40.0,5935,test,2744.8419763737475,1.0,1.0,"(5, 2)",66a92e2b14da1ebeb591920c
88.0,40.0,5936,test,2744.8419763737475,1.0,1.0,"(5, 2)",66a92e2b14da1ebeb591920c
88.0,40.0,5937,test,2744.8419763737475,1.0,1.0,"(5, 2)",66a92e2b14da1ebeb591920c
88.0,40.0,5938,test,2744.8419763737475,1.0,1.0,"(5, 2)",66a92e2b14da1ebeb591920c
88.0,40.0,5939,test,2744.8419763737475,1.0,1.0,"(5, 2)",66a92e2b14da1ebeb591920c
88.0,40.0,5940,test,2744.8419763737475,1.0,1.0,"(5, 2)",66a92e2b14da1ebeb591920c
88.0,40.0,5941,test,2744.8419763737475,1.0,1.0,"(5, 2)",66a92e2b14da1ebeb591920c
88.0,40.0,5942,test,2744.8419763737475,1.0,1.0,"(5, 2)",66a92e2b14da1ebeb591920c
88.0,40.0,5943,test,2744.8419763737475,1.0,1.0,"(5, 2)",66a92e2b14da1ebeb591920c
88.0,40.0,5944,test,2744.8419763737475,1.0,1.0,"(5, 2)",66a92e2b14da1ebeb591920c
88.0,40.0,5945,test,2744.8419763737475,1.0,1.0,"(5, 2)",66a92e2b14da1ebeb591920c
88.0,40.0,5946,test,2744.8419763737475,1.0,1.0,"(5, 2)",66a92e2b14da1ebeb591920c
88.0,40.0,5947,test,2744.8419763737475,1.0,1.0,"(5, 2)",66a92e2b14da1ebeb591920c
88.0,40.0,5948,test,2744.8419763737475,1.0,1.0,"(5, 2)",66a92e2b14da1ebeb591920c
88.0,40.0,5949,test,2744.8419763737475,1.0,1.0,"(5, 2)",66a92e2b14da1ebeb591920c
88.0,40.0,5950,test,2744.8419763737475,1.0,1.0,"(5, 2)",66a92e2b14da1ebeb591920c
88.0,40.0,5951,test,2744.8419763737475,1.0,1.0,"(5, 2)",66a92e2b14da1ebeb591920c
88.0,40.0,5952,test,2744.8419763737475,1.0,1.0,"(5, 2)",66a92e2b14da1ebeb591920c
88.0,40.0,5953,test,2744.8419763737475,1.0,1.0,"(5, 2)",66a92e2b14da1ebeb591920c
88.0,40.0,5954,test,2744.8419763737475,1.0,1.0,"(5, 2)",66a92e2b14da1ebeb591920c
88.0,40.0,5955,test,2744.8419763737475,1.0,1.0,"(5, 2)",66a92e2b14da1ebeb591920c
88.0,40.0,5956,test,2744.8419763737475,1.0,1.0,"(5, 2)",66a92e2b14da1ebeb591920c
88.0,40.0,5957,test,2744.8419763737475,1.0,1.0,"(5, 2)",66a92e2b14da1ebeb591920c
88.0,40.0,5958,test,2744.8419763737475,1.0,1.0,"(5, 2)",66a92e2b14da1ebeb591920c
86.74999999999972,40.0,5959,test,2746.091976373748,1.0,1.0,"(5, 2)",66a92e2b14da1ebeb591920c
85.49999999999943,40.0,5960,test,2747.3419763737484,1.0,1.0,"(5, 2)",66a92e2b14da1ebeb591920c
84.24999999999915,40.0,5961,test,2748.591976373749,1.0,1.0,"(5, 2)",66a92e2b14da1ebeb591920c
82.99999999999886,40.0,5962,test,2749.8419763737493,1.0,1.0,"(5, 2)",66a92e2b14da1ebeb591920c
81.74999999999858,40.0,5963,test,2751.0919763737497,1.0,1.0,"(5, 2)",66a92e2b14da1ebeb591920c
80.4999999999983,40.0,5964,test,2752.34197637375,1.0,1.0,"(5, 2)",66a92e2b14da1ebeb591920c
79.24999999999801,40.0,5965,test,2753.5919763737506,1.0,1.0,"(5, 2)",66a92e2b14da1ebeb591920c
77.99999999999773,40.0,5966,test,2754.841976373751,1.0,1.0,"(5, 2)",66a92e2b14da1ebeb591920c
76.74999999999744,40.0,5967,test,2756.0919763737515,1.0,1.0,"(5, 2)",66a92e2b14da1ebeb591920c
75.49999999999716,40.0,5968,test,2757.341976373752,1.0,1.0,"(5, 2)",66a92e2b14da1ebeb591920c
74.24999999999687,40.0,5969,test,2758.5919763737525,1.0,1.0,"(5, 2)",66a92e2b14da1ebeb591920c
72.99999999999659,40.0,5970,test,2759.841976373753,1.0,1.0,"(5, 2)",66a92e2b14da1ebeb591920c
71.87983173883686,40.31621556657754,5971,test,2761.0059219127947,1.0,1.0,"(5, 2)",66a92e2b14da1ebeb591920c
70.9904754578381,41.19459214040404,5972,test,2762.2559219127943,1.0,1.0,"(5, 2)",66a92e2b14da1ebeb591920c
70.10111917683935,42.07296871423054,5973,test,2763.505921912794,1.0,1.0,"(5, 2)",66a92e2b14da1ebeb591920c
69.2117628958406,42.95134528805704,5974,test,2764.7559219127934,1.0,1.0,"(5, 2)",66a92e2b14da1ebeb591920c
68.32240661484184,43.82972186188354,5975,test,2766.005921912793,1.0,1.0,"(5, 2)",66a92e2b14da1ebeb591920c
67.43305033384308,44.70809843571004,5976,test,2767.2559219127925,1.0,1.0,"(5, 2)",66a92e2b14da1ebeb591920c
66.54369405284433,45.58647500953654,5977,test,2768.505921912792,1.0,1.0,"(5, 2)",66a92e2b14da1ebeb591920c
65.65433777184558,46.46485158336304,5978,test,2769.7559219127916,1.0,1.0,"(5, 2)",66a92e2b14da1ebeb591920c
64.76498149084682,47.34322815718954,5979,test,2771.005921912791,1.0,1.0,"(5, 2)",66a92e2b14da1ebeb591920c
63.87562520984797,48.22160473101604,5980,test,2772.2559219127907,1.0,1.0,"(5, 2)",66a92e2b14da1ebeb591920c
62.9862689288485,49.099981304842544,5981,test,2773.5059219127907,1.0,1.0,"(5, 2)",66a92e2b14da1ebeb591920c
62.09691264784904,49.978357878669044,5982,test,2774.7559219127907,1.0,1.0,"(5, 2)",66a92e2b14da1ebeb591920c
61.20755636684957,50.856734452495544,5983,test,2776.0059219127907,1.0,1.0,"(5, 2)",66a92e2b14da1ebeb591920c
60.31820008585011,51.735111026322045,5984,test,2777.2559219127907,1.0,1.0,"(5, 2)",66a92e2b14da1ebeb591920c
59.42884380485064,52.613487600148545,5985,test,2778.5059219127907,1.0,1.0,"(5, 2)",66a92e2b14da1ebeb591920c
58.53948752385118,53.491864173975046,5986,test,2779.7559219127907,1.0,1.0,"(5, 2)",66a92e2b14da1ebeb591920c
57.650131242851714,54.370240747801546,5987,test,2781.0059219127907,1.0,1.0,"(5, 2)",66a92e2b14da1ebeb591920c
56.76077496185225,55.24861732162794,5988,test,2782.2559219127907,1.0,1.0,"(5, 2)",66a92e2b14da1ebeb591920c
56.0,56.0,5989,test,2783.32519945952,1.0,1.0,"(5, 2)",66a92e2b14da1ebeb591920c
56.0,56.0,5990,test,2783.32519945952,1.0,1.0,"(5, 2)",66a92e2b14da1ebeb591920c
56.0,56.0,5991,test,2783.32519945952,1.0,1.0,"(5, 2)",66a92e2b14da1ebeb591920c
56.0,56.0,5992,test,2783.32519945952,1.0,1.0,"(5, 2)",66a92e2b14da1ebeb591920c
56.0,56.0,5993,test,2783.32519945952,1.0,1.0,"(5, 2)",66a92e2b14da1ebeb591920c
56.0,56.0,5994,test,2783.32519945952,1.0,1.0,"(5, 2)",66a92e2b14da1ebeb591920c
56.0,56.0,5995,test,2783.32519945952,1.0,1.0,"(5, 2)",66a92e2b14da1ebeb591920c
56.0,56.0,5996,test,2783.32519945952,1.0,1.0,"(5, 2)",66a92e2b14da1ebeb591920c
56.0,56.0,5997,test,2783.32519945952,1.0,1.0,"(5, 2)",66a92e2b14da1ebeb591920c
56.0,56.0,5998,test,2783.32519945952,1.0,1.0,"(5, 2)",66a92e2b14da1ebeb591920c
56.0,56.0,5999,test,2783.32519945952,1.0,1.0,"(5, 2)",66a92e2b14da1ebeb591920c
56.0,56.0,6000,test,2783.32519945952,1.0,1.0,"(5, 2)",66a92e2b14da1ebeb591920c
56.0,56.0,6001,test,2783.32519945952,1.0,1.0,"(5, 2)",66a92e2b14da1ebeb591920c
56.0,56.0,6002,test,2783.32519945952,1.0,1.0,"(5, 2)",66a92e2b14da1ebeb591920c
56.0,56.0,6003,test,2783.32519945952,1.0,1.0,"(5, 2)",66a92e2b14da1ebeb591920c
56.0,56.0,6004,test,2783.32519945952,1.0,1.0,"(5, 2)",66a92e2b14da1ebeb591920c
56.0,56.0,6005,test,2783.32519945952,1.0,1.0,"(5, 2)",66a92e2b14da1ebeb591920c
56.0,56.0,6006,test,2783.32519945952,1.0,1.0,"(5, 2)",66a92e2b14da1ebeb591920c
56.0,56.0,6007,test,2783.32519945952,1.0,1.0,"(5, 2)",66a92e2b14da1ebeb591920c
56.0,56.0,6008,test,2783.32519945952,1.0,1.0,"(5, 2)",66a92e2b14da1ebeb591920c
56.0,56.0,6009,test,2783.32519945952,1.0,1.0,"(5, 2)",66a92e2b14da1ebeb591920c
56.0,56.0,6010,test,2783.32519945952,1.0,1.0,"(5, 2)",66a92e2b14da1ebeb591920c
56.0,56.0,6011,test,2783.32519945952,1.0,1.0,"(5, 2)",66a92e2b14da1ebeb591920c
56.0,56.0,6012,test,2783.32519945952,1.0,1.0,"(5, 2)",66a92e2b14da1ebeb591920c
56.0,56.0,6013,test,2783.32519945952,1.0,1.0,"(5, 2)",66a92e2b14da1ebeb591920c
56.0,56.0,6014,test,2783.32519945952,1.0,1.0,"(5, 2)",66a92e2b14da1ebeb591920c
56.0,56.0,6015,test,2783.32519945952,1.0,1.0,"(5, 2)",66a92e2b14da1ebeb591920c
56.0,56.0,6016,test,2783.32519945952,1.0,1.0,"(5, 2)",66a92e2b14da1ebeb591920c
56.0,56.0,6017,test,2783.32519945952,1.0,1.0,"(5, 2)",66a92e2b14da1ebeb591920c
56.0,56.0,6018,test,2783.32519945952,1.0,1.0,"(5, 2)",66a92e2b14da1ebeb591920c
56.0,56.0,6019,test,2783.32519945952,1.0,1.0,"(5, 2)",66a92e2b14da1ebeb591920c
56.0,56.0,6020,test,2783.32519945952,1.0,1.0,"(5, 2)",66a92e2b14da1ebeb591920c
56.0,56.0,6021,test,2783.32519945952,1.0,1.0,"(5, 2)",66a92e2b14da1ebeb591920c
56.0,56.0,6022,test,2783.32519945952,1.0,1.0,"(5, 2)",66a92e2b14da1ebeb591920c
56.0,56.0,6023,test,2783.32519945952,1.0,1.0,"(5, 2)",66a92e2b14da1ebeb591920c
56.0,56.0,6024,test,2783.32519945952,1.0,1.0,"(5, 2)",66a92e2b14da1ebeb591920c
56.0,56.0,6025,test,2783.32519945952,1.0,1.0,"(5, 2)",66a92e2b14da1ebeb591920c
56.0,56.0,6026,test,2783.32519945952,1.0,1.0,"(5, 2)",66a92e2b14da1ebeb591920c
56.0,56.0,6027,test,2783.32519945952,1.0,1.0,"(5, 2)",66a92e2b14da1ebeb591920c
56.0,56.0,6028,test,2783.32519945952,1.0,1.0,"(5, 2)",66a92e2b14da1ebeb591920c
56.0,56.0,6029,test,2783.32519945952,1.0,1.0,"(5, 2)",66a92e2b14da1ebeb591920c
56.0,56.0,6030,test,2783.32519945952,1.0,1.0,"(5, 2)",66a92e2b14da1ebeb591920c
56.0,56.0,6031,test,2783.32519945952,1.0,1.0,"(5, 2)",66a92e2b14da1ebeb591920c
56.0,56.0,6032,test,2783.32519945952,1.0,1.0,"(5, 2)",66a92e2b14da1ebeb591920c
56.0,56.0,6033,test,2783.32519945952,1.0,1.0,"(5, 2)",66a92e2b14da1ebeb591920c
56.0,56.0,6034,test,2783.32519945952,1.0,1.0,"(5, 2)",66a92e2b14da1ebeb591920c
56.0,56.0,6035,test,2783.32519945952,1.0,1.0,"(5, 2)",66a92e2b14da1ebeb591920c
56.0,56.0,6036,test,2783.32519945952,1.0,1.0,"(5, 2)",66a92e2b14da1ebeb591920c
56.0,56.0,6037,test,2783.32519945952,1.0,1.0,"(5, 2)",66a92e2b14da1ebeb591920c
56.0,56.0,6038,test,2783.32519945952,1.0,1.0,"(5, 2)",66a92e2b14da1ebeb591920c
56.0,56.0,6039,test,2783.32519945952,1.0,1.0,"(5, 2)",66a92e2b14da1ebeb591920c
56.0,56.0,6040,test,2783.32519945952,1.0,1.0,"(5, 2)",66a92e2b14da1ebeb591920c
56.0,56.0,6041,test,2783.32519945952,1.0,1.0,"(5, 2)",66a92e2b14da1ebeb591920c
56.0,56.0,6042,test,2783.32519945952,1.0,1.0,"(5, 2)",66a92e2b14da1ebeb591920c
56.0,56.0,6043,test,2783.32519945952,1.0,1.0,"(5, 2)",66a92e2b14da1ebeb591920c
56.0,56.0,6044,test,2783.32519945952,1.0,1.0,"(5, 2)",66a92e2b14da1ebeb591920c
56.0,56.0,6045,test,2783.32519945952,1.0,1.0,"(5, 2)",66a92e2b14da1ebeb591920c
56.0,56.0,6046,test,2783.32519945952,1.0,1.0,"(5, 2)",66a92e2b14da1ebeb591920c
56.0,56.0,6047,test,2783.32519945952,1.0,1.0,"(5, 2)",66a92e2b14da1ebeb591920c
56.0,56.0,6048,test,2783.32519945952,1.0,1.0,"(5, 2)",66a92e2b14da1ebeb591920c
56.0,56.0,6049,test,2783.32519945952,1.0,1.0,"(5, 2)",66a92e2b14da1ebeb591920c
56.0,56.0,6050,test,2783.32519945952,1.0,1.0,"(5, 2)",66a92e2b14da1ebeb591920c
56.0,56.0,6051,test,2783.32519945952,1.0,1.0,"(5, 2)",66a92e2b14da1ebeb591920c
56.0,56.0,6052,test,2783.32519945952,1.0,1.0,"(5, 2)",66a92e2b14da1ebeb591920c
56.0,56.0,6053,test,2783.32519945952,1.0,1.0,"(5, 2)",66a92e2b14da1ebeb591920c
56.0,54.749999999999716,6054,test,2784.5751994595203,1.0,1.0,"(5, 2)",66a92e2b14da1ebeb591920c
56.0,53.49999999999943,6055,test,2785.8251994595207,1.0,1.0,"(5, 2)",66a92e2b14da1ebeb591920c
56.0,52.24999999999915,6056,test,2787.075199459521,1.0,1.0,"(5, 2)",66a92e2b14da1ebeb591920c
56.0,50.99999999999886,6057,test,2788.3251994595216,1.0,1.0,"(5, 2)",66a92e2b14da1ebeb591920c
56.0,49.74999999999858,6058,test,2789.575199459522,1.0,1.0,"(5, 2)",66a92e2b14da1ebeb591920c
56.0,48.499999999998295,6059,test,2790.8251994595225,1.0,1.0,"(5, 2)",66a92e2b14da1ebeb591920c
56.0,47.24999999999801,6060,test,2792.075199459523,1.0,1.0,"(5, 2)",66a92e2b14da1ebeb591920c
56.0,45.999999999997726,6061,test,2793.3251994595234,1.0,1.0,"(5, 2)",66a92e2b14da1ebeb591920c
56.0,44.74999999999744,6062,test,2794.575199459524,1.0,1.0,"(5, 2)",66a92e2b14da1ebeb591920c
56.0,43.49999999999716,6063,test,2795.8251994595244,1.0,1.0,"(5, 2)",66a92e2b14da1ebeb591920c
56.0,42.249999999996874,6064,test,2797.075199459525,1.0,1.0,"(5, 2)",66a92e2b14da1ebeb591920c
56.0,40.99999999999659,6065,test,2798.3251994595253,1.0,1.0,"(5, 2)",66a92e2b14da1ebeb591920c
55.68378443342246,39.8798317388366,6066,test,2799.4891449985676,1.0,1.0,"(5, 2)",66a92e2b14da1ebeb591920c
54.80540785959596,38.990475457837135,6067,test,2800.7391449985676,1.0,1.0,"(5, 2)",66a92e2b14da1ebeb591920c
53.92703128576946,38.10111917683767,6068,test,2801.9891449985676,1.0,1.0,"(5, 2)",66a92e2b14da1ebeb591920c
53.04865471194296,37.211762895838206,6069,test,2803.2391449985676,1.0,1.0,"(5, 2)",66a92e2b14da1ebeb591920c
52.17027813811646,36.32240661483874,6070,test,2804.4891449985676,1.0,1.0,"(5, 2)",66a92e2b14da1ebeb591920c
51.29190156428996,35.433050333839276,6071,test,2805.7391449985676,1.0,1.0,"(5, 2)",66a92e2b14da1ebeb591920c
50.41352499046346,34.543694052839896,6072,test,2806.9891449985676,1.0,1.0,"(5, 2)",66a92e2b14da1ebeb591920c
49.53514841663696,33.654337771840936,6073,test,2808.2391449985676,1.0,1.0,"(5, 2)",66a92e2b14da1ebeb591920c
48.65677184281046,32.76498149084197,6074,test,2809.4891449985676,1.0,1.0,"(5, 2)",66a92e2b14da1ebeb591920c
47.77839526898396,31.875625209842987,6075,test,2810.7391449985676,1.0,1.0,"(5, 2)",66a92e2b14da1ebeb591920c
46.900018695157456,30.986268928843877,6076,test,2811.9891449985676,1.0,1.0,"(5, 2)",66a92e2b14da1ebeb591920c
46.021642121330956,30.096912647844768,6077,test,2813.2391449985676,1.0,1.0,"(5, 2)",66a92e2b14da1ebeb591920c
45.143265547504456,29.207556366845658,6078,test,2814.4891449985676,1.0,1.0,"(5, 2)",66a92e2b14da1ebeb591920c
44.264888973677955,28.31820008584655,6079,test,2815.7391449985676,1.0,1.0,"(5, 2)",66a92e2b14da1ebeb591920c
43.386512399851455,27.42884380484744,6080,test,2816.9891449985676,1.0,1.0,"(5, 2)",66a92e2b14da1ebeb591920c
42.508135826024954,26.53948752384833,6081,test,2818.2391449985676,1.0,1.0,"(5, 2)",66a92e2b14da1ebeb591920c
41.629759252198454,25.650131242849476,6082,test,2819.489144998567,1.0,1.0,"(5, 2)",66a92e2b14da1ebeb591920c
40.75138267837175,24.76077496185072,6083,test,2820.739144998567,1.0,1.0,"(5, 2)",66a92e2b14da1ebeb591920c
39.73925317882805,24.186261912236056,6084,test,2821.902962582222,1.0,1.0,"(5, 2)",66a92e2b14da1ebeb591920c
38.489340700231935,24.17147016285977,6085,test,2823.152962582222,1.0,1.0,"(5, 2)",66a92e2b14da1ebeb591920c
37.23942822163582,24.156678413483483,6086,test,2824.402962582222,1.0,1.0,"(5, 2)",66a92e2b14da1ebeb591920c
35.9895157430397,24.141886664107197,6087,test,2825.652962582222,1.0,1.0,"(5, 2)",66a92e2b14da1ebeb591920c
34.73960326444359,24.12709491473091,6088,test,2826.902962582222,1.0,1.0,"(5, 2)",66a92e2b14da1ebeb591920c
33.48969078584747,24.112303165354625,6089,test,2828.152962582222,1.0,1.0,"(5, 2)",66a92e2b14da1ebeb591920c
32.239778307251356,24.09751141597834,6090,test,2829.402962582222,1.0,1.0,"(5, 2)",66a92e2b14da1ebeb591920c
30.98986582865524,24.082719666602053,6091,test,2830.652962582222,1.0,1.0,"(5, 2)",66a92e2b14da1ebeb591920c
29.739953350059125,24.067927917225767,6092,test,2831.902962582222,1.0,1.0,"(5, 2)",66a92e2b14da1ebeb591920c
28.49004087146301,24.05313616784948,6093,test,2833.152962582222,1.0,1.0,"(5, 2)",66a92e2b14da1ebeb591920c
27.240128392866893,24.038344418473194,6094,test,2834.402962582222,1.0,1.0,"(5, 2)",66a92e2b14da1ebeb591920c
25.990215914270777,24.023552669096908,6095,test,2835.652962582222,1.0,1.0,"(5, 2)",66a92e2b14da1ebeb591920c
24.74030343567466,24.008760919720622,6096,test,2836.902962582222,1.0,1.0,"(5, 2)",66a92e2b14da1ebeb591920c
24.0,24.0,6097,test,2837.6433178554425,1.0,1.0,"(5, 2)",66a92e2b14da1ebeb591920c
24.0,24.0,6098,test,2837.6433178554425,1.0,1.0,"(5, 2)",66a92e2b14da1ebeb591920c
24.0,24.0,6099,test,2837.6433178554425,1.0,1.0,"(5, 2)",66a92e2b14da1ebeb591920c
24.0,24.0,6100,test,2837.6433178554425,1.0,1.0,"(5, 2)",66a92e2b14da1ebeb591920c
24.0,24.0,6101,test,2837.6433178554425,1.0,1.0,"(5, 2)",66a92e2b14da1ebeb591920c
24.0,24.0,6102,test,2837.6433178554425,1.0,1.0,"(5, 2)",66a92e2b14da1ebeb591920c
24.0,24.0,6103,test,2837.6433178554425,1.0,1.0,"(5, 2)",66a92e2b14da1ebeb591920c
24.0,24.0,6104,test,2837.6433178554425,1.0,1.0,"(5, 2)",66a92e2b14da1ebeb591920c
24.0,24.0,6105,test,2837.6433178554425,1.0,1.0,"(5, 2)",66a92e2b14da1ebeb591920c
24.0,24.0,6106,test,2837.6433178554425,1.0,1.0,"(5, 2)",66a92e2b14da1ebeb591920c
24.0,24.0,6107,test,2837.6433178554425,1.0,1.0,"(5, 2)",66a92e2b14da1ebeb591920c
24.0,24.0,6108,test,2837.6433178554425,1.0,1.0,"(5, 2)",66a92e2b14da1ebeb591920c
24.0,24.0,6109,test,2837.6433178554425,1.0,1.0,"(5, 2)",66a92e2b14da1ebeb591920c
24.0,24.0,6110,test,2837.6433178554425,1.0,1.0,"(5, 2)",66a92e2b14da1ebeb591920c
24.0,24.0,6111,test,2837.6433178554425,1.0,1.0,"(5, 2)",66a92e2b14da1ebeb591920c
24.0,24.0,6112,test,2837.6433178554425,1.0,1.0,"(5, 2)",66a92e2b14da1ebeb591920c
24.0,24.0,6113,test,2837.6433178554425,1.0,1.0,"(5, 2)",66a92e2b14da1ebeb591920c
24.0,24.0,6114,test,2837.6433178554425,1.0,1.0,"(5, 2)",66a92e2b14da1ebeb591920c
24.0,24.0,6115,test,2837.6433178554425,1.0,1.0,"(5, 2)",66a92e2b14da1ebeb591920c
24.0,24.0,6116,test,2837.6433178554425,1.0,1.0,"(5, 2)",66a92e2b14da1ebeb591920c
24.0,24.0,6117,test,2837.6433178554425,1.0,1.0,"(5, 2)",66a92e2b14da1ebeb591920c
24.0,24.0,6118,test,2837.6433178554425,1.0,1.0,"(5, 2)",66a92e2b14da1ebeb591920c
24.0,24.0,6119,test,2837.6433178554425,1.0,1.0,"(5, 2)",66a92e2b14da1ebeb591920c
24.0,24.0,6120,test,2837.6433178554425,1.0,1.0,"(5, 2)",66a92e2b14da1ebeb591920c
24.0,24.0,6121,test,2837.6433178554425,1.0,1.0,"(5, 2)",66a92e2b14da1ebeb591920c
24.0,24.0,6122,test,2837.6433178554425,1.0,1.0,"(5, 2)",66a92e2b14da1ebeb591920c
24.0,24.0,6123,test,2837.6433178554425,1.0,1.0,"(5, 2)",66a92e2b14da1ebeb591920c
24.0,24.0,6124,test,2837.6433178554425,1.0,1.0,"(5, 2)",66a92e2b14da1ebeb591920c
24.0,24.0,6125,test,2837.6433178554425,1.0,1.0,"(5, 2)",66a92e2b14da1ebeb591920c
24.0,24.0,6126,test,2837.6433178554425,1.0,1.0,"(5, 2)",66a92e2b14da1ebeb591920c
24.0,24.0,6127,test,2837.6433178554425,1.0,1.0,"(5, 2)",66a92e2b14da1ebeb591920c
24.0,24.0,6128,test,2837.6433178554425,1.0,1.0,"(5, 2)",66a92e2b14da1ebeb591920c
24.0,24.0,6129,test,2837.6433178554425,1.0,1.0,"(5, 2)",66a92e2b14da1ebeb591920c
24.0,24.0,6130,test,2837.6433178554425,1.0,1.0,"(5, 2)",66a92e2b14da1ebeb591920c
24.0,24.0,6131,test,2837.6433178554425,1.0,1.0,"(5, 2)",66a92e2b14da1ebeb591920c
24.0,24.0,6132,test,2837.6433178554425,1.0,1.0,"(5, 2)",66a92e2b14da1ebeb591920c
24.0,24.0,6133,test,2837.6433178554425,1.0,1.0,"(5, 2)",66a92e2b14da1ebeb591920c
24.0,24.0,6134,test,2837.6433178554425,1.0,1.0,"(5, 2)",66a92e2b14da1ebeb591920c
24.0,24.0,6135,test,2837.6433178554425,1.0,1.0,"(5, 2)",66a92e2b14da1ebeb591920c
24.0,24.0,6136,test,2837.6433178554425,1.0,1.0,"(5, 2)",66a92e2b14da1ebeb591920c
24.0,24.0,6137,test,2837.6433178554425,1.0,1.0,"(5, 2)",66a92e2b14da1ebeb591920c
24.0,24.0,6138,test,2837.6433178554425,1.0,1.0,"(5, 2)",66a92e2b14da1ebeb591920c
24.0,24.0,6139,test,2837.6433178554425,1.0,1.0,"(5, 2)",66a92e2b14da1ebeb591920c
24.0,24.0,6140,test,2837.6433178554425,1.0,1.0,"(5, 2)",66a92e2b14da1ebeb591920c
24.0,24.0,6141,test,2837.6433178554425,1.0,1.0,"(5, 2)",66a92e2b14da1ebeb591920c
24.0,24.0,6142,test,2837.6433178554425,1.0,1.0,"(5, 2)",66a92e2b14da1ebeb591920c
24.0,24.0,6143,test,2837.6433178554425,1.0,1.0,"(5, 2)",66a92e2b14da1ebeb591920c
24.0,24.0,6144,test,2837.6433178554425,1.0,1.0,"(5, 2)",66a92e2b14da1ebeb591920c
24.0,24.0,6145,test,2837.6433178554425,1.0,1.0,"(5, 2)",66a92e2b14da1ebeb591920c
24.0,24.0,6146,test,2837.6433178554425,1.0,1.0,"(5, 2)",66a92e2b14da1ebeb591920c
24.0,24.0,6147,test,2837.6433178554425,1.0,1.0,"(5, 2)",66a92e2b14da1ebeb591920c
24.0,24.0,6148,test,2837.6433178554425,1.0,1.0,"(5, 2)",66a92e2b14da1ebeb591920c
24.0,24.0,6149,test,2837.6433178554425,1.0,1.0,"(5, 2)",66a92e2b14da1ebeb591920c
24.0,24.0,6150,test,2837.6433178554425,1.0,1.0,"(5, 2)",66a92e2b14da1ebeb591920c
24.0,24.0,6151,test,2837.6433178554425,1.0,1.0,"(5, 2)",66a92e2b14da1ebeb591920c
24.0,24.0,6152,test,2837.6433178554425,1.0,1.0,"(5, 2)",66a92e2b14da1ebeb591920c
24.0,24.0,6153,test,2837.6433178554425,1.0,1.0,"(5, 2)",66a92e2b14da1ebeb591920c
24.0,24.0,6154,test,2837.6433178554425,1.0,1.0,"(5, 2)",66a92e2b14da1ebeb591920c
24.0,24.0,6155,test,2837.6433178554425,1.0,1.0,"(5, 2)",66a92e2b14da1ebeb591920c
24.0,24.0,6156,test,2837.6433178554425,1.0,1.0,"(5, 2)",66a92e2b14da1ebeb591920c
24.0,24.0,6157,test,2837.6433178554425,1.0,1.0,"(5, 2)",66a92e2b14da1ebeb591920c
24.0,24.0,6158,test,2837.6433178554425,1.0,1.0,"(5, 2)",66a92e2b14da1ebeb591920c
24.0,24.0,6159,test,2837.6433178554425,1.0,1.0,"(5, 2)",66a92e2b14da1ebeb591920c
24.0,24.0,6160,test,2837.6433178554425,1.0,1.0,"(5, 2)",66a92e2b14da1ebeb591920c
24.0,24.0,6161,test,2837.6433178554425,1.0,1.0,"(5, 2)",66a92e2b14da1ebeb591920c
24.0,24.0,6162,test,2837.6433178554425,1.0,1.0,"(5, 2)",66a92e2b14da1ebeb591920c
24.0,24.0,6163,test,2837.6433178554425,1.0,1.0,"(5, 2)",66a92e2b14da1ebeb591920c
24.0,24.0,6164,test,2837.6433178554425,1.0,1.0,"(5, 2)",66a92e2b14da1ebeb591920c
24.0,24.0,6165,test,2837.6433178554425,1.0,1.0,"(5, 2)",66a92e2b14da1ebeb591920c
24.0,24.0,6166,test,2837.6433178554425,1.0,1.0,"(5, 2)",66a92e2b14da1ebeb591920c
24.0,24.0,6167,test,2837.6433178554425,1.0,1.0,"(5, 2)",66a92e2b14da1ebeb591920c
24.0,24.0,6168,test,2837.6433178554425,1.0,1.0,"(5, 2)",66a92e2b14da1ebeb591920c
24.0,24.0,6169,test,2837.6433178554425,1.0,1.0,"(5, 2)",66a92e2b14da1ebeb591920c
24.0,24.0,6170,test,2837.6433178554425,1.0,1.0,"(5, 2)",66a92e2b14da1ebeb591920c
24.0,24.0,6171,test,2837.6433178554425,1.0,1.0,"(5, 2)",66a92e2b14da1ebeb591920c
24.0,24.0,6172,test,2837.6433178554425,1.0,1.0,"(5, 2)",66a92e2b14da1ebeb591920c
24.0,24.0,6173,test,2837.6433178554425,1.0,1.0,"(5, 2)",66a92e2b14da1ebeb591920c
24.0,24.0,6174,test,2837.6433178554425,1.0,1.0,"(5, 2)",66a92e2b14da1ebeb591920c
24.0,24.0,6175,test,2837.6433178554425,1.0,1.0,"(5, 2)",66a92e2b14da1ebeb591920c
24.0,24.0,6176,test,2837.6433178554425,1.0,1.0,"(5, 2)",66a92e2b14da1ebeb591920c
24.0,24.0,6177,test,2837.6433178554425,1.0,1.0,"(5, 2)",66a92e2b14da1ebeb591920c
24.0,24.0,6178,test,2837.6433178554425,1.0,1.0,"(5, 2)",66a92e2b14da1ebeb591920c
24.0,24.0,6179,test,2837.6433178554425,1.0,1.0,"(5, 2)",66a92e2b14da1ebeb591920c
24.0,24.0,6180,test,2837.6433178554425,1.0,1.0,"(5, 2)",66a92e2b14da1ebeb591920c
24.0,24.0,6181,test,2837.6433178554425,1.0,1.0,"(5, 2)",66a92e2b14da1ebeb591920c
24.0,24.0,6182,test,2837.6433178554425,1.0,1.0,"(5, 2)",66a92e2b14da1ebeb591920c
24.0,24.0,6183,test,2837.6433178554425,1.0,1.0,"(5, 2)",66a92e2b14da1ebeb591920c
24.0,24.0,6184,test,2837.6433178554425,1.0,1.0,"(5, 2)",66a92e2b14da1ebeb591920c
24.0,24.0,6185,test,2837.6433178554425,1.0,1.0,"(5, 2)",66a92e2b14da1ebeb591920c
24.0,24.0,6186,test,2837.6433178554425,1.0,1.0,"(5, 2)",66a92e2b14da1ebeb591920c
24.0,24.0,6187,test,2837.6433178554425,1.0,1.0,"(5, 2)",66a92e2b14da1ebeb591920c
24.0,24.0,6188,test,2837.6433178554425,1.0,1.0,"(5, 2)",66a92e2b14da1ebeb591920c
24.0,24.0,6189,test,2837.6433178554425,1.0,1.0,"(5, 2)",66a92e2b14da1ebeb591920c
24.0,24.0,6190,test,2837.6433178554425,1.0,1.0,"(5, 2)",66a92e2b14da1ebeb591920c
24.0,24.0,6191,test,2837.6433178554425,1.0,1.0,"(5, 2)",66a92e2b14da1ebeb591920c
24.0,24.0,6192,test,2837.6433178554425,1.0,1.0,"(5, 2)",66a92e2b14da1ebeb591920c
24.0,24.0,6193,test,2837.6433178554425,1.0,1.0,"(5, 2)",66a92e2b14da1ebeb591920c
24.0,24.0,6194,test,2837.6433178554425,1.0,1.0,"(5, 2)",66a92e2b14da1ebeb591920c
24.0,24.0,6195,test,2837.6433178554425,1.0,1.0,"(5, 2)",66a92e2b14da1ebeb591920c
24.0,24.0,6196,test,2837.6433178554425,1.0,1.0,"(5, 2)",66a92e2b14da1ebeb591920c
24.0,24.0,6197,test,2837.6433178554425,1.0,1.0,"(5, 2)",66a92e2b14da1ebeb591920c
24.0,24.0,6198,test,2837.6433178554425,1.0,1.0,"(5, 2)",66a92e2b14da1ebeb591920c
24.0,24.0,6199,test,2837.6433178554425,1.0,1.0,"(5, 2)",66a92e2b14da1ebeb591920c
24.0,24.0,6200,test,2837.6433178554425,1.0,1.0,"(5, 2)",66a92e2b14da1ebeb591920c
24.0,24.0,6201,test,2837.6433178554425,1.0,1.0,"(5, 2)",66a92e2b14da1ebeb591920c
24.0,24.0,6202,test,2837.6433178554425,1.0,1.0,"(5, 2)",66a92e2b14da1ebeb591920c
24.0,24.0,6203,test,2837.6433178554425,1.0,1.0,"(5, 2)",66a92e2b14da1ebeb591920c
24.0,24.0,6204,test,2837.6433178554425,1.0,1.0,"(5, 2)",66a92e2b14da1ebeb591920c
25.24999999999993,24.0,6205,test,2838.8933178554425,1.0,1.0,"(5, 2)",66a92e2b14da1ebeb591920c
26.499999999999858,24.0,6206,test,2840.1433178554425,1.0,1.0,"(5, 2)",66a92e2b14da1ebeb591920c
27.749999999999787,24.0,6207,test,2841.3933178554425,1.0,1.0,"(5, 2)",66a92e2b14da1ebeb591920c
28.999999999999716,24.0,6208,test,2842.6433178554425,1.0,1.0,"(5, 2)",66a92e2b14da1ebeb591920c
30.249999999999645,24.0,6209,test,2843.8933178554425,1.0,1.0,"(5, 2)",66a92e2b14da1ebeb591920c
31.499999999999574,24.0,6210,test,2845.1433178554425,1.0,1.0,"(5, 2)",66a92e2b14da1ebeb591920c
32.749999999999716,24.0,6211,test,2846.3933178554425,1.0,1.0,"(5, 2)",66a92e2b14da1ebeb591920c
34.0,24.0,6212,test,2847.643317855443,1.0,1.0,"(5, 2)",66a92e2b14da1ebeb591920c
35.250000000000284,24.0,6213,test,2848.8933178554435,1.0,1.0,"(5, 2)",66a92e2b14da1ebeb591920c
36.50000000000057,24.0,6214,test,2850.143317855444,1.0,1.0,"(5, 2)",66a92e2b14da1ebeb591920c
37.75000000000085,24.0,6215,test,2851.3933178554444,1.0,1.0,"(5, 2)",66a92e2b14da1ebeb591920c
39.00000000000114,24.0,6216,test,2852.643317855445,1.0,1.0,"(5, 2)",66a92e2b14da1ebeb591920c
40.0,24.0,6217,test,2853.6433178554435,1.0,1.0,"(5, 2)",66a92e2b14da1ebeb591920c
40.0,24.0,6218,test,2853.6433178554435,1.0,1.0,"(5, 2)",66a92e2b14da1ebeb591920c
40.0,24.0,6219,test,2853.6433178554435,1.0,1.0,"(5, 2)",66a92e2b14da1ebeb591920c
40.0,24.0,6220,test,2853.6433178554435,1.0,1.0,"(5, 2)",66a92e2b14da1ebeb591920c
40.0,24.0,6221,test,2853.6433178554435,1.0,1.0,"(5, 2)",66a92e2b14da1ebeb591920c
40.0,24.0,6222,test,2853.6433178554435,1.0,1.0,"(5, 2)",66a92e2b14da1ebeb591920c
40.0,24.0,6223,test,2853.6433178554435,1.0,1.0,"(5, 2)",66a92e2b14da1ebeb591920c
40.0,24.0,6224,test,2853.6433178554435,1.0,1.0,"(5, 2)",66a92e2b14da1ebeb591920c
40.0,24.0,6225,test,2853.6433178554435,1.0,1.0,"(5, 2)",66a92e2b14da1ebeb591920c
40.0,24.0,6226,test,2853.6433178554435,1.0,1.0,"(5, 2)",66a92e2b14da1ebeb591920c
40.0,24.0,6227,test,2853.6433178554435,1.0,1.0,"(5, 2)",66a92e2b14da1ebeb591920c
40.0,24.0,6228,test,2853.6433178554435,1.0,1.0,"(5, 2)",66a92e2b14da1ebeb591920c
40.0,24.0,6229,test,2853.6433178554435,1.0,1.0,"(5, 2)",66a92e2b14da1ebeb591920c
40.0,24.0,6230,test,2853.6433178554435,1.0,1.0,"(5, 2)",66a92e2b14da1ebeb591920c
40.0,24.0,6231,test,2853.6433178554435,1.0,1.0,"(5, 2)",66a92e2b14da1ebeb591920c
40.0,24.0,6232,test,2853.6433178554435,1.0,1.0,"(5, 2)",66a92e2b14da1ebeb591920c
40.0,24.0,6233,test,2853.6433178554435,1.0,1.0,"(5, 2)",66a92e2b14da1ebeb591920c
40.0,24.0,6234,test,2853.6433178554435,1.0,1.0,"(5, 2)",66a92e2b14da1ebeb591920c
40.0,24.0,6235,test,2853.6433178554435,1.0,1.0,"(5, 2)",66a92e2b14da1ebeb591920c
40.0,24.0,6236,test,2853.6433178554435,1.0,1.0,"(5, 2)",66a92e2b14da1ebeb591920c
40.0,24.0,6237,test,2853.6433178554435,1.0,1.0,"(5, 2)",66a92e2b14da1ebeb591920c
40.0,24.0,6238,test,2853.6433178554435,1.0,1.0,"(5, 2)",66a92e2b14da1ebeb591920c
40.0,24.0,6239,test,2853.6433178554435,1.0,1.0,"(5, 2)",66a92e2b14da1ebeb591920c
40.0,24.0,6240,test,2853.6433178554435,1.0,1.0,"(5, 2)",66a92e2b14da1ebeb591920c
40.0,24.0,6241,test,2853.6433178554435,1.0,1.0,"(5, 2)",66a92e2b14da1ebeb591920c
40.0,24.0,6242,test,2853.6433178554435,1.0,1.0,"(5, 2)",66a92e2b14da1ebeb591920c
40.0,24.0,6243,test,2853.6433178554435,1.0,1.0,"(5, 2)",66a92e2b14da1ebeb591920c
40.0,24.0,6244,test,2853.6433178554435,1.0,1.0,"(5, 2)",66a92e2b14da1ebeb591920c
40.0,24.0,6245,test,2853.6433178554435,1.0,1.0,"(5, 2)",66a92e2b14da1ebeb591920c
40.0,24.0,6246,test,2853.6433178554435,1.0,1.0,"(5, 2)",66a92e2b14da1ebeb591920c
40.0,24.0,6247,test,2853.6433178554435,1.0,1.0,"(5, 2)",66a92e2b14da1ebeb591920c
40.0,24.0,6248,test,2853.6433178554435,1.0,1.0,"(5, 2)",66a92e2b14da1ebeb591920c
40.0,24.0,6249,test,2853.6433178554435,1.0,1.0,"(5, 2)",66a92e2b14da1ebeb591920c
40.0,24.0,6250,test,2853.6433178554435,1.0,1.0,"(5, 2)",66a92e2b14da1ebeb591920c
40.0,24.0,6251,test,2853.6433178554435,1.0,1.0,"(5, 2)",66a92e2b14da1ebeb591920c
40.0,24.0,6252,test,2853.6433178554435,1.0,1.0,"(5, 2)",66a92e2b14da1ebeb591920c
40.0,24.0,6253,test,2853.6433178554435,1.0,1.0,"(5, 2)",66a92e2b14da1ebeb591920c
40.0,24.0,6254,test,2853.6433178554435,1.0,1.0,"(5, 2)",66a92e2b14da1ebeb591920c
40.0,24.0,6255,test,2853.6433178554435,1.0,1.0,"(5, 2)",66a92e2b14da1ebeb591920c
40.0,24.0,6256,test,2853.6433178554435,1.0,1.0,"(5, 2)",66a92e2b14da1ebeb591920c
40.0,24.0,6257,test,2853.6433178554435,1.0,1.0,"(5, 2)",66a92e2b14da1ebeb591920c
40.0,24.0,6258,test,2853.6433178554435,1.0,1.0,"(5, 2)",66a92e2b14da1ebeb591920c
40.0,24.0,6259,test,2853.6433178554435,1.0,1.0,"(5, 2)",66a92e2b14da1ebeb591920c
40.0,24.0,6260,test,2853.6433178554435,1.0,1.0,"(5, 2)",66a92e2b14da1ebeb591920c
40.0,24.0,6261,test,2853.6433178554435,1.0,1.0,"(5, 2)",66a92e2b14da1ebeb591920c
40.0,24.0,6262,test,2853.6433178554435,1.0,1.0,"(5, 2)",66a92e2b14da1ebeb591920c
40.0,24.0,6263,test,2853.6433178554435,1.0,1.0,"(5, 2)",66a92e2b14da1ebeb591920c
40.0,24.0,6264,test,2853.6433178554435,1.0,1.0,"(5, 2)",66a92e2b14da1ebeb591920c
40.0,24.0,6265,test,2853.6433178554435,1.0,1.0,"(5, 2)",66a92e2b14da1ebeb591920c
40.0,24.0,6266,test,2853.6433178554435,1.0,1.0,"(5, 2)",66a92e2b14da1ebeb591920c
40.0,24.0,6267,test,2853.6433178554435,1.0,1.0,"(5, 2)",66a92e2b14da1ebeb591920c
40.0,24.0,6268,test,2853.6433178554435,1.0,1.0,"(5, 2)",66a92e2b14da1ebeb591920c
40.0,24.0,6269,test,2853.6433178554435,1.0,1.0,"(5, 2)",66a92e2b14da1ebeb591920c
40.0,24.0,6270,test,2853.6433178554435,1.0,1.0,"(5, 2)",66a92e2b14da1ebeb591920c
40.0,24.0,6271,test,2853.6433178554435,1.0,1.0,"(5, 2)",66a92e2b14da1ebeb591920c
40.0,24.0,6272,test,2853.6433178554435,1.0,1.0,"(5, 2)",66a92e2b14da1ebeb591920c
40.0,24.0,6273,test,2853.6433178554435,1.0,1.0,"(5, 2)",66a92e2b14da1ebeb591920c
40.0,24.0,6274,test,2853.6433178554435,1.0,1.0,"(5, 2)",66a92e2b14da1ebeb591920c
40.0,24.0,6275,test,2853.6433178554435,1.0,1.0,"(5, 2)",66a92e2b14da1ebeb591920c
40.0,24.0,6276,test,2853.6433178554435,1.0,1.0,"(5, 2)",66a92e2b14da1ebeb591920c
40.0,24.0,6277,test,2853.6433178554435,1.0,1.0,"(5, 2)",66a92e2b14da1ebeb591920c
40.0,24.0,6278,test,2853.6433178554435,1.0,1.0,"(5, 2)",66a92e2b14da1ebeb591920c
40.0,24.0,6279,test,2853.6433178554435,1.0,1.0,"(5, 2)",66a92e2b14da1ebeb591920c
40.0,24.0,6280,test,2853.6433178554435,1.0,1.0,"(5, 2)",66a92e2b14da1ebeb591920c
40.0,24.0,6281,test,2853.6433178554435,1.0,1.0,"(5, 2)",66a92e2b14da1ebeb591920c
40.0,24.0,6282,test,2853.6433178554435,1.0,1.0,"(5, 2)",66a92e2b14da1ebeb591920c
40.0,24.0,6283,test,2853.6433178554435,1.0,1.0,"(5, 2)",66a92e2b14da1ebeb591920c
40.0,24.0,6284,test,2853.6433178554435,1.0,1.0,"(5, 2)",66a92e2b14da1ebeb591920c
40.0,24.0,6285,test,2853.6433178554435,1.0,1.0,"(5, 2)",66a92e2b14da1ebeb591920c
40.0,24.0,6286,test,2853.6433178554435,1.0,1.0,"(5, 2)",66a92e2b14da1ebeb591920c
40.0,24.0,6287,test,2853.6433178554435,1.0,1.0,"(5, 2)",66a92e2b14da1ebeb591920c
41.250000000000284,24.0,6288,test,2854.893317855444,1.0,1.0,"(5, 2)",66a92e2b14da1ebeb591920c
42.50000000000057,24.0,6289,test,2856.1433178554444,1.0,1.0,"(5, 2)",66a92e2b14da1ebeb591920c
43.75000000000085,24.0,6290,test,2857.393317855445,1.0,1.0,"(5, 2)",66a92e2b14da1ebeb591920c
45.00000000000114,24.0,6291,test,2858.6433178554453,1.0,1.0,"(5, 2)",66a92e2b14da1ebeb591920c
46.25000000000142,24.0,6292,test,2859.8933178554457,1.0,1.0,"(5, 2)",66a92e2b14da1ebeb591920c
47.500000000001705,24.0,6293,test,2861.143317855446,1.0,1.0,"(5, 2)",66a92e2b14da1ebeb591920c
48.75000000000199,24.0,6294,test,2862.3933178554466,1.0,1.0,"(5, 2)",66a92e2b14da1ebeb591920c
50.000000000002274,24.0,6295,test,2863.643317855447,1.0,1.0,"(5, 2)",66a92e2b14da1ebeb591920c
51.25000000000256,24.0,6296,test,2864.8933178554475,1.0,1.0,"(5, 2)",66a92e2b14da1ebeb591920c
52.50000000000284,24.0,6297,test,2866.143317855448,1.0,1.0,"(5, 2)",66a92e2b14da1ebeb591920c
53.750000000003126,24.0,6298,test,2867.3933178554485,1.0,1.0,"(5, 2)",66a92e2b14da1ebeb591920c
55.00000000000341,24.0,6299,test,2868.643317855449,1.0,1.0,"(5, 2)",66a92e2b14da1ebeb591920c
56.250000000003695,24.0,6300,test,2869.8933178554494,1.0,1.0,"(5, 2)",66a92e2b14da1ebeb591920c
57.50000000000398,24.0,6301,test,2871.14331785545,1.0,1.0,"(5, 2)",66a92e2b14da1ebeb591920c
58.75000000000426,24.0,6302,test,2872.3933178554503,1.0,1.0,"(5, 2)",66a92e2b14da1ebeb591920c
60.00000000000455,24.0,6303,test,2873.6433178554507,1.0,1.0,"(5, 2)",66a92e2b14da1ebeb591920c
61.25000000000483,24.0,6304,test,2874.893317855451,1.0,1.0,"(5, 2)",66a92e2b14da1ebeb591920c
62.500000000005116,24.0,6305,test,2876.1433178554516,1.0,1.0,"(5, 2)",66a92e2b14da1ebeb591920c
63.7500000000054,24.0,6306,test,2877.393317855452,1.0,1.0,"(5, 2)",66a92e2b14da1ebeb591920c
65.00000000000568,24.0,6307,test,2878.6433178554526,1.0,1.0,"(5, 2)",66a92e2b14da1ebeb591920c
66.25000000000597,24.0,6308,test,2879.893317855453,1.0,1.0,"(5, 2)",66a92e2b14da1ebeb591920c
67.50000000000625,24.0,6309,test,2881.1433178554535,1.0,1.0,"(5, 2)",66a92e2b14da1ebeb591920c
68.75000000000654,24.0,6310,test,2882.393317855454,1.0,1.0,"(5, 2)",66a92e2b14da1ebeb591920c
70.00000000000682,24.0,6311,test,2883.6433178554544,1.0,1.0,"(5, 2)",66a92e2b14da1ebeb591920c
71.2500000000071,24.0,6312,test,2884.893317855455,1.0,1.0,"(5, 2)",66a92e2b14da1ebeb591920c
72.29803951736653,24.49189088134284,6313,test,2886.0510498922818,1.0,1.0,"(5, 2)",66a92e2b14da1ebeb591920c
73.18739579836529,25.37026745516934,6314,test,2887.3010498922813,1.0,1.0,"(5, 2)",66a92e2b14da1ebeb591920c
74.07675207936404,26.24864402899584,6315,test,2888.551049892281,1.0,1.0,"(5, 2)",66a92e2b14da1ebeb591920c
74.9661083603628,27.12702060282234,6316,test,2889.8010498922804,1.0,1.0,"(5, 2)",66a92e2b14da1ebeb591920c
75.85546464136155,28.00539717664884,6317,test,2891.05104989228,1.0,1.0,"(5, 2)",66a92e2b14da1ebeb591920c
76.7448209223603,28.883773750475342,6318,test,2892.3010498922795,1.0,1.0,"(5, 2)",66a92e2b14da1ebeb591920c
77.63417720335906,29.762150324301842,6319,test,2893.551049892279,1.0,1.0,"(5, 2)",66a92e2b14da1ebeb591920c
78.52353348435781,30.640526898128343,6320,test,2894.8010498922786,1.0,1.0,"(5, 2)",66a92e2b14da1ebeb591920c
79.41288976535657,31.518903471954843,6321,test,2896.051049892278,1.0,1.0,"(5, 2)",66a92e2b14da1ebeb591920c
80.30224604635532,32.39728004578134,6322,test,2897.3010498922777,1.0,1.0,"(5, 2)",66a92e2b14da1ebeb591920c
81.19160232735408,33.275656619607844,6323,test,2898.551049892277,1.0,1.0,"(5, 2)",66a92e2b14da1ebeb591920c
82.08095860835283,34.154033193434344,6324,test,2899.8010498922768,1.0,1.0,"(5, 2)",66a92e2b14da1ebeb591920c
82.97031488935158,35.032409767260845,6325,test,2901.0510498922763,1.0,1.0,"(5, 2)",66a92e2b14da1ebeb591920c
83.85967117035034,35.910786341087345,6326,test,2902.301049892276,1.0,1.0,"(5, 2)",66a92e2b14da1ebeb591920c
84.7490274513491,36.789162914913845,6327,test,2903.5510498922754,1.0,1.0,"(5, 2)",66a92e2b14da1ebeb591920c
85.63838373234866,37.667539488740346,6328,test,2904.8010498922754,1.0,1.0,"(5, 2)",66a92e2b14da1ebeb591920c
86.52774001334835,38.545916062566846,6329,test,2906.051049892276,1.0,1.0,"(5, 2)",66a92e2b14da1ebeb591920c
87.41709629434803,39.424292636393346,6330,test,2907.3010498922763,1.0,1.0,"(5, 2)",66a92e2b14da1ebeb591920c
88.0,40.0,6331,test,2908.120327439005,1.0,1.0,"(5, 2)",66a92e2b14da1ebeb591920c
88.0,40.0,6332,test,2908.120327439005,1.0,1.0,"(5, 2)",66a92e2b14da1ebeb591920c
88.0,40.0,6333,test,2908.120327439005,1.0,1.0,"(5, 2)",66a92e2b14da1ebeb591920c
88.0,40.0,6334,test,2908.120327439005,1.0,1.0,"(5, 2)",66a92e2b14da1ebeb591920c
88.0,40.0,6335,test,2908.120327439005,1.0,1.0,"(5, 2)",66a92e2b14da1ebeb591920c
88.0,40.0,6336,test,2908.120327439005,1.0,1.0,"(5, 2)",66a92e2b14da1ebeb591920c
88.0,40.0,6337,test,2908.120327439005,1.0,1.0,"(5, 2)",66a92e2b14da1ebeb591920c
88.0,40.0,6338,test,2908.120327439005,1.0,1.0,"(5, 2)",66a92e2b14da1ebeb591920c
88.0,40.0,6339,test,2908.120327439005,1.0,1.0,"(5, 2)",66a92e2b14da1ebeb591920c
88.0,40.0,6340,test,2908.120327439005,1.0,1.0,"(5, 2)",66a92e2b14da1ebeb591920c
88.0,40.0,6341,test,2908.120327439005,1.0,1.0,"(5, 2)",66a92e2b14da1ebeb591920c
88.0,40.0,6342,test,2908.120327439005,1.0,1.0,"(5, 2)",66a92e2b14da1ebeb591920c
88.0,40.0,6343,test,2908.120327439005,1.0,1.0,"(5, 2)",66a92e2b14da1ebeb591920c
88.0,40.0,6344,test,2908.120327439005,1.0,1.0,"(5, 2)",66a92e2b14da1ebeb591920c
88.0,40.0,6345,test,2908.120327439005,1.0,1.0,"(5, 2)",66a92e2b14da1ebeb591920c
88.0,40.0,6346,test,2908.120327439005,1.0,1.0,"(5, 2)",66a92e2b14da1ebeb591920c
88.0,40.0,6347,test,2908.120327439005,1.0,1.0,"(5, 2)",66a92e2b14da1ebeb591920c
88.0,40.0,6348,test,2908.120327439005,1.0,1.0,"(5, 2)",66a92e2b14da1ebeb591920c
88.0,40.0,6349,test,2908.120327439005,1.0,1.0,"(5, 2)",66a92e2b14da1ebeb591920c
88.0,40.0,6350,test,2908.120327439005,1.0,1.0,"(5, 2)",66a92e2b14da1ebeb591920c
88.0,40.0,6351,test,2908.120327439005,1.0,1.0,"(5, 2)",66a92e2b14da1ebeb591920c
88.0,40.0,6352,test,2908.120327439005,1.0,1.0,"(5, 2)",66a92e2b14da1ebeb591920c
88.0,40.0,6353,test,2908.120327439005,1.0,1.0,"(5, 2)",66a92e2b14da1ebeb591920c
88.0,40.0,6354,test,2908.120327439005,1.0,1.0,"(5, 2)",66a92e2b14da1ebeb591920c
88.0,40.0,6355,test,2908.120327439005,1.0,1.0,"(5, 2)",66a92e2b14da1ebeb591920c
88.0,40.0,6356,test,2908.120327439005,1.0,1.0,"(5, 2)",66a92e2b14da1ebeb591920c
88.0,40.0,6357,test,2908.120327439005,1.0,1.0,"(5, 2)",66a92e2b14da1ebeb591920c
88.0,40.0,6358,test,2908.120327439005,1.0,1.0,"(5, 2)",66a92e2b14da1ebeb591920c
88.0,40.0,6359,test,2908.120327439005,1.0,1.0,"(5, 2)",66a92e2b14da1ebeb591920c
88.0,40.0,6360,test,2908.120327439005,1.0,1.0,"(5, 2)",66a92e2b14da1ebeb591920c
88.0,40.0,6361,test,2908.120327439005,1.0,1.0,"(5, 2)",66a92e2b14da1ebeb591920c
88.0,40.0,6362,test,2908.120327439005,1.0,1.0,"(5, 2)",66a92e2b14da1ebeb591920c
88.0,40.0,6363,test,2908.120327439005,1.0,1.0,"(5, 2)",66a92e2b14da1ebeb591920c
88.0,40.0,6364,test,2908.120327439005,1.0,1.0,"(5, 2)",66a92e2b14da1ebeb591920c
88.0,40.0,6365,test,2908.120327439005,1.0,1.0,"(5, 2)",66a92e2b14da1ebeb591920c
88.0,40.0,6366,test,2908.120327439005,1.0,1.0,"(5, 2)",66a92e2b14da1ebeb591920c
88.0,40.0,6367,test,2908.120327439005,1.0,1.0,"(5, 2)",66a92e2b14da1ebeb591920c
88.0,40.0,6368,test,2908.120327439005,1.0,1.0,"(5, 2)",66a92e2b14da1ebeb591920c
88.0,40.0,6369,test,2908.120327439005,1.0,1.0,"(5, 2)",66a92e2b14da1ebeb591920c
88.0,40.0,6370,test,2908.120327439005,1.0,1.0,"(5, 2)",66a92e2b14da1ebeb591920c
88.0,40.0,6371,test,2908.120327439005,1.0,1.0,"(5, 2)",66a92e2b14da1ebeb591920c
88.0,40.0,6372,test,2908.120327439005,1.0,1.0,"(5, 2)",66a92e2b14da1ebeb591920c
88.0,40.0,6373,test,2908.120327439005,1.0,1.0,"(5, 2)",66a92e2b14da1ebeb591920c
88.0,40.0,6374,test,2908.120327439005,1.0,1.0,"(5, 2)",66a92e2b14da1ebeb591920c
88.0,40.0,6375,test,2908.120327439005,1.0,1.0,"(5, 2)",66a92e2b14da1ebeb591920c
88.0,40.0,6376,test,2908.120327439005,1.0,1.0,"(5, 2)",66a92e2b14da1ebeb591920c
88.0,40.0,6377,test,2908.120327439005,1.0,1.0,"(5, 2)",66a92e2b14da1ebeb591920c
88.0,40.0,6378,test,2908.120327439005,1.0,1.0,"(5, 2)",66a92e2b14da1ebeb591920c
88.0,40.0,6379,test,2908.120327439005,1.0,1.0,"(5, 2)",66a92e2b14da1ebeb591920c
88.0,40.0,6380,test,2908.120327439005,1.0,1.0,"(5, 2)",66a92e2b14da1ebeb591920c
88.0,40.0,6381,test,2908.120327439005,1.0,1.0,"(5, 2)",66a92e2b14da1ebeb591920c
88.0,40.0,6382,test,2908.120327439005,1.0,1.0,"(5, 2)",66a92e2b14da1ebeb591920c
88.0,40.0,6383,test,2908.120327439005,1.0,1.0,"(5, 2)",66a92e2b14da1ebeb591920c
88.0,40.0,6384,test,2908.120327439005,1.0,1.0,"(5, 2)",66a92e2b14da1ebeb591920c
88.0,40.0,6385,test,2908.120327439005,1.0,1.0,"(5, 2)",66a92e2b14da1ebeb591920c
88.0,40.0,6386,test,2908.120327439005,1.0,1.0,"(5, 2)",66a92e2b14da1ebeb591920c
88.0,40.0,6387,test,2908.120327439005,1.0,1.0,"(5, 2)",66a92e2b14da1ebeb591920c
88.0,40.0,6388,test,2908.120327439005,1.0,1.0,"(5, 2)",66a92e2b14da1ebeb591920c
88.0,40.0,6389,test,2908.120327439005,1.0,1.0,"(5, 2)",66a92e2b14da1ebeb591920c
88.0,40.0,6390,test,2908.120327439005,1.0,1.0,"(5, 2)",66a92e2b14da1ebeb591920c
88.0,40.0,6391,test,2908.120327439005,1.0,1.0,"(5, 2)",66a92e2b14da1ebeb591920c
88.0,40.0,6392,test,2908.120327439005,1.0,1.0,"(5, 2)",66a92e2b14da1ebeb591920c
88.0,40.0,6393,test,2908.120327439005,1.0,1.0,"(5, 2)",66a92e2b14da1ebeb591920c
88.0,40.0,6394,test,2908.120327439005,1.0,1.0,"(5, 2)",66a92e2b14da1ebeb591920c
88.0,40.0,6395,test,2908.120327439005,1.0,1.0,"(5, 2)",66a92e2b14da1ebeb591920c
88.0,40.0,6396,test,2908.120327439005,1.0,1.0,"(5, 2)",66a92e2b14da1ebeb591920c
88.0,40.0,6397,test,2908.120327439005,1.0,1.0,"(5, 2)",66a92e2b14da1ebeb591920c
88.0,40.0,6398,test,2908.120327439005,1.0,1.0,"(5, 2)",66a92e2b14da1ebeb591920c
86.74999999999972,40.0,6399,test,2909.3703274390055,1.0,1.0,"(5, 2)",66a92e2b14da1ebeb591920c
85.49999999999943,40.0,6400,test,2910.620327439006,1.0,1.0,"(5, 2)",66a92e2b14da1ebeb591920c
84.24999999999915,40.0,6401,test,2911.8703274390064,1.0,1.0,"(5, 2)",66a92e2b14da1ebeb591920c
82.99999999999886,40.0,6402,test,2913.120327439007,1.0,1.0,"(5, 2)",66a92e2b14da1ebeb591920c
81.74999999999858,40.0,6403,test,2914.3703274390073,1.0,1.0,"(5, 2)",66a92e2b14da1ebeb591920c
80.4999999999983,40.0,6404,test,2915.6203274390077,1.0,1.0,"(5, 2)",66a92e2b14da1ebeb591920c
79.24999999999801,40.0,6405,test,2916.870327439008,1.0,1.0,"(5, 2)",66a92e2b14da1ebeb591920c
77.99999999999773,40.0,6406,test,2918.1203274390086,1.0,1.0,"(5, 2)",66a92e2b14da1ebeb591920c
76.74999999999744,40.0,6407,test,2919.370327439009,1.0,1.0,"(5, 2)",66a92e2b14da1ebeb591920c
75.49999999999716,40.0,6408,test,2920.6203274390095,1.0,1.0,"(5, 2)",66a92e2b14da1ebeb591920c
74.24999999999687,40.0,6409,test,2921.87032743901,1.0,1.0,"(5, 2)",66a92e2b14da1ebeb591920c
72.99999999999659,40.0,6410,test,2923.1203274390105,1.0,1.0,"(5, 2)",66a92e2b14da1ebeb591920c
71.87983173883686,40.31621556657754,6411,test,2924.2842729780523,1.0,1.0,"(5, 2)",66a92e2b14da1ebeb591920c
70.9904754578381,41.19459214040404,6412,test,2925.534272978052,1.0,1.0,"(5, 2)",66a92e2b14da1ebeb591920c
70.10111917683935,42.07296871423054,6413,test,2926.7842729780514,1.0,1.0,"(5, 2)",66a92e2b14da1ebeb591920c
69.2117628958406,42.95134528805704,6414,test,2928.034272978051,1.0,1.0,"(5, 2)",66a92e2b14da1ebeb591920c
68.32240661484184,43.82972186188354,6415,test,2929.2842729780505,1.0,1.0,"(5, 2)",66a92e2b14da1ebeb591920c
67.43305033384308,44.70809843571004,6416,test,2930.53427297805,1.0,1.0,"(5, 2)",66a92e2b14da1ebeb591920c
66.54369405284433,45.58647500953654,6417,test,2931.7842729780496,1.0,1.0,"(5, 2)",66a92e2b14da1ebeb591920c
65.65433777184558,46.46485158336304,6418,test,2933.034272978049,1.0,1.0,"(5, 2)",66a92e2b14da1ebeb591920c
64.76498149084682,47.34322815718954,6419,test,2934.2842729780486,1.0,1.0,"(5, 2)",66a92e2b14da1ebeb591920c
63.87562520984797,48.22160473101604,6420,test,2935.534272978048,1.0,1.0,"(5, 2)",66a92e2b14da1ebeb591920c
62.9862689288485,49.099981304842544,6421,test,2936.784272978048,1.0,1.0,"(5, 2)",66a92e2b14da1ebeb591920c
62.09691264784904,49.978357878669044,6422,test,2938.034272978048,1.0,1.0,"(5, 2)",66a92e2b14da1ebeb591920c
61.20755636684957,50.856734452495544,6423,test,2939.284272978048,1.0,1.0,"(5, 2)",66a92e2b14da1ebeb591920c
60.31820008585011,51.735111026322045,6424,test,2940.534272978048,1.0,1.0,"(5, 2)",66a92e2b14da1ebeb591920c
59.42884380485064,52.613487600148545,6425,test,2941.784272978048,1.0,1.0,"(5, 2)",66a92e2b14da1ebeb591920c
58.53948752385118,53.491864173975046,6426,test,2943.034272978048,1.0,1.0,"(5, 2)",66a92e2b14da1ebeb591920c
57.650131242851714,54.370240747801546,6427,test,2944.284272978048,1.0,1.0,"(5, 2)",66a92e2b14da1ebeb591920c
56.76077496185225,55.24861732162794,6428,test,2945.534272978048,1.0,1.0,"(5, 2)",66a92e2b14da1ebeb591920c
56.0,56.0,6429,test,2946.6035505247773,1.0,1.0,"(5, 2)",66a92e2b14da1ebeb591920c
56.0,56.0,6430,test,2946.6035505247773,1.0,1.0,"(5, 2)",66a92e2b14da1ebeb591920c
56.0,56.0,6431,test,2946.6035505247773,1.0,1.0,"(5, 2)",66a92e2b14da1ebeb591920c
56.0,56.0,6432,test,2946.6035505247773,1.0,1.0,"(5, 2)",66a92e2b14da1ebeb591920c
56.0,56.0,6433,test,2946.6035505247773,1.0,1.0,"(5, 2)",66a92e2b14da1ebeb591920c
56.0,56.0,6434,test,2946.6035505247773,1.0,1.0,"(5, 2)",66a92e2b14da1ebeb591920c
56.0,56.0,6435,test,2946.6035505247773,1.0,1.0,"(5, 2)",66a92e2b14da1ebeb591920c
56.0,56.0,6436,test,2946.6035505247773,1.0,1.0,"(5, 2)",66a92e2b14da1ebeb591920c
56.0,56.0,6437,test,2946.6035505247773,1.0,1.0,"(5, 2)",66a92e2b14da1ebeb591920c
56.0,56.0,6438,test,2946.6035505247773,1.0,1.0,"(5, 2)",66a92e2b14da1ebeb591920c
56.0,56.0,6439,test,2946.6035505247773,1.0,1.0,"(5, 2)",66a92e2b14da1ebeb591920c
56.0,56.0,6440,test,2946.6035505247773,1.0,1.0,"(5, 2)",66a92e2b14da1ebeb591920c
56.0,56.0,6441,test,2946.6035505247773,1.0,1.0,"(5, 2)",66a92e2b14da1ebeb591920c
56.0,56.0,6442,test,2946.6035505247773,1.0,1.0,"(5, 2)",66a92e2b14da1ebeb591920c
56.0,56.0,6443,test,2946.6035505247773,1.0,1.0,"(5, 2)",66a92e2b14da1ebeb591920c
56.0,56.0,6444,test,2946.6035505247773,1.0,1.0,"(5, 2)",66a92e2b14da1ebeb591920c
56.0,56.0,6445,test,2946.6035505247773,1.0,1.0,"(5, 2)",66a92e2b14da1ebeb591920c
56.0,56.0,6446,test,2946.6035505247773,1.0,1.0,"(5, 2)",66a92e2b14da1ebeb591920c
56.0,56.0,6447,test,2946.6035505247773,1.0,1.0,"(5, 2)",66a92e2b14da1ebeb591920c
56.0,56.0,6448,test,2946.6035505247773,1.0,1.0,"(5, 2)",66a92e2b14da1ebeb591920c
56.0,56.0,6449,test,2946.6035505247773,1.0,1.0,"(5, 2)",66a92e2b14da1ebeb591920c
56.0,56.0,6450,test,2946.6035505247773,1.0,1.0,"(5, 2)",66a92e2b14da1ebeb591920c
56.0,56.0,6451,test,2946.6035505247773,1.0,1.0,"(5, 2)",66a92e2b14da1ebeb591920c
56.0,56.0,6452,test,2946.6035505247773,1.0,1.0,"(5, 2)",66a92e2b14da1ebeb591920c
56.0,56.0,6453,test,2946.6035505247773,1.0,1.0,"(5, 2)",66a92e2b14da1ebeb591920c
56.0,56.0,6454,test,2946.6035505247773,1.0,1.0,"(5, 2)",66a92e2b14da1ebeb591920c
56.0,56.0,6455,test,2946.6035505247773,1.0,1.0,"(5, 2)",66a92e2b14da1ebeb591920c
56.0,56.0,6456,test,2946.6035505247773,1.0,1.0,"(5, 2)",66a92e2b14da1ebeb591920c
56.0,56.0,6457,test,2946.6035505247773,1.0,1.0,"(5, 2)",66a92e2b14da1ebeb591920c
56.0,56.0,6458,test,2946.6035505247773,1.0,1.0,"(5, 2)",66a92e2b14da1ebeb591920c
56.0,56.0,6459,test,2946.6035505247773,1.0,1.0,"(5, 2)",66a92e2b14da1ebeb591920c
56.0,56.0,6460,test,2946.6035505247773,1.0,1.0,"(5, 2)",66a92e2b14da1ebeb591920c
56.0,56.0,6461,test,2946.6035505247773,1.0,1.0,"(5, 2)",66a92e2b14da1ebeb591920c
56.0,56.0,6462,test,2946.6035505247773,1.0,1.0,"(5, 2)",66a92e2b14da1ebeb591920c
56.0,56.0,6463,test,2946.6035505247773,1.0,1.0,"(5, 2)",66a92e2b14da1ebeb591920c
56.0,56.0,6464,test,2946.6035505247773,1.0,1.0,"(5, 2)",66a92e2b14da1ebeb591920c
56.0,56.0,6465,test,2946.6035505247773,1.0,1.0,"(5, 2)",66a92e2b14da1ebeb591920c
56.0,56.0,6466,test,2946.6035505247773,1.0,1.0,"(5, 2)",66a92e2b14da1ebeb591920c
56.0,56.0,6467,test,2946.6035505247773,1.0,1.0,"(5, 2)",66a92e2b14da1ebeb591920c
56.0,56.0,6468,test,2946.6035505247773,1.0,1.0,"(5, 2)",66a92e2b14da1ebeb591920c
56.0,56.0,6469,test,2946.6035505247773,1.0,1.0,"(5, 2)",66a92e2b14da1ebeb591920c
56.0,56.0,6470,test,2946.6035505247773,1.0,1.0,"(5, 2)",66a92e2b14da1ebeb591920c
56.0,56.0,6471,test,2946.6035505247773,1.0,1.0,"(5, 2)",66a92e2b14da1ebeb591920c
56.0,56.0,6472,test,2946.6035505247773,1.0,1.0,"(5, 2)",66a92e2b14da1ebeb591920c
56.0,56.0,6473,test,2946.6035505247773,1.0,1.0,"(5, 2)",66a92e2b14da1ebeb591920c
56.0,56.0,6474,test,2946.6035505247773,1.0,1.0,"(5, 2)",66a92e2b14da1ebeb591920c
56.0,56.0,6475,test,2946.6035505247773,1.0,1.0,"(5, 2)",66a92e2b14da1ebeb591920c
56.0,56.0,6476,test,2946.6035505247773,1.0,1.0,"(5, 2)",66a92e2b14da1ebeb591920c
56.0,54.749999999999716,6477,test,2947.853550524778,1.0,1.0,"(5, 2)",66a92e2b14da1ebeb591920c
56.0,53.49999999999943,6478,test,2949.1035505247783,1.0,1.0,"(5, 2)",66a92e2b14da1ebeb591920c
56.0,52.24999999999915,6479,test,2950.3535505247787,1.0,1.0,"(5, 2)",66a92e2b14da1ebeb591920c
56.0,50.99999999999886,6480,test,2951.603550524779,1.0,1.0,"(5, 2)",66a92e2b14da1ebeb591920c
56.0,49.74999999999858,6481,test,2952.8535505247796,1.0,1.0,"(5, 2)",66a92e2b14da1ebeb591920c
56.0,48.499999999998295,6482,test,2954.10355052478,1.0,1.0,"(5, 2)",66a92e2b14da1ebeb591920c
56.0,47.24999999999801,6483,test,2955.3535505247805,1.0,1.0,"(5, 2)",66a92e2b14da1ebeb591920c
56.0,45.999999999997726,6484,test,2956.603550524781,1.0,1.0,"(5, 2)",66a92e2b14da1ebeb591920c
56.0,44.74999999999744,6485,test,2957.8535505247814,1.0,1.0,"(5, 2)",66a92e2b14da1ebeb591920c
56.0,43.49999999999716,6486,test,2959.103550524782,1.0,1.0,"(5, 2)",66a92e2b14da1ebeb591920c
56.0,42.249999999996874,6487,test,2960.3535505247823,1.0,1.0,"(5, 2)",66a92e2b14da1ebeb591920c
56.0,40.99999999999659,6488,test,2961.603550524783,1.0,1.0,"(5, 2)",66a92e2b14da1ebeb591920c
55.68378443342246,39.8798317388366,6489,test,2962.767496063825,1.0,1.0,"(5, 2)",66a92e2b14da1ebeb591920c
54.80540785959596,38.990475457837135,6490,test,2964.017496063825,1.0,1.0,"(5, 2)",66a92e2b14da1ebeb591920c
53.92703128576946,38.10111917683767,6491,test,2965.267496063825,1.0,1.0,"(5, 2)",66a92e2b14da1ebeb591920c
53.04865471194296,37.211762895838206,6492,test,2966.517496063825,1.0,1.0,"(5, 2)",66a92e2b14da1ebeb591920c
52.17027813811646,36.32240661483874,6493,test,2967.767496063825,1.0,1.0,"(5, 2)",66a92e2b14da1ebeb591920c
51.29190156428996,35.433050333839276,6494,test,2969.017496063825,1.0,1.0,"(5, 2)",66a92e2b14da1ebeb591920c
50.41352499046346,34.543694052839896,6495,test,2970.267496063825,1.0,1.0,"(5, 2)",66a92e2b14da1ebeb591920c
49.53514841663696,33.654337771840936,6496,test,2971.517496063825,1.0,1.0,"(5, 2)",66a92e2b14da1ebeb591920c
48.65677184281046,32.76498149084197,6497,test,2972.767496063825,1.0,1.0,"(5, 2)",66a92e2b14da1ebeb591920c
47.77839526898396,31.875625209842987,6498,test,2974.017496063825,1.0,1.0,"(5, 2)",66a92e2b14da1ebeb591920c
46.900018695157456,30.986268928843877,6499,test,2975.267496063825,1.0,1.0,"(5, 2)",66a92e2b14da1ebeb591920c
46.021642121330956,30.096912647844768,6500,test,2976.517496063825,1.0,1.0,"(5, 2)",66a92e2b14da1ebeb591920c
45.143265547504456,29.207556366845658,6501,test,2977.767496063825,1.0,1.0,"(5, 2)",66a92e2b14da1ebeb591920c
44.264888973677955,28.31820008584655,6502,test,2979.017496063825,1.0,1.0,"(5, 2)",66a92e2b14da1ebeb591920c
43.386512399851455,27.42884380484744,6503,test,2980.267496063825,1.0,1.0,"(5, 2)",66a92e2b14da1ebeb591920c
42.508135826024954,26.53948752384833,6504,test,2981.517496063825,1.0,1.0,"(5, 2)",66a92e2b14da1ebeb591920c
41.629759252198454,25.650131242849476,6505,test,2982.7674960638246,1.0,1.0,"(5, 2)",66a92e2b14da1ebeb591920c
40.75138267837175,24.76077496185072,6506,test,2984.0174960638246,1.0,1.0,"(5, 2)",66a92e2b14da1ebeb591920c
39.867259497346055,24.505975807363065,6507,test,2984.937602801304,1.0,1.0,"(5, 2)",66a92e2b14da1ebeb591920c
38.972920125744395,25.37927821111736,6508,test,2986.187602801304,1.0,1.0,"(5, 2)",66a92e2b14da1ebeb591920c
38.078580754142735,26.252580614871654,6509,test,2987.437602801304,1.0,1.0,"(5, 2)",66a92e2b14da1ebeb591920c
37.184241382541074,27.12588301862595,6510,test,2988.687602801304,1.0,1.0,"(5, 2)",66a92e2b14da1ebeb591920c
36.289902010939414,27.999185422380243,6511,test,2989.937602801304,1.0,1.0,"(5, 2)",66a92e2b14da1ebeb591920c
35.395562639337754,28.872487826134538,6512,test,2991.187602801304,1.0,1.0,"(5, 2)",66a92e2b14da1ebeb591920c
34.501223267736094,29.745790229888833,6513,test,2992.437602801304,1.0,1.0,"(5, 2)",66a92e2b14da1ebeb591920c
33.606883896134434,30.619092633643127,6514,test,2993.687602801304,1.0,1.0,"(5, 2)",66a92e2b14da1ebeb591920c
32.712544524532774,31.492395037397422,6515,test,2994.937602801304,1.0,1.0,"(5, 2)",66a92e2b14da1ebeb591920c
31.818205152931114,32.36569744115157,6516,test,2996.187602801304,1.0,1.0,"(5, 2)",66a92e2b14da1ebeb591920c
30.923865781329454,33.23899984490551,6517,test,2997.4376028013035,1.0,1.0,"(5, 2)",66a92e2b14da1ebeb591920c
30.029526409727794,34.11230224865945,6518,test,2998.687602801303,1.0,1.0,"(5, 2)",66a92e2b14da1ebeb591920c
29.135187038126134,34.985604652413386,6519,test,2999.9376028013025,1.0,1.0,"(5, 2)",66a92e2b14da1ebeb591920c
28.240847666524473,35.858907056167375,6520,test,3001.187602801302,1.0,1.0,"(5, 2)",66a92e2b14da1ebeb591920c
27.346508294922813,36.732209459921606,6521,test,3002.437602801302,1.0,1.0,"(5, 2)",66a92e2b14da1ebeb591920c
26.452168923321153,37.60551186367584,6522,test,3003.687602801302,1.0,1.0,"(5, 2)",66a92e2b14da1ebeb591920c
25.557829551719493,38.47881426743007,6523,test,3004.937602801302,1.0,1.0,"(5, 2)",66a92e2b14da1ebeb591920c
24.663490180117833,39.35211667118429,6524,test,3006.187602801302,1.0,1.0,"(5, 2)",66a92e2b14da1ebeb591920c
24.0,40.0,6525,test,3007.114949568628,1.0,1.0,"(5, 2)",66a92e2b14da1ebeb591920c
24.0,40.0,6526,test,3007.114949568628,1.0,1.0,"(5, 2)",66a92e2b14da1ebeb591920c
24.0,40.0,6527,test,3007.114949568628,1.0,1.0,"(5, 2)",66a92e2b14da1ebeb591920c
24.0,40.0,6528,test,3007.114949568628,1.0,1.0,"(5, 2)",66a92e2b14da1ebeb591920c
24.0,40.0,6529,test,3007.114949568628,1.0,1.0,"(5, 2)",66a92e2b14da1ebeb591920c
24.0,40.0,6530,test,3007.114949568628,1.0,1.0,"(5, 2)",66a92e2b14da1ebeb591920c
24.0,40.0,6531,test,3007.114949568628,1.0,1.0,"(5, 2)",66a92e2b14da1ebeb591920c
24.0,40.0,6532,test,3007.114949568628,1.0,1.0,"(5, 2)",66a92e2b14da1ebeb591920c
24.0,40.0,6533,test,3007.114949568628,1.0,1.0,"(5, 2)",66a92e2b14da1ebeb591920c
24.0,40.0,6534,test,3007.114949568628,1.0,1.0,"(5, 2)",66a92e2b14da1ebeb591920c
24.0,40.0,6535,test,3007.114949568628,1.0,1.0,"(5, 2)",66a92e2b14da1ebeb591920c
24.0,40.0,6536,test,3007.114949568628,1.0,1.0,"(5, 2)",66a92e2b14da1ebeb591920c
24.0,40.0,6537,test,3007.114949568628,1.0,1.0,"(5, 2)",66a92e2b14da1ebeb591920c
24.0,40.0,6538,test,3007.114949568628,1.0,1.0,"(5, 2)",66a92e2b14da1ebeb591920c
24.0,40.0,6539,test,3007.114949568628,1.0,1.0,"(5, 2)",66a92e2b14da1ebeb591920c
24.0,40.0,6540,test,3007.114949568628,1.0,1.0,"(5, 2)",66a92e2b14da1ebeb591920c
24.0,40.0,6541,test,3007.114949568628,1.0,1.0,"(5, 2)",66a92e2b14da1ebeb591920c
24.0,40.0,6542,test,3007.114949568628,1.0,1.0,"(5, 2)",66a92e2b14da1ebeb591920c
24.0,40.0,6543,test,3007.114949568628,1.0,1.0,"(5, 2)",66a92e2b14da1ebeb591920c
24.0,40.0,6544,test,3007.114949568628,1.0,1.0,"(5, 2)",66a92e2b14da1ebeb591920c
24.0,40.0,6545,test,3007.114949568628,1.0,1.0,"(5, 2)",66a92e2b14da1ebeb591920c
24.0,40.0,6546,test,3007.114949568628,1.0,1.0,"(5, 2)",66a92e2b14da1ebeb591920c
24.0,40.0,6547,test,3007.114949568628,1.0,1.0,"(5, 2)",66a92e2b14da1ebeb591920c
24.0,40.0,6548,test,3007.114949568628,1.0,1.0,"(5, 2)",66a92e2b14da1ebeb591920c
24.0,40.0,6549,test,3007.114949568628,1.0,1.0,"(5, 2)",66a92e2b14da1ebeb591920c
24.0,40.0,6550,test,3007.114949568628,1.0,1.0,"(5, 2)",66a92e2b14da1ebeb591920c
24.0,40.0,6551,test,3007.114949568628,1.0,1.0,"(5, 2)",66a92e2b14da1ebeb591920c
24.0,40.0,6552,test,3007.114949568628,1.0,1.0,"(5, 2)",66a92e2b14da1ebeb591920c
24.0,40.0,6553,test,3007.114949568628,1.0,1.0,"(5, 2)",66a92e2b14da1ebeb591920c
24.0,40.0,6554,test,3007.114949568628,1.0,1.0,"(5, 2)",66a92e2b14da1ebeb591920c
24.0,40.0,6555,test,3007.114949568628,1.0,1.0,"(5, 2)",66a92e2b14da1ebeb591920c
24.0,40.0,6556,test,3007.114949568628,1.0,1.0,"(5, 2)",66a92e2b14da1ebeb591920c
24.0,40.0,6557,test,3007.114949568628,1.0,1.0,"(5, 2)",66a92e2b14da1ebeb591920c
24.0,40.0,6558,test,3007.114949568628,1.0,1.0,"(5, 2)",66a92e2b14da1ebeb591920c
24.0,40.0,6559,test,3007.114949568628,1.0,1.0,"(5, 2)",66a92e2b14da1ebeb591920c
24.0,40.0,6560,test,3007.114949568628,1.0,1.0,"(5, 2)",66a92e2b14da1ebeb591920c
24.0,40.0,6561,test,3007.114949568628,1.0,1.0,"(5, 2)",66a92e2b14da1ebeb591920c
24.0,40.0,6562,test,3007.114949568628,1.0,1.0,"(5, 2)",66a92e2b14da1ebeb591920c
24.0,40.0,6563,test,3007.114949568628,1.0,1.0,"(5, 2)",66a92e2b14da1ebeb591920c
24.0,40.0,6564,test,3007.114949568628,1.0,1.0,"(5, 2)",66a92e2b14da1ebeb591920c
24.0,40.0,6565,test,3007.114949568628,1.0,1.0,"(5, 2)",66a92e2b14da1ebeb591920c
24.0,40.0,6566,test,3007.114949568628,1.0,1.0,"(5, 2)",66a92e2b14da1ebeb591920c
24.0,40.0,6567,test,3007.114949568628,1.0,1.0,"(5, 2)",66a92e2b14da1ebeb591920c
24.0,40.0,6568,test,3007.114949568628,1.0,1.0,"(5, 2)",66a92e2b14da1ebeb591920c
24.0,40.0,6569,test,3007.114949568628,1.0,1.0,"(5, 2)",66a92e2b14da1ebeb591920c
24.0,40.0,6570,test,3007.114949568628,1.0,1.0,"(5, 2)",66a92e2b14da1ebeb591920c
24.0,40.0,6571,test,3007.114949568628,1.0,1.0,"(5, 2)",66a92e2b14da1ebeb591920c
24.0,40.0,6572,test,3007.114949568628,1.0,1.0,"(5, 2)",66a92e2b14da1ebeb591920c
24.0,40.0,6573,test,3007.114949568628,1.0,1.0,"(5, 2)",66a92e2b14da1ebeb591920c
24.0,40.0,6574,test,3007.114949568628,1.0,1.0,"(5, 2)",66a92e2b14da1ebeb591920c
24.0,40.0,6575,test,3007.114949568628,1.0,1.0,"(5, 2)",66a92e2b14da1ebeb591920c
24.0,40.0,6576,test,3007.114949568628,1.0,1.0,"(5, 2)",66a92e2b14da1ebeb591920c
24.0,40.0,6577,test,3007.114949568628,1.0,1.0,"(5, 2)",66a92e2b14da1ebeb591920c
24.0,40.0,6578,test,3007.114949568628,1.0,1.0,"(5, 2)",66a92e2b14da1ebeb591920c
24.0,40.0,6579,test,3007.114949568628,1.0,1.0,"(5, 2)",66a92e2b14da1ebeb591920c
24.0,40.0,6580,test,3007.114949568628,1.0,1.0,"(5, 2)",66a92e2b14da1ebeb591920c
24.0,40.0,6581,test,3007.114949568628,1.0,1.0,"(5, 2)",66a92e2b14da1ebeb591920c
24.0,40.0,6582,test,3007.114949568628,1.0,1.0,"(5, 2)",66a92e2b14da1ebeb591920c
24.0,40.0,6583,test,3007.114949568628,1.0,1.0,"(5, 2)",66a92e2b14da1ebeb591920c
24.0,40.0,6584,test,3007.114949568628,1.0,1.0,"(5, 2)",66a92e2b14da1ebeb591920c
24.0,40.0,6585,test,3007.114949568628,1.0,1.0,"(5, 2)",66a92e2b14da1ebeb591920c
24.0,40.0,6586,test,3007.114949568628,1.0,1.0,"(5, 2)",66a92e2b14da1ebeb591920c
24.0,40.0,6587,test,3007.114949568628,1.0,1.0,"(5, 2)",66a92e2b14da1ebeb591920c
24.0,40.0,6588,test,3007.114949568628,1.0,1.0,"(5, 2)",66a92e2b14da1ebeb591920c
24.0,40.0,6589,test,3007.114949568628,1.0,1.0,"(5, 2)",66a92e2b14da1ebeb591920c
24.0,40.0,6590,test,3007.114949568628,1.0,1.0,"(5, 2)",66a92e2b14da1ebeb591920c
24.0,40.0,6591,test,3007.114949568628,1.0,1.0,"(5, 2)",66a92e2b14da1ebeb591920c
24.0,40.0,6592,test,3007.114949568628,1.0,1.0,"(5, 2)",66a92e2b14da1ebeb591920c
24.0,40.0,6593,test,3007.114949568628,1.0,1.0,"(5, 2)",66a92e2b14da1ebeb591920c
24.0,40.0,6594,test,3007.114949568628,1.0,1.0,"(5, 2)",66a92e2b14da1ebeb591920c
24.0,40.0,6595,test,3007.114949568628,1.0,1.0,"(5, 2)",66a92e2b14da1ebeb591920c
24.0,40.0,6596,test,3007.114949568628,1.0,1.0,"(5, 2)",66a92e2b14da1ebeb591920c
24.0,40.0,6597,test,3007.114949568628,1.0,1.0,"(5, 2)",66a92e2b14da1ebeb591920c
24.0,40.0,6598,test,3007.114949568628,1.0,1.0,"(5, 2)",66a92e2b14da1ebeb591920c
24.0,40.0,6599,test,3007.114949568628,1.0,1.0,"(5, 2)",66a92e2b14da1ebeb591920c
24.0,40.0,6600,test,3007.114949568628,1.0,1.0,"(5, 2)",66a92e2b14da1ebeb591920c
24.0,40.0,6601,test,3007.114949568628,1.0,1.0,"(5, 2)",66a92e2b14da1ebeb591920c
24.0,40.0,6602,test,3007.114949568628,1.0,1.0,"(5, 2)",66a92e2b14da1ebeb591920c
24.0,40.0,6603,test,3007.114949568628,1.0,1.0,"(5, 2)",66a92e2b14da1ebeb591920c
24.0,40.0,6604,test,3007.114949568628,1.0,1.0,"(5, 2)",66a92e2b14da1ebeb591920c
24.0,40.0,6605,test,3007.114949568628,1.0,1.0,"(5, 2)",66a92e2b14da1ebeb591920c
24.0,40.0,6606,test,3007.114949568628,1.0,1.0,"(5, 2)",66a92e2b14da1ebeb591920c
24.0,40.0,6607,test,3007.114949568628,1.0,1.0,"(5, 2)",66a92e2b14da1ebeb591920c
24.0,40.0,6608,test,3007.114949568628,1.0,1.0,"(5, 2)",66a92e2b14da1ebeb591920c
24.0,40.0,6609,test,3007.114949568628,1.0,1.0,"(5, 2)",66a92e2b14da1ebeb591920c
24.0,40.0,6610,test,3007.114949568628,1.0,1.0,"(5, 2)",66a92e2b14da1ebeb591920c
24.0,40.0,6611,test,3007.114949568628,1.0,1.0,"(5, 2)",66a92e2b14da1ebeb591920c
24.0,40.0,6612,test,3007.114949568628,1.0,1.0,"(5, 2)",66a92e2b14da1ebeb591920c
24.0,40.0,6613,test,3007.114949568628,1.0,1.0,"(5, 2)",66a92e2b14da1ebeb591920c
24.0,40.0,6614,test,3007.114949568628,1.0,1.0,"(5, 2)",66a92e2b14da1ebeb591920c
24.0,40.0,6615,test,3007.114949568628,1.0,1.0,"(5, 2)",66a92e2b14da1ebeb591920c
24.0,40.0,6616,test,3007.114949568628,1.0,1.0,"(5, 2)",66a92e2b14da1ebeb591920c
24.0,40.0,6617,test,3007.114949568628,1.0,1.0,"(5, 2)",66a92e2b14da1ebeb591920c
24.0,40.0,6618,test,3007.114949568628,1.0,1.0,"(5, 2)",66a92e2b14da1ebeb591920c
24.0,40.0,6619,test,3007.114949568628,1.0,1.0,"(5, 2)",66a92e2b14da1ebeb591920c
24.0,40.0,6620,test,3007.114949568628,1.0,1.0,"(5, 2)",66a92e2b14da1ebeb591920c
24.0,40.0,6621,test,3007.114949568628,1.0,1.0,"(5, 2)",66a92e2b14da1ebeb591920c
24.0,40.0,6622,test,3007.114949568628,1.0,1.0,"(5, 2)",66a92e2b14da1ebeb591920c
24.0,40.0,6623,test,3007.114949568628,1.0,1.0,"(5, 2)",66a92e2b14da1ebeb591920c
24.0,40.0,6624,test,3007.114949568628,1.0,1.0,"(5, 2)",66a92e2b14da1ebeb591920c
24.0,40.0,6625,test,3007.114949568628,1.0,1.0,"(5, 2)",66a92e2b14da1ebeb591920c
24.0,40.0,6626,test,3007.114949568628,1.0,1.0,"(5, 2)",66a92e2b14da1ebeb591920c
24.0,40.0,6627,test,3007.114949568628,1.0,1.0,"(5, 2)",66a92e2b14da1ebeb591920c
24.0,40.0,6628,test,3007.114949568628,1.0,1.0,"(5, 2)",66a92e2b14da1ebeb591920c
24.0,40.0,6629,test,3007.114949568628,1.0,1.0,"(5, 2)",66a92e2b14da1ebeb591920c
24.0,40.0,6630,test,3007.114949568628,1.0,1.0,"(5, 2)",66a92e2b14da1ebeb591920c
24.0,40.0,6631,test,3007.114949568628,1.0,1.0,"(5, 2)",66a92e2b14da1ebeb591920c
24.0,40.0,6632,test,3007.114949568628,1.0,1.0,"(5, 2)",66a92e2b14da1ebeb591920c
24.0,40.0,6633,test,3007.114949568628,1.0,1.0,"(5, 2)",66a92e2b14da1ebeb591920c
24.0,40.0,6634,test,3007.114949568628,1.0,1.0,"(5, 2)",66a92e2b14da1ebeb591920c
24.0,40.0,6635,test,3007.114949568628,1.0,1.0,"(5, 2)",66a92e2b14da1ebeb591920c
24.0,40.0,6636,test,3007.114949568628,1.0,1.0,"(5, 2)",66a92e2b14da1ebeb591920c
24.0,40.0,6637,test,3007.114949568628,1.0,1.0,"(5, 2)",66a92e2b14da1ebeb591920c
24.0,40.0,6638,test,3007.114949568628,1.0,1.0,"(5, 2)",66a92e2b14da1ebeb591920c
24.0,40.0,6639,test,3007.114949568628,1.0,1.0,"(5, 2)",66a92e2b14da1ebeb591920c
24.0,40.0,6640,test,3007.114949568628,1.0,1.0,"(5, 2)",66a92e2b14da1ebeb591920c
24.0,40.0,6641,test,3007.114949568628,1.0,1.0,"(5, 2)",66a92e2b14da1ebeb591920c
24.0,40.0,6642,test,3007.114949568628,1.0,1.0,"(5, 2)",66a92e2b14da1ebeb591920c
24.0,40.0,6643,test,3007.114949568628,1.0,1.0,"(5, 2)",66a92e2b14da1ebeb591920c
24.0,40.0,6644,test,3007.114949568628,1.0,1.0,"(5, 2)",66a92e2b14da1ebeb591920c
24.0,40.0,6645,test,3007.114949568628,1.0,1.0,"(5, 2)",66a92e2b14da1ebeb591920c
24.0,40.0,6646,test,3007.114949568628,1.0,1.0,"(5, 2)",66a92e2b14da1ebeb591920c
24.0,40.0,6647,test,3007.114949568628,1.0,1.0,"(5, 2)",66a92e2b14da1ebeb591920c
24.0,40.0,6648,test,3007.114949568628,1.0,1.0,"(5, 2)",66a92e2b14da1ebeb591920c
24.0,40.0,6649,test,3007.114949568628,1.0,1.0,"(5, 2)",66a92e2b14da1ebeb591920c
24.0,40.0,6650,test,3007.114949568628,1.0,1.0,"(5, 2)",66a92e2b14da1ebeb591920c
24.0,40.0,6651,test,3007.114949568628,1.0,1.0,"(5, 2)",66a92e2b14da1ebeb591920c
24.0,40.0,6652,test,3007.114949568628,1.0,1.0,"(5, 2)",66a92e2b14da1ebeb591920c
24.0,40.0,6653,test,3007.114949568628,1.0,1.0,"(5, 2)",66a92e2b14da1ebeb591920c
24.0,40.0,6654,test,3007.114949568628,1.0,1.0,"(5, 2)",66a92e2b14da1ebeb591920c
24.0,40.0,6655,test,3007.114949568628,1.0,1.0,"(5, 2)",66a92e2b14da1ebeb591920c
24.0,40.0,6656,test,3007.114949568628,1.0,1.0,"(5, 2)",66a92e2b14da1ebeb591920c
24.0,40.0,6657,test,3007.114949568628,1.0,1.0,"(5, 2)",66a92e2b14da1ebeb591920c
24.0,40.0,6658,test,3007.114949568628,1.0,1.0,"(5, 2)",66a92e2b14da1ebeb591920c
24.0,40.0,6659,test,3007.114949568628,1.0,1.0,"(5, 2)",66a92e2b14da1ebeb591920c
24.0,40.0,6660,test,3007.114949568628,1.0,1.0,"(5, 2)",66a92e2b14da1ebeb591920c
24.0,40.0,6661,test,3007.114949568628,1.0,1.0,"(5, 2)",66a92e2b14da1ebeb591920c
24.0,40.0,6662,test,3007.114949568628,1.0,1.0,"(5, 2)",66a92e2b14da1ebeb591920c
24.0,40.0,6663,test,3007.114949568628,1.0,1.0,"(5, 2)",66a92e2b14da1ebeb591920c
24.0,40.0,6664,test,3007.114949568628,1.0,1.0,"(5, 2)",66a92e2b14da1ebeb591920c
24.0,40.0,6665,test,3007.114949568628,1.0,1.0,"(5, 2)",66a92e2b14da1ebeb591920c
24.0,40.0,6666,test,3007.114949568628,1.0,1.0,"(5, 2)",66a92e2b14da1ebeb591920c
24.0,40.0,6667,test,3007.114949568628,1.0,1.0,"(5, 2)",66a92e2b14da1ebeb591920c
24.0,40.0,6668,test,3007.114949568628,1.0,1.0,"(5, 2)",66a92e2b14da1ebeb591920c
24.0,40.0,6669,test,3007.114949568628,1.0,1.0,"(5, 2)",66a92e2b14da1ebeb591920c
24.0,40.0,6670,test,3007.114949568628,1.0,1.0,"(5, 2)",66a92e2b14da1ebeb591920c
24.0,40.0,6671,test,3007.114949568628,1.0,1.0,"(5, 2)",66a92e2b14da1ebeb591920c
24.0,40.0,6672,test,3007.114949568628,1.0,1.0,"(5, 2)",66a92e2b14da1ebeb591920c
24.0,40.0,6673,test,3007.114949568628,1.0,1.0,"(5, 2)",66a92e2b14da1ebeb591920c
24.0,40.0,6674,test,3007.114949568628,1.0,1.0,"(5, 2)",66a92e2b14da1ebeb591920c
24.0,40.0,6675,test,3007.114949568628,1.0,1.0,"(5, 2)",66a92e2b14da1ebeb591920c
24.0,40.0,6676,test,3007.114949568628,1.0,1.0,"(5, 2)",66a92e2b14da1ebeb591920c
24.0,40.0,6677,test,3007.114949568628,1.0,1.0,"(5, 2)",66a92e2b14da1ebeb591920c
24.0,40.0,6678,test,3007.114949568628,1.0,1.0,"(5, 2)",66a92e2b14da1ebeb591920c
24.0,40.0,6679,test,3007.114949568628,1.0,1.0,"(5, 2)",66a92e2b14da1ebeb591920c
24.0,40.0,6680,test,3007.114949568628,1.0,1.0,"(5, 2)",66a92e2b14da1ebeb591920c
24.0,40.0,6681,test,3007.114949568628,1.0,1.0,"(5, 2)",66a92e2b14da1ebeb591920c
24.0,40.0,6682,test,3007.114949568628,1.0,1.0,"(5, 2)",66a92e2b14da1ebeb591920c
24.0,40.0,6683,test,3007.114949568628,1.0,1.0,"(5, 2)",66a92e2b14da1ebeb591920c
24.0,40.0,6684,test,3007.114949568628,1.0,1.0,"(5, 2)",66a92e2b14da1ebeb591920c
24.0,40.0,6685,test,3007.114949568628,1.0,1.0,"(5, 2)",66a92e2b14da1ebeb591920c
24.0,40.0,6686,test,3007.114949568628,1.0,1.0,"(5, 2)",66a92e2b14da1ebeb591920c
24.0,40.0,6687,test,3007.114949568628,1.0,1.0,"(5, 2)",66a92e2b14da1ebeb591920c
24.0,40.0,6688,test,3007.114949568628,1.0,1.0,"(5, 2)",66a92e2b14da1ebeb591920c
24.0,40.0,6689,test,3007.114949568628,1.0,1.0,"(5, 2)",66a92e2b14da1ebeb591920c
24.0,40.0,6690,test,3007.114949568628,1.0,1.0,"(5, 2)",66a92e2b14da1ebeb591920c
24.0,40.0,6691,test,3007.114949568628,1.0,1.0,"(5, 2)",66a92e2b14da1ebeb591920c
24.0,40.0,6692,test,3007.114949568628,1.0,1.0,"(5, 2)",66a92e2b14da1ebeb591920c
24.0,40.0,6693,test,3007.114949568628,1.0,1.0,"(5, 2)",66a92e2b14da1ebeb591920c
24.0,40.0,6694,test,3007.114949568628,1.0,1.0,"(5, 2)",66a92e2b14da1ebeb591920c
24.0,40.0,6695,test,3007.114949568628,1.0,1.0,"(5, 2)",66a92e2b14da1ebeb591920c
24.0,40.0,6696,test,3007.114949568628,1.0,1.0,"(5, 2)",66a92e2b14da1ebeb591920c
24.0,40.0,6697,test,3007.114949568628,1.0,1.0,"(5, 2)",66a92e2b14da1ebeb591920c
24.0,40.0,6698,test,3007.114949568628,1.0,1.0,"(5, 2)",66a92e2b14da1ebeb591920c
24.0,40.0,6699,test,3007.114949568628,1.0,1.0,"(5, 2)",66a92e2b14da1ebeb591920c
24.0,40.0,6700,test,3007.114949568628,1.0,1.0,"(5, 2)",66a92e2b14da1ebeb591920c
24.0,40.0,6701,test,3007.114949568628,1.0,1.0,"(5, 2)",66a92e2b14da1ebeb591920c
24.0,40.0,6702,test,3007.114949568628,1.0,1.0,"(5, 2)",66a92e2b14da1ebeb591920c
24.0,40.0,6703,test,3007.114949568628,1.0,1.0,"(5, 2)",66a92e2b14da1ebeb591920c
24.0,40.0,6704,test,3007.114949568628,1.0,1.0,"(5, 2)",66a92e2b14da1ebeb591920c
24.0,40.0,6705,test,3007.114949568628,1.0,1.0,"(5, 2)",66a92e2b14da1ebeb591920c
24.0,40.0,6706,test,3007.114949568628,1.0,1.0,"(5, 2)",66a92e2b14da1ebeb591920c
24.0,40.0,6707,test,3007.114949568628,1.0,1.0,"(5, 2)",66a92e2b14da1ebeb591920c
24.0,40.0,6708,test,3007.114949568628,1.0,1.0,"(5, 2)",66a92e2b14da1ebeb591920c
24.0,40.0,6709,test,3007.114949568628,1.0,1.0,"(5, 2)",66a92e2b14da1ebeb591920c
24.0,40.0,6710,test,3007.114949568628,1.0,1.0,"(5, 2)",66a92e2b14da1ebeb591920c
24.0,40.0,6711,test,3007.114949568628,1.0,1.0,"(5, 2)",66a92e2b14da1ebeb591920c
24.0,40.0,6712,test,3007.114949568628,1.0,1.0,"(5, 2)",66a92e2b14da1ebeb591920c
24.0,40.0,6713,test,3007.114949568628,1.0,1.0,"(5, 2)",66a92e2b14da1ebeb591920c
24.0,40.0,6714,test,3007.114949568628,1.0,1.0,"(5, 2)",66a92e2b14da1ebeb591920c
24.0,40.0,6715,test,3007.114949568628,1.0,1.0,"(5, 2)",66a92e2b14da1ebeb591920c
24.0,40.0,6716,test,3007.114949568628,1.0,1.0,"(5, 2)",66a92e2b14da1ebeb591920c
24.0,40.0,6717,test,3007.114949568628,1.0,1.0,"(5, 2)",66a92e2b14da1ebeb591920c
24.0,40.0,6718,test,3007.114949568628,1.0,1.0,"(5, 2)",66a92e2b14da1ebeb591920c
24.0,40.0,6719,test,3007.114949568628,1.0,1.0,"(5, 2)",66a92e2b14da1ebeb591920c
24.0,40.0,6720,test,3007.114949568628,1.0,1.0,"(5, 2)",66a92e2b14da1ebeb591920c
24.0,40.0,6721,test,3007.114949568628,1.0,1.0,"(5, 2)",66a92e2b14da1ebeb591920c
24.0,40.0,6722,test,3007.114949568628,1.0,1.0,"(5, 2)",66a92e2b14da1ebeb591920c
24.0,40.0,6723,test,3007.114949568628,1.0,1.0,"(5, 2)",66a92e2b14da1ebeb591920c
24.0,40.0,6724,test,3007.114949568628,1.0,1.0,"(5, 2)",66a92e2b14da1ebeb591920c
24.0,40.0,6725,test,3007.114949568628,1.0,1.0,"(5, 2)",66a92e2b14da1ebeb591920c
24.0,40.0,6726,test,3007.114949568628,1.0,1.0,"(5, 2)",66a92e2b14da1ebeb591920c
24.0,40.0,6727,test,3007.114949568628,1.0,1.0,"(5, 2)",66a92e2b14da1ebeb591920c
24.0,40.0,6728,test,3007.114949568628,1.0,1.0,"(5, 2)",66a92e2b14da1ebeb591920c
24.0,40.0,6729,test,3007.114949568628,1.0,1.0,"(5, 2)",66a92e2b14da1ebeb591920c
24.0,40.0,6730,test,3007.114949568628,1.0,1.0,"(5, 2)",66a92e2b14da1ebeb591920c
24.0,40.0,6731,test,3007.114949568628,1.0,1.0,"(5, 2)",66a92e2b14da1ebeb591920c
24.0,40.0,6732,test,3007.114949568628,1.0,1.0,"(5, 2)",66a92e2b14da1ebeb591920c
24.0,40.0,6733,test,3007.114949568628,1.0,1.0,"(5, 2)",66a92e2b14da1ebeb591920c
24.0,40.0,6734,test,3007.114949568628,1.0,1.0,"(5, 2)",66a92e2b14da1ebeb591920c
24.0,40.0,6735,test,3007.114949568628,1.0,1.0,"(5, 2)",66a92e2b14da1ebeb591920c
24.0,40.0,6736,test,3007.114949568628,1.0,1.0,"(5, 2)",66a92e2b14da1ebeb591920c
24.0,40.0,6737,test,3007.114949568628,1.0,1.0,"(5, 2)",66a92e2b14da1ebeb591920c
24.0,40.0,6738,test,3007.114949568628,1.0,1.0,"(5, 2)",66a92e2b14da1ebeb591920c
24.0,40.0,6739,test,3007.114949568628,1.0,1.0,"(5, 2)",66a92e2b14da1ebeb591920c
24.0,40.0,6740,test,3007.114949568628,1.0,1.0,"(5, 2)",66a92e2b14da1ebeb591920c
24.0,40.0,6741,test,3007.114949568628,1.0,1.0,"(5, 2)",66a92e2b14da1ebeb591920c
24.0,40.0,6742,test,3007.114949568628,1.0,1.0,"(5, 2)",66a92e2b14da1ebeb591920c
24.0,40.0,6743,test,3007.114949568628,1.0,1.0,"(5, 2)",66a92e2b14da1ebeb591920c
24.0,40.0,6744,test,3007.114949568628,1.0,1.0,"(5, 2)",66a92e2b14da1ebeb591920c
24.0,40.0,6745,test,3007.114949568628,1.0,1.0,"(5, 2)",66a92e2b14da1ebeb591920c
24.0,40.0,6746,test,3007.114949568628,1.0,1.0,"(5, 2)",66a92e2b14da1ebeb591920c
24.0,40.0,6747,test,3007.114949568628,1.0,1.0,"(5, 2)",66a92e2b14da1ebeb591920c
24.0,40.0,6748,test,3007.114949568628,1.0,1.0,"(5, 2)",66a92e2b14da1ebeb591920c
24.88388347648305,39.11611652351695,6749,test,3008.364949568628,1.0,1.0,"(5, 2)",66a92e2b14da1ebeb591920c
25.7677669529661,38.2322330470339,6750,test,3009.614949568628,1.0,1.0,"(5, 2)",66a92e2b14da1ebeb591920c
26.65165042944915,37.34834957055085,6751,test,3010.864949568628,1.0,1.0,"(5, 2)",66a92e2b14da1ebeb591920c
27.535533905932198,36.4644660940678,6752,test,3012.114949568628,1.0,1.0,"(5, 2)",66a92e2b14da1ebeb591920c
28.419417382415247,35.58058261758475,6753,test,3013.364949568628,1.0,1.0,"(5, 2)",66a92e2b14da1ebeb591920c
29.303300858898297,34.6966991411017,6754,test,3014.614949568628,1.0,1.0,"(5, 2)",66a92e2b14da1ebeb591920c
30.187184335381346,33.812815664618654,6755,test,3015.864949568628,1.0,1.0,"(5, 2)",66a92e2b14da1ebeb591920c
31.071067811864395,32.928932188135605,6756,test,3017.114949568628,1.0,1.0,"(5, 2)",66a92e2b14da1ebeb591920c
31.954951288347445,32.045048711652555,6757,test,3018.364949568628,1.0,1.0,"(5, 2)",66a92e2b14da1ebeb591920c
32.838834764830494,31.161165235169506,6758,test,3019.614949568628,1.0,1.0,"(5, 2)",66a92e2b14da1ebeb591920c
33.722718241313544,30.277281758686456,6759,test,3020.864949568628,1.0,1.0,"(5, 2)",66a92e2b14da1ebeb591920c
34.60660171779659,29.393398282203407,6760,test,3022.114949568628,1.0,1.0,"(5, 2)",66a92e2b14da1ebeb591920c
35.49048519427964,28.509514805720357,6761,test,3023.364949568628,1.0,1.0,"(5, 2)",66a92e2b14da1ebeb591920c
36.37436867076269,27.625631329237308,6762,test,3024.614949568628,1.0,1.0,"(5, 2)",66a92e2b14da1ebeb591920c
37.25825214724574,26.74174785275426,6763,test,3025.864949568628,1.0,1.0,"(5, 2)",66a92e2b14da1ebeb591920c
38.14213562372879,25.85786437627121,6764,test,3027.114949568628,1.0,1.0,"(5, 2)",66a92e2b14da1ebeb591920c
39.02601910021184,24.97398089978816,6765,test,3028.364949568628,1.0,1.0,"(5, 2)",66a92e2b14da1ebeb591920c
39.95382555869017,24.194346815316237,6766,test,3029.5768299794213,1.0,1.0,"(5, 2)",66a92e2b14da1ebeb591920c
41.203733885133886,24.179208272259245,6767,test,3030.826829979421,1.0,1.0,"(5, 2)",66a92e2b14da1ebeb591920c
42.4536422115776,24.164069729202254,6768,test,3032.0768299794204,1.0,1.0,"(5, 2)",66a92e2b14da1ebeb591920c
43.70355053802132,24.148931186145262,6769,test,3033.32682997942,1.0,1.0,"(5, 2)",66a92e2b14da1ebeb591920c
44.953458864465034,24.13379264308827,6770,test,3034.5768299794195,1.0,1.0,"(5, 2)",66a92e2b14da1ebeb591920c
46.20336719090875,24.11865410003119,6771,test,3035.826829979419,1.0,1.0,"(5, 2)",66a92e2b14da1ebeb591920c
47.453275517352466,24.103515556974024,6772,test,3037.0768299794186,1.0,1.0,"(5, 2)",66a92e2b14da1ebeb591920c
48.70318384379618,24.08837701391686,6773,test,3038.326829979418,1.0,1.0,"(5, 2)",66a92e2b14da1ebeb591920c
49.9530921702399,24.073238470859692,6774,test,3039.5768299794177,1.0,1.0,"(5, 2)",66a92e2b14da1ebeb591920c
51.203000496683615,24.058099927802527,6775,test,3040.826829979417,1.0,1.0,"(5, 2)",66a92e2b14da1ebeb591920c
52.45290882312733,24.04296138474536,6776,test,3042.0768299794167,1.0,1.0,"(5, 2)",66a92e2b14da1ebeb591920c
53.70281714957105,24.027822841688195,6777,test,3043.3268299794163,1.0,1.0,"(5, 2)",66a92e2b14da1ebeb591920c
54.95272547601476,24.01268429863103,6778,test,3044.576829979416,1.0,1.0,"(5, 2)",66a92e2b14da1ebeb591920c
56.20266313364169,24.00233106509779,6779,test,3045.826810514224,1.0,1.0,"(5, 2)",66a92e2b14da1ebeb591920c
57.45266312003295,24.002146614302884,6780,test,3047.076810514224,1.0,1.0,"(5, 2)",66a92e2b14da1ebeb591920c
58.70266310642421,24.00196216350798,6781,test,3048.326810514224,1.0,1.0,"(5, 2)",66a92e2b14da1ebeb591920c
59.95266309281547,24.001777712713075,6782,test,3049.576810514224,1.0,1.0,"(5, 2)",66a92e2b14da1ebeb591920c
61.20266307920673,24.00159326191817,6783,test,3050.826810514224,1.0,1.0,"(5, 2)",66a92e2b14da1ebeb591920c
62.45266306559799,24.001408811123397,6784,test,3052.076810514224,1.0,1.0,"(5, 2)",66a92e2b14da1ebeb591920c
63.70266305198925,24.00122436032867,6785,test,3053.326810514224,1.0,1.0,"(5, 2)",66a92e2b14da1ebeb591920c
64.95266303837997,24.001039909533944,6786,test,3054.5768105142233,1.0,1.0,"(5, 2)",66a92e2b14da1ebeb591920c
66.20266302477052,24.000855458739217,6787,test,3055.826810514223,1.0,1.0,"(5, 2)",66a92e2b14da1ebeb591920c
67.45266301116106,24.00067100794449,6788,test,3057.0768105142224,1.0,1.0,"(5, 2)",66a92e2b14da1ebeb591920c
68.70266299755161,24.000486557149763,6789,test,3058.326810514222,1.0,1.0,"(5, 2)",66a92e2b14da1ebeb591920c
69.95266298394216,24.000302106355036,6790,test,3059.5768105142215,1.0,1.0,"(5, 2)",66a92e2b14da1ebeb591920c
71.20266297033271,24.00011765556031,6791,test,3060.826810514221,1.0,1.0,"(5, 2)",66a92e2b14da1ebeb591920c
72.26509110289965,24.456822525621213,6792,test,3061.983241608237,1.0,1.0,"(5, 2)",66a92e2b14da1ebeb591920c
73.15437598578325,25.335271384164237,6793,test,3063.2332416082377,1.0,1.0,"(5, 2)",66a92e2b14da1ebeb591920c
74.04366086866685,26.21372024270726,6794,test,3064.483241608238,1.0,1.0,"(5, 2)",66a92e2b14da1ebeb591920c
74.93294575155045,27.092169101250285,6795,test,3065.7332416082386,1.0,1.0,"(5, 2)",66a92e2b14da1ebeb591920c
75.82223063443405,27.97061795979331,6796,test,3066.983241608239,1.0,1.0,"(5, 2)",66a92e2b14da1ebeb591920c
76.71151551731765,28.849066818336333,6797,test,3068.2332416082395,1.0,1.0,"(5, 2)",66a92e2b14da1ebeb591920c
77.60080040020125,29.727515676879356,6798,test,3069.48324160824,1.0,1.0,"(5, 2)",66a92e2b14da1ebeb591920c
78.49008528308485,30.60596453542238,6799,test,3070.7332416082404,1.0,1.0,"(5, 2)",66a92e2b14da1ebeb591920c
79.37937016596845,31.484413393965404,6800,test,3071.983241608241,1.0,1.0,"(5, 2)",66a92e2b14da1ebeb591920c
80.26865504885205,32.36286225250858,6801,test,3073.2332416082413,1.0,1.0,"(5, 2)",66a92e2b14da1ebeb591920c
81.15793993173565,33.24131111105196,6802,test,3074.4832416082418,1.0,1.0,"(5, 2)",66a92e2b14da1ebeb591920c
82.04722481461926,34.119759969595336,6803,test,3075.733241608242,1.0,1.0,"(5, 2)",66a92e2b14da1ebeb591920c
82.93650969750286,34.998208828138715,6804,test,3076.9832416082427,1.0,1.0,"(5, 2)",66a92e2b14da1ebeb591920c
83.82579458038605,35.876657686682094,6805,test,3078.233241608243,1.0,1.0,"(5, 2)",66a92e2b14da1ebeb591920c
84.71507946326906,36.75510654522547,6806,test,3079.483241608243,1.0,1.0,"(5, 2)",66a92e2b14da1ebeb591920c
85.60436434615207,37.63355540376885,6807,test,3080.733241608243,1.0,1.0,"(5, 2)",66a92e2b14da1ebeb591920c
86.49364922903507,38.51200426231223,6808,test,3081.983241608243,1.0,1.0,"(5, 2)",66a92e2b14da1ebeb591920c
87.38293411191808,39.39045312085561,6809,test,3083.233241608243,1.0,1.0,"(5, 2)",66a92e2b14da1ebeb591920c
88.0,40.0,6810,test,3084.1006041092246,1.0,1.0,"(5, 2)",66a92e2b14da1ebeb591920c
88.0,40.0,6811,test,3084.1006041092246,1.0,1.0,"(5, 2)",66a92e2b14da1ebeb591920c
88.0,40.0,6812,test,3084.1006041092246,1.0,1.0,"(5, 2)",66a92e2b14da1ebeb591920c
88.0,40.0,6813,test,3084.1006041092246,1.0,1.0,"(5, 2)",66a92e2b14da1ebeb591920c
88.0,40.0,6814,test,3084.1006041092246,1.0,1.0,"(5, 2)",66a92e2b14da1ebeb591920c
88.0,40.0,6815,test,3084.1006041092246,1.0,1.0,"(5, 2)",66a92e2b14da1ebeb591920c
88.0,40.0,6816,test,3084.1006041092246,1.0,1.0,"(5, 2)",66a92e2b14da1ebeb591920c
88.0,40.0,6817,test,3084.1006041092246,1.0,1.0,"(5, 2)",66a92e2b14da1ebeb591920c
88.0,40.0,6818,test,3084.1006041092246,1.0,1.0,"(5, 2)",66a92e2b14da1ebeb591920c
88.0,40.0,6819,test,3084.1006041092246,1.0,1.0,"(5, 2)",66a92e2b14da1ebeb591920c
88.0,40.0,6820,test,3084.1006041092246,1.0,1.0,"(5, 2)",66a92e2b14da1ebeb591920c
88.0,40.0,6821,test,3084.1006041092246,1.0,1.0,"(5, 2)",66a92e2b14da1ebeb591920c
88.0,40.0,6822,test,3084.1006041092246,1.0,1.0,"(5, 2)",66a92e2b14da1ebeb591920c
88.0,40.0,6823,test,3084.1006041092246,1.0,1.0,"(5, 2)",66a92e2b14da1ebeb591920c
88.0,40.0,6824,test,3084.1006041092246,1.0,1.0,"(5, 2)",66a92e2b14da1ebeb591920c
88.0,40.0,6825,test,3084.1006041092246,1.0,1.0,"(5, 2)",66a92e2b14da1ebeb591920c
88.0,40.0,6826,test,3084.1006041092246,1.0,1.0,"(5, 2)",66a92e2b14da1ebeb591920c
88.0,40.0,6827,test,3084.1006041092246,1.0,1.0,"(5, 2)",66a92e2b14da1ebeb591920c
88.0,40.0,6828,test,3084.1006041092246,1.0,1.0,"(5, 2)",66a92e2b14da1ebeb591920c
88.0,40.0,6829,test,3084.1006041092246,1.0,1.0,"(5, 2)",66a92e2b14da1ebeb591920c
88.0,40.0,6830,test,3084.1006041092246,1.0,1.0,"(5, 2)",66a92e2b14da1ebeb591920c
88.0,40.0,6831,test,3084.1006041092246,1.0,1.0,"(5, 2)",66a92e2b14da1ebeb591920c
88.0,40.0,6832,test,3084.1006041092246,1.0,1.0,"(5, 2)",66a92e2b14da1ebeb591920c
88.0,40.0,6833,test,3084.1006041092246,1.0,1.0,"(5, 2)",66a92e2b14da1ebeb591920c
88.0,40.0,6834,test,3084.1006041092246,1.0,1.0,"(5, 2)",66a92e2b14da1ebeb591920c
88.0,40.0,6835,test,3084.1006041092246,1.0,1.0,"(5, 2)",66a92e2b14da1ebeb591920c
88.0,40.0,6836,test,3084.1006041092246,1.0,1.0,"(5, 2)",66a92e2b14da1ebeb591920c
88.0,40.0,6837,test,3084.1006041092246,1.0,1.0,"(5, 2)",66a92e2b14da1ebeb591920c
88.0,40.0,6838,test,3084.1006041092246,1.0,1.0,"(5, 2)",66a92e2b14da1ebeb591920c
88.0,40.0,6839,test,3084.1006041092246,1.0,1.0,"(5, 2)",66a92e2b14da1ebeb591920c
88.0,40.0,6840,test,3084.1006041092246,1.0,1.0,"(5, 2)",66a92e2b14da1ebeb591920c
88.0,40.0,6841,test,3084.1006041092246,1.0,1.0,"(5, 2)",66a92e2b14da1ebeb591920c
88.0,40.0,6842,test,3084.1006041092246,1.0,1.0,"(5, 2)",66a92e2b14da1ebeb591920c
88.0,40.0,6843,test,3084.1006041092246,1.0,1.0,"(5, 2)",66a92e2b14da1ebeb591920c
88.0,40.0,6844,test,3084.1006041092246,1.0,1.0,"(5, 2)",66a92e2b14da1ebeb591920c
88.0,40.0,6845,test,3084.1006041092246,1.0,1.0,"(5, 2)",66a92e2b14da1ebeb591920c
88.0,40.0,6846,test,3084.1006041092246,1.0,1.0,"(5, 2)",66a92e2b14da1ebeb591920c
88.0,40.0,6847,test,3084.1006041092246,1.0,1.0,"(5, 2)",66a92e2b14da1ebeb591920c
88.0,40.0,6848,test,3084.1006041092246,1.0,1.0,"(5, 2)",66a92e2b14da1ebeb591920c
88.0,40.0,6849,test,3084.1006041092246,1.0,1.0,"(5, 2)",66a92e2b14da1ebeb591920c
88.0,40.0,6850,test,3084.1006041092246,1.0,1.0,"(5, 2)",66a92e2b14da1ebeb591920c
88.0,40.0,6851,test,3084.1006041092246,1.0,1.0,"(5, 2)",66a92e2b14da1ebeb591920c
88.0,40.0,6852,test,3084.1006041092246,1.0,1.0,"(5, 2)",66a92e2b14da1ebeb591920c
88.0,40.0,6853,test,3084.1006041092246,1.0,1.0,"(5, 2)",66a92e2b14da1ebeb591920c
88.0,40.0,6854,test,3084.1006041092246,1.0,1.0,"(5, 2)",66a92e2b14da1ebeb591920c
88.0,40.0,6855,test,3084.1006041092246,1.0,1.0,"(5, 2)",66a92e2b14da1ebeb591920c
88.0,40.0,6856,test,3084.1006041092246,1.0,1.0,"(5, 2)",66a92e2b14da1ebeb591920c
88.0,40.0,6857,test,3084.1006041092246,1.0,1.0,"(5, 2)",66a92e2b14da1ebeb591920c
88.0,40.0,6858,test,3084.1006041092246,1.0,1.0,"(5, 2)",66a92e2b14da1ebeb591920c
88.0,40.0,6859,test,3084.1006041092246,1.0,1.0,"(5, 2)",66a92e2b14da1ebeb591920c
88.0,40.0,6860,test,3084.1006041092246,1.0,1.0,"(5, 2)",66a92e2b14da1ebeb591920c
88.0,40.0,6861,test,3084.1006041092246,1.0,1.0,"(5, 2)",66a92e2b14da1ebeb591920c
88.0,40.0,6862,test,3084.1006041092246,1.0,1.0,"(5, 2)",66a92e2b14da1ebeb591920c
88.0,40.0,6863,test,3084.1006041092246,1.0,1.0,"(5, 2)",66a92e2b14da1ebeb591920c
88.0,40.0,6864,test,3084.1006041092246,1.0,1.0,"(5, 2)",66a92e2b14da1ebeb591920c
88.0,40.0,6865,test,3084.1006041092246,1.0,1.0,"(5, 2)",66a92e2b14da1ebeb591920c
88.0,40.0,6866,test,3084.1006041092246,1.0,1.0,"(5, 2)",66a92e2b14da1ebeb591920c
88.0,40.0,6867,test,3084.1006041092246,1.0,1.0,"(5, 2)",66a92e2b14da1ebeb591920c
88.0,40.0,6868,test,3084.1006041092246,1.0,1.0,"(5, 2)",66a92e2b14da1ebeb591920c
88.0,40.0,6869,test,3084.1006041092246,1.0,1.0,"(5, 2)",66a92e2b14da1ebeb591920c
88.0,40.0,6870,test,3084.1006041092246,1.0,1.0,"(5, 2)",66a92e2b14da1ebeb591920c
88.0,40.0,6871,test,3084.1006041092246,1.0,1.0,"(5, 2)",66a92e2b14da1ebeb591920c
88.0,40.0,6872,test,3084.1006041092246,1.0,1.0,"(5, 2)",66a92e2b14da1ebeb591920c
88.0,40.0,6873,test,3084.1006041092246,1.0,1.0,"(5, 2)",66a92e2b14da1ebeb591920c
88.0,40.0,6874,test,3084.1006041092246,1.0,1.0,"(5, 2)",66a92e2b14da1ebeb591920c
88.0,40.0,6875,test,3084.1006041092246,1.0,1.0,"(5, 2)",66a92e2b14da1ebeb591920c
88.0,40.0,6876,test,3084.1006041092246,1.0,1.0,"(5, 2)",66a92e2b14da1ebeb591920c
88.0,40.0,6877,test,3084.1006041092246,1.0,1.0,"(5, 2)",66a92e2b14da1ebeb591920c
88.0,40.0,6878,test,3084.1006041092246,1.0,1.0,"(5, 2)",66a92e2b14da1ebeb591920c
88.0,40.0,6879,test,3084.1006041092246,1.0,1.0,"(5, 2)",66a92e2b14da1ebeb591920c
88.0,40.0,6880,test,3084.1006041092246,1.0,1.0,"(5, 2)",66a92e2b14da1ebeb591920c
88.0,40.0,6881,test,3084.1006041092246,1.0,1.0,"(5, 2)",66a92e2b14da1ebeb591920c
88.0,40.0,6882,test,3084.1006041092246,1.0,1.0,"(5, 2)",66a92e2b14da1ebeb591920c
88.0,40.0,6883,test,3084.1006041092246,1.0,1.0,"(5, 2)",66a92e2b14da1ebeb591920c
88.0,40.0,6884,test,3084.1006041092246,1.0,1.0,"(5, 2)",66a92e2b14da1ebeb591920c
88.0,40.0,6885,test,3084.1006041092246,1.0,1.0,"(5, 2)",66a92e2b14da1ebeb591920c
88.0,40.0,6886,test,3084.1006041092246,1.0,1.0,"(5, 2)",66a92e2b14da1ebeb591920c
88.0,40.0,6887,test,3084.1006041092246,1.0,1.0,"(5, 2)",66a92e2b14da1ebeb591920c
88.0,40.0,6888,test,3084.1006041092246,1.0,1.0,"(5, 2)",66a92e2b14da1ebeb591920c
88.0,40.0,6889,test,3084.1006041092246,1.0,1.0,"(5, 2)",66a92e2b14da1ebeb591920c
88.0,40.0,6890,test,3084.1006041092246,1.0,1.0,"(5, 2)",66a92e2b14da1ebeb591920c
88.0,40.0,6891,test,3084.1006041092246,1.0,1.0,"(5, 2)",66a92e2b14da1ebeb591920c
88.0,40.0,6892,test,3084.1006041092246,1.0,1.0,"(5, 2)",66a92e2b14da1ebeb591920c
88.0,40.0,6893,test,3084.1006041092246,1.0,1.0,"(5, 2)",66a92e2b14da1ebeb591920c
88.0,40.0,6894,test,3084.1006041092246,1.0,1.0,"(5, 2)",66a92e2b14da1ebeb591920c
88.0,40.0,6895,test,3084.1006041092246,1.0,1.0,"(5, 2)",66a92e2b14da1ebeb591920c
88.0,40.0,6896,test,3084.1006041092246,1.0,1.0,"(5, 2)",66a92e2b14da1ebeb591920c
86.74999999999972,40.0,6897,test,3085.350604109225,1.0,1.0,"(5, 2)",66a92e2b14da1ebeb591920c
85.49999999999943,40.0,6898,test,3086.6006041092255,1.0,1.0,"(5, 2)",66a92e2b14da1ebeb591920c
84.24999999999915,40.0,6899,test,3087.850604109226,1.0,1.0,"(5, 2)",66a92e2b14da1ebeb591920c
82.99999999999886,40.0,6900,test,3089.1006041092264,1.0,1.0,"(5, 2)",66a92e2b14da1ebeb591920c
81.74999999999858,40.0,6901,test,3090.350604109227,1.0,1.0,"(5, 2)",66a92e2b14da1ebeb591920c
80.4999999999983,40.0,6902,test,3091.6006041092273,1.0,1.0,"(5, 2)",66a92e2b14da1ebeb591920c
79.24999999999801,40.0,6903,test,3092.850604109228,1.0,1.0,"(5, 2)",66a92e2b14da1ebeb591920c
77.99999999999773,40.0,6904,test,3094.1006041092282,1.0,1.0,"(5, 2)",66a92e2b14da1ebeb591920c
76.74999999999744,40.0,6905,test,3095.3506041092287,1.0,1.0,"(5, 2)",66a92e2b14da1ebeb591920c
75.49999999999716,40.0,6906,test,3096.600604109229,1.0,1.0,"(5, 2)",66a92e2b14da1ebeb591920c
74.24999999999687,40.0,6907,test,3097.8506041092296,1.0,1.0,"(5, 2)",66a92e2b14da1ebeb591920c
72.99999999999659,40.0,6908,test,3099.10060410923,1.0,1.0,"(5, 2)",66a92e2b14da1ebeb591920c
71.87983173883686,40.31621556657754,6909,test,3100.264549648272,1.0,1.0,"(5, 2)",66a92e2b14da1ebeb591920c
70.9904754578381,41.19459214040404,6910,test,3101.5145496482714,1.0,1.0,"(5, 2)",66a92e2b14da1ebeb591920c
70.10111917683935,42.07296871423054,6911,test,3102.764549648271,1.0,1.0,"(5, 2)",66a92e2b14da1ebeb591920c
69.2117628958406,42.95134528805704,6912,test,3104.0145496482705,1.0,1.0,"(5, 2)",66a92e2b14da1ebeb591920c
68.32240661484184,43.82972186188354,6913,test,3105.26454964827,1.0,1.0,"(5, 2)",66a92e2b14da1ebeb591920c
67.43305033384308,44.70809843571004,6914,test,3106.5145496482696,1.0,1.0,"(5, 2)",66a92e2b14da1ebeb591920c
66.54369405284433,45.58647500953654,6915,test,3107.764549648269,1.0,1.0,"(5, 2)",66a92e2b14da1ebeb591920c
65.65433777184558,46.46485158336304,6916,test,3109.0145496482687,1.0,1.0,"(5, 2)",66a92e2b14da1ebeb591920c
64.76498149084682,47.34322815718954,6917,test,3110.2645496482683,1.0,1.0,"(5, 2)",66a92e2b14da1ebeb591920c
63.87562520984797,48.22160473101604,6918,test,3111.514549648268,1.0,1.0,"(5, 2)",66a92e2b14da1ebeb591920c
62.9862689288485,49.099981304842544,6919,test,3112.764549648268,1.0,1.0,"(5, 2)",66a92e2b14da1ebeb591920c
62.09691264784904,49.978357878669044,6920,test,3114.014549648268,1.0,1.0,"(5, 2)",66a92e2b14da1ebeb591920c
61.20755636684957,50.856734452495544,6921,test,3115.264549648268,1.0,1.0,"(5, 2)",66a92e2b14da1ebeb591920c
60.31820008585011,51.735111026322045,6922,test,3116.514549648268,1.0,1.0,"(5, 2)",66a92e2b14da1ebeb591920c
59.42884380485064,52.613487600148545,6923,test,3117.764549648268,1.0,1.0,"(5, 2)",66a92e2b14da1ebeb591920c
58.53948752385118,53.491864173975046,6924,test,3119.014549648268,1.0,1.0,"(5, 2)",66a92e2b14da1ebeb591920c
57.650131242851714,54.370240747801546,6925,test,3120.264549648268,1.0,1.0,"(5, 2)",66a92e2b14da1ebeb591920c
56.76077496185225,55.24861732162794,6926,test,3121.514549648268,1.0,1.0,"(5, 2)",66a92e2b14da1ebeb591920c
56.0,56.0,6927,test,3122.583827194997,1.0,1.0,"(5, 2)",66a92e2b14da1ebeb591920c
56.0,56.0,6928,test,3122.583827194997,1.0,1.0,"(5, 2)",66a92e2b14da1ebeb591920c
56.0,56.0,6929,test,3122.583827194997,1.0,1.0,"(5, 2)",66a92e2b14da1ebeb591920c
56.0,56.0,6930,test,3122.583827194997,1.0,1.0,"(5, 2)",66a92e2b14da1ebeb591920c
56.0,56.0,6931,test,3122.583827194997,1.0,1.0,"(5, 2)",66a92e2b14da1ebeb591920c
56.0,56.0,6932,test,3122.583827194997,1.0,1.0,"(5, 2)",66a92e2b14da1ebeb591920c
56.0,56.0,6933,test,3122.583827194997,1.0,1.0,"(5, 2)",66a92e2b14da1ebeb591920c
56.0,56.0,6934,test,3122.583827194997,1.0,1.0,"(5, 2)",66a92e2b14da1ebeb591920c
56.0,56.0,6935,test,3122.583827194997,1.0,1.0,"(5, 2)",66a92e2b14da1ebeb591920c
56.0,56.0,6936,test,3122.583827194997,1.0,1.0,"(5, 2)",66a92e2b14da1ebeb591920c
56.0,56.0,6937,test,3122.583827194997,1.0,1.0,"(5, 2)",66a92e2b14da1ebeb591920c
56.0,56.0,6938,test,3122.583827194997,1.0,1.0,"(5, 2)",66a92e2b14da1ebeb591920c
56.0,56.0,6939,test,3122.583827194997,1.0,1.0,"(5, 2)",66a92e2b14da1ebeb591920c
56.0,56.0,6940,test,3122.583827194997,1.0,1.0,"(5, 2)",66a92e2b14da1ebeb591920c
56.0,56.0,6941,test,3122.583827194997,1.0,1.0,"(5, 2)",66a92e2b14da1ebeb591920c
56.0,56.0,6942,test,3122.583827194997,1.0,1.0,"(5, 2)",66a92e2b14da1ebeb591920c
56.0,56.0,6943,test,3122.583827194997,1.0,1.0,"(5, 2)",66a92e2b14da1ebeb591920c
56.0,56.0,6944,test,3122.583827194997,1.0,1.0,"(5, 2)",66a92e2b14da1ebeb591920c
56.0,56.0,6945,test,3122.583827194997,1.0,1.0,"(5, 2)",66a92e2b14da1ebeb591920c
56.0,56.0,6946,test,3122.583827194997,1.0,1.0,"(5, 2)",66a92e2b14da1ebeb591920c
56.0,56.0,6947,test,3122.583827194997,1.0,1.0,"(5, 2)",66a92e2b14da1ebeb591920c
56.0,56.0,6948,test,3122.583827194997,1.0,1.0,"(5, 2)",66a92e2b14da1ebeb591920c
56.0,56.0,6949,test,3122.583827194997,1.0,1.0,"(5, 2)",66a92e2b14da1ebeb591920c
56.0,56.0,6950,test,3122.583827194997,1.0,1.0,"(5, 2)",66a92e2b14da1ebeb591920c
56.0,56.0,6951,test,3122.583827194997,1.0,1.0,"(5, 2)",66a92e2b14da1ebeb591920c
56.0,56.0,6952,test,3122.583827194997,1.0,1.0,"(5, 2)",66a92e2b14da1ebeb591920c
56.0,56.0,6953,test,3122.583827194997,1.0,1.0,"(5, 2)",66a92e2b14da1ebeb591920c
56.0,54.749999999999716,6954,test,3123.8338271949974,1.0,1.0,"(5, 2)",66a92e2b14da1ebeb591920c
56.0,53.49999999999943,6955,test,3125.083827194998,1.0,1.0,"(5, 2)",66a92e2b14da1ebeb591920c
56.0,52.24999999999915,6956,test,3126.3338271949983,1.0,1.0,"(5, 2)",66a92e2b14da1ebeb591920c
56.0,50.99999999999886,6957,test,3127.583827194999,1.0,1.0,"(5, 2)",66a92e2b14da1ebeb591920c
56.0,49.74999999999858,6958,test,3128.8338271949992,1.0,1.0,"(5, 2)",66a92e2b14da1ebeb591920c
56.0,48.499999999998295,6959,test,3130.0838271949997,1.0,1.0,"(5, 2)",66a92e2b14da1ebeb591920c
56.0,47.24999999999801,6960,test,3131.333827195,1.0,1.0,"(5, 2)",66a92e2b14da1ebeb591920c
56.0,45.999999999997726,6961,test,3132.5838271950006,1.0,1.0,"(5, 2)",66a92e2b14da1ebeb591920c
56.0,44.74999999999744,6962,test,3133.833827195001,1.0,1.0,"(5, 2)",66a92e2b14da1ebeb591920c
56.0,43.49999999999716,6963,test,3135.0838271950015,1.0,1.0,"(5, 2)",66a92e2b14da1ebeb591920c
56.0,42.249999999996874,6964,test,3136.333827195002,1.0,1.0,"(5, 2)",66a92e2b14da1ebeb591920c
56.0,40.99999999999659,6965,test,3137.5838271950024,1.0,1.0,"(5, 2)",66a92e2b14da1ebeb591920c
55.68378443342246,39.8798317388366,6966,test,3138.7477727340447,1.0,1.0,"(5, 2)",66a92e2b14da1ebeb591920c
54.80540785959596,38.990475457837135,6967,test,3139.9977727340447,1.0,1.0,"(5, 2)",66a92e2b14da1ebeb591920c
53.92703128576946,38.10111917683767,6968,test,3141.2477727340447,1.0,1.0,"(5, 2)",66a92e2b14da1ebeb591920c
53.04865471194296,37.211762895838206,6969,test,3142.4977727340447,1.0,1.0,"(5, 2)",66a92e2b14da1ebeb591920c
52.17027813811646,36.32240661483874,6970,test,3143.7477727340447,1.0,1.0,"(5, 2)",66a92e2b14da1ebeb591920c
51.29190156428996,35.433050333839276,6971,test,3144.9977727340447,1.0,1.0,"(5, 2)",66a92e2b14da1ebeb591920c
50.41352499046346,34.543694052839896,6972,test,3146.2477727340447,1.0,1.0,"(5, 2)",66a92e2b14da1ebeb591920c
49.53514841663696,33.654337771840936,6973,test,3147.4977727340447,1.0,1.0,"(5, 2)",66a92e2b14da1ebeb591920c
48.65677184281046,32.76498149084197,6974,test,3148.7477727340447,1.0,1.0,"(5, 2)",66a92e2b14da1ebeb591920c
47.77839526898396,31.875625209842987,6975,test,3149.9977727340447,1.0,1.0,"(5, 2)",66a92e2b14da1ebeb591920c
46.900018695157456,30.986268928843877,6976,test,3151.2477727340447,1.0,1.0,"(5, 2)",66a92e2b14da1ebeb591920c
46.021642121330956,30.096912647844768,6977,test,3152.4977727340447,1.0,1.0,"(5, 2)",66a92e2b14da1ebeb591920c
45.143265547504456,29.207556366845658,6978,test,3153.7477727340447,1.0,1.0,"(5, 2)",66a92e2b14da1ebeb591920c
44.264888973677955,28.31820008584655,6979,test,3154.9977727340447,1.0,1.0,"(5, 2)",66a92e2b14da1ebeb591920c
43.386512399851455,27.42884380484744,6980,test,3156.2477727340447,1.0,1.0,"(5, 2)",66a92e2b14da1ebeb591920c
42.508135826024954,26.53948752384833,6981,test,3157.4977727340447,1.0,1.0,"(5, 2)",66a92e2b14da1ebeb591920c
41.629759252198454,25.650131242849476,6982,test,3158.7477727340442,1.0,1.0,"(5, 2)",66a92e2b14da1ebeb591920c
40.75138267837175,24.76077496185072,6983,test,3159.9977727340442,1.0,1.0,"(5, 2)",66a92e2b14da1ebeb591920c
39.73925317882805,24.186261912236056,6984,test,3161.161590317699,1.0,1.0,"(5, 2)",66a92e2b14da1ebeb591920c
38.489340700231935,24.17147016285977,6985,test,3162.411590317699,1.0,1.0,"(5, 2)",66a92e2b14da1ebeb591920c
37.23942822163582,24.156678413483483,6986,test,3163.661590317699,1.0,1.0,"(5, 2)",66a92e2b14da1ebeb591920c
35.9895157430397,24.141886664107197,6987,test,3164.911590317699,1.0,1.0,"(5, 2)",66a92e2b14da1ebeb591920c
34.73960326444359,24.12709491473091,6988,test,3166.161590317699,1.0,1.0,"(5, 2)",66a92e2b14da1ebeb591920c
33.48969078584747,24.112303165354625,6989,test,3167.411590317699,1.0,1.0,"(5, 2)",66a92e2b14da1ebeb591920c
32.239778307251356,24.09751141597834,6990,test,3168.661590317699,1.0,1.0,"(5, 2)",66a92e2b14da1ebeb591920c
30.98986582865524,24.082719666602053,6991,test,3169.911590317699,1.0,1.0,"(5, 2)",66a92e2b14da1ebeb591920c
29.739953350059125,24.067927917225767,6992,test,3171.161590317699,1.0,1.0,"(5, 2)",66a92e2b14da1ebeb591920c
28.49004087146301,24.05313616784948,6993,test,3172.411590317699,1.0,1.0,"(5, 2)",66a92e2b14da1ebeb591920c
27.240128392866893,24.038344418473194,6994,test,3173.661590317699,1.0,1.0,"(5, 2)",66a92e2b14da1ebeb591920c
25.990215914270777,24.023552669096908,6995,test,3174.911590317699,1.0,1.0,"(5, 2)",66a92e2b14da1ebeb591920c
24.74030343567466,24.008760919720622,6996,test,3176.161590317699,1.0,1.0,"(5, 2)",66a92e2b14da1ebeb591920c
24.0,24.0,6997,test,3176.9019455909197,1.0,1.0,"(5, 2)",66a92e2b14da1ebeb591920c
24.0,24.0,6998,test,3176.9019455909197,1.0,1.0,"(5, 2)",66a92e2b14da1ebeb591920c
24.0,24.0,6999,test,3176.9019455909197,1.0,1.0,"(5, 2)",66a92e2b14da1ebeb591920c
24.0,24.0,7000,test,3176.9019455909197,1.0,1.0,"(5, 2)",66a92e2b14da1ebeb591920c
24.0,24.0,7001,test,3176.9019455909197,1.0,1.0,"(5, 2)",66a92e2b14da1ebeb591920c
24.0,24.0,7002,test,3176.9019455909197,1.0,1.0,"(5, 2)",66a92e2b14da1ebeb591920c
24.0,24.0,7003,test,3176.9019455909197,1.0,1.0,"(5, 2)",66a92e2b14da1ebeb591920c
24.0,24.0,7004,test,3176.9019455909197,1.0,1.0,"(5, 2)",66a92e2b14da1ebeb591920c
24.0,24.0,7005,test,3176.9019455909197,1.0,1.0,"(5, 2)",66a92e2b14da1ebeb591920c
24.0,24.0,7006,test,3176.9019455909197,1.0,1.0,"(5, 2)",66a92e2b14da1ebeb591920c
24.0,24.0,7007,test,3176.9019455909197,1.0,1.0,"(5, 2)",66a92e2b14da1ebeb591920c
24.0,24.0,7008,test,3176.9019455909197,1.0,1.0,"(5, 2)",66a92e2b14da1ebeb591920c
24.0,24.0,7009,test,3176.9019455909197,1.0,1.0,"(5, 2)",66a92e2b14da1ebeb591920c
24.0,24.0,7010,test,3176.9019455909197,1.0,1.0,"(5, 2)",66a92e2b14da1ebeb591920c
24.0,24.0,7011,test,3176.9019455909197,1.0,1.0,"(5, 2)",66a92e2b14da1ebeb591920c
24.0,24.0,7012,test,3176.9019455909197,1.0,1.0,"(5, 2)",66a92e2b14da1ebeb591920c
24.0,24.0,7013,test,3176.9019455909197,1.0,1.0,"(5, 2)",66a92e2b14da1ebeb591920c
24.0,24.0,7014,test,3176.9019455909197,1.0,1.0,"(5, 2)",66a92e2b14da1ebeb591920c
24.0,24.0,7015,test,3176.9019455909197,1.0,1.0,"(5, 2)",66a92e2b14da1ebeb591920c
24.0,24.0,7016,test,3176.9019455909197,1.0,1.0,"(5, 2)",66a92e2b14da1ebeb591920c
24.0,24.0,7017,test,3176.9019455909197,1.0,1.0,"(5, 2)",66a92e2b14da1ebeb591920c
24.0,24.0,7018,test,3176.9019455909197,1.0,1.0,"(5, 2)",66a92e2b14da1ebeb591920c
24.0,24.0,7019,test,3176.9019455909197,1.0,1.0,"(5, 2)",66a92e2b14da1ebeb591920c
24.0,24.0,7020,test,3176.9019455909197,1.0,1.0,"(5, 2)",66a92e2b14da1ebeb591920c
24.0,24.0,7021,test,3176.9019455909197,1.0,1.0,"(5, 2)",66a92e2b14da1ebeb591920c
24.0,24.0,7022,test,3176.9019455909197,1.0,1.0,"(5, 2)",66a92e2b14da1ebeb591920c
24.0,24.0,7023,test,3176.9019455909197,1.0,1.0,"(5, 2)",66a92e2b14da1ebeb591920c
24.0,24.0,7024,test,3176.9019455909197,1.0,1.0,"(5, 2)",66a92e2b14da1ebeb591920c
24.0,24.0,7025,test,3176.9019455909197,1.0,1.0,"(5, 2)",66a92e2b14da1ebeb591920c
24.0,24.0,7026,test,3176.9019455909197,1.0,1.0,"(5, 2)",66a92e2b14da1ebeb591920c
24.0,24.0,7027,test,3176.9019455909197,1.0,1.0,"(5, 2)",66a92e2b14da1ebeb591920c
24.0,24.0,7028,test,3176.9019455909197,1.0,1.0,"(5, 2)",66a92e2b14da1ebeb591920c
24.0,24.0,7029,test,3176.9019455909197,1.0,1.0,"(5, 2)",66a92e2b14da1ebeb591920c
24.0,24.0,7030,test,3176.9019455909197,1.0,1.0,"(5, 2)",66a92e2b14da1ebeb591920c
24.0,24.0,7031,test,3176.9019455909197,1.0,1.0,"(5, 2)",66a92e2b14da1ebeb591920c
24.0,24.0,7032,test,3176.9019455909197,1.0,1.0,"(5, 2)",66a92e2b14da1ebeb591920c
24.0,24.0,7033,test,3176.9019455909197,1.0,1.0,"(5, 2)",66a92e2b14da1ebeb591920c
24.0,24.0,7034,test,3176.9019455909197,1.0,1.0,"(5, 2)",66a92e2b14da1ebeb591920c
24.0,24.0,7035,test,3176.9019455909197,1.0,1.0,"(5, 2)",66a92e2b14da1ebeb591920c
24.0,24.0,7036,test,3176.9019455909197,1.0,1.0,"(5, 2)",66a92e2b14da1ebeb591920c
24.0,24.0,7037,test,3176.9019455909197,1.0,1.0,"(5, 2)",66a92e2b14da1ebeb591920c
24.0,24.0,7038,test,3176.9019455909197,1.0,1.0,"(5, 2)",66a92e2b14da1ebeb591920c
24.0,24.0,7039,test,3176.9019455909197,1.0,1.0,"(5, 2)",66a92e2b14da1ebeb591920c
24.0,24.0,7040,test,3176.9019455909197,1.0,1.0,"(5, 2)",66a92e2b14da1ebeb591920c
24.0,24.0,7041,test,3176.9019455909197,1.0,1.0,"(5, 2)",66a92e2b14da1ebeb591920c
24.0,24.0,7042,test,3176.9019455909197,1.0,1.0,"(5, 2)",66a92e2b14da1ebeb591920c
24.0,24.0,7043,test,3176.9019455909197,1.0,1.0,"(5, 2)",66a92e2b14da1ebeb591920c
24.0,24.0,7044,test,3176.9019455909197,1.0,1.0,"(5, 2)",66a92e2b14da1ebeb591920c
24.0,24.0,7045,test,3176.9019455909197,1.0,1.0,"(5, 2)",66a92e2b14da1ebeb591920c
24.0,24.0,7046,test,3176.9019455909197,1.0,1.0,"(5, 2)",66a92e2b14da1ebeb591920c
24.0,24.0,7047,test,3176.9019455909197,1.0,1.0,"(5, 2)",66a92e2b14da1ebeb591920c
24.0,24.0,7048,test,3176.9019455909197,1.0,1.0,"(5, 2)",66a92e2b14da1ebeb591920c
24.0,24.0,7049,test,3176.9019455909197,1.0,1.0,"(5, 2)",66a92e2b14da1ebeb591920c
24.0,24.0,7050,test,3176.9019455909197,1.0,1.0,"(5, 2)",66a92e2b14da1ebeb591920c
24.0,24.0,7051,test,3176.9019455909197,1.0,1.0,"(5, 2)",66a92e2b14da1ebeb591920c
24.0,24.0,7052,test,3176.9019455909197,1.0,1.0,"(5, 2)",66a92e2b14da1ebeb591920c
24.0,24.0,7053,test,3176.9019455909197,1.0,1.0,"(5, 2)",66a92e2b14da1ebeb591920c
24.0,24.0,7054,test,3176.9019455909197,1.0,1.0,"(5, 2)",66a92e2b14da1ebeb591920c
24.0,24.0,7055,test,3176.9019455909197,1.0,1.0,"(5, 2)",66a92e2b14da1ebeb591920c
24.0,24.0,7056,test,3176.9019455909197,1.0,1.0,"(5, 2)",66a92e2b14da1ebeb591920c
24.0,24.0,7057,test,3176.9019455909197,1.0,1.0,"(5, 2)",66a92e2b14da1ebeb591920c
24.0,24.0,7058,test,3176.9019455909197,1.0,1.0,"(5, 2)",66a92e2b14da1ebeb591920c
24.0,24.0,7059,test,3176.9019455909197,1.0,1.0,"(5, 2)",66a92e2b14da1ebeb591920c
24.0,24.0,7060,test,3176.9019455909197,1.0,1.0,"(5, 2)",66a92e2b14da1ebeb591920c
24.0,24.0,7061,test,3176.9019455909197,1.0,1.0,"(5, 2)",66a92e2b14da1ebeb591920c
24.0,24.0,7062,test,3176.9019455909197,1.0,1.0,"(5, 2)",66a92e2b14da1ebeb591920c
24.0,24.0,7063,test,3176.9019455909197,1.0,1.0,"(5, 2)",66a92e2b14da1ebeb591920c
24.0,24.0,7064,test,3176.9019455909197,1.0,1.0,"(5, 2)",66a92e2b14da1ebeb591920c
24.0,24.0,7065,test,3176.9019455909197,1.0,1.0,"(5, 2)",66a92e2b14da1ebeb591920c
24.0,24.0,7066,test,3176.9019455909197,1.0,1.0,"(5, 2)",66a92e2b14da1ebeb591920c
24.0,24.0,7067,test,3176.9019455909197,1.0,1.0,"(5, 2)",66a92e2b14da1ebeb591920c
24.0,24.0,7068,test,3176.9019455909197,1.0,1.0,"(5, 2)",66a92e2b14da1ebeb591920c
24.0,24.0,7069,test,3176.9019455909197,1.0,1.0,"(5, 2)",66a92e2b14da1ebeb591920c
24.0,24.0,7070,test,3176.9019455909197,1.0,1.0,"(5, 2)",66a92e2b14da1ebeb591920c
24.0,24.0,7071,test,3176.9019455909197,1.0,1.0,"(5, 2)",66a92e2b14da1ebeb591920c
24.0,24.0,7072,test,3176.9019455909197,1.0,1.0,"(5, 2)",66a92e2b14da1ebeb591920c
24.0,24.0,7073,test,3176.9019455909197,1.0,1.0,"(5, 2)",66a92e2b14da1ebeb591920c
24.0,24.0,7074,test,3176.9019455909197,1.0,1.0,"(5, 2)",66a92e2b14da1ebeb591920c
24.0,24.0,7075,test,3176.9019455909197,1.0,1.0,"(5, 2)",66a92e2b14da1ebeb591920c
24.0,24.0,7076,test,3176.9019455909197,1.0,1.0,"(5, 2)",66a92e2b14da1ebeb591920c
24.0,24.0,7077,test,3176.9019455909197,1.0,1.0,"(5, 2)",66a92e2b14da1ebeb591920c
24.0,24.0,7078,test,3176.9019455909197,1.0,1.0,"(5, 2)",66a92e2b14da1ebeb591920c
24.0,24.0,7079,test,3176.9019455909197,1.0,1.0,"(5, 2)",66a92e2b14da1ebeb591920c
24.0,24.0,7080,test,3176.9019455909197,1.0,1.0,"(5, 2)",66a92e2b14da1ebeb591920c
24.0,24.0,7081,test,3176.9019455909197,1.0,1.0,"(5, 2)",66a92e2b14da1ebeb591920c
24.0,24.0,7082,test,3176.9019455909197,1.0,1.0,"(5, 2)",66a92e2b14da1ebeb591920c
24.0,24.0,7083,test,3176.9019455909197,1.0,1.0,"(5, 2)",66a92e2b14da1ebeb591920c
24.0,24.0,7084,test,3176.9019455909197,1.0,1.0,"(5, 2)",66a92e2b14da1ebeb591920c
24.0,24.0,7085,test,3176.9019455909197,1.0,1.0,"(5, 2)",66a92e2b14da1ebeb591920c
24.0,24.0,7086,test,3176.9019455909197,1.0,1.0,"(5, 2)",66a92e2b14da1ebeb591920c
24.0,24.0,7087,test,3176.9019455909197,1.0,1.0,"(5, 2)",66a92e2b14da1ebeb591920c
24.0,24.0,7088,test,3176.9019455909197,1.0,1.0,"(5, 2)",66a92e2b14da1ebeb591920c
24.0,24.0,7089,test,3176.9019455909197,1.0,1.0,"(5, 2)",66a92e2b14da1ebeb591920c
24.0,24.0,7090,test,3176.9019455909197,1.0,1.0,"(5, 2)",66a92e2b14da1ebeb591920c
24.0,24.0,7091,test,3176.9019455909197,1.0,1.0,"(5, 2)",66a92e2b14da1ebeb591920c
24.0,24.0,7092,test,3176.9019455909197,1.0,1.0,"(5, 2)",66a92e2b14da1ebeb591920c
24.0,24.0,7093,test,3176.9019455909197,1.0,1.0,"(5, 2)",66a92e2b14da1ebeb591920c
24.0,24.0,7094,test,3176.9019455909197,1.0,1.0,"(5, 2)",66a92e2b14da1ebeb591920c
24.0,24.0,7095,test,3176.9019455909197,1.0,1.0,"(5, 2)",66a92e2b14da1ebeb591920c
24.0,24.0,7096,test,3176.9019455909197,1.0,1.0,"(5, 2)",66a92e2b14da1ebeb591920c
24.0,24.0,7097,test,3176.9019455909197,1.0,1.0,"(5, 2)",66a92e2b14da1ebeb591920c
24.0,24.0,7098,test,3176.9019455909197,1.0,1.0,"(5, 2)",66a92e2b14da1ebeb591920c
24.0,24.0,7099,test,3176.9019455909197,1.0,1.0,"(5, 2)",66a92e2b14da1ebeb591920c
24.0,24.0,7100,test,3176.9019455909197,1.0,1.0,"(5, 2)",66a92e2b14da1ebeb591920c
24.0,24.0,7101,test,3176.9019455909197,1.0,1.0,"(5, 2)",66a92e2b14da1ebeb591920c
24.0,24.0,7102,test,3176.9019455909197,1.0,1.0,"(5, 2)",66a92e2b14da1ebeb591920c
24.0,24.0,7103,test,3176.9019455909197,1.0,1.0,"(5, 2)",66a92e2b14da1ebeb591920c
24.0,24.0,7104,test,3176.9019455909197,1.0,1.0,"(5, 2)",66a92e2b14da1ebeb591920c
24.0,24.0,7105,test,3176.9019455909197,1.0,1.0,"(5, 2)",66a92e2b14da1ebeb591920c
24.0,24.0,7106,test,3176.9019455909197,1.0,1.0,"(5, 2)",66a92e2b14da1ebeb591920c
24.0,24.0,7107,test,3176.9019455909197,1.0,1.0,"(5, 2)",66a92e2b14da1ebeb591920c
24.0,24.0,7108,test,3176.9019455909197,1.0,1.0,"(5, 2)",66a92e2b14da1ebeb591920c
24.0,24.0,7109,test,3176.9019455909197,1.0,1.0,"(5, 2)",66a92e2b14da1ebeb591920c
24.0,24.0,7110,test,3176.9019455909197,1.0,1.0,"(5, 2)",66a92e2b14da1ebeb591920c
24.0,24.0,7111,test,3176.9019455909197,1.0,1.0,"(5, 2)",66a92e2b14da1ebeb591920c
24.0,24.0,7112,test,3176.9019455909197,1.0,1.0,"(5, 2)",66a92e2b14da1ebeb591920c
24.0,24.0,7113,test,3176.9019455909197,1.0,1.0,"(5, 2)",66a92e2b14da1ebeb591920c
24.0,24.0,7114,test,3176.9019455909197,1.0,1.0,"(5, 2)",66a92e2b14da1ebeb591920c
24.0,24.0,7115,test,3176.9019455909197,1.0,1.0,"(5, 2)",66a92e2b14da1ebeb591920c
24.0,24.0,7116,test,3176.9019455909197,1.0,1.0,"(5, 2)",66a92e2b14da1ebeb591920c
24.0,24.0,7117,test,3176.9019455909197,1.0,1.0,"(5, 2)",66a92e2b14da1ebeb591920c
24.0,24.0,7118,test,3176.9019455909197,1.0,1.0,"(5, 2)",66a92e2b14da1ebeb591920c
24.0,24.0,7119,test,3176.9019455909197,1.0,1.0,"(5, 2)",66a92e2b14da1ebeb591920c
24.0,24.0,7120,test,3176.9019455909197,1.0,1.0,"(5, 2)",66a92e2b14da1ebeb591920c
24.0,24.0,7121,test,3176.9019455909197,1.0,1.0,"(5, 2)",66a92e2b14da1ebeb591920c
24.0,24.0,7122,test,3176.9019455909197,1.0,1.0,"(5, 2)",66a92e2b14da1ebeb591920c
24.0,24.0,7123,test,3176.9019455909197,1.0,1.0,"(5, 2)",66a92e2b14da1ebeb591920c
24.0,24.0,7124,test,3176.9019455909197,1.0,1.0,"(5, 2)",66a92e2b14da1ebeb591920c
24.0,24.0,7125,test,3176.9019455909197,1.0,1.0,"(5, 2)",66a92e2b14da1ebeb591920c
24.0,24.0,7126,test,3176.9019455909197,1.0,1.0,"(5, 2)",66a92e2b14da1ebeb591920c
24.0,24.0,7127,test,3176.9019455909197,1.0,1.0,"(5, 2)",66a92e2b14da1ebeb591920c
24.0,24.0,7128,test,3176.9019455909197,1.0,1.0,"(5, 2)",66a92e2b14da1ebeb591920c
24.0,24.0,7129,test,3176.9019455909197,1.0,1.0,"(5, 2)",66a92e2b14da1ebeb591920c
24.0,24.0,7130,test,3176.9019455909197,1.0,1.0,"(5, 2)",66a92e2b14da1ebeb591920c
24.0,24.0,7131,test,3176.9019455909197,1.0,1.0,"(5, 2)",66a92e2b14da1ebeb591920c
24.0,24.0,7132,test,3176.9019455909197,1.0,1.0,"(5, 2)",66a92e2b14da1ebeb591920c
24.0,24.0,7133,test,3176.9019455909197,1.0,1.0,"(5, 2)",66a92e2b14da1ebeb591920c
24.0,24.0,7134,test,3176.9019455909197,1.0,1.0,"(5, 2)",66a92e2b14da1ebeb591920c
24.0,24.0,7135,test,3176.9019455909197,1.0,1.0,"(5, 2)",66a92e2b14da1ebeb591920c
24.0,24.0,7136,test,3176.9019455909197,1.0,1.0,"(5, 2)",66a92e2b14da1ebeb591920c
24.0,24.0,7137,test,3176.9019455909197,1.0,1.0,"(5, 2)",66a92e2b14da1ebeb591920c
24.0,24.0,7138,test,3176.9019455909197,1.0,1.0,"(5, 2)",66a92e2b14da1ebeb591920c
24.0,24.0,7139,test,3176.9019455909197,1.0,1.0,"(5, 2)",66a92e2b14da1ebeb591920c
25.24999999999993,24.0,7140,test,3178.1519455909197,1.0,1.0,"(5, 2)",66a92e2b14da1ebeb591920c
26.499999999999858,24.0,7141,test,3179.4019455909197,1.0,1.0,"(5, 2)",66a92e2b14da1ebeb591920c
27.749999999999787,24.0,7142,test,3180.6519455909197,1.0,1.0,"(5, 2)",66a92e2b14da1ebeb591920c
28.999999999999716,24.0,7143,test,3181.9019455909197,1.0,1.0,"(5, 2)",66a92e2b14da1ebeb591920c
30.249999999999645,24.0,7144,test,3183.1519455909197,1.0,1.0,"(5, 2)",66a92e2b14da1ebeb591920c
31.499999999999574,24.0,7145,test,3184.4019455909197,1.0,1.0,"(5, 2)",66a92e2b14da1ebeb591920c
32.749999999999716,24.0,7146,test,3185.6519455909197,1.0,1.0,"(5, 2)",66a92e2b14da1ebeb591920c
34.0,24.0,7147,test,3186.90194559092,1.0,1.0,"(5, 2)",66a92e2b14da1ebeb591920c
35.250000000000284,24.0,7148,test,3188.1519455909206,1.0,1.0,"(5, 2)",66a92e2b14da1ebeb591920c
36.50000000000057,24.0,7149,test,3189.401945590921,1.0,1.0,"(5, 2)",66a92e2b14da1ebeb591920c
37.75000000000085,24.0,7150,test,3190.6519455909215,1.0,1.0,"(5, 2)",66a92e2b14da1ebeb591920c
39.00000000000114,24.0,7151,test,3191.901945590922,1.0,1.0,"(5, 2)",66a92e2b14da1ebeb591920c
40.0,24.0,7152,test,3192.901945590921,1.0,1.0,"(5, 2)",66a92e2b14da1ebeb591920c
40.0,24.0,7153,test,3192.901945590921,1.0,1.0,"(5, 2)",66a92e2b14da1ebeb591920c
40.0,24.0,7154,test,3192.901945590921,1.0,1.0,"(5, 2)",66a92e2b14da1ebeb591920c
40.0,24.0,7155,test,3192.901945590921,1.0,1.0,"(5, 2)",66a92e2b14da1ebeb591920c
40.0,24.0,7156,test,3192.901945590921,1.0,1.0,"(5, 2)",66a92e2b14da1ebeb591920c
40.0,24.0,7157,test,3192.901945590921,1.0,1.0,"(5, 2)",66a92e2b14da1ebeb591920c
40.0,24.0,7158,test,3192.901945590921,1.0,1.0,"(5, 2)",66a92e2b14da1ebeb591920c
40.0,24.0,7159,test,3192.901945590921,1.0,1.0,"(5, 2)",66a92e2b14da1ebeb591920c
40.0,24.0,7160,test,3192.901945590921,1.0,1.0,"(5, 2)",66a92e2b14da1ebeb591920c
40.0,24.0,7161,test,3192.901945590921,1.0,1.0,"(5, 2)",66a92e2b14da1ebeb591920c
40.0,24.0,7162,test,3192.901945590921,1.0,1.0,"(5, 2)",66a92e2b14da1ebeb591920c
40.0,24.0,7163,test,3192.901945590921,1.0,1.0,"(5, 2)",66a92e2b14da1ebeb591920c
40.0,24.0,7164,test,3192.901945590921,1.0,1.0,"(5, 2)",66a92e2b14da1ebeb591920c
40.0,24.0,7165,test,3192.901945590921,1.0,1.0,"(5, 2)",66a92e2b14da1ebeb591920c
40.0,24.0,7166,test,3192.901945590921,1.0,1.0,"(5, 2)",66a92e2b14da1ebeb591920c
40.0,24.0,7167,test,3192.901945590921,1.0,1.0,"(5, 2)",66a92e2b14da1ebeb591920c
40.0,24.0,7168,test,3192.901945590921,1.0,1.0,"(5, 2)",66a92e2b14da1ebeb591920c
40.0,24.0,7169,test,3192.901945590921,1.0,1.0,"(5, 2)",66a92e2b14da1ebeb591920c
40.0,24.0,7170,test,3192.901945590921,1.0,1.0,"(5, 2)",66a92e2b14da1ebeb591920c
40.0,24.0,7171,test,3192.901945590921,1.0,1.0,"(5, 2)",66a92e2b14da1ebeb591920c
40.0,24.0,7172,test,3192.901945590921,1.0,1.0,"(5, 2)",66a92e2b14da1ebeb591920c
40.0,24.0,7173,test,3192.901945590921,1.0,1.0,"(5, 2)",66a92e2b14da1ebeb591920c
40.0,24.0,7174,test,3192.901945590921,1.0,1.0,"(5, 2)",66a92e2b14da1ebeb591920c
40.0,24.0,7175,test,3192.901945590921,1.0,1.0,"(5, 2)",66a92e2b14da1ebeb591920c
40.0,24.0,7176,test,3192.901945590921,1.0,1.0,"(5, 2)",66a92e2b14da1ebeb591920c
40.0,24.0,7177,test,3192.901945590921,1.0,1.0,"(5, 2)",66a92e2b14da1ebeb591920c
40.0,24.0,7178,test,3192.901945590921,1.0,1.0,"(5, 2)",66a92e2b14da1ebeb591920c
40.0,24.0,7179,test,3192.901945590921,1.0,1.0,"(5, 2)",66a92e2b14da1ebeb591920c
40.0,24.0,7180,test,3192.901945590921,1.0,1.0,"(5, 2)",66a92e2b14da1ebeb591920c
40.0,24.0,7181,test,3192.901945590921,1.0,1.0,"(5, 2)",66a92e2b14da1ebeb591920c
40.0,24.0,7182,test,3192.901945590921,1.0,1.0,"(5, 2)",66a92e2b14da1ebeb591920c
40.0,24.0,7183,test,3192.901945590921,1.0,1.0,"(5, 2)",66a92e2b14da1ebeb591920c
40.0,24.0,7184,test,3192.901945590921,1.0,1.0,"(5, 2)",66a92e2b14da1ebeb591920c
40.0,24.0,7185,test,3192.901945590921,1.0,1.0,"(5, 2)",66a92e2b14da1ebeb591920c
40.0,24.0,7186,test,3192.901945590921,1.0,1.0,"(5, 2)",66a92e2b14da1ebeb591920c
40.0,24.0,7187,test,3192.901945590921,1.0,1.0,"(5, 2)",66a92e2b14da1ebeb591920c
40.0,24.0,7188,test,3192.901945590921,1.0,1.0,"(5, 2)",66a92e2b14da1ebeb591920c
40.0,24.0,7189,test,3192.901945590921,1.0,1.0,"(5, 2)",66a92e2b14da1ebeb591920c
40.0,24.0,7190,test,3192.901945590921,1.0,1.0,"(5, 2)",66a92e2b14da1ebeb591920c
40.0,24.0,7191,test,3192.901945590921,1.0,1.0,"(5, 2)",66a92e2b14da1ebeb591920c
40.0,24.0,7192,test,3192.901945590921,1.0,1.0,"(5, 2)",66a92e2b14da1ebeb591920c
40.0,24.0,7193,test,3192.901945590921,1.0,1.0,"(5, 2)",66a92e2b14da1ebeb591920c
40.0,24.0,7194,test,3192.901945590921,1.0,1.0,"(5, 2)",66a92e2b14da1ebeb591920c
40.0,24.0,7195,test,3192.901945590921,1.0,1.0,"(5, 2)",66a92e2b14da1ebeb591920c
40.0,24.0,7196,test,3192.901945590921,1.0,1.0,"(5, 2)",66a92e2b14da1ebeb591920c
40.0,24.0,7197,test,3192.901945590921,1.0,1.0,"(5, 2)",66a92e2b14da1ebeb591920c
40.0,24.0,7198,test,3192.901945590921,1.0,1.0,"(5, 2)",66a92e2b14da1ebeb591920c
40.0,24.0,7199,test,3192.901945590921,1.0,1.0,"(5, 2)",66a92e2b14da1ebeb591920c
40.0,24.0,7200,test,3192.901945590921,1.0,1.0,"(5, 2)",66a92e2b14da1ebeb591920c
40.0,24.0,7201,test,3192.901945590921,1.0,1.0,"(5, 2)",66a92e2b14da1ebeb591920c
40.0,24.0,7202,test,3192.901945590921,1.0,1.0,"(5, 2)",66a92e2b14da1ebeb591920c
40.0,24.0,7203,test,3192.901945590921,1.0,1.0,"(5, 2)",66a92e2b14da1ebeb591920c
40.0,24.0,7204,test,3192.901945590921,1.0,1.0,"(5, 2)",66a92e2b14da1ebeb591920c
40.0,24.0,7205,test,3192.901945590921,1.0,1.0,"(5, 2)",66a92e2b14da1ebeb591920c
40.0,24.0,7206,test,3192.901945590921,1.0,1.0,"(5, 2)",66a92e2b14da1ebeb591920c
40.0,24.0,7207,test,3192.901945590921,1.0,1.0,"(5, 2)",66a92e2b14da1ebeb591920c
40.0,24.0,7208,test,3192.901945590921,1.0,1.0,"(5, 2)",66a92e2b14da1ebeb591920c
40.0,24.0,7209,test,3192.901945590921,1.0,1.0,"(5, 2)",66a92e2b14da1ebeb591920c
40.0,24.0,7210,test,3192.901945590921,1.0,1.0,"(5, 2)",66a92e2b14da1ebeb591920c
40.0,24.0,7211,test,3192.901945590921,1.0,1.0,"(5, 2)",66a92e2b14da1ebeb591920c
40.0,24.0,7212,test,3192.901945590921,1.0,1.0,"(5, 2)",66a92e2b14da1ebeb591920c
40.0,24.0,7213,test,3192.901945590921,1.0,1.0,"(5, 2)",66a92e2b14da1ebeb591920c
40.0,24.0,7214,test,3192.901945590921,1.0,1.0,"(5, 2)",66a92e2b14da1ebeb591920c
41.250000000000284,24.0,7215,test,3194.1519455909215,1.0,1.0,"(5, 2)",66a92e2b14da1ebeb591920c
42.50000000000057,24.0,7216,test,3195.401945590922,1.0,1.0,"(5, 2)",66a92e2b14da1ebeb591920c
43.75000000000085,24.0,7217,test,3196.6519455909224,1.0,1.0,"(5, 2)",66a92e2b14da1ebeb591920c
45.00000000000114,24.0,7218,test,3197.901945590923,1.0,1.0,"(5, 2)",66a92e2b14da1ebeb591920c
46.25000000000142,24.0,7219,test,3199.1519455909233,1.0,1.0,"(5, 2)",66a92e2b14da1ebeb591920c
47.500000000001705,24.0,7220,test,3200.401945590924,1.0,1.0,"(5, 2)",66a92e2b14da1ebeb591920c
48.75000000000199,24.0,7221,test,3201.6519455909242,1.0,1.0,"(5, 2)",66a92e2b14da1ebeb591920c
50.000000000002274,24.0,7222,test,3202.9019455909247,1.0,1.0,"(5, 2)",66a92e2b14da1ebeb591920c
51.25000000000256,24.0,7223,test,3204.151945590925,1.0,1.0,"(5, 2)",66a92e2b14da1ebeb591920c
52.50000000000284,24.0,7224,test,3205.4019455909256,1.0,1.0,"(5, 2)",66a92e2b14da1ebeb591920c
53.750000000003126,24.0,7225,test,3206.651945590926,1.0,1.0,"(5, 2)",66a92e2b14da1ebeb591920c
55.00000000000341,24.0,7226,test,3207.9019455909265,1.0,1.0,"(5, 2)",66a92e2b14da1ebeb591920c
56.250000000003695,24.0,7227,test,3209.151945590927,1.0,1.0,"(5, 2)",66a92e2b14da1ebeb591920c
57.50000000000398,24.0,7228,test,3210.4019455909274,1.0,1.0,"(5, 2)",66a92e2b14da1ebeb591920c
58.75000000000426,24.0,7229,test,3211.651945590928,1.0,1.0,"(5, 2)",66a92e2b14da1ebeb591920c
60.00000000000455,24.0,7230,test,3212.9019455909283,1.0,1.0,"(5, 2)",66a92e2b14da1ebeb591920c
61.25000000000483,24.0,7231,test,3214.151945590929,1.0,1.0,"(5, 2)",66a92e2b14da1ebeb591920c
62.500000000005116,24.0,7232,test,3215.4019455909292,1.0,1.0,"(5, 2)",66a92e2b14da1ebeb591920c
63.7500000000054,24.0,7233,test,3216.6519455909297,1.0,1.0,"(5, 2)",66a92e2b14da1ebeb591920c
65.00000000000568,24.0,7234,test,3217.90194559093,1.0,1.0,"(5, 2)",66a92e2b14da1ebeb591920c
66.25000000000597,24.0,7235,test,3219.1519455909306,1.0,1.0,"(5, 2)",66a92e2b14da1ebeb591920c
67.50000000000625,24.0,7236,test,3220.401945590931,1.0,1.0,"(5, 2)",66a92e2b14da1ebeb591920c
68.75000000000654,24.0,7237,test,3221.6519455909315,1.0,1.0,"(5, 2)",66a92e2b14da1ebeb591920c
70.00000000000682,24.0,7238,test,3222.901945590932,1.0,1.0,"(5, 2)",66a92e2b14da1ebeb591920c
71.2500000000071,24.0,7239,test,3224.1519455909324,1.0,1.0,"(5, 2)",66a92e2b14da1ebeb591920c
72.29803951736653,24.49189088134284,7240,test,3225.3096776277594,1.0,1.0,"(5, 2)",66a92e2b14da1ebeb591920c
73.18739579836529,25.37026745516934,7241,test,3226.559677627759,1.0,1.0,"(5, 2)",66a92e2b14da1ebeb591920c
74.07675207936404,26.24864402899584,7242,test,3227.8096776277584,1.0,1.0,"(5, 2)",66a92e2b14da1ebeb591920c
74.9661083603628,27.12702060282234,7243,test,3229.059677627758,1.0,1.0,"(5, 2)",66a92e2b14da1ebeb591920c
75.85546464136155,28.00539717664884,7244,test,3230.3096776277575,1.0,1.0,"(5, 2)",66a92e2b14da1ebeb591920c
76.7448209223603,28.883773750475342,7245,test,3231.559677627757,1.0,1.0,"(5, 2)",66a92e2b14da1ebeb591920c
77.63417720335906,29.762150324301842,7246,test,3232.8096776277566,1.0,1.0,"(5, 2)",66a92e2b14da1ebeb591920c
78.52353348435781,30.640526898128343,7247,test,3234.059677627756,1.0,1.0,"(5, 2)",66a92e2b14da1ebeb591920c
79.41288976535657,31.518903471954843,7248,test,3235.3096776277557,1.0,1.0,"(5, 2)",66a92e2b14da1ebeb591920c
80.30224604635532,32.39728004578134,7249,test,3236.5596776277553,1.0,1.0,"(5, 2)",66a92e2b14da1ebeb591920c
81.19160232735408,33.275656619607844,7250,test,3237.809677627755,1.0,1.0,"(5, 2)",66a92e2b14da1ebeb591920c
82.08095860835283,34.154033193434344,7251,test,3239.0596776277544,1.0,1.0,"(5, 2)",66a92e2b14da1ebeb591920c
82.97031488935158,35.032409767260845,7252,test,3240.309677627754,1.0,1.0,"(5, 2)",66a92e2b14da1ebeb591920c
83.85967117035034,35.910786341087345,7253,test,3241.5596776277534,1.0,1.0,"(5, 2)",66a92e2b14da1ebeb591920c
84.7490274513491,36.789162914913845,7254,test,3242.809677627753,1.0,1.0,"(5, 2)",66a92e2b14da1ebeb591920c
85.63838373234866,37.667539488740346,7255,test,3244.059677627753,1.0,1.0,"(5, 2)",66a92e2b14da1ebeb591920c
86.52774001334835,38.545916062566846,7256,test,3245.3096776277534,1.0,1.0,"(5, 2)",66a92e2b14da1ebeb591920c
87.41709629434803,39.424292636393346,7257,test,3246.559677627754,1.0,1.0,"(5, 2)",66a92e2b14da1ebeb591920c
88.0,40.0,7258,test,3247.3789551744826,1.0,1.0,"(5, 2)",66a92e2b14da1ebeb591920c
88.0,40.0,7259,test,3247.3789551744826,1.0,1.0,"(5, 2)",66a92e2b14da1ebeb591920c
88.0,40.0,7260,test,3247.3789551744826,1.0,1.0,"(5, 2)",66a92e2b14da1ebeb591920c
88.0,40.0,7261,test,3247.3789551744826,1.0,1.0,"(5, 2)",66a92e2b14da1ebeb591920c
88.0,40.0,7262,test,3247.3789551744826,1.0,1.0,"(5, 2)",66a92e2b14da1ebeb591920c
88.0,40.0,7263,test,3247.3789551744826,1.0,1.0,"(5, 2)",66a92e2b14da1ebeb591920c
88.0,40.0,7264,test,3247.3789551744826,1.0,1.0,"(5, 2)",66a92e2b14da1ebeb591920c
88.0,40.0,7265,test,3247.3789551744826,1.0,1.0,"(5, 2)",66a92e2b14da1ebeb591920c
88.0,40.0,7266,test,3247.3789551744826,1.0,1.0,"(5, 2)",66a92e2b14da1ebeb591920c
88.0,40.0,7267,test,3247.3789551744826,1.0,1.0,"(5, 2)",66a92e2b14da1ebeb591920c
88.0,40.0,7268,test,3247.3789551744826,1.0,1.0,"(5, 2)",66a92e2b14da1ebeb591920c
88.0,40.0,7269,test,3247.3789551744826,1.0,1.0,"(5, 2)",66a92e2b14da1ebeb591920c
88.0,40.0,7270,test,3247.3789551744826,1.0,1.0,"(5, 2)",66a92e2b14da1ebeb591920c
88.0,40.0,7271,test,3247.3789551744826,1.0,1.0,"(5, 2)",66a92e2b14da1ebeb591920c
88.0,40.0,7272,test,3247.3789551744826,1.0,1.0,"(5, 2)",66a92e2b14da1ebeb591920c
88.0,40.0,7273,test,3247.3789551744826,1.0,1.0,"(5, 2)",66a92e2b14da1ebeb591920c
88.0,40.0,7274,test,3247.3789551744826,1.0,1.0,"(5, 2)",66a92e2b14da1ebeb591920c
88.0,40.0,7275,test,3247.3789551744826,1.0,1.0,"(5, 2)",66a92e2b14da1ebeb591920c
88.0,40.0,7276,test,3247.3789551744826,1.0,1.0,"(5, 2)",66a92e2b14da1ebeb591920c
88.0,40.0,7277,test,3247.3789551744826,1.0,1.0,"(5, 2)",66a92e2b14da1ebeb591920c
88.0,40.0,7278,test,3247.3789551744826,1.0,1.0,"(5, 2)",66a92e2b14da1ebeb591920c
88.0,40.0,7279,test,3247.3789551744826,1.0,1.0,"(5, 2)",66a92e2b14da1ebeb591920c
88.0,40.0,7280,test,3247.3789551744826,1.0,1.0,"(5, 2)",66a92e2b14da1ebeb591920c
88.0,40.0,7281,test,3247.3789551744826,1.0,1.0,"(5, 2)",66a92e2b14da1ebeb591920c
88.0,40.0,7282,test,3247.3789551744826,1.0,1.0,"(5, 2)",66a92e2b14da1ebeb591920c
88.0,40.0,7283,test,3247.3789551744826,1.0,1.0,"(5, 2)",66a92e2b14da1ebeb591920c
88.0,40.0,7284,test,3247.3789551744826,1.0,1.0,"(5, 2)",66a92e2b14da1ebeb591920c
88.0,40.0,7285,test,3247.3789551744826,1.0,1.0,"(5, 2)",66a92e2b14da1ebeb591920c
88.0,40.0,7286,test,3247.3789551744826,1.0,1.0,"(5, 2)",66a92e2b14da1ebeb591920c
88.0,40.0,7287,test,3247.3789551744826,1.0,1.0,"(5, 2)",66a92e2b14da1ebeb591920c
88.0,40.0,7288,test,3247.3789551744826,1.0,1.0,"(5, 2)",66a92e2b14da1ebeb591920c
88.0,40.0,7289,test,3247.3789551744826,1.0,1.0,"(5, 2)",66a92e2b14da1ebeb591920c
88.0,40.0,7290,test,3247.3789551744826,1.0,1.0,"(5, 2)",66a92e2b14da1ebeb591920c
88.0,40.0,7291,test,3247.3789551744826,1.0,1.0,"(5, 2)",66a92e2b14da1ebeb591920c
88.0,40.0,7292,test,3247.3789551744826,1.0,1.0,"(5, 2)",66a92e2b14da1ebeb591920c
88.0,40.0,7293,test,3247.3789551744826,1.0,1.0,"(5, 2)",66a92e2b14da1ebeb591920c
88.0,40.0,7294,test,3247.3789551744826,1.0,1.0,"(5, 2)",66a92e2b14da1ebeb591920c
88.0,40.0,7295,test,3247.3789551744826,1.0,1.0,"(5, 2)",66a92e2b14da1ebeb591920c
88.0,40.0,7296,test,3247.3789551744826,1.0,1.0,"(5, 2)",66a92e2b14da1ebeb591920c
88.0,40.0,7297,test,3247.3789551744826,1.0,1.0,"(5, 2)",66a92e2b14da1ebeb591920c
88.0,40.0,7298,test,3247.3789551744826,1.0,1.0,"(5, 2)",66a92e2b14da1ebeb591920c
88.0,40.0,7299,test,3247.3789551744826,1.0,1.0,"(5, 2)",66a92e2b14da1ebeb591920c
88.0,40.0,7300,test,3247.3789551744826,1.0,1.0,"(5, 2)",66a92e2b14da1ebeb591920c
88.0,40.0,7301,test,3247.3789551744826,1.0,1.0,"(5, 2)",66a92e2b14da1ebeb591920c
86.74999999999972,40.0,7302,test,3248.628955174483,1.0,1.0,"(5, 2)",66a92e2b14da1ebeb591920c
85.49999999999943,40.0,7303,test,3249.8789551744835,1.0,1.0,"(5, 2)",66a92e2b14da1ebeb591920c
84.24999999999915,40.0,7304,test,3251.128955174484,1.0,1.0,"(5, 2)",66a92e2b14da1ebeb591920c
82.99999999999886,40.0,7305,test,3252.3789551744844,1.0,1.0,"(5, 2)",66a92e2b14da1ebeb591920c
81.74999999999858,40.0,7306,test,3253.628955174485,1.0,1.0,"(5, 2)",66a92e2b14da1ebeb591920c
80.4999999999983,40.0,7307,test,3254.8789551744853,1.0,1.0,"(5, 2)",66a92e2b14da1ebeb591920c
79.24999999999801,40.0,7308,test,3256.128955174486,1.0,1.0,"(5, 2)",66a92e2b14da1ebeb591920c
77.99999999999773,40.0,7309,test,3257.3789551744862,1.0,1.0,"(5, 2)",66a92e2b14da1ebeb591920c
76.74999999999744,40.0,7310,test,3258.6289551744867,1.0,1.0,"(5, 2)",66a92e2b14da1ebeb591920c
75.49999999999716,40.0,7311,test,3259.878955174487,1.0,1.0,"(5, 2)",66a92e2b14da1ebeb591920c
74.24999999999687,40.0,7312,test,3261.1289551744876,1.0,1.0,"(5, 2)",66a92e2b14da1ebeb591920c
72.99999999999659,40.0,7313,test,3262.378955174488,1.0,1.0,"(5, 2)",66a92e2b14da1ebeb591920c
71.87983173883686,40.31621556657754,7314,test,3263.54290071353,1.0,1.0,"(5, 2)",66a92e2b14da1ebeb591920c
70.9904754578381,41.19459214040404,7315,test,3264.7929007135294,1.0,1.0,"(5, 2)",66a92e2b14da1ebeb591920c
70.10111917683935,42.07296871423054,7316,test,3266.042900713529,1.0,1.0,"(5, 2)",66a92e2b14da1ebeb591920c
69.2117628958406,42.95134528805704,7317,test,3267.2929007135285,1.0,1.0,"(5, 2)",66a92e2b14da1ebeb591920c
68.32240661484184,43.82972186188354,7318,test,3268.542900713528,1.0,1.0,"(5, 2)",66a92e2b14da1ebeb591920c
67.43305033384308,44.70809843571004,7319,test,3269.7929007135276,1.0,1.0,"(5, 2)",66a92e2b14da1ebeb591920c
66.54369405284433,45.58647500953654,7320,test,3271.042900713527,1.0,1.0,"(5, 2)",66a92e2b14da1ebeb591920c
