x,y,tick,phase,distance_walked,walking_speed,cutting_speed,start_pos,prolific_id
88.0,40.0,1,train,0.0,1.0,0.2,"(5, 2)",undefined
88.0,40.0,2,train,0.0,1.0,0.2,"(5, 2)",undefined
88.0,40.0,3,train,0.0,1.0,0.2,"(5, 2)",undefined
88.0,40.0,4,train,0.0,1.0,0.2,"(5, 2)",undefined
88.0,40.0,5,train,0.0,1.0,0.2,"(5, 2)",undefined
88.0,40.0,6,train,0.0,1.0,0.2,"(5, 2)",undefined
88.0,40.0,7,train,0.0,1.0,0.2,"(5, 2)",undefined
88.0,40.0,8,train,0.0,1.0,0.2,"(5, 2)",undefined
88.0,40.0,9,train,0.0,1.0,0.2,"(5, 2)",undefined
88.0,40.0,10,train,0.0,1.0,0.2,"(5, 2)",undefined
88.0,40.0,11,train,0.0,1.0,0.2,"(5, 2)",undefined
88.0,40.0,12,train,0.0,1.0,0.2,"(5, 2)",undefined
88.0,40.0,13,train,0.0,1.0,0.2,"(5, 2)",undefined
88.0,40.0,14,train,0.0,1.0,0.2,"(5, 2)",undefined
88.0,40.0,15,train,0.0,1.0,0.2,"(5, 2)",undefined
88.0,40.0,16,train,0.0,1.0,0.2,"(5, 2)",undefined
88.0,40.0,17,train,0.0,1.0,0.2,"(5, 2)",undefined
88.0,40.0,18,train,0.0,1.0,0.2,"(5, 2)",undefined
88.0,40.0,19,train,0.0,1.0,0.2,"(5, 2)",undefined
88.0,40.0,20,train,0.0,1.0,0.2,"(5, 2)",undefined
88.0,40.0,21,train,0.0,1.0,0.2,"(5, 2)",undefined
88.0,40.0,22,train,0.0,1.0,0.2,"(5, 2)",undefined
88.0,40.0,23,train,0.0,1.0,0.2,"(5, 2)",undefined
88.0,40.0,24,train,0.0,1.0,0.2,"(5, 2)",undefined
88.0,40.0,25,train,0.0,1.0,0.2,"(5, 2)",undefined
88.0,40.0,26,train,0.0,1.0,0.2,"(5, 2)",undefined
88.0,40.0,27,train,0.0,1.0,0.2,"(5, 2)",undefined
88.0,40.0,28,train,0.0,1.0,0.2,"(5, 2)",undefined
88.0,40.0,29,train,0.0,1.0,0.2,"(5, 2)",undefined
88.0,40.0,30,train,0.0,1.0,0.2,"(5, 2)",undefined
88.0,40.0,31,train,0.0,1.0,0.2,"(5, 2)",undefined
88.0,40.0,32,train,0.0,1.0,0.2,"(5, 2)",undefined
88.0,40.0,33,train,0.0,1.0,0.2,"(5, 2)",undefined
88.0,40.0,34,train,0.0,1.0,0.2,"(5, 2)",undefined
88.0,40.0,35,train,0.0,1.0,0.2,"(5, 2)",undefined
88.0,40.0,36,train,0.0,1.0,0.2,"(5, 2)",undefined
88.0,40.0,37,train,0.0,1.0,0.2,"(5, 2)",undefined
88.0,40.0,38,train,0.0,1.0,0.2,"(5, 2)",undefined
88.0,40.0,39,train,0.0,1.0,0.2,"(5, 2)",undefined
88.0,40.0,40,train,0.0,1.0,0.2,"(5, 2)",undefined
88.0,40.0,41,train,0.0,1.0,0.2,"(5, 2)",undefined
88.0,40.0,42,train,0.0,1.0,0.2,"(5, 2)",undefined
88.0,40.0,43,train,0.0,1.0,0.2,"(5, 2)",undefined
88.0,40.0,44,train,0.0,1.0,0.2,"(5, 2)",undefined
88.0,40.0,45,train,0.0,1.0,0.2,"(5, 2)",undefined
88.0,40.0,46,train,0.0,1.0,0.2,"(5, 2)",undefined
88.0,40.0,47,train,0.0,1.0,0.2,"(5, 2)",undefined
88.0,40.0,48,train,0.0,1.0,0.2,"(5, 2)",undefined
88.0,40.0,49,train,0.0,1.0,0.2,"(5, 2)",undefined
88.0,40.0,50,train,0.0,1.0,0.2,"(5, 2)",undefined
88.0,40.0,51,train,0.0,1.0,0.2,"(5, 2)",undefined
88.0,40.0,52,train,0.0,1.0,0.2,"(5, 2)",undefined
88.0,40.0,53,train,0.0,1.0,0.2,"(5, 2)",undefined
88.0,40.0,54,train,0.0,1.0,0.2,"(5, 2)",undefined
88.0,40.0,55,train,0.0,1.0,0.2,"(5, 2)",undefined
88.0,40.0,56,train,0.0,1.0,0.2,"(5, 2)",undefined
88.0,40.0,57,train,0.0,1.0,0.2,"(5, 2)",undefined
88.0,40.0,58,train,0.0,1.0,0.2,"(5, 2)",undefined
88.0,40.0,59,train,0.0,1.0,0.2,"(5, 2)",undefined
88.0,40.0,60,train,0.0,1.0,0.2,"(5, 2)",undefined
88.0,40.0,61,train,0.0,1.0,0.2,"(5, 2)",undefined
88.0,40.0,62,train,0.0,1.0,0.2,"(5, 2)",undefined
88.0,40.0,63,train,0.0,1.0,0.2,"(5, 2)",undefined
88.0,40.0,64,train,0.0,1.0,0.2,"(5, 2)",undefined
88.0,40.0,65,train,0.0,1.0,0.2,"(5, 2)",undefined
88.0,40.0,66,train,0.0,1.0,0.2,"(5, 2)",undefined
88.0,40.0,67,train,0.0,1.0,0.2,"(5, 2)",undefined
88.0,40.0,68,train,0.0,1.0,0.2,"(5, 2)",undefined
88.0,40.0,69,train,0.0,1.0,0.2,"(5, 2)",undefined
88.0,40.0,70,train,0.0,1.0,0.2,"(5, 2)",undefined
88.0,40.0,71,train,0.0,1.0,0.2,"(5, 2)",undefined
88.0,40.0,72,train,0.0,1.0,0.2,"(5, 2)",undefined
88.0,40.0,73,train,0.0,1.0,0.2,"(5, 2)",undefined
88.0,40.0,74,train,0.0,1.0,0.2,"(5, 2)",undefined
88.0,40.0,75,train,0.0,1.0,0.2,"(5, 2)",undefined
88.0,40.0,76,train,0.0,1.0,0.2,"(5, 2)",undefined
88.0,40.0,77,train,0.0,1.0,0.2,"(5, 2)",undefined
88.0,40.0,78,train,0.0,1.0,0.2,"(5, 2)",undefined
88.0,40.0,79,train,0.0,1.0,0.2,"(5, 2)",undefined
88.0,40.0,80,train,0.0,1.0,0.2,"(5, 2)",undefined
88.0,40.0,81,train,0.0,1.0,0.2,"(5, 2)",undefined
88.0,40.0,82,train,0.0,1.0,0.2,"(5, 2)",undefined
88.0,40.0,83,train,0.0,1.0,0.2,"(5, 2)",undefined
88.0,40.0,84,train,0.0,1.0,0.2,"(5, 2)",undefined
88.0,40.0,85,train,0.0,1.0,0.2,"(5, 2)",undefined
88.0,40.0,86,train,0.0,1.0,0.2,"(5, 2)",undefined
88.0,40.0,87,train,0.0,1.0,0.2,"(5, 2)",undefined
88.0,40.0,88,train,0.0,1.0,0.2,"(5, 2)",undefined
88.0,40.0,89,train,0.0,1.0,0.2,"(5, 2)",undefined
88.0,40.0,90,train,0.0,1.0,0.2,"(5, 2)",undefined
88.0,40.0,91,train,0.0,1.0,0.2,"(5, 2)",undefined
88.0,40.0,92,train,0.0,1.0,0.2,"(5, 2)",undefined
88.0,40.0,93,train,0.0,1.0,0.2,"(5, 2)",undefined
88.0,40.0,94,train,0.0,1.0,0.2,"(5, 2)",undefined
88.0,40.0,95,train,0.0,1.0,0.2,"(5, 2)",undefined
88.0,40.0,96,train,0.0,1.0,0.2,"(5, 2)",undefined
88.0,40.0,97,train,0.0,1.0,0.2,"(5, 2)",undefined
88.0,40.0,98,train,0.0,1.0,0.2,"(5, 2)",undefined
88.0,40.0,99,train,0.0,1.0,0.2,"(5, 2)",undefined
88.0,40.0,100,train,0.0,1.0,0.2,"(5, 2)",undefined
88.0,40.0,101,train,0.0,1.0,0.2,"(5, 2)",undefined
88.0,40.0,102,train,0.0,1.0,0.2,"(5, 2)",undefined
88.0,40.0,103,train,0.0,1.0,0.2,"(5, 2)",undefined
88.0,40.0,104,train,0.0,1.0,0.2,"(5, 2)",undefined
88.0,40.0,105,train,0.0,1.0,0.2,"(5, 2)",undefined
88.0,40.0,106,train,0.0,1.0,0.2,"(5, 2)",undefined
88.0,40.0,107,train,0.0,1.0,0.2,"(5, 2)",undefined
88.0,40.0,108,train,0.0,1.0,0.2,"(5, 2)",undefined
88.0,40.0,109,train,0.0,1.0,0.2,"(5, 2)",undefined
88.0,40.0,110,train,0.0,1.0,0.2,"(5, 2)",undefined
88.0,40.0,111,train,0.0,1.0,0.2,"(5, 2)",undefined
88.0,40.0,112,train,0.0,1.0,0.2,"(5, 2)",undefined
88.0,40.0,113,train,0.0,1.0,0.2,"(5, 2)",undefined
88.0,40.0,114,train,0.0,1.0,0.2,"(5, 2)",undefined
88.0,40.0,115,train,0.0,1.0,0.2,"(5, 2)",undefined
88.0,40.0,116,train,0.0,1.0,0.2,"(5, 2)",undefined
88.0,40.0,117,train,0.0,1.0,0.2,"(5, 2)",undefined
88.0,40.0,118,train,0.0,1.0,0.2,"(5, 2)",undefined
88.0,40.0,119,train,0.0,1.0,0.2,"(5, 2)",undefined
88.0,40.0,120,train,0.0,1.0,0.2,"(5, 2)",undefined
88.0,40.0,121,train,0.0,1.0,0.2,"(5, 2)",undefined
88.0,40.0,122,train,0.0,1.0,0.2,"(5, 2)",undefined
88.0,40.0,123,train,0.0,1.0,0.2,"(5, 2)",undefined
88.0,38.749999999999716,124,train,1.2500000000002842,1.0,0.2,"(5, 2)",undefined
88.0,37.49999999999943,125,train,2.5000000000005684,1.0,0.2,"(5, 2)",undefined
88.0,36.24999999999915,126,train,3.7500000000008527,1.0,0.2,"(5, 2)",undefined
88.0,34.99999999999886,127,train,5.000000000001137,1.0,0.2,"(5, 2)",undefined
88.0,33.74999999999858,128,train,6.250000000001421,1.0,0.2,"(5, 2)",undefined
88.0,32.499999999998295,129,train,7.500000000001705,1.0,0.2,"(5, 2)",undefined
88.0,31.249999999998227,130,train,8.750000000001773,1.0,0.2,"(5, 2)",undefined
88.0,29.9999999999983,131,train,10.000000000001702,1.0,0.2,"(5, 2)",undefined
88.0,28.74999999999837,132,train,11.25000000000163,1.0,0.2,"(5, 2)",undefined
88.0,27.49999999999844,133,train,12.50000000000156,1.0,0.2,"(5, 2)",undefined
88.0,26.24999999999851,134,train,13.750000000001489,1.0,0.2,"(5, 2)",undefined
88.0,24.999999999998582,135,train,15.000000000001418,1.0,0.2,"(5, 2)",undefined
88.0,24.0,136,train,16.0,1.0,0.2,"(5, 2)",undefined
88.0,24.0,137,train,16.0,1.0,0.2,"(5, 2)",undefined
88.0,24.0,138,train,16.0,1.0,0.2,"(5, 2)",undefined
88.0,24.0,139,train,16.0,1.0,0.2,"(5, 2)",undefined
88.0,24.0,140,train,16.0,1.0,0.2,"(5, 2)",undefined
88.0,24.0,141,train,16.0,1.0,0.2,"(5, 2)",undefined
88.0,24.0,142,train,16.0,1.0,0.2,"(5, 2)",undefined
88.0,24.0,143,train,16.0,1.0,0.2,"(5, 2)",undefined
88.0,24.0,144,train,16.0,1.0,0.2,"(5, 2)",undefined
88.0,24.0,145,train,16.0,1.0,0.2,"(5, 2)",undefined
88.0,24.0,146,train,16.0,1.0,0.2,"(5, 2)",undefined
88.0,24.0,147,train,16.0,1.0,0.2,"(5, 2)",undefined
88.0,24.0,148,train,16.0,1.0,0.2,"(5, 2)",undefined
88.0,24.0,149,train,16.0,1.0,0.2,"(5, 2)",undefined
88.0,24.0,150,train,16.0,1.0,0.2,"(5, 2)",undefined
88.0,24.0,151,train,16.0,1.0,0.2,"(5, 2)",undefined
88.0,24.0,152,train,16.0,1.0,0.2,"(5, 2)",undefined
88.0,24.0,153,train,16.0,1.0,0.2,"(5, 2)",undefined
88.0,24.0,154,train,16.0,1.0,0.2,"(5, 2)",undefined
88.0,24.0,155,train,16.0,1.0,0.2,"(5, 2)",undefined
88.0,24.0,156,train,16.0,1.0,0.2,"(5, 2)",undefined
88.0,24.0,157,train,16.0,1.0,0.2,"(5, 2)",undefined
88.0,24.0,158,train,16.0,1.0,0.2,"(5, 2)",undefined
88.0,24.0,159,train,16.0,1.0,0.2,"(5, 2)",undefined
88.0,24.0,160,train,16.0,1.0,0.2,"(5, 2)",undefined
88.0,24.0,161,train,16.0,1.0,0.2,"(5, 2)",undefined
88.0,24.0,162,train,16.0,1.0,0.2,"(5, 2)",undefined
88.0,24.0,163,train,16.0,1.0,0.2,"(5, 2)",undefined
88.0,24.0,164,train,16.0,1.0,0.2,"(5, 2)",undefined
88.0,24.0,165,train,16.0,1.0,0.2,"(5, 2)",undefined
88.0,24.0,166,train,16.0,1.0,0.2,"(5, 2)",undefined
88.0,24.0,167,train,16.0,1.0,0.2,"(5, 2)",undefined
88.0,24.0,168,train,16.0,1.0,0.2,"(5, 2)",undefined
88.0,24.0,169,train,16.0,1.0,0.2,"(5, 2)",undefined
88.0,24.0,170,train,16.0,1.0,0.2,"(5, 2)",undefined
88.0,24.0,171,train,16.0,1.0,0.2,"(5, 2)",undefined
88.0,24.0,172,train,16.0,1.0,0.2,"(5, 2)",undefined
88.0,24.0,173,train,16.0,1.0,0.2,"(5, 2)",undefined
86.74999999999972,24.0,174,train,17.250000000000284,1.0,0.2,"(5, 2)",undefined
85.49999999999943,24.0,175,train,18.50000000000057,1.0,0.2,"(5, 2)",undefined
84.24999999999915,24.0,176,train,19.750000000000853,1.0,0.2,"(5, 2)",undefined
82.99999999999886,24.0,177,train,21.000000000001137,1.0,0.2,"(5, 2)",undefined
81.74999999999858,24.0,178,train,22.25000000000142,1.0,0.2,"(5, 2)",undefined
80.4999999999983,24.0,179,train,23.500000000001705,1.0,0.2,"(5, 2)",undefined
79.24999999999801,24.0,180,train,24.75000000000199,1.0,0.2,"(5, 2)",undefined
77.99999999999773,24.0,181,train,26.000000000002274,1.0,0.2,"(5, 2)",undefined
76.74999999999744,24.0,182,train,27.250000000002558,1.0,0.2,"(5, 2)",undefined
75.49999999999716,24.0,183,train,28.500000000002842,1.0,0.2,"(5, 2)",undefined
74.24999999999687,24.0,184,train,29.750000000003126,1.0,0.2,"(5, 2)",undefined
72.99999999999659,24.0,185,train,31.00000000000341,1.0,0.2,"(5, 2)",undefined
71.87983173883686,24.31621556657754,186,train,32.16394553904533,1.0,0.2,"(5, 2)",undefined
70.9904754578381,25.19459214040404,187,train,33.413945539044974,1.0,0.2,"(5, 2)",undefined
70.10111917683935,26.07296871423054,188,train,34.66394553904462,1.0,0.2,"(5, 2)",undefined
69.2117628958406,26.95134528805704,189,train,35.91394553904426,1.0,0.2,"(5, 2)",undefined
68.32240661484184,27.82972186188354,190,train,37.16394553904391,1.0,0.2,"(5, 2)",undefined
67.43305033384308,28.708098435710042,191,train,38.41394553904355,1.0,0.2,"(5, 2)",undefined
66.54369405284433,29.586475009536542,192,train,39.6639455390432,1.0,0.2,"(5, 2)",undefined
65.65433777184558,30.464851583363043,193,train,40.91394553904284,1.0,0.2,"(5, 2)",undefined
64.76498149084682,31.343228157189543,194,train,42.16394553904249,1.0,0.2,"(5, 2)",undefined
63.87562520984797,32.22160473101604,195,train,43.4139455390422,1.0,0.2,"(5, 2)",undefined
62.9862689288485,33.099981304842544,196,train,44.66394553904235,1.0,0.2,"(5, 2)",undefined
62.09691264784904,33.978357878669044,197,train,45.9139455390425,1.0,0.2,"(5, 2)",undefined
61.20755636684957,34.856734452495544,198,train,47.16394553904265,1.0,0.2,"(5, 2)",undefined
60.31820008585011,35.735111026322045,199,train,48.4139455390428,1.0,0.2,"(5, 2)",undefined
59.42884380485064,36.613487600148545,200,train,49.66394553904295,1.0,0.2,"(5, 2)",undefined
58.53948752385118,37.491864173975046,201,train,50.9139455390431,1.0,0.2,"(5, 2)",undefined
57.650131242851714,38.370240747801546,202,train,52.16394553904325,1.0,0.2,"(5, 2)",undefined
56.76077496185225,39.24861732162794,203,train,53.413945539043326,1.0,0.2,"(5, 2)",undefined
56.0,40.0,204,train,54.48322308577236,1.0,0.2,"(5, 2)",undefined
56.0,40.0,205,train,54.48322308577236,1.0,0.2,"(5, 2)",undefined
56.0,40.0,206,train,54.48322308577236,1.0,0.2,"(5, 2)",undefined
56.0,40.0,207,train,54.48322308577236,1.0,0.2,"(5, 2)",undefined
56.0,40.0,208,train,54.48322308577236,1.0,0.2,"(5, 2)",undefined
56.0,40.0,209,train,54.48322308577236,1.0,0.2,"(5, 2)",undefined
56.0,40.0,210,train,54.48322308577236,1.0,0.2,"(5, 2)",undefined
56.0,40.0,211,train,54.48322308577236,1.0,0.2,"(5, 2)",undefined
56.0,40.0,212,train,54.48322308577236,1.0,0.2,"(5, 2)",undefined
56.0,40.0,213,train,54.48322308577236,1.0,0.2,"(5, 2)",undefined
56.0,40.0,214,train,54.48322308577236,1.0,0.2,"(5, 2)",undefined
56.0,40.0,215,train,54.48322308577236,1.0,0.2,"(5, 2)",undefined
56.0,40.0,216,train,54.48322308577236,1.0,0.2,"(5, 2)",undefined
56.0,40.0,217,train,54.48322308577236,1.0,0.2,"(5, 2)",undefined
56.0,40.0,218,train,54.48322308577236,1.0,0.2,"(5, 2)",undefined
56.0,40.0,219,train,54.48322308577236,1.0,0.2,"(5, 2)",undefined
56.0,40.0,220,train,54.48322308577236,1.0,0.2,"(5, 2)",undefined
56.0,40.0,221,train,54.48322308577236,1.0,0.2,"(5, 2)",undefined
56.0,40.0,222,train,54.48322308577236,1.0,0.2,"(5, 2)",undefined
56.0,40.0,223,train,54.48322308577236,1.0,0.2,"(5, 2)",undefined
56.0,40.0,224,train,54.48322308577236,1.0,0.2,"(5, 2)",undefined
56.0,40.0,225,train,54.48322308577236,1.0,0.2,"(5, 2)",undefined
56.0,40.0,226,train,54.48322308577236,1.0,0.2,"(5, 2)",undefined
56.0,40.0,227,train,54.48322308577236,1.0,0.2,"(5, 2)",undefined
56.0,40.0,228,train,54.48322308577236,1.0,0.2,"(5, 2)",undefined
56.0,40.0,229,train,54.48322308577236,1.0,0.2,"(5, 2)",undefined
56.0,40.0,230,train,54.48322308577236,1.0,0.2,"(5, 2)",undefined
56.0,40.0,231,train,54.48322308577236,1.0,0.2,"(5, 2)",undefined
56.0,40.0,232,train,54.48322308577236,1.0,0.2,"(5, 2)",undefined
56.0,40.0,233,train,54.48322308577236,1.0,0.2,"(5, 2)",undefined
56.0,40.0,234,train,54.48322308577236,1.0,0.2,"(5, 2)",undefined
56.0,40.0,235,train,54.48322308577236,1.0,0.2,"(5, 2)",undefined
56.0,40.0,236,train,54.48322308577236,1.0,0.2,"(5, 2)",undefined
56.0,40.0,237,train,54.48322308577236,1.0,0.2,"(5, 2)",undefined
56.0,40.0,238,train,54.48322308577236,1.0,0.2,"(5, 2)",undefined
56.0,40.0,239,train,54.48322308577236,1.0,0.2,"(5, 2)",undefined
56.0,40.0,240,train,54.48322308577236,1.0,0.2,"(5, 2)",undefined
56.0,40.0,241,train,54.48322308577236,1.0,0.2,"(5, 2)",undefined
56.0,40.0,242,train,54.48322308577236,1.0,0.2,"(5, 2)",undefined
56.0,40.0,243,train,54.48322308577236,1.0,0.2,"(5, 2)",undefined
56.0,40.0,244,train,54.48322308577236,1.0,0.2,"(5, 2)",undefined
56.0,40.0,245,train,54.48322308577236,1.0,0.2,"(5, 2)",undefined
56.0,40.0,246,train,54.48322308577236,1.0,0.2,"(5, 2)",undefined
56.0,40.0,247,train,54.48322308577236,1.0,0.2,"(5, 2)",undefined
56.0,40.0,248,train,54.48322308577236,1.0,0.2,"(5, 2)",undefined
56.0,40.0,249,train,54.48322308577236,1.0,0.2,"(5, 2)",undefined
56.0,40.0,250,train,54.48322308577236,1.0,0.2,"(5, 2)",undefined
56.0,40.0,251,train,54.48322308577236,1.0,0.2,"(5, 2)",undefined
56.0,40.0,252,train,54.48322308577236,1.0,0.2,"(5, 2)",undefined
56.0,40.0,253,train,54.48322308577236,1.0,0.2,"(5, 2)",undefined
56.0,40.0,254,train,54.48322308577236,1.0,0.2,"(5, 2)",undefined
56.0,40.0,255,train,54.48322308577236,1.0,0.2,"(5, 2)",undefined
56.0,40.0,256,train,54.48322308577236,1.0,0.2,"(5, 2)",undefined
56.0,40.0,257,train,54.48322308577236,1.0,0.2,"(5, 2)",undefined
56.0,40.0,258,train,54.48322308577236,1.0,0.2,"(5, 2)",undefined
56.0,40.0,259,train,54.48322308577236,1.0,0.2,"(5, 2)",undefined
56.0,40.0,260,train,54.48322308577236,1.0,0.2,"(5, 2)",undefined
56.0,40.0,261,train,54.48322308577236,1.0,0.2,"(5, 2)",undefined
57.250000000000284,40.0,262,train,55.73322308577264,1.0,0.2,"(5, 2)",undefined
58.50000000000057,40.0,263,train,56.98322308577293,1.0,0.2,"(5, 2)",undefined
59.75000000000085,40.0,264,train,58.23322308577321,1.0,0.2,"(5, 2)",undefined
61.00000000000114,40.0,265,train,59.483223085773496,1.0,0.2,"(5, 2)",undefined
62.25000000000142,40.0,266,train,60.73322308577378,1.0,0.2,"(5, 2)",undefined
63.500000000001705,40.0,267,train,61.983223085774064,1.0,0.2,"(5, 2)",undefined
64.75000000000199,40.0,268,train,63.23322308577435,1.0,0.2,"(5, 2)",undefined
66.00000000000227,40.0,269,train,64.48322308577463,1.0,0.2,"(5, 2)",undefined
67.25000000000256,40.0,270,train,65.73322308577491,1.0,0.2,"(5, 2)",undefined
68.50000000000284,40.0,271,train,66.9832230857752,1.0,0.2,"(5, 2)",undefined
69.75000000000313,40.0,272,train,68.23322308577548,1.0,0.2,"(5, 2)",undefined
71.00000000000341,40.0,273,train,69.48322308577576,1.0,0.2,"(5, 2)",undefined
72.2500000000037,40.0,274,train,70.73322308577605,1.0,0.2,"(5, 2)",undefined
73.50000000000398,40.0,275,train,71.98322308577633,1.0,0.2,"(5, 2)",undefined
74.75000000000426,40.0,276,train,73.23322308577661,1.0,0.2,"(5, 2)",undefined
76.00000000000455,40.0,277,train,74.4832230857769,1.0,0.2,"(5, 2)",undefined
77.25000000000483,40.0,278,train,75.73322308577718,1.0,0.2,"(5, 2)",undefined
78.50000000000512,40.0,279,train,76.98322308577747,1.0,0.2,"(5, 2)",undefined
79.7500000000054,40.0,280,train,78.23322308577775,1.0,0.2,"(5, 2)",undefined
81.00000000000568,40.0,281,train,79.48322308577804,1.0,0.2,"(5, 2)",undefined
82.25000000000597,40.0,282,train,80.73322308577832,1.0,0.2,"(5, 2)",undefined
83.50000000000625,40.0,283,train,81.9832230857786,1.0,0.2,"(5, 2)",undefined
84.75000000000654,40.0,284,train,83.23322308577889,1.0,0.2,"(5, 2)",undefined
86.00000000000682,40.0,285,train,84.48322308577917,1.0,0.2,"(5, 2)",undefined
87.2500000000071,40.0,286,train,85.73322308577946,1.0,0.2,"(5, 2)",undefined
88.50000000000739,40.0,287,train,86.98322308577974,1.0,0.2,"(5, 2)",undefined
89.75000000000767,40.0,288,train,88.23322308578003,1.0,0.2,"(5, 2)",undefined
91.00000000000796,40.0,289,train,89.48322308578031,1.0,0.2,"(5, 2)",undefined
92.25000000000824,40.0,290,train,90.7332230857806,1.0,0.2,"(5, 2)",undefined
93.50000000000853,40.0,291,train,91.98322308578088,1.0,0.2,"(5, 2)",undefined
94.75000000000881,40.0,292,train,93.23322308578116,1.0,0.2,"(5, 2)",undefined
96.0000000000091,40.0,293,train,94.48322308578145,1.0,0.2,"(5, 2)",undefined
97.25000000000938,40.0,294,train,95.73322308578173,1.0,0.2,"(5, 2)",undefined
98.50000000000966,40.0,295,train,96.98322308578202,1.0,0.2,"(5, 2)",undefined
99.75000000000995,40.0,296,train,98.2332230857823,1.0,0.2,"(5, 2)",undefined
101.00000000001023,40.0,297,train,99.48322308578258,1.0,0.2,"(5, 2)",undefined
102.25000000001052,40.0,298,train,100.73322308578287,1.0,0.2,"(5, 2)",undefined
103.5000000000108,40.0,299,train,101.98322308578315,1.0,0.2,"(5, 2)",undefined
104.75000000001108,40.0,300,train,103.23322308578344,1.0,0.2,"(5, 2)",undefined
106.00000000001137,40.0,301,train,104.48322308578372,1.0,0.2,"(5, 2)",undefined
107.25000000001165,40.0,302,train,105.733223085784,1.0,0.2,"(5, 2)",undefined
108.50000000001194,40.0,303,train,106.98322308578429,1.0,0.2,"(5, 2)",undefined
109.75000000001222,40.0,304,train,108.23322308578457,1.0,0.2,"(5, 2)",undefined
111.0000000000125,40.0,305,train,109.48322308578486,1.0,0.2,"(5, 2)",undefined
112.25000000001279,40.0,306,train,110.73322308578514,1.0,0.2,"(5, 2)",undefined
113.50000000001307,40.0,307,train,111.98322308578543,1.0,0.2,"(5, 2)",undefined
114.75000000001336,40.0,308,train,113.23322308578571,1.0,0.2,"(5, 2)",undefined
116.00000000001364,40.0,309,train,114.483223085786,1.0,0.2,"(5, 2)",undefined
117.25000000001393,40.0,310,train,115.73322308578628,1.0,0.2,"(5, 2)",undefined
118.50000000001421,40.0,311,train,116.98322308578656,1.0,0.2,"(5, 2)",undefined
119.7500000000145,40.0,312,train,118.23322308578685,1.0,0.2,"(5, 2)",undefined
120.65378202977331,39.15675848912626,313,train,119.46929679029464,1.0,0.2,"(5, 2)",undefined
121.54313831077206,38.278381915299555,314,train,120.71929679029442,1.0,0.2,"(5, 2)",undefined
122.43249459177082,37.40000534147284,315,train,121.96929679029422,1.0,0.2,"(5, 2)",undefined
123.32185087276957,36.52162876764613,316,train,123.21929679029402,1.0,0.2,"(5, 2)",undefined
124.21120715376833,35.643252193819414,317,train,124.46929679029382,1.0,0.2,"(5, 2)",undefined
125.10056343476708,34.76487561999271,318,train,125.71929679029361,1.0,0.2,"(5, 2)",undefined
125.98991971576584,33.886499046165994,319,train,126.96929679029341,1.0,0.2,"(5, 2)",undefined
126.87927599676459,33.00812247233928,320,train,128.2192967902932,1.0,0.2,"(5, 2)",undefined
127.76863227776334,32.12974589851257,321,train,129.46929679029301,1.0,0.2,"(5, 2)",undefined
128.6579885587621,31.251369324685733,322,train,130.7192967902929,1.0,0.2,"(5, 2)",undefined
129.54734483976085,30.372992750858877,323,train,131.9692967902928,1.0,0.2,"(5, 2)",undefined
130.4367011207596,29.49461617703202,324,train,133.21929679029267,1.0,0.2,"(5, 2)",undefined
131.32605740175836,28.616239603205166,325,train,134.46929679029256,1.0,0.2,"(5, 2)",undefined
132.21541368275712,27.73786302937831,326,train,135.71929679029245,1.0,0.2,"(5, 2)",undefined
133.10476996375587,26.859486455551455,327,train,136.96929679029233,1.0,0.2,"(5, 2)",undefined
133.99412624475463,25.98110988172474,328,train,138.21929679029213,1.0,0.2,"(5, 2)",undefined
134.88348252575338,25.10273330789824,329,train,139.4692967902918,1.0,0.2,"(5, 2)",undefined
135.77283880675213,24.224356734071804,330,train,140.7192967902914,1.0,0.2,"(5, 2)",undefined
136.0,24.0,331,train,141.03857433701393,1.0,0.2,"(5, 2)",undefined
136.0,24.0,332,train,141.03857433701393,1.0,0.2,"(5, 2)",undefined
136.0,24.0,333,train,141.03857433701393,1.0,0.2,"(5, 2)",undefined
136.0,24.0,334,train,141.03857433701393,1.0,0.2,"(5, 2)",undefined
136.0,24.0,335,train,141.03857433701393,1.0,0.2,"(5, 2)",undefined
136.0,24.0,336,train,141.03857433701393,1.0,0.2,"(5, 2)",undefined
136.0,24.0,337,train,141.03857433701393,1.0,0.2,"(5, 2)",undefined
136.0,24.0,338,train,141.03857433701393,1.0,0.2,"(5, 2)",undefined
136.0,24.0,339,train,141.03857433701393,1.0,0.2,"(5, 2)",undefined
136.0,24.0,340,train,141.03857433701393,1.0,0.2,"(5, 2)",undefined
136.0,24.0,341,train,141.03857433701393,1.0,0.2,"(5, 2)",undefined
136.0,24.0,342,train,141.03857433701393,1.0,0.2,"(5, 2)",undefined
136.0,24.0,343,train,141.03857433701393,1.0,0.2,"(5, 2)",undefined
136.0,24.0,344,train,141.03857433701393,1.0,0.2,"(5, 2)",undefined
136.0,24.0,345,train,141.03857433701393,1.0,0.2,"(5, 2)",undefined
136.0,24.0,346,train,141.03857433701393,1.0,0.2,"(5, 2)",undefined
136.0,24.0,347,train,141.03857433701393,1.0,0.2,"(5, 2)",undefined
136.0,24.0,348,train,141.03857433701393,1.0,0.2,"(5, 2)",undefined
136.0,24.0,349,train,141.03857433701393,1.0,0.2,"(5, 2)",undefined
136.0,24.0,350,train,141.03857433701393,1.0,0.2,"(5, 2)",undefined
136.0,24.0,351,train,141.03857433701393,1.0,0.2,"(5, 2)",undefined
136.0,24.0,352,train,141.03857433701393,1.0,0.2,"(5, 2)",undefined
136.0,24.0,353,train,141.03857433701393,1.0,0.2,"(5, 2)",undefined
136.0,24.0,354,train,141.03857433701393,1.0,0.2,"(5, 2)",undefined
136.0,24.0,355,train,141.03857433701393,1.0,0.2,"(5, 2)",undefined
136.0,24.0,356,train,141.03857433701393,1.0,0.2,"(5, 2)",undefined
136.0,24.0,357,train,141.03857433701393,1.0,0.2,"(5, 2)",undefined
136.0,24.0,358,train,141.03857433701393,1.0,0.2,"(5, 2)",undefined
136.0,24.0,359,train,141.03857433701393,1.0,0.2,"(5, 2)",undefined
136.0,24.0,360,train,141.03857433701393,1.0,0.2,"(5, 2)",undefined
136.0,24.0,361,train,141.03857433701393,1.0,0.2,"(5, 2)",undefined
136.0,24.0,362,train,141.03857433701393,1.0,0.2,"(5, 2)",undefined
136.0,24.0,363,train,141.03857433701393,1.0,0.2,"(5, 2)",undefined
136.0,24.0,364,train,141.03857433701393,1.0,0.2,"(5, 2)",undefined
136.0,24.0,365,train,141.03857433701393,1.0,0.2,"(5, 2)",undefined
136.0,24.0,366,train,141.03857433701393,1.0,0.2,"(5, 2)",undefined
136.0,24.0,367,train,141.03857433701393,1.0,0.2,"(5, 2)",undefined
136.0,24.0,368,train,141.03857433701393,1.0,0.2,"(5, 2)",undefined
136.0,24.0,369,train,141.03857433701393,1.0,0.2,"(5, 2)",undefined
136.0,24.0,370,train,141.03857433701393,1.0,0.2,"(5, 2)",undefined
136.0,24.0,371,train,141.03857433701393,1.0,0.2,"(5, 2)",undefined
134.75000000000114,24.0,372,train,142.2885743370128,1.0,0.2,"(5, 2)",undefined
133.50000000000227,24.0,373,train,143.53857433701165,1.0,0.2,"(5, 2)",undefined
132.2500000000034,24.0,374,train,144.78857433701052,1.0,0.2,"(5, 2)",undefined
131.00000000000455,24.0,375,train,146.03857433700938,1.0,0.2,"(5, 2)",undefined
129.75000000000568,24.0,376,train,147.28857433700824,1.0,0.2,"(5, 2)",undefined
128.50000000000682,24.0,377,train,148.5385743370071,1.0,0.2,"(5, 2)",undefined
127.2500000000071,24.0,378,train,149.78857433700682,1.0,0.2,"(5, 2)",undefined
126.00000000000682,24.0,379,train,151.0385743370071,1.0,0.2,"(5, 2)",undefined
124.75000000000654,24.0,380,train,152.2885743370074,1.0,0.2,"(5, 2)",undefined
123.50000000000625,24.0,381,train,153.53857433700767,1.0,0.2,"(5, 2)",undefined
122.25000000000597,24.0,382,train,154.78857433700796,1.0,0.2,"(5, 2)",undefined
121.00000000000568,24.0,383,train,156.03857433700824,1.0,0.2,"(5, 2)",undefined
119.8763439699661,24.30755190613945,384,train,157.2035597655928,1.0,0.2,"(5, 2)",undefined
118.9873267412821,25.186271637966456,385,train,158.45355976559242,1.0,0.2,"(5, 2)",undefined
118.0983095125981,26.06499136979346,386,train,159.70355976559205,1.0,0.2,"(5, 2)",undefined
117.20929228391411,26.943711101620465,387,train,160.95355976559168,1.0,0.2,"(5, 2)",undefined
116.32027505523011,27.82243083344747,388,train,162.2035597655913,1.0,0.2,"(5, 2)",undefined
115.43125782654612,28.70115056527412,389,train,163.4535597655907,1.0,0.2,"(5, 2)",undefined
114.54224059786175,29.57987029710077,390,train,164.70355976559037,1.0,0.2,"(5, 2)",undefined
113.6532233691772,30.458590028927418,391,train,165.95355976559014,1.0,0.2,"(5, 2)",undefined
112.76420614049265,31.337309760754067,392,train,167.20355976558992,1.0,0.2,"(5, 2)",undefined
111.87518891180801,32.2160294925808,393,train,168.45355976558983,1.0,0.2,"(5, 2)",undefined
110.98617168312309,33.094749224407806,394,train,169.70355976559011,1.0,0.2,"(5, 2)",undefined
110.09715445443817,33.97346895623481,395,train,170.9535597655904,1.0,0.2,"(5, 2)",undefined
109.20813722575326,34.852188688061815,396,train,172.20355976559068,1.0,0.2,"(5, 2)",undefined
108.31911999706834,35.73090841988882,397,train,173.45355976559097,1.0,0.2,"(5, 2)",undefined
107.43010276838343,36.609628151715825,398,train,174.70355976559125,1.0,0.2,"(5, 2)",undefined
106.54108553969851,37.48834788354283,399,train,175.95355976559154,1.0,0.2,"(5, 2)",undefined
105.6520683110136,38.367067615369834,400,train,177.20355976559182,1.0,0.2,"(5, 2)",undefined
104.76305108232869,39.24578734719684,401,train,178.4535597655921,1.0,0.2,"(5, 2)",undefined
103.74411162538074,39.81349821690576,402,train,179.6199787505675,1.0,0.2,"(5, 2)",undefined
102.49419931818743,39.82830444284919,403,train,180.8699787505675,1.0,0.2,"(5, 2)",undefined
101.24428701099411,39.84311066879262,404,train,182.1199787505675,1.0,0.2,"(5, 2)",undefined
99.9943747038008,39.85791689473605,405,train,183.3699787505675,1.0,0.2,"(5, 2)",undefined
98.74446239660749,39.87272312067948,406,train,184.6199787505675,1.0,0.2,"(5, 2)",undefined
97.49455008941418,39.88752934662291,407,train,185.8699787505675,1.0,0.2,"(5, 2)",undefined
96.24463778222086,39.902335572566344,408,train,187.1199787505675,1.0,0.2,"(5, 2)",undefined
94.99472547502755,39.917141798509775,409,train,188.3699787505675,1.0,0.2,"(5, 2)",undefined
93.74481316783424,39.931948024453206,410,train,189.6199787505675,1.0,0.2,"(5, 2)",undefined
92.49490086064093,39.94675425039664,411,train,190.8699787505675,1.0,0.2,"(5, 2)",undefined
91.24498855344761,39.96156047634007,412,train,192.1199787505675,1.0,0.2,"(5, 2)",undefined
89.9950762462543,39.97636670228327,413,train,193.3699787505675,1.0,0.2,"(5, 2)",undefined
88.74516393906099,39.99117292822635,414,train,194.6199787505675,1.0,0.2,"(5, 2)",undefined
87.49520253103098,39.99778761283382,415,train,195.86995766063632,1.0,0.2,"(5, 2)",undefined
86.24520254377215,39.997966086391884,416,train,197.11995766063626,1.0,0.2,"(5, 2)",undefined
84.99520255651332,39.99814455994995,417,train,198.3699576606362,1.0,0.2,"(5, 2)",undefined
83.74520256925449,39.998323033508015,418,train,199.61995766063615,1.0,0.2,"(5, 2)",undefined
82.49520258199566,39.99850150706608,419,train,200.8699576606361,1.0,0.2,"(5, 2)",undefined
81.24520259473682,39.998679980624146,420,train,202.11995766063603,1.0,0.2,"(5, 2)",undefined
79.99520260747799,39.99885845418221,421,train,203.36995766063598,1.0,0.2,"(5, 2)",undefined
78.74520262021916,39.99903692774028,422,train,204.61995766063592,1.0,0.2,"(5, 2)",undefined
77.49520263296033,39.99921540129834,423,train,205.86995766063586,1.0,0.2,"(5, 2)",undefined
76.2452026457015,39.99939387485641,424,train,207.1199576606358,1.0,0.2,"(5, 2)",undefined
74.99520265844266,39.999572348414475,425,train,208.36995766063575,1.0,0.2,"(5, 2)",undefined
73.74520267118383,39.99975082197275,426,train,209.6199576606357,1.0,0.2,"(5, 2)",undefined
72.495202683925,39.99992929553117,427,train,210.86995766063563,1.0,0.2,"(5, 2)",undefined
71.5193913528273,40.66763899269328,428,train,212.0523467647731,1.0,0.2,"(5, 2)",undefined
70.6301659131489,41.54614802362497,429,train,213.302346764773,1.0,0.2,"(5, 2)",undefined
69.7409404734705,42.42465705455686,430,train,214.55234676477306,1.0,0.2,"(5, 2)",undefined
68.8517150337921,43.303166085489146,431,train,215.8023467647734,1.0,0.2,"(5, 2)",undefined
67.9624895941137,44.181675116421424,432,train,217.05234676477372,1.0,0.2,"(5, 2)",undefined
67.07326415443531,45.0601841473537,433,train,218.30234676477403,1.0,0.2,"(5, 2)",undefined
66.18403871475691,45.93869317828598,434,train,219.55234676477434,1.0,0.2,"(5, 2)",undefined
65.29481327507851,46.817202209218266,435,train,220.80234676477468,1.0,0.2,"(5, 2)",undefined
64.40558783540011,47.695711240150544,436,train,222.052346764775,1.0,0.2,"(5, 2)",undefined
63.516362395721714,48.57422027108282,437,train,223.3023467647753,1.0,0.2,"(5, 2)",undefined
62.627136956043316,49.4527293020151,438,train,224.55234676477562,1.0,0.2,"(5, 2)",undefined
61.73791151636492,50.331238332947386,439,train,225.80234676477596,1.0,0.2,"(5, 2)",undefined
60.84868607668652,51.209747363879664,440,train,227.05234676477627,1.0,0.2,"(5, 2)",undefined
59.95946063700812,52.08825639481194,441,train,228.3023467647766,1.0,0.2,"(5, 2)",undefined
59.07023519732972,52.96676542574422,442,train,229.5523467647769,1.0,0.2,"(5, 2)",undefined
58.181009757651324,53.8452744566765,443,train,230.8023467647772,1.0,0.2,"(5, 2)",undefined
57.291784317972926,54.723783487608785,444,train,232.05234676477755,1.0,0.2,"(5, 2)",undefined
56.40255887829453,55.60229251854106,445,train,233.30234676477787,1.0,0.2,"(5, 2)",undefined
56.0,56.0,446,train,233.86823093252085,1.0,0.2,"(5, 2)",undefined
56.0,56.0,447,train,233.86823093252085,1.0,0.2,"(5, 2)",undefined
56.0,56.0,448,train,233.86823093252085,1.0,0.2,"(5, 2)",undefined
56.0,56.0,449,train,233.86823093252085,1.0,0.2,"(5, 2)",undefined
56.0,56.0,450,train,233.86823093252085,1.0,0.2,"(5, 2)",undefined
56.0,56.0,451,train,233.86823093252085,1.0,0.2,"(5, 2)",undefined
56.0,56.0,452,train,233.86823093252085,1.0,0.2,"(5, 2)",undefined
56.0,56.0,453,train,233.86823093252085,1.0,0.2,"(5, 2)",undefined
56.0,56.0,454,train,233.86823093252085,1.0,0.2,"(5, 2)",undefined
56.0,56.0,455,train,233.86823093252085,1.0,0.2,"(5, 2)",undefined
56.0,56.0,456,train,233.86823093252085,1.0,0.2,"(5, 2)",undefined
56.0,56.0,457,train,233.86823093252085,1.0,0.2,"(5, 2)",undefined
56.0,56.0,458,train,233.86823093252085,1.0,0.2,"(5, 2)",undefined
56.0,56.0,459,train,233.86823093252085,1.0,0.2,"(5, 2)",undefined
56.0,56.0,460,train,233.86823093252085,1.0,0.2,"(5, 2)",undefined
56.0,56.0,461,train,233.86823093252085,1.0,0.2,"(5, 2)",undefined
56.0,56.0,462,train,233.86823093252085,1.0,0.2,"(5, 2)",undefined
56.0,56.0,463,train,233.86823093252085,1.0,0.2,"(5, 2)",undefined
56.0,56.0,464,train,233.86823093252085,1.0,0.2,"(5, 2)",undefined
56.0,56.0,465,train,233.86823093252085,1.0,0.2,"(5, 2)",undefined
56.88388347648305,55.11611652351695,466,train,235.11823093252065,1.0,0.2,"(5, 2)",undefined
57.7677669529661,54.2322330470339,467,train,236.36823093252045,1.0,0.2,"(5, 2)",undefined
58.65165042944915,53.34834957055085,468,train,237.61823093252025,1.0,0.2,"(5, 2)",undefined
59.5355339059322,52.4644660940678,469,train,238.86823093252005,1.0,0.2,"(5, 2)",undefined
60.41941738241525,51.58058261758475,470,train,240.11823093251985,1.0,0.2,"(5, 2)",undefined
61.3033008588983,50.6966991411017,471,train,241.36823093251965,1.0,0.2,"(5, 2)",undefined
62.187184335381346,49.812815664618654,472,train,242.61823093251945,1.0,0.2,"(5, 2)",undefined
63.071067811864395,48.928932188135605,473,train,243.86823093251925,1.0,0.2,"(5, 2)",undefined
63.954951288347445,48.045048711652555,474,train,245.11823093251905,1.0,0.2,"(5, 2)",undefined
64.8388347648305,47.161165235169506,475,train,246.36823093251886,1.0,0.2,"(5, 2)",undefined
65.72271824131354,46.277281758686456,476,train,247.61823093251866,1.0,0.2,"(5, 2)",undefined
66.6066017177966,45.39339828220341,477,train,248.86823093251846,1.0,0.2,"(5, 2)",undefined
67.49048519427964,44.50951480572036,478,train,250.11823093251826,1.0,0.2,"(5, 2)",undefined
68.37436867076269,43.62563132923731,479,train,251.36823093251806,1.0,0.2,"(5, 2)",undefined
69.25825214724574,42.74174785275426,480,train,252.61823093251786,1.0,0.2,"(5, 2)",undefined
70.14213562372879,41.85786437627121,481,train,253.86823093251766,1.0,0.2,"(5, 2)",undefined
71.02601910021184,40.97398089978816,482,train,255.11823093251746,1.0,0.2,"(5, 2)",undefined
71.90990257669489,40.09009742330511,483,train,256.3682309325173,1.0,0.2,"(5, 2)",undefined
72.79378605317794,39.20621394682206,484,train,257.6182309325171,1.0,0.2,"(5, 2)",undefined
73.67766952966099,38.32233047033901,485,train,258.86823093251695,1.0,0.2,"(5, 2)",undefined
74.56155300614404,37.43844699385596,486,train,260.1182309325168,1.0,0.2,"(5, 2)",undefined
75.44543648262709,36.55456351737291,487,train,261.3682309325166,1.0,0.2,"(5, 2)",undefined
76.32931995911014,35.67068004088986,488,train,262.61823093251644,1.0,0.2,"(5, 2)",undefined
77.21320343559319,34.786796564406814,489,train,263.86823093251627,1.0,0.2,"(5, 2)",undefined
78.09708691207624,33.902913087923764,490,train,265.1182309325161,1.0,0.2,"(5, 2)",undefined
78.98097038855929,33.019029611440715,491,train,266.3682309325159,1.0,0.2,"(5, 2)",undefined
79.86485386504233,32.135146134957665,492,train,267.61823093251576,1.0,0.2,"(5, 2)",undefined
80.74873734152538,31.251262658474616,493,train,268.8682309325156,1.0,0.2,"(5, 2)",undefined
81.63262081800843,30.367379181991566,494,train,270.1182309325154,1.0,0.2,"(5, 2)",undefined
82.51650429449148,29.483495705508517,495,train,271.36823093251525,1.0,0.2,"(5, 2)",undefined
83.40038777097453,28.599612229025468,496,train,272.6182309325151,1.0,0.2,"(5, 2)",undefined
84.28427124745758,27.715728752542418,497,train,273.8682309325149,1.0,0.2,"(5, 2)",undefined
85.16815472394063,26.83184527605937,498,train,275.11823093251473,1.0,0.2,"(5, 2)",undefined
86.05203820042368,25.94796179957632,499,train,276.36823093251456,1.0,0.2,"(5, 2)",undefined
86.93592167690673,25.06407832309327,500,train,277.6182309325144,1.0,0.2,"(5, 2)",undefined
88.0,24.0,501,train,279.1230649284601,1.0,0.2,"(5, 2)",undefined
88.0,24.0,502,train,279.1230649284601,1.0,0.2,"(5, 2)",undefined
88.0,24.0,503,train,279.1230649284601,1.0,0.2,"(5, 2)",undefined
88.0,24.0,504,train,279.1230649284601,1.0,0.2,"(5, 2)",undefined
88.0,24.0,505,train,279.1230649284601,1.0,0.2,"(5, 2)",undefined
88.0,24.0,506,train,279.1230649284601,1.0,0.2,"(5, 2)",undefined
88.0,24.0,507,train,279.1230649284601,1.0,0.2,"(5, 2)",undefined
88.0,24.0,508,train,279.1230649284601,1.0,0.2,"(5, 2)",undefined
88.0,24.0,509,train,279.1230649284601,1.0,0.2,"(5, 2)",undefined
88.0,24.0,510,train,279.1230649284601,1.0,0.2,"(5, 2)",undefined
88.0,24.0,511,train,279.1230649284601,1.0,0.2,"(5, 2)",undefined
88.0,24.0,512,train,279.1230649284601,1.0,0.2,"(5, 2)",undefined
88.0,24.0,513,train,279.1230649284601,1.0,0.2,"(5, 2)",undefined
88.0,24.0,514,train,279.1230649284601,1.0,0.2,"(5, 2)",undefined
88.0,24.0,515,train,279.1230649284601,1.0,0.2,"(5, 2)",undefined
88.0,24.0,516,train,279.1230649284601,1.0,0.2,"(5, 2)",undefined
88.0,24.0,517,train,279.1230649284601,1.0,0.2,"(5, 2)",undefined
88.0,24.0,518,train,279.1230649284601,1.0,0.2,"(5, 2)",undefined
88.0,24.0,519,train,279.1230649284601,1.0,0.2,"(5, 2)",undefined
88.0,24.0,520,train,279.1230649284601,1.0,0.2,"(5, 2)",undefined
88.0,24.0,521,train,279.1230649284601,1.0,0.2,"(5, 2)",undefined
88.0,24.0,522,train,279.1230649284601,1.0,0.2,"(5, 2)",undefined
88.0,24.0,523,train,279.1230649284601,1.0,0.2,"(5, 2)",undefined
88.0,24.0,524,train,279.1230649284601,1.0,0.2,"(5, 2)",undefined
88.0,24.0,525,train,279.1230649284601,1.0,0.2,"(5, 2)",undefined
88.0,24.0,526,train,279.1230649284601,1.0,0.2,"(5, 2)",undefined
88.0,24.0,527,train,279.1230649284601,1.0,0.2,"(5, 2)",undefined
88.0,24.0,528,train,279.1230649284601,1.0,0.2,"(5, 2)",undefined
86.74999999999972,24.0,529,train,280.3730649284604,1.0,0.2,"(5, 2)",undefined
85.49999999999943,24.0,530,train,281.6230649284607,1.0,0.2,"(5, 2)",undefined
84.24999999999915,24.0,531,train,282.87306492846096,1.0,0.2,"(5, 2)",undefined
82.99999999999886,24.0,532,train,284.12306492846125,1.0,0.2,"(5, 2)",undefined
81.74999999999858,24.0,533,train,285.37306492846153,1.0,0.2,"(5, 2)",undefined
80.4999999999983,24.0,534,train,286.6230649284618,1.0,0.2,"(5, 2)",undefined
79.24999999999801,24.0,535,train,287.8730649284621,1.0,0.2,"(5, 2)",undefined
77.99999999999773,24.0,536,train,289.1230649284624,1.0,0.2,"(5, 2)",undefined
76.74999999999744,24.0,537,train,290.37306492846267,1.0,0.2,"(5, 2)",undefined
75.49999999999716,24.0,538,train,291.62306492846295,1.0,0.2,"(5, 2)",undefined
74.24999999999687,24.0,539,train,292.87306492846324,1.0,0.2,"(5, 2)",undefined
72.99999999999659,24.0,540,train,294.1230649284635,1.0,0.2,"(5, 2)",undefined
71.87983173883686,24.31621556657754,541,train,295.2870104675054,1.0,0.2,"(5, 2)",undefined
70.9904754578381,25.19459214040404,542,train,296.53701046750507,1.0,0.2,"(5, 2)",undefined
70.10111917683935,26.07296871423054,543,train,297.78701046750473,1.0,0.2,"(5, 2)",undefined
69.2117628958406,26.95134528805704,544,train,299.0370104675044,1.0,0.2,"(5, 2)",undefined
68.32240661484184,27.82972186188354,545,train,300.28701046750405,1.0,0.2,"(5, 2)",undefined
67.43305033384308,28.708098435710042,546,train,301.5370104675037,1.0,0.2,"(5, 2)",undefined
66.54369405284433,29.586475009536542,547,train,302.78701046750336,1.0,0.2,"(5, 2)",undefined
65.65433777184558,30.464851583363043,548,train,304.037010467503,1.0,0.2,"(5, 2)",undefined
64.76498149084682,31.343228157189543,549,train,305.2870104675027,1.0,0.2,"(5, 2)",undefined
63.87562520984797,32.22160473101604,550,train,306.5370104675024,1.0,0.2,"(5, 2)",undefined
62.9862689288485,33.099981304842544,551,train,307.78701046750257,1.0,0.2,"(5, 2)",undefined
62.09691264784904,33.978357878669044,552,train,309.03701046750274,1.0,0.2,"(5, 2)",undefined
61.20755636684957,34.856734452495544,553,train,310.2870104675029,1.0,0.2,"(5, 2)",undefined
60.31820008585011,35.735111026322045,554,train,311.5370104675031,1.0,0.2,"(5, 2)",undefined
59.42884380485064,36.613487600148545,555,train,312.78701046750325,1.0,0.2,"(5, 2)",undefined
58.53948752385118,37.491864173975046,556,train,314.0370104675034,1.0,0.2,"(5, 2)",undefined
57.650131242851714,38.370240747801546,557,train,315.2870104675036,1.0,0.2,"(5, 2)",undefined
56.76077496185225,39.24861732162794,558,train,316.53701046750365,1.0,0.2,"(5, 2)",undefined
56.0,40.0,559,train,317.6062880142327,1.0,0.2,"(5, 2)",undefined
56.0,40.0,560,train,317.6062880142327,1.0,0.2,"(5, 2)",undefined
56.0,40.0,561,train,317.6062880142327,1.0,0.2,"(5, 2)",undefined
56.0,40.0,562,train,317.6062880142327,1.0,0.2,"(5, 2)",undefined
56.0,40.0,563,train,317.6062880142327,1.0,0.2,"(5, 2)",undefined
56.0,40.0,564,train,317.6062880142327,1.0,0.2,"(5, 2)",undefined
56.0,40.0,565,train,317.6062880142327,1.0,0.2,"(5, 2)",undefined
56.0,40.0,566,train,317.6062880142327,1.0,0.2,"(5, 2)",undefined
56.0,40.0,567,train,317.6062880142327,1.0,0.2,"(5, 2)",undefined
56.0,40.0,568,train,317.6062880142327,1.0,0.2,"(5, 2)",undefined
56.0,40.0,569,train,317.6062880142327,1.0,0.2,"(5, 2)",undefined
56.0,40.0,570,train,317.6062880142327,1.0,0.2,"(5, 2)",undefined
56.0,40.0,571,train,317.6062880142327,1.0,0.2,"(5, 2)",undefined
56.0,40.0,572,train,317.6062880142327,1.0,0.2,"(5, 2)",undefined
56.0,40.0,573,train,317.6062880142327,1.0,0.2,"(5, 2)",undefined
56.0,40.0,574,train,317.6062880142327,1.0,0.2,"(5, 2)",undefined
56.0,40.0,575,train,317.6062880142327,1.0,0.2,"(5, 2)",undefined
56.0,40.0,576,train,317.6062880142327,1.0,0.2,"(5, 2)",undefined
56.0,40.0,577,train,317.6062880142327,1.0,0.2,"(5, 2)",undefined
56.0,40.0,578,train,317.6062880142327,1.0,0.2,"(5, 2)",undefined
56.0,40.0,579,train,317.6062880142327,1.0,0.2,"(5, 2)",undefined
56.0,40.0,580,train,317.6062880142327,1.0,0.2,"(5, 2)",undefined
56.0,41.250000000000284,581,train,318.856288014233,1.0,0.2,"(5, 2)",undefined
56.0,42.50000000000057,582,train,320.10628801423326,1.0,0.2,"(5, 2)",undefined
56.0,43.75000000000085,583,train,321.35628801423354,1.0,0.2,"(5, 2)",undefined
56.0,45.00000000000114,584,train,322.6062880142338,1.0,0.2,"(5, 2)",undefined
56.0,46.25000000000142,585,train,323.8562880142341,1.0,0.2,"(5, 2)",undefined
56.0,47.500000000001705,586,train,325.1062880142344,1.0,0.2,"(5, 2)",undefined
56.0,48.75000000000199,587,train,326.3562880142347,1.0,0.2,"(5, 2)",undefined
56.0,50.000000000002274,588,train,327.60628801423496,1.0,0.2,"(5, 2)",undefined
56.0,51.25000000000256,589,train,328.85628801423525,1.0,0.2,"(5, 2)",undefined
56.0,52.50000000000284,590,train,330.10628801423553,1.0,0.2,"(5, 2)",undefined
56.0,53.750000000003126,591,train,331.3562880142358,1.0,0.2,"(5, 2)",undefined
56.0,55.00000000000341,592,train,332.6062880142361,1.0,0.2,"(5, 2)",undefined
56.0,56.0,593,train,333.6062880142327,1.0,0.2,"(5, 2)",undefined
56.0,56.0,594,train,333.6062880142327,1.0,0.2,"(5, 2)",undefined
56.0,56.0,595,train,333.6062880142327,1.0,0.2,"(5, 2)",undefined
56.0,56.0,596,train,333.6062880142327,1.0,0.2,"(5, 2)",undefined
56.0,56.0,597,train,333.6062880142327,1.0,0.2,"(5, 2)",undefined
56.0,56.0,598,train,333.6062880142327,1.0,0.2,"(5, 2)",undefined
56.0,56.0,599,train,333.6062880142327,1.0,0.2,"(5, 2)",undefined
56.0,56.0,600,train,333.6062880142327,1.0,0.2,"(5, 2)",undefined
56.0,56.0,601,train,333.6062880142327,1.0,0.2,"(5, 2)",undefined
56.0,56.0,602,train,333.6062880142327,1.0,0.2,"(5, 2)",undefined
56.0,56.0,603,train,333.6062880142327,1.0,0.2,"(5, 2)",undefined
56.0,56.0,604,train,333.6062880142327,1.0,0.2,"(5, 2)",undefined
56.0,56.0,605,train,333.6062880142327,1.0,0.2,"(5, 2)",undefined
56.0,56.0,606,train,333.6062880142327,1.0,0.2,"(5, 2)",undefined
56.0,56.0,607,train,333.6062880142327,1.0,0.2,"(5, 2)",undefined
56.0,56.0,608,train,333.6062880142327,1.0,0.2,"(5, 2)",undefined
56.0,56.0,609,train,333.6062880142327,1.0,0.2,"(5, 2)",undefined
56.0,56.0,610,train,333.6062880142327,1.0,0.2,"(5, 2)",undefined
56.0,56.0,611,train,333.6062880142327,1.0,0.2,"(5, 2)",undefined
56.0,56.0,612,train,333.6062880142327,1.0,0.2,"(5, 2)",undefined
56.0,56.0,613,train,333.6062880142327,1.0,0.2,"(5, 2)",undefined
56.0,56.0,614,train,333.6062880142327,1.0,0.2,"(5, 2)",undefined
56.88388347648305,55.11611652351695,615,train,334.8562880142325,1.0,0.2,"(5, 2)",undefined
57.7677669529661,54.2322330470339,616,train,336.10628801423235,1.0,0.2,"(5, 2)",undefined
58.65165042944915,53.34834957055085,617,train,337.3562880142322,1.0,0.2,"(5, 2)",undefined
59.5355339059322,52.4644660940678,618,train,338.606288014232,1.0,0.2,"(5, 2)",undefined
60.41941738241525,51.58058261758475,619,train,339.85628801423184,1.0,0.2,"(5, 2)",undefined
61.3033008588983,50.6966991411017,620,train,341.10628801423167,1.0,0.2,"(5, 2)",undefined
62.187184335381346,49.812815664618654,621,train,342.3562880142315,1.0,0.2,"(5, 2)",undefined
63.071067811864395,48.928932188135605,622,train,343.6062880142313,1.0,0.2,"(5, 2)",undefined
63.954951288347445,48.045048711652555,623,train,344.85628801423115,1.0,0.2,"(5, 2)",undefined
64.8388347648305,47.161165235169506,624,train,346.106288014231,1.0,0.2,"(5, 2)",undefined
65.72271824131354,46.277281758686456,625,train,347.3562880142308,1.0,0.2,"(5, 2)",undefined
66.6066017177966,45.39339828220341,626,train,348.60628801423064,1.0,0.2,"(5, 2)",undefined
67.49048519427964,44.50951480572036,627,train,349.8562880142305,1.0,0.2,"(5, 2)",undefined
68.37436867076269,43.62563132923731,628,train,351.1062880142303,1.0,0.2,"(5, 2)",undefined
69.25825214724574,42.74174785275426,629,train,352.35628801423013,1.0,0.2,"(5, 2)",undefined
70.14213562372879,41.85786437627121,630,train,353.60628801422996,1.0,0.2,"(5, 2)",undefined
71.02601910021184,40.97398089978816,631,train,354.8562880142298,1.0,0.2,"(5, 2)",undefined
71.95382555869026,40.19434681531624,632,train,356.06816842502315,1.0,0.2,"(5, 2)",undefined
73.20373388513468,40.179208272259245,633,train,357.31816842502354,1.0,0.2,"(5, 2)",undefined
74.45364221157911,40.164069729202254,634,train,358.56816842502394,1.0,0.2,"(5, 2)",undefined
75.70355053802353,40.14893118614526,635,train,359.81816842502434,1.0,0.2,"(5, 2)",undefined
76.95345886446796,40.13379264308827,636,train,361.06816842502474,1.0,0.2,"(5, 2)",undefined
78.20336719091239,40.11865410003128,637,train,362.31816842502514,1.0,0.2,"(5, 2)",undefined
79.45327551735681,40.10351555697429,638,train,363.56816842502553,1.0,0.2,"(5, 2)",undefined
80.70318384380124,40.088377013917295,639,train,364.81816842502593,1.0,0.2,"(5, 2)",undefined
81.95309217024567,40.0732384708603,640,train,366.06816842502633,1.0,0.2,"(5, 2)",undefined
83.2030004966901,40.05809992780313,641,train,367.3181684250267,1.0,0.2,"(5, 2)",undefined
84.45290882313452,40.04296138474578,642,train,368.5681684250271,1.0,0.2,"(5, 2)",undefined
85.70281714957895,40.027822841688426,643,train,369.8181684250275,1.0,0.2,"(5, 2)",undefined
86.95272547602337,40.01268429863107,644,train,371.0681684250279,1.0,0.2,"(5, 2)",undefined
88.0,40.0,645,train,372.1155197605416,1.0,0.2,"(5, 2)",undefined
88.0,40.0,646,train,372.1155197605416,1.0,0.2,"(5, 2)",undefined
88.0,40.0,647,train,372.1155197605416,1.0,0.2,"(5, 2)",undefined
88.0,40.0,648,train,372.1155197605416,1.0,0.2,"(5, 2)",undefined
88.0,40.0,649,train,372.1155197605416,1.0,0.2,"(5, 2)",undefined
88.0,40.0,650,train,372.1155197605416,1.0,0.2,"(5, 2)",undefined
88.0,40.0,651,train,372.1155197605416,1.0,0.2,"(5, 2)",undefined
88.0,40.0,652,train,372.1155197605416,1.0,0.2,"(5, 2)",undefined
88.0,40.0,653,train,372.1155197605416,1.0,0.2,"(5, 2)",undefined
88.0,40.0,654,train,372.1155197605416,1.0,0.2,"(5, 2)",undefined
88.0,40.0,655,train,372.1155197605416,1.0,0.2,"(5, 2)",undefined
88.0,40.0,656,train,372.1155197605416,1.0,0.2,"(5, 2)",undefined
88.0,40.0,657,train,372.1155197605416,1.0,0.2,"(5, 2)",undefined
88.0,40.0,658,train,372.1155197605416,1.0,0.2,"(5, 2)",undefined
88.0,40.0,659,train,372.1155197605416,1.0,0.2,"(5, 2)",undefined
88.0,40.0,660,train,372.1155197605416,1.0,0.2,"(5, 2)",undefined
88.0,40.0,661,train,372.1155197605416,1.0,0.2,"(5, 2)",undefined
88.0,40.0,662,train,372.1155197605416,1.0,0.2,"(5, 2)",undefined
88.0,40.0,663,train,372.1155197605416,1.0,0.2,"(5, 2)",undefined
88.0,40.0,664,train,372.1155197605416,1.0,0.2,"(5, 2)",undefined
88.0,40.0,665,train,372.1155197605416,1.0,0.2,"(5, 2)",undefined
88.0,40.0,666,train,372.1155197605416,1.0,0.2,"(5, 2)",undefined
88.0,40.0,667,train,372.1155197605416,1.0,0.2,"(5, 2)",undefined
88.0,40.0,668,train,372.1155197605416,1.0,0.2,"(5, 2)",undefined
88.0,40.0,669,train,372.1155197605416,1.0,0.2,"(5, 2)",undefined
88.0,40.0,670,train,372.1155197605416,1.0,0.2,"(5, 2)",undefined
88.0,40.0,671,train,372.1155197605416,1.0,0.2,"(5, 2)",undefined
88.0,40.0,672,train,372.1155197605416,1.0,0.2,"(5, 2)",undefined
88.0,40.0,673,train,372.1155197605416,1.0,0.2,"(5, 2)",undefined
88.0,40.0,674,train,372.1155197605416,1.0,0.2,"(5, 2)",undefined
88.0,40.0,675,train,372.1155197605416,1.0,0.2,"(5, 2)",undefined
88.0,40.0,676,train,372.1155197605416,1.0,0.2,"(5, 2)",undefined
88.0,40.0,677,train,372.1155197605416,1.0,0.2,"(5, 2)",undefined
88.0,40.0,678,train,372.1155197605416,1.0,0.2,"(5, 2)",undefined
88.0,40.0,679,train,372.1155197605416,1.0,0.2,"(5, 2)",undefined
88.0,40.0,680,train,372.1155197605416,1.0,0.2,"(5, 2)",undefined
88.0,40.0,681,train,372.1155197605416,1.0,0.2,"(5, 2)",undefined
88.0,40.0,682,train,372.1155197605416,1.0,0.2,"(5, 2)",undefined
88.0,40.0,683,train,372.1155197605416,1.0,0.2,"(5, 2)",undefined
88.0,40.0,684,train,372.1155197605416,1.0,0.2,"(5, 2)",undefined
88.0,40.0,685,train,372.1155197605416,1.0,0.2,"(5, 2)",undefined
88.0,40.0,686,train,372.1155197605416,1.0,0.2,"(5, 2)",undefined
88.0,40.0,687,train,372.1155197605416,1.0,0.2,"(5, 2)",undefined
88.0,40.0,688,train,372.1155197605416,1.0,0.2,"(5, 2)",undefined
88.0,40.0,689,train,372.1155197605416,1.0,0.2,"(5, 2)",undefined
88.0,40.0,690,train,372.1155197605416,1.0,0.2,"(5, 2)",undefined
88.0,40.0,691,train,372.1155197605416,1.0,0.2,"(5, 2)",undefined
88.0,40.0,692,train,372.1155197605416,1.0,0.2,"(5, 2)",undefined
88.0,40.0,693,train,372.1155197605416,1.0,0.2,"(5, 2)",undefined
88.0,40.0,694,train,372.1155197605416,1.0,0.2,"(5, 2)",undefined
88.0,40.0,695,train,372.1155197605416,1.0,0.2,"(5, 2)",undefined
88.0,40.0,696,train,372.1155197605416,1.0,0.2,"(5, 2)",undefined
88.0,40.0,697,train,372.1155197605416,1.0,0.2,"(5, 2)",undefined
88.0,40.0,698,train,372.1155197605416,1.0,0.2,"(5, 2)",undefined
88.0,40.0,699,train,372.1155197605416,1.0,0.2,"(5, 2)",undefined
88.0,40.0,700,train,372.1155197605416,1.0,0.2,"(5, 2)",undefined
88.0,40.0,701,train,372.1155197605416,1.0,0.2,"(5, 2)",undefined
88.0,40.0,702,train,372.1155197605416,1.0,0.2,"(5, 2)",undefined
88.0,40.0,703,train,372.1155197605416,1.0,0.2,"(5, 2)",undefined
88.0,40.0,704,train,372.1155197605416,1.0,0.2,"(5, 2)",undefined
88.0,40.0,705,train,372.1155197605416,1.0,0.2,"(5, 2)",undefined
88.0,40.0,706,train,372.1155197605416,1.0,0.2,"(5, 2)",undefined
88.0,40.0,707,train,372.1155197605416,1.0,0.2,"(5, 2)",undefined
88.0,40.0,708,train,372.1155197605416,1.0,0.2,"(5, 2)",undefined
88.0,40.0,709,train,372.1155197605416,1.0,0.2,"(5, 2)",undefined
88.0,40.0,710,train,372.1155197605416,1.0,0.2,"(5, 2)",undefined
88.0,40.0,711,train,372.1155197605416,1.0,0.2,"(5, 2)",undefined
88.0,40.0,712,train,372.1155197605416,1.0,0.2,"(5, 2)",undefined
88.0,40.0,713,train,372.1155197605416,1.0,0.2,"(5, 2)",undefined
88.0,40.0,714,train,372.1155197605416,1.0,0.2,"(5, 2)",undefined
88.0,40.0,715,train,372.1155197605416,1.0,0.2,"(5, 2)",undefined
88.0,40.0,716,train,372.1155197605416,1.0,0.2,"(5, 2)",undefined
88.0,40.0,717,train,372.1155197605416,1.0,0.2,"(5, 2)",undefined
88.0,40.0,718,train,372.1155197605416,1.0,0.2,"(5, 2)",undefined
88.0,40.0,719,train,372.1155197605416,1.0,0.2,"(5, 2)",undefined
88.0,40.0,720,train,372.1155197605416,1.0,0.2,"(5, 2)",undefined
88.0,40.0,721,train,372.1155197605416,1.0,0.2,"(5, 2)",undefined
88.0,40.0,722,train,372.1155197605416,1.0,0.2,"(5, 2)",undefined
88.0,40.0,723,train,372.1155197605416,1.0,0.2,"(5, 2)",undefined
88.0,40.0,724,train,372.1155197605416,1.0,0.2,"(5, 2)",undefined
88.0,40.0,725,train,372.1155197605416,1.0,0.2,"(5, 2)",undefined
88.0,40.0,726,train,372.1155197605416,1.0,0.2,"(5, 2)",undefined
88.0,40.0,727,train,372.1155197605416,1.0,0.2,"(5, 2)",undefined
88.0,40.0,728,train,372.1155197605416,1.0,0.2,"(5, 2)",undefined
88.0,40.0,729,train,372.1155197605416,1.0,0.2,"(5, 2)",undefined
88.0,40.0,730,train,372.1155197605416,1.0,0.2,"(5, 2)",undefined
88.0,40.0,731,train,372.1155197605416,1.0,0.2,"(5, 2)",undefined
88.0,40.0,732,train,372.1155197605416,1.0,0.2,"(5, 2)",undefined
88.0,40.0,733,train,372.1155197605416,1.0,0.2,"(5, 2)",undefined
88.0,40.0,734,train,372.1155197605416,1.0,0.2,"(5, 2)",undefined
88.0,40.0,735,train,372.1155197605416,1.0,0.2,"(5, 2)",undefined
88.0,40.0,736,train,372.1155197605416,1.0,0.2,"(5, 2)",undefined
88.0,40.0,737,train,372.1155197605416,1.0,0.2,"(5, 2)",undefined
88.0,40.0,738,train,372.1155197605416,1.0,0.2,"(5, 2)",undefined
88.0,40.0,739,train,372.1155197605416,1.0,0.2,"(5, 2)",undefined
88.0,40.0,740,train,372.1155197605416,1.0,0.2,"(5, 2)",undefined
88.0,40.0,741,train,372.1155197605416,1.0,0.2,"(5, 2)",undefined
88.0,40.0,742,train,372.1155197605416,1.0,0.2,"(5, 2)",undefined
88.0,40.0,743,train,372.1155197605416,1.0,0.2,"(5, 2)",undefined
88.0,40.0,744,train,372.1155197605416,1.0,0.2,"(5, 2)",undefined
88.0,40.0,745,train,372.1155197605416,1.0,0.2,"(5, 2)",undefined
88.0,40.0,746,train,372.1155197605416,1.0,0.2,"(5, 2)",undefined
88.0,40.0,747,train,372.1155197605416,1.0,0.2,"(5, 2)",undefined
88.0,40.0,748,train,372.1155197605416,1.0,0.2,"(5, 2)",undefined
88.0,40.0,749,train,372.1155197605416,1.0,0.2,"(5, 2)",undefined
88.0,40.0,750,train,372.1155197605416,1.0,0.2,"(5, 2)",undefined
88.0,40.0,751,train,372.1155197605416,1.0,0.2,"(5, 2)",undefined
88.0,40.0,752,train,372.1155197605416,1.0,0.2,"(5, 2)",undefined
88.0,40.0,753,train,372.1155197605416,1.0,0.2,"(5, 2)",undefined
88.0,40.0,754,train,372.1155197605416,1.0,0.2,"(5, 2)",undefined
88.0,40.0,755,train,372.1155197605416,1.0,0.2,"(5, 2)",undefined
88.0,40.0,756,train,372.1155197605416,1.0,0.2,"(5, 2)",undefined
88.0,40.0,757,train,372.1155197605416,1.0,0.2,"(5, 2)",undefined
88.0,40.0,758,train,372.1155197605416,1.0,0.2,"(5, 2)",undefined
88.0,40.0,759,train,372.1155197605416,1.0,0.2,"(5, 2)",undefined
88.0,40.0,760,train,372.1155197605416,1.0,0.2,"(5, 2)",undefined
88.0,40.0,761,train,372.1155197605416,1.0,0.2,"(5, 2)",undefined
88.0,40.0,762,train,372.1155197605416,1.0,0.2,"(5, 2)",undefined
88.0,40.0,763,train,372.1155197605416,1.0,0.2,"(5, 2)",undefined
88.0,40.0,764,train,372.1155197605416,1.0,0.2,"(5, 2)",undefined
88.0,40.0,765,train,372.1155197605416,1.0,0.2,"(5, 2)",undefined
88.0,40.0,766,train,372.1155197605416,1.0,0.2,"(5, 2)",undefined
88.0,40.0,767,train,372.1155197605416,1.0,0.2,"(5, 2)",undefined
88.0,40.0,768,train,372.1155197605416,1.0,0.2,"(5, 2)",undefined
88.0,40.0,769,train,372.1155197605416,1.0,0.2,"(5, 2)",undefined
88.0,40.0,770,train,372.1155197605416,1.0,0.2,"(5, 2)",undefined
88.0,40.0,771,train,372.1155197605416,1.0,0.2,"(5, 2)",undefined
88.0,40.0,772,train,372.1155197605416,1.0,0.2,"(5, 2)",undefined
88.0,40.0,773,train,372.1155197605416,1.0,0.2,"(5, 2)",undefined
88.0,40.0,774,train,372.1155197605416,1.0,0.2,"(5, 2)",undefined
88.0,40.0,775,train,372.1155197605416,1.0,0.2,"(5, 2)",undefined
88.0,40.0,776,train,372.1155197605416,1.0,0.2,"(5, 2)",undefined
88.0,40.0,777,train,372.1155197605416,1.0,0.2,"(5, 2)",undefined
88.0,40.0,778,train,372.1155197605416,1.0,0.2,"(5, 2)",undefined
88.0,40.0,779,train,372.1155197605416,1.0,0.2,"(5, 2)",undefined
88.0,40.0,780,train,372.1155197605416,1.0,0.2,"(5, 2)",undefined
88.0,40.0,781,train,372.1155197605416,1.0,0.2,"(5, 2)",undefined
88.0,40.0,782,train,372.1155197605416,1.0,0.2,"(5, 2)",undefined
88.0,40.0,783,train,372.1155197605416,1.0,0.2,"(5, 2)",undefined
88.0,40.0,784,train,372.1155197605416,1.0,0.2,"(5, 2)",undefined
88.0,40.0,785,train,372.1155197605416,1.0,0.2,"(5, 2)",undefined
88.0,40.0,786,train,372.1155197605416,1.0,0.2,"(5, 2)",undefined
88.0,40.0,787,train,372.1155197605416,1.0,0.2,"(5, 2)",undefined
88.0,40.0,788,train,372.1155197605416,1.0,0.2,"(5, 2)",undefined
88.0,40.0,789,train,372.1155197605416,1.0,0.2,"(5, 2)",undefined
88.0,40.0,790,train,372.1155197605416,1.0,0.2,"(5, 2)",undefined
88.0,40.0,791,train,372.1155197605416,1.0,0.2,"(5, 2)",undefined
88.0,40.0,792,train,372.1155197605416,1.0,0.2,"(5, 2)",undefined
88.0,40.0,793,train,372.1155197605416,1.0,0.2,"(5, 2)",undefined
88.0,40.0,794,train,372.1155197605416,1.0,0.2,"(5, 2)",undefined
88.0,40.0,795,train,372.1155197605416,1.0,0.2,"(5, 2)",undefined
88.0,40.0,796,train,372.1155197605416,1.0,0.2,"(5, 2)",undefined
88.0,40.0,797,train,372.1155197605416,1.0,0.2,"(5, 2)",undefined
88.0,40.0,798,train,372.1155197605416,1.0,0.2,"(5, 2)",undefined
88.0,40.0,799,train,372.1155197605416,1.0,0.2,"(5, 2)",undefined
88.0,40.0,800,train,372.1155197605416,1.0,0.2,"(5, 2)",undefined
88.0,40.0,801,train,372.1155197605416,1.0,0.2,"(5, 2)",undefined
88.0,40.0,802,train,372.1155197605416,1.0,0.2,"(5, 2)",undefined
88.0,40.0,803,train,372.1155197605416,1.0,0.2,"(5, 2)",undefined
88.0,40.0,804,train,372.1155197605416,1.0,0.2,"(5, 2)",undefined
88.0,40.0,805,train,372.1155197605416,1.0,0.2,"(5, 2)",undefined
88.0,40.0,806,train,372.1155197605416,1.0,0.2,"(5, 2)",undefined
88.0,40.0,807,train,372.1155197605416,1.0,0.2,"(5, 2)",undefined
88.0,40.0,808,train,372.1155197605416,1.0,0.2,"(5, 2)",undefined
88.0,40.0,809,train,372.1155197605416,1.0,0.2,"(5, 2)",undefined
88.0,40.0,810,train,372.1155197605416,1.0,0.2,"(5, 2)",undefined
88.0,40.0,811,train,372.1155197605416,1.0,0.2,"(5, 2)",undefined
88.0,40.0,812,train,372.1155197605416,1.0,0.2,"(5, 2)",undefined
88.0,40.0,813,train,372.1155197605416,1.0,0.2,"(5, 2)",undefined
88.0,40.0,814,train,372.1155197605416,1.0,0.2,"(5, 2)",undefined
88.0,40.0,815,train,372.1155197605416,1.0,0.2,"(5, 2)",undefined
88.0,40.0,816,train,372.1155197605416,1.0,0.2,"(5, 2)",undefined
88.0,40.0,817,train,372.1155197605416,1.0,0.2,"(5, 2)",undefined
88.0,40.0,818,train,372.1155197605416,1.0,0.2,"(5, 2)",undefined
88.0,40.0,819,train,372.1155197605416,1.0,0.2,"(5, 2)",undefined
88.0,40.0,820,train,372.1155197605416,1.0,0.2,"(5, 2)",undefined
88.0,40.0,821,train,372.1155197605416,1.0,0.2,"(5, 2)",undefined
88.0,40.0,822,train,372.1155197605416,1.0,0.2,"(5, 2)",undefined
88.0,40.0,823,train,372.1155197605416,1.0,0.2,"(5, 2)",undefined
88.0,40.0,824,train,372.1155197605416,1.0,0.2,"(5, 2)",undefined
88.0,40.0,825,train,372.1155197605416,1.0,0.2,"(5, 2)",undefined
88.0,40.0,826,train,372.1155197605416,1.0,0.2,"(5, 2)",undefined
88.0,40.0,827,train,372.1155197605416,1.0,0.2,"(5, 2)",undefined
88.0,40.0,828,train,372.1155197605416,1.0,0.2,"(5, 2)",undefined
88.0,40.0,829,train,372.1155197605416,1.0,0.2,"(5, 2)",undefined
88.0,40.0,830,train,372.1155197605416,1.0,0.2,"(5, 2)",undefined
88.0,40.0,831,train,372.1155197605416,1.0,0.2,"(5, 2)",undefined
88.0,40.0,832,train,372.1155197605416,1.0,0.2,"(5, 2)",undefined
88.0,40.0,833,train,372.1155197605416,1.0,0.2,"(5, 2)",undefined
88.0,40.0,834,train,372.1155197605416,1.0,0.2,"(5, 2)",undefined
88.0,40.0,835,train,372.1155197605416,1.0,0.2,"(5, 2)",undefined
88.0,40.0,836,train,372.1155197605416,1.0,0.2,"(5, 2)",undefined
88.0,40.0,837,train,372.1155197605416,1.0,0.2,"(5, 2)",undefined
88.0,40.0,838,train,372.1155197605416,1.0,0.2,"(5, 2)",undefined
88.0,40.0,839,train,372.1155197605416,1.0,0.2,"(5, 2)",undefined
88.0,40.0,840,train,372.1155197605416,1.0,0.2,"(5, 2)",undefined
88.0,40.0,841,train,372.1155197605416,1.0,0.2,"(5, 2)",undefined
88.0,40.0,842,train,372.1155197605416,1.0,0.2,"(5, 2)",undefined
88.0,40.0,843,train,372.1155197605416,1.0,0.2,"(5, 2)",undefined
88.0,40.0,844,train,372.1155197605416,1.0,0.2,"(5, 2)",undefined
88.0,40.0,845,train,372.1155197605416,1.0,0.2,"(5, 2)",undefined
88.0,40.0,846,train,372.1155197605416,1.0,0.2,"(5, 2)",undefined
88.0,40.0,847,train,372.1155197605416,1.0,0.2,"(5, 2)",undefined
88.0,40.0,848,train,372.1155197605416,1.0,0.2,"(5, 2)",undefined
88.0,40.0,849,train,372.1155197605416,1.0,0.2,"(5, 2)",undefined
88.0,40.0,850,train,372.1155197605416,1.0,0.2,"(5, 2)",undefined
88.0,40.0,851,train,372.1155197605416,1.0,0.2,"(5, 2)",undefined
88.0,40.0,852,train,372.1155197605416,1.0,0.2,"(5, 2)",undefined
88.0,38.749999999999716,853,train,373.3655197605419,1.0,0.2,"(5, 2)",undefined
88.0,37.49999999999943,854,train,374.61551976054216,1.0,0.2,"(5, 2)",undefined
88.0,36.24999999999915,855,train,375.86551976054244,1.0,0.2,"(5, 2)",undefined
88.0,34.99999999999886,856,train,377.1155197605427,1.0,0.2,"(5, 2)",undefined
88.0,33.74999999999858,857,train,378.365519760543,1.0,0.2,"(5, 2)",undefined
88.0,32.499999999998295,858,train,379.6155197605433,1.0,0.2,"(5, 2)",undefined
88.0,31.249999999998227,859,train,380.86551976054335,1.0,0.2,"(5, 2)",undefined
88.0,29.9999999999983,860,train,382.1155197605433,1.0,0.2,"(5, 2)",undefined
88.0,28.74999999999837,861,train,383.36551976054324,1.0,0.2,"(5, 2)",undefined
88.0,27.49999999999844,862,train,384.6155197605432,1.0,0.2,"(5, 2)",undefined
88.0,26.24999999999851,863,train,385.8655197605431,1.0,0.2,"(5, 2)",undefined
88.0,24.999999999998582,864,train,387.11551976054307,1.0,0.2,"(5, 2)",undefined
88.0,24.0,865,train,388.11551976054164,1.0,0.2,"(5, 2)",undefined
88.0,24.0,866,train,388.11551976054164,1.0,0.2,"(5, 2)",undefined
88.0,24.0,867,train,388.11551976054164,1.0,0.2,"(5, 2)",undefined
88.0,24.0,868,train,388.11551976054164,1.0,0.2,"(5, 2)",undefined
88.0,24.0,869,train,388.11551976054164,1.0,0.2,"(5, 2)",undefined
88.0,24.0,870,train,388.11551976054164,1.0,0.2,"(5, 2)",undefined
88.0,24.0,871,train,388.11551976054164,1.0,0.2,"(5, 2)",undefined
88.0,24.0,872,train,388.11551976054164,1.0,0.2,"(5, 2)",undefined
88.0,24.0,873,train,388.11551976054164,1.0,0.2,"(5, 2)",undefined
88.0,24.0,874,train,388.11551976054164,1.0,0.2,"(5, 2)",undefined
88.0,24.0,875,train,388.11551976054164,1.0,0.2,"(5, 2)",undefined
88.0,24.0,876,train,388.11551976054164,1.0,0.2,"(5, 2)",undefined
88.0,24.0,877,train,388.11551976054164,1.0,0.2,"(5, 2)",undefined
89.25000000000028,24.0,878,train,389.36551976054193,1.0,0.2,"(5, 2)",undefined
90.50000000000057,24.0,879,train,390.6155197605422,1.0,0.2,"(5, 2)",undefined
91.75000000000085,24.0,880,train,391.8655197605425,1.0,0.2,"(5, 2)",undefined
93.00000000000114,24.0,881,train,393.1155197605428,1.0,0.2,"(5, 2)",undefined
94.25000000000142,24.0,882,train,394.36551976054307,1.0,0.2,"(5, 2)",undefined
95.5000000000017,24.0,883,train,395.61551976054335,1.0,0.2,"(5, 2)",undefined
96.75000000000199,24.0,884,train,396.86551976054363,1.0,0.2,"(5, 2)",undefined
98.00000000000227,24.0,885,train,398.1155197605439,1.0,0.2,"(5, 2)",undefined
99.25000000000256,24.0,886,train,399.3655197605442,1.0,0.2,"(5, 2)",undefined
100.50000000000284,24.0,887,train,400.6155197605445,1.0,0.2,"(5, 2)",undefined
101.75000000000313,24.0,888,train,401.86551976054477,1.0,0.2,"(5, 2)",undefined
103.00000000000341,24.0,889,train,403.11551976054506,1.0,0.2,"(5, 2)",undefined
104.2500000000037,24.0,890,train,404.36551976054534,1.0,0.2,"(5, 2)",undefined
105.50000000000398,24.0,891,train,405.6155197605456,1.0,0.2,"(5, 2)",undefined
106.75000000000426,24.0,892,train,406.8655197605459,1.0,0.2,"(5, 2)",undefined
108.00000000000455,24.0,893,train,408.1155197605462,1.0,0.2,"(5, 2)",undefined
109.25000000000483,24.0,894,train,409.3655197605465,1.0,0.2,"(5, 2)",undefined
110.50000000000512,24.0,895,train,410.61551976054676,1.0,0.2,"(5, 2)",undefined
111.7500000000054,24.0,896,train,411.86551976054704,1.0,0.2,"(5, 2)",undefined
113.00000000000568,24.0,897,train,413.11551976054733,1.0,0.2,"(5, 2)",undefined
114.25000000000597,24.0,898,train,414.3655197605476,1.0,0.2,"(5, 2)",undefined
115.50000000000625,24.0,899,train,415.6155197605479,1.0,0.2,"(5, 2)",undefined
116.75000000000654,24.0,900,train,416.8655197605482,1.0,0.2,"(5, 2)",undefined
118.00000000000682,24.0,901,train,418.11551976054847,1.0,0.2,"(5, 2)",undefined
119.2500000000071,24.0,902,train,419.36551976054875,1.0,0.2,"(5, 2)",undefined
120.50000000000739,24.0,903,train,420.61551976054903,1.0,0.2,"(5, 2)",undefined
121.75000000000767,24.0,904,train,421.8655197605493,1.0,0.2,"(5, 2)",undefined
123.00000000000796,24.0,905,train,423.1155197605496,1.0,0.2,"(5, 2)",undefined
124.25000000000824,24.0,906,train,424.3655197605499,1.0,0.2,"(5, 2)",undefined
125.50000000000853,24.0,907,train,425.61551976055017,1.0,0.2,"(5, 2)",undefined
126.75000000000881,24.0,908,train,426.86551976055046,1.0,0.2,"(5, 2)",undefined
128.0000000000091,24.0,909,train,428.11551976055074,1.0,0.2,"(5, 2)",undefined
129.25000000000796,24.0,910,train,429.3655197605496,1.0,0.2,"(5, 2)",undefined
130.50000000000682,24.0,911,train,430.61551976054847,1.0,0.2,"(5, 2)",undefined
131.75000000000568,24.0,912,train,431.86551976054733,1.0,0.2,"(5, 2)",undefined
133.00000000000455,24.0,913,train,433.1155197605462,1.0,0.2,"(5, 2)",undefined
134.2500000000034,24.0,914,train,434.36551976054506,1.0,0.2,"(5, 2)",undefined
135.50000000000227,24.0,915,train,435.6155197605439,1.0,0.2,"(5, 2)",undefined
136.0,24.0,916,train,436.11551976054164,1.0,0.2,"(5, 2)",undefined
136.0,24.0,917,train,436.11551976054164,1.0,0.2,"(5, 2)",undefined
136.0,24.0,918,train,436.11551976054164,1.0,0.2,"(5, 2)",undefined
136.0,24.0,919,train,436.11551976054164,1.0,0.2,"(5, 2)",undefined
136.0,24.0,920,train,436.11551976054164,1.0,0.2,"(5, 2)",undefined
136.0,24.0,921,train,436.11551976054164,1.0,0.2,"(5, 2)",undefined
136.0,24.0,922,train,436.11551976054164,1.0,0.2,"(5, 2)",undefined
136.0,24.0,923,train,436.11551976054164,1.0,0.2,"(5, 2)",undefined
136.0,24.0,924,train,436.11551976054164,1.0,0.2,"(5, 2)",undefined
136.0,24.0,925,train,436.11551976054164,1.0,0.2,"(5, 2)",undefined
136.0,24.0,926,train,436.11551976054164,1.0,0.2,"(5, 2)",undefined
136.0,24.0,927,train,436.11551976054164,1.0,0.2,"(5, 2)",undefined
136.0,24.0,928,train,436.11551976054164,1.0,0.2,"(5, 2)",undefined
136.0,24.0,929,train,436.11551976054164,1.0,0.2,"(5, 2)",undefined
136.0,24.0,930,train,436.11551976054164,1.0,0.2,"(5, 2)",undefined
136.0,24.0,931,train,436.11551976054164,1.0,0.2,"(5, 2)",undefined
136.0,24.0,932,train,436.11551976054164,1.0,0.2,"(5, 2)",undefined
136.0,24.0,933,train,436.11551976054164,1.0,0.2,"(5, 2)",undefined
136.0,24.0,934,train,436.11551976054164,1.0,0.2,"(5, 2)",undefined
136.0,24.0,935,train,436.11551976054164,1.0,0.2,"(5, 2)",undefined
136.0,24.0,936,train,436.11551976054164,1.0,0.2,"(5, 2)",undefined
136.0,24.0,937,train,436.11551976054164,1.0,0.2,"(5, 2)",undefined
136.0,24.0,938,train,436.11551976054164,1.0,0.2,"(5, 2)",undefined
136.0,24.0,939,train,436.11551976054164,1.0,0.2,"(5, 2)",undefined
136.0,24.0,940,train,436.11551976054164,1.0,0.2,"(5, 2)",undefined
136.0,24.0,941,train,436.11551976054164,1.0,0.2,"(5, 2)",undefined
136.0,24.0,942,train,436.11551976054164,1.0,0.2,"(5, 2)",undefined
136.0,24.0,943,train,436.11551976054164,1.0,0.2,"(5, 2)",undefined
136.0,24.0,944,train,436.11551976054164,1.0,0.2,"(5, 2)",undefined
136.0,24.0,945,train,436.11551976054164,1.0,0.2,"(5, 2)",undefined
136.0,24.0,946,train,436.11551976054164,1.0,0.2,"(5, 2)",undefined
136.0,24.0,947,train,436.11551976054164,1.0,0.2,"(5, 2)",undefined
136.0,24.0,948,train,436.11551976054164,1.0,0.2,"(5, 2)",undefined
136.0,24.0,949,train,436.11551976054164,1.0,0.2,"(5, 2)",undefined
136.0,24.0,950,train,436.11551976054164,1.0,0.2,"(5, 2)",undefined
136.0,24.0,951,train,436.11551976054164,1.0,0.2,"(5, 2)",undefined
136.0,24.0,952,train,436.11551976054164,1.0,0.2,"(5, 2)",undefined
136.0,24.0,953,train,436.11551976054164,1.0,0.2,"(5, 2)",undefined
136.0,24.0,954,train,436.11551976054164,1.0,0.2,"(5, 2)",undefined
136.0,24.0,955,train,436.11551976054164,1.0,0.2,"(5, 2)",undefined
136.0,24.0,956,train,436.11551976054164,1.0,0.2,"(5, 2)",undefined
136.0,24.0,957,train,436.11551976054164,1.0,0.2,"(5, 2)",undefined
136.0,24.0,958,train,436.11551976054164,1.0,0.2,"(5, 2)",undefined
136.0,24.0,959,train,436.11551976054164,1.0,0.2,"(5, 2)",undefined
136.0,24.0,960,train,436.11551976054164,1.0,0.2,"(5, 2)",undefined
136.0,24.0,961,train,436.11551976054164,1.0,0.2,"(5, 2)",undefined
134.75000000000114,24.0,962,train,437.3655197605405,1.0,0.2,"(5, 2)",undefined
133.50000000000227,24.0,963,train,438.61551976053937,1.0,0.2,"(5, 2)",undefined
132.2500000000034,24.0,964,train,439.86551976053823,1.0,0.2,"(5, 2)",undefined
131.00000000000455,24.0,965,train,441.1155197605371,1.0,0.2,"(5, 2)",undefined
129.75000000000568,24.0,966,train,442.36551976053596,1.0,0.2,"(5, 2)",undefined
128.50000000000682,24.0,967,train,443.6155197605348,1.0,0.2,"(5, 2)",undefined
127.2500000000071,24.0,968,train,444.86551976053454,1.0,0.2,"(5, 2)",undefined
126.00000000000682,24.0,969,train,446.1155197605348,1.0,0.2,"(5, 2)",undefined
124.75000000000654,24.0,970,train,447.3655197605351,1.0,0.2,"(5, 2)",undefined
123.50000000000625,24.0,971,train,448.6155197605354,1.0,0.2,"(5, 2)",undefined
122.25000000000597,24.0,972,train,449.8655197605357,1.0,0.2,"(5, 2)",undefined
121.00000000000568,24.0,973,train,451.11551976053596,1.0,0.2,"(5, 2)",undefined
119.7500000000054,24.0,974,train,452.36551976053624,1.0,0.2,"(5, 2)",undefined
118.50000000000512,24.0,975,train,453.61551976053653,1.0,0.2,"(5, 2)",undefined
117.25000000000483,24.0,976,train,454.8655197605368,1.0,0.2,"(5, 2)",undefined
116.00000000000455,24.0,977,train,456.1155197605371,1.0,0.2,"(5, 2)",undefined
114.75000000000426,24.0,978,train,457.3655197605374,1.0,0.2,"(5, 2)",undefined
113.50000000000398,24.0,979,train,458.61551976053767,1.0,0.2,"(5, 2)",undefined
112.2500000000037,24.0,980,train,459.86551976053795,1.0,0.2,"(5, 2)",undefined
111.00000000000341,24.0,981,train,461.11551976053823,1.0,0.2,"(5, 2)",undefined
109.75000000000313,24.0,982,train,462.3655197605385,1.0,0.2,"(5, 2)",undefined
108.50000000000284,24.0,983,train,463.6155197605388,1.0,0.2,"(5, 2)",undefined
107.25000000000256,24.0,984,train,464.8655197605391,1.0,0.2,"(5, 2)",undefined
106.00000000000227,24.0,985,train,466.11551976053937,1.0,0.2,"(5, 2)",undefined
104.75000000000199,24.0,986,train,467.36551976053966,1.0,0.2,"(5, 2)",undefined
103.5000000000017,24.0,987,train,468.61551976053994,1.0,0.2,"(5, 2)",undefined
102.25000000000142,24.0,988,train,469.8655197605402,1.0,0.2,"(5, 2)",undefined
101.00000000000114,24.0,989,train,471.1155197605405,1.0,0.2,"(5, 2)",undefined
99.75000000000085,24.0,990,train,472.3655197605408,1.0,0.2,"(5, 2)",undefined
98.50000000000057,24.0,991,train,473.6155197605411,1.0,0.2,"(5, 2)",undefined
97.25000000000028,24.0,992,train,474.86551976054136,1.0,0.2,"(5, 2)",undefined
96.0,24.0,993,train,476.11551976054164,1.0,0.2,"(5, 2)",undefined
94.74999999999972,24.0,994,train,477.36551976054193,1.0,0.2,"(5, 2)",undefined
93.49999999999943,24.0,995,train,478.6155197605422,1.0,0.2,"(5, 2)",undefined
92.24999999999915,24.0,996,train,479.8655197605425,1.0,0.2,"(5, 2)",undefined
90.99999999999886,24.0,997,train,481.1155197605428,1.0,0.2,"(5, 2)",undefined
89.74999999999858,24.0,998,train,482.36551976054307,1.0,0.2,"(5, 2)",undefined
88.4999999999983,24.0,999,train,483.61551976054335,1.0,0.2,"(5, 2)",undefined
87.24999999999801,24.0,1000,train,484.86551976054363,1.0,0.2,"(5, 2)",undefined
85.99999999999773,24.0,1001,train,486.1155197605439,1.0,0.2,"(5, 2)",undefined
84.74999999999744,24.0,1002,train,487.3655197605442,1.0,0.2,"(5, 2)",undefined
83.49999999999716,24.0,1003,train,488.6155197605445,1.0,0.2,"(5, 2)",undefined
82.24999999999687,24.0,1004,train,489.86551976054477,1.0,0.2,"(5, 2)",undefined
80.99999999999659,24.0,1005,train,491.11551976054506,1.0,0.2,"(5, 2)",undefined
79.7499999999963,24.0,1006,train,492.36551976054534,1.0,0.2,"(5, 2)",undefined
78.49999999999602,24.0,1007,train,493.6155197605456,1.0,0.2,"(5, 2)",undefined
77.24999999999574,24.0,1008,train,494.8655197605459,1.0,0.2,"(5, 2)",undefined
75.99999999999545,24.0,1009,train,496.1155197605462,1.0,0.2,"(5, 2)",undefined
74.74999999999517,24.0,1010,train,497.3655197605465,1.0,0.2,"(5, 2)",undefined
73.49999999999488,24.0,1011,train,498.61551976054676,1.0,0.2,"(5, 2)",undefined
72.2499999999946,24.0,1012,train,499.86551976054704,1.0,0.2,"(5, 2)",undefined
71.34621797023578,24.84324151087344,1013,train,501.10159346505463,1.0,0.2,"(5, 2)",undefined
70.45686168923703,25.72161808469994,1014,train,502.3515934650543,1.0,0.2,"(5, 2)",undefined
69.56750540823828,26.59999465852644,1015,train,503.60159346505395,1.0,0.2,"(5, 2)",undefined
68.67814912723952,27.47837123235294,1016,train,504.8515934650536,1.0,0.2,"(5, 2)",undefined
67.78879284624077,28.356747806179442,1017,train,506.10159346505327,1.0,0.2,"(5, 2)",undefined
66.89943656524201,29.235124380005942,1018,train,507.35159346505293,1.0,0.2,"(5, 2)",undefined
66.01008028424326,30.113500953832443,1019,train,508.6015934650526,1.0,0.2,"(5, 2)",undefined
65.1207240032445,30.991877527658943,1020,train,509.85159346505225,1.0,0.2,"(5, 2)",undefined
64.23136772224575,31.870254101485443,1021,train,511.1015934650519,1.0,0.2,"(5, 2)",undefined
63.34201144124647,32.748630675311944,1022,train,512.3515934650519,1.0,0.2,"(5, 2)",undefined
62.452655160247005,33.627007249138444,1023,train,513.601593465052,1.0,0.2,"(5, 2)",undefined
61.56329887924754,34.505383822964944,1024,train,514.8515934650521,1.0,0.2,"(5, 2)",undefined
60.673942598248075,35.383760396791445,1025,train,516.1015934650522,1.0,0.2,"(5, 2)",undefined
59.78458631724861,36.262136970617945,1026,train,517.3515934650524,1.0,0.2,"(5, 2)",undefined
58.895230036249146,37.140513544444445,1027,train,518.6015934650525,1.0,0.2,"(5, 2)",undefined
58.00587375524984,38.018890118270946,1028,train,519.8515934650525,1.0,0.2,"(5, 2)",undefined
57.11651747425088,38.897266692097446,1029,train,521.1015934650522,1.0,0.2,"(5, 2)",undefined
56.22716119325191,39.77564326592395,1030,train,522.351593465052,1.0,0.2,"(5, 2)",undefined
56.0,40.0,1031,train,522.6708710117804,1.0,0.2,"(5, 2)",undefined
56.0,40.0,1032,train,522.6708710117804,1.0,0.2,"(5, 2)",undefined
56.0,40.0,1033,train,522.6708710117804,1.0,0.2,"(5, 2)",undefined
56.0,40.0,1034,train,522.6708710117804,1.0,0.2,"(5, 2)",undefined
56.0,40.0,1035,train,522.6708710117804,1.0,0.2,"(5, 2)",undefined
56.0,40.0,1036,train,522.6708710117804,1.0,0.2,"(5, 2)",undefined
56.0,40.0,1037,train,522.6708710117804,1.0,0.2,"(5, 2)",undefined
56.0,40.0,1038,train,522.6708710117804,1.0,0.2,"(5, 2)",undefined
56.0,40.0,1039,train,522.6708710117804,1.0,0.2,"(5, 2)",undefined
56.0,40.0,1040,train,522.6708710117804,1.0,0.2,"(5, 2)",undefined
56.0,40.0,1041,train,522.6708710117804,1.0,0.2,"(5, 2)",undefined
56.0,40.0,1042,train,522.6708710117804,1.0,0.2,"(5, 2)",undefined
56.0,40.0,1043,train,522.6708710117804,1.0,0.2,"(5, 2)",undefined
56.0,40.0,1044,train,522.6708710117804,1.0,0.2,"(5, 2)",undefined
56.0,40.0,1045,train,522.6708710117804,1.0,0.2,"(5, 2)",undefined
56.0,40.0,1046,train,522.6708710117804,1.0,0.2,"(5, 2)",undefined
56.0,40.0,1047,train,522.6708710117804,1.0,0.2,"(5, 2)",undefined
56.0,40.0,1048,train,522.6708710117804,1.0,0.2,"(5, 2)",undefined
56.0,40.0,1049,train,522.6708710117804,1.0,0.2,"(5, 2)",undefined
56.0,40.0,1050,train,522.6708710117804,1.0,0.2,"(5, 2)",undefined
56.0,40.0,1051,train,522.6708710117804,1.0,0.2,"(5, 2)",undefined
56.0,40.0,1052,train,522.6708710117804,1.0,0.2,"(5, 2)",undefined
56.0,40.0,1053,train,522.6708710117804,1.0,0.2,"(5, 2)",undefined
56.0,40.0,1054,train,522.6708710117804,1.0,0.2,"(5, 2)",undefined
56.0,40.0,1055,train,522.6708710117804,1.0,0.2,"(5, 2)",undefined
56.0,40.0,1056,train,522.6708710117804,1.0,0.2,"(5, 2)",undefined
56.0,40.0,1057,train,522.6708710117804,1.0,0.2,"(5, 2)",undefined
56.0,40.0,1058,train,522.6708710117804,1.0,0.2,"(5, 2)",undefined
56.0,40.0,1059,train,522.6708710117804,1.0,0.2,"(5, 2)",undefined
56.0,40.0,1060,train,522.6708710117804,1.0,0.2,"(5, 2)",undefined
56.0,40.0,1061,train,522.6708710117804,1.0,0.2,"(5, 2)",undefined
56.0,40.0,1062,train,522.6708710117804,1.0,0.2,"(5, 2)",undefined
56.0,40.0,1063,train,522.6708710117804,1.0,0.2,"(5, 2)",undefined
56.0,40.0,1064,train,522.6708710117804,1.0,0.2,"(5, 2)",undefined
56.0,40.0,1065,train,522.6708710117804,1.0,0.2,"(5, 2)",undefined
56.0,40.0,1066,train,522.6708710117804,1.0,0.2,"(5, 2)",undefined
56.0,40.0,1067,train,522.6708710117804,1.0,0.2,"(5, 2)",undefined
56.0,40.0,1068,train,522.6708710117804,1.0,0.2,"(5, 2)",undefined
56.0,40.0,1069,train,522.6708710117804,1.0,0.2,"(5, 2)",undefined
56.0,40.0,1070,train,522.6708710117804,1.0,0.2,"(5, 2)",undefined
56.0,40.0,1071,train,522.6708710117804,1.0,0.2,"(5, 2)",undefined
56.0,40.0,1072,train,522.6708710117804,1.0,0.2,"(5, 2)",undefined
56.0,40.0,1073,train,522.6708710117804,1.0,0.2,"(5, 2)",undefined
56.0,40.0,1074,train,522.6708710117804,1.0,0.2,"(5, 2)",undefined
56.0,40.0,1075,train,522.6708710117804,1.0,0.2,"(5, 2)",undefined
56.0,40.0,1076,train,522.6708710117804,1.0,0.2,"(5, 2)",undefined
56.0,40.0,1077,train,522.6708710117804,1.0,0.2,"(5, 2)",undefined
56.0,40.0,1078,train,522.6708710117804,1.0,0.2,"(5, 2)",undefined
56.0,40.0,1079,train,522.6708710117804,1.0,0.2,"(5, 2)",undefined
57.250000000000284,40.0,1080,train,523.9208710117807,1.0,0.2,"(5, 2)",undefined
58.50000000000057,40.0,1081,train,525.170871011781,1.0,0.2,"(5, 2)",undefined
59.75000000000085,40.0,1082,train,526.4208710117812,1.0,0.2,"(5, 2)",undefined
61.00000000000114,40.0,1083,train,527.6708710117814,1.0,0.2,"(5, 2)",undefined
62.25000000000142,40.0,1084,train,528.9208710117816,1.0,0.2,"(5, 2)",undefined
63.500000000001705,40.0,1085,train,530.1708710117819,1.0,0.2,"(5, 2)",undefined
64.75000000000199,40.0,1086,train,531.4208710117821,1.0,0.2,"(5, 2)",undefined
66.00000000000227,40.0,1087,train,532.6708710117823,1.0,0.2,"(5, 2)",undefined
67.25000000000256,40.0,1088,train,533.9208710117825,1.0,0.2,"(5, 2)",undefined
68.50000000000284,40.0,1089,train,535.1708710117828,1.0,0.2,"(5, 2)",undefined
69.75000000000313,40.0,1090,train,536.420871011783,1.0,0.2,"(5, 2)",undefined
71.00000000000341,40.0,1091,train,537.6708710117832,1.0,0.2,"(5, 2)",undefined
72.2500000000037,40.0,1092,train,538.9208710117834,1.0,0.2,"(5, 2)",undefined
73.50000000000398,40.0,1093,train,540.1708710117837,1.0,0.2,"(5, 2)",undefined
74.75000000000426,40.0,1094,train,541.4208710117839,1.0,0.2,"(5, 2)",undefined
76.00000000000455,40.0,1095,train,542.6708710117841,1.0,0.2,"(5, 2)",undefined
77.25000000000483,40.0,1096,train,543.9208710117844,1.0,0.2,"(5, 2)",undefined
78.50000000000512,40.0,1097,train,545.1708710117846,1.0,0.2,"(5, 2)",undefined
79.7500000000054,40.0,1098,train,546.4208710117848,1.0,0.2,"(5, 2)",undefined
81.00000000000568,40.0,1099,train,547.670871011785,1.0,0.2,"(5, 2)",undefined
82.25000000000597,40.0,1100,train,548.9208710117853,1.0,0.2,"(5, 2)",undefined
83.50000000000625,40.0,1101,train,550.1708710117855,1.0,0.2,"(5, 2)",undefined
84.75000000000654,40.0,1102,train,551.4208710117857,1.0,0.2,"(5, 2)",undefined
86.00000000000682,40.0,1103,train,552.670871011786,1.0,0.2,"(5, 2)",undefined
87.2500000000071,40.0,1104,train,553.9208710117862,1.0,0.2,"(5, 2)",undefined
88.0,40.0,1105,train,554.6708710117791,1.0,0.2,"(5, 2)",undefined
88.0,40.0,1106,train,554.6708710117791,1.0,0.2,"(5, 2)",undefined
88.0,40.0,1107,train,554.6708710117791,1.0,0.2,"(5, 2)",undefined
88.0,40.0,1108,train,554.6708710117791,1.0,0.2,"(5, 2)",undefined
88.0,40.0,1109,train,554.6708710117791,1.0,0.2,"(5, 2)",undefined
88.0,40.0,1110,train,554.6708710117791,1.0,0.2,"(5, 2)",undefined
88.0,40.0,1111,train,554.6708710117791,1.0,0.2,"(5, 2)",undefined
88.0,40.0,1112,train,554.6708710117791,1.0,0.2,"(5, 2)",undefined
88.0,40.0,1113,train,554.6708710117791,1.0,0.2,"(5, 2)",undefined
88.0,40.0,1114,train,554.6708710117791,1.0,0.2,"(5, 2)",undefined
88.0,40.0,1115,train,554.6708710117791,1.0,0.2,"(5, 2)",undefined
88.0,40.0,1116,train,554.6708710117791,1.0,0.2,"(5, 2)",undefined
88.0,40.0,1117,train,554.6708710117791,1.0,0.2,"(5, 2)",undefined
88.0,40.0,1118,train,554.6708710117791,1.0,0.2,"(5, 2)",undefined
88.0,40.0,1119,train,554.6708710117791,1.0,0.2,"(5, 2)",undefined
88.0,40.0,1120,train,554.6708710117791,1.0,0.2,"(5, 2)",undefined
88.0,40.0,1121,train,554.6708710117791,1.0,0.2,"(5, 2)",undefined
88.0,40.0,1122,train,554.6708710117791,1.0,0.2,"(5, 2)",undefined
88.0,40.0,1123,train,554.6708710117791,1.0,0.2,"(5, 2)",undefined
88.0,40.0,1124,train,554.6708710117791,1.0,0.2,"(5, 2)",undefined
88.0,40.0,1125,train,554.6708710117791,1.0,0.2,"(5, 2)",undefined
88.0,40.0,1126,train,554.6708710117791,1.0,0.2,"(5, 2)",undefined
88.0,40.0,1127,train,554.6708710117791,1.0,0.2,"(5, 2)",undefined
88.0,40.0,1128,train,554.6708710117791,1.0,0.2,"(5, 2)",undefined
89.25000000000028,40.0,1129,train,555.9208710117794,1.0,0.2,"(5, 2)",undefined
90.50000000000057,40.0,1130,train,557.1708710117796,1.0,0.2,"(5, 2)",undefined
91.75000000000085,40.0,1131,train,558.4208710117798,1.0,0.2,"(5, 2)",undefined
93.00000000000114,40.0,1132,train,559.67087101178,1.0,0.2,"(5, 2)",undefined
94.25000000000142,40.0,1133,train,560.9208710117803,1.0,0.2,"(5, 2)",undefined
95.5000000000017,40.0,1134,train,562.1708710117805,1.0,0.2,"(5, 2)",undefined
96.75000000000199,40.0,1135,train,563.4208710117807,1.0,0.2,"(5, 2)",undefined
98.00000000000227,40.0,1136,train,564.670871011781,1.0,0.2,"(5, 2)",undefined
99.25000000000256,40.0,1137,train,565.9208710117812,1.0,0.2,"(5, 2)",undefined
100.50000000000284,40.0,1138,train,567.1708710117814,1.0,0.2,"(5, 2)",undefined
101.75000000000313,40.0,1139,train,568.4208710117816,1.0,0.2,"(5, 2)",undefined
103.00000000000341,40.0,1140,train,569.6708710117819,1.0,0.2,"(5, 2)",undefined
104.2500000000037,40.0,1141,train,570.9208710117821,1.0,0.2,"(5, 2)",undefined
105.50000000000398,40.0,1142,train,572.1708710117823,1.0,0.2,"(5, 2)",undefined
106.75000000000426,40.0,1143,train,573.4208710117825,1.0,0.2,"(5, 2)",undefined
108.00000000000455,40.0,1144,train,574.6708710117828,1.0,0.2,"(5, 2)",undefined
109.25000000000483,40.0,1145,train,575.920871011783,1.0,0.2,"(5, 2)",undefined
110.50000000000512,40.0,1146,train,577.1708710117832,1.0,0.2,"(5, 2)",undefined
111.7500000000054,40.0,1147,train,578.4208710117834,1.0,0.2,"(5, 2)",undefined
113.00000000000568,40.0,1148,train,579.6708710117837,1.0,0.2,"(5, 2)",undefined
114.25000000000597,40.0,1149,train,580.9208710117839,1.0,0.2,"(5, 2)",undefined
115.50000000000625,40.0,1150,train,582.1708710117841,1.0,0.2,"(5, 2)",undefined
116.75000000000654,40.0,1151,train,583.4208710117844,1.0,0.2,"(5, 2)",undefined
118.00000000000682,40.0,1152,train,584.6708710117846,1.0,0.2,"(5, 2)",undefined
119.2500000000071,40.0,1153,train,585.9208710117848,1.0,0.2,"(5, 2)",undefined
120.29803951736653,39.50810911865716,1154,train,587.0786030486116,1.0,0.2,"(5, 2)",undefined
121.18739579836529,38.62973254483066,1155,train,588.3286030486113,1.0,0.2,"(5, 2)",undefined
122.07675207936404,37.75135597100416,1156,train,589.578603048611,1.0,0.2,"(5, 2)",undefined
122.9661083603628,36.87297939717766,1157,train,590.8286030486106,1.0,0.2,"(5, 2)",undefined
123.85546464136155,35.99460282335116,1158,train,592.0786030486103,1.0,0.2,"(5, 2)",undefined
124.7448209223603,35.11622624952466,1159,train,593.3286030486099,1.0,0.2,"(5, 2)",undefined
125.63417720335906,34.23784967569816,1160,train,594.5786030486096,1.0,0.2,"(5, 2)",undefined
126.52353348435781,33.35947310187166,1161,train,595.8286030486092,1.0,0.2,"(5, 2)",undefined
127.41288976535657,32.48109652804516,1162,train,597.0786030486089,1.0,0.2,"(5, 2)",undefined
128.30224604635532,31.602719954218657,1163,train,598.3286030486086,1.0,0.2,"(5, 2)",undefined
129.19160232735408,30.724343380392156,1164,train,599.5786030486082,1.0,0.2,"(5, 2)",undefined
130.08095860835283,29.845966806565656,1165,train,600.8286030486079,1.0,0.2,"(5, 2)",undefined
130.97031488935158,28.967590232739155,1166,train,602.0786030486075,1.0,0.2,"(5, 2)",undefined
131.85967117035034,28.089213658912655,1167,train,603.3286030486072,1.0,0.2,"(5, 2)",undefined
132.7490274513491,27.210837085086226,1168,train,604.5786030486067,1.0,0.2,"(5, 2)",undefined
133.63838373234785,26.33246051126008,1169,train,605.8286030486062,1.0,0.2,"(5, 2)",undefined
134.5277400133466,25.454083937433936,1170,train,607.0786030486056,1.0,0.2,"(5, 2)",undefined
135.41709629434553,24.57570736360819,1171,train,608.3286030486048,1.0,0.2,"(5, 2)",undefined
136.0,24.0,1172,train,609.1478805953363,1.0,0.2,"(5, 2)",undefined
136.0,24.0,1173,train,609.1478805953363,1.0,0.2,"(5, 2)",undefined
136.0,24.0,1174,train,609.1478805953363,1.0,0.2,"(5, 2)",undefined
136.0,24.0,1175,train,609.1478805953363,1.0,0.2,"(5, 2)",undefined
136.0,24.0,1176,train,609.1478805953363,1.0,0.2,"(5, 2)",undefined
136.0,24.0,1177,train,609.1478805953363,1.0,0.2,"(5, 2)",undefined
136.0,24.0,1178,train,609.1478805953363,1.0,0.2,"(5, 2)",undefined
136.0,24.0,1179,train,609.1478805953363,1.0,0.2,"(5, 2)",undefined
136.0,24.0,1180,train,609.1478805953363,1.0,0.2,"(5, 2)",undefined
136.0,24.0,1181,train,609.1478805953363,1.0,0.2,"(5, 2)",undefined
136.0,24.0,1182,train,609.1478805953363,1.0,0.2,"(5, 2)",undefined
136.0,24.0,1183,train,609.1478805953363,1.0,0.2,"(5, 2)",undefined
136.0,24.0,1184,train,609.1478805953363,1.0,0.2,"(5, 2)",undefined
136.0,24.0,1185,train,609.1478805953363,1.0,0.2,"(5, 2)",undefined
136.0,24.0,1186,train,609.1478805953363,1.0,0.2,"(5, 2)",undefined
136.0,24.0,1187,train,609.1478805953363,1.0,0.2,"(5, 2)",undefined
136.0,24.0,1188,train,609.1478805953363,1.0,0.2,"(5, 2)",undefined
136.0,24.0,1189,train,609.1478805953363,1.0,0.2,"(5, 2)",undefined
136.0,24.0,1190,train,609.1478805953363,1.0,0.2,"(5, 2)",undefined
136.0,24.0,1191,train,609.1478805953363,1.0,0.2,"(5, 2)",undefined
136.0,24.0,1192,train,609.1478805953363,1.0,0.2,"(5, 2)",undefined
136.0,24.0,1193,train,609.1478805953363,1.0,0.2,"(5, 2)",undefined
136.0,24.0,1194,train,609.1478805953363,1.0,0.2,"(5, 2)",undefined
136.0,24.0,1195,train,609.1478805953363,1.0,0.2,"(5, 2)",undefined
136.0,24.0,1196,train,609.1478805953363,1.0,0.2,"(5, 2)",undefined
136.0,24.0,1197,train,609.1478805953363,1.0,0.2,"(5, 2)",undefined
136.0,24.0,1198,train,609.1478805953363,1.0,0.2,"(5, 2)",undefined
136.0,24.0,1199,train,609.1478805953363,1.0,0.2,"(5, 2)",undefined
136.0,24.0,1200,train,609.1478805953363,1.0,0.2,"(5, 2)",undefined
136.0,24.0,1201,train,609.1478805953363,1.0,0.2,"(5, 2)",undefined
136.0,24.0,1202,train,609.1478805953363,1.0,0.2,"(5, 2)",undefined
134.75000000000114,24.0,1203,train,610.3978805953352,1.0,0.2,"(5, 2)",undefined
133.50000000000227,24.0,1204,train,611.6478805953341,1.0,0.2,"(5, 2)",undefined
132.2500000000034,24.0,1205,train,612.8978805953329,1.0,0.2,"(5, 2)",undefined
131.00000000000455,24.0,1206,train,614.1478805953318,1.0,0.2,"(5, 2)",undefined
129.75000000000568,24.0,1207,train,615.3978805953307,1.0,0.2,"(5, 2)",undefined
128.50000000000682,24.0,1208,train,616.6478805953295,1.0,0.2,"(5, 2)",undefined
127.2500000000071,24.0,1209,train,617.8978805953293,1.0,0.2,"(5, 2)",undefined
126.00000000000682,24.0,1210,train,619.1478805953295,1.0,0.2,"(5, 2)",undefined
124.75000000000654,24.0,1211,train,620.3978805953298,1.0,0.2,"(5, 2)",undefined
123.50000000000625,24.0,1212,train,621.64788059533,1.0,0.2,"(5, 2)",undefined
122.25000000000597,24.0,1213,train,622.8978805953302,1.0,0.2,"(5, 2)",undefined
121.00000000000568,24.0,1214,train,624.1478805953304,1.0,0.2,"(5, 2)",undefined
119.7500000000054,24.0,1215,train,625.3978805953307,1.0,0.2,"(5, 2)",undefined
118.50000000000512,24.0,1216,train,626.6478805953309,1.0,0.2,"(5, 2)",undefined
117.25000000000483,24.0,1217,train,627.8978805953311,1.0,0.2,"(5, 2)",undefined
116.00000000000455,24.0,1218,train,629.1478805953313,1.0,0.2,"(5, 2)",undefined
114.75000000000426,24.0,1219,train,630.3978805953316,1.0,0.2,"(5, 2)",undefined
113.50000000000398,24.0,1220,train,631.6478805953318,1.0,0.2,"(5, 2)",undefined
112.2500000000037,24.0,1221,train,632.897880595332,1.0,0.2,"(5, 2)",undefined
111.00000000000341,24.0,1222,train,634.1478805953323,1.0,0.2,"(5, 2)",undefined
109.75000000000313,24.0,1223,train,635.3978805953325,1.0,0.2,"(5, 2)",undefined
108.50000000000284,24.0,1224,train,636.6478805953327,1.0,0.2,"(5, 2)",undefined
107.25000000000256,24.0,1225,train,637.8978805953329,1.0,0.2,"(5, 2)",undefined
106.00000000000227,24.0,1226,train,639.1478805953332,1.0,0.2,"(5, 2)",undefined
104.75000000000199,24.0,1227,train,640.3978805953334,1.0,0.2,"(5, 2)",undefined
103.5000000000017,24.0,1228,train,641.6478805953336,1.0,0.2,"(5, 2)",undefined
102.25000000000142,24.0,1229,train,642.8978805953338,1.0,0.2,"(5, 2)",undefined
101.00000000000114,24.0,1230,train,644.1478805953341,1.0,0.2,"(5, 2)",undefined
99.75000000000085,24.0,1231,train,645.3978805953343,1.0,0.2,"(5, 2)",undefined
98.50000000000057,24.0,1232,train,646.6478805953345,1.0,0.2,"(5, 2)",undefined
97.25000000000028,24.0,1233,train,647.8978805953348,1.0,0.2,"(5, 2)",undefined
96.0,24.0,1234,train,649.147880595335,1.0,0.2,"(5, 2)",undefined
94.74999999999972,24.0,1235,train,650.3978805953352,1.0,0.2,"(5, 2)",undefined
93.49999999999943,24.0,1236,train,651.6478805953354,1.0,0.2,"(5, 2)",undefined
92.24999999999915,24.0,1237,train,652.8978805953357,1.0,0.2,"(5, 2)",undefined
90.99999999999886,24.0,1238,train,654.1478805953359,1.0,0.2,"(5, 2)",undefined
89.74999999999858,24.0,1239,train,655.3978805953361,1.0,0.2,"(5, 2)",undefined
88.4999999999983,24.0,1240,train,656.6478805953363,1.0,0.2,"(5, 2)",undefined
87.24999999999801,24.0,1241,train,657.8978805953366,1.0,0.2,"(5, 2)",undefined
85.99999999999773,24.0,1242,train,659.1478805953368,1.0,0.2,"(5, 2)",undefined
84.74999999999744,24.0,1243,train,660.397880595337,1.0,0.2,"(5, 2)",undefined
83.49999999999716,24.0,1244,train,661.6478805953373,1.0,0.2,"(5, 2)",undefined
82.24999999999687,24.0,1245,train,662.8978805953375,1.0,0.2,"(5, 2)",undefined
80.99999999999659,24.0,1246,train,664.1478805953377,1.0,0.2,"(5, 2)",undefined
79.7499999999963,24.0,1247,train,665.3978805953379,1.0,0.2,"(5, 2)",undefined
78.49999999999602,24.0,1248,train,666.6478805953382,1.0,0.2,"(5, 2)",undefined
77.24999999999574,24.0,1249,train,667.8978805953384,1.0,0.2,"(5, 2)",undefined
75.99999999999545,24.0,1250,train,669.1478805953386,1.0,0.2,"(5, 2)",undefined
74.74999999999517,24.0,1251,train,670.3978805953388,1.0,0.2,"(5, 2)",undefined
73.49999999999488,24.0,1252,train,671.6478805953391,1.0,0.2,"(5, 2)",undefined
72.2499999999946,24.0,1253,train,672.8978805953393,1.0,0.2,"(5, 2)",undefined
71.34621797023578,24.84324151087344,1254,train,674.1339542998469,1.0,0.2,"(5, 2)",undefined
70.45686168923703,25.72161808469994,1255,train,675.3839542998466,1.0,0.2,"(5, 2)",undefined
69.56750540823828,26.59999465852644,1256,train,676.6339542998462,1.0,0.2,"(5, 2)",undefined
68.67814912723952,27.47837123235294,1257,train,677.8839542998459,1.0,0.2,"(5, 2)",undefined
67.78879284624077,28.356747806179442,1258,train,679.1339542998455,1.0,0.2,"(5, 2)",undefined
66.89943656524201,29.235124380005942,1259,train,680.3839542998452,1.0,0.2,"(5, 2)",undefined
66.01008028424326,30.113500953832443,1260,train,681.6339542998448,1.0,0.2,"(5, 2)",undefined
65.1207240032445,30.991877527658943,1261,train,682.8839542998445,1.0,0.2,"(5, 2)",undefined
64.23136772224575,31.870254101485443,1262,train,684.1339542998442,1.0,0.2,"(5, 2)",undefined
63.34201144124647,32.748630675311944,1263,train,685.3839542998442,1.0,0.2,"(5, 2)",undefined
62.452655160247005,33.627007249138444,1264,train,686.6339542998443,1.0,0.2,"(5, 2)",undefined
61.56329887924754,34.505383822964944,1265,train,687.8839542998444,1.0,0.2,"(5, 2)",undefined
60.673942598248075,35.383760396791445,1266,train,689.1339542998445,1.0,0.2,"(5, 2)",undefined
59.78458631724861,36.262136970617945,1267,train,690.3839542998446,1.0,0.2,"(5, 2)",undefined
58.895230036249146,37.140513544444445,1268,train,691.6339542998447,1.0,0.2,"(5, 2)",undefined
58.00587375524984,38.018890118270946,1269,train,692.8839542998447,1.0,0.2,"(5, 2)",undefined
57.11651747425088,38.897266692097446,1270,train,694.1339542998445,1.0,0.2,"(5, 2)",undefined
56.22716119325191,39.77564326592395,1271,train,695.3839542998443,1.0,0.2,"(5, 2)",undefined
56.0,40.0,1272,train,695.7032318465726,1.0,0.2,"(5, 2)",undefined
56.0,40.0,1273,train,695.7032318465726,1.0,0.2,"(5, 2)",undefined
56.0,40.0,1274,train,695.7032318465726,1.0,0.2,"(5, 2)",undefined
56.0,40.0,1275,train,695.7032318465726,1.0,0.2,"(5, 2)",undefined
56.0,40.0,1276,train,695.7032318465726,1.0,0.2,"(5, 2)",undefined
56.0,40.0,1277,train,695.7032318465726,1.0,0.2,"(5, 2)",undefined
56.0,40.0,1278,train,695.7032318465726,1.0,0.2,"(5, 2)",undefined
56.0,40.0,1279,train,695.7032318465726,1.0,0.2,"(5, 2)",undefined
56.0,40.0,1280,train,695.7032318465726,1.0,0.2,"(5, 2)",undefined
56.0,40.0,1281,train,695.7032318465726,1.0,0.2,"(5, 2)",undefined
56.0,40.0,1282,train,695.7032318465726,1.0,0.2,"(5, 2)",undefined
56.0,40.0,1283,train,695.7032318465726,1.0,0.2,"(5, 2)",undefined
56.0,40.0,1284,train,695.7032318465726,1.0,0.2,"(5, 2)",undefined
56.0,40.0,1285,train,695.7032318465726,1.0,0.2,"(5, 2)",undefined
56.0,40.0,1286,train,695.7032318465726,1.0,0.2,"(5, 2)",undefined
56.0,40.0,1287,train,695.7032318465726,1.0,0.2,"(5, 2)",undefined
56.0,40.0,1288,train,695.7032318465726,1.0,0.2,"(5, 2)",undefined
56.0,40.0,1289,train,695.7032318465726,1.0,0.2,"(5, 2)",undefined
56.0,40.0,1290,train,695.7032318465726,1.0,0.2,"(5, 2)",undefined
56.0,40.0,1291,train,695.7032318465726,1.0,0.2,"(5, 2)",undefined
56.0,40.0,1292,train,695.7032318465726,1.0,0.2,"(5, 2)",undefined
56.0,40.0,1293,train,695.7032318465726,1.0,0.2,"(5, 2)",undefined
56.0,40.0,1294,train,695.7032318465726,1.0,0.2,"(5, 2)",undefined
57.250000000000284,40.0,1295,train,696.9532318465729,1.0,0.2,"(5, 2)",undefined
58.50000000000057,40.0,1296,train,698.2032318465731,1.0,0.2,"(5, 2)",undefined
59.75000000000085,40.0,1297,train,699.4532318465733,1.0,0.2,"(5, 2)",undefined
61.00000000000114,40.0,1298,train,700.7032318465735,1.0,0.2,"(5, 2)",undefined
62.25000000000142,40.0,1299,train,701.9532318465738,1.0,0.2,"(5, 2)",undefined
63.500000000001705,40.0,1300,train,703.203231846574,1.0,0.2,"(5, 2)",undefined
64.75000000000199,40.0,1301,train,704.4532318465742,1.0,0.2,"(5, 2)",undefined
66.00000000000227,40.0,1302,train,705.7032318465745,1.0,0.2,"(5, 2)",undefined
67.25000000000256,40.0,1303,train,706.9532318465747,1.0,0.2,"(5, 2)",undefined
68.50000000000284,40.0,1304,train,708.2032318465749,1.0,0.2,"(5, 2)",undefined
69.75000000000313,40.0,1305,train,709.4532318465751,1.0,0.2,"(5, 2)",undefined
71.00000000000341,40.0,1306,train,710.7032318465754,1.0,0.2,"(5, 2)",undefined
72.12016826116314,39.68378443342246,1307,train,711.8671773856173,1.0,0.2,"(5, 2)",undefined
73.0095245421619,38.80540785959596,1308,train,713.117177385617,1.0,0.2,"(5, 2)",undefined
73.89888082316065,37.92703128576946,1309,train,714.3671773856166,1.0,0.2,"(5, 2)",undefined
74.7882371041594,37.04865471194296,1310,train,715.6171773856163,1.0,0.2,"(5, 2)",undefined
75.67759338515816,36.17027813811646,1311,train,716.867177385616,1.0,0.2,"(5, 2)",undefined
76.56694966615692,35.29190156428996,1312,train,718.1171773856156,1.0,0.2,"(5, 2)",undefined
77.45630594715567,34.41352499046346,1313,train,719.3671773856153,1.0,0.2,"(5, 2)",undefined
78.34566222815442,33.53514841663696,1314,train,720.6171773856149,1.0,0.2,"(5, 2)",undefined
79.23501850915318,32.65677184281046,1315,train,721.8671773856146,1.0,0.2,"(5, 2)",undefined
80.12437479015193,31.778395268983957,1316,train,723.1171773856142,1.0,0.2,"(5, 2)",undefined
81.01373107115069,30.900018695157552,1317,train,724.3671773856138,1.0,0.2,"(5, 2)",undefined
81.90308735214953,30.021642121331407,1318,train,725.6171773856132,1.0,0.2,"(5, 2)",undefined
82.79244363314886,29.143265547505262,1319,train,726.867177385613,1.0,0.2,"(5, 2)",undefined
83.68179991414819,28.264888973679117,1320,train,728.1171773856128,1.0,0.2,"(5, 2)",undefined
84.57115619514751,27.386512399852972,1321,train,729.3671773856125,1.0,0.2,"(5, 2)",undefined
85.46051247614683,26.508135826026827,1322,train,730.6171773856123,1.0,0.2,"(5, 2)",undefined
86.34986875714615,25.62975925220068,1323,train,731.8671773856121,1.0,0.2,"(5, 2)",undefined
87.23922503814548,24.751382678374537,1324,train,733.1171773856119,1.0,0.2,"(5, 2)",undefined
88.0,24.0,1325,train,734.1864549323442,1.0,0.2,"(5, 2)",undefined
88.0,24.0,1326,train,734.1864549323442,1.0,0.2,"(5, 2)",undefined
88.0,24.0,1327,train,734.1864549323442,1.0,0.2,"(5, 2)",undefined
88.0,24.0,1328,train,734.1864549323442,1.0,0.2,"(5, 2)",undefined
88.0,24.0,1329,train,734.1864549323442,1.0,0.2,"(5, 2)",undefined
88.0,24.0,1330,train,734.1864549323442,1.0,0.2,"(5, 2)",undefined
88.0,24.0,1331,train,734.1864549323442,1.0,0.2,"(5, 2)",undefined
88.0,24.0,1332,train,734.1864549323442,1.0,0.2,"(5, 2)",undefined
88.0,24.0,1333,train,734.1864549323442,1.0,0.2,"(5, 2)",undefined
88.0,24.0,1334,train,734.1864549323442,1.0,0.2,"(5, 2)",undefined
88.0,24.0,1335,train,734.1864549323442,1.0,0.2,"(5, 2)",undefined
88.0,24.0,1336,train,734.1864549323442,1.0,0.2,"(5, 2)",undefined
88.0,24.0,1337,train,734.1864549323442,1.0,0.2,"(5, 2)",undefined
88.0,24.0,1338,train,734.1864549323442,1.0,0.2,"(5, 2)",undefined
88.0,24.0,1339,train,734.1864549323442,1.0,0.2,"(5, 2)",undefined
88.0,24.0,1340,train,734.1864549323442,1.0,0.2,"(5, 2)",undefined
88.0,24.0,1341,train,734.1864549323442,1.0,0.2,"(5, 2)",undefined
88.0,24.0,1342,train,734.1864549323442,1.0,0.2,"(5, 2)",undefined
88.0,24.0,1343,train,734.1864549323442,1.0,0.2,"(5, 2)",undefined
88.0,24.0,1344,train,734.1864549323442,1.0,0.2,"(5, 2)",undefined
88.0,24.0,1345,train,734.1864549323442,1.0,0.2,"(5, 2)",undefined
88.0,24.0,1346,train,734.1864549323442,1.0,0.2,"(5, 2)",undefined
88.0,24.0,1347,train,734.1864549323442,1.0,0.2,"(5, 2)",undefined
88.0,24.0,1348,train,734.1864549323442,1.0,0.2,"(5, 2)",undefined
88.0,24.0,1349,train,734.1864549323442,1.0,0.2,"(5, 2)",undefined
88.0,24.0,1350,train,734.1864549323442,1.0,0.2,"(5, 2)",undefined
88.0,24.0,1351,train,734.1864549323442,1.0,0.2,"(5, 2)",undefined
87.11611652351695,24.88388347648305,1352,train,735.436454932344,1.0,0.2,"(5, 2)",undefined
86.2322330470339,25.7677669529661,1353,train,736.6864549323437,1.0,0.2,"(5, 2)",undefined
85.34834957055085,26.65165042944915,1354,train,737.9364549323435,1.0,0.2,"(5, 2)",undefined
84.4644660940678,27.535533905932198,1355,train,739.1864549323433,1.0,0.2,"(5, 2)",undefined
83.58058261758475,28.419417382415247,1356,train,740.436454932343,1.0,0.2,"(5, 2)",undefined
82.6966991411017,29.303300858898297,1357,train,741.6864549323428,1.0,0.2,"(5, 2)",undefined
81.81281566461865,30.187184335381346,1358,train,742.9364549323426,1.0,0.2,"(5, 2)",undefined
80.9289321881356,31.071067811864395,1359,train,744.1864549323424,1.0,0.2,"(5, 2)",undefined
80.04504871165256,31.954951288347445,1360,train,745.4364549323421,1.0,0.2,"(5, 2)",undefined
79.1611652351695,32.838834764830494,1361,train,746.6864549323419,1.0,0.2,"(5, 2)",undefined
78.27728175868646,33.722718241313544,1362,train,747.9364549323417,1.0,0.2,"(5, 2)",undefined
77.3933982822034,34.60660171779659,1363,train,749.1864549323415,1.0,0.2,"(5, 2)",undefined
76.50951480572036,35.49048519427964,1364,train,750.4364549323412,1.0,0.2,"(5, 2)",undefined
75.62563132923731,36.37436867076269,1365,train,751.686454932341,1.0,0.2,"(5, 2)",undefined
74.74174785275426,37.25825214724574,1366,train,752.9364549323408,1.0,0.2,"(5, 2)",undefined
73.85786437627121,38.14213562372879,1367,train,754.1864549323406,1.0,0.2,"(5, 2)",undefined
72.97398089978816,39.02601910021184,1368,train,755.4364549323403,1.0,0.2,"(5, 2)",undefined
72.09009742330511,39.90990257669489,1369,train,756.6864549323401,1.0,0.2,"(5, 2)",undefined
71.20621394682206,40.79378605317794,1370,train,757.9364549323399,1.0,0.2,"(5, 2)",undefined
70.32233047033901,41.67766952966099,1371,train,759.1864549323396,1.0,0.2,"(5, 2)",undefined
69.43844699385596,42.56155300614404,1372,train,760.4364549323394,1.0,0.2,"(5, 2)",undefined
68.55456351737291,43.44543648262709,1373,train,761.6864549323392,1.0,0.2,"(5, 2)",undefined
67.67068004088986,44.32931995911014,1374,train,762.936454932339,1.0,0.2,"(5, 2)",undefined
66.78679656440681,45.213203435593186,1375,train,764.1864549323387,1.0,0.2,"(5, 2)",undefined
65.90291308792376,46.097086912076236,1376,train,765.4364549323385,1.0,0.2,"(5, 2)",undefined
65.01902961144071,46.980970388559285,1377,train,766.6864549323383,1.0,0.2,"(5, 2)",undefined
64.13514613495767,47.864853865042335,1378,train,767.936454932338,1.0,0.2,"(5, 2)",undefined
63.251262658474616,48.748737341525384,1379,train,769.1864549323378,1.0,0.2,"(5, 2)",undefined
62.367379181991566,49.632620818008434,1380,train,770.4364549323376,1.0,0.2,"(5, 2)",undefined
61.48349570550852,50.51650429449148,1381,train,771.6864549323374,1.0,0.2,"(5, 2)",undefined
60.59961222902547,51.40038777097453,1382,train,772.9364549323371,1.0,0.2,"(5, 2)",undefined
59.71572875254242,52.28427124745758,1383,train,774.1864549323369,1.0,0.2,"(5, 2)",undefined
58.83184527605937,53.16815472394063,1384,train,775.4364549323367,1.0,0.2,"(5, 2)",undefined
57.94796179957632,54.05203820042368,1385,train,776.6864549323365,1.0,0.2,"(5, 2)",undefined
57.06407832309327,54.93592167690673,1386,train,777.9364549323362,1.0,0.2,"(5, 2)",undefined
56.0,56.0,1387,train,779.441288928282,1.0,0.2,"(5, 2)",undefined
56.0,56.0,1388,train,779.441288928282,1.0,0.2,"(5, 2)",undefined
56.0,56.0,1389,train,779.441288928282,1.0,0.2,"(5, 2)",undefined
56.0,56.0,1390,train,779.441288928282,1.0,0.2,"(5, 2)",undefined
56.0,56.0,1391,train,779.441288928282,1.0,0.2,"(5, 2)",undefined
56.0,56.0,1392,train,779.441288928282,1.0,0.2,"(5, 2)",undefined
56.0,56.0,1393,train,779.441288928282,1.0,0.2,"(5, 2)",undefined
56.0,56.0,1394,train,779.441288928282,1.0,0.2,"(5, 2)",undefined
56.0,56.0,1395,train,779.441288928282,1.0,0.2,"(5, 2)",undefined
56.0,56.0,1396,train,779.441288928282,1.0,0.2,"(5, 2)",undefined
56.0,56.0,1397,train,779.441288928282,1.0,0.2,"(5, 2)",undefined
56.0,56.0,1398,train,779.441288928282,1.0,0.2,"(5, 2)",undefined
56.0,56.0,1399,train,779.441288928282,1.0,0.2,"(5, 2)",undefined
56.0,56.0,1400,train,779.441288928282,1.0,0.2,"(5, 2)",undefined
56.0,56.0,1401,train,779.441288928282,1.0,0.2,"(5, 2)",undefined
56.0,56.0,1402,train,779.441288928282,1.0,0.2,"(5, 2)",undefined
56.0,56.0,1403,train,779.441288928282,1.0,0.2,"(5, 2)",undefined
56.0,56.0,1404,train,779.441288928282,1.0,0.2,"(5, 2)",undefined
56.0,56.0,1405,train,779.441288928282,1.0,0.2,"(5, 2)",undefined
56.0,56.0,1406,train,779.441288928282,1.0,0.2,"(5, 2)",undefined
56.0,56.0,1407,train,779.441288928282,1.0,0.2,"(5, 2)",undefined
56.0,56.0,1408,train,779.441288928282,1.0,0.2,"(5, 2)",undefined
56.0,56.0,1409,train,779.441288928282,1.0,0.2,"(5, 2)",undefined
56.0,56.0,1410,train,779.441288928282,1.0,0.2,"(5, 2)",undefined
56.0,56.0,1411,train,779.441288928282,1.0,0.2,"(5, 2)",undefined
56.0,56.0,1412,train,779.441288928282,1.0,0.2,"(5, 2)",undefined
56.0,56.0,1413,train,779.441288928282,1.0,0.2,"(5, 2)",undefined
56.0,56.0,1414,train,779.441288928282,1.0,0.2,"(5, 2)",undefined
56.0,56.0,1415,train,779.441288928282,1.0,0.2,"(5, 2)",undefined
56.0,56.0,1416,train,779.441288928282,1.0,0.2,"(5, 2)",undefined
56.0,56.0,1417,train,779.441288928282,1.0,0.2,"(5, 2)",undefined
56.0,56.0,1418,train,779.441288928282,1.0,0.2,"(5, 2)",undefined
56.0,56.0,1419,train,779.441288928282,1.0,0.2,"(5, 2)",undefined
56.0,56.0,1420,train,779.441288928282,1.0,0.2,"(5, 2)",undefined
56.0,56.0,1421,train,779.441288928282,1.0,0.2,"(5, 2)",undefined
56.0,56.0,1422,train,779.441288928282,1.0,0.2,"(5, 2)",undefined
56.0,56.0,1423,train,779.441288928282,1.0,0.2,"(5, 2)",undefined
56.0,56.0,1424,train,779.441288928282,1.0,0.2,"(5, 2)",undefined
56.0,56.0,1425,train,779.441288928282,1.0,0.2,"(5, 2)",undefined
56.0,56.0,1426,train,779.441288928282,1.0,0.2,"(5, 2)",undefined
56.0,56.0,1427,train,779.441288928282,1.0,0.2,"(5, 2)",undefined
56.0,56.0,1428,train,779.441288928282,1.0,0.2,"(5, 2)",undefined
56.0,56.0,1429,train,779.441288928282,1.0,0.2,"(5, 2)",undefined
56.0,56.0,1430,train,779.441288928282,1.0,0.2,"(5, 2)",undefined
56.0,56.0,1431,train,779.441288928282,1.0,0.2,"(5, 2)",undefined
56.0,56.0,1432,train,779.441288928282,1.0,0.2,"(5, 2)",undefined
56.0,56.0,1433,train,779.441288928282,1.0,0.2,"(5, 2)",undefined
56.88388347648305,55.11611652351695,1434,train,780.6912889282818,1.0,0.2,"(5, 2)",undefined
57.7677669529661,54.2322330470339,1435,train,781.9412889282816,1.0,0.2,"(5, 2)",undefined
58.65165042944915,53.34834957055085,1436,train,783.1912889282813,1.0,0.2,"(5, 2)",undefined
59.5355339059322,52.4644660940678,1437,train,784.4412889282811,1.0,0.2,"(5, 2)",undefined
60.41941738241525,51.58058261758475,1438,train,785.6912889282809,1.0,0.2,"(5, 2)",undefined
61.3033008588983,50.6966991411017,1439,train,786.9412889282806,1.0,0.2,"(5, 2)",undefined
62.187184335381346,49.812815664618654,1440,train,788.1912889282804,1.0,0.2,"(5, 2)",undefined
63.071067811864395,48.928932188135605,1441,train,789.4412889282802,1.0,0.2,"(5, 2)",undefined
63.954951288347445,48.045048711652555,1442,train,790.69128892828,1.0,0.2,"(5, 2)",undefined
64.8388347648305,47.161165235169506,1443,train,791.9412889282797,1.0,0.2,"(5, 2)",undefined
65.72271824131354,46.277281758686456,1444,train,793.1912889282795,1.0,0.2,"(5, 2)",undefined
66.6066017177966,45.39339828220341,1445,train,794.4412889282793,1.0,0.2,"(5, 2)",undefined
67.49048519427964,44.50951480572036,1446,train,795.691288928279,1.0,0.2,"(5, 2)",undefined
68.37436867076269,43.62563132923731,1447,train,796.9412889282788,1.0,0.2,"(5, 2)",undefined
69.25825214724574,42.74174785275426,1448,train,798.1912889282786,1.0,0.2,"(5, 2)",undefined
70.14213562372879,41.85786437627121,1449,train,799.4412889282784,1.0,0.2,"(5, 2)",undefined
71.02601910021184,40.97398089978816,1450,train,800.6912889282781,1.0,0.2,"(5, 2)",undefined
71.90990257669489,40.09009742330511,1451,train,801.9412889282779,1.0,0.2,"(5, 2)",undefined
72.79378605317794,39.20621394682206,1452,train,803.1912889282777,1.0,0.2,"(5, 2)",undefined
73.67766952966099,38.32233047033901,1453,train,804.4412889282775,1.0,0.2,"(5, 2)",undefined
74.56155300614404,37.43844699385596,1454,train,805.6912889282772,1.0,0.2,"(5, 2)",undefined
75.44543648262709,36.55456351737291,1455,train,806.941288928277,1.0,0.2,"(5, 2)",undefined
76.32931995911014,35.67068004088986,1456,train,808.1912889282768,1.0,0.2,"(5, 2)",undefined
77.21320343559319,34.786796564406814,1457,train,809.4412889282765,1.0,0.2,"(5, 2)",undefined
78.09708691207624,33.902913087923764,1458,train,810.6912889282763,1.0,0.2,"(5, 2)",undefined
78.98097038855929,33.019029611440715,1459,train,811.9412889282761,1.0,0.2,"(5, 2)",undefined
79.86485386504233,32.135146134957665,1460,train,813.1912889282759,1.0,0.2,"(5, 2)",undefined
80.74873734152538,31.251262658474616,1461,train,814.4412889282756,1.0,0.2,"(5, 2)",undefined
81.63262081800843,30.367379181991566,1462,train,815.6912889282754,1.0,0.2,"(5, 2)",undefined
82.51650429449148,29.483495705508517,1463,train,816.9412889282752,1.0,0.2,"(5, 2)",undefined
83.40038777097453,28.599612229025468,1464,train,818.191288928275,1.0,0.2,"(5, 2)",undefined
84.28427124745758,27.715728752542418,1465,train,819.4412889282747,1.0,0.2,"(5, 2)",undefined
85.16815472394063,26.83184527605937,1466,train,820.6912889282745,1.0,0.2,"(5, 2)",undefined
86.05203820042368,25.94796179957632,1467,train,821.9412889282743,1.0,0.2,"(5, 2)",undefined
86.93592167690673,25.06407832309327,1468,train,823.191288928274,1.0,0.2,"(5, 2)",undefined
88.0,24.0,1469,train,824.6961229242198,1.0,0.2,"(5, 2)",undefined
88.0,24.0,1470,train,824.6961229242198,1.0,0.2,"(5, 2)",undefined
88.0,24.0,1471,train,824.6961229242198,1.0,0.2,"(5, 2)",undefined
88.0,24.0,1472,train,824.6961229242198,1.0,0.2,"(5, 2)",undefined
88.0,24.0,1473,train,824.6961229242198,1.0,0.2,"(5, 2)",undefined
88.0,24.0,1474,train,824.6961229242198,1.0,0.2,"(5, 2)",undefined
88.0,24.0,1475,train,824.6961229242198,1.0,0.2,"(5, 2)",undefined
88.0,24.0,1476,train,824.6961229242198,1.0,0.2,"(5, 2)",undefined
88.0,24.0,1477,train,824.6961229242198,1.0,0.2,"(5, 2)",undefined
88.0,24.0,1478,train,824.6961229242198,1.0,0.2,"(5, 2)",undefined
88.0,24.0,1479,train,824.6961229242198,1.0,0.2,"(5, 2)",undefined
88.0,24.0,1480,train,824.6961229242198,1.0,0.2,"(5, 2)",undefined
88.0,24.0,1481,train,824.6961229242198,1.0,0.2,"(5, 2)",undefined
88.0,24.0,1482,train,824.6961229242198,1.0,0.2,"(5, 2)",undefined
88.0,24.0,1483,train,824.6961229242198,1.0,0.2,"(5, 2)",undefined
88.0,24.0,1484,train,824.6961229242198,1.0,0.2,"(5, 2)",undefined
88.0,24.0,1485,train,824.6961229242198,1.0,0.2,"(5, 2)",undefined
88.0,24.0,1486,train,824.6961229242198,1.0,0.2,"(5, 2)",undefined
88.0,24.0,1487,train,824.6961229242198,1.0,0.2,"(5, 2)",undefined
88.0,24.0,1488,train,824.6961229242198,1.0,0.2,"(5, 2)",undefined
88.0,24.0,1489,train,824.6961229242198,1.0,0.2,"(5, 2)",undefined
88.0,24.0,1490,train,824.6961229242198,1.0,0.2,"(5, 2)",undefined
87.11611652351695,24.88388347648305,1491,train,825.9461229242196,1.0,0.2,"(5, 2)",undefined
86.2322330470339,25.7677669529661,1492,train,827.1961229242194,1.0,0.2,"(5, 2)",undefined
85.34834957055085,26.65165042944915,1493,train,828.4461229242191,1.0,0.2,"(5, 2)",undefined
84.4644660940678,27.535533905932198,1494,train,829.6961229242189,1.0,0.2,"(5, 2)",undefined
83.58058261758475,28.419417382415247,1495,train,830.9461229242187,1.0,0.2,"(5, 2)",undefined
82.6966991411017,29.303300858898297,1496,train,832.1961229242185,1.0,0.2,"(5, 2)",undefined
81.81281566461865,30.187184335381346,1497,train,833.4461229242182,1.0,0.2,"(5, 2)",undefined
80.9289321881356,31.071067811864395,1498,train,834.696122924218,1.0,0.2,"(5, 2)",undefined
80.04504871165256,31.954951288347445,1499,train,835.9461229242178,1.0,0.2,"(5, 2)",undefined
79.1611652351695,32.838834764830494,1500,train,837.1961229242175,1.0,0.2,"(5, 2)",undefined
78.27728175868646,33.722718241313544,1501,train,838.4461229242173,1.0,0.2,"(5, 2)",undefined
77.3933982822034,34.60660171779659,1502,train,839.6961229242171,1.0,0.2,"(5, 2)",undefined
76.50951480572036,35.49048519427964,1503,train,840.9461229242169,1.0,0.2,"(5, 2)",undefined
75.62563132923731,36.37436867076269,1504,train,842.1961229242166,1.0,0.2,"(5, 2)",undefined
74.74174785275426,37.25825214724574,1505,train,843.4461229242164,1.0,0.2,"(5, 2)",undefined
73.85786437627121,38.14213562372879,1506,train,844.6961229242162,1.0,0.2,"(5, 2)",undefined
72.97398089978816,39.02601910021184,1507,train,845.946122924216,1.0,0.2,"(5, 2)",undefined
72.09009742330511,39.90990257669489,1508,train,847.1961229242157,1.0,0.2,"(5, 2)",undefined
71.20621394682206,40.79378605317794,1509,train,848.4461229242155,1.0,0.2,"(5, 2)",undefined
70.32233047033901,41.67766952966099,1510,train,849.6961229242153,1.0,0.2,"(5, 2)",undefined
69.43844699385596,42.56155300614404,1511,train,850.946122924215,1.0,0.2,"(5, 2)",undefined
68.55456351737291,43.44543648262709,1512,train,852.1961229242148,1.0,0.2,"(5, 2)",undefined
67.67068004088986,44.32931995911014,1513,train,853.4461229242146,1.0,0.2,"(5, 2)",undefined
66.78679656440681,45.213203435593186,1514,train,854.6961229242144,1.0,0.2,"(5, 2)",undefined
65.90291308792376,46.097086912076236,1515,train,855.9461229242141,1.0,0.2,"(5, 2)",undefined
65.01902961144071,46.980970388559285,1516,train,857.1961229242139,1.0,0.2,"(5, 2)",undefined
64.13514613495767,47.864853865042335,1517,train,858.4461229242137,1.0,0.2,"(5, 2)",undefined
63.251262658474616,48.748737341525384,1518,train,859.6961229242135,1.0,0.2,"(5, 2)",undefined
62.367379181991566,49.632620818008434,1519,train,860.9461229242132,1.0,0.2,"(5, 2)",undefined
61.48349570550852,50.51650429449148,1520,train,862.196122924213,1.0,0.2,"(5, 2)",undefined
60.59961222902547,51.40038777097453,1521,train,863.4461229242128,1.0,0.2,"(5, 2)",undefined
59.71572875254242,52.28427124745758,1522,train,864.6961229242125,1.0,0.2,"(5, 2)",undefined
58.83184527605937,53.16815472394063,1523,train,865.9461229242123,1.0,0.2,"(5, 2)",undefined
57.94796179957632,54.05203820042368,1524,train,867.1961229242121,1.0,0.2,"(5, 2)",undefined
57.06407832309327,54.93592167690673,1525,train,868.4461229242119,1.0,0.2,"(5, 2)",undefined
56.0,56.0,1526,train,869.9509569201576,1.0,0.2,"(5, 2)",undefined
56.0,56.0,1527,train,869.9509569201576,1.0,0.2,"(5, 2)",undefined
56.0,56.0,1528,train,869.9509569201576,1.0,0.2,"(5, 2)",undefined
56.0,56.0,1529,train,869.9509569201576,1.0,0.2,"(5, 2)",undefined
56.0,56.0,1530,train,869.9509569201576,1.0,0.2,"(5, 2)",undefined
56.0,56.0,1531,train,869.9509569201576,1.0,0.2,"(5, 2)",undefined
56.0,56.0,1532,train,869.9509569201576,1.0,0.2,"(5, 2)",undefined
56.0,56.0,1533,train,869.9509569201576,1.0,0.2,"(5, 2)",undefined
56.0,56.0,1534,train,869.9509569201576,1.0,0.2,"(5, 2)",undefined
56.0,56.0,1535,train,869.9509569201576,1.0,0.2,"(5, 2)",undefined
56.0,56.0,1536,train,869.9509569201576,1.0,0.2,"(5, 2)",undefined
56.0,56.0,1537,train,869.9509569201576,1.0,0.2,"(5, 2)",undefined
56.0,56.0,1538,train,869.9509569201576,1.0,0.2,"(5, 2)",undefined
56.0,56.0,1539,train,869.9509569201576,1.0,0.2,"(5, 2)",undefined
56.0,56.0,1540,train,869.9509569201576,1.0,0.2,"(5, 2)",undefined
56.0,56.0,1541,train,869.9509569201576,1.0,0.2,"(5, 2)",undefined
56.0,56.0,1542,train,869.9509569201576,1.0,0.2,"(5, 2)",undefined
56.0,56.0,1543,train,869.9509569201576,1.0,0.2,"(5, 2)",undefined
56.0,56.0,1544,train,869.9509569201576,1.0,0.2,"(5, 2)",undefined
56.0,56.0,1545,train,869.9509569201576,1.0,0.2,"(5, 2)",undefined
56.0,56.0,1546,train,869.9509569201576,1.0,0.2,"(5, 2)",undefined
56.0,56.0,1547,train,869.9509569201576,1.0,0.2,"(5, 2)",undefined
56.0,56.0,1548,train,869.9509569201576,1.0,0.2,"(5, 2)",undefined
56.0,56.0,1549,train,869.9509569201576,1.0,0.2,"(5, 2)",undefined
56.0,56.0,1550,train,869.9509569201576,1.0,0.2,"(5, 2)",undefined
56.0,56.0,1551,train,869.9509569201576,1.0,0.2,"(5, 2)",undefined
56.88388347648305,55.11611652351695,1552,train,871.2009569201574,1.0,0.2,"(5, 2)",undefined
57.7677669529661,54.2322330470339,1553,train,872.4509569201572,1.0,0.2,"(5, 2)",undefined
58.65165042944915,53.34834957055085,1554,train,873.700956920157,1.0,0.2,"(5, 2)",undefined
59.5355339059322,52.4644660940678,1555,train,874.9509569201567,1.0,0.2,"(5, 2)",undefined
60.41941738241525,51.58058261758475,1556,train,876.2009569201565,1.0,0.2,"(5, 2)",undefined
61.3033008588983,50.6966991411017,1557,train,877.4509569201563,1.0,0.2,"(5, 2)",undefined
62.187184335381346,49.812815664618654,1558,train,878.700956920156,1.0,0.2,"(5, 2)",undefined
63.071067811864395,48.928932188135605,1559,train,879.9509569201558,1.0,0.2,"(5, 2)",undefined
63.954951288347445,48.045048711652555,1560,train,881.2009569201556,1.0,0.2,"(5, 2)",undefined
64.8388347648305,47.161165235169506,1561,train,882.4509569201554,1.0,0.2,"(5, 2)",undefined
65.72271824131354,46.277281758686456,1562,train,883.7009569201551,1.0,0.2,"(5, 2)",undefined
66.6066017177966,45.39339828220341,1563,train,884.9509569201549,1.0,0.2,"(5, 2)",undefined
67.49048519427964,44.50951480572036,1564,train,886.2009569201547,1.0,0.2,"(5, 2)",undefined
68.37436867076269,43.62563132923731,1565,train,887.4509569201545,1.0,0.2,"(5, 2)",undefined
69.25825214724574,42.74174785275426,1566,train,888.7009569201542,1.0,0.2,"(5, 2)",undefined
70.14213562372879,41.85786437627121,1567,train,889.950956920154,1.0,0.2,"(5, 2)",undefined
71.02601910021184,40.97398089978816,1568,train,891.2009569201538,1.0,0.2,"(5, 2)",undefined
71.95382555869026,40.19434681531624,1569,train,892.4128373309471,1.0,0.2,"(5, 2)",undefined
73.20373388513468,40.179208272259245,1570,train,893.6628373309476,1.0,0.2,"(5, 2)",undefined
74.45364221157911,40.164069729202254,1571,train,894.912837330948,1.0,0.2,"(5, 2)",undefined
75.70355053802353,40.14893118614526,1572,train,896.1628373309485,1.0,0.2,"(5, 2)",undefined
76.95345886446796,40.13379264308827,1573,train,897.412837330949,1.0,0.2,"(5, 2)",undefined
78.20336719091239,40.11865410003128,1574,train,898.6628373309494,1.0,0.2,"(5, 2)",undefined
79.45327551735681,40.10351555697429,1575,train,899.9128373309499,1.0,0.2,"(5, 2)",undefined
80.70318384380124,40.088377013917295,1576,train,901.1628373309503,1.0,0.2,"(5, 2)",undefined
81.95309217024567,40.0732384708603,1577,train,902.4128373309508,1.0,0.2,"(5, 2)",undefined
83.2030004966901,40.05809992780313,1578,train,903.6628373309512,1.0,0.2,"(5, 2)",undefined
84.45290882313452,40.04296138474578,1579,train,904.9128373309517,1.0,0.2,"(5, 2)",undefined
85.70281714957895,40.027822841688426,1580,train,906.1628373309521,1.0,0.2,"(5, 2)",undefined
86.95272547602337,40.01268429863107,1581,train,907.4128373309526,1.0,0.2,"(5, 2)",undefined
88.20266313365056,40.00233106509771,1582,train,908.6628178657606,1.0,0.2,"(5, 2)",undefined
89.45266312004111,40.0021466143028,1583,train,909.9128178657601,1.0,0.2,"(5, 2)",undefined
90.70266310643166,40.0019621635079,1584,train,911.1628178657595,1.0,0.2,"(5, 2)",undefined
91.9526630928222,40.00177771271299,1585,train,912.4128178657589,1.0,0.2,"(5, 2)",undefined
93.20266307921275,40.00159326191809,1586,train,913.6628178657584,1.0,0.2,"(5, 2)",undefined
94.4526630656033,40.001408811123184,1587,train,914.9128178657578,1.0,0.2,"(5, 2)",undefined
95.70266305199385,40.00122436032828,1588,train,916.1628178657572,1.0,0.2,"(5, 2)",undefined
96.9526630383844,40.001039909533375,1589,train,917.4128178657567,1.0,0.2,"(5, 2)",undefined
98.20266302477495,40.00085545873847,1590,train,918.6628178657561,1.0,0.2,"(5, 2)",undefined
99.4526630111655,40.00067100794384,1591,train,919.9128178657555,1.0,0.2,"(5, 2)",undefined
100.70266299755605,40.000486557149294,1592,train,921.162817865755,1.0,0.2,"(5, 2)",undefined
101.9526629839466,40.000302106354745,1593,train,922.4128178657544,1.0,0.2,"(5, 2)",undefined
103.20266297033714,40.000117655560196,1594,train,923.6628178657538,1.0,0.2,"(5, 2)",undefined
104.45266296380328,40.00002795062478,1595,train,924.9128178624387,1.0,0.2,"(5, 2)",undefined
105.70266296380072,40.00002570340544,1596,train,926.1628178624381,1.0,0.2,"(5, 2)",undefined
106.95266296379816,40.00002345618579,1597,train,927.4128178624376,1.0,0.2,"(5, 2)",undefined
108.2026629637956,40.00002120896613,1598,train,928.662817862437,1.0,0.2,"(5, 2)",undefined
109.45266296379305,40.00001896174648,1599,train,929.9128178624364,1.0,0.2,"(5, 2)",undefined
110.70266296379049,40.00001671452682,1600,train,931.1628178624359,1.0,0.2,"(5, 2)",undefined
111.95266296378793,40.00001446730717,1601,train,932.4128178624353,1.0,0.2,"(5, 2)",undefined
113.20266296378537,40.00001222008751,1602,train,933.6628178624347,1.0,0.2,"(5, 2)",undefined
114.45266296378281,40.00000997286786,1603,train,934.9128178624342,1.0,0.2,"(5, 2)",undefined
115.70266296378026,40.0000077256482,1604,train,936.1628178624336,1.0,0.2,"(5, 2)",undefined
116.9526629637777,40.00000547842855,1605,train,937.412817862433,1.0,0.2,"(5, 2)",undefined
118.20266296377514,40.00000323120889,1606,train,938.6628178624325,1.0,0.2,"(5, 2)",undefined
119.45266296377258,40.00000098398924,1607,train,939.9128178624319,1.0,0.2,"(5, 2)",undefined
120.44294749693546,39.367516586919635,1608,train,941.0878497637682,1.0,0.2,"(5, 2)",undefined
121.33223157077379,38.489066909353156,1609,train,942.3378497637678,1.0,0.2,"(5, 2)",undefined
122.22151564461211,37.61061723178706,1610,train,943.5878497637673,1.0,0.2,"(5, 2)",undefined
123.11079971845044,36.732167554220965,1611,train,944.8378497637667,1.0,0.2,"(5, 2)",undefined
124.00008379228876,35.85371787665487,1612,train,946.0878497637661,1.0,0.2,"(5, 2)",undefined
124.88936786612709,34.975268199088774,1613,train,947.3378497637656,1.0,0.2,"(5, 2)",undefined
125.77865193996541,34.09681852152268,1614,train,948.587849763765,1.0,0.2,"(5, 2)",undefined
126.66793601380374,33.21836884395658,1615,train,949.8378497637644,1.0,0.2,"(5, 2)",undefined
127.55722008764207,32.33991916639049,1616,train,951.0878497637639,1.0,0.2,"(5, 2)",undefined
128.4465041614804,31.46146948882417,1617,train,952.3378497637634,1.0,0.2,"(5, 2)",undefined
129.33578823531872,30.58301981125772,1618,train,953.5878497637631,1.0,0.2,"(5, 2)",undefined
130.22507230915704,29.704570133691362,1619,train,954.8378497637626,1.0,0.2,"(5, 2)",undefined
131.11435638299537,28.826120456125267,1620,train,956.087849763762,1.0,0.2,"(5, 2)",undefined
132.0036404568337,27.94767077855917,1621,train,957.3378497637615,1.0,0.2,"(5, 2)",undefined
132.89292453067202,27.069221100993076,1622,train,958.5878497637609,1.0,0.2,"(5, 2)",undefined
133.78220860451034,26.190771423427094,1623,train,959.8378497637602,1.0,0.2,"(5, 2)",undefined
134.67149267834867,25.312321745861368,1624,train,961.0878497637593,1.0,0.2,"(5, 2)",undefined
135.56077675218825,24.433872068295983,1625,train,962.3378497637591,1.0,0.2,"(5, 2)",undefined
136.0,24.0,1626,train,962.9552329778699,1.0,0.2,"(5, 2)",undefined
136.0,24.0,1627,train,962.9552329778699,1.0,0.2,"(5, 2)",undefined
136.0,24.0,1628,train,962.9552329778699,1.0,0.2,"(5, 2)",undefined
136.0,24.0,1629,train,962.9552329778699,1.0,0.2,"(5, 2)",undefined
136.0,24.0,1630,train,962.9552329778699,1.0,0.2,"(5, 2)",undefined
136.0,24.0,1631,train,962.9552329778699,1.0,0.2,"(5, 2)",undefined
136.0,24.0,1632,train,962.9552329778699,1.0,0.2,"(5, 2)",undefined
136.0,24.0,1633,train,962.9552329778699,1.0,0.2,"(5, 2)",undefined
136.0,24.0,1634,train,962.9552329778699,1.0,0.2,"(5, 2)",undefined
136.0,24.0,1635,train,962.9552329778699,1.0,0.2,"(5, 2)",undefined
136.0,24.0,1636,train,962.9552329778699,1.0,0.2,"(5, 2)",undefined
136.0,24.0,1637,train,962.9552329778699,1.0,0.2,"(5, 2)",undefined
136.0,24.0,1638,train,962.9552329778699,1.0,0.2,"(5, 2)",undefined
136.0,24.0,1639,train,962.9552329778699,1.0,0.2,"(5, 2)",undefined
136.0,24.0,1640,train,962.9552329778699,1.0,0.2,"(5, 2)",undefined
136.0,24.0,1641,train,962.9552329778699,1.0,0.2,"(5, 2)",undefined
136.0,24.0,1642,train,962.9552329778699,1.0,0.2,"(5, 2)",undefined
136.0,24.0,1643,train,962.9552329778699,1.0,0.2,"(5, 2)",undefined
135.11611652351553,24.88388347648305,1644,train,964.2052329778707,1.0,0.2,"(5, 2)",undefined
134.23223304703106,25.767766952966443,1645,train,965.4552329778717,1.0,0.2,"(5, 2)",undefined
133.3483495705466,26.651650429449848,1646,train,966.7052329778727,1.0,0.2,"(5, 2)",undefined
132.46446609406294,27.535533905933253,1647,train,967.9552329778732,1.0,0.2,"(5, 2)",undefined
131.5805826175798,28.419417382416658,1648,train,969.2052329778733,1.0,0.2,"(5, 2)",undefined
130.69669914109667,29.303300858900062,1649,train,970.4552329778734,1.0,0.2,"(5, 2)",undefined
129.81281566461354,30.187184335383467,1650,train,971.7052329778735,1.0,0.2,"(5, 2)",undefined
128.9289321881304,31.07106781186687,1651,train,972.9552329778736,1.0,0.2,"(5, 2)",undefined
128.04504871164727,31.954951288350276,1652,train,974.2052329778737,1.0,0.2,"(5, 2)",undefined
127.1611652351642,32.838834764833344,1653,train,975.4552329778736,1.0,0.2,"(5, 2)",undefined
126.27728175868116,33.72271824131639,1654,train,976.7052329778734,1.0,0.2,"(5, 2)",undefined
125.3933982821981,34.60660171779944,1655,train,977.9552329778732,1.0,0.2,"(5, 2)",undefined
124.50951480571506,35.4904851942827,1656,train,979.2052329778732,1.0,0.2,"(5, 2)",undefined
123.62563132923201,36.37436867076619,1657,train,980.4552329778733,1.0,0.2,"(5, 2)",undefined
122.74174785274896,37.25825214724968,1658,train,981.7052329778734,1.0,0.2,"(5, 2)",undefined
121.85786437626591,38.14213562373317,1659,train,982.9552329778735,1.0,0.2,"(5, 2)",undefined
120.97398089978286,39.02601910021666,1660,train,984.2052329778736,1.0,0.2,"(5, 2)",undefined
120.04617444130444,39.805653184688964,1661,train,985.4171133886672,1.0,0.2,"(5, 2)",undefined
118.79626611486002,39.820791727745956,1662,train,986.6671133886676,1.0,0.2,"(5, 2)",undefined
117.54635778841559,39.83593027080295,1663,train,987.9171133886681,1.0,0.2,"(5, 2)",undefined
116.29644946197116,39.85106881385981,1664,train,989.1671133886684,1.0,0.2,"(5, 2)",undefined
115.04654113552674,39.866207356916455,1665,train,990.4171133886688,1.0,0.2,"(5, 2)",undefined
113.79663280908231,39.8813458999731,1666,train,991.6671133886691,1.0,0.2,"(5, 2)",undefined
112.54672448263788,39.896484443029735,1667,train,992.9171133886695,1.0,0.2,"(5, 2)",undefined
111.29681615619346,39.91162298608638,1668,train,994.1671133886698,1.0,0.2,"(5, 2)",undefined
110.04690782974903,39.92676152914302,1669,train,995.4171133886701,1.0,0.2,"(5, 2)",undefined
108.7969995033046,39.94190007219966,1670,train,996.6671133886705,1.0,0.2,"(5, 2)",undefined
107.54709117686018,39.9570386152563,1671,train,997.9171133886708,1.0,0.2,"(5, 2)",undefined
106.29718285041575,39.972177158312945,1672,train,999.1671133886712,1.0,0.2,"(5, 2)",undefined
105.04727452397132,39.98731570136958,1673,train,1000.4171133886715,1.0,0.2,"(5, 2)",undefined
103.79733686634414,39.99766893490247,1674,train,1001.6670939234796,1.0,0.2,"(5, 2)",undefined
102.54733687995359,39.997853385697375,1675,train,1002.917093923479,1.0,0.2,"(5, 2)",undefined
101.29733689356304,39.99803783649228,1676,train,1004.1670939234784,1.0,0.2,"(5, 2)",undefined
100.0473369071725,39.998222287287184,1677,train,1005.4170939234779,1.0,0.2,"(5, 2)",undefined
98.79733692078194,39.99840673808209,1678,train,1006.6670939234773,1.0,0.2,"(5, 2)",undefined
97.5473369343914,39.99859118887699,1679,train,1007.9170939234767,1.0,0.2,"(5, 2)",undefined
96.29733694800085,39.9987756396719,1680,train,1009.1670939234762,1.0,0.2,"(5, 2)",undefined
95.0473369616103,39.9989600904668,1681,train,1010.4170939234756,1.0,0.2,"(5, 2)",undefined
93.79733697521975,39.99914454126161,1682,train,1011.667093923475,1.0,0.2,"(5, 2)",undefined
92.5473369888292,39.99932899205616,1683,train,1012.9170939234745,1.0,0.2,"(5, 2)",undefined
91.29733700243865,39.999513442850706,1684,train,1014.1670939234739,1.0,0.2,"(5, 2)",undefined
90.0473370160481,39.999697893645255,1685,train,1015.4170939234733,1.0,0.2,"(5, 2)",undefined
88.79733702965756,39.999882344439804,1686,train,1016.6670939234727,1.0,0.2,"(5, 2)",undefined
87.54733703619142,39.99997204937522,1687,train,1017.9170939201576,1.0,0.2,"(5, 2)",undefined
86.29733703619398,39.99997429659456,1688,train,1019.1670939201571,1.0,0.2,"(5, 2)",undefined
85.04733703619654,39.99997654381421,1689,train,1020.4170939201565,1.0,0.2,"(5, 2)",undefined
83.7973370361991,39.99997879103387,1690,train,1021.6670939201559,1.0,0.2,"(5, 2)",undefined
82.54733703620165,39.99998103825352,1691,train,1022.9170939201554,1.0,0.2,"(5, 2)",undefined
81.29733703620421,39.99998328547318,1692,train,1024.167093920155,1.0,0.2,"(5, 2)",undefined
80.04733703620677,39.99998553269283,1693,train,1025.4170939201545,1.0,0.2,"(5, 2)",undefined
78.79733703620933,39.99998777991249,1694,train,1026.667093920154,1.0,0.2,"(5, 2)",undefined
77.54733703621189,39.99999002713214,1695,train,1027.9170939201535,1.0,0.2,"(5, 2)",undefined
76.29733703621444,39.9999922743518,1696,train,1029.167093920153,1.0,0.2,"(5, 2)",undefined
75.047337036217,39.99999452157145,1697,train,1030.4170939201526,1.0,0.2,"(5, 2)",undefined
73.79733703621956,39.99999676879111,1698,train,1031.6670939201522,1.0,0.2,"(5, 2)",undefined
72.54733703622212,39.99999901601076,1699,train,1032.9170939201517,1.0,0.2,"(5, 2)",undefined
71.55705250305924,40.632483413080365,1700,train,1034.092125821488,1.0,0.2,"(5, 2)",undefined
70.66776842922091,41.51093309064717,1701,train,1035.3421258214878,1.0,0.2,"(5, 2)",undefined
69.77848435538259,42.38938276821398,1702,train,1036.5921258214876,1.0,0.2,"(5, 2)",undefined
68.88920028154426,43.26783244578078,1703,train,1037.8421258214873,1.0,0.2,"(5, 2)",undefined
67.99991620770594,44.14628212334759,1704,train,1039.0921258214871,1.0,0.2,"(5, 2)",undefined
67.11063213386761,45.024731800914395,1705,train,1040.342125821487,1.0,0.2,"(5, 2)",undefined
66.22134806002929,45.9031814784812,1706,train,1041.5921258214867,1.0,0.2,"(5, 2)",undefined
65.33206398619096,46.78163115604774,1707,train,1042.8421258214864,1.0,0.2,"(5, 2)",undefined
64.44277991235263,47.66008083361383,1708,train,1044.0921258214858,1.0,0.2,"(5, 2)",undefined
63.553495838513946,48.53853051117993,1709,train,1045.3421258214853,1.0,0.2,"(5, 2)",undefined
62.66421176467491,49.41698018874657,1710,train,1046.5921258214855,1.0,0.2,"(5, 2)",undefined
61.774927690835874,50.29542986631321,1711,train,1047.8421258214858,1.0,0.2,"(5, 2)",undefined
60.88564361699684,51.17387954387986,1712,train,1049.092125821486,1.0,0.2,"(5, 2)",undefined
59.9963595431578,52.05232922144651,1713,train,1050.3421258214862,1.0,0.2,"(5, 2)",undefined
59.107075469318765,52.93077889901316,1714,train,1051.5921258214864,1.0,0.2,"(5, 2)",undefined
58.21779139547973,53.809228576579805,1715,train,1052.8421258214867,1.0,0.2,"(5, 2)",undefined
57.32850732164069,54.687678254146455,1716,train,1054.092125821487,1.0,0.2,"(5, 2)",undefined
56.43922324780166,55.5661279317131,1717,train,1055.3421258214871,1.0,0.2,"(5, 2)",undefined
56.18789943411698,56.715740397590366,1718,train,1056.5188893835611,1.0,0.2,"(5, 2)",undefined
56.172533524872954,57.965645949555125,1719,train,1057.768889383561,1.0,0.2,"(5, 2)",undefined
56.15716761562893,59.21555150151988,1720,train,1059.0188893835607,1.0,0.2,"(5, 2)",undefined
56.1418017063849,60.46545705348464,1721,train,1060.2688893835605,1.0,0.2,"(5, 2)",undefined
56.12643579714088,61.7153626054494,1722,train,1061.5188893835602,1.0,0.2,"(5, 2)",undefined
56.11106988789685,62.96526815741416,1723,train,1062.76888938356,1.0,0.2,"(5, 2)",undefined
56.09570397865283,64.21517370937904,1724,train,1064.0188893835598,1.0,0.2,"(5, 2)",undefined
56.0803380694088,65.46507926134451,1725,train,1065.2688893835602,1.0,0.2,"(5, 2)",undefined
56.06497216016478,66.71498481330998,1726,train,1066.5188893835607,1.0,0.2,"(5, 2)",undefined
56.04960625092075,67.96489036527545,1727,train,1067.7688893835611,1.0,0.2,"(5, 2)",undefined
56.03424034167659,69.21479591724092,1728,train,1069.0188893835616,1.0,0.2,"(5, 2)",undefined
56.018874432432206,70.46470146920639,1729,train,1070.268889383562,1.0,0.2,"(5, 2)",undefined
56.00350852318782,71.71460702117186,1730,train,1071.5188893835625,1.0,0.2,"(5, 2)",undefined
56.0,72.0,1731,train,1071.804303927865,1.0,0.2,"(5, 2)",undefined
56.0,72.0,1732,train,1071.804303927865,1.0,0.2,"(5, 2)",undefined
56.0,72.0,1733,train,1071.804303927865,1.0,0.2,"(5, 2)",undefined
56.0,72.0,1734,train,1071.804303927865,1.0,0.2,"(5, 2)",undefined
56.0,72.0,1735,train,1071.804303927865,1.0,0.2,"(5, 2)",undefined
56.0,72.0,1736,train,1071.804303927865,1.0,0.2,"(5, 2)",undefined
56.0,72.0,1737,train,1071.804303927865,1.0,0.2,"(5, 2)",undefined
56.0,72.0,1738,train,1071.804303927865,1.0,0.2,"(5, 2)",undefined
56.0,72.0,1739,train,1071.804303927865,1.0,0.2,"(5, 2)",undefined
56.0,72.0,1740,train,1071.804303927865,1.0,0.2,"(5, 2)",undefined
56.0,72.0,1741,train,1071.804303927865,1.0,0.2,"(5, 2)",undefined
56.0,72.0,1742,train,1071.804303927865,1.0,0.2,"(5, 2)",undefined
56.0,72.0,1743,train,1071.804303927865,1.0,0.2,"(5, 2)",undefined
56.0,72.0,1744,train,1071.804303927865,1.0,0.2,"(5, 2)",undefined
56.0,72.0,1745,train,1071.804303927865,1.0,0.2,"(5, 2)",undefined
56.0,72.0,1746,train,1071.804303927865,1.0,0.2,"(5, 2)",undefined
56.0,72.0,1747,train,1071.804303927865,1.0,0.2,"(5, 2)",undefined
56.0,72.0,1748,train,1071.804303927865,1.0,0.2,"(5, 2)",undefined
56.0,72.0,1749,train,1071.804303927865,1.0,0.2,"(5, 2)",undefined
56.0,72.0,1750,train,1071.804303927865,1.0,0.2,"(5, 2)",undefined
56.0,72.0,1751,train,1071.804303927865,1.0,0.2,"(5, 2)",undefined
56.0,72.0,1752,train,1071.804303927865,1.0,0.2,"(5, 2)",undefined
56.0,70.74999999999972,1753,train,1073.0543039278652,1.0,0.2,"(5, 2)",undefined
56.0,69.49999999999943,1754,train,1074.3043039278655,1.0,0.2,"(5, 2)",undefined
56.0,68.24999999999915,1755,train,1075.5543039278657,1.0,0.2,"(5, 2)",undefined
56.0,66.99999999999886,1756,train,1076.804303927866,1.0,0.2,"(5, 2)",undefined
56.0,65.74999999999858,1757,train,1078.0543039278662,1.0,0.2,"(5, 2)",undefined
56.0,64.4999999999983,1758,train,1079.3043039278664,1.0,0.2,"(5, 2)",undefined
56.0,63.24999999999801,1759,train,1080.5543039278666,1.0,0.2,"(5, 2)",undefined
56.0,61.999999999997726,1760,train,1081.8043039278668,1.0,0.2,"(5, 2)",undefined
56.0,60.74999999999744,1761,train,1083.054303927867,1.0,0.2,"(5, 2)",undefined
56.0,59.49999999999716,1762,train,1084.3043039278673,1.0,0.2,"(5, 2)",undefined
56.0,58.249999999996874,1763,train,1085.5543039278675,1.0,0.2,"(5, 2)",undefined
56.0,56.99999999999659,1764,train,1086.8043039278677,1.0,0.2,"(5, 2)",undefined
56.0,55.749999999996305,1765,train,1088.054303927868,1.0,0.2,"(5, 2)",undefined
56.0,54.49999999999602,1766,train,1089.3043039278682,1.0,0.2,"(5, 2)",undefined
56.0,53.24999999999574,1767,train,1090.5543039278684,1.0,0.2,"(5, 2)",undefined
56.0,51.99999999999545,1768,train,1091.8043039278687,1.0,0.2,"(5, 2)",undefined
56.0,50.74999999999517,1769,train,1093.054303927869,1.0,0.2,"(5, 2)",undefined
56.0,49.499999999994884,1770,train,1094.3043039278691,1.0,0.2,"(5, 2)",undefined
56.0,48.2499999999946,1771,train,1095.5543039278693,1.0,0.2,"(5, 2)",undefined
56.0,46.999999999994316,1772,train,1096.8043039278696,1.0,0.2,"(5, 2)",undefined
56.0,45.74999999999403,1773,train,1098.0543039278698,1.0,0.2,"(5, 2)",undefined
56.0,44.49999999999375,1774,train,1099.30430392787,1.0,0.2,"(5, 2)",undefined
56.0,43.24999999999346,1775,train,1100.5543039278703,1.0,0.2,"(5, 2)",undefined
56.0,41.99999999999318,1776,train,1101.8043039278705,1.0,0.2,"(5, 2)",undefined
56.0,40.749999999992895,1777,train,1103.0543039278707,1.0,0.2,"(5, 2)",undefined
56.0,40.0,1778,train,1103.8043039278637,1.0,0.2,"(5, 2)",undefined
56.0,40.0,1779,train,1103.8043039278637,1.0,0.2,"(5, 2)",undefined
56.0,40.0,1780,train,1103.8043039278637,1.0,0.2,"(5, 2)",undefined
56.0,40.0,1781,train,1103.8043039278637,1.0,0.2,"(5, 2)",undefined
56.0,40.0,1782,train,1103.8043039278637,1.0,0.2,"(5, 2)",undefined
56.0,40.0,1783,train,1103.8043039278637,1.0,0.2,"(5, 2)",undefined
56.0,40.0,1784,train,1103.8043039278637,1.0,0.2,"(5, 2)",undefined
56.0,40.0,1785,train,1103.8043039278637,1.0,0.2,"(5, 2)",undefined
56.0,40.0,1786,train,1103.8043039278637,1.0,0.2,"(5, 2)",undefined
56.0,40.0,1787,train,1103.8043039278637,1.0,0.2,"(5, 2)",undefined
56.0,40.0,1788,train,1103.8043039278637,1.0,0.2,"(5, 2)",undefined
56.0,40.0,1789,train,1103.8043039278637,1.0,0.2,"(5, 2)",undefined
56.0,40.0,1790,train,1103.8043039278637,1.0,0.2,"(5, 2)",undefined
56.0,40.0,1791,train,1103.8043039278637,1.0,0.2,"(5, 2)",undefined
56.0,40.0,1792,train,1103.8043039278637,1.0,0.2,"(5, 2)",undefined
56.0,40.0,1793,train,1103.8043039278637,1.0,0.2,"(5, 2)",undefined
56.0,40.0,1794,train,1103.8043039278637,1.0,0.2,"(5, 2)",undefined
56.0,40.0,1795,train,1103.8043039278637,1.0,0.2,"(5, 2)",undefined
56.0,40.0,1796,train,1103.8043039278637,1.0,0.2,"(5, 2)",undefined
56.0,40.0,1797,train,1103.8043039278637,1.0,0.2,"(5, 2)",undefined
56.0,40.0,1798,train,1103.8043039278637,1.0,0.2,"(5, 2)",undefined
56.0,40.0,1799,train,1103.8043039278637,1.0,0.2,"(5, 2)",undefined
56.0,40.0,1800,train,1103.8043039278637,1.0,0.2,"(5, 2)",undefined
57.250000000000284,40.0,1801,train,1105.0543039278639,1.0,0.2,"(5, 2)",undefined
58.50000000000057,40.0,1802,train,1106.304303927864,1.0,0.2,"(5, 2)",undefined
59.75000000000085,40.0,1803,train,1107.5543039278643,1.0,0.2,"(5, 2)",undefined
61.00000000000114,40.0,1804,train,1108.8043039278646,1.0,0.2,"(5, 2)",undefined
62.25000000000142,40.0,1805,train,1110.0543039278648,1.0,0.2,"(5, 2)",undefined
63.500000000001705,40.0,1806,train,1111.304303927865,1.0,0.2,"(5, 2)",undefined
64.75000000000199,40.0,1807,train,1112.5543039278652,1.0,0.2,"(5, 2)",undefined
66.00000000000227,40.0,1808,train,1113.8043039278655,1.0,0.2,"(5, 2)",undefined
67.25000000000256,40.0,1809,train,1115.0543039278657,1.0,0.2,"(5, 2)",undefined
68.50000000000284,40.0,1810,train,1116.304303927866,1.0,0.2,"(5, 2)",undefined
69.75000000000313,40.0,1811,train,1117.5543039278662,1.0,0.2,"(5, 2)",undefined
71.00000000000341,40.0,1812,train,1118.8043039278664,1.0,0.2,"(5, 2)",undefined
72.2500000000037,40.0,1813,train,1120.0543039278666,1.0,0.2,"(5, 2)",undefined
73.50000000000398,40.0,1814,train,1121.3043039278668,1.0,0.2,"(5, 2)",undefined
74.75000000000426,40.0,1815,train,1122.554303927867,1.0,0.2,"(5, 2)",undefined
76.00000000000455,40.0,1816,train,1123.8043039278673,1.0,0.2,"(5, 2)",undefined
77.25000000000483,40.0,1817,train,1125.0543039278675,1.0,0.2,"(5, 2)",undefined
78.50000000000512,40.0,1818,train,1126.3043039278677,1.0,0.2,"(5, 2)",undefined
79.7500000000054,40.0,1819,train,1127.554303927868,1.0,0.2,"(5, 2)",undefined
81.00000000000568,40.0,1820,train,1128.8043039278682,1.0,0.2,"(5, 2)",undefined
82.25000000000597,40.0,1821,train,1130.0543039278684,1.0,0.2,"(5, 2)",undefined
83.50000000000625,40.0,1822,train,1131.3043039278687,1.0,0.2,"(5, 2)",undefined
84.75000000000654,40.0,1823,train,1132.554303927869,1.0,0.2,"(5, 2)",undefined
86.00000000000682,40.0,1824,train,1133.8043039278691,1.0,0.2,"(5, 2)",undefined
87.2500000000071,40.0,1825,train,1135.0543039278693,1.0,0.2,"(5, 2)",undefined
88.0,40.0,1826,train,1135.8043039278623,1.0,0.2,"(5, 2)",undefined
88.0,40.0,1827,train,1135.8043039278623,1.0,0.2,"(5, 2)",undefined
88.0,40.0,1828,train,1135.8043039278623,1.0,0.2,"(5, 2)",undefined
88.0,40.0,1829,train,1135.8043039278623,1.0,0.2,"(5, 2)",undefined
88.0,40.0,1830,train,1135.8043039278623,1.0,0.2,"(5, 2)",undefined
88.0,40.0,1831,train,1135.8043039278623,1.0,0.2,"(5, 2)",undefined
88.0,40.0,1832,train,1135.8043039278623,1.0,0.2,"(5, 2)",undefined
88.0,40.0,1833,train,1135.8043039278623,1.0,0.2,"(5, 2)",undefined
88.0,40.0,1834,train,1135.8043039278623,1.0,0.2,"(5, 2)",undefined
88.0,40.0,1835,train,1135.8043039278623,1.0,0.2,"(5, 2)",undefined
88.0,40.0,1836,train,1135.8043039278623,1.0,0.2,"(5, 2)",undefined
88.0,40.0,1837,train,1135.8043039278623,1.0,0.2,"(5, 2)",undefined
88.0,40.0,1838,train,1135.8043039278623,1.0,0.2,"(5, 2)",undefined
88.0,40.0,1839,train,1135.8043039278623,1.0,0.2,"(5, 2)",undefined
88.0,40.0,1840,train,1135.8043039278623,1.0,0.2,"(5, 2)",undefined
88.0,40.0,1841,train,1135.8043039278623,1.0,0.2,"(5, 2)",undefined
88.0,40.0,1842,train,1135.8043039278623,1.0,0.2,"(5, 2)",undefined
88.0,40.0,1843,train,1135.8043039278623,1.0,0.2,"(5, 2)",undefined
88.0,40.0,1844,train,1135.8043039278623,1.0,0.2,"(5, 2)",undefined
88.0,40.0,1845,train,1135.8043039278623,1.0,0.2,"(5, 2)",undefined
88.0,40.0,1846,train,1135.8043039278623,1.0,0.2,"(5, 2)",undefined
88.0,40.0,1847,train,1135.8043039278623,1.0,0.2,"(5, 2)",undefined
88.0,40.0,1848,train,1135.8043039278623,1.0,0.2,"(5, 2)",undefined
88.0,40.0,1849,train,1135.8043039278623,1.0,0.2,"(5, 2)",undefined
88.0,40.0,1850,train,1135.8043039278623,1.0,0.2,"(5, 2)",undefined
88.0,40.0,1851,train,1135.8043039278623,1.0,0.2,"(5, 2)",undefined
88.0,40.0,1852,train,1135.8043039278623,1.0,0.2,"(5, 2)",undefined
88.0,40.0,1853,train,1135.8043039278623,1.0,0.2,"(5, 2)",undefined
88.0,40.0,1854,train,1135.8043039278623,1.0,0.2,"(5, 2)",undefined
88.0,40.0,1855,train,1135.8043039278623,1.0,0.2,"(5, 2)",undefined
88.0,40.0,1856,train,1135.8043039278623,1.0,0.2,"(5, 2)",undefined
88.0,40.0,1857,train,1135.8043039278623,1.0,0.2,"(5, 2)",undefined
88.0,40.0,1858,train,1135.8043039278623,1.0,0.2,"(5, 2)",undefined
88.0,40.0,1859,train,1135.8043039278623,1.0,0.2,"(5, 2)",undefined
88.0,40.0,1860,train,1135.8043039278623,1.0,0.2,"(5, 2)",undefined
88.0,40.0,1861,train,1135.8043039278623,1.0,0.2,"(5, 2)",undefined
88.0,40.0,1862,train,1135.8043039278623,1.0,0.2,"(5, 2)",undefined
88.0,40.0,1863,train,1135.8043039278623,1.0,0.2,"(5, 2)",undefined
88.0,40.0,1864,train,1135.8043039278623,1.0,0.2,"(5, 2)",undefined
88.0,40.0,1865,train,1135.8043039278623,1.0,0.2,"(5, 2)",undefined
88.0,40.0,1866,train,1135.8043039278623,1.0,0.2,"(5, 2)",undefined
88.0,40.0,1867,train,1135.8043039278623,1.0,0.2,"(5, 2)",undefined
88.0,40.0,1868,train,1135.8043039278623,1.0,0.2,"(5, 2)",undefined
88.0,40.0,1869,train,1135.8043039278623,1.0,0.2,"(5, 2)",undefined
88.0,40.0,1870,train,1135.8043039278623,1.0,0.2,"(5, 2)",undefined
88.0,40.0,1871,train,1135.8043039278623,1.0,0.2,"(5, 2)",undefined
88.0,40.0,1872,train,1135.8043039278623,1.0,0.2,"(5, 2)",undefined
88.0,40.0,1873,train,1135.8043039278623,1.0,0.2,"(5, 2)",undefined
88.0,40.0,1874,train,1135.8043039278623,1.0,0.2,"(5, 2)",undefined
88.0,40.0,1875,train,1135.8043039278623,1.0,0.2,"(5, 2)",undefined
88.0,40.0,1876,train,1135.8043039278623,1.0,0.2,"(5, 2)",undefined
88.0,40.0,1877,train,1135.8043039278623,1.0,0.2,"(5, 2)",undefined
88.0,40.0,1878,train,1135.8043039278623,1.0,0.2,"(5, 2)",undefined
88.0,40.0,1879,train,1135.8043039278623,1.0,0.2,"(5, 2)",undefined
88.0,40.0,1880,train,1135.8043039278623,1.0,0.2,"(5, 2)",undefined
88.0,40.0,1881,train,1135.8043039278623,1.0,0.2,"(5, 2)",undefined
89.25000000000028,40.0,1882,train,1137.0543039278625,1.0,0.2,"(5, 2)",undefined
90.50000000000057,40.0,1883,train,1138.3043039278627,1.0,0.2,"(5, 2)",undefined
91.75000000000085,40.0,1884,train,1139.554303927863,1.0,0.2,"(5, 2)",undefined
93.00000000000114,40.0,1885,train,1140.8043039278632,1.0,0.2,"(5, 2)",undefined
94.25000000000142,40.0,1886,train,1142.0543039278634,1.0,0.2,"(5, 2)",undefined
95.5000000000017,40.0,1887,train,1143.3043039278637,1.0,0.2,"(5, 2)",undefined
96.75000000000199,40.0,1888,train,1144.5543039278639,1.0,0.2,"(5, 2)",undefined
98.00000000000227,40.0,1889,train,1145.804303927864,1.0,0.2,"(5, 2)",undefined
99.25000000000256,40.0,1890,train,1147.0543039278643,1.0,0.2,"(5, 2)",undefined
100.50000000000284,40.0,1891,train,1148.3043039278646,1.0,0.2,"(5, 2)",undefined
101.75000000000313,40.0,1892,train,1149.5543039278648,1.0,0.2,"(5, 2)",undefined
103.00000000000341,40.0,1893,train,1150.804303927865,1.0,0.2,"(5, 2)",undefined
104.2500000000037,40.0,1894,train,1152.0543039278652,1.0,0.2,"(5, 2)",undefined
105.50000000000398,40.0,1895,train,1153.3043039278655,1.0,0.2,"(5, 2)",undefined
106.75000000000426,40.0,1896,train,1154.5543039278657,1.0,0.2,"(5, 2)",undefined
108.00000000000455,40.0,1897,train,1155.804303927866,1.0,0.2,"(5, 2)",undefined
109.25000000000483,40.0,1898,train,1157.0543039278662,1.0,0.2,"(5, 2)",undefined
110.50000000000512,40.0,1899,train,1158.3043039278664,1.0,0.2,"(5, 2)",undefined
111.7500000000054,40.0,1900,train,1159.5543039278666,1.0,0.2,"(5, 2)",undefined
113.00000000000568,40.0,1901,train,1160.8043039278668,1.0,0.2,"(5, 2)",undefined
114.25000000000597,40.0,1902,train,1162.054303927867,1.0,0.2,"(5, 2)",undefined
115.50000000000625,40.0,1903,train,1163.3043039278673,1.0,0.2,"(5, 2)",undefined
116.75000000000654,40.0,1904,train,1164.5543039278675,1.0,0.2,"(5, 2)",undefined
118.00000000000682,40.0,1905,train,1165.8043039278677,1.0,0.2,"(5, 2)",undefined
119.2500000000071,40.0,1906,train,1167.054303927868,1.0,0.2,"(5, 2)",undefined
120.29803951736653,39.50810911865716,1907,train,1168.212035964695,1.0,0.2,"(5, 2)",undefined
121.18739579836529,38.62973254483066,1908,train,1169.4620359646945,1.0,0.2,"(5, 2)",undefined
122.07675207936404,37.75135597100416,1909,train,1170.712035964694,1.0,0.2,"(5, 2)",undefined
122.9661083603628,36.87297939717766,1910,train,1171.9620359646935,1.0,0.2,"(5, 2)",undefined
123.85546464136155,35.99460282335116,1911,train,1173.212035964693,1.0,0.2,"(5, 2)",undefined
124.7448209223603,35.11622624952466,1912,train,1174.4620359646926,1.0,0.2,"(5, 2)",undefined
125.63417720335906,34.23784967569816,1913,train,1175.7120359646922,1.0,0.2,"(5, 2)",undefined
126.52353348435781,33.35947310187166,1914,train,1176.9620359646917,1.0,0.2,"(5, 2)",undefined
127.41288976535657,32.48109652804516,1915,train,1178.2120359646913,1.0,0.2,"(5, 2)",undefined
128.30224604635532,31.602719954218657,1916,train,1179.4620359646908,1.0,0.2,"(5, 2)",undefined
129.19160232735408,30.724343380392156,1917,train,1180.7120359646904,1.0,0.2,"(5, 2)",undefined
130.08095860835283,29.845966806565656,1918,train,1181.96203596469,1.0,0.2,"(5, 2)",undefined
130.97031488935158,28.967590232739155,1919,train,1183.2120359646894,1.0,0.2,"(5, 2)",undefined
131.85967117035034,28.089213658912655,1920,train,1184.462035964689,1.0,0.2,"(5, 2)",undefined
132.7490274513491,27.210837085086226,1921,train,1185.7120359646885,1.0,0.2,"(5, 2)",undefined
133.63838373234785,26.33246051126008,1922,train,1186.9620359646879,1.0,0.2,"(5, 2)",undefined
134.5277400133466,25.454083937433936,1923,train,1188.2120359646872,1.0,0.2,"(5, 2)",undefined
135.41709629434553,24.57570736360819,1924,train,1189.4620359646865,1.0,0.2,"(5, 2)",undefined
136.0,24.0,1925,train,1190.281313511418,1.0,0.2,"(5, 2)",undefined
136.0,24.0,1926,train,1190.281313511418,1.0,0.2,"(5, 2)",undefined
136.0,24.0,1927,train,1190.281313511418,1.0,0.2,"(5, 2)",undefined
136.0,24.0,1928,train,1190.281313511418,1.0,0.2,"(5, 2)",undefined
136.0,24.0,1929,train,1190.281313511418,1.0,0.2,"(5, 2)",undefined
136.0,24.0,1930,train,1190.281313511418,1.0,0.2,"(5, 2)",undefined
136.0,24.0,1931,train,1190.281313511418,1.0,0.2,"(5, 2)",undefined
136.0,24.0,1932,train,1190.281313511418,1.0,0.2,"(5, 2)",undefined
136.0,24.0,1933,train,1190.281313511418,1.0,0.2,"(5, 2)",undefined
136.0,24.0,1934,train,1190.281313511418,1.0,0.2,"(5, 2)",undefined
136.0,24.0,1935,train,1190.281313511418,1.0,0.2,"(5, 2)",undefined
136.0,24.0,1936,train,1190.281313511418,1.0,0.2,"(5, 2)",undefined
136.0,24.0,1937,train,1190.281313511418,1.0,0.2,"(5, 2)",undefined
136.0,24.0,1938,train,1190.281313511418,1.0,0.2,"(5, 2)",undefined
136.0,24.0,1939,train,1190.281313511418,1.0,0.2,"(5, 2)",undefined
136.0,24.0,1940,train,1190.281313511418,1.0,0.2,"(5, 2)",undefined
136.0,24.0,1941,train,1190.281313511418,1.0,0.2,"(5, 2)",undefined
136.0,24.0,1942,train,1190.281313511418,1.0,0.2,"(5, 2)",undefined
136.0,24.0,1943,train,1190.281313511418,1.0,0.2,"(5, 2)",undefined
136.0,24.0,1944,train,1190.281313511418,1.0,0.2,"(5, 2)",undefined
136.0,24.0,1945,train,1190.281313511418,1.0,0.2,"(5, 2)",undefined
136.0,24.0,1946,train,1190.281313511418,1.0,0.2,"(5, 2)",undefined
136.0,24.0,1947,train,1190.281313511418,1.0,0.2,"(5, 2)",undefined
136.0,24.0,1948,train,1190.281313511418,1.0,0.2,"(5, 2)",undefined
136.0,24.0,1949,train,1190.281313511418,1.0,0.2,"(5, 2)",undefined
136.0,24.0,1950,train,1190.281313511418,1.0,0.2,"(5, 2)",undefined
136.0,24.0,1951,train,1190.281313511418,1.0,0.2,"(5, 2)",undefined
136.0,24.0,1952,train,1190.281313511418,1.0,0.2,"(5, 2)",undefined
136.0,24.0,1953,train,1190.281313511418,1.0,0.2,"(5, 2)",undefined
136.0,24.0,1954,train,1190.281313511418,1.0,0.2,"(5, 2)",undefined
136.0,24.0,1955,train,1190.281313511418,1.0,0.2,"(5, 2)",undefined
136.0,24.0,1956,train,1190.281313511418,1.0,0.2,"(5, 2)",undefined
136.0,24.0,1957,train,1190.281313511418,1.0,0.2,"(5, 2)",undefined
136.0,24.0,1958,train,1190.281313511418,1.0,0.2,"(5, 2)",undefined
136.0,24.0,1959,train,1190.281313511418,1.0,0.2,"(5, 2)",undefined
136.0,24.0,1960,train,1190.281313511418,1.0,0.2,"(5, 2)",undefined
136.0,24.0,1961,train,1190.281313511418,1.0,0.2,"(5, 2)",undefined
136.0,24.0,1962,train,1190.281313511418,1.0,0.2,"(5, 2)",undefined
136.0,24.0,1963,train,1190.281313511418,1.0,0.2,"(5, 2)",undefined
136.0,24.0,1964,train,1190.281313511418,1.0,0.2,"(5, 2)",undefined
136.0,24.0,1965,train,1190.281313511418,1.0,0.2,"(5, 2)",undefined
136.0,24.0,1966,train,1190.281313511418,1.0,0.2,"(5, 2)",undefined
136.0,24.0,1967,train,1190.281313511418,1.0,0.2,"(5, 2)",undefined
136.0,24.0,1968,train,1190.281313511418,1.0,0.2,"(5, 2)",undefined
136.0,24.0,1969,train,1190.281313511418,1.0,0.2,"(5, 2)",undefined
136.0,24.0,1970,train,1190.281313511418,1.0,0.2,"(5, 2)",undefined
136.0,24.0,1971,train,1190.281313511418,1.0,0.2,"(5, 2)",undefined
136.0,24.0,1972,train,1190.281313511418,1.0,0.2,"(5, 2)",undefined
136.0,24.0,1973,train,1190.281313511418,1.0,0.2,"(5, 2)",undefined
136.0,24.0,1974,train,1190.281313511418,1.0,0.2,"(5, 2)",undefined
136.0,24.0,1975,train,1190.281313511418,1.0,0.2,"(5, 2)",undefined
136.0,24.0,1976,train,1190.281313511418,1.0,0.2,"(5, 2)",undefined
136.0,24.0,1977,train,1190.281313511418,1.0,0.2,"(5, 2)",undefined
136.0,24.0,1978,train,1190.281313511418,1.0,0.2,"(5, 2)",undefined
136.0,24.0,1979,train,1190.281313511418,1.0,0.2,"(5, 2)",undefined
136.0,24.0,1980,train,1190.281313511418,1.0,0.2,"(5, 2)",undefined
136.0,24.0,1981,train,1190.281313511418,1.0,0.2,"(5, 2)",undefined
136.0,24.0,1982,train,1190.281313511418,1.0,0.2,"(5, 2)",undefined
136.0,24.0,1983,train,1190.281313511418,1.0,0.2,"(5, 2)",undefined
136.0,24.0,1984,train,1190.281313511418,1.0,0.2,"(5, 2)",undefined
136.0,24.0,1985,train,1190.281313511418,1.0,0.2,"(5, 2)",undefined
136.0,24.0,1986,train,1190.281313511418,1.0,0.2,"(5, 2)",undefined
136.0,24.0,1987,train,1190.281313511418,1.0,0.2,"(5, 2)",undefined
136.0,24.0,1988,train,1190.281313511418,1.0,0.2,"(5, 2)",undefined
136.0,24.0,1989,train,1190.281313511418,1.0,0.2,"(5, 2)",undefined
136.0,24.0,1990,train,1190.281313511418,1.0,0.2,"(5, 2)",undefined
134.75000000000114,24.0,1991,train,1191.5313135114168,1.0,0.2,"(5, 2)",undefined
133.50000000000227,24.0,1992,train,1192.7813135114156,1.0,0.2,"(5, 2)",undefined
132.2500000000034,24.0,1993,train,1194.0313135114145,1.0,0.2,"(5, 2)",undefined
131.00000000000455,24.0,1994,train,1195.2813135114134,1.0,0.2,"(5, 2)",undefined
129.75000000000568,24.0,1995,train,1196.5313135114122,1.0,0.2,"(5, 2)",undefined
128.50000000000682,24.0,1996,train,1197.781313511411,1.0,0.2,"(5, 2)",undefined
127.2500000000071,24.0,1997,train,1199.0313135114109,1.0,0.2,"(5, 2)",undefined
126.00000000000682,24.0,1998,train,1200.281313511411,1.0,0.2,"(5, 2)",undefined
124.75000000000654,24.0,1999,train,1201.5313135114113,1.0,0.2,"(5, 2)",undefined
123.50000000000625,24.0,2000,train,1202.7813135114116,1.0,0.2,"(5, 2)",undefined
122.25000000000597,24.0,2001,train,1204.0313135114118,1.0,0.2,"(5, 2)",undefined
121.00000000000568,24.0,2002,train,1205.281313511412,1.0,0.2,"(5, 2)",undefined
119.7500000000054,24.0,2003,train,1206.5313135114122,1.0,0.2,"(5, 2)",undefined
118.50000000000512,24.0,2004,train,1207.7813135114125,1.0,0.2,"(5, 2)",undefined
117.25000000000483,24.0,2005,train,1209.0313135114127,1.0,0.2,"(5, 2)",undefined
116.00000000000455,24.0,2006,train,1210.281313511413,1.0,0.2,"(5, 2)",undefined
114.75000000000426,24.0,2007,train,1211.5313135114131,1.0,0.2,"(5, 2)",undefined
113.50000000000398,24.0,2008,train,1212.7813135114134,1.0,0.2,"(5, 2)",undefined
112.2500000000037,24.0,2009,train,1214.0313135114136,1.0,0.2,"(5, 2)",undefined
111.00000000000341,24.0,2010,train,1215.2813135114138,1.0,0.2,"(5, 2)",undefined
109.75000000000313,24.0,2011,train,1216.531313511414,1.0,0.2,"(5, 2)",undefined
108.50000000000284,24.0,2012,train,1217.7813135114143,1.0,0.2,"(5, 2)",undefined
107.25000000000256,24.0,2013,train,1219.0313135114145,1.0,0.2,"(5, 2)",undefined
106.00000000000227,24.0,2014,train,1220.2813135114147,1.0,0.2,"(5, 2)",undefined
104.75000000000199,24.0,2015,train,1221.531313511415,1.0,0.2,"(5, 2)",undefined
103.5000000000017,24.0,2016,train,1222.7813135114152,1.0,0.2,"(5, 2)",undefined
102.25000000000142,24.0,2017,train,1224.0313135114154,1.0,0.2,"(5, 2)",undefined
101.00000000000114,24.0,2018,train,1225.2813135114156,1.0,0.2,"(5, 2)",undefined
99.75000000000085,24.0,2019,train,1226.5313135114159,1.0,0.2,"(5, 2)",undefined
98.50000000000057,24.0,2020,train,1227.781313511416,1.0,0.2,"(5, 2)",undefined
97.25000000000028,24.0,2021,train,1229.0313135114163,1.0,0.2,"(5, 2)",undefined
96.0,24.0,2022,train,1230.2813135114166,1.0,0.2,"(5, 2)",undefined
94.74999999999972,24.0,2023,train,1231.5313135114168,1.0,0.2,"(5, 2)",undefined
93.49999999999943,24.0,2024,train,1232.781313511417,1.0,0.2,"(5, 2)",undefined
92.24999999999915,24.0,2025,train,1234.0313135114172,1.0,0.2,"(5, 2)",undefined
90.99999999999886,24.0,2026,train,1235.2813135114175,1.0,0.2,"(5, 2)",undefined
89.74999999999858,24.0,2027,train,1236.5313135114177,1.0,0.2,"(5, 2)",undefined
88.4999999999983,24.0,2028,train,1237.781313511418,1.0,0.2,"(5, 2)",undefined
87.24999999999801,24.0,2029,train,1239.0313135114181,1.0,0.2,"(5, 2)",undefined
85.99999999999773,24.0,2030,train,1240.2813135114184,1.0,0.2,"(5, 2)",undefined
84.74999999999744,24.0,2031,train,1241.5313135114186,1.0,0.2,"(5, 2)",undefined
83.49999999999716,24.0,2032,train,1242.7813135114188,1.0,0.2,"(5, 2)",undefined
82.24999999999687,24.0,2033,train,1244.031313511419,1.0,0.2,"(5, 2)",undefined
80.99999999999659,24.0,2034,train,1245.2813135114193,1.0,0.2,"(5, 2)",undefined
79.7499999999963,24.0,2035,train,1246.5313135114195,1.0,0.2,"(5, 2)",undefined
78.49999999999602,24.0,2036,train,1247.7813135114197,1.0,0.2,"(5, 2)",undefined
77.24999999999574,24.0,2037,train,1249.03131351142,1.0,0.2,"(5, 2)",undefined
75.99999999999545,24.0,2038,train,1250.2813135114202,1.0,0.2,"(5, 2)",undefined
74.74999999999517,24.0,2039,train,1251.5313135114204,1.0,0.2,"(5, 2)",undefined
73.49999999999488,24.0,2040,train,1252.7813135114206,1.0,0.2,"(5, 2)",undefined
72.2499999999946,24.0,2041,train,1254.0313135114209,1.0,0.2,"(5, 2)",undefined
71.34621797023578,24.84324151087344,2042,train,1255.2673872159285,1.0,0.2,"(5, 2)",undefined
70.45686168923703,25.72161808469994,2043,train,1256.517387215928,1.0,0.2,"(5, 2)",undefined
69.56750540823828,26.59999465852644,2044,train,1257.7673872159276,1.0,0.2,"(5, 2)",undefined
68.67814912723952,27.47837123235294,2045,train,1259.017387215927,1.0,0.2,"(5, 2)",undefined
67.78879284624077,28.356747806179442,2046,train,1260.2673872159266,1.0,0.2,"(5, 2)",undefined
66.89943656524201,29.235124380005942,2047,train,1261.5173872159262,1.0,0.2,"(5, 2)",undefined
66.01008028424326,30.113500953832443,2048,train,1262.7673872159257,1.0,0.2,"(5, 2)",undefined
65.1207240032445,30.991877527658943,2049,train,1264.0173872159253,1.0,0.2,"(5, 2)",undefined
64.23136772224575,31.870254101485443,2050,train,1265.2673872159248,1.0,0.2,"(5, 2)",undefined
63.34201144124647,32.748630675311944,2051,train,1266.5173872159248,1.0,0.2,"(5, 2)",undefined
62.452655160247005,33.627007249138444,2052,train,1267.767387215925,1.0,0.2,"(5, 2)",undefined
61.56329887924754,34.505383822964944,2053,train,1269.0173872159253,1.0,0.2,"(5, 2)",undefined
60.673942598248075,35.383760396791445,2054,train,1270.2673872159255,1.0,0.2,"(5, 2)",undefined
59.78458631724861,36.262136970617945,2055,train,1271.5173872159257,1.0,0.2,"(5, 2)",undefined
58.895230036249146,37.140513544444445,2056,train,1272.767387215926,1.0,0.2,"(5, 2)",undefined
58.00587375524984,38.018890118270946,2057,train,1274.017387215926,1.0,0.2,"(5, 2)",undefined
57.11651747425088,38.897266692097446,2058,train,1275.2673872159257,1.0,0.2,"(5, 2)",undefined
56.22716119325191,39.77564326592395,2059,train,1276.5173872159255,1.0,0.2,"(5, 2)",undefined
56.0,40.0,2060,train,1276.836664762654,1.0,0.2,"(5, 2)",undefined
56.0,40.0,2061,train,1276.836664762654,1.0,0.2,"(5, 2)",undefined
56.0,40.0,2062,train,1276.836664762654,1.0,0.2,"(5, 2)",undefined
56.0,40.0,2063,train,1276.836664762654,1.0,0.2,"(5, 2)",undefined
56.0,40.0,2064,train,1276.836664762654,1.0,0.2,"(5, 2)",undefined
56.0,40.0,2065,train,1276.836664762654,1.0,0.2,"(5, 2)",undefined
56.0,40.0,2066,train,1276.836664762654,1.0,0.2,"(5, 2)",undefined
56.0,40.0,2067,train,1276.836664762654,1.0,0.2,"(5, 2)",undefined
56.0,40.0,2068,train,1276.836664762654,1.0,0.2,"(5, 2)",undefined
56.0,40.0,2069,train,1276.836664762654,1.0,0.2,"(5, 2)",undefined
56.0,40.0,2070,train,1276.836664762654,1.0,0.2,"(5, 2)",undefined
56.0,40.0,2071,train,1276.836664762654,1.0,0.2,"(5, 2)",undefined
56.0,40.0,2072,train,1276.836664762654,1.0,0.2,"(5, 2)",undefined
56.0,40.0,2073,train,1276.836664762654,1.0,0.2,"(5, 2)",undefined
56.0,40.0,2074,train,1276.836664762654,1.0,0.2,"(5, 2)",undefined
56.0,40.0,2075,train,1276.836664762654,1.0,0.2,"(5, 2)",undefined
56.0,40.0,2076,train,1276.836664762654,1.0,0.2,"(5, 2)",undefined
56.0,40.0,2077,train,1276.836664762654,1.0,0.2,"(5, 2)",undefined
56.0,40.0,2078,train,1276.836664762654,1.0,0.2,"(5, 2)",undefined
56.0,40.0,2079,train,1276.836664762654,1.0,0.2,"(5, 2)",undefined
56.0,40.0,2080,train,1276.836664762654,1.0,0.2,"(5, 2)",undefined
57.250000000000284,40.0,2081,train,1278.0866647626542,1.0,0.2,"(5, 2)",undefined
58.50000000000057,40.0,2082,train,1279.3366647626544,1.0,0.2,"(5, 2)",undefined
59.75000000000085,40.0,2083,train,1280.5866647626547,1.0,0.2,"(5, 2)",undefined
61.00000000000114,40.0,2084,train,1281.836664762655,1.0,0.2,"(5, 2)",undefined
62.25000000000142,40.0,2085,train,1283.0866647626551,1.0,0.2,"(5, 2)",undefined
63.500000000001705,40.0,2086,train,1284.3366647626553,1.0,0.2,"(5, 2)",undefined
64.75000000000199,40.0,2087,train,1285.5866647626556,1.0,0.2,"(5, 2)",undefined
66.00000000000227,40.0,2088,train,1286.8366647626558,1.0,0.2,"(5, 2)",undefined
67.25000000000256,40.0,2089,train,1288.086664762656,1.0,0.2,"(5, 2)",undefined
68.50000000000284,40.0,2090,train,1289.3366647626563,1.0,0.2,"(5, 2)",undefined
69.75000000000313,40.0,2091,train,1290.5866647626565,1.0,0.2,"(5, 2)",undefined
71.00000000000341,40.0,2092,train,1291.8366647626567,1.0,0.2,"(5, 2)",undefined
72.12016826116314,39.68378443342246,2093,train,1293.0006103016985,1.0,0.2,"(5, 2)",undefined
73.0095245421619,38.80540785959596,2094,train,1294.250610301698,1.0,0.2,"(5, 2)",undefined
73.89888082316065,37.92703128576946,2095,train,1295.5006103016976,1.0,0.2,"(5, 2)",undefined
74.7882371041594,37.04865471194296,2096,train,1296.7506103016972,1.0,0.2,"(5, 2)",undefined
75.67759338515816,36.17027813811646,2097,train,1298.0006103016967,1.0,0.2,"(5, 2)",undefined
76.56694966615692,35.29190156428996,2098,train,1299.2506103016963,1.0,0.2,"(5, 2)",undefined
77.45630594715567,34.41352499046346,2099,train,1300.5006103016958,1.0,0.2,"(5, 2)",undefined
78.34566222815442,33.53514841663696,2100,train,1301.7506103016954,1.0,0.2,"(5, 2)",undefined
79.23501850915318,32.65677184281046,2101,train,1303.000610301695,1.0,0.2,"(5, 2)",undefined
80.12437479015193,31.778395268983957,2102,train,1304.2506103016945,1.0,0.2,"(5, 2)",undefined
81.01373107115069,30.900018695157552,2103,train,1305.500610301694,1.0,0.2,"(5, 2)",undefined
81.90308735214953,30.021642121331407,2104,train,1306.7506103016935,1.0,0.2,"(5, 2)",undefined
82.79244363314886,29.143265547505262,2105,train,1308.0006103016933,1.0,0.2,"(5, 2)",undefined
83.68179991414819,28.264888973679117,2106,train,1309.250610301693,1.0,0.2,"(5, 2)",undefined
84.57115619514751,27.386512399852972,2107,train,1310.5006103016929,1.0,0.2,"(5, 2)",undefined
85.46051247614683,26.508135826026827,2108,train,1311.7506103016926,1.0,0.2,"(5, 2)",undefined
86.34986875714615,25.62975925220068,2109,train,1313.0006103016924,1.0,0.2,"(5, 2)",undefined
87.23922503814548,24.751382678374537,2110,train,1314.2506103016922,1.0,0.2,"(5, 2)",undefined
88.0,24.0,2111,train,1315.3198878484245,1.0,0.2,"(5, 2)",undefined
88.0,24.0,2112,train,1315.3198878484245,1.0,0.2,"(5, 2)",undefined
88.0,24.0,2113,train,1315.3198878484245,1.0,0.2,"(5, 2)",undefined
88.0,24.0,2114,train,1315.3198878484245,1.0,0.2,"(5, 2)",undefined
88.0,24.0,2115,train,1315.3198878484245,1.0,0.2,"(5, 2)",undefined
88.0,24.0,2116,train,1315.3198878484245,1.0,0.2,"(5, 2)",undefined
88.0,24.0,2117,train,1315.3198878484245,1.0,0.2,"(5, 2)",undefined
88.0,24.0,2118,train,1315.3198878484245,1.0,0.2,"(5, 2)",undefined
88.0,24.0,2119,train,1315.3198878484245,1.0,0.2,"(5, 2)",undefined
88.0,24.0,2120,train,1315.3198878484245,1.0,0.2,"(5, 2)",undefined
88.0,24.0,2121,train,1315.3198878484245,1.0,0.2,"(5, 2)",undefined
88.0,24.0,2122,train,1315.3198878484245,1.0,0.2,"(5, 2)",undefined
88.0,24.0,2123,train,1315.3198878484245,1.0,0.2,"(5, 2)",undefined
88.0,24.0,2124,train,1315.3198878484245,1.0,0.2,"(5, 2)",undefined
88.0,24.0,2125,train,1315.3198878484245,1.0,0.2,"(5, 2)",undefined
88.0,24.0,2126,train,1315.3198878484245,1.0,0.2,"(5, 2)",undefined
88.0,24.0,2127,train,1315.3198878484245,1.0,0.2,"(5, 2)",undefined
88.0,24.0,2128,train,1315.3198878484245,1.0,0.2,"(5, 2)",undefined
88.0,24.0,2129,train,1315.3198878484245,1.0,0.2,"(5, 2)",undefined
88.0,24.0,2130,train,1315.3198878484245,1.0,0.2,"(5, 2)",undefined
88.0,24.0,2131,train,1315.3198878484245,1.0,0.2,"(5, 2)",undefined
88.0,24.0,2132,train,1315.3198878484245,1.0,0.2,"(5, 2)",undefined
88.0,24.0,2133,train,1315.3198878484245,1.0,0.2,"(5, 2)",undefined
88.0,24.0,2134,train,1315.3198878484245,1.0,0.2,"(5, 2)",undefined
88.0,24.0,2135,train,1315.3198878484245,1.0,0.2,"(5, 2)",undefined
88.0,24.0,2136,train,1315.3198878484245,1.0,0.2,"(5, 2)",undefined
88.0,24.0,2137,train,1315.3198878484245,1.0,0.2,"(5, 2)",undefined
88.0,24.0,2138,train,1315.3198878484245,1.0,0.2,"(5, 2)",undefined
88.0,24.0,2139,train,1315.3198878484245,1.0,0.2,"(5, 2)",undefined
88.0,24.0,2140,train,1315.3198878484245,1.0,0.2,"(5, 2)",undefined
88.0,24.0,2141,train,1315.3198878484245,1.0,0.2,"(5, 2)",undefined
88.0,24.0,2142,train,1315.3198878484245,1.0,0.2,"(5, 2)",undefined
88.0,24.0,2143,train,1315.3198878484245,1.0,0.2,"(5, 2)",undefined
88.0,24.0,2144,train,1315.3198878484245,1.0,0.2,"(5, 2)",undefined
88.0,24.0,2145,train,1315.3198878484245,1.0,0.2,"(5, 2)",undefined
88.0,24.0,2146,train,1315.3198878484245,1.0,0.2,"(5, 2)",undefined
88.0,24.0,2147,train,1315.3198878484245,1.0,0.2,"(5, 2)",undefined
88.0,24.0,2148,train,1315.3198878484245,1.0,0.2,"(5, 2)",undefined
88.0,24.0,2149,train,1315.3198878484245,1.0,0.2,"(5, 2)",undefined
88.0,24.0,2150,train,1315.3198878484245,1.0,0.2,"(5, 2)",undefined
88.0,24.0,2151,train,1315.3198878484245,1.0,0.2,"(5, 2)",undefined
88.0,24.0,2152,train,1315.3198878484245,1.0,0.2,"(5, 2)",undefined
87.11611652351695,24.88388347648305,2153,train,1316.5698878484243,1.0,0.2,"(5, 2)",undefined
86.2322330470339,25.7677669529661,2154,train,1317.819887848424,1.0,0.2,"(5, 2)",undefined
85.34834957055085,26.65165042944915,2155,train,1319.0698878484238,1.0,0.2,"(5, 2)",undefined
84.4644660940678,27.535533905932198,2156,train,1320.3198878484236,1.0,0.2,"(5, 2)",undefined
83.58058261758475,28.419417382415247,2157,train,1321.5698878484234,1.0,0.2,"(5, 2)",undefined
82.6966991411017,29.303300858898297,2158,train,1322.8198878484231,1.0,0.2,"(5, 2)",undefined
81.81281566461865,30.187184335381346,2159,train,1324.069887848423,1.0,0.2,"(5, 2)",undefined
80.9289321881356,31.071067811864395,2160,train,1325.3198878484227,1.0,0.2,"(5, 2)",undefined
80.04504871165256,31.954951288347445,2161,train,1326.5698878484225,1.0,0.2,"(5, 2)",undefined
79.1611652351695,32.838834764830494,2162,train,1327.8198878484222,1.0,0.2,"(5, 2)",undefined
78.27728175868646,33.722718241313544,2163,train,1329.069887848422,1.0,0.2,"(5, 2)",undefined
77.3933982822034,34.60660171779659,2164,train,1330.3198878484218,1.0,0.2,"(5, 2)",undefined
76.50951480572036,35.49048519427964,2165,train,1331.5698878484216,1.0,0.2,"(5, 2)",undefined
75.62563132923731,36.37436867076269,2166,train,1332.8198878484213,1.0,0.2,"(5, 2)",undefined
74.74174785275426,37.25825214724574,2167,train,1334.069887848421,1.0,0.2,"(5, 2)",undefined
73.85786437627121,38.14213562372879,2168,train,1335.3198878484209,1.0,0.2,"(5, 2)",undefined
72.97398089978816,39.02601910021184,2169,train,1336.5698878484206,1.0,0.2,"(5, 2)",undefined
72.09009742330511,39.90990257669489,2170,train,1337.8198878484204,1.0,0.2,"(5, 2)",undefined
71.20621394682206,40.79378605317794,2171,train,1339.0698878484202,1.0,0.2,"(5, 2)",undefined
70.32233047033901,41.67766952966099,2172,train,1340.31988784842,1.0,0.2,"(5, 2)",undefined
69.43844699385596,42.56155300614404,2173,train,1341.5698878484197,1.0,0.2,"(5, 2)",undefined
68.55456351737291,43.44543648262709,2174,train,1342.8198878484195,1.0,0.2,"(5, 2)",undefined
67.67068004088986,44.32931995911014,2175,train,1344.0698878484193,1.0,0.2,"(5, 2)",undefined
66.78679656440681,45.213203435593186,2176,train,1345.319887848419,1.0,0.2,"(5, 2)",undefined
65.90291308792376,46.097086912076236,2177,train,1346.5698878484188,1.0,0.2,"(5, 2)",undefined
65.01902961144071,46.980970388559285,2178,train,1347.8198878484186,1.0,0.2,"(5, 2)",undefined
64.13514613495767,47.864853865042335,2179,train,1349.0698878484184,1.0,0.2,"(5, 2)",undefined
63.251262658474616,48.748737341525384,2180,train,1350.3198878484181,1.0,0.2,"(5, 2)",undefined
62.367379181991566,49.632620818008434,2181,train,1351.569887848418,1.0,0.2,"(5, 2)",undefined
61.48349570550852,50.51650429449148,2182,train,1352.8198878484177,1.0,0.2,"(5, 2)",undefined
60.59961222902547,51.40038777097453,2183,train,1354.0698878484175,1.0,0.2,"(5, 2)",undefined
59.71572875254242,52.28427124745758,2184,train,1355.3198878484172,1.0,0.2,"(5, 2)",undefined
58.83184527605937,53.16815472394063,2185,train,1356.569887848417,1.0,0.2,"(5, 2)",undefined
57.94796179957632,54.05203820042368,2186,train,1357.8198878484168,1.0,0.2,"(5, 2)",undefined
57.06407832309327,54.93592167690673,2187,train,1359.0698878484166,1.0,0.2,"(5, 2)",undefined
56.0,56.0,2188,train,1360.5747218443623,1.0,0.2,"(5, 2)",undefined
56.0,56.0,2189,train,1360.5747218443623,1.0,0.2,"(5, 2)",undefined
56.0,56.0,2190,train,1360.5747218443623,1.0,0.2,"(5, 2)",undefined
56.0,56.0,2191,train,1360.5747218443623,1.0,0.2,"(5, 2)",undefined
56.0,56.0,2192,train,1360.5747218443623,1.0,0.2,"(5, 2)",undefined
56.0,56.0,2193,train,1360.5747218443623,1.0,0.2,"(5, 2)",undefined
56.0,56.0,2194,train,1360.5747218443623,1.0,0.2,"(5, 2)",undefined
56.0,56.0,2195,train,1360.5747218443623,1.0,0.2,"(5, 2)",undefined
56.0,56.0,2196,train,1360.5747218443623,1.0,0.2,"(5, 2)",undefined
56.0,56.0,2197,train,1360.5747218443623,1.0,0.2,"(5, 2)",undefined
56.0,56.0,2198,train,1360.5747218443623,1.0,0.2,"(5, 2)",undefined
56.0,56.0,2199,train,1360.5747218443623,1.0,0.2,"(5, 2)",undefined
56.0,56.0,2200,train,1360.5747218443623,1.0,0.2,"(5, 2)",undefined
56.0,56.0,2201,train,1360.5747218443623,1.0,0.2,"(5, 2)",undefined
56.0,56.0,2202,train,1360.5747218443623,1.0,0.2,"(5, 2)",undefined
56.0,56.0,2203,train,1360.5747218443623,1.0,0.2,"(5, 2)",undefined
56.0,56.0,2204,train,1360.5747218443623,1.0,0.2,"(5, 2)",undefined
56.0,56.0,2205,train,1360.5747218443623,1.0,0.2,"(5, 2)",undefined
56.0,56.0,2206,train,1360.5747218443623,1.0,0.2,"(5, 2)",undefined
56.0,56.0,2207,train,1360.5747218443623,1.0,0.2,"(5, 2)",undefined
56.0,56.0,2208,train,1360.5747218443623,1.0,0.2,"(5, 2)",undefined
56.0,56.0,2209,train,1360.5747218443623,1.0,0.2,"(5, 2)",undefined
56.0,56.0,2210,train,1360.5747218443623,1.0,0.2,"(5, 2)",undefined
56.0,56.0,2211,train,1360.5747218443623,1.0,0.2,"(5, 2)",undefined
56.0,56.0,2212,train,1360.5747218443623,1.0,0.2,"(5, 2)",undefined
56.0,56.0,2213,train,1360.5747218443623,1.0,0.2,"(5, 2)",undefined
56.0,56.0,2214,train,1360.5747218443623,1.0,0.2,"(5, 2)",undefined
56.0,56.0,2215,train,1360.5747218443623,1.0,0.2,"(5, 2)",undefined
56.0,56.0,2216,train,1360.5747218443623,1.0,0.2,"(5, 2)",undefined
56.0,56.0,2217,train,1360.5747218443623,1.0,0.2,"(5, 2)",undefined
56.0,56.0,2218,train,1360.5747218443623,1.0,0.2,"(5, 2)",undefined
56.0,56.0,2219,train,1360.5747218443623,1.0,0.2,"(5, 2)",undefined
56.0,56.0,2220,train,1360.5747218443623,1.0,0.2,"(5, 2)",undefined
56.0,56.0,2221,train,1360.5747218443623,1.0,0.2,"(5, 2)",undefined
56.0,56.0,2222,train,1360.5747218443623,1.0,0.2,"(5, 2)",undefined
56.0,56.0,2223,train,1360.5747218443623,1.0,0.2,"(5, 2)",undefined
56.0,56.0,2224,train,1360.5747218443623,1.0,0.2,"(5, 2)",undefined
56.0,56.0,2225,train,1360.5747218443623,1.0,0.2,"(5, 2)",undefined
56.0,56.0,2226,train,1360.5747218443623,1.0,0.2,"(5, 2)",undefined
56.0,56.0,2227,train,1360.5747218443623,1.0,0.2,"(5, 2)",undefined
56.0,57.250000000000284,2228,train,1361.8247218443626,1.0,0.2,"(5, 2)",undefined
56.0,58.50000000000057,2229,train,1363.0747218443628,1.0,0.2,"(5, 2)",undefined
56.0,59.75000000000085,2230,train,1364.324721844363,1.0,0.2,"(5, 2)",undefined
56.0,61.00000000000114,2231,train,1365.5747218443632,1.0,0.2,"(5, 2)",undefined
56.0,62.25000000000142,2232,train,1366.8247218443635,1.0,0.2,"(5, 2)",undefined
56.0,63.500000000001705,2233,train,1368.0747218443637,1.0,0.2,"(5, 2)",undefined
56.0,64.75000000000199,2234,train,1369.324721844364,1.0,0.2,"(5, 2)",undefined
56.0,66.00000000000227,2235,train,1370.5747218443641,1.0,0.2,"(5, 2)",undefined
56.0,67.25000000000256,2236,train,1371.8247218443644,1.0,0.2,"(5, 2)",undefined
56.0,68.50000000000284,2237,train,1373.0747218443646,1.0,0.2,"(5, 2)",undefined
56.0,69.75000000000313,2238,train,1374.3247218443648,1.0,0.2,"(5, 2)",undefined
56.0,71.00000000000341,2239,train,1375.574721844365,1.0,0.2,"(5, 2)",undefined
56.0,72.0,2240,train,1376.5747218443616,1.0,0.2,"(5, 2)",undefined
56.0,72.0,2241,train,1376.5747218443616,1.0,0.2,"(5, 2)",undefined
56.0,72.0,2242,train,1376.5747218443616,1.0,0.2,"(5, 2)",undefined
56.0,72.0,2243,train,1376.5747218443616,1.0,0.2,"(5, 2)",undefined
56.0,72.0,2244,train,1376.5747218443616,1.0,0.2,"(5, 2)",undefined
56.0,72.0,2245,train,1376.5747218443616,1.0,0.2,"(5, 2)",undefined
56.0,72.0,2246,train,1376.5747218443616,1.0,0.2,"(5, 2)",undefined
56.0,72.0,2247,train,1376.5747218443616,1.0,0.2,"(5, 2)",undefined
56.0,72.0,2248,train,1376.5747218443616,1.0,0.2,"(5, 2)",undefined
56.0,72.0,2249,train,1376.5747218443616,1.0,0.2,"(5, 2)",undefined
56.0,72.0,2250,train,1376.5747218443616,1.0,0.2,"(5, 2)",undefined
56.0,72.0,2251,train,1376.5747218443616,1.0,0.2,"(5, 2)",undefined
56.0,72.0,2252,train,1376.5747218443616,1.0,0.2,"(5, 2)",undefined
56.0,72.0,2253,train,1376.5747218443616,1.0,0.2,"(5, 2)",undefined
56.0,72.0,2254,train,1376.5747218443616,1.0,0.2,"(5, 2)",undefined
56.0,72.0,2255,train,1376.5747218443616,1.0,0.2,"(5, 2)",undefined
56.0,72.0,2256,train,1376.5747218443616,1.0,0.2,"(5, 2)",undefined
56.0,72.0,2257,train,1376.5747218443616,1.0,0.2,"(5, 2)",undefined
56.0,72.0,2258,train,1376.5747218443616,1.0,0.2,"(5, 2)",undefined
56.0,72.0,2259,train,1376.5747218443616,1.0,0.2,"(5, 2)",undefined
56.0,70.74999999999972,2260,train,1377.8247218443619,1.0,0.2,"(5, 2)",undefined
56.0,69.49999999999943,2261,train,1379.074721844362,1.0,0.2,"(5, 2)",undefined
56.0,68.24999999999915,2262,train,1380.3247218443623,1.0,0.2,"(5, 2)",undefined
56.0,66.99999999999886,2263,train,1381.5747218443626,1.0,0.2,"(5, 2)",undefined
56.0,65.74999999999858,2264,train,1382.8247218443628,1.0,0.2,"(5, 2)",undefined
56.0,64.4999999999983,2265,train,1384.074721844363,1.0,0.2,"(5, 2)",undefined
56.0,63.24999999999801,2266,train,1385.3247218443632,1.0,0.2,"(5, 2)",undefined
56.0,61.999999999997726,2267,train,1386.5747218443635,1.0,0.2,"(5, 2)",undefined
56.0,60.74999999999744,2268,train,1387.8247218443637,1.0,0.2,"(5, 2)",undefined
56.0,59.49999999999716,2269,train,1389.074721844364,1.0,0.2,"(5, 2)",undefined
56.0,58.249999999996874,2270,train,1390.3247218443641,1.0,0.2,"(5, 2)",undefined
56.0,56.99999999999659,2271,train,1391.5747218443644,1.0,0.2,"(5, 2)",undefined
56.31621556657754,55.8798317388366,2272,train,1392.7386673834064,1.0,0.2,"(5, 2)",undefined
57.19459214040404,54.990475457837135,2273,train,1393.9886673834067,1.0,0.2,"(5, 2)",undefined
58.07296871423054,54.10111917683767,2274,train,1395.238667383407,1.0,0.2,"(5, 2)",undefined
58.95134528805704,53.211762895838206,2275,train,1396.4886673834071,1.0,0.2,"(5, 2)",undefined
59.82972186188354,52.32240661483874,2276,train,1397.7386673834073,1.0,0.2,"(5, 2)",undefined
60.70809843571004,51.433050333839276,2277,train,1398.9886673834076,1.0,0.2,"(5, 2)",undefined
61.58647500953654,50.543694052839896,2278,train,1400.2386673834076,1.0,0.2,"(5, 2)",undefined
62.46485158336304,49.654337771840936,2279,train,1401.4886673834073,1.0,0.2,"(5, 2)",undefined
63.34322815718954,48.76498149084197,2280,train,1402.7386673834071,1.0,0.2,"(5, 2)",undefined
64.22160473101623,47.87562520984288,2281,train,1403.9886673834071,1.0,0.2,"(5, 2)",undefined
65.09998130484344,46.986268928843415,2282,train,1405.2386673834078,1.0,0.2,"(5, 2)",undefined
65.97835787867065,46.09691264784395,2283,train,1406.4886673834085,1.0,0.2,"(5, 2)",undefined
66.85673445249786,45.207556366844486,2284,train,1407.7386673834092,1.0,0.2,"(5, 2)",undefined
67.73511102632507,44.31820008584502,2285,train,1408.9886673834098,1.0,0.2,"(5, 2)",undefined
68.61348760015223,43.428843804845556,2286,train,1410.2386673834105,1.0,0.2,"(5, 2)",undefined
69.49186417397894,42.53948752384609,2287,train,1411.4886673834108,1.0,0.2,"(5, 2)",undefined
70.37024074780565,41.650131242846626,2288,train,1412.738667383411,1.0,0.2,"(5, 2)",undefined
71.24861732163237,40.76077496184716,2289,train,1413.9886673834112,1.0,0.2,"(5, 2)",undefined
72.26074682117606,40.18626191223204,2290,train,1415.1524849670661,1.0,0.2,"(5, 2)",undefined
73.51065929977217,40.171470162855755,2291,train,1416.4024849670661,1.0,0.2,"(5, 2)",undefined
74.76057177836829,40.15667841347976,2292,train,1417.6524849670661,1.0,0.2,"(5, 2)",undefined
76.0104842569644,40.14188666410383,2293,train,1418.9024849670661,1.0,0.2,"(5, 2)",undefined
77.26039673556052,40.1270949147279,2294,train,1420.1524849670661,1.0,0.2,"(5, 2)",undefined
78.51030921415663,40.11230316535197,2295,train,1421.4024849670661,1.0,0.2,"(5, 2)",undefined
79.76022169275275,40.09751141597604,2296,train,1422.6524849670661,1.0,0.2,"(5, 2)",undefined
81.01013417134887,40.08271966660011,2297,train,1423.9024849670661,1.0,0.2,"(5, 2)",undefined
82.26004664994498,40.06792791722418,2298,train,1425.1524849670661,1.0,0.2,"(5, 2)",undefined
83.5099591285411,40.05313616784825,2299,train,1426.4024849670661,1.0,0.2,"(5, 2)",undefined
84.75987160713721,40.03834441847232,2300,train,1427.6524849670661,1.0,0.2,"(5, 2)",undefined
86.00978408573333,40.02355266909639,2301,train,1428.9024849670661,1.0,0.2,"(5, 2)",undefined
87.25969656432945,40.00876091972046,2302,train,1430.1524849670661,1.0,0.2,"(5, 2)",undefined
88.0,40.0,2303,train,1430.892840240283,1.0,0.2,"(5, 2)",undefined
88.0,40.0,2304,train,1430.892840240283,1.0,0.2,"(5, 2)",undefined
88.0,40.0,2305,train,1430.892840240283,1.0,0.2,"(5, 2)",undefined
88.0,40.0,2306,train,1430.892840240283,1.0,0.2,"(5, 2)",undefined
88.0,40.0,2307,train,1430.892840240283,1.0,0.2,"(5, 2)",undefined
88.0,40.0,2308,train,1430.892840240283,1.0,0.2,"(5, 2)",undefined
88.0,40.0,2309,train,1430.892840240283,1.0,0.2,"(5, 2)",undefined
88.0,40.0,2310,train,1430.892840240283,1.0,0.2,"(5, 2)",undefined
88.0,40.0,2311,train,1430.892840240283,1.0,0.2,"(5, 2)",undefined
88.0,40.0,2312,train,1430.892840240283,1.0,0.2,"(5, 2)",undefined
88.0,40.0,2313,train,1430.892840240283,1.0,0.2,"(5, 2)",undefined
88.0,40.0,2314,train,1430.892840240283,1.0,0.2,"(5, 2)",undefined
88.0,40.0,2315,train,1430.892840240283,1.0,0.2,"(5, 2)",undefined
88.0,40.0,2316,train,1430.892840240283,1.0,0.2,"(5, 2)",undefined
88.0,40.0,2317,train,1430.892840240283,1.0,0.2,"(5, 2)",undefined
88.0,40.0,2318,train,1430.892840240283,1.0,0.2,"(5, 2)",undefined
88.0,40.0,2319,train,1430.892840240283,1.0,0.2,"(5, 2)",undefined
88.0,40.0,2320,train,1430.892840240283,1.0,0.2,"(5, 2)",undefined
88.0,40.0,2321,train,1430.892840240283,1.0,0.2,"(5, 2)",undefined
88.0,40.0,2322,train,1430.892840240283,1.0,0.2,"(5, 2)",undefined
88.0,40.0,2323,train,1430.892840240283,1.0,0.2,"(5, 2)",undefined
88.0,40.0,2324,train,1430.892840240283,1.0,0.2,"(5, 2)",undefined
88.0,40.0,2325,train,1430.892840240283,1.0,0.2,"(5, 2)",undefined
88.0,40.0,2326,train,1430.892840240283,1.0,0.2,"(5, 2)",undefined
88.0,40.0,2327,train,1430.892840240283,1.0,0.2,"(5, 2)",undefined
88.0,40.0,2328,train,1430.892840240283,1.0,0.2,"(5, 2)",undefined
88.0,40.0,2329,train,1430.892840240283,1.0,0.2,"(5, 2)",undefined
88.0,40.0,2330,train,1430.892840240283,1.0,0.2,"(5, 2)",undefined
88.0,40.0,2331,train,1430.892840240283,1.0,0.2,"(5, 2)",undefined
88.0,40.0,2332,train,1430.892840240283,1.0,0.2,"(5, 2)",undefined
88.0,40.0,2333,train,1430.892840240283,1.0,0.2,"(5, 2)",undefined
88.0,40.0,2334,train,1430.892840240283,1.0,0.2,"(5, 2)",undefined
88.0,40.0,2335,train,1430.892840240283,1.0,0.2,"(5, 2)",undefined
88.0,40.0,2336,train,1430.892840240283,1.0,0.2,"(5, 2)",undefined
88.0,40.0,2337,train,1430.892840240283,1.0,0.2,"(5, 2)",undefined
89.25000000000028,40.0,2338,train,1432.1428402402832,1.0,0.2,"(5, 2)",undefined
90.50000000000057,40.0,2339,train,1433.3928402402835,1.0,0.2,"(5, 2)",undefined
91.75000000000085,40.0,2340,train,1434.6428402402837,1.0,0.2,"(5, 2)",undefined
93.00000000000114,40.0,2341,train,1435.892840240284,1.0,0.2,"(5, 2)",undefined
94.25000000000142,40.0,2342,train,1437.1428402402842,1.0,0.2,"(5, 2)",undefined
95.5000000000017,40.0,2343,train,1438.3928402402844,1.0,0.2,"(5, 2)",undefined
96.75000000000199,40.0,2344,train,1439.6428402402846,1.0,0.2,"(5, 2)",undefined
98.00000000000227,40.0,2345,train,1440.8928402402848,1.0,0.2,"(5, 2)",undefined
99.25000000000256,40.0,2346,train,1442.142840240285,1.0,0.2,"(5, 2)",undefined
100.50000000000284,40.0,2347,train,1443.3928402402853,1.0,0.2,"(5, 2)",undefined
101.75000000000313,40.0,2348,train,1444.6428402402855,1.0,0.2,"(5, 2)",undefined
103.00000000000341,40.0,2349,train,1445.8928402402858,1.0,0.2,"(5, 2)",undefined
104.2500000000037,40.0,2350,train,1447.142840240286,1.0,0.2,"(5, 2)",undefined
105.50000000000398,40.0,2351,train,1448.3928402402862,1.0,0.2,"(5, 2)",undefined
106.75000000000426,40.0,2352,train,1449.6428402402864,1.0,0.2,"(5, 2)",undefined
108.00000000000455,40.0,2353,train,1450.8928402402867,1.0,0.2,"(5, 2)",undefined
109.25000000000483,40.0,2354,train,1452.142840240287,1.0,0.2,"(5, 2)",undefined
110.50000000000512,40.0,2355,train,1453.3928402402871,1.0,0.2,"(5, 2)",undefined
111.7500000000054,40.0,2356,train,1454.6428402402873,1.0,0.2,"(5, 2)",undefined
113.00000000000568,40.0,2357,train,1455.8928402402876,1.0,0.2,"(5, 2)",undefined
114.25000000000597,40.0,2358,train,1457.1428402402878,1.0,0.2,"(5, 2)",undefined
115.50000000000625,40.0,2359,train,1458.392840240288,1.0,0.2,"(5, 2)",undefined
116.75000000000654,40.0,2360,train,1459.6428402402883,1.0,0.2,"(5, 2)",undefined
118.00000000000682,40.0,2361,train,1460.8928402402885,1.0,0.2,"(5, 2)",undefined
119.2500000000071,40.0,2362,train,1462.1428402402887,1.0,0.2,"(5, 2)",undefined
120.29803951736653,39.50810911865716,2363,train,1463.3005722771156,1.0,0.2,"(5, 2)",undefined
121.18739579836529,38.62973254483066,2364,train,1464.5505722771152,1.0,0.2,"(5, 2)",undefined
122.07675207936404,37.75135597100416,2365,train,1465.8005722771147,1.0,0.2,"(5, 2)",undefined
122.9661083603628,36.87297939717766,2366,train,1467.0505722771143,1.0,0.2,"(5, 2)",undefined
123.85546464136155,35.99460282335116,2367,train,1468.3005722771138,1.0,0.2,"(5, 2)",undefined
124.7448209223603,35.11622624952466,2368,train,1469.5505722771134,1.0,0.2,"(5, 2)",undefined
125.63417720335906,34.23784967569816,2369,train,1470.800572277113,1.0,0.2,"(5, 2)",undefined
126.52353348435781,33.35947310187166,2370,train,1472.0505722771125,1.0,0.2,"(5, 2)",undefined
127.41288976535657,32.48109652804516,2371,train,1473.300572277112,1.0,0.2,"(5, 2)",undefined
128.30224604635532,31.602719954218657,2372,train,1474.5505722771115,1.0,0.2,"(5, 2)",undefined
129.19160232735408,30.724343380392156,2373,train,1475.800572277111,1.0,0.2,"(5, 2)",undefined
130.08095860835283,29.845966806565656,2374,train,1477.0505722771106,1.0,0.2,"(5, 2)",undefined
130.97031488935158,28.967590232739155,2375,train,1478.3005722771102,1.0,0.2,"(5, 2)",undefined
131.85967117035034,28.089213658912655,2376,train,1479.5505722771097,1.0,0.2,"(5, 2)",undefined
132.7490274513491,27.210837085086226,2377,train,1480.8005722771093,1.0,0.2,"(5, 2)",undefined
133.63838373234785,26.33246051126008,2378,train,1482.0505722771086,1.0,0.2,"(5, 2)",undefined
134.5277400133466,25.454083937433936,2379,train,1483.300572277108,1.0,0.2,"(5, 2)",undefined
135.41709629434553,24.57570736360819,2380,train,1484.5505722771072,1.0,0.2,"(5, 2)",undefined
136.0,24.0,2381,train,1485.3698498238386,1.0,0.2,"(5, 2)",undefined
136.0,24.0,2382,train,1485.3698498238386,1.0,0.2,"(5, 2)",undefined
136.0,24.0,2383,train,1485.3698498238386,1.0,0.2,"(5, 2)",undefined
136.0,24.0,2384,train,1485.3698498238386,1.0,0.2,"(5, 2)",undefined
136.0,24.0,2385,train,1485.3698498238386,1.0,0.2,"(5, 2)",undefined
136.0,24.0,2386,train,1485.3698498238386,1.0,0.2,"(5, 2)",undefined
136.0,24.0,2387,train,1485.3698498238386,1.0,0.2,"(5, 2)",undefined
136.0,24.0,2388,train,1485.3698498238386,1.0,0.2,"(5, 2)",undefined
136.0,24.0,2389,train,1485.3698498238386,1.0,0.2,"(5, 2)",undefined
136.0,24.0,2390,train,1485.3698498238386,1.0,0.2,"(5, 2)",undefined
136.0,24.0,2391,train,1485.3698498238386,1.0,0.2,"(5, 2)",undefined
136.0,24.0,2392,train,1485.3698498238386,1.0,0.2,"(5, 2)",undefined
136.0,24.0,2393,train,1485.3698498238386,1.0,0.2,"(5, 2)",undefined
136.0,24.0,2394,train,1485.3698498238386,1.0,0.2,"(5, 2)",undefined
136.0,24.0,2395,train,1485.3698498238386,1.0,0.2,"(5, 2)",undefined
136.0,24.0,2396,train,1485.3698498238386,1.0,0.2,"(5, 2)",undefined
136.0,24.0,2397,train,1485.3698498238386,1.0,0.2,"(5, 2)",undefined
136.0,24.0,2398,train,1485.3698498238386,1.0,0.2,"(5, 2)",undefined
136.0,24.0,2399,train,1485.3698498238386,1.0,0.2,"(5, 2)",undefined
136.0,24.0,2400,train,1485.3698498238386,1.0,0.2,"(5, 2)",undefined
136.0,24.0,2401,train,1485.3698498238386,1.0,0.2,"(5, 2)",undefined
136.0,24.0,2402,train,1485.3698498238386,1.0,0.2,"(5, 2)",undefined
136.0,24.0,2403,train,1485.3698498238386,1.0,0.2,"(5, 2)",undefined
136.0,24.0,2404,train,1485.3698498238386,1.0,0.2,"(5, 2)",undefined
136.0,24.0,2405,train,1485.3698498238386,1.0,0.2,"(5, 2)",undefined
136.0,24.0,2406,train,1485.3698498238386,1.0,0.2,"(5, 2)",undefined
136.0,24.0,2407,train,1485.3698498238386,1.0,0.2,"(5, 2)",undefined
136.0,24.0,2408,train,1485.3698498238386,1.0,0.2,"(5, 2)",undefined
134.75000000000114,24.0,2409,train,1486.6198498238375,1.0,0.2,"(5, 2)",undefined
133.50000000000227,24.0,2410,train,1487.8698498238364,1.0,0.2,"(5, 2)",undefined
132.2500000000034,24.0,2411,train,1489.1198498238352,1.0,0.2,"(5, 2)",undefined
131.00000000000455,24.0,2412,train,1490.369849823834,1.0,0.2,"(5, 2)",undefined
129.75000000000568,24.0,2413,train,1491.619849823833,1.0,0.2,"(5, 2)",undefined
128.50000000000682,24.0,2414,train,1492.8698498238318,1.0,0.2,"(5, 2)",undefined
127.2500000000071,24.0,2415,train,1494.1198498238316,1.0,0.2,"(5, 2)",undefined
126.00000000000682,24.0,2416,train,1495.3698498238318,1.0,0.2,"(5, 2)",undefined
124.75000000000654,24.0,2417,train,1496.619849823832,1.0,0.2,"(5, 2)",undefined
123.50000000000625,24.0,2418,train,1497.8698498238323,1.0,0.2,"(5, 2)",undefined
122.25000000000597,24.0,2419,train,1499.1198498238325,1.0,0.2,"(5, 2)",undefined
121.00000000000568,24.0,2420,train,1500.3698498238327,1.0,0.2,"(5, 2)",undefined
119.8763439699661,24.30755190613945,2421,train,1501.5348352524172,1.0,0.2,"(5, 2)",undefined
118.9873267412821,25.186271637966456,2422,train,1502.7848352524168,1.0,0.2,"(5, 2)",undefined
118.0983095125981,26.06499136979346,2423,train,1504.0348352524163,1.0,0.2,"(5, 2)",undefined
117.20929228391411,26.943711101620465,2424,train,1505.2848352524159,1.0,0.2,"(5, 2)",undefined
116.32027505523011,27.82243083344747,2425,train,1506.5348352524154,1.0,0.2,"(5, 2)",undefined
115.43125782654612,28.70115056527412,2426,train,1507.7848352524147,1.0,0.2,"(5, 2)",undefined
114.54224059786175,29.57987029710077,2427,train,1509.0348352524143,1.0,0.2,"(5, 2)",undefined
113.6532233691772,30.458590028927418,2428,train,1510.284835252414,1.0,0.2,"(5, 2)",undefined
112.76420614049265,31.337309760754067,2429,train,1511.5348352524138,1.0,0.2,"(5, 2)",undefined
111.87518891180801,32.2160294925808,2430,train,1512.7848352524138,1.0,0.2,"(5, 2)",undefined
110.98617168312309,33.094749224407806,2431,train,1514.034835252414,1.0,0.2,"(5, 2)",undefined
110.09715445443817,33.97346895623481,2432,train,1515.2848352524143,1.0,0.2,"(5, 2)",undefined
109.20813722575326,34.852188688061815,2433,train,1516.5348352524145,1.0,0.2,"(5, 2)",undefined
108.31911999706834,35.73090841988882,2434,train,1517.7848352524147,1.0,0.2,"(5, 2)",undefined
107.43010276838343,36.609628151715825,2435,train,1519.034835252415,1.0,0.2,"(5, 2)",undefined
106.54108553969851,37.48834788354283,2436,train,1520.2848352524152,1.0,0.2,"(5, 2)",undefined
105.6520683110136,38.367067615369834,2437,train,1521.5348352524154,1.0,0.2,"(5, 2)",undefined
104.76305108232869,39.24578734719684,2438,train,1522.7848352524156,1.0,0.2,"(5, 2)",undefined
103.74411162538074,39.81349821690576,2439,train,1523.9512542373911,1.0,0.2,"(5, 2)",undefined
102.49419931818743,39.82830444284919,2440,train,1525.2012542373911,1.0,0.2,"(5, 2)",undefined
101.24428701099411,39.84311066879262,2441,train,1526.4512542373911,1.0,0.2,"(5, 2)",undefined
99.9943747038008,39.85791689473605,2442,train,1527.7012542373911,1.0,0.2,"(5, 2)",undefined
98.74446239660749,39.87272312067948,2443,train,1528.9512542373911,1.0,0.2,"(5, 2)",undefined
97.49455008941418,39.88752934662291,2444,train,1530.2012542373911,1.0,0.2,"(5, 2)",undefined
96.24463778222086,39.902335572566344,2445,train,1531.4512542373911,1.0,0.2,"(5, 2)",undefined
94.99472547502755,39.917141798509775,2446,train,1532.7012542373911,1.0,0.2,"(5, 2)",undefined
93.74481316783424,39.931948024453206,2447,train,1533.9512542373911,1.0,0.2,"(5, 2)",undefined
92.49490086064093,39.94675425039664,2448,train,1535.2012542373911,1.0,0.2,"(5, 2)",undefined
91.24498855344761,39.96156047634007,2449,train,1536.4512542373911,1.0,0.2,"(5, 2)",undefined
89.9950762462543,39.97636670228327,2450,train,1537.7012542373911,1.0,0.2,"(5, 2)",undefined
88.74516393906099,39.99117292822635,2451,train,1538.9512542373911,1.0,0.2,"(5, 2)",undefined
87.49520253103098,39.99778761283382,2452,train,1540.20123314746,1.0,0.2,"(5, 2)",undefined
86.24520254377215,39.997966086391884,2453,train,1541.45123314746,1.0,0.2,"(5, 2)",undefined
84.99520255651332,39.99814455994995,2454,train,1542.70123314746,1.0,0.2,"(5, 2)",undefined
83.74520256925449,39.998323033508015,2455,train,1543.95123314746,1.0,0.2,"(5, 2)",undefined
82.49520258199566,39.99850150706608,2456,train,1545.20123314746,1.0,0.2,"(5, 2)",undefined
81.24520259473682,39.998679980624146,2457,train,1546.45123314746,1.0,0.2,"(5, 2)",undefined
79.99520260747799,39.99885845418221,2458,train,1547.70123314746,1.0,0.2,"(5, 2)",undefined
78.74520262021916,39.99903692774028,2459,train,1548.95123314746,1.0,0.2,"(5, 2)",undefined
77.49520263296033,39.99921540129834,2460,train,1550.20123314746,1.0,0.2,"(5, 2)",undefined
76.2452026457015,39.99939387485641,2461,train,1551.45123314746,1.0,0.2,"(5, 2)",undefined
74.99520265844266,39.999572348414475,2462,train,1552.70123314746,1.0,0.2,"(5, 2)",undefined
73.74520267118383,39.99975082197275,2463,train,1553.95123314746,1.0,0.2,"(5, 2)",undefined
72.495202683925,39.99992929553117,2464,train,1555.20123314746,1.0,0.2,"(5, 2)",undefined
71.5193913528273,40.66763899269328,2465,train,1556.3836222515974,1.0,0.2,"(5, 2)",undefined
70.6301659131489,41.54614802362497,2466,train,1557.6336222515974,1.0,0.2,"(5, 2)",undefined
69.7409404734705,42.42465705455686,2467,train,1558.8836222515974,1.0,0.2,"(5, 2)",undefined
68.8517150337921,43.303166085489146,2468,train,1560.1336222515977,1.0,0.2,"(5, 2)",undefined
67.9624895941137,44.181675116421424,2469,train,1561.383622251598,1.0,0.2,"(5, 2)",undefined
67.07326415443531,45.0601841473537,2470,train,1562.6336222515981,1.0,0.2,"(5, 2)",undefined
66.18403871475691,45.93869317828598,2471,train,1563.8836222515984,1.0,0.2,"(5, 2)",undefined
65.29481327507851,46.817202209218266,2472,train,1565.1336222515986,1.0,0.2,"(5, 2)",undefined
64.40558783540011,47.695711240150544,2473,train,1566.3836222515988,1.0,0.2,"(5, 2)",undefined
63.516362395721714,48.57422027108282,2474,train,1567.633622251599,1.0,0.2,"(5, 2)",undefined
62.627136956043316,49.4527293020151,2475,train,1568.8836222515993,1.0,0.2,"(5, 2)",undefined
61.73791151636492,50.331238332947386,2476,train,1570.1336222515995,1.0,0.2,"(5, 2)",undefined
60.84868607668652,51.209747363879664,2477,train,1571.3836222515997,1.0,0.2,"(5, 2)",undefined
59.95946063700812,52.08825639481194,2478,train,1572.6336222516,1.0,0.2,"(5, 2)",undefined
59.07023519732972,52.96676542574422,2479,train,1573.8836222516002,1.0,0.2,"(5, 2)",undefined
58.181009757651324,53.8452744566765,2480,train,1575.1336222516004,1.0,0.2,"(5, 2)",undefined
57.291784317972926,54.723783487608785,2481,train,1576.3836222516006,1.0,0.2,"(5, 2)",undefined
56.40255887829453,55.60229251854106,2482,train,1577.6336222516009,1.0,0.2,"(5, 2)",undefined
56.0,56.0,2483,train,1578.1995064193438,1.0,0.2,"(5, 2)",undefined
56.0,56.0,2484,train,1578.1995064193438,1.0,0.2,"(5, 2)",undefined
56.0,56.0,2485,train,1578.1995064193438,1.0,0.2,"(5, 2)",undefined
56.0,56.0,2486,train,1578.1995064193438,1.0,0.2,"(5, 2)",undefined
56.0,56.0,2487,train,1578.1995064193438,1.0,0.2,"(5, 2)",undefined
56.0,56.0,2488,train,1578.1995064193438,1.0,0.2,"(5, 2)",undefined
56.0,56.0,2489,train,1578.1995064193438,1.0,0.2,"(5, 2)",undefined
56.0,56.0,2490,train,1578.1995064193438,1.0,0.2,"(5, 2)",undefined
56.0,56.0,2491,train,1578.1995064193438,1.0,0.2,"(5, 2)",undefined
56.0,56.0,2492,train,1578.1995064193438,1.0,0.2,"(5, 2)",undefined
56.0,56.0,2493,train,1578.1995064193438,1.0,0.2,"(5, 2)",undefined
56.0,56.0,2494,train,1578.1995064193438,1.0,0.2,"(5, 2)",undefined
56.0,56.0,2495,train,1578.1995064193438,1.0,0.2,"(5, 2)",undefined
56.0,56.0,2496,train,1578.1995064193438,1.0,0.2,"(5, 2)",undefined
56.0,56.0,2497,train,1578.1995064193438,1.0,0.2,"(5, 2)",undefined
56.0,56.0,2498,train,1578.1995064193438,1.0,0.2,"(5, 2)",undefined
56.0,56.0,2499,train,1578.1995064193438,1.0,0.2,"(5, 2)",undefined
56.0,56.0,2500,train,1578.1995064193438,1.0,0.2,"(5, 2)",undefined
56.0,56.0,2501,train,1578.1995064193438,1.0,0.2,"(5, 2)",undefined
56.0,56.0,2502,train,1578.1995064193438,1.0,0.2,"(5, 2)",undefined
56.0,56.0,2503,train,1578.1995064193438,1.0,0.2,"(5, 2)",undefined
56.0,56.0,2504,train,1578.1995064193438,1.0,0.2,"(5, 2)",undefined
56.0,56.0,2505,train,1578.1995064193438,1.0,0.2,"(5, 2)",undefined
56.0,56.0,2506,train,1578.1995064193438,1.0,0.2,"(5, 2)",undefined
56.0,56.0,2507,train,1578.1995064193438,1.0,0.2,"(5, 2)",undefined
56.0,56.0,2508,train,1578.1995064193438,1.0,0.2,"(5, 2)",undefined
56.0,56.0,2509,train,1578.1995064193438,1.0,0.2,"(5, 2)",undefined
56.0,56.0,2510,train,1578.1995064193438,1.0,0.2,"(5, 2)",undefined
56.0,54.749999999999716,2511,train,1579.449506419344,1.0,0.2,"(5, 2)",undefined
56.0,53.49999999999943,2512,train,1580.6995064193443,1.0,0.2,"(5, 2)",undefined
56.0,52.24999999999915,2513,train,1581.9495064193445,1.0,0.2,"(5, 2)",undefined
56.0,50.99999999999886,2514,train,1583.1995064193447,1.0,0.2,"(5, 2)",undefined
56.0,49.74999999999858,2515,train,1584.449506419345,1.0,0.2,"(5, 2)",undefined
56.0,48.499999999998295,2516,train,1585.6995064193452,1.0,0.2,"(5, 2)",undefined
56.0,47.24999999999801,2517,train,1586.9495064193454,1.0,0.2,"(5, 2)",undefined
56.0,45.999999999997726,2518,train,1588.1995064193457,1.0,0.2,"(5, 2)",undefined
56.0,44.74999999999744,2519,train,1589.4495064193459,1.0,0.2,"(5, 2)",undefined
56.0,43.49999999999716,2520,train,1590.699506419346,1.0,0.2,"(5, 2)",undefined
56.0,42.249999999996874,2521,train,1591.9495064193463,1.0,0.2,"(5, 2)",undefined
56.0,40.99999999999659,2522,train,1593.1995064193466,1.0,0.2,"(5, 2)",undefined
56.0,40.0,2523,train,1594.1995064193432,1.0,0.2,"(5, 2)",undefined
56.0,40.0,2524,train,1594.1995064193432,1.0,0.2,"(5, 2)",undefined
56.0,40.0,2525,train,1594.1995064193432,1.0,0.2,"(5, 2)",undefined
56.0,40.0,2526,train,1594.1995064193432,1.0,0.2,"(5, 2)",undefined
56.0,40.0,2527,train,1594.1995064193432,1.0,0.2,"(5, 2)",undefined
56.0,40.0,2528,train,1594.1995064193432,1.0,0.2,"(5, 2)",undefined
56.0,40.0,2529,train,1594.1995064193432,1.0,0.2,"(5, 2)",undefined
56.0,40.0,2530,train,1594.1995064193432,1.0,0.2,"(5, 2)",undefined
56.0,40.0,2531,train,1594.1995064193432,1.0,0.2,"(5, 2)",undefined
56.0,40.0,2532,train,1594.1995064193432,1.0,0.2,"(5, 2)",undefined
56.0,40.0,2533,train,1594.1995064193432,1.0,0.2,"(5, 2)",undefined
56.0,40.0,2534,train,1594.1995064193432,1.0,0.2,"(5, 2)",undefined
56.0,40.0,2535,train,1594.1995064193432,1.0,0.2,"(5, 2)",undefined
56.0,40.0,2536,train,1594.1995064193432,1.0,0.2,"(5, 2)",undefined
56.0,40.0,2537,train,1594.1995064193432,1.0,0.2,"(5, 2)",undefined
56.0,40.0,2538,train,1594.1995064193432,1.0,0.2,"(5, 2)",undefined
56.0,40.0,2539,train,1594.1995064193432,1.0,0.2,"(5, 2)",undefined
56.0,40.0,2540,train,1594.1995064193432,1.0,0.2,"(5, 2)",undefined
56.0,40.0,2541,train,1594.1995064193432,1.0,0.2,"(5, 2)",undefined
57.250000000000284,40.0,2542,train,1595.4495064193434,1.0,0.2,"(5, 2)",undefined
58.50000000000057,40.0,2543,train,1596.6995064193436,1.0,0.2,"(5, 2)",undefined
59.75000000000085,40.0,2544,train,1597.9495064193438,1.0,0.2,"(5, 2)",undefined
61.00000000000114,40.0,2545,train,1599.199506419344,1.0,0.2,"(5, 2)",undefined
62.25000000000142,40.0,2546,train,1600.4495064193443,1.0,0.2,"(5, 2)",undefined
63.500000000001705,40.0,2547,train,1601.6995064193445,1.0,0.2,"(5, 2)",undefined
64.75000000000199,40.0,2548,train,1602.9495064193447,1.0,0.2,"(5, 2)",undefined
66.00000000000227,40.0,2549,train,1604.199506419345,1.0,0.2,"(5, 2)",undefined
67.25000000000256,40.0,2550,train,1605.4495064193452,1.0,0.2,"(5, 2)",undefined
68.50000000000284,40.0,2551,train,1606.6995064193454,1.0,0.2,"(5, 2)",undefined
69.75000000000313,40.0,2552,train,1607.9495064193457,1.0,0.2,"(5, 2)",undefined
71.00000000000341,40.0,2553,train,1609.1995064193459,1.0,0.2,"(5, 2)",undefined
72.2500000000037,40.0,2554,train,1610.449506419346,1.0,0.2,"(5, 2)",undefined
73.50000000000398,40.0,2555,train,1611.6995064193463,1.0,0.2,"(5, 2)",undefined
74.75000000000426,40.0,2556,train,1612.9495064193466,1.0,0.2,"(5, 2)",undefined
76.00000000000455,40.0,2557,train,1614.1995064193468,1.0,0.2,"(5, 2)",undefined
77.25000000000483,40.0,2558,train,1615.449506419347,1.0,0.2,"(5, 2)",undefined
78.50000000000512,40.0,2559,train,1616.6995064193472,1.0,0.2,"(5, 2)",undefined
79.7500000000054,40.0,2560,train,1617.9495064193475,1.0,0.2,"(5, 2)",undefined
81.00000000000568,40.0,2561,train,1619.1995064193477,1.0,0.2,"(5, 2)",undefined
82.25000000000597,40.0,2562,train,1620.449506419348,1.0,0.2,"(5, 2)",undefined
83.50000000000625,40.0,2563,train,1621.6995064193482,1.0,0.2,"(5, 2)",undefined
84.75000000000654,40.0,2564,train,1622.9495064193484,1.0,0.2,"(5, 2)",undefined
86.00000000000682,40.0,2565,train,1624.1995064193486,1.0,0.2,"(5, 2)",undefined
87.2500000000071,40.0,2566,train,1625.4495064193488,1.0,0.2,"(5, 2)",undefined
88.0,40.0,2567,train,1626.1995064193418,1.0,0.2,"(5, 2)",undefined
88.0,40.0,2568,train,1626.1995064193418,1.0,0.2,"(5, 2)",undefined
88.0,40.0,2569,train,1626.1995064193418,1.0,0.2,"(5, 2)",undefined
88.0,40.0,2570,train,1626.1995064193418,1.0,0.2,"(5, 2)",undefined
88.0,40.0,2571,train,1626.1995064193418,1.0,0.2,"(5, 2)",undefined
88.0,40.0,2572,train,1626.1995064193418,1.0,0.2,"(5, 2)",undefined
88.0,40.0,2573,train,1626.1995064193418,1.0,0.2,"(5, 2)",undefined
88.0,40.0,2574,train,1626.1995064193418,1.0,0.2,"(5, 2)",undefined
88.0,40.0,2575,train,1626.1995064193418,1.0,0.2,"(5, 2)",undefined
88.0,40.0,2576,train,1626.1995064193418,1.0,0.2,"(5, 2)",undefined
88.0,40.0,2577,train,1626.1995064193418,1.0,0.2,"(5, 2)",undefined
88.0,40.0,2578,train,1626.1995064193418,1.0,0.2,"(5, 2)",undefined
88.0,40.0,2579,train,1626.1995064193418,1.0,0.2,"(5, 2)",undefined
88.0,40.0,2580,train,1626.1995064193418,1.0,0.2,"(5, 2)",undefined
88.0,40.0,2581,train,1626.1995064193418,1.0,0.2,"(5, 2)",undefined
88.0,40.0,2582,train,1626.1995064193418,1.0,0.2,"(5, 2)",undefined
88.0,40.0,2583,train,1626.1995064193418,1.0,0.2,"(5, 2)",undefined
88.0,40.0,2584,train,1626.1995064193418,1.0,0.2,"(5, 2)",undefined
88.0,40.0,2585,train,1626.1995064193418,1.0,0.2,"(5, 2)",undefined
88.0,40.0,2586,train,1626.1995064193418,1.0,0.2,"(5, 2)",undefined
88.0,40.0,2587,train,1626.1995064193418,1.0,0.2,"(5, 2)",undefined
88.0,40.0,2588,train,1626.1995064193418,1.0,0.2,"(5, 2)",undefined
88.0,40.0,2589,train,1626.1995064193418,1.0,0.2,"(5, 2)",undefined
88.0,40.0,2590,train,1626.1995064193418,1.0,0.2,"(5, 2)",undefined
88.0,40.0,2591,train,1626.1995064193418,1.0,0.2,"(5, 2)",undefined
88.0,40.0,2592,train,1626.1995064193418,1.0,0.2,"(5, 2)",undefined
88.0,40.0,2593,train,1626.1995064193418,1.0,0.2,"(5, 2)",undefined
88.0,40.0,2594,train,1626.1995064193418,1.0,0.2,"(5, 2)",undefined
88.0,40.0,2595,train,1626.1995064193418,1.0,0.2,"(5, 2)",undefined
88.0,40.0,2596,train,1626.1995064193418,1.0,0.2,"(5, 2)",undefined
88.0,40.0,2597,train,1626.1995064193418,1.0,0.2,"(5, 2)",undefined
88.0,40.0,2598,train,1626.1995064193418,1.0,0.2,"(5, 2)",undefined
88.0,40.0,2599,train,1626.1995064193418,1.0,0.2,"(5, 2)",undefined
88.0,40.0,2600,train,1626.1995064193418,1.0,0.2,"(5, 2)",undefined
88.0,40.0,2601,train,1626.1995064193418,1.0,0.2,"(5, 2)",undefined
88.0,40.0,2602,train,1626.1995064193418,1.0,0.2,"(5, 2)",undefined
88.0,40.0,2603,train,1626.1995064193418,1.0,0.2,"(5, 2)",undefined
88.0,40.0,2604,train,1626.1995064193418,1.0,0.2,"(5, 2)",undefined
88.0,40.0,2605,train,1626.1995064193418,1.0,0.2,"(5, 2)",undefined
88.0,40.0,2606,train,1626.1995064193418,1.0,0.2,"(5, 2)",undefined
88.0,40.0,2607,train,1626.1995064193418,1.0,0.2,"(5, 2)",undefined
88.0,40.0,2608,train,1626.1995064193418,1.0,0.2,"(5, 2)",undefined
88.0,40.0,2609,train,1626.1995064193418,1.0,0.2,"(5, 2)",undefined
88.0,40.0,2610,train,1626.1995064193418,1.0,0.2,"(5, 2)",undefined
88.0,40.0,2611,train,1626.1995064193418,1.0,0.2,"(5, 2)",undefined
88.0,40.0,2612,train,1626.1995064193418,1.0,0.2,"(5, 2)",undefined
88.0,40.0,2613,train,1626.1995064193418,1.0,0.2,"(5, 2)",undefined
88.0,40.0,2614,train,1626.1995064193418,1.0,0.2,"(5, 2)",undefined
88.0,40.0,2615,train,1626.1995064193418,1.0,0.2,"(5, 2)",undefined
88.0,40.0,2616,train,1626.1995064193418,1.0,0.2,"(5, 2)",undefined
88.0,40.0,2617,train,1626.1995064193418,1.0,0.2,"(5, 2)",undefined
88.0,40.0,2618,train,1626.1995064193418,1.0,0.2,"(5, 2)",undefined
88.0,40.0,2619,train,1626.1995064193418,1.0,0.2,"(5, 2)",undefined
88.0,40.0,2620,train,1626.1995064193418,1.0,0.2,"(5, 2)",undefined
88.0,40.0,2621,train,1626.1995064193418,1.0,0.2,"(5, 2)",undefined
88.0,40.0,2622,train,1626.1995064193418,1.0,0.2,"(5, 2)",undefined
88.0,40.0,2623,train,1626.1995064193418,1.0,0.2,"(5, 2)",undefined
88.0,38.749999999999716,2624,train,1627.449506419342,1.0,0.2,"(5, 2)",undefined
88.0,37.49999999999943,2625,train,1628.6995064193422,1.0,0.2,"(5, 2)",undefined
88.0,36.24999999999915,2626,train,1629.9495064193425,1.0,0.2,"(5, 2)",undefined
88.0,34.99999999999886,2627,train,1631.1995064193427,1.0,0.2,"(5, 2)",undefined
88.0,33.74999999999858,2628,train,1632.449506419343,1.0,0.2,"(5, 2)",undefined
88.0,32.499999999998295,2629,train,1633.6995064193432,1.0,0.2,"(5, 2)",undefined
88.0,31.249999999998227,2630,train,1634.9495064193432,1.0,0.2,"(5, 2)",undefined
88.0,29.9999999999983,2631,train,1636.1995064193432,1.0,0.2,"(5, 2)",undefined
88.0,28.74999999999837,2632,train,1637.4495064193432,1.0,0.2,"(5, 2)",undefined
88.0,27.49999999999844,2633,train,1638.6995064193432,1.0,0.2,"(5, 2)",undefined
88.0,26.24999999999851,2634,train,1639.9495064193432,1.0,0.2,"(5, 2)",undefined
88.0,24.999999999998582,2635,train,1641.1995064193432,1.0,0.2,"(5, 2)",undefined
88.0,24.0,2636,train,1642.1995064193418,1.0,0.2,"(5, 2)",undefined
88.0,24.0,2637,train,1642.1995064193418,1.0,0.2,"(5, 2)",undefined
88.0,24.0,2638,train,1642.1995064193418,1.0,0.2,"(5, 2)",undefined
88.0,24.0,2639,train,1642.1995064193418,1.0,0.2,"(5, 2)",undefined
88.0,24.0,2640,train,1642.1995064193418,1.0,0.2,"(5, 2)",undefined
88.0,24.0,2641,train,1642.1995064193418,1.0,0.2,"(5, 2)",undefined
88.0,24.0,2642,train,1642.1995064193418,1.0,0.2,"(5, 2)",undefined
88.0,24.0,2643,train,1642.1995064193418,1.0,0.2,"(5, 2)",undefined
88.0,24.0,2644,train,1642.1995064193418,1.0,0.2,"(5, 2)",undefined
88.0,24.0,2645,train,1642.1995064193418,1.0,0.2,"(5, 2)",undefined
88.0,24.0,2646,train,1642.1995064193418,1.0,0.2,"(5, 2)",undefined
88.0,24.0,2647,train,1642.1995064193418,1.0,0.2,"(5, 2)",undefined
88.0,24.0,2648,train,1642.1995064193418,1.0,0.2,"(5, 2)",undefined
88.0,24.0,2649,train,1642.1995064193418,1.0,0.2,"(5, 2)",undefined
88.0,24.0,2650,train,1642.1995064193418,1.0,0.2,"(5, 2)",undefined
88.0,24.0,2651,train,1642.1995064193418,1.0,0.2,"(5, 2)",undefined
88.0,24.0,2652,train,1642.1995064193418,1.0,0.2,"(5, 2)",undefined
88.0,24.0,2653,train,1642.1995064193418,1.0,0.2,"(5, 2)",undefined
88.0,24.0,2654,train,1642.1995064193418,1.0,0.2,"(5, 2)",undefined
88.0,24.0,2655,train,1642.1995064193418,1.0,0.2,"(5, 2)",undefined
88.0,24.0,2656,train,1642.1995064193418,1.0,0.2,"(5, 2)",undefined
88.0,24.0,2657,train,1642.1995064193418,1.0,0.2,"(5, 2)",undefined
88.0,24.0,2658,train,1642.1995064193418,1.0,0.2,"(5, 2)",undefined
88.0,24.0,2659,train,1642.1995064193418,1.0,0.2,"(5, 2)",undefined
86.74999999999972,24.0,2660,train,1643.449506419342,1.0,0.2,"(5, 2)",undefined
85.49999999999943,24.0,2661,train,1644.6995064193422,1.0,0.2,"(5, 2)",undefined
84.24999999999915,24.0,2662,train,1645.9495064193425,1.0,0.2,"(5, 2)",undefined
82.99999999999886,24.0,2663,train,1647.1995064193427,1.0,0.2,"(5, 2)",undefined
81.74999999999858,24.0,2664,train,1648.449506419343,1.0,0.2,"(5, 2)",undefined
80.4999999999983,24.0,2665,train,1649.6995064193432,1.0,0.2,"(5, 2)",undefined
79.24999999999801,24.0,2666,train,1650.9495064193434,1.0,0.2,"(5, 2)",undefined
77.99999999999773,24.0,2667,train,1652.1995064193436,1.0,0.2,"(5, 2)",undefined
76.74999999999744,24.0,2668,train,1653.4495064193438,1.0,0.2,"(5, 2)",undefined
75.49999999999716,24.0,2669,train,1654.699506419344,1.0,0.2,"(5, 2)",undefined
74.24999999999687,24.0,2670,train,1655.9495064193443,1.0,0.2,"(5, 2)",undefined
72.99999999999659,24.0,2671,train,1657.1995064193445,1.0,0.2,"(5, 2)",undefined
71.87983173883686,24.31621556657754,2672,train,1658.3634519583863,1.0,0.2,"(5, 2)",undefined
70.9904754578381,25.19459214040404,2673,train,1659.613451958386,1.0,0.2,"(5, 2)",undefined
70.10111917683935,26.07296871423054,2674,train,1660.8634519583854,1.0,0.2,"(5, 2)",undefined
69.2117628958406,26.95134528805704,2675,train,1662.113451958385,1.0,0.2,"(5, 2)",undefined
68.32240661484184,27.82972186188354,2676,train,1663.3634519583845,1.0,0.2,"(5, 2)",undefined
67.43305033384308,28.708098435710042,2677,train,1664.613451958384,1.0,0.2,"(5, 2)",undefined
66.54369405284433,29.586475009536542,2678,train,1665.8634519583836,1.0,0.2,"(5, 2)",undefined
65.65433777184558,30.464851583363043,2679,train,1667.1134519583832,1.0,0.2,"(5, 2)",undefined
64.76498149084682,31.343228157189543,2680,train,1668.3634519583827,1.0,0.2,"(5, 2)",undefined
63.87562520984797,32.22160473101604,2681,train,1669.6134519583825,1.0,0.2,"(5, 2)",undefined
62.9862689288485,33.099981304842544,2682,train,1670.8634519583827,1.0,0.2,"(5, 2)",undefined
62.09691264784904,33.978357878669044,2683,train,1672.113451958383,1.0,0.2,"(5, 2)",undefined
61.20755636684957,34.856734452495544,2684,train,1673.3634519583832,1.0,0.2,"(5, 2)",undefined
60.31820008585011,35.735111026322045,2685,train,1674.6134519583834,1.0,0.2,"(5, 2)",undefined
59.42884380485064,36.613487600148545,2686,train,1675.8634519583836,1.0,0.2,"(5, 2)",undefined
58.53948752385118,37.491864173975046,2687,train,1677.1134519583838,1.0,0.2,"(5, 2)",undefined
57.650131242851714,38.370240747801546,2688,train,1678.363451958384,1.0,0.2,"(5, 2)",undefined
56.76077496185225,39.24861732162794,2689,train,1679.613451958384,1.0,0.2,"(5, 2)",undefined
56.0,40.0,2690,train,1680.682729505113,1.0,0.2,"(5, 2)",undefined
56.0,40.0,2691,train,1680.682729505113,1.0,0.2,"(5, 2)",undefined
56.0,40.0,2692,train,1680.682729505113,1.0,0.2,"(5, 2)",undefined
56.0,40.0,2693,train,1680.682729505113,1.0,0.2,"(5, 2)",undefined
56.0,40.0,2694,train,1680.682729505113,1.0,0.2,"(5, 2)",undefined
56.0,40.0,2695,train,1680.682729505113,1.0,0.2,"(5, 2)",undefined
56.0,40.0,2696,train,1680.682729505113,1.0,0.2,"(5, 2)",undefined
56.0,40.0,2697,train,1680.682729505113,1.0,0.2,"(5, 2)",undefined
56.0,40.0,2698,train,1680.682729505113,1.0,0.2,"(5, 2)",undefined
56.0,40.0,2699,train,1680.682729505113,1.0,0.2,"(5, 2)",undefined
56.0,40.0,2700,train,1680.682729505113,1.0,0.2,"(5, 2)",undefined
56.0,40.0,2701,train,1680.682729505113,1.0,0.2,"(5, 2)",undefined
56.0,40.0,2702,train,1680.682729505113,1.0,0.2,"(5, 2)",undefined
56.0,40.0,2703,train,1680.682729505113,1.0,0.2,"(5, 2)",undefined
56.0,40.0,2704,train,1680.682729505113,1.0,0.2,"(5, 2)",undefined
56.0,40.0,2705,train,1680.682729505113,1.0,0.2,"(5, 2)",undefined
56.0,40.0,2706,train,1680.682729505113,1.0,0.2,"(5, 2)",undefined
56.0,40.0,2707,train,1680.682729505113,1.0,0.2,"(5, 2)",undefined
56.0,40.0,2708,train,1680.682729505113,1.0,0.2,"(5, 2)",undefined
56.0,40.0,2709,train,1680.682729505113,1.0,0.2,"(5, 2)",undefined
56.0,40.0,2710,train,1680.682729505113,1.0,0.2,"(5, 2)",undefined
56.0,40.0,2711,train,1680.682729505113,1.0,0.2,"(5, 2)",undefined
56.0,40.0,2712,train,1680.682729505113,1.0,0.2,"(5, 2)",undefined
56.0,40.0,2713,train,1680.682729505113,1.0,0.2,"(5, 2)",undefined
56.0,40.0,2714,train,1680.682729505113,1.0,0.2,"(5, 2)",undefined
56.0,40.0,2715,train,1680.682729505113,1.0,0.2,"(5, 2)",undefined
56.0,40.0,2716,train,1680.682729505113,1.0,0.2,"(5, 2)",undefined
56.0,40.0,2717,train,1680.682729505113,1.0,0.2,"(5, 2)",undefined
56.0,40.0,2718,train,1680.682729505113,1.0,0.2,"(5, 2)",undefined
56.0,40.0,2719,train,1680.682729505113,1.0,0.2,"(5, 2)",undefined
56.0,40.0,2720,train,1680.682729505113,1.0,0.2,"(5, 2)",undefined
56.0,40.0,2721,train,1680.682729505113,1.0,0.2,"(5, 2)",undefined
56.0,40.0,2722,train,1680.682729505113,1.0,0.2,"(5, 2)",undefined
56.0,40.0,2723,train,1680.682729505113,1.0,0.2,"(5, 2)",undefined
56.0,40.0,2724,train,1680.682729505113,1.0,0.2,"(5, 2)",undefined
56.0,40.0,2725,train,1680.682729505113,1.0,0.2,"(5, 2)",undefined
56.0,40.0,2726,train,1680.682729505113,1.0,0.2,"(5, 2)",undefined
56.0,40.0,2727,train,1680.682729505113,1.0,0.2,"(5, 2)",undefined
56.0,40.0,2728,train,1680.682729505113,1.0,0.2,"(5, 2)",undefined
56.0,40.0,2729,train,1680.682729505113,1.0,0.2,"(5, 2)",undefined
56.0,40.0,2730,train,1680.682729505113,1.0,0.2,"(5, 2)",undefined
56.0,40.0,2731,train,1680.682729505113,1.0,0.2,"(5, 2)",undefined
56.0,40.0,2732,train,1680.682729505113,1.0,0.2,"(5, 2)",undefined
56.0,40.0,2733,train,1680.682729505113,1.0,0.2,"(5, 2)",undefined
56.0,40.0,2734,train,1680.682729505113,1.0,0.2,"(5, 2)",undefined
56.0,40.0,2735,train,1680.682729505113,1.0,0.2,"(5, 2)",undefined
56.0,40.0,2736,train,1680.682729505113,1.0,0.2,"(5, 2)",undefined
56.0,40.0,2737,train,1680.682729505113,1.0,0.2,"(5, 2)",undefined
56.0,40.0,2738,train,1680.682729505113,1.0,0.2,"(5, 2)",undefined
56.0,40.0,2739,train,1680.682729505113,1.0,0.2,"(5, 2)",undefined
56.0,40.0,2740,train,1680.682729505113,1.0,0.2,"(5, 2)",undefined
56.0,40.0,2741,train,1680.682729505113,1.0,0.2,"(5, 2)",undefined
56.0,40.0,2742,train,1680.682729505113,1.0,0.2,"(5, 2)",undefined
56.0,40.0,2743,train,1680.682729505113,1.0,0.2,"(5, 2)",undefined
56.0,40.0,2744,train,1680.682729505113,1.0,0.2,"(5, 2)",undefined
56.0,40.0,2745,train,1680.682729505113,1.0,0.2,"(5, 2)",undefined
56.0,40.0,2746,train,1680.682729505113,1.0,0.2,"(5, 2)",undefined
56.0,40.0,2747,train,1680.682729505113,1.0,0.2,"(5, 2)",undefined
56.0,40.0,2748,train,1680.682729505113,1.0,0.2,"(5, 2)",undefined
56.0,40.0,2749,train,1680.682729505113,1.0,0.2,"(5, 2)",undefined
56.0,40.0,2750,train,1680.682729505113,1.0,0.2,"(5, 2)",undefined
56.0,40.0,2751,train,1680.682729505113,1.0,0.2,"(5, 2)",undefined
56.0,40.0,2752,train,1680.682729505113,1.0,0.2,"(5, 2)",undefined
56.0,40.0,2753,train,1680.682729505113,1.0,0.2,"(5, 2)",undefined
56.0,40.0,2754,train,1680.682729505113,1.0,0.2,"(5, 2)",undefined
56.0,40.0,2755,train,1680.682729505113,1.0,0.2,"(5, 2)",undefined
56.0,40.0,2756,train,1680.682729505113,1.0,0.2,"(5, 2)",undefined
56.0,40.0,2757,train,1680.682729505113,1.0,0.2,"(5, 2)",undefined
56.0,40.0,2758,train,1680.682729505113,1.0,0.2,"(5, 2)",undefined
56.0,40.0,2759,train,1680.682729505113,1.0,0.2,"(5, 2)",undefined
56.0,40.0,2760,train,1680.682729505113,1.0,0.2,"(5, 2)",undefined
56.0,40.0,2761,train,1680.682729505113,1.0,0.2,"(5, 2)",undefined
57.250000000000284,40.0,2762,train,1681.9327295051132,1.0,0.2,"(5, 2)",undefined
58.50000000000057,40.0,2763,train,1683.1827295051135,1.0,0.2,"(5, 2)",undefined
59.75000000000085,40.0,2764,train,1684.4327295051137,1.0,0.2,"(5, 2)",undefined
61.00000000000114,40.0,2765,train,1685.682729505114,1.0,0.2,"(5, 2)",undefined
62.25000000000142,40.0,2766,train,1686.9327295051141,1.0,0.2,"(5, 2)",undefined
63.500000000001705,40.0,2767,train,1688.1827295051144,1.0,0.2,"(5, 2)",undefined
64.75000000000199,40.0,2768,train,1689.4327295051146,1.0,0.2,"(5, 2)",undefined
66.00000000000227,40.0,2769,train,1690.6827295051148,1.0,0.2,"(5, 2)",undefined
67.25000000000256,40.0,2770,train,1691.932729505115,1.0,0.2,"(5, 2)",undefined
68.50000000000284,40.0,2771,train,1693.1827295051153,1.0,0.2,"(5, 2)",undefined
69.75000000000313,40.0,2772,train,1694.4327295051155,1.0,0.2,"(5, 2)",undefined
71.00000000000341,40.0,2773,train,1695.6827295051157,1.0,0.2,"(5, 2)",undefined
72.12016826116314,39.68378443342246,2774,train,1696.8466750441576,1.0,0.2,"(5, 2)",undefined
73.0095245421619,38.80540785959596,2775,train,1698.096675044157,1.0,0.2,"(5, 2)",undefined
73.89888082316065,37.92703128576946,2776,train,1699.3466750441567,1.0,0.2,"(5, 2)",undefined
74.7882371041594,37.04865471194296,2777,train,1700.5966750441562,1.0,0.2,"(5, 2)",undefined
75.67759338515816,36.17027813811646,2778,train,1701.8466750441557,1.0,0.2,"(5, 2)",undefined
76.56694966615692,35.29190156428996,2779,train,1703.0966750441553,1.0,0.2,"(5, 2)",undefined
77.45630594715567,34.41352499046346,2780,train,1704.3466750441548,1.0,0.2,"(5, 2)",undefined
78.34566222815442,33.53514841663696,2781,train,1705.5966750441544,1.0,0.2,"(5, 2)",undefined
79.23501850915318,32.65677184281046,2782,train,1706.846675044154,1.0,0.2,"(5, 2)",undefined
80.12437479015193,31.778395268983957,2783,train,1708.0966750441535,1.0,0.2,"(5, 2)",undefined
81.01373107115069,30.900018695157552,2784,train,1709.346675044153,1.0,0.2,"(5, 2)",undefined
81.90308735214953,30.021642121331407,2785,train,1710.5966750441526,1.0,0.2,"(5, 2)",undefined
82.79244363314886,29.143265547505262,2786,train,1711.8466750441523,1.0,0.2,"(5, 2)",undefined
83.68179991414819,28.264888973679117,2787,train,1713.096675044152,1.0,0.2,"(5, 2)",undefined
84.57115619514751,27.386512399852972,2788,train,1714.3466750441519,1.0,0.2,"(5, 2)",undefined
85.46051247614683,26.508135826026827,2789,train,1715.5966750441517,1.0,0.2,"(5, 2)",undefined
86.34986875714615,25.62975925220068,2790,train,1716.8466750441514,1.0,0.2,"(5, 2)",undefined
87.23922503814548,24.751382678374537,2791,train,1718.0966750441512,1.0,0.2,"(5, 2)",undefined
88.0,24.0,2792,train,1719.1659525908835,1.0,0.2,"(5, 2)",undefined
88.0,24.0,2793,train,1719.1659525908835,1.0,0.2,"(5, 2)",undefined
88.0,24.0,2794,train,1719.1659525908835,1.0,0.2,"(5, 2)",undefined
88.0,24.0,2795,train,1719.1659525908835,1.0,0.2,"(5, 2)",undefined
88.0,24.0,2796,train,1719.1659525908835,1.0,0.2,"(5, 2)",undefined
88.0,24.0,2797,train,1719.1659525908835,1.0,0.2,"(5, 2)",undefined
88.0,24.0,2798,train,1719.1659525908835,1.0,0.2,"(5, 2)",undefined
88.0,24.0,2799,train,1719.1659525908835,1.0,0.2,"(5, 2)",undefined
88.0,24.0,2800,train,1719.1659525908835,1.0,0.2,"(5, 2)",undefined
88.0,24.0,2801,train,1719.1659525908835,1.0,0.2,"(5, 2)",undefined
88.0,24.0,2802,train,1719.1659525908835,1.0,0.2,"(5, 2)",undefined
88.0,24.0,2803,train,1719.1659525908835,1.0,0.2,"(5, 2)",undefined
88.0,24.0,2804,train,1719.1659525908835,1.0,0.2,"(5, 2)",undefined
88.0,24.0,2805,train,1719.1659525908835,1.0,0.2,"(5, 2)",undefined
88.0,24.0,2806,train,1719.1659525908835,1.0,0.2,"(5, 2)",undefined
88.0,24.0,2807,train,1719.1659525908835,1.0,0.2,"(5, 2)",undefined
86.74999999999972,24.0,2808,train,1720.4159525908838,1.0,0.2,"(5, 2)",undefined
85.49999999999943,24.0,2809,train,1721.665952590884,1.0,0.2,"(5, 2)",undefined
84.24999999999915,24.0,2810,train,1722.9159525908842,1.0,0.2,"(5, 2)",undefined
82.99999999999886,24.0,2811,train,1724.1659525908844,1.0,0.2,"(5, 2)",undefined
81.74999999999858,24.0,2812,train,1725.4159525908847,1.0,0.2,"(5, 2)",undefined
80.4999999999983,24.0,2813,train,1726.665952590885,1.0,0.2,"(5, 2)",undefined
79.24999999999801,24.0,2814,train,1727.9159525908851,1.0,0.2,"(5, 2)",undefined
77.99999999999773,24.0,2815,train,1729.1659525908854,1.0,0.2,"(5, 2)",undefined
76.74999999999744,24.0,2816,train,1730.4159525908856,1.0,0.2,"(5, 2)",undefined
75.49999999999716,24.0,2817,train,1731.6659525908858,1.0,0.2,"(5, 2)",undefined
74.24999999999687,24.0,2818,train,1732.915952590886,1.0,0.2,"(5, 2)",undefined
72.99999999999659,24.0,2819,train,1734.1659525908863,1.0,0.2,"(5, 2)",undefined
71.87983173883686,24.31621556657754,2820,train,1735.329898129928,1.0,0.2,"(5, 2)",undefined
70.9904754578381,25.19459214040404,2821,train,1736.5798981299276,1.0,0.2,"(5, 2)",undefined
70.10111917683935,26.07296871423054,2822,train,1737.8298981299272,1.0,0.2,"(5, 2)",undefined
69.2117628958406,26.95134528805704,2823,train,1739.0798981299267,1.0,0.2,"(5, 2)",undefined
68.32240661484184,27.82972186188354,2824,train,1740.3298981299263,1.0,0.2,"(5, 2)",undefined
67.43305033384308,28.708098435710042,2825,train,1741.5798981299258,1.0,0.2,"(5, 2)",undefined
66.54369405284433,29.586475009536542,2826,train,1742.8298981299254,1.0,0.2,"(5, 2)",undefined
65.65433777184558,30.464851583363043,2827,train,1744.079898129925,1.0,0.2,"(5, 2)",undefined
64.76498149084682,31.343228157189543,2828,train,1745.3298981299245,1.0,0.2,"(5, 2)",undefined
63.87562520984797,32.22160473101604,2829,train,1746.5798981299242,1.0,0.2,"(5, 2)",undefined
62.9862689288485,33.099981304842544,2830,train,1747.8298981299245,1.0,0.2,"(5, 2)",undefined
62.09691264784904,33.978357878669044,2831,train,1749.0798981299247,1.0,0.2,"(5, 2)",undefined
61.20755636684957,34.856734452495544,2832,train,1750.329898129925,1.0,0.2,"(5, 2)",undefined
60.31820008585011,35.735111026322045,2833,train,1751.5798981299251,1.0,0.2,"(5, 2)",undefined
59.42884380485064,36.613487600148545,2834,train,1752.8298981299254,1.0,0.2,"(5, 2)",undefined
58.53948752385118,37.491864173975046,2835,train,1754.0798981299256,1.0,0.2,"(5, 2)",undefined
57.650131242851714,38.370240747801546,2836,train,1755.3298981299258,1.0,0.2,"(5, 2)",undefined
56.76077496185225,39.24861732162794,2837,train,1756.5798981299258,1.0,0.2,"(5, 2)",undefined
56.0,40.0,2838,train,1757.6491756766547,1.0,0.2,"(5, 2)",undefined
56.0,40.0,2839,train,1757.6491756766547,1.0,0.2,"(5, 2)",undefined
56.0,40.0,2840,train,1757.6491756766547,1.0,0.2,"(5, 2)",undefined
56.0,40.0,2841,train,1757.6491756766547,1.0,0.2,"(5, 2)",undefined
56.0,40.0,2842,train,1757.6491756766547,1.0,0.2,"(5, 2)",undefined
56.0,40.0,2843,train,1757.6491756766547,1.0,0.2,"(5, 2)",undefined
56.0,40.0,2844,train,1757.6491756766547,1.0,0.2,"(5, 2)",undefined
56.0,40.0,2845,train,1757.6491756766547,1.0,0.2,"(5, 2)",undefined
56.0,40.0,2846,train,1757.6491756766547,1.0,0.2,"(5, 2)",undefined
56.0,40.0,2847,train,1757.6491756766547,1.0,0.2,"(5, 2)",undefined
56.0,40.0,2848,train,1757.6491756766547,1.0,0.2,"(5, 2)",undefined
56.0,40.0,2849,train,1757.6491756766547,1.0,0.2,"(5, 2)",undefined
56.0,40.0,2850,train,1757.6491756766547,1.0,0.2,"(5, 2)",undefined
56.0,40.0,2851,train,1757.6491756766547,1.0,0.2,"(5, 2)",undefined
56.0,40.0,2852,train,1757.6491756766547,1.0,0.2,"(5, 2)",undefined
56.0,40.0,2853,train,1757.6491756766547,1.0,0.2,"(5, 2)",undefined
56.0,40.0,2854,train,1757.6491756766547,1.0,0.2,"(5, 2)",undefined
56.0,40.0,2855,train,1757.6491756766547,1.0,0.2,"(5, 2)",undefined
56.0,40.0,2856,train,1757.6491756766547,1.0,0.2,"(5, 2)",undefined
56.0,40.0,2857,train,1757.6491756766547,1.0,0.2,"(5, 2)",undefined
56.0,40.0,2858,train,1757.6491756766547,1.0,0.2,"(5, 2)",undefined
56.0,40.0,2859,train,1757.6491756766547,1.0,0.2,"(5, 2)",undefined
56.0,40.0,2860,train,1757.6491756766547,1.0,0.2,"(5, 2)",undefined
56.0,40.0,2861,train,1757.6491756766547,1.0,0.2,"(5, 2)",undefined
56.0,40.0,2862,train,1757.6491756766547,1.0,0.2,"(5, 2)",undefined
56.0,40.0,2863,train,1757.6491756766547,1.0,0.2,"(5, 2)",undefined
57.250000000000284,40.0,2864,train,1758.899175676655,1.0,0.2,"(5, 2)",undefined
58.50000000000057,40.0,2865,train,1760.1491756766552,1.0,0.2,"(5, 2)",undefined
59.75000000000085,40.0,2866,train,1761.3991756766554,1.0,0.2,"(5, 2)",undefined
61.00000000000114,40.0,2867,train,1762.6491756766557,1.0,0.2,"(5, 2)",undefined
62.25000000000142,40.0,2868,train,1763.899175676656,1.0,0.2,"(5, 2)",undefined
63.500000000001705,40.0,2869,train,1765.1491756766561,1.0,0.2,"(5, 2)",undefined
64.75000000000199,40.0,2870,train,1766.3991756766563,1.0,0.2,"(5, 2)",undefined
66.00000000000227,40.0,2871,train,1767.6491756766566,1.0,0.2,"(5, 2)",undefined
67.25000000000256,40.0,2872,train,1768.8991756766568,1.0,0.2,"(5, 2)",undefined
68.50000000000284,40.0,2873,train,1770.149175676657,1.0,0.2,"(5, 2)",undefined
69.75000000000313,40.0,2874,train,1771.3991756766573,1.0,0.2,"(5, 2)",undefined
71.00000000000341,40.0,2875,train,1772.6491756766575,1.0,0.2,"(5, 2)",undefined
72.2500000000037,40.0,2876,train,1773.8991756766577,1.0,0.2,"(5, 2)",undefined
73.50000000000398,40.0,2877,train,1775.149175676658,1.0,0.2,"(5, 2)",undefined
74.75000000000426,40.0,2878,train,1776.3991756766582,1.0,0.2,"(5, 2)",undefined
76.00000000000455,40.0,2879,train,1777.6491756766584,1.0,0.2,"(5, 2)",undefined
88.0,40.0,2880,ready,1789.6491756766538,1.0,0.2,"(5, 2)",undefined
88.0,40.0,2881,ready,1789.6491756766538,1.0,0.2,"(5, 2)",undefined
88.0,40.0,2882,ready,1789.6491756766538,1.0,0.2,"(5, 2)",undefined
88.0,40.0,2883,ready,1789.6491756766538,1.0,0.2,"(5, 2)",undefined
88.0,40.0,2884,ready,1789.6491756766538,1.0,0.2,"(5, 2)",undefined
88.0,40.0,2885,ready,1789.6491756766538,1.0,0.2,"(5, 2)",undefined
88.0,40.0,2886,ready,1789.6491756766538,1.0,0.2,"(5, 2)",undefined
88.0,40.0,2887,ready,1789.6491756766538,1.0,0.2,"(5, 2)",undefined
88.0,40.0,2888,ready,1789.6491756766538,1.0,0.2,"(5, 2)",undefined
88.0,40.0,2889,ready,1789.6491756766538,1.0,0.2,"(5, 2)",undefined
88.0,40.0,2890,ready,1789.6491756766538,1.0,0.2,"(5, 2)",undefined
88.0,40.0,2891,ready,1789.6491756766538,1.0,0.2,"(5, 2)",undefined
88.0,40.0,2892,ready,1789.6491756766538,1.0,0.2,"(5, 2)",undefined
88.0,40.0,2893,ready,1789.6491756766538,1.0,0.2,"(5, 2)",undefined
88.0,40.0,2894,ready,1789.6491756766538,1.0,0.2,"(5, 2)",undefined
88.0,40.0,2895,ready,1789.6491756766538,1.0,0.2,"(5, 2)",undefined
88.0,40.0,2896,ready,1789.6491756766538,1.0,0.2,"(5, 2)",undefined
88.0,40.0,2897,ready,1789.6491756766538,1.0,0.2,"(5, 2)",undefined
88.0,40.0,2898,ready,1789.6491756766538,1.0,0.2,"(5, 2)",undefined
88.0,40.0,2899,ready,1789.6491756766538,1.0,0.2,"(5, 2)",undefined
88.0,40.0,2900,ready,1789.6491756766538,1.0,0.2,"(5, 2)",undefined
88.0,40.0,2901,ready,1789.6491756766538,1.0,0.2,"(5, 2)",undefined
88.0,40.0,2902,ready,1789.6491756766538,1.0,0.2,"(5, 2)",undefined
88.0,40.0,2903,ready,1789.6491756766538,1.0,0.2,"(5, 2)",undefined
88.0,40.0,2904,ready,1789.6491756766538,1.0,0.2,"(5, 2)",undefined
88.0,40.0,2905,ready,1789.6491756766538,1.0,0.2,"(5, 2)",undefined
88.0,40.0,2906,ready,1789.6491756766538,1.0,0.2,"(5, 2)",undefined
88.0,40.0,2907,ready,1789.6491756766538,1.0,0.2,"(5, 2)",undefined
88.0,40.0,2908,ready,1789.6491756766538,1.0,0.2,"(5, 2)",undefined
88.0,40.0,2909,ready,1789.6491756766538,1.0,0.2,"(5, 2)",undefined
88.0,40.0,2910,ready,1789.6491756766538,1.0,0.2,"(5, 2)",undefined
88.0,40.0,2911,ready,1789.6491756766538,1.0,0.2,"(5, 2)",undefined
88.0,40.0,2912,ready,1789.6491756766538,1.0,0.2,"(5, 2)",undefined
88.0,40.0,2913,ready,1789.6491756766538,1.0,0.2,"(5, 2)",undefined
88.0,40.0,2914,ready,1789.6491756766538,1.0,0.2,"(5, 2)",undefined
88.0,40.0,2915,ready,1789.6491756766538,1.0,0.2,"(5, 2)",undefined
88.0,40.0,2916,ready,1789.6491756766538,1.0,0.2,"(5, 2)",undefined
88.0,40.0,2917,ready,1789.6491756766538,1.0,0.2,"(5, 2)",undefined
88.0,40.0,2918,ready,1789.6491756766538,1.0,0.2,"(5, 2)",undefined
88.0,40.0,2919,ready,1789.6491756766538,1.0,0.2,"(5, 2)",undefined
88.0,40.0,2920,ready,1789.6491756766538,1.0,0.2,"(5, 2)",undefined
88.0,40.0,2921,ready,1789.6491756766538,1.0,0.2,"(5, 2)",undefined
88.0,40.0,2922,ready,1789.6491756766538,1.0,0.2,"(5, 2)",undefined
88.0,40.0,2923,ready,1789.6491756766538,1.0,0.2,"(5, 2)",undefined
88.0,40.0,2924,ready,1789.6491756766538,1.0,0.2,"(5, 2)",undefined
88.0,40.0,2925,ready,1789.6491756766538,1.0,0.2,"(5, 2)",undefined
88.0,40.0,2926,ready,1789.6491756766538,1.0,0.2,"(5, 2)",undefined
88.0,40.0,2927,ready,1789.6491756766538,1.0,0.2,"(5, 2)",undefined
88.0,40.0,2928,ready,1789.6491756766538,1.0,0.2,"(5, 2)",undefined
88.0,40.0,2929,ready,1789.6491756766538,1.0,0.2,"(5, 2)",undefined
88.0,40.0,2930,ready,1789.6491756766538,1.0,0.2,"(5, 2)",undefined
88.0,40.0,2931,ready,1789.6491756766538,1.0,0.2,"(5, 2)",undefined
88.0,40.0,2932,ready,1789.6491756766538,1.0,0.2,"(5, 2)",undefined
88.0,40.0,2933,ready,1789.6491756766538,1.0,0.2,"(5, 2)",undefined
88.0,40.0,2934,ready,1789.6491756766538,1.0,0.2,"(5, 2)",undefined
88.0,40.0,2935,ready,1789.6491756766538,1.0,0.2,"(5, 2)",undefined
88.0,40.0,2936,ready,1789.6491756766538,1.0,0.2,"(5, 2)",undefined
88.0,40.0,2937,ready,1789.6491756766538,1.0,0.2,"(5, 2)",undefined
88.0,40.0,2938,ready,1789.6491756766538,1.0,0.2,"(5, 2)",undefined
88.0,40.0,2939,ready,1789.6491756766538,1.0,0.2,"(5, 2)",undefined
88.0,40.0,2940,ready,1789.6491756766538,1.0,0.2,"(5, 2)",undefined
88.0,40.0,2941,ready,1789.6491756766538,1.0,0.2,"(5, 2)",undefined
88.0,40.0,2942,ready,1789.6491756766538,1.0,0.2,"(5, 2)",undefined
88.0,40.0,2943,ready,1789.6491756766538,1.0,0.2,"(5, 2)",undefined
88.0,40.0,2944,ready,1789.6491756766538,1.0,0.2,"(5, 2)",undefined
88.0,40.0,2945,ready,1789.6491756766538,1.0,0.2,"(5, 2)",undefined
88.0,40.0,2946,ready,1789.6491756766538,1.0,0.2,"(5, 2)",undefined
88.0,40.0,2947,ready,1789.6491756766538,1.0,0.2,"(5, 2)",undefined
88.0,40.0,2948,ready,1789.6491756766538,1.0,0.2,"(5, 2)",undefined
88.0,40.0,2949,ready,1789.6491756766538,1.0,0.2,"(5, 2)",undefined
88.0,40.0,2950,ready,1789.6491756766538,1.0,0.2,"(5, 2)",undefined
88.0,40.0,2951,ready,1789.6491756766538,1.0,0.2,"(5, 2)",undefined
88.0,40.0,2952,ready,1789.6491756766538,1.0,0.2,"(5, 2)",undefined
88.0,40.0,2953,ready,1789.6491756766538,1.0,0.2,"(5, 2)",undefined
88.0,40.0,2954,ready,1789.6491756766538,1.0,0.2,"(5, 2)",undefined
88.0,40.0,2955,ready,1789.6491756766538,1.0,0.2,"(5, 2)",undefined
88.0,40.0,2956,ready,1789.6491756766538,1.0,0.2,"(5, 2)",undefined
88.0,40.0,2957,ready,1789.6491756766538,1.0,0.2,"(5, 2)",undefined
88.0,40.0,2958,ready,1789.6491756766538,1.0,0.2,"(5, 2)",undefined
88.0,40.0,2959,ready,1789.6491756766538,1.0,0.2,"(5, 2)",undefined
88.0,40.0,2960,ready,1789.6491756766538,1.0,0.2,"(5, 2)",undefined
88.0,40.0,2961,ready,1789.6491756766538,1.0,0.2,"(5, 2)",undefined
88.0,40.0,2962,ready,1789.6491756766538,1.0,0.2,"(5, 2)",undefined
88.0,40.0,2963,ready,1789.6491756766538,1.0,0.2,"(5, 2)",undefined
88.0,40.0,2964,ready,1789.6491756766538,1.0,0.2,"(5, 2)",undefined
88.0,40.0,2965,ready,1789.6491756766538,1.0,0.2,"(5, 2)",undefined
88.0,40.0,2966,ready,1789.6491756766538,1.0,0.2,"(5, 2)",undefined
88.0,40.0,2967,ready,1789.6491756766538,1.0,0.2,"(5, 2)",undefined
88.0,40.0,2968,ready,1789.6491756766538,1.0,0.2,"(5, 2)",undefined
88.0,40.0,2969,ready,1789.6491756766538,1.0,0.2,"(5, 2)",undefined
88.0,40.0,2970,ready,1789.6491756766538,1.0,0.2,"(5, 2)",undefined
88.0,40.0,2971,ready,1789.6491756766538,1.0,0.2,"(5, 2)",undefined
88.0,40.0,2972,ready,1789.6491756766538,1.0,0.2,"(5, 2)",undefined
88.0,40.0,2973,ready,1789.6491756766538,1.0,0.2,"(5, 2)",undefined
88.0,40.0,2974,ready,1789.6491756766538,1.0,0.2,"(5, 2)",undefined
88.0,40.0,2975,ready,1789.6491756766538,1.0,0.2,"(5, 2)",undefined
88.0,40.0,2976,ready,1789.6491756766538,1.0,0.2,"(5, 2)",undefined
88.0,40.0,2977,ready,1789.6491756766538,1.0,0.2,"(5, 2)",undefined
88.0,40.0,2978,ready,1789.6491756766538,1.0,0.2,"(5, 2)",undefined
88.0,40.0,2979,ready,1789.6491756766538,1.0,0.2,"(5, 2)",undefined
88.0,40.0,2980,ready,1789.6491756766538,1.0,0.2,"(5, 2)",undefined
88.0,40.0,2981,ready,1789.6491756766538,1.0,0.2,"(5, 2)",undefined
88.0,40.0,2982,ready,1789.6491756766538,1.0,0.2,"(5, 2)",undefined
88.0,40.0,2983,ready,1789.6491756766538,1.0,0.2,"(5, 2)",undefined
88.0,40.0,2984,ready,1789.6491756766538,1.0,0.2,"(5, 2)",undefined
88.0,40.0,2985,ready,1789.6491756766538,1.0,0.2,"(5, 2)",undefined
88.0,40.0,2986,ready,1789.6491756766538,1.0,0.2,"(5, 2)",undefined
88.0,40.0,2987,ready,1789.6491756766538,1.0,0.2,"(5, 2)",undefined
88.0,40.0,2988,ready,1789.6491756766538,1.0,0.2,"(5, 2)",undefined
88.0,40.0,2989,ready,1789.6491756766538,1.0,0.2,"(5, 2)",undefined
88.0,40.0,2990,ready,1789.6491756766538,1.0,0.2,"(5, 2)",undefined
88.0,40.0,2991,ready,1789.6491756766538,1.0,0.2,"(5, 2)",undefined
88.0,40.0,2992,ready,1789.6491756766538,1.0,0.2,"(5, 2)",undefined
88.0,40.0,2993,ready,1789.6491756766538,1.0,0.2,"(5, 2)",undefined
88.0,40.0,2994,ready,1789.6491756766538,1.0,0.2,"(5, 2)",undefined
88.0,40.0,2995,ready,1789.6491756766538,1.0,0.2,"(5, 2)",undefined
88.0,40.0,2996,ready,1789.6491756766538,1.0,0.2,"(5, 2)",undefined
88.0,40.0,2997,ready,1789.6491756766538,1.0,0.2,"(5, 2)",undefined
88.0,40.0,2998,ready,1789.6491756766538,1.0,0.2,"(5, 2)",undefined
88.0,40.0,2999,ready,1789.6491756766538,1.0,0.2,"(5, 2)",undefined
88.0,40.0,3000,test,1789.6491756766538,1.0,0.2,"(5, 2)",undefined
88.0,40.0,3001,test,1789.6491756766538,1.0,0.2,"(5, 2)",undefined
88.0,40.0,3002,test,1789.6491756766538,1.0,0.2,"(5, 2)",undefined
88.0,40.0,3003,test,1789.6491756766538,1.0,0.2,"(5, 2)",undefined
88.0,40.0,3004,test,1789.6491756766538,1.0,0.2,"(5, 2)",undefined
88.0,40.0,3005,test,1789.6491756766538,1.0,0.2,"(5, 2)",undefined
88.0,40.0,3006,test,1789.6491756766538,1.0,0.2,"(5, 2)",undefined
88.0,40.0,3007,test,1789.6491756766538,1.0,0.2,"(5, 2)",undefined
88.0,40.0,3008,test,1789.6491756766538,1.0,0.2,"(5, 2)",undefined
88.0,40.0,3009,test,1789.6491756766538,1.0,0.2,"(5, 2)",undefined
88.0,40.0,3010,test,1789.6491756766538,1.0,0.2,"(5, 2)",undefined
88.0,40.0,3011,test,1789.6491756766538,1.0,0.2,"(5, 2)",undefined
88.0,40.0,3012,test,1789.6491756766538,1.0,0.2,"(5, 2)",undefined
88.0,40.0,3013,test,1789.6491756766538,1.0,0.2,"(5, 2)",undefined
88.0,40.0,3014,test,1789.6491756766538,1.0,0.2,"(5, 2)",undefined
88.0,40.0,3015,test,1789.6491756766538,1.0,0.2,"(5, 2)",undefined
88.0,40.0,3016,test,1789.6491756766538,1.0,0.2,"(5, 2)",undefined
88.0,40.0,3017,test,1789.6491756766538,1.0,0.2,"(5, 2)",undefined
88.0,40.0,3018,test,1789.6491756766538,1.0,0.2,"(5, 2)",undefined
88.0,40.0,3019,test,1789.6491756766538,1.0,0.2,"(5, 2)",undefined
88.0,40.0,3020,test,1789.6491756766538,1.0,0.2,"(5, 2)",undefined
88.0,40.0,3021,test,1789.6491756766538,1.0,0.2,"(5, 2)",undefined
88.0,40.0,3022,test,1789.6491756766538,1.0,0.2,"(5, 2)",undefined
88.0,40.0,3023,test,1789.6491756766538,1.0,0.2,"(5, 2)",undefined
88.0,40.0,3024,test,1789.6491756766538,1.0,0.2,"(5, 2)",undefined
88.0,40.0,3025,test,1789.6491756766538,1.0,0.2,"(5, 2)",undefined
88.0,40.0,3026,test,1789.6491756766538,1.0,0.2,"(5, 2)",undefined
88.0,40.0,3027,test,1789.6491756766538,1.0,0.2,"(5, 2)",undefined
88.0,40.0,3028,test,1789.6491756766538,1.0,0.2,"(5, 2)",undefined
88.0,40.0,3029,test,1789.6491756766538,1.0,0.2,"(5, 2)",undefined
88.0,40.0,3030,test,1789.6491756766538,1.0,0.2,"(5, 2)",undefined
88.0,40.0,3031,test,1789.6491756766538,1.0,0.2,"(5, 2)",undefined
88.0,40.0,3032,test,1789.6491756766538,1.0,0.2,"(5, 2)",undefined
88.0,40.0,3033,test,1789.6491756766538,1.0,0.2,"(5, 2)",undefined
88.0,40.0,3034,test,1789.6491756766538,1.0,0.2,"(5, 2)",undefined
88.0,40.0,3035,test,1789.6491756766538,1.0,0.2,"(5, 2)",undefined
88.0,40.0,3036,test,1789.6491756766538,1.0,0.2,"(5, 2)",undefined
88.0,40.0,3037,test,1789.6491756766538,1.0,0.2,"(5, 2)",undefined
88.0,40.0,3038,test,1789.6491756766538,1.0,0.2,"(5, 2)",undefined
88.0,40.0,3039,test,1789.6491756766538,1.0,0.2,"(5, 2)",undefined
88.0,40.0,3040,test,1789.6491756766538,1.0,0.2,"(5, 2)",undefined
88.0,40.0,3041,test,1789.6491756766538,1.0,0.2,"(5, 2)",undefined
88.0,40.0,3042,test,1789.6491756766538,1.0,0.2,"(5, 2)",undefined
88.0,40.0,3043,test,1789.6491756766538,1.0,0.2,"(5, 2)",undefined
88.0,40.0,3044,test,1789.6491756766538,1.0,0.2,"(5, 2)",undefined
88.0,40.0,3045,test,1789.6491756766538,1.0,0.2,"(5, 2)",undefined
88.0,40.0,3046,test,1789.6491756766538,1.0,0.2,"(5, 2)",undefined
88.0,40.0,3047,test,1789.6491756766538,1.0,0.2,"(5, 2)",undefined
88.0,40.0,3048,test,1789.6491756766538,1.0,0.2,"(5, 2)",undefined
88.0,40.0,3049,test,1789.6491756766538,1.0,0.2,"(5, 2)",undefined
88.0,40.0,3050,test,1789.6491756766538,1.0,0.2,"(5, 2)",undefined
88.0,40.0,3051,test,1789.6491756766538,1.0,0.2,"(5, 2)",undefined
88.0,40.0,3052,test,1789.6491756766538,1.0,0.2,"(5, 2)",undefined
88.0,40.0,3053,test,1789.6491756766538,1.0,0.2,"(5, 2)",undefined
88.0,40.0,3054,test,1789.6491756766538,1.0,0.2,"(5, 2)",undefined
88.0,40.0,3055,test,1789.6491756766538,1.0,0.2,"(5, 2)",undefined
88.0,40.0,3056,test,1789.6491756766538,1.0,0.2,"(5, 2)",undefined
89.25000000000028,40.0,3057,test,1790.899175676654,1.0,0.2,"(5, 2)",undefined
90.50000000000057,40.0,3058,test,1792.1491756766543,1.0,0.2,"(5, 2)",undefined
91.75000000000085,40.0,3059,test,1793.3991756766545,1.0,0.2,"(5, 2)",undefined
93.00000000000114,40.0,3060,test,1794.6491756766547,1.0,0.2,"(5, 2)",undefined
94.25000000000142,40.0,3061,test,1795.899175676655,1.0,0.2,"(5, 2)",undefined
95.5000000000017,40.0,3062,test,1797.1491756766552,1.0,0.2,"(5, 2)",undefined
96.75000000000199,40.0,3063,test,1798.3991756766554,1.0,0.2,"(5, 2)",undefined
98.00000000000227,40.0,3064,test,1799.6491756766557,1.0,0.2,"(5, 2)",undefined
99.25000000000256,40.0,3065,test,1800.899175676656,1.0,0.2,"(5, 2)",undefined
100.50000000000284,40.0,3066,test,1802.1491756766561,1.0,0.2,"(5, 2)",undefined
101.75000000000313,40.0,3067,test,1803.3991756766563,1.0,0.2,"(5, 2)",undefined
103.00000000000341,40.0,3068,test,1804.6491756766566,1.0,0.2,"(5, 2)",undefined
104.2500000000037,40.0,3069,test,1805.8991756766568,1.0,0.2,"(5, 2)",undefined
105.50000000000398,40.0,3070,test,1807.149175676657,1.0,0.2,"(5, 2)",undefined
106.75000000000426,40.0,3071,test,1808.3991756766573,1.0,0.2,"(5, 2)",undefined
108.00000000000455,40.0,3072,test,1809.6491756766575,1.0,0.2,"(5, 2)",undefined
109.25000000000483,40.0,3073,test,1810.8991756766577,1.0,0.2,"(5, 2)",undefined
110.50000000000512,40.0,3074,test,1812.149175676658,1.0,0.2,"(5, 2)",undefined
111.7500000000054,40.0,3075,test,1813.3991756766582,1.0,0.2,"(5, 2)",undefined
113.00000000000568,40.0,3076,test,1814.6491756766584,1.0,0.2,"(5, 2)",undefined
114.25000000000597,40.0,3077,test,1815.8991756766586,1.0,0.2,"(5, 2)",undefined
115.50000000000625,40.0,3078,test,1817.1491756766588,1.0,0.2,"(5, 2)",undefined
116.75000000000654,40.0,3079,test,1818.399175676659,1.0,0.2,"(5, 2)",undefined
118.00000000000682,40.0,3080,test,1819.6491756766593,1.0,0.2,"(5, 2)",undefined
119.2500000000071,40.0,3081,test,1820.8991756766595,1.0,0.2,"(5, 2)",undefined
120.29803951736653,39.50810911865716,3082,test,1822.0569077134865,1.0,0.2,"(5, 2)",undefined
121.18739579836529,38.62973254483066,3083,test,1823.306907713486,1.0,0.2,"(5, 2)",undefined
122.07675207936404,37.75135597100416,3084,test,1824.5569077134855,1.0,0.2,"(5, 2)",undefined
122.9661083603628,36.87297939717766,3085,test,1825.806907713485,1.0,0.2,"(5, 2)",undefined
123.85546464136155,35.99460282335116,3086,test,1827.0569077134846,1.0,0.2,"(5, 2)",undefined
124.7448209223603,35.11622624952466,3087,test,1828.3069077134842,1.0,0.2,"(5, 2)",undefined
125.63417720335906,34.23784967569816,3088,test,1829.5569077134837,1.0,0.2,"(5, 2)",undefined
126.52353348435781,33.35947310187166,3089,test,1830.8069077134833,1.0,0.2,"(5, 2)",undefined
127.41288976535657,32.48109652804516,3090,test,1832.0569077134828,1.0,0.2,"(5, 2)",undefined
128.30224604635532,31.602719954218657,3091,test,1833.3069077134824,1.0,0.2,"(5, 2)",undefined
129.19160232735408,30.724343380392156,3092,test,1834.556907713482,1.0,0.2,"(5, 2)",undefined
130.08095860835283,29.845966806565656,3093,test,1835.8069077134815,1.0,0.2,"(5, 2)",undefined
130.97031488935158,28.967590232739155,3094,test,1837.056907713481,1.0,0.2,"(5, 2)",undefined
131.85967117035034,28.089213658912655,3095,test,1838.3069077134805,1.0,0.2,"(5, 2)",undefined
132.7490274513491,27.210837085086226,3096,test,1839.55690771348,1.0,0.2,"(5, 2)",undefined
133.63838373234785,26.33246051126008,3097,test,1840.8069077134794,1.0,0.2,"(5, 2)",undefined
134.5277400133466,25.454083937433936,3098,test,1842.0569077134787,1.0,0.2,"(5, 2)",undefined
135.41709629434553,24.57570736360819,3099,test,1843.306907713478,1.0,0.2,"(5, 2)",undefined
136.0,24.0,3100,test,1844.1261852602095,1.0,0.2,"(5, 2)",undefined
136.0,24.0,3101,test,1844.1261852602095,1.0,0.2,"(5, 2)",undefined
136.0,24.0,3102,test,1844.1261852602095,1.0,0.2,"(5, 2)",undefined
136.0,24.0,3103,test,1844.1261852602095,1.0,0.2,"(5, 2)",undefined
136.0,24.0,3104,test,1844.1261852602095,1.0,0.2,"(5, 2)",undefined
136.0,24.0,3105,test,1844.1261852602095,1.0,0.2,"(5, 2)",undefined
136.0,24.0,3106,test,1844.1261852602095,1.0,0.2,"(5, 2)",undefined
136.0,24.0,3107,test,1844.1261852602095,1.0,0.2,"(5, 2)",undefined
136.0,24.0,3108,test,1844.1261852602095,1.0,0.2,"(5, 2)",undefined
136.0,24.0,3109,test,1844.1261852602095,1.0,0.2,"(5, 2)",undefined
136.0,24.0,3110,test,1844.1261852602095,1.0,0.2,"(5, 2)",undefined
136.0,24.0,3111,test,1844.1261852602095,1.0,0.2,"(5, 2)",undefined
136.0,24.0,3112,test,1844.1261852602095,1.0,0.2,"(5, 2)",undefined
136.0,24.0,3113,test,1844.1261852602095,1.0,0.2,"(5, 2)",undefined
136.0,24.0,3114,test,1844.1261852602095,1.0,0.2,"(5, 2)",undefined
136.0,24.0,3115,test,1844.1261852602095,1.0,0.2,"(5, 2)",undefined
136.0,24.0,3116,test,1844.1261852602095,1.0,0.2,"(5, 2)",undefined
136.0,24.0,3117,test,1844.1261852602095,1.0,0.2,"(5, 2)",undefined
136.0,24.0,3118,test,1844.1261852602095,1.0,0.2,"(5, 2)",undefined
136.0,24.0,3119,test,1844.1261852602095,1.0,0.2,"(5, 2)",undefined
136.0,24.0,3120,test,1844.1261852602095,1.0,0.2,"(5, 2)",undefined
136.0,24.0,3121,test,1844.1261852602095,1.0,0.2,"(5, 2)",undefined
136.0,24.0,3122,test,1844.1261852602095,1.0,0.2,"(5, 2)",undefined
136.0,24.0,3123,test,1844.1261852602095,1.0,0.2,"(5, 2)",undefined
136.0,24.0,3124,test,1844.1261852602095,1.0,0.2,"(5, 2)",undefined
136.0,24.0,3125,test,1844.1261852602095,1.0,0.2,"(5, 2)",undefined
136.0,24.0,3126,test,1844.1261852602095,1.0,0.2,"(5, 2)",undefined
136.0,24.0,3127,test,1844.1261852602095,1.0,0.2,"(5, 2)",undefined
136.0,24.0,3128,test,1844.1261852602095,1.0,0.2,"(5, 2)",undefined
136.0,24.0,3129,test,1844.1261852602095,1.0,0.2,"(5, 2)",undefined
136.0,24.0,3130,test,1844.1261852602095,1.0,0.2,"(5, 2)",undefined
136.0,24.0,3131,test,1844.1261852602095,1.0,0.2,"(5, 2)",undefined
134.75000000000114,24.0,3132,test,1845.3761852602083,1.0,0.2,"(5, 2)",undefined
133.50000000000227,24.0,3133,test,1846.6261852602072,1.0,0.2,"(5, 2)",undefined
132.2500000000034,24.0,3134,test,1847.876185260206,1.0,0.2,"(5, 2)",undefined
131.00000000000455,24.0,3135,test,1849.126185260205,1.0,0.2,"(5, 2)",undefined
129.75000000000568,24.0,3136,test,1850.3761852602038,1.0,0.2,"(5, 2)",undefined
128.50000000000682,24.0,3137,test,1851.6261852602026,1.0,0.2,"(5, 2)",undefined
127.2500000000071,24.0,3138,test,1852.8761852602024,1.0,0.2,"(5, 2)",undefined
126.00000000000682,24.0,3139,test,1854.1261852602026,1.0,0.2,"(5, 2)",undefined
124.75000000000654,24.0,3140,test,1855.3761852602029,1.0,0.2,"(5, 2)",undefined
123.50000000000625,24.0,3141,test,1856.626185260203,1.0,0.2,"(5, 2)",undefined
122.25000000000597,24.0,3142,test,1857.8761852602033,1.0,0.2,"(5, 2)",undefined
121.00000000000568,24.0,3143,test,1859.1261852602036,1.0,0.2,"(5, 2)",undefined
119.7500000000054,24.0,3144,test,1860.3761852602038,1.0,0.2,"(5, 2)",undefined
118.50000000000512,24.0,3145,test,1861.626185260204,1.0,0.2,"(5, 2)",undefined
117.25000000000483,24.0,3146,test,1862.8761852602042,1.0,0.2,"(5, 2)",undefined
116.00000000000455,24.0,3147,test,1864.1261852602045,1.0,0.2,"(5, 2)",undefined
114.75000000000426,24.0,3148,test,1865.3761852602047,1.0,0.2,"(5, 2)",undefined
113.50000000000398,24.0,3149,test,1866.626185260205,1.0,0.2,"(5, 2)",undefined
112.2500000000037,24.0,3150,test,1867.8761852602051,1.0,0.2,"(5, 2)",undefined
111.00000000000341,24.0,3151,test,1869.1261852602054,1.0,0.2,"(5, 2)",undefined
109.75000000000313,24.0,3152,test,1870.3761852602056,1.0,0.2,"(5, 2)",undefined
108.50000000000284,24.0,3153,test,1871.6261852602058,1.0,0.2,"(5, 2)",undefined
107.25000000000256,24.0,3154,test,1872.876185260206,1.0,0.2,"(5, 2)",undefined
106.00000000000227,24.0,3155,test,1874.1261852602063,1.0,0.2,"(5, 2)",undefined
104.75000000000199,24.0,3156,test,1875.3761852602065,1.0,0.2,"(5, 2)",undefined
103.5000000000017,24.0,3157,test,1876.6261852602067,1.0,0.2,"(5, 2)",undefined
102.25000000000142,24.0,3158,test,1877.876185260207,1.0,0.2,"(5, 2)",undefined
101.00000000000114,24.0,3159,test,1879.1261852602072,1.0,0.2,"(5, 2)",undefined
99.75000000000085,24.0,3160,test,1880.3761852602074,1.0,0.2,"(5, 2)",undefined
98.50000000000057,24.0,3161,test,1881.6261852602076,1.0,0.2,"(5, 2)",undefined
97.25000000000028,24.0,3162,test,1882.8761852602079,1.0,0.2,"(5, 2)",undefined
96.0,24.0,3163,test,1884.126185260208,1.0,0.2,"(5, 2)",undefined
94.74999999999972,24.0,3164,test,1885.3761852602083,1.0,0.2,"(5, 2)",undefined
93.49999999999943,24.0,3165,test,1886.6261852602086,1.0,0.2,"(5, 2)",undefined
92.24999999999915,24.0,3166,test,1887.8761852602088,1.0,0.2,"(5, 2)",undefined
90.99999999999886,24.0,3167,test,1889.126185260209,1.0,0.2,"(5, 2)",undefined
89.74999999999858,24.0,3168,test,1890.3761852602092,1.0,0.2,"(5, 2)",undefined
88.4999999999983,24.0,3169,test,1891.6261852602095,1.0,0.2,"(5, 2)",undefined
87.24999999999801,24.0,3170,test,1892.8761852602097,1.0,0.2,"(5, 2)",undefined
85.99999999999773,24.0,3171,test,1894.12618526021,1.0,0.2,"(5, 2)",undefined
84.74999999999744,24.0,3172,test,1895.3761852602101,1.0,0.2,"(5, 2)",undefined
83.49999999999716,24.0,3173,test,1896.6261852602104,1.0,0.2,"(5, 2)",undefined
82.24999999999687,24.0,3174,test,1897.8761852602106,1.0,0.2,"(5, 2)",undefined
80.99999999999659,24.0,3175,test,1899.1261852602108,1.0,0.2,"(5, 2)",undefined
79.7499999999963,24.0,3176,test,1900.376185260211,1.0,0.2,"(5, 2)",undefined
78.49999999999602,24.0,3177,test,1901.6261852602113,1.0,0.2,"(5, 2)",undefined
77.24999999999574,24.0,3178,test,1902.8761852602115,1.0,0.2,"(5, 2)",undefined
75.99999999999545,24.0,3179,test,1904.1261852602117,1.0,0.2,"(5, 2)",undefined
74.74999999999517,24.0,3180,test,1905.376185260212,1.0,0.2,"(5, 2)",undefined
73.49999999999488,24.0,3181,test,1906.6261852602122,1.0,0.2,"(5, 2)",undefined
72.2499999999946,24.0,3182,test,1907.8761852602124,1.0,0.2,"(5, 2)",undefined
71.34621797023578,24.84324151087344,3183,test,1909.11225896472,1.0,0.2,"(5, 2)",undefined
70.45686168923703,25.72161808469994,3184,test,1910.3622589647196,1.0,0.2,"(5, 2)",undefined
69.56750540823828,26.59999465852644,3185,test,1911.612258964719,1.0,0.2,"(5, 2)",undefined
68.67814912723952,27.47837123235294,3186,test,1912.8622589647186,1.0,0.2,"(5, 2)",undefined
67.78879284624077,28.356747806179442,3187,test,1914.1122589647182,1.0,0.2,"(5, 2)",undefined
66.89943656524201,29.235124380005942,3188,test,1915.3622589647177,1.0,0.2,"(5, 2)",undefined
66.01008028424326,30.113500953832443,3189,test,1916.6122589647173,1.0,0.2,"(5, 2)",undefined
65.1207240032445,30.991877527658943,3190,test,1917.8622589647168,1.0,0.2,"(5, 2)",undefined
64.23136772224575,31.870254101485443,3191,test,1919.1122589647164,1.0,0.2,"(5, 2)",undefined
63.34201144124647,32.748630675311944,3192,test,1920.3622589647164,1.0,0.2,"(5, 2)",undefined
62.452655160247005,33.627007249138444,3193,test,1921.6122589647166,1.0,0.2,"(5, 2)",undefined
61.56329887924754,34.505383822964944,3194,test,1922.8622589647168,1.0,0.2,"(5, 2)",undefined
60.673942598248075,35.383760396791445,3195,test,1924.112258964717,1.0,0.2,"(5, 2)",undefined
59.78458631724861,36.262136970617945,3196,test,1925.3622589647173,1.0,0.2,"(5, 2)",undefined
58.895230036249146,37.140513544444445,3197,test,1926.6122589647175,1.0,0.2,"(5, 2)",undefined
58.00587375524984,38.018890118270946,3198,test,1927.8622589647175,1.0,0.2,"(5, 2)",undefined
57.11651747425088,38.897266692097446,3199,test,1929.1122589647173,1.0,0.2,"(5, 2)",undefined
56.22716119325191,39.77564326592395,3200,test,1930.362258964717,1.0,0.2,"(5, 2)",undefined
56.0,40.0,3201,test,1930.6815365114455,1.0,0.2,"(5, 2)",undefined
56.0,40.0,3202,test,1930.6815365114455,1.0,0.2,"(5, 2)",undefined
56.0,40.0,3203,test,1930.6815365114455,1.0,0.2,"(5, 2)",undefined
56.0,40.0,3204,test,1930.6815365114455,1.0,0.2,"(5, 2)",undefined
56.0,40.0,3205,test,1930.6815365114455,1.0,0.2,"(5, 2)",undefined
56.0,40.0,3206,test,1930.6815365114455,1.0,0.2,"(5, 2)",undefined
56.0,40.0,3207,test,1930.6815365114455,1.0,0.2,"(5, 2)",undefined
56.0,40.0,3208,test,1930.6815365114455,1.0,0.2,"(5, 2)",undefined
56.0,40.0,3209,test,1930.6815365114455,1.0,0.2,"(5, 2)",undefined
56.0,40.0,3210,test,1930.6815365114455,1.0,0.2,"(5, 2)",undefined
56.0,40.0,3211,test,1930.6815365114455,1.0,0.2,"(5, 2)",undefined
56.0,40.0,3212,test,1930.6815365114455,1.0,0.2,"(5, 2)",undefined
56.0,40.0,3213,test,1930.6815365114455,1.0,0.2,"(5, 2)",undefined
56.0,40.0,3214,test,1930.6815365114455,1.0,0.2,"(5, 2)",undefined
56.0,40.0,3215,test,1930.6815365114455,1.0,0.2,"(5, 2)",undefined
56.0,40.0,3216,test,1930.6815365114455,1.0,0.2,"(5, 2)",undefined
57.250000000000284,40.0,3217,test,1931.9315365114458,1.0,0.2,"(5, 2)",undefined
58.50000000000057,40.0,3218,test,1933.181536511446,1.0,0.2,"(5, 2)",undefined
59.75000000000085,40.0,3219,test,1934.4315365114462,1.0,0.2,"(5, 2)",undefined
61.00000000000114,40.0,3220,test,1935.6815365114464,1.0,0.2,"(5, 2)",undefined
62.25000000000142,40.0,3221,test,1936.9315365114467,1.0,0.2,"(5, 2)",undefined
63.500000000001705,40.0,3222,test,1938.181536511447,1.0,0.2,"(5, 2)",undefined
64.75000000000199,40.0,3223,test,1939.4315365114471,1.0,0.2,"(5, 2)",undefined
66.00000000000227,40.0,3224,test,1940.6815365114473,1.0,0.2,"(5, 2)",undefined
67.25000000000256,40.0,3225,test,1941.9315365114476,1.0,0.2,"(5, 2)",undefined
68.50000000000284,40.0,3226,test,1943.1815365114478,1.0,0.2,"(5, 2)",undefined
69.75000000000313,40.0,3227,test,1944.431536511448,1.0,0.2,"(5, 2)",undefined
71.00000000000341,40.0,3228,test,1945.6815365114483,1.0,0.2,"(5, 2)",undefined
72.12016826116314,39.68378443342246,3229,test,1946.84548205049,1.0,0.2,"(5, 2)",undefined
73.0095245421619,38.80540785959596,3230,test,1948.0954820504896,1.0,0.2,"(5, 2)",undefined
73.89888082316065,37.92703128576946,3231,test,1949.3454820504892,1.0,0.2,"(5, 2)",undefined
74.7882371041594,37.04865471194296,3232,test,1950.5954820504887,1.0,0.2,"(5, 2)",undefined
75.67759338515816,36.17027813811646,3233,test,1951.8454820504883,1.0,0.2,"(5, 2)",undefined
76.56694966615692,35.29190156428996,3234,test,1953.0954820504878,1.0,0.2,"(5, 2)",undefined
77.45630594715567,34.41352499046346,3235,test,1954.3454820504874,1.0,0.2,"(5, 2)",undefined
78.34566222815442,33.53514841663696,3236,test,1955.595482050487,1.0,0.2,"(5, 2)",undefined
79.23501850915318,32.65677184281046,3237,test,1956.8454820504865,1.0,0.2,"(5, 2)",undefined
80.12437479015193,31.778395268983957,3238,test,1958.095482050486,1.0,0.2,"(5, 2)",undefined
81.01373107115069,30.900018695157552,3239,test,1959.3454820504855,1.0,0.2,"(5, 2)",undefined
81.90308735214953,30.021642121331407,3240,test,1960.595482050485,1.0,0.2,"(5, 2)",undefined
82.79244363314886,29.143265547505262,3241,test,1961.8454820504849,1.0,0.2,"(5, 2)",undefined
83.68179991414819,28.264888973679117,3242,test,1963.0954820504846,1.0,0.2,"(5, 2)",undefined
84.57115619514751,27.386512399852972,3243,test,1964.3454820504844,1.0,0.2,"(5, 2)",undefined
85.46051247614683,26.508135826026827,3244,test,1965.5954820504842,1.0,0.2,"(5, 2)",undefined
86.34986875714615,25.62975925220068,3245,test,1966.845482050484,1.0,0.2,"(5, 2)",undefined
87.23922503814548,24.751382678374537,3246,test,1968.0954820504837,1.0,0.2,"(5, 2)",undefined
88.0,24.0,3247,test,1969.164759597216,1.0,0.2,"(5, 2)",undefined
88.0,24.0,3248,test,1969.164759597216,1.0,0.2,"(5, 2)",undefined
88.0,24.0,3249,test,1969.164759597216,1.0,0.2,"(5, 2)",undefined
88.0,24.0,3250,test,1969.164759597216,1.0,0.2,"(5, 2)",undefined
88.0,24.0,3251,test,1969.164759597216,1.0,0.2,"(5, 2)",undefined
88.0,24.0,3252,test,1969.164759597216,1.0,0.2,"(5, 2)",undefined
88.0,24.0,3253,test,1969.164759597216,1.0,0.2,"(5, 2)",undefined
88.0,24.0,3254,test,1969.164759597216,1.0,0.2,"(5, 2)",undefined
88.0,24.0,3255,test,1969.164759597216,1.0,0.2,"(5, 2)",undefined
88.0,24.0,3256,test,1969.164759597216,1.0,0.2,"(5, 2)",undefined
88.0,24.0,3257,test,1969.164759597216,1.0,0.2,"(5, 2)",undefined
88.0,24.0,3258,test,1969.164759597216,1.0,0.2,"(5, 2)",undefined
88.0,24.0,3259,test,1969.164759597216,1.0,0.2,"(5, 2)",undefined
88.0,24.0,3260,test,1969.164759597216,1.0,0.2,"(5, 2)",undefined
88.0,24.0,3261,test,1969.164759597216,1.0,0.2,"(5, 2)",undefined
88.0,24.0,3262,test,1969.164759597216,1.0,0.2,"(5, 2)",undefined
88.0,24.0,3263,test,1969.164759597216,1.0,0.2,"(5, 2)",undefined
88.0,24.0,3264,test,1969.164759597216,1.0,0.2,"(5, 2)",undefined
87.11611652351695,24.88388347648305,3265,test,1970.4147595972158,1.0,0.2,"(5, 2)",undefined
86.2322330470339,25.7677669529661,3266,test,1971.6647595972156,1.0,0.2,"(5, 2)",undefined
85.34834957055085,26.65165042944915,3267,test,1972.9147595972154,1.0,0.2,"(5, 2)",undefined
84.4644660940678,27.535533905932198,3268,test,1974.1647595972152,1.0,0.2,"(5, 2)",undefined
83.58058261758475,28.419417382415247,3269,test,1975.414759597215,1.0,0.2,"(5, 2)",undefined
82.6966991411017,29.303300858898297,3270,test,1976.6647595972147,1.0,0.2,"(5, 2)",undefined
81.81281566461865,30.187184335381346,3271,test,1977.9147595972145,1.0,0.2,"(5, 2)",undefined
80.9289321881356,31.071067811864395,3272,test,1979.1647595972142,1.0,0.2,"(5, 2)",undefined
80.04504871165256,31.954951288347445,3273,test,1980.414759597214,1.0,0.2,"(5, 2)",undefined
79.1611652351695,32.838834764830494,3274,test,1981.6647595972138,1.0,0.2,"(5, 2)",undefined
78.27728175868646,33.722718241313544,3275,test,1982.9147595972136,1.0,0.2,"(5, 2)",undefined
77.3933982822034,34.60660171779659,3276,test,1984.1647595972133,1.0,0.2,"(5, 2)",undefined
76.50951480572036,35.49048519427964,3277,test,1985.414759597213,1.0,0.2,"(5, 2)",undefined
75.62563132923731,36.37436867076269,3278,test,1986.6647595972129,1.0,0.2,"(5, 2)",undefined
74.74174785275426,37.25825214724574,3279,test,1987.9147595972127,1.0,0.2,"(5, 2)",undefined
73.85786437627121,38.14213562372879,3280,test,1989.1647595972124,1.0,0.2,"(5, 2)",undefined
72.97398089978816,39.02601910021184,3281,test,1990.4147595972122,1.0,0.2,"(5, 2)",undefined
72.09009742330511,39.90990257669489,3282,test,1991.664759597212,1.0,0.2,"(5, 2)",undefined
71.20621394682206,40.79378605317794,3283,test,1992.9147595972117,1.0,0.2,"(5, 2)",undefined
70.32233047033901,41.67766952966099,3284,test,1994.1647595972115,1.0,0.2,"(5, 2)",undefined
69.43844699385596,42.56155300614404,3285,test,1995.4147595972113,1.0,0.2,"(5, 2)",undefined
68.55456351737291,43.44543648262709,3286,test,1996.664759597211,1.0,0.2,"(5, 2)",undefined
67.67068004088986,44.32931995911014,3287,test,1997.9147595972108,1.0,0.2,"(5, 2)",undefined
66.78679656440681,45.213203435593186,3288,test,1999.1647595972106,1.0,0.2,"(5, 2)",undefined
65.90291308792376,46.097086912076236,3289,test,2000.4147595972104,1.0,0.2,"(5, 2)",undefined
65.01902961144071,46.980970388559285,3290,test,2001.6647595972101,1.0,0.2,"(5, 2)",undefined
64.13514613495767,47.864853865042335,3291,test,2002.91475959721,1.0,0.2,"(5, 2)",undefined
63.251262658474616,48.748737341525384,3292,test,2004.1647595972097,1.0,0.2,"(5, 2)",undefined
62.367379181991566,49.632620818008434,3293,test,2005.4147595972095,1.0,0.2,"(5, 2)",undefined
61.48349570550852,50.51650429449148,3294,test,2006.6647595972092,1.0,0.2,"(5, 2)",undefined
60.59961222902547,51.40038777097453,3295,test,2007.914759597209,1.0,0.2,"(5, 2)",undefined
59.71572875254242,52.28427124745758,3296,test,2009.1647595972088,1.0,0.2,"(5, 2)",undefined
58.83184527605937,53.16815472394063,3297,test,2010.4147595972086,1.0,0.2,"(5, 2)",undefined
57.94796179957632,54.05203820042368,3298,test,2011.6647595972083,1.0,0.2,"(5, 2)",undefined
57.06407832309327,54.93592167690673,3299,test,2012.914759597208,1.0,0.2,"(5, 2)",undefined
56.0,56.0,3300,test,2014.4195935931539,1.0,0.2,"(5, 2)",undefined
56.0,56.0,3301,test,2014.4195935931539,1.0,0.2,"(5, 2)",undefined
56.0,56.0,3302,test,2014.4195935931539,1.0,0.2,"(5, 2)",undefined
56.0,56.0,3303,test,2014.4195935931539,1.0,0.2,"(5, 2)",undefined
56.0,56.0,3304,test,2014.4195935931539,1.0,0.2,"(5, 2)",undefined
56.0,56.0,3305,test,2014.4195935931539,1.0,0.2,"(5, 2)",undefined
56.0,56.0,3306,test,2014.4195935931539,1.0,0.2,"(5, 2)",undefined
56.0,56.0,3307,test,2014.4195935931539,1.0,0.2,"(5, 2)",undefined
56.0,56.0,3308,test,2014.4195935931539,1.0,0.2,"(5, 2)",undefined
56.0,56.0,3309,test,2014.4195935931539,1.0,0.2,"(5, 2)",undefined
56.0,56.0,3310,test,2014.4195935931539,1.0,0.2,"(5, 2)",undefined
56.0,56.0,3311,test,2014.4195935931539,1.0,0.2,"(5, 2)",undefined
56.0,56.0,3312,test,2014.4195935931539,1.0,0.2,"(5, 2)",undefined
56.0,56.0,3313,test,2014.4195935931539,1.0,0.2,"(5, 2)",undefined
56.0,56.0,3314,test,2014.4195935931539,1.0,0.2,"(5, 2)",undefined
56.0,56.0,3315,test,2014.4195935931539,1.0,0.2,"(5, 2)",undefined
56.0,56.0,3316,test,2014.4195935931539,1.0,0.2,"(5, 2)",undefined
56.0,56.0,3317,test,2014.4195935931539,1.0,0.2,"(5, 2)",undefined
56.0,56.0,3318,test,2014.4195935931539,1.0,0.2,"(5, 2)",undefined
56.0,56.0,3319,test,2014.4195935931539,1.0,0.2,"(5, 2)",undefined
56.88388347648305,55.11611652351695,3320,test,2015.6695935931536,1.0,0.2,"(5, 2)",undefined
57.7677669529661,54.2322330470339,3321,test,2016.9195935931534,1.0,0.2,"(5, 2)",undefined
58.65165042944915,53.34834957055085,3322,test,2018.1695935931532,1.0,0.2,"(5, 2)",undefined
59.5355339059322,52.4644660940678,3323,test,2019.419593593153,1.0,0.2,"(5, 2)",undefined
60.41941738241525,51.58058261758475,3324,test,2020.6695935931527,1.0,0.2,"(5, 2)",undefined
61.3033008588983,50.6966991411017,3325,test,2021.9195935931525,1.0,0.2,"(5, 2)",undefined
62.187184335381346,49.812815664618654,3326,test,2023.1695935931523,1.0,0.2,"(5, 2)",undefined
63.071067811864395,48.928932188135605,3327,test,2024.419593593152,1.0,0.2,"(5, 2)",undefined
63.954951288347445,48.045048711652555,3328,test,2025.6695935931518,1.0,0.2,"(5, 2)",undefined
64.8388347648305,47.161165235169506,3329,test,2026.9195935931516,1.0,0.2,"(5, 2)",undefined
65.72271824131354,46.277281758686456,3330,test,2028.1695935931514,1.0,0.2,"(5, 2)",undefined
66.6066017177966,45.39339828220341,3331,test,2029.4195935931511,1.0,0.2,"(5, 2)",undefined
67.49048519427964,44.50951480572036,3332,test,2030.669593593151,1.0,0.2,"(5, 2)",undefined
68.37436867076269,43.62563132923731,3333,test,2031.9195935931507,1.0,0.2,"(5, 2)",undefined
69.25825214724574,42.74174785275426,3334,test,2033.1695935931505,1.0,0.2,"(5, 2)",undefined
70.14213562372879,41.85786437627121,3335,test,2034.4195935931502,1.0,0.2,"(5, 2)",undefined
71.02601910021184,40.97398089978816,3336,test,2035.66959359315,1.0,0.2,"(5, 2)",undefined
71.90990257669489,40.09009742330511,3337,test,2036.9195935931498,1.0,0.2,"(5, 2)",undefined
72.79378605317794,39.20621394682206,3338,test,2038.1695935931496,1.0,0.2,"(5, 2)",undefined
73.67766952966099,38.32233047033901,3339,test,2039.4195935931493,1.0,0.2,"(5, 2)",undefined
74.56155300614404,37.43844699385596,3340,test,2040.669593593149,1.0,0.2,"(5, 2)",undefined
75.44543648262709,36.55456351737291,3341,test,2041.9195935931489,1.0,0.2,"(5, 2)",undefined
76.32931995911014,35.67068004088986,3342,test,2043.1695935931486,1.0,0.2,"(5, 2)",undefined
77.21320343559319,34.786796564406814,3343,test,2044.4195935931484,1.0,0.2,"(5, 2)",undefined
78.09708691207624,33.902913087923764,3344,test,2045.6695935931482,1.0,0.2,"(5, 2)",undefined
78.98097038855929,33.019029611440715,3345,test,2046.919593593148,1.0,0.2,"(5, 2)",undefined
79.86485386504233,32.135146134957665,3346,test,2048.169593593148,1.0,0.2,"(5, 2)",undefined
80.74873734152538,31.251262658474616,3347,test,2049.419593593148,1.0,0.2,"(5, 2)",undefined
81.63262081800843,30.367379181991566,3348,test,2050.669593593148,1.0,0.2,"(5, 2)",undefined
82.51650429449148,29.483495705508517,3349,test,2051.919593593148,1.0,0.2,"(5, 2)",undefined
83.40038777097453,28.599612229025468,3350,test,2053.169593593148,1.0,0.2,"(5, 2)",undefined
84.28427124745758,27.715728752542418,3351,test,2054.419593593148,1.0,0.2,"(5, 2)",undefined
85.16815472394063,26.83184527605937,3352,test,2055.669593593148,1.0,0.2,"(5, 2)",undefined
86.05203820042368,25.94796179957632,3353,test,2056.919593593148,1.0,0.2,"(5, 2)",undefined
86.93592167690673,25.06407832309327,3354,test,2058.169593593148,1.0,0.2,"(5, 2)",undefined
88.0,24.0,3355,test,2059.6744275890937,1.0,0.2,"(5, 2)",undefined
88.0,24.0,3356,test,2059.6744275890937,1.0,0.2,"(5, 2)",undefined
88.0,24.0,3357,test,2059.6744275890937,1.0,0.2,"(5, 2)",undefined
88.0,24.0,3358,test,2059.6744275890937,1.0,0.2,"(5, 2)",undefined
88.0,24.0,3359,test,2059.6744275890937,1.0,0.2,"(5, 2)",undefined
88.0,24.0,3360,test,2059.6744275890937,1.0,0.2,"(5, 2)",undefined
88.0,24.0,3361,test,2059.6744275890937,1.0,0.2,"(5, 2)",undefined
88.0,24.0,3362,test,2059.6744275890937,1.0,0.2,"(5, 2)",undefined
88.0,24.0,3363,test,2059.6744275890937,1.0,0.2,"(5, 2)",undefined
88.0,24.0,3364,test,2059.6744275890937,1.0,0.2,"(5, 2)",undefined
88.0,24.0,3365,test,2059.6744275890937,1.0,0.2,"(5, 2)",undefined
88.0,24.0,3366,test,2059.6744275890937,1.0,0.2,"(5, 2)",undefined
88.0,24.0,3367,test,2059.6744275890937,1.0,0.2,"(5, 2)",undefined
88.0,24.0,3368,test,2059.6744275890937,1.0,0.2,"(5, 2)",undefined
88.0,24.0,3369,test,2059.6744275890937,1.0,0.2,"(5, 2)",undefined
88.0,24.0,3370,test,2059.6744275890937,1.0,0.2,"(5, 2)",undefined
88.0,24.0,3371,test,2059.6744275890937,1.0,0.2,"(5, 2)",undefined
88.0,24.0,3372,test,2059.6744275890937,1.0,0.2,"(5, 2)",undefined
88.0,24.0,3373,test,2059.6744275890937,1.0,0.2,"(5, 2)",undefined
88.0,24.0,3374,test,2059.6744275890937,1.0,0.2,"(5, 2)",undefined
88.0,24.0,3375,test,2059.6744275890937,1.0,0.2,"(5, 2)",undefined
88.0,24.0,3376,test,2059.6744275890937,1.0,0.2,"(5, 2)",undefined
88.0,24.0,3377,test,2059.6744275890937,1.0,0.2,"(5, 2)",undefined
88.0,24.0,3378,test,2059.6744275890937,1.0,0.2,"(5, 2)",undefined
88.0,24.0,3379,test,2059.6744275890937,1.0,0.2,"(5, 2)",undefined
88.0,24.0,3380,test,2059.6744275890937,1.0,0.2,"(5, 2)",undefined
88.0,24.0,3381,test,2059.6744275890937,1.0,0.2,"(5, 2)",undefined
88.0,24.0,3382,test,2059.6744275890937,1.0,0.2,"(5, 2)",undefined
87.11611652351695,24.88388347648305,3383,test,2060.9244275890937,1.0,0.2,"(5, 2)",undefined
86.2322330470339,25.7677669529661,3384,test,2062.1744275890937,1.0,0.2,"(5, 2)",undefined
85.34834957055085,26.65165042944915,3385,test,2063.4244275890937,1.0,0.2,"(5, 2)",undefined
84.4644660940678,27.535533905932198,3386,test,2064.6744275890937,1.0,0.2,"(5, 2)",undefined
83.58058261758475,28.419417382415247,3387,test,2065.9244275890937,1.0,0.2,"(5, 2)",undefined
82.6966991411017,29.303300858898297,3388,test,2067.1744275890937,1.0,0.2,"(5, 2)",undefined
81.81281566461865,30.187184335381346,3389,test,2068.4244275890937,1.0,0.2,"(5, 2)",undefined
80.9289321881356,31.071067811864395,3390,test,2069.6744275890937,1.0,0.2,"(5, 2)",undefined
80.04504871165256,31.954951288347445,3391,test,2070.9244275890937,1.0,0.2,"(5, 2)",undefined
79.1611652351695,32.838834764830494,3392,test,2072.1744275890937,1.0,0.2,"(5, 2)",undefined
78.27728175868646,33.722718241313544,3393,test,2073.4244275890937,1.0,0.2,"(5, 2)",undefined
77.3933982822034,34.60660171779659,3394,test,2074.6744275890937,1.0,0.2,"(5, 2)",undefined
76.50951480572036,35.49048519427964,3395,test,2075.9244275890937,1.0,0.2,"(5, 2)",undefined
75.62563132923731,36.37436867076269,3396,test,2077.1744275890937,1.0,0.2,"(5, 2)",undefined
74.74174785275426,37.25825214724574,3397,test,2078.4244275890937,1.0,0.2,"(5, 2)",undefined
73.85786437627121,38.14213562372879,3398,test,2079.6744275890937,1.0,0.2,"(5, 2)",undefined
72.97398089978816,39.02601910021184,3399,test,2080.9244275890937,1.0,0.2,"(5, 2)",undefined
72.09009742330511,39.90990257669489,3400,test,2082.1744275890937,1.0,0.2,"(5, 2)",undefined
71.20621394682206,40.79378605317794,3401,test,2083.4244275890937,1.0,0.2,"(5, 2)",undefined
70.32233047033901,41.67766952966099,3402,test,2084.6744275890937,1.0,0.2,"(5, 2)",undefined
69.43844699385596,42.56155300614404,3403,test,2085.9244275890937,1.0,0.2,"(5, 2)",undefined
68.55456351737291,43.44543648262709,3404,test,2087.1744275890937,1.0,0.2,"(5, 2)",undefined
67.67068004088986,44.32931995911014,3405,test,2088.4244275890937,1.0,0.2,"(5, 2)",undefined
66.78679656440681,45.213203435593186,3406,test,2089.6744275890937,1.0,0.2,"(5, 2)",undefined
65.90291308792376,46.097086912076236,3407,test,2090.9244275890937,1.0,0.2,"(5, 2)",undefined
65.01902961144071,46.980970388559285,3408,test,2092.1744275890937,1.0,0.2,"(5, 2)",undefined
64.13514613495767,47.864853865042335,3409,test,2093.4244275890937,1.0,0.2,"(5, 2)",undefined
63.251262658474616,48.748737341525384,3410,test,2094.6744275890937,1.0,0.2,"(5, 2)",undefined
62.367379181991566,49.632620818008434,3411,test,2095.9244275890937,1.0,0.2,"(5, 2)",undefined
61.48349570550852,50.51650429449148,3412,test,2097.1744275890937,1.0,0.2,"(5, 2)",undefined
60.59961222902547,51.40038777097453,3413,test,2098.4244275890937,1.0,0.2,"(5, 2)",undefined
59.71572875254242,52.28427124745758,3414,test,2099.6744275890937,1.0,0.2,"(5, 2)",undefined
58.83184527605937,53.16815472394063,3415,test,2100.9244275890937,1.0,0.2,"(5, 2)",undefined
57.94796179957632,54.05203820042368,3416,test,2102.1744275890937,1.0,0.2,"(5, 2)",undefined
57.06407832309327,54.93592167690673,3417,test,2103.4244275890937,1.0,0.2,"(5, 2)",undefined
56.0,56.0,3418,test,2104.9292615850395,1.0,0.2,"(5, 2)",undefined
56.0,56.0,3419,test,2104.9292615850395,1.0,0.2,"(5, 2)",undefined
56.0,56.0,3420,test,2104.9292615850395,1.0,0.2,"(5, 2)",undefined
56.0,56.0,3421,test,2104.9292615850395,1.0,0.2,"(5, 2)",undefined
56.0,56.0,3422,test,2104.9292615850395,1.0,0.2,"(5, 2)",undefined
56.0,56.0,3423,test,2104.9292615850395,1.0,0.2,"(5, 2)",undefined
56.0,56.0,3424,test,2104.9292615850395,1.0,0.2,"(5, 2)",undefined
56.0,56.0,3425,test,2104.9292615850395,1.0,0.2,"(5, 2)",undefined
56.0,56.0,3426,test,2104.9292615850395,1.0,0.2,"(5, 2)",undefined
56.0,56.0,3427,test,2104.9292615850395,1.0,0.2,"(5, 2)",undefined
56.0,56.0,3428,test,2104.9292615850395,1.0,0.2,"(5, 2)",undefined
56.0,56.0,3429,test,2104.9292615850395,1.0,0.2,"(5, 2)",undefined
56.0,56.0,3430,test,2104.9292615850395,1.0,0.2,"(5, 2)",undefined
56.0,56.0,3431,test,2104.9292615850395,1.0,0.2,"(5, 2)",undefined
56.0,56.0,3432,test,2104.9292615850395,1.0,0.2,"(5, 2)",undefined
56.0,56.0,3433,test,2104.9292615850395,1.0,0.2,"(5, 2)",undefined
56.0,56.0,3434,test,2104.9292615850395,1.0,0.2,"(5, 2)",undefined
56.0,56.0,3435,test,2104.9292615850395,1.0,0.2,"(5, 2)",undefined
56.0,56.0,3436,test,2104.9292615850395,1.0,0.2,"(5, 2)",undefined
56.0,56.0,3437,test,2104.9292615850395,1.0,0.2,"(5, 2)",undefined
56.0,56.0,3438,test,2104.9292615850395,1.0,0.2,"(5, 2)",undefined
56.0,56.0,3439,test,2104.9292615850395,1.0,0.2,"(5, 2)",undefined
56.0,56.0,3440,test,2104.9292615850395,1.0,0.2,"(5, 2)",undefined
56.0,56.0,3441,test,2104.9292615850395,1.0,0.2,"(5, 2)",undefined
56.0,56.0,3442,test,2104.9292615850395,1.0,0.2,"(5, 2)",undefined
56.0,56.0,3443,test,2104.9292615850395,1.0,0.2,"(5, 2)",undefined
56.0,56.0,3444,test,2104.9292615850395,1.0,0.2,"(5, 2)",undefined
56.0,56.0,3445,test,2104.9292615850395,1.0,0.2,"(5, 2)",undefined
56.0,56.0,3446,test,2104.9292615850395,1.0,0.2,"(5, 2)",undefined
56.0,56.0,3447,test,2104.9292615850395,1.0,0.2,"(5, 2)",undefined
56.0,56.0,3448,test,2104.9292615850395,1.0,0.2,"(5, 2)",undefined
56.0,56.0,3449,test,2104.9292615850395,1.0,0.2,"(5, 2)",undefined
56.0,56.0,3450,test,2104.9292615850395,1.0,0.2,"(5, 2)",undefined
56.0,56.0,3451,test,2104.9292615850395,1.0,0.2,"(5, 2)",undefined
56.0,56.0,3452,test,2104.9292615850395,1.0,0.2,"(5, 2)",undefined
56.0,56.0,3453,test,2104.9292615850395,1.0,0.2,"(5, 2)",undefined
56.0,56.0,3454,test,2104.9292615850395,1.0,0.2,"(5, 2)",undefined
56.0,56.0,3455,test,2104.9292615850395,1.0,0.2,"(5, 2)",undefined
56.0,56.0,3456,test,2104.9292615850395,1.0,0.2,"(5, 2)",undefined
56.0,56.0,3457,test,2104.9292615850395,1.0,0.2,"(5, 2)",undefined
56.0,56.0,3458,test,2104.9292615850395,1.0,0.2,"(5, 2)",undefined
56.0,56.0,3459,test,2104.9292615850395,1.0,0.2,"(5, 2)",undefined
56.0,56.0,3460,test,2104.9292615850395,1.0,0.2,"(5, 2)",undefined
56.0,56.0,3461,test,2104.9292615850395,1.0,0.2,"(5, 2)",undefined
56.0,56.0,3462,test,2104.9292615850395,1.0,0.2,"(5, 2)",undefined
56.0,56.0,3463,test,2104.9292615850395,1.0,0.2,"(5, 2)",undefined
56.0,56.0,3464,test,2104.9292615850395,1.0,0.2,"(5, 2)",undefined
56.0,56.0,3465,test,2104.9292615850395,1.0,0.2,"(5, 2)",undefined
56.0,56.0,3466,test,2104.9292615850395,1.0,0.2,"(5, 2)",undefined
56.0,56.0,3467,test,2104.9292615850395,1.0,0.2,"(5, 2)",undefined
56.0,56.0,3468,test,2104.9292615850395,1.0,0.2,"(5, 2)",undefined
56.0,56.0,3469,test,2104.9292615850395,1.0,0.2,"(5, 2)",undefined
56.0,56.0,3470,test,2104.9292615850395,1.0,0.2,"(5, 2)",undefined
56.0,56.0,3471,test,2104.9292615850395,1.0,0.2,"(5, 2)",undefined
56.0,56.0,3472,test,2104.9292615850395,1.0,0.2,"(5, 2)",undefined
56.0,56.0,3473,test,2104.9292615850395,1.0,0.2,"(5, 2)",undefined
56.0,56.0,3474,test,2104.9292615850395,1.0,0.2,"(5, 2)",undefined
56.0,56.0,3475,test,2104.9292615850395,1.0,0.2,"(5, 2)",undefined
56.0,56.0,3476,test,2104.9292615850395,1.0,0.2,"(5, 2)",undefined
56.0,56.0,3477,test,2104.9292615850395,1.0,0.2,"(5, 2)",undefined
56.0,56.0,3478,test,2104.9292615850395,1.0,0.2,"(5, 2)",undefined
56.0,56.0,3479,test,2104.9292615850395,1.0,0.2,"(5, 2)",undefined
56.0,56.0,3480,test,2104.9292615850395,1.0,0.2,"(5, 2)",undefined
56.0,56.0,3481,test,2104.9292615850395,1.0,0.2,"(5, 2)",undefined
56.0,56.0,3482,test,2104.9292615850395,1.0,0.2,"(5, 2)",undefined
56.0,56.0,3483,test,2104.9292615850395,1.0,0.2,"(5, 2)",undefined
56.0,56.0,3484,test,2104.9292615850395,1.0,0.2,"(5, 2)",undefined
56.0,56.0,3485,test,2104.9292615850395,1.0,0.2,"(5, 2)",undefined
56.0,56.0,3486,test,2104.9292615850395,1.0,0.2,"(5, 2)",undefined
56.0,56.0,3487,test,2104.9292615850395,1.0,0.2,"(5, 2)",undefined
56.0,56.0,3488,test,2104.9292615850395,1.0,0.2,"(5, 2)",undefined
56.0,56.0,3489,test,2104.9292615850395,1.0,0.2,"(5, 2)",undefined
56.0,56.0,3490,test,2104.9292615850395,1.0,0.2,"(5, 2)",undefined
56.0,56.0,3491,test,2104.9292615850395,1.0,0.2,"(5, 2)",undefined
56.0,56.0,3492,test,2104.9292615850395,1.0,0.2,"(5, 2)",undefined
56.0,56.0,3493,test,2104.9292615850395,1.0,0.2,"(5, 2)",undefined
56.0,56.0,3494,test,2104.9292615850395,1.0,0.2,"(5, 2)",undefined
56.0,56.0,3495,test,2104.9292615850395,1.0,0.2,"(5, 2)",undefined
56.0,56.0,3496,test,2104.9292615850395,1.0,0.2,"(5, 2)",undefined
56.0,56.0,3497,test,2104.9292615850395,1.0,0.2,"(5, 2)",undefined
56.0,56.0,3498,test,2104.9292615850395,1.0,0.2,"(5, 2)",undefined
56.0,56.0,3499,test,2104.9292615850395,1.0,0.2,"(5, 2)",undefined
56.0,56.0,3500,test,2104.9292615850395,1.0,0.2,"(5, 2)",undefined
56.0,56.0,3501,test,2104.9292615850395,1.0,0.2,"(5, 2)",undefined
56.0,56.0,3502,test,2104.9292615850395,1.0,0.2,"(5, 2)",undefined
56.0,56.0,3503,test,2104.9292615850395,1.0,0.2,"(5, 2)",undefined
56.0,56.0,3504,test,2104.9292615850395,1.0,0.2,"(5, 2)",undefined
56.0,56.0,3505,test,2104.9292615850395,1.0,0.2,"(5, 2)",undefined
56.0,56.0,3506,test,2104.9292615850395,1.0,0.2,"(5, 2)",undefined
56.0,56.0,3507,test,2104.9292615850395,1.0,0.2,"(5, 2)",undefined
56.0,56.0,3508,test,2104.9292615850395,1.0,0.2,"(5, 2)",undefined
56.0,56.0,3509,test,2104.9292615850395,1.0,0.2,"(5, 2)",undefined
56.0,56.0,3510,test,2104.9292615850395,1.0,0.2,"(5, 2)",undefined
56.0,56.0,3511,test,2104.9292615850395,1.0,0.2,"(5, 2)",undefined
56.0,56.0,3512,test,2104.9292615850395,1.0,0.2,"(5, 2)",undefined
56.0,56.0,3513,test,2104.9292615850395,1.0,0.2,"(5, 2)",undefined
56.0,56.0,3514,test,2104.9292615850395,1.0,0.2,"(5, 2)",undefined
56.0,56.0,3515,test,2104.9292615850395,1.0,0.2,"(5, 2)",undefined
56.0,56.0,3516,test,2104.9292615850395,1.0,0.2,"(5, 2)",undefined
56.0,56.0,3517,test,2104.9292615850395,1.0,0.2,"(5, 2)",undefined
56.0,56.0,3518,test,2104.9292615850395,1.0,0.2,"(5, 2)",undefined
56.0,56.0,3519,test,2104.9292615850395,1.0,0.2,"(5, 2)",undefined
56.0,56.0,3520,test,2104.9292615850395,1.0,0.2,"(5, 2)",undefined
56.0,56.0,3521,test,2104.9292615850395,1.0,0.2,"(5, 2)",undefined
56.0,56.0,3522,test,2104.9292615850395,1.0,0.2,"(5, 2)",undefined
56.0,56.0,3523,test,2104.9292615850395,1.0,0.2,"(5, 2)",undefined
56.0,56.0,3524,test,2104.9292615850395,1.0,0.2,"(5, 2)",undefined
56.0,56.0,3525,test,2104.9292615850395,1.0,0.2,"(5, 2)",undefined
56.0,56.0,3526,test,2104.9292615850395,1.0,0.2,"(5, 2)",undefined
56.0,56.0,3527,test,2104.9292615850395,1.0,0.2,"(5, 2)",undefined
56.0,56.0,3528,test,2104.9292615850395,1.0,0.2,"(5, 2)",undefined
56.0,56.0,3529,test,2104.9292615850395,1.0,0.2,"(5, 2)",undefined
56.0,56.0,3530,test,2104.9292615850395,1.0,0.2,"(5, 2)",undefined
56.0,56.0,3531,test,2104.9292615850395,1.0,0.2,"(5, 2)",undefined
56.0,56.0,3532,test,2104.9292615850395,1.0,0.2,"(5, 2)",undefined
56.0,56.0,3533,test,2104.9292615850395,1.0,0.2,"(5, 2)",undefined
56.0,56.0,3534,test,2104.9292615850395,1.0,0.2,"(5, 2)",undefined
56.0,54.749999999999716,3535,test,2106.17926158504,1.0,0.2,"(5, 2)",undefined
56.0,53.49999999999943,3536,test,2107.4292615850404,1.0,0.2,"(5, 2)",undefined
56.0,52.24999999999915,3537,test,2108.679261585041,1.0,0.2,"(5, 2)",undefined
56.0,50.99999999999886,3538,test,2109.9292615850413,1.0,0.2,"(5, 2)",undefined
56.0,49.74999999999858,3539,test,2111.179261585042,1.0,0.2,"(5, 2)",undefined
56.0,48.499999999998295,3540,test,2112.4292615850422,1.0,0.2,"(5, 2)",undefined
56.0,47.24999999999801,3541,test,2113.6792615850427,1.0,0.2,"(5, 2)",undefined
56.0,45.999999999997726,3542,test,2114.929261585043,1.0,0.2,"(5, 2)",undefined
56.0,44.74999999999744,3543,test,2116.1792615850436,1.0,0.2,"(5, 2)",undefined
56.0,43.49999999999716,3544,test,2117.429261585044,1.0,0.2,"(5, 2)",undefined
56.0,42.249999999996874,3545,test,2118.6792615850445,1.0,0.2,"(5, 2)",undefined
56.0,40.99999999999659,3546,test,2119.929261585045,1.0,0.2,"(5, 2)",undefined
56.0,40.0,3547,test,2120.929261585042,1.0,0.2,"(5, 2)",undefined
56.0,40.0,3548,test,2120.929261585042,1.0,0.2,"(5, 2)",undefined
56.0,40.0,3549,test,2120.929261585042,1.0,0.2,"(5, 2)",undefined
56.0,40.0,3550,test,2120.929261585042,1.0,0.2,"(5, 2)",undefined
56.0,40.0,3551,test,2120.929261585042,1.0,0.2,"(5, 2)",undefined
56.0,40.0,3552,test,2120.929261585042,1.0,0.2,"(5, 2)",undefined
56.0,40.0,3553,test,2120.929261585042,1.0,0.2,"(5, 2)",undefined
56.0,40.0,3554,test,2120.929261585042,1.0,0.2,"(5, 2)",undefined
56.0,40.0,3555,test,2120.929261585042,1.0,0.2,"(5, 2)",undefined
56.0,40.0,3556,test,2120.929261585042,1.0,0.2,"(5, 2)",undefined
56.0,40.0,3557,test,2120.929261585042,1.0,0.2,"(5, 2)",undefined
56.0,40.0,3558,test,2120.929261585042,1.0,0.2,"(5, 2)",undefined
56.0,40.0,3559,test,2120.929261585042,1.0,0.2,"(5, 2)",undefined
56.0,40.0,3560,test,2120.929261585042,1.0,0.2,"(5, 2)",undefined
56.0,40.0,3561,test,2120.929261585042,1.0,0.2,"(5, 2)",undefined
56.0,40.0,3562,test,2120.929261585042,1.0,0.2,"(5, 2)",undefined
56.0,40.0,3563,test,2120.929261585042,1.0,0.2,"(5, 2)",undefined
56.0,40.0,3564,test,2120.929261585042,1.0,0.2,"(5, 2)",undefined
56.0,40.0,3565,test,2120.929261585042,1.0,0.2,"(5, 2)",undefined
56.0,40.0,3566,test,2120.929261585042,1.0,0.2,"(5, 2)",undefined
56.0,40.0,3567,test,2120.929261585042,1.0,0.2,"(5, 2)",undefined
56.0,40.0,3568,test,2120.929261585042,1.0,0.2,"(5, 2)",undefined
56.0,40.0,3569,test,2120.929261585042,1.0,0.2,"(5, 2)",undefined
56.0,40.0,3570,test,2120.929261585042,1.0,0.2,"(5, 2)",undefined
57.250000000000284,40.0,3571,test,2122.1792615850422,1.0,0.2,"(5, 2)",undefined
58.50000000000057,40.0,3572,test,2123.4292615850427,1.0,0.2,"(5, 2)",undefined
59.75000000000085,40.0,3573,test,2124.679261585043,1.0,0.2,"(5, 2)",undefined
61.00000000000114,40.0,3574,test,2125.9292615850436,1.0,0.2,"(5, 2)",undefined
62.25000000000142,40.0,3575,test,2127.179261585044,1.0,0.2,"(5, 2)",undefined
63.500000000001705,40.0,3576,test,2128.4292615850445,1.0,0.2,"(5, 2)",undefined
64.75000000000199,40.0,3577,test,2129.679261585045,1.0,0.2,"(5, 2)",undefined
66.00000000000227,40.0,3578,test,2130.9292615850454,1.0,0.2,"(5, 2)",undefined
67.25000000000256,40.0,3579,test,2132.179261585046,1.0,0.2,"(5, 2)",undefined
68.50000000000284,40.0,3580,test,2133.4292615850463,1.0,0.2,"(5, 2)",undefined
69.75000000000313,40.0,3581,test,2134.679261585047,1.0,0.2,"(5, 2)",undefined
71.00000000000341,40.0,3582,test,2135.9292615850472,1.0,0.2,"(5, 2)",undefined
72.2500000000037,40.0,3583,test,2137.1792615850477,1.0,0.2,"(5, 2)",undefined
73.50000000000398,40.0,3584,test,2138.429261585048,1.0,0.2,"(5, 2)",undefined
74.75000000000426,40.0,3585,test,2139.6792615850486,1.0,0.2,"(5, 2)",undefined
76.00000000000455,40.0,3586,test,2140.929261585049,1.0,0.2,"(5, 2)",undefined
77.25000000000483,40.0,3587,test,2142.1792615850495,1.0,0.2,"(5, 2)",undefined
78.50000000000512,40.0,3588,test,2143.42926158505,1.0,0.2,"(5, 2)",undefined
79.7500000000054,40.0,3589,test,2144.6792615850504,1.0,0.2,"(5, 2)",undefined
81.00000000000568,40.0,3590,test,2145.929261585051,1.0,0.2,"(5, 2)",undefined
82.25000000000597,40.0,3591,test,2147.1792615850513,1.0,0.2,"(5, 2)",undefined
83.50000000000625,40.0,3592,test,2148.429261585052,1.0,0.2,"(5, 2)",undefined
84.75000000000654,40.0,3593,test,2149.6792615850522,1.0,0.2,"(5, 2)",undefined
86.00000000000682,40.0,3594,test,2150.9292615850527,1.0,0.2,"(5, 2)",undefined
87.2500000000071,40.0,3595,test,2152.179261585053,1.0,0.2,"(5, 2)",undefined
88.0,40.0,3596,test,2152.929261585046,1.0,0.2,"(5, 2)",undefined
88.0,40.0,3597,test,2152.929261585046,1.0,0.2,"(5, 2)",undefined
88.0,40.0,3598,test,2152.929261585046,1.0,0.2,"(5, 2)",undefined
88.0,40.0,3599,test,2152.929261585046,1.0,0.2,"(5, 2)",undefined
88.0,40.0,3600,test,2152.929261585046,1.0,0.2,"(5, 2)",undefined
88.0,40.0,3601,test,2152.929261585046,1.0,0.2,"(5, 2)",undefined
88.0,40.0,3602,test,2152.929261585046,1.0,0.2,"(5, 2)",undefined
88.0,40.0,3603,test,2152.929261585046,1.0,0.2,"(5, 2)",undefined
88.0,40.0,3604,test,2152.929261585046,1.0,0.2,"(5, 2)",undefined
88.0,40.0,3605,test,2152.929261585046,1.0,0.2,"(5, 2)",undefined
88.0,40.0,3606,test,2152.929261585046,1.0,0.2,"(5, 2)",undefined
88.0,40.0,3607,test,2152.929261585046,1.0,0.2,"(5, 2)",undefined
88.0,40.0,3608,test,2152.929261585046,1.0,0.2,"(5, 2)",undefined
88.0,40.0,3609,test,2152.929261585046,1.0,0.2,"(5, 2)",undefined
88.0,40.0,3610,test,2152.929261585046,1.0,0.2,"(5, 2)",undefined
88.0,40.0,3611,test,2152.929261585046,1.0,0.2,"(5, 2)",undefined
88.0,40.0,3612,test,2152.929261585046,1.0,0.2,"(5, 2)",undefined
88.0,40.0,3613,test,2152.929261585046,1.0,0.2,"(5, 2)",undefined
88.0,40.0,3614,test,2152.929261585046,1.0,0.2,"(5, 2)",undefined
88.0,40.0,3615,test,2152.929261585046,1.0,0.2,"(5, 2)",undefined
88.0,40.0,3616,test,2152.929261585046,1.0,0.2,"(5, 2)",undefined
88.0,40.0,3617,test,2152.929261585046,1.0,0.2,"(5, 2)",undefined
88.0,40.0,3618,test,2152.929261585046,1.0,0.2,"(5, 2)",undefined
88.0,40.0,3619,test,2152.929261585046,1.0,0.2,"(5, 2)",undefined
88.0,40.0,3620,test,2152.929261585046,1.0,0.2,"(5, 2)",undefined
88.0,40.0,3621,test,2152.929261585046,1.0,0.2,"(5, 2)",undefined
88.0,40.0,3622,test,2152.929261585046,1.0,0.2,"(5, 2)",undefined
88.0,40.0,3623,test,2152.929261585046,1.0,0.2,"(5, 2)",undefined
88.0,40.0,3624,test,2152.929261585046,1.0,0.2,"(5, 2)",undefined
88.0,40.0,3625,test,2152.929261585046,1.0,0.2,"(5, 2)",undefined
88.0,40.0,3626,test,2152.929261585046,1.0,0.2,"(5, 2)",undefined
88.0,40.0,3627,test,2152.929261585046,1.0,0.2,"(5, 2)",undefined
88.0,40.0,3628,test,2152.929261585046,1.0,0.2,"(5, 2)",undefined
88.0,40.0,3629,test,2152.929261585046,1.0,0.2,"(5, 2)",undefined
88.0,40.0,3630,test,2152.929261585046,1.0,0.2,"(5, 2)",undefined
88.0,40.0,3631,test,2152.929261585046,1.0,0.2,"(5, 2)",undefined
88.0,40.0,3632,test,2152.929261585046,1.0,0.2,"(5, 2)",undefined
88.0,40.0,3633,test,2152.929261585046,1.0,0.2,"(5, 2)",undefined
88.0,40.0,3634,test,2152.929261585046,1.0,0.2,"(5, 2)",undefined
89.25000000000028,40.0,3635,test,2154.1792615850463,1.0,0.2,"(5, 2)",undefined
90.50000000000057,40.0,3636,test,2155.429261585047,1.0,0.2,"(5, 2)",undefined
91.75000000000085,40.0,3637,test,2156.6792615850472,1.0,0.2,"(5, 2)",undefined
93.00000000000114,40.0,3638,test,2157.9292615850477,1.0,0.2,"(5, 2)",undefined
94.25000000000142,40.0,3639,test,2159.179261585048,1.0,0.2,"(5, 2)",undefined
95.5000000000017,40.0,3640,test,2160.4292615850486,1.0,0.2,"(5, 2)",undefined
96.75000000000199,40.0,3641,test,2161.679261585049,1.0,0.2,"(5, 2)",undefined
98.00000000000227,40.0,3642,test,2162.9292615850495,1.0,0.2,"(5, 2)",undefined
99.25000000000256,40.0,3643,test,2164.17926158505,1.0,0.2,"(5, 2)",undefined
100.50000000000284,40.0,3644,test,2165.4292615850504,1.0,0.2,"(5, 2)",undefined
101.75000000000313,40.0,3645,test,2166.679261585051,1.0,0.2,"(5, 2)",undefined
103.00000000000341,40.0,3646,test,2167.9292615850513,1.0,0.2,"(5, 2)",undefined
104.2500000000037,40.0,3647,test,2169.179261585052,1.0,0.2,"(5, 2)",undefined
105.50000000000398,40.0,3648,test,2170.4292615850522,1.0,0.2,"(5, 2)",undefined
106.75000000000426,40.0,3649,test,2171.6792615850527,1.0,0.2,"(5, 2)",undefined
108.00000000000455,40.0,3650,test,2172.929261585053,1.0,0.2,"(5, 2)",undefined
109.25000000000483,40.0,3651,test,2174.1792615850536,1.0,0.2,"(5, 2)",undefined
110.50000000000512,40.0,3652,test,2175.429261585054,1.0,0.2,"(5, 2)",undefined
111.7500000000054,40.0,3653,test,2176.6792615850545,1.0,0.2,"(5, 2)",undefined
113.00000000000568,40.0,3654,test,2177.929261585055,1.0,0.2,"(5, 2)",undefined
114.25000000000597,40.0,3655,test,2179.1792615850554,1.0,0.2,"(5, 2)",undefined
115.50000000000625,40.0,3656,test,2180.429261585056,1.0,0.2,"(5, 2)",undefined
116.75000000000654,40.0,3657,test,2181.6792615850563,1.0,0.2,"(5, 2)",undefined
118.00000000000682,40.0,3658,test,2182.929261585057,1.0,0.2,"(5, 2)",undefined
119.2500000000071,40.0,3659,test,2184.1792615850572,1.0,0.2,"(5, 2)",undefined
120.29803951736653,39.50810911865716,3660,test,2185.336993621884,1.0,0.2,"(5, 2)",undefined
121.18739579836529,38.62973254483066,3661,test,2186.5869936218837,1.0,0.2,"(5, 2)",undefined
122.07675207936404,37.75135597100416,3662,test,2187.8369936218833,1.0,0.2,"(5, 2)",undefined
122.9661083603628,36.87297939717766,3663,test,2189.086993621883,1.0,0.2,"(5, 2)",undefined
123.85546464136155,35.99460282335116,3664,test,2190.3369936218824,1.0,0.2,"(5, 2)",undefined
124.7448209223603,35.11622624952466,3665,test,2191.586993621882,1.0,0.2,"(5, 2)",undefined
125.63417720335906,34.23784967569816,3666,test,2192.8369936218814,1.0,0.2,"(5, 2)",undefined
126.52353348435781,33.35947310187166,3667,test,2194.086993621881,1.0,0.2,"(5, 2)",undefined
127.41288976535657,32.48109652804516,3668,test,2195.3369936218805,1.0,0.2,"(5, 2)",undefined
128.30224604635532,31.602719954218657,3669,test,2196.58699362188,1.0,0.2,"(5, 2)",undefined
129.19160232735408,30.724343380392156,3670,test,2197.8369936218796,1.0,0.2,"(5, 2)",undefined
130.08095860835283,29.845966806565656,3671,test,2199.086993621879,1.0,0.2,"(5, 2)",undefined
130.97031488935158,28.967590232739155,3672,test,2200.3369936218787,1.0,0.2,"(5, 2)",undefined
131.85967117035034,28.089213658912655,3673,test,2201.5869936218783,1.0,0.2,"(5, 2)",undefined
132.7490274513491,27.210837085086226,3674,test,2202.836993621878,1.0,0.2,"(5, 2)",undefined
133.63838373234785,26.33246051126008,3675,test,2204.0869936218774,1.0,0.2,"(5, 2)",undefined
134.5277400133466,25.454083937433936,3676,test,2205.336993621877,1.0,0.2,"(5, 2)",undefined
135.41709629434553,24.57570736360819,3677,test,2206.586993621876,1.0,0.2,"(5, 2)",undefined
136.0,24.0,3678,test,2207.4062711686074,1.0,0.2,"(5, 2)",undefined
136.0,24.0,3679,test,2207.4062711686074,1.0,0.2,"(5, 2)",undefined
136.0,24.0,3680,test,2207.4062711686074,1.0,0.2,"(5, 2)",undefined
136.0,24.0,3681,test,2207.4062711686074,1.0,0.2,"(5, 2)",undefined
136.0,24.0,3682,test,2207.4062711686074,1.0,0.2,"(5, 2)",undefined
136.0,24.0,3683,test,2207.4062711686074,1.0,0.2,"(5, 2)",undefined
136.0,24.0,3684,test,2207.4062711686074,1.0,0.2,"(5, 2)",undefined
136.0,24.0,3685,test,2207.4062711686074,1.0,0.2,"(5, 2)",undefined
136.0,24.0,3686,test,2207.4062711686074,1.0,0.2,"(5, 2)",undefined
136.0,24.0,3687,test,2207.4062711686074,1.0,0.2,"(5, 2)",undefined
136.0,24.0,3688,test,2207.4062711686074,1.0,0.2,"(5, 2)",undefined
136.0,24.0,3689,test,2207.4062711686074,1.0,0.2,"(5, 2)",undefined
136.0,24.0,3690,test,2207.4062711686074,1.0,0.2,"(5, 2)",undefined
136.0,24.0,3691,test,2207.4062711686074,1.0,0.2,"(5, 2)",undefined
136.0,24.0,3692,test,2207.4062711686074,1.0,0.2,"(5, 2)",undefined
136.0,24.0,3693,test,2207.4062711686074,1.0,0.2,"(5, 2)",undefined
136.0,24.0,3694,test,2207.4062711686074,1.0,0.2,"(5, 2)",undefined
136.0,24.0,3695,test,2207.4062711686074,1.0,0.2,"(5, 2)",undefined
136.0,24.0,3696,test,2207.4062711686074,1.0,0.2,"(5, 2)",undefined
136.0,24.0,3697,test,2207.4062711686074,1.0,0.2,"(5, 2)",undefined
134.75000000000114,24.0,3698,test,2208.6562711686065,1.0,0.2,"(5, 2)",undefined
133.50000000000227,24.0,3699,test,2209.9062711686056,1.0,0.2,"(5, 2)",undefined
132.2500000000034,24.0,3700,test,2211.1562711686047,1.0,0.2,"(5, 2)",undefined
131.00000000000455,24.0,3701,test,2212.406271168604,1.0,0.2,"(5, 2)",undefined
129.75000000000568,24.0,3702,test,2213.656271168603,1.0,0.2,"(5, 2)",undefined
128.50000000000682,24.0,3703,test,2214.906271168602,1.0,0.2,"(5, 2)",undefined
127.2500000000071,24.0,3704,test,2216.1562711686015,1.0,0.2,"(5, 2)",undefined
126.00000000000682,24.0,3705,test,2217.406271168602,1.0,0.2,"(5, 2)",undefined
124.75000000000654,24.0,3706,test,2218.6562711686024,1.0,0.2,"(5, 2)",undefined
123.50000000000625,24.0,3707,test,2219.906271168603,1.0,0.2,"(5, 2)",undefined
122.25000000000597,24.0,3708,test,2221.1562711686033,1.0,0.2,"(5, 2)",undefined
121.00000000000568,24.0,3709,test,2222.406271168604,1.0,0.2,"(5, 2)",undefined
119.7500000000054,24.0,3710,test,2223.6562711686042,1.0,0.2,"(5, 2)",undefined
118.50000000000512,24.0,3711,test,2224.9062711686047,1.0,0.2,"(5, 2)",undefined
117.25000000000483,24.0,3712,test,2226.156271168605,1.0,0.2,"(5, 2)",undefined
116.00000000000455,24.0,3713,test,2227.4062711686056,1.0,0.2,"(5, 2)",undefined
114.75000000000426,24.0,3714,test,2228.656271168606,1.0,0.2,"(5, 2)",undefined
113.50000000000398,24.0,3715,test,2229.9062711686065,1.0,0.2,"(5, 2)",undefined
112.2500000000037,24.0,3716,test,2231.156271168607,1.0,0.2,"(5, 2)",undefined
111.00000000000341,24.0,3717,test,2232.4062711686074,1.0,0.2,"(5, 2)",undefined
109.75000000000313,24.0,3718,test,2233.656271168608,1.0,0.2,"(5, 2)",undefined
108.50000000000284,24.0,3719,test,2234.9062711686083,1.0,0.2,"(5, 2)",undefined
107.25000000000256,24.0,3720,test,2236.156271168609,1.0,0.2,"(5, 2)",undefined
106.00000000000227,24.0,3721,test,2237.4062711686092,1.0,0.2,"(5, 2)",undefined
104.75000000000199,24.0,3722,test,2238.6562711686097,1.0,0.2,"(5, 2)",undefined
103.5000000000017,24.0,3723,test,2239.90627116861,1.0,0.2,"(5, 2)",undefined
102.25000000000142,24.0,3724,test,2241.1562711686106,1.0,0.2,"(5, 2)",undefined
101.00000000000114,24.0,3725,test,2242.406271168611,1.0,0.2,"(5, 2)",undefined
99.75000000000085,24.0,3726,test,2243.6562711686115,1.0,0.2,"(5, 2)",undefined
98.50000000000057,24.0,3727,test,2244.906271168612,1.0,0.2,"(5, 2)",undefined
97.25000000000028,24.0,3728,test,2246.1562711686124,1.0,0.2,"(5, 2)",undefined
96.0,24.0,3729,test,2247.406271168613,1.0,0.2,"(5, 2)",undefined
94.74999999999972,24.0,3730,test,2248.6562711686133,1.0,0.2,"(5, 2)",undefined
93.49999999999943,24.0,3731,test,2249.906271168614,1.0,0.2,"(5, 2)",undefined
92.24999999999915,24.0,3732,test,2251.1562711686142,1.0,0.2,"(5, 2)",undefined
90.99999999999886,24.0,3733,test,2252.4062711686147,1.0,0.2,"(5, 2)",undefined
89.74999999999858,24.0,3734,test,2253.656271168615,1.0,0.2,"(5, 2)",undefined
88.4999999999983,24.0,3735,test,2254.9062711686156,1.0,0.2,"(5, 2)",undefined
87.24999999999801,24.0,3736,test,2256.156271168616,1.0,0.2,"(5, 2)",undefined
85.99999999999773,24.0,3737,test,2257.4062711686165,1.0,0.2,"(5, 2)",undefined
84.74999999999744,24.0,3738,test,2258.656271168617,1.0,0.2,"(5, 2)",undefined
83.49999999999716,24.0,3739,test,2259.9062711686174,1.0,0.2,"(5, 2)",undefined
82.24999999999687,24.0,3740,test,2261.156271168618,1.0,0.2,"(5, 2)",undefined
80.99999999999659,24.0,3741,test,2262.4062711686183,1.0,0.2,"(5, 2)",undefined
79.7499999999963,24.0,3742,test,2263.656271168619,1.0,0.2,"(5, 2)",undefined
78.49999999999602,24.0,3743,test,2264.9062711686192,1.0,0.2,"(5, 2)",undefined
77.24999999999574,24.0,3744,test,2266.1562711686197,1.0,0.2,"(5, 2)",undefined
75.99999999999545,24.0,3745,test,2267.40627116862,1.0,0.2,"(5, 2)",undefined
74.74999999999517,24.0,3746,test,2268.6562711686206,1.0,0.2,"(5, 2)",undefined
73.49999999999488,24.0,3747,test,2269.906271168621,1.0,0.2,"(5, 2)",undefined
72.2499999999946,24.0,3748,test,2271.1562711686215,1.0,0.2,"(5, 2)",undefined
71.34621797023578,24.84324151087344,3749,test,2272.392344873129,1.0,0.2,"(5, 2)",undefined
70.45686168923703,25.72161808469994,3750,test,2273.6423448731284,1.0,0.2,"(5, 2)",undefined
69.56750540823828,26.59999465852644,3751,test,2274.892344873128,1.0,0.2,"(5, 2)",undefined
68.67814912723952,27.47837123235294,3752,test,2276.1423448731275,1.0,0.2,"(5, 2)",undefined
67.78879284624077,28.356747806179442,3753,test,2277.392344873127,1.0,0.2,"(5, 2)",undefined
66.89943656524201,29.235124380005942,3754,test,2278.6423448731266,1.0,0.2,"(5, 2)",undefined
66.01008028424326,30.113500953832443,3755,test,2279.892344873126,1.0,0.2,"(5, 2)",undefined
65.1207240032445,30.991877527658943,3756,test,2281.1423448731257,1.0,0.2,"(5, 2)",undefined
64.23136772224575,31.870254101485443,3757,test,2282.3923448731252,1.0,0.2,"(5, 2)",undefined
63.34201144124647,32.748630675311944,3758,test,2283.6423448731252,1.0,0.2,"(5, 2)",undefined
62.452655160247005,33.627007249138444,3759,test,2284.8923448731252,1.0,0.2,"(5, 2)",undefined
61.56329887924754,34.505383822964944,3760,test,2286.1423448731252,1.0,0.2,"(5, 2)",undefined
60.673942598248075,35.383760396791445,3761,test,2287.3923448731252,1.0,0.2,"(5, 2)",undefined
59.78458631724861,36.262136970617945,3762,test,2288.6423448731252,1.0,0.2,"(5, 2)",undefined
58.895230036249146,37.140513544444445,3763,test,2289.8923448731252,1.0,0.2,"(5, 2)",undefined
58.00587375524984,38.018890118270946,3764,test,2291.1423448731252,1.0,0.2,"(5, 2)",undefined
57.11651747425088,38.897266692097446,3765,test,2292.3923448731252,1.0,0.2,"(5, 2)",undefined
56.22716119325191,39.77564326592395,3766,test,2293.6423448731252,1.0,0.2,"(5, 2)",undefined
56.0,40.0,3767,test,2293.9616224198535,1.0,0.2,"(5, 2)",undefined
56.0,40.0,3768,test,2293.9616224198535,1.0,0.2,"(5, 2)",undefined
56.0,40.0,3769,test,2293.9616224198535,1.0,0.2,"(5, 2)",undefined
56.0,40.0,3770,test,2293.9616224198535,1.0,0.2,"(5, 2)",undefined
56.0,40.0,3771,test,2293.9616224198535,1.0,0.2,"(5, 2)",undefined
56.0,40.0,3772,test,2293.9616224198535,1.0,0.2,"(5, 2)",undefined
56.0,40.0,3773,test,2293.9616224198535,1.0,0.2,"(5, 2)",undefined
56.0,40.0,3774,test,2293.9616224198535,1.0,0.2,"(5, 2)",undefined
56.0,40.0,3775,test,2293.9616224198535,1.0,0.2,"(5, 2)",undefined
56.0,40.0,3776,test,2293.9616224198535,1.0,0.2,"(5, 2)",undefined
56.0,40.0,3777,test,2293.9616224198535,1.0,0.2,"(5, 2)",undefined
56.0,40.0,3778,test,2293.9616224198535,1.0,0.2,"(5, 2)",undefined
56.0,40.0,3779,test,2293.9616224198535,1.0,0.2,"(5, 2)",undefined
56.0,40.0,3780,test,2293.9616224198535,1.0,0.2,"(5, 2)",undefined
56.0,40.0,3781,test,2293.9616224198535,1.0,0.2,"(5, 2)",undefined
56.0,40.0,3782,test,2293.9616224198535,1.0,0.2,"(5, 2)",undefined
56.0,40.0,3783,test,2293.9616224198535,1.0,0.2,"(5, 2)",undefined
56.0,40.0,3784,test,2293.9616224198535,1.0,0.2,"(5, 2)",undefined
56.0,40.0,3785,test,2293.9616224198535,1.0,0.2,"(5, 2)",undefined
57.250000000000284,40.0,3786,test,2295.211622419854,1.0,0.2,"(5, 2)",undefined
58.50000000000057,40.0,3787,test,2296.4616224198544,1.0,0.2,"(5, 2)",undefined
59.75000000000085,40.0,3788,test,2297.711622419855,1.0,0.2,"(5, 2)",undefined
61.00000000000114,40.0,3789,test,2298.9616224198553,1.0,0.2,"(5, 2)",undefined
62.25000000000142,40.0,3790,test,2300.2116224198558,1.0,0.2,"(5, 2)",undefined
63.500000000001705,40.0,3791,test,2301.461622419856,1.0,0.2,"(5, 2)",undefined
64.75000000000199,40.0,3792,test,2302.7116224198567,1.0,0.2,"(5, 2)",undefined
66.00000000000227,40.0,3793,test,2303.961622419857,1.0,0.2,"(5, 2)",undefined
67.25000000000256,40.0,3794,test,2305.2116224198576,1.0,0.2,"(5, 2)",undefined
68.50000000000284,40.0,3795,test,2306.461622419858,1.0,0.2,"(5, 2)",undefined
69.75000000000313,40.0,3796,test,2307.7116224198585,1.0,0.2,"(5, 2)",undefined
71.00000000000341,40.0,3797,test,2308.961622419859,1.0,0.2,"(5, 2)",undefined
72.2500000000037,40.0,3798,test,2310.2116224198594,1.0,0.2,"(5, 2)",undefined
73.50000000000398,40.0,3799,test,2311.46162241986,1.0,0.2,"(5, 2)",undefined
74.75000000000426,40.0,3800,test,2312.7116224198603,1.0,0.2,"(5, 2)",undefined
76.00000000000455,40.0,3801,test,2313.9616224198608,1.0,0.2,"(5, 2)",undefined
77.25000000000483,40.0,3802,test,2315.211622419861,1.0,0.2,"(5, 2)",undefined
78.50000000000512,40.0,3803,test,2316.4616224198617,1.0,0.2,"(5, 2)",undefined
79.7500000000054,40.0,3804,test,2317.711622419862,1.0,0.2,"(5, 2)",undefined
81.00000000000568,40.0,3805,test,2318.9616224198626,1.0,0.2,"(5, 2)",undefined
82.25000000000597,40.0,3806,test,2320.211622419863,1.0,0.2,"(5, 2)",undefined
83.50000000000625,40.0,3807,test,2321.4616224198635,1.0,0.2,"(5, 2)",undefined
84.75000000000654,40.0,3808,test,2322.711622419864,1.0,0.2,"(5, 2)",undefined
86.00000000000682,40.0,3809,test,2323.9616224198644,1.0,0.2,"(5, 2)",undefined
87.2500000000071,40.0,3810,test,2325.211622419865,1.0,0.2,"(5, 2)",undefined
88.50000000000739,40.0,3811,test,2326.4616224198653,1.0,0.2,"(5, 2)",undefined
89.75000000000767,40.0,3812,test,2327.7116224198658,1.0,0.2,"(5, 2)",undefined
91.00000000000796,40.0,3813,test,2328.961622419866,1.0,0.2,"(5, 2)",undefined
92.25000000000824,40.0,3814,test,2330.2116224198667,1.0,0.2,"(5, 2)",undefined
93.50000000000853,40.0,3815,test,2331.461622419867,1.0,0.2,"(5, 2)",undefined
94.75000000000881,40.0,3816,test,2332.7116224198676,1.0,0.2,"(5, 2)",undefined
96.0000000000091,40.0,3817,test,2333.961622419868,1.0,0.2,"(5, 2)",undefined
97.25000000000938,40.0,3818,test,2335.2116224198685,1.0,0.2,"(5, 2)",undefined
98.50000000000966,40.0,3819,test,2336.461622419869,1.0,0.2,"(5, 2)",undefined
99.75000000000995,40.0,3820,test,2337.7116224198694,1.0,0.2,"(5, 2)",undefined
101.00000000001023,40.0,3821,test,2338.96162241987,1.0,0.2,"(5, 2)",undefined
102.25000000001052,40.0,3822,test,2340.2116224198703,1.0,0.2,"(5, 2)",undefined
103.5000000000108,40.0,3823,test,2341.4616224198708,1.0,0.2,"(5, 2)",undefined
104.75000000001108,40.0,3824,test,2342.711622419871,1.0,0.2,"(5, 2)",undefined
106.00000000001137,40.0,3825,test,2343.9616224198717,1.0,0.2,"(5, 2)",undefined
107.25000000001165,40.0,3826,test,2345.211622419872,1.0,0.2,"(5, 2)",undefined
108.50000000001194,40.0,3827,test,2346.4616224198726,1.0,0.2,"(5, 2)",undefined
109.75000000001222,40.0,3828,test,2347.711622419873,1.0,0.2,"(5, 2)",undefined
111.0000000000125,40.0,3829,test,2348.9616224198735,1.0,0.2,"(5, 2)",undefined
112.25000000001279,40.0,3830,test,2350.211622419874,1.0,0.2,"(5, 2)",undefined
113.50000000001307,40.0,3831,test,2351.4616224198744,1.0,0.2,"(5, 2)",undefined
114.75000000001336,40.0,3832,test,2352.711622419875,1.0,0.2,"(5, 2)",undefined
116.00000000001364,40.0,3833,test,2353.9616224198753,1.0,0.2,"(5, 2)",undefined
117.25000000001393,40.0,3834,test,2355.2116224198758,1.0,0.2,"(5, 2)",undefined
118.50000000001421,40.0,3835,test,2356.461622419876,1.0,0.2,"(5, 2)",undefined
119.7500000000145,40.0,3836,test,2357.7116224198767,1.0,0.2,"(5, 2)",undefined
120.65378202977331,39.15675848912626,3837,test,2358.9476961243845,1.0,0.2,"(5, 2)",undefined
121.54313831077206,38.278381915299555,3838,test,2360.1976961243845,1.0,0.2,"(5, 2)",undefined
122.43249459177082,37.40000534147284,3839,test,2361.4476961243845,1.0,0.2,"(5, 2)",undefined
123.32185087276957,36.52162876764613,3840,test,2362.6976961243845,1.0,0.2,"(5, 2)",undefined
124.21120715376833,35.643252193819414,3841,test,2363.9476961243845,1.0,0.2,"(5, 2)",undefined
125.10056343476708,34.76487561999271,3842,test,2365.1976961243845,1.0,0.2,"(5, 2)",undefined
125.98991971576584,33.886499046165994,3843,test,2366.4476961243845,1.0,0.2,"(5, 2)",undefined
126.87927599676459,33.00812247233928,3844,test,2367.6976961243845,1.0,0.2,"(5, 2)",undefined
127.76863227776334,32.12974589851257,3845,test,2368.9476961243845,1.0,0.2,"(5, 2)",undefined
128.6579885587621,31.251369324685733,3846,test,2370.1976961243845,1.0,0.2,"(5, 2)",undefined
129.54734483976085,30.372992750858877,3847,test,2371.4476961243845,1.0,0.2,"(5, 2)",undefined
130.4367011207596,29.49461617703202,3848,test,2372.6976961243845,1.0,0.2,"(5, 2)",undefined
131.32605740175836,28.616239603205166,3849,test,2373.9476961243845,1.0,0.2,"(5, 2)",undefined
132.21541368275712,27.73786302937831,3850,test,2375.1976961243845,1.0,0.2,"(5, 2)",undefined
133.10476996375587,26.859486455551455,3851,test,2376.4476961243845,1.0,0.2,"(5, 2)",undefined
133.99412624475463,25.98110988172474,3852,test,2377.6976961243845,1.0,0.2,"(5, 2)",undefined
134.88348252575338,25.10273330789824,3853,test,2378.947696124384,1.0,0.2,"(5, 2)",undefined
135.77283880675213,24.224356734071804,3854,test,2380.1976961243836,1.0,0.2,"(5, 2)",undefined
136.0,24.0,3855,test,2380.516973671106,1.0,0.2,"(5, 2)",undefined
136.0,24.0,3856,test,2380.516973671106,1.0,0.2,"(5, 2)",undefined
136.0,24.0,3857,test,2380.516973671106,1.0,0.2,"(5, 2)",undefined
136.0,24.0,3858,test,2380.516973671106,1.0,0.2,"(5, 2)",undefined
136.0,24.0,3859,test,2380.516973671106,1.0,0.2,"(5, 2)",undefined
136.0,24.0,3860,test,2380.516973671106,1.0,0.2,"(5, 2)",undefined
136.0,24.0,3861,test,2380.516973671106,1.0,0.2,"(5, 2)",undefined
136.0,24.0,3862,test,2380.516973671106,1.0,0.2,"(5, 2)",undefined
136.0,24.0,3863,test,2380.516973671106,1.0,0.2,"(5, 2)",undefined
136.0,24.0,3864,test,2380.516973671106,1.0,0.2,"(5, 2)",undefined
136.0,24.0,3865,test,2380.516973671106,1.0,0.2,"(5, 2)",undefined
136.0,24.0,3866,test,2380.516973671106,1.0,0.2,"(5, 2)",undefined
136.0,24.0,3867,test,2380.516973671106,1.0,0.2,"(5, 2)",undefined
136.0,24.0,3868,test,2380.516973671106,1.0,0.2,"(5, 2)",undefined
136.0,24.0,3869,test,2380.516973671106,1.0,0.2,"(5, 2)",undefined
136.0,24.0,3870,test,2380.516973671106,1.0,0.2,"(5, 2)",undefined
136.0,24.0,3871,test,2380.516973671106,1.0,0.2,"(5, 2)",undefined
136.0,24.0,3872,test,2380.516973671106,1.0,0.2,"(5, 2)",undefined
136.0,24.0,3873,test,2380.516973671106,1.0,0.2,"(5, 2)",undefined
134.75000000000114,24.0,3874,test,2381.766973671105,1.0,0.2,"(5, 2)",undefined
133.50000000000227,24.0,3875,test,2383.016973671104,1.0,0.2,"(5, 2)",undefined
132.2500000000034,24.0,3876,test,2384.266973671103,1.0,0.2,"(5, 2)",undefined
131.00000000000455,24.0,3877,test,2385.5169736711023,1.0,0.2,"(5, 2)",undefined
129.75000000000568,24.0,3878,test,2386.7669736711014,1.0,0.2,"(5, 2)",undefined
128.50000000000682,24.0,3879,test,2388.0169736711005,1.0,0.2,"(5, 2)",undefined
127.2500000000071,24.0,3880,test,2389.2669736711,1.0,0.2,"(5, 2)",undefined
126.00000000000682,24.0,3881,test,2390.5169736711005,1.0,0.2,"(5, 2)",undefined
124.75000000000654,24.0,3882,test,2391.766973671101,1.0,0.2,"(5, 2)",undefined
123.50000000000625,24.0,3883,test,2393.0169736711014,1.0,0.2,"(5, 2)",undefined
122.25000000000597,24.0,3884,test,2394.266973671102,1.0,0.2,"(5, 2)",undefined
121.00000000000568,24.0,3885,test,2395.5169736711023,1.0,0.2,"(5, 2)",undefined
119.8763439699661,24.30755190613945,3886,test,2396.681959099687,1.0,0.2,"(5, 2)",undefined
118.9873267412821,25.186271637966456,3887,test,2397.9319590996865,1.0,0.2,"(5, 2)",undefined
118.0983095125981,26.06499136979346,3888,test,2399.181959099686,1.0,0.2,"(5, 2)",undefined
117.20929228391411,26.943711101620465,3889,test,2400.4319590996856,1.0,0.2,"(5, 2)",undefined
116.32027505523011,27.82243083344747,3890,test,2401.681959099685,1.0,0.2,"(5, 2)",undefined
115.43125782654612,28.70115056527412,3891,test,2402.9319590996847,1.0,0.2,"(5, 2)",undefined
114.54224059786175,29.57987029710077,3892,test,2404.1819590996843,1.0,0.2,"(5, 2)",undefined
113.6532233691772,30.458590028927418,3893,test,2405.4319590996843,1.0,0.2,"(5, 2)",undefined
112.76420614049265,31.337309760754067,3894,test,2406.6819590996843,1.0,0.2,"(5, 2)",undefined
111.87518891180801,32.2160294925808,3895,test,2407.9319590996843,1.0,0.2,"(5, 2)",undefined
110.98617168312309,33.094749224407806,3896,test,2409.1819590996847,1.0,0.2,"(5, 2)",undefined
110.09715445443817,33.97346895623481,3897,test,2410.431959099685,1.0,0.2,"(5, 2)",undefined
109.20813722575326,34.852188688061815,3898,test,2411.6819590996856,1.0,0.2,"(5, 2)",undefined
108.31911999706834,35.73090841988882,3899,test,2412.931959099686,1.0,0.2,"(5, 2)",undefined
107.43010276838343,36.609628151715825,3900,test,2414.1819590996865,1.0,0.2,"(5, 2)",undefined
106.54108553969851,37.48834788354283,3901,test,2415.431959099687,1.0,0.2,"(5, 2)",undefined
105.6520683110136,38.367067615369834,3902,test,2416.6819590996874,1.0,0.2,"(5, 2)",undefined
104.76305108232869,39.24578734719684,3903,test,2417.931959099688,1.0,0.2,"(5, 2)",undefined
103.74411162538074,39.81349821690576,3904,test,2419.098378084663,1.0,0.2,"(5, 2)",undefined
102.49419931818743,39.82830444284919,3905,test,2420.348378084663,1.0,0.2,"(5, 2)",undefined
101.24428701099411,39.84311066879262,3906,test,2421.598378084663,1.0,0.2,"(5, 2)",undefined
99.9943747038008,39.85791689473605,3907,test,2422.848378084663,1.0,0.2,"(5, 2)",undefined
98.74446239660749,39.87272312067948,3908,test,2424.098378084663,1.0,0.2,"(5, 2)",undefined
97.49455008941418,39.88752934662291,3909,test,2425.348378084663,1.0,0.2,"(5, 2)",undefined
96.24463778222086,39.902335572566344,3910,test,2426.598378084663,1.0,0.2,"(5, 2)",undefined
94.99472547502755,39.917141798509775,3911,test,2427.848378084663,1.0,0.2,"(5, 2)",undefined
93.74481316783424,39.931948024453206,3912,test,2429.098378084663,1.0,0.2,"(5, 2)",undefined
92.49490086064093,39.94675425039664,3913,test,2430.348378084663,1.0,0.2,"(5, 2)",undefined
91.24498855344761,39.96156047634007,3914,test,2431.598378084663,1.0,0.2,"(5, 2)",undefined
89.9950762462543,39.97636670228327,3915,test,2432.848378084663,1.0,0.2,"(5, 2)",undefined
88.74516393906099,39.99117292822635,3916,test,2434.098378084663,1.0,0.2,"(5, 2)",undefined
87.49520253103098,39.99778761283382,3917,test,2435.348356994732,1.0,0.2,"(5, 2)",undefined
86.24520254377215,39.997966086391884,3918,test,2436.598356994732,1.0,0.2,"(5, 2)",undefined
84.99520255651332,39.99814455994995,3919,test,2437.848356994732,1.0,0.2,"(5, 2)",undefined
83.74520256925449,39.998323033508015,3920,test,2439.098356994732,1.0,0.2,"(5, 2)",undefined
82.49520258199566,39.99850150706608,3921,test,2440.348356994732,1.0,0.2,"(5, 2)",undefined
81.24520259473682,39.998679980624146,3922,test,2441.598356994732,1.0,0.2,"(5, 2)",undefined
79.99520260747799,39.99885845418221,3923,test,2442.848356994732,1.0,0.2,"(5, 2)",undefined
78.74520262021916,39.99903692774028,3924,test,2444.098356994732,1.0,0.2,"(5, 2)",undefined
77.49520263296033,39.99921540129834,3925,test,2445.348356994732,1.0,0.2,"(5, 2)",undefined
76.2452026457015,39.99939387485641,3926,test,2446.598356994732,1.0,0.2,"(5, 2)",undefined
74.99520265844266,39.999572348414475,3927,test,2447.848356994732,1.0,0.2,"(5, 2)",undefined
73.74520267118383,39.99975082197275,3928,test,2449.098356994732,1.0,0.2,"(5, 2)",undefined
72.495202683925,39.99992929553117,3929,test,2450.348356994732,1.0,0.2,"(5, 2)",undefined
71.5193913528273,40.66763899269328,3930,test,2451.5307460988697,1.0,0.2,"(5, 2)",undefined
70.6301659131489,41.54614802362497,3931,test,2452.7807460988697,1.0,0.2,"(5, 2)",undefined
69.7409404734705,42.42465705455686,3932,test,2454.0307460988697,1.0,0.2,"(5, 2)",undefined
68.8517150337921,43.303166085489146,3933,test,2455.28074609887,1.0,0.2,"(5, 2)",undefined
67.9624895941137,44.181675116421424,3934,test,2456.5307460988706,1.0,0.2,"(5, 2)",undefined
67.07326415443531,45.0601841473537,3935,test,2457.780746098871,1.0,0.2,"(5, 2)",undefined
66.18403871475691,45.93869317828598,3936,test,2459.0307460988715,1.0,0.2,"(5, 2)",undefined
65.29481327507851,46.817202209218266,3937,test,2460.280746098872,1.0,0.2,"(5, 2)",undefined
64.40558783540011,47.695711240150544,3938,test,2461.5307460988724,1.0,0.2,"(5, 2)",undefined
63.516362395721714,48.57422027108282,3939,test,2462.780746098873,1.0,0.2,"(5, 2)",undefined
62.627136956043316,49.4527293020151,3940,test,2464.0307460988734,1.0,0.2,"(5, 2)",undefined
61.73791151636492,50.331238332947386,3941,test,2465.280746098874,1.0,0.2,"(5, 2)",undefined
60.84868607668652,51.209747363879664,3942,test,2466.5307460988743,1.0,0.2,"(5, 2)",undefined
59.95946063700812,52.08825639481194,3943,test,2467.7807460988747,1.0,0.2,"(5, 2)",undefined
59.07023519732972,52.96676542574422,3944,test,2469.030746098875,1.0,0.2,"(5, 2)",undefined
58.181009757651324,53.8452744566765,3945,test,2470.2807460988756,1.0,0.2,"(5, 2)",undefined
57.291784317972926,54.723783487608785,3946,test,2471.530746098876,1.0,0.2,"(5, 2)",undefined
56.40255887829453,55.60229251854106,3947,test,2472.7807460988765,1.0,0.2,"(5, 2)",undefined
56.0,56.0,3948,test,2473.3466302666193,1.0,0.2,"(5, 2)",undefined
56.0,56.0,3949,test,2473.3466302666193,1.0,0.2,"(5, 2)",undefined
56.0,56.0,3950,test,2473.3466302666193,1.0,0.2,"(5, 2)",undefined
56.0,56.0,3951,test,2473.3466302666193,1.0,0.2,"(5, 2)",undefined
56.0,56.0,3952,test,2473.3466302666193,1.0,0.2,"(5, 2)",undefined
56.0,56.0,3953,test,2473.3466302666193,1.0,0.2,"(5, 2)",undefined
56.0,56.0,3954,test,2473.3466302666193,1.0,0.2,"(5, 2)",undefined
56.0,56.0,3955,test,2473.3466302666193,1.0,0.2,"(5, 2)",undefined
56.0,56.0,3956,test,2473.3466302666193,1.0,0.2,"(5, 2)",undefined
56.0,56.0,3957,test,2473.3466302666193,1.0,0.2,"(5, 2)",undefined
56.0,56.0,3958,test,2473.3466302666193,1.0,0.2,"(5, 2)",undefined
56.0,56.0,3959,test,2473.3466302666193,1.0,0.2,"(5, 2)",undefined
56.0,56.0,3960,test,2473.3466302666193,1.0,0.2,"(5, 2)",undefined
56.0,56.0,3961,test,2473.3466302666193,1.0,0.2,"(5, 2)",undefined
56.0,56.0,3962,test,2473.3466302666193,1.0,0.2,"(5, 2)",undefined
56.0,56.0,3963,test,2473.3466302666193,1.0,0.2,"(5, 2)",undefined
56.0,56.0,3964,test,2473.3466302666193,1.0,0.2,"(5, 2)",undefined
56.0,56.0,3965,test,2473.3466302666193,1.0,0.2,"(5, 2)",undefined
56.0,56.0,3966,test,2473.3466302666193,1.0,0.2,"(5, 2)",undefined
56.0,56.0,3967,test,2473.3466302666193,1.0,0.2,"(5, 2)",undefined
56.0,56.0,3968,test,2473.3466302666193,1.0,0.2,"(5, 2)",undefined
56.0,54.749999999999716,3969,test,2474.5966302666197,1.0,0.2,"(5, 2)",undefined
56.0,53.49999999999943,3970,test,2475.84663026662,1.0,0.2,"(5, 2)",undefined
56.0,52.24999999999915,3971,test,2477.0966302666207,1.0,0.2,"(5, 2)",undefined
56.0,50.99999999999886,3972,test,2478.346630266621,1.0,0.2,"(5, 2)",undefined
56.0,49.74999999999858,3973,test,2479.5966302666216,1.0,0.2,"(5, 2)",undefined
56.0,48.499999999998295,3974,test,2480.846630266622,1.0,0.2,"(5, 2)",undefined
56.0,47.24999999999801,3975,test,2482.0966302666225,1.0,0.2,"(5, 2)",undefined
56.0,45.999999999997726,3976,test,2483.346630266623,1.0,0.2,"(5, 2)",undefined
56.0,44.74999999999744,3977,test,2484.5966302666234,1.0,0.2,"(5, 2)",undefined
56.0,43.49999999999716,3978,test,2485.846630266624,1.0,0.2,"(5, 2)",undefined
56.0,42.249999999996874,3979,test,2487.0966302666243,1.0,0.2,"(5, 2)",undefined
56.0,40.99999999999659,3980,test,2488.3466302666247,1.0,0.2,"(5, 2)",undefined
56.0,40.0,3981,test,2489.346630266621,1.0,0.2,"(5, 2)",undefined
56.0,40.0,3982,test,2489.346630266621,1.0,0.2,"(5, 2)",undefined
56.0,40.0,3983,test,2489.346630266621,1.0,0.2,"(5, 2)",undefined
56.0,40.0,3984,test,2489.346630266621,1.0,0.2,"(5, 2)",undefined
56.0,40.0,3985,test,2489.346630266621,1.0,0.2,"(5, 2)",undefined
56.0,40.0,3986,test,2489.346630266621,1.0,0.2,"(5, 2)",undefined
56.0,40.0,3987,test,2489.346630266621,1.0,0.2,"(5, 2)",undefined
56.0,40.0,3988,test,2489.346630266621,1.0,0.2,"(5, 2)",undefined
56.0,40.0,3989,test,2489.346630266621,1.0,0.2,"(5, 2)",undefined
56.0,40.0,3990,test,2489.346630266621,1.0,0.2,"(5, 2)",undefined
56.0,40.0,3991,test,2489.346630266621,1.0,0.2,"(5, 2)",undefined
56.0,40.0,3992,test,2489.346630266621,1.0,0.2,"(5, 2)",undefined
56.0,40.0,3993,test,2489.346630266621,1.0,0.2,"(5, 2)",undefined
56.0,40.0,3994,test,2489.346630266621,1.0,0.2,"(5, 2)",undefined
56.0,40.0,3995,test,2489.346630266621,1.0,0.2,"(5, 2)",undefined
56.0,40.0,3996,test,2489.346630266621,1.0,0.2,"(5, 2)",undefined
56.0,40.0,3997,test,2489.346630266621,1.0,0.2,"(5, 2)",undefined
56.0,40.0,3998,test,2489.346630266621,1.0,0.2,"(5, 2)",undefined
56.0,40.0,3999,test,2489.346630266621,1.0,0.2,"(5, 2)",undefined
56.0,40.0,4000,test,2489.346630266621,1.0,0.2,"(5, 2)",undefined
56.0,40.0,4001,test,2489.346630266621,1.0,0.2,"(5, 2)",undefined
56.0,40.0,4002,test,2489.346630266621,1.0,0.2,"(5, 2)",undefined
57.250000000000284,40.0,4003,test,2490.5966302666216,1.0,0.2,"(5, 2)",undefined
58.50000000000057,40.0,4004,test,2491.846630266622,1.0,0.2,"(5, 2)",undefined
59.75000000000085,40.0,4005,test,2493.0966302666225,1.0,0.2,"(5, 2)",undefined
61.00000000000114,40.0,4006,test,2494.346630266623,1.0,0.2,"(5, 2)",undefined
62.25000000000142,40.0,4007,test,2495.5966302666234,1.0,0.2,"(5, 2)",undefined
63.500000000001705,40.0,4008,test,2496.846630266624,1.0,0.2,"(5, 2)",undefined
64.75000000000199,40.0,4009,test,2498.0966302666243,1.0,0.2,"(5, 2)",undefined
66.00000000000227,40.0,4010,test,2499.3466302666247,1.0,0.2,"(5, 2)",undefined
67.25000000000256,40.0,4011,test,2500.596630266625,1.0,0.2,"(5, 2)",undefined
68.50000000000284,40.0,4012,test,2501.8466302666257,1.0,0.2,"(5, 2)",undefined
69.75000000000313,40.0,4013,test,2503.096630266626,1.0,0.2,"(5, 2)",undefined
71.00000000000341,40.0,4014,test,2504.3466302666266,1.0,0.2,"(5, 2)",undefined
72.2500000000037,40.0,4015,test,2505.596630266627,1.0,0.2,"(5, 2)",undefined
73.50000000000398,40.0,4016,test,2506.8466302666275,1.0,0.2,"(5, 2)",undefined
74.75000000000426,40.0,4017,test,2508.096630266628,1.0,0.2,"(5, 2)",undefined
76.00000000000455,40.0,4018,test,2509.3466302666284,1.0,0.2,"(5, 2)",undefined
77.25000000000483,40.0,4019,test,2510.596630266629,1.0,0.2,"(5, 2)",undefined
78.50000000000512,40.0,4020,test,2511.8466302666293,1.0,0.2,"(5, 2)",undefined
79.7500000000054,40.0,4021,test,2513.0966302666297,1.0,0.2,"(5, 2)",undefined
81.00000000000568,40.0,4022,test,2514.34663026663,1.0,0.2,"(5, 2)",undefined
82.25000000000597,40.0,4023,test,2515.5966302666307,1.0,0.2,"(5, 2)",undefined
83.50000000000625,40.0,4024,test,2516.846630266631,1.0,0.2,"(5, 2)",undefined
84.75000000000654,40.0,4025,test,2518.0966302666316,1.0,0.2,"(5, 2)",undefined
86.00000000000682,40.0,4026,test,2519.346630266632,1.0,0.2,"(5, 2)",undefined
87.2500000000071,40.0,4027,test,2520.5966302666325,1.0,0.2,"(5, 2)",undefined
88.0,40.0,4028,test,2521.346630266625,1.0,0.2,"(5, 2)",undefined
88.0,40.0,4029,test,2521.346630266625,1.0,0.2,"(5, 2)",undefined
88.0,40.0,4030,test,2521.346630266625,1.0,0.2,"(5, 2)",undefined
88.0,40.0,4031,test,2521.346630266625,1.0,0.2,"(5, 2)",undefined
88.0,40.0,4032,test,2521.346630266625,1.0,0.2,"(5, 2)",undefined
88.0,40.0,4033,test,2521.346630266625,1.0,0.2,"(5, 2)",undefined
88.0,40.0,4034,test,2521.346630266625,1.0,0.2,"(5, 2)",undefined
88.0,40.0,4035,test,2521.346630266625,1.0,0.2,"(5, 2)",undefined
88.0,40.0,4036,test,2521.346630266625,1.0,0.2,"(5, 2)",undefined
88.0,40.0,4037,test,2521.346630266625,1.0,0.2,"(5, 2)",undefined
88.0,40.0,4038,test,2521.346630266625,1.0,0.2,"(5, 2)",undefined
88.0,40.0,4039,test,2521.346630266625,1.0,0.2,"(5, 2)",undefined
88.0,40.0,4040,test,2521.346630266625,1.0,0.2,"(5, 2)",undefined
88.0,40.0,4041,test,2521.346630266625,1.0,0.2,"(5, 2)",undefined
88.0,40.0,4042,test,2521.346630266625,1.0,0.2,"(5, 2)",undefined
88.0,40.0,4043,test,2521.346630266625,1.0,0.2,"(5, 2)",undefined
88.0,40.0,4044,test,2521.346630266625,1.0,0.2,"(5, 2)",undefined
88.0,40.0,4045,test,2521.346630266625,1.0,0.2,"(5, 2)",undefined
88.0,40.0,4046,test,2521.346630266625,1.0,0.2,"(5, 2)",undefined
88.0,40.0,4047,test,2521.346630266625,1.0,0.2,"(5, 2)",undefined
88.0,40.0,4048,test,2521.346630266625,1.0,0.2,"(5, 2)",undefined
88.0,40.0,4049,test,2521.346630266625,1.0,0.2,"(5, 2)",undefined
88.0,40.0,4050,test,2521.346630266625,1.0,0.2,"(5, 2)",undefined
88.0,40.0,4051,test,2521.346630266625,1.0,0.2,"(5, 2)",undefined
88.0,40.0,4052,test,2521.346630266625,1.0,0.2,"(5, 2)",undefined
88.0,40.0,4053,test,2521.346630266625,1.0,0.2,"(5, 2)",undefined
88.0,40.0,4054,test,2521.346630266625,1.0,0.2,"(5, 2)",undefined
88.0,38.749999999999716,4055,test,2522.5966302666257,1.0,0.2,"(5, 2)",undefined
88.0,37.49999999999943,4056,test,2523.846630266626,1.0,0.2,"(5, 2)",undefined
88.0,36.24999999999915,4057,test,2525.0966302666266,1.0,0.2,"(5, 2)",undefined
88.0,34.99999999999886,4058,test,2526.346630266627,1.0,0.2,"(5, 2)",undefined
88.0,33.74999999999858,4059,test,2527.5966302666275,1.0,0.2,"(5, 2)",undefined
88.0,32.499999999998295,4060,test,2528.846630266628,1.0,0.2,"(5, 2)",undefined
88.0,31.249999999998227,4061,test,2530.096630266628,1.0,0.2,"(5, 2)",undefined
88.0,29.9999999999983,4062,test,2531.346630266628,1.0,0.2,"(5, 2)",undefined
88.0,28.74999999999837,4063,test,2532.596630266628,1.0,0.2,"(5, 2)",undefined
88.0,27.49999999999844,4064,test,2533.846630266628,1.0,0.2,"(5, 2)",undefined
88.0,26.24999999999851,4065,test,2535.096630266628,1.0,0.2,"(5, 2)",undefined
88.0,24.999999999998582,4066,test,2536.346630266628,1.0,0.2,"(5, 2)",undefined
88.0,24.0,4067,test,2537.3466302666266,1.0,0.2,"(5, 2)",undefined
88.0,24.0,4068,test,2537.3466302666266,1.0,0.2,"(5, 2)",undefined
88.0,24.0,4069,test,2537.3466302666266,1.0,0.2,"(5, 2)",undefined
88.0,24.0,4070,test,2537.3466302666266,1.0,0.2,"(5, 2)",undefined
88.0,24.0,4071,test,2537.3466302666266,1.0,0.2,"(5, 2)",undefined
88.0,24.0,4072,test,2537.3466302666266,1.0,0.2,"(5, 2)",undefined
88.0,24.0,4073,test,2537.3466302666266,1.0,0.2,"(5, 2)",undefined
88.0,24.0,4074,test,2537.3466302666266,1.0,0.2,"(5, 2)",undefined
88.0,24.0,4075,test,2537.3466302666266,1.0,0.2,"(5, 2)",undefined
88.0,24.0,4076,test,2537.3466302666266,1.0,0.2,"(5, 2)",undefined
88.0,24.0,4077,test,2537.3466302666266,1.0,0.2,"(5, 2)",undefined
88.0,24.0,4078,test,2537.3466302666266,1.0,0.2,"(5, 2)",undefined
88.0,24.0,4079,test,2537.3466302666266,1.0,0.2,"(5, 2)",undefined
88.0,24.0,4080,test,2537.3466302666266,1.0,0.2,"(5, 2)",undefined
88.0,24.0,4081,test,2537.3466302666266,1.0,0.2,"(5, 2)",undefined
88.0,24.0,4082,test,2537.3466302666266,1.0,0.2,"(5, 2)",undefined
88.0,24.0,4083,test,2537.3466302666266,1.0,0.2,"(5, 2)",undefined
88.0,24.0,4084,test,2537.3466302666266,1.0,0.2,"(5, 2)",undefined
88.0,24.0,4085,test,2537.3466302666266,1.0,0.2,"(5, 2)",undefined
88.0,24.0,4086,test,2537.3466302666266,1.0,0.2,"(5, 2)",undefined
88.0,24.0,4087,test,2537.3466302666266,1.0,0.2,"(5, 2)",undefined
86.74999999999972,24.0,4088,test,2538.596630266627,1.0,0.2,"(5, 2)",undefined
85.49999999999943,24.0,4089,test,2539.8466302666275,1.0,0.2,"(5, 2)",undefined
84.24999999999915,24.0,4090,test,2541.096630266628,1.0,0.2,"(5, 2)",undefined
82.99999999999886,24.0,4091,test,2542.3466302666284,1.0,0.2,"(5, 2)",undefined
81.74999999999858,24.0,4092,test,2543.596630266629,1.0,0.2,"(5, 2)",undefined
80.4999999999983,24.0,4093,test,2544.8466302666293,1.0,0.2,"(5, 2)",undefined
79.24999999999801,24.0,4094,test,2546.0966302666297,1.0,0.2,"(5, 2)",undefined
77.99999999999773,24.0,4095,test,2547.34663026663,1.0,0.2,"(5, 2)",undefined
76.74999999999744,24.0,4096,test,2548.5966302666307,1.0,0.2,"(5, 2)",undefined
75.49999999999716,24.0,4097,test,2549.846630266631,1.0,0.2,"(5, 2)",undefined
74.24999999999687,24.0,4098,test,2551.0966302666316,1.0,0.2,"(5, 2)",undefined
72.99999999999659,24.0,4099,test,2552.346630266632,1.0,0.2,"(5, 2)",undefined
71.87983173883686,24.31621556657754,4100,test,2553.510575805674,1.0,0.2,"(5, 2)",undefined
70.9904754578381,25.19459214040404,4101,test,2554.7605758056734,1.0,0.2,"(5, 2)",undefined
70.10111917683935,26.07296871423054,4102,test,2556.010575805673,1.0,0.2,"(5, 2)",undefined
69.2117628958406,26.95134528805704,4103,test,2557.2605758056725,1.0,0.2,"(5, 2)",undefined
68.32240661484184,27.82972186188354,4104,test,2558.510575805672,1.0,0.2,"(5, 2)",undefined
67.43305033384308,28.708098435710042,4105,test,2559.7605758056716,1.0,0.2,"(5, 2)",undefined
66.54369405284433,29.586475009536542,4106,test,2561.010575805671,1.0,0.2,"(5, 2)",undefined
65.65433777184558,30.464851583363043,4107,test,2562.2605758056707,1.0,0.2,"(5, 2)",undefined
64.76498149084682,31.343228157189543,4108,test,2563.51057580567,1.0,0.2,"(5, 2)",undefined
63.87562520984797,32.22160473101604,4109,test,2564.7605758056698,1.0,0.2,"(5, 2)",undefined
62.9862689288485,33.099981304842544,4110,test,2566.0105758056698,1.0,0.2,"(5, 2)",undefined
62.09691264784904,33.978357878669044,4111,test,2567.2605758056698,1.0,0.2,"(5, 2)",undefined
61.20755636684957,34.856734452495544,4112,test,2568.5105758056698,1.0,0.2,"(5, 2)",undefined
60.31820008585011,35.735111026322045,4113,test,2569.7605758056698,1.0,0.2,"(5, 2)",undefined
59.42884380485064,36.613487600148545,4114,test,2571.0105758056698,1.0,0.2,"(5, 2)",undefined
58.53948752385118,37.491864173975046,4115,test,2572.2605758056698,1.0,0.2,"(5, 2)",undefined
57.650131242851714,38.370240747801546,4116,test,2573.5105758056698,1.0,0.2,"(5, 2)",undefined
56.76077496185225,39.24861732162794,4117,test,2574.7605758056698,1.0,0.2,"(5, 2)",undefined
56.0,40.0,4118,test,2575.829853352399,1.0,0.2,"(5, 2)",undefined
56.0,40.0,4119,test,2575.829853352399,1.0,0.2,"(5, 2)",undefined
56.0,40.0,4120,test,2575.829853352399,1.0,0.2,"(5, 2)",undefined
56.0,40.0,4121,test,2575.829853352399,1.0,0.2,"(5, 2)",undefined
56.0,40.0,4122,test,2575.829853352399,1.0,0.2,"(5, 2)",undefined
56.0,40.0,4123,test,2575.829853352399,1.0,0.2,"(5, 2)",undefined
56.0,40.0,4124,test,2575.829853352399,1.0,0.2,"(5, 2)",undefined
56.0,40.0,4125,test,2575.829853352399,1.0,0.2,"(5, 2)",undefined
56.0,40.0,4126,test,2575.829853352399,1.0,0.2,"(5, 2)",undefined
56.0,40.0,4127,test,2575.829853352399,1.0,0.2,"(5, 2)",undefined
56.0,40.0,4128,test,2575.829853352399,1.0,0.2,"(5, 2)",undefined
56.0,40.0,4129,test,2575.829853352399,1.0,0.2,"(5, 2)",undefined
56.0,40.0,4130,test,2575.829853352399,1.0,0.2,"(5, 2)",undefined
56.0,40.0,4131,test,2575.829853352399,1.0,0.2,"(5, 2)",undefined
56.0,40.0,4132,test,2575.829853352399,1.0,0.2,"(5, 2)",undefined
56.0,40.0,4133,test,2575.829853352399,1.0,0.2,"(5, 2)",undefined
56.0,40.0,4134,test,2575.829853352399,1.0,0.2,"(5, 2)",undefined
56.0,40.0,4135,test,2575.829853352399,1.0,0.2,"(5, 2)",undefined
56.0,40.0,4136,test,2575.829853352399,1.0,0.2,"(5, 2)",undefined
56.0,40.0,4137,test,2575.829853352399,1.0,0.2,"(5, 2)",undefined
56.0,40.0,4138,test,2575.829853352399,1.0,0.2,"(5, 2)",undefined
57.250000000000284,40.0,4139,test,2577.0798533523994,1.0,0.2,"(5, 2)",undefined
58.50000000000057,40.0,4140,test,2578.3298533524,1.0,0.2,"(5, 2)",undefined
59.75000000000085,40.0,4141,test,2579.5798533524003,1.0,0.2,"(5, 2)",undefined
61.00000000000114,40.0,4142,test,2580.8298533524007,1.0,0.2,"(5, 2)",undefined
62.25000000000142,40.0,4143,test,2582.079853352401,1.0,0.2,"(5, 2)",undefined
63.500000000001705,40.0,4144,test,2583.3298533524016,1.0,0.2,"(5, 2)",undefined
64.75000000000199,40.0,4145,test,2584.579853352402,1.0,0.2,"(5, 2)",undefined
66.00000000000227,40.0,4146,test,2585.8298533524026,1.0,0.2,"(5, 2)",undefined
67.25000000000256,40.0,4147,test,2587.079853352403,1.0,0.2,"(5, 2)",undefined
68.50000000000284,40.0,4148,test,2588.3298533524035,1.0,0.2,"(5, 2)",undefined
69.75000000000313,40.0,4149,test,2589.579853352404,1.0,0.2,"(5, 2)",undefined
71.00000000000341,40.0,4150,test,2590.8298533524044,1.0,0.2,"(5, 2)",undefined
72.12016826116314,39.68378443342246,4151,test,2591.993798891446,1.0,0.2,"(5, 2)",undefined
73.0095245421619,38.80540785959596,4152,test,2593.2437988914457,1.0,0.2,"(5, 2)",undefined
73.89888082316065,37.92703128576946,4153,test,2594.4937988914453,1.0,0.2,"(5, 2)",undefined
74.7882371041594,37.04865471194296,4154,test,2595.743798891445,1.0,0.2,"(5, 2)",undefined
75.67759338515816,36.17027813811646,4155,test,2596.9937988914444,1.0,0.2,"(5, 2)",undefined
76.56694966615692,35.29190156428996,4156,test,2598.243798891444,1.0,0.2,"(5, 2)",undefined
77.45630594715567,34.41352499046346,4157,test,2599.4937988914435,1.0,0.2,"(5, 2)",undefined
78.34566222815442,33.53514841663696,4158,test,2600.743798891443,1.0,0.2,"(5, 2)",undefined
79.23501850915318,32.65677184281046,4159,test,2601.9937988914426,1.0,0.2,"(5, 2)",undefined
80.12437479015193,31.778395268983957,4160,test,2603.243798891442,1.0,0.2,"(5, 2)",undefined
81.01373107115069,30.900018695157552,4161,test,2604.4937988914417,1.0,0.2,"(5, 2)",undefined
81.90308735214953,30.021642121331407,4162,test,2605.743798891441,1.0,0.2,"(5, 2)",undefined
82.79244363314886,29.143265547505262,4163,test,2606.993798891441,1.0,0.2,"(5, 2)",undefined
83.68179991414819,28.264888973679117,4164,test,2608.243798891441,1.0,0.2,"(5, 2)",undefined
84.57115619514751,27.386512399852972,4165,test,2609.493798891441,1.0,0.2,"(5, 2)",undefined
85.46051247614683,26.508135826026827,4166,test,2610.743798891441,1.0,0.2,"(5, 2)",undefined
86.34986875714615,25.62975925220068,4167,test,2611.993798891441,1.0,0.2,"(5, 2)",undefined
87.23922503814548,24.751382678374537,4168,test,2613.243798891441,1.0,0.2,"(5, 2)",undefined
88.0,24.0,4169,test,2614.3130764381735,1.0,0.2,"(5, 2)",undefined
88.0,24.0,4170,test,2614.3130764381735,1.0,0.2,"(5, 2)",undefined
88.0,24.0,4171,test,2614.3130764381735,1.0,0.2,"(5, 2)",undefined
88.0,24.0,4172,test,2614.3130764381735,1.0,0.2,"(5, 2)",undefined
88.0,24.0,4173,test,2614.3130764381735,1.0,0.2,"(5, 2)",undefined
88.0,24.0,4174,test,2614.3130764381735,1.0,0.2,"(5, 2)",undefined
88.0,24.0,4175,test,2614.3130764381735,1.0,0.2,"(5, 2)",undefined
88.0,24.0,4176,test,2614.3130764381735,1.0,0.2,"(5, 2)",undefined
88.0,24.0,4177,test,2614.3130764381735,1.0,0.2,"(5, 2)",undefined
88.0,24.0,4178,test,2614.3130764381735,1.0,0.2,"(5, 2)",undefined
88.0,24.0,4179,test,2614.3130764381735,1.0,0.2,"(5, 2)",undefined
88.0,24.0,4180,test,2614.3130764381735,1.0,0.2,"(5, 2)",undefined
88.0,24.0,4181,test,2614.3130764381735,1.0,0.2,"(5, 2)",undefined
88.0,24.0,4182,test,2614.3130764381735,1.0,0.2,"(5, 2)",undefined
88.0,24.0,4183,test,2614.3130764381735,1.0,0.2,"(5, 2)",undefined
88.0,24.0,4184,test,2614.3130764381735,1.0,0.2,"(5, 2)",undefined
88.0,24.0,4185,test,2614.3130764381735,1.0,0.2,"(5, 2)",undefined
88.0,24.0,4186,test,2614.3130764381735,1.0,0.2,"(5, 2)",undefined
88.0,24.0,4187,test,2614.3130764381735,1.0,0.2,"(5, 2)",undefined
88.0,24.0,4188,test,2614.3130764381735,1.0,0.2,"(5, 2)",undefined
88.0,24.0,4189,test,2614.3130764381735,1.0,0.2,"(5, 2)",undefined
88.0,24.0,4190,test,2614.3130764381735,1.0,0.2,"(5, 2)",undefined
86.74999999999972,24.0,4191,test,2615.563076438174,1.0,0.2,"(5, 2)",undefined
85.49999999999943,24.0,4192,test,2616.8130764381744,1.0,0.2,"(5, 2)",undefined
84.24999999999915,24.0,4193,test,2618.063076438175,1.0,0.2,"(5, 2)",undefined
82.99999999999886,24.0,4194,test,2619.3130764381754,1.0,0.2,"(5, 2)",undefined
81.74999999999858,24.0,4195,test,2620.563076438176,1.0,0.2,"(5, 2)",undefined
80.4999999999983,24.0,4196,test,2621.8130764381763,1.0,0.2,"(5, 2)",undefined
79.24999999999801,24.0,4197,test,2623.0630764381767,1.0,0.2,"(5, 2)",undefined
77.99999999999773,24.0,4198,test,2624.313076438177,1.0,0.2,"(5, 2)",undefined
76.74999999999744,24.0,4199,test,2625.5630764381776,1.0,0.2,"(5, 2)",undefined
75.49999999999716,24.0,4200,test,2626.813076438178,1.0,0.2,"(5, 2)",undefined
74.24999999999687,24.0,4201,test,2628.0630764381785,1.0,0.2,"(5, 2)",undefined
72.99999999999659,24.0,4202,test,2629.313076438179,1.0,0.2,"(5, 2)",undefined
71.87983173883686,24.31621556657754,4203,test,2630.477021977221,1.0,0.2,"(5, 2)",undefined
70.9904754578381,25.19459214040404,4204,test,2631.7270219772204,1.0,0.2,"(5, 2)",undefined
70.10111917683935,26.07296871423054,4205,test,2632.97702197722,1.0,0.2,"(5, 2)",undefined
69.2117628958406,26.95134528805704,4206,test,2634.2270219772195,1.0,0.2,"(5, 2)",undefined
68.32240661484184,27.82972186188354,4207,test,2635.477021977219,1.0,0.2,"(5, 2)",undefined
67.43305033384308,28.708098435710042,4208,test,2636.7270219772186,1.0,0.2,"(5, 2)",undefined
66.54369405284433,29.586475009536542,4209,test,2637.977021977218,1.0,0.2,"(5, 2)",undefined
65.65433777184558,30.464851583363043,4210,test,2639.2270219772176,1.0,0.2,"(5, 2)",undefined
64.76498149084682,31.343228157189543,4211,test,2640.477021977217,1.0,0.2,"(5, 2)",undefined
63.87562520984797,32.22160473101604,4212,test,2641.7270219772167,1.0,0.2,"(5, 2)",undefined
62.9862689288485,33.099981304842544,4213,test,2642.9770219772167,1.0,0.2,"(5, 2)",undefined
62.09691264784904,33.978357878669044,4214,test,2644.2270219772167,1.0,0.2,"(5, 2)",undefined
61.20755636684957,34.856734452495544,4215,test,2645.4770219772167,1.0,0.2,"(5, 2)",undefined
60.31820008585011,35.735111026322045,4216,test,2646.7270219772167,1.0,0.2,"(5, 2)",undefined
59.42884380485064,36.613487600148545,4217,test,2647.9770219772167,1.0,0.2,"(5, 2)",undefined
58.53948752385118,37.491864173975046,4218,test,2649.2270219772167,1.0,0.2,"(5, 2)",undefined
57.650131242851714,38.370240747801546,4219,test,2650.4770219772167,1.0,0.2,"(5, 2)",undefined
56.76077496185225,39.24861732162794,4220,test,2651.7270219772167,1.0,0.2,"(5, 2)",undefined
56.0,40.0,4221,test,2652.796299523946,1.0,0.2,"(5, 2)",undefined
56.0,40.0,4222,test,2652.796299523946,1.0,0.2,"(5, 2)",undefined
56.0,40.0,4223,test,2652.796299523946,1.0,0.2,"(5, 2)",undefined
56.0,40.0,4224,test,2652.796299523946,1.0,0.2,"(5, 2)",undefined
56.0,40.0,4225,test,2652.796299523946,1.0,0.2,"(5, 2)",undefined
56.0,40.0,4226,test,2652.796299523946,1.0,0.2,"(5, 2)",undefined
56.0,40.0,4227,test,2652.796299523946,1.0,0.2,"(5, 2)",undefined
56.0,40.0,4228,test,2652.796299523946,1.0,0.2,"(5, 2)",undefined
56.0,40.0,4229,test,2652.796299523946,1.0,0.2,"(5, 2)",undefined
56.0,40.0,4230,test,2652.796299523946,1.0,0.2,"(5, 2)",undefined
56.0,40.0,4231,test,2652.796299523946,1.0,0.2,"(5, 2)",undefined
56.0,40.0,4232,test,2652.796299523946,1.0,0.2,"(5, 2)",undefined
56.0,40.0,4233,test,2652.796299523946,1.0,0.2,"(5, 2)",undefined
56.0,40.0,4234,test,2652.796299523946,1.0,0.2,"(5, 2)",undefined
56.0,40.0,4235,test,2652.796299523946,1.0,0.2,"(5, 2)",undefined
56.0,40.0,4236,test,2652.796299523946,1.0,0.2,"(5, 2)",undefined
56.0,40.0,4237,test,2652.796299523946,1.0,0.2,"(5, 2)",undefined
56.0,40.0,4238,test,2652.796299523946,1.0,0.2,"(5, 2)",undefined
56.0,40.0,4239,test,2652.796299523946,1.0,0.2,"(5, 2)",undefined
56.0,40.0,4240,test,2652.796299523946,1.0,0.2,"(5, 2)",undefined
56.0,40.0,4241,test,2652.796299523946,1.0,0.2,"(5, 2)",undefined
56.0,40.0,4242,test,2652.796299523946,1.0,0.2,"(5, 2)",undefined
56.0,40.0,4243,test,2652.796299523946,1.0,0.2,"(5, 2)",undefined
56.0,40.0,4244,test,2652.796299523946,1.0,0.2,"(5, 2)",undefined
56.0,40.0,4245,test,2652.796299523946,1.0,0.2,"(5, 2)",undefined
56.0,40.0,4246,test,2652.796299523946,1.0,0.2,"(5, 2)",undefined
57.250000000000284,40.0,4247,test,2654.0462995239463,1.0,0.2,"(5, 2)",undefined
58.50000000000057,40.0,4248,test,2655.296299523947,1.0,0.2,"(5, 2)",undefined
59.75000000000085,40.0,4249,test,2656.5462995239473,1.0,0.2,"(5, 2)",undefined
61.00000000000114,40.0,4250,test,2657.7962995239477,1.0,0.2,"(5, 2)",undefined
62.25000000000142,40.0,4251,test,2659.046299523948,1.0,0.2,"(5, 2)",undefined
63.500000000001705,40.0,4252,test,2660.2962995239486,1.0,0.2,"(5, 2)",undefined
64.75000000000199,40.0,4253,test,2661.546299523949,1.0,0.2,"(5, 2)",undefined
66.00000000000227,40.0,4254,test,2662.7962995239495,1.0,0.2,"(5, 2)",undefined
67.25000000000256,40.0,4255,test,2664.04629952395,1.0,0.2,"(5, 2)",undefined
68.50000000000284,40.0,4256,test,2665.2962995239504,1.0,0.2,"(5, 2)",undefined
69.75000000000313,40.0,4257,test,2666.546299523951,1.0,0.2,"(5, 2)",undefined
71.00000000000341,40.0,4258,test,2667.7962995239513,1.0,0.2,"(5, 2)",undefined
72.2500000000037,40.0,4259,test,2669.046299523952,1.0,0.2,"(5, 2)",undefined
73.50000000000398,40.0,4260,test,2670.2962995239523,1.0,0.2,"(5, 2)",undefined
74.75000000000426,40.0,4261,test,2671.5462995239527,1.0,0.2,"(5, 2)",undefined
76.00000000000455,40.0,4262,test,2672.796299523953,1.0,0.2,"(5, 2)",undefined
77.25000000000483,40.0,4263,test,2674.0462995239536,1.0,0.2,"(5, 2)",undefined
78.50000000000512,40.0,4264,test,2675.296299523954,1.0,0.2,"(5, 2)",undefined
79.7500000000054,40.0,4265,test,2676.5462995239545,1.0,0.2,"(5, 2)",undefined
81.00000000000568,40.0,4266,test,2677.796299523955,1.0,0.2,"(5, 2)",undefined
82.25000000000597,40.0,4267,test,2679.0462995239554,1.0,0.2,"(5, 2)",undefined
83.50000000000625,40.0,4268,test,2680.296299523956,1.0,0.2,"(5, 2)",undefined
84.75000000000654,40.0,4269,test,2681.5462995239563,1.0,0.2,"(5, 2)",undefined
86.00000000000682,40.0,4270,test,2682.796299523957,1.0,0.2,"(5, 2)",undefined
87.2500000000071,40.0,4271,test,2684.0462995239573,1.0,0.2,"(5, 2)",undefined
88.50000000000739,40.0,4272,test,2685.2962995239577,1.0,0.2,"(5, 2)",undefined
89.75000000000767,40.0,4273,test,2686.546299523958,1.0,0.2,"(5, 2)",undefined
91.00000000000796,40.0,4274,test,2687.7962995239586,1.0,0.2,"(5, 2)",undefined
92.25000000000824,40.0,4275,test,2689.046299523959,1.0,0.2,"(5, 2)",undefined
93.50000000000853,40.0,4276,test,2690.2962995239595,1.0,0.2,"(5, 2)",undefined
94.75000000000881,40.0,4277,test,2691.54629952396,1.0,0.2,"(5, 2)",undefined
96.0000000000091,40.0,4278,test,2692.7962995239604,1.0,0.2,"(5, 2)",undefined
97.25000000000938,40.0,4279,test,2694.046299523961,1.0,0.2,"(5, 2)",undefined
98.50000000000966,40.0,4280,test,2695.2962995239614,1.0,0.2,"(5, 2)",undefined
99.75000000000995,40.0,4281,test,2696.546299523962,1.0,0.2,"(5, 2)",undefined
101.00000000001023,40.0,4282,test,2697.7962995239623,1.0,0.2,"(5, 2)",undefined
102.25000000001052,40.0,4283,test,2699.0462995239627,1.0,0.2,"(5, 2)",undefined
103.5000000000108,40.0,4284,test,2700.296299523963,1.0,0.2,"(5, 2)",undefined
104.75000000001108,40.0,4285,test,2701.5462995239636,1.0,0.2,"(5, 2)",undefined
106.00000000001137,40.0,4286,test,2702.796299523964,1.0,0.2,"(5, 2)",undefined
107.25000000001165,40.0,4287,test,2704.0462995239645,1.0,0.2,"(5, 2)",undefined
108.50000000001194,40.0,4288,test,2705.296299523965,1.0,0.2,"(5, 2)",undefined
109.75000000001222,40.0,4289,test,2706.5462995239654,1.0,0.2,"(5, 2)",undefined
111.0000000000125,40.0,4290,test,2707.796299523966,1.0,0.2,"(5, 2)",undefined
112.25000000001279,40.0,4291,test,2709.0462995239664,1.0,0.2,"(5, 2)",undefined
113.50000000001307,40.0,4292,test,2710.296299523967,1.0,0.2,"(5, 2)",undefined
114.75000000001336,40.0,4293,test,2711.5462995239673,1.0,0.2,"(5, 2)",undefined
116.00000000001364,40.0,4294,test,2712.7962995239677,1.0,0.2,"(5, 2)",undefined
117.25000000001393,40.0,4295,test,2714.046299523968,1.0,0.2,"(5, 2)",undefined
118.50000000001421,40.0,4296,test,2715.2962995239686,1.0,0.2,"(5, 2)",undefined
119.7500000000145,40.0,4297,test,2716.546299523969,1.0,0.2,"(5, 2)",undefined
120.65378202977331,39.15675848912626,4298,test,2717.782373228477,1.0,0.2,"(5, 2)",undefined
121.54313831077206,38.278381915299555,4299,test,2719.032373228477,1.0,0.2,"(5, 2)",undefined
122.43249459177082,37.40000534147284,4300,test,2720.282373228477,1.0,0.2,"(5, 2)",undefined
123.32185087276957,36.52162876764613,4301,test,2721.532373228477,1.0,0.2,"(5, 2)",undefined
124.21120715376833,35.643252193819414,4302,test,2722.782373228477,1.0,0.2,"(5, 2)",undefined
125.10056343476708,34.76487561999271,4303,test,2724.032373228477,1.0,0.2,"(5, 2)",undefined
125.98991971576584,33.886499046165994,4304,test,2725.282373228477,1.0,0.2,"(5, 2)",undefined
126.87927599676459,33.00812247233928,4305,test,2726.532373228477,1.0,0.2,"(5, 2)",undefined
127.76863227776334,32.12974589851257,4306,test,2727.782373228477,1.0,0.2,"(5, 2)",undefined
128.6579885587621,31.251369324685733,4307,test,2729.032373228477,1.0,0.2,"(5, 2)",undefined
129.54734483976085,30.372992750858877,4308,test,2730.282373228477,1.0,0.2,"(5, 2)",undefined
130.4367011207596,29.49461617703202,4309,test,2731.532373228477,1.0,0.2,"(5, 2)",undefined
131.32605740175836,28.616239603205166,4310,test,2732.782373228477,1.0,0.2,"(5, 2)",undefined
132.21541368275712,27.73786302937831,4311,test,2734.032373228477,1.0,0.2,"(5, 2)",undefined
133.10476996375587,26.859486455551455,4312,test,2735.282373228477,1.0,0.2,"(5, 2)",undefined
133.99412624475463,25.98110988172474,4313,test,2736.532373228477,1.0,0.2,"(5, 2)",undefined
134.88348252575338,25.10273330789824,4314,test,2737.7823732284764,1.0,0.2,"(5, 2)",undefined
135.77283880675213,24.224356734071804,4315,test,2739.032373228476,1.0,0.2,"(5, 2)",undefined
136.0,24.0,4316,test,2739.3516507751983,1.0,0.2,"(5, 2)",undefined
136.0,24.0,4317,test,2739.3516507751983,1.0,0.2,"(5, 2)",undefined
136.0,24.0,4318,test,2739.3516507751983,1.0,0.2,"(5, 2)",undefined
136.0,24.0,4319,test,2739.3516507751983,1.0,0.2,"(5, 2)",undefined
136.0,24.0,4320,test,2739.3516507751983,1.0,0.2,"(5, 2)",undefined
136.0,24.0,4321,test,2739.3516507751983,1.0,0.2,"(5, 2)",undefined
136.0,24.0,4322,test,2739.3516507751983,1.0,0.2,"(5, 2)",undefined
136.0,24.0,4323,test,2739.3516507751983,1.0,0.2,"(5, 2)",undefined
136.0,24.0,4324,test,2739.3516507751983,1.0,0.2,"(5, 2)",undefined
136.0,24.0,4325,test,2739.3516507751983,1.0,0.2,"(5, 2)",undefined
136.0,24.0,4326,test,2739.3516507751983,1.0,0.2,"(5, 2)",undefined
136.0,24.0,4327,test,2739.3516507751983,1.0,0.2,"(5, 2)",undefined
136.0,24.0,4328,test,2739.3516507751983,1.0,0.2,"(5, 2)",undefined
136.0,24.0,4329,test,2739.3516507751983,1.0,0.2,"(5, 2)",undefined
136.0,24.0,4330,test,2739.3516507751983,1.0,0.2,"(5, 2)",undefined
136.0,24.0,4331,test,2739.3516507751983,1.0,0.2,"(5, 2)",undefined
136.0,24.0,4332,test,2739.3516507751983,1.0,0.2,"(5, 2)",undefined
136.0,24.0,4333,test,2739.3516507751983,1.0,0.2,"(5, 2)",undefined
136.0,24.0,4334,test,2739.3516507751983,1.0,0.2,"(5, 2)",undefined
136.0,24.0,4335,test,2739.3516507751983,1.0,0.2,"(5, 2)",undefined
136.0,24.0,4336,test,2739.3516507751983,1.0,0.2,"(5, 2)",undefined
136.0,24.0,4337,test,2739.3516507751983,1.0,0.2,"(5, 2)",undefined
136.0,24.0,4338,test,2739.3516507751983,1.0,0.2,"(5, 2)",undefined
136.0,24.0,4339,test,2739.3516507751983,1.0,0.2,"(5, 2)",undefined
136.0,24.0,4340,test,2739.3516507751983,1.0,0.2,"(5, 2)",undefined
136.0,24.0,4341,test,2739.3516507751983,1.0,0.2,"(5, 2)",undefined
136.0,24.0,4342,test,2739.3516507751983,1.0,0.2,"(5, 2)",undefined
136.0,24.0,4343,test,2739.3516507751983,1.0,0.2,"(5, 2)",undefined
136.0,24.0,4344,test,2739.3516507751983,1.0,0.2,"(5, 2)",undefined
136.0,24.0,4345,test,2739.3516507751983,1.0,0.2,"(5, 2)",undefined
136.0,24.0,4346,test,2739.3516507751983,1.0,0.2,"(5, 2)",undefined
136.0,24.0,4347,test,2739.3516507751983,1.0,0.2,"(5, 2)",undefined
136.0,24.0,4348,test,2739.3516507751983,1.0,0.2,"(5, 2)",undefined
136.0,24.0,4349,test,2739.3516507751983,1.0,0.2,"(5, 2)",undefined
136.0,24.0,4350,test,2739.3516507751983,1.0,0.2,"(5, 2)",undefined
136.0,24.0,4351,test,2739.3516507751983,1.0,0.2,"(5, 2)",undefined
136.0,24.0,4352,test,2739.3516507751983,1.0,0.2,"(5, 2)",undefined
136.0,24.0,4353,test,2739.3516507751983,1.0,0.2,"(5, 2)",undefined
136.0,24.0,4354,test,2739.3516507751983,1.0,0.2,"(5, 2)",undefined
136.0,24.0,4355,test,2739.3516507751983,1.0,0.2,"(5, 2)",undefined
136.0,24.0,4356,test,2739.3516507751983,1.0,0.2,"(5, 2)",undefined
136.0,24.0,4357,test,2739.3516507751983,1.0,0.2,"(5, 2)",undefined
136.0,24.0,4358,test,2739.3516507751983,1.0,0.2,"(5, 2)",undefined
136.0,24.0,4359,test,2739.3516507751983,1.0,0.2,"(5, 2)",undefined
136.0,24.0,4360,test,2739.3516507751983,1.0,0.2,"(5, 2)",undefined
136.0,24.0,4361,test,2739.3516507751983,1.0,0.2,"(5, 2)",undefined
136.0,24.0,4362,test,2739.3516507751983,1.0,0.2,"(5, 2)",undefined
136.0,24.0,4363,test,2739.3516507751983,1.0,0.2,"(5, 2)",undefined
136.0,24.0,4364,test,2739.3516507751983,1.0,0.2,"(5, 2)",undefined
136.0,24.0,4365,test,2739.3516507751983,1.0,0.2,"(5, 2)",undefined
136.0,24.0,4366,test,2739.3516507751983,1.0,0.2,"(5, 2)",undefined
135.11611652351553,24.88388347648305,4367,test,2740.6016507751992,1.0,0.2,"(5, 2)",undefined
134.23223304703106,25.767766952966443,4368,test,2741.8516507752,1.0,0.2,"(5, 2)",undefined
133.3483495705466,26.651650429449848,4369,test,2743.101650775201,1.0,0.2,"(5, 2)",undefined
132.46446609406294,27.535533905933253,4370,test,2744.3516507752015,1.0,0.2,"(5, 2)",undefined
131.5805826175798,28.419417382416658,4371,test,2745.6016507752015,1.0,0.2,"(5, 2)",undefined
130.69669914109667,29.303300858900062,4372,test,2746.8516507752015,1.0,0.2,"(5, 2)",undefined
129.81281566461354,30.187184335383467,4373,test,2748.1016507752015,1.0,0.2,"(5, 2)",undefined
128.9289321881304,31.07106781186687,4374,test,2749.3516507752015,1.0,0.2,"(5, 2)",undefined
128.04504871164727,31.954951288350276,4375,test,2750.6016507752015,1.0,0.2,"(5, 2)",undefined
127.1611652351642,32.838834764833344,4376,test,2751.8516507752015,1.0,0.2,"(5, 2)",undefined
126.27728175868116,33.72271824131639,4377,test,2753.1016507752015,1.0,0.2,"(5, 2)",undefined
125.3933982821981,34.60660171779944,4378,test,2754.3516507752015,1.0,0.2,"(5, 2)",undefined
124.50951480571506,35.4904851942827,4379,test,2755.6016507752015,1.0,0.2,"(5, 2)",undefined
123.62563132923201,36.37436867076619,4380,test,2756.8516507752015,1.0,0.2,"(5, 2)",undefined
122.74174785274896,37.25825214724968,4381,test,2758.1016507752015,1.0,0.2,"(5, 2)",undefined
121.85786437626591,38.14213562373317,4382,test,2759.3516507752015,1.0,0.2,"(5, 2)",undefined
120.97398089978286,39.02601910021666,4383,test,2760.6016507752015,1.0,0.2,"(5, 2)",undefined
120.04617444130444,39.805653184688964,4384,test,2761.813531185995,1.0,0.2,"(5, 2)",undefined
118.79626611486002,39.820791727745956,4385,test,2763.0635311859955,1.0,0.2,"(5, 2)",undefined
117.54635778841559,39.83593027080295,4386,test,2764.313531185996,1.0,0.2,"(5, 2)",undefined
116.29644946197116,39.85106881385981,4387,test,2765.5635311859965,1.0,0.2,"(5, 2)",undefined
115.04654113552674,39.866207356916455,4388,test,2766.813531185997,1.0,0.2,"(5, 2)",undefined
113.79663280908231,39.8813458999731,4389,test,2768.0635311859974,1.0,0.2,"(5, 2)",undefined
112.54672448263788,39.896484443029735,4390,test,2769.313531185998,1.0,0.2,"(5, 2)",undefined
111.29681615619346,39.91162298608638,4391,test,2770.5635311859983,1.0,0.2,"(5, 2)",undefined
110.04690782974903,39.92676152914302,4392,test,2771.8135311859987,1.0,0.2,"(5, 2)",undefined
108.7969995033046,39.94190007219966,4393,test,2773.063531185999,1.0,0.2,"(5, 2)",undefined
107.54709117686018,39.9570386152563,4394,test,2774.3135311859996,1.0,0.2,"(5, 2)",undefined
106.29718285041575,39.972177158312945,4395,test,2775.563531186,1.0,0.2,"(5, 2)",undefined
105.04727452397132,39.98731570136958,4396,test,2776.8135311860005,1.0,0.2,"(5, 2)",undefined
103.79733686634414,39.99766893490247,4397,test,2778.0635117208085,1.0,0.2,"(5, 2)",undefined
102.54733687995359,39.997853385697375,4398,test,2779.313511720808,1.0,0.2,"(5, 2)",undefined
101.29733689356304,39.99803783649228,4399,test,2780.5635117208076,1.0,0.2,"(5, 2)",undefined
100.0473369071725,39.998222287287184,4400,test,2781.813511720807,1.0,0.2,"(5, 2)",undefined
98.79733692078194,39.99840673808209,4401,test,2783.0635117208067,1.0,0.2,"(5, 2)",undefined
97.5473369343914,39.99859118887699,4402,test,2784.313511720806,1.0,0.2,"(5, 2)",undefined
96.29733694800085,39.9987756396719,4403,test,2785.5635117208058,1.0,0.2,"(5, 2)",undefined
95.0473369616103,39.9989600904668,4404,test,2786.8135117208053,1.0,0.2,"(5, 2)",undefined
93.79733697521975,39.99914454126161,4405,test,2788.063511720805,1.0,0.2,"(5, 2)",undefined
92.5473369888292,39.99932899205616,4406,test,2789.3135117208044,1.0,0.2,"(5, 2)",undefined
91.29733700243865,39.999513442850706,4407,test,2790.563511720804,1.0,0.2,"(5, 2)",undefined
90.0473370160481,39.999697893645255,4408,test,2791.8135117208035,1.0,0.2,"(5, 2)",undefined
88.79733702965756,39.999882344439804,4409,test,2793.063511720803,1.0,0.2,"(5, 2)",undefined
87.54733703619142,39.99997204937522,4410,test,2794.313511717488,1.0,0.2,"(5, 2)",undefined
86.29733703619398,39.99997429659456,4411,test,2795.5635117174875,1.0,0.2,"(5, 2)",undefined
85.04733703619654,39.99997654381421,4412,test,2796.813511717487,1.0,0.2,"(5, 2)",undefined
83.7973370361991,39.99997879103387,4413,test,2798.0635117174866,1.0,0.2,"(5, 2)",undefined
82.54733703620165,39.99998103825352,4414,test,2799.313511717486,1.0,0.2,"(5, 2)",undefined
81.29733703620421,39.99998328547318,4415,test,2800.5635117174857,1.0,0.2,"(5, 2)",undefined
80.04733703620677,39.99998553269283,4416,test,2801.813511717485,1.0,0.2,"(5, 2)",undefined
78.79733703620933,39.99998777991249,4417,test,2803.0635117174847,1.0,0.2,"(5, 2)",undefined
77.54733703621189,39.99999002713214,4418,test,2804.3135117174843,1.0,0.2,"(5, 2)",undefined
76.29733703621444,39.9999922743518,4419,test,2805.563511717484,1.0,0.2,"(5, 2)",undefined
75.047337036217,39.99999452157145,4420,test,2806.8135117174834,1.0,0.2,"(5, 2)",undefined
73.79733703621956,39.99999676879111,4421,test,2808.063511717483,1.0,0.2,"(5, 2)",undefined
72.54733703622212,39.99999901601076,4422,test,2809.3135117174825,1.0,0.2,"(5, 2)",undefined
71.55705250305924,40.632483413080365,4423,test,2810.4885436188188,1.0,0.2,"(5, 2)",undefined
70.66776842922091,41.51093309064717,4424,test,2811.7385436188188,1.0,0.2,"(5, 2)",undefined
69.77848435538259,42.38938276821398,4425,test,2812.9885436188188,1.0,0.2,"(5, 2)",undefined
68.88920028154426,43.26783244578078,4426,test,2814.2385436188188,1.0,0.2,"(5, 2)",undefined
67.99991620770594,44.14628212334759,4427,test,2815.4885436188188,1.0,0.2,"(5, 2)",undefined
67.11063213386761,45.024731800914395,4428,test,2816.7385436188188,1.0,0.2,"(5, 2)",undefined
66.22134806002929,45.9031814784812,4429,test,2817.9885436188188,1.0,0.2,"(5, 2)",undefined
65.33206398619096,46.78163115604774,4430,test,2819.2385436188183,1.0,0.2,"(5, 2)",undefined
64.44277991235263,47.66008083361383,4431,test,2820.488543618818,1.0,0.2,"(5, 2)",undefined
63.553495838513946,48.53853051117993,4432,test,2821.7385436188174,1.0,0.2,"(5, 2)",undefined
62.66421176467491,49.41698018874657,4433,test,2822.988543618818,1.0,0.2,"(5, 2)",undefined
61.774927690835874,50.29542986631321,4434,test,2824.2385436188183,1.0,0.2,"(5, 2)",undefined
60.88564361699684,51.17387954387986,4435,test,2825.4885436188188,1.0,0.2,"(5, 2)",undefined
59.9963595431578,52.05232922144651,4436,test,2826.738543618819,1.0,0.2,"(5, 2)",undefined
59.107075469318765,52.93077889901316,4437,test,2827.9885436188197,1.0,0.2,"(5, 2)",undefined
58.21779139547973,53.809228576579805,4438,test,2829.23854361882,1.0,0.2,"(5, 2)",undefined
57.32850732164069,54.687678254146455,4439,test,2830.4885436188206,1.0,0.2,"(5, 2)",undefined
56.43922324780166,55.5661279317131,4440,test,2831.738543618821,1.0,0.2,"(5, 2)",undefined
56.18789943411698,56.715740397590366,4441,test,2832.915307180895,1.0,0.2,"(5, 2)",undefined
56.172533524872954,57.965645949555125,4442,test,2834.1653071808946,1.0,0.2,"(5, 2)",undefined
56.15716761562893,59.21555150151988,4443,test,2835.415307180894,1.0,0.2,"(5, 2)",undefined
56.1418017063849,60.46545705348464,4444,test,2836.6653071808937,1.0,0.2,"(5, 2)",undefined
56.12643579714088,61.7153626054494,4445,test,2837.9153071808933,1.0,0.2,"(5, 2)",undefined
56.11106988789685,62.96526815741416,4446,test,2839.165307180893,1.0,0.2,"(5, 2)",undefined
56.09570397865283,64.21517370937904,4447,test,2840.415307180893,1.0,0.2,"(5, 2)",undefined
56.0803380694088,65.46507926134451,4448,test,2841.6653071808933,1.0,0.2,"(5, 2)",undefined
56.06497216016478,66.71498481330998,4449,test,2842.9153071808937,1.0,0.2,"(5, 2)",undefined
56.04960625092075,67.96489036527545,4450,test,2844.165307180894,1.0,0.2,"(5, 2)",undefined
56.03424034167659,69.21479591724092,4451,test,2845.4153071808946,1.0,0.2,"(5, 2)",undefined
56.018874432432206,70.46470146920639,4452,test,2846.665307180895,1.0,0.2,"(5, 2)",undefined
56.00350852318782,71.71460702117186,4453,test,2847.9153071808955,1.0,0.2,"(5, 2)",undefined
56.0,72.0,4454,test,2848.200721725198,1.0,0.2,"(5, 2)",undefined
56.0,72.0,4455,test,2848.200721725198,1.0,0.2,"(5, 2)",undefined
56.0,72.0,4456,test,2848.200721725198,1.0,0.2,"(5, 2)",undefined
56.0,72.0,4457,test,2848.200721725198,1.0,0.2,"(5, 2)",undefined
56.0,72.0,4458,test,2848.200721725198,1.0,0.2,"(5, 2)",undefined
56.0,72.0,4459,test,2848.200721725198,1.0,0.2,"(5, 2)",undefined
56.0,72.0,4460,test,2848.200721725198,1.0,0.2,"(5, 2)",undefined
56.0,72.0,4461,test,2848.200721725198,1.0,0.2,"(5, 2)",undefined
56.0,72.0,4462,test,2848.200721725198,1.0,0.2,"(5, 2)",undefined
56.0,72.0,4463,test,2848.200721725198,1.0,0.2,"(5, 2)",undefined
56.0,72.0,4464,test,2848.200721725198,1.0,0.2,"(5, 2)",undefined
56.0,72.0,4465,test,2848.200721725198,1.0,0.2,"(5, 2)",undefined
56.0,72.0,4466,test,2848.200721725198,1.0,0.2,"(5, 2)",undefined
56.0,72.0,4467,test,2848.200721725198,1.0,0.2,"(5, 2)",undefined
56.0,72.0,4468,test,2848.200721725198,1.0,0.2,"(5, 2)",undefined
56.0,72.0,4469,test,2848.200721725198,1.0,0.2,"(5, 2)",undefined
56.0,72.0,4470,test,2848.200721725198,1.0,0.2,"(5, 2)",undefined
56.0,72.0,4471,test,2848.200721725198,1.0,0.2,"(5, 2)",undefined
56.0,72.0,4472,test,2848.200721725198,1.0,0.2,"(5, 2)",undefined
56.0,72.0,4473,test,2848.200721725198,1.0,0.2,"(5, 2)",undefined
56.0,72.0,4474,test,2848.200721725198,1.0,0.2,"(5, 2)",undefined
56.0,72.0,4475,test,2848.200721725198,1.0,0.2,"(5, 2)",undefined
56.0,72.0,4476,test,2848.200721725198,1.0,0.2,"(5, 2)",undefined
56.0,72.0,4477,test,2848.200721725198,1.0,0.2,"(5, 2)",undefined
56.0,72.0,4478,test,2848.200721725198,1.0,0.2,"(5, 2)",undefined
56.0,72.0,4479,test,2848.200721725198,1.0,0.2,"(5, 2)",undefined
56.0,70.74999999999972,4480,test,2849.4507217251985,1.0,0.2,"(5, 2)",undefined
56.0,69.49999999999943,4481,test,2850.700721725199,1.0,0.2,"(5, 2)",undefined
56.0,68.24999999999915,4482,test,2851.9507217251994,1.0,0.2,"(5, 2)",undefined
56.0,66.99999999999886,4483,test,2853.2007217252,1.0,0.2,"(5, 2)",undefined
56.0,65.74999999999858,4484,test,2854.4507217252003,1.0,0.2,"(5, 2)",undefined
56.0,64.4999999999983,4485,test,2855.7007217252008,1.0,0.2,"(5, 2)",undefined
56.0,63.24999999999801,4486,test,2856.950721725201,1.0,0.2,"(5, 2)",undefined
56.0,61.999999999997726,4487,test,2858.2007217252017,1.0,0.2,"(5, 2)",undefined
56.0,60.74999999999744,4488,test,2859.450721725202,1.0,0.2,"(5, 2)",undefined
56.0,59.49999999999716,4489,test,2860.7007217252026,1.0,0.2,"(5, 2)",undefined
56.0,58.249999999996874,4490,test,2861.950721725203,1.0,0.2,"(5, 2)",undefined
56.0,56.99999999999659,4491,test,2863.2007217252035,1.0,0.2,"(5, 2)",undefined
56.0,56.0,4492,test,2864.2007217252003,1.0,0.2,"(5, 2)",undefined
56.0,56.0,4493,test,2864.2007217252003,1.0,0.2,"(5, 2)",undefined
56.0,56.0,4494,test,2864.2007217252003,1.0,0.2,"(5, 2)",undefined
56.0,56.0,4495,test,2864.2007217252003,1.0,0.2,"(5, 2)",undefined
56.0,56.0,4496,test,2864.2007217252003,1.0,0.2,"(5, 2)",undefined
56.0,56.0,4497,test,2864.2007217252003,1.0,0.2,"(5, 2)",undefined
56.0,56.0,4498,test,2864.2007217252003,1.0,0.2,"(5, 2)",undefined
56.0,56.0,4499,test,2864.2007217252003,1.0,0.2,"(5, 2)",undefined
56.0,56.0,4500,test,2864.2007217252003,1.0,0.2,"(5, 2)",undefined
56.0,56.0,4501,test,2864.2007217252003,1.0,0.2,"(5, 2)",undefined
56.0,56.0,4502,test,2864.2007217252003,1.0,0.2,"(5, 2)",undefined
56.0,56.0,4503,test,2864.2007217252003,1.0,0.2,"(5, 2)",undefined
56.0,56.0,4504,test,2864.2007217252003,1.0,0.2,"(5, 2)",undefined
56.0,56.0,4505,test,2864.2007217252003,1.0,0.2,"(5, 2)",undefined
56.0,56.0,4506,test,2864.2007217252003,1.0,0.2,"(5, 2)",undefined
56.0,56.0,4507,test,2864.2007217252003,1.0,0.2,"(5, 2)",undefined
56.0,56.0,4508,test,2864.2007217252003,1.0,0.2,"(5, 2)",undefined
56.0,56.0,4509,test,2864.2007217252003,1.0,0.2,"(5, 2)",undefined
56.0,56.0,4510,test,2864.2007217252003,1.0,0.2,"(5, 2)",undefined
56.0,56.0,4511,test,2864.2007217252003,1.0,0.2,"(5, 2)",undefined
56.0,56.0,4512,test,2864.2007217252003,1.0,0.2,"(5, 2)",undefined
56.0,56.0,4513,test,2864.2007217252003,1.0,0.2,"(5, 2)",undefined
56.88388347648305,55.11611652351695,4514,test,2865.4507217252003,1.0,0.2,"(5, 2)",undefined
57.7677669529661,54.2322330470339,4515,test,2866.7007217252003,1.0,0.2,"(5, 2)",undefined
58.65165042944915,53.34834957055085,4516,test,2867.9507217252003,1.0,0.2,"(5, 2)",undefined
59.5355339059322,52.4644660940678,4517,test,2869.2007217252003,1.0,0.2,"(5, 2)",undefined
60.41941738241525,51.58058261758475,4518,test,2870.4507217252003,1.0,0.2,"(5, 2)",undefined
61.3033008588983,50.6966991411017,4519,test,2871.7007217252003,1.0,0.2,"(5, 2)",undefined
62.187184335381346,49.812815664618654,4520,test,2872.9507217252003,1.0,0.2,"(5, 2)",undefined
63.071067811864395,48.928932188135605,4521,test,2874.2007217252003,1.0,0.2,"(5, 2)",undefined
63.954951288347445,48.045048711652555,4522,test,2875.4507217252003,1.0,0.2,"(5, 2)",undefined
64.8388347648305,47.161165235169506,4523,test,2876.7007217252003,1.0,0.2,"(5, 2)",undefined
65.72271824131354,46.277281758686456,4524,test,2877.9507217252003,1.0,0.2,"(5, 2)",undefined
66.6066017177966,45.39339828220341,4525,test,2879.2007217252003,1.0,0.2,"(5, 2)",undefined
67.49048519427964,44.50951480572036,4526,test,2880.4507217252003,1.0,0.2,"(5, 2)",undefined
68.37436867076269,43.62563132923731,4527,test,2881.7007217252003,1.0,0.2,"(5, 2)",undefined
69.25825214724574,42.74174785275426,4528,test,2882.9507217252003,1.0,0.2,"(5, 2)",undefined
70.14213562372879,41.85786437627121,4529,test,2884.2007217252003,1.0,0.2,"(5, 2)",undefined
71.02601910021184,40.97398089978816,4530,test,2885.4507217252003,1.0,0.2,"(5, 2)",undefined
71.95382555869026,40.19434681531624,4531,test,2886.6626021359934,1.0,0.2,"(5, 2)",undefined
73.20373388513468,40.179208272259245,4532,test,2887.912602135994,1.0,0.2,"(5, 2)",undefined
74.45364221157911,40.164069729202254,4533,test,2889.1626021359943,1.0,0.2,"(5, 2)",undefined
75.70355053802353,40.14893118614526,4534,test,2890.412602135995,1.0,0.2,"(5, 2)",undefined
76.95345886446796,40.13379264308827,4535,test,2891.6626021359953,1.0,0.2,"(5, 2)",undefined
78.20336719091239,40.11865410003128,4536,test,2892.9126021359957,1.0,0.2,"(5, 2)",undefined
79.45327551735681,40.10351555697429,4537,test,2894.162602135996,1.0,0.2,"(5, 2)",undefined
80.70318384380124,40.088377013917295,4538,test,2895.4126021359966,1.0,0.2,"(5, 2)",undefined
81.95309217024567,40.0732384708603,4539,test,2896.662602135997,1.0,0.2,"(5, 2)",undefined
83.2030004966901,40.05809992780313,4540,test,2897.9126021359975,1.0,0.2,"(5, 2)",undefined
84.45290882313452,40.04296138474578,4541,test,2899.162602135998,1.0,0.2,"(5, 2)",undefined
85.70281714957895,40.027822841688426,4542,test,2900.4126021359984,1.0,0.2,"(5, 2)",undefined
86.95272547602337,40.01268429863107,4543,test,2901.662602135999,1.0,0.2,"(5, 2)",undefined
88.0,40.0,4544,test,2902.7099534715126,1.0,0.2,"(5, 2)",undefined
88.0,40.0,4545,test,2902.7099534715126,1.0,0.2,"(5, 2)",undefined
88.0,40.0,4546,test,2902.7099534715126,1.0,0.2,"(5, 2)",undefined
88.0,40.0,4547,test,2902.7099534715126,1.0,0.2,"(5, 2)",undefined
88.0,40.0,4548,test,2902.7099534715126,1.0,0.2,"(5, 2)",undefined
88.0,40.0,4549,test,2902.7099534715126,1.0,0.2,"(5, 2)",undefined
88.0,40.0,4550,test,2902.7099534715126,1.0,0.2,"(5, 2)",undefined
88.0,40.0,4551,test,2902.7099534715126,1.0,0.2,"(5, 2)",undefined
88.0,40.0,4552,test,2902.7099534715126,1.0,0.2,"(5, 2)",undefined
88.0,40.0,4553,test,2902.7099534715126,1.0,0.2,"(5, 2)",undefined
88.0,40.0,4554,test,2902.7099534715126,1.0,0.2,"(5, 2)",undefined
88.0,40.0,4555,test,2902.7099534715126,1.0,0.2,"(5, 2)",undefined
88.0,40.0,4556,test,2902.7099534715126,1.0,0.2,"(5, 2)",undefined
88.0,40.0,4557,test,2902.7099534715126,1.0,0.2,"(5, 2)",undefined
88.0,40.0,4558,test,2902.7099534715126,1.0,0.2,"(5, 2)",undefined
88.0,40.0,4559,test,2902.7099534715126,1.0,0.2,"(5, 2)",undefined
88.0,40.0,4560,test,2902.7099534715126,1.0,0.2,"(5, 2)",undefined
88.0,40.0,4561,test,2902.7099534715126,1.0,0.2,"(5, 2)",undefined
88.0,40.0,4562,test,2902.7099534715126,1.0,0.2,"(5, 2)",undefined
88.0,40.0,4563,test,2902.7099534715126,1.0,0.2,"(5, 2)",undefined
88.0,40.0,4564,test,2902.7099534715126,1.0,0.2,"(5, 2)",undefined
88.0,40.0,4565,test,2902.7099534715126,1.0,0.2,"(5, 2)",undefined
88.0,40.0,4566,test,2902.7099534715126,1.0,0.2,"(5, 2)",undefined
88.0,40.0,4567,test,2902.7099534715126,1.0,0.2,"(5, 2)",undefined
88.0,40.0,4568,test,2902.7099534715126,1.0,0.2,"(5, 2)",undefined
88.0,40.0,4569,test,2902.7099534715126,1.0,0.2,"(5, 2)",undefined
88.0,40.0,4570,test,2902.7099534715126,1.0,0.2,"(5, 2)",undefined
88.0,40.0,4571,test,2902.7099534715126,1.0,0.2,"(5, 2)",undefined
88.0,40.0,4572,test,2902.7099534715126,1.0,0.2,"(5, 2)",undefined
88.0,40.0,4573,test,2902.7099534715126,1.0,0.2,"(5, 2)",undefined
88.0,40.0,4574,test,2902.7099534715126,1.0,0.2,"(5, 2)",undefined
88.0,40.0,4575,test,2902.7099534715126,1.0,0.2,"(5, 2)",undefined
88.0,40.0,4576,test,2902.7099534715126,1.0,0.2,"(5, 2)",undefined
88.0,40.0,4577,test,2902.7099534715126,1.0,0.2,"(5, 2)",undefined
88.0,40.0,4578,test,2902.7099534715126,1.0,0.2,"(5, 2)",undefined
88.0,40.0,4579,test,2902.7099534715126,1.0,0.2,"(5, 2)",undefined
88.0,40.0,4580,test,2902.7099534715126,1.0,0.2,"(5, 2)",undefined
88.0,40.0,4581,test,2902.7099534715126,1.0,0.2,"(5, 2)",undefined
88.0,40.0,4582,test,2902.7099534715126,1.0,0.2,"(5, 2)",undefined
88.0,40.0,4583,test,2902.7099534715126,1.0,0.2,"(5, 2)",undefined
88.0,40.0,4584,test,2902.7099534715126,1.0,0.2,"(5, 2)",undefined
88.0,40.0,4585,test,2902.7099534715126,1.0,0.2,"(5, 2)",undefined
88.0,40.0,4586,test,2902.7099534715126,1.0,0.2,"(5, 2)",undefined
88.0,40.0,4587,test,2902.7099534715126,1.0,0.2,"(5, 2)",undefined
88.0,40.0,4588,test,2902.7099534715126,1.0,0.2,"(5, 2)",undefined
88.0,40.0,4589,test,2902.7099534715126,1.0,0.2,"(5, 2)",undefined
88.0,40.0,4590,test,2902.7099534715126,1.0,0.2,"(5, 2)",undefined
88.0,40.0,4591,test,2902.7099534715126,1.0,0.2,"(5, 2)",undefined
88.0,40.0,4592,test,2902.7099534715126,1.0,0.2,"(5, 2)",undefined
89.25000000000028,40.0,4593,test,2903.959953471513,1.0,0.2,"(5, 2)",undefined
90.50000000000057,40.0,4594,test,2905.2099534715135,1.0,0.2,"(5, 2)",undefined
91.75000000000085,40.0,4595,test,2906.459953471514,1.0,0.2,"(5, 2)",undefined
93.00000000000114,40.0,4596,test,2907.7099534715144,1.0,0.2,"(5, 2)",undefined
94.25000000000142,40.0,4597,test,2908.959953471515,1.0,0.2,"(5, 2)",undefined
95.5000000000017,40.0,4598,test,2910.2099534715153,1.0,0.2,"(5, 2)",undefined
96.75000000000199,40.0,4599,test,2911.4599534715157,1.0,0.2,"(5, 2)",undefined
98.00000000000227,40.0,4600,test,2912.709953471516,1.0,0.2,"(5, 2)",undefined
99.25000000000256,40.0,4601,test,2913.9599534715167,1.0,0.2,"(5, 2)",undefined
100.50000000000284,40.0,4602,test,2915.209953471517,1.0,0.2,"(5, 2)",undefined
101.75000000000313,40.0,4603,test,2916.4599534715176,1.0,0.2,"(5, 2)",undefined
103.00000000000341,40.0,4604,test,2917.709953471518,1.0,0.2,"(5, 2)",undefined
104.2500000000037,40.0,4605,test,2918.9599534715185,1.0,0.2,"(5, 2)",undefined
105.50000000000398,40.0,4606,test,2920.209953471519,1.0,0.2,"(5, 2)",undefined
106.75000000000426,40.0,4607,test,2921.4599534715194,1.0,0.2,"(5, 2)",undefined
108.00000000000455,40.0,4608,test,2922.70995347152,1.0,0.2,"(5, 2)",undefined
109.25000000000483,40.0,4609,test,2923.9599534715203,1.0,0.2,"(5, 2)",undefined
110.50000000000512,40.0,4610,test,2925.2099534715207,1.0,0.2,"(5, 2)",undefined
111.7500000000054,40.0,4611,test,2926.459953471521,1.0,0.2,"(5, 2)",undefined
113.00000000000568,40.0,4612,test,2927.7099534715217,1.0,0.2,"(5, 2)",undefined
114.25000000000597,40.0,4613,test,2928.959953471522,1.0,0.2,"(5, 2)",undefined
115.50000000000625,40.0,4614,test,2930.2099534715226,1.0,0.2,"(5, 2)",undefined
116.75000000000654,40.0,4615,test,2931.459953471523,1.0,0.2,"(5, 2)",undefined
118.00000000000682,40.0,4616,test,2932.7099534715235,1.0,0.2,"(5, 2)",undefined
119.2500000000071,40.0,4617,test,2933.959953471524,1.0,0.2,"(5, 2)",undefined
120.29803951736653,39.50810911865716,4618,test,2935.117685508351,1.0,0.2,"(5, 2)",undefined
121.18739579836529,38.62973254483066,4619,test,2936.3676855083504,1.0,0.2,"(5, 2)",undefined
122.07675207936404,37.75135597100416,4620,test,2937.61768550835,1.0,0.2,"(5, 2)",undefined
122.9661083603628,36.87297939717766,4621,test,2938.8676855083495,1.0,0.2,"(5, 2)",undefined
123.85546464136155,35.99460282335116,4622,test,2940.117685508349,1.0,0.2,"(5, 2)",undefined
124.7448209223603,35.11622624952466,4623,test,2941.3676855083486,1.0,0.2,"(5, 2)",undefined
125.63417720335906,34.23784967569816,4624,test,2942.617685508348,1.0,0.2,"(5, 2)",undefined
126.52353348435781,33.35947310187166,4625,test,2943.8676855083477,1.0,0.2,"(5, 2)",undefined
127.41288976535657,32.48109652804516,4626,test,2945.117685508347,1.0,0.2,"(5, 2)",undefined
128.30224604635532,31.602719954218657,4627,test,2946.3676855083468,1.0,0.2,"(5, 2)",undefined
129.19160232735408,30.724343380392156,4628,test,2947.6176855083463,1.0,0.2,"(5, 2)",undefined
130.08095860835283,29.845966806565656,4629,test,2948.867685508346,1.0,0.2,"(5, 2)",undefined
130.97031488935158,28.967590232739155,4630,test,2950.1176855083454,1.0,0.2,"(5, 2)",undefined
131.85967117035034,28.089213658912655,4631,test,2951.367685508345,1.0,0.2,"(5, 2)",undefined
132.7490274513491,27.210837085086226,4632,test,2952.6176855083445,1.0,0.2,"(5, 2)",undefined
133.63838373234785,26.33246051126008,4633,test,2953.867685508344,1.0,0.2,"(5, 2)",undefined
134.5277400133466,25.454083937433936,4634,test,2955.1176855083436,1.0,0.2,"(5, 2)",undefined
135.41709629434553,24.57570736360819,4635,test,2956.3676855083427,1.0,0.2,"(5, 2)",undefined
136.0,24.0,4636,test,2957.186963055074,1.0,0.2,"(5, 2)",undefined
136.0,24.0,4637,test,2957.186963055074,1.0,0.2,"(5, 2)",undefined
136.0,24.0,4638,test,2957.186963055074,1.0,0.2,"(5, 2)",undefined
136.0,24.0,4639,test,2957.186963055074,1.0,0.2,"(5, 2)",undefined
136.0,24.0,4640,test,2957.186963055074,1.0,0.2,"(5, 2)",undefined
136.0,24.0,4641,test,2957.186963055074,1.0,0.2,"(5, 2)",undefined
136.0,24.0,4642,test,2957.186963055074,1.0,0.2,"(5, 2)",undefined
136.0,24.0,4643,test,2957.186963055074,1.0,0.2,"(5, 2)",undefined
136.0,24.0,4644,test,2957.186963055074,1.0,0.2,"(5, 2)",undefined
136.0,24.0,4645,test,2957.186963055074,1.0,0.2,"(5, 2)",undefined
136.0,24.0,4646,test,2957.186963055074,1.0,0.2,"(5, 2)",undefined
136.0,24.0,4647,test,2957.186963055074,1.0,0.2,"(5, 2)",undefined
136.0,24.0,4648,test,2957.186963055074,1.0,0.2,"(5, 2)",undefined
136.0,24.0,4649,test,2957.186963055074,1.0,0.2,"(5, 2)",undefined
136.0,24.0,4650,test,2957.186963055074,1.0,0.2,"(5, 2)",undefined
136.0,24.0,4651,test,2957.186963055074,1.0,0.2,"(5, 2)",undefined
136.0,24.0,4652,test,2957.186963055074,1.0,0.2,"(5, 2)",undefined
136.0,24.0,4653,test,2957.186963055074,1.0,0.2,"(5, 2)",undefined
136.0,24.0,4654,test,2957.186963055074,1.0,0.2,"(5, 2)",undefined
136.0,24.0,4655,test,2957.186963055074,1.0,0.2,"(5, 2)",undefined
136.0,24.0,4656,test,2957.186963055074,1.0,0.2,"(5, 2)",undefined
136.0,24.0,4657,test,2957.186963055074,1.0,0.2,"(5, 2)",undefined
136.0,24.0,4658,test,2957.186963055074,1.0,0.2,"(5, 2)",undefined
136.0,24.0,4659,test,2957.186963055074,1.0,0.2,"(5, 2)",undefined
136.0,24.0,4660,test,2957.186963055074,1.0,0.2,"(5, 2)",undefined
136.0,24.0,4661,test,2957.186963055074,1.0,0.2,"(5, 2)",undefined
136.0,24.0,4662,test,2957.186963055074,1.0,0.2,"(5, 2)",undefined
136.0,24.0,4663,test,2957.186963055074,1.0,0.2,"(5, 2)",undefined
136.0,24.0,4664,test,2957.186963055074,1.0,0.2,"(5, 2)",undefined
136.0,24.0,4665,test,2957.186963055074,1.0,0.2,"(5, 2)",undefined
136.0,24.0,4666,test,2957.186963055074,1.0,0.2,"(5, 2)",undefined
136.0,24.0,4667,test,2957.186963055074,1.0,0.2,"(5, 2)",undefined
136.0,24.0,4668,test,2957.186963055074,1.0,0.2,"(5, 2)",undefined
136.0,24.0,4669,test,2957.186963055074,1.0,0.2,"(5, 2)",undefined
136.0,24.0,4670,test,2957.186963055074,1.0,0.2,"(5, 2)",undefined
136.0,24.0,4671,test,2957.186963055074,1.0,0.2,"(5, 2)",undefined
136.0,24.0,4672,test,2957.186963055074,1.0,0.2,"(5, 2)",undefined
136.0,24.0,4673,test,2957.186963055074,1.0,0.2,"(5, 2)",undefined
136.0,24.0,4674,test,2957.186963055074,1.0,0.2,"(5, 2)",undefined
136.0,24.0,4675,test,2957.186963055074,1.0,0.2,"(5, 2)",undefined
136.0,24.0,4676,test,2957.186963055074,1.0,0.2,"(5, 2)",undefined
136.0,24.0,4677,test,2957.186963055074,1.0,0.2,"(5, 2)",undefined
136.0,24.0,4678,test,2957.186963055074,1.0,0.2,"(5, 2)",undefined
136.0,24.0,4679,test,2957.186963055074,1.0,0.2,"(5, 2)",undefined
136.0,24.0,4680,test,2957.186963055074,1.0,0.2,"(5, 2)",undefined
136.0,24.0,4681,test,2957.186963055074,1.0,0.2,"(5, 2)",undefined
136.0,24.0,4682,test,2957.186963055074,1.0,0.2,"(5, 2)",undefined
136.0,24.0,4683,test,2957.186963055074,1.0,0.2,"(5, 2)",undefined
136.0,24.0,4684,test,2957.186963055074,1.0,0.2,"(5, 2)",undefined
136.0,24.0,4685,test,2957.186963055074,1.0,0.2,"(5, 2)",undefined
136.0,24.0,4686,test,2957.186963055074,1.0,0.2,"(5, 2)",undefined
136.0,24.0,4687,test,2957.186963055074,1.0,0.2,"(5, 2)",undefined
136.0,24.0,4688,test,2957.186963055074,1.0,0.2,"(5, 2)",undefined
136.0,24.0,4689,test,2957.186963055074,1.0,0.2,"(5, 2)",undefined
136.0,24.0,4690,test,2957.186963055074,1.0,0.2,"(5, 2)",undefined
136.0,24.0,4691,test,2957.186963055074,1.0,0.2,"(5, 2)",undefined
136.0,24.0,4692,test,2957.186963055074,1.0,0.2,"(5, 2)",undefined
136.0,24.0,4693,test,2957.186963055074,1.0,0.2,"(5, 2)",undefined
136.0,24.0,4694,test,2957.186963055074,1.0,0.2,"(5, 2)",undefined
136.0,24.0,4695,test,2957.186963055074,1.0,0.2,"(5, 2)",undefined
136.0,24.0,4696,test,2957.186963055074,1.0,0.2,"(5, 2)",undefined
136.0,24.0,4697,test,2957.186963055074,1.0,0.2,"(5, 2)",undefined
136.0,24.0,4698,test,2957.186963055074,1.0,0.2,"(5, 2)",undefined
136.0,24.0,4699,test,2957.186963055074,1.0,0.2,"(5, 2)",undefined
134.75000000000114,24.0,4700,test,2958.4369630550727,1.0,0.2,"(5, 2)",undefined
133.50000000000227,24.0,4701,test,2959.686963055072,1.0,0.2,"(5, 2)",undefined
132.2500000000034,24.0,4702,test,2960.936963055071,1.0,0.2,"(5, 2)",undefined
131.00000000000455,24.0,4703,test,2962.18696305507,1.0,0.2,"(5, 2)",undefined
129.75000000000568,24.0,4704,test,2963.436963055069,1.0,0.2,"(5, 2)",undefined
128.50000000000682,24.0,4705,test,2964.686963055068,1.0,0.2,"(5, 2)",undefined
127.2500000000071,24.0,4706,test,2965.9369630550677,1.0,0.2,"(5, 2)",undefined
126.00000000000682,24.0,4707,test,2967.186963055068,1.0,0.2,"(5, 2)",undefined
124.75000000000654,24.0,4708,test,2968.4369630550686,1.0,0.2,"(5, 2)",undefined
123.50000000000625,24.0,4709,test,2969.686963055069,1.0,0.2,"(5, 2)",undefined
122.25000000000597,24.0,4710,test,2970.9369630550696,1.0,0.2,"(5, 2)",undefined
121.00000000000568,24.0,4711,test,2972.18696305507,1.0,0.2,"(5, 2)",undefined
119.7500000000054,24.0,4712,test,2973.4369630550705,1.0,0.2,"(5, 2)",undefined
118.50000000000512,24.0,4713,test,2974.686963055071,1.0,0.2,"(5, 2)",undefined
117.25000000000483,24.0,4714,test,2975.9369630550714,1.0,0.2,"(5, 2)",undefined
116.00000000000455,24.0,4715,test,2977.186963055072,1.0,0.2,"(5, 2)",undefined
114.75000000000426,24.0,4716,test,2978.4369630550723,1.0,0.2,"(5, 2)",undefined
113.50000000000398,24.0,4717,test,2979.6869630550727,1.0,0.2,"(5, 2)",undefined
112.2500000000037,24.0,4718,test,2980.936963055073,1.0,0.2,"(5, 2)",undefined
111.00000000000341,24.0,4719,test,2982.1869630550736,1.0,0.2,"(5, 2)",undefined
109.75000000000313,24.0,4720,test,2983.436963055074,1.0,0.2,"(5, 2)",undefined
108.50000000000284,24.0,4721,test,2984.6869630550746,1.0,0.2,"(5, 2)",undefined
107.25000000000256,24.0,4722,test,2985.936963055075,1.0,0.2,"(5, 2)",undefined
106.00000000000227,24.0,4723,test,2987.1869630550755,1.0,0.2,"(5, 2)",undefined
104.75000000000199,24.0,4724,test,2988.436963055076,1.0,0.2,"(5, 2)",undefined
103.5000000000017,24.0,4725,test,2989.6869630550764,1.0,0.2,"(5, 2)",undefined
102.25000000000142,24.0,4726,test,2990.936963055077,1.0,0.2,"(5, 2)",undefined
101.00000000000114,24.0,4727,test,2992.1869630550773,1.0,0.2,"(5, 2)",undefined
99.75000000000085,24.0,4728,test,2993.4369630550777,1.0,0.2,"(5, 2)",undefined
98.50000000000057,24.0,4729,test,2994.686963055078,1.0,0.2,"(5, 2)",undefined
97.25000000000028,24.0,4730,test,2995.9369630550786,1.0,0.2,"(5, 2)",undefined
96.0,24.0,4731,test,2997.186963055079,1.0,0.2,"(5, 2)",undefined
94.74999999999972,24.0,4732,test,2998.4369630550796,1.0,0.2,"(5, 2)",undefined
93.49999999999943,24.0,4733,test,2999.68696305508,1.0,0.2,"(5, 2)",undefined
92.24999999999915,24.0,4734,test,3000.9369630550805,1.0,0.2,"(5, 2)",undefined
90.99999999999886,24.0,4735,test,3002.186963055081,1.0,0.2,"(5, 2)",undefined
89.74999999999858,24.0,4736,test,3003.4369630550814,1.0,0.2,"(5, 2)",undefined
88.4999999999983,24.0,4737,test,3004.686963055082,1.0,0.2,"(5, 2)",undefined
87.24999999999801,24.0,4738,test,3005.9369630550823,1.0,0.2,"(5, 2)",undefined
85.99999999999773,24.0,4739,test,3007.1869630550827,1.0,0.2,"(5, 2)",undefined
84.74999999999744,24.0,4740,test,3008.436963055083,1.0,0.2,"(5, 2)",undefined
83.49999999999716,24.0,4741,test,3009.6869630550837,1.0,0.2,"(5, 2)",undefined
82.24999999999687,24.0,4742,test,3010.936963055084,1.0,0.2,"(5, 2)",undefined
80.99999999999659,24.0,4743,test,3012.1869630550846,1.0,0.2,"(5, 2)",undefined
79.7499999999963,24.0,4744,test,3013.436963055085,1.0,0.2,"(5, 2)",undefined
78.49999999999602,24.0,4745,test,3014.6869630550855,1.0,0.2,"(5, 2)",undefined
77.24999999999574,24.0,4746,test,3015.936963055086,1.0,0.2,"(5, 2)",undefined
75.99999999999545,24.0,4747,test,3017.1869630550864,1.0,0.2,"(5, 2)",undefined
74.74999999999517,24.0,4748,test,3018.436963055087,1.0,0.2,"(5, 2)",undefined
73.49999999999488,24.0,4749,test,3019.6869630550873,1.0,0.2,"(5, 2)",undefined
72.2499999999946,24.0,4750,test,3020.9369630550877,1.0,0.2,"(5, 2)",undefined
71.34621797023578,24.84324151087344,4751,test,3022.173036759595,1.0,0.2,"(5, 2)",undefined
70.45686168923703,25.72161808469994,4752,test,3023.4230367595947,1.0,0.2,"(5, 2)",undefined
69.56750540823828,26.59999465852644,4753,test,3024.673036759594,1.0,0.2,"(5, 2)",undefined
68.67814912723952,27.47837123235294,4754,test,3025.9230367595937,1.0,0.2,"(5, 2)",undefined
67.78879284624077,28.356747806179442,4755,test,3027.1730367595933,1.0,0.2,"(5, 2)",undefined
66.89943656524201,29.235124380005942,4756,test,3028.423036759593,1.0,0.2,"(5, 2)",undefined
66.01008028424326,30.113500953832443,4757,test,3029.6730367595924,1.0,0.2,"(5, 2)",undefined
65.1207240032445,30.991877527658943,4758,test,3030.923036759592,1.0,0.2,"(5, 2)",undefined
64.23136772224575,31.870254101485443,4759,test,3032.1730367595915,1.0,0.2,"(5, 2)",undefined
63.34201144124647,32.748630675311944,4760,test,3033.4230367595915,1.0,0.2,"(5, 2)",undefined
62.452655160247005,33.627007249138444,4761,test,3034.6730367595915,1.0,0.2,"(5, 2)",undefined
61.56329887924754,34.505383822964944,4762,test,3035.9230367595915,1.0,0.2,"(5, 2)",undefined
60.673942598248075,35.383760396791445,4763,test,3037.1730367595915,1.0,0.2,"(5, 2)",undefined
59.78458631724861,36.262136970617945,4764,test,3038.4230367595915,1.0,0.2,"(5, 2)",undefined
58.895230036249146,37.140513544444445,4765,test,3039.6730367595915,1.0,0.2,"(5, 2)",undefined
58.00587375524984,38.018890118270946,4766,test,3040.9230367595915,1.0,0.2,"(5, 2)",undefined
57.11651747425088,38.897266692097446,4767,test,3042.1730367595915,1.0,0.2,"(5, 2)",undefined
56.22716119325191,39.77564326592395,4768,test,3043.4230367595915,1.0,0.2,"(5, 2)",undefined
56.0,40.0,4769,test,3043.7423143063197,1.0,0.2,"(5, 2)",undefined
56.0,40.0,4770,test,3043.7423143063197,1.0,0.2,"(5, 2)",undefined
56.0,40.0,4771,test,3043.7423143063197,1.0,0.2,"(5, 2)",undefined
56.0,40.0,4772,test,3043.7423143063197,1.0,0.2,"(5, 2)",undefined
56.0,40.0,4773,test,3043.7423143063197,1.0,0.2,"(5, 2)",undefined
56.0,40.0,4774,test,3043.7423143063197,1.0,0.2,"(5, 2)",undefined
56.0,40.0,4775,test,3043.7423143063197,1.0,0.2,"(5, 2)",undefined
56.0,40.0,4776,test,3043.7423143063197,1.0,0.2,"(5, 2)",undefined
56.0,40.0,4777,test,3043.7423143063197,1.0,0.2,"(5, 2)",undefined
56.0,40.0,4778,test,3043.7423143063197,1.0,0.2,"(5, 2)",undefined
56.0,40.0,4779,test,3043.7423143063197,1.0,0.2,"(5, 2)",undefined
56.0,40.0,4780,test,3043.7423143063197,1.0,0.2,"(5, 2)",undefined
56.0,40.0,4781,test,3043.7423143063197,1.0,0.2,"(5, 2)",undefined
56.0,40.0,4782,test,3043.7423143063197,1.0,0.2,"(5, 2)",undefined
56.0,40.0,4783,test,3043.7423143063197,1.0,0.2,"(5, 2)",undefined
56.0,40.0,4784,test,3043.7423143063197,1.0,0.2,"(5, 2)",undefined
56.0,40.0,4785,test,3043.7423143063197,1.0,0.2,"(5, 2)",undefined
56.0,40.0,4786,test,3043.7423143063197,1.0,0.2,"(5, 2)",undefined
56.0,40.0,4787,test,3043.7423143063197,1.0,0.2,"(5, 2)",undefined
56.0,40.0,4788,test,3043.7423143063197,1.0,0.2,"(5, 2)",undefined
56.0,40.0,4789,test,3043.7423143063197,1.0,0.2,"(5, 2)",undefined
56.0,40.0,4790,test,3043.7423143063197,1.0,0.2,"(5, 2)",undefined
56.0,40.0,4791,test,3043.7423143063197,1.0,0.2,"(5, 2)",undefined
56.0,40.0,4792,test,3043.7423143063197,1.0,0.2,"(5, 2)",undefined
56.0,40.0,4793,test,3043.7423143063197,1.0,0.2,"(5, 2)",undefined
56.0,40.0,4794,test,3043.7423143063197,1.0,0.2,"(5, 2)",undefined
56.0,40.0,4795,test,3043.7423143063197,1.0,0.2,"(5, 2)",undefined
56.0,40.0,4796,test,3043.7423143063197,1.0,0.2,"(5, 2)",undefined
56.0,40.0,4797,test,3043.7423143063197,1.0,0.2,"(5, 2)",undefined
56.0,40.0,4798,test,3043.7423143063197,1.0,0.2,"(5, 2)",undefined
56.0,40.0,4799,test,3043.7423143063197,1.0,0.2,"(5, 2)",undefined
56.0,40.0,4800,test,3043.7423143063197,1.0,0.2,"(5, 2)",undefined
56.0,40.0,4801,test,3043.7423143063197,1.0,0.2,"(5, 2)",undefined
56.0,40.0,4802,test,3043.7423143063197,1.0,0.2,"(5, 2)",undefined
56.0,40.0,4803,test,3043.7423143063197,1.0,0.2,"(5, 2)",undefined
56.0,40.0,4804,test,3043.7423143063197,1.0,0.2,"(5, 2)",undefined
56.0,40.0,4805,test,3043.7423143063197,1.0,0.2,"(5, 2)",undefined
56.0,40.0,4806,test,3043.7423143063197,1.0,0.2,"(5, 2)",undefined
57.250000000000284,40.0,4807,test,3044.99231430632,1.0,0.2,"(5, 2)",undefined
58.50000000000057,40.0,4808,test,3046.2423143063206,1.0,0.2,"(5, 2)",undefined
59.75000000000085,40.0,4809,test,3047.492314306321,1.0,0.2,"(5, 2)",undefined
61.00000000000114,40.0,4810,test,3048.7423143063215,1.0,0.2,"(5, 2)",undefined
62.25000000000142,40.0,4811,test,3049.992314306322,1.0,0.2,"(5, 2)",undefined
63.500000000001705,40.0,4812,test,3051.2423143063224,1.0,0.2,"(5, 2)",undefined
64.75000000000199,40.0,4813,test,3052.492314306323,1.0,0.2,"(5, 2)",undefined
66.00000000000227,40.0,4814,test,3053.7423143063234,1.0,0.2,"(5, 2)",undefined
67.25000000000256,40.0,4815,test,3054.992314306324,1.0,0.2,"(5, 2)",undefined
68.50000000000284,40.0,4816,test,3056.2423143063243,1.0,0.2,"(5, 2)",undefined
69.75000000000313,40.0,4817,test,3057.4923143063247,1.0,0.2,"(5, 2)",undefined
71.00000000000341,40.0,4818,test,3058.742314306325,1.0,0.2,"(5, 2)",undefined
72.12016826116314,39.68378443342246,4819,test,3059.906259845367,1.0,0.2,"(5, 2)",undefined
73.0095245421619,38.80540785959596,4820,test,3061.1562598453665,1.0,0.2,"(5, 2)",undefined
73.89888082316065,37.92703128576946,4821,test,3062.406259845366,1.0,0.2,"(5, 2)",undefined
74.7882371041594,37.04865471194296,4822,test,3063.6562598453656,1.0,0.2,"(5, 2)",undefined
75.67759338515816,36.17027813811646,4823,test,3064.906259845365,1.0,0.2,"(5, 2)",undefined
76.56694966615692,35.29190156428996,4824,test,3066.1562598453647,1.0,0.2,"(5, 2)",undefined
77.45630594715567,34.41352499046346,4825,test,3067.4062598453643,1.0,0.2,"(5, 2)",undefined
78.34566222815442,33.53514841663696,4826,test,3068.656259845364,1.0,0.2,"(5, 2)",undefined
79.23501850915318,32.65677184281046,4827,test,3069.9062598453634,1.0,0.2,"(5, 2)",undefined
80.12437479015193,31.778395268983957,4828,test,3071.156259845363,1.0,0.2,"(5, 2)",undefined
81.01373107115069,30.900018695157552,4829,test,3072.4062598453625,1.0,0.2,"(5, 2)",undefined
81.90308735214953,30.021642121331407,4830,test,3073.656259845362,1.0,0.2,"(5, 2)",undefined
82.79244363314886,29.143265547505262,4831,test,3074.906259845362,1.0,0.2,"(5, 2)",undefined
83.68179991414819,28.264888973679117,4832,test,3076.156259845362,1.0,0.2,"(5, 2)",undefined
84.57115619514751,27.386512399852972,4833,test,3077.406259845362,1.0,0.2,"(5, 2)",undefined
85.46051247614683,26.508135826026827,4834,test,3078.656259845362,1.0,0.2,"(5, 2)",undefined
86.34986875714615,25.62975925220068,4835,test,3079.906259845362,1.0,0.2,"(5, 2)",undefined
87.23922503814548,24.751382678374537,4836,test,3081.156259845362,1.0,0.2,"(5, 2)",undefined
88.0,24.0,4837,test,3082.2255373920943,1.0,0.2,"(5, 2)",undefined
88.0,24.0,4838,test,3082.2255373920943,1.0,0.2,"(5, 2)",undefined
88.0,24.0,4839,test,3082.2255373920943,1.0,0.2,"(5, 2)",undefined
88.0,24.0,4840,test,3082.2255373920943,1.0,0.2,"(5, 2)",undefined
88.0,24.0,4841,test,3082.2255373920943,1.0,0.2,"(5, 2)",undefined
88.0,24.0,4842,test,3082.2255373920943,1.0,0.2,"(5, 2)",undefined
88.0,24.0,4843,test,3082.2255373920943,1.0,0.2,"(5, 2)",undefined
88.0,24.0,4844,test,3082.2255373920943,1.0,0.2,"(5, 2)",undefined
88.0,24.0,4845,test,3082.2255373920943,1.0,0.2,"(5, 2)",undefined
88.0,24.0,4846,test,3082.2255373920943,1.0,0.2,"(5, 2)",undefined
88.0,24.0,4847,test,3082.2255373920943,1.0,0.2,"(5, 2)",undefined
88.0,24.0,4848,test,3082.2255373920943,1.0,0.2,"(5, 2)",undefined
88.0,24.0,4849,test,3082.2255373920943,1.0,0.2,"(5, 2)",undefined
88.0,24.0,4850,test,3082.2255373920943,1.0,0.2,"(5, 2)",undefined
88.0,24.0,4851,test,3082.2255373920943,1.0,0.2,"(5, 2)",undefined
88.0,24.0,4852,test,3082.2255373920943,1.0,0.2,"(5, 2)",undefined
88.0,24.0,4853,test,3082.2255373920943,1.0,0.2,"(5, 2)",undefined
88.0,24.0,4854,test,3082.2255373920943,1.0,0.2,"(5, 2)",undefined
88.0,24.0,4855,test,3082.2255373920943,1.0,0.2,"(5, 2)",undefined
88.0,24.0,4856,test,3082.2255373920943,1.0,0.2,"(5, 2)",undefined
88.0,24.0,4857,test,3082.2255373920943,1.0,0.2,"(5, 2)",undefined
88.0,24.0,4858,test,3082.2255373920943,1.0,0.2,"(5, 2)",undefined
88.0,24.0,4859,test,3082.2255373920943,1.0,0.2,"(5, 2)",undefined
88.0,24.0,4860,test,3082.2255373920943,1.0,0.2,"(5, 2)",undefined
88.0,24.0,4861,test,3082.2255373920943,1.0,0.2,"(5, 2)",undefined
88.0,24.0,4862,test,3082.2255373920943,1.0,0.2,"(5, 2)",undefined
88.0,24.0,4863,test,3082.2255373920943,1.0,0.2,"(5, 2)",undefined
88.0,24.0,4864,test,3082.2255373920943,1.0,0.2,"(5, 2)",undefined
88.0,24.0,4865,test,3082.2255373920943,1.0,0.2,"(5, 2)",undefined
88.0,24.0,4866,test,3082.2255373920943,1.0,0.2,"(5, 2)",undefined
88.0,24.0,4867,test,3082.2255373920943,1.0,0.2,"(5, 2)",undefined
88.0,24.0,4868,test,3082.2255373920943,1.0,0.2,"(5, 2)",undefined
87.11611652351695,24.88388347648305,4869,test,3083.4755373920943,1.0,0.2,"(5, 2)",undefined
86.2322330470339,25.7677669529661,4870,test,3084.7255373920943,1.0,0.2,"(5, 2)",undefined
85.34834957055085,26.65165042944915,4871,test,3085.9755373920943,1.0,0.2,"(5, 2)",undefined
84.4644660940678,27.535533905932198,4872,test,3087.2255373920943,1.0,0.2,"(5, 2)",undefined
83.58058261758475,28.419417382415247,4873,test,3088.4755373920943,1.0,0.2,"(5, 2)",undefined
82.6966991411017,29.303300858898297,4874,test,3089.7255373920943,1.0,0.2,"(5, 2)",undefined
81.81281566461865,30.187184335381346,4875,test,3090.9755373920943,1.0,0.2,"(5, 2)",undefined
80.9289321881356,31.071067811864395,4876,test,3092.2255373920943,1.0,0.2,"(5, 2)",undefined
80.04504871165256,31.954951288347445,4877,test,3093.4755373920943,1.0,0.2,"(5, 2)",undefined
79.1611652351695,32.838834764830494,4878,test,3094.7255373920943,1.0,0.2,"(5, 2)",undefined
78.27728175868646,33.722718241313544,4879,test,3095.9755373920943,1.0,0.2,"(5, 2)",undefined
77.3933982822034,34.60660171779659,4880,test,3097.2255373920943,1.0,0.2,"(5, 2)",undefined
76.50951480572036,35.49048519427964,4881,test,3098.4755373920943,1.0,0.2,"(5, 2)",undefined
75.62563132923731,36.37436867076269,4882,test,3099.7255373920943,1.0,0.2,"(5, 2)",undefined
74.74174785275426,37.25825214724574,4883,test,3100.9755373920943,1.0,0.2,"(5, 2)",undefined
73.85786437627121,38.14213562372879,4884,test,3102.2255373920943,1.0,0.2,"(5, 2)",undefined
72.97398089978816,39.02601910021184,4885,test,3103.4755373920943,1.0,0.2,"(5, 2)",undefined
72.09009742330511,39.90990257669489,4886,test,3104.7255373920943,1.0,0.2,"(5, 2)",undefined
71.20621394682206,40.79378605317794,4887,test,3105.9755373920943,1.0,0.2,"(5, 2)",undefined
70.32233047033901,41.67766952966099,4888,test,3107.2255373920943,1.0,0.2,"(5, 2)",undefined
69.43844699385596,42.56155300614404,4889,test,3108.4755373920943,1.0,0.2,"(5, 2)",undefined
68.55456351737291,43.44543648262709,4890,test,3109.7255373920943,1.0,0.2,"(5, 2)",undefined
67.67068004088986,44.32931995911014,4891,test,3110.9755373920943,1.0,0.2,"(5, 2)",undefined
66.78679656440681,45.213203435593186,4892,test,3112.2255373920943,1.0,0.2,"(5, 2)",undefined
65.90291308792376,46.097086912076236,4893,test,3113.4755373920943,1.0,0.2,"(5, 2)",undefined
65.01902961144071,46.980970388559285,4894,test,3114.7255373920943,1.0,0.2,"(5, 2)",undefined
64.13514613495767,47.864853865042335,4895,test,3115.9755373920943,1.0,0.2,"(5, 2)",undefined
63.251262658474616,48.748737341525384,4896,test,3117.2255373920943,1.0,0.2,"(5, 2)",undefined
62.367379181991566,49.632620818008434,4897,test,3118.4755373920943,1.0,0.2,"(5, 2)",undefined
61.48349570550852,50.51650429449148,4898,test,3119.7255373920943,1.0,0.2,"(5, 2)",undefined
60.59961222902547,51.40038777097453,4899,test,3120.9755373920943,1.0,0.2,"(5, 2)",undefined
59.71572875254242,52.28427124745758,4900,test,3122.2255373920943,1.0,0.2,"(5, 2)",undefined
58.83184527605937,53.16815472394063,4901,test,3123.4755373920943,1.0,0.2,"(5, 2)",undefined
57.94796179957632,54.05203820042368,4902,test,3124.7255373920943,1.0,0.2,"(5, 2)",undefined
57.06407832309327,54.93592167690673,4903,test,3125.9755373920943,1.0,0.2,"(5, 2)",undefined
56.0,56.0,4904,test,3127.48037138804,1.0,0.2,"(5, 2)",undefined
56.0,56.0,4905,test,3127.48037138804,1.0,0.2,"(5, 2)",undefined
56.0,56.0,4906,test,3127.48037138804,1.0,0.2,"(5, 2)",undefined
56.0,56.0,4907,test,3127.48037138804,1.0,0.2,"(5, 2)",undefined
56.0,56.0,4908,test,3127.48037138804,1.0,0.2,"(5, 2)",undefined
56.0,56.0,4909,test,3127.48037138804,1.0,0.2,"(5, 2)",undefined
56.0,56.0,4910,test,3127.48037138804,1.0,0.2,"(5, 2)",undefined
56.0,56.0,4911,test,3127.48037138804,1.0,0.2,"(5, 2)",undefined
56.0,56.0,4912,test,3127.48037138804,1.0,0.2,"(5, 2)",undefined
56.0,56.0,4913,test,3127.48037138804,1.0,0.2,"(5, 2)",undefined
56.0,56.0,4914,test,3127.48037138804,1.0,0.2,"(5, 2)",undefined
56.0,56.0,4915,test,3127.48037138804,1.0,0.2,"(5, 2)",undefined
56.0,56.0,4916,test,3127.48037138804,1.0,0.2,"(5, 2)",undefined
56.0,56.0,4917,test,3127.48037138804,1.0,0.2,"(5, 2)",undefined
56.0,56.0,4918,test,3127.48037138804,1.0,0.2,"(5, 2)",undefined
56.0,56.0,4919,test,3127.48037138804,1.0,0.2,"(5, 2)",undefined
56.0,56.0,4920,test,3127.48037138804,1.0,0.2,"(5, 2)",undefined
56.0,56.0,4921,test,3127.48037138804,1.0,0.2,"(5, 2)",undefined
56.0,56.0,4922,test,3127.48037138804,1.0,0.2,"(5, 2)",undefined
56.0,56.0,4923,test,3127.48037138804,1.0,0.2,"(5, 2)",undefined
56.0,56.0,4924,test,3127.48037138804,1.0,0.2,"(5, 2)",undefined
56.0,56.0,4925,test,3127.48037138804,1.0,0.2,"(5, 2)",undefined
56.0,56.0,4926,test,3127.48037138804,1.0,0.2,"(5, 2)",undefined
56.0,56.0,4927,test,3127.48037138804,1.0,0.2,"(5, 2)",undefined
56.0,56.0,4928,test,3127.48037138804,1.0,0.2,"(5, 2)",undefined
56.0,56.0,4929,test,3127.48037138804,1.0,0.2,"(5, 2)",undefined
56.0,57.250000000000284,4930,test,3128.7303713880406,1.0,0.2,"(5, 2)",undefined
56.0,58.50000000000057,4931,test,3129.980371388041,1.0,0.2,"(5, 2)",undefined
56.0,59.75000000000085,4932,test,3131.2303713880415,1.0,0.2,"(5, 2)",undefined
56.0,61.00000000000114,4933,test,3132.480371388042,1.0,0.2,"(5, 2)",undefined
56.0,62.25000000000142,4934,test,3133.7303713880424,1.0,0.2,"(5, 2)",undefined
56.0,63.500000000001705,4935,test,3134.980371388043,1.0,0.2,"(5, 2)",undefined
56.0,64.75000000000199,4936,test,3136.2303713880433,1.0,0.2,"(5, 2)",undefined
56.0,66.00000000000227,4937,test,3137.4803713880437,1.0,0.2,"(5, 2)",undefined
56.0,67.25000000000256,4938,test,3138.730371388044,1.0,0.2,"(5, 2)",undefined
56.0,68.50000000000284,4939,test,3139.9803713880447,1.0,0.2,"(5, 2)",undefined
56.0,69.75000000000313,4940,test,3141.230371388045,1.0,0.2,"(5, 2)",undefined
56.0,71.00000000000341,4941,test,3142.4803713880456,1.0,0.2,"(5, 2)",undefined
56.0,72.0,4942,test,3143.480371388042,1.0,0.2,"(5, 2)",undefined
56.0,72.0,4943,test,3143.480371388042,1.0,0.2,"(5, 2)",undefined
56.0,72.0,4944,test,3143.480371388042,1.0,0.2,"(5, 2)",undefined
56.0,72.0,4945,test,3143.480371388042,1.0,0.2,"(5, 2)",undefined
56.0,72.0,4946,test,3143.480371388042,1.0,0.2,"(5, 2)",undefined
56.0,72.0,4947,test,3143.480371388042,1.0,0.2,"(5, 2)",undefined
56.0,72.0,4948,test,3143.480371388042,1.0,0.2,"(5, 2)",undefined
56.0,72.0,4949,test,3143.480371388042,1.0,0.2,"(5, 2)",undefined
56.0,72.0,4950,test,3143.480371388042,1.0,0.2,"(5, 2)",undefined
56.0,72.0,4951,test,3143.480371388042,1.0,0.2,"(5, 2)",undefined
56.0,72.0,4952,test,3143.480371388042,1.0,0.2,"(5, 2)",undefined
56.0,72.0,4953,test,3143.480371388042,1.0,0.2,"(5, 2)",undefined
56.0,72.0,4954,test,3143.480371388042,1.0,0.2,"(5, 2)",undefined
56.0,72.0,4955,test,3143.480371388042,1.0,0.2,"(5, 2)",undefined
56.0,72.0,4956,test,3143.480371388042,1.0,0.2,"(5, 2)",undefined
56.0,72.0,4957,test,3143.480371388042,1.0,0.2,"(5, 2)",undefined
56.0,72.0,4958,test,3143.480371388042,1.0,0.2,"(5, 2)",undefined
56.0,72.0,4959,test,3143.480371388042,1.0,0.2,"(5, 2)",undefined
56.0,72.0,4960,test,3143.480371388042,1.0,0.2,"(5, 2)",undefined
56.0,70.74999999999972,4961,test,3144.7303713880424,1.0,0.2,"(5, 2)",undefined
56.0,69.49999999999943,4962,test,3145.980371388043,1.0,0.2,"(5, 2)",undefined
56.0,68.24999999999915,4963,test,3147.2303713880433,1.0,0.2,"(5, 2)",undefined
56.0,66.99999999999886,4964,test,3148.4803713880437,1.0,0.2,"(5, 2)",undefined
56.0,65.74999999999858,4965,test,3149.730371388044,1.0,0.2,"(5, 2)",undefined
56.0,64.4999999999983,4966,test,3150.9803713880447,1.0,0.2,"(5, 2)",undefined
56.0,63.24999999999801,4967,test,3152.230371388045,1.0,0.2,"(5, 2)",undefined
56.0,61.999999999997726,4968,test,3153.4803713880456,1.0,0.2,"(5, 2)",undefined
56.0,60.74999999999744,4969,test,3154.730371388046,1.0,0.2,"(5, 2)",undefined
56.0,59.49999999999716,4970,test,3155.9803713880465,1.0,0.2,"(5, 2)",undefined
56.0,58.249999999996874,4971,test,3157.230371388047,1.0,0.2,"(5, 2)",undefined
56.0,56.99999999999659,4972,test,3158.4803713880474,1.0,0.2,"(5, 2)",undefined
56.31621556657754,55.8798317388366,4973,test,3159.6443169270897,1.0,0.2,"(5, 2)",undefined
57.19459214040404,54.990475457837135,4974,test,3160.8943169270897,1.0,0.2,"(5, 2)",undefined
58.07296871423054,54.10111917683767,4975,test,3162.1443169270897,1.0,0.2,"(5, 2)",undefined
58.95134528805704,53.211762895838206,4976,test,3163.3943169270897,1.0,0.2,"(5, 2)",undefined
59.82972186188354,52.32240661483874,4977,test,3164.6443169270897,1.0,0.2,"(5, 2)",undefined
60.70809843571004,51.433050333839276,4978,test,3165.8943169270897,1.0,0.2,"(5, 2)",undefined
61.58647500953654,50.543694052839896,4979,test,3167.1443169270897,1.0,0.2,"(5, 2)",undefined
62.46485158336304,49.654337771840936,4980,test,3168.3943169270897,1.0,0.2,"(5, 2)",undefined
63.34322815718954,48.76498149084197,4981,test,3169.6443169270897,1.0,0.2,"(5, 2)",undefined
64.22160473101623,47.87562520984288,4982,test,3170.8943169270897,1.0,0.2,"(5, 2)",undefined
65.09998130484344,46.986268928843415,4983,test,3172.14431692709,1.0,0.2,"(5, 2)",undefined
65.97835787867065,46.09691264784395,4984,test,3173.3943169270906,1.0,0.2,"(5, 2)",undefined
66.85673445249786,45.207556366844486,4985,test,3174.644316927091,1.0,0.2,"(5, 2)",undefined
67.73511102632507,44.31820008584502,4986,test,3175.8943169270915,1.0,0.2,"(5, 2)",undefined
68.61348760015223,43.428843804845556,4987,test,3177.144316927092,1.0,0.2,"(5, 2)",undefined
69.49186417397894,42.53948752384609,4988,test,3178.3943169270924,1.0,0.2,"(5, 2)",undefined
70.37024074780565,41.650131242846626,4989,test,3179.644316927093,1.0,0.2,"(5, 2)",undefined
71.24861732163237,40.76077496184716,4990,test,3180.8943169270933,1.0,0.2,"(5, 2)",undefined
72.26074682117606,40.18626191223204,4991,test,3182.0581345107485,1.0,0.2,"(5, 2)",undefined
73.51065929977217,40.171470162855755,4992,test,3183.3081345107485,1.0,0.2,"(5, 2)",undefined
74.76057177836829,40.15667841347976,4993,test,3184.5581345107485,1.0,0.2,"(5, 2)",undefined
76.0104842569644,40.14188666410383,4994,test,3185.8081345107485,1.0,0.2,"(5, 2)",undefined
77.26039673556052,40.1270949147279,4995,test,3187.0581345107485,1.0,0.2,"(5, 2)",undefined
78.51030921415663,40.11230316535197,4996,test,3188.3081345107485,1.0,0.2,"(5, 2)",undefined
79.76022169275275,40.09751141597604,4997,test,3189.5581345107485,1.0,0.2,"(5, 2)",undefined
81.01013417134887,40.08271966660011,4998,test,3190.8081345107485,1.0,0.2,"(5, 2)",undefined
82.26004664994498,40.06792791722418,4999,test,3192.0581345107485,1.0,0.2,"(5, 2)",undefined
83.5099591285411,40.05313616784825,5000,test,3193.3081345107485,1.0,0.2,"(5, 2)",undefined
84.75987160713721,40.03834441847232,5001,test,3194.5581345107485,1.0,0.2,"(5, 2)",undefined
86.00978408573333,40.02355266909639,5002,test,3195.8081345107485,1.0,0.2,"(5, 2)",undefined
87.25969656432945,40.00876091972046,5003,test,3197.0581345107485,1.0,0.2,"(5, 2)",undefined
88.0,40.0,5004,test,3197.798489783965,1.0,0.2,"(5, 2)",undefined
88.0,40.0,5005,test,3197.798489783965,1.0,0.2,"(5, 2)",undefined
88.0,40.0,5006,test,3197.798489783965,1.0,0.2,"(5, 2)",undefined
88.0,40.0,5007,test,3197.798489783965,1.0,0.2,"(5, 2)",undefined
88.0,40.0,5008,test,3197.798489783965,1.0,0.2,"(5, 2)",undefined
88.0,40.0,5009,test,3197.798489783965,1.0,0.2,"(5, 2)",undefined
88.0,40.0,5010,test,3197.798489783965,1.0,0.2,"(5, 2)",undefined
88.0,40.0,5011,test,3197.798489783965,1.0,0.2,"(5, 2)",undefined
88.0,40.0,5012,test,3197.798489783965,1.0,0.2,"(5, 2)",undefined
88.0,40.0,5013,test,3197.798489783965,1.0,0.2,"(5, 2)",undefined
88.0,40.0,5014,test,3197.798489783965,1.0,0.2,"(5, 2)",undefined
88.0,40.0,5015,test,3197.798489783965,1.0,0.2,"(5, 2)",undefined
88.0,40.0,5016,test,3197.798489783965,1.0,0.2,"(5, 2)",undefined
88.0,40.0,5017,test,3197.798489783965,1.0,0.2,"(5, 2)",undefined
88.0,40.0,5018,test,3197.798489783965,1.0,0.2,"(5, 2)",undefined
88.0,40.0,5019,test,3197.798489783965,1.0,0.2,"(5, 2)",undefined
88.0,40.0,5020,test,3197.798489783965,1.0,0.2,"(5, 2)",undefined
88.0,40.0,5021,test,3197.798489783965,1.0,0.2,"(5, 2)",undefined
88.0,40.0,5022,test,3197.798489783965,1.0,0.2,"(5, 2)",undefined
88.0,40.0,5023,test,3197.798489783965,1.0,0.2,"(5, 2)",undefined
88.0,40.0,5024,test,3197.798489783965,1.0,0.2,"(5, 2)",undefined
88.0,40.0,5025,test,3197.798489783965,1.0,0.2,"(5, 2)",undefined
88.0,40.0,5026,test,3197.798489783965,1.0,0.2,"(5, 2)",undefined
88.0,40.0,5027,test,3197.798489783965,1.0,0.2,"(5, 2)",undefined
88.0,40.0,5028,test,3197.798489783965,1.0,0.2,"(5, 2)",undefined
88.0,40.0,5029,test,3197.798489783965,1.0,0.2,"(5, 2)",undefined
88.0,40.0,5030,test,3197.798489783965,1.0,0.2,"(5, 2)",undefined
88.0,40.0,5031,test,3197.798489783965,1.0,0.2,"(5, 2)",undefined
88.0,40.0,5032,test,3197.798489783965,1.0,0.2,"(5, 2)",undefined
88.0,40.0,5033,test,3197.798489783965,1.0,0.2,"(5, 2)",undefined
88.0,40.0,5034,test,3197.798489783965,1.0,0.2,"(5, 2)",undefined
88.0,40.0,5035,test,3197.798489783965,1.0,0.2,"(5, 2)",undefined
88.0,40.0,5036,test,3197.798489783965,1.0,0.2,"(5, 2)",undefined
88.0,40.0,5037,test,3197.798489783965,1.0,0.2,"(5, 2)",undefined
88.0,40.0,5038,test,3197.798489783965,1.0,0.2,"(5, 2)",undefined
88.0,40.0,5039,test,3197.798489783965,1.0,0.2,"(5, 2)",undefined
88.0,40.0,5040,test,3197.798489783965,1.0,0.2,"(5, 2)",undefined
88.0,40.0,5041,test,3197.798489783965,1.0,0.2,"(5, 2)",undefined
88.0,40.0,5042,test,3197.798489783965,1.0,0.2,"(5, 2)",undefined
88.0,40.0,5043,test,3197.798489783965,1.0,0.2,"(5, 2)",undefined
88.0,40.0,5044,test,3197.798489783965,1.0,0.2,"(5, 2)",undefined
88.0,40.0,5045,test,3197.798489783965,1.0,0.2,"(5, 2)",undefined
88.0,40.0,5046,test,3197.798489783965,1.0,0.2,"(5, 2)",undefined
88.0,40.0,5047,test,3197.798489783965,1.0,0.2,"(5, 2)",undefined
88.0,40.0,5048,test,3197.798489783965,1.0,0.2,"(5, 2)",undefined
88.0,40.0,5049,test,3197.798489783965,1.0,0.2,"(5, 2)",undefined
88.0,40.0,5050,test,3197.798489783965,1.0,0.2,"(5, 2)",undefined
88.0,40.0,5051,test,3197.798489783965,1.0,0.2,"(5, 2)",undefined
88.0,40.0,5052,test,3197.798489783965,1.0,0.2,"(5, 2)",undefined
88.0,40.0,5053,test,3197.798489783965,1.0,0.2,"(5, 2)",undefined
88.0,40.0,5054,test,3197.798489783965,1.0,0.2,"(5, 2)",undefined
88.0,40.0,5055,test,3197.798489783965,1.0,0.2,"(5, 2)",undefined
88.0,40.0,5056,test,3197.798489783965,1.0,0.2,"(5, 2)",undefined
88.0,40.0,5057,test,3197.798489783965,1.0,0.2,"(5, 2)",undefined
88.0,40.0,5058,test,3197.798489783965,1.0,0.2,"(5, 2)",undefined
88.0,40.0,5059,test,3197.798489783965,1.0,0.2,"(5, 2)",undefined
88.0,40.0,5060,test,3197.798489783965,1.0,0.2,"(5, 2)",undefined
88.0,40.0,5061,test,3197.798489783965,1.0,0.2,"(5, 2)",undefined
88.0,40.0,5062,test,3197.798489783965,1.0,0.2,"(5, 2)",undefined
88.0,40.0,5063,test,3197.798489783965,1.0,0.2,"(5, 2)",undefined
88.0,40.0,5064,test,3197.798489783965,1.0,0.2,"(5, 2)",undefined
88.0,40.0,5065,test,3197.798489783965,1.0,0.2,"(5, 2)",undefined
88.0,40.0,5066,test,3197.798489783965,1.0,0.2,"(5, 2)",undefined
88.0,40.0,5067,test,3197.798489783965,1.0,0.2,"(5, 2)",undefined
88.0,40.0,5068,test,3197.798489783965,1.0,0.2,"(5, 2)",undefined
88.0,40.0,5069,test,3197.798489783965,1.0,0.2,"(5, 2)",undefined
88.0,40.0,5070,test,3197.798489783965,1.0,0.2,"(5, 2)",undefined
88.0,40.0,5071,test,3197.798489783965,1.0,0.2,"(5, 2)",undefined
88.0,40.0,5072,test,3197.798489783965,1.0,0.2,"(5, 2)",undefined
88.0,40.0,5073,test,3197.798489783965,1.0,0.2,"(5, 2)",undefined
88.0,40.0,5074,test,3197.798489783965,1.0,0.2,"(5, 2)",undefined
88.0,40.0,5075,test,3197.798489783965,1.0,0.2,"(5, 2)",undefined
88.0,40.0,5076,test,3197.798489783965,1.0,0.2,"(5, 2)",undefined
88.0,40.0,5077,test,3197.798489783965,1.0,0.2,"(5, 2)",undefined
88.0,40.0,5078,test,3197.798489783965,1.0,0.2,"(5, 2)",undefined
88.0,40.0,5079,test,3197.798489783965,1.0,0.2,"(5, 2)",undefined
88.0,40.0,5080,test,3197.798489783965,1.0,0.2,"(5, 2)",undefined
88.0,40.0,5081,test,3197.798489783965,1.0,0.2,"(5, 2)",undefined
88.0,40.0,5082,test,3197.798489783965,1.0,0.2,"(5, 2)",undefined
88.0,40.0,5083,test,3197.798489783965,1.0,0.2,"(5, 2)",undefined
88.0,40.0,5084,test,3197.798489783965,1.0,0.2,"(5, 2)",undefined
88.0,40.0,5085,test,3197.798489783965,1.0,0.2,"(5, 2)",undefined
88.0,40.0,5086,test,3197.798489783965,1.0,0.2,"(5, 2)",undefined
88.0,40.0,5087,test,3197.798489783965,1.0,0.2,"(5, 2)",undefined
88.0,40.0,5088,test,3197.798489783965,1.0,0.2,"(5, 2)",undefined
88.0,40.0,5089,test,3197.798489783965,1.0,0.2,"(5, 2)",undefined
88.0,40.0,5090,test,3197.798489783965,1.0,0.2,"(5, 2)",undefined
88.0,40.0,5091,test,3197.798489783965,1.0,0.2,"(5, 2)",undefined
88.0,40.0,5092,test,3197.798489783965,1.0,0.2,"(5, 2)",undefined
88.0,40.0,5093,test,3197.798489783965,1.0,0.2,"(5, 2)",undefined
88.0,40.0,5094,test,3197.798489783965,1.0,0.2,"(5, 2)",undefined
88.0,40.0,5095,test,3197.798489783965,1.0,0.2,"(5, 2)",undefined
88.0,40.0,5096,test,3197.798489783965,1.0,0.2,"(5, 2)",undefined
88.0,40.0,5097,test,3197.798489783965,1.0,0.2,"(5, 2)",undefined
88.0,40.0,5098,test,3197.798489783965,1.0,0.2,"(5, 2)",undefined
88.0,40.0,5099,test,3197.798489783965,1.0,0.2,"(5, 2)",undefined
88.0,40.0,5100,test,3197.798489783965,1.0,0.2,"(5, 2)",undefined
88.0,40.0,5101,test,3197.798489783965,1.0,0.2,"(5, 2)",undefined
88.0,40.0,5102,test,3197.798489783965,1.0,0.2,"(5, 2)",undefined
88.0,40.0,5103,test,3197.798489783965,1.0,0.2,"(5, 2)",undefined
88.0,40.0,5104,test,3197.798489783965,1.0,0.2,"(5, 2)",undefined
88.0,40.0,5105,test,3197.798489783965,1.0,0.2,"(5, 2)",undefined
88.0,40.0,5106,test,3197.798489783965,1.0,0.2,"(5, 2)",undefined
88.0,40.0,5107,test,3197.798489783965,1.0,0.2,"(5, 2)",undefined
88.0,40.0,5108,test,3197.798489783965,1.0,0.2,"(5, 2)",undefined
88.0,40.0,5109,test,3197.798489783965,1.0,0.2,"(5, 2)",undefined
88.0,40.0,5110,test,3197.798489783965,1.0,0.2,"(5, 2)",undefined
88.0,38.749999999999716,5111,test,3199.0484897839656,1.0,0.2,"(5, 2)",undefined
88.0,37.49999999999943,5112,test,3200.298489783966,1.0,0.2,"(5, 2)",undefined
88.0,36.24999999999915,5113,test,3201.5484897839665,1.0,0.2,"(5, 2)",undefined
88.0,34.99999999999886,5114,test,3202.798489783967,1.0,0.2,"(5, 2)",undefined
88.0,33.74999999999858,5115,test,3204.0484897839674,1.0,0.2,"(5, 2)",undefined
88.0,32.499999999998295,5116,test,3205.298489783968,1.0,0.2,"(5, 2)",undefined
88.0,31.249999999998227,5117,test,3206.548489783968,1.0,0.2,"(5, 2)",undefined
88.0,29.9999999999983,5118,test,3207.798489783968,1.0,0.2,"(5, 2)",undefined
88.0,28.74999999999837,5119,test,3209.048489783968,1.0,0.2,"(5, 2)",undefined
88.0,27.49999999999844,5120,test,3210.298489783968,1.0,0.2,"(5, 2)",undefined
88.0,26.24999999999851,5121,test,3211.548489783968,1.0,0.2,"(5, 2)",undefined
88.0,24.999999999998582,5122,test,3212.798489783968,1.0,0.2,"(5, 2)",undefined
88.0,24.0,5123,test,3213.7984897839665,1.0,0.2,"(5, 2)",undefined
88.0,24.0,5124,test,3213.7984897839665,1.0,0.2,"(5, 2)",undefined
88.0,24.0,5125,test,3213.7984897839665,1.0,0.2,"(5, 2)",undefined
88.0,24.0,5126,test,3213.7984897839665,1.0,0.2,"(5, 2)",undefined
88.0,24.0,5127,test,3213.7984897839665,1.0,0.2,"(5, 2)",undefined
88.0,24.0,5128,test,3213.7984897839665,1.0,0.2,"(5, 2)",undefined
88.0,24.0,5129,test,3213.7984897839665,1.0,0.2,"(5, 2)",undefined
88.0,24.0,5130,test,3213.7984897839665,1.0,0.2,"(5, 2)",undefined
88.0,24.0,5131,test,3213.7984897839665,1.0,0.2,"(5, 2)",undefined
88.0,24.0,5132,test,3213.7984897839665,1.0,0.2,"(5, 2)",undefined
88.0,24.0,5133,test,3213.7984897839665,1.0,0.2,"(5, 2)",undefined
88.0,24.0,5134,test,3213.7984897839665,1.0,0.2,"(5, 2)",undefined
88.0,24.0,5135,test,3213.7984897839665,1.0,0.2,"(5, 2)",undefined
88.0,24.0,5136,test,3213.7984897839665,1.0,0.2,"(5, 2)",undefined
88.0,24.0,5137,test,3213.7984897839665,1.0,0.2,"(5, 2)",undefined
88.0,24.0,5138,test,3213.7984897839665,1.0,0.2,"(5, 2)",undefined
88.0,24.0,5139,test,3213.7984897839665,1.0,0.2,"(5, 2)",undefined
88.0,24.0,5140,test,3213.7984897839665,1.0,0.2,"(5, 2)",undefined
88.0,24.0,5141,test,3213.7984897839665,1.0,0.2,"(5, 2)",undefined
88.0,24.0,5142,test,3213.7984897839665,1.0,0.2,"(5, 2)",undefined
88.0,24.0,5143,test,3213.7984897839665,1.0,0.2,"(5, 2)",undefined
88.0,24.0,5144,test,3213.7984897839665,1.0,0.2,"(5, 2)",undefined
88.0,24.0,5145,test,3213.7984897839665,1.0,0.2,"(5, 2)",undefined
88.0,24.0,5146,test,3213.7984897839665,1.0,0.2,"(5, 2)",undefined
87.11611652351695,24.88388347648305,5147,test,3215.0484897839665,1.0,0.2,"(5, 2)",undefined
86.2322330470339,25.7677669529661,5148,test,3216.2984897839665,1.0,0.2,"(5, 2)",undefined
85.34834957055085,26.65165042944915,5149,test,3217.5484897839665,1.0,0.2,"(5, 2)",undefined
84.4644660940678,27.535533905932198,5150,test,3218.7984897839665,1.0,0.2,"(5, 2)",undefined
83.58058261758475,28.419417382415247,5151,test,3220.0484897839665,1.0,0.2,"(5, 2)",undefined
82.6966991411017,29.303300858898297,5152,test,3221.2984897839665,1.0,0.2,"(5, 2)",undefined
81.81281566461865,30.187184335381346,5153,test,3222.5484897839665,1.0,0.2,"(5, 2)",undefined
80.9289321881356,31.071067811864395,5154,test,3223.7984897839665,1.0,0.2,"(5, 2)",undefined
80.04504871165256,31.954951288347445,5155,test,3225.0484897839665,1.0,0.2,"(5, 2)",undefined
79.1611652351695,32.838834764830494,5156,test,3226.2984897839665,1.0,0.2,"(5, 2)",undefined
78.27728175868646,33.722718241313544,5157,test,3227.5484897839665,1.0,0.2,"(5, 2)",undefined
77.3933982822034,34.60660171779659,5158,test,3228.7984897839665,1.0,0.2,"(5, 2)",undefined
76.50951480572036,35.49048519427964,5159,test,3230.0484897839665,1.0,0.2,"(5, 2)",undefined
75.62563132923731,36.37436867076269,5160,test,3231.2984897839665,1.0,0.2,"(5, 2)",undefined
74.74174785275426,37.25825214724574,5161,test,3232.5484897839665,1.0,0.2,"(5, 2)",undefined
73.85786437627121,38.14213562372879,5162,test,3233.7984897839665,1.0,0.2,"(5, 2)",undefined
72.97398089978816,39.02601910021184,5163,test,3235.0484897839665,1.0,0.2,"(5, 2)",undefined
72.09009742330511,39.90990257669489,5164,test,3236.2984897839665,1.0,0.2,"(5, 2)",undefined
71.20621394682206,40.79378605317794,5165,test,3237.5484897839665,1.0,0.2,"(5, 2)",undefined
70.32233047033901,41.67766952966099,5166,test,3238.7984897839665,1.0,0.2,"(5, 2)",undefined
69.43844699385596,42.56155300614404,5167,test,3240.0484897839665,1.0,0.2,"(5, 2)",undefined
68.55456351737291,43.44543648262709,5168,test,3241.2984897839665,1.0,0.2,"(5, 2)",undefined
67.67068004088986,44.32931995911014,5169,test,3242.5484897839665,1.0,0.2,"(5, 2)",undefined
66.78679656440681,45.213203435593186,5170,test,3243.7984897839665,1.0,0.2,"(5, 2)",undefined
65.90291308792376,46.097086912076236,5171,test,3245.0484897839665,1.0,0.2,"(5, 2)",undefined
65.01902961144071,46.980970388559285,5172,test,3246.2984897839665,1.0,0.2,"(5, 2)",undefined
64.13514613495767,47.864853865042335,5173,test,3247.5484897839665,1.0,0.2,"(5, 2)",undefined
63.251262658474616,48.748737341525384,5174,test,3248.7984897839665,1.0,0.2,"(5, 2)",undefined
62.367379181991566,49.632620818008434,5175,test,3250.0484897839665,1.0,0.2,"(5, 2)",undefined
61.48349570550852,50.51650429449148,5176,test,3251.2984897839665,1.0,0.2,"(5, 2)",undefined
60.59961222902547,51.40038777097453,5177,test,3252.5484897839665,1.0,0.2,"(5, 2)",undefined
59.71572875254242,52.28427124745758,5178,test,3253.7984897839665,1.0,0.2,"(5, 2)",undefined
58.83184527605937,53.16815472394063,5179,test,3255.0484897839665,1.0,0.2,"(5, 2)",undefined
57.94796179957632,54.05203820042368,5180,test,3256.2984897839665,1.0,0.2,"(5, 2)",undefined
57.06407832309327,54.93592167690673,5181,test,3257.5484897839665,1.0,0.2,"(5, 2)",undefined
56.0,56.0,5182,test,3259.0533237799123,1.0,0.2,"(5, 2)",undefined
56.0,56.0,5183,test,3259.0533237799123,1.0,0.2,"(5, 2)",undefined
56.0,56.0,5184,test,3259.0533237799123,1.0,0.2,"(5, 2)",undefined
56.0,56.0,5185,test,3259.0533237799123,1.0,0.2,"(5, 2)",undefined
56.0,56.0,5186,test,3259.0533237799123,1.0,0.2,"(5, 2)",undefined
56.0,56.0,5187,test,3259.0533237799123,1.0,0.2,"(5, 2)",undefined
56.0,56.0,5188,test,3259.0533237799123,1.0,0.2,"(5, 2)",undefined
56.0,56.0,5189,test,3259.0533237799123,1.0,0.2,"(5, 2)",undefined
56.0,56.0,5190,test,3259.0533237799123,1.0,0.2,"(5, 2)",undefined
56.0,56.0,5191,test,3259.0533237799123,1.0,0.2,"(5, 2)",undefined
56.0,56.0,5192,test,3259.0533237799123,1.0,0.2,"(5, 2)",undefined
56.0,56.0,5193,test,3259.0533237799123,1.0,0.2,"(5, 2)",undefined
56.0,56.0,5194,test,3259.0533237799123,1.0,0.2,"(5, 2)",undefined
56.0,56.0,5195,test,3259.0533237799123,1.0,0.2,"(5, 2)",undefined
56.0,56.0,5196,test,3259.0533237799123,1.0,0.2,"(5, 2)",undefined
56.0,56.0,5197,test,3259.0533237799123,1.0,0.2,"(5, 2)",undefined
56.0,56.0,5198,test,3259.0533237799123,1.0,0.2,"(5, 2)",undefined
56.0,56.0,5199,test,3259.0533237799123,1.0,0.2,"(5, 2)",undefined
56.0,56.0,5200,test,3259.0533237799123,1.0,0.2,"(5, 2)",undefined
56.0,56.0,5201,test,3259.0533237799123,1.0,0.2,"(5, 2)",undefined
56.0,56.0,5202,test,3259.0533237799123,1.0,0.2,"(5, 2)",undefined
56.0,56.0,5203,test,3259.0533237799123,1.0,0.2,"(5, 2)",undefined
56.0,56.0,5204,test,3259.0533237799123,1.0,0.2,"(5, 2)",undefined
56.0,56.0,5205,test,3259.0533237799123,1.0,0.2,"(5, 2)",undefined
56.0,56.0,5206,test,3259.0533237799123,1.0,0.2,"(5, 2)",undefined
56.0,56.0,5207,test,3259.0533237799123,1.0,0.2,"(5, 2)",undefined
56.0,56.0,5208,test,3259.0533237799123,1.0,0.2,"(5, 2)",undefined
56.0,56.0,5209,test,3259.0533237799123,1.0,0.2,"(5, 2)",undefined
56.0,56.0,5210,test,3259.0533237799123,1.0,0.2,"(5, 2)",undefined
56.0,56.0,5211,test,3259.0533237799123,1.0,0.2,"(5, 2)",undefined
56.0,56.0,5212,test,3259.0533237799123,1.0,0.2,"(5, 2)",undefined
56.0,56.0,5213,test,3259.0533237799123,1.0,0.2,"(5, 2)",undefined
56.0,56.0,5214,test,3259.0533237799123,1.0,0.2,"(5, 2)",undefined
56.0,56.0,5215,test,3259.0533237799123,1.0,0.2,"(5, 2)",undefined
56.0,56.0,5216,test,3259.0533237799123,1.0,0.2,"(5, 2)",undefined
56.88388347648305,55.11611652351695,5217,test,3260.3033237799123,1.0,0.2,"(5, 2)",undefined
57.7677669529661,54.2322330470339,5218,test,3261.5533237799123,1.0,0.2,"(5, 2)",undefined
58.65165042944915,53.34834957055085,5219,test,3262.8033237799123,1.0,0.2,"(5, 2)",undefined
59.5355339059322,52.4644660940678,5220,test,3264.0533237799123,1.0,0.2,"(5, 2)",undefined
60.41941738241525,51.58058261758475,5221,test,3265.3033237799123,1.0,0.2,"(5, 2)",undefined
61.3033008588983,50.6966991411017,5222,test,3266.5533237799123,1.0,0.2,"(5, 2)",undefined
62.187184335381346,49.812815664618654,5223,test,3267.8033237799123,1.0,0.2,"(5, 2)",undefined
63.071067811864395,48.928932188135605,5224,test,3269.0533237799123,1.0,0.2,"(5, 2)",undefined
63.954951288347445,48.045048711652555,5225,test,3270.3033237799123,1.0,0.2,"(5, 2)",undefined
64.8388347648305,47.161165235169506,5226,test,3271.5533237799123,1.0,0.2,"(5, 2)",undefined
65.72271824131354,46.277281758686456,5227,test,3272.8033237799123,1.0,0.2,"(5, 2)",undefined
66.6066017177966,45.39339828220341,5228,test,3274.0533237799123,1.0,0.2,"(5, 2)",undefined
67.49048519427964,44.50951480572036,5229,test,3275.3033237799123,1.0,0.2,"(5, 2)",undefined
68.37436867076269,43.62563132923731,5230,test,3276.5533237799123,1.0,0.2,"(5, 2)",undefined
69.25825214724574,42.74174785275426,5231,test,3277.8033237799123,1.0,0.2,"(5, 2)",undefined
70.14213562372879,41.85786437627121,5232,test,3279.0533237799123,1.0,0.2,"(5, 2)",undefined
71.02601910021184,40.97398089978816,5233,test,3280.3033237799123,1.0,0.2,"(5, 2)",undefined
71.95382555869026,40.19434681531624,5234,test,3281.5152041907054,1.0,0.2,"(5, 2)",undefined
73.20373388513468,40.179208272259245,5235,test,3282.765204190706,1.0,0.2,"(5, 2)",undefined
74.45364221157911,40.164069729202254,5236,test,3284.0152041907063,1.0,0.2,"(5, 2)",undefined
75.70355053802353,40.14893118614526,5237,test,3285.2652041907068,1.0,0.2,"(5, 2)",undefined
76.95345886446796,40.13379264308827,5238,test,3286.515204190707,1.0,0.2,"(5, 2)",undefined
78.20336719091239,40.11865410003128,5239,test,3287.7652041907077,1.0,0.2,"(5, 2)",undefined
79.45327551735681,40.10351555697429,5240,test,3289.015204190708,1.0,0.2,"(5, 2)",undefined
80.70318384380124,40.088377013917295,5241,test,3290.2652041907086,1.0,0.2,"(5, 2)",undefined
81.95309217024567,40.0732384708603,5242,test,3291.515204190709,1.0,0.2,"(5, 2)",undefined
83.2030004966901,40.05809992780313,5243,test,3292.7652041907095,1.0,0.2,"(5, 2)",undefined
84.45290882313452,40.04296138474578,5244,test,3294.01520419071,1.0,0.2,"(5, 2)",undefined
85.70281714957895,40.027822841688426,5245,test,3295.2652041907104,1.0,0.2,"(5, 2)",undefined
86.95272547602337,40.01268429863107,5246,test,3296.515204190711,1.0,0.2,"(5, 2)",undefined
88.20266313365056,40.00233106509771,5247,test,3297.765184725519,1.0,0.2,"(5, 2)",undefined
89.45266312004111,40.0021466143028,5248,test,3299.0151847255183,1.0,0.2,"(5, 2)",undefined
90.70266310643166,40.0019621635079,5249,test,3300.265184725518,1.0,0.2,"(5, 2)",undefined
91.9526630928222,40.00177771271299,5250,test,3301.5151847255174,1.0,0.2,"(5, 2)",undefined
93.20266307921275,40.00159326191809,5251,test,3302.765184725517,1.0,0.2,"(5, 2)",undefined
94.4526630656033,40.001408811123184,5252,test,3304.0151847255165,1.0,0.2,"(5, 2)",undefined
95.70266305199385,40.00122436032828,5253,test,3305.265184725516,1.0,0.2,"(5, 2)",undefined
96.9526630383844,40.001039909533375,5254,test,3306.5151847255156,1.0,0.2,"(5, 2)",undefined
98.20266302477495,40.00085545873847,5255,test,3307.765184725515,1.0,0.2,"(5, 2)",undefined
99.4526630111655,40.00067100794384,5256,test,3309.0151847255147,1.0,0.2,"(5, 2)",undefined
100.70266299755605,40.000486557149294,5257,test,3310.2651847255142,1.0,0.2,"(5, 2)",undefined
101.9526629839466,40.000302106354745,5258,test,3311.515184725514,1.0,0.2,"(5, 2)",undefined
103.20266297033714,40.000117655560196,5259,test,3312.7651847255133,1.0,0.2,"(5, 2)",undefined
104.45266296380328,40.00002795062478,5260,test,3314.0151847221982,1.0,0.2,"(5, 2)",undefined
105.70266296380072,40.00002570340544,5261,test,3315.265184722198,1.0,0.2,"(5, 2)",undefined
106.95266296379816,40.00002345618579,5262,test,3316.5151847221973,1.0,0.2,"(5, 2)",undefined
108.2026629637956,40.00002120896613,5263,test,3317.765184722197,1.0,0.2,"(5, 2)",undefined
109.45266296379305,40.00001896174648,5264,test,3319.0151847221964,1.0,0.2,"(5, 2)",undefined
110.70266296379049,40.00001671452682,5265,test,3320.265184722196,1.0,0.2,"(5, 2)",undefined
111.95266296378793,40.00001446730717,5266,test,3321.5151847221955,1.0,0.2,"(5, 2)",undefined
113.20266296378537,40.00001222008751,5267,test,3322.765184722195,1.0,0.2,"(5, 2)",undefined
114.45266296378281,40.00000997286786,5268,test,3324.0151847221946,1.0,0.2,"(5, 2)",undefined
115.70266296378026,40.0000077256482,5269,test,3325.265184722194,1.0,0.2,"(5, 2)",undefined
116.9526629637777,40.00000547842855,5270,test,3326.5151847221937,1.0,0.2,"(5, 2)",undefined
118.20266296377514,40.00000323120889,5271,test,3327.765184722193,1.0,0.2,"(5, 2)",undefined
119.45266296377258,40.00000098398924,5272,test,3329.0151847221928,1.0,0.2,"(5, 2)",undefined
120.44294749693546,39.367516586919635,5273,test,3330.190216623529,1.0,0.2,"(5, 2)",undefined
121.33223157077379,38.489066909353156,5274,test,3331.4402166235286,1.0,0.2,"(5, 2)",undefined
122.22151564461211,37.61061723178706,5275,test,3332.690216623528,1.0,0.2,"(5, 2)",undefined
123.11079971845044,36.732167554220965,5276,test,3333.9402166235277,1.0,0.2,"(5, 2)",undefined
124.00008379228876,35.85371787665487,5277,test,3335.1902166235272,1.0,0.2,"(5, 2)",undefined
124.88936786612709,34.975268199088774,5278,test,3336.440216623527,1.0,0.2,"(5, 2)",undefined
125.77865193996541,34.09681852152268,5279,test,3337.6902166235263,1.0,0.2,"(5, 2)",undefined
126.66793601380374,33.21836884395658,5280,test,3338.940216623526,1.0,0.2,"(5, 2)",undefined
127.55722008764207,32.33991916639049,5281,test,3340.1902166235254,1.0,0.2,"(5, 2)",undefined
128.4465041614804,31.46146948882417,5282,test,3341.440216623525,1.0,0.2,"(5, 2)",undefined
129.33578823531872,30.58301981125772,5283,test,3342.6902166235245,1.0,0.2,"(5, 2)",undefined
130.22507230915704,29.704570133691362,5284,test,3343.940216623524,1.0,0.2,"(5, 2)",undefined
131.11435638299537,28.826120456125267,5285,test,3345.1902166235236,1.0,0.2,"(5, 2)",undefined
132.0036404568337,27.94767077855917,5286,test,3346.440216623523,1.0,0.2,"(5, 2)",undefined
132.89292453067202,27.069221100993076,5287,test,3347.6902166235227,1.0,0.2,"(5, 2)",undefined
133.78220860451034,26.190771423427094,5288,test,3348.940216623522,1.0,0.2,"(5, 2)",undefined
134.67149267834867,25.312321745861368,5289,test,3350.190216623521,1.0,0.2,"(5, 2)",undefined
135.56077675218825,24.433872068295983,5290,test,3351.440216623521,1.0,0.2,"(5, 2)",undefined
136.0,24.0,5291,test,3352.0575998376316,1.0,0.2,"(5, 2)",undefined
136.0,24.0,5292,test,3352.0575998376316,1.0,0.2,"(5, 2)",undefined
136.0,24.0,5293,test,3352.0575998376316,1.0,0.2,"(5, 2)",undefined
136.0,24.0,5294,test,3352.0575998376316,1.0,0.2,"(5, 2)",undefined
136.0,24.0,5295,test,3352.0575998376316,1.0,0.2,"(5, 2)",undefined
136.0,24.0,5296,test,3352.0575998376316,1.0,0.2,"(5, 2)",undefined
136.0,24.0,5297,test,3352.0575998376316,1.0,0.2,"(5, 2)",undefined
136.0,24.0,5298,test,3352.0575998376316,1.0,0.2,"(5, 2)",undefined
136.0,24.0,5299,test,3352.0575998376316,1.0,0.2,"(5, 2)",undefined
136.0,24.0,5300,test,3352.0575998376316,1.0,0.2,"(5, 2)",undefined
136.0,24.0,5301,test,3352.0575998376316,1.0,0.2,"(5, 2)",undefined
136.0,24.0,5302,test,3352.0575998376316,1.0,0.2,"(5, 2)",undefined
136.0,24.0,5303,test,3352.0575998376316,1.0,0.2,"(5, 2)",undefined
136.0,24.0,5304,test,3352.0575998376316,1.0,0.2,"(5, 2)",undefined
136.0,24.0,5305,test,3352.0575998376316,1.0,0.2,"(5, 2)",undefined
136.0,24.0,5306,test,3352.0575998376316,1.0,0.2,"(5, 2)",undefined
136.0,24.0,5307,test,3352.0575998376316,1.0,0.2,"(5, 2)",undefined
136.0,24.0,5308,test,3352.0575998376316,1.0,0.2,"(5, 2)",undefined
136.0,24.0,5309,test,3352.0575998376316,1.0,0.2,"(5, 2)",undefined
136.0,24.0,5310,test,3352.0575998376316,1.0,0.2,"(5, 2)",undefined
136.0,24.0,5311,test,3352.0575998376316,1.0,0.2,"(5, 2)",undefined
136.0,24.0,5312,test,3352.0575998376316,1.0,0.2,"(5, 2)",undefined
136.0,24.0,5313,test,3352.0575998376316,1.0,0.2,"(5, 2)",undefined
136.0,24.0,5314,test,3352.0575998376316,1.0,0.2,"(5, 2)",undefined
136.0,24.0,5315,test,3352.0575998376316,1.0,0.2,"(5, 2)",undefined
136.0,24.0,5316,test,3352.0575998376316,1.0,0.2,"(5, 2)",undefined
136.0,24.0,5317,test,3352.0575998376316,1.0,0.2,"(5, 2)",undefined
136.0,24.0,5318,test,3352.0575998376316,1.0,0.2,"(5, 2)",undefined
136.0,24.0,5319,test,3352.0575998376316,1.0,0.2,"(5, 2)",undefined
136.0,24.0,5320,test,3352.0575998376316,1.0,0.2,"(5, 2)",undefined
136.0,24.0,5321,test,3352.0575998376316,1.0,0.2,"(5, 2)",undefined
136.0,24.0,5322,test,3352.0575998376316,1.0,0.2,"(5, 2)",undefined
136.0,24.0,5323,test,3352.0575998376316,1.0,0.2,"(5, 2)",undefined
136.0,24.0,5324,test,3352.0575998376316,1.0,0.2,"(5, 2)",undefined
136.0,24.0,5325,test,3352.0575998376316,1.0,0.2,"(5, 2)",undefined
136.0,24.0,5326,test,3352.0575998376316,1.0,0.2,"(5, 2)",undefined
136.0,24.0,5327,test,3352.0575998376316,1.0,0.2,"(5, 2)",undefined
136.0,24.0,5328,test,3352.0575998376316,1.0,0.2,"(5, 2)",undefined
136.0,24.0,5329,test,3352.0575998376316,1.0,0.2,"(5, 2)",undefined
136.0,24.0,5330,test,3352.0575998376316,1.0,0.2,"(5, 2)",undefined
136.0,24.0,5331,test,3352.0575998376316,1.0,0.2,"(5, 2)",undefined
136.0,24.0,5332,test,3352.0575998376316,1.0,0.2,"(5, 2)",undefined
136.0,24.0,5333,test,3352.0575998376316,1.0,0.2,"(5, 2)",undefined
136.0,24.0,5334,test,3352.0575998376316,1.0,0.2,"(5, 2)",undefined
136.0,24.0,5335,test,3352.0575998376316,1.0,0.2,"(5, 2)",undefined
136.0,24.0,5336,test,3352.0575998376316,1.0,0.2,"(5, 2)",undefined
136.0,24.0,5337,test,3352.0575998376316,1.0,0.2,"(5, 2)",undefined
136.0,24.0,5338,test,3352.0575998376316,1.0,0.2,"(5, 2)",undefined
136.0,24.0,5339,test,3352.0575998376316,1.0,0.2,"(5, 2)",undefined
136.0,24.0,5340,test,3352.0575998376316,1.0,0.2,"(5, 2)",undefined
136.0,24.0,5341,test,3352.0575998376316,1.0,0.2,"(5, 2)",undefined
136.0,24.0,5342,test,3352.0575998376316,1.0,0.2,"(5, 2)",undefined
136.0,24.0,5343,test,3352.0575998376316,1.0,0.2,"(5, 2)",undefined
136.0,24.0,5344,test,3352.0575998376316,1.0,0.2,"(5, 2)",undefined
136.0,24.0,5345,test,3352.0575998376316,1.0,0.2,"(5, 2)",undefined
136.0,24.0,5346,test,3352.0575998376316,1.0,0.2,"(5, 2)",undefined
136.0,24.0,5347,test,3352.0575998376316,1.0,0.2,"(5, 2)",undefined
136.0,24.0,5348,test,3352.0575998376316,1.0,0.2,"(5, 2)",undefined
136.0,24.0,5349,test,3352.0575998376316,1.0,0.2,"(5, 2)",undefined
136.0,24.0,5350,test,3352.0575998376316,1.0,0.2,"(5, 2)",undefined
136.0,24.0,5351,test,3352.0575998376316,1.0,0.2,"(5, 2)",undefined
136.0,24.0,5352,test,3352.0575998376316,1.0,0.2,"(5, 2)",undefined
136.0,24.0,5353,test,3352.0575998376316,1.0,0.2,"(5, 2)",undefined
136.0,24.0,5354,test,3352.0575998376316,1.0,0.2,"(5, 2)",undefined
136.0,24.0,5355,test,3352.0575998376316,1.0,0.2,"(5, 2)",undefined
136.0,24.0,5356,test,3352.0575998376316,1.0,0.2,"(5, 2)",undefined
136.0,24.0,5357,test,3352.0575998376316,1.0,0.2,"(5, 2)",undefined
136.0,24.0,5358,test,3352.0575998376316,1.0,0.2,"(5, 2)",undefined
136.0,24.0,5359,test,3352.0575998376316,1.0,0.2,"(5, 2)",undefined
136.0,24.0,5360,test,3352.0575998376316,1.0,0.2,"(5, 2)",undefined
136.0,24.0,5361,test,3352.0575998376316,1.0,0.2,"(5, 2)",undefined
136.0,24.0,5362,test,3352.0575998376316,1.0,0.2,"(5, 2)",undefined
136.0,24.0,5363,test,3352.0575998376316,1.0,0.2,"(5, 2)",undefined
136.0,24.0,5364,test,3352.0575998376316,1.0,0.2,"(5, 2)",undefined
136.0,24.0,5365,test,3352.0575998376316,1.0,0.2,"(5, 2)",undefined
136.0,24.0,5366,test,3352.0575998376316,1.0,0.2,"(5, 2)",undefined
136.0,24.0,5367,test,3352.0575998376316,1.0,0.2,"(5, 2)",undefined
136.0,24.0,5368,test,3352.0575998376316,1.0,0.2,"(5, 2)",undefined
136.0,24.0,5369,test,3352.0575998376316,1.0,0.2,"(5, 2)",undefined
136.0,24.0,5370,test,3352.0575998376316,1.0,0.2,"(5, 2)",undefined
136.0,24.0,5371,test,3352.0575998376316,1.0,0.2,"(5, 2)",undefined
136.0,24.0,5372,test,3352.0575998376316,1.0,0.2,"(5, 2)",undefined
136.0,24.0,5373,test,3352.0575998376316,1.0,0.2,"(5, 2)",undefined
136.0,24.0,5374,test,3352.0575998376316,1.0,0.2,"(5, 2)",undefined
136.0,24.0,5375,test,3352.0575998376316,1.0,0.2,"(5, 2)",undefined
136.0,24.0,5376,test,3352.0575998376316,1.0,0.2,"(5, 2)",undefined
136.0,24.0,5377,test,3352.0575998376316,1.0,0.2,"(5, 2)",undefined
136.0,24.0,5378,test,3352.0575998376316,1.0,0.2,"(5, 2)",undefined
136.0,24.0,5379,test,3352.0575998376316,1.0,0.2,"(5, 2)",undefined
136.0,24.0,5380,test,3352.0575998376316,1.0,0.2,"(5, 2)",undefined
136.0,24.0,5381,test,3352.0575998376316,1.0,0.2,"(5, 2)",undefined
134.75000000000114,24.0,5382,test,3353.3075998376307,1.0,0.2,"(5, 2)",undefined
133.50000000000227,24.0,5383,test,3354.55759983763,1.0,0.2,"(5, 2)",undefined
132.2500000000034,24.0,5384,test,3355.807599837629,1.0,0.2,"(5, 2)",undefined
131.00000000000455,24.0,5385,test,3357.057599837628,1.0,0.2,"(5, 2)",undefined
129.75000000000568,24.0,5386,test,3358.307599837627,1.0,0.2,"(5, 2)",undefined
128.50000000000682,24.0,5387,test,3359.557599837626,1.0,0.2,"(5, 2)",undefined
127.2500000000071,24.0,5388,test,3360.8075998376257,1.0,0.2,"(5, 2)",undefined
126.00000000000682,24.0,5389,test,3362.057599837626,1.0,0.2,"(5, 2)",undefined
124.75000000000654,24.0,5390,test,3363.3075998376266,1.0,0.2,"(5, 2)",undefined
123.50000000000625,24.0,5391,test,3364.557599837627,1.0,0.2,"(5, 2)",undefined
122.25000000000597,24.0,5392,test,3365.8075998376275,1.0,0.2,"(5, 2)",undefined
121.00000000000568,24.0,5393,test,3367.057599837628,1.0,0.2,"(5, 2)",undefined
119.8763439699661,24.30755190613945,5394,test,3368.2225852662127,1.0,0.2,"(5, 2)",undefined
118.9873267412821,25.186271637966456,5395,test,3369.4725852662123,1.0,0.2,"(5, 2)",undefined
118.0983095125981,26.06499136979346,5396,test,3370.722585266212,1.0,0.2,"(5, 2)",undefined
117.20929228391411,26.943711101620465,5397,test,3371.9725852662114,1.0,0.2,"(5, 2)",undefined
116.32027505523011,27.82243083344747,5398,test,3373.222585266211,1.0,0.2,"(5, 2)",undefined
115.43125782654612,28.70115056527412,5399,test,3374.4725852662104,1.0,0.2,"(5, 2)",undefined
114.54224059786175,29.57987029710077,5400,test,3375.72258526621,1.0,0.2,"(5, 2)",undefined
113.6532233691772,30.458590028927418,5401,test,3376.97258526621,1.0,0.2,"(5, 2)",undefined
112.76420614049265,31.337309760754067,5402,test,3378.22258526621,1.0,0.2,"(5, 2)",undefined
111.87518891180801,32.2160294925808,5403,test,3379.47258526621,1.0,0.2,"(5, 2)",undefined
110.98617168312309,33.094749224407806,5404,test,3380.7225852662104,1.0,0.2,"(5, 2)",undefined
110.09715445443817,33.97346895623481,5405,test,3381.972585266211,1.0,0.2,"(5, 2)",undefined
109.20813722575326,34.852188688061815,5406,test,3383.2225852662114,1.0,0.2,"(5, 2)",undefined
108.31911999706834,35.73090841988882,5407,test,3384.472585266212,1.0,0.2,"(5, 2)",undefined
107.43010276838343,36.609628151715825,5408,test,3385.7225852662123,1.0,0.2,"(5, 2)",undefined
106.54108553969851,37.48834788354283,5409,test,3386.9725852662127,1.0,0.2,"(5, 2)",undefined
105.6520683110136,38.367067615369834,5410,test,3388.222585266213,1.0,0.2,"(5, 2)",undefined
104.76305108232869,39.24578734719684,5411,test,3389.4725852662136,1.0,0.2,"(5, 2)",undefined
103.74411162538074,39.81349821690576,5412,test,3390.639004251189,1.0,0.2,"(5, 2)",undefined
102.49419931818743,39.82830444284919,5413,test,3391.889004251189,1.0,0.2,"(5, 2)",undefined
101.24428701099411,39.84311066879262,5414,test,3393.139004251189,1.0,0.2,"(5, 2)",undefined
99.9943747038008,39.85791689473605,5415,test,3394.389004251189,1.0,0.2,"(5, 2)",undefined
98.74446239660749,39.87272312067948,5416,test,3395.639004251189,1.0,0.2,"(5, 2)",undefined
97.49455008941418,39.88752934662291,5417,test,3396.889004251189,1.0,0.2,"(5, 2)",undefined
96.24463778222086,39.902335572566344,5418,test,3398.139004251189,1.0,0.2,"(5, 2)",undefined
94.99472547502755,39.917141798509775,5419,test,3399.389004251189,1.0,0.2,"(5, 2)",undefined
93.74481316783424,39.931948024453206,5420,test,3400.639004251189,1.0,0.2,"(5, 2)",undefined
92.49490086064093,39.94675425039664,5421,test,3401.889004251189,1.0,0.2,"(5, 2)",undefined
91.24498855344761,39.96156047634007,5422,test,3403.139004251189,1.0,0.2,"(5, 2)",undefined
89.9950762462543,39.97636670228327,5423,test,3404.389004251189,1.0,0.2,"(5, 2)",undefined
88.74516393906099,39.99117292822635,5424,test,3405.639004251189,1.0,0.2,"(5, 2)",undefined
87.49520253103098,39.99778761283382,5425,test,3406.888983161258,1.0,0.2,"(5, 2)",undefined
86.24520254377215,39.997966086391884,5426,test,3408.138983161258,1.0,0.2,"(5, 2)",undefined
84.99520255651332,39.99814455994995,5427,test,3409.388983161258,1.0,0.2,"(5, 2)",undefined
83.74520256925449,39.998323033508015,5428,test,3410.638983161258,1.0,0.2,"(5, 2)",undefined
82.49520258199566,39.99850150706608,5429,test,3411.888983161258,1.0,0.2,"(5, 2)",undefined
81.24520259473682,39.998679980624146,5430,test,3413.138983161258,1.0,0.2,"(5, 2)",undefined
79.99520260747799,39.99885845418221,5431,test,3414.388983161258,1.0,0.2,"(5, 2)",undefined
78.74520262021916,39.99903692774028,5432,test,3415.638983161258,1.0,0.2,"(5, 2)",undefined
77.49520263296033,39.99921540129834,5433,test,3416.888983161258,1.0,0.2,"(5, 2)",undefined
76.2452026457015,39.99939387485641,5434,test,3418.138983161258,1.0,0.2,"(5, 2)",undefined
74.99520265844266,39.999572348414475,5435,test,3419.388983161258,1.0,0.2,"(5, 2)",undefined
73.74520267118383,39.99975082197275,5436,test,3420.638983161258,1.0,0.2,"(5, 2)",undefined
72.495202683925,39.99992929553117,5437,test,3421.888983161258,1.0,0.2,"(5, 2)",undefined
71.5193913528273,40.66763899269328,5438,test,3423.0713722653954,1.0,0.2,"(5, 2)",undefined
70.6301659131489,41.54614802362497,5439,test,3424.3213722653954,1.0,0.2,"(5, 2)",undefined
69.7409404734705,42.42465705455686,5440,test,3425.5713722653954,1.0,0.2,"(5, 2)",undefined
68.8517150337921,43.303166085489146,5441,test,3426.821372265396,1.0,0.2,"(5, 2)",undefined
67.9624895941137,44.181675116421424,5442,test,3428.0713722653963,1.0,0.2,"(5, 2)",undefined
67.07326415443531,45.0601841473537,5443,test,3429.321372265397,1.0,0.2,"(5, 2)",undefined
66.18403871475691,45.93869317828598,5444,test,3430.5713722653973,1.0,0.2,"(5, 2)",undefined
65.29481327507851,46.817202209218266,5445,test,3431.8213722653977,1.0,0.2,"(5, 2)",undefined
64.40558783540011,47.695711240150544,5446,test,3433.071372265398,1.0,0.2,"(5, 2)",undefined
63.516362395721714,48.57422027108282,5447,test,3434.3213722653986,1.0,0.2,"(5, 2)",undefined
62.627136956043316,49.4527293020151,5448,test,3435.571372265399,1.0,0.2,"(5, 2)",undefined
61.73791151636492,50.331238332947386,5449,test,3436.8213722653995,1.0,0.2,"(5, 2)",undefined
60.84868607668652,51.209747363879664,5450,test,3438.0713722654,1.0,0.2,"(5, 2)",undefined
59.95946063700812,52.08825639481194,5451,test,3439.3213722654004,1.0,0.2,"(5, 2)",undefined
59.07023519732972,52.96676542574422,5452,test,3440.571372265401,1.0,0.2,"(5, 2)",undefined
58.181009757651324,53.8452744566765,5453,test,3441.8213722654014,1.0,0.2,"(5, 2)",undefined
57.291784317972926,54.723783487608785,5454,test,3443.071372265402,1.0,0.2,"(5, 2)",undefined
56.40255887829453,55.60229251854106,5455,test,3444.3213722654023,1.0,0.2,"(5, 2)",undefined
56.0,56.0,5456,test,3444.887256433145,1.0,0.2,"(5, 2)",undefined
56.0,56.0,5457,test,3444.887256433145,1.0,0.2,"(5, 2)",undefined
56.0,56.0,5458,test,3444.887256433145,1.0,0.2,"(5, 2)",undefined
56.0,56.0,5459,test,3444.887256433145,1.0,0.2,"(5, 2)",undefined
56.0,56.0,5460,test,3444.887256433145,1.0,0.2,"(5, 2)",undefined
56.0,56.0,5461,test,3444.887256433145,1.0,0.2,"(5, 2)",undefined
56.0,56.0,5462,test,3444.887256433145,1.0,0.2,"(5, 2)",undefined
56.0,56.0,5463,test,3444.887256433145,1.0,0.2,"(5, 2)",undefined
56.0,56.0,5464,test,3444.887256433145,1.0,0.2,"(5, 2)",undefined
56.0,56.0,5465,test,3444.887256433145,1.0,0.2,"(5, 2)",undefined
56.0,56.0,5466,test,3444.887256433145,1.0,0.2,"(5, 2)",undefined
56.0,56.0,5467,test,3444.887256433145,1.0,0.2,"(5, 2)",undefined
56.0,56.0,5468,test,3444.887256433145,1.0,0.2,"(5, 2)",undefined
56.0,56.0,5469,test,3444.887256433145,1.0,0.2,"(5, 2)",undefined
56.0,56.0,5470,test,3444.887256433145,1.0,0.2,"(5, 2)",undefined
56.0,56.0,5471,test,3444.887256433145,1.0,0.2,"(5, 2)",undefined
56.0,56.0,5472,test,3444.887256433145,1.0,0.2,"(5, 2)",undefined
56.0,56.0,5473,test,3444.887256433145,1.0,0.2,"(5, 2)",undefined
56.0,56.0,5474,test,3444.887256433145,1.0,0.2,"(5, 2)",undefined
56.0,56.0,5475,test,3444.887256433145,1.0,0.2,"(5, 2)",undefined
56.0,56.0,5476,test,3444.887256433145,1.0,0.2,"(5, 2)",undefined
56.0,56.0,5477,test,3444.887256433145,1.0,0.2,"(5, 2)",undefined
56.0,56.0,5478,test,3444.887256433145,1.0,0.2,"(5, 2)",undefined
56.0,56.0,5479,test,3444.887256433145,1.0,0.2,"(5, 2)",undefined
56.0,56.0,5480,test,3444.887256433145,1.0,0.2,"(5, 2)",undefined
56.0,56.0,5481,test,3444.887256433145,1.0,0.2,"(5, 2)",undefined
56.0,56.0,5482,test,3444.887256433145,1.0,0.2,"(5, 2)",undefined
56.0,56.0,5483,test,3444.887256433145,1.0,0.2,"(5, 2)",undefined
56.0,56.0,5484,test,3444.887256433145,1.0,0.2,"(5, 2)",undefined
56.0,56.0,5485,test,3444.887256433145,1.0,0.2,"(5, 2)",undefined
56.0,56.0,5486,test,3444.887256433145,1.0,0.2,"(5, 2)",undefined
56.0,56.0,5487,test,3444.887256433145,1.0,0.2,"(5, 2)",undefined
56.0,56.0,5488,test,3444.887256433145,1.0,0.2,"(5, 2)",undefined
56.0,56.0,5489,test,3444.887256433145,1.0,0.2,"(5, 2)",undefined
56.0,56.0,5490,test,3444.887256433145,1.0,0.2,"(5, 2)",undefined
56.0,56.0,5491,test,3444.887256433145,1.0,0.2,"(5, 2)",undefined
56.0,56.0,5492,test,3444.887256433145,1.0,0.2,"(5, 2)",undefined
56.0,56.0,5493,test,3444.887256433145,1.0,0.2,"(5, 2)",undefined
56.0,56.0,5494,test,3444.887256433145,1.0,0.2,"(5, 2)",undefined
56.0,56.0,5495,test,3444.887256433145,1.0,0.2,"(5, 2)",undefined
56.0,56.0,5496,test,3444.887256433145,1.0,0.2,"(5, 2)",undefined
56.0,56.0,5497,test,3444.887256433145,1.0,0.2,"(5, 2)",undefined
56.0,56.0,5498,test,3444.887256433145,1.0,0.2,"(5, 2)",undefined
56.0,56.0,5499,test,3444.887256433145,1.0,0.2,"(5, 2)",undefined
56.0,56.0,5500,test,3444.887256433145,1.0,0.2,"(5, 2)",undefined
56.0,56.0,5501,test,3444.887256433145,1.0,0.2,"(5, 2)",undefined
56.0,56.0,5502,test,3444.887256433145,1.0,0.2,"(5, 2)",undefined
56.0,56.0,5503,test,3444.887256433145,1.0,0.2,"(5, 2)",undefined
56.0,56.0,5504,test,3444.887256433145,1.0,0.2,"(5, 2)",undefined
56.0,56.0,5505,test,3444.887256433145,1.0,0.2,"(5, 2)",undefined
56.0,56.0,5506,test,3444.887256433145,1.0,0.2,"(5, 2)",undefined
56.0,56.0,5507,test,3444.887256433145,1.0,0.2,"(5, 2)",undefined
56.0,56.0,5508,test,3444.887256433145,1.0,0.2,"(5, 2)",undefined
56.0,56.0,5509,test,3444.887256433145,1.0,0.2,"(5, 2)",undefined
56.0,56.0,5510,test,3444.887256433145,1.0,0.2,"(5, 2)",undefined
56.0,56.0,5511,test,3444.887256433145,1.0,0.2,"(5, 2)",undefined
56.0,56.0,5512,test,3444.887256433145,1.0,0.2,"(5, 2)",undefined
56.0,56.0,5513,test,3444.887256433145,1.0,0.2,"(5, 2)",undefined
56.0,56.0,5514,test,3444.887256433145,1.0,0.2,"(5, 2)",undefined
56.0,56.0,5515,test,3444.887256433145,1.0,0.2,"(5, 2)",undefined
56.0,56.0,5516,test,3444.887256433145,1.0,0.2,"(5, 2)",undefined
56.0,56.0,5517,test,3444.887256433145,1.0,0.2,"(5, 2)",undefined
56.0,56.0,5518,test,3444.887256433145,1.0,0.2,"(5, 2)",undefined
56.0,56.0,5519,test,3444.887256433145,1.0,0.2,"(5, 2)",undefined
56.0,56.0,5520,test,3444.887256433145,1.0,0.2,"(5, 2)",undefined
56.0,56.0,5521,test,3444.887256433145,1.0,0.2,"(5, 2)",undefined
56.0,56.0,5522,test,3444.887256433145,1.0,0.2,"(5, 2)",undefined
56.0,56.0,5523,test,3444.887256433145,1.0,0.2,"(5, 2)",undefined
56.0,56.0,5524,test,3444.887256433145,1.0,0.2,"(5, 2)",undefined
56.0,56.0,5525,test,3444.887256433145,1.0,0.2,"(5, 2)",undefined
56.0,56.0,5526,test,3444.887256433145,1.0,0.2,"(5, 2)",undefined
56.0,56.0,5527,test,3444.887256433145,1.0,0.2,"(5, 2)",undefined
56.0,56.0,5528,test,3444.887256433145,1.0,0.2,"(5, 2)",undefined
56.0,56.0,5529,test,3444.887256433145,1.0,0.2,"(5, 2)",undefined
56.0,56.0,5530,test,3444.887256433145,1.0,0.2,"(5, 2)",undefined
56.0,56.0,5531,test,3444.887256433145,1.0,0.2,"(5, 2)",undefined
56.0,56.0,5532,test,3444.887256433145,1.0,0.2,"(5, 2)",undefined
56.0,56.0,5533,test,3444.887256433145,1.0,0.2,"(5, 2)",undefined
56.0,56.0,5534,test,3444.887256433145,1.0,0.2,"(5, 2)",undefined
56.0,56.0,5535,test,3444.887256433145,1.0,0.2,"(5, 2)",undefined
56.0,56.0,5536,test,3444.887256433145,1.0,0.2,"(5, 2)",undefined
56.0,56.0,5537,test,3444.887256433145,1.0,0.2,"(5, 2)",undefined
56.0,56.0,5538,test,3444.887256433145,1.0,0.2,"(5, 2)",undefined
56.0,56.0,5539,test,3444.887256433145,1.0,0.2,"(5, 2)",undefined
56.0,56.0,5540,test,3444.887256433145,1.0,0.2,"(5, 2)",undefined
56.0,56.0,5541,test,3444.887256433145,1.0,0.2,"(5, 2)",undefined
56.0,56.0,5542,test,3444.887256433145,1.0,0.2,"(5, 2)",undefined
56.0,56.0,5543,test,3444.887256433145,1.0,0.2,"(5, 2)",undefined
56.0,56.0,5544,test,3444.887256433145,1.0,0.2,"(5, 2)",undefined
56.0,56.0,5545,test,3444.887256433145,1.0,0.2,"(5, 2)",undefined
56.0,56.0,5546,test,3444.887256433145,1.0,0.2,"(5, 2)",undefined
56.0,56.0,5547,test,3444.887256433145,1.0,0.2,"(5, 2)",undefined
56.0,56.0,5548,test,3444.887256433145,1.0,0.2,"(5, 2)",undefined
56.0,56.0,5549,test,3444.887256433145,1.0,0.2,"(5, 2)",undefined
56.0,56.0,5550,test,3444.887256433145,1.0,0.2,"(5, 2)",undefined
56.0,56.0,5551,test,3444.887256433145,1.0,0.2,"(5, 2)",undefined
56.0,56.0,5552,test,3444.887256433145,1.0,0.2,"(5, 2)",undefined
56.0,56.0,5553,test,3444.887256433145,1.0,0.2,"(5, 2)",undefined
56.0,56.0,5554,test,3444.887256433145,1.0,0.2,"(5, 2)",undefined
56.0,56.0,5555,test,3444.887256433145,1.0,0.2,"(5, 2)",undefined
56.0,56.0,5556,test,3444.887256433145,1.0,0.2,"(5, 2)",undefined
56.0,56.0,5557,test,3444.887256433145,1.0,0.2,"(5, 2)",undefined
56.0,56.0,5558,test,3444.887256433145,1.0,0.2,"(5, 2)",undefined
56.0,56.0,5559,test,3444.887256433145,1.0,0.2,"(5, 2)",undefined
56.0,56.0,5560,test,3444.887256433145,1.0,0.2,"(5, 2)",undefined
56.0,56.0,5561,test,3444.887256433145,1.0,0.2,"(5, 2)",undefined
56.0,56.0,5562,test,3444.887256433145,1.0,0.2,"(5, 2)",undefined
56.0,56.0,5563,test,3444.887256433145,1.0,0.2,"(5, 2)",undefined
56.0,56.0,5564,test,3444.887256433145,1.0,0.2,"(5, 2)",undefined
56.0,56.0,5565,test,3444.887256433145,1.0,0.2,"(5, 2)",undefined
56.0,56.0,5566,test,3444.887256433145,1.0,0.2,"(5, 2)",undefined
56.0,56.0,5567,test,3444.887256433145,1.0,0.2,"(5, 2)",undefined
56.0,56.0,5568,test,3444.887256433145,1.0,0.2,"(5, 2)",undefined
56.0,56.0,5569,test,3444.887256433145,1.0,0.2,"(5, 2)",undefined
56.0,56.0,5570,test,3444.887256433145,1.0,0.2,"(5, 2)",undefined
56.0,56.0,5571,test,3444.887256433145,1.0,0.2,"(5, 2)",undefined
56.0,56.0,5572,test,3444.887256433145,1.0,0.2,"(5, 2)",undefined
56.0,56.0,5573,test,3444.887256433145,1.0,0.2,"(5, 2)",undefined
56.0,56.0,5574,test,3444.887256433145,1.0,0.2,"(5, 2)",undefined
56.0,56.0,5575,test,3444.887256433145,1.0,0.2,"(5, 2)",undefined
56.0,56.0,5576,test,3444.887256433145,1.0,0.2,"(5, 2)",undefined
56.0,56.0,5577,test,3444.887256433145,1.0,0.2,"(5, 2)",undefined
56.0,56.0,5578,test,3444.887256433145,1.0,0.2,"(5, 2)",undefined
56.0,56.0,5579,test,3444.887256433145,1.0,0.2,"(5, 2)",undefined
56.0,56.0,5580,test,3444.887256433145,1.0,0.2,"(5, 2)",undefined
56.0,56.0,5581,test,3444.887256433145,1.0,0.2,"(5, 2)",undefined
56.0,56.0,5582,test,3444.887256433145,1.0,0.2,"(5, 2)",undefined
56.0,56.0,5583,test,3444.887256433145,1.0,0.2,"(5, 2)",undefined
56.0,56.0,5584,test,3444.887256433145,1.0,0.2,"(5, 2)",undefined
56.0,56.0,5585,test,3444.887256433145,1.0,0.2,"(5, 2)",undefined
56.0,56.0,5586,test,3444.887256433145,1.0,0.2,"(5, 2)",undefined
56.0,56.0,5587,test,3444.887256433145,1.0,0.2,"(5, 2)",undefined
56.0,56.0,5588,test,3444.887256433145,1.0,0.2,"(5, 2)",undefined
56.0,56.0,5589,test,3444.887256433145,1.0,0.2,"(5, 2)",undefined
56.0,56.0,5590,test,3444.887256433145,1.0,0.2,"(5, 2)",undefined
56.0,56.0,5591,test,3444.887256433145,1.0,0.2,"(5, 2)",undefined
56.0,56.0,5592,test,3444.887256433145,1.0,0.2,"(5, 2)",undefined
56.0,56.0,5593,test,3444.887256433145,1.0,0.2,"(5, 2)",undefined
56.0,56.0,5594,test,3444.887256433145,1.0,0.2,"(5, 2)",undefined
56.0,56.0,5595,test,3444.887256433145,1.0,0.2,"(5, 2)",undefined
56.0,56.0,5596,test,3444.887256433145,1.0,0.2,"(5, 2)",undefined
56.0,56.0,5597,test,3444.887256433145,1.0,0.2,"(5, 2)",undefined
56.0,56.0,5598,test,3444.887256433145,1.0,0.2,"(5, 2)",undefined
56.0,56.0,5599,test,3444.887256433145,1.0,0.2,"(5, 2)",undefined
56.0,56.0,5600,test,3444.887256433145,1.0,0.2,"(5, 2)",undefined
56.0,56.0,5601,test,3444.887256433145,1.0,0.2,"(5, 2)",undefined
56.0,56.0,5602,test,3444.887256433145,1.0,0.2,"(5, 2)",undefined
56.0,56.0,5603,test,3444.887256433145,1.0,0.2,"(5, 2)",undefined
56.0,56.0,5604,test,3444.887256433145,1.0,0.2,"(5, 2)",undefined
56.0,56.0,5605,test,3444.887256433145,1.0,0.2,"(5, 2)",undefined
56.0,56.0,5606,test,3444.887256433145,1.0,0.2,"(5, 2)",undefined
56.0,56.0,5607,test,3444.887256433145,1.0,0.2,"(5, 2)",undefined
56.0,56.0,5608,test,3444.887256433145,1.0,0.2,"(5, 2)",undefined
56.0,56.0,5609,test,3444.887256433145,1.0,0.2,"(5, 2)",undefined
56.0,56.0,5610,test,3444.887256433145,1.0,0.2,"(5, 2)",undefined
56.0,56.0,5611,test,3444.887256433145,1.0,0.2,"(5, 2)",undefined
56.0,56.0,5612,test,3444.887256433145,1.0,0.2,"(5, 2)",undefined
56.0,56.0,5613,test,3444.887256433145,1.0,0.2,"(5, 2)",undefined
56.0,56.0,5614,test,3444.887256433145,1.0,0.2,"(5, 2)",undefined
56.0,56.0,5615,test,3444.887256433145,1.0,0.2,"(5, 2)",undefined
56.0,56.0,5616,test,3444.887256433145,1.0,0.2,"(5, 2)",undefined
56.0,56.0,5617,test,3444.887256433145,1.0,0.2,"(5, 2)",undefined
56.0,56.0,5618,test,3444.887256433145,1.0,0.2,"(5, 2)",undefined
56.0,56.0,5619,test,3444.887256433145,1.0,0.2,"(5, 2)",undefined
56.0,56.0,5620,test,3444.887256433145,1.0,0.2,"(5, 2)",undefined
56.0,56.0,5621,test,3444.887256433145,1.0,0.2,"(5, 2)",undefined
56.0,56.0,5622,test,3444.887256433145,1.0,0.2,"(5, 2)",undefined
56.0,56.0,5623,test,3444.887256433145,1.0,0.2,"(5, 2)",undefined
56.0,56.0,5624,test,3444.887256433145,1.0,0.2,"(5, 2)",undefined
56.0,56.0,5625,test,3444.887256433145,1.0,0.2,"(5, 2)",undefined
56.0,56.0,5626,test,3444.887256433145,1.0,0.2,"(5, 2)",undefined
56.0,56.0,5627,test,3444.887256433145,1.0,0.2,"(5, 2)",undefined
56.0,56.0,5628,test,3444.887256433145,1.0,0.2,"(5, 2)",undefined
56.0,56.0,5629,test,3444.887256433145,1.0,0.2,"(5, 2)",undefined
56.0,56.0,5630,test,3444.887256433145,1.0,0.2,"(5, 2)",undefined
56.0,56.0,5631,test,3444.887256433145,1.0,0.2,"(5, 2)",undefined
56.0,56.0,5632,test,3444.887256433145,1.0,0.2,"(5, 2)",undefined
56.0,56.0,5633,test,3444.887256433145,1.0,0.2,"(5, 2)",undefined
56.0,56.0,5634,test,3444.887256433145,1.0,0.2,"(5, 2)",undefined
56.0,56.0,5635,test,3444.887256433145,1.0,0.2,"(5, 2)",undefined
56.0,56.0,5636,test,3444.887256433145,1.0,0.2,"(5, 2)",undefined
56.88388347648305,55.11611652351695,5637,test,3446.137256433145,1.0,0.2,"(5, 2)",undefined
57.7677669529661,54.2322330470339,5638,test,3447.387256433145,1.0,0.2,"(5, 2)",undefined
58.65165042944915,53.34834957055085,5639,test,3448.637256433145,1.0,0.2,"(5, 2)",undefined
59.5355339059322,52.4644660940678,5640,test,3449.887256433145,1.0,0.2,"(5, 2)",undefined
60.41941738241525,51.58058261758475,5641,test,3451.137256433145,1.0,0.2,"(5, 2)",undefined
61.3033008588983,50.6966991411017,5642,test,3452.387256433145,1.0,0.2,"(5, 2)",undefined
62.187184335381346,49.812815664618654,5643,test,3453.637256433145,1.0,0.2,"(5, 2)",undefined
63.071067811864395,48.928932188135605,5644,test,3454.887256433145,1.0,0.2,"(5, 2)",undefined
63.954951288347445,48.045048711652555,5645,test,3456.137256433145,1.0,0.2,"(5, 2)",undefined
64.8388347648305,47.161165235169506,5646,test,3457.387256433145,1.0,0.2,"(5, 2)",undefined
65.72271824131354,46.277281758686456,5647,test,3458.637256433145,1.0,0.2,"(5, 2)",undefined
66.6066017177966,45.39339828220341,5648,test,3459.887256433145,1.0,0.2,"(5, 2)",undefined
67.49048519427964,44.50951480572036,5649,test,3461.137256433145,1.0,0.2,"(5, 2)",undefined
68.37436867076269,43.62563132923731,5650,test,3462.387256433145,1.0,0.2,"(5, 2)",undefined
69.25825214724574,42.74174785275426,5651,test,3463.637256433145,1.0,0.2,"(5, 2)",undefined
70.14213562372879,41.85786437627121,5652,test,3464.887256433145,1.0,0.2,"(5, 2)",undefined
71.02601910021184,40.97398089978816,5653,test,3466.137256433145,1.0,0.2,"(5, 2)",undefined
71.95382555869026,40.19434681531624,5654,test,3467.349136843938,1.0,0.2,"(5, 2)",undefined
73.20373388513468,40.179208272259245,5655,test,3468.5991368439386,1.0,0.2,"(5, 2)",undefined
74.45364221157911,40.164069729202254,5656,test,3469.849136843939,1.0,0.2,"(5, 2)",undefined
75.70355053802353,40.14893118614526,5657,test,3471.0991368439395,1.0,0.2,"(5, 2)",undefined
76.95345886446796,40.13379264308827,5658,test,3472.34913684394,1.0,0.2,"(5, 2)",undefined
78.20336719091239,40.11865410003128,5659,test,3473.5991368439404,1.0,0.2,"(5, 2)",undefined
79.45327551735681,40.10351555697429,5660,test,3474.849136843941,1.0,0.2,"(5, 2)",undefined
80.70318384380124,40.088377013917295,5661,test,3476.0991368439413,1.0,0.2,"(5, 2)",undefined
81.95309217024567,40.0732384708603,5662,test,3477.349136843942,1.0,0.2,"(5, 2)",undefined
83.2030004966901,40.05809992780313,5663,test,3478.5991368439422,1.0,0.2,"(5, 2)",undefined
84.45290882313452,40.04296138474578,5664,test,3479.8491368439427,1.0,0.2,"(5, 2)",undefined
85.70281714957895,40.027822841688426,5665,test,3481.099136843943,1.0,0.2,"(5, 2)",undefined
86.95272547602337,40.01268429863107,5666,test,3482.3491368439436,1.0,0.2,"(5, 2)",undefined
88.0,40.0,5667,test,3483.3964881794573,1.0,0.2,"(5, 2)",undefined
88.0,40.0,5668,test,3483.3964881794573,1.0,0.2,"(5, 2)",undefined
88.0,40.0,5669,test,3483.3964881794573,1.0,0.2,"(5, 2)",undefined
88.0,40.0,5670,test,3483.3964881794573,1.0,0.2,"(5, 2)",undefined
88.0,40.0,5671,test,3483.3964881794573,1.0,0.2,"(5, 2)",undefined
88.0,40.0,5672,test,3483.3964881794573,1.0,0.2,"(5, 2)",undefined
88.0,40.0,5673,test,3483.3964881794573,1.0,0.2,"(5, 2)",undefined
88.0,40.0,5674,test,3483.3964881794573,1.0,0.2,"(5, 2)",undefined
88.0,40.0,5675,test,3483.3964881794573,1.0,0.2,"(5, 2)",undefined
88.0,40.0,5676,test,3483.3964881794573,1.0,0.2,"(5, 2)",undefined
88.0,40.0,5677,test,3483.3964881794573,1.0,0.2,"(5, 2)",undefined
88.0,40.0,5678,test,3483.3964881794573,1.0,0.2,"(5, 2)",undefined
88.0,40.0,5679,test,3483.3964881794573,1.0,0.2,"(5, 2)",undefined
88.0,40.0,5680,test,3483.3964881794573,1.0,0.2,"(5, 2)",undefined
88.0,40.0,5681,test,3483.3964881794573,1.0,0.2,"(5, 2)",undefined
88.0,40.0,5682,test,3483.3964881794573,1.0,0.2,"(5, 2)",undefined
88.0,40.0,5683,test,3483.3964881794573,1.0,0.2,"(5, 2)",undefined
88.0,40.0,5684,test,3483.3964881794573,1.0,0.2,"(5, 2)",undefined
88.0,40.0,5685,test,3483.3964881794573,1.0,0.2,"(5, 2)",undefined
88.0,40.0,5686,test,3483.3964881794573,1.0,0.2,"(5, 2)",undefined
88.0,40.0,5687,test,3483.3964881794573,1.0,0.2,"(5, 2)",undefined
88.0,40.0,5688,test,3483.3964881794573,1.0,0.2,"(5, 2)",undefined
88.0,40.0,5689,test,3483.3964881794573,1.0,0.2,"(5, 2)",undefined
88.0,40.0,5690,test,3483.3964881794573,1.0,0.2,"(5, 2)",undefined
88.0,40.0,5691,test,3483.3964881794573,1.0,0.2,"(5, 2)",undefined
88.0,40.0,5692,test,3483.3964881794573,1.0,0.2,"(5, 2)",undefined
88.0,40.0,5693,test,3483.3964881794573,1.0,0.2,"(5, 2)",undefined
86.74999999999972,40.0,5694,test,3484.6464881794577,1.0,0.2,"(5, 2)",undefined
85.49999999999943,40.0,5695,test,3485.896488179458,1.0,0.2,"(5, 2)",undefined
84.24999999999915,40.0,5696,test,3487.1464881794586,1.0,0.2,"(5, 2)",undefined
82.99999999999886,40.0,5697,test,3488.396488179459,1.0,0.2,"(5, 2)",undefined
81.74999999999858,40.0,5698,test,3489.6464881794595,1.0,0.2,"(5, 2)",undefined
80.4999999999983,40.0,5699,test,3490.89648817946,1.0,0.2,"(5, 2)",undefined
79.24999999999801,40.0,5700,test,3492.1464881794604,1.0,0.2,"(5, 2)",undefined
77.99999999999773,40.0,5701,test,3493.396488179461,1.0,0.2,"(5, 2)",undefined
76.74999999999744,40.0,5702,test,3494.6464881794614,1.0,0.2,"(5, 2)",undefined
75.49999999999716,40.0,5703,test,3495.896488179462,1.0,0.2,"(5, 2)",undefined
74.24999999999687,40.0,5704,test,3497.1464881794623,1.0,0.2,"(5, 2)",undefined
72.99999999999659,40.0,5705,test,3498.3964881794627,1.0,0.2,"(5, 2)",undefined
71.7499999999963,40.0,5706,test,3499.646488179463,1.0,0.2,"(5, 2)",undefined
70.49999999999602,40.0,5707,test,3500.8964881794636,1.0,0.2,"(5, 2)",undefined
69.24999999999574,40.0,5708,test,3502.146488179464,1.0,0.2,"(5, 2)",undefined
67.99999999999545,40.0,5709,test,3503.3964881794645,1.0,0.2,"(5, 2)",undefined
66.74999999999517,40.0,5710,test,3504.646488179465,1.0,0.2,"(5, 2)",undefined
65.49999999999488,40.0,5711,test,3505.8964881794655,1.0,0.2,"(5, 2)",undefined
64.2499999999946,40.0,5712,test,3507.146488179466,1.0,0.2,"(5, 2)",undefined
62.999999999994316,40.0,5713,test,3508.3964881794664,1.0,0.2,"(5, 2)",undefined
61.74999999999403,40.0,5714,test,3509.646488179467,1.0,0.2,"(5, 2)",undefined
60.49999999999375,40.0,5715,test,3510.8964881794673,1.0,0.2,"(5, 2)",undefined
59.24999999999346,40.0,5716,test,3512.1464881794677,1.0,0.2,"(5, 2)",undefined
57.99999999999318,40.0,5717,test,3513.396488179468,1.0,0.2,"(5, 2)",undefined
56.749999999992895,40.0,5718,test,3514.6464881794686,1.0,0.2,"(5, 2)",undefined
56.0,40.0,5719,test,3515.3964881794614,1.0,0.2,"(5, 2)",undefined
56.0,40.0,5720,test,3515.3964881794614,1.0,0.2,"(5, 2)",undefined
56.0,40.0,5721,test,3515.3964881794614,1.0,0.2,"(5, 2)",undefined
56.0,40.0,5722,test,3515.3964881794614,1.0,0.2,"(5, 2)",undefined
56.0,40.0,5723,test,3515.3964881794614,1.0,0.2,"(5, 2)",undefined
56.0,40.0,5724,test,3515.3964881794614,1.0,0.2,"(5, 2)",undefined
56.0,40.0,5725,test,3515.3964881794614,1.0,0.2,"(5, 2)",undefined
56.0,40.0,5726,test,3515.3964881794614,1.0,0.2,"(5, 2)",undefined
56.0,40.0,5727,test,3515.3964881794614,1.0,0.2,"(5, 2)",undefined
56.0,40.0,5728,test,3515.3964881794614,1.0,0.2,"(5, 2)",undefined
56.0,40.0,5729,test,3515.3964881794614,1.0,0.2,"(5, 2)",undefined
56.0,40.0,5730,test,3515.3964881794614,1.0,0.2,"(5, 2)",undefined
56.0,40.0,5731,test,3515.3964881794614,1.0,0.2,"(5, 2)",undefined
56.0,40.0,5732,test,3515.3964881794614,1.0,0.2,"(5, 2)",undefined
56.0,40.0,5733,test,3515.3964881794614,1.0,0.2,"(5, 2)",undefined
56.0,40.0,5734,test,3515.3964881794614,1.0,0.2,"(5, 2)",undefined
56.0,40.0,5735,test,3515.3964881794614,1.0,0.2,"(5, 2)",undefined
56.0,40.0,5736,test,3515.3964881794614,1.0,0.2,"(5, 2)",undefined
56.0,40.0,5737,test,3515.3964881794614,1.0,0.2,"(5, 2)",undefined
56.0,40.0,5738,test,3515.3964881794614,1.0,0.2,"(5, 2)",undefined
56.0,40.0,5739,test,3515.3964881794614,1.0,0.2,"(5, 2)",undefined
56.0,40.0,5740,test,3515.3964881794614,1.0,0.2,"(5, 2)",undefined
56.0,40.0,5741,test,3515.3964881794614,1.0,0.2,"(5, 2)",undefined
56.0,40.0,5742,test,3515.3964881794614,1.0,0.2,"(5, 2)",undefined
56.0,40.0,5743,test,3515.3964881794614,1.0,0.2,"(5, 2)",undefined
56.0,40.0,5744,test,3515.3964881794614,1.0,0.2,"(5, 2)",undefined
57.250000000000284,40.0,5745,test,3516.646488179462,1.0,0.2,"(5, 2)",undefined
58.50000000000057,40.0,5746,test,3517.8964881794623,1.0,0.2,"(5, 2)",undefined
59.75000000000085,40.0,5747,test,3519.1464881794627,1.0,0.2,"(5, 2)",undefined
61.00000000000114,40.0,5748,test,3520.396488179463,1.0,0.2,"(5, 2)",undefined
62.25000000000142,40.0,5749,test,3521.6464881794636,1.0,0.2,"(5, 2)",undefined
63.500000000001705,40.0,5750,test,3522.896488179464,1.0,0.2,"(5, 2)",undefined
64.75000000000199,40.0,5751,test,3524.1464881794645,1.0,0.2,"(5, 2)",undefined
66.00000000000227,40.0,5752,test,3525.396488179465,1.0,0.2,"(5, 2)",undefined
67.25000000000256,40.0,5753,test,3526.6464881794655,1.0,0.2,"(5, 2)",undefined
68.50000000000284,40.0,5754,test,3527.896488179466,1.0,0.2,"(5, 2)",undefined
69.75000000000313,40.0,5755,test,3529.1464881794664,1.0,0.2,"(5, 2)",undefined
71.00000000000341,40.0,5756,test,3530.396488179467,1.0,0.2,"(5, 2)",undefined
72.2500000000037,40.0,5757,test,3531.6464881794673,1.0,0.2,"(5, 2)",undefined
73.50000000000398,40.0,5758,test,3532.8964881794677,1.0,0.2,"(5, 2)",undefined
74.75000000000426,40.0,5759,test,3534.146488179468,1.0,0.2,"(5, 2)",undefined
76.00000000000455,40.0,5760,test,3535.3964881794686,1.0,0.2,"(5, 2)",undefined
77.25000000000483,40.0,5761,test,3536.646488179469,1.0,0.2,"(5, 2)",undefined
78.50000000000512,40.0,5762,test,3537.8964881794695,1.0,0.2,"(5, 2)",undefined
79.7500000000054,40.0,5763,test,3539.14648817947,1.0,0.2,"(5, 2)",undefined
81.00000000000568,40.0,5764,test,3540.3964881794705,1.0,0.2,"(5, 2)",undefined
82.25000000000597,40.0,5765,test,3541.646488179471,1.0,0.2,"(5, 2)",undefined
83.50000000000625,40.0,5766,test,3542.8964881794714,1.0,0.2,"(5, 2)",undefined
84.75000000000654,40.0,5767,test,3544.146488179472,1.0,0.2,"(5, 2)",undefined
86.00000000000682,40.0,5768,test,3545.3964881794723,1.0,0.2,"(5, 2)",undefined
87.2500000000071,40.0,5769,test,3546.6464881794727,1.0,0.2,"(5, 2)",undefined
88.0,40.0,5770,test,3547.3964881794655,1.0,0.2,"(5, 2)",undefined
88.0,40.0,5771,test,3547.3964881794655,1.0,0.2,"(5, 2)",undefined
88.0,40.0,5772,test,3547.3964881794655,1.0,0.2,"(5, 2)",undefined
88.0,40.0,5773,test,3547.3964881794655,1.0,0.2,"(5, 2)",undefined
88.0,40.0,5774,test,3547.3964881794655,1.0,0.2,"(5, 2)",undefined
88.0,40.0,5775,test,3547.3964881794655,1.0,0.2,"(5, 2)",undefined
88.0,40.0,5776,test,3547.3964881794655,1.0,0.2,"(5, 2)",undefined
88.0,40.0,5777,test,3547.3964881794655,1.0,0.2,"(5, 2)",undefined
88.0,40.0,5778,test,3547.3964881794655,1.0,0.2,"(5, 2)",undefined
88.0,40.0,5779,test,3547.3964881794655,1.0,0.2,"(5, 2)",undefined
88.0,40.0,5780,test,3547.3964881794655,1.0,0.2,"(5, 2)",undefined
88.0,40.0,5781,test,3547.3964881794655,1.0,0.2,"(5, 2)",undefined
88.0,40.0,5782,test,3547.3964881794655,1.0,0.2,"(5, 2)",undefined
88.0,40.0,5783,test,3547.3964881794655,1.0,0.2,"(5, 2)",undefined
88.0,40.0,5784,test,3547.3964881794655,1.0,0.2,"(5, 2)",undefined
88.0,40.0,5785,test,3547.3964881794655,1.0,0.2,"(5, 2)",undefined
88.0,40.0,5786,test,3547.3964881794655,1.0,0.2,"(5, 2)",undefined
88.0,40.0,5787,test,3547.3964881794655,1.0,0.2,"(5, 2)",undefined
88.0,40.0,5788,test,3547.3964881794655,1.0,0.2,"(5, 2)",undefined
88.0,40.0,5789,test,3547.3964881794655,1.0,0.2,"(5, 2)",undefined
88.0,40.0,5790,test,3547.3964881794655,1.0,0.2,"(5, 2)",undefined
88.0,40.0,5791,test,3547.3964881794655,1.0,0.2,"(5, 2)",undefined
88.0,40.0,5792,test,3547.3964881794655,1.0,0.2,"(5, 2)",undefined
88.0,40.0,5793,test,3547.3964881794655,1.0,0.2,"(5, 2)",undefined
88.0,40.0,5794,test,3547.3964881794655,1.0,0.2,"(5, 2)",undefined
88.0,40.0,5795,test,3547.3964881794655,1.0,0.2,"(5, 2)",undefined
88.0,40.0,5796,test,3547.3964881794655,1.0,0.2,"(5, 2)",undefined
88.0,40.0,5797,test,3547.3964881794655,1.0,0.2,"(5, 2)",undefined
89.25000000000028,40.0,5798,test,3548.646488179466,1.0,0.2,"(5, 2)",undefined
90.50000000000057,40.0,5799,test,3549.8964881794664,1.0,0.2,"(5, 2)",undefined
91.75000000000085,40.0,5800,test,3551.146488179467,1.0,0.2,"(5, 2)",undefined
93.00000000000114,40.0,5801,test,3552.3964881794673,1.0,0.2,"(5, 2)",undefined
94.25000000000142,40.0,5802,test,3553.6464881794677,1.0,0.2,"(5, 2)",undefined
95.5000000000017,40.0,5803,test,3554.896488179468,1.0,0.2,"(5, 2)",undefined
96.75000000000199,40.0,5804,test,3556.1464881794686,1.0,0.2,"(5, 2)",undefined
98.00000000000227,40.0,5805,test,3557.396488179469,1.0,0.2,"(5, 2)",undefined
99.25000000000256,40.0,5806,test,3558.6464881794695,1.0,0.2,"(5, 2)",undefined
100.50000000000284,40.0,5807,test,3559.89648817947,1.0,0.2,"(5, 2)",undefined
101.75000000000313,40.0,5808,test,3561.1464881794705,1.0,0.2,"(5, 2)",undefined
103.00000000000341,40.0,5809,test,3562.396488179471,1.0,0.2,"(5, 2)",undefined
104.2500000000037,40.0,5810,test,3563.6464881794714,1.0,0.2,"(5, 2)",undefined
105.50000000000398,40.0,5811,test,3564.896488179472,1.0,0.2,"(5, 2)",undefined
106.75000000000426,40.0,5812,test,3566.1464881794723,1.0,0.2,"(5, 2)",undefined
108.00000000000455,40.0,5813,test,3567.3964881794727,1.0,0.2,"(5, 2)",undefined
109.25000000000483,40.0,5814,test,3568.646488179473,1.0,0.2,"(5, 2)",undefined
110.50000000000512,40.0,5815,test,3569.8964881794736,1.0,0.2,"(5, 2)",undefined
111.7500000000054,40.0,5816,test,3571.146488179474,1.0,0.2,"(5, 2)",undefined
113.00000000000568,40.0,5817,test,3572.3964881794745,1.0,0.2,"(5, 2)",undefined
114.25000000000597,40.0,5818,test,3573.646488179475,1.0,0.2,"(5, 2)",undefined
115.50000000000625,40.0,5819,test,3574.8964881794755,1.0,0.2,"(5, 2)",undefined
116.75000000000654,40.0,5820,test,3576.146488179476,1.0,0.2,"(5, 2)",undefined
118.00000000000682,40.0,5821,test,3577.3964881794764,1.0,0.2,"(5, 2)",undefined
119.2500000000071,40.0,5822,test,3578.646488179477,1.0,0.2,"(5, 2)",undefined
120.29803951736653,39.50810911865716,5823,test,3579.8042202163037,1.0,0.2,"(5, 2)",undefined
121.18739579836529,38.62973254483066,5824,test,3581.0542202163033,1.0,0.2,"(5, 2)",undefined
122.07675207936404,37.75135597100416,5825,test,3582.304220216303,1.0,0.2,"(5, 2)",undefined
122.9661083603628,36.87297939717766,5826,test,3583.5542202163024,1.0,0.2,"(5, 2)",undefined
123.85546464136155,35.99460282335116,5827,test,3584.804220216302,1.0,0.2,"(5, 2)",undefined
124.7448209223603,35.11622624952466,5828,test,3586.0542202163015,1.0,0.2,"(5, 2)",undefined
125.63417720335906,34.23784967569816,5829,test,3587.304220216301,1.0,0.2,"(5, 2)",undefined
126.52353348435781,33.35947310187166,5830,test,3588.5542202163006,1.0,0.2,"(5, 2)",undefined
127.41288976535657,32.48109652804516,5831,test,3589.8042202163,1.0,0.2,"(5, 2)",undefined
128.30224604635532,31.602719954218657,5832,test,3591.0542202162997,1.0,0.2,"(5, 2)",undefined
129.19160232735408,30.724343380392156,5833,test,3592.304220216299,1.0,0.2,"(5, 2)",undefined
130.08095860835283,29.845966806565656,5834,test,3593.5542202162987,1.0,0.2,"(5, 2)",undefined
130.97031488935158,28.967590232739155,5835,test,3594.8042202162983,1.0,0.2,"(5, 2)",undefined
131.85967117035034,28.089213658912655,5836,test,3596.054220216298,1.0,0.2,"(5, 2)",undefined
132.7490274513491,27.210837085086226,5837,test,3597.3042202162974,1.0,0.2,"(5, 2)",undefined
133.63838373234785,26.33246051126008,5838,test,3598.554220216297,1.0,0.2,"(5, 2)",undefined
134.5277400133466,25.454083937433936,5839,test,3599.8042202162965,1.0,0.2,"(5, 2)",undefined
135.41709629434553,24.57570736360819,5840,test,3601.0542202162956,1.0,0.2,"(5, 2)",undefined
136.0,24.0,5841,test,3601.873497763027,1.0,0.2,"(5, 2)",undefined
136.0,24.0,5842,test,3601.873497763027,1.0,0.2,"(5, 2)",undefined
136.0,24.0,5843,test,3601.873497763027,1.0,0.2,"(5, 2)",undefined
136.0,24.0,5844,test,3601.873497763027,1.0,0.2,"(5, 2)",undefined
136.0,24.0,5845,test,3601.873497763027,1.0,0.2,"(5, 2)",undefined
136.0,24.0,5846,test,3601.873497763027,1.0,0.2,"(5, 2)",undefined
136.0,24.0,5847,test,3601.873497763027,1.0,0.2,"(5, 2)",undefined
136.0,24.0,5848,test,3601.873497763027,1.0,0.2,"(5, 2)",undefined
136.0,24.0,5849,test,3601.873497763027,1.0,0.2,"(5, 2)",undefined
136.0,24.0,5850,test,3601.873497763027,1.0,0.2,"(5, 2)",undefined
136.0,24.0,5851,test,3601.873497763027,1.0,0.2,"(5, 2)",undefined
136.0,24.0,5852,test,3601.873497763027,1.0,0.2,"(5, 2)",undefined
136.0,24.0,5853,test,3601.873497763027,1.0,0.2,"(5, 2)",undefined
136.0,24.0,5854,test,3601.873497763027,1.0,0.2,"(5, 2)",undefined
136.0,24.0,5855,test,3601.873497763027,1.0,0.2,"(5, 2)",undefined
136.0,24.0,5856,test,3601.873497763027,1.0,0.2,"(5, 2)",undefined
136.0,24.0,5857,test,3601.873497763027,1.0,0.2,"(5, 2)",undefined
136.0,24.0,5858,test,3601.873497763027,1.0,0.2,"(5, 2)",undefined
136.0,24.0,5859,test,3601.873497763027,1.0,0.2,"(5, 2)",undefined
136.0,24.0,5860,test,3601.873497763027,1.0,0.2,"(5, 2)",undefined
136.0,24.0,5861,test,3601.873497763027,1.0,0.2,"(5, 2)",undefined
136.0,24.0,5862,test,3601.873497763027,1.0,0.2,"(5, 2)",undefined
136.0,24.0,5863,test,3601.873497763027,1.0,0.2,"(5, 2)",undefined
136.0,24.0,5864,test,3601.873497763027,1.0,0.2,"(5, 2)",undefined
136.0,24.0,5865,test,3601.873497763027,1.0,0.2,"(5, 2)",undefined
136.0,24.0,5866,test,3601.873497763027,1.0,0.2,"(5, 2)",undefined
136.0,24.0,5867,test,3601.873497763027,1.0,0.2,"(5, 2)",undefined
136.0,24.0,5868,test,3601.873497763027,1.0,0.2,"(5, 2)",undefined
136.0,24.0,5869,test,3601.873497763027,1.0,0.2,"(5, 2)",undefined
134.75000000000114,24.0,5870,test,3603.1234977630256,1.0,0.2,"(5, 2)",undefined
133.50000000000227,24.0,5871,test,3604.3734977630247,1.0,0.2,"(5, 2)",undefined
132.2500000000034,24.0,5872,test,3605.623497763024,1.0,0.2,"(5, 2)",undefined
131.00000000000455,24.0,5873,test,3606.873497763023,1.0,0.2,"(5, 2)",undefined
129.75000000000568,24.0,5874,test,3608.123497763022,1.0,0.2,"(5, 2)",undefined
128.50000000000682,24.0,5875,test,3609.373497763021,1.0,0.2,"(5, 2)",undefined
127.2500000000071,24.0,5876,test,3610.6234977630206,1.0,0.2,"(5, 2)",undefined
126.00000000000682,24.0,5877,test,3611.873497763021,1.0,0.2,"(5, 2)",undefined
124.75000000000654,24.0,5878,test,3613.1234977630215,1.0,0.2,"(5, 2)",undefined
123.50000000000625,24.0,5879,test,3614.373497763022,1.0,0.2,"(5, 2)",undefined
122.25000000000597,24.0,5880,test,3615.6234977630224,1.0,0.2,"(5, 2)",undefined
121.00000000000568,24.0,5881,test,3616.873497763023,1.0,0.2,"(5, 2)",undefined
119.7500000000054,24.0,5882,test,3618.1234977630234,1.0,0.2,"(5, 2)",undefined
118.50000000000512,24.0,5883,test,3619.373497763024,1.0,0.2,"(5, 2)",undefined
117.25000000000483,24.0,5884,test,3620.6234977630243,1.0,0.2,"(5, 2)",undefined
116.00000000000455,24.0,5885,test,3621.8734977630247,1.0,0.2,"(5, 2)",undefined
114.75000000000426,24.0,5886,test,3623.123497763025,1.0,0.2,"(5, 2)",undefined
113.50000000000398,24.0,5887,test,3624.3734977630256,1.0,0.2,"(5, 2)",undefined
112.2500000000037,24.0,5888,test,3625.623497763026,1.0,0.2,"(5, 2)",undefined
111.00000000000341,24.0,5889,test,3626.8734977630265,1.0,0.2,"(5, 2)",undefined
109.75000000000313,24.0,5890,test,3628.123497763027,1.0,0.2,"(5, 2)",undefined
108.50000000000284,24.0,5891,test,3629.3734977630274,1.0,0.2,"(5, 2)",undefined
107.25000000000256,24.0,5892,test,3630.623497763028,1.0,0.2,"(5, 2)",undefined
106.00000000000227,24.0,5893,test,3631.8734977630284,1.0,0.2,"(5, 2)",undefined
104.75000000000199,24.0,5894,test,3633.123497763029,1.0,0.2,"(5, 2)",undefined
103.5000000000017,24.0,5895,test,3634.3734977630293,1.0,0.2,"(5, 2)",undefined
102.25000000000142,24.0,5896,test,3635.6234977630297,1.0,0.2,"(5, 2)",undefined
101.00000000000114,24.0,5897,test,3636.87349776303,1.0,0.2,"(5, 2)",undefined
99.75000000000085,24.0,5898,test,3638.1234977630306,1.0,0.2,"(5, 2)",undefined
98.50000000000057,24.0,5899,test,3639.373497763031,1.0,0.2,"(5, 2)",undefined
97.25000000000028,24.0,5900,test,3640.6234977630315,1.0,0.2,"(5, 2)",undefined
96.0,24.0,5901,test,3641.873497763032,1.0,0.2,"(5, 2)",undefined
94.74999999999972,24.0,5902,test,3643.1234977630324,1.0,0.2,"(5, 2)",undefined
93.49999999999943,24.0,5903,test,3644.373497763033,1.0,0.2,"(5, 2)",undefined
92.24999999999915,24.0,5904,test,3645.6234977630334,1.0,0.2,"(5, 2)",undefined
90.99999999999886,24.0,5905,test,3646.873497763034,1.0,0.2,"(5, 2)",undefined
89.74999999999858,24.0,5906,test,3648.1234977630343,1.0,0.2,"(5, 2)",undefined
88.4999999999983,24.0,5907,test,3649.3734977630347,1.0,0.2,"(5, 2)",undefined
87.24999999999801,24.0,5908,test,3650.623497763035,1.0,0.2,"(5, 2)",undefined
85.99999999999773,24.0,5909,test,3651.8734977630356,1.0,0.2,"(5, 2)",undefined
84.74999999999744,24.0,5910,test,3653.123497763036,1.0,0.2,"(5, 2)",undefined
83.49999999999716,24.0,5911,test,3654.3734977630365,1.0,0.2,"(5, 2)",undefined
82.24999999999687,24.0,5912,test,3655.623497763037,1.0,0.2,"(5, 2)",undefined
80.99999999999659,24.0,5913,test,3656.8734977630374,1.0,0.2,"(5, 2)",undefined
79.7499999999963,24.0,5914,test,3658.123497763038,1.0,0.2,"(5, 2)",undefined
78.49999999999602,24.0,5915,test,3659.3734977630384,1.0,0.2,"(5, 2)",undefined
77.24999999999574,24.0,5916,test,3660.623497763039,1.0,0.2,"(5, 2)",undefined
75.99999999999545,24.0,5917,test,3661.8734977630393,1.0,0.2,"(5, 2)",undefined
74.74999999999517,24.0,5918,test,3663.1234977630397,1.0,0.2,"(5, 2)",undefined
73.49999999999488,24.0,5919,test,3664.37349776304,1.0,0.2,"(5, 2)",undefined
72.2499999999946,24.0,5920,test,3665.6234977630406,1.0,0.2,"(5, 2)",undefined
71.34621797023578,24.84324151087344,5921,test,3666.859571467548,1.0,0.2,"(5, 2)",undefined
70.45686168923703,25.72161808469994,5922,test,3668.1095714675475,1.0,0.2,"(5, 2)",undefined
69.56750540823828,26.59999465852644,5923,test,3669.359571467547,1.0,0.2,"(5, 2)",undefined
68.67814912723952,27.47837123235294,5924,test,3670.6095714675466,1.0,0.2,"(5, 2)",undefined
67.78879284624077,28.356747806179442,5925,test,3671.859571467546,1.0,0.2,"(5, 2)",undefined
66.89943656524201,29.235124380005942,5926,test,3673.1095714675457,1.0,0.2,"(5, 2)",undefined
66.01008028424326,30.113500953832443,5927,test,3674.3595714675453,1.0,0.2,"(5, 2)",undefined
65.1207240032445,30.991877527658943,5928,test,3675.609571467545,1.0,0.2,"(5, 2)",undefined
64.23136772224575,31.870254101485443,5929,test,3676.8595714675444,1.0,0.2,"(5, 2)",undefined
63.34201144124647,32.748630675311944,5930,test,3678.1095714675444,1.0,0.2,"(5, 2)",undefined
62.452655160247005,33.627007249138444,5931,test,3679.3595714675444,1.0,0.2,"(5, 2)",undefined
61.56329887924754,34.505383822964944,5932,test,3680.6095714675444,1.0,0.2,"(5, 2)",undefined
60.673942598248075,35.383760396791445,5933,test,3681.8595714675444,1.0,0.2,"(5, 2)",undefined
59.78458631724861,36.262136970617945,5934,test,3683.1095714675444,1.0,0.2,"(5, 2)",undefined
58.895230036249146,37.140513544444445,5935,test,3684.3595714675444,1.0,0.2,"(5, 2)",undefined
58.00587375524984,38.018890118270946,5936,test,3685.6095714675444,1.0,0.2,"(5, 2)",undefined
57.11651747425088,38.897266692097446,5937,test,3686.8595714675444,1.0,0.2,"(5, 2)",undefined
56.22716119325191,39.77564326592395,5938,test,3688.1095714675444,1.0,0.2,"(5, 2)",undefined
56.0,40.0,5939,test,3688.4288490142726,1.0,0.2,"(5, 2)",undefined
56.0,40.0,5940,test,3688.4288490142726,1.0,0.2,"(5, 2)",undefined
56.0,40.0,5941,test,3688.4288490142726,1.0,0.2,"(5, 2)",undefined
56.0,40.0,5942,test,3688.4288490142726,1.0,0.2,"(5, 2)",undefined
56.0,40.0,5943,test,3688.4288490142726,1.0,0.2,"(5, 2)",undefined
56.0,40.0,5944,test,3688.4288490142726,1.0,0.2,"(5, 2)",undefined
56.0,40.0,5945,test,3688.4288490142726,1.0,0.2,"(5, 2)",undefined
56.0,40.0,5946,test,3688.4288490142726,1.0,0.2,"(5, 2)",undefined
56.0,40.0,5947,test,3688.4288490142726,1.0,0.2,"(5, 2)",undefined
56.0,40.0,5948,test,3688.4288490142726,1.0,0.2,"(5, 2)",undefined
56.0,40.0,5949,test,3688.4288490142726,1.0,0.2,"(5, 2)",undefined
56.0,40.0,5950,test,3688.4288490142726,1.0,0.2,"(5, 2)",undefined
56.0,40.0,5951,test,3688.4288490142726,1.0,0.2,"(5, 2)",undefined
56.0,40.0,5952,test,3688.4288490142726,1.0,0.2,"(5, 2)",undefined
56.0,40.0,5953,test,3688.4288490142726,1.0,0.2,"(5, 2)",undefined
56.0,40.0,5954,test,3688.4288490142726,1.0,0.2,"(5, 2)",undefined
56.0,40.0,5955,test,3688.4288490142726,1.0,0.2,"(5, 2)",undefined
56.0,40.0,5956,test,3688.4288490142726,1.0,0.2,"(5, 2)",undefined
56.0,40.0,5957,test,3688.4288490142726,1.0,0.2,"(5, 2)",undefined
56.0,40.0,5958,test,3688.4288490142726,1.0,0.2,"(5, 2)",undefined
56.0,40.0,5959,test,3688.4288490142726,1.0,0.2,"(5, 2)",undefined
56.0,40.0,5960,test,3688.4288490142726,1.0,0.2,"(5, 2)",undefined
56.0,40.0,5961,test,3688.4288490142726,1.0,0.2,"(5, 2)",undefined
56.0,40.0,5962,test,3688.4288490142726,1.0,0.2,"(5, 2)",undefined
56.0,40.0,5963,test,3688.4288490142726,1.0,0.2,"(5, 2)",undefined
57.250000000000284,40.0,5964,test,3689.678849014273,1.0,0.2,"(5, 2)",undefined
58.50000000000057,40.0,5965,test,3690.9288490142735,1.0,0.2,"(5, 2)",undefined
59.75000000000085,40.0,5966,test,3692.178849014274,1.0,0.2,"(5, 2)",undefined
61.00000000000114,40.0,5967,test,3693.4288490142744,1.0,0.2,"(5, 2)",undefined
62.25000000000142,40.0,5968,test,3694.678849014275,1.0,0.2,"(5, 2)",undefined
63.500000000001705,40.0,5969,test,3695.9288490142753,1.0,0.2,"(5, 2)",undefined
64.75000000000199,40.0,5970,test,3697.178849014276,1.0,0.2,"(5, 2)",undefined
66.00000000000227,40.0,5971,test,3698.4288490142762,1.0,0.2,"(5, 2)",undefined
67.25000000000256,40.0,5972,test,3699.6788490142767,1.0,0.2,"(5, 2)",undefined
68.50000000000284,40.0,5973,test,3700.928849014277,1.0,0.2,"(5, 2)",undefined
69.75000000000313,40.0,5974,test,3702.1788490142776,1.0,0.2,"(5, 2)",undefined
71.00000000000341,40.0,5975,test,3703.428849014278,1.0,0.2,"(5, 2)",undefined
72.12016826116314,39.68378443342246,5976,test,3704.59279455332,1.0,0.2,"(5, 2)",undefined
73.0095245421619,38.80540785959596,5977,test,3705.8427945533194,1.0,0.2,"(5, 2)",undefined
73.89888082316065,37.92703128576946,5978,test,3707.092794553319,1.0,0.2,"(5, 2)",undefined
74.7882371041594,37.04865471194296,5979,test,3708.3427945533185,1.0,0.2,"(5, 2)",undefined
75.67759338515816,36.17027813811646,5980,test,3709.592794553318,1.0,0.2,"(5, 2)",undefined
76.56694966615692,35.29190156428996,5981,test,3710.8427945533176,1.0,0.2,"(5, 2)",undefined
77.45630594715567,34.41352499046346,5982,test,3712.092794553317,1.0,0.2,"(5, 2)",undefined
78.34566222815442,33.53514841663696,5983,test,3713.3427945533167,1.0,0.2,"(5, 2)",undefined
79.23501850915318,32.65677184281046,5984,test,3714.5927945533163,1.0,0.2,"(5, 2)",undefined
80.12437479015193,31.778395268983957,5985,test,3715.842794553316,1.0,0.2,"(5, 2)",undefined
81.01373107115069,30.900018695157552,5986,test,3717.0927945533153,1.0,0.2,"(5, 2)",undefined
81.90308735214953,30.021642121331407,5987,test,3718.342794553315,1.0,0.2,"(5, 2)",undefined
82.79244363314886,29.143265547505262,5988,test,3719.592794553315,1.0,0.2,"(5, 2)",undefined
83.68179991414819,28.264888973679117,5989,test,3720.842794553315,1.0,0.2,"(5, 2)",undefined
84.57115619514751,27.386512399852972,5990,test,3722.092794553315,1.0,0.2,"(5, 2)",undefined
85.46051247614683,26.508135826026827,5991,test,3723.342794553315,1.0,0.2,"(5, 2)",undefined
86.34986875714615,25.62975925220068,5992,test,3724.592794553315,1.0,0.2,"(5, 2)",undefined
87.23922503814548,24.751382678374537,5993,test,3725.842794553315,1.0,0.2,"(5, 2)",undefined
88.0,24.0,5994,test,3726.912072100047,1.0,0.2,"(5, 2)",undefined
88.0,24.0,5995,test,3726.912072100047,1.0,0.2,"(5, 2)",undefined
88.0,24.0,5996,test,3726.912072100047,1.0,0.2,"(5, 2)",undefined
88.0,24.0,5997,test,3726.912072100047,1.0,0.2,"(5, 2)",undefined
88.0,24.0,5998,test,3726.912072100047,1.0,0.2,"(5, 2)",undefined
88.0,24.0,5999,test,3726.912072100047,1.0,0.2,"(5, 2)",undefined
88.0,24.0,6000,test,3726.912072100047,1.0,0.2,"(5, 2)",undefined
88.0,24.0,6001,test,3726.912072100047,1.0,0.2,"(5, 2)",undefined
88.0,24.0,6002,test,3726.912072100047,1.0,0.2,"(5, 2)",undefined
88.0,24.0,6003,test,3726.912072100047,1.0,0.2,"(5, 2)",undefined
88.0,24.0,6004,test,3726.912072100047,1.0,0.2,"(5, 2)",undefined
88.0,24.0,6005,test,3726.912072100047,1.0,0.2,"(5, 2)",undefined
88.0,24.0,6006,test,3726.912072100047,1.0,0.2,"(5, 2)",undefined
88.0,24.0,6007,test,3726.912072100047,1.0,0.2,"(5, 2)",undefined
88.0,24.0,6008,test,3726.912072100047,1.0,0.2,"(5, 2)",undefined
88.0,24.0,6009,test,3726.912072100047,1.0,0.2,"(5, 2)",undefined
88.0,24.0,6010,test,3726.912072100047,1.0,0.2,"(5, 2)",undefined
88.0,24.0,6011,test,3726.912072100047,1.0,0.2,"(5, 2)",undefined
88.0,24.0,6012,test,3726.912072100047,1.0,0.2,"(5, 2)",undefined
87.11611652351695,24.88388347648305,6013,test,3728.162072100047,1.0,0.2,"(5, 2)",undefined
86.2322330470339,25.7677669529661,6014,test,3729.412072100047,1.0,0.2,"(5, 2)",undefined
85.34834957055085,26.65165042944915,6015,test,3730.662072100047,1.0,0.2,"(5, 2)",undefined
84.4644660940678,27.535533905932198,6016,test,3731.912072100047,1.0,0.2,"(5, 2)",undefined
83.58058261758475,28.419417382415247,6017,test,3733.162072100047,1.0,0.2,"(5, 2)",undefined
82.6966991411017,29.303300858898297,6018,test,3734.412072100047,1.0,0.2,"(5, 2)",undefined
81.81281566461865,30.187184335381346,6019,test,3735.662072100047,1.0,0.2,"(5, 2)",undefined
80.9289321881356,31.071067811864395,6020,test,3736.912072100047,1.0,0.2,"(5, 2)",undefined
80.04504871165256,31.954951288347445,6021,test,3738.162072100047,1.0,0.2,"(5, 2)",undefined
79.1611652351695,32.838834764830494,6022,test,3739.412072100047,1.0,0.2,"(5, 2)",undefined
78.27728175868646,33.722718241313544,6023,test,3740.662072100047,1.0,0.2,"(5, 2)",undefined
77.3933982822034,34.60660171779659,6024,test,3741.912072100047,1.0,0.2,"(5, 2)",undefined
76.50951480572036,35.49048519427964,6025,test,3743.162072100047,1.0,0.2,"(5, 2)",undefined
75.62563132923731,36.37436867076269,6026,test,3744.412072100047,1.0,0.2,"(5, 2)",undefined
74.74174785275426,37.25825214724574,6027,test,3745.662072100047,1.0,0.2,"(5, 2)",undefined
73.85786437627121,38.14213562372879,6028,test,3746.912072100047,1.0,0.2,"(5, 2)",undefined
72.97398089978816,39.02601910021184,6029,test,3748.162072100047,1.0,0.2,"(5, 2)",undefined
72.09009742330511,39.90990257669489,6030,test,3749.412072100047,1.0,0.2,"(5, 2)",undefined
71.20621394682206,40.79378605317794,6031,test,3750.662072100047,1.0,0.2,"(5, 2)",undefined
70.32233047033901,41.67766952966099,6032,test,3751.912072100047,1.0,0.2,"(5, 2)",undefined
69.43844699385596,42.56155300614404,6033,test,3753.162072100047,1.0,0.2,"(5, 2)",undefined
68.55456351737291,43.44543648262709,6034,test,3754.412072100047,1.0,0.2,"(5, 2)",undefined
67.67068004088986,44.32931995911014,6035,test,3755.662072100047,1.0,0.2,"(5, 2)",undefined
66.78679656440681,45.213203435593186,6036,test,3756.912072100047,1.0,0.2,"(5, 2)",undefined
65.90291308792376,46.097086912076236,6037,test,3758.162072100047,1.0,0.2,"(5, 2)",undefined
65.01902961144071,46.980970388559285,6038,test,3759.412072100047,1.0,0.2,"(5, 2)",undefined
64.13514613495767,47.864853865042335,6039,test,3760.662072100047,1.0,0.2,"(5, 2)",undefined
63.251262658474616,48.748737341525384,6040,test,3761.912072100047,1.0,0.2,"(5, 2)",undefined
62.367379181991566,49.632620818008434,6041,test,3763.162072100047,1.0,0.2,"(5, 2)",undefined
61.48349570550852,50.51650429449148,6042,test,3764.412072100047,1.0,0.2,"(5, 2)",undefined
60.59961222902547,51.40038777097453,6043,test,3765.662072100047,1.0,0.2,"(5, 2)",undefined
59.71572875254242,52.28427124745758,6044,test,3766.912072100047,1.0,0.2,"(5, 2)",undefined
58.83184527605937,53.16815472394063,6045,test,3768.162072100047,1.0,0.2,"(5, 2)",undefined
57.94796179957632,54.05203820042368,6046,test,3769.412072100047,1.0,0.2,"(5, 2)",undefined
57.06407832309327,54.93592167690673,6047,test,3770.662072100047,1.0,0.2,"(5, 2)",undefined
56.0,56.0,6048,test,3772.166906095993,1.0,0.2,"(5, 2)",undefined
56.0,56.0,6049,test,3772.166906095993,1.0,0.2,"(5, 2)",undefined
56.0,56.0,6050,test,3772.166906095993,1.0,0.2,"(5, 2)",undefined
56.0,56.0,6051,test,3772.166906095993,1.0,0.2,"(5, 2)",undefined
56.0,56.0,6052,test,3772.166906095993,1.0,0.2,"(5, 2)",undefined
56.0,56.0,6053,test,3772.166906095993,1.0,0.2,"(5, 2)",undefined
56.0,56.0,6054,test,3772.166906095993,1.0,0.2,"(5, 2)",undefined
56.0,56.0,6055,test,3772.166906095993,1.0,0.2,"(5, 2)",undefined
56.0,56.0,6056,test,3772.166906095993,1.0,0.2,"(5, 2)",undefined
56.0,56.0,6057,test,3772.166906095993,1.0,0.2,"(5, 2)",undefined
56.0,56.0,6058,test,3772.166906095993,1.0,0.2,"(5, 2)",undefined
56.0,56.0,6059,test,3772.166906095993,1.0,0.2,"(5, 2)",undefined
56.0,56.0,6060,test,3772.166906095993,1.0,0.2,"(5, 2)",undefined
56.0,56.0,6061,test,3772.166906095993,1.0,0.2,"(5, 2)",undefined
56.0,56.0,6062,test,3772.166906095993,1.0,0.2,"(5, 2)",undefined
56.0,56.0,6063,test,3772.166906095993,1.0,0.2,"(5, 2)",undefined
56.0,56.0,6064,test,3772.166906095993,1.0,0.2,"(5, 2)",undefined
56.0,56.0,6065,test,3772.166906095993,1.0,0.2,"(5, 2)",undefined
56.0,56.0,6066,test,3772.166906095993,1.0,0.2,"(5, 2)",undefined
56.0,56.0,6067,test,3772.166906095993,1.0,0.2,"(5, 2)",undefined
56.0,56.0,6068,test,3772.166906095993,1.0,0.2,"(5, 2)",undefined
56.0,56.0,6069,test,3772.166906095993,1.0,0.2,"(5, 2)",undefined
56.0,56.0,6070,test,3772.166906095993,1.0,0.2,"(5, 2)",undefined
56.0,56.0,6071,test,3772.166906095993,1.0,0.2,"(5, 2)",undefined
56.0,56.0,6072,test,3772.166906095993,1.0,0.2,"(5, 2)",undefined
56.0,56.0,6073,test,3772.166906095993,1.0,0.2,"(5, 2)",undefined
56.0,56.0,6074,test,3772.166906095993,1.0,0.2,"(5, 2)",undefined
56.0,56.0,6075,test,3772.166906095993,1.0,0.2,"(5, 2)",undefined
56.0,56.0,6076,test,3772.166906095993,1.0,0.2,"(5, 2)",undefined
56.0,56.0,6077,test,3772.166906095993,1.0,0.2,"(5, 2)",undefined
56.0,56.0,6078,test,3772.166906095993,1.0,0.2,"(5, 2)",undefined
56.0,56.0,6079,test,3772.166906095993,1.0,0.2,"(5, 2)",undefined
56.0,56.0,6080,test,3772.166906095993,1.0,0.2,"(5, 2)",undefined
56.0,56.0,6081,test,3772.166906095993,1.0,0.2,"(5, 2)",undefined
56.0,56.0,6082,test,3772.166906095993,1.0,0.2,"(5, 2)",undefined
56.0,56.0,6083,test,3772.166906095993,1.0,0.2,"(5, 2)",undefined
56.0,56.0,6084,test,3772.166906095993,1.0,0.2,"(5, 2)",undefined
56.0,56.0,6085,test,3772.166906095993,1.0,0.2,"(5, 2)",undefined
56.0,56.0,6086,test,3772.166906095993,1.0,0.2,"(5, 2)",undefined
56.0,56.0,6087,test,3772.166906095993,1.0,0.2,"(5, 2)",undefined
56.0,56.0,6088,test,3772.166906095993,1.0,0.2,"(5, 2)",undefined
56.0,56.0,6089,test,3772.166906095993,1.0,0.2,"(5, 2)",undefined
56.0,56.0,6090,test,3772.166906095993,1.0,0.2,"(5, 2)",undefined
56.0,56.0,6091,test,3772.166906095993,1.0,0.2,"(5, 2)",undefined
56.0,56.0,6092,test,3772.166906095993,1.0,0.2,"(5, 2)",undefined
56.0,56.0,6093,test,3772.166906095993,1.0,0.2,"(5, 2)",undefined
56.0,56.0,6094,test,3772.166906095993,1.0,0.2,"(5, 2)",undefined
56.88388347648305,55.11611652351695,6095,test,3773.416906095993,1.0,0.2,"(5, 2)",undefined
57.7677669529661,54.2322330470339,6096,test,3774.666906095993,1.0,0.2,"(5, 2)",undefined
58.65165042944915,53.34834957055085,6097,test,3775.916906095993,1.0,0.2,"(5, 2)",undefined
59.5355339059322,52.4644660940678,6098,test,3777.166906095993,1.0,0.2,"(5, 2)",undefined
60.41941738241525,51.58058261758475,6099,test,3778.416906095993,1.0,0.2,"(5, 2)",undefined
61.3033008588983,50.6966991411017,6100,test,3779.666906095993,1.0,0.2,"(5, 2)",undefined
62.187184335381346,49.812815664618654,6101,test,3780.916906095993,1.0,0.2,"(5, 2)",undefined
63.071067811864395,48.928932188135605,6102,test,3782.166906095993,1.0,0.2,"(5, 2)",undefined
63.954951288347445,48.045048711652555,6103,test,3783.416906095993,1.0,0.2,"(5, 2)",undefined
64.8388347648305,47.161165235169506,6104,test,3784.666906095993,1.0,0.2,"(5, 2)",undefined
65.72271824131354,46.277281758686456,6105,test,3785.916906095993,1.0,0.2,"(5, 2)",undefined
66.6066017177966,45.39339828220341,6106,test,3787.166906095993,1.0,0.2,"(5, 2)",undefined
67.49048519427964,44.50951480572036,6107,test,3788.416906095993,1.0,0.2,"(5, 2)",undefined
68.37436867076269,43.62563132923731,6108,test,3789.666906095993,1.0,0.2,"(5, 2)",undefined
69.25825214724574,42.74174785275426,6109,test,3790.916906095993,1.0,0.2,"(5, 2)",undefined
70.14213562372879,41.85786437627121,6110,test,3792.166906095993,1.0,0.2,"(5, 2)",undefined
71.02601910021184,40.97398089978816,6111,test,3793.416906095993,1.0,0.2,"(5, 2)",undefined
71.95382555869026,40.19434681531624,6112,test,3794.628786506786,1.0,0.2,"(5, 2)",undefined
73.20373388513468,40.179208272259245,6113,test,3795.8787865067866,1.0,0.2,"(5, 2)",undefined
74.45364221157911,40.164069729202254,6114,test,3797.128786506787,1.0,0.2,"(5, 2)",undefined
75.70355053802353,40.14893118614526,6115,test,3798.3787865067875,1.0,0.2,"(5, 2)",undefined
76.95345886446796,40.13379264308827,6116,test,3799.628786506788,1.0,0.2,"(5, 2)",undefined
78.20336719091239,40.11865410003128,6117,test,3800.8787865067884,1.0,0.2,"(5, 2)",undefined
79.45327551735681,40.10351555697429,6118,test,3802.128786506789,1.0,0.2,"(5, 2)",undefined
80.70318384380124,40.088377013917295,6119,test,3803.3787865067893,1.0,0.2,"(5, 2)",undefined
81.95309217024567,40.0732384708603,6120,test,3804.6287865067898,1.0,0.2,"(5, 2)",undefined
83.2030004966901,40.05809992780313,6121,test,3805.87878650679,1.0,0.2,"(5, 2)",undefined
84.45290882313452,40.04296138474578,6122,test,3807.1287865067907,1.0,0.2,"(5, 2)",undefined
85.70281714957895,40.027822841688426,6123,test,3808.378786506791,1.0,0.2,"(5, 2)",undefined
86.95272547602337,40.01268429863107,6124,test,3809.6287865067916,1.0,0.2,"(5, 2)",undefined
88.20266313365056,40.00233106509771,6125,test,3810.8787670415995,1.0,0.2,"(5, 2)",undefined
89.45266312004111,40.0021466143028,6126,test,3812.128767041599,1.0,0.2,"(5, 2)",undefined
90.70266310643166,40.0019621635079,6127,test,3813.3787670415986,1.0,0.2,"(5, 2)",undefined
91.9526630928222,40.00177771271299,6128,test,3814.628767041598,1.0,0.2,"(5, 2)",undefined
93.20266307921275,40.00159326191809,6129,test,3815.8787670415977,1.0,0.2,"(5, 2)",undefined
94.4526630656033,40.001408811123184,6130,test,3817.1287670415973,1.0,0.2,"(5, 2)",undefined
95.70266305199385,40.00122436032828,6131,test,3818.378767041597,1.0,0.2,"(5, 2)",undefined
96.9526630383844,40.001039909533375,6132,test,3819.6287670415963,1.0,0.2,"(5, 2)",undefined
98.20266302477495,40.00085545873847,6133,test,3820.878767041596,1.0,0.2,"(5, 2)",undefined
99.4526630111655,40.00067100794384,6134,test,3822.1287670415954,1.0,0.2,"(5, 2)",undefined
100.70266299755605,40.000486557149294,6135,test,3823.378767041595,1.0,0.2,"(5, 2)",undefined
101.9526629839466,40.000302106354745,6136,test,3824.6287670415945,1.0,0.2,"(5, 2)",undefined
103.20266297033714,40.000117655560196,6137,test,3825.878767041594,1.0,0.2,"(5, 2)",undefined
104.45266296380328,40.00002795062478,6138,test,3827.128767038279,1.0,0.2,"(5, 2)",undefined
105.70266296380072,40.00002570340544,6139,test,3828.3787670382785,1.0,0.2,"(5, 2)",undefined
106.95266296379816,40.00002345618579,6140,test,3829.628767038278,1.0,0.2,"(5, 2)",undefined
108.2026629637956,40.00002120896613,6141,test,3830.8787670382776,1.0,0.2,"(5, 2)",undefined
109.45266296379305,40.00001896174648,6142,test,3832.128767038277,1.0,0.2,"(5, 2)",undefined
110.70266296379049,40.00001671452682,6143,test,3833.3787670382767,1.0,0.2,"(5, 2)",undefined
111.95266296378793,40.00001446730717,6144,test,3834.6287670382762,1.0,0.2,"(5, 2)",undefined
113.20266296378537,40.00001222008751,6145,test,3835.878767038276,1.0,0.2,"(5, 2)",undefined
114.45266296378281,40.00000997286786,6146,test,3837.1287670382753,1.0,0.2,"(5, 2)",undefined
115.70266296378026,40.0000077256482,6147,test,3838.378767038275,1.0,0.2,"(5, 2)",undefined
116.9526629637777,40.00000547842855,6148,test,3839.6287670382744,1.0,0.2,"(5, 2)",undefined
118.20266296377514,40.00000323120889,6149,test,3840.878767038274,1.0,0.2,"(5, 2)",undefined
119.45266296377258,40.00000098398924,6150,test,3842.1287670382735,1.0,0.2,"(5, 2)",undefined
120.44294749693546,39.367516586919635,6151,test,3843.30379893961,1.0,0.2,"(5, 2)",undefined
121.33223157077379,38.489066909353156,6152,test,3844.5537989396094,1.0,0.2,"(5, 2)",undefined
122.22151564461211,37.61061723178706,6153,test,3845.803798939609,1.0,0.2,"(5, 2)",undefined
123.11079971845044,36.732167554220965,6154,test,3847.0537989396084,1.0,0.2,"(5, 2)",undefined
124.00008379228876,35.85371787665487,6155,test,3848.303798939608,1.0,0.2,"(5, 2)",undefined
124.88936786612709,34.975268199088774,6156,test,3849.5537989396075,1.0,0.2,"(5, 2)",undefined
125.77865193996541,34.09681852152268,6157,test,3850.803798939607,1.0,0.2,"(5, 2)",undefined
126.66793601380374,33.21836884395658,6158,test,3852.0537989396066,1.0,0.2,"(5, 2)",undefined
127.55722008764207,32.33991916639049,6159,test,3853.303798939606,1.0,0.2,"(5, 2)",undefined
128.4465041614804,31.46146948882417,6160,test,3854.5537989396057,1.0,0.2,"(5, 2)",undefined
129.33578823531872,30.58301981125772,6161,test,3855.8037989396053,1.0,0.2,"(5, 2)",undefined
130.22507230915704,29.704570133691362,6162,test,3857.053798939605,1.0,0.2,"(5, 2)",undefined
131.11435638299537,28.826120456125267,6163,test,3858.3037989396043,1.0,0.2,"(5, 2)",undefined
132.0036404568337,27.94767077855917,6164,test,3859.553798939604,1.0,0.2,"(5, 2)",undefined
132.89292453067202,27.069221100993076,6165,test,3860.8037989396034,1.0,0.2,"(5, 2)",undefined
133.78220860451034,26.190771423427094,6166,test,3862.0537989396025,1.0,0.2,"(5, 2)",undefined
134.67149267834867,25.312321745861368,6167,test,3863.3037989396016,1.0,0.2,"(5, 2)",undefined
135.56077675218825,24.433872068295983,6168,test,3864.5537989396016,1.0,0.2,"(5, 2)",undefined
136.0,24.0,6169,test,3865.1711821537124,1.0,0.2,"(5, 2)",undefined
136.0,24.0,6170,test,3865.1711821537124,1.0,0.2,"(5, 2)",undefined
136.0,24.0,6171,test,3865.1711821537124,1.0,0.2,"(5, 2)",undefined
136.0,24.0,6172,test,3865.1711821537124,1.0,0.2,"(5, 2)",undefined
136.0,24.0,6173,test,3865.1711821537124,1.0,0.2,"(5, 2)",undefined
136.0,24.0,6174,test,3865.1711821537124,1.0,0.2,"(5, 2)",undefined
136.0,24.0,6175,test,3865.1711821537124,1.0,0.2,"(5, 2)",undefined
136.0,24.0,6176,test,3865.1711821537124,1.0,0.2,"(5, 2)",undefined
136.0,24.0,6177,test,3865.1711821537124,1.0,0.2,"(5, 2)",undefined
136.0,24.0,6178,test,3865.1711821537124,1.0,0.2,"(5, 2)",undefined
136.0,24.0,6179,test,3865.1711821537124,1.0,0.2,"(5, 2)",undefined
136.0,24.0,6180,test,3865.1711821537124,1.0,0.2,"(5, 2)",undefined
136.0,24.0,6181,test,3865.1711821537124,1.0,0.2,"(5, 2)",undefined
136.0,24.0,6182,test,3865.1711821537124,1.0,0.2,"(5, 2)",undefined
136.0,24.0,6183,test,3865.1711821537124,1.0,0.2,"(5, 2)",undefined
136.0,24.0,6184,test,3865.1711821537124,1.0,0.2,"(5, 2)",undefined
136.0,24.0,6185,test,3865.1711821537124,1.0,0.2,"(5, 2)",undefined
136.0,24.0,6186,test,3865.1711821537124,1.0,0.2,"(5, 2)",undefined
136.0,24.0,6187,test,3865.1711821537124,1.0,0.2,"(5, 2)",undefined
136.0,24.0,6188,test,3865.1711821537124,1.0,0.2,"(5, 2)",undefined
136.0,24.0,6189,test,3865.1711821537124,1.0,0.2,"(5, 2)",undefined
136.0,24.0,6190,test,3865.1711821537124,1.0,0.2,"(5, 2)",undefined
136.0,24.0,6191,test,3865.1711821537124,1.0,0.2,"(5, 2)",undefined
136.0,24.0,6192,test,3865.1711821537124,1.0,0.2,"(5, 2)",undefined
136.0,24.0,6193,test,3865.1711821537124,1.0,0.2,"(5, 2)",undefined
136.0,24.0,6194,test,3865.1711821537124,1.0,0.2,"(5, 2)",undefined
136.0,24.0,6195,test,3865.1711821537124,1.0,0.2,"(5, 2)",undefined
136.0,24.0,6196,test,3865.1711821537124,1.0,0.2,"(5, 2)",undefined
135.11611652351553,24.88388347648305,6197,test,3866.4211821537133,1.0,0.2,"(5, 2)",undefined
134.23223304703106,25.767766952966443,6198,test,3867.671182153714,1.0,0.2,"(5, 2)",undefined
133.3483495705466,26.651650429449848,6199,test,3868.921182153715,1.0,0.2,"(5, 2)",undefined
132.46446609406294,27.535533905933253,6200,test,3870.1711821537156,1.0,0.2,"(5, 2)",undefined
131.5805826175798,28.419417382416658,6201,test,3871.4211821537156,1.0,0.2,"(5, 2)",undefined
130.69669914109667,29.303300858900062,6202,test,3872.6711821537156,1.0,0.2,"(5, 2)",undefined
129.81281566461354,30.187184335383467,6203,test,3873.9211821537156,1.0,0.2,"(5, 2)",undefined
128.9289321881304,31.07106781186687,6204,test,3875.1711821537156,1.0,0.2,"(5, 2)",undefined
128.04504871164727,31.954951288350276,6205,test,3876.4211821537156,1.0,0.2,"(5, 2)",undefined
127.1611652351642,32.838834764833344,6206,test,3877.6711821537156,1.0,0.2,"(5, 2)",undefined
126.27728175868116,33.72271824131639,6207,test,3878.9211821537156,1.0,0.2,"(5, 2)",undefined
125.3933982821981,34.60660171779944,6208,test,3880.1711821537156,1.0,0.2,"(5, 2)",undefined
124.50951480571506,35.4904851942827,6209,test,3881.4211821537156,1.0,0.2,"(5, 2)",undefined
123.62563132923201,36.37436867076619,6210,test,3882.6711821537156,1.0,0.2,"(5, 2)",undefined
122.74174785274896,37.25825214724968,6211,test,3883.9211821537156,1.0,0.2,"(5, 2)",undefined
121.85786437626591,38.14213562373317,6212,test,3885.1711821537156,1.0,0.2,"(5, 2)",undefined
120.97398089978286,39.02601910021666,6213,test,3886.4211821537156,1.0,0.2,"(5, 2)",undefined
120.04617444130444,39.805653184688964,6214,test,3887.633062564509,1.0,0.2,"(5, 2)",undefined
118.79626611486002,39.820791727745956,6215,test,3888.8830625645096,1.0,0.2,"(5, 2)",undefined
117.54635778841559,39.83593027080295,6216,test,3890.13306256451,1.0,0.2,"(5, 2)",undefined
116.29644946197116,39.85106881385981,6217,test,3891.3830625645105,1.0,0.2,"(5, 2)",undefined
115.04654113552674,39.866207356916455,6218,test,3892.633062564511,1.0,0.2,"(5, 2)",undefined
113.79663280908231,39.8813458999731,6219,test,3893.8830625645114,1.0,0.2,"(5, 2)",undefined
112.54672448263788,39.896484443029735,6220,test,3895.133062564512,1.0,0.2,"(5, 2)",undefined
111.29681615619346,39.91162298608638,6221,test,3896.3830625645123,1.0,0.2,"(5, 2)",undefined
110.04690782974903,39.92676152914302,6222,test,3897.633062564513,1.0,0.2,"(5, 2)",undefined
108.7969995033046,39.94190007219966,6223,test,3898.8830625645132,1.0,0.2,"(5, 2)",undefined
107.54709117686018,39.9570386152563,6224,test,3900.1330625645137,1.0,0.2,"(5, 2)",undefined
106.29718285041575,39.972177158312945,6225,test,3901.383062564514,1.0,0.2,"(5, 2)",undefined
105.04727452397132,39.98731570136958,6226,test,3902.6330625645146,1.0,0.2,"(5, 2)",undefined
103.79733686634414,39.99766893490247,6227,test,3903.8830430993225,1.0,0.2,"(5, 2)",undefined
102.54733687995359,39.997853385697375,6228,test,3905.133043099322,1.0,0.2,"(5, 2)",undefined
101.29733689356304,39.99803783649228,6229,test,3906.3830430993216,1.0,0.2,"(5, 2)",undefined
100.0473369071725,39.998222287287184,6230,test,3907.633043099321,1.0,0.2,"(5, 2)",undefined
98.79733692078194,39.99840673808209,6231,test,3908.8830430993207,1.0,0.2,"(5, 2)",undefined
97.5473369343914,39.99859118887699,6232,test,3910.1330430993203,1.0,0.2,"(5, 2)",undefined
96.29733694800085,39.9987756396719,6233,test,3911.38304309932,1.0,0.2,"(5, 2)",undefined
95.0473369616103,39.9989600904668,6234,test,3912.6330430993194,1.0,0.2,"(5, 2)",undefined
93.79733697521975,39.99914454126161,6235,test,3913.883043099319,1.0,0.2,"(5, 2)",undefined
92.5473369888292,39.99932899205616,6236,test,3915.1330430993185,1.0,0.2,"(5, 2)",undefined
91.29733700243865,39.999513442850706,6237,test,3916.383043099318,1.0,0.2,"(5, 2)",undefined
90.0473370160481,39.999697893645255,6238,test,3917.6330430993175,1.0,0.2,"(5, 2)",undefined
88.79733702965756,39.999882344439804,6239,test,3918.883043099317,1.0,0.2,"(5, 2)",undefined
87.54733703619142,39.99997204937522,6240,test,3920.133043096002,1.0,0.2,"(5, 2)",undefined
86.29733703619398,39.99997429659456,6241,test,3921.3830430960015,1.0,0.2,"(5, 2)",undefined
85.04733703619654,39.99997654381421,6242,test,3922.633043096001,1.0,0.2,"(5, 2)",undefined
83.7973370361991,39.99997879103387,6243,test,3923.8830430960006,1.0,0.2,"(5, 2)",undefined
82.54733703620165,39.99998103825352,6244,test,3925.133043096,1.0,0.2,"(5, 2)",undefined
81.29733703620421,39.99998328547318,6245,test,3926.3830430959997,1.0,0.2,"(5, 2)",undefined
80.04733703620677,39.99998553269283,6246,test,3927.6330430959993,1.0,0.2,"(5, 2)",undefined
78.79733703620933,39.99998777991249,6247,test,3928.883043095999,1.0,0.2,"(5, 2)",undefined
77.54733703621189,39.99999002713214,6248,test,3930.1330430959983,1.0,0.2,"(5, 2)",undefined
76.29733703621444,39.9999922743518,6249,test,3931.383043095998,1.0,0.2,"(5, 2)",undefined
75.047337036217,39.99999452157145,6250,test,3932.6330430959974,1.0,0.2,"(5, 2)",undefined
73.79733703621956,39.99999676879111,6251,test,3933.883043095997,1.0,0.2,"(5, 2)",undefined
72.54733703622212,39.99999901601076,6252,test,3935.1330430959965,1.0,0.2,"(5, 2)",undefined
71.55705250305924,40.632483413080365,6253,test,3936.308074997333,1.0,0.2,"(5, 2)",undefined
70.66776842922091,41.51093309064717,6254,test,3937.558074997333,1.0,0.2,"(5, 2)",undefined
69.77848435538259,42.38938276821398,6255,test,3938.808074997333,1.0,0.2,"(5, 2)",undefined
68.88920028154426,43.26783244578078,6256,test,3940.058074997333,1.0,0.2,"(5, 2)",undefined
67.99991620770594,44.14628212334759,6257,test,3941.308074997333,1.0,0.2,"(5, 2)",undefined
67.11063213386761,45.024731800914395,6258,test,3942.558074997333,1.0,0.2,"(5, 2)",undefined
66.22134806002929,45.9031814784812,6259,test,3943.808074997333,1.0,0.2,"(5, 2)",undefined
65.33206398619096,46.78163115604774,6260,test,3945.0580749973324,1.0,0.2,"(5, 2)",undefined
64.44277991235263,47.66008083361383,6261,test,3946.308074997332,1.0,0.2,"(5, 2)",undefined
63.553495838513946,48.53853051117993,6262,test,3947.5580749973315,1.0,0.2,"(5, 2)",undefined
62.66421176467491,49.41698018874657,6263,test,3948.808074997332,1.0,0.2,"(5, 2)",undefined
61.774927690835874,50.29542986631321,6264,test,3950.0580749973324,1.0,0.2,"(5, 2)",undefined
60.88564361699684,51.17387954387986,6265,test,3951.308074997333,1.0,0.2,"(5, 2)",undefined
59.9963595431578,52.05232922144651,6266,test,3952.5580749973333,1.0,0.2,"(5, 2)",undefined
59.107075469318765,52.93077889901316,6267,test,3953.8080749973337,1.0,0.2,"(5, 2)",undefined
58.21779139547973,53.809228576579805,6268,test,3955.058074997334,1.0,0.2,"(5, 2)",undefined
57.32850732164069,54.687678254146455,6269,test,3956.3080749973346,1.0,0.2,"(5, 2)",undefined
56.43922324780166,55.5661279317131,6270,test,3957.558074997335,1.0,0.2,"(5, 2)",undefined
56.18789943411698,56.715740397590366,6271,test,3958.734838559409,1.0,0.2,"(5, 2)",undefined
56.172533524872954,57.965645949555125,6272,test,3959.9848385594087,1.0,0.2,"(5, 2)",undefined
56.15716761562893,59.21555150151988,6273,test,3961.234838559408,1.0,0.2,"(5, 2)",undefined
56.1418017063849,60.46545705348464,6274,test,3962.4848385594078,1.0,0.2,"(5, 2)",undefined
56.12643579714088,61.7153626054494,6275,test,3963.7348385594073,1.0,0.2,"(5, 2)",undefined
56.11106988789685,62.96526815741416,6276,test,3964.984838559407,1.0,0.2,"(5, 2)",undefined
56.09570397865283,64.21517370937904,6277,test,3966.234838559407,1.0,0.2,"(5, 2)",undefined
56.0803380694088,65.46507926134451,6278,test,3967.4848385594073,1.0,0.2,"(5, 2)",undefined
56.06497216016478,66.71498481330998,6279,test,3968.7348385594078,1.0,0.2,"(5, 2)",undefined
56.04960625092075,67.96489036527545,6280,test,3969.984838559408,1.0,0.2,"(5, 2)",undefined
56.03424034167659,69.21479591724092,6281,test,3971.2348385594087,1.0,0.2,"(5, 2)",undefined
56.018874432432206,70.46470146920639,6282,test,3972.484838559409,1.0,0.2,"(5, 2)",undefined
56.00350852318782,71.71460702117186,6283,test,3973.7348385594096,1.0,0.2,"(5, 2)",undefined
56.0,72.0,6284,test,3974.020253103712,1.0,0.2,"(5, 2)",undefined
56.0,72.0,6285,test,3974.020253103712,1.0,0.2,"(5, 2)",undefined
56.0,72.0,6286,test,3974.020253103712,1.0,0.2,"(5, 2)",undefined
56.0,72.0,6287,test,3974.020253103712,1.0,0.2,"(5, 2)",undefined
56.0,72.0,6288,test,3974.020253103712,1.0,0.2,"(5, 2)",undefined
56.0,72.0,6289,test,3974.020253103712,1.0,0.2,"(5, 2)",undefined
56.0,72.0,6290,test,3974.020253103712,1.0,0.2,"(5, 2)",undefined
56.0,72.0,6291,test,3974.020253103712,1.0,0.2,"(5, 2)",undefined
56.0,72.0,6292,test,3974.020253103712,1.0,0.2,"(5, 2)",undefined
56.0,72.0,6293,test,3974.020253103712,1.0,0.2,"(5, 2)",undefined
56.0,72.0,6294,test,3974.020253103712,1.0,0.2,"(5, 2)",undefined
56.0,72.0,6295,test,3974.020253103712,1.0,0.2,"(5, 2)",undefined
56.0,72.0,6296,test,3974.020253103712,1.0,0.2,"(5, 2)",undefined
56.0,72.0,6297,test,3974.020253103712,1.0,0.2,"(5, 2)",undefined
56.0,72.0,6298,test,3974.020253103712,1.0,0.2,"(5, 2)",undefined
56.0,72.0,6299,test,3974.020253103712,1.0,0.2,"(5, 2)",undefined
56.0,72.0,6300,test,3974.020253103712,1.0,0.2,"(5, 2)",undefined
56.0,72.0,6301,test,3974.020253103712,1.0,0.2,"(5, 2)",undefined
56.0,72.0,6302,test,3974.020253103712,1.0,0.2,"(5, 2)",undefined
56.0,72.0,6303,test,3974.020253103712,1.0,0.2,"(5, 2)",undefined
56.0,72.0,6304,test,3974.020253103712,1.0,0.2,"(5, 2)",undefined
56.0,72.0,6305,test,3974.020253103712,1.0,0.2,"(5, 2)",undefined
56.0,72.0,6306,test,3974.020253103712,1.0,0.2,"(5, 2)",undefined
56.0,72.0,6307,test,3974.020253103712,1.0,0.2,"(5, 2)",undefined
56.0,72.0,6308,test,3974.020253103712,1.0,0.2,"(5, 2)",undefined
56.0,72.0,6309,test,3974.020253103712,1.0,0.2,"(5, 2)",undefined
56.0,72.0,6310,test,3974.020253103712,1.0,0.2,"(5, 2)",undefined
56.0,72.0,6311,test,3974.020253103712,1.0,0.2,"(5, 2)",undefined
56.0,72.0,6312,test,3974.020253103712,1.0,0.2,"(5, 2)",undefined
56.0,72.0,6313,test,3974.020253103712,1.0,0.2,"(5, 2)",undefined
56.0,72.0,6314,test,3974.020253103712,1.0,0.2,"(5, 2)",undefined
56.0,72.0,6315,test,3974.020253103712,1.0,0.2,"(5, 2)",undefined
56.0,72.0,6316,test,3974.020253103712,1.0,0.2,"(5, 2)",undefined
56.0,72.0,6317,test,3974.020253103712,1.0,0.2,"(5, 2)",undefined
56.0,72.0,6318,test,3974.020253103712,1.0,0.2,"(5, 2)",undefined
56.0,72.0,6319,test,3974.020253103712,1.0,0.2,"(5, 2)",undefined
56.0,72.0,6320,test,3974.020253103712,1.0,0.2,"(5, 2)",undefined
56.0,72.0,6321,test,3974.020253103712,1.0,0.2,"(5, 2)",undefined
56.0,72.0,6322,test,3974.020253103712,1.0,0.2,"(5, 2)",undefined
56.0,72.0,6323,test,3974.020253103712,1.0,0.2,"(5, 2)",undefined
56.0,72.0,6324,test,3974.020253103712,1.0,0.2,"(5, 2)",undefined
56.0,72.0,6325,test,3974.020253103712,1.0,0.2,"(5, 2)",undefined
56.0,72.0,6326,test,3974.020253103712,1.0,0.2,"(5, 2)",undefined
56.0,72.0,6327,test,3974.020253103712,1.0,0.2,"(5, 2)",undefined
56.0,70.74999999999972,6328,test,3975.2702531037125,1.0,0.2,"(5, 2)",undefined
56.0,69.49999999999943,6329,test,3976.520253103713,1.0,0.2,"(5, 2)",undefined
56.0,68.24999999999915,6330,test,3977.7702531037135,1.0,0.2,"(5, 2)",undefined
56.0,66.99999999999886,6331,test,3979.020253103714,1.0,0.2,"(5, 2)",undefined
56.0,65.74999999999858,6332,test,3980.2702531037144,1.0,0.2,"(5, 2)",undefined
56.0,64.4999999999983,6333,test,3981.520253103715,1.0,0.2,"(5, 2)",undefined
56.0,63.24999999999801,6334,test,3982.7702531037153,1.0,0.2,"(5, 2)",undefined
56.0,61.999999999997726,6335,test,3984.0202531037157,1.0,0.2,"(5, 2)",undefined
56.0,60.74999999999744,6336,test,3985.270253103716,1.0,0.2,"(5, 2)",undefined
56.0,59.49999999999716,6337,test,3986.5202531037166,1.0,0.2,"(5, 2)",undefined
56.0,58.249999999996874,6338,test,3987.770253103717,1.0,0.2,"(5, 2)",undefined
56.0,56.99999999999659,6339,test,3989.0202531037176,1.0,0.2,"(5, 2)",undefined
56.31621556657754,55.8798317388366,6340,test,3990.18419864276,1.0,0.2,"(5, 2)",undefined
57.19459214040404,54.990475457837135,6341,test,3991.43419864276,1.0,0.2,"(5, 2)",undefined
58.07296871423054,54.10111917683767,6342,test,3992.68419864276,1.0,0.2,"(5, 2)",undefined
58.95134528805704,53.211762895838206,6343,test,3993.93419864276,1.0,0.2,"(5, 2)",undefined
59.82972186188354,52.32240661483874,6344,test,3995.18419864276,1.0,0.2,"(5, 2)",undefined
60.70809843571004,51.433050333839276,6345,test,3996.43419864276,1.0,0.2,"(5, 2)",undefined
61.58647500953654,50.543694052839896,6346,test,3997.68419864276,1.0,0.2,"(5, 2)",undefined
62.46485158336304,49.654337771840936,6347,test,3998.93419864276,1.0,0.2,"(5, 2)",undefined
63.34322815718954,48.76498149084197,6348,test,4000.18419864276,1.0,0.2,"(5, 2)",undefined
64.22160473101623,47.87562520984288,6349,test,4001.43419864276,1.0,0.2,"(5, 2)",undefined
65.09998130484344,46.986268928843415,6350,test,4002.6841986427603,1.0,0.2,"(5, 2)",undefined
65.97835787867065,46.09691264784395,6351,test,4003.9341986427607,1.0,0.2,"(5, 2)",undefined
66.85673445249786,45.207556366844486,6352,test,4005.184198642761,1.0,0.2,"(5, 2)",undefined
67.73511102632507,44.31820008584502,6353,test,4006.4341986427617,1.0,0.2,"(5, 2)",undefined
68.61348760015223,43.428843804845556,6354,test,4007.684198642762,1.0,0.2,"(5, 2)",undefined
69.49186417397894,42.53948752384609,6355,test,4008.9341986427626,1.0,0.2,"(5, 2)",undefined
70.37024074780565,41.650131242846626,6356,test,4010.184198642763,1.0,0.2,"(5, 2)",undefined
71.24861732163237,40.76077496184716,6357,test,4011.4341986427635,1.0,0.2,"(5, 2)",undefined
72.26074682117606,40.18626191223204,6358,test,4012.5980162264186,1.0,0.2,"(5, 2)",undefined
73.51065929977217,40.171470162855755,6359,test,4013.8480162264186,1.0,0.2,"(5, 2)",undefined
74.76057177836829,40.15667841347976,6360,test,4015.0980162264186,1.0,0.2,"(5, 2)",undefined
76.0104842569644,40.14188666410383,6361,test,4016.3480162264186,1.0,0.2,"(5, 2)",undefined
77.26039673556052,40.1270949147279,6362,test,4017.5980162264186,1.0,0.2,"(5, 2)",undefined
78.51030921415663,40.11230316535197,6363,test,4018.8480162264186,1.0,0.2,"(5, 2)",undefined
79.76022169275275,40.09751141597604,6364,test,4020.0980162264186,1.0,0.2,"(5, 2)",undefined
81.01013417134887,40.08271966660011,6365,test,4021.3480162264186,1.0,0.2,"(5, 2)",undefined
82.26004664994498,40.06792791722418,6366,test,4022.5980162264186,1.0,0.2,"(5, 2)",undefined
83.5099591285411,40.05313616784825,6367,test,4023.8480162264186,1.0,0.2,"(5, 2)",undefined
84.75987160713721,40.03834441847232,6368,test,4025.0980162264186,1.0,0.2,"(5, 2)",undefined
86.00978408573333,40.02355266909639,6369,test,4026.3480162264186,1.0,0.2,"(5, 2)",undefined
87.25969656432945,40.00876091972046,6370,test,4027.5980162264186,1.0,0.2,"(5, 2)",undefined
88.30751625823957,39.5101781558438,6371,test,4028.7584087821433,1.0,0.2,"(5, 2)",undefined
89.19654876418214,38.631473880573445,6372,test,4030.0084087821438,1.0,0.2,"(5, 2)",undefined
90.0855812701247,37.75276960530265,6373,test,4031.258408782144,1.0,0.2,"(5, 2)",undefined
90.97461377606727,36.87406533003186,6374,test,4032.5084087821447,1.0,0.2,"(5, 2)",undefined
91.86364628200984,35.99536105476107,6375,test,4033.758408782145,1.0,0.2,"(5, 2)",undefined
92.7526787879524,35.11665677949028,6376,test,4035.0084087821456,1.0,0.2,"(5, 2)",undefined
93.64171129389497,34.237952504219486,6377,test,4036.258408782146,1.0,0.2,"(5, 2)",undefined
94.53074379983754,33.359248228948694,6378,test,4037.5084087821465,1.0,0.2,"(5, 2)",undefined
95.4197763057801,32.4805439536779,6379,test,4038.758408782147,1.0,0.2,"(5, 2)",undefined
96.30880881172247,31.601839678407273,6380,test,4040.0084087821474,1.0,0.2,"(5, 2)",undefined
97.19784131766421,30.723135403136837,6381,test,4041.2584087821474,1.0,0.2,"(5, 2)",undefined
98.08687382360596,29.8444311278664,6382,test,4042.5084087821474,1.0,0.2,"(5, 2)",undefined
98.9759063295477,28.965726852595964,6383,test,4043.7584087821474,1.0,0.2,"(5, 2)",undefined
99.86493883548944,28.087022577325527,6384,test,4045.0084087821474,1.0,0.2,"(5, 2)",undefined
100.75397134143118,27.20831830205509,6385,test,4046.2584087821474,1.0,0.2,"(5, 2)",undefined
101.64300384737292,26.329614026784654,6386,test,4047.5084087821474,1.0,0.2,"(5, 2)",undefined
102.53203635331465,25.450909751514217,6387,test,4048.7584087821474,1.0,0.2,"(5, 2)",undefined
103.4210688592564,24.57220547624378,6388,test,4050.0084087821474,1.0,0.2,"(5, 2)",undefined
104.0,24.0,6389,test,4050.8223991830528,1.0,0.2,"(5, 2)",undefined
104.0,24.0,6390,test,4050.8223991830528,1.0,0.2,"(5, 2)",undefined
104.0,24.0,6391,test,4050.8223991830528,1.0,0.2,"(5, 2)",undefined
104.0,24.0,6392,test,4050.8223991830528,1.0,0.2,"(5, 2)",undefined
104.0,24.0,6393,test,4050.8223991830528,1.0,0.2,"(5, 2)",undefined
104.0,24.0,6394,test,4050.8223991830528,1.0,0.2,"(5, 2)",undefined
104.0,24.0,6395,test,4050.8223991830528,1.0,0.2,"(5, 2)",undefined
104.0,24.0,6396,test,4050.8223991830528,1.0,0.2,"(5, 2)",undefined
104.0,24.0,6397,test,4050.8223991830528,1.0,0.2,"(5, 2)",undefined
104.0,24.0,6398,test,4050.8223991830528,1.0,0.2,"(5, 2)",undefined
104.0,24.0,6399,test,4050.8223991830528,1.0,0.2,"(5, 2)",undefined
104.0,24.0,6400,test,4050.8223991830528,1.0,0.2,"(5, 2)",undefined
104.0,24.0,6401,test,4050.8223991830528,1.0,0.2,"(5, 2)",undefined
104.0,24.0,6402,test,4050.8223991830528,1.0,0.2,"(5, 2)",undefined
104.0,24.0,6403,test,4050.8223991830528,1.0,0.2,"(5, 2)",undefined
104.0,24.0,6404,test,4050.8223991830528,1.0,0.2,"(5, 2)",undefined
104.0,24.0,6405,test,4050.8223991830528,1.0,0.2,"(5, 2)",undefined
104.0,24.0,6406,test,4050.8223991830528,1.0,0.2,"(5, 2)",undefined
104.0,24.0,6407,test,4050.8223991830528,1.0,0.2,"(5, 2)",undefined
104.0,24.0,6408,test,4050.8223991830528,1.0,0.2,"(5, 2)",undefined
104.0,24.0,6409,test,4050.8223991830528,1.0,0.2,"(5, 2)",undefined
104.0,24.0,6410,test,4050.8223991830528,1.0,0.2,"(5, 2)",undefined
104.0,24.0,6411,test,4050.8223991830528,1.0,0.2,"(5, 2)",undefined
104.0,24.0,6412,test,4050.8223991830528,1.0,0.2,"(5, 2)",undefined
104.0,24.0,6413,test,4050.8223991830528,1.0,0.2,"(5, 2)",undefined
104.0,24.0,6414,test,4050.8223991830528,1.0,0.2,"(5, 2)",undefined
104.0,24.0,6415,test,4050.8223991830528,1.0,0.2,"(5, 2)",undefined
104.0,24.0,6416,test,4050.8223991830528,1.0,0.2,"(5, 2)",undefined
103.11611652351695,24.88388347648305,6417,test,4052.0723991830528,1.0,0.2,"(5, 2)",undefined
102.2322330470339,25.7677669529661,6418,test,4053.3223991830528,1.0,0.2,"(5, 2)",undefined
101.34834957055085,26.65165042944915,6419,test,4054.5723991830528,1.0,0.2,"(5, 2)",undefined
100.4644660940678,27.535533905932198,6420,test,4055.8223991830528,1.0,0.2,"(5, 2)",undefined
99.58058261758475,28.419417382415247,6421,test,4057.0723991830528,1.0,0.2,"(5, 2)",undefined
98.6966991411017,29.303300858898297,6422,test,4058.3223991830528,1.0,0.2,"(5, 2)",undefined
97.81281566461865,30.187184335381346,6423,test,4059.5723991830528,1.0,0.2,"(5, 2)",undefined
96.9289321881356,31.071067811864395,6424,test,4060.8223991830528,1.0,0.2,"(5, 2)",undefined
96.04504871165256,31.954951288347445,6425,test,4062.0723991830528,1.0,0.2,"(5, 2)",undefined
95.1611652351695,32.838834764830494,6426,test,4063.3223991830528,1.0,0.2,"(5, 2)",undefined
94.27728175868646,33.722718241313544,6427,test,4064.5723991830528,1.0,0.2,"(5, 2)",undefined
93.3933982822034,34.60660171779659,6428,test,4065.8223991830528,1.0,0.2,"(5, 2)",undefined
92.50951480572036,35.49048519427964,6429,test,4067.0723991830528,1.0,0.2,"(5, 2)",undefined
91.62563132923731,36.37436867076269,6430,test,4068.3223991830528,1.0,0.2,"(5, 2)",undefined
90.74174785275426,37.25825214724574,6431,test,4069.5723991830528,1.0,0.2,"(5, 2)",undefined
89.85786437627121,38.14213562372879,6432,test,4070.8223991830528,1.0,0.2,"(5, 2)",undefined
88.97398089978816,39.02601910021184,6433,test,4072.0723991830528,1.0,0.2,"(5, 2)",undefined
88.04617444130974,39.80565318468376,6434,test,4073.284279593846,1.0,0.2,"(5, 2)",undefined
86.79626611486532,39.820791727740755,6435,test,4074.5342795938463,1.0,0.2,"(5, 2)",undefined
85.54635778842089,39.835930270797746,6436,test,4075.784279593847,1.0,0.2,"(5, 2)",undefined
84.29644946197647,39.85106881385474,6437,test,4077.0342795938473,1.0,0.2,"(5, 2)",undefined
83.04654113553204,39.86620735691173,6438,test,4078.2842795938477,1.0,0.2,"(5, 2)",undefined
81.79663280908761,39.88134589996872,6439,test,4079.534279593848,1.0,0.2,"(5, 2)",undefined
80.54672448264319,39.89648444302571,6440,test,4080.7842795938486,1.0,0.2,"(5, 2)",undefined
79.29681615619876,39.911622986082705,6441,test,4082.034279593849,1.0,0.2,"(5, 2)",undefined
78.04690782975433,39.9267615291397,6442,test,4083.2842795938495,1.0,0.2,"(5, 2)",undefined
76.7969995033099,39.94190007219687,6443,test,4084.53427959385,1.0,0.2,"(5, 2)",undefined
75.54709117686548,39.95703861525422,6444,test,4085.7842795938504,1.0,0.2,"(5, 2)",undefined
74.29718285042105,39.972177158311574,6445,test,4087.034279593851,1.0,0.2,"(5, 2)",undefined
73.04727452397663,39.98731570136893,6446,test,4088.2842795938514,1.0,0.2,"(5, 2)",undefined
71.91278695016098,40.27873505658064,6447,test,4089.45559820795,1.0,0.2,"(5, 2)",undefined
71.02356847568149,41.15725113762039,6448,test,4090.7055982079505,1.0,0.2,"(5, 2)",undefined
70.134350001202,42.03576721866014,6449,test,4091.955598207951,1.0,0.2,"(5, 2)",undefined
69.2451315267225,42.91428329969989,6450,test,4093.2055982079514,1.0,0.2,"(5, 2)",undefined
68.35591305224301,43.79279938073964,6451,test,4094.455598207952,1.0,0.2,"(5, 2)",undefined
67.46669457776352,44.671315461779386,6452,test,4095.7055982079523,1.0,0.2,"(5, 2)",undefined
66.57747610328403,45.549831542819135,6453,test,4096.955598207953,1.0,0.2,"(5, 2)",undefined
65.68825762880454,46.42834762385888,6454,test,4098.205598207953,1.0,0.2,"(5, 2)",undefined
64.79903915432504,47.30686370489863,6455,test,4099.455598207953,1.0,0.2,"(5, 2)",undefined
63.90982067984555,48.18537978593838,6456,test,4100.705598207953,1.0,0.2,"(5, 2)",undefined
63.02060220536606,49.06389586697813,6457,test,4101.955598207953,1.0,0.2,"(5, 2)",undefined
62.13138373088657,49.94241194801788,6458,test,4103.205598207953,1.0,0.2,"(5, 2)",undefined
61.24216525640708,50.82092802905757,6459,test,4104.455598207953,1.0,0.2,"(5, 2)",undefined
60.352946781927585,51.69944411009722,6460,test,4105.705598207953,1.0,0.2,"(5, 2)",undefined
59.46372830744809,52.57796019113686,6461,test,4106.955598207953,1.0,0.2,"(5, 2)",undefined
58.5745098329686,53.4564762721765,6462,test,4108.205598207953,1.0,0.2,"(5, 2)",undefined
57.68529135848911,54.334992353216144,6463,test,4109.455598207953,1.0,0.2,"(5, 2)",undefined
56.79607288400962,55.213508434255786,6464,test,4110.705598207953,1.0,0.2,"(5, 2)",undefined
56.18667543741918,56.21087141545678,6465,test,4111.874400228905,1.0,0.2,"(5, 2)",undefined
56.17189767509299,57.46078405950064,6466,test,4113.124400228905,1.0,0.2,"(5, 2)",undefined
56.1571199127668,58.7106967035445,6467,test,4114.374400228905,1.0,0.2,"(5, 2)",undefined
56.14234215044061,59.96060934758836,6468,test,4115.624400228905,1.0,0.2,"(5, 2)",undefined
56.12756438811442,61.21052199163222,6469,test,4116.874400228905,1.0,0.2,"(5, 2)",undefined
56.11278662578823,62.46043463567608,6470,test,4118.124400228905,1.0,0.2,"(5, 2)",undefined
56.09800886346204,63.71034727971994,6471,test,4119.374400228905,1.0,0.2,"(5, 2)",undefined
56.083231101135766,64.96025992376326,6472,test,4120.624400228904,1.0,0.2,"(5, 2)",undefined
56.06845333880923,66.21017256780641,6473,test,4121.874400228903,1.0,0.2,"(5, 2)",undefined
56.05367557648269,67.46008521184956,6474,test,4123.124400228902,1.0,0.2,"(5, 2)",undefined
56.03889781415615,68.70999785589271,6475,test,4124.374400228901,1.0,0.2,"(5, 2)",undefined
56.02412005182961,69.95991049993586,6476,test,4125.6244002289,1.0,0.2,"(5, 2)",undefined
56.00934228950308,71.20982314397901,6477,test,4126.8744002288995,1.0,0.2,"(5, 2)",undefined
56.00215867287827,72.45978120684828,6478,test,4128.12437893403,1.0,0.2,"(5, 2)",undefined
56.0019850369012,73.70978119478781,6479,test,4129.374378934029,1.0,0.2,"(5, 2)",undefined
56.00181140092414,74.95978118272734,6480,test,4130.624378934028,1.0,0.2,"(5, 2)",undefined
56.00163776494708,76.20978117066687,6481,test,4131.874378934027,1.0,0.2,"(5, 2)",undefined
56.001464128970014,77.4597811586064,6482,test,4133.124378934026,1.0,0.2,"(5, 2)",undefined
56.00129049299295,78.70978114654594,6483,test,4134.374378934025,1.0,0.2,"(5, 2)",undefined
56.00111685701589,79.95978113448547,6484,test,4135.624378934024,1.0,0.2,"(5, 2)",undefined
56.000943221038824,81.209781122425,6485,test,4136.874378934023,1.0,0.2,"(5, 2)",undefined
56.00076958506189,82.45978111036453,6486,test,4138.124378934022,1.0,0.2,"(5, 2)",undefined
56.00059594908518,83.70978109830406,6487,test,4139.3743789340215,1.0,0.2,"(5, 2)",undefined
56.00042231310847,84.9597810862436,6488,test,4140.624378934021,1.0,0.2,"(5, 2)",undefined
56.000248677131765,86.20978107418313,6489,test,4141.87437893402,1.0,0.2,"(5, 2)",undefined
56.00007504115506,87.45978106212266,6490,test,4143.124378934019,1.0,0.2,"(5, 2)",undefined
56.0,88.0,6491,test,4143.6645978771085,1.0,0.2,"(5, 2)",undefined
56.0,88.0,6492,test,4143.6645978771085,1.0,0.2,"(5, 2)",undefined
56.0,88.0,6493,test,4143.6645978771085,1.0,0.2,"(5, 2)",undefined
56.0,88.0,6494,test,4143.6645978771085,1.0,0.2,"(5, 2)",undefined
56.0,88.0,6495,test,4143.6645978771085,1.0,0.2,"(5, 2)",undefined
56.0,88.0,6496,test,4143.6645978771085,1.0,0.2,"(5, 2)",undefined
56.0,88.0,6497,test,4143.6645978771085,1.0,0.2,"(5, 2)",undefined
56.0,88.0,6498,test,4143.6645978771085,1.0,0.2,"(5, 2)",undefined
56.0,88.0,6499,test,4143.6645978771085,1.0,0.2,"(5, 2)",undefined
56.0,88.0,6500,test,4143.6645978771085,1.0,0.2,"(5, 2)",undefined
56.0,88.0,6501,test,4143.6645978771085,1.0,0.2,"(5, 2)",undefined
56.0,88.0,6502,test,4143.6645978771085,1.0,0.2,"(5, 2)",undefined
56.0,88.0,6503,test,4143.6645978771085,1.0,0.2,"(5, 2)",undefined
56.0,88.0,6504,test,4143.6645978771085,1.0,0.2,"(5, 2)",undefined
56.0,88.0,6505,test,4143.6645978771085,1.0,0.2,"(5, 2)",undefined
56.0,88.0,6506,test,4143.6645978771085,1.0,0.2,"(5, 2)",undefined
56.0,88.0,6507,test,4143.6645978771085,1.0,0.2,"(5, 2)",undefined
56.0,88.0,6508,test,4143.6645978771085,1.0,0.2,"(5, 2)",undefined
56.0,88.0,6509,test,4143.6645978771085,1.0,0.2,"(5, 2)",undefined
56.0,88.0,6510,test,4143.6645978771085,1.0,0.2,"(5, 2)",undefined
56.0,88.0,6511,test,4143.6645978771085,1.0,0.2,"(5, 2)",undefined
56.0,88.0,6512,test,4143.6645978771085,1.0,0.2,"(5, 2)",undefined
56.0,88.0,6513,test,4143.6645978771085,1.0,0.2,"(5, 2)",undefined
56.0,88.0,6514,test,4143.6645978771085,1.0,0.2,"(5, 2)",undefined
56.0,88.0,6515,test,4143.6645978771085,1.0,0.2,"(5, 2)",undefined
56.0,88.0,6516,test,4143.6645978771085,1.0,0.2,"(5, 2)",undefined
56.0,88.0,6517,test,4143.6645978771085,1.0,0.2,"(5, 2)",undefined
56.0,88.0,6518,test,4143.6645978771085,1.0,0.2,"(5, 2)",undefined
56.0,88.0,6519,test,4143.6645978771085,1.0,0.2,"(5, 2)",undefined
56.0,88.0,6520,test,4143.6645978771085,1.0,0.2,"(5, 2)",undefined
56.0,88.0,6521,test,4143.6645978771085,1.0,0.2,"(5, 2)",undefined
56.0,88.0,6522,test,4143.6645978771085,1.0,0.2,"(5, 2)",undefined
56.0,88.0,6523,test,4143.6645978771085,1.0,0.2,"(5, 2)",undefined
56.0,88.0,6524,test,4143.6645978771085,1.0,0.2,"(5, 2)",undefined
56.0,88.0,6525,test,4143.6645978771085,1.0,0.2,"(5, 2)",undefined
56.0,88.0,6526,test,4143.6645978771085,1.0,0.2,"(5, 2)",undefined
56.0,88.0,6527,test,4143.6645978771085,1.0,0.2,"(5, 2)",undefined
56.0,88.0,6528,test,4143.6645978771085,1.0,0.2,"(5, 2)",undefined
56.0,88.0,6529,test,4143.6645978771085,1.0,0.2,"(5, 2)",undefined
56.0,88.0,6530,test,4143.6645978771085,1.0,0.2,"(5, 2)",undefined
56.0,88.0,6531,test,4143.6645978771085,1.0,0.2,"(5, 2)",undefined
56.0,88.0,6532,test,4143.6645978771085,1.0,0.2,"(5, 2)",undefined
56.0,88.0,6533,test,4143.6645978771085,1.0,0.2,"(5, 2)",undefined
56.0,88.0,6534,test,4143.6645978771085,1.0,0.2,"(5, 2)",undefined
56.0,88.0,6535,test,4143.6645978771085,1.0,0.2,"(5, 2)",undefined
56.0,88.0,6536,test,4143.6645978771085,1.0,0.2,"(5, 2)",undefined
56.0,88.0,6537,test,4143.6645978771085,1.0,0.2,"(5, 2)",undefined
56.0,88.0,6538,test,4143.6645978771085,1.0,0.2,"(5, 2)",undefined
56.0,88.0,6539,test,4143.6645978771085,1.0,0.2,"(5, 2)",undefined
56.0,88.0,6540,test,4143.6645978771085,1.0,0.2,"(5, 2)",undefined
56.0,88.0,6541,test,4143.6645978771085,1.0,0.2,"(5, 2)",undefined
56.0,88.0,6542,test,4143.6645978771085,1.0,0.2,"(5, 2)",undefined
56.0,88.0,6543,test,4143.6645978771085,1.0,0.2,"(5, 2)",undefined
56.0,88.0,6544,test,4143.6645978771085,1.0,0.2,"(5, 2)",undefined
56.0,88.0,6545,test,4143.6645978771085,1.0,0.2,"(5, 2)",undefined
56.0,88.0,6546,test,4143.6645978771085,1.0,0.2,"(5, 2)",undefined
56.0,88.0,6547,test,4143.6645978771085,1.0,0.2,"(5, 2)",undefined
56.0,88.0,6548,test,4143.6645978771085,1.0,0.2,"(5, 2)",undefined
56.0,88.0,6549,test,4143.6645978771085,1.0,0.2,"(5, 2)",undefined
56.0,88.0,6550,test,4143.6645978771085,1.0,0.2,"(5, 2)",undefined
56.0,88.0,6551,test,4143.6645978771085,1.0,0.2,"(5, 2)",undefined
56.0,88.0,6552,test,4143.6645978771085,1.0,0.2,"(5, 2)",undefined
56.0,88.0,6553,test,4143.6645978771085,1.0,0.2,"(5, 2)",undefined
56.0,88.0,6554,test,4143.6645978771085,1.0,0.2,"(5, 2)",undefined
56.0,88.0,6555,test,4143.6645978771085,1.0,0.2,"(5, 2)",undefined
56.0,88.0,6556,test,4143.6645978771085,1.0,0.2,"(5, 2)",undefined
56.0,88.0,6557,test,4143.6645978771085,1.0,0.2,"(5, 2)",undefined
56.0,88.0,6558,test,4143.6645978771085,1.0,0.2,"(5, 2)",undefined
56.0,88.0,6559,test,4143.6645978771085,1.0,0.2,"(5, 2)",undefined
56.0,88.0,6560,test,4143.6645978771085,1.0,0.2,"(5, 2)",undefined
56.0,88.0,6561,test,4143.6645978771085,1.0,0.2,"(5, 2)",undefined
56.0,88.0,6562,test,4143.6645978771085,1.0,0.2,"(5, 2)",undefined
56.0,88.0,6563,test,4143.6645978771085,1.0,0.2,"(5, 2)",undefined
56.0,88.0,6564,test,4143.6645978771085,1.0,0.2,"(5, 2)",undefined
56.0,88.0,6565,test,4143.6645978771085,1.0,0.2,"(5, 2)",undefined
56.0,88.0,6566,test,4143.6645978771085,1.0,0.2,"(5, 2)",undefined
56.0,88.0,6567,test,4143.6645978771085,1.0,0.2,"(5, 2)",undefined
56.0,88.0,6568,test,4143.6645978771085,1.0,0.2,"(5, 2)",undefined
56.0,88.0,6569,test,4143.6645978771085,1.0,0.2,"(5, 2)",undefined
56.0,88.0,6570,test,4143.6645978771085,1.0,0.2,"(5, 2)",undefined
56.0,88.0,6571,test,4143.6645978771085,1.0,0.2,"(5, 2)",undefined
56.0,88.0,6572,test,4143.6645978771085,1.0,0.2,"(5, 2)",undefined
56.0,88.0,6573,test,4143.6645978771085,1.0,0.2,"(5, 2)",undefined
56.0,88.0,6574,test,4143.6645978771085,1.0,0.2,"(5, 2)",undefined
56.0,88.0,6575,test,4143.6645978771085,1.0,0.2,"(5, 2)",undefined
56.0,88.0,6576,test,4143.6645978771085,1.0,0.2,"(5, 2)",undefined
56.0,88.0,6577,test,4143.6645978771085,1.0,0.2,"(5, 2)",undefined
56.0,88.0,6578,test,4143.6645978771085,1.0,0.2,"(5, 2)",undefined
56.0,88.0,6579,test,4143.6645978771085,1.0,0.2,"(5, 2)",undefined
56.0,88.0,6580,test,4143.6645978771085,1.0,0.2,"(5, 2)",undefined
56.0,88.0,6581,test,4143.6645978771085,1.0,0.2,"(5, 2)",undefined
56.0,86.74999999999972,6582,test,4144.9145978771085,1.0,0.2,"(5, 2)",undefined
56.0,85.49999999999943,6583,test,4146.1645978771085,1.0,0.2,"(5, 2)",undefined
56.0,84.24999999999915,6584,test,4147.4145978771085,1.0,0.2,"(5, 2)",undefined
56.0,82.99999999999886,6585,test,4148.6645978771085,1.0,0.2,"(5, 2)",undefined
56.0,81.74999999999858,6586,test,4149.9145978771085,1.0,0.2,"(5, 2)",undefined
56.0,80.4999999999983,6587,test,4151.1645978771085,1.0,0.2,"(5, 2)",undefined
56.0,79.24999999999801,6588,test,4152.4145978771085,1.0,0.2,"(5, 2)",undefined
56.0,77.99999999999773,6589,test,4153.6645978771085,1.0,0.2,"(5, 2)",undefined
56.0,76.74999999999744,6590,test,4154.9145978771085,1.0,0.2,"(5, 2)",undefined
56.0,75.49999999999716,6591,test,4156.1645978771085,1.0,0.2,"(5, 2)",undefined
56.0,74.24999999999687,6592,test,4157.4145978771085,1.0,0.2,"(5, 2)",undefined
56.0,72.99999999999659,6593,test,4158.6645978771085,1.0,0.2,"(5, 2)",undefined
56.0,71.7499999999963,6594,test,4159.9145978771085,1.0,0.2,"(5, 2)",undefined
56.0,70.49999999999602,6595,test,4161.1645978771085,1.0,0.2,"(5, 2)",undefined
56.0,69.24999999999574,6596,test,4162.4145978771085,1.0,0.2,"(5, 2)",undefined
56.0,67.99999999999545,6597,test,4163.6645978771085,1.0,0.2,"(5, 2)",undefined
56.0,66.74999999999517,6598,test,4164.9145978771085,1.0,0.2,"(5, 2)",undefined
56.0,65.49999999999488,6599,test,4166.1645978771085,1.0,0.2,"(5, 2)",undefined
56.0,64.2499999999946,6600,test,4167.4145978771085,1.0,0.2,"(5, 2)",undefined
56.0,62.999999999994316,6601,test,4168.6645978771085,1.0,0.2,"(5, 2)",undefined
56.0,61.74999999999403,6602,test,4169.9145978771085,1.0,0.2,"(5, 2)",undefined
56.0,60.49999999999375,6603,test,4171.1645978771085,1.0,0.2,"(5, 2)",undefined
56.0,59.24999999999346,6604,test,4172.4145978771085,1.0,0.2,"(5, 2)",undefined
56.0,57.99999999999318,6605,test,4173.6645978771085,1.0,0.2,"(5, 2)",undefined
56.0,56.749999999992895,6606,test,4174.9145978771085,1.0,0.2,"(5, 2)",undefined
56.0,55.49999999999261,6607,test,4176.1645978771085,1.0,0.2,"(5, 2)",undefined
56.0,54.249999999992326,6608,test,4177.4145978771085,1.0,0.2,"(5, 2)",undefined
56.0,52.99999999999204,6609,test,4178.6645978771085,1.0,0.2,"(5, 2)",undefined
56.0,51.74999999999176,6610,test,4179.9145978771085,1.0,0.2,"(5, 2)",undefined
56.0,50.49999999999147,6611,test,4181.1645978771085,1.0,0.2,"(5, 2)",undefined
56.0,49.24999999999119,6612,test,4182.4145978771085,1.0,0.2,"(5, 2)",undefined
56.0,47.999999999990905,6613,test,4183.6645978771085,1.0,0.2,"(5, 2)",undefined
56.0,46.74999999999062,6614,test,4184.9145978771085,1.0,0.2,"(5, 2)",undefined
56.0,45.49999999999034,6615,test,4186.1645978771085,1.0,0.2,"(5, 2)",undefined
56.0,44.24999999999005,6616,test,4187.4145978771085,1.0,0.2,"(5, 2)",undefined
56.0,42.99999999998977,6617,test,4188.6645978771085,1.0,0.2,"(5, 2)",undefined
56.0,41.749999999989484,6618,test,4189.9145978771085,1.0,0.2,"(5, 2)",undefined
56.0,40.4999999999892,6619,test,4191.1645978771085,1.0,0.2,"(5, 2)",undefined
56.0,40.0,6620,test,4191.664597877098,1.0,0.2,"(5, 2)",undefined
56.0,40.0,6621,test,4191.664597877098,1.0,0.2,"(5, 2)",undefined
56.0,40.0,6622,test,4191.664597877098,1.0,0.2,"(5, 2)",undefined
56.0,40.0,6623,test,4191.664597877098,1.0,0.2,"(5, 2)",undefined
56.0,40.0,6624,test,4191.664597877098,1.0,0.2,"(5, 2)",undefined
56.0,40.0,6625,test,4191.664597877098,1.0,0.2,"(5, 2)",undefined
56.0,40.0,6626,test,4191.664597877098,1.0,0.2,"(5, 2)",undefined
56.0,40.0,6627,test,4191.664597877098,1.0,0.2,"(5, 2)",undefined
56.0,40.0,6628,test,4191.664597877098,1.0,0.2,"(5, 2)",undefined
56.0,40.0,6629,test,4191.664597877098,1.0,0.2,"(5, 2)",undefined
56.0,40.0,6630,test,4191.664597877098,1.0,0.2,"(5, 2)",undefined
56.0,40.0,6631,test,4191.664597877098,1.0,0.2,"(5, 2)",undefined
56.0,40.0,6632,test,4191.664597877098,1.0,0.2,"(5, 2)",undefined
56.0,40.0,6633,test,4191.664597877098,1.0,0.2,"(5, 2)",undefined
56.0,40.0,6634,test,4191.664597877098,1.0,0.2,"(5, 2)",undefined
56.0,40.0,6635,test,4191.664597877098,1.0,0.2,"(5, 2)",undefined
56.0,40.0,6636,test,4191.664597877098,1.0,0.2,"(5, 2)",undefined
56.0,40.0,6637,test,4191.664597877098,1.0,0.2,"(5, 2)",undefined
56.0,40.0,6638,test,4191.664597877098,1.0,0.2,"(5, 2)",undefined
56.0,40.0,6639,test,4191.664597877098,1.0,0.2,"(5, 2)",undefined
57.250000000000284,40.0,6640,test,4192.914597877098,1.0,0.2,"(5, 2)",undefined
58.50000000000057,40.0,6641,test,4194.164597877098,1.0,0.2,"(5, 2)",undefined
59.75000000000085,40.0,6642,test,4195.414597877098,1.0,0.2,"(5, 2)",undefined
61.00000000000114,40.0,6643,test,4196.664597877098,1.0,0.2,"(5, 2)",undefined
62.25000000000142,40.0,6644,test,4197.914597877098,1.0,0.2,"(5, 2)",undefined
63.500000000001705,40.0,6645,test,4199.164597877098,1.0,0.2,"(5, 2)",undefined
64.75000000000199,40.0,6646,test,4200.414597877098,1.0,0.2,"(5, 2)",undefined
66.00000000000227,40.0,6647,test,4201.664597877098,1.0,0.2,"(5, 2)",undefined
67.25000000000256,40.0,6648,test,4202.914597877098,1.0,0.2,"(5, 2)",undefined
68.50000000000284,40.0,6649,test,4204.164597877098,1.0,0.2,"(5, 2)",undefined
69.75000000000313,40.0,6650,test,4205.414597877098,1.0,0.2,"(5, 2)",undefined
71.00000000000341,40.0,6651,test,4206.664597877098,1.0,0.2,"(5, 2)",undefined
72.2500000000037,40.0,6652,test,4207.914597877098,1.0,0.2,"(5, 2)",undefined
73.50000000000398,40.0,6653,test,4209.164597877098,1.0,0.2,"(5, 2)",undefined
74.75000000000426,40.0,6654,test,4210.414597877098,1.0,0.2,"(5, 2)",undefined
76.00000000000455,40.0,6655,test,4211.664597877098,1.0,0.2,"(5, 2)",undefined
77.25000000000483,40.0,6656,test,4212.914597877098,1.0,0.2,"(5, 2)",undefined
78.50000000000512,40.0,6657,test,4214.164597877098,1.0,0.2,"(5, 2)",undefined
79.7500000000054,40.0,6658,test,4215.414597877098,1.0,0.2,"(5, 2)",undefined
81.00000000000568,40.0,6659,test,4216.664597877098,1.0,0.2,"(5, 2)",undefined
82.25000000000597,40.0,6660,test,4217.914597877098,1.0,0.2,"(5, 2)",undefined
83.50000000000625,40.0,6661,test,4219.164597877098,1.0,0.2,"(5, 2)",undefined
84.75000000000654,40.0,6662,test,4220.414597877098,1.0,0.2,"(5, 2)",undefined
86.00000000000682,40.0,6663,test,4221.664597877098,1.0,0.2,"(5, 2)",undefined
87.2500000000071,40.0,6664,test,4222.914597877098,1.0,0.2,"(5, 2)",undefined
88.0,40.0,6665,test,4223.66459787709,1.0,0.2,"(5, 2)",undefined
88.0,40.0,6666,test,4223.66459787709,1.0,0.2,"(5, 2)",undefined
88.0,40.0,6667,test,4223.66459787709,1.0,0.2,"(5, 2)",undefined
88.0,40.0,6668,test,4223.66459787709,1.0,0.2,"(5, 2)",undefined
88.0,40.0,6669,test,4223.66459787709,1.0,0.2,"(5, 2)",undefined
88.0,40.0,6670,test,4223.66459787709,1.0,0.2,"(5, 2)",undefined
88.0,40.0,6671,test,4223.66459787709,1.0,0.2,"(5, 2)",undefined
88.0,40.0,6672,test,4223.66459787709,1.0,0.2,"(5, 2)",undefined
88.0,40.0,6673,test,4223.66459787709,1.0,0.2,"(5, 2)",undefined
88.0,40.0,6674,test,4223.66459787709,1.0,0.2,"(5, 2)",undefined
88.0,40.0,6675,test,4223.66459787709,1.0,0.2,"(5, 2)",undefined
88.0,40.0,6676,test,4223.66459787709,1.0,0.2,"(5, 2)",undefined
88.0,40.0,6677,test,4223.66459787709,1.0,0.2,"(5, 2)",undefined
88.0,40.0,6678,test,4223.66459787709,1.0,0.2,"(5, 2)",undefined
88.0,40.0,6679,test,4223.66459787709,1.0,0.2,"(5, 2)",undefined
88.0,40.0,6680,test,4223.66459787709,1.0,0.2,"(5, 2)",undefined
88.0,40.0,6681,test,4223.66459787709,1.0,0.2,"(5, 2)",undefined
88.0,40.0,6682,test,4223.66459787709,1.0,0.2,"(5, 2)",undefined
88.0,40.0,6683,test,4223.66459787709,1.0,0.2,"(5, 2)",undefined
88.0,40.0,6684,test,4223.66459787709,1.0,0.2,"(5, 2)",undefined
88.0,40.0,6685,test,4223.66459787709,1.0,0.2,"(5, 2)",undefined
88.0,40.0,6686,test,4223.66459787709,1.0,0.2,"(5, 2)",undefined
88.0,40.0,6687,test,4223.66459787709,1.0,0.2,"(5, 2)",undefined
88.0,40.0,6688,test,4223.66459787709,1.0,0.2,"(5, 2)",undefined
88.0,40.0,6689,test,4223.66459787709,1.0,0.2,"(5, 2)",undefined
88.0,40.0,6690,test,4223.66459787709,1.0,0.2,"(5, 2)",undefined
88.0,40.0,6691,test,4223.66459787709,1.0,0.2,"(5, 2)",undefined
88.0,40.0,6692,test,4223.66459787709,1.0,0.2,"(5, 2)",undefined
88.0,40.0,6693,test,4223.66459787709,1.0,0.2,"(5, 2)",undefined
88.0,40.0,6694,test,4223.66459787709,1.0,0.2,"(5, 2)",undefined
88.0,40.0,6695,test,4223.66459787709,1.0,0.2,"(5, 2)",undefined
88.0,40.0,6696,test,4223.66459787709,1.0,0.2,"(5, 2)",undefined
88.0,40.0,6697,test,4223.66459787709,1.0,0.2,"(5, 2)",undefined
88.0,40.0,6698,test,4223.66459787709,1.0,0.2,"(5, 2)",undefined
88.0,40.0,6699,test,4223.66459787709,1.0,0.2,"(5, 2)",undefined
88.0,40.0,6700,test,4223.66459787709,1.0,0.2,"(5, 2)",undefined
88.0,40.0,6701,test,4223.66459787709,1.0,0.2,"(5, 2)",undefined
88.0,40.0,6702,test,4223.66459787709,1.0,0.2,"(5, 2)",undefined
88.0,40.0,6703,test,4223.66459787709,1.0,0.2,"(5, 2)",undefined
88.0,40.0,6704,test,4223.66459787709,1.0,0.2,"(5, 2)",undefined
88.0,40.0,6705,test,4223.66459787709,1.0,0.2,"(5, 2)",undefined
88.0,40.0,6706,test,4223.66459787709,1.0,0.2,"(5, 2)",undefined
88.0,40.0,6707,test,4223.66459787709,1.0,0.2,"(5, 2)",undefined
88.0,40.0,6708,test,4223.66459787709,1.0,0.2,"(5, 2)",undefined
88.0,40.0,6709,test,4223.66459787709,1.0,0.2,"(5, 2)",undefined
88.0,40.0,6710,test,4223.66459787709,1.0,0.2,"(5, 2)",undefined
88.0,40.0,6711,test,4223.66459787709,1.0,0.2,"(5, 2)",undefined
88.0,40.0,6712,test,4223.66459787709,1.0,0.2,"(5, 2)",undefined
88.0,40.0,6713,test,4223.66459787709,1.0,0.2,"(5, 2)",undefined
88.0,40.0,6714,test,4223.66459787709,1.0,0.2,"(5, 2)",undefined
88.0,40.0,6715,test,4223.66459787709,1.0,0.2,"(5, 2)",undefined
88.0,40.0,6716,test,4223.66459787709,1.0,0.2,"(5, 2)",undefined
88.0,40.0,6717,test,4223.66459787709,1.0,0.2,"(5, 2)",undefined
88.0,40.0,6718,test,4223.66459787709,1.0,0.2,"(5, 2)",undefined
88.0,40.0,6719,test,4223.66459787709,1.0,0.2,"(5, 2)",undefined
88.0,40.0,6720,test,4223.66459787709,1.0,0.2,"(5, 2)",undefined
88.0,40.0,6721,test,4223.66459787709,1.0,0.2,"(5, 2)",undefined
88.0,40.0,6722,test,4223.66459787709,1.0,0.2,"(5, 2)",undefined
89.25000000000028,40.0,6723,test,4224.91459787709,1.0,0.2,"(5, 2)",undefined
90.50000000000057,40.0,6724,test,4226.16459787709,1.0,0.2,"(5, 2)",undefined
91.75000000000085,40.0,6725,test,4227.41459787709,1.0,0.2,"(5, 2)",undefined
93.00000000000114,40.0,6726,test,4228.66459787709,1.0,0.2,"(5, 2)",undefined
94.25000000000142,40.0,6727,test,4229.91459787709,1.0,0.2,"(5, 2)",undefined
95.5000000000017,40.0,6728,test,4231.16459787709,1.0,0.2,"(5, 2)",undefined
96.75000000000199,40.0,6729,test,4232.41459787709,1.0,0.2,"(5, 2)",undefined
98.00000000000227,40.0,6730,test,4233.66459787709,1.0,0.2,"(5, 2)",undefined
99.25000000000256,40.0,6731,test,4234.91459787709,1.0,0.2,"(5, 2)",undefined
100.50000000000284,40.0,6732,test,4236.16459787709,1.0,0.2,"(5, 2)",undefined
101.75000000000313,40.0,6733,test,4237.41459787709,1.0,0.2,"(5, 2)",undefined
103.00000000000341,40.0,6734,test,4238.66459787709,1.0,0.2,"(5, 2)",undefined
104.2500000000037,40.0,6735,test,4239.91459787709,1.0,0.2,"(5, 2)",undefined
105.50000000000398,40.0,6736,test,4241.16459787709,1.0,0.2,"(5, 2)",undefined
106.75000000000426,40.0,6737,test,4242.41459787709,1.0,0.2,"(5, 2)",undefined
108.00000000000455,40.0,6738,test,4243.66459787709,1.0,0.2,"(5, 2)",undefined
109.25000000000483,40.0,6739,test,4244.91459787709,1.0,0.2,"(5, 2)",undefined
110.50000000000512,40.0,6740,test,4246.16459787709,1.0,0.2,"(5, 2)",undefined
111.7500000000054,40.0,6741,test,4247.41459787709,1.0,0.2,"(5, 2)",undefined
113.00000000000568,40.0,6742,test,4248.66459787709,1.0,0.2,"(5, 2)",undefined
114.25000000000597,40.0,6743,test,4249.91459787709,1.0,0.2,"(5, 2)",undefined
115.50000000000625,40.0,6744,test,4251.16459787709,1.0,0.2,"(5, 2)",undefined
116.75000000000654,40.0,6745,test,4252.41459787709,1.0,0.2,"(5, 2)",undefined
118.00000000000682,40.0,6746,test,4253.66459787709,1.0,0.2,"(5, 2)",undefined
119.2500000000071,40.0,6747,test,4254.91459787709,1.0,0.2,"(5, 2)",undefined
120.29803951736653,39.50810911865716,6748,test,4256.072329913917,1.0,0.2,"(5, 2)",undefined
121.18739579836529,38.62973254483066,6749,test,4257.322329913917,1.0,0.2,"(5, 2)",undefined
122.07675207936404,37.75135597100416,6750,test,4258.572329913917,1.0,0.2,"(5, 2)",undefined
122.9661083603628,36.87297939717766,6751,test,4259.822329913917,1.0,0.2,"(5, 2)",undefined
123.85546464136155,35.99460282335116,6752,test,4261.072329913917,1.0,0.2,"(5, 2)",undefined
124.7448209223603,35.11622624952466,6753,test,4262.322329913917,1.0,0.2,"(5, 2)",undefined
125.63417720335906,34.23784967569816,6754,test,4263.572329913917,1.0,0.2,"(5, 2)",undefined
126.52353348435781,33.35947310187166,6755,test,4264.822329913917,1.0,0.2,"(5, 2)",undefined
127.41288976535657,32.48109652804516,6756,test,4266.072329913917,1.0,0.2,"(5, 2)",undefined
128.30224604635532,31.602719954218657,6757,test,4267.322329913917,1.0,0.2,"(5, 2)",undefined
129.19160232735408,30.724343380392156,6758,test,4268.572329913917,1.0,0.2,"(5, 2)",undefined
130.08095860835283,29.845966806565656,6759,test,4269.822329913917,1.0,0.2,"(5, 2)",undefined
130.97031488935158,28.967590232739155,6760,test,4271.072329913917,1.0,0.2,"(5, 2)",undefined
131.85967117035034,28.089213658912655,6761,test,4272.322329913917,1.0,0.2,"(5, 2)",undefined
132.7490274513491,27.210837085086226,6762,test,4273.572329913917,1.0,0.2,"(5, 2)",undefined
133.63838373234785,26.33246051126008,6763,test,4274.822329913916,1.0,0.2,"(5, 2)",undefined
134.5277400133466,25.454083937433936,6764,test,4276.072329913915,1.0,0.2,"(5, 2)",undefined
135.41709629434553,24.57570736360819,6765,test,4277.3223299139145,1.0,0.2,"(5, 2)",undefined
136.0,24.0,6766,test,4278.141607460646,1.0,0.2,"(5, 2)",undefined
136.0,24.0,6767,test,4278.141607460646,1.0,0.2,"(5, 2)",undefined
136.0,24.0,6768,test,4278.141607460646,1.0,0.2,"(5, 2)",undefined
136.0,24.0,6769,test,4278.141607460646,1.0,0.2,"(5, 2)",undefined
136.0,24.0,6770,test,4278.141607460646,1.0,0.2,"(5, 2)",undefined
136.0,24.0,6771,test,4278.141607460646,1.0,0.2,"(5, 2)",undefined
136.0,24.0,6772,test,4278.141607460646,1.0,0.2,"(5, 2)",undefined
136.0,24.0,6773,test,4278.141607460646,1.0,0.2,"(5, 2)",undefined
136.0,24.0,6774,test,4278.141607460646,1.0,0.2,"(5, 2)",undefined
136.0,24.0,6775,test,4278.141607460646,1.0,0.2,"(5, 2)",undefined
136.0,24.0,6776,test,4278.141607460646,1.0,0.2,"(5, 2)",undefined
136.0,24.0,6777,test,4278.141607460646,1.0,0.2,"(5, 2)",undefined
136.0,24.0,6778,test,4278.141607460646,1.0,0.2,"(5, 2)",undefined
136.0,24.0,6779,test,4278.141607460646,1.0,0.2,"(5, 2)",undefined
136.0,24.0,6780,test,4278.141607460646,1.0,0.2,"(5, 2)",undefined
136.0,24.0,6781,test,4278.141607460646,1.0,0.2,"(5, 2)",undefined
136.0,24.0,6782,test,4278.141607460646,1.0,0.2,"(5, 2)",undefined
136.0,24.0,6783,test,4278.141607460646,1.0,0.2,"(5, 2)",undefined
136.0,24.0,6784,test,4278.141607460646,1.0,0.2,"(5, 2)",undefined
136.0,24.0,6785,test,4278.141607460646,1.0,0.2,"(5, 2)",undefined
134.75000000000114,24.0,6786,test,4279.391607460645,1.0,0.2,"(5, 2)",undefined
133.50000000000227,24.0,6787,test,4280.641607460644,1.0,0.2,"(5, 2)",undefined
132.2500000000034,24.0,6788,test,4281.891607460643,1.0,0.2,"(5, 2)",undefined
131.00000000000455,24.0,6789,test,4283.141607460642,1.0,0.2,"(5, 2)",undefined
129.75000000000568,24.0,6790,test,4284.391607460641,1.0,0.2,"(5, 2)",undefined
128.50000000000682,24.0,6791,test,4285.64160746064,1.0,0.2,"(5, 2)",undefined
127.2500000000071,24.0,6792,test,4286.89160746064,1.0,0.2,"(5, 2)",undefined
126.00000000000682,24.0,6793,test,4288.14160746064,1.0,0.2,"(5, 2)",undefined
124.75000000000654,24.0,6794,test,4289.39160746064,1.0,0.2,"(5, 2)",undefined
123.50000000000625,24.0,6795,test,4290.64160746064,1.0,0.2,"(5, 2)",undefined
122.25000000000597,24.0,6796,test,4291.89160746064,1.0,0.2,"(5, 2)",undefined
121.00000000000568,24.0,6797,test,4293.14160746064,1.0,0.2,"(5, 2)",undefined
119.7500000000054,24.0,6798,test,4294.39160746064,1.0,0.2,"(5, 2)",undefined
118.50000000000512,24.0,6799,test,4295.64160746064,1.0,0.2,"(5, 2)",undefined
117.25000000000483,24.0,6800,test,4296.89160746064,1.0,0.2,"(5, 2)",undefined
116.00000000000455,24.0,6801,test,4298.14160746064,1.0,0.2,"(5, 2)",undefined
114.75000000000426,24.0,6802,test,4299.39160746064,1.0,0.2,"(5, 2)",undefined
113.50000000000398,24.0,6803,test,4300.64160746064,1.0,0.2,"(5, 2)",undefined
112.2500000000037,24.0,6804,test,4301.89160746064,1.0,0.2,"(5, 2)",undefined
111.00000000000341,24.0,6805,test,4303.14160746064,1.0,0.2,"(5, 2)",undefined
109.75000000000313,24.0,6806,test,4304.39160746064,1.0,0.2,"(5, 2)",undefined
108.50000000000284,24.0,6807,test,4305.64160746064,1.0,0.2,"(5, 2)",undefined
107.25000000000256,24.0,6808,test,4306.89160746064,1.0,0.2,"(5, 2)",undefined
106.00000000000227,24.0,6809,test,4308.14160746064,1.0,0.2,"(5, 2)",undefined
104.75000000000199,24.0,6810,test,4309.39160746064,1.0,0.2,"(5, 2)",undefined
103.5000000000017,24.0,6811,test,4310.64160746064,1.0,0.2,"(5, 2)",undefined
102.25000000000142,24.0,6812,test,4311.89160746064,1.0,0.2,"(5, 2)",undefined
101.00000000000114,24.0,6813,test,4313.14160746064,1.0,0.2,"(5, 2)",undefined
99.75000000000085,24.0,6814,test,4314.39160746064,1.0,0.2,"(5, 2)",undefined
98.50000000000057,24.0,6815,test,4315.64160746064,1.0,0.2,"(5, 2)",undefined
97.25000000000028,24.0,6816,test,4316.89160746064,1.0,0.2,"(5, 2)",undefined
96.0,24.0,6817,test,4318.14160746064,1.0,0.2,"(5, 2)",undefined
94.74999999999972,24.0,6818,test,4319.39160746064,1.0,0.2,"(5, 2)",undefined
93.49999999999943,24.0,6819,test,4320.64160746064,1.0,0.2,"(5, 2)",undefined
92.24999999999915,24.0,6820,test,4321.89160746064,1.0,0.2,"(5, 2)",undefined
90.99999999999886,24.0,6821,test,4323.14160746064,1.0,0.2,"(5, 2)",undefined
89.74999999999858,24.0,6822,test,4324.39160746064,1.0,0.2,"(5, 2)",undefined
88.4999999999983,24.0,6823,test,4325.64160746064,1.0,0.2,"(5, 2)",undefined
87.24999999999801,24.0,6824,test,4326.89160746064,1.0,0.2,"(5, 2)",undefined
85.99999999999773,24.0,6825,test,4328.14160746064,1.0,0.2,"(5, 2)",undefined
84.74999999999744,24.0,6826,test,4329.39160746064,1.0,0.2,"(5, 2)",undefined
83.49999999999716,24.0,6827,test,4330.64160746064,1.0,0.2,"(5, 2)",undefined
82.24999999999687,24.0,6828,test,4331.89160746064,1.0,0.2,"(5, 2)",undefined
80.99999999999659,24.0,6829,test,4333.14160746064,1.0,0.2,"(5, 2)",undefined
79.7499999999963,24.0,6830,test,4334.39160746064,1.0,0.2,"(5, 2)",undefined
78.49999999999602,24.0,6831,test,4335.64160746064,1.0,0.2,"(5, 2)",undefined
77.24999999999574,24.0,6832,test,4336.89160746064,1.0,0.2,"(5, 2)",undefined
75.99999999999545,24.0,6833,test,4338.14160746064,1.0,0.2,"(5, 2)",undefined
74.74999999999517,24.0,6834,test,4339.39160746064,1.0,0.2,"(5, 2)",undefined
73.49999999999488,24.0,6835,test,4340.64160746064,1.0,0.2,"(5, 2)",undefined
72.2499999999946,24.0,6836,test,4341.89160746064,1.0,0.2,"(5, 2)",undefined
71.34621797023578,24.84324151087344,6837,test,4343.127681165148,1.0,0.2,"(5, 2)",undefined
70.45686168923703,25.72161808469994,6838,test,4344.377681165148,1.0,0.2,"(5, 2)",undefined
69.56750540823828,26.59999465852644,6839,test,4345.627681165148,1.0,0.2,"(5, 2)",undefined
68.67814912723952,27.47837123235294,6840,test,4346.877681165148,1.0,0.2,"(5, 2)",undefined
67.78879284624077,28.356747806179442,6841,test,4348.127681165148,1.0,0.2,"(5, 2)",undefined
66.89943656524201,29.235124380005942,6842,test,4349.377681165148,1.0,0.2,"(5, 2)",undefined
66.01008028424326,30.113500953832443,6843,test,4350.627681165148,1.0,0.2,"(5, 2)",undefined
65.1207240032445,30.991877527658943,6844,test,4351.877681165148,1.0,0.2,"(5, 2)",undefined
64.23136772224575,31.870254101485443,6845,test,4353.127681165148,1.0,0.2,"(5, 2)",undefined
63.34201144124647,32.748630675311944,6846,test,4354.377681165148,1.0,0.2,"(5, 2)",undefined
62.452655160247005,33.627007249138444,6847,test,4355.627681165148,1.0,0.2,"(5, 2)",undefined
61.56329887924754,34.505383822964944,6848,test,4356.877681165148,1.0,0.2,"(5, 2)",undefined
60.673942598248075,35.383760396791445,6849,test,4358.127681165148,1.0,0.2,"(5, 2)",undefined
59.78458631724861,36.262136970617945,6850,test,4359.377681165148,1.0,0.2,"(5, 2)",undefined
58.895230036249146,37.140513544444445,6851,test,4360.627681165148,1.0,0.2,"(5, 2)",undefined
58.00587375524984,38.018890118270946,6852,test,4361.877681165148,1.0,0.2,"(5, 2)",undefined
57.11651747425088,38.897266692097446,6853,test,4363.127681165148,1.0,0.2,"(5, 2)",undefined
56.22716119325191,39.77564326592395,6854,test,4364.377681165148,1.0,0.2,"(5, 2)",undefined
56.0,40.0,6855,test,4364.6969587118765,1.0,0.2,"(5, 2)",undefined
56.0,40.0,6856,test,4364.6969587118765,1.0,0.2,"(5, 2)",undefined
56.0,40.0,6857,test,4364.6969587118765,1.0,0.2,"(5, 2)",undefined
56.0,40.0,6858,test,4364.6969587118765,1.0,0.2,"(5, 2)",undefined
56.0,40.0,6859,test,4364.6969587118765,1.0,0.2,"(5, 2)",undefined
56.0,40.0,6860,test,4364.6969587118765,1.0,0.2,"(5, 2)",undefined
56.0,40.0,6861,test,4364.6969587118765,1.0,0.2,"(5, 2)",undefined
56.0,40.0,6862,test,4364.6969587118765,1.0,0.2,"(5, 2)",undefined
56.0,40.0,6863,test,4364.6969587118765,1.0,0.2,"(5, 2)",undefined
56.0,40.0,6864,test,4364.6969587118765,1.0,0.2,"(5, 2)",undefined
56.0,40.0,6865,test,4364.6969587118765,1.0,0.2,"(5, 2)",undefined
56.0,40.0,6866,test,4364.6969587118765,1.0,0.2,"(5, 2)",undefined
56.0,40.0,6867,test,4364.6969587118765,1.0,0.2,"(5, 2)",undefined
56.0,40.0,6868,test,4364.6969587118765,1.0,0.2,"(5, 2)",undefined
56.0,40.0,6869,test,4364.6969587118765,1.0,0.2,"(5, 2)",undefined
56.0,40.0,6870,test,4364.6969587118765,1.0,0.2,"(5, 2)",undefined
56.0,40.0,6871,test,4364.6969587118765,1.0,0.2,"(5, 2)",undefined
56.0,40.0,6872,test,4364.6969587118765,1.0,0.2,"(5, 2)",undefined
56.0,40.0,6873,test,4364.6969587118765,1.0,0.2,"(5, 2)",undefined
56.0,40.0,6874,test,4364.6969587118765,1.0,0.2,"(5, 2)",undefined
56.0,40.0,6875,test,4364.6969587118765,1.0,0.2,"(5, 2)",undefined
56.0,40.0,6876,test,4364.6969587118765,1.0,0.2,"(5, 2)",undefined
56.0,40.0,6877,test,4364.6969587118765,1.0,0.2,"(5, 2)",undefined
56.0,40.0,6878,test,4364.6969587118765,1.0,0.2,"(5, 2)",undefined
56.0,40.0,6879,test,4364.6969587118765,1.0,0.2,"(5, 2)",undefined
56.0,40.0,6880,test,4364.6969587118765,1.0,0.2,"(5, 2)",undefined
56.0,41.250000000000284,6881,test,4365.9469587118765,1.0,0.2,"(5, 2)",undefined
56.0,42.50000000000057,6882,test,4367.1969587118765,1.0,0.2,"(5, 2)",undefined
56.0,43.75000000000085,6883,test,4368.4469587118765,1.0,0.2,"(5, 2)",undefined
56.0,45.00000000000114,6884,test,4369.6969587118765,1.0,0.2,"(5, 2)",undefined
56.0,46.25000000000142,6885,test,4370.9469587118765,1.0,0.2,"(5, 2)",undefined
56.0,47.500000000001705,6886,test,4372.1969587118765,1.0,0.2,"(5, 2)",undefined
56.0,48.75000000000199,6887,test,4373.4469587118765,1.0,0.2,"(5, 2)",undefined
56.0,50.000000000002274,6888,test,4374.6969587118765,1.0,0.2,"(5, 2)",undefined
56.0,51.25000000000256,6889,test,4375.9469587118765,1.0,0.2,"(5, 2)",undefined
56.0,52.50000000000284,6890,test,4377.1969587118765,1.0,0.2,"(5, 2)",undefined
56.0,53.750000000003126,6891,test,4378.4469587118765,1.0,0.2,"(5, 2)",undefined
56.0,55.00000000000341,6892,test,4379.6969587118765,1.0,0.2,"(5, 2)",undefined
56.0,56.250000000003695,6893,test,4380.9469587118765,1.0,0.2,"(5, 2)",undefined
56.0,57.50000000000398,6894,test,4382.1969587118765,1.0,0.2,"(5, 2)",undefined
56.0,58.75000000000426,6895,test,4383.4469587118765,1.0,0.2,"(5, 2)",undefined
56.0,60.00000000000455,6896,test,4384.6969587118765,1.0,0.2,"(5, 2)",undefined
56.0,61.25000000000483,6897,test,4385.9469587118765,1.0,0.2,"(5, 2)",undefined
56.0,62.500000000005116,6898,test,4387.1969587118765,1.0,0.2,"(5, 2)",undefined
56.0,63.7500000000054,6899,test,4388.4469587118765,1.0,0.2,"(5, 2)",undefined
56.0,65.00000000000568,6900,test,4389.6969587118765,1.0,0.2,"(5, 2)",undefined
56.0,66.25000000000597,6901,test,4390.9469587118765,1.0,0.2,"(5, 2)",undefined
56.0,67.50000000000625,6902,test,4392.1969587118765,1.0,0.2,"(5, 2)",undefined
56.0,68.75000000000654,6903,test,4393.4469587118765,1.0,0.2,"(5, 2)",undefined
56.0,70.00000000000682,6904,test,4394.6969587118765,1.0,0.2,"(5, 2)",undefined
56.0,71.2500000000071,6905,test,4395.9469587118765,1.0,0.2,"(5, 2)",undefined
56.0,72.0,6906,test,4396.696958711869,1.0,0.2,"(5, 2)",undefined
56.0,72.0,6907,test,4396.696958711869,1.0,0.2,"(5, 2)",undefined
56.0,72.0,6908,test,4396.696958711869,1.0,0.2,"(5, 2)",undefined
56.0,72.0,6909,test,4396.696958711869,1.0,0.2,"(5, 2)",undefined
56.0,72.0,6910,test,4396.696958711869,1.0,0.2,"(5, 2)",undefined
56.0,72.0,6911,test,4396.696958711869,1.0,0.2,"(5, 2)",undefined
56.0,72.0,6912,test,4396.696958711869,1.0,0.2,"(5, 2)",undefined
56.0,72.0,6913,test,4396.696958711869,1.0,0.2,"(5, 2)",undefined
56.0,72.0,6914,test,4396.696958711869,1.0,0.2,"(5, 2)",undefined
56.0,72.0,6915,test,4396.696958711869,1.0,0.2,"(5, 2)",undefined
56.0,72.0,6916,test,4396.696958711869,1.0,0.2,"(5, 2)",undefined
56.0,72.0,6917,test,4396.696958711869,1.0,0.2,"(5, 2)",undefined
56.0,72.0,6918,test,4396.696958711869,1.0,0.2,"(5, 2)",undefined
56.0,72.0,6919,test,4396.696958711869,1.0,0.2,"(5, 2)",undefined
56.0,72.0,6920,test,4396.696958711869,1.0,0.2,"(5, 2)",undefined
56.0,72.0,6921,test,4396.696958711869,1.0,0.2,"(5, 2)",undefined
56.0,72.0,6922,test,4396.696958711869,1.0,0.2,"(5, 2)",undefined
56.0,72.0,6923,test,4396.696958711869,1.0,0.2,"(5, 2)",undefined
56.0,72.0,6924,test,4396.696958711869,1.0,0.2,"(5, 2)",undefined
56.0,72.0,6925,test,4396.696958711869,1.0,0.2,"(5, 2)",undefined
56.0,72.0,6926,test,4396.696958711869,1.0,0.2,"(5, 2)",undefined
56.0,70.74999999999972,6927,test,4397.946958711869,1.0,0.2,"(5, 2)",undefined
56.0,69.49999999999943,6928,test,4399.196958711869,1.0,0.2,"(5, 2)",undefined
56.0,68.24999999999915,6929,test,4400.446958711869,1.0,0.2,"(5, 2)",undefined
56.0,66.99999999999886,6930,test,4401.696958711869,1.0,0.2,"(5, 2)",undefined
56.0,65.74999999999858,6931,test,4402.946958711869,1.0,0.2,"(5, 2)",undefined
56.0,64.4999999999983,6932,test,4404.196958711869,1.0,0.2,"(5, 2)",undefined
56.0,63.24999999999801,6933,test,4405.446958711869,1.0,0.2,"(5, 2)",undefined
56.0,61.999999999997726,6934,test,4406.696958711869,1.0,0.2,"(5, 2)",undefined
56.0,60.74999999999744,6935,test,4407.946958711869,1.0,0.2,"(5, 2)",undefined
56.0,59.49999999999716,6936,test,4409.196958711869,1.0,0.2,"(5, 2)",undefined
56.0,58.249999999996874,6937,test,4410.446958711869,1.0,0.2,"(5, 2)",undefined
56.0,56.99999999999659,6938,test,4411.696958711869,1.0,0.2,"(5, 2)",undefined
56.31621556657754,55.8798317388366,6939,test,4412.8609042509115,1.0,0.2,"(5, 2)",undefined
57.19459214040404,54.990475457837135,6940,test,4414.1109042509115,1.0,0.2,"(5, 2)",undefined
58.07296871423054,54.10111917683767,6941,test,4415.3609042509115,1.0,0.2,"(5, 2)",undefined
58.95134528805704,53.211762895838206,6942,test,4416.6109042509115,1.0,0.2,"(5, 2)",undefined
59.82972186188354,52.32240661483874,6943,test,4417.8609042509115,1.0,0.2,"(5, 2)",undefined
60.70809843571004,51.433050333839276,6944,test,4419.1109042509115,1.0,0.2,"(5, 2)",undefined
61.58647500953654,50.543694052839896,6945,test,4420.3609042509115,1.0,0.2,"(5, 2)",undefined
62.46485158336304,49.654337771840936,6946,test,4421.6109042509115,1.0,0.2,"(5, 2)",undefined
63.34322815718954,48.76498149084197,6947,test,4422.8609042509115,1.0,0.2,"(5, 2)",undefined
64.22160473101623,47.87562520984288,6948,test,4424.1109042509115,1.0,0.2,"(5, 2)",undefined
65.09998130484344,46.986268928843415,6949,test,4425.360904250912,1.0,0.2,"(5, 2)",undefined
65.97835787867065,46.09691264784395,6950,test,4426.610904250913,1.0,0.2,"(5, 2)",undefined
66.85673445249786,45.207556366844486,6951,test,4427.860904250914,1.0,0.2,"(5, 2)",undefined
67.73511102632507,44.31820008584502,6952,test,4429.110904250915,1.0,0.2,"(5, 2)",undefined
68.61348760015223,43.428843804845556,6953,test,4430.360904250916,1.0,0.2,"(5, 2)",undefined
69.49186417397894,42.53948752384609,6954,test,4431.610904250916,1.0,0.2,"(5, 2)",undefined
70.37024074780565,41.650131242846626,6955,test,4432.860904250916,1.0,0.2,"(5, 2)",undefined
71.24861732163237,40.76077496184716,6956,test,4434.110904250916,1.0,0.2,"(5, 2)",undefined
72.26074682117606,40.18626191223204,6957,test,4435.274721834571,1.0,0.2,"(5, 2)",undefined
73.51065929977217,40.171470162855755,6958,test,4436.524721834571,1.0,0.2,"(5, 2)",undefined
74.76057177836829,40.15667841347976,6959,test,4437.774721834571,1.0,0.2,"(5, 2)",undefined
76.0104842569644,40.14188666410383,6960,test,4439.024721834571,1.0,0.2,"(5, 2)",undefined
77.26039673556052,40.1270949147279,6961,test,4440.274721834571,1.0,0.2,"(5, 2)",undefined
78.51030921415663,40.11230316535197,6962,test,4441.524721834571,1.0,0.2,"(5, 2)",undefined
79.76022169275275,40.09751141597604,6963,test,4442.774721834571,1.0,0.2,"(5, 2)",undefined
81.01013417134887,40.08271966660011,6964,test,4444.024721834571,1.0,0.2,"(5, 2)",undefined
82.26004664994498,40.06792791722418,6965,test,4445.274721834571,1.0,0.2,"(5, 2)",undefined
83.5099591285411,40.05313616784825,6966,test,4446.524721834571,1.0,0.2,"(5, 2)",undefined
84.75987160713721,40.03834441847232,6967,test,4447.774721834571,1.0,0.2,"(5, 2)",undefined
86.00978408573333,40.02355266909639,6968,test,4449.024721834571,1.0,0.2,"(5, 2)",undefined
87.25969656432945,40.00876091972046,6969,test,4450.274721834571,1.0,0.2,"(5, 2)",undefined
88.0,40.0,6970,test,4451.015077107788,1.0,0.2,"(5, 2)",undefined
88.0,40.0,6971,test,4451.015077107788,1.0,0.2,"(5, 2)",undefined
88.0,40.0,6972,test,4451.015077107788,1.0,0.2,"(5, 2)",undefined
88.0,40.0,6973,test,4451.015077107788,1.0,0.2,"(5, 2)",undefined
88.0,40.0,6974,test,4451.015077107788,1.0,0.2,"(5, 2)",undefined
88.0,40.0,6975,test,4451.015077107788,1.0,0.2,"(5, 2)",undefined
88.0,40.0,6976,test,4451.015077107788,1.0,0.2,"(5, 2)",undefined
88.0,40.0,6977,test,4451.015077107788,1.0,0.2,"(5, 2)",undefined
88.0,40.0,6978,test,4451.015077107788,1.0,0.2,"(5, 2)",undefined
88.0,40.0,6979,test,4451.015077107788,1.0,0.2,"(5, 2)",undefined
88.0,40.0,6980,test,4451.015077107788,1.0,0.2,"(5, 2)",undefined
88.0,40.0,6981,test,4451.015077107788,1.0,0.2,"(5, 2)",undefined
88.0,40.0,6982,test,4451.015077107788,1.0,0.2,"(5, 2)",undefined
88.0,40.0,6983,test,4451.015077107788,1.0,0.2,"(5, 2)",undefined
88.0,40.0,6984,test,4451.015077107788,1.0,0.2,"(5, 2)",undefined
88.0,40.0,6985,test,4451.015077107788,1.0,0.2,"(5, 2)",undefined
88.0,40.0,6986,test,4451.015077107788,1.0,0.2,"(5, 2)",undefined
88.0,40.0,6987,test,4451.015077107788,1.0,0.2,"(5, 2)",undefined
88.0,40.0,6988,test,4451.015077107788,1.0,0.2,"(5, 2)",undefined
88.0,40.0,6989,test,4451.015077107788,1.0,0.2,"(5, 2)",undefined
88.0,40.0,6990,test,4451.015077107788,1.0,0.2,"(5, 2)",undefined
88.0,40.0,6991,test,4451.015077107788,1.0,0.2,"(5, 2)",undefined
88.0,40.0,6992,test,4451.015077107788,1.0,0.2,"(5, 2)",undefined
88.0,40.0,6993,test,4451.015077107788,1.0,0.2,"(5, 2)",undefined
88.0,40.0,6994,test,4451.015077107788,1.0,0.2,"(5, 2)",undefined
88.0,38.749999999999716,6995,test,4452.265077107788,1.0,0.2,"(5, 2)",undefined
88.0,37.49999999999943,6996,test,4453.515077107788,1.0,0.2,"(5, 2)",undefined
88.0,36.24999999999915,6997,test,4454.765077107788,1.0,0.2,"(5, 2)",undefined
88.0,34.99999999999886,6998,test,4456.015077107788,1.0,0.2,"(5, 2)",undefined
88.0,33.74999999999858,6999,test,4457.265077107788,1.0,0.2,"(5, 2)",undefined
88.0,32.499999999998295,7000,test,4458.515077107788,1.0,0.2,"(5, 2)",undefined
88.0,31.249999999998227,7001,test,4459.765077107788,1.0,0.2,"(5, 2)",undefined
88.0,29.9999999999983,7002,test,4461.015077107788,1.0,0.2,"(5, 2)",undefined
88.0,28.74999999999837,7003,test,4462.265077107788,1.0,0.2,"(5, 2)",undefined
88.0,27.49999999999844,7004,test,4463.515077107788,1.0,0.2,"(5, 2)",undefined
88.0,26.24999999999851,7005,test,4464.765077107788,1.0,0.2,"(5, 2)",undefined
88.0,24.999999999998582,7006,test,4466.015077107788,1.0,0.2,"(5, 2)",undefined
88.0,24.0,7007,test,4467.015077107786,1.0,0.2,"(5, 2)",undefined
88.0,24.0,7008,test,4467.015077107786,1.0,0.2,"(5, 2)",undefined
88.0,24.0,7009,test,4467.015077107786,1.0,0.2,"(5, 2)",undefined
88.0,24.0,7010,test,4467.015077107786,1.0,0.2,"(5, 2)",undefined
88.0,24.0,7011,test,4467.015077107786,1.0,0.2,"(5, 2)",undefined
88.0,24.0,7012,test,4467.015077107786,1.0,0.2,"(5, 2)",undefined
88.0,24.0,7013,test,4467.015077107786,1.0,0.2,"(5, 2)",undefined
88.0,24.0,7014,test,4467.015077107786,1.0,0.2,"(5, 2)",undefined
88.0,24.0,7015,test,4467.015077107786,1.0,0.2,"(5, 2)",undefined
88.0,24.0,7016,test,4467.015077107786,1.0,0.2,"(5, 2)",undefined
88.0,24.0,7017,test,4467.015077107786,1.0,0.2,"(5, 2)",undefined
88.0,24.0,7018,test,4467.015077107786,1.0,0.2,"(5, 2)",undefined
88.0,24.0,7019,test,4467.015077107786,1.0,0.2,"(5, 2)",undefined
88.0,24.0,7020,test,4467.015077107786,1.0,0.2,"(5, 2)",undefined
88.0,24.0,7021,test,4467.015077107786,1.0,0.2,"(5, 2)",undefined
88.0,24.0,7022,test,4467.015077107786,1.0,0.2,"(5, 2)",undefined
88.0,24.0,7023,test,4467.015077107786,1.0,0.2,"(5, 2)",undefined
88.0,24.0,7024,test,4467.015077107786,1.0,0.2,"(5, 2)",undefined
88.0,24.0,7025,test,4467.015077107786,1.0,0.2,"(5, 2)",undefined
88.0,24.0,7026,test,4467.015077107786,1.0,0.2,"(5, 2)",undefined
88.0,24.0,7027,test,4467.015077107786,1.0,0.2,"(5, 2)",undefined
88.0,24.0,7028,test,4467.015077107786,1.0,0.2,"(5, 2)",undefined
87.11611652351695,24.88388347648305,7029,test,4468.265077107786,1.0,0.2,"(5, 2)",undefined
86.2322330470339,25.7677669529661,7030,test,4469.515077107786,1.0,0.2,"(5, 2)",undefined
85.34834957055085,26.65165042944915,7031,test,4470.765077107786,1.0,0.2,"(5, 2)",undefined
84.4644660940678,27.535533905932198,7032,test,4472.015077107786,1.0,0.2,"(5, 2)",undefined
83.58058261758475,28.419417382415247,7033,test,4473.265077107786,1.0,0.2,"(5, 2)",undefined
82.6966991411017,29.303300858898297,7034,test,4474.515077107786,1.0,0.2,"(5, 2)",undefined
81.81281566461865,30.187184335381346,7035,test,4475.765077107786,1.0,0.2,"(5, 2)",undefined
80.9289321881356,31.071067811864395,7036,test,4477.015077107786,1.0,0.2,"(5, 2)",undefined
80.04504871165256,31.954951288347445,7037,test,4478.265077107786,1.0,0.2,"(5, 2)",undefined
79.1611652351695,32.838834764830494,7038,test,4479.515077107786,1.0,0.2,"(5, 2)",undefined
78.27728175868646,33.722718241313544,7039,test,4480.765077107786,1.0,0.2,"(5, 2)",undefined
77.3933982822034,34.60660171779659,7040,test,4482.015077107786,1.0,0.2,"(5, 2)",undefined
76.50951480572036,35.49048519427964,7041,test,4483.265077107786,1.0,0.2,"(5, 2)",undefined
75.62563132923731,36.37436867076269,7042,test,4484.515077107786,1.0,0.2,"(5, 2)",undefined
74.74174785275426,37.25825214724574,7043,test,4485.765077107786,1.0,0.2,"(5, 2)",undefined
73.85786437627121,38.14213562372879,7044,test,4487.015077107786,1.0,0.2,"(5, 2)",undefined
72.97398089978816,39.02601910021184,7045,test,4488.265077107786,1.0,0.2,"(5, 2)",undefined
72.09009742330511,39.90990257669489,7046,test,4489.515077107786,1.0,0.2,"(5, 2)",undefined
71.20621394682206,40.79378605317794,7047,test,4490.765077107786,1.0,0.2,"(5, 2)",undefined
70.32233047033901,41.67766952966099,7048,test,4492.015077107786,1.0,0.2,"(5, 2)",undefined
69.43844699385596,42.56155300614404,7049,test,4493.265077107786,1.0,0.2,"(5, 2)",undefined
68.55456351737291,43.44543648262709,7050,test,4494.515077107786,1.0,0.2,"(5, 2)",undefined
67.67068004088986,44.32931995911014,7051,test,4495.765077107786,1.0,0.2,"(5, 2)",undefined
66.78679656440681,45.213203435593186,7052,test,4497.015077107786,1.0,0.2,"(5, 2)",undefined
65.90291308792376,46.097086912076236,7053,test,4498.265077107786,1.0,0.2,"(5, 2)",undefined
65.01902961144071,46.980970388559285,7054,test,4499.515077107786,1.0,0.2,"(5, 2)",undefined
64.13514613495767,47.864853865042335,7055,test,4500.765077107786,1.0,0.2,"(5, 2)",undefined
63.251262658474616,48.748737341525384,7056,test,4502.015077107786,1.0,0.2,"(5, 2)",undefined
62.367379181991566,49.632620818008434,7057,test,4503.265077107786,1.0,0.2,"(5, 2)",undefined
61.48349570550852,50.51650429449148,7058,test,4504.515077107786,1.0,0.2,"(5, 2)",undefined
60.59961222902547,51.40038777097453,7059,test,4505.765077107786,1.0,0.2,"(5, 2)",undefined
59.71572875254242,52.28427124745758,7060,test,4507.015077107786,1.0,0.2,"(5, 2)",undefined
58.83184527605937,53.16815472394063,7061,test,4508.265077107786,1.0,0.2,"(5, 2)",undefined
57.94796179957632,54.05203820042368,7062,test,4509.515077107786,1.0,0.2,"(5, 2)",undefined
57.06407832309327,54.93592167690673,7063,test,4510.765077107786,1.0,0.2,"(5, 2)",undefined
56.0,56.0,7064,test,4512.269911103732,1.0,0.2,"(5, 2)",undefined
56.0,56.0,7065,test,4512.269911103732,1.0,0.2,"(5, 2)",undefined
56.0,56.0,7066,test,4512.269911103732,1.0,0.2,"(5, 2)",undefined
56.0,56.0,7067,test,4512.269911103732,1.0,0.2,"(5, 2)",undefined
56.0,56.0,7068,test,4512.269911103732,1.0,0.2,"(5, 2)",undefined
56.0,56.0,7069,test,4512.269911103732,1.0,0.2,"(5, 2)",undefined
56.0,56.0,7070,test,4512.269911103732,1.0,0.2,"(5, 2)",undefined
56.0,56.0,7071,test,4512.269911103732,1.0,0.2,"(5, 2)",undefined
56.0,56.0,7072,test,4512.269911103732,1.0,0.2,"(5, 2)",undefined
56.0,56.0,7073,test,4512.269911103732,1.0,0.2,"(5, 2)",undefined
56.0,56.0,7074,test,4512.269911103732,1.0,0.2,"(5, 2)",undefined
56.0,56.0,7075,test,4512.269911103732,1.0,0.2,"(5, 2)",undefined
56.0,56.0,7076,test,4512.269911103732,1.0,0.2,"(5, 2)",undefined
56.0,56.0,7077,test,4512.269911103732,1.0,0.2,"(5, 2)",undefined
56.0,56.0,7078,test,4512.269911103732,1.0,0.2,"(5, 2)",undefined
56.0,56.0,7079,test,4512.269911103732,1.0,0.2,"(5, 2)",undefined
56.0,56.0,7080,test,4512.269911103732,1.0,0.2,"(5, 2)",undefined
56.0,56.0,7081,test,4512.269911103732,1.0,0.2,"(5, 2)",undefined
56.0,54.749999999999716,7082,test,4513.519911103732,1.0,0.2,"(5, 2)",undefined
56.0,53.49999999999943,7083,test,4514.769911103732,1.0,0.2,"(5, 2)",undefined
56.0,52.24999999999915,7084,test,4516.019911103732,1.0,0.2,"(5, 2)",undefined
56.0,50.99999999999886,7085,test,4517.269911103732,1.0,0.2,"(5, 2)",undefined
56.0,49.74999999999858,7086,test,4518.519911103732,1.0,0.2,"(5, 2)",undefined
56.0,48.499999999998295,7087,test,4519.769911103732,1.0,0.2,"(5, 2)",undefined
56.0,47.24999999999801,7088,test,4521.019911103732,1.0,0.2,"(5, 2)",undefined
56.0,45.999999999997726,7089,test,4522.269911103732,1.0,0.2,"(5, 2)",undefined
56.0,44.74999999999744,7090,test,4523.519911103732,1.0,0.2,"(5, 2)",undefined
56.0,43.49999999999716,7091,test,4524.769911103732,1.0,0.2,"(5, 2)",undefined
56.0,42.249999999996874,7092,test,4526.019911103732,1.0,0.2,"(5, 2)",undefined
56.0,40.99999999999659,7093,test,4527.269911103732,1.0,0.2,"(5, 2)",undefined
56.0,40.0,7094,test,4528.269911103728,1.0,0.2,"(5, 2)",undefined
56.0,40.0,7095,test,4528.269911103728,1.0,0.2,"(5, 2)",undefined
56.0,40.0,7096,test,4528.269911103728,1.0,0.2,"(5, 2)",undefined
56.0,40.0,7097,test,4528.269911103728,1.0,0.2,"(5, 2)",undefined
56.0,40.0,7098,test,4528.269911103728,1.0,0.2,"(5, 2)",undefined
56.0,40.0,7099,test,4528.269911103728,1.0,0.2,"(5, 2)",undefined
56.0,40.0,7100,test,4528.269911103728,1.0,0.2,"(5, 2)",undefined
56.0,40.0,7101,test,4528.269911103728,1.0,0.2,"(5, 2)",undefined
56.0,40.0,7102,test,4528.269911103728,1.0,0.2,"(5, 2)",undefined
57.250000000000284,40.0,7103,test,4529.519911103728,1.0,0.2,"(5, 2)",undefined
58.50000000000057,40.0,7104,test,4530.769911103728,1.0,0.2,"(5, 2)",undefined
59.75000000000085,40.0,7105,test,4532.019911103728,1.0,0.2,"(5, 2)",undefined
61.00000000000114,40.0,7106,test,4533.269911103728,1.0,0.2,"(5, 2)",undefined
62.25000000000142,40.0,7107,test,4534.519911103728,1.0,0.2,"(5, 2)",undefined
63.500000000001705,40.0,7108,test,4535.769911103728,1.0,0.2,"(5, 2)",undefined
64.75000000000199,40.0,7109,test,4537.019911103728,1.0,0.2,"(5, 2)",undefined
66.00000000000227,40.0,7110,test,4538.269911103728,1.0,0.2,"(5, 2)",undefined
67.25000000000256,40.0,7111,test,4539.519911103728,1.0,0.2,"(5, 2)",undefined
68.50000000000284,40.0,7112,test,4540.769911103728,1.0,0.2,"(5, 2)",undefined
69.75000000000313,40.0,7113,test,4542.019911103728,1.0,0.2,"(5, 2)",undefined
71.00000000000341,40.0,7114,test,4543.269911103728,1.0,0.2,"(5, 2)",undefined
72.2500000000037,40.0,7115,test,4544.519911103728,1.0,0.2,"(5, 2)",undefined
73.50000000000398,40.0,7116,test,4545.769911103728,1.0,0.2,"(5, 2)",undefined
74.75000000000426,40.0,7117,test,4547.019911103728,1.0,0.2,"(5, 2)",undefined
76.00000000000455,40.0,7118,test,4548.269911103728,1.0,0.2,"(5, 2)",undefined
77.25000000000483,40.0,7119,test,4549.519911103728,1.0,0.2,"(5, 2)",undefined
78.50000000000512,40.0,7120,test,4550.769911103728,1.0,0.2,"(5, 2)",undefined
79.7500000000054,40.0,7121,test,4552.019911103728,1.0,0.2,"(5, 2)",undefined
81.00000000000568,40.0,7122,test,4553.269911103728,1.0,0.2,"(5, 2)",undefined
82.25000000000597,40.0,7123,test,4554.519911103728,1.0,0.2,"(5, 2)",undefined
83.50000000000625,40.0,7124,test,4555.769911103728,1.0,0.2,"(5, 2)",undefined
84.75000000000654,40.0,7125,test,4557.019911103728,1.0,0.2,"(5, 2)",undefined
86.00000000000682,40.0,7126,test,4558.269911103728,1.0,0.2,"(5, 2)",undefined
87.2500000000071,40.0,7127,test,4559.519911103728,1.0,0.2,"(5, 2)",undefined
88.0,40.0,7128,test,4560.269911103721,1.0,0.2,"(5, 2)",undefined
88.0,40.0,7129,test,4560.269911103721,1.0,0.2,"(5, 2)",undefined
88.0,40.0,7130,test,4560.269911103721,1.0,0.2,"(5, 2)",undefined
88.0,40.0,7131,test,4560.269911103721,1.0,0.2,"(5, 2)",undefined
88.0,40.0,7132,test,4560.269911103721,1.0,0.2,"(5, 2)",undefined
88.0,40.0,7133,test,4560.269911103721,1.0,0.2,"(5, 2)",undefined
88.0,40.0,7134,test,4560.269911103721,1.0,0.2,"(5, 2)",undefined
88.0,40.0,7135,test,4560.269911103721,1.0,0.2,"(5, 2)",undefined
88.0,40.0,7136,test,4560.269911103721,1.0,0.2,"(5, 2)",undefined
88.0,40.0,7137,test,4560.269911103721,1.0,0.2,"(5, 2)",undefined
88.0,40.0,7138,test,4560.269911103721,1.0,0.2,"(5, 2)",undefined
88.0,40.0,7139,test,4560.269911103721,1.0,0.2,"(5, 2)",undefined
88.0,40.0,7140,test,4560.269911103721,1.0,0.2,"(5, 2)",undefined
88.0,40.0,7141,test,4560.269911103721,1.0,0.2,"(5, 2)",undefined
88.0,40.0,7142,test,4560.269911103721,1.0,0.2,"(5, 2)",undefined
88.0,40.0,7143,test,4560.269911103721,1.0,0.2,"(5, 2)",undefined
88.0,40.0,7144,test,4560.269911103721,1.0,0.2,"(5, 2)",undefined
88.0,40.0,7145,test,4560.269911103721,1.0,0.2,"(5, 2)",undefined
88.0,40.0,7146,test,4560.269911103721,1.0,0.2,"(5, 2)",undefined
88.0,40.0,7147,test,4560.269911103721,1.0,0.2,"(5, 2)",undefined
88.0,40.0,7148,test,4560.269911103721,1.0,0.2,"(5, 2)",undefined
88.0,40.0,7149,test,4560.269911103721,1.0,0.2,"(5, 2)",undefined
88.0,40.0,7150,test,4560.269911103721,1.0,0.2,"(5, 2)",undefined
88.0,40.0,7151,test,4560.269911103721,1.0,0.2,"(5, 2)",undefined
88.0,40.0,7152,test,4560.269911103721,1.0,0.2,"(5, 2)",undefined
89.25000000000028,40.0,7153,test,4561.519911103721,1.0,0.2,"(5, 2)",undefined
90.50000000000057,40.0,7154,test,4562.769911103721,1.0,0.2,"(5, 2)",undefined
91.75000000000085,40.0,7155,test,4564.019911103721,1.0,0.2,"(5, 2)",undefined
93.00000000000114,40.0,7156,test,4565.269911103721,1.0,0.2,"(5, 2)",undefined
94.25000000000142,40.0,7157,test,4566.519911103721,1.0,0.2,"(5, 2)",undefined
95.5000000000017,40.0,7158,test,4567.769911103721,1.0,0.2,"(5, 2)",undefined
96.75000000000199,40.0,7159,test,4569.019911103721,1.0,0.2,"(5, 2)",undefined
98.00000000000227,40.0,7160,test,4570.269911103721,1.0,0.2,"(5, 2)",undefined
99.25000000000256,40.0,7161,test,4571.519911103721,1.0,0.2,"(5, 2)",undefined
100.50000000000284,40.0,7162,test,4572.769911103721,1.0,0.2,"(5, 2)",undefined
101.75000000000313,40.0,7163,test,4574.019911103721,1.0,0.2,"(5, 2)",undefined
103.00000000000341,40.0,7164,test,4575.269911103721,1.0,0.2,"(5, 2)",undefined
104.2500000000037,40.0,7165,test,4576.519911103721,1.0,0.2,"(5, 2)",undefined
105.50000000000398,40.0,7166,test,4577.769911103721,1.0,0.2,"(5, 2)",undefined
106.75000000000426,40.0,7167,test,4579.019911103721,1.0,0.2,"(5, 2)",undefined
108.00000000000455,40.0,7168,test,4580.269911103721,1.0,0.2,"(5, 2)",undefined
109.25000000000483,40.0,7169,test,4581.519911103721,1.0,0.2,"(5, 2)",undefined
110.50000000000512,40.0,7170,test,4582.769911103721,1.0,0.2,"(5, 2)",undefined
111.7500000000054,40.0,7171,test,4584.019911103721,1.0,0.2,"(5, 2)",undefined
113.00000000000568,40.0,7172,test,4585.269911103721,1.0,0.2,"(5, 2)",undefined
114.25000000000597,40.0,7173,test,4586.519911103721,1.0,0.2,"(5, 2)",undefined
115.50000000000625,40.0,7174,test,4587.769911103721,1.0,0.2,"(5, 2)",undefined
116.75000000000654,40.0,7175,test,4589.019911103721,1.0,0.2,"(5, 2)",undefined
118.00000000000682,40.0,7176,test,4590.269911103721,1.0,0.2,"(5, 2)",undefined
119.2500000000071,40.0,7177,test,4591.519911103721,1.0,0.2,"(5, 2)",undefined
120.29803951736653,39.50810911865716,7178,test,4592.677643140548,1.0,0.2,"(5, 2)",undefined
121.18739579836529,38.62973254483066,7179,test,4593.927643140548,1.0,0.2,"(5, 2)",undefined
122.07675207936404,37.75135597100416,7180,test,4595.177643140548,1.0,0.2,"(5, 2)",undefined
122.9661083603628,36.87297939717766,7181,test,4596.427643140548,1.0,0.2,"(5, 2)",undefined
123.85546464136155,35.99460282335116,7182,test,4597.677643140548,1.0,0.2,"(5, 2)",undefined
124.7448209223603,35.11622624952466,7183,test,4598.927643140548,1.0,0.2,"(5, 2)",undefined
125.63417720335906,34.23784967569816,7184,test,4600.177643140548,1.0,0.2,"(5, 2)",undefined
126.52353348435781,33.35947310187166,7185,test,4601.427643140548,1.0,0.2,"(5, 2)",undefined
127.41288976535657,32.48109652804516,7186,test,4602.677643140548,1.0,0.2,"(5, 2)",undefined
128.30224604635532,31.602719954218657,7187,test,4603.927643140548,1.0,0.2,"(5, 2)",undefined
129.19160232735408,30.724343380392156,7188,test,4605.177643140548,1.0,0.2,"(5, 2)",undefined
130.08095860835283,29.845966806565656,7189,test,4606.427643140548,1.0,0.2,"(5, 2)",undefined
130.97031488935158,28.967590232739155,7190,test,4607.677643140548,1.0,0.2,"(5, 2)",undefined
131.85967117035034,28.089213658912655,7191,test,4608.927643140548,1.0,0.2,"(5, 2)",undefined
132.7490274513491,27.210837085086226,7192,test,4610.177643140548,1.0,0.2,"(5, 2)",undefined
133.63838373234785,26.33246051126008,7193,test,4611.427643140547,1.0,0.2,"(5, 2)",undefined
134.5277400133466,25.454083937433936,7194,test,4612.677643140546,1.0,0.2,"(5, 2)",undefined
135.41709629434553,24.57570736360819,7195,test,4613.927643140545,1.0,0.2,"(5, 2)",undefined
136.0,24.0,7196,test,4614.7469206872765,1.0,0.2,"(5, 2)",undefined
136.0,24.0,7197,test,4614.7469206872765,1.0,0.2,"(5, 2)",undefined
136.0,24.0,7198,test,4614.7469206872765,1.0,0.2,"(5, 2)",undefined
136.0,24.0,7199,test,4614.7469206872765,1.0,0.2,"(5, 2)",undefined
136.0,24.0,7200,test,4614.7469206872765,1.0,0.2,"(5, 2)",undefined
136.0,24.0,7201,test,4614.7469206872765,1.0,0.2,"(5, 2)",undefined
136.0,24.0,7202,test,4614.7469206872765,1.0,0.2,"(5, 2)",undefined
136.0,24.0,7203,test,4614.7469206872765,1.0,0.2,"(5, 2)",undefined
136.0,24.0,7204,test,4614.7469206872765,1.0,0.2,"(5, 2)",undefined
136.0,24.0,7205,test,4614.7469206872765,1.0,0.2,"(5, 2)",undefined
136.0,24.0,7206,test,4614.7469206872765,1.0,0.2,"(5, 2)",undefined
136.0,24.0,7207,test,4614.7469206872765,1.0,0.2,"(5, 2)",undefined
136.0,24.0,7208,test,4614.7469206872765,1.0,0.2,"(5, 2)",undefined
136.0,24.0,7209,test,4614.7469206872765,1.0,0.2,"(5, 2)",undefined
136.0,24.0,7210,test,4614.7469206872765,1.0,0.2,"(5, 2)",undefined
136.0,24.0,7211,test,4614.7469206872765,1.0,0.2,"(5, 2)",undefined
136.0,24.0,7212,test,4614.7469206872765,1.0,0.2,"(5, 2)",undefined
136.0,24.0,7213,test,4614.7469206872765,1.0,0.2,"(5, 2)",undefined
136.0,24.0,7214,test,4614.7469206872765,1.0,0.2,"(5, 2)",undefined
136.0,24.0,7215,test,4614.7469206872765,1.0,0.2,"(5, 2)",undefined
136.0,24.0,7216,test,4614.7469206872765,1.0,0.2,"(5, 2)",undefined
136.0,24.0,7217,test,4614.7469206872765,1.0,0.2,"(5, 2)",undefined
134.75000000000114,24.0,7218,test,4615.996920687276,1.0,0.2,"(5, 2)",undefined
133.50000000000227,24.0,7219,test,4617.246920687275,1.0,0.2,"(5, 2)",undefined
132.2500000000034,24.0,7220,test,4618.496920687274,1.0,0.2,"(5, 2)",undefined
131.00000000000455,24.0,7221,test,4619.746920687273,1.0,0.2,"(5, 2)",undefined
129.75000000000568,24.0,7222,test,4620.996920687272,1.0,0.2,"(5, 2)",undefined
128.50000000000682,24.0,7223,test,4622.246920687271,1.0,0.2,"(5, 2)",undefined
127.2500000000071,24.0,7224,test,4623.496920687271,1.0,0.2,"(5, 2)",undefined
126.00000000000682,24.0,7225,test,4624.746920687271,1.0,0.2,"(5, 2)",undefined
124.75000000000654,24.0,7226,test,4625.996920687271,1.0,0.2,"(5, 2)",undefined
123.50000000000625,24.0,7227,test,4627.246920687271,1.0,0.2,"(5, 2)",undefined
122.25000000000597,24.0,7228,test,4628.496920687271,1.0,0.2,"(5, 2)",undefined
121.00000000000568,24.0,7229,test,4629.746920687271,1.0,0.2,"(5, 2)",undefined
119.8763439699661,24.30755190613945,7230,test,4630.911906115855,1.0,0.2,"(5, 2)",undefined
118.9873267412821,25.186271637966456,7231,test,4632.161906115855,1.0,0.2,"(5, 2)",undefined
118.0983095125981,26.06499136979346,7232,test,4633.411906115855,1.0,0.2,"(5, 2)",undefined
117.20929228391411,26.943711101620465,7233,test,4634.661906115855,1.0,0.2,"(5, 2)",undefined
116.32027505523011,27.82243083344747,7234,test,4635.911906115855,1.0,0.2,"(5, 2)",undefined
115.43125782654612,28.70115056527412,7235,test,4637.161906115854,1.0,0.2,"(5, 2)",undefined
114.54224059786175,29.57987029710077,7236,test,4638.411906115854,1.0,0.2,"(5, 2)",undefined
113.6532233691772,30.458590028927418,7237,test,4639.661906115854,1.0,0.2,"(5, 2)",undefined
112.76420614049265,31.337309760754067,7238,test,4640.911906115854,1.0,0.2,"(5, 2)",undefined
111.87518891180801,32.2160294925808,7239,test,4642.161906115854,1.0,0.2,"(5, 2)",undefined
110.98617168312309,33.094749224407806,7240,test,4643.411906115854,1.0,0.2,"(5, 2)",undefined
110.09715445443817,33.97346895623481,7241,test,4644.661906115854,1.0,0.2,"(5, 2)",undefined
109.20813722575326,34.852188688061815,7242,test,4645.911906115854,1.0,0.2,"(5, 2)",undefined
108.31911999706834,35.73090841988882,7243,test,4647.161906115854,1.0,0.2,"(5, 2)",undefined
107.43010276838343,36.609628151715825,7244,test,4648.411906115854,1.0,0.2,"(5, 2)",undefined
106.54108553969851,37.48834788354283,7245,test,4649.661906115854,1.0,0.2,"(5, 2)",undefined
105.6520683110136,38.367067615369834,7246,test,4650.911906115854,1.0,0.2,"(5, 2)",undefined
104.76305108232869,39.24578734719684,7247,test,4652.161906115854,1.0,0.2,"(5, 2)",undefined
103.74411162538074,39.81349821690576,7248,test,4653.32832510083,1.0,0.2,"(5, 2)",undefined
102.49419931818743,39.82830444284919,7249,test,4654.57832510083,1.0,0.2,"(5, 2)",undefined
101.24428701099411,39.84311066879262,7250,test,4655.82832510083,1.0,0.2,"(5, 2)",undefined
99.9943747038008,39.85791689473605,7251,test,4657.07832510083,1.0,0.2,"(5, 2)",undefined
98.74446239660749,39.87272312067948,7252,test,4658.32832510083,1.0,0.2,"(5, 2)",undefined
97.49455008941418,39.88752934662291,7253,test,4659.57832510083,1.0,0.2,"(5, 2)",undefined
96.24463778222086,39.902335572566344,7254,test,4660.82832510083,1.0,0.2,"(5, 2)",undefined
94.99472547502755,39.917141798509775,7255,test,4662.07832510083,1.0,0.2,"(5, 2)",undefined
93.74481316783424,39.931948024453206,7256,test,4663.32832510083,1.0,0.2,"(5, 2)",undefined
92.49490086064093,39.94675425039664,7257,test,4664.57832510083,1.0,0.2,"(5, 2)",undefined
91.24498855344761,39.96156047634007,7258,test,4665.82832510083,1.0,0.2,"(5, 2)",undefined
89.9950762462543,39.97636670228327,7259,test,4667.07832510083,1.0,0.2,"(5, 2)",undefined
88.74516393906099,39.99117292822635,7260,test,4668.32832510083,1.0,0.2,"(5, 2)",undefined
87.49520253103098,39.99778761283382,7261,test,4669.578304010898,1.0,0.2,"(5, 2)",undefined
86.24520254377215,39.997966086391884,7262,test,4670.828304010898,1.0,0.2,"(5, 2)",undefined
84.99520255651332,39.99814455994995,7263,test,4672.078304010898,1.0,0.2,"(5, 2)",undefined
83.74520256925449,39.998323033508015,7264,test,4673.328304010898,1.0,0.2,"(5, 2)",undefined
82.49520258199566,39.99850150706608,7265,test,4674.578304010898,1.0,0.2,"(5, 2)",undefined
81.24520259473682,39.998679980624146,7266,test,4675.828304010898,1.0,0.2,"(5, 2)",undefined
79.99520260747799,39.99885845418221,7267,test,4677.078304010898,1.0,0.2,"(5, 2)",undefined
78.74520262021916,39.99903692774028,7268,test,4678.328304010898,1.0,0.2,"(5, 2)",undefined
77.49520263296033,39.99921540129834,7269,test,4679.578304010898,1.0,0.2,"(5, 2)",undefined
76.2452026457015,39.99939387485641,7270,test,4680.828304010898,1.0,0.2,"(5, 2)",undefined
74.99520265844266,39.999572348414475,7271,test,4682.078304010898,1.0,0.2,"(5, 2)",undefined
73.74520267118383,39.99975082197275,7272,test,4683.328304010898,1.0,0.2,"(5, 2)",undefined
72.495202683925,39.99992929553117,7273,test,4684.578304010898,1.0,0.2,"(5, 2)",undefined
71.5193913528273,40.66763899269328,7274,test,4685.760693115036,1.0,0.2,"(5, 2)",undefined
70.6301659131489,41.54614802362497,7275,test,4687.010693115036,1.0,0.2,"(5, 2)",undefined
69.7409404734705,42.42465705455686,7276,test,4688.260693115036,1.0,0.2,"(5, 2)",undefined
68.8517150337921,43.303166085489146,7277,test,4689.510693115036,1.0,0.2,"(5, 2)",undefined
67.9624895941137,44.181675116421424,7278,test,4690.760693115036,1.0,0.2,"(5, 2)",undefined
67.07326415443531,45.0601841473537,7279,test,4692.010693115036,1.0,0.2,"(5, 2)",undefined
66.18403871475691,45.93869317828598,7280,test,4693.260693115036,1.0,0.2,"(5, 2)",undefined
65.29481327507851,46.817202209218266,7281,test,4694.510693115036,1.0,0.2,"(5, 2)",undefined
64.40558783540011,47.695711240150544,7282,test,4695.760693115036,1.0,0.2,"(5, 2)",undefined
63.516362395721714,48.57422027108282,7283,test,4697.010693115036,1.0,0.2,"(5, 2)",undefined
62.627136956043316,49.4527293020151,7284,test,4698.260693115036,1.0,0.2,"(5, 2)",undefined
61.73791151636492,50.331238332947386,7285,test,4699.510693115036,1.0,0.2,"(5, 2)",undefined
60.84868607668652,51.209747363879664,7286,test,4700.760693115036,1.0,0.2,"(5, 2)",undefined
59.95946063700812,52.08825639481194,7287,test,4702.010693115036,1.0,0.2,"(5, 2)",undefined
59.07023519732972,52.96676542574422,7288,test,4703.260693115036,1.0,0.2,"(5, 2)",undefined
58.181009757651324,53.8452744566765,7289,test,4704.510693115036,1.0,0.2,"(5, 2)",undefined
57.291784317972926,54.723783487608785,7290,test,4705.760693115036,1.0,0.2,"(5, 2)",undefined
56.40255887829453,55.60229251854106,7291,test,4707.010693115036,1.0,0.2,"(5, 2)",undefined
56.0,56.0,7292,test,4707.576577282779,1.0,0.2,"(5, 2)",undefined
56.0,56.0,7293,test,4707.576577282779,1.0,0.2,"(5, 2)",undefined
56.0,56.0,7294,test,4707.576577282779,1.0,0.2,"(5, 2)",undefined
56.0,56.0,7295,test,4707.576577282779,1.0,0.2,"(5, 2)",undefined
56.0,56.0,7296,test,4707.576577282779,1.0,0.2,"(5, 2)",undefined
56.0,56.0,7297,test,4707.576577282779,1.0,0.2,"(5, 2)",undefined
56.0,56.0,7298,test,4707.576577282779,1.0,0.2,"(5, 2)",undefined
56.0,56.0,7299,test,4707.576577282779,1.0,0.2,"(5, 2)",undefined
56.0,56.0,7300,test,4707.576577282779,1.0,0.2,"(5, 2)",undefined
56.0,56.0,7301,test,4707.576577282779,1.0,0.2,"(5, 2)",undefined
56.0,56.0,7302,test,4707.576577282779,1.0,0.2,"(5, 2)",undefined
56.0,56.0,7303,test,4707.576577282779,1.0,0.2,"(5, 2)",undefined
56.0,56.0,7304,test,4707.576577282779,1.0,0.2,"(5, 2)",undefined
56.0,56.0,7305,test,4707.576577282779,1.0,0.2,"(5, 2)",undefined
56.0,56.0,7306,test,4707.576577282779,1.0,0.2,"(5, 2)",undefined
56.0,56.0,7307,test,4707.576577282779,1.0,0.2,"(5, 2)",undefined
56.0,56.0,7308,test,4707.576577282779,1.0,0.2,"(5, 2)",undefined
56.0,56.0,7309,test,4707.576577282779,1.0,0.2,"(5, 2)",undefined
56.88388347648305,55.11611652351695,7310,test,4708.826577282779,1.0,0.2,"(5, 2)",undefined
57.7677669529661,54.2322330470339,7311,test,4710.076577282779,1.0,0.2,"(5, 2)",undefined
58.65165042944915,53.34834957055085,7312,test,4711.326577282779,1.0,0.2,"(5, 2)",undefined
59.5355339059322,52.4644660940678,7313,test,4712.576577282779,1.0,0.2,"(5, 2)",undefined
60.41941738241525,51.58058261758475,7314,test,4713.826577282779,1.0,0.2,"(5, 2)",undefined
61.3033008588983,50.6966991411017,7315,test,4715.076577282779,1.0,0.2,"(5, 2)",undefined
62.187184335381346,49.812815664618654,7316,test,4716.326577282779,1.0,0.2,"(5, 2)",undefined
63.071067811864395,48.928932188135605,7317,test,4717.576577282779,1.0,0.2,"(5, 2)",undefined
63.954951288347445,48.045048711652555,7318,test,4718.826577282779,1.0,0.2,"(5, 2)",undefined
64.8388347648305,47.161165235169506,7319,test,4720.076577282779,1.0,0.2,"(5, 2)",undefined
65.72271824131354,46.277281758686456,7320,test,4721.326577282779,1.0,0.2,"(5, 2)",undefined
