x,y,tick,distance_walked,walking_speed,cutting_speed,start_pos,prolific_id
40.0,40.0,1,0.0,0.5,1.0,"(2, 2)",6050ea8a95817a2bfddc9d09
40.0,40.0,2,0.0,0.5,1.0,"(2, 2)",6050ea8a95817a2bfddc9d09
40.0,40.0,3,0.0,0.5,1.0,"(2, 2)",6050ea8a95817a2bfddc9d09
40.0,40.0,4,0.0,0.5,1.0,"(2, 2)",6050ea8a95817a2bfddc9d09
40.0,40.0,5,0.0,0.5,1.0,"(2, 2)",6050ea8a95817a2bfddc9d09
40.0,40.0,6,0.0,0.5,1.0,"(2, 2)",6050ea8a95817a2bfddc9d09
40.0,40.0,7,0.0,0.5,1.0,"(2, 2)",6050ea8a95817a2bfddc9d09
40.0,40.0,8,0.0,0.5,1.0,"(2, 2)",6050ea8a95817a2bfddc9d09
40.0,40.0,9,0.0,0.5,1.0,"(2, 2)",6050ea8a95817a2bfddc9d09
40.0,40.0,10,0.0,0.5,1.0,"(2, 2)",6050ea8a95817a2bfddc9d09
40.0,40.0,11,0.0,0.5,1.0,"(2, 2)",6050ea8a95817a2bfddc9d09
40.0,40.0,12,0.0,0.5,1.0,"(2, 2)",6050ea8a95817a2bfddc9d09
40.0,40.0,13,0.0,0.5,1.0,"(2, 2)",6050ea8a95817a2bfddc9d09
40.0,40.0,14,0.0,0.5,1.0,"(2, 2)",6050ea8a95817a2bfddc9d09
40.0,40.0,15,0.0,0.5,1.0,"(2, 2)",6050ea8a95817a2bfddc9d09
40.0,40.0,16,0.0,0.5,1.0,"(2, 2)",6050ea8a95817a2bfddc9d09
40.0,40.0,17,0.0,0.5,1.0,"(2, 2)",6050ea8a95817a2bfddc9d09
40.0,40.0,18,0.0,0.5,1.0,"(2, 2)",6050ea8a95817a2bfddc9d09
40.0,40.0,19,0.0,0.5,1.0,"(2, 2)",6050ea8a95817a2bfddc9d09
40.0,40.0,20,0.0,0.5,1.0,"(2, 2)",6050ea8a95817a2bfddc9d09
40.0,40.0,21,0.0,0.5,1.0,"(2, 2)",6050ea8a95817a2bfddc9d09
40.0,40.0,22,0.0,0.5,1.0,"(2, 2)",6050ea8a95817a2bfddc9d09
40.0,40.0,23,0.0,0.5,1.0,"(2, 2)",6050ea8a95817a2bfddc9d09
40.0,40.0,24,0.0,0.5,1.0,"(2, 2)",6050ea8a95817a2bfddc9d09
40.0,40.0,25,0.0,0.5,1.0,"(2, 2)",6050ea8a95817a2bfddc9d09
40.0,40.0,26,0.0,0.5,1.0,"(2, 2)",6050ea8a95817a2bfddc9d09
40.0,40.0,27,0.0,0.5,1.0,"(2, 2)",6050ea8a95817a2bfddc9d09
40.0,40.0,28,0.0,0.5,1.0,"(2, 2)",6050ea8a95817a2bfddc9d09
40.0,40.0,29,0.0,0.5,1.0,"(2, 2)",6050ea8a95817a2bfddc9d09
40.0,40.0,30,0.0,0.5,1.0,"(2, 2)",6050ea8a95817a2bfddc9d09
40.0,40.0,31,0.0,0.5,1.0,"(2, 2)",6050ea8a95817a2bfddc9d09
40.0,40.0,32,0.0,0.5,1.0,"(2, 2)",6050ea8a95817a2bfddc9d09
40.0,40.0,33,0.0,0.5,1.0,"(2, 2)",6050ea8a95817a2bfddc9d09
40.0,40.0,34,0.0,0.5,1.0,"(2, 2)",6050ea8a95817a2bfddc9d09
40.0,40.0,35,0.0,0.5,1.0,"(2, 2)",6050ea8a95817a2bfddc9d09
40.0,40.0,36,0.0,0.5,1.0,"(2, 2)",6050ea8a95817a2bfddc9d09
40.0,40.0,37,0.0,0.5,1.0,"(2, 2)",6050ea8a95817a2bfddc9d09
40.0,40.0,38,0.0,0.5,1.0,"(2, 2)",6050ea8a95817a2bfddc9d09
40.0,40.0,39,0.0,0.5,1.0,"(2, 2)",6050ea8a95817a2bfddc9d09
40.0,40.0,40,0.0,0.5,1.0,"(2, 2)",6050ea8a95817a2bfddc9d09
40.0,40.0,41,0.0,0.5,1.0,"(2, 2)",6050ea8a95817a2bfddc9d09
40.0,40.0,42,0.0,0.5,1.0,"(2, 2)",6050ea8a95817a2bfddc9d09
40.0,40.0,43,0.0,0.5,1.0,"(2, 2)",6050ea8a95817a2bfddc9d09
40.0,40.0,44,0.0,0.5,1.0,"(2, 2)",6050ea8a95817a2bfddc9d09
40.0,40.0,45,0.0,0.5,1.0,"(2, 2)",6050ea8a95817a2bfddc9d09
40.0,40.0,46,0.0,0.5,1.0,"(2, 2)",6050ea8a95817a2bfddc9d09
40.0,40.0,47,0.0,0.5,1.0,"(2, 2)",6050ea8a95817a2bfddc9d09
40.0,40.0,48,0.0,0.5,1.0,"(2, 2)",6050ea8a95817a2bfddc9d09
40.0,40.0,49,0.0,0.5,1.0,"(2, 2)",6050ea8a95817a2bfddc9d09
40.0,40.0,50,0.0,0.5,1.0,"(2, 2)",6050ea8a95817a2bfddc9d09
40.0,40.0,51,0.0,0.5,1.0,"(2, 2)",6050ea8a95817a2bfddc9d09
40.0,40.0,52,0.0,0.5,1.0,"(2, 2)",6050ea8a95817a2bfddc9d09
40.0,40.0,53,0.0,0.5,1.0,"(2, 2)",6050ea8a95817a2bfddc9d09
40.0,40.0,54,0.0,0.5,1.0,"(2, 2)",6050ea8a95817a2bfddc9d09
40.0,40.0,55,0.0,0.5,1.0,"(2, 2)",6050ea8a95817a2bfddc9d09
40.0,40.0,56,0.0,0.5,1.0,"(2, 2)",6050ea8a95817a2bfddc9d09
40.0,40.0,57,0.0,0.5,1.0,"(2, 2)",6050ea8a95817a2bfddc9d09
40.0,40.0,58,0.0,0.5,1.0,"(2, 2)",6050ea8a95817a2bfddc9d09
40.0,40.0,59,0.0,0.5,1.0,"(2, 2)",6050ea8a95817a2bfddc9d09
40.0,40.0,60,0.0,0.5,1.0,"(2, 2)",6050ea8a95817a2bfddc9d09
40.0,40.0,61,0.0,0.5,1.0,"(2, 2)",6050ea8a95817a2bfddc9d09
40.0,40.0,62,0.0,0.5,1.0,"(2, 2)",6050ea8a95817a2bfddc9d09
40.0,40.0,63,0.0,0.5,1.0,"(2, 2)",6050ea8a95817a2bfddc9d09
40.0,40.0,64,0.0,0.5,1.0,"(2, 2)",6050ea8a95817a2bfddc9d09
40.0,40.0,65,0.0,0.5,1.0,"(2, 2)",6050ea8a95817a2bfddc9d09
40.0,40.0,66,0.0,0.5,1.0,"(2, 2)",6050ea8a95817a2bfddc9d09
40.0,40.0,67,0.0,0.5,1.0,"(2, 2)",6050ea8a95817a2bfddc9d09
40.0,40.0,68,0.0,0.5,1.0,"(2, 2)",6050ea8a95817a2bfddc9d09
40.0,40.0,69,0.0,0.5,1.0,"(2, 2)",6050ea8a95817a2bfddc9d09
40.0,40.0,70,0.0,0.5,1.0,"(2, 2)",6050ea8a95817a2bfddc9d09
40.0,40.0,71,0.0,0.5,1.0,"(2, 2)",6050ea8a95817a2bfddc9d09
40.0,40.0,72,0.0,0.5,1.0,"(2, 2)",6050ea8a95817a2bfddc9d09
40.0,40.0,73,0.0,0.5,1.0,"(2, 2)",6050ea8a95817a2bfddc9d09
40.0,40.0,74,0.0,0.5,1.0,"(2, 2)",6050ea8a95817a2bfddc9d09
40.0,40.0,75,0.0,0.5,1.0,"(2, 2)",6050ea8a95817a2bfddc9d09
40.0,40.0,76,0.0,0.5,1.0,"(2, 2)",6050ea8a95817a2bfddc9d09
40.0,40.0,77,0.0,0.5,1.0,"(2, 2)",6050ea8a95817a2bfddc9d09
40.0,40.0,78,0.0,0.5,1.0,"(2, 2)",6050ea8a95817a2bfddc9d09
40.0,40.0,79,0.0,0.5,1.0,"(2, 2)",6050ea8a95817a2bfddc9d09
40.0,40.0,80,0.0,0.5,1.0,"(2, 2)",6050ea8a95817a2bfddc9d09
40.0,40.0,81,0.0,0.5,1.0,"(2, 2)",6050ea8a95817a2bfddc9d09
40.0,40.0,82,0.0,0.5,1.0,"(2, 2)",6050ea8a95817a2bfddc9d09
40.0,40.0,83,0.0,0.5,1.0,"(2, 2)",6050ea8a95817a2bfddc9d09
40.0,40.0,84,0.0,0.5,1.0,"(2, 2)",6050ea8a95817a2bfddc9d09
40.0,40.0,85,0.0,0.5,1.0,"(2, 2)",6050ea8a95817a2bfddc9d09
40.0,40.0,86,0.0,0.5,1.0,"(2, 2)",6050ea8a95817a2bfddc9d09
40.0,40.0,87,0.0,0.5,1.0,"(2, 2)",6050ea8a95817a2bfddc9d09
40.0,40.0,88,0.0,0.5,1.0,"(2, 2)",6050ea8a95817a2bfddc9d09
40.0,40.0,89,0.0,0.5,1.0,"(2, 2)",6050ea8a95817a2bfddc9d09
40.0,40.0,90,0.0,0.5,1.0,"(2, 2)",6050ea8a95817a2bfddc9d09
40.0,40.0,91,0.0,0.5,1.0,"(2, 2)",6050ea8a95817a2bfddc9d09
40.0,40.0,92,0.0,0.5,1.0,"(2, 2)",6050ea8a95817a2bfddc9d09
40.0,40.0,93,0.0,0.5,1.0,"(2, 2)",6050ea8a95817a2bfddc9d09
40.0,40.0,94,0.0,0.5,1.0,"(2, 2)",6050ea8a95817a2bfddc9d09
40.0,40.0,95,0.0,0.5,1.0,"(2, 2)",6050ea8a95817a2bfddc9d09
40.0,40.0,96,0.0,0.5,1.0,"(2, 2)",6050ea8a95817a2bfddc9d09
40.0,40.0,97,0.0,0.5,1.0,"(2, 2)",6050ea8a95817a2bfddc9d09
40.0,40.0,98,0.0,0.5,1.0,"(2, 2)",6050ea8a95817a2bfddc9d09
40.0,40.0,99,0.0,0.5,1.0,"(2, 2)",6050ea8a95817a2bfddc9d09
40.0,40.0,100,0.0,0.5,1.0,"(2, 2)",6050ea8a95817a2bfddc9d09
40.0,40.0,101,0.0,0.5,1.0,"(2, 2)",6050ea8a95817a2bfddc9d09
40.0,40.0,102,0.0,0.5,1.0,"(2, 2)",6050ea8a95817a2bfddc9d09
40.0,40.0,103,0.0,0.5,1.0,"(2, 2)",6050ea8a95817a2bfddc9d09
40.0,40.0,104,0.0,0.5,1.0,"(2, 2)",6050ea8a95817a2bfddc9d09
40.0,40.0,105,0.0,0.5,1.0,"(2, 2)",6050ea8a95817a2bfddc9d09
40.0,40.0,106,0.0,0.5,1.0,"(2, 2)",6050ea8a95817a2bfddc9d09
40.0,40.0,107,0.0,0.5,1.0,"(2, 2)",6050ea8a95817a2bfddc9d09
40.0,40.0,108,0.0,0.5,1.0,"(2, 2)",6050ea8a95817a2bfddc9d09
40.0,40.0,109,0.0,0.5,1.0,"(2, 2)",6050ea8a95817a2bfddc9d09
40.0,40.0,110,0.0,0.5,1.0,"(2, 2)",6050ea8a95817a2bfddc9d09
40.0,40.0,111,0.0,0.5,1.0,"(2, 2)",6050ea8a95817a2bfddc9d09
40.0,40.0,112,0.0,0.5,1.0,"(2, 2)",6050ea8a95817a2bfddc9d09
40.0,40.0,113,0.0,0.5,1.0,"(2, 2)",6050ea8a95817a2bfddc9d09
40.0,40.0,114,0.0,0.5,1.0,"(2, 2)",6050ea8a95817a2bfddc9d09
40.0,40.0,115,0.0,0.5,1.0,"(2, 2)",6050ea8a95817a2bfddc9d09
40.0,40.0,116,0.0,0.5,1.0,"(2, 2)",6050ea8a95817a2bfddc9d09
40.0,40.0,117,0.0,0.5,1.0,"(2, 2)",6050ea8a95817a2bfddc9d09
40.0,40.0,118,0.0,0.5,1.0,"(2, 2)",6050ea8a95817a2bfddc9d09
40.0,40.0,119,0.0,0.5,1.0,"(2, 2)",6050ea8a95817a2bfddc9d09
40.0,40.0,120,0.0,0.5,1.0,"(2, 2)",6050ea8a95817a2bfddc9d09
40.0,40.0,121,0.0,0.5,1.0,"(2, 2)",6050ea8a95817a2bfddc9d09
40.0,40.0,122,0.0,0.5,1.0,"(2, 2)",6050ea8a95817a2bfddc9d09
40.0,40.0,123,0.0,0.5,1.0,"(2, 2)",6050ea8a95817a2bfddc9d09
40.0,40.0,124,0.0,0.5,1.0,"(2, 2)",6050ea8a95817a2bfddc9d09
40.0,40.0,125,0.0,0.5,1.0,"(2, 2)",6050ea8a95817a2bfddc9d09
40.0,40.0,126,0.0,0.5,1.0,"(2, 2)",6050ea8a95817a2bfddc9d09
40.0,40.0,127,0.0,0.5,1.0,"(2, 2)",6050ea8a95817a2bfddc9d09
40.0,40.0,128,0.0,0.5,1.0,"(2, 2)",6050ea8a95817a2bfddc9d09
40.0,40.0,129,0.0,0.5,1.0,"(2, 2)",6050ea8a95817a2bfddc9d09
40.0,40.0,130,0.0,0.5,1.0,"(2, 2)",6050ea8a95817a2bfddc9d09
40.0,40.0,131,0.0,0.5,1.0,"(2, 2)",6050ea8a95817a2bfddc9d09
40.0,40.0,132,0.0,0.5,1.0,"(2, 2)",6050ea8a95817a2bfddc9d09
40.0,40.0,133,0.0,0.5,1.0,"(2, 2)",6050ea8a95817a2bfddc9d09
40.0,40.0,134,0.0,0.5,1.0,"(2, 2)",6050ea8a95817a2bfddc9d09
40.0,40.0,135,0.0,0.5,1.0,"(2, 2)",6050ea8a95817a2bfddc9d09
40.0,40.0,136,0.0,0.5,1.0,"(2, 2)",6050ea8a95817a2bfddc9d09
40.0,40.0,137,0.0,0.5,1.0,"(2, 2)",6050ea8a95817a2bfddc9d09
40.0,40.0,138,0.0,0.5,1.0,"(2, 2)",6050ea8a95817a2bfddc9d09
40.0,40.0,139,0.0,0.5,1.0,"(2, 2)",6050ea8a95817a2bfddc9d09
40.0,40.0,140,0.0,0.5,1.0,"(2, 2)",6050ea8a95817a2bfddc9d09
40.0,40.0,141,0.0,0.5,1.0,"(2, 2)",6050ea8a95817a2bfddc9d09
40.0,40.0,142,0.0,0.5,1.0,"(2, 2)",6050ea8a95817a2bfddc9d09
40.0,40.0,143,0.0,0.5,1.0,"(2, 2)",6050ea8a95817a2bfddc9d09
40.0,40.0,144,0.0,0.5,1.0,"(2, 2)",6050ea8a95817a2bfddc9d09
40.0,40.0,145,0.0,0.5,1.0,"(2, 2)",6050ea8a95817a2bfddc9d09
40.0,40.0,146,0.0,0.5,1.0,"(2, 2)",6050ea8a95817a2bfddc9d09
40.0,40.0,147,0.0,0.5,1.0,"(2, 2)",6050ea8a95817a2bfddc9d09
40.0,40.0,148,0.0,0.5,1.0,"(2, 2)",6050ea8a95817a2bfddc9d09
40.0,40.0,149,0.0,0.5,1.0,"(2, 2)",6050ea8a95817a2bfddc9d09
40.0,40.0,150,0.0,0.5,1.0,"(2, 2)",6050ea8a95817a2bfddc9d09
40.0,40.0,151,0.0,0.5,1.0,"(2, 2)",6050ea8a95817a2bfddc9d09
40.0,40.0,152,0.0,0.5,1.0,"(2, 2)",6050ea8a95817a2bfddc9d09
40.0,40.0,153,0.0,0.5,1.0,"(2, 2)",6050ea8a95817a2bfddc9d09
40.0,40.0,154,0.0,0.5,1.0,"(2, 2)",6050ea8a95817a2bfddc9d09
40.0,40.0,155,0.0,0.5,1.0,"(2, 2)",6050ea8a95817a2bfddc9d09
40.0,40.0,156,0.0,0.5,1.0,"(2, 2)",6050ea8a95817a2bfddc9d09
40.0,40.0,157,0.0,0.5,1.0,"(2, 2)",6050ea8a95817a2bfddc9d09
40.0,40.0,158,0.0,0.5,1.0,"(2, 2)",6050ea8a95817a2bfddc9d09
40.0,40.0,159,0.0,0.5,1.0,"(2, 2)",6050ea8a95817a2bfddc9d09
40.0,40.0,160,0.0,0.5,1.0,"(2, 2)",6050ea8a95817a2bfddc9d09
40.0,40.0,161,0.0,0.5,1.0,"(2, 2)",6050ea8a95817a2bfddc9d09
40.0,40.0,162,0.0,0.5,1.0,"(2, 2)",6050ea8a95817a2bfddc9d09
40.0,40.0,163,0.0,0.5,1.0,"(2, 2)",6050ea8a95817a2bfddc9d09
40.0,40.0,164,0.0,0.5,1.0,"(2, 2)",6050ea8a95817a2bfddc9d09
40.0,40.0,165,0.0,0.5,1.0,"(2, 2)",6050ea8a95817a2bfddc9d09
40.0,40.0,166,0.0,0.5,1.0,"(2, 2)",6050ea8a95817a2bfddc9d09
40.0,40.0,167,0.0,0.5,1.0,"(2, 2)",6050ea8a95817a2bfddc9d09
40.0,40.0,168,0.0,0.5,1.0,"(2, 2)",6050ea8a95817a2bfddc9d09
40.0,40.0,169,0.0,0.5,1.0,"(2, 2)",6050ea8a95817a2bfddc9d09
40.0,40.0,170,0.0,0.5,1.0,"(2, 2)",6050ea8a95817a2bfddc9d09
40.0,40.0,171,0.0,0.5,1.0,"(2, 2)",6050ea8a95817a2bfddc9d09
40.0,40.0,172,0.0,0.5,1.0,"(2, 2)",6050ea8a95817a2bfddc9d09
40.0,40.0,173,0.0,0.5,1.0,"(2, 2)",6050ea8a95817a2bfddc9d09
40.0,40.0,174,0.0,0.5,1.0,"(2, 2)",6050ea8a95817a2bfddc9d09
40.0,40.0,175,0.0,0.5,1.0,"(2, 2)",6050ea8a95817a2bfddc9d09
40.0,40.0,176,0.0,0.5,1.0,"(2, 2)",6050ea8a95817a2bfddc9d09
40.0,40.0,177,0.0,0.5,1.0,"(2, 2)",6050ea8a95817a2bfddc9d09
40.0,40.0,178,0.0,0.5,1.0,"(2, 2)",6050ea8a95817a2bfddc9d09
40.0,40.0,179,0.0,0.5,1.0,"(2, 2)",6050ea8a95817a2bfddc9d09
40.0,40.0,180,0.0,0.5,1.0,"(2, 2)",6050ea8a95817a2bfddc9d09
40.0,40.62500000000014,181,0.6250000000001421,0.5,1.0,"(2, 2)",6050ea8a95817a2bfddc9d09
40.0,41.250000000000284,182,1.2500000000002842,0.5,1.0,"(2, 2)",6050ea8a95817a2bfddc9d09
40.0,41.875000000000426,183,1.8750000000004263,0.5,1.0,"(2, 2)",6050ea8a95817a2bfddc9d09
40.0,42.50000000000057,184,2.5000000000005684,0.5,1.0,"(2, 2)",6050ea8a95817a2bfddc9d09
40.0,43.12500000000071,185,3.1250000000007105,0.5,1.0,"(2, 2)",6050ea8a95817a2bfddc9d09
40.0,43.75000000000085,186,3.7500000000008527,0.5,1.0,"(2, 2)",6050ea8a95817a2bfddc9d09
40.0,44.375000000000995,187,4.375000000000995,0.5,1.0,"(2, 2)",6050ea8a95817a2bfddc9d09
40.0,45.00000000000114,188,5.000000000001137,0.5,1.0,"(2, 2)",6050ea8a95817a2bfddc9d09
40.0,45.62500000000128,189,5.625000000001279,0.5,1.0,"(2, 2)",6050ea8a95817a2bfddc9d09
40.0,46.25000000000142,190,6.250000000001421,0.5,1.0,"(2, 2)",6050ea8a95817a2bfddc9d09
40.0,46.87500000000156,191,6.875000000001563,0.5,1.0,"(2, 2)",6050ea8a95817a2bfddc9d09
40.0,47.500000000001705,192,7.500000000001705,0.5,1.0,"(2, 2)",6050ea8a95817a2bfddc9d09
40.0,48.12500000000185,193,8.125000000001847,0.5,1.0,"(2, 2)",6050ea8a95817a2bfddc9d09
40.0,48.75000000000199,194,8.75000000000199,0.5,1.0,"(2, 2)",6050ea8a95817a2bfddc9d09
40.0,49.37500000000213,195,9.375000000002132,0.5,1.0,"(2, 2)",6050ea8a95817a2bfddc9d09
40.0,50.000000000002274,196,10.000000000002274,0.5,1.0,"(2, 2)",6050ea8a95817a2bfddc9d09
40.0,50.625000000002416,197,10.625000000002416,0.5,1.0,"(2, 2)",6050ea8a95817a2bfddc9d09
40.0,51.25000000000256,198,11.250000000002558,0.5,1.0,"(2, 2)",6050ea8a95817a2bfddc9d09
40.0,51.8750000000027,199,11.8750000000027,0.5,1.0,"(2, 2)",6050ea8a95817a2bfddc9d09
40.0,52.50000000000284,200,12.500000000002842,0.5,1.0,"(2, 2)",6050ea8a95817a2bfddc9d09
40.0,53.125000000002984,201,13.125000000002984,0.5,1.0,"(2, 2)",6050ea8a95817a2bfddc9d09
40.0,53.750000000003126,202,13.750000000003126,0.5,1.0,"(2, 2)",6050ea8a95817a2bfddc9d09
40.0,54.37500000000327,203,14.375000000003268,0.5,1.0,"(2, 2)",6050ea8a95817a2bfddc9d09
40.0,55.00000000000341,204,15.00000000000341,0.5,1.0,"(2, 2)",6050ea8a95817a2bfddc9d09
40.0,55.62500000000355,205,15.625000000003553,0.5,1.0,"(2, 2)",6050ea8a95817a2bfddc9d09
40.0,56.250000000003695,206,16.250000000003695,0.5,1.0,"(2, 2)",6050ea8a95817a2bfddc9d09
40.0,56.87500000000384,207,16.875000000003837,0.5,1.0,"(2, 2)",6050ea8a95817a2bfddc9d09
40.0,57.50000000000398,208,17.50000000000398,0.5,1.0,"(2, 2)",6050ea8a95817a2bfddc9d09
40.0,58.12500000000412,209,18.12500000000412,0.5,1.0,"(2, 2)",6050ea8a95817a2bfddc9d09
40.0,58.75000000000426,210,18.750000000004263,0.5,1.0,"(2, 2)",6050ea8a95817a2bfddc9d09
40.0,59.375000000004405,211,19.375000000004405,0.5,1.0,"(2, 2)",6050ea8a95817a2bfddc9d09
40.0,60.00000000000455,212,20.000000000004547,0.5,1.0,"(2, 2)",6050ea8a95817a2bfddc9d09
40.0,60.62500000000469,213,20.62500000000469,0.5,1.0,"(2, 2)",6050ea8a95817a2bfddc9d09
40.0,61.25000000000483,214,21.25000000000483,0.5,1.0,"(2, 2)",6050ea8a95817a2bfddc9d09
40.0,61.875000000004974,215,21.875000000004974,0.5,1.0,"(2, 2)",6050ea8a95817a2bfddc9d09
40.0,62.500000000005116,216,22.500000000005116,0.5,1.0,"(2, 2)",6050ea8a95817a2bfddc9d09
40.0,63.12500000000526,217,23.125000000005258,0.5,1.0,"(2, 2)",6050ea8a95817a2bfddc9d09
40.0,63.7500000000054,218,23.7500000000054,0.5,1.0,"(2, 2)",6050ea8a95817a2bfddc9d09
40.0,64.37500000000512,219,24.375000000005116,0.5,1.0,"(2, 2)",6050ea8a95817a2bfddc9d09
40.0,65.00000000000455,220,25.000000000004547,0.5,1.0,"(2, 2)",6050ea8a95817a2bfddc9d09
40.0,65.62500000000398,221,25.62500000000398,0.5,1.0,"(2, 2)",6050ea8a95817a2bfddc9d09
40.0,66.25000000000341,222,26.25000000000341,0.5,1.0,"(2, 2)",6050ea8a95817a2bfddc9d09
40.0,66.87500000000284,223,26.875000000002842,0.5,1.0,"(2, 2)",6050ea8a95817a2bfddc9d09
40.0,67.50000000000227,224,27.500000000002274,0.5,1.0,"(2, 2)",6050ea8a95817a2bfddc9d09
40.0,68.1250000000017,225,28.125000000001705,0.5,1.0,"(2, 2)",6050ea8a95817a2bfddc9d09
40.0,68.75000000000114,226,28.750000000001137,0.5,1.0,"(2, 2)",6050ea8a95817a2bfddc9d09
40.0,69.37500000000057,227,29.37500000000057,0.5,1.0,"(2, 2)",6050ea8a95817a2bfddc9d09
40.0,70.0,228,30.0,0.5,1.0,"(2, 2)",6050ea8a95817a2bfddc9d09
40.0,70.62499999999943,229,30.62499999999943,0.5,1.0,"(2, 2)",6050ea8a95817a2bfddc9d09
40.0,71.24999999999886,230,31.249999999998863,0.5,1.0,"(2, 2)",6050ea8a95817a2bfddc9d09
40.0,71.8749999999983,231,31.874999999998295,0.5,1.0,"(2, 2)",6050ea8a95817a2bfddc9d09
40.0,72.49999999999773,232,32.499999999997726,0.5,1.0,"(2, 2)",6050ea8a95817a2bfddc9d09
40.0,73.12499999999716,233,33.12499999999716,0.5,1.0,"(2, 2)",6050ea8a95817a2bfddc9d09
40.0,73.74999999999659,234,33.74999999999659,0.5,1.0,"(2, 2)",6050ea8a95817a2bfddc9d09
40.0,74.37499999999602,235,34.37499999999602,0.5,1.0,"(2, 2)",6050ea8a95817a2bfddc9d09
40.0,74.99999999999545,236,34.99999999999545,0.5,1.0,"(2, 2)",6050ea8a95817a2bfddc9d09
40.0,75.62499999999488,237,35.624999999994884,0.5,1.0,"(2, 2)",6050ea8a95817a2bfddc9d09
40.0,76.24999999999432,238,36.249999999994316,0.5,1.0,"(2, 2)",6050ea8a95817a2bfddc9d09
40.0,76.87499999999375,239,36.87499999999375,0.5,1.0,"(2, 2)",6050ea8a95817a2bfddc9d09
40.0,77.49999999999318,240,37.49999999999318,0.5,1.0,"(2, 2)",6050ea8a95817a2bfddc9d09
40.0,78.12499999999261,241,38.12499999999261,0.5,1.0,"(2, 2)",6050ea8a95817a2bfddc9d09
40.0,78.74999999999204,242,38.74999999999204,0.5,1.0,"(2, 2)",6050ea8a95817a2bfddc9d09
40.0,79.37499999999147,243,39.37499999999147,0.5,1.0,"(2, 2)",6050ea8a95817a2bfddc9d09
40.0,79.9999999999909,244,39.999999999990905,0.5,1.0,"(2, 2)",6050ea8a95817a2bfddc9d09
40.0,80.62499999999034,245,40.62499999999034,0.5,1.0,"(2, 2)",6050ea8a95817a2bfddc9d09
40.0,81.24999999998977,246,41.24999999998977,0.5,1.0,"(2, 2)",6050ea8a95817a2bfddc9d09
40.0,81.8749999999892,247,41.8749999999892,0.5,1.0,"(2, 2)",6050ea8a95817a2bfddc9d09
40.0,82.49999999998863,248,42.49999999998863,0.5,1.0,"(2, 2)",6050ea8a95817a2bfddc9d09
40.0,83.12499999998806,249,43.12499999998806,0.5,1.0,"(2, 2)",6050ea8a95817a2bfddc9d09
40.0,83.7499999999875,250,43.749999999987494,0.5,1.0,"(2, 2)",6050ea8a95817a2bfddc9d09
40.0,84.37499999998693,251,44.374999999986926,0.5,1.0,"(2, 2)",6050ea8a95817a2bfddc9d09
40.0,84.99999999998636,252,44.99999999998636,0.5,1.0,"(2, 2)",6050ea8a95817a2bfddc9d09
40.0,85.62499999998579,253,45.62499999998579,0.5,1.0,"(2, 2)",6050ea8a95817a2bfddc9d09
40.0,86.24999999998522,254,46.24999999998522,0.5,1.0,"(2, 2)",6050ea8a95817a2bfddc9d09
40.0,86.87499999998465,255,46.87499999998465,0.5,1.0,"(2, 2)",6050ea8a95817a2bfddc9d09
40.0,87.49999999998408,256,47.499999999984084,0.5,1.0,"(2, 2)",6050ea8a95817a2bfddc9d09
40.22402977459684,88.0329926351327,257,48.078161300166464,0.5,1.0,"(2, 2)",6050ea8a95817a2bfddc9d09
40.66330384243379,88.47758603738544,258,48.70316130016701,0.5,1.0,"(2, 2)",6050ea8a95817a2bfddc9d09
41.10257791027074,88.92217943963817,259,49.32816130016756,0.5,1.0,"(2, 2)",6050ea8a95817a2bfddc9d09
41.54185197810769,89.3667728418909,260,49.953161300168105,0.5,1.0,"(2, 2)",6050ea8a95817a2bfddc9d09
41.981126045944634,89.81136624414364,261,50.57816130016865,0.5,1.0,"(2, 2)",6050ea8a95817a2bfddc9d09
42.42040011378158,90.25595964639638,262,51.2031613001692,0.5,1.0,"(2, 2)",6050ea8a95817a2bfddc9d09
42.85967418161853,90.70055304864911,263,51.82816130016975,0.5,1.0,"(2, 2)",6050ea8a95817a2bfddc9d09
43.29894824945548,91.14514645090185,264,52.453161300170294,0.5,1.0,"(2, 2)",6050ea8a95817a2bfddc9d09
43.738222317292426,91.58973985315458,265,53.07816130017084,0.5,1.0,"(2, 2)",6050ea8a95817a2bfddc9d09
44.17749638512937,92.03433325540732,266,53.70316130017139,0.5,1.0,"(2, 2)",6050ea8a95817a2bfddc9d09
44.61677045296632,92.47892665766005,267,54.328161300171935,0.5,1.0,"(2, 2)",6050ea8a95817a2bfddc9d09
45.05604452080327,92.92352005991279,268,54.95316130017248,0.5,1.0,"(2, 2)",6050ea8a95817a2bfddc9d09
45.49531858864022,93.36811346216552,269,55.57816130017303,0.5,1.0,"(2, 2)",6050ea8a95817a2bfddc9d09
45.934592656477164,93.81270686441826,270,56.203161300173576,0.5,1.0,"(2, 2)",6050ea8a95817a2bfddc9d09
46.37386672431411,94.257300266671,271,56.82816130017412,0.5,1.0,"(2, 2)",6050ea8a95817a2bfddc9d09
46.81314079215106,94.70189366892373,272,57.45316130017467,0.5,1.0,"(2, 2)",6050ea8a95817a2bfddc9d09
47.25241485998801,95.14648707117647,273,58.07816130017522,0.5,1.0,"(2, 2)",6050ea8a95817a2bfddc9d09
47.691688927824956,95.5910804734292,274,58.703161300175765,0.5,1.0,"(2, 2)",6050ea8a95817a2bfddc9d09
48.1309629956619,96.03567387568194,275,59.32816130017631,0.5,1.0,"(2, 2)",6050ea8a95817a2bfddc9d09
48.57023706349885,96.48026727793467,276,59.95316130017686,0.5,1.0,"(2, 2)",6050ea8a95817a2bfddc9d09
49.0095111313358,96.92486068018741,277,60.578161300177406,0.5,1.0,"(2, 2)",6050ea8a95817a2bfddc9d09
49.44878519917275,97.36945408244014,278,61.20316130017795,0.5,1.0,"(2, 2)",6050ea8a95817a2bfddc9d09
49.888059267009695,97.81404748469288,279,61.8281613001785,0.5,1.0,"(2, 2)",6050ea8a95817a2bfddc9d09
50.32733333484664,98.25864088694561,280,62.45316130017905,0.5,1.0,"(2, 2)",6050ea8a95817a2bfddc9d09
50.76660740268359,98.70323428919835,281,63.078161300179595,0.5,1.0,"(2, 2)",6050ea8a95817a2bfddc9d09
51.20588147052054,99.14782769145108,282,63.70316130018014,0.5,1.0,"(2, 2)",6050ea8a95817a2bfddc9d09
51.645155538357486,99.59242109370382,283,64.32816130018068,0.5,1.0,"(2, 2)",6050ea8a95817a2bfddc9d09
52.08442960619443,100.03701449595656,284,64.95316130018122,0.5,1.0,"(2, 2)",6050ea8a95817a2bfddc9d09
52.52370367403138,100.48160789820929,285,65.57816130018176,0.5,1.0,"(2, 2)",6050ea8a95817a2bfddc9d09
52.96297774186833,100.9262013004618,286,66.20316130018215,0.5,1.0,"(2, 2)",6050ea8a95817a2bfddc9d09
53.40225180970528,101.3707947027139,287,66.82816130018223,0.5,1.0,"(2, 2)",6050ea8a95817a2bfddc9d09
53.841525877542225,101.81538810496598,288,67.45316130018232,0.5,1.0,"(2, 2)",6050ea8a95817a2bfddc9d09
54.28079994537917,102.25998150721806,289,68.0781613001824,0.5,1.0,"(2, 2)",6050ea8a95817a2bfddc9d09
54.72007401321612,102.70457490947014,290,68.70316130018249,0.5,1.0,"(2, 2)",6050ea8a95817a2bfddc9d09
55.15934808105307,103.14916831172222,291,69.32816130018257,0.5,1.0,"(2, 2)",6050ea8a95817a2bfddc9d09
55.598622148890016,103.5937617139743,292,69.95316130018266,0.5,1.0,"(2, 2)",6050ea8a95817a2bfddc9d09
56.04216324440286,103.57137983995311,293,70.39726675127893,0.5,1.0,"(2, 2)",6050ea8a95817a2bfddc9d09
56.4894883078547,103.1348878152745,294,71.02226675127912,0.5,1.0,"(2, 2)",6050ea8a95817a2bfddc9d09
56.93681337130654,102.69839579059588,295,71.6472667512793,0.5,1.0,"(2, 2)",6050ea8a95817a2bfddc9d09
57.384138434758384,102.26190376591727,296,72.27226675127949,0.5,1.0,"(2, 2)",6050ea8a95817a2bfddc9d09
57.831463498210226,101.82541174123865,297,72.89726675127967,0.5,1.0,"(2, 2)",6050ea8a95817a2bfddc9d09
58.27878856166207,101.38891971656004,298,73.52226675127986,0.5,1.0,"(2, 2)",6050ea8a95817a2bfddc9d09
58.72611362511391,100.95242769188143,299,74.14726675128004,0.5,1.0,"(2, 2)",6050ea8a95817a2bfddc9d09
59.17343868856575,100.51593566720281,300,74.77226675128023,0.5,1.0,"(2, 2)",6050ea8a95817a2bfddc9d09
59.620763752017595,100.0794436425242,301,75.39726675128041,0.5,1.0,"(2, 2)",6050ea8a95817a2bfddc9d09
60.06808881546944,99.64295161784558,302,76.0222667512806,0.5,1.0,"(2, 2)",6050ea8a95817a2bfddc9d09
60.51541387892128,99.20645959316697,303,76.64726675128078,0.5,1.0,"(2, 2)",6050ea8a95817a2bfddc9d09
60.96273894237312,98.76996756848835,304,77.27226675128097,0.5,1.0,"(2, 2)",6050ea8a95817a2bfddc9d09
61.410064005824964,98.33347554380974,305,77.89726675128115,0.5,1.0,"(2, 2)",6050ea8a95817a2bfddc9d09
61.857389069276806,97.89698351913113,306,78.52226675128134,0.5,1.0,"(2, 2)",6050ea8a95817a2bfddc9d09
62.30471413272865,97.46049149445251,307,79.14726675128152,0.5,1.0,"(2, 2)",6050ea8a95817a2bfddc9d09
62.75203919618049,97.0239994697739,308,79.7722667512817,0.5,1.0,"(2, 2)",6050ea8a95817a2bfddc9d09
63.19936425963233,96.58750744509528,309,80.39726675128189,0.5,1.0,"(2, 2)",6050ea8a95817a2bfddc9d09
63.646689323084175,96.15101542041667,310,81.02226675128207,0.5,1.0,"(2, 2)",6050ea8a95817a2bfddc9d09
64.09401438653602,95.71452339573806,311,81.64726675128226,0.5,1.0,"(2, 2)",6050ea8a95817a2bfddc9d09
64.54133944998786,95.27803137105944,312,82.27226675128244,0.5,1.0,"(2, 2)",6050ea8a95817a2bfddc9d09
64.9886645134397,94.84153934638083,313,82.89726675128263,0.5,1.0,"(2, 2)",6050ea8a95817a2bfddc9d09
65.43598957689154,94.40504732170221,314,83.52226675128281,0.5,1.0,"(2, 2)",6050ea8a95817a2bfddc9d09
65.88331464034339,93.9685552970236,315,84.147266751283,0.5,1.0,"(2, 2)",6050ea8a95817a2bfddc9d09
66.33063970379523,93.53206327234498,316,84.77226675128318,0.5,1.0,"(2, 2)",6050ea8a95817a2bfddc9d09
66.77796476724707,93.09557124766637,317,85.39726675128337,0.5,1.0,"(2, 2)",6050ea8a95817a2bfddc9d09
67.22528983069891,92.65907922298776,318,86.02226675128355,0.5,1.0,"(2, 2)",6050ea8a95817a2bfddc9d09
67.67261489415075,92.22258719830914,319,86.64726675128374,0.5,1.0,"(2, 2)",6050ea8a95817a2bfddc9d09
68.1199399576026,91.78609517363053,320,87.27226675128392,0.5,1.0,"(2, 2)",6050ea8a95817a2bfddc9d09
68.56726502105444,91.34960314895191,321,87.8972667512841,0.5,1.0,"(2, 2)",6050ea8a95817a2bfddc9d09
69.01459008450628,90.9131111242733,322,88.52226675128429,0.5,1.0,"(2, 2)",6050ea8a95817a2bfddc9d09
69.46191514795812,90.47661909959469,323,89.14726675128448,0.5,1.0,"(2, 2)",6050ea8a95817a2bfddc9d09
69.90924021140997,90.04012707491607,324,89.77226675128466,0.5,1.0,"(2, 2)",6050ea8a95817a2bfddc9d09
70.35656527486181,89.60363505023746,325,90.39726675128485,0.5,1.0,"(2, 2)",6050ea8a95817a2bfddc9d09
70.80389033831365,89.16714302555947,326,91.02226675128459,0.5,1.0,"(2, 2)",6050ea8a95817a2bfddc9d09
71.25121540176549,88.73065100088199,327,91.64726675128398,0.5,1.0,"(2, 2)",6050ea8a95817a2bfddc9d09
71.69854046521733,88.29415897620451,328,92.27226675128337,0.5,1.0,"(2, 2)",6050ea8a95817a2bfddc9d09
71.80732607617679,87.71255198849937,329,92.8639600817336,0.5,1.0,"(2, 2)",6050ea8a95817a2bfddc9d09
71.81498951301515,87.08759897287686,330,93.48896008173347,0.5,1.0,"(2, 2)",6050ea8a95817a2bfddc9d09
71.8226529498535,86.46264595725435,331,94.11396008173334,0.5,1.0,"(2, 2)",6050ea8a95817a2bfddc9d09
71.83031638669186,85.83769294163184,332,94.73896008173321,0.5,1.0,"(2, 2)",6050ea8a95817a2bfddc9d09
71.83797982353022,85.21273992600933,333,95.36396008173308,0.5,1.0,"(2, 2)",6050ea8a95817a2bfddc9d09
71.84564326036858,84.58778691038682,334,95.98896008173296,0.5,1.0,"(2, 2)",6050ea8a95817a2bfddc9d09
71.85330669720693,83.96283389476432,335,96.61396008173283,0.5,1.0,"(2, 2)",6050ea8a95817a2bfddc9d09
71.8609701340452,83.3378808791418,336,97.2389600817327,0.5,1.0,"(2, 2)",6050ea8a95817a2bfddc9d09
71.86863357088285,82.7129278635193,337,97.86396008173257,0.5,1.0,"(2, 2)",6050ea8a95817a2bfddc9d09
71.8762970077205,82.08797484789679,338,98.48896008173244,0.5,1.0,"(2, 2)",6050ea8a95817a2bfddc9d09
71.88396044455814,81.46302183227428,339,99.11396008173232,0.5,1.0,"(2, 2)",6050ea8a95817a2bfddc9d09
71.89162388139579,80.83806881665177,340,99.73896008173219,0.5,1.0,"(2, 2)",6050ea8a95817a2bfddc9d09
71.89928731823343,80.21311580102926,341,100.36396008173206,0.5,1.0,"(2, 2)",6050ea8a95817a2bfddc9d09
71.90695075507108,79.58816278540675,342,100.98896008173193,0.5,1.0,"(2, 2)",6050ea8a95817a2bfddc9d09
71.91461419190873,78.96320976978424,343,101.6139600817318,0.5,1.0,"(2, 2)",6050ea8a95817a2bfddc9d09
71.92227762874637,78.33825675416173,344,102.23896008173168,0.5,1.0,"(2, 2)",6050ea8a95817a2bfddc9d09
71.929941065584,77.71330373853922,345,102.86396008173155,0.5,1.0,"(2, 2)",6050ea8a95817a2bfddc9d09
71.93760450242165,77.08835072291672,346,103.48896008173142,0.5,1.0,"(2, 2)",6050ea8a95817a2bfddc9d09
71.93945372315055,76.46335345861624,347,104.11396008173173,0.5,1.0,"(2, 2)",6050ea8a95817a2bfddc9d09
71.94130294387945,75.83835619431576,348,104.73896008173205,0.5,1.0,"(2, 2)",6050ea8a95817a2bfddc9d09
71.94315216460835,75.21335893001529,349,105.36396008173236,0.5,1.0,"(2, 2)",6050ea8a95817a2bfddc9d09
71.94500138533725,74.58836166571481,350,105.98896008173267,0.5,1.0,"(2, 2)",6050ea8a95817a2bfddc9d09
71.94685060606615,73.96336440141434,351,106.61396008173298,0.5,1.0,"(2, 2)",6050ea8a95817a2bfddc9d09
71.94869982679505,73.33836713711386,352,107.2389600817333,0.5,1.0,"(2, 2)",6050ea8a95817a2bfddc9d09
71.95054904752395,72.71336987281339,353,107.86396008173361,0.5,1.0,"(2, 2)",6050ea8a95817a2bfddc9d09
71.95239826825285,72.08837260851291,354,108.48896008173392,0.5,1.0,"(2, 2)",6050ea8a95817a2bfddc9d09
71.95424748898175,71.46337534421244,355,109.11396008173423,0.5,1.0,"(2, 2)",6050ea8a95817a2bfddc9d09
71.95609670971065,70.83837807991196,356,109.73896008173455,0.5,1.0,"(2, 2)",6050ea8a95817a2bfddc9d09
71.95794593043955,70.21338081561149,357,110.36396008173486,0.5,1.0,"(2, 2)",6050ea8a95817a2bfddc9d09
71.95979515116845,69.58838355131101,358,110.98896008173517,0.5,1.0,"(2, 2)",6050ea8a95817a2bfddc9d09
71.96164437189735,68.96338628701054,359,111.61396008173548,0.5,1.0,"(2, 2)",6050ea8a95817a2bfddc9d09
71.96349359262625,68.33838902271006,360,112.2389600817358,0.5,1.0,"(2, 2)",6050ea8a95817a2bfddc9d09
71.96534281335515,67.71339175840959,361,112.86396008173611,0.5,1.0,"(2, 2)",6050ea8a95817a2bfddc9d09
71.96719203408405,67.08839449410911,362,113.48896008173642,0.5,1.0,"(2, 2)",6050ea8a95817a2bfddc9d09
71.96904125481295,66.46339722980863,363,114.11396008173674,0.5,1.0,"(2, 2)",6050ea8a95817a2bfddc9d09
71.97089047554185,65.83839996550816,364,114.73896008173705,0.5,1.0,"(2, 2)",6050ea8a95817a2bfddc9d09
71.97273969627075,65.21340270120768,365,115.36396008173736,0.5,1.0,"(2, 2)",6050ea8a95817a2bfddc9d09
71.97458891699965,64.58840543690721,366,115.98896008173767,0.5,1.0,"(2, 2)",6050ea8a95817a2bfddc9d09
71.97643813772855,63.963408172606734,367,116.61396008173799,0.5,1.0,"(2, 2)",6050ea8a95817a2bfddc9d09
71.97828735845745,63.33841090830626,368,117.2389600817383,0.5,1.0,"(2, 2)",6050ea8a95817a2bfddc9d09
71.98013657918635,62.71341364400578,369,117.86396008173861,0.5,1.0,"(2, 2)",6050ea8a95817a2bfddc9d09
71.98198579991525,62.08841637970531,370,118.48896008173892,0.5,1.0,"(2, 2)",6050ea8a95817a2bfddc9d09
71.98383502064397,61.46341911540483,371,119.11396008173922,0.5,1.0,"(2, 2)",6050ea8a95817a2bfddc9d09
71.98568424137216,60.83842185110436,372,119.73896008173952,0.5,1.0,"(2, 2)",6050ea8a95817a2bfddc9d09
71.98753346210034,60.21342458680388,373,120.36396008173982,0.5,1.0,"(2, 2)",6050ea8a95817a2bfddc9d09
71.98938268282853,59.58842732250341,374,120.98896008174012,0.5,1.0,"(2, 2)",6050ea8a95817a2bfddc9d09
71.99123190355672,58.96343005820293,375,121.61396008174042,0.5,1.0,"(2, 2)",6050ea8a95817a2bfddc9d09
71.99308112428491,58.338432793902456,376,122.23896008174071,0.5,1.0,"(2, 2)",6050ea8a95817a2bfddc9d09
71.9949303450131,57.71343552960198,377,122.86396008174101,0.5,1.0,"(2, 2)",6050ea8a95817a2bfddc9d09
71.99510922246706,57.08843555519985,378,123.48896008174086,0.5,1.0,"(2, 2)",6050ea8a95817a2bfddc9d09
71.99528809992036,56.46343558079772,379,124.1139600817407,0.5,1.0,"(2, 2)",6050ea8a95817a2bfddc9d09
71.99546697737365,55.83843560639559,380,124.73896008174054,0.5,1.0,"(2, 2)",6050ea8a95817a2bfddc9d09
71.99564585482695,55.21343563199346,381,125.36396008174039,0.5,1.0,"(2, 2)",6050ea8a95817a2bfddc9d09
71.99582473228024,54.58843565759133,382,125.98896008174023,0.5,1.0,"(2, 2)",6050ea8a95817a2bfddc9d09
71.99600360973353,53.9634356831892,383,126.61396008174007,0.5,1.0,"(2, 2)",6050ea8a95817a2bfddc9d09
71.99618248718683,53.338435708787074,384,127.23896008173992,0.5,1.0,"(2, 2)",6050ea8a95817a2bfddc9d09
71.99636136464012,52.713435734384944,385,127.86396008173976,0.5,1.0,"(2, 2)",6050ea8a95817a2bfddc9d09
71.99654024209342,52.088435759982815,386,128.4889600817396,0.5,1.0,"(2, 2)",6050ea8a95817a2bfddc9d09
71.99671911954671,51.463435785580685,387,129.11396008173946,0.5,1.0,"(2, 2)",6050ea8a95817a2bfddc9d09
71.996897997,50.838435811178556,388,129.73896008173932,0.5,1.0,"(2, 2)",6050ea8a95817a2bfddc9d09
71.9970768744533,50.213435836776426,389,130.36396008173918,0.5,1.0,"(2, 2)",6050ea8a95817a2bfddc9d09
71.9972557519066,49.5884358623743,390,130.98896008173904,0.5,1.0,"(2, 2)",6050ea8a95817a2bfddc9d09
71.99743462935989,48.96343588797217,391,131.6139600817389,0.5,1.0,"(2, 2)",6050ea8a95817a2bfddc9d09
71.99761350681318,48.33843591357004,392,132.23896008173875,0.5,1.0,"(2, 2)",6050ea8a95817a2bfddc9d09
71.99779238426648,47.71343593916791,393,132.8639600817386,0.5,1.0,"(2, 2)",6050ea8a95817a2bfddc9d09
71.99797126171977,47.08843596476578,394,133.48896008173847,0.5,1.0,"(2, 2)",6050ea8a95817a2bfddc9d09
71.99815013917306,46.46343599036365,395,134.11396008173833,0.5,1.0,"(2, 2)",6050ea8a95817a2bfddc9d09
71.99832901662636,45.83843601596152,396,134.73896008173818,0.5,1.0,"(2, 2)",6050ea8a95817a2bfddc9d09
71.99850789407965,45.21343604155939,397,135.36396008173804,0.5,1.0,"(2, 2)",6050ea8a95817a2bfddc9d09
71.99868677153295,44.58843606715726,398,135.9889600817379,0.5,1.0,"(2, 2)",6050ea8a95817a2bfddc9d09
71.99886564898624,43.96343609275513,399,136.61396008173776,0.5,1.0,"(2, 2)",6050ea8a95817a2bfddc9d09
71.99904452643953,43.338436118353,400,137.23896008173762,0.5,1.0,"(2, 2)",6050ea8a95817a2bfddc9d09
71.99922340389283,42.71343614395087,401,137.86396008173747,0.5,1.0,"(2, 2)",6050ea8a95817a2bfddc9d09
71.99940228134612,42.08843616954874,402,138.48896008173733,0.5,1.0,"(2, 2)",6050ea8a95817a2bfddc9d09
71.99958115879942,41.46343619514661,403,139.1139600817372,0.5,1.0,"(2, 2)",6050ea8a95817a2bfddc9d09
71.99976003625271,40.838436220744484,404,139.73896008173705,0.5,1.0,"(2, 2)",6050ea8a95817a2bfddc9d09
71.999938913706,40.213436246342354,405,140.3639600817369,0.5,1.0,"(2, 2)",6050ea8a95817a2bfddc9d09
72.42602841121482,39.76341907278321,406,140.9836920531451,0.5,1.0,"(2, 2)",6050ea8a95817a2bfddc9d09
72.86529040212741,39.31881373842539,407,141.60869205314503,0.5,1.0,"(2, 2)",6050ea8a95817a2bfddc9d09
73.30455239304001,38.87420840406757,408,142.23369205314498,0.5,1.0,"(2, 2)",6050ea8a95817a2bfddc9d09
73.74381438395261,38.429603069709756,409,142.85869205314492,0.5,1.0,"(2, 2)",6050ea8a95817a2bfddc9d09
74.18307637486521,37.98499773535194,410,143.48369205314486,0.5,1.0,"(2, 2)",6050ea8a95817a2bfddc9d09
74.62233836577781,37.54039240099412,411,144.1086920531448,0.5,1.0,"(2, 2)",6050ea8a95817a2bfddc9d09
75.0616003566904,37.09578706663669,412,144.73369205314447,0.5,1.0,"(2, 2)",6050ea8a95817a2bfddc9d09
75.500862347603,36.65118173227958,413,145.3586920531439,0.5,1.0,"(2, 2)",6050ea8a95817a2bfddc9d09
75.9401243385156,36.206576397922476,414,145.98369205314333,0.5,1.0,"(2, 2)",6050ea8a95817a2bfddc9d09
76.3793863294282,35.76197106356537,415,146.60869205314276,0.5,1.0,"(2, 2)",6050ea8a95817a2bfddc9d09
76.8186483203408,35.31736572920826,416,147.2336920531422,0.5,1.0,"(2, 2)",6050ea8a95817a2bfddc9d09
77.2579103112534,34.872760394851156,417,147.85869205314162,0.5,1.0,"(2, 2)",6050ea8a95817a2bfddc9d09
77.697172302166,34.42815506049405,418,148.48369205314106,0.5,1.0,"(2, 2)",6050ea8a95817a2bfddc9d09
78.1364342930786,33.98354972613694,419,149.1086920531405,0.5,1.0,"(2, 2)",6050ea8a95817a2bfddc9d09
78.57569628399119,33.538944391779836,420,149.73369205313992,0.5,1.0,"(2, 2)",6050ea8a95817a2bfddc9d09
79.01495827490379,33.09433905742273,421,150.35869205313935,0.5,1.0,"(2, 2)",6050ea8a95817a2bfddc9d09
79.45422026581639,32.64973372306562,422,150.98369205313878,0.5,1.0,"(2, 2)",6050ea8a95817a2bfddc9d09
79.89348225672899,32.205128388708516,423,151.6086920531382,0.5,1.0,"(2, 2)",6050ea8a95817a2bfddc9d09
80.33274424764159,31.760523054351218,424,152.2336920531378,0.5,1.0,"(2, 2)",6050ea8a95817a2bfddc9d09
80.77200623855418,31.315917719993756,425,152.85869205313747,0.5,1.0,"(2, 2)",6050ea8a95817a2bfddc9d09
81.21126822946678,30.871312385636294,426,153.48369205313716,0.5,1.0,"(2, 2)",6050ea8a95817a2bfddc9d09
81.65053022037938,30.426707051278832,427,154.10869205313685,0.5,1.0,"(2, 2)",6050ea8a95817a2bfddc9d09
82.08979221129198,29.98210171692137,428,154.73369205313654,0.5,1.0,"(2, 2)",6050ea8a95817a2bfddc9d09
82.52905420220458,29.53749638256391,429,155.35869205313622,0.5,1.0,"(2, 2)",6050ea8a95817a2bfddc9d09
82.96831619311718,29.092891048206447,430,155.9836920531359,0.5,1.0,"(2, 2)",6050ea8a95817a2bfddc9d09
83.40757818402977,28.64828571384932,431,156.60869205313537,0.5,1.0,"(2, 2)",6050ea8a95817a2bfddc9d09
83.84684017494237,28.203680379492212,432,157.2336920531348,0.5,1.0,"(2, 2)",6050ea8a95817a2bfddc9d09
84.28610216585497,27.759075045135106,433,157.85869205313423,0.5,1.0,"(2, 2)",6050ea8a95817a2bfddc9d09
84.72536415676807,27.314469710778,434,158.483692053134,0.5,1.0,"(2, 2)",6050ea8a95817a2bfddc9d09
85.16462614768128,26.869864376420892,435,159.10869205313386,0.5,1.0,"(2, 2)",6050ea8a95817a2bfddc9d09
85.6038881385945,26.425259042063786,436,159.73369205313375,0.5,1.0,"(2, 2)",6050ea8a95817a2bfddc9d09
86.04315012950772,25.98065370770668,437,160.35869205313364,0.5,1.0,"(2, 2)",6050ea8a95817a2bfddc9d09
86.48241212042093,25.536048373349573,438,160.9836920531335,0.5,1.0,"(2, 2)",6050ea8a95817a2bfddc9d09
86.92167411133416,25.091443038992466,439,161.60869205313338,0.5,1.0,"(2, 2)",6050ea8a95817a2bfddc9d09
87.36093610224736,24.64683770463536,440,162.23369205313324,0.5,1.0,"(2, 2)",6050ea8a95817a2bfddc9d09
87.80019809316059,24.202232370278253,441,162.85869205313313,0.5,1.0,"(2, 2)",6050ea8a95817a2bfddc9d09
88.0,24.0,442,163.14297841152026,0.5,1.0,"(2, 2)",6050ea8a95817a2bfddc9d09
88.0,24.0,443,163.14297841152026,0.5,1.0,"(2, 2)",6050ea8a95817a2bfddc9d09
88.0,24.0,444,163.14297841152026,0.5,1.0,"(2, 2)",6050ea8a95817a2bfddc9d09
88.0,24.0,445,163.14297841152026,0.5,1.0,"(2, 2)",6050ea8a95817a2bfddc9d09
88.0,24.0,446,163.14297841152026,0.5,1.0,"(2, 2)",6050ea8a95817a2bfddc9d09
88.0,24.0,447,163.14297841152026,0.5,1.0,"(2, 2)",6050ea8a95817a2bfddc9d09
88.0,24.0,448,163.14297841152026,0.5,1.0,"(2, 2)",6050ea8a95817a2bfddc9d09
88.0,24.0,449,163.14297841152026,0.5,1.0,"(2, 2)",6050ea8a95817a2bfddc9d09
88.0,24.0,450,163.14297841152026,0.5,1.0,"(2, 2)",6050ea8a95817a2bfddc9d09
88.0,24.0,451,163.14297841152026,0.5,1.0,"(2, 2)",6050ea8a95817a2bfddc9d09
88.0,24.0,452,163.14297841152026,0.5,1.0,"(2, 2)",6050ea8a95817a2bfddc9d09
88.0,24.0,453,163.14297841152026,0.5,1.0,"(2, 2)",6050ea8a95817a2bfddc9d09
88.0,24.0,454,163.14297841152026,0.5,1.0,"(2, 2)",6050ea8a95817a2bfddc9d09
88.0,24.0,455,163.14297841152026,0.5,1.0,"(2, 2)",6050ea8a95817a2bfddc9d09
88.0,24.0,456,163.14297841152026,0.5,1.0,"(2, 2)",6050ea8a95817a2bfddc9d09
88.0,24.0,457,163.14297841152026,0.5,1.0,"(2, 2)",6050ea8a95817a2bfddc9d09
88.0,24.0,458,163.14297841152026,0.5,1.0,"(2, 2)",6050ea8a95817a2bfddc9d09
88.0,24.0,459,163.14297841152026,0.5,1.0,"(2, 2)",6050ea8a95817a2bfddc9d09
88.0,24.625000000000142,460,163.7679784115204,0.5,1.0,"(2, 2)",6050ea8a95817a2bfddc9d09
88.0,25.250000000000284,461,164.39297841152055,0.5,1.0,"(2, 2)",6050ea8a95817a2bfddc9d09
88.0,25.875000000000426,462,165.0179784115207,0.5,1.0,"(2, 2)",6050ea8a95817a2bfddc9d09
88.0,26.50000000000057,463,165.64297841152083,0.5,1.0,"(2, 2)",6050ea8a95817a2bfddc9d09
88.0,27.12500000000071,464,166.26797841152097,0.5,1.0,"(2, 2)",6050ea8a95817a2bfddc9d09
88.0,27.750000000000853,465,166.8929784115211,0.5,1.0,"(2, 2)",6050ea8a95817a2bfddc9d09
88.0,28.375000000000995,466,167.51797841152126,0.5,1.0,"(2, 2)",6050ea8a95817a2bfddc9d09
88.0,29.000000000001137,467,168.1429784115214,0.5,1.0,"(2, 2)",6050ea8a95817a2bfddc9d09
88.0,29.62500000000128,468,168.76797841152154,0.5,1.0,"(2, 2)",6050ea8a95817a2bfddc9d09
88.0,30.25000000000142,469,169.39297841152168,0.5,1.0,"(2, 2)",6050ea8a95817a2bfddc9d09
88.0,30.875000000001563,470,170.01797841152182,0.5,1.0,"(2, 2)",6050ea8a95817a2bfddc9d09
88.0,31.500000000001705,471,170.64297841152197,0.5,1.0,"(2, 2)",6050ea8a95817a2bfddc9d09
88.0,32.12500000000185,472,171.2679784115221,0.5,1.0,"(2, 2)",6050ea8a95817a2bfddc9d09
88.0,32.75000000000199,473,171.89297841152225,0.5,1.0,"(2, 2)",6050ea8a95817a2bfddc9d09
88.0,33.37500000000213,474,172.5179784115224,0.5,1.0,"(2, 2)",6050ea8a95817a2bfddc9d09
88.0,34.000000000002274,475,173.14297841152253,0.5,1.0,"(2, 2)",6050ea8a95817a2bfddc9d09
88.0,34.625000000002416,476,173.76797841152268,0.5,1.0,"(2, 2)",6050ea8a95817a2bfddc9d09
88.0,35.25000000000256,477,174.39297841152282,0.5,1.0,"(2, 2)",6050ea8a95817a2bfddc9d09
88.0,35.8750000000027,478,175.01797841152296,0.5,1.0,"(2, 2)",6050ea8a95817a2bfddc9d09
88.0,36.50000000000284,479,175.6429784115231,0.5,1.0,"(2, 2)",6050ea8a95817a2bfddc9d09
88.0,37.125000000002984,480,176.26797841152325,0.5,1.0,"(2, 2)",6050ea8a95817a2bfddc9d09
88.0,37.750000000003126,481,176.8929784115234,0.5,1.0,"(2, 2)",6050ea8a95817a2bfddc9d09
88.0,38.37500000000327,482,177.51797841152353,0.5,1.0,"(2, 2)",6050ea8a95817a2bfddc9d09
88.0,39.00000000000341,483,178.14297841152367,0.5,1.0,"(2, 2)",6050ea8a95817a2bfddc9d09
88.0,39.62500000000355,484,178.7679784115238,0.5,1.0,"(2, 2)",6050ea8a95817a2bfddc9d09
88.0,40.250000000003695,485,179.39297841152396,0.5,1.0,"(2, 2)",6050ea8a95817a2bfddc9d09
88.0,40.87500000000384,486,180.0179784115241,0.5,1.0,"(2, 2)",6050ea8a95817a2bfddc9d09
88.0,41.50000000000398,487,180.64297841152424,0.5,1.0,"(2, 2)",6050ea8a95817a2bfddc9d09
88.0,42.12500000000412,488,181.26797841152438,0.5,1.0,"(2, 2)",6050ea8a95817a2bfddc9d09
88.0,42.75000000000426,489,181.89297841152452,0.5,1.0,"(2, 2)",6050ea8a95817a2bfddc9d09
88.0,43.375000000004405,490,182.51797841152467,0.5,1.0,"(2, 2)",6050ea8a95817a2bfddc9d09
88.0,44.00000000000455,491,183.1429784115248,0.5,1.0,"(2, 2)",6050ea8a95817a2bfddc9d09
88.0,44.62500000000469,492,183.76797841152495,0.5,1.0,"(2, 2)",6050ea8a95817a2bfddc9d09
88.0,45.25000000000483,493,184.3929784115251,0.5,1.0,"(2, 2)",6050ea8a95817a2bfddc9d09
88.0,45.875000000004974,494,185.01797841152523,0.5,1.0,"(2, 2)",6050ea8a95817a2bfddc9d09
88.0,46.500000000005116,495,185.64297841152538,0.5,1.0,"(2, 2)",6050ea8a95817a2bfddc9d09
88.0,47.12500000000526,496,186.26797841152552,0.5,1.0,"(2, 2)",6050ea8a95817a2bfddc9d09
88.0,47.7500000000054,497,186.89297841152566,0.5,1.0,"(2, 2)",6050ea8a95817a2bfddc9d09
88.0,48.37500000000554,498,187.5179784115258,0.5,1.0,"(2, 2)",6050ea8a95817a2bfddc9d09
88.0,49.000000000005684,499,188.14297841152595,0.5,1.0,"(2, 2)",6050ea8a95817a2bfddc9d09
88.0,49.62500000000583,500,188.7679784115261,0.5,1.0,"(2, 2)",6050ea8a95817a2bfddc9d09
88.0,50.25000000000597,501,189.39297841152623,0.5,1.0,"(2, 2)",6050ea8a95817a2bfddc9d09
88.0,50.87500000000611,502,190.01797841152637,0.5,1.0,"(2, 2)",6050ea8a95817a2bfddc9d09
88.0,51.50000000000625,503,190.6429784115265,0.5,1.0,"(2, 2)",6050ea8a95817a2bfddc9d09
88.0,52.125000000006395,504,191.26797841152666,0.5,1.0,"(2, 2)",6050ea8a95817a2bfddc9d09
88.0,52.75000000000654,505,191.8929784115268,0.5,1.0,"(2, 2)",6050ea8a95817a2bfddc9d09
88.0,53.37500000000668,506,192.51797841152694,0.5,1.0,"(2, 2)",6050ea8a95817a2bfddc9d09
88.0,54.00000000000682,507,193.14297841152708,0.5,1.0,"(2, 2)",6050ea8a95817a2bfddc9d09
88.0,54.62500000000696,508,193.76797841152722,0.5,1.0,"(2, 2)",6050ea8a95817a2bfddc9d09
88.0,55.250000000007105,509,194.39297841152737,0.5,1.0,"(2, 2)",6050ea8a95817a2bfddc9d09
87.94729740557045,55.853361376867156,510,194.99863715582654,0.5,1.0,"(2, 2)",6050ea8a95817a2bfddc9d09
87.50810911865756,56.29803951736653,511,195.62363715582612,0.5,1.0,"(2, 2)",6050ea8a95817a2bfddc9d09
87.06892083174466,56.74271765786591,512,196.2486371558257,0.5,1.0,"(2, 2)",6050ea8a95817a2bfddc9d09
86.62973254483177,57.18739579836529,513,196.87363715582526,0.5,1.0,"(2, 2)",6050ea8a95817a2bfddc9d09
86.19054425791887,57.632073938864664,514,197.49863715582484,0.5,1.0,"(2, 2)",6050ea8a95817a2bfddc9d09
85.75135597100598,58.07675207936404,515,198.1236371558244,0.5,1.0,"(2, 2)",6050ea8a95817a2bfddc9d09
85.8510040405551,58.693757154088416,516,198.7486371558248,0.5,1.0,"(2, 2)",6050ea8a95817a2bfddc9d09
85.95065211010422,59.31076222881279,517,199.3736371558252,0.5,1.0,"(2, 2)",6050ea8a95817a2bfddc9d09
86.05030017965333,59.927767303537166,518,199.9986371558256,0.5,1.0,"(2, 2)",6050ea8a95817a2bfddc9d09
86.14994824920245,60.54477237826154,519,200.623637155826,0.5,1.0,"(2, 2)",6050ea8a95817a2bfddc9d09
86.24959631875157,61.161777452985916,520,201.2486371558264,0.5,1.0,"(2, 2)",6050ea8a95817a2bfddc9d09
86.34924438830005,61.77878252771029,521,201.87363715582669,0.5,1.0,"(2, 2)",6050ea8a95817a2bfddc9d09
86.44889245784852,62.395787602434666,522,202.49863715582697,0.5,1.0,"(2, 2)",6050ea8a95817a2bfddc9d09
86.54854052739697,63.01279267715904,523,203.12363715582725,0.5,1.0,"(2, 2)",6050ea8a95817a2bfddc9d09
86.64818859694542,63.629797751883416,524,203.74863715582754,0.5,1.0,"(2, 2)",6050ea8a95817a2bfddc9d09
86.74783666649387,64.24680282660779,525,204.37363715582782,0.5,1.0,"(2, 2)",6050ea8a95817a2bfddc9d09
86.84748473604233,64.86380790133217,526,204.9986371558281,0.5,1.0,"(2, 2)",6050ea8a95817a2bfddc9d09
86.94713280559078,65.48081297605654,527,205.6236371558284,0.5,1.0,"(2, 2)",6050ea8a95817a2bfddc9d09
87.04678087513923,66.09781805078092,528,206.24863715582867,0.5,1.0,"(2, 2)",6050ea8a95817a2bfddc9d09
87.1464289446877,66.71482312550529,529,206.87363715582896,0.5,1.0,"(2, 2)",6050ea8a95817a2bfddc9d09
87.24607701423615,67.33182820022967,530,207.49863715582924,0.5,1.0,"(2, 2)",6050ea8a95817a2bfddc9d09
87.3457250837846,67.94883327495404,531,208.12363715582953,0.5,1.0,"(2, 2)",6050ea8a95817a2bfddc9d09
87.44537315333305,68.56583834967842,532,208.7486371558298,0.5,1.0,"(2, 2)",6050ea8a95817a2bfddc9d09
87.54502122288152,69.18284342440279,533,209.3736371558301,0.5,1.0,"(2, 2)",6050ea8a95817a2bfddc9d09
87.64466929242997,69.79984849912717,534,209.99863715583038,0.5,1.0,"(2, 2)",6050ea8a95817a2bfddc9d09
87.74431736197842,70.41685357385154,535,210.62363715583066,0.5,1.0,"(2, 2)",6050ea8a95817a2bfddc9d09
87.84396543152688,71.03385864857592,536,211.24863715583095,0.5,1.0,"(2, 2)",6050ea8a95817a2bfddc9d09
87.94361350107533,71.65086372330029,537,211.87363715583123,0.5,1.0,"(2, 2)",6050ea8a95817a2bfddc9d09
87.63941008683057,72.13889575110612,538,212.44871539172826,0.5,1.0,"(2, 2)",6050ea8a95817a2bfddc9d09
87.2005895113214,72.58393676327243,539,213.07371539172843,0.5,1.0,"(2, 2)",6050ea8a95817a2bfddc9d09
86.76176893581223,73.02897777543875,540,213.6987153917286,0.5,1.0,"(2, 2)",6050ea8a95817a2bfddc9d09
86.32294836030306,73.47401878760506,541,214.32371539172877,0.5,1.0,"(2, 2)",6050ea8a95817a2bfddc9d09
85.88412778479389,73.91905979977128,542,214.94871539172888,0.5,1.0,"(2, 2)",6050ea8a95817a2bfddc9d09
85.44530720928472,74.3641008119364,543,215.5737153917282,0.5,1.0,"(2, 2)",6050ea8a95817a2bfddc9d09
85.00648663377555,74.80914182410153,544,216.19871539172755,0.5,1.0,"(2, 2)",6050ea8a95817a2bfddc9d09
84.56766605826638,75.25418283626665,545,216.82371539172686,0.5,1.0,"(2, 2)",6050ea8a95817a2bfddc9d09
84.12884548275721,75.69922384843177,546,217.44871539172618,0.5,1.0,"(2, 2)",6050ea8a95817a2bfddc9d09
83.69002490724804,76.14426486059689,547,218.0737153917255,0.5,1.0,"(2, 2)",6050ea8a95817a2bfddc9d09
83.25120433173888,76.58930587276201,548,218.69871539172482,0.5,1.0,"(2, 2)",6050ea8a95817a2bfddc9d09
82.8123837562297,77.03434688492713,549,219.32371539172414,0.5,1.0,"(2, 2)",6050ea8a95817a2bfddc9d09
82.37356318072054,77.47938789709225,550,219.94871539172345,0.5,1.0,"(2, 2)",6050ea8a95817a2bfddc9d09
81.93474260521137,77.92442890925739,551,220.5737153917228,0.5,1.0,"(2, 2)",6050ea8a95817a2bfddc9d09
81.4959220297022,78.3694699214225,552,221.19871539172212,0.5,1.0,"(2, 2)",6050ea8a95817a2bfddc9d09
81.05710145419303,78.81451093358763,553,221.82371539172144,0.5,1.0,"(2, 2)",6050ea8a95817a2bfddc9d09
80.61828087868386,79.25955194575275,554,222.44871539172075,0.5,1.0,"(2, 2)",6050ea8a95817a2bfddc9d09
80.1794603031747,79.70459295791787,555,223.07371539172007,0.5,1.0,"(2, 2)",6050ea8a95817a2bfddc9d09
79.74063972766552,80.14963397008299,556,223.6987153917194,0.5,1.0,"(2, 2)",6050ea8a95817a2bfddc9d09
79.30181915215636,80.59467498224811,557,224.3237153917187,0.5,1.0,"(2, 2)",6050ea8a95817a2bfddc9d09
78.86299857664719,81.03971599441323,558,224.94871539171803,0.5,1.0,"(2, 2)",6050ea8a95817a2bfddc9d09
78.42417800113802,81.48475700657835,559,225.57371539171734,0.5,1.0,"(2, 2)",6050ea8a95817a2bfddc9d09
77.98535742562885,81.92979801874347,560,226.19871539171666,0.5,1.0,"(2, 2)",6050ea8a95817a2bfddc9d09
77.54653685011968,82.37483903090859,561,226.82371539171598,0.5,1.0,"(2, 2)",6050ea8a95817a2bfddc9d09
77.10771627461051,82.81988004307371,562,227.4487153917153,0.5,1.0,"(2, 2)",6050ea8a95817a2bfddc9d09
76.66889569910134,83.26492105523883,563,228.07371539171461,0.5,1.0,"(2, 2)",6050ea8a95817a2bfddc9d09
76.23007512359217,83.70996206740396,564,228.69871539171396,0.5,1.0,"(2, 2)",6050ea8a95817a2bfddc9d09
75.791254548083,84.15500307956908,565,229.32371539171328,0.5,1.0,"(2, 2)",6050ea8a95817a2bfddc9d09
75.35243397257383,84.6000440917342,566,229.9487153917126,0.5,1.0,"(2, 2)",6050ea8a95817a2bfddc9d09
74.91361339706467,85.04508510389932,567,230.57371539171191,0.5,1.0,"(2, 2)",6050ea8a95817a2bfddc9d09
74.4747928215555,85.49012611606445,568,231.19871539171123,0.5,1.0,"(2, 2)",6050ea8a95817a2bfddc9d09
74.03597224604633,85.93516712822957,569,231.82371539171055,0.5,1.0,"(2, 2)",6050ea8a95817a2bfddc9d09
73.59715167053716,86.38020814039469,570,232.44871539170987,0.5,1.0,"(2, 2)",6050ea8a95817a2bfddc9d09
73.15833109502799,86.8252491525598,571,233.0737153917092,0.5,1.0,"(2, 2)",6050ea8a95817a2bfddc9d09
72.71951051951882,87.27029016472493,572,233.6987153917085,0.5,1.0,"(2, 2)",6050ea8a95817a2bfddc9d09
72.28068994400965,87.71533117689006,573,234.32371539170785,0.5,1.0,"(2, 2)",6050ea8a95817a2bfddc9d09
72.0,88.0,574,234.72349431001012,0.5,1.0,"(2, 2)",6050ea8a95817a2bfddc9d09
72.0,88.0,575,234.72349431001012,0.5,1.0,"(2, 2)",6050ea8a95817a2bfddc9d09
72.0,88.0,576,234.72349431001012,0.5,1.0,"(2, 2)",6050ea8a95817a2bfddc9d09
72.0,88.0,577,234.72349431001012,0.5,1.0,"(2, 2)",6050ea8a95817a2bfddc9d09
72.0,88.0,578,234.72349431001012,0.5,1.0,"(2, 2)",6050ea8a95817a2bfddc9d09
72.0,88.0,579,234.72349431001012,0.5,1.0,"(2, 2)",6050ea8a95817a2bfddc9d09
72.0,88.0,580,234.72349431001012,0.5,1.0,"(2, 2)",6050ea8a95817a2bfddc9d09
72.0,88.0,581,234.72349431001012,0.5,1.0,"(2, 2)",6050ea8a95817a2bfddc9d09
72.0,88.0,582,234.72349431001012,0.5,1.0,"(2, 2)",6050ea8a95817a2bfddc9d09
72.0,88.0,583,234.72349431001012,0.5,1.0,"(2, 2)",6050ea8a95817a2bfddc9d09
72.0,88.0,584,234.72349431001012,0.5,1.0,"(2, 2)",6050ea8a95817a2bfddc9d09
72.0,88.0,585,234.72349431001012,0.5,1.0,"(2, 2)",6050ea8a95817a2bfddc9d09
72.0,88.0,586,234.72349431001012,0.5,1.0,"(2, 2)",6050ea8a95817a2bfddc9d09
72.0,88.0,587,234.72349431001012,0.5,1.0,"(2, 2)",6050ea8a95817a2bfddc9d09
72.0,88.0,588,234.72349431001012,0.5,1.0,"(2, 2)",6050ea8a95817a2bfddc9d09
72.0,88.0,589,234.72349431001012,0.5,1.0,"(2, 2)",6050ea8a95817a2bfddc9d09
72.0,88.0,590,234.72349431001012,0.5,1.0,"(2, 2)",6050ea8a95817a2bfddc9d09
72.0,88.0,591,234.72349431001012,0.5,1.0,"(2, 2)",6050ea8a95817a2bfddc9d09
72.0,88.0,592,234.72349431001012,0.5,1.0,"(2, 2)",6050ea8a95817a2bfddc9d09
72.0,88.0,593,234.72349431001012,0.5,1.0,"(2, 2)",6050ea8a95817a2bfddc9d09
72.0,88.0,594,234.72349431001012,0.5,1.0,"(2, 2)",6050ea8a95817a2bfddc9d09
72.0,88.0,595,234.72349431001012,0.5,1.0,"(2, 2)",6050ea8a95817a2bfddc9d09
72.0,88.0,596,234.72349431001012,0.5,1.0,"(2, 2)",6050ea8a95817a2bfddc9d09
72.0,88.0,597,234.72349431001012,0.5,1.0,"(2, 2)",6050ea8a95817a2bfddc9d09
72.0,88.0,598,234.72349431001012,0.5,1.0,"(2, 2)",6050ea8a95817a2bfddc9d09
72.0,88.0,599,234.72349431001012,0.5,1.0,"(2, 2)",6050ea8a95817a2bfddc9d09
72.0,88.0,600,234.72349431001012,0.5,1.0,"(2, 2)",6050ea8a95817a2bfddc9d09
72.0,88.0,601,234.72349431001012,0.5,1.0,"(2, 2)",6050ea8a95817a2bfddc9d09
72.0,88.0,602,234.72349431001012,0.5,1.0,"(2, 2)",6050ea8a95817a2bfddc9d09
72.0,88.0,603,234.72349431001012,0.5,1.0,"(2, 2)",6050ea8a95817a2bfddc9d09
72.0,88.0,604,234.72349431001012,0.5,1.0,"(2, 2)",6050ea8a95817a2bfddc9d09
72.0,88.0,605,234.72349431001012,0.5,1.0,"(2, 2)",6050ea8a95817a2bfddc9d09
72.0,88.0,606,234.72349431001012,0.5,1.0,"(2, 2)",6050ea8a95817a2bfddc9d09
72.0,88.0,607,234.72349431001012,0.5,1.0,"(2, 2)",6050ea8a95817a2bfddc9d09
72.0,88.0,608,234.72349431001012,0.5,1.0,"(2, 2)",6050ea8a95817a2bfddc9d09
72.0,88.0,609,234.72349431001012,0.5,1.0,"(2, 2)",6050ea8a95817a2bfddc9d09
72.0,88.0,610,234.72349431001012,0.5,1.0,"(2, 2)",6050ea8a95817a2bfddc9d09
72.0,88.0,611,234.72349431001012,0.5,1.0,"(2, 2)",6050ea8a95817a2bfddc9d09
72.0,88.0,612,234.72349431001012,0.5,1.0,"(2, 2)",6050ea8a95817a2bfddc9d09
72.0,88.0,613,234.72349431001012,0.5,1.0,"(2, 2)",6050ea8a95817a2bfddc9d09
72.0,88.0,614,234.72349431001012,0.5,1.0,"(2, 2)",6050ea8a95817a2bfddc9d09
72.0,88.0,615,234.72349431001012,0.5,1.0,"(2, 2)",6050ea8a95817a2bfddc9d09
72.0,88.0,616,234.72349431001012,0.5,1.0,"(2, 2)",6050ea8a95817a2bfddc9d09
72.0,88.0,617,234.72349431001012,0.5,1.0,"(2, 2)",6050ea8a95817a2bfddc9d09
72.0,88.0,618,234.72349431001012,0.5,1.0,"(2, 2)",6050ea8a95817a2bfddc9d09
72.0,88.0,619,234.72349431001012,0.5,1.0,"(2, 2)",6050ea8a95817a2bfddc9d09
72.0,88.0,620,234.72349431001012,0.5,1.0,"(2, 2)",6050ea8a95817a2bfddc9d09
72.0,88.0,621,234.72349431001012,0.5,1.0,"(2, 2)",6050ea8a95817a2bfddc9d09
72.0,88.0,622,234.72349431001012,0.5,1.0,"(2, 2)",6050ea8a95817a2bfddc9d09
72.0,88.0,623,234.72349431001012,0.5,1.0,"(2, 2)",6050ea8a95817a2bfddc9d09
72.0,88.0,624,234.72349431001012,0.5,1.0,"(2, 2)",6050ea8a95817a2bfddc9d09
72.0,88.0,625,234.72349431001012,0.5,1.0,"(2, 2)",6050ea8a95817a2bfddc9d09
72.0,88.0,626,234.72349431001012,0.5,1.0,"(2, 2)",6050ea8a95817a2bfddc9d09
72.0,88.0,627,234.72349431001012,0.5,1.0,"(2, 2)",6050ea8a95817a2bfddc9d09
72.0,88.0,628,234.72349431001012,0.5,1.0,"(2, 2)",6050ea8a95817a2bfddc9d09
72.0,88.0,629,234.72349431001012,0.5,1.0,"(2, 2)",6050ea8a95817a2bfddc9d09
72.0,88.0,630,234.72349431001012,0.5,1.0,"(2, 2)",6050ea8a95817a2bfddc9d09
72.0,88.0,631,234.72349431001012,0.5,1.0,"(2, 2)",6050ea8a95817a2bfddc9d09
72.44194173824224,87.55805826175776,632,235.34849431001103,0.5,1.0,"(2, 2)",6050ea8a95817a2bfddc9d09
72.88388347648447,87.11611652351553,633,235.97349431001194,0.5,1.0,"(2, 2)",6050ea8a95817a2bfddc9d09
73.3258252147267,86.6741747852733,634,236.59849431001285,0.5,1.0,"(2, 2)",6050ea8a95817a2bfddc9d09
73.76776695296894,86.23223304703106,635,237.22349431001376,0.5,1.0,"(2, 2)",6050ea8a95817a2bfddc9d09
74.20970869121118,85.79029130878882,636,237.84849431001467,0.5,1.0,"(2, 2)",6050ea8a95817a2bfddc9d09
74.65165042945341,85.34834957054659,637,238.47349431001558,0.5,1.0,"(2, 2)",6050ea8a95817a2bfddc9d09
75.09359216769565,84.90640783230435,638,239.0984943100165,0.5,1.0,"(2, 2)",6050ea8a95817a2bfddc9d09
75.53553390593788,84.46446609406212,639,239.7234943100174,0.5,1.0,"(2, 2)",6050ea8a95817a2bfddc9d09
75.97747564418012,84.02252435581988,640,240.3484943100183,0.5,1.0,"(2, 2)",6050ea8a95817a2bfddc9d09
76.41941738242235,83.58058261757765,641,240.97349431001922,0.5,1.0,"(2, 2)",6050ea8a95817a2bfddc9d09
76.86135912066459,83.13864087933541,642,241.59849431002013,0.5,1.0,"(2, 2)",6050ea8a95817a2bfddc9d09
77.30330085890682,82.69669914109318,643,242.22349431002104,0.5,1.0,"(2, 2)",6050ea8a95817a2bfddc9d09
77.74524259714906,82.25475740285094,644,242.84849431002195,0.5,1.0,"(2, 2)",6050ea8a95817a2bfddc9d09
78.1871843353913,81.8128156646087,645,243.47349431002286,0.5,1.0,"(2, 2)",6050ea8a95817a2bfddc9d09
78.62912607363353,81.37087392636647,646,244.09849431002377,0.5,1.0,"(2, 2)",6050ea8a95817a2bfddc9d09
79.07106781187576,80.92893218812424,647,244.72349431002468,0.5,1.0,"(2, 2)",6050ea8a95817a2bfddc9d09
79.513009550118,80.486990449882,648,245.3484943100256,0.5,1.0,"(2, 2)",6050ea8a95817a2bfddc9d09
79.95495128836023,80.04504871163977,649,245.9734943100265,0.5,1.0,"(2, 2)",6050ea8a95817a2bfddc9d09
80.39689302660247,79.60310697339753,650,246.5984943100274,0.5,1.0,"(2, 2)",6050ea8a95817a2bfddc9d09
80.8388347648447,79.1611652351553,651,247.22349431002831,0.5,1.0,"(2, 2)",6050ea8a95817a2bfddc9d09
81.28077650308694,78.71922349691306,652,247.84849431002922,0.5,1.0,"(2, 2)",6050ea8a95817a2bfddc9d09
81.72271824132918,78.27728175867082,653,248.47349431003013,0.5,1.0,"(2, 2)",6050ea8a95817a2bfddc9d09
82.16465997957141,77.83534002042859,654,249.09849431003104,0.5,1.0,"(2, 2)",6050ea8a95817a2bfddc9d09
82.60660171781365,77.39339828218635,655,249.72349431003195,0.5,1.0,"(2, 2)",6050ea8a95817a2bfddc9d09
83.04854345605588,76.95145654394412,656,250.34849431003286,0.5,1.0,"(2, 2)",6050ea8a95817a2bfddc9d09
83.49048519429812,76.50951480570188,657,250.97349431003377,0.5,1.0,"(2, 2)",6050ea8a95817a2bfddc9d09
83.93242693254035,76.06757306745965,658,251.59849431003468,0.5,1.0,"(2, 2)",6050ea8a95817a2bfddc9d09
84.37436867078259,75.62563132921741,659,252.2234943100356,0.5,1.0,"(2, 2)",6050ea8a95817a2bfddc9d09
84.81631040902482,75.18368959097518,660,252.8484943100365,0.5,1.0,"(2, 2)",6050ea8a95817a2bfddc9d09
85.25825214726706,74.74174785273294,661,253.4734943100374,0.5,1.0,"(2, 2)",6050ea8a95817a2bfddc9d09
85.7001938855093,74.2998061144907,662,254.09849431003832,0.5,1.0,"(2, 2)",6050ea8a95817a2bfddc9d09
86.14213562375153,73.85786437624847,663,254.72349431003923,0.5,1.0,"(2, 2)",6050ea8a95817a2bfddc9d09
86.58407736199376,73.41592263800624,664,255.34849431004014,0.5,1.0,"(2, 2)",6050ea8a95817a2bfddc9d09
87.026019100236,72.973980899764,665,255.97349431004105,0.5,1.0,"(2, 2)",6050ea8a95817a2bfddc9d09
87.46796083847823,72.53203916152177,666,256.59849431004193,0.5,1.0,"(2, 2)",6050ea8a95817a2bfddc9d09
87.80565318470883,72.0461744412845,667,257.19018734454033,0.5,1.0,"(2, 2)",6050ea8a95817a2bfddc9d09
87.8132224562359,71.421220278063,668,257.8151873445398,0.5,1.0,"(2, 2)",6050ea8a95817a2bfddc9d09
87.82079172776298,70.7962661148415,669,258.4401873445393,0.5,1.0,"(2, 2)",6050ea8a95817a2bfddc9d09
87.82836099929006,70.17131195162,670,259.0651873445388,0.5,1.0,"(2, 2)",6050ea8a95817a2bfddc9d09
87.83593027081713,69.5463577883985,671,259.6901873445383,0.5,1.0,"(2, 2)",6050ea8a95817a2bfddc9d09
87.8434995423442,68.92140362517699,672,260.3151873445378,0.5,1.0,"(2, 2)",6050ea8a95817a2bfddc9d09
87.85106881387128,68.29644946195549,673,260.94018734453726,0.5,1.0,"(2, 2)",6050ea8a95817a2bfddc9d09
87.85863808539835,67.67149529873399,674,261.56518734453675,0.5,1.0,"(2, 2)",6050ea8a95817a2bfddc9d09
87.86620735692605,67.04654113551248,675,262.19018734453624,0.5,1.0,"(2, 2)",6050ea8a95817a2bfddc9d09
87.87377662845383,66.42158697229098,676,262.81518734453573,0.5,1.0,"(2, 2)",6050ea8a95817a2bfddc9d09
87.88134589998161,65.79663280906948,677,263.4401873445352,0.5,1.0,"(2, 2)",6050ea8a95817a2bfddc9d09
87.88891517150938,65.17167864584798,678,264.0651873445347,0.5,1.0,"(2, 2)",6050ea8a95817a2bfddc9d09
87.89648444303717,64.54672448262647,679,264.6901873445342,0.5,1.0,"(2, 2)",6050ea8a95817a2bfddc9d09
87.90405371456494,63.92177031940488,680,265.31518734453374,0.5,1.0,"(2, 2)",6050ea8a95817a2bfddc9d09
87.91162298609274,63.296816156182665,681,265.9401873445339,0.5,1.0,"(2, 2)",6050ea8a95817a2bfddc9d09
87.91919225762052,62.67186199296045,682,266.5651873445341,0.5,1.0,"(2, 2)",6050ea8a95817a2bfddc9d09
87.92676152914831,62.04690782973824,683,267.19018734453425,0.5,1.0,"(2, 2)",6050ea8a95817a2bfddc9d09
87.9343308006761,61.421953666516025,684,267.8151873445344,0.5,1.0,"(2, 2)",6050ea8a95817a2bfddc9d09
87.94190007220388,60.79699950329381,685,268.4401873445346,0.5,1.0,"(2, 2)",6050ea8a95817a2bfddc9d09
87.94946934373166,60.1720453400716,686,269.06518734453476,0.5,1.0,"(2, 2)",6050ea8a95817a2bfddc9d09
87.95703861525946,59.547091176849385,687,269.69018734453493,0.5,1.0,"(2, 2)",6050ea8a95817a2bfddc9d09
87.96460788678725,58.92213701362717,688,270.3151873445351,0.5,1.0,"(2, 2)",6050ea8a95817a2bfddc9d09
87.97217715831503,58.29718285040496,689,270.9401873445353,0.5,1.0,"(2, 2)",6050ea8a95817a2bfddc9d09
87.97974642984282,57.672228687182745,690,271.56518734453545,0.5,1.0,"(2, 2)",6050ea8a95817a2bfddc9d09
87.9873157013706,57.04727452396053,691,272.1901873445356,0.5,1.0,"(2, 2)",6050ea8a95817a2bfddc9d09
87.99488497289839,56.42232036073832,692,272.8151873445358,0.5,1.0,"(2, 2)",6050ea8a95817a2bfddc9d09
87.99766893490278,55.797336866333346,693,273.44017703942933,0.5,1.0,"(2, 2)",6050ea8a95817a2bfddc9d09
87.99776116030023,55.17233687313807,694,274.06517703942905,0.5,1.0,"(2, 2)",6050ea8a95817a2bfddc9d09
87.99785338569768,54.5473368799428,695,274.69017703942876,0.5,1.0,"(2, 2)",6050ea8a95817a2bfddc9d09
87.99794561109513,53.92233688674752,696,275.3151770394285,0.5,1.0,"(2, 2)",6050ea8a95817a2bfddc9d09
87.99803783649259,53.29733689355225,697,275.9401770394282,0.5,1.0,"(2, 2)",6050ea8a95817a2bfddc9d09
87.99813006189004,52.672336900356974,698,276.5651770394279,0.5,1.0,"(2, 2)",6050ea8a95817a2bfddc9d09
87.99822228728749,52.0473369071617,699,277.1901770394276,0.5,1.0,"(2, 2)",6050ea8a95817a2bfddc9d09
87.99831451268494,51.422336913966426,700,277.81517703942734,0.5,1.0,"(2, 2)",6050ea8a95817a2bfddc9d09
87.9984067380824,50.79733692077115,701,278.44017703942706,0.5,1.0,"(2, 2)",6050ea8a95817a2bfddc9d09
87.99849896347985,50.17233692757588,702,279.06517703942677,0.5,1.0,"(2, 2)",6050ea8a95817a2bfddc9d09
87.9985911888773,49.5473369343806,703,279.6901770394265,0.5,1.0,"(2, 2)",6050ea8a95817a2bfddc9d09
87.99868341427475,48.92233694118533,704,280.3151770394262,0.5,1.0,"(2, 2)",6050ea8a95817a2bfddc9d09
87.9987756396722,48.297336947990054,705,280.9401770394259,0.5,1.0,"(2, 2)",6050ea8a95817a2bfddc9d09
87.99886786506966,47.67233695479478,706,281.56517703942563,0.5,1.0,"(2, 2)",6050ea8a95817a2bfddc9d09
87.99896009046711,47.047336961599505,707,282.19017703942535,0.5,1.0,"(2, 2)",6050ea8a95817a2bfddc9d09
87.99905231586456,46.42233696840423,708,282.81517703942507,0.5,1.0,"(2, 2)",6050ea8a95817a2bfddc9d09
87.99914454126201,45.79733697520896,709,283.4401770394248,0.5,1.0,"(2, 2)",6050ea8a95817a2bfddc9d09
87.99923676665946,45.17233698201368,710,284.0651770394245,0.5,1.0,"(2, 2)",6050ea8a95817a2bfddc9d09
87.99932899205692,44.54733698881841,711,284.6901770394242,0.5,1.0,"(2, 2)",6050ea8a95817a2bfddc9d09
87.99942121745437,43.922336995623134,712,285.31517703942393,0.5,1.0,"(2, 2)",6050ea8a95817a2bfddc9d09
87.99951344285182,43.29733700242786,713,285.94017703942365,0.5,1.0,"(2, 2)",6050ea8a95817a2bfddc9d09
87.99960566824927,42.672337009232585,714,286.56517703942336,0.5,1.0,"(2, 2)",6050ea8a95817a2bfddc9d09
87.99969789364673,42.04733701603731,715,287.1901770394231,0.5,1.0,"(2, 2)",6050ea8a95817a2bfddc9d09
87.99979011904374,41.422337022842036,716,287.8151770394228,0.5,1.0,"(2, 2)",6050ea8a95817a2bfddc9d09
87.99988234444048,40.79733702964676,717,288.4401770394225,0.5,1.0,"(2, 2)",6050ea8a95817a2bfddc9d09
88.0175398903588,40.17955137049392,718,289.0582149909941,0.5,1.0,"(2, 2)",6050ea8a95817a2bfddc9d09
88.45676512879514,39.734909728359405,719,289.6832149909937,0.5,1.0,"(2, 2)",6050ea8a95817a2bfddc9d09
88.89599036723148,39.29026808622489,720,290.3082149909933,0.5,1.0,"(2, 2)",6050ea8a95817a2bfddc9d09
89.33521560566781,38.84562644409038,721,290.9332149909929,0.5,1.0,"(2, 2)",6050ea8a95817a2bfddc9d09
89.77444084410415,38.400984801955865,722,291.5582149909925,0.5,1.0,"(2, 2)",6050ea8a95817a2bfddc9d09
90.21366608254048,37.95634315982135,723,292.1832149909921,0.5,1.0,"(2, 2)",6050ea8a95817a2bfddc9d09
90.65289132097682,37.51170151768684,724,292.8082149909917,0.5,1.0,"(2, 2)",6050ea8a95817a2bfddc9d09
91.09211655941316,37.067059875552324,725,293.4332149909913,0.5,1.0,"(2, 2)",6050ea8a95817a2bfddc9d09
91.53134179784949,36.62241823341781,726,294.0582149909909,0.5,1.0,"(2, 2)",6050ea8a95817a2bfddc9d09
91.97056703628583,36.1777765912833,727,294.6832149909905,0.5,1.0,"(2, 2)",6050ea8a95817a2bfddc9d09
92.40979227472216,35.733134949148784,728,295.3082149909901,0.5,1.0,"(2, 2)",6050ea8a95817a2bfddc9d09
92.8490175131585,35.28849330701427,729,295.9332149909897,0.5,1.0,"(2, 2)",6050ea8a95817a2bfddc9d09
93.28824275159484,34.84385166487976,730,296.5582149909893,0.5,1.0,"(2, 2)",6050ea8a95817a2bfddc9d09
93.72746799003117,34.399210022745244,731,297.1832149909889,0.5,1.0,"(2, 2)",6050ea8a95817a2bfddc9d09
94.16669322846751,33.95456838061073,732,297.8082149909885,0.5,1.0,"(2, 2)",6050ea8a95817a2bfddc9d09
94.60591846690384,33.50992673847622,733,298.4332149909881,0.5,1.0,"(2, 2)",6050ea8a95817a2bfddc9d09
95.04514370534018,33.065285096341704,734,299.0582149909877,0.5,1.0,"(2, 2)",6050ea8a95817a2bfddc9d09
95.48436894377652,32.62064345420719,735,299.6832149909873,0.5,1.0,"(2, 2)",6050ea8a95817a2bfddc9d09
95.92359418221285,32.17600181207268,736,300.3082149909869,0.5,1.0,"(2, 2)",6050ea8a95817a2bfddc9d09
96.36281942064919,31.731360169938164,737,300.9332149909865,0.5,1.0,"(2, 2)",6050ea8a95817a2bfddc9d09
96.80204465908552,31.28671852780365,738,301.55821499098613,0.5,1.0,"(2, 2)",6050ea8a95817a2bfddc9d09
97.24126989752186,30.842076885669137,739,302.18321499098573,0.5,1.0,"(2, 2)",6050ea8a95817a2bfddc9d09
97.6804951359582,30.397435243534623,740,302.80821499098533,0.5,1.0,"(2, 2)",6050ea8a95817a2bfddc9d09
98.11972037439453,29.95279360140011,741,303.43321499098494,0.5,1.0,"(2, 2)",6050ea8a95817a2bfddc9d09
98.55894561283087,29.508151959265597,742,304.05821499098454,0.5,1.0,"(2, 2)",6050ea8a95817a2bfddc9d09
98.9981708512672,29.063510317131083,743,304.68321499098414,0.5,1.0,"(2, 2)",6050ea8a95817a2bfddc9d09
99.43739608970354,28.61886867499657,744,305.30821499098374,0.5,1.0,"(2, 2)",6050ea8a95817a2bfddc9d09
99.87662132813988,28.174227032862056,745,305.93321499098334,0.5,1.0,"(2, 2)",6050ea8a95817a2bfddc9d09
100.31584656657621,27.729585390727543,746,306.55821499098295,0.5,1.0,"(2, 2)",6050ea8a95817a2bfddc9d09
100.75507180501255,27.28494374859303,747,307.18321499098255,0.5,1.0,"(2, 2)",6050ea8a95817a2bfddc9d09
101.19429704344888,26.840302106458516,748,307.80821499098215,0.5,1.0,"(2, 2)",6050ea8a95817a2bfddc9d09
101.63352228188522,26.395660464324003,749,308.43321499098175,0.5,1.0,"(2, 2)",6050ea8a95817a2bfddc9d09
102.07274752032235,25.95101882218949,750,309.0582149909819,0.5,1.0,"(2, 2)",6050ea8a95817a2bfddc9d09
102.51197275875954,25.506377180055004,751,309.68321499098215,0.5,1.0,"(2, 2)",6050ea8a95817a2bfddc9d09
102.95119799719659,25.06173553792067,752,310.30821499098215,0.5,1.0,"(2, 2)",6050ea8a95817a2bfddc9d09
103.39042323563363,24.617093895786333,753,310.93321499098215,0.5,1.0,"(2, 2)",6050ea8a95817a2bfddc9d09
104.0,24.0,754,311.800618419539,0.5,1.0,"(2, 2)",6050ea8a95817a2bfddc9d09
104.0,24.0,755,311.800618419539,0.5,1.0,"(2, 2)",6050ea8a95817a2bfddc9d09
104.0,24.0,756,311.800618419539,0.5,1.0,"(2, 2)",6050ea8a95817a2bfddc9d09
104.0,24.0,757,311.800618419539,0.5,1.0,"(2, 2)",6050ea8a95817a2bfddc9d09
104.0,24.0,758,311.800618419539,0.5,1.0,"(2, 2)",6050ea8a95817a2bfddc9d09
104.0,24.0,759,311.800618419539,0.5,1.0,"(2, 2)",6050ea8a95817a2bfddc9d09
104.0,24.0,760,311.800618419539,0.5,1.0,"(2, 2)",6050ea8a95817a2bfddc9d09
104.0,24.0,761,311.800618419539,0.5,1.0,"(2, 2)",6050ea8a95817a2bfddc9d09
104.0,24.0,762,311.800618419539,0.5,1.0,"(2, 2)",6050ea8a95817a2bfddc9d09
104.0,24.0,763,311.800618419539,0.5,1.0,"(2, 2)",6050ea8a95817a2bfddc9d09
104.0,24.0,764,311.800618419539,0.5,1.0,"(2, 2)",6050ea8a95817a2bfddc9d09
104.0,24.0,765,311.800618419539,0.5,1.0,"(2, 2)",6050ea8a95817a2bfddc9d09
104.0,24.0,766,311.800618419539,0.5,1.0,"(2, 2)",6050ea8a95817a2bfddc9d09
104.0,24.0,767,311.800618419539,0.5,1.0,"(2, 2)",6050ea8a95817a2bfddc9d09
104.0,24.0,768,311.800618419539,0.5,1.0,"(2, 2)",6050ea8a95817a2bfddc9d09
104.0,24.0,769,311.800618419539,0.5,1.0,"(2, 2)",6050ea8a95817a2bfddc9d09
104.0,24.0,770,311.800618419539,0.5,1.0,"(2, 2)",6050ea8a95817a2bfddc9d09
104.0,24.0,771,311.800618419539,0.5,1.0,"(2, 2)",6050ea8a95817a2bfddc9d09
104.0,24.0,772,311.800618419539,0.5,1.0,"(2, 2)",6050ea8a95817a2bfddc9d09
104.0,24.0,773,311.800618419539,0.5,1.0,"(2, 2)",6050ea8a95817a2bfddc9d09
104.0,24.0,774,311.800618419539,0.5,1.0,"(2, 2)",6050ea8a95817a2bfddc9d09
104.0,24.0,775,311.800618419539,0.5,1.0,"(2, 2)",6050ea8a95817a2bfddc9d09
104.0,24.0,776,311.800618419539,0.5,1.0,"(2, 2)",6050ea8a95817a2bfddc9d09
104.0,24.0,777,311.800618419539,0.5,1.0,"(2, 2)",6050ea8a95817a2bfddc9d09
104.0,24.0,778,311.800618419539,0.5,1.0,"(2, 2)",6050ea8a95817a2bfddc9d09
104.0,24.0,779,311.800618419539,0.5,1.0,"(2, 2)",6050ea8a95817a2bfddc9d09
104.0,24.0,780,311.800618419539,0.5,1.0,"(2, 2)",6050ea8a95817a2bfddc9d09
104.0,24.0,781,311.800618419539,0.5,1.0,"(2, 2)",6050ea8a95817a2bfddc9d09
104.0,24.0,782,311.800618419539,0.5,1.0,"(2, 2)",6050ea8a95817a2bfddc9d09
104.0,24.0,783,311.800618419539,0.5,1.0,"(2, 2)",6050ea8a95817a2bfddc9d09
104.0,24.0,784,311.800618419539,0.5,1.0,"(2, 2)",6050ea8a95817a2bfddc9d09
104.0,24.0,785,311.800618419539,0.5,1.0,"(2, 2)",6050ea8a95817a2bfddc9d09
103.37500000000057,24.0,786,312.4256184195384,0.5,1.0,"(2, 2)",6050ea8a95817a2bfddc9d09
102.75000000000114,24.0,787,313.05061841953784,0.5,1.0,"(2, 2)",6050ea8a95817a2bfddc9d09
102.1250000000017,24.0,788,313.6756184195373,0.5,1.0,"(2, 2)",6050ea8a95817a2bfddc9d09
101.50000000000227,24.0,789,314.3006184195367,0.5,1.0,"(2, 2)",6050ea8a95817a2bfddc9d09
100.87500000000284,24.0,790,314.92561841953614,0.5,1.0,"(2, 2)",6050ea8a95817a2bfddc9d09
100.25000000000341,24.0,791,315.55061841953557,0.5,1.0,"(2, 2)",6050ea8a95817a2bfddc9d09
99.62500000000398,24.0,792,316.175618419535,0.5,1.0,"(2, 2)",6050ea8a95817a2bfddc9d09
99.00000000000455,24.0,793,316.80061841953443,0.5,1.0,"(2, 2)",6050ea8a95817a2bfddc9d09
98.37500000000512,24.0,794,317.42561841953386,0.5,1.0,"(2, 2)",6050ea8a95817a2bfddc9d09
97.75000000000568,24.0,795,318.0506184195333,0.5,1.0,"(2, 2)",6050ea8a95817a2bfddc9d09
97.12500000000625,24.0,796,318.6756184195327,0.5,1.0,"(2, 2)",6050ea8a95817a2bfddc9d09
96.50000000000682,24.0,797,319.30061841953216,0.5,1.0,"(2, 2)",6050ea8a95817a2bfddc9d09
95.87500000000739,24.0,798,319.9256184195316,0.5,1.0,"(2, 2)",6050ea8a95817a2bfddc9d09
95.25000000000796,24.0,799,320.550618419531,0.5,1.0,"(2, 2)",6050ea8a95817a2bfddc9d09
94.62500000000853,24.0,800,321.17561841953045,0.5,1.0,"(2, 2)",6050ea8a95817a2bfddc9d09
94.0000000000091,24.0,801,321.8006184195299,0.5,1.0,"(2, 2)",6050ea8a95817a2bfddc9d09
93.37500000000966,24.0,802,322.4256184195293,0.5,1.0,"(2, 2)",6050ea8a95817a2bfddc9d09
92.75000000001023,24.0,803,323.05061841952875,0.5,1.0,"(2, 2)",6050ea8a95817a2bfddc9d09
92.1250000000108,24.0,804,323.6756184195282,0.5,1.0,"(2, 2)",6050ea8a95817a2bfddc9d09
91.50000000001137,24.0,805,324.3006184195276,0.5,1.0,"(2, 2)",6050ea8a95817a2bfddc9d09
90.87500000001194,24.0,806,324.92561841952704,0.5,1.0,"(2, 2)",6050ea8a95817a2bfddc9d09
90.2500000000125,24.0,807,325.5506184195265,0.5,1.0,"(2, 2)",6050ea8a95817a2bfddc9d09
89.62500000001307,24.0,808,326.1756184195259,0.5,1.0,"(2, 2)",6050ea8a95817a2bfddc9d09
89.00000000001364,24.0,809,326.80061841952534,0.5,1.0,"(2, 2)",6050ea8a95817a2bfddc9d09
88.37500000001421,24.0,810,327.42561841952477,0.5,1.0,"(2, 2)",6050ea8a95817a2bfddc9d09
87.87808868441493,24.31188458816398,811,328.0122979333181,0.5,1.0,"(2, 2)",6050ea8a95817a2bfddc9d09
87.4334952821622,24.751158656000573,812,328.6372979333184,0.5,1.0,"(2, 2)",6050ea8a95817a2bfddc9d09
86.98890187990946,25.190432723837166,813,329.2622979333187,0.5,1.0,"(2, 2)",6050ea8a95817a2bfddc9d09
86.54430847765673,25.629706791673758,814,329.88729793331896,0.5,1.0,"(2, 2)",6050ea8a95817a2bfddc9d09
86.09971507540399,26.06898085951035,815,330.51229793331925,0.5,1.0,"(2, 2)",6050ea8a95817a2bfddc9d09
85.65512167315126,26.508254927346943,816,331.13729793331953,0.5,1.0,"(2, 2)",6050ea8a95817a2bfddc9d09
85.21052827089852,26.947528995183536,817,331.7622979333198,0.5,1.0,"(2, 2)",6050ea8a95817a2bfddc9d09
84.76593486864579,27.38680306302013,818,332.3872979333201,0.5,1.0,"(2, 2)",6050ea8a95817a2bfddc9d09
84.32134146639305,27.82607713085672,819,333.0122979333204,0.5,1.0,"(2, 2)",6050ea8a95817a2bfddc9d09
83.87674806414032,28.265351198693313,820,333.63729793332067,0.5,1.0,"(2, 2)",6050ea8a95817a2bfddc9d09
83.43215466188758,28.704625266529906,821,334.26229793332095,0.5,1.0,"(2, 2)",6050ea8a95817a2bfddc9d09
82.98756125963484,29.14389933436677,822,334.88729793332146,0.5,1.0,"(2, 2)",6050ea8a95817a2bfddc9d09
82.54296785738211,29.583173402203716,823,335.51229793332203,0.5,1.0,"(2, 2)",6050ea8a95817a2bfddc9d09
82.09837445512937,30.022447470040664,824,336.1372979333226,0.5,1.0,"(2, 2)",6050ea8a95817a2bfddc9d09
81.65378105287664,30.46172153787761,825,336.76229793332317,0.5,1.0,"(2, 2)",6050ea8a95817a2bfddc9d09
81.2091876506239,30.90099560571456,826,337.38729793332374,0.5,1.0,"(2, 2)",6050ea8a95817a2bfddc9d09
80.76459424837117,31.340269673551507,827,338.0122979333243,0.5,1.0,"(2, 2)",6050ea8a95817a2bfddc9d09
80.32000084611843,31.779543741388455,828,338.6372979333249,0.5,1.0,"(2, 2)",6050ea8a95817a2bfddc9d09
79.8754074438657,32.2188178092254,829,339.26229793332544,0.5,1.0,"(2, 2)",6050ea8a95817a2bfddc9d09
79.43081404161296,32.65809187706235,830,339.887297933326,0.5,1.0,"(2, 2)",6050ea8a95817a2bfddc9d09
78.98622063936045,33.097365944899295,831,340.5122979333264,0.5,1.0,"(2, 2)",6050ea8a95817a2bfddc9d09
78.54162723710837,33.53664001273624,832,341.13729793332647,0.5,1.0,"(2, 2)",6050ea8a95817a2bfddc9d09
78.09703383485629,33.97591408057319,833,341.7622979333265,0.5,1.0,"(2, 2)",6050ea8a95817a2bfddc9d09
77.65244043260421,34.41518814841014,834,342.3872979333266,0.5,1.0,"(2, 2)",6050ea8a95817a2bfddc9d09
77.20784703035213,34.854462216247086,835,343.01229793332664,0.5,1.0,"(2, 2)",6050ea8a95817a2bfddc9d09
76.76325362810005,35.293736284084034,836,343.6372979333267,0.5,1.0,"(2, 2)",6050ea8a95817a2bfddc9d09
76.31866022584796,35.73301035192098,837,344.26229793332675,0.5,1.0,"(2, 2)",6050ea8a95817a2bfddc9d09
75.87406682359588,36.17228441975793,838,344.8872979333268,0.5,1.0,"(2, 2)",6050ea8a95817a2bfddc9d09
75.4294734213438,36.61155848759488,839,345.51229793332686,0.5,1.0,"(2, 2)",6050ea8a95817a2bfddc9d09
74.98488001909172,37.050832555431825,840,346.1372979333269,0.5,1.0,"(2, 2)",6050ea8a95817a2bfddc9d09
74.54028661683964,37.49010662326877,841,346.762297933327,0.5,1.0,"(2, 2)",6050ea8a95817a2bfddc9d09
74.09569321458756,37.92938069110572,842,347.38729793332703,0.5,1.0,"(2, 2)",6050ea8a95817a2bfddc9d09
73.65109981233547,38.36865475894267,843,348.0122979333271,0.5,1.0,"(2, 2)",6050ea8a95817a2bfddc9d09
73.20650641008339,38.807928826779616,844,348.63729793332715,0.5,1.0,"(2, 2)",6050ea8a95817a2bfddc9d09
72.76191300783131,39.247202894616564,845,349.2622979333272,0.5,1.0,"(2, 2)",6050ea8a95817a2bfddc9d09
72.31731960557923,39.68647696245351,846,349.88729793332726,0.5,1.0,"(2, 2)",6050ea8a95817a2bfddc9d09
72.0,40.0,847,350.33337912230223,0.5,1.0,"(2, 2)",6050ea8a95817a2bfddc9d09
72.0,40.0,848,350.33337912230223,0.5,1.0,"(2, 2)",6050ea8a95817a2bfddc9d09
72.0,40.0,849,350.33337912230223,0.5,1.0,"(2, 2)",6050ea8a95817a2bfddc9d09
72.0,40.0,850,350.33337912230223,0.5,1.0,"(2, 2)",6050ea8a95817a2bfddc9d09
72.0,40.0,851,350.33337912230223,0.5,1.0,"(2, 2)",6050ea8a95817a2bfddc9d09
72.0,40.0,852,350.33337912230223,0.5,1.0,"(2, 2)",6050ea8a95817a2bfddc9d09
72.0,40.0,853,350.33337912230223,0.5,1.0,"(2, 2)",6050ea8a95817a2bfddc9d09
72.0,40.0,854,350.33337912230223,0.5,1.0,"(2, 2)",6050ea8a95817a2bfddc9d09
72.0,40.0,855,350.33337912230223,0.5,1.0,"(2, 2)",6050ea8a95817a2bfddc9d09
72.0,40.0,856,350.33337912230223,0.5,1.0,"(2, 2)",6050ea8a95817a2bfddc9d09
72.0,40.0,857,350.33337912230223,0.5,1.0,"(2, 2)",6050ea8a95817a2bfddc9d09
72.0,40.0,858,350.33337912230223,0.5,1.0,"(2, 2)",6050ea8a95817a2bfddc9d09
72.0,40.0,859,350.33337912230223,0.5,1.0,"(2, 2)",6050ea8a95817a2bfddc9d09
72.0,40.0,860,350.33337912230223,0.5,1.0,"(2, 2)",6050ea8a95817a2bfddc9d09
72.0,40.0,861,350.33337912230223,0.5,1.0,"(2, 2)",6050ea8a95817a2bfddc9d09
72.0,40.0,862,350.33337912230223,0.5,1.0,"(2, 2)",6050ea8a95817a2bfddc9d09
72.0,40.0,863,350.33337912230223,0.5,1.0,"(2, 2)",6050ea8a95817a2bfddc9d09
72.0,40.0,864,350.33337912230223,0.5,1.0,"(2, 2)",6050ea8a95817a2bfddc9d09
72.0,40.0,865,350.33337912230223,0.5,1.0,"(2, 2)",6050ea8a95817a2bfddc9d09
72.0,40.0,866,350.33337912230223,0.5,1.0,"(2, 2)",6050ea8a95817a2bfddc9d09
72.0,40.0,867,350.33337912230223,0.5,1.0,"(2, 2)",6050ea8a95817a2bfddc9d09
72.0,40.0,868,350.33337912230223,0.5,1.0,"(2, 2)",6050ea8a95817a2bfddc9d09
72.0,40.0,869,350.33337912230223,0.5,1.0,"(2, 2)",6050ea8a95817a2bfddc9d09
72.0,40.0,870,350.33337912230223,0.5,1.0,"(2, 2)",6050ea8a95817a2bfddc9d09
72.0,40.0,871,350.33337912230223,0.5,1.0,"(2, 2)",6050ea8a95817a2bfddc9d09
72.0,40.0,872,350.33337912230223,0.5,1.0,"(2, 2)",6050ea8a95817a2bfddc9d09
72.0,40.0,873,350.33337912230223,0.5,1.0,"(2, 2)",6050ea8a95817a2bfddc9d09
72.0,40.0,874,350.33337912230223,0.5,1.0,"(2, 2)",6050ea8a95817a2bfddc9d09
72.0,40.0,875,350.33337912230223,0.5,1.0,"(2, 2)",6050ea8a95817a2bfddc9d09
72.0,40.0,876,350.33337912230223,0.5,1.0,"(2, 2)",6050ea8a95817a2bfddc9d09
72.0,40.0,877,350.33337912230223,0.5,1.0,"(2, 2)",6050ea8a95817a2bfddc9d09
72.0,40.0,878,350.33337912230223,0.5,1.0,"(2, 2)",6050ea8a95817a2bfddc9d09
72.0,40.0,879,350.33337912230223,0.5,1.0,"(2, 2)",6050ea8a95817a2bfddc9d09
72.0,40.0,880,350.33337912230223,0.5,1.0,"(2, 2)",6050ea8a95817a2bfddc9d09
72.0,40.0,881,350.33337912230223,0.5,1.0,"(2, 2)",6050ea8a95817a2bfddc9d09
72.0,40.0,882,350.33337912230223,0.5,1.0,"(2, 2)",6050ea8a95817a2bfddc9d09
72.0,40.0,883,350.33337912230223,0.5,1.0,"(2, 2)",6050ea8a95817a2bfddc9d09
72.0,40.0,884,350.33337912230223,0.5,1.0,"(2, 2)",6050ea8a95817a2bfddc9d09
72.0,40.0,885,350.33337912230223,0.5,1.0,"(2, 2)",6050ea8a95817a2bfddc9d09
72.0,40.0,886,350.33337912230223,0.5,1.0,"(2, 2)",6050ea8a95817a2bfddc9d09
72.0,40.0,887,350.33337912230223,0.5,1.0,"(2, 2)",6050ea8a95817a2bfddc9d09
72.0,40.0,888,350.33337912230223,0.5,1.0,"(2, 2)",6050ea8a95817a2bfddc9d09
72.0,40.0,889,350.33337912230223,0.5,1.0,"(2, 2)",6050ea8a95817a2bfddc9d09
72.0,40.0,890,350.33337912230223,0.5,1.0,"(2, 2)",6050ea8a95817a2bfddc9d09
72.0,40.0,891,350.33337912230223,0.5,1.0,"(2, 2)",6050ea8a95817a2bfddc9d09
72.0,40.0,892,350.33337912230223,0.5,1.0,"(2, 2)",6050ea8a95817a2bfddc9d09
72.0,40.0,893,350.33337912230223,0.5,1.0,"(2, 2)",6050ea8a95817a2bfddc9d09
72.0,40.0,894,350.33337912230223,0.5,1.0,"(2, 2)",6050ea8a95817a2bfddc9d09
72.0,40.0,895,350.33337912230223,0.5,1.0,"(2, 2)",6050ea8a95817a2bfddc9d09
72.0,40.0,896,350.33337912230223,0.5,1.0,"(2, 2)",6050ea8a95817a2bfddc9d09
72.0,40.0,897,350.33337912230223,0.5,1.0,"(2, 2)",6050ea8a95817a2bfddc9d09
72.0,40.0,898,350.33337912230223,0.5,1.0,"(2, 2)",6050ea8a95817a2bfddc9d09
72.0,40.0,899,350.33337912230223,0.5,1.0,"(2, 2)",6050ea8a95817a2bfddc9d09
72.0,40.0,900,350.33337912230223,0.5,1.0,"(2, 2)",6050ea8a95817a2bfddc9d09
72.0,40.0,901,350.33337912230223,0.5,1.0,"(2, 2)",6050ea8a95817a2bfddc9d09
72.0,40.0,902,350.33337912230223,0.5,1.0,"(2, 2)",6050ea8a95817a2bfddc9d09
72.0,40.0,903,350.33337912230223,0.5,1.0,"(2, 2)",6050ea8a95817a2bfddc9d09
72.0,40.0,904,350.33337912230223,0.5,1.0,"(2, 2)",6050ea8a95817a2bfddc9d09
72.0,40.0,905,350.33337912230223,0.5,1.0,"(2, 2)",6050ea8a95817a2bfddc9d09
72.0,40.0,906,350.33337912230223,0.5,1.0,"(2, 2)",6050ea8a95817a2bfddc9d09
72.0,40.0,907,350.33337912230223,0.5,1.0,"(2, 2)",6050ea8a95817a2bfddc9d09
72.0,40.0,908,350.33337912230223,0.5,1.0,"(2, 2)",6050ea8a95817a2bfddc9d09
72.0,40.0,909,350.33337912230223,0.5,1.0,"(2, 2)",6050ea8a95817a2bfddc9d09
72.0,40.0,910,350.33337912230223,0.5,1.0,"(2, 2)",6050ea8a95817a2bfddc9d09
72.0,40.0,911,350.33337912230223,0.5,1.0,"(2, 2)",6050ea8a95817a2bfddc9d09
72.0,40.0,912,350.33337912230223,0.5,1.0,"(2, 2)",6050ea8a95817a2bfddc9d09
72.0,40.0,913,350.33337912230223,0.5,1.0,"(2, 2)",6050ea8a95817a2bfddc9d09
72.0,40.0,914,350.33337912230223,0.5,1.0,"(2, 2)",6050ea8a95817a2bfddc9d09
72.0,40.0,915,350.33337912230223,0.5,1.0,"(2, 2)",6050ea8a95817a2bfddc9d09
72.0,40.0,916,350.33337912230223,0.5,1.0,"(2, 2)",6050ea8a95817a2bfddc9d09
72.0,40.0,917,350.33337912230223,0.5,1.0,"(2, 2)",6050ea8a95817a2bfddc9d09
72.0,40.0,918,350.33337912230223,0.5,1.0,"(2, 2)",6050ea8a95817a2bfddc9d09
72.0,40.0,919,350.33337912230223,0.5,1.0,"(2, 2)",6050ea8a95817a2bfddc9d09
72.0,40.0,920,350.33337912230223,0.5,1.0,"(2, 2)",6050ea8a95817a2bfddc9d09
72.0,40.0,921,350.33337912230223,0.5,1.0,"(2, 2)",6050ea8a95817a2bfddc9d09
72.0,40.0,922,350.33337912230223,0.5,1.0,"(2, 2)",6050ea8a95817a2bfddc9d09
72.0,40.0,923,350.33337912230223,0.5,1.0,"(2, 2)",6050ea8a95817a2bfddc9d09
72.0,40.0,924,350.33337912230223,0.5,1.0,"(2, 2)",6050ea8a95817a2bfddc9d09
72.0,40.0,925,350.33337912230223,0.5,1.0,"(2, 2)",6050ea8a95817a2bfddc9d09
72.0,40.0,926,350.33337912230223,0.5,1.0,"(2, 2)",6050ea8a95817a2bfddc9d09
72.0,40.0,927,350.33337912230223,0.5,1.0,"(2, 2)",6050ea8a95817a2bfddc9d09
72.0,40.0,928,350.33337912230223,0.5,1.0,"(2, 2)",6050ea8a95817a2bfddc9d09
72.0,40.0,929,350.33337912230223,0.5,1.0,"(2, 2)",6050ea8a95817a2bfddc9d09
72.0,40.0,930,350.33337912230223,0.5,1.0,"(2, 2)",6050ea8a95817a2bfddc9d09
72.0,40.0,931,350.33337912230223,0.5,1.0,"(2, 2)",6050ea8a95817a2bfddc9d09
72.0,40.0,932,350.33337912230223,0.5,1.0,"(2, 2)",6050ea8a95817a2bfddc9d09
72.0,40.0,933,350.33337912230223,0.5,1.0,"(2, 2)",6050ea8a95817a2bfddc9d09
72.0,40.0,934,350.33337912230223,0.5,1.0,"(2, 2)",6050ea8a95817a2bfddc9d09
72.0,40.0,935,350.33337912230223,0.5,1.0,"(2, 2)",6050ea8a95817a2bfddc9d09
72.0,40.0,936,350.33337912230223,0.5,1.0,"(2, 2)",6050ea8a95817a2bfddc9d09
72.0,40.0,937,350.33337912230223,0.5,1.0,"(2, 2)",6050ea8a95817a2bfddc9d09
72.0,40.0,938,350.33337912230223,0.5,1.0,"(2, 2)",6050ea8a95817a2bfddc9d09
72.0,40.0,939,350.33337912230223,0.5,1.0,"(2, 2)",6050ea8a95817a2bfddc9d09
72.0,40.0,940,350.33337912230223,0.5,1.0,"(2, 2)",6050ea8a95817a2bfddc9d09
72.0,40.0,941,350.33337912230223,0.5,1.0,"(2, 2)",6050ea8a95817a2bfddc9d09
72.0,40.0,942,350.33337912230223,0.5,1.0,"(2, 2)",6050ea8a95817a2bfddc9d09
72.0,40.0,943,350.33337912230223,0.5,1.0,"(2, 2)",6050ea8a95817a2bfddc9d09
72.0,40.0,944,350.33337912230223,0.5,1.0,"(2, 2)",6050ea8a95817a2bfddc9d09
72.0,40.0,945,350.33337912230223,0.5,1.0,"(2, 2)",6050ea8a95817a2bfddc9d09
72.0,40.0,946,350.33337912230223,0.5,1.0,"(2, 2)",6050ea8a95817a2bfddc9d09
72.0,40.0,947,350.33337912230223,0.5,1.0,"(2, 2)",6050ea8a95817a2bfddc9d09
72.0,40.0,948,350.33337912230223,0.5,1.0,"(2, 2)",6050ea8a95817a2bfddc9d09
72.0,40.0,949,350.33337912230223,0.5,1.0,"(2, 2)",6050ea8a95817a2bfddc9d09
72.0,40.0,950,350.33337912230223,0.5,1.0,"(2, 2)",6050ea8a95817a2bfddc9d09
72.0,40.0,951,350.33337912230223,0.5,1.0,"(2, 2)",6050ea8a95817a2bfddc9d09
72.0,40.0,952,350.33337912230223,0.5,1.0,"(2, 2)",6050ea8a95817a2bfddc9d09
72.0,40.0,953,350.33337912230223,0.5,1.0,"(2, 2)",6050ea8a95817a2bfddc9d09
72.0,40.0,954,350.33337912230223,0.5,1.0,"(2, 2)",6050ea8a95817a2bfddc9d09
72.0,40.0,955,350.33337912230223,0.5,1.0,"(2, 2)",6050ea8a95817a2bfddc9d09
72.0,40.0,956,350.33337912230223,0.5,1.0,"(2, 2)",6050ea8a95817a2bfddc9d09
72.0,40.0,957,350.33337912230223,0.5,1.0,"(2, 2)",6050ea8a95817a2bfddc9d09
72.0,40.0,958,350.33337912230223,0.5,1.0,"(2, 2)",6050ea8a95817a2bfddc9d09
72.0,40.0,959,350.33337912230223,0.5,1.0,"(2, 2)",6050ea8a95817a2bfddc9d09
72.0,40.0,960,350.33337912230223,0.5,1.0,"(2, 2)",6050ea8a95817a2bfddc9d09
72.0,40.0,961,350.33337912230223,0.5,1.0,"(2, 2)",6050ea8a95817a2bfddc9d09
72.0,40.0,962,350.33337912230223,0.5,1.0,"(2, 2)",6050ea8a95817a2bfddc9d09
72.0,40.0,963,350.33337912230223,0.5,1.0,"(2, 2)",6050ea8a95817a2bfddc9d09
72.0,40.0,964,350.33337912230223,0.5,1.0,"(2, 2)",6050ea8a95817a2bfddc9d09
72.0,40.0,965,350.33337912230223,0.5,1.0,"(2, 2)",6050ea8a95817a2bfddc9d09
72.0,40.0,966,350.33337912230223,0.5,1.0,"(2, 2)",6050ea8a95817a2bfddc9d09
72.0,40.0,967,350.33337912230223,0.5,1.0,"(2, 2)",6050ea8a95817a2bfddc9d09
72.0,40.0,968,350.33337912230223,0.5,1.0,"(2, 2)",6050ea8a95817a2bfddc9d09
72.0,40.0,969,350.33337912230223,0.5,1.0,"(2, 2)",6050ea8a95817a2bfddc9d09
72.0,40.0,970,350.33337912230223,0.5,1.0,"(2, 2)",6050ea8a95817a2bfddc9d09
72.44194173824224,40.441941738241525,971,350.95837912230263,0.5,1.0,"(2, 2)",6050ea8a95817a2bfddc9d09
72.88388347648447,40.88388347648305,972,351.58337912230303,0.5,1.0,"(2, 2)",6050ea8a95817a2bfddc9d09
73.3258252147267,41.325825214724574,973,352.2083791223034,0.5,1.0,"(2, 2)",6050ea8a95817a2bfddc9d09
73.76776695296894,41.7677669529661,974,352.8333791223038,0.5,1.0,"(2, 2)",6050ea8a95817a2bfddc9d09
74.20970869121118,42.209708691207624,975,353.4583791223042,0.5,1.0,"(2, 2)",6050ea8a95817a2bfddc9d09
74.65165042945323,42.65165042944915,976,354.0833791223045,0.5,1.0,"(2, 2)",6050ea8a95817a2bfddc9d09
75.09359216769462,43.09359216769067,977,354.70837912230434,0.5,1.0,"(2, 2)",6050ea8a95817a2bfddc9d09
75.535533905936,43.5355339059322,978,355.33337912230417,0.5,1.0,"(2, 2)",6050ea8a95817a2bfddc9d09
75.97747564417739,43.97747564417372,979,355.958379122304,0.5,1.0,"(2, 2)",6050ea8a95817a2bfddc9d09
76.41941738241879,44.41941738241525,980,356.5833791223038,0.5,1.0,"(2, 2)",6050ea8a95817a2bfddc9d09
76.86135912066018,44.86135912065677,981,357.20837912230365,0.5,1.0,"(2, 2)",6050ea8a95817a2bfddc9d09
77.30330085890157,45.3033008588983,982,357.8333791223035,0.5,1.0,"(2, 2)",6050ea8a95817a2bfddc9d09
77.74524259714295,45.74524259713982,983,358.4583791223033,0.5,1.0,"(2, 2)",6050ea8a95817a2bfddc9d09
78.18718433538434,46.187184335381346,984,359.08337912230314,0.5,1.0,"(2, 2)",6050ea8a95817a2bfddc9d09
78.62912607362574,46.62912607362287,985,359.708379122303,0.5,1.0,"(2, 2)",6050ea8a95817a2bfddc9d09
79.07106781186712,47.071067811864395,986,360.3333791223028,0.5,1.0,"(2, 2)",6050ea8a95817a2bfddc9d09
79.5130095501085,47.51300955010592,987,360.95837912230263,0.5,1.0,"(2, 2)",6050ea8a95817a2bfddc9d09
79.9549512883499,47.954951288347445,988,361.58337912230246,0.5,1.0,"(2, 2)",6050ea8a95817a2bfddc9d09
72.0,40.0,989,372.83337912230246,0.5,1.0,"(2, 2)",6050ea8a95817a2bfddc9d09
72.0,40.0,990,372.83337912230246,0.5,1.0,"(2, 2)",6050ea8a95817a2bfddc9d09
72.0,40.0,991,372.83337912230246,0.5,1.0,"(2, 2)",6050ea8a95817a2bfddc9d09
72.0,40.0,992,372.83337912230246,0.5,1.0,"(2, 2)",6050ea8a95817a2bfddc9d09
72.0,40.0,993,372.83337912230246,0.5,1.0,"(2, 2)",6050ea8a95817a2bfddc9d09
72.0,40.0,994,372.83337912230246,0.5,1.0,"(2, 2)",6050ea8a95817a2bfddc9d09
72.0,40.0,995,372.83337912230246,0.5,1.0,"(2, 2)",6050ea8a95817a2bfddc9d09
72.0,40.0,996,372.83337912230246,0.5,1.0,"(2, 2)",6050ea8a95817a2bfddc9d09
72.0,40.0,997,372.83337912230246,0.5,1.0,"(2, 2)",6050ea8a95817a2bfddc9d09
72.0,40.0,998,372.83337912230246,0.5,1.0,"(2, 2)",6050ea8a95817a2bfddc9d09
72.0,40.0,999,372.83337912230246,0.5,1.0,"(2, 2)",6050ea8a95817a2bfddc9d09
72.0,40.0,1000,372.83337912230246,0.5,1.0,"(2, 2)",6050ea8a95817a2bfddc9d09
72.0,40.0,1001,372.83337912230246,0.5,1.0,"(2, 2)",6050ea8a95817a2bfddc9d09
72.0,40.0,1002,372.83337912230246,0.5,1.0,"(2, 2)",6050ea8a95817a2bfddc9d09
72.0,40.0,1003,372.83337912230246,0.5,1.0,"(2, 2)",6050ea8a95817a2bfddc9d09
72.0,40.0,1004,372.83337912230246,0.5,1.0,"(2, 2)",6050ea8a95817a2bfddc9d09
72.0,40.0,1005,372.83337912230246,0.5,1.0,"(2, 2)",6050ea8a95817a2bfddc9d09
72.0,40.0,1006,372.83337912230246,0.5,1.0,"(2, 2)",6050ea8a95817a2bfddc9d09
72.0,40.0,1007,372.83337912230246,0.5,1.0,"(2, 2)",6050ea8a95817a2bfddc9d09
72.0,40.0,1008,372.83337912230246,0.5,1.0,"(2, 2)",6050ea8a95817a2bfddc9d09
72.0,40.0,1009,372.83337912230246,0.5,1.0,"(2, 2)",6050ea8a95817a2bfddc9d09
72.0,40.0,1010,372.83337912230246,0.5,1.0,"(2, 2)",6050ea8a95817a2bfddc9d09
72.0,40.0,1011,372.83337912230246,0.5,1.0,"(2, 2)",6050ea8a95817a2bfddc9d09
72.0,40.0,1012,372.83337912230246,0.5,1.0,"(2, 2)",6050ea8a95817a2bfddc9d09
72.0,40.0,1013,372.83337912230246,0.5,1.0,"(2, 2)",6050ea8a95817a2bfddc9d09
72.0,40.0,1014,372.83337912230246,0.5,1.0,"(2, 2)",6050ea8a95817a2bfddc9d09
72.0,40.0,1015,372.83337912230246,0.5,1.0,"(2, 2)",6050ea8a95817a2bfddc9d09
72.0,40.0,1016,372.83337912230246,0.5,1.0,"(2, 2)",6050ea8a95817a2bfddc9d09
72.0,40.0,1017,372.83337912230246,0.5,1.0,"(2, 2)",6050ea8a95817a2bfddc9d09
72.0,40.0,1018,372.83337912230246,0.5,1.0,"(2, 2)",6050ea8a95817a2bfddc9d09
72.0,40.0,1019,372.83337912230246,0.5,1.0,"(2, 2)",6050ea8a95817a2bfddc9d09
72.0,40.0,1020,372.83337912230246,0.5,1.0,"(2, 2)",6050ea8a95817a2bfddc9d09
72.0,40.0,1021,372.83337912230246,0.5,1.0,"(2, 2)",6050ea8a95817a2bfddc9d09
72.0,40.0,1022,372.83337912230246,0.5,1.0,"(2, 2)",6050ea8a95817a2bfddc9d09
72.0,40.0,1023,372.83337912230246,0.5,1.0,"(2, 2)",6050ea8a95817a2bfddc9d09
72.0,40.0,1024,372.83337912230246,0.5,1.0,"(2, 2)",6050ea8a95817a2bfddc9d09
72.0,40.0,1025,372.83337912230246,0.5,1.0,"(2, 2)",6050ea8a95817a2bfddc9d09
72.0,40.0,1026,372.83337912230246,0.5,1.0,"(2, 2)",6050ea8a95817a2bfddc9d09
72.0,40.0,1027,372.83337912230246,0.5,1.0,"(2, 2)",6050ea8a95817a2bfddc9d09
72.0,40.0,1028,372.83337912230246,0.5,1.0,"(2, 2)",6050ea8a95817a2bfddc9d09
72.0,40.0,1029,372.83337912230246,0.5,1.0,"(2, 2)",6050ea8a95817a2bfddc9d09
72.0,40.0,1030,372.83337912230246,0.5,1.0,"(2, 2)",6050ea8a95817a2bfddc9d09
72.0,40.0,1031,372.83337912230246,0.5,1.0,"(2, 2)",6050ea8a95817a2bfddc9d09
72.0,40.0,1032,372.83337912230246,0.5,1.0,"(2, 2)",6050ea8a95817a2bfddc9d09
72.0,40.0,1033,372.83337912230246,0.5,1.0,"(2, 2)",6050ea8a95817a2bfddc9d09
72.0,40.0,1034,372.83337912230246,0.5,1.0,"(2, 2)",6050ea8a95817a2bfddc9d09
72.0,40.0,1035,372.83337912230246,0.5,1.0,"(2, 2)",6050ea8a95817a2bfddc9d09
72.0,40.0,1036,372.83337912230246,0.5,1.0,"(2, 2)",6050ea8a95817a2bfddc9d09
72.0,40.0,1037,372.83337912230246,0.5,1.0,"(2, 2)",6050ea8a95817a2bfddc9d09
72.0,40.0,1038,372.83337912230246,0.5,1.0,"(2, 2)",6050ea8a95817a2bfddc9d09
72.0,40.0,1039,372.83337912230246,0.5,1.0,"(2, 2)",6050ea8a95817a2bfddc9d09
72.0,40.0,1040,372.83337912230246,0.5,1.0,"(2, 2)",6050ea8a95817a2bfddc9d09
72.0,40.0,1041,372.83337912230246,0.5,1.0,"(2, 2)",6050ea8a95817a2bfddc9d09
72.0,40.0,1042,372.83337912230246,0.5,1.0,"(2, 2)",6050ea8a95817a2bfddc9d09
72.0,40.0,1043,372.83337912230246,0.5,1.0,"(2, 2)",6050ea8a95817a2bfddc9d09
72.0,40.0,1044,372.83337912230246,0.5,1.0,"(2, 2)",6050ea8a95817a2bfddc9d09
72.0,40.0,1045,372.83337912230246,0.5,1.0,"(2, 2)",6050ea8a95817a2bfddc9d09
72.0,40.0,1046,372.83337912230246,0.5,1.0,"(2, 2)",6050ea8a95817a2bfddc9d09
72.0,40.0,1047,372.83337912230246,0.5,1.0,"(2, 2)",6050ea8a95817a2bfddc9d09
72.0,40.0,1048,372.83337912230246,0.5,1.0,"(2, 2)",6050ea8a95817a2bfddc9d09
72.0,40.0,1049,372.83337912230246,0.5,1.0,"(2, 2)",6050ea8a95817a2bfddc9d09
72.0,40.0,1050,372.83337912230246,0.5,1.0,"(2, 2)",6050ea8a95817a2bfddc9d09
72.0,40.0,1051,372.83337912230246,0.5,1.0,"(2, 2)",6050ea8a95817a2bfddc9d09
72.0,40.0,1052,372.83337912230246,0.5,1.0,"(2, 2)",6050ea8a95817a2bfddc9d09
72.0,40.0,1053,372.83337912230246,0.5,1.0,"(2, 2)",6050ea8a95817a2bfddc9d09
72.0,40.0,1054,372.83337912230246,0.5,1.0,"(2, 2)",6050ea8a95817a2bfddc9d09
72.0,40.0,1055,372.83337912230246,0.5,1.0,"(2, 2)",6050ea8a95817a2bfddc9d09
72.0,40.0,1056,372.83337912230246,0.5,1.0,"(2, 2)",6050ea8a95817a2bfddc9d09
72.0,40.0,1057,372.83337912230246,0.5,1.0,"(2, 2)",6050ea8a95817a2bfddc9d09
72.0,40.0,1058,372.83337912230246,0.5,1.0,"(2, 2)",6050ea8a95817a2bfddc9d09
72.0,40.0,1059,372.83337912230246,0.5,1.0,"(2, 2)",6050ea8a95817a2bfddc9d09
72.0,40.0,1060,372.83337912230246,0.5,1.0,"(2, 2)",6050ea8a95817a2bfddc9d09
72.0,40.0,1061,372.83337912230246,0.5,1.0,"(2, 2)",6050ea8a95817a2bfddc9d09
72.0,40.0,1062,372.83337912230246,0.5,1.0,"(2, 2)",6050ea8a95817a2bfddc9d09
72.0,40.0,1063,372.83337912230246,0.5,1.0,"(2, 2)",6050ea8a95817a2bfddc9d09
72.0,40.0,1064,372.83337912230246,0.5,1.0,"(2, 2)",6050ea8a95817a2bfddc9d09
72.0,40.0,1065,372.83337912230246,0.5,1.0,"(2, 2)",6050ea8a95817a2bfddc9d09
72.0,40.0,1066,372.83337912230246,0.5,1.0,"(2, 2)",6050ea8a95817a2bfddc9d09
72.0,40.0,1067,372.83337912230246,0.5,1.0,"(2, 2)",6050ea8a95817a2bfddc9d09
72.0,40.0,1068,372.83337912230246,0.5,1.0,"(2, 2)",6050ea8a95817a2bfddc9d09
72.0,40.0,1069,372.83337912230246,0.5,1.0,"(2, 2)",6050ea8a95817a2bfddc9d09
72.0,40.0,1070,372.83337912230246,0.5,1.0,"(2, 2)",6050ea8a95817a2bfddc9d09
72.0,40.0,1071,372.83337912230246,0.5,1.0,"(2, 2)",6050ea8a95817a2bfddc9d09
72.0,40.0,1072,372.83337912230246,0.5,1.0,"(2, 2)",6050ea8a95817a2bfddc9d09
72.0,40.0,1073,372.83337912230246,0.5,1.0,"(2, 2)",6050ea8a95817a2bfddc9d09
72.0,40.0,1074,372.83337912230246,0.5,1.0,"(2, 2)",6050ea8a95817a2bfddc9d09
72.0,40.0,1075,372.83337912230246,0.5,1.0,"(2, 2)",6050ea8a95817a2bfddc9d09
72.0,40.0,1076,372.83337912230246,0.5,1.0,"(2, 2)",6050ea8a95817a2bfddc9d09
72.0,40.0,1077,372.83337912230246,0.5,1.0,"(2, 2)",6050ea8a95817a2bfddc9d09
72.0,40.0,1078,372.83337912230246,0.5,1.0,"(2, 2)",6050ea8a95817a2bfddc9d09
72.0,40.0,1079,372.83337912230246,0.5,1.0,"(2, 2)",6050ea8a95817a2bfddc9d09
72.0,40.0,1080,372.83337912230246,0.5,1.0,"(2, 2)",6050ea8a95817a2bfddc9d09
72.0,40.0,1081,372.83337912230246,0.5,1.0,"(2, 2)",6050ea8a95817a2bfddc9d09
72.0,40.0,1082,372.83337912230246,0.5,1.0,"(2, 2)",6050ea8a95817a2bfddc9d09
72.0,40.0,1083,372.83337912230246,0.5,1.0,"(2, 2)",6050ea8a95817a2bfddc9d09
72.0,40.0,1084,372.83337912230246,0.5,1.0,"(2, 2)",6050ea8a95817a2bfddc9d09
72.0,40.0,1085,372.83337912230246,0.5,1.0,"(2, 2)",6050ea8a95817a2bfddc9d09
72.0,40.0,1086,372.83337912230246,0.5,1.0,"(2, 2)",6050ea8a95817a2bfddc9d09
72.0,40.0,1087,372.83337912230246,0.5,1.0,"(2, 2)",6050ea8a95817a2bfddc9d09
72.44194173824224,40.441941738241525,1088,373.45837912230286,0.5,1.0,"(2, 2)",6050ea8a95817a2bfddc9d09
72.88388347648447,40.88388347648305,1089,374.08337912230326,0.5,1.0,"(2, 2)",6050ea8a95817a2bfddc9d09
73.3258252147267,41.325825214724574,1090,374.70837912230365,0.5,1.0,"(2, 2)",6050ea8a95817a2bfddc9d09
73.76776695296894,41.7677669529661,1091,375.33337912230405,0.5,1.0,"(2, 2)",6050ea8a95817a2bfddc9d09
74.20970869121118,42.209708691207624,1092,375.95837912230445,0.5,1.0,"(2, 2)",6050ea8a95817a2bfddc9d09
74.65165042945323,42.65165042944915,1093,376.58337912230473,0.5,1.0,"(2, 2)",6050ea8a95817a2bfddc9d09
75.09359216769462,43.09359216769067,1094,377.20837912230456,0.5,1.0,"(2, 2)",6050ea8a95817a2bfddc9d09
75.535533905936,43.5355339059322,1095,377.8333791223044,0.5,1.0,"(2, 2)",6050ea8a95817a2bfddc9d09
75.97747564417739,43.97747564417372,1096,378.4583791223042,0.5,1.0,"(2, 2)",6050ea8a95817a2bfddc9d09
76.41941738241879,44.41941738241525,1097,379.08337912230405,0.5,1.0,"(2, 2)",6050ea8a95817a2bfddc9d09
76.86135912066018,44.86135912065677,1098,379.7083791223039,0.5,1.0,"(2, 2)",6050ea8a95817a2bfddc9d09
77.30330085890157,45.3033008588983,1099,380.3333791223037,0.5,1.0,"(2, 2)",6050ea8a95817a2bfddc9d09
77.74524259714295,45.74524259713982,1100,380.95837912230354,0.5,1.0,"(2, 2)",6050ea8a95817a2bfddc9d09
78.18718433538434,46.187184335381346,1101,381.58337912230337,0.5,1.0,"(2, 2)",6050ea8a95817a2bfddc9d09
78.62912607362574,46.62912607362287,1102,382.2083791223032,0.5,1.0,"(2, 2)",6050ea8a95817a2bfddc9d09
79.07106781186712,47.071067811864395,1103,382.83337912230303,0.5,1.0,"(2, 2)",6050ea8a95817a2bfddc9d09
79.5130095501085,47.51300955010592,1104,383.45837912230286,0.5,1.0,"(2, 2)",6050ea8a95817a2bfddc9d09
79.9549512883499,47.954951288347445,1105,384.0833791223027,0.5,1.0,"(2, 2)",6050ea8a95817a2bfddc9d09
80.3968930265913,48.39689302658897,1106,384.7083791223025,0.5,1.0,"(2, 2)",6050ea8a95817a2bfddc9d09
80.83883476483268,48.838834764830494,1107,385.33337912230235,0.5,1.0,"(2, 2)",6050ea8a95817a2bfddc9d09
81.28077650307407,49.28077650307202,1108,385.9583791223022,0.5,1.0,"(2, 2)",6050ea8a95817a2bfddc9d09
81.72271824131546,49.722718241313544,1109,386.583379122302,0.5,1.0,"(2, 2)",6050ea8a95817a2bfddc9d09
82.16465997955686,50.16465997955507,1110,387.20837912230184,0.5,1.0,"(2, 2)",6050ea8a95817a2bfddc9d09
82.60660171779824,50.60660171779659,1111,387.83337912230166,0.5,1.0,"(2, 2)",6050ea8a95817a2bfddc9d09
83.04854345603962,51.04854345603812,1112,388.4583791223015,0.5,1.0,"(2, 2)",6050ea8a95817a2bfddc9d09
83.49048519428102,51.49048519427964,1113,389.0833791223013,0.5,1.0,"(2, 2)",6050ea8a95817a2bfddc9d09
83.93242693252242,51.93242693252117,1114,389.70837912230115,0.5,1.0,"(2, 2)",6050ea8a95817a2bfddc9d09
84.3743686707638,52.37436867076269,1115,390.333379122301,0.5,1.0,"(2, 2)",6050ea8a95817a2bfddc9d09
84.81631040900518,52.81631040900422,1116,390.9583791223008,0.5,1.0,"(2, 2)",6050ea8a95817a2bfddc9d09
85.25825214724658,53.25825214724574,1117,391.58337912230064,0.5,1.0,"(2, 2)",6050ea8a95817a2bfddc9d09
85.70019388548798,53.700193885487266,1118,392.20837912230047,0.5,1.0,"(2, 2)",6050ea8a95817a2bfddc9d09
86.14213562372936,54.14213562372879,1119,392.8333791223003,0.5,1.0,"(2, 2)",6050ea8a95817a2bfddc9d09
86.58407736197076,54.584077361970316,1120,393.45837912230013,0.5,1.0,"(2, 2)",6050ea8a95817a2bfddc9d09
87.02601910021214,55.02601910021184,1121,394.08337912229996,0.5,1.0,"(2, 2)",6050ea8a95817a2bfddc9d09
87.46796083845354,55.467960838453365,1122,394.7083791222998,0.5,1.0,"(2, 2)",6050ea8a95817a2bfddc9d09
88.0,56.0,1123,395.4607961202725,0.5,1.0,"(2, 2)",6050ea8a95817a2bfddc9d09
88.0,56.0,1124,395.4607961202725,0.5,1.0,"(2, 2)",6050ea8a95817a2bfddc9d09
88.0,56.0,1125,395.4607961202725,0.5,1.0,"(2, 2)",6050ea8a95817a2bfddc9d09
88.0,56.0,1126,395.4607961202725,0.5,1.0,"(2, 2)",6050ea8a95817a2bfddc9d09
88.0,56.0,1127,395.4607961202725,0.5,1.0,"(2, 2)",6050ea8a95817a2bfddc9d09
88.0,56.0,1128,395.4607961202725,0.5,1.0,"(2, 2)",6050ea8a95817a2bfddc9d09
88.0,56.0,1129,395.4607961202725,0.5,1.0,"(2, 2)",6050ea8a95817a2bfddc9d09
88.0,56.0,1130,395.4607961202725,0.5,1.0,"(2, 2)",6050ea8a95817a2bfddc9d09
88.0,56.0,1131,395.4607961202725,0.5,1.0,"(2, 2)",6050ea8a95817a2bfddc9d09
88.0,56.0,1132,395.4607961202725,0.5,1.0,"(2, 2)",6050ea8a95817a2bfddc9d09
88.0,56.0,1133,395.4607961202725,0.5,1.0,"(2, 2)",6050ea8a95817a2bfddc9d09
88.0,56.0,1134,395.4607961202725,0.5,1.0,"(2, 2)",6050ea8a95817a2bfddc9d09
88.0,56.0,1135,395.4607961202725,0.5,1.0,"(2, 2)",6050ea8a95817a2bfddc9d09
88.0,56.0,1136,395.4607961202725,0.5,1.0,"(2, 2)",6050ea8a95817a2bfddc9d09
88.0,56.0,1137,395.4607961202725,0.5,1.0,"(2, 2)",6050ea8a95817a2bfddc9d09
88.0,56.0,1138,395.4607961202725,0.5,1.0,"(2, 2)",6050ea8a95817a2bfddc9d09
88.0,56.0,1139,395.4607961202725,0.5,1.0,"(2, 2)",6050ea8a95817a2bfddc9d09
88.0,56.0,1140,395.4607961202725,0.5,1.0,"(2, 2)",6050ea8a95817a2bfddc9d09
88.0,56.0,1141,395.4607961202725,0.5,1.0,"(2, 2)",6050ea8a95817a2bfddc9d09
88.0,56.0,1142,395.4607961202725,0.5,1.0,"(2, 2)",6050ea8a95817a2bfddc9d09
88.0,56.0,1143,395.4607961202725,0.5,1.0,"(2, 2)",6050ea8a95817a2bfddc9d09
88.0,56.0,1144,395.4607961202725,0.5,1.0,"(2, 2)",6050ea8a95817a2bfddc9d09
88.0,56.0,1145,395.4607961202725,0.5,1.0,"(2, 2)",6050ea8a95817a2bfddc9d09
88.0,56.0,1146,395.4607961202725,0.5,1.0,"(2, 2)",6050ea8a95817a2bfddc9d09
88.0,56.0,1147,395.4607961202725,0.5,1.0,"(2, 2)",6050ea8a95817a2bfddc9d09
88.0,56.0,1148,395.4607961202725,0.5,1.0,"(2, 2)",6050ea8a95817a2bfddc9d09
88.0,56.0,1149,395.4607961202725,0.5,1.0,"(2, 2)",6050ea8a95817a2bfddc9d09
88.0,56.0,1150,395.4607961202725,0.5,1.0,"(2, 2)",6050ea8a95817a2bfddc9d09
88.0,56.0,1151,395.4607961202725,0.5,1.0,"(2, 2)",6050ea8a95817a2bfddc9d09
88.0,56.0,1152,395.4607961202725,0.5,1.0,"(2, 2)",6050ea8a95817a2bfddc9d09
88.0,56.0,1153,395.4607961202725,0.5,1.0,"(2, 2)",6050ea8a95817a2bfddc9d09
88.0,56.0,1154,395.4607961202725,0.5,1.0,"(2, 2)",6050ea8a95817a2bfddc9d09
88.0,56.0,1155,395.4607961202725,0.5,1.0,"(2, 2)",6050ea8a95817a2bfddc9d09
88.0,56.0,1156,395.4607961202725,0.5,1.0,"(2, 2)",6050ea8a95817a2bfddc9d09
88.0,56.0,1157,395.4607961202725,0.5,1.0,"(2, 2)",6050ea8a95817a2bfddc9d09
88.0,56.0,1158,395.4607961202725,0.5,1.0,"(2, 2)",6050ea8a95817a2bfddc9d09
88.0,56.0,1159,395.4607961202725,0.5,1.0,"(2, 2)",6050ea8a95817a2bfddc9d09
88.0,55.37499999999986,1160,396.0857961202727,0.5,1.0,"(2, 2)",6050ea8a95817a2bfddc9d09
88.0,54.749999999999716,1161,396.7107961202728,0.5,1.0,"(2, 2)",6050ea8a95817a2bfddc9d09
88.0,54.124999999999574,1162,397.3357961202729,0.5,1.0,"(2, 2)",6050ea8a95817a2bfddc9d09
88.0,53.49999999999943,1163,397.960796120273,0.5,1.0,"(2, 2)",6050ea8a95817a2bfddc9d09
88.0,52.87499999999929,1164,398.58579612027313,0.5,1.0,"(2, 2)",6050ea8a95817a2bfddc9d09
88.0,52.24999999999915,1165,399.21079612027324,0.5,1.0,"(2, 2)",6050ea8a95817a2bfddc9d09
88.0,51.624999999999005,1166,399.83579612027336,0.5,1.0,"(2, 2)",6050ea8a95817a2bfddc9d09
88.0,50.99999999999886,1167,400.46079612027347,0.5,1.0,"(2, 2)",6050ea8a95817a2bfddc9d09
88.0,50.37499999999872,1168,401.0857961202736,0.5,1.0,"(2, 2)",6050ea8a95817a2bfddc9d09
88.0,49.74999999999858,1169,401.7107961202737,0.5,1.0,"(2, 2)",6050ea8a95817a2bfddc9d09
88.0,49.12499999999844,1170,402.3357961202738,0.5,1.0,"(2, 2)",6050ea8a95817a2bfddc9d09
88.0,48.499999999998295,1171,402.9607961202739,0.5,1.0,"(2, 2)",6050ea8a95817a2bfddc9d09
88.0,47.87499999999815,1172,403.58579612027404,0.5,1.0,"(2, 2)",6050ea8a95817a2bfddc9d09
88.0,47.24999999999801,1173,404.21079612027415,0.5,1.0,"(2, 2)",6050ea8a95817a2bfddc9d09
88.35431543464313,46.735135384031906,1174,404.8357961202744,0.5,1.0,"(2, 2)",6050ea8a95817a2bfddc9d09
88.70863086928625,46.2202707680658,1175,405.4607961202746,0.5,1.0,"(2, 2)",6050ea8a95817a2bfddc9d09
89.06294630392938,45.7054061520997,1176,406.08579612027484,0.5,1.0,"(2, 2)",6050ea8a95817a2bfddc9d09
89.4172617385725,45.190541536133594,1177,406.71079612027506,0.5,1.0,"(2, 2)",6050ea8a95817a2bfddc9d09
89.77157717321563,44.67567692016749,1178,407.3357961202753,0.5,1.0,"(2, 2)",6050ea8a95817a2bfddc9d09
90.12589260785876,44.160812304201386,1179,407.9607961202755,0.5,1.0,"(2, 2)",6050ea8a95817a2bfddc9d09
90.48020804250189,43.64594768823528,1180,408.58579612027575,0.5,1.0,"(2, 2)",6050ea8a95817a2bfddc9d09
90.83452347714501,43.13108307226918,1181,409.210796120276,0.5,1.0,"(2, 2)",6050ea8a95817a2bfddc9d09
91.18883891178814,42.61621845630307,1182,409.8357961202762,0.5,1.0,"(2, 2)",6050ea8a95817a2bfddc9d09
91.54315434643127,42.10135384033697,1183,410.4607961202764,0.5,1.0,"(2, 2)",6050ea8a95817a2bfddc9d09
91.89746978107439,41.586489224370865,1184,411.08579612027665,0.5,1.0,"(2, 2)",6050ea8a95817a2bfddc9d09
92.25178521571752,41.07162460840476,1185,411.7107961202769,0.5,1.0,"(2, 2)",6050ea8a95817a2bfddc9d09
92.60610065036064,40.55675999243866,1186,412.3357961202771,0.5,1.0,"(2, 2)",6050ea8a95817a2bfddc9d09
92.96041608500377,40.04189537647255,1187,412.96079612027734,0.5,1.0,"(2, 2)",6050ea8a95817a2bfddc9d09
93.3147315196469,39.52703076050645,1188,413.58579612027756,0.5,1.0,"(2, 2)",6050ea8a95817a2bfddc9d09
93.66904695429002,39.01216614454037,1189,414.21079612027773,0.5,1.0,"(2, 2)",6050ea8a95817a2bfddc9d09
94.02336238893315,38.49730152857482,1190,414.8357961202775,0.5,1.0,"(2, 2)",6050ea8a95817a2bfddc9d09
94.37767782357628,37.98243691260927,1191,415.4607961202773,0.5,1.0,"(2, 2)",6050ea8a95817a2bfddc9d09
94.7319932582194,37.46757229664371,1192,416.08579612027705,0.5,1.0,"(2, 2)",6050ea8a95817a2bfddc9d09
95.08630869286253,36.95270768067816,1193,416.7107961202768,0.5,1.0,"(2, 2)",6050ea8a95817a2bfddc9d09
95.44062412750566,36.4378430647126,1194,417.3357961202766,0.5,1.0,"(2, 2)",6050ea8a95817a2bfddc9d09
95.79493956214878,35.922978448747045,1195,417.96079612027637,0.5,1.0,"(2, 2)",6050ea8a95817a2bfddc9d09
96.14925499679191,35.40811383278149,1196,418.58579612027614,0.5,1.0,"(2, 2)",6050ea8a95817a2bfddc9d09
96.50357043143504,34.89324921681593,1197,419.2107961202759,0.5,1.0,"(2, 2)",6050ea8a95817a2bfddc9d09
96.85788586607816,34.37838460085038,1198,419.8357961202757,0.5,1.0,"(2, 2)",6050ea8a95817a2bfddc9d09
97.21220130072129,33.86351998488482,1199,420.46079612027546,0.5,1.0,"(2, 2)",6050ea8a95817a2bfddc9d09
97.56651673536442,33.34865536891927,1200,421.08579612027523,0.5,1.0,"(2, 2)",6050ea8a95817a2bfddc9d09
97.92083217000754,32.8337907529537,1201,421.710796120275,0.5,1.0,"(2, 2)",6050ea8a95817a2bfddc9d09
98.27514760465067,32.31892613698815,1202,422.3357961202748,0.5,1.0,"(2, 2)",6050ea8a95817a2bfddc9d09
98.6294630392938,31.804061521022522,1203,422.9607961202746,0.5,1.0,"(2, 2)",6050ea8a95817a2bfddc9d09
98.98377847393692,31.289196905056773,1204,423.58579612027455,0.5,1.0,"(2, 2)",6050ea8a95817a2bfddc9d09
99.33809390858005,30.774332289091024,1205,424.2107961202745,0.5,1.0,"(2, 2)",6050ea8a95817a2bfddc9d09
99.69240934322318,30.259467673125275,1206,424.83579612027444,0.5,1.0,"(2, 2)",6050ea8a95817a2bfddc9d09
100.0467247778663,29.744603057159527,1207,425.4607961202744,0.5,1.0,"(2, 2)",6050ea8a95817a2bfddc9d09
100.40104021250943,29.229738441193778,1208,426.0857961202743,0.5,1.0,"(2, 2)",6050ea8a95817a2bfddc9d09
100.75535564715256,28.71487382522803,1209,426.71079612027427,0.5,1.0,"(2, 2)",6050ea8a95817a2bfddc9d09
101.10967108179568,28.20000920926228,1210,427.3357961202742,0.5,1.0,"(2, 2)",6050ea8a95817a2bfddc9d09
101.46398651643881,27.68514459329653,1211,427.96079612027415,0.5,1.0,"(2, 2)",6050ea8a95817a2bfddc9d09
101.81830195108193,27.170279977330782,1212,428.5857961202741,0.5,1.0,"(2, 2)",6050ea8a95817a2bfddc9d09
102.17261738572506,26.655415361365034,1213,429.21079612027404,0.5,1.0,"(2, 2)",6050ea8a95817a2bfddc9d09
102.52693282036819,26.140550745399285,1214,429.835796120274,0.5,1.0,"(2, 2)",6050ea8a95817a2bfddc9d09
102.88124825501131,25.625686129433845,1215,430.46079612027364,0.5,1.0,"(2, 2)",6050ea8a95817a2bfddc9d09
103.23556368965444,25.11082151346845,1216,431.0857961202733,0.5,1.0,"(2, 2)",6050ea8a95817a2bfddc9d09
103.5898791242978,24.595956897503058,1217,431.7107961202731,0.5,1.0,"(2, 2)",6050ea8a95817a2bfddc9d09
104.0,24.0,1218,432.4342349610663,0.5,1.0,"(2, 2)",6050ea8a95817a2bfddc9d09
104.0,24.0,1219,432.4342349610663,0.5,1.0,"(2, 2)",6050ea8a95817a2bfddc9d09
104.0,24.0,1220,432.4342349610663,0.5,1.0,"(2, 2)",6050ea8a95817a2bfddc9d09
104.0,24.0,1221,432.4342349610663,0.5,1.0,"(2, 2)",6050ea8a95817a2bfddc9d09
104.0,24.0,1222,432.4342349610663,0.5,1.0,"(2, 2)",6050ea8a95817a2bfddc9d09
104.0,24.0,1223,432.4342349610663,0.5,1.0,"(2, 2)",6050ea8a95817a2bfddc9d09
104.0,24.0,1224,432.4342349610663,0.5,1.0,"(2, 2)",6050ea8a95817a2bfddc9d09
104.0,24.0,1225,432.4342349610663,0.5,1.0,"(2, 2)",6050ea8a95817a2bfddc9d09
104.0,24.0,1226,432.4342349610663,0.5,1.0,"(2, 2)",6050ea8a95817a2bfddc9d09
104.0,24.0,1227,432.4342349610663,0.5,1.0,"(2, 2)",6050ea8a95817a2bfddc9d09
104.0,24.0,1228,432.4342349610663,0.5,1.0,"(2, 2)",6050ea8a95817a2bfddc9d09
104.0,24.0,1229,432.4342349610663,0.5,1.0,"(2, 2)",6050ea8a95817a2bfddc9d09
104.0,24.0,1230,432.4342349610663,0.5,1.0,"(2, 2)",6050ea8a95817a2bfddc9d09
104.0,24.0,1231,432.4342349610663,0.5,1.0,"(2, 2)",6050ea8a95817a2bfddc9d09
104.0,24.0,1232,432.4342349610663,0.5,1.0,"(2, 2)",6050ea8a95817a2bfddc9d09
104.0,24.0,1233,432.4342349610663,0.5,1.0,"(2, 2)",6050ea8a95817a2bfddc9d09
104.0,24.0,1234,432.4342349610663,0.5,1.0,"(2, 2)",6050ea8a95817a2bfddc9d09
104.0,24.0,1235,432.4342349610663,0.5,1.0,"(2, 2)",6050ea8a95817a2bfddc9d09
104.0,24.0,1236,432.4342349610663,0.5,1.0,"(2, 2)",6050ea8a95817a2bfddc9d09
104.0,24.0,1237,432.4342349610663,0.5,1.0,"(2, 2)",6050ea8a95817a2bfddc9d09
104.0,24.0,1238,432.4342349610663,0.5,1.0,"(2, 2)",6050ea8a95817a2bfddc9d09
104.0,24.0,1239,432.4342349610663,0.5,1.0,"(2, 2)",6050ea8a95817a2bfddc9d09
104.0,24.0,1240,432.4342349610663,0.5,1.0,"(2, 2)",6050ea8a95817a2bfddc9d09
103.37500000000057,24.0,1241,433.0592349610657,0.5,1.0,"(2, 2)",6050ea8a95817a2bfddc9d09
102.75000000000114,24.0,1242,433.68423496106516,0.5,1.0,"(2, 2)",6050ea8a95817a2bfddc9d09
102.1250000000017,24.0,1243,434.3092349610646,0.5,1.0,"(2, 2)",6050ea8a95817a2bfddc9d09
101.50000000000227,24.0,1244,434.934234961064,0.5,1.0,"(2, 2)",6050ea8a95817a2bfddc9d09
100.87500000000284,24.0,1245,435.55923496106345,0.5,1.0,"(2, 2)",6050ea8a95817a2bfddc9d09
100.25000000000341,24.0,1246,436.1842349610629,0.5,1.0,"(2, 2)",6050ea8a95817a2bfddc9d09
99.62500000000398,24.0,1247,436.8092349610623,0.5,1.0,"(2, 2)",6050ea8a95817a2bfddc9d09
99.00000000000455,24.0,1248,437.43423496106175,0.5,1.0,"(2, 2)",6050ea8a95817a2bfddc9d09
98.37500000000512,24.0,1249,438.0592349610612,0.5,1.0,"(2, 2)",6050ea8a95817a2bfddc9d09
97.75000000000568,24.0,1250,438.6842349610606,0.5,1.0,"(2, 2)",6050ea8a95817a2bfddc9d09
97.12500000000625,24.0,1251,439.30923496106004,0.5,1.0,"(2, 2)",6050ea8a95817a2bfddc9d09
96.50000000000682,24.0,1252,439.9342349610595,0.5,1.0,"(2, 2)",6050ea8a95817a2bfddc9d09
95.87500000000739,24.0,1253,440.5592349610589,0.5,1.0,"(2, 2)",6050ea8a95817a2bfddc9d09
95.25000000000796,24.0,1254,441.18423496105834,0.5,1.0,"(2, 2)",6050ea8a95817a2bfddc9d09
94.62500000000853,24.0,1255,441.80923496105777,0.5,1.0,"(2, 2)",6050ea8a95817a2bfddc9d09
94.0000000000091,24.0,1256,442.4342349610572,0.5,1.0,"(2, 2)",6050ea8a95817a2bfddc9d09
93.37500000000966,24.0,1257,443.05923496105663,0.5,1.0,"(2, 2)",6050ea8a95817a2bfddc9d09
92.75000000001023,24.0,1258,443.68423496105606,0.5,1.0,"(2, 2)",6050ea8a95817a2bfddc9d09
92.1250000000108,24.0,1259,444.3092349610555,0.5,1.0,"(2, 2)",6050ea8a95817a2bfddc9d09
91.50000000001137,24.0,1260,444.9342349610549,0.5,1.0,"(2, 2)",6050ea8a95817a2bfddc9d09
90.87500000001194,24.0,1261,445.55923496105436,0.5,1.0,"(2, 2)",6050ea8a95817a2bfddc9d09
90.2500000000125,24.0,1262,446.1842349610538,0.5,1.0,"(2, 2)",6050ea8a95817a2bfddc9d09
89.62500000001307,24.0,1263,446.8092349610532,0.5,1.0,"(2, 2)",6050ea8a95817a2bfddc9d09
89.00000000001364,24.0,1264,447.43423496105265,0.5,1.0,"(2, 2)",6050ea8a95817a2bfddc9d09
88.37500000001421,24.0,1265,448.0592349610521,0.5,1.0,"(2, 2)",6050ea8a95817a2bfddc9d09
87.87808868441493,24.31188458816398,1266,448.6459144748454,0.5,1.0,"(2, 2)",6050ea8a95817a2bfddc9d09
87.4334952821622,24.751158656000573,1267,449.2709144748457,0.5,1.0,"(2, 2)",6050ea8a95817a2bfddc9d09
86.98890187990946,25.190432723837166,1268,449.895914474846,0.5,1.0,"(2, 2)",6050ea8a95817a2bfddc9d09
86.54430847765673,25.629706791673758,1269,450.5209144748463,0.5,1.0,"(2, 2)",6050ea8a95817a2bfddc9d09
86.09971507540399,26.06898085951035,1270,451.14591447484656,0.5,1.0,"(2, 2)",6050ea8a95817a2bfddc9d09
85.65512167315126,26.508254927346943,1271,451.77091447484685,0.5,1.0,"(2, 2)",6050ea8a95817a2bfddc9d09
85.21052827089852,26.947528995183536,1272,452.39591447484713,0.5,1.0,"(2, 2)",6050ea8a95817a2bfddc9d09
84.76593486864579,27.38680306302013,1273,453.0209144748474,0.5,1.0,"(2, 2)",6050ea8a95817a2bfddc9d09
84.32134146639305,27.82607713085672,1274,453.6459144748477,0.5,1.0,"(2, 2)",6050ea8a95817a2bfddc9d09
83.87674806414032,28.265351198693313,1275,454.270914474848,0.5,1.0,"(2, 2)",6050ea8a95817a2bfddc9d09
83.43215466188758,28.704625266529906,1276,454.89591447484827,0.5,1.0,"(2, 2)",6050ea8a95817a2bfddc9d09
82.98756125963484,29.14389933436677,1277,455.5209144748488,0.5,1.0,"(2, 2)",6050ea8a95817a2bfddc9d09
82.54296785738211,29.583173402203716,1278,456.14591447484935,0.5,1.0,"(2, 2)",6050ea8a95817a2bfddc9d09
82.09837445512937,30.022447470040664,1279,456.7709144748499,0.5,1.0,"(2, 2)",6050ea8a95817a2bfddc9d09
81.65378105287664,30.46172153787761,1280,457.3959144748505,0.5,1.0,"(2, 2)",6050ea8a95817a2bfddc9d09
81.2091876506239,30.90099560571456,1281,458.02091447485105,0.5,1.0,"(2, 2)",6050ea8a95817a2bfddc9d09
80.76459424837117,31.340269673551507,1282,458.6459144748516,0.5,1.0,"(2, 2)",6050ea8a95817a2bfddc9d09
80.32000084611843,31.779543741388455,1283,459.2709144748522,0.5,1.0,"(2, 2)",6050ea8a95817a2bfddc9d09
79.8754074438657,32.2188178092254,1284,459.89591447485276,0.5,1.0,"(2, 2)",6050ea8a95817a2bfddc9d09
79.43081404161296,32.65809187706235,1285,460.5209144748533,0.5,1.0,"(2, 2)",6050ea8a95817a2bfddc9d09
78.98622063936045,33.097365944899295,1286,461.1459144748537,0.5,1.0,"(2, 2)",6050ea8a95817a2bfddc9d09
78.54162723710837,33.53664001273624,1287,461.7709144748538,0.5,1.0,"(2, 2)",6050ea8a95817a2bfddc9d09
78.09703383485629,33.97591408057319,1288,462.39591447485384,0.5,1.0,"(2, 2)",6050ea8a95817a2bfddc9d09
77.65244043260421,34.41518814841014,1289,463.0209144748539,0.5,1.0,"(2, 2)",6050ea8a95817a2bfddc9d09
77.20784703035213,34.854462216247086,1290,463.64591447485395,0.5,1.0,"(2, 2)",6050ea8a95817a2bfddc9d09
76.76325362810005,35.293736284084034,1291,464.270914474854,0.5,1.0,"(2, 2)",6050ea8a95817a2bfddc9d09
76.31866022584796,35.73301035192098,1292,464.89591447485407,0.5,1.0,"(2, 2)",6050ea8a95817a2bfddc9d09
75.87406682359588,36.17228441975793,1293,465.5209144748541,0.5,1.0,"(2, 2)",6050ea8a95817a2bfddc9d09
75.4294734213438,36.61155848759488,1294,466.1459144748542,0.5,1.0,"(2, 2)",6050ea8a95817a2bfddc9d09
74.98488001909172,37.050832555431825,1295,466.77091447485424,0.5,1.0,"(2, 2)",6050ea8a95817a2bfddc9d09
74.54028661683964,37.49010662326877,1296,467.3959144748543,0.5,1.0,"(2, 2)",6050ea8a95817a2bfddc9d09
74.09569321458756,37.92938069110572,1297,468.02091447485435,0.5,1.0,"(2, 2)",6050ea8a95817a2bfddc9d09
73.65109981233547,38.36865475894267,1298,468.6459144748544,0.5,1.0,"(2, 2)",6050ea8a95817a2bfddc9d09
73.20650641008339,38.807928826779616,1299,469.27091447485446,0.5,1.0,"(2, 2)",6050ea8a95817a2bfddc9d09
72.76191300783131,39.247202894616564,1300,469.8959144748545,0.5,1.0,"(2, 2)",6050ea8a95817a2bfddc9d09
72.31731960557923,39.68647696245351,1301,470.5209144748546,0.5,1.0,"(2, 2)",6050ea8a95817a2bfddc9d09
72.0,40.0,1302,470.96699566382955,0.5,1.0,"(2, 2)",6050ea8a95817a2bfddc9d09
72.0,40.0,1303,470.96699566382955,0.5,1.0,"(2, 2)",6050ea8a95817a2bfddc9d09
72.0,40.0,1304,470.96699566382955,0.5,1.0,"(2, 2)",6050ea8a95817a2bfddc9d09
72.0,40.0,1305,470.96699566382955,0.5,1.0,"(2, 2)",6050ea8a95817a2bfddc9d09
72.0,40.0,1306,470.96699566382955,0.5,1.0,"(2, 2)",6050ea8a95817a2bfddc9d09
72.0,40.0,1307,470.96699566382955,0.5,1.0,"(2, 2)",6050ea8a95817a2bfddc9d09
72.0,40.0,1308,470.96699566382955,0.5,1.0,"(2, 2)",6050ea8a95817a2bfddc9d09
72.0,40.0,1309,470.96699566382955,0.5,1.0,"(2, 2)",6050ea8a95817a2bfddc9d09
72.0,40.0,1310,470.96699566382955,0.5,1.0,"(2, 2)",6050ea8a95817a2bfddc9d09
72.0,40.0,1311,470.96699566382955,0.5,1.0,"(2, 2)",6050ea8a95817a2bfddc9d09
72.0,40.0,1312,470.96699566382955,0.5,1.0,"(2, 2)",6050ea8a95817a2bfddc9d09
72.0,40.0,1313,470.96699566382955,0.5,1.0,"(2, 2)",6050ea8a95817a2bfddc9d09
72.0,40.0,1314,470.96699566382955,0.5,1.0,"(2, 2)",6050ea8a95817a2bfddc9d09
72.0,40.0,1315,470.96699566382955,0.5,1.0,"(2, 2)",6050ea8a95817a2bfddc9d09
72.0,40.0,1316,470.96699566382955,0.5,1.0,"(2, 2)",6050ea8a95817a2bfddc9d09
72.0,40.0,1317,470.96699566382955,0.5,1.0,"(2, 2)",6050ea8a95817a2bfddc9d09
72.0,40.0,1318,470.96699566382955,0.5,1.0,"(2, 2)",6050ea8a95817a2bfddc9d09
72.0,40.0,1319,470.96699566382955,0.5,1.0,"(2, 2)",6050ea8a95817a2bfddc9d09
72.0,40.0,1320,470.96699566382955,0.5,1.0,"(2, 2)",6050ea8a95817a2bfddc9d09
72.62499999999943,40.0,1321,471.591995663829,0.5,1.0,"(2, 2)",6050ea8a95817a2bfddc9d09
73.24999999999886,40.0,1322,472.2169956638284,0.5,1.0,"(2, 2)",6050ea8a95817a2bfddc9d09
73.8749999999983,40.0,1323,472.84199566382784,0.5,1.0,"(2, 2)",6050ea8a95817a2bfddc9d09
74.49999999999773,40.0,1324,473.4669956638273,0.5,1.0,"(2, 2)",6050ea8a95817a2bfddc9d09
75.12499999999716,40.0,1325,474.0919956638267,0.5,1.0,"(2, 2)",6050ea8a95817a2bfddc9d09
75.74999999999659,40.0,1326,474.71699566382614,0.5,1.0,"(2, 2)",6050ea8a95817a2bfddc9d09
76.37499999999602,40.0,1327,475.34199566382557,0.5,1.0,"(2, 2)",6050ea8a95817a2bfddc9d09
76.99999999999545,40.0,1328,475.966995663825,0.5,1.0,"(2, 2)",6050ea8a95817a2bfddc9d09
77.62499999999488,40.0,1329,476.59199566382443,0.5,1.0,"(2, 2)",6050ea8a95817a2bfddc9d09
78.24999999999432,40.0,1330,477.21699566382387,0.5,1.0,"(2, 2)",6050ea8a95817a2bfddc9d09
78.87499999999375,40.0,1331,477.8419956638233,0.5,1.0,"(2, 2)",6050ea8a95817a2bfddc9d09
79.49999999999318,40.0,1332,478.46699566382273,0.5,1.0,"(2, 2)",6050ea8a95817a2bfddc9d09
80.12499999999261,40.0,1333,479.09199566382216,0.5,1.0,"(2, 2)",6050ea8a95817a2bfddc9d09
80.74999999999204,40.0,1334,479.7169956638216,0.5,1.0,"(2, 2)",6050ea8a95817a2bfddc9d09
81.37499999999147,40.0,1335,480.341995663821,0.5,1.0,"(2, 2)",6050ea8a95817a2bfddc9d09
81.9999999999909,40.0,1336,480.96699566382046,0.5,1.0,"(2, 2)",6050ea8a95817a2bfddc9d09
82.62499999999034,40.0,1337,481.5919956638199,0.5,1.0,"(2, 2)",6050ea8a95817a2bfddc9d09
83.24999999998977,40.0,1338,482.2169956638193,0.5,1.0,"(2, 2)",6050ea8a95817a2bfddc9d09
83.8749999999892,40.0,1339,482.84199566381875,0.5,1.0,"(2, 2)",6050ea8a95817a2bfddc9d09
84.49999999998863,40.0,1340,483.4669956638182,0.5,1.0,"(2, 2)",6050ea8a95817a2bfddc9d09
85.12499999998806,40.0,1341,484.0919956638176,0.5,1.0,"(2, 2)",6050ea8a95817a2bfddc9d09
85.7499999999875,40.0,1342,484.71699566381704,0.5,1.0,"(2, 2)",6050ea8a95817a2bfddc9d09
86.37499999998693,40.0,1343,485.3419956638165,0.5,1.0,"(2, 2)",6050ea8a95817a2bfddc9d09
86.99999999998636,40.0,1344,485.9669956638159,0.5,1.0,"(2, 2)",6050ea8a95817a2bfddc9d09
87.62499999998579,40.0,1345,486.59199566381534,0.5,1.0,"(2, 2)",6050ea8a95817a2bfddc9d09
88.12191131558507,39.68811541183577,1346,487.17867517760885,0.5,1.0,"(2, 2)",6050ea8a95817a2bfddc9d09
88.5665047178378,39.24884134399882,1347,487.8036751776094,0.5,1.0,"(2, 2)",6050ea8a95817a2bfddc9d09
89.01109812009054,38.80956727616187,1348,488.42867517761,0.5,1.0,"(2, 2)",6050ea8a95817a2bfddc9d09
89.45569152234327,38.370293208324924,1349,489.05367517761056,0.5,1.0,"(2, 2)",6050ea8a95817a2bfddc9d09
89.90028492459601,37.931019140487976,1350,489.6786751776111,0.5,1.0,"(2, 2)",6050ea8a95817a2bfddc9d09
90.34487832684874,37.49174507265103,1351,490.3036751776117,0.5,1.0,"(2, 2)",6050ea8a95817a2bfddc9d09
90.78947172910148,37.05247100481408,1352,490.92867517761226,0.5,1.0,"(2, 2)",6050ea8a95817a2bfddc9d09
91.23406513135421,36.61319693697713,1353,491.55367517761283,0.5,1.0,"(2, 2)",6050ea8a95817a2bfddc9d09
91.67865853360695,36.173922869140185,1354,492.1786751776134,0.5,1.0,"(2, 2)",6050ea8a95817a2bfddc9d09
92.12325193585968,35.73464880130324,1355,492.80367517761397,0.5,1.0,"(2, 2)",6050ea8a95817a2bfddc9d09
92.56784533811242,35.29537473346629,1356,493.42867517761454,0.5,1.0,"(2, 2)",6050ea8a95817a2bfddc9d09
93.01243874036516,34.85610066562934,1357,494.0536751776151,0.5,1.0,"(2, 2)",6050ea8a95817a2bfddc9d09
93.45703214261789,34.416826597792394,1358,494.6786751776157,0.5,1.0,"(2, 2)",6050ea8a95817a2bfddc9d09
93.90162554487063,33.977552529955446,1359,495.30367517761624,0.5,1.0,"(2, 2)",6050ea8a95817a2bfddc9d09
94.34621894712336,33.5382784621185,1360,495.9286751776168,0.5,1.0,"(2, 2)",6050ea8a95817a2bfddc9d09
94.7908123493761,33.09900439428155,1361,496.5536751776174,0.5,1.0,"(2, 2)",6050ea8a95817a2bfddc9d09
95.23540575162883,32.6597303264446,1362,497.17867517761795,0.5,1.0,"(2, 2)",6050ea8a95817a2bfddc9d09
95.67999915388157,32.220456258607655,1363,497.8036751776185,0.5,1.0,"(2, 2)",6050ea8a95817a2bfddc9d09
96.1245925561343,31.781182190770885,1364,498.4286751776189,0.5,1.0,"(2, 2)",6050ea8a95817a2bfddc9d09
96.56918595838704,31.341908122934196,1365,499.05367517761925,0.5,1.0,"(2, 2)",6050ea8a95817a2bfddc9d09
97.01377936063977,30.90263405509725,1366,499.6786751776198,0.5,1.0,"(2, 2)",6050ea8a95817a2bfddc9d09
97.45837276289251,30.4633599872603,1367,500.3036751776204,0.5,1.0,"(2, 2)",6050ea8a95817a2bfddc9d09
97.90296616514524,30.024085919423353,1368,500.92867517762096,0.5,1.0,"(2, 2)",6050ea8a95817a2bfddc9d09
98.34755956739798,29.584811851586405,1369,501.5536751776215,0.5,1.0,"(2, 2)",6050ea8a95817a2bfddc9d09
98.79215296965072,29.145537783749457,1370,502.1786751776221,0.5,1.0,"(2, 2)",6050ea8a95817a2bfddc9d09
99.23674637190345,28.70626371591251,1371,502.80367517762267,0.5,1.0,"(2, 2)",6050ea8a95817a2bfddc9d09
99.68133977415553,28.266989648075562,1372,503.4286751776227,0.5,1.0,"(2, 2)",6050ea8a95817a2bfddc9d09
100.12593317640761,27.827715580238614,1373,504.0536751776228,0.5,1.0,"(2, 2)",6050ea8a95817a2bfddc9d09
100.5705265786597,27.388441512401666,1374,504.67867517762284,0.5,1.0,"(2, 2)",6050ea8a95817a2bfddc9d09
101.01511998091178,26.94916744456472,1375,505.3036751776229,0.5,1.0,"(2, 2)",6050ea8a95817a2bfddc9d09
101.45971338316386,26.50989337672777,1376,505.92867517762295,0.5,1.0,"(2, 2)",6050ea8a95817a2bfddc9d09
101.90430678541594,26.070619308890823,1377,506.553675177623,0.5,1.0,"(2, 2)",6050ea8a95817a2bfddc9d09
102.34890018766802,25.631345241053875,1378,507.17867517762306,0.5,1.0,"(2, 2)",6050ea8a95817a2bfddc9d09
102.7934935899201,25.192071173216927,1379,507.8036751776231,0.5,1.0,"(2, 2)",6050ea8a95817a2bfddc9d09
103.2380869921722,24.75279710537998,1380,508.42867517762323,0.5,1.0,"(2, 2)",6050ea8a95817a2bfddc9d09
103.68268039442428,24.313523037543032,1381,509.0536751776233,0.5,1.0,"(2, 2)",6050ea8a95817a2bfddc9d09
104.0,24.0,1382,509.4997563665934,0.5,1.0,"(2, 2)",6050ea8a95817a2bfddc9d09
104.0,24.0,1383,509.4997563665934,0.5,1.0,"(2, 2)",6050ea8a95817a2bfddc9d09
104.0,24.0,1384,509.4997563665934,0.5,1.0,"(2, 2)",6050ea8a95817a2bfddc9d09
104.0,24.0,1385,509.4997563665934,0.5,1.0,"(2, 2)",6050ea8a95817a2bfddc9d09
104.0,24.0,1386,509.4997563665934,0.5,1.0,"(2, 2)",6050ea8a95817a2bfddc9d09
104.0,24.0,1387,509.4997563665934,0.5,1.0,"(2, 2)",6050ea8a95817a2bfddc9d09
104.0,24.0,1388,509.4997563665934,0.5,1.0,"(2, 2)",6050ea8a95817a2bfddc9d09
104.0,24.0,1389,509.4997563665934,0.5,1.0,"(2, 2)",6050ea8a95817a2bfddc9d09
104.0,24.0,1390,509.4997563665934,0.5,1.0,"(2, 2)",6050ea8a95817a2bfddc9d09
104.0,24.0,1391,509.4997563665934,0.5,1.0,"(2, 2)",6050ea8a95817a2bfddc9d09
104.0,24.0,1392,509.4997563665934,0.5,1.0,"(2, 2)",6050ea8a95817a2bfddc9d09
104.0,24.0,1393,509.4997563665934,0.5,1.0,"(2, 2)",6050ea8a95817a2bfddc9d09
104.0,24.0,1394,509.4997563665934,0.5,1.0,"(2, 2)",6050ea8a95817a2bfddc9d09
104.0,24.0,1395,509.4997563665934,0.5,1.0,"(2, 2)",6050ea8a95817a2bfddc9d09
104.0,24.0,1396,509.4997563665934,0.5,1.0,"(2, 2)",6050ea8a95817a2bfddc9d09
104.0,24.0,1397,509.4997563665934,0.5,1.0,"(2, 2)",6050ea8a95817a2bfddc9d09
104.0,24.0,1398,509.4997563665934,0.5,1.0,"(2, 2)",6050ea8a95817a2bfddc9d09
104.0,24.0,1399,509.4997563665934,0.5,1.0,"(2, 2)",6050ea8a95817a2bfddc9d09
104.0,24.0,1400,509.4997563665934,0.5,1.0,"(2, 2)",6050ea8a95817a2bfddc9d09
104.0,24.0,1401,509.4997563665934,0.5,1.0,"(2, 2)",6050ea8a95817a2bfddc9d09
104.0,24.0,1402,509.4997563665934,0.5,1.0,"(2, 2)",6050ea8a95817a2bfddc9d09
104.0,24.0,1403,509.4997563665934,0.5,1.0,"(2, 2)",6050ea8a95817a2bfddc9d09
104.0,24.0,1404,509.4997563665934,0.5,1.0,"(2, 2)",6050ea8a95817a2bfddc9d09
104.0,24.0,1405,509.4997563665934,0.5,1.0,"(2, 2)",6050ea8a95817a2bfddc9d09
104.0,24.0,1406,509.4997563665934,0.5,1.0,"(2, 2)",6050ea8a95817a2bfddc9d09
103.55805826175776,24.441941738241525,1407,510.1247563665938,0.5,1.0,"(2, 2)",6050ea8a95817a2bfddc9d09
103.11611652351553,24.88388347648305,1408,510.74975636659417,0.5,1.0,"(2, 2)",6050ea8a95817a2bfddc9d09
102.6741747852733,25.325825214724574,1409,511.37475636659457,0.5,1.0,"(2, 2)",6050ea8a95817a2bfddc9d09
102.23223304703106,25.7677669529661,1410,511.99975636659497,0.5,1.0,"(2, 2)",6050ea8a95817a2bfddc9d09
101.79029130878882,26.209708691207624,1411,512.6247563665954,0.5,1.0,"(2, 2)",6050ea8a95817a2bfddc9d09
101.34834957054677,26.65165042944915,1412,513.2497563665956,0.5,1.0,"(2, 2)",6050ea8a95817a2bfddc9d09
100.90640783230538,27.093592167690673,1413,513.8747563665954,0.5,1.0,"(2, 2)",6050ea8a95817a2bfddc9d09
100.464466094064,27.535533905932198,1414,514.4997563665952,0.5,1.0,"(2, 2)",6050ea8a95817a2bfddc9d09
100.02252435582261,27.977475644173722,1415,515.124756366595,0.5,1.0,"(2, 2)",6050ea8a95817a2bfddc9d09
99.58058261758121,28.419417382415247,1416,515.7497563665947,0.5,1.0,"(2, 2)",6050ea8a95817a2bfddc9d09
99.13864087933982,28.861359120656772,1417,516.3747563665945,0.5,1.0,"(2, 2)",6050ea8a95817a2bfddc9d09
98.69669914109843,29.303300858898297,1418,516.9997563665943,0.5,1.0,"(2, 2)",6050ea8a95817a2bfddc9d09
98.25475740285705,29.74524259713982,1419,517.624756366594,0.5,1.0,"(2, 2)",6050ea8a95817a2bfddc9d09
97.81281566461566,30.187184335381346,1420,518.2497563665938,0.5,1.0,"(2, 2)",6050ea8a95817a2bfddc9d09
97.37087392637426,30.62912607362287,1421,518.8747563665936,0.5,1.0,"(2, 2)",6050ea8a95817a2bfddc9d09
96.92893218813288,31.071067811864395,1422,519.4997563665934,0.5,1.0,"(2, 2)",6050ea8a95817a2bfddc9d09
96.4869904498915,31.51300955010592,1423,520.1247563665931,0.5,1.0,"(2, 2)",6050ea8a95817a2bfddc9d09
96.0450487116501,31.954951288347445,1424,520.7497563665929,0.5,1.0,"(2, 2)",6050ea8a95817a2bfddc9d09
95.6031069734087,32.39689302658897,1425,521.3747563665927,0.5,1.0,"(2, 2)",6050ea8a95817a2bfddc9d09
95.16116523516732,32.838834764830494,1426,521.9997563665925,0.5,1.0,"(2, 2)",6050ea8a95817a2bfddc9d09
94.71922349692593,33.28077650307202,1427,522.6247563665922,0.5,1.0,"(2, 2)",6050ea8a95817a2bfddc9d09
94.27728175868454,33.722718241313544,1428,523.249756366592,0.5,1.0,"(2, 2)",6050ea8a95817a2bfddc9d09
93.83534002044314,34.16465997955507,1429,523.8747563665918,0.5,1.0,"(2, 2)",6050ea8a95817a2bfddc9d09
93.39339828220176,34.60660171779659,1430,524.4997563665916,0.5,1.0,"(2, 2)",6050ea8a95817a2bfddc9d09
92.95145654396038,35.04854345603812,1431,525.1247563665913,0.5,1.0,"(2, 2)",6050ea8a95817a2bfddc9d09
92.50951480571898,35.49048519427964,1432,525.7497563665911,0.5,1.0,"(2, 2)",6050ea8a95817a2bfddc9d09
92.06757306747758,35.93242693252117,1433,526.3747563665909,0.5,1.0,"(2, 2)",6050ea8a95817a2bfddc9d09
91.6256313292362,36.37436867076269,1434,526.9997563665906,0.5,1.0,"(2, 2)",6050ea8a95817a2bfddc9d09
91.18368959099482,36.81631040900422,1435,527.6247563665904,0.5,1.0,"(2, 2)",6050ea8a95817a2bfddc9d09
90.74174785275342,37.25825214724574,1436,528.2497563665902,0.5,1.0,"(2, 2)",6050ea8a95817a2bfddc9d09
90.29980611451202,37.700193885487266,1437,528.87475636659,0.5,1.0,"(2, 2)",6050ea8a95817a2bfddc9d09
89.85786437627064,38.14213562372879,1438,529.4997563665897,0.5,1.0,"(2, 2)",6050ea8a95817a2bfddc9d09
89.41592263802924,38.584077361970316,1439,530.1247563665895,0.5,1.0,"(2, 2)",6050ea8a95817a2bfddc9d09
88.97398089978786,39.02601910021184,1440,530.7497563665893,0.5,1.0,"(2, 2)",6050ea8a95817a2bfddc9d09
88.53203916154563,39.467960838453365,1441,531.3747563665897,0.5,1.0,"(2, 2)",6050ea8a95817a2bfddc9d09
88.09009742330339,39.90990257669489,1442,531.9997563665902,0.5,1.0,"(2, 2)",6050ea8a95817a2bfddc9d09
87.64815568506116,40.351844314936415,1443,532.6247563665906,0.5,1.0,"(2, 2)",6050ea8a95817a2bfddc9d09
87.20621394681892,40.79378605317794,1444,533.2497563665911,0.5,1.0,"(2, 2)",6050ea8a95817a2bfddc9d09
86.76427220857668,41.235727791419464,1445,533.8747563665916,0.5,1.0,"(2, 2)",6050ea8a95817a2bfddc9d09
86.32233047033463,41.67766952966099,1446,534.4997563665918,0.5,1.0,"(2, 2)",6050ea8a95817a2bfddc9d09
85.88038873209325,42.11961126790251,1447,535.1247563665916,0.5,1.0,"(2, 2)",6050ea8a95817a2bfddc9d09
85.43844699385185,42.56155300614404,1448,535.7497563665913,0.5,1.0,"(2, 2)",6050ea8a95817a2bfddc9d09
84.99650525561046,43.00349474438556,1449,536.3747563665911,0.5,1.0,"(2, 2)",6050ea8a95817a2bfddc9d09
84.55456351736908,43.44543648262709,1450,536.9997563665909,0.5,1.0,"(2, 2)",6050ea8a95817a2bfddc9d09
84.11262177912769,43.88737822086861,1451,537.6247563665906,0.5,1.0,"(2, 2)",6050ea8a95817a2bfddc9d09
83.6706800408863,44.32931995911014,1452,538.2497563665904,0.5,1.0,"(2, 2)",6050ea8a95817a2bfddc9d09
83.2287383026449,44.77126169735166,1453,538.8747563665902,0.5,1.0,"(2, 2)",6050ea8a95817a2bfddc9d09
82.78679656440352,45.213203435593186,1454,539.49975636659,0.5,1.0,"(2, 2)",6050ea8a95817a2bfddc9d09
82.34485482616213,45.65514517383471,1455,540.1247563665897,0.5,1.0,"(2, 2)",6050ea8a95817a2bfddc9d09
81.90291308792074,46.097086912076236,1456,540.7497563665895,0.5,1.0,"(2, 2)",6050ea8a95817a2bfddc9d09
81.46097134967935,46.53902865031776,1457,541.3747563665893,0.5,1.0,"(2, 2)",6050ea8a95817a2bfddc9d09
81.01902961143796,46.980970388559285,1458,541.999756366589,0.5,1.0,"(2, 2)",6050ea8a95817a2bfddc9d09
80.57708787319658,47.42291212680081,1459,542.6247563665888,0.5,1.0,"(2, 2)",6050ea8a95817a2bfddc9d09
80.13514613495518,47.864853865042335,1460,543.2497563665886,0.5,1.0,"(2, 2)",6050ea8a95817a2bfddc9d09
79.6932043967138,48.30679560328386,1461,543.8747563665884,0.5,1.0,"(2, 2)",6050ea8a95817a2bfddc9d09
79.2512626584724,48.748737341525384,1462,544.4997563665881,0.5,1.0,"(2, 2)",6050ea8a95817a2bfddc9d09
78.80932092023102,49.19067907976691,1463,545.1247563665879,0.5,1.0,"(2, 2)",6050ea8a95817a2bfddc9d09
78.36737918198962,49.632620818008434,1464,545.7497563665877,0.5,1.0,"(2, 2)",6050ea8a95817a2bfddc9d09
77.92543744374824,50.07456255624996,1465,546.3747563665875,0.5,1.0,"(2, 2)",6050ea8a95817a2bfddc9d09
77.48349570550684,50.51650429449148,1466,546.9997563665872,0.5,1.0,"(2, 2)",6050ea8a95817a2bfddc9d09
77.04155396726546,50.95844603273301,1467,547.624756366587,0.5,1.0,"(2, 2)",6050ea8a95817a2bfddc9d09
76.59961222902406,51.40038777097453,1468,548.2497563665868,0.5,1.0,"(2, 2)",6050ea8a95817a2bfddc9d09
76.15767049078268,51.84232950921606,1469,548.8747563665866,0.5,1.0,"(2, 2)",6050ea8a95817a2bfddc9d09
75.71572875254128,52.28427124745758,1470,549.4997563665863,0.5,1.0,"(2, 2)",6050ea8a95817a2bfddc9d09
75.2737870142999,52.72621298569911,1471,550.1247563665861,0.5,1.0,"(2, 2)",6050ea8a95817a2bfddc9d09
74.8318452760585,53.16815472394063,1472,550.7497563665859,0.5,1.0,"(2, 2)",6050ea8a95817a2bfddc9d09
74.38990353781712,53.610096462182156,1473,551.3747563665856,0.5,1.0,"(2, 2)",6050ea8a95817a2bfddc9d09
73.94796179957572,54.05203820042368,1474,551.9997563665854,0.5,1.0,"(2, 2)",6050ea8a95817a2bfddc9d09
73.50602006133434,54.493979938665206,1475,552.6247563665852,0.5,1.0,"(2, 2)",6050ea8a95817a2bfddc9d09
73.06407832309294,54.93592167690673,1476,553.249756366585,0.5,1.0,"(2, 2)",6050ea8a95817a2bfddc9d09
72.62213658485156,55.377863415148255,1477,553.8747563665847,0.5,1.0,"(2, 2)",6050ea8a95817a2bfddc9d09
72.0,56.0,1478,554.7545903625304,0.5,1.0,"(2, 2)",6050ea8a95817a2bfddc9d09
72.0,56.0,1479,554.7545903625304,0.5,1.0,"(2, 2)",6050ea8a95817a2bfddc9d09
72.0,56.0,1480,554.7545903625304,0.5,1.0,"(2, 2)",6050ea8a95817a2bfddc9d09
72.0,56.0,1481,554.7545903625304,0.5,1.0,"(2, 2)",6050ea8a95817a2bfddc9d09
72.0,56.0,1482,554.7545903625304,0.5,1.0,"(2, 2)",6050ea8a95817a2bfddc9d09
72.0,56.0,1483,554.7545903625304,0.5,1.0,"(2, 2)",6050ea8a95817a2bfddc9d09
72.0,56.0,1484,554.7545903625304,0.5,1.0,"(2, 2)",6050ea8a95817a2bfddc9d09
72.0,56.0,1485,554.7545903625304,0.5,1.0,"(2, 2)",6050ea8a95817a2bfddc9d09
72.0,56.0,1486,554.7545903625304,0.5,1.0,"(2, 2)",6050ea8a95817a2bfddc9d09
72.0,56.0,1487,554.7545903625304,0.5,1.0,"(2, 2)",6050ea8a95817a2bfddc9d09
72.0,56.0,1488,554.7545903625304,0.5,1.0,"(2, 2)",6050ea8a95817a2bfddc9d09
72.0,56.0,1489,554.7545903625304,0.5,1.0,"(2, 2)",6050ea8a95817a2bfddc9d09
72.0,56.0,1490,554.7545903625304,0.5,1.0,"(2, 2)",6050ea8a95817a2bfddc9d09
72.0,56.0,1491,554.7545903625304,0.5,1.0,"(2, 2)",6050ea8a95817a2bfddc9d09
72.0,56.0,1492,554.7545903625304,0.5,1.0,"(2, 2)",6050ea8a95817a2bfddc9d09
72.0,56.0,1493,554.7545903625304,0.5,1.0,"(2, 2)",6050ea8a95817a2bfddc9d09
72.0,56.0,1494,554.7545903625304,0.5,1.0,"(2, 2)",6050ea8a95817a2bfddc9d09
72.0,55.37499999999986,1495,555.3795903625305,0.5,1.0,"(2, 2)",6050ea8a95817a2bfddc9d09
72.0,54.749999999999716,1496,556.0045903625306,0.5,1.0,"(2, 2)",6050ea8a95817a2bfddc9d09
72.0,54.124999999999574,1497,556.6295903625307,0.5,1.0,"(2, 2)",6050ea8a95817a2bfddc9d09
72.0,53.49999999999943,1498,557.2545903625308,0.5,1.0,"(2, 2)",6050ea8a95817a2bfddc9d09
72.0,52.87499999999929,1499,557.879590362531,0.5,1.0,"(2, 2)",6050ea8a95817a2bfddc9d09
72.0,52.24999999999915,1500,558.5045903625311,0.5,1.0,"(2, 2)",6050ea8a95817a2bfddc9d09
72.0,51.624999999999005,1501,559.1295903625312,0.5,1.0,"(2, 2)",6050ea8a95817a2bfddc9d09
72.0,50.99999999999886,1502,559.7545903625313,0.5,1.0,"(2, 2)",6050ea8a95817a2bfddc9d09
72.0,50.37499999999872,1503,560.3795903625314,0.5,1.0,"(2, 2)",6050ea8a95817a2bfddc9d09
72.0,49.74999999999858,1504,561.0045903625315,0.5,1.0,"(2, 2)",6050ea8a95817a2bfddc9d09
72.0,49.12499999999844,1505,561.6295903625316,0.5,1.0,"(2, 2)",6050ea8a95817a2bfddc9d09
72.0,48.499999999998295,1506,562.2545903625318,0.5,1.0,"(2, 2)",6050ea8a95817a2bfddc9d09
72.0,47.87499999999815,1507,562.8795903625319,0.5,1.0,"(2, 2)",6050ea8a95817a2bfddc9d09
72.0,47.24999999999801,1508,563.504590362532,0.5,1.0,"(2, 2)",6050ea8a95817a2bfddc9d09
72.0,46.62499999999787,1509,564.1295903625321,0.5,1.0,"(2, 2)",6050ea8a95817a2bfddc9d09
72.0,45.999999999997726,1510,564.7545903625322,0.5,1.0,"(2, 2)",6050ea8a95817a2bfddc9d09
72.0,45.374999999997584,1511,565.3795903625323,0.5,1.0,"(2, 2)",6050ea8a95817a2bfddc9d09
72.0,44.74999999999744,1512,566.0045903625324,0.5,1.0,"(2, 2)",6050ea8a95817a2bfddc9d09
72.0,44.1249999999973,1513,566.6295903625326,0.5,1.0,"(2, 2)",6050ea8a95817a2bfddc9d09
72.0,43.49999999999716,1514,567.2545903625327,0.5,1.0,"(2, 2)",6050ea8a95817a2bfddc9d09
72.0,42.874999999997016,1515,567.8795903625328,0.5,1.0,"(2, 2)",6050ea8a95817a2bfddc9d09
72.0,42.249999999996874,1516,568.5045903625329,0.5,1.0,"(2, 2)",6050ea8a95817a2bfddc9d09
72.0,41.62499999999673,1517,569.129590362533,0.5,1.0,"(2, 2)",6050ea8a95817a2bfddc9d09
72.0,40.99999999999659,1518,569.7545903625331,0.5,1.0,"(2, 2)",6050ea8a95817a2bfddc9d09
72.0,40.37499999999645,1519,570.3795903625332,0.5,1.0,"(2, 2)",6050ea8a95817a2bfddc9d09
72.0,40.0,1520,570.7545903625297,0.5,1.0,"(2, 2)",6050ea8a95817a2bfddc9d09
72.0,40.0,1521,570.7545903625297,0.5,1.0,"(2, 2)",6050ea8a95817a2bfddc9d09
72.0,40.0,1522,570.7545903625297,0.5,1.0,"(2, 2)",6050ea8a95817a2bfddc9d09
72.0,40.0,1523,570.7545903625297,0.5,1.0,"(2, 2)",6050ea8a95817a2bfddc9d09
72.0,40.0,1524,570.7545903625297,0.5,1.0,"(2, 2)",6050ea8a95817a2bfddc9d09
72.0,40.0,1525,570.7545903625297,0.5,1.0,"(2, 2)",6050ea8a95817a2bfddc9d09
72.0,40.0,1526,570.7545903625297,0.5,1.0,"(2, 2)",6050ea8a95817a2bfddc9d09
72.0,40.0,1527,570.7545903625297,0.5,1.0,"(2, 2)",6050ea8a95817a2bfddc9d09
72.0,40.0,1528,570.7545903625297,0.5,1.0,"(2, 2)",6050ea8a95817a2bfddc9d09
72.0,40.0,1529,570.7545903625297,0.5,1.0,"(2, 2)",6050ea8a95817a2bfddc9d09
72.0,40.0,1530,570.7545903625297,0.5,1.0,"(2, 2)",6050ea8a95817a2bfddc9d09
72.0,40.0,1531,570.7545903625297,0.5,1.0,"(2, 2)",6050ea8a95817a2bfddc9d09
72.0,40.0,1532,570.7545903625297,0.5,1.0,"(2, 2)",6050ea8a95817a2bfddc9d09
72.0,40.0,1533,570.7545903625297,0.5,1.0,"(2, 2)",6050ea8a95817a2bfddc9d09
72.0,40.0,1534,570.7545903625297,0.5,1.0,"(2, 2)",6050ea8a95817a2bfddc9d09
72.0,40.0,1535,570.7545903625297,0.5,1.0,"(2, 2)",6050ea8a95817a2bfddc9d09
72.0,40.0,1536,570.7545903625297,0.5,1.0,"(2, 2)",6050ea8a95817a2bfddc9d09
72.44194173824224,40.441941738241525,1537,571.3795903625302,0.5,1.0,"(2, 2)",6050ea8a95817a2bfddc9d09
72.88388347648447,40.88388347648305,1538,572.0045903625306,0.5,1.0,"(2, 2)",6050ea8a95817a2bfddc9d09
73.3258252147267,41.325825214724574,1539,572.6295903625311,0.5,1.0,"(2, 2)",6050ea8a95817a2bfddc9d09
73.76776695296894,41.7677669529661,1540,573.2545903625315,0.5,1.0,"(2, 2)",6050ea8a95817a2bfddc9d09
74.20970869121118,42.209708691207624,1541,573.879590362532,0.5,1.0,"(2, 2)",6050ea8a95817a2bfddc9d09
74.65165042945323,42.65165042944915,1542,574.5045903625322,0.5,1.0,"(2, 2)",6050ea8a95817a2bfddc9d09
75.09359216769462,43.09359216769067,1543,575.129590362532,0.5,1.0,"(2, 2)",6050ea8a95817a2bfddc9d09
75.535533905936,43.5355339059322,1544,575.7545903625318,0.5,1.0,"(2, 2)",6050ea8a95817a2bfddc9d09
75.97747564417739,43.97747564417372,1545,576.3795903625315,0.5,1.0,"(2, 2)",6050ea8a95817a2bfddc9d09
76.41941738241879,44.41941738241525,1546,577.0045903625313,0.5,1.0,"(2, 2)",6050ea8a95817a2bfddc9d09
76.86135912066018,44.86135912065677,1547,577.6295903625311,0.5,1.0,"(2, 2)",6050ea8a95817a2bfddc9d09
77.30330085890157,45.3033008588983,1548,578.2545903625308,0.5,1.0,"(2, 2)",6050ea8a95817a2bfddc9d09
77.74524259714295,45.74524259713982,1549,578.8795903625306,0.5,1.0,"(2, 2)",6050ea8a95817a2bfddc9d09
78.18718433538434,46.187184335381346,1550,579.5045903625304,0.5,1.0,"(2, 2)",6050ea8a95817a2bfddc9d09
78.62912607362574,46.62912607362287,1551,580.1295903625302,0.5,1.0,"(2, 2)",6050ea8a95817a2bfddc9d09
79.07106781186712,47.071067811864395,1552,580.7545903625299,0.5,1.0,"(2, 2)",6050ea8a95817a2bfddc9d09
79.5130095501085,47.51300955010592,1553,581.3795903625297,0.5,1.0,"(2, 2)",6050ea8a95817a2bfddc9d09
79.9549512883499,47.954951288347445,1554,582.0045903625295,0.5,1.0,"(2, 2)",6050ea8a95817a2bfddc9d09
80.3968930265913,48.39689302658897,1555,582.6295903625293,0.5,1.0,"(2, 2)",6050ea8a95817a2bfddc9d09
80.83883476483268,48.838834764830494,1556,583.254590362529,0.5,1.0,"(2, 2)",6050ea8a95817a2bfddc9d09
81.28077650307407,49.28077650307202,1557,583.8795903625288,0.5,1.0,"(2, 2)",6050ea8a95817a2bfddc9d09
81.72271824131546,49.722718241313544,1558,584.5045903625286,0.5,1.0,"(2, 2)",6050ea8a95817a2bfddc9d09
82.16465997955686,50.16465997955507,1559,585.1295903625283,0.5,1.0,"(2, 2)",6050ea8a95817a2bfddc9d09
82.60660171779824,50.60660171779659,1560,585.7545903625281,0.5,1.0,"(2, 2)",6050ea8a95817a2bfddc9d09
83.04854345603962,51.04854345603812,1561,586.3795903625279,0.5,1.0,"(2, 2)",6050ea8a95817a2bfddc9d09
83.49048519428102,51.49048519427964,1562,587.0045903625277,0.5,1.0,"(2, 2)",6050ea8a95817a2bfddc9d09
83.93242693252242,51.93242693252117,1563,587.6295903625274,0.5,1.0,"(2, 2)",6050ea8a95817a2bfddc9d09
84.3743686707638,52.37436867076269,1564,588.2545903625272,0.5,1.0,"(2, 2)",6050ea8a95817a2bfddc9d09
84.81631040900518,52.81631040900422,1565,588.879590362527,0.5,1.0,"(2, 2)",6050ea8a95817a2bfddc9d09
85.25825214724658,53.25825214724574,1566,589.5045903625268,0.5,1.0,"(2, 2)",6050ea8a95817a2bfddc9d09
85.70019388548798,53.700193885487266,1567,590.1295903625265,0.5,1.0,"(2, 2)",6050ea8a95817a2bfddc9d09
86.14213562372936,54.14213562372879,1568,590.7545903625263,0.5,1.0,"(2, 2)",6050ea8a95817a2bfddc9d09
86.58407736197076,54.584077361970316,1569,591.3795903625261,0.5,1.0,"(2, 2)",6050ea8a95817a2bfddc9d09
87.02601910021214,55.02601910021184,1570,592.0045903625258,0.5,1.0,"(2, 2)",6050ea8a95817a2bfddc9d09
87.46796083845354,55.467960838453365,1571,592.6295903625256,0.5,1.0,"(2, 2)",6050ea8a95817a2bfddc9d09
88.0,56.0,1572,593.3820073604984,0.5,1.0,"(2, 2)",6050ea8a95817a2bfddc9d09
88.0,56.0,1573,593.3820073604984,0.5,1.0,"(2, 2)",6050ea8a95817a2bfddc9d09
88.0,56.0,1574,593.3820073604984,0.5,1.0,"(2, 2)",6050ea8a95817a2bfddc9d09
88.0,56.0,1575,593.3820073604984,0.5,1.0,"(2, 2)",6050ea8a95817a2bfddc9d09
88.0,56.0,1576,593.3820073604984,0.5,1.0,"(2, 2)",6050ea8a95817a2bfddc9d09
88.0,56.0,1577,593.3820073604984,0.5,1.0,"(2, 2)",6050ea8a95817a2bfddc9d09
88.0,56.0,1578,593.3820073604984,0.5,1.0,"(2, 2)",6050ea8a95817a2bfddc9d09
88.0,56.0,1579,593.3820073604984,0.5,1.0,"(2, 2)",6050ea8a95817a2bfddc9d09
88.0,56.0,1580,593.3820073604984,0.5,1.0,"(2, 2)",6050ea8a95817a2bfddc9d09
88.0,56.0,1581,593.3820073604984,0.5,1.0,"(2, 2)",6050ea8a95817a2bfddc9d09
88.0,56.0,1582,593.3820073604984,0.5,1.0,"(2, 2)",6050ea8a95817a2bfddc9d09
88.0,56.0,1583,593.3820073604984,0.5,1.0,"(2, 2)",6050ea8a95817a2bfddc9d09
88.0,56.0,1584,593.3820073604984,0.5,1.0,"(2, 2)",6050ea8a95817a2bfddc9d09
88.0,56.0,1585,593.3820073604984,0.5,1.0,"(2, 2)",6050ea8a95817a2bfddc9d09
88.0,56.0,1586,593.3820073604984,0.5,1.0,"(2, 2)",6050ea8a95817a2bfddc9d09
88.0,56.0,1587,593.3820073604984,0.5,1.0,"(2, 2)",6050ea8a95817a2bfddc9d09
88.0,56.0,1588,593.3820073604984,0.5,1.0,"(2, 2)",6050ea8a95817a2bfddc9d09
88.0,56.0,1589,593.3820073604984,0.5,1.0,"(2, 2)",6050ea8a95817a2bfddc9d09
88.0,56.0,1590,593.3820073604984,0.5,1.0,"(2, 2)",6050ea8a95817a2bfddc9d09
88.0,56.0,1591,593.3820073604984,0.5,1.0,"(2, 2)",6050ea8a95817a2bfddc9d09
88.0,55.37499999999986,1592,594.0070073604985,0.5,1.0,"(2, 2)",6050ea8a95817a2bfddc9d09
88.0,54.749999999999716,1593,594.6320073604986,0.5,1.0,"(2, 2)",6050ea8a95817a2bfddc9d09
88.0,54.124999999999574,1594,595.2570073604987,0.5,1.0,"(2, 2)",6050ea8a95817a2bfddc9d09
88.0,53.49999999999943,1595,595.8820073604988,0.5,1.0,"(2, 2)",6050ea8a95817a2bfddc9d09
88.0,52.87499999999929,1596,596.507007360499,0.5,1.0,"(2, 2)",6050ea8a95817a2bfddc9d09
88.0,52.24999999999915,1597,597.1320073604991,0.5,1.0,"(2, 2)",6050ea8a95817a2bfddc9d09
88.0,51.624999999999005,1598,597.7570073604992,0.5,1.0,"(2, 2)",6050ea8a95817a2bfddc9d09
88.0,50.99999999999886,1599,598.3820073604993,0.5,1.0,"(2, 2)",6050ea8a95817a2bfddc9d09
88.0,50.37499999999872,1600,599.0070073604994,0.5,1.0,"(2, 2)",6050ea8a95817a2bfddc9d09
88.0,49.74999999999858,1601,599.6320073604995,0.5,1.0,"(2, 2)",6050ea8a95817a2bfddc9d09
88.0,49.12499999999844,1602,600.2570073604996,0.5,1.0,"(2, 2)",6050ea8a95817a2bfddc9d09
88.0,48.499999999998295,1603,600.8820073604998,0.5,1.0,"(2, 2)",6050ea8a95817a2bfddc9d09
88.0,47.87499999999815,1604,601.5070073604999,0.5,1.0,"(2, 2)",6050ea8a95817a2bfddc9d09
88.0,47.24999999999801,1605,602.1320073605,0.5,1.0,"(2, 2)",6050ea8a95817a2bfddc9d09
88.0,46.62499999999787,1606,602.7570073605001,0.5,1.0,"(2, 2)",6050ea8a95817a2bfddc9d09
88.0,45.999999999997726,1607,603.3820073605002,0.5,1.0,"(2, 2)",6050ea8a95817a2bfddc9d09
88.0,45.374999999997584,1608,604.0070073605003,0.5,1.0,"(2, 2)",6050ea8a95817a2bfddc9d09
88.0,44.74999999999744,1609,604.6320073605004,0.5,1.0,"(2, 2)",6050ea8a95817a2bfddc9d09
88.0,44.1249999999973,1610,605.2570073605006,0.5,1.0,"(2, 2)",6050ea8a95817a2bfddc9d09
88.0,43.49999999999716,1611,605.8820073605007,0.5,1.0,"(2, 2)",6050ea8a95817a2bfddc9d09
88.0,42.874999999997016,1612,606.5070073605008,0.5,1.0,"(2, 2)",6050ea8a95817a2bfddc9d09
88.0,42.249999999996874,1613,607.1320073605009,0.5,1.0,"(2, 2)",6050ea8a95817a2bfddc9d09
88.0,41.62499999999673,1614,607.757007360501,0.5,1.0,"(2, 2)",6050ea8a95817a2bfddc9d09
88.0,40.99999999999659,1615,608.3820073605011,0.5,1.0,"(2, 2)",6050ea8a95817a2bfddc9d09
88.0,40.37499999999645,1616,609.0070073605012,0.5,1.0,"(2, 2)",6050ea8a95817a2bfddc9d09
88.31621556657728,39.879831738836856,1617,609.5945308846308,0.5,1.0,"(2, 2)",6050ea8a95817a2bfddc9d09
88.75540385349018,39.43515359833748,1618,610.2195308846303,0.5,1.0,"(2, 2)",6050ea8a95817a2bfddc9d09
89.19459214040307,38.9904754578381,1619,610.8445308846299,0.5,1.0,"(2, 2)",6050ea8a95817a2bfddc9d09
89.63378042731597,38.545797317338724,1620,611.4695308846294,0.5,1.0,"(2, 2)",6050ea8a95817a2bfddc9d09
90.07296871422886,38.10111917683935,1621,612.094530884629,0.5,1.0,"(2, 2)",6050ea8a95817a2bfddc9d09
90.51215700114176,37.65644103633997,1622,612.7195308846285,0.5,1.0,"(2, 2)",6050ea8a95817a2bfddc9d09
90.95134528805465,37.21176289584059,1623,613.344530884628,0.5,1.0,"(2, 2)",6050ea8a95817a2bfddc9d09
91.39053357496755,36.767084755341216,1624,613.9695308846276,0.5,1.0,"(2, 2)",6050ea8a95817a2bfddc9d09
91.82972186188044,36.32240661484184,1625,614.5945308846271,0.5,1.0,"(2, 2)",6050ea8a95817a2bfddc9d09
92.26891014879334,35.87772847434246,1626,615.2195308846267,0.5,1.0,"(2, 2)",6050ea8a95817a2bfddc9d09
92.70809843570623,35.433050333843084,1627,615.8445308846262,0.5,1.0,"(2, 2)",6050ea8a95817a2bfddc9d09
93.14728672261913,34.98837219334371,1628,616.4695308846258,0.5,1.0,"(2, 2)",6050ea8a95817a2bfddc9d09
93.58647500953202,34.54369405284433,1629,617.0945308846253,0.5,1.0,"(2, 2)",6050ea8a95817a2bfddc9d09
94.02566329644492,34.09901591234495,1630,617.7195308846249,0.5,1.0,"(2, 2)",6050ea8a95817a2bfddc9d09
94.46485158335781,33.654337771845576,1631,618.3445308846244,0.5,1.0,"(2, 2)",6050ea8a95817a2bfddc9d09
94.90403987027071,33.2096596313462,1632,618.969530884624,0.5,1.0,"(2, 2)",6050ea8a95817a2bfddc9d09
95.3432281571836,32.76498149084682,1633,619.5945308846235,0.5,1.0,"(2, 2)",6050ea8a95817a2bfddc9d09
95.7824164440965,32.320303350347444,1634,620.219530884623,0.5,1.0,"(2, 2)",6050ea8a95817a2bfddc9d09
96.22160473100939,31.875625209848067,1635,620.8445308846226,0.5,1.0,"(2, 2)",6050ea8a95817a2bfddc9d09
96.66079301792229,31.43094706934869,1636,621.4695308846221,0.5,1.0,"(2, 2)",6050ea8a95817a2bfddc9d09
97.09998130483518,30.986268928849313,1637,622.0945308846217,0.5,1.0,"(2, 2)",6050ea8a95817a2bfddc9d09
97.53916959174808,30.541590788349936,1638,622.7195308846212,0.5,1.0,"(2, 2)",6050ea8a95817a2bfddc9d09
97.97835787866097,30.09691264785056,1639,623.3445308846208,0.5,1.0,"(2, 2)",6050ea8a95817a2bfddc9d09
98.41754616557387,29.65223450735118,1640,623.9695308846203,0.5,1.0,"(2, 2)",6050ea8a95817a2bfddc9d09
98.85673445248676,29.207556366851804,1641,624.5945308846199,0.5,1.0,"(2, 2)",6050ea8a95817a2bfddc9d09
99.29592273939966,28.762878226352427,1642,625.2195308846194,0.5,1.0,"(2, 2)",6050ea8a95817a2bfddc9d09
99.73511102631255,28.31820008585305,1643,625.844530884619,0.5,1.0,"(2, 2)",6050ea8a95817a2bfddc9d09
100.17429931322545,27.873521945353673,1644,626.4695308846185,0.5,1.0,"(2, 2)",6050ea8a95817a2bfddc9d09
100.61348760013834,27.428843804854296,1645,627.094530884618,0.5,1.0,"(2, 2)",6050ea8a95817a2bfddc9d09
101.05267588705189,26.98416566435492,1646,627.719530884618,0.5,1.0,"(2, 2)",6050ea8a95817a2bfddc9d09
101.4918641739656,26.53948752385554,1647,628.3445308846182,0.5,1.0,"(2, 2)",6050ea8a95817a2bfddc9d09
101.9310524608793,26.094809383356164,1648,628.9695308846183,0.5,1.0,"(2, 2)",6050ea8a95817a2bfddc9d09
102.37024074779302,25.650131242856787,1649,629.5945308846184,0.5,1.0,"(2, 2)",6050ea8a95817a2bfddc9d09
102.80942903470672,25.20545310235741,1650,630.2195308846185,0.5,1.0,"(2, 2)",6050ea8a95817a2bfddc9d09
103.24861732162043,24.760774961858033,1651,630.8445308846186,0.5,1.0,"(2, 2)",6050ea8a95817a2bfddc9d09
103.68780560853413,24.316096821358656,1652,631.4695308846187,0.5,1.0,"(2, 2)",6050ea8a95817a2bfddc9d09
104.0,24.0,1653,631.913808431357,0.5,1.0,"(2, 2)",6050ea8a95817a2bfddc9d09
104.0,24.0,1654,631.913808431357,0.5,1.0,"(2, 2)",6050ea8a95817a2bfddc9d09
104.0,24.0,1655,631.913808431357,0.5,1.0,"(2, 2)",6050ea8a95817a2bfddc9d09
104.0,24.0,1656,631.913808431357,0.5,1.0,"(2, 2)",6050ea8a95817a2bfddc9d09
104.0,24.0,1657,631.913808431357,0.5,1.0,"(2, 2)",6050ea8a95817a2bfddc9d09
104.0,24.0,1658,631.913808431357,0.5,1.0,"(2, 2)",6050ea8a95817a2bfddc9d09
104.0,24.0,1659,631.913808431357,0.5,1.0,"(2, 2)",6050ea8a95817a2bfddc9d09
104.0,24.0,1660,631.913808431357,0.5,1.0,"(2, 2)",6050ea8a95817a2bfddc9d09
104.0,24.0,1661,631.913808431357,0.5,1.0,"(2, 2)",6050ea8a95817a2bfddc9d09
104.0,24.0,1662,631.913808431357,0.5,1.0,"(2, 2)",6050ea8a95817a2bfddc9d09
104.0,24.0,1663,631.913808431357,0.5,1.0,"(2, 2)",6050ea8a95817a2bfddc9d09
104.0,24.0,1664,631.913808431357,0.5,1.0,"(2, 2)",6050ea8a95817a2bfddc9d09
104.0,24.0,1665,631.913808431357,0.5,1.0,"(2, 2)",6050ea8a95817a2bfddc9d09
104.0,24.0,1666,631.913808431357,0.5,1.0,"(2, 2)",6050ea8a95817a2bfddc9d09
104.0,24.0,1667,631.913808431357,0.5,1.0,"(2, 2)",6050ea8a95817a2bfddc9d09
104.0,24.0,1668,631.913808431357,0.5,1.0,"(2, 2)",6050ea8a95817a2bfddc9d09
104.0,24.0,1669,631.913808431357,0.5,1.0,"(2, 2)",6050ea8a95817a2bfddc9d09
104.0,24.0,1670,631.913808431357,0.5,1.0,"(2, 2)",6050ea8a95817a2bfddc9d09
104.0,24.0,1671,631.913808431357,0.5,1.0,"(2, 2)",6050ea8a95817a2bfddc9d09
104.0,24.0,1672,631.913808431357,0.5,1.0,"(2, 2)",6050ea8a95817a2bfddc9d09
104.0,24.0,1673,631.913808431357,0.5,1.0,"(2, 2)",6050ea8a95817a2bfddc9d09
104.0,24.0,1674,631.913808431357,0.5,1.0,"(2, 2)",6050ea8a95817a2bfddc9d09
103.37500000000057,24.0,1675,632.5388084313564,0.5,1.0,"(2, 2)",6050ea8a95817a2bfddc9d09
102.75000000000114,24.0,1676,633.1638084313558,0.5,1.0,"(2, 2)",6050ea8a95817a2bfddc9d09
102.1250000000017,24.0,1677,633.7888084313553,0.5,1.0,"(2, 2)",6050ea8a95817a2bfddc9d09
101.50000000000227,24.0,1678,634.4138084313547,0.5,1.0,"(2, 2)",6050ea8a95817a2bfddc9d09
100.87500000000284,24.0,1679,635.0388084313541,0.5,1.0,"(2, 2)",6050ea8a95817a2bfddc9d09
100.25000000000341,24.0,1680,635.6638084313536,0.5,1.0,"(2, 2)",6050ea8a95817a2bfddc9d09
99.62500000000398,24.0,1681,636.288808431353,0.5,1.0,"(2, 2)",6050ea8a95817a2bfddc9d09
99.00000000000455,24.0,1682,636.9138084313524,0.5,1.0,"(2, 2)",6050ea8a95817a2bfddc9d09
98.37500000000512,24.0,1683,637.5388084313519,0.5,1.0,"(2, 2)",6050ea8a95817a2bfddc9d09
97.75000000000568,24.0,1684,638.1638084313513,0.5,1.0,"(2, 2)",6050ea8a95817a2bfddc9d09
97.12500000000625,24.0,1685,638.7888084313507,0.5,1.0,"(2, 2)",6050ea8a95817a2bfddc9d09
96.50000000000682,24.0,1686,639.4138084313502,0.5,1.0,"(2, 2)",6050ea8a95817a2bfddc9d09
95.87500000000739,24.0,1687,640.0388084313496,0.5,1.0,"(2, 2)",6050ea8a95817a2bfddc9d09
95.25000000000796,24.0,1688,640.663808431349,0.5,1.0,"(2, 2)",6050ea8a95817a2bfddc9d09
94.62500000000853,24.0,1689,641.2888084313485,0.5,1.0,"(2, 2)",6050ea8a95817a2bfddc9d09
94.0000000000091,24.0,1690,641.9138084313479,0.5,1.0,"(2, 2)",6050ea8a95817a2bfddc9d09
93.37500000000966,24.0,1691,642.5388084313473,0.5,1.0,"(2, 2)",6050ea8a95817a2bfddc9d09
92.75000000001023,24.0,1692,643.1638084313468,0.5,1.0,"(2, 2)",6050ea8a95817a2bfddc9d09
92.1250000000108,24.0,1693,643.7888084313462,0.5,1.0,"(2, 2)",6050ea8a95817a2bfddc9d09
91.50000000001137,24.0,1694,644.4138084313456,0.5,1.0,"(2, 2)",6050ea8a95817a2bfddc9d09
90.87500000001194,24.0,1695,645.038808431345,0.5,1.0,"(2, 2)",6050ea8a95817a2bfddc9d09
90.2500000000125,24.0,1696,645.6638084313445,0.5,1.0,"(2, 2)",6050ea8a95817a2bfddc9d09
89.62500000001307,24.0,1697,646.2888084313439,0.5,1.0,"(2, 2)",6050ea8a95817a2bfddc9d09
89.00000000001364,24.0,1698,646.9138084313433,0.5,1.0,"(2, 2)",6050ea8a95817a2bfddc9d09
88.37500000001421,24.0,1699,647.5388084313428,0.5,1.0,"(2, 2)",6050ea8a95817a2bfddc9d09
87.87808868441493,24.31188458816398,1700,648.1254879451361,0.5,1.0,"(2, 2)",6050ea8a95817a2bfddc9d09
87.4334952821622,24.751158656000573,1701,648.7504879451365,0.5,1.0,"(2, 2)",6050ea8a95817a2bfddc9d09
86.98890187990946,25.190432723837166,1702,649.3754879451368,0.5,1.0,"(2, 2)",6050ea8a95817a2bfddc9d09
86.54430847765673,25.629706791673758,1703,650.0004879451371,0.5,1.0,"(2, 2)",6050ea8a95817a2bfddc9d09
86.09971507540399,26.06898085951035,1704,650.6254879451375,0.5,1.0,"(2, 2)",6050ea8a95817a2bfddc9d09
85.65512167315126,26.508254927346943,1705,651.2504879451378,0.5,1.0,"(2, 2)",6050ea8a95817a2bfddc9d09
85.21052827089852,26.947528995183536,1706,651.8754879451382,0.5,1.0,"(2, 2)",6050ea8a95817a2bfddc9d09
84.76593486864579,27.38680306302013,1707,652.5004879451385,0.5,1.0,"(2, 2)",6050ea8a95817a2bfddc9d09
84.32134146639305,27.82607713085672,1708,653.1254879451388,0.5,1.0,"(2, 2)",6050ea8a95817a2bfddc9d09
83.87674806414032,28.265351198693313,1709,653.7504879451392,0.5,1.0,"(2, 2)",6050ea8a95817a2bfddc9d09
83.43215466188758,28.704625266529906,1710,654.3754879451395,0.5,1.0,"(2, 2)",6050ea8a95817a2bfddc9d09
82.98756125963484,29.14389933436677,1711,655.00048794514,0.5,1.0,"(2, 2)",6050ea8a95817a2bfddc9d09
82.54296785738211,29.583173402203716,1712,655.6254879451405,0.5,1.0,"(2, 2)",6050ea8a95817a2bfddc9d09
82.09837445512937,30.022447470040664,1713,656.2504879451411,0.5,1.0,"(2, 2)",6050ea8a95817a2bfddc9d09
81.65378105287664,30.46172153787761,1714,656.8754879451417,0.5,1.0,"(2, 2)",6050ea8a95817a2bfddc9d09
81.2091876506239,30.90099560571456,1715,657.5004879451423,0.5,1.0,"(2, 2)",6050ea8a95817a2bfddc9d09
80.76459424837117,31.340269673551507,1716,658.1254879451428,0.5,1.0,"(2, 2)",6050ea8a95817a2bfddc9d09
80.32000084611843,31.779543741388455,1717,658.7504879451434,0.5,1.0,"(2, 2)",6050ea8a95817a2bfddc9d09
79.8754074438657,32.2188178092254,1718,659.375487945144,0.5,1.0,"(2, 2)",6050ea8a95817a2bfddc9d09
79.43081404161296,32.65809187706235,1719,660.0004879451445,0.5,1.0,"(2, 2)",6050ea8a95817a2bfddc9d09
78.98622063936045,33.097365944899295,1720,660.6254879451449,0.5,1.0,"(2, 2)",6050ea8a95817a2bfddc9d09
78.54162723710837,33.53664001273624,1721,661.250487945145,0.5,1.0,"(2, 2)",6050ea8a95817a2bfddc9d09
78.09703383485629,33.97591408057319,1722,661.8754879451451,0.5,1.0,"(2, 2)",6050ea8a95817a2bfddc9d09
77.65244043260421,34.41518814841014,1723,662.5004879451452,0.5,1.0,"(2, 2)",6050ea8a95817a2bfddc9d09
77.20784703035213,34.854462216247086,1724,663.1254879451453,0.5,1.0,"(2, 2)",6050ea8a95817a2bfddc9d09
76.76325362810005,35.293736284084034,1725,663.7504879451454,0.5,1.0,"(2, 2)",6050ea8a95817a2bfddc9d09
76.31866022584796,35.73301035192098,1726,664.3754879451456,0.5,1.0,"(2, 2)",6050ea8a95817a2bfddc9d09
75.87406682359588,36.17228441975793,1727,665.0004879451457,0.5,1.0,"(2, 2)",6050ea8a95817a2bfddc9d09
75.4294734213438,36.61155848759488,1728,665.6254879451458,0.5,1.0,"(2, 2)",6050ea8a95817a2bfddc9d09
74.98488001909172,37.050832555431825,1729,666.2504879451459,0.5,1.0,"(2, 2)",6050ea8a95817a2bfddc9d09
74.54028661683964,37.49010662326877,1730,666.875487945146,0.5,1.0,"(2, 2)",6050ea8a95817a2bfddc9d09
74.09569321458756,37.92938069110572,1731,667.5004879451461,0.5,1.0,"(2, 2)",6050ea8a95817a2bfddc9d09
73.65109981233547,38.36865475894267,1732,668.1254879451462,0.5,1.0,"(2, 2)",6050ea8a95817a2bfddc9d09
73.20650641008339,38.807928826779616,1733,668.7504879451463,0.5,1.0,"(2, 2)",6050ea8a95817a2bfddc9d09
72.76191300783131,39.247202894616564,1734,669.3754879451465,0.5,1.0,"(2, 2)",6050ea8a95817a2bfddc9d09
72.31731960557923,39.68647696245351,1735,670.0004879451466,0.5,1.0,"(2, 2)",6050ea8a95817a2bfddc9d09
72.0,40.0,1736,670.4465691341215,0.5,1.0,"(2, 2)",6050ea8a95817a2bfddc9d09
72.0,40.0,1737,670.4465691341215,0.5,1.0,"(2, 2)",6050ea8a95817a2bfddc9d09
72.0,40.0,1738,670.4465691341215,0.5,1.0,"(2, 2)",6050ea8a95817a2bfddc9d09
72.0,40.0,1739,670.4465691341215,0.5,1.0,"(2, 2)",6050ea8a95817a2bfddc9d09
72.0,40.0,1740,670.4465691341215,0.5,1.0,"(2, 2)",6050ea8a95817a2bfddc9d09
72.0,40.0,1741,670.4465691341215,0.5,1.0,"(2, 2)",6050ea8a95817a2bfddc9d09
72.0,40.0,1742,670.4465691341215,0.5,1.0,"(2, 2)",6050ea8a95817a2bfddc9d09
72.0,40.0,1743,670.4465691341215,0.5,1.0,"(2, 2)",6050ea8a95817a2bfddc9d09
72.0,40.0,1744,670.4465691341215,0.5,1.0,"(2, 2)",6050ea8a95817a2bfddc9d09
72.0,40.0,1745,670.4465691341215,0.5,1.0,"(2, 2)",6050ea8a95817a2bfddc9d09
72.0,40.0,1746,670.4465691341215,0.5,1.0,"(2, 2)",6050ea8a95817a2bfddc9d09
72.0,40.0,1747,670.4465691341215,0.5,1.0,"(2, 2)",6050ea8a95817a2bfddc9d09
72.0,40.0,1748,670.4465691341215,0.5,1.0,"(2, 2)",6050ea8a95817a2bfddc9d09
72.0,40.0,1749,670.4465691341215,0.5,1.0,"(2, 2)",6050ea8a95817a2bfddc9d09
72.0,40.0,1750,670.4465691341215,0.5,1.0,"(2, 2)",6050ea8a95817a2bfddc9d09
72.0,40.0,1751,670.4465691341215,0.5,1.0,"(2, 2)",6050ea8a95817a2bfddc9d09
72.0,40.0,1752,670.4465691341215,0.5,1.0,"(2, 2)",6050ea8a95817a2bfddc9d09
72.0,40.0,1753,670.4465691341215,0.5,1.0,"(2, 2)",6050ea8a95817a2bfddc9d09
72.0,40.0,1754,670.4465691341215,0.5,1.0,"(2, 2)",6050ea8a95817a2bfddc9d09
72.0,40.0,1755,670.4465691341215,0.5,1.0,"(2, 2)",6050ea8a95817a2bfddc9d09
72.0,40.0,1756,670.4465691341215,0.5,1.0,"(2, 2)",6050ea8a95817a2bfddc9d09
72.0,39.37499999999986,1757,671.0715691341217,0.5,1.0,"(2, 2)",6050ea8a95817a2bfddc9d09
72.0,38.749999999999716,1758,671.6965691341218,0.5,1.0,"(2, 2)",6050ea8a95817a2bfddc9d09
72.0,38.124999999999574,1759,672.3215691341219,0.5,1.0,"(2, 2)",6050ea8a95817a2bfddc9d09
72.0,37.49999999999943,1760,672.946569134122,0.5,1.0,"(2, 2)",6050ea8a95817a2bfddc9d09
72.0,36.87499999999929,1761,673.5715691341221,0.5,1.0,"(2, 2)",6050ea8a95817a2bfddc9d09
72.0,36.24999999999915,1762,674.1965691341222,0.5,1.0,"(2, 2)",6050ea8a95817a2bfddc9d09
72.0,35.624999999999005,1763,674.8215691341223,0.5,1.0,"(2, 2)",6050ea8a95817a2bfddc9d09
72.0,34.99999999999886,1764,675.4465691341225,0.5,1.0,"(2, 2)",6050ea8a95817a2bfddc9d09
72.0,34.37499999999872,1765,676.0715691341226,0.5,1.0,"(2, 2)",6050ea8a95817a2bfddc9d09
72.0,33.74999999999858,1766,676.6965691341227,0.5,1.0,"(2, 2)",6050ea8a95817a2bfddc9d09
72.0,33.12499999999844,1767,677.3215691341228,0.5,1.0,"(2, 2)",6050ea8a95817a2bfddc9d09
72.0,32.499999999998295,1768,677.9465691341229,0.5,1.0,"(2, 2)",6050ea8a95817a2bfddc9d09
72.0,31.874999999998153,1769,678.571569134123,0.5,1.0,"(2, 2)",6050ea8a95817a2bfddc9d09
72.0,31.24999999999801,1770,679.1965691341231,0.5,1.0,"(2, 2)",6050ea8a95817a2bfddc9d09
72.0,30.62499999999787,1771,679.8215691341233,0.5,1.0,"(2, 2)",6050ea8a95817a2bfddc9d09
72.0,29.999999999997726,1772,680.4465691341234,0.5,1.0,"(2, 2)",6050ea8a95817a2bfddc9d09
72.0,29.374999999997584,1773,681.0715691341235,0.5,1.0,"(2, 2)",6050ea8a95817a2bfddc9d09
72.0,28.749999999997442,1774,681.6965691341236,0.5,1.0,"(2, 2)",6050ea8a95817a2bfddc9d09
72.0,28.1249999999973,1775,682.3215691341237,0.5,1.0,"(2, 2)",6050ea8a95817a2bfddc9d09
72.0,27.499999999997158,1776,682.9465691341238,0.5,1.0,"(2, 2)",6050ea8a95817a2bfddc9d09
72.0,26.874999999997016,1777,683.5715691341239,0.5,1.0,"(2, 2)",6050ea8a95817a2bfddc9d09
72.0,26.249999999996874,1778,684.196569134124,0.5,1.0,"(2, 2)",6050ea8a95817a2bfddc9d09
72.0,25.62499999999673,1779,684.8215691341242,0.5,1.0,"(2, 2)",6050ea8a95817a2bfddc9d09
72.0,24.99999999999659,1780,685.4465691341243,0.5,1.0,"(2, 2)",6050ea8a95817a2bfddc9d09
72.0,24.374999999996447,1781,686.0715691341244,0.5,1.0,"(2, 2)",6050ea8a95817a2bfddc9d09
72.0,24.0,1782,686.4465691341209,0.5,1.0,"(2, 2)",6050ea8a95817a2bfddc9d09
72.0,24.0,1783,686.4465691341209,0.5,1.0,"(2, 2)",6050ea8a95817a2bfddc9d09
72.0,24.0,1784,686.4465691341209,0.5,1.0,"(2, 2)",6050ea8a95817a2bfddc9d09
72.0,24.0,1785,686.4465691341209,0.5,1.0,"(2, 2)",6050ea8a95817a2bfddc9d09
72.0,24.0,1786,686.4465691341209,0.5,1.0,"(2, 2)",6050ea8a95817a2bfddc9d09
72.0,24.0,1787,686.4465691341209,0.5,1.0,"(2, 2)",6050ea8a95817a2bfddc9d09
72.0,24.0,1788,686.4465691341209,0.5,1.0,"(2, 2)",6050ea8a95817a2bfddc9d09
72.0,24.0,1789,686.4465691341209,0.5,1.0,"(2, 2)",6050ea8a95817a2bfddc9d09
72.0,24.0,1790,686.4465691341209,0.5,1.0,"(2, 2)",6050ea8a95817a2bfddc9d09
72.0,24.0,1791,686.4465691341209,0.5,1.0,"(2, 2)",6050ea8a95817a2bfddc9d09
72.0,24.0,1792,686.4465691341209,0.5,1.0,"(2, 2)",6050ea8a95817a2bfddc9d09
72.0,24.0,1793,686.4465691341209,0.5,1.0,"(2, 2)",6050ea8a95817a2bfddc9d09
72.0,24.0,1794,686.4465691341209,0.5,1.0,"(2, 2)",6050ea8a95817a2bfddc9d09
72.0,24.0,1795,686.4465691341209,0.5,1.0,"(2, 2)",6050ea8a95817a2bfddc9d09
72.0,24.0,1796,686.4465691341209,0.5,1.0,"(2, 2)",6050ea8a95817a2bfddc9d09
72.0,24.0,1797,686.4465691341209,0.5,1.0,"(2, 2)",6050ea8a95817a2bfddc9d09
72.0,24.0,1798,686.4465691341209,0.5,1.0,"(2, 2)",6050ea8a95817a2bfddc9d09
72.0,24.0,1799,686.4465691341209,0.5,1.0,"(2, 2)",6050ea8a95817a2bfddc9d09
72.0,24.0,1800,686.4465691341209,0.5,1.0,"(2, 2)",6050ea8a95817a2bfddc9d09
72.0,24.0,1801,686.4465691341209,0.5,1.0,"(2, 2)",6050ea8a95817a2bfddc9d09
72.0,24.0,1802,686.4465691341209,0.5,1.0,"(2, 2)",6050ea8a95817a2bfddc9d09
72.0,24.0,1803,686.4465691341209,0.5,1.0,"(2, 2)",6050ea8a95817a2bfddc9d09
72.0,24.0,1804,686.4465691341209,0.5,1.0,"(2, 2)",6050ea8a95817a2bfddc9d09
72.0,24.0,1805,686.4465691341209,0.5,1.0,"(2, 2)",6050ea8a95817a2bfddc9d09
72.0,24.0,1806,686.4465691341209,0.5,1.0,"(2, 2)",6050ea8a95817a2bfddc9d09
72.0,24.0,1807,686.4465691341209,0.5,1.0,"(2, 2)",6050ea8a95817a2bfddc9d09
72.0,24.0,1808,686.4465691341209,0.5,1.0,"(2, 2)",6050ea8a95817a2bfddc9d09
72.0,24.0,1809,686.4465691341209,0.5,1.0,"(2, 2)",6050ea8a95817a2bfddc9d09
72.0,24.625000000000142,1810,687.071569134121,0.5,1.0,"(2, 2)",6050ea8a95817a2bfddc9d09
72.0,25.250000000000284,1811,687.6965691341211,0.5,1.0,"(2, 2)",6050ea8a95817a2bfddc9d09
72.0,25.875000000000426,1812,688.3215691341212,0.5,1.0,"(2, 2)",6050ea8a95817a2bfddc9d09
72.0,26.50000000000057,1813,688.9465691341213,0.5,1.0,"(2, 2)",6050ea8a95817a2bfddc9d09
72.0,27.12500000000071,1814,689.5715691341214,0.5,1.0,"(2, 2)",6050ea8a95817a2bfddc9d09
72.0,27.750000000000853,1815,690.1965691341215,0.5,1.0,"(2, 2)",6050ea8a95817a2bfddc9d09
72.0,28.375000000000995,1816,690.8215691341217,0.5,1.0,"(2, 2)",6050ea8a95817a2bfddc9d09
72.0,29.000000000001137,1817,691.4465691341218,0.5,1.0,"(2, 2)",6050ea8a95817a2bfddc9d09
72.0,29.62500000000128,1818,692.0715691341219,0.5,1.0,"(2, 2)",6050ea8a95817a2bfddc9d09
72.0,30.25000000000142,1819,692.696569134122,0.5,1.0,"(2, 2)",6050ea8a95817a2bfddc9d09
72.0,30.875000000001563,1820,693.3215691341221,0.5,1.0,"(2, 2)",6050ea8a95817a2bfddc9d09
72.0,31.500000000001705,1821,693.9465691341222,0.5,1.0,"(2, 2)",6050ea8a95817a2bfddc9d09
72.0,32.12500000000185,1822,694.5715691341223,0.5,1.0,"(2, 2)",6050ea8a95817a2bfddc9d09
72.0,32.75000000000199,1823,695.1965691341225,0.5,1.0,"(2, 2)",6050ea8a95817a2bfddc9d09
72.0,33.37500000000213,1824,695.8215691341226,0.5,1.0,"(2, 2)",6050ea8a95817a2bfddc9d09
72.0,34.000000000002274,1825,696.4465691341227,0.5,1.0,"(2, 2)",6050ea8a95817a2bfddc9d09
72.0,34.625000000002416,1826,697.0715691341228,0.5,1.0,"(2, 2)",6050ea8a95817a2bfddc9d09
72.0,35.25000000000256,1827,697.6965691341229,0.5,1.0,"(2, 2)",6050ea8a95817a2bfddc9d09
72.0,35.8750000000027,1828,698.321569134123,0.5,1.0,"(2, 2)",6050ea8a95817a2bfddc9d09
72.0,36.50000000000284,1829,698.9465691341231,0.5,1.0,"(2, 2)",6050ea8a95817a2bfddc9d09
72.0,37.125000000002984,1830,699.5715691341233,0.5,1.0,"(2, 2)",6050ea8a95817a2bfddc9d09
72.0,37.750000000003126,1831,700.1965691341234,0.5,1.0,"(2, 2)",6050ea8a95817a2bfddc9d09
72.0,38.37500000000327,1832,700.8215691341235,0.5,1.0,"(2, 2)",6050ea8a95817a2bfddc9d09
72.0,39.00000000000341,1833,701.4465691341236,0.5,1.0,"(2, 2)",6050ea8a95817a2bfddc9d09
72.0,39.62500000000355,1834,702.0715691341237,0.5,1.0,"(2, 2)",6050ea8a95817a2bfddc9d09
72.0,40.250000000003695,1835,702.6965691341238,0.5,1.0,"(2, 2)",6050ea8a95817a2bfddc9d09
72.0,40.87500000000384,1836,703.3215691341239,0.5,1.0,"(2, 2)",6050ea8a95817a2bfddc9d09
72.0,41.50000000000398,1837,703.946569134124,0.5,1.0,"(2, 2)",6050ea8a95817a2bfddc9d09
72.0,42.12500000000412,1838,704.5715691341242,0.5,1.0,"(2, 2)",6050ea8a95817a2bfddc9d09
72.0,42.75000000000426,1839,705.1965691341243,0.5,1.0,"(2, 2)",6050ea8a95817a2bfddc9d09
72.0,43.375000000004405,1840,705.8215691341244,0.5,1.0,"(2, 2)",6050ea8a95817a2bfddc9d09
72.0,44.00000000000455,1841,706.4465691341245,0.5,1.0,"(2, 2)",6050ea8a95817a2bfddc9d09
72.0,44.62500000000469,1842,707.0715691341246,0.5,1.0,"(2, 2)",6050ea8a95817a2bfddc9d09
72.0,45.25000000000483,1843,707.6965691341247,0.5,1.0,"(2, 2)",6050ea8a95817a2bfddc9d09
72.0,45.875000000004974,1844,708.3215691341248,0.5,1.0,"(2, 2)",6050ea8a95817a2bfddc9d09
72.0,46.500000000005116,1845,708.946569134125,0.5,1.0,"(2, 2)",6050ea8a95817a2bfddc9d09
72.0,47.12500000000526,1846,709.5715691341251,0.5,1.0,"(2, 2)",6050ea8a95817a2bfddc9d09
72.0,47.7500000000054,1847,710.1965691341252,0.5,1.0,"(2, 2)",6050ea8a95817a2bfddc9d09
72.0,48.37500000000554,1848,710.8215691341253,0.5,1.0,"(2, 2)",6050ea8a95817a2bfddc9d09
72.0,49.000000000005684,1849,711.4465691341254,0.5,1.0,"(2, 2)",6050ea8a95817a2bfddc9d09
72.0,49.62500000000583,1850,712.0715691341255,0.5,1.0,"(2, 2)",6050ea8a95817a2bfddc9d09
72.0,50.25000000000597,1851,712.6965691341256,0.5,1.0,"(2, 2)",6050ea8a95817a2bfddc9d09
72.0,50.87500000000611,1852,713.3215691341258,0.5,1.0,"(2, 2)",6050ea8a95817a2bfddc9d09
72.0,51.50000000000625,1853,713.9465691341259,0.5,1.0,"(2, 2)",6050ea8a95817a2bfddc9d09
72.0,52.125000000006395,1854,714.571569134126,0.5,1.0,"(2, 2)",6050ea8a95817a2bfddc9d09
72.0,52.75000000000654,1855,715.1965691341261,0.5,1.0,"(2, 2)",6050ea8a95817a2bfddc9d09
72.0,53.37500000000668,1856,715.8215691341262,0.5,1.0,"(2, 2)",6050ea8a95817a2bfddc9d09
72.0,54.00000000000682,1857,716.4465691341263,0.5,1.0,"(2, 2)",6050ea8a95817a2bfddc9d09
72.0,54.62500000000696,1858,717.0715691341264,0.5,1.0,"(2, 2)",6050ea8a95817a2bfddc9d09
72.0,55.250000000007105,1859,717.6965691341265,0.5,1.0,"(2, 2)",6050ea8a95817a2bfddc9d09
72.0,55.87500000000725,1860,718.3215691341267,0.5,1.0,"(2, 2)",6050ea8a95817a2bfddc9d09
72.0,56.50000000000739,1861,718.9465691341268,0.5,1.0,"(2, 2)",6050ea8a95817a2bfddc9d09
72.0,57.12500000000753,1862,719.5715691341269,0.5,1.0,"(2, 2)",6050ea8a95817a2bfddc9d09
72.0,57.750000000007674,1863,720.196569134127,0.5,1.0,"(2, 2)",6050ea8a95817a2bfddc9d09
72.0,58.375000000007816,1864,720.8215691341271,0.5,1.0,"(2, 2)",6050ea8a95817a2bfddc9d09
72.0,59.00000000000796,1865,721.4465691341272,0.5,1.0,"(2, 2)",6050ea8a95817a2bfddc9d09
72.0,59.6250000000081,1866,722.0715691341273,0.5,1.0,"(2, 2)",6050ea8a95817a2bfddc9d09
72.0,60.25000000000824,1867,722.6965691341275,0.5,1.0,"(2, 2)",6050ea8a95817a2bfddc9d09
72.0,60.875000000008384,1868,723.3215691341276,0.5,1.0,"(2, 2)",6050ea8a95817a2bfddc9d09
72.0,61.50000000000853,1869,723.9465691341277,0.5,1.0,"(2, 2)",6050ea8a95817a2bfddc9d09
72.0,62.12500000000867,1870,724.5715691341278,0.5,1.0,"(2, 2)",6050ea8a95817a2bfddc9d09
72.0,62.75000000000881,1871,725.1965691341279,0.5,1.0,"(2, 2)",6050ea8a95817a2bfddc9d09
72.0,63.37500000000895,1872,725.821569134128,0.5,1.0,"(2, 2)",6050ea8a95817a2bfddc9d09
72.0,64.0000000000091,1873,726.4465691341281,0.5,1.0,"(2, 2)",6050ea8a95817a2bfddc9d09
72.0,64.62500000000853,1874,727.0715691341276,0.5,1.0,"(2, 2)",6050ea8a95817a2bfddc9d09
72.0,65.25000000000796,1875,727.696569134127,0.5,1.0,"(2, 2)",6050ea8a95817a2bfddc9d09
72.0,65.87500000000739,1876,728.3215691341264,0.5,1.0,"(2, 2)",6050ea8a95817a2bfddc9d09
72.0,66.50000000000682,1877,728.9465691341259,0.5,1.0,"(2, 2)",6050ea8a95817a2bfddc9d09
72.0,67.12500000000625,1878,729.5715691341253,0.5,1.0,"(2, 2)",6050ea8a95817a2bfddc9d09
72.0,67.75000000000568,1879,730.1965691341247,0.5,1.0,"(2, 2)",6050ea8a95817a2bfddc9d09
72.0,68.37500000000512,1880,730.8215691341242,0.5,1.0,"(2, 2)",6050ea8a95817a2bfddc9d09
72.0,69.00000000000455,1881,731.4465691341236,0.5,1.0,"(2, 2)",6050ea8a95817a2bfddc9d09
72.0,69.62500000000398,1882,732.071569134123,0.5,1.0,"(2, 2)",6050ea8a95817a2bfddc9d09
72.0,70.25000000000341,1883,732.6965691341225,0.5,1.0,"(2, 2)",6050ea8a95817a2bfddc9d09
72.0,70.87500000000284,1884,733.3215691341219,0.5,1.0,"(2, 2)",6050ea8a95817a2bfddc9d09
72.0,71.50000000000227,1885,733.9465691341213,0.5,1.0,"(2, 2)",6050ea8a95817a2bfddc9d09
72.0,72.0,1886,734.446569134119,0.5,1.0,"(2, 2)",6050ea8a95817a2bfddc9d09
72.0,72.0,1887,734.446569134119,0.5,1.0,"(2, 2)",6050ea8a95817a2bfddc9d09
72.0,72.0,1888,734.446569134119,0.5,1.0,"(2, 2)",6050ea8a95817a2bfddc9d09
72.0,72.0,1889,734.446569134119,0.5,1.0,"(2, 2)",6050ea8a95817a2bfddc9d09
72.0,72.0,1890,734.446569134119,0.5,1.0,"(2, 2)",6050ea8a95817a2bfddc9d09
72.0,72.0,1891,734.446569134119,0.5,1.0,"(2, 2)",6050ea8a95817a2bfddc9d09
72.0,72.0,1892,734.446569134119,0.5,1.0,"(2, 2)",6050ea8a95817a2bfddc9d09
72.0,72.0,1893,734.446569134119,0.5,1.0,"(2, 2)",6050ea8a95817a2bfddc9d09
72.0,72.0,1894,734.446569134119,0.5,1.0,"(2, 2)",6050ea8a95817a2bfddc9d09
72.0,72.0,1895,734.446569134119,0.5,1.0,"(2, 2)",6050ea8a95817a2bfddc9d09
72.0,72.0,1896,734.446569134119,0.5,1.0,"(2, 2)",6050ea8a95817a2bfddc9d09
72.0,72.0,1897,734.446569134119,0.5,1.0,"(2, 2)",6050ea8a95817a2bfddc9d09
72.0,72.0,1898,734.446569134119,0.5,1.0,"(2, 2)",6050ea8a95817a2bfddc9d09
72.0,72.0,1899,734.446569134119,0.5,1.0,"(2, 2)",6050ea8a95817a2bfddc9d09
72.0,72.0,1900,734.446569134119,0.5,1.0,"(2, 2)",6050ea8a95817a2bfddc9d09
72.0,71.37500000000057,1901,735.0715691341185,0.5,1.0,"(2, 2)",6050ea8a95817a2bfddc9d09
72.0,70.75000000000114,1902,735.6965691341179,0.5,1.0,"(2, 2)",6050ea8a95817a2bfddc9d09
72.0,70.1250000000017,1903,736.3215691341173,0.5,1.0,"(2, 2)",6050ea8a95817a2bfddc9d09
72.0,69.50000000000227,1904,736.9465691341168,0.5,1.0,"(2, 2)",6050ea8a95817a2bfddc9d09
72.0,68.87500000000284,1905,737.5715691341162,0.5,1.0,"(2, 2)",6050ea8a95817a2bfddc9d09
72.0,68.25000000000341,1906,738.1965691341156,0.5,1.0,"(2, 2)",6050ea8a95817a2bfddc9d09
72.0,67.62500000000398,1907,738.8215691341151,0.5,1.0,"(2, 2)",6050ea8a95817a2bfddc9d09
72.0,67.00000000000455,1908,739.4465691341145,0.5,1.0,"(2, 2)",6050ea8a95817a2bfddc9d09
72.0,66.37500000000512,1909,740.0715691341139,0.5,1.0,"(2, 2)",6050ea8a95817a2bfddc9d09
72.0,65.75000000000568,1910,740.6965691341134,0.5,1.0,"(2, 2)",6050ea8a95817a2bfddc9d09
72.0,65.12500000000625,1911,741.3215691341128,0.5,1.0,"(2, 2)",6050ea8a95817a2bfddc9d09
72.0,64.50000000000682,1912,741.9465691341122,0.5,1.0,"(2, 2)",6050ea8a95817a2bfddc9d09
72.0,63.87500000000725,1913,742.5715691341118,0.5,1.0,"(2, 2)",6050ea8a95817a2bfddc9d09
72.0,63.250000000007105,1914,743.1965691341119,0.5,1.0,"(2, 2)",6050ea8a95817a2bfddc9d09
72.0,62.62500000000696,1915,743.821569134112,0.5,1.0,"(2, 2)",6050ea8a95817a2bfddc9d09
72.0,62.00000000000682,1916,744.4465691341121,0.5,1.0,"(2, 2)",6050ea8a95817a2bfddc9d09
72.0,61.37500000000668,1917,745.0715691341122,0.5,1.0,"(2, 2)",6050ea8a95817a2bfddc9d09
72.0,60.75000000000654,1918,745.6965691341123,0.5,1.0,"(2, 2)",6050ea8a95817a2bfddc9d09
72.0,60.125000000006395,1919,746.3215691341125,0.5,1.0,"(2, 2)",6050ea8a95817a2bfddc9d09
72.0,59.50000000000625,1920,746.9465691341126,0.5,1.0,"(2, 2)",6050ea8a95817a2bfddc9d09
72.0,58.87500000000611,1921,747.5715691341127,0.5,1.0,"(2, 2)",6050ea8a95817a2bfddc9d09
72.0,58.25000000000597,1922,748.1965691341128,0.5,1.0,"(2, 2)",6050ea8a95817a2bfddc9d09
72.0,57.62500000000583,1923,748.8215691341129,0.5,1.0,"(2, 2)",6050ea8a95817a2bfddc9d09
72.0,57.000000000005684,1924,749.446569134113,0.5,1.0,"(2, 2)",6050ea8a95817a2bfddc9d09
72.0,56.37500000000554,1925,750.0715691341131,0.5,1.0,"(2, 2)",6050ea8a95817a2bfddc9d09
72.0,56.0,1926,750.4465691341187,0.5,1.0,"(2, 2)",6050ea8a95817a2bfddc9d09
72.0,56.0,1927,750.4465691341187,0.5,1.0,"(2, 2)",6050ea8a95817a2bfddc9d09
72.0,56.0,1928,750.4465691341187,0.5,1.0,"(2, 2)",6050ea8a95817a2bfddc9d09
72.0,56.0,1929,750.4465691341187,0.5,1.0,"(2, 2)",6050ea8a95817a2bfddc9d09
72.0,56.0,1930,750.4465691341187,0.5,1.0,"(2, 2)",6050ea8a95817a2bfddc9d09
72.0,56.0,1931,750.4465691341187,0.5,1.0,"(2, 2)",6050ea8a95817a2bfddc9d09
72.0,56.0,1932,750.4465691341187,0.5,1.0,"(2, 2)",6050ea8a95817a2bfddc9d09
72.0,56.0,1933,750.4465691341187,0.5,1.0,"(2, 2)",6050ea8a95817a2bfddc9d09
72.0,56.0,1934,750.4465691341187,0.5,1.0,"(2, 2)",6050ea8a95817a2bfddc9d09
72.0,56.0,1935,750.4465691341187,0.5,1.0,"(2, 2)",6050ea8a95817a2bfddc9d09
72.0,56.0,1936,750.4465691341187,0.5,1.0,"(2, 2)",6050ea8a95817a2bfddc9d09
72.0,56.0,1937,750.4465691341187,0.5,1.0,"(2, 2)",6050ea8a95817a2bfddc9d09
72.0,56.0,1938,750.4465691341187,0.5,1.0,"(2, 2)",6050ea8a95817a2bfddc9d09
72.0,56.0,1939,750.4465691341187,0.5,1.0,"(2, 2)",6050ea8a95817a2bfddc9d09
72.0,56.0,1940,750.4465691341187,0.5,1.0,"(2, 2)",6050ea8a95817a2bfddc9d09
72.0,56.0,1941,750.4465691341187,0.5,1.0,"(2, 2)",6050ea8a95817a2bfddc9d09
72.62499999999943,56.0,1942,751.0715691341181,0.5,1.0,"(2, 2)",6050ea8a95817a2bfddc9d09
73.24999999999886,56.0,1943,751.6965691341176,0.5,1.0,"(2, 2)",6050ea8a95817a2bfddc9d09
73.8749999999983,56.0,1944,752.321569134117,0.5,1.0,"(2, 2)",6050ea8a95817a2bfddc9d09
74.49999999999773,56.0,1945,752.9465691341164,0.5,1.0,"(2, 2)",6050ea8a95817a2bfddc9d09
75.12499999999716,56.0,1946,753.5715691341159,0.5,1.0,"(2, 2)",6050ea8a95817a2bfddc9d09
75.74999999999659,56.0,1947,754.1965691341153,0.5,1.0,"(2, 2)",6050ea8a95817a2bfddc9d09
76.37499999999602,56.0,1948,754.8215691341147,0.5,1.0,"(2, 2)",6050ea8a95817a2bfddc9d09
76.99999999999545,56.0,1949,755.4465691341142,0.5,1.0,"(2, 2)",6050ea8a95817a2bfddc9d09
77.62499999999488,56.0,1950,756.0715691341136,0.5,1.0,"(2, 2)",6050ea8a95817a2bfddc9d09
78.24999999999432,56.0,1951,756.696569134113,0.5,1.0,"(2, 2)",6050ea8a95817a2bfddc9d09
78.87499999999375,56.0,1952,757.3215691341125,0.5,1.0,"(2, 2)",6050ea8a95817a2bfddc9d09
79.49999999999318,56.0,1953,757.9465691341119,0.5,1.0,"(2, 2)",6050ea8a95817a2bfddc9d09
80.12499999999261,56.0,1954,758.5715691341113,0.5,1.0,"(2, 2)",6050ea8a95817a2bfddc9d09
80.74999999999204,56.0,1955,759.1965691341107,0.5,1.0,"(2, 2)",6050ea8a95817a2bfddc9d09
81.37499999999147,56.0,1956,759.8215691341102,0.5,1.0,"(2, 2)",6050ea8a95817a2bfddc9d09
81.9999999999909,56.0,1957,760.4465691341096,0.5,1.0,"(2, 2)",6050ea8a95817a2bfddc9d09
82.62499999999034,56.0,1958,761.071569134109,0.5,1.0,"(2, 2)",6050ea8a95817a2bfddc9d09
83.24999999998977,56.0,1959,761.6965691341085,0.5,1.0,"(2, 2)",6050ea8a95817a2bfddc9d09
83.8749999999892,56.0,1960,762.3215691341079,0.5,1.0,"(2, 2)",6050ea8a95817a2bfddc9d09
84.49999999998863,56.0,1961,762.9465691341073,0.5,1.0,"(2, 2)",6050ea8a95817a2bfddc9d09
85.12499999998806,56.0,1962,763.5715691341068,0.5,1.0,"(2, 2)",6050ea8a95817a2bfddc9d09
85.7499999999875,56.0,1963,764.1965691341062,0.5,1.0,"(2, 2)",6050ea8a95817a2bfddc9d09
86.37499999998693,56.0,1964,764.8215691341056,0.5,1.0,"(2, 2)",6050ea8a95817a2bfddc9d09
86.99999999998636,56.0,1965,765.4465691341051,0.5,1.0,"(2, 2)",6050ea8a95817a2bfddc9d09
87.62499999998579,56.0,1966,766.0715691341045,0.5,1.0,"(2, 2)",6050ea8a95817a2bfddc9d09
88.0,56.0,1967,766.4465691341187,0.5,1.0,"(2, 2)",6050ea8a95817a2bfddc9d09
88.0,56.0,1968,766.4465691341187,0.5,1.0,"(2, 2)",6050ea8a95817a2bfddc9d09
88.0,56.0,1969,766.4465691341187,0.5,1.0,"(2, 2)",6050ea8a95817a2bfddc9d09
88.0,56.0,1970,766.4465691341187,0.5,1.0,"(2, 2)",6050ea8a95817a2bfddc9d09
88.0,56.0,1971,766.4465691341187,0.5,1.0,"(2, 2)",6050ea8a95817a2bfddc9d09
88.0,56.0,1972,766.4465691341187,0.5,1.0,"(2, 2)",6050ea8a95817a2bfddc9d09
88.0,56.0,1973,766.4465691341187,0.5,1.0,"(2, 2)",6050ea8a95817a2bfddc9d09
88.0,56.0,1974,766.4465691341187,0.5,1.0,"(2, 2)",6050ea8a95817a2bfddc9d09
88.0,56.0,1975,766.4465691341187,0.5,1.0,"(2, 2)",6050ea8a95817a2bfddc9d09
88.0,56.0,1976,766.4465691341187,0.5,1.0,"(2, 2)",6050ea8a95817a2bfddc9d09
88.0,56.0,1977,766.4465691341187,0.5,1.0,"(2, 2)",6050ea8a95817a2bfddc9d09
88.0,56.0,1978,766.4465691341187,0.5,1.0,"(2, 2)",6050ea8a95817a2bfddc9d09
88.0,56.0,1979,766.4465691341187,0.5,1.0,"(2, 2)",6050ea8a95817a2bfddc9d09
88.0,56.0,1980,766.4465691341187,0.5,1.0,"(2, 2)",6050ea8a95817a2bfddc9d09
88.0,56.0,1981,766.4465691341187,0.5,1.0,"(2, 2)",6050ea8a95817a2bfddc9d09
88.0,56.0,1982,766.4465691341187,0.5,1.0,"(2, 2)",6050ea8a95817a2bfddc9d09
88.0,56.0,1983,766.4465691341187,0.5,1.0,"(2, 2)",6050ea8a95817a2bfddc9d09
88.0,56.0,1984,766.4465691341187,0.5,1.0,"(2, 2)",6050ea8a95817a2bfddc9d09
88.0,56.0,1985,766.4465691341187,0.5,1.0,"(2, 2)",6050ea8a95817a2bfddc9d09
88.0,56.0,1986,766.4465691341187,0.5,1.0,"(2, 2)",6050ea8a95817a2bfddc9d09
88.0,56.0,1987,766.4465691341187,0.5,1.0,"(2, 2)",6050ea8a95817a2bfddc9d09
88.0,56.0,1988,766.4465691341187,0.5,1.0,"(2, 2)",6050ea8a95817a2bfddc9d09
88.0,56.0,1989,766.4465691341187,0.5,1.0,"(2, 2)",6050ea8a95817a2bfddc9d09
88.0,56.0,1990,766.4465691341187,0.5,1.0,"(2, 2)",6050ea8a95817a2bfddc9d09
88.0,56.0,1991,766.4465691341187,0.5,1.0,"(2, 2)",6050ea8a95817a2bfddc9d09
88.0,56.0,1992,766.4465691341187,0.5,1.0,"(2, 2)",6050ea8a95817a2bfddc9d09
88.0,56.0,1993,766.4465691341187,0.5,1.0,"(2, 2)",6050ea8a95817a2bfddc9d09
88.0,56.0,1994,766.4465691341187,0.5,1.0,"(2, 2)",6050ea8a95817a2bfddc9d09
88.0,56.0,1995,766.4465691341187,0.5,1.0,"(2, 2)",6050ea8a95817a2bfddc9d09
88.0,56.0,1996,766.4465691341187,0.5,1.0,"(2, 2)",6050ea8a95817a2bfddc9d09
88.0,56.0,1997,766.4465691341187,0.5,1.0,"(2, 2)",6050ea8a95817a2bfddc9d09
88.0,55.37499999999986,1998,767.0715691341188,0.5,1.0,"(2, 2)",6050ea8a95817a2bfddc9d09
88.0,54.749999999999716,1999,767.6965691341189,0.5,1.0,"(2, 2)",6050ea8a95817a2bfddc9d09
88.0,54.124999999999574,2000,768.321569134119,0.5,1.0,"(2, 2)",6050ea8a95817a2bfddc9d09
88.0,53.49999999999943,2001,768.9465691341192,0.5,1.0,"(2, 2)",6050ea8a95817a2bfddc9d09
88.0,52.87499999999929,2002,769.5715691341193,0.5,1.0,"(2, 2)",6050ea8a95817a2bfddc9d09
88.0,52.24999999999915,2003,770.1965691341194,0.5,1.0,"(2, 2)",6050ea8a95817a2bfddc9d09
88.0,51.624999999999005,2004,770.8215691341195,0.5,1.0,"(2, 2)",6050ea8a95817a2bfddc9d09
88.0,50.99999999999886,2005,771.4465691341196,0.5,1.0,"(2, 2)",6050ea8a95817a2bfddc9d09
88.0,50.37499999999872,2006,772.0715691341197,0.5,1.0,"(2, 2)",6050ea8a95817a2bfddc9d09
88.0,49.74999999999858,2007,772.6965691341198,0.5,1.0,"(2, 2)",6050ea8a95817a2bfddc9d09
88.0,49.12499999999844,2008,773.32156913412,0.5,1.0,"(2, 2)",6050ea8a95817a2bfddc9d09
88.0,48.499999999998295,2009,773.9465691341201,0.5,1.0,"(2, 2)",6050ea8a95817a2bfddc9d09
88.0,47.87499999999815,2010,774.5715691341202,0.5,1.0,"(2, 2)",6050ea8a95817a2bfddc9d09
88.0,47.24999999999801,2011,775.1965691341203,0.5,1.0,"(2, 2)",6050ea8a95817a2bfddc9d09
88.0,46.62499999999787,2012,775.8215691341204,0.5,1.0,"(2, 2)",6050ea8a95817a2bfddc9d09
88.0,45.999999999997726,2013,776.4465691341205,0.5,1.0,"(2, 2)",6050ea8a95817a2bfddc9d09
88.0,45.374999999997584,2014,777.0715691341206,0.5,1.0,"(2, 2)",6050ea8a95817a2bfddc9d09
88.0,44.74999999999744,2015,777.6965691341208,0.5,1.0,"(2, 2)",6050ea8a95817a2bfddc9d09
88.0,44.1249999999973,2016,778.3215691341209,0.5,1.0,"(2, 2)",6050ea8a95817a2bfddc9d09
88.0,43.49999999999716,2017,778.946569134121,0.5,1.0,"(2, 2)",6050ea8a95817a2bfddc9d09
88.0,42.874999999997016,2018,779.5715691341211,0.5,1.0,"(2, 2)",6050ea8a95817a2bfddc9d09
88.0,42.249999999996874,2019,780.1965691341212,0.5,1.0,"(2, 2)",6050ea8a95817a2bfddc9d09
88.0,41.62499999999673,2020,780.8215691341213,0.5,1.0,"(2, 2)",6050ea8a95817a2bfddc9d09
88.0,40.99999999999659,2021,781.4465691341214,0.5,1.0,"(2, 2)",6050ea8a95817a2bfddc9d09
88.0,40.37499999999645,2022,782.0715691341215,0.5,1.0,"(2, 2)",6050ea8a95817a2bfddc9d09
87.68378443342272,39.879831738836856,2023,782.6590926582511,0.5,1.0,"(2, 2)",6050ea8a95817a2bfddc9d09
87.24459614650982,39.43515359833748,2024,783.2840926582506,0.5,1.0,"(2, 2)",6050ea8a95817a2bfddc9d09
86.80540785959693,38.9904754578381,2025,783.9090926582502,0.5,1.0,"(2, 2)",6050ea8a95817a2bfddc9d09
86.36621957268403,38.545797317338724,2026,784.5340926582497,0.5,1.0,"(2, 2)",6050ea8a95817a2bfddc9d09
85.92703128577114,38.10111917683935,2027,785.1590926582493,0.5,1.0,"(2, 2)",6050ea8a95817a2bfddc9d09
85.48784299885824,37.65644103633997,2028,785.7840926582488,0.5,1.0,"(2, 2)",6050ea8a95817a2bfddc9d09
85.04865471194535,37.21176289584059,2029,786.4090926582484,0.5,1.0,"(2, 2)",6050ea8a95817a2bfddc9d09
84.60946642503245,36.767084755341216,2030,787.0340926582479,0.5,1.0,"(2, 2)",6050ea8a95817a2bfddc9d09
84.17027813811956,36.32240661484184,2031,787.6590926582475,0.5,1.0,"(2, 2)",6050ea8a95817a2bfddc9d09
83.73108985120666,35.87772847434246,2032,788.284092658247,0.5,1.0,"(2, 2)",6050ea8a95817a2bfddc9d09
83.29190156429377,35.433050333843084,2033,788.9090926582465,0.5,1.0,"(2, 2)",6050ea8a95817a2bfddc9d09
82.85271327738087,34.98837219334371,2034,789.5340926582461,0.5,1.0,"(2, 2)",6050ea8a95817a2bfddc9d09
82.41352499046798,34.54369405284433,2035,790.1590926582456,0.5,1.0,"(2, 2)",6050ea8a95817a2bfddc9d09
81.97433670355508,34.09901591234495,2036,790.7840926582452,0.5,1.0,"(2, 2)",6050ea8a95817a2bfddc9d09
81.53514841664219,33.654337771845576,2037,791.4090926582447,0.5,1.0,"(2, 2)",6050ea8a95817a2bfddc9d09
81.09596012972929,33.2096596313462,2038,792.0340926582443,0.5,1.0,"(2, 2)",6050ea8a95817a2bfddc9d09
80.6567718428164,32.76498149084682,2039,792.6590926582438,0.5,1.0,"(2, 2)",6050ea8a95817a2bfddc9d09
80.2175835559035,32.320303350347444,2040,793.2840926582434,0.5,1.0,"(2, 2)",6050ea8a95817a2bfddc9d09
79.77839526899061,31.875625209848067,2041,793.9090926582429,0.5,1.0,"(2, 2)",6050ea8a95817a2bfddc9d09
79.33920698207771,31.43094706934869,2042,794.5340926582425,0.5,1.0,"(2, 2)",6050ea8a95817a2bfddc9d09
78.90001869516482,30.986268928849313,2043,795.159092658242,0.5,1.0,"(2, 2)",6050ea8a95817a2bfddc9d09
78.46083040825192,30.541590788349936,2044,795.7840926582415,0.5,1.0,"(2, 2)",6050ea8a95817a2bfddc9d09
78.02164212133903,30.09691264785056,2045,796.4090926582411,0.5,1.0,"(2, 2)",6050ea8a95817a2bfddc9d09
77.58245383442613,29.65223450735118,2046,797.0340926582406,0.5,1.0,"(2, 2)",6050ea8a95817a2bfddc9d09
77.14326554751324,29.207556366851804,2047,797.6590926582402,0.5,1.0,"(2, 2)",6050ea8a95817a2bfddc9d09
76.70407726060034,28.762878226352427,2048,798.2840926582397,0.5,1.0,"(2, 2)",6050ea8a95817a2bfddc9d09
76.26488897368745,28.31820008585305,2049,798.9090926582393,0.5,1.0,"(2, 2)",6050ea8a95817a2bfddc9d09
75.82570068677455,27.873521945353673,2050,799.5340926582388,0.5,1.0,"(2, 2)",6050ea8a95817a2bfddc9d09
75.38651239986166,27.428843804854296,2051,800.1590926582384,0.5,1.0,"(2, 2)",6050ea8a95817a2bfddc9d09
74.94732411294811,26.98416566435492,2052,800.7840926582384,0.5,1.0,"(2, 2)",6050ea8a95817a2bfddc9d09
74.5081358260344,26.53948752385554,2053,801.4090926582385,0.5,1.0,"(2, 2)",6050ea8a95817a2bfddc9d09
74.0689475391207,26.094809383356164,2054,802.0340926582386,0.5,1.0,"(2, 2)",6050ea8a95817a2bfddc9d09
73.62975925220698,25.650131242856787,2055,802.6590926582387,0.5,1.0,"(2, 2)",6050ea8a95817a2bfddc9d09
73.19057096529328,25.20545310235741,2056,803.2840926582388,0.5,1.0,"(2, 2)",6050ea8a95817a2bfddc9d09
72.75138267837957,24.760774961858033,2057,803.9090926582389,0.5,1.0,"(2, 2)",6050ea8a95817a2bfddc9d09
72.31219439146587,24.316096821358656,2058,804.534092658239,0.5,1.0,"(2, 2)",6050ea8a95817a2bfddc9d09
72.0,24.0,2059,804.9783702049773,0.5,1.0,"(2, 2)",6050ea8a95817a2bfddc9d09
72.0,24.0,2060,804.9783702049773,0.5,1.0,"(2, 2)",6050ea8a95817a2bfddc9d09
72.0,24.0,2061,804.9783702049773,0.5,1.0,"(2, 2)",6050ea8a95817a2bfddc9d09
72.0,24.0,2062,804.9783702049773,0.5,1.0,"(2, 2)",6050ea8a95817a2bfddc9d09
72.0,24.0,2063,804.9783702049773,0.5,1.0,"(2, 2)",6050ea8a95817a2bfddc9d09
72.0,24.0,2064,804.9783702049773,0.5,1.0,"(2, 2)",6050ea8a95817a2bfddc9d09
72.0,24.0,2065,804.9783702049773,0.5,1.0,"(2, 2)",6050ea8a95817a2bfddc9d09
72.0,24.0,2066,804.9783702049773,0.5,1.0,"(2, 2)",6050ea8a95817a2bfddc9d09
72.0,24.0,2067,804.9783702049773,0.5,1.0,"(2, 2)",6050ea8a95817a2bfddc9d09
72.0,24.0,2068,804.9783702049773,0.5,1.0,"(2, 2)",6050ea8a95817a2bfddc9d09
72.0,24.0,2069,804.9783702049773,0.5,1.0,"(2, 2)",6050ea8a95817a2bfddc9d09
72.0,24.0,2070,804.9783702049773,0.5,1.0,"(2, 2)",6050ea8a95817a2bfddc9d09
72.0,24.0,2071,804.9783702049773,0.5,1.0,"(2, 2)",6050ea8a95817a2bfddc9d09
72.0,24.0,2072,804.9783702049773,0.5,1.0,"(2, 2)",6050ea8a95817a2bfddc9d09
72.0,24.0,2073,804.9783702049773,0.5,1.0,"(2, 2)",6050ea8a95817a2bfddc9d09
72.0,24.0,2074,804.9783702049773,0.5,1.0,"(2, 2)",6050ea8a95817a2bfddc9d09
72.0,24.0,2075,804.9783702049773,0.5,1.0,"(2, 2)",6050ea8a95817a2bfddc9d09
72.0,24.0,2076,804.9783702049773,0.5,1.0,"(2, 2)",6050ea8a95817a2bfddc9d09
72.0,24.0,2077,804.9783702049773,0.5,1.0,"(2, 2)",6050ea8a95817a2bfddc9d09
72.0,24.0,2078,804.9783702049773,0.5,1.0,"(2, 2)",6050ea8a95817a2bfddc9d09
72.0,24.625000000000142,2079,805.6033702049774,0.5,1.0,"(2, 2)",6050ea8a95817a2bfddc9d09
72.0,25.250000000000284,2080,806.2283702049775,0.5,1.0,"(2, 2)",6050ea8a95817a2bfddc9d09
72.0,25.875000000000426,2081,806.8533702049776,0.5,1.0,"(2, 2)",6050ea8a95817a2bfddc9d09
72.0,26.50000000000057,2082,807.4783702049778,0.5,1.0,"(2, 2)",6050ea8a95817a2bfddc9d09
72.0,27.12500000000071,2083,808.1033702049779,0.5,1.0,"(2, 2)",6050ea8a95817a2bfddc9d09
72.0,27.750000000000853,2084,808.728370204978,0.5,1.0,"(2, 2)",6050ea8a95817a2bfddc9d09
72.0,28.375000000000995,2085,809.3533702049781,0.5,1.0,"(2, 2)",6050ea8a95817a2bfddc9d09
72.0,29.000000000001137,2086,809.9783702049782,0.5,1.0,"(2, 2)",6050ea8a95817a2bfddc9d09
72.0,29.62500000000128,2087,810.6033702049783,0.5,1.0,"(2, 2)",6050ea8a95817a2bfddc9d09
72.0,30.25000000000142,2088,811.2283702049784,0.5,1.0,"(2, 2)",6050ea8a95817a2bfddc9d09
72.0,30.875000000001563,2089,811.8533702049785,0.5,1.0,"(2, 2)",6050ea8a95817a2bfddc9d09
72.0,31.500000000001705,2090,812.4783702049787,0.5,1.0,"(2, 2)",6050ea8a95817a2bfddc9d09
72.0,32.12500000000185,2091,813.1033702049788,0.5,1.0,"(2, 2)",6050ea8a95817a2bfddc9d09
72.0,32.75000000000199,2092,813.7283702049789,0.5,1.0,"(2, 2)",6050ea8a95817a2bfddc9d09
72.0,33.37500000000213,2093,814.353370204979,0.5,1.0,"(2, 2)",6050ea8a95817a2bfddc9d09
72.0,34.000000000002274,2094,814.9783702049791,0.5,1.0,"(2, 2)",6050ea8a95817a2bfddc9d09
72.0,34.625000000002416,2095,815.6033702049792,0.5,1.0,"(2, 2)",6050ea8a95817a2bfddc9d09
72.0,35.25000000000256,2096,816.2283702049793,0.5,1.0,"(2, 2)",6050ea8a95817a2bfddc9d09
72.0,35.8750000000027,2097,816.8533702049795,0.5,1.0,"(2, 2)",6050ea8a95817a2bfddc9d09
72.0,36.50000000000284,2098,817.4783702049796,0.5,1.0,"(2, 2)",6050ea8a95817a2bfddc9d09
72.0,37.125000000002984,2099,818.1033702049797,0.5,1.0,"(2, 2)",6050ea8a95817a2bfddc9d09
72.0,37.750000000003126,2100,818.7283702049798,0.5,1.0,"(2, 2)",6050ea8a95817a2bfddc9d09
72.0,38.37500000000327,2101,819.3533702049799,0.5,1.0,"(2, 2)",6050ea8a95817a2bfddc9d09
72.0,39.00000000000341,2102,819.97837020498,0.5,1.0,"(2, 2)",6050ea8a95817a2bfddc9d09
72.0,39.62500000000355,2103,820.6033702049801,0.5,1.0,"(2, 2)",6050ea8a95817a2bfddc9d09
72.0,40.250000000003695,2104,821.2283702049803,0.5,1.0,"(2, 2)",6050ea8a95817a2bfddc9d09
72.0,40.87500000000384,2105,821.8533702049804,0.5,1.0,"(2, 2)",6050ea8a95817a2bfddc9d09
72.0,41.50000000000398,2106,822.4783702049805,0.5,1.0,"(2, 2)",6050ea8a95817a2bfddc9d09
72.0,42.12500000000412,2107,823.1033702049806,0.5,1.0,"(2, 2)",6050ea8a95817a2bfddc9d09
72.0,42.75000000000426,2108,823.7283702049807,0.5,1.0,"(2, 2)",6050ea8a95817a2bfddc9d09
72.0,43.375000000004405,2109,824.3533702049808,0.5,1.0,"(2, 2)",6050ea8a95817a2bfddc9d09
72.0,44.00000000000455,2110,824.9783702049809,0.5,1.0,"(2, 2)",6050ea8a95817a2bfddc9d09
72.0,44.62500000000469,2111,825.603370204981,0.5,1.0,"(2, 2)",6050ea8a95817a2bfddc9d09
72.0,45.25000000000483,2112,826.2283702049812,0.5,1.0,"(2, 2)",6050ea8a95817a2bfddc9d09
72.0,45.875000000004974,2113,826.8533702049813,0.5,1.0,"(2, 2)",6050ea8a95817a2bfddc9d09
72.0,46.500000000005116,2114,827.4783702049814,0.5,1.0,"(2, 2)",6050ea8a95817a2bfddc9d09
72.0,47.12500000000526,2115,828.1033702049815,0.5,1.0,"(2, 2)",6050ea8a95817a2bfddc9d09
72.0,47.7500000000054,2116,828.7283702049816,0.5,1.0,"(2, 2)",6050ea8a95817a2bfddc9d09
72.0,48.37500000000554,2117,829.3533702049817,0.5,1.0,"(2, 2)",6050ea8a95817a2bfddc9d09
72.0,49.000000000005684,2118,829.9783702049818,0.5,1.0,"(2, 2)",6050ea8a95817a2bfddc9d09
72.0,49.62500000000583,2119,830.603370204982,0.5,1.0,"(2, 2)",6050ea8a95817a2bfddc9d09
72.0,50.25000000000597,2120,831.2283702049821,0.5,1.0,"(2, 2)",6050ea8a95817a2bfddc9d09
72.0,50.87500000000611,2121,831.8533702049822,0.5,1.0,"(2, 2)",6050ea8a95817a2bfddc9d09
72.0,51.50000000000625,2122,832.4783702049823,0.5,1.0,"(2, 2)",6050ea8a95817a2bfddc9d09
72.0,52.125000000006395,2123,833.1033702049824,0.5,1.0,"(2, 2)",6050ea8a95817a2bfddc9d09
72.0,52.75000000000654,2124,833.7283702049825,0.5,1.0,"(2, 2)",6050ea8a95817a2bfddc9d09
72.0,53.37500000000668,2125,834.3533702049826,0.5,1.0,"(2, 2)",6050ea8a95817a2bfddc9d09
72.0,54.00000000000682,2126,834.9783702049828,0.5,1.0,"(2, 2)",6050ea8a95817a2bfddc9d09
72.0,54.62500000000696,2127,835.6033702049829,0.5,1.0,"(2, 2)",6050ea8a95817a2bfddc9d09
72.0,55.250000000007105,2128,836.228370204983,0.5,1.0,"(2, 2)",6050ea8a95817a2bfddc9d09
72.0,56.0,2129,836.9783702049758,0.5,1.0,"(2, 2)",6050ea8a95817a2bfddc9d09
72.0,56.0,2130,836.9783702049758,0.5,1.0,"(2, 2)",6050ea8a95817a2bfddc9d09
72.0,56.0,2131,836.9783702049758,0.5,1.0,"(2, 2)",6050ea8a95817a2bfddc9d09
72.0,56.0,2132,836.9783702049758,0.5,1.0,"(2, 2)",6050ea8a95817a2bfddc9d09
72.0,56.0,2133,836.9783702049758,0.5,1.0,"(2, 2)",6050ea8a95817a2bfddc9d09
72.0,56.0,2134,836.9783702049758,0.5,1.0,"(2, 2)",6050ea8a95817a2bfddc9d09
72.0,56.0,2135,836.9783702049758,0.5,1.0,"(2, 2)",6050ea8a95817a2bfddc9d09
72.0,56.0,2136,836.9783702049758,0.5,1.0,"(2, 2)",6050ea8a95817a2bfddc9d09
72.0,56.0,2137,836.9783702049758,0.5,1.0,"(2, 2)",6050ea8a95817a2bfddc9d09
72.0,56.0,2138,836.9783702049758,0.5,1.0,"(2, 2)",6050ea8a95817a2bfddc9d09
72.0,56.0,2139,836.9783702049758,0.5,1.0,"(2, 2)",6050ea8a95817a2bfddc9d09
72.0,56.0,2140,836.9783702049758,0.5,1.0,"(2, 2)",6050ea8a95817a2bfddc9d09
72.0,56.0,2141,836.9783702049758,0.5,1.0,"(2, 2)",6050ea8a95817a2bfddc9d09
72.0,56.0,2142,836.9783702049758,0.5,1.0,"(2, 2)",6050ea8a95817a2bfddc9d09
72.0,56.0,2143,836.9783702049758,0.5,1.0,"(2, 2)",6050ea8a95817a2bfddc9d09
72.0,56.0,2144,836.9783702049758,0.5,1.0,"(2, 2)",6050ea8a95817a2bfddc9d09
72.0,56.0,2145,836.9783702049758,0.5,1.0,"(2, 2)",6050ea8a95817a2bfddc9d09
72.0,56.0,2146,836.9783702049758,0.5,1.0,"(2, 2)",6050ea8a95817a2bfddc9d09
72.0,55.37499999999986,2147,837.6033702049759,0.5,1.0,"(2, 2)",6050ea8a95817a2bfddc9d09
72.0,54.749999999999716,2148,838.228370204976,0.5,1.0,"(2, 2)",6050ea8a95817a2bfddc9d09
72.0,54.124999999999574,2149,838.8533702049762,0.5,1.0,"(2, 2)",6050ea8a95817a2bfddc9d09
72.0,53.49999999999943,2150,839.4783702049763,0.5,1.0,"(2, 2)",6050ea8a95817a2bfddc9d09
72.0,52.87499999999929,2151,840.1033702049764,0.5,1.0,"(2, 2)",6050ea8a95817a2bfddc9d09
72.0,52.24999999999915,2152,840.7283702049765,0.5,1.0,"(2, 2)",6050ea8a95817a2bfddc9d09
72.0,51.624999999999005,2153,841.3533702049766,0.5,1.0,"(2, 2)",6050ea8a95817a2bfddc9d09
72.0,50.99999999999886,2154,841.9783702049767,0.5,1.0,"(2, 2)",6050ea8a95817a2bfddc9d09
72.0,50.37499999999872,2155,842.6033702049768,0.5,1.0,"(2, 2)",6050ea8a95817a2bfddc9d09
72.0,49.74999999999858,2156,843.228370204977,0.5,1.0,"(2, 2)",6050ea8a95817a2bfddc9d09
72.0,49.12499999999844,2157,843.8533702049771,0.5,1.0,"(2, 2)",6050ea8a95817a2bfddc9d09
72.0,48.499999999998295,2158,844.4783702049772,0.5,1.0,"(2, 2)",6050ea8a95817a2bfddc9d09
72.0,47.87499999999815,2159,845.1033702049773,0.5,1.0,"(2, 2)",6050ea8a95817a2bfddc9d09
72.0,47.24999999999801,2160,845.7283702049774,0.5,1.0,"(2, 2)",6050ea8a95817a2bfddc9d09
72.0,46.62499999999787,2161,846.3533702049775,0.5,1.0,"(2, 2)",6050ea8a95817a2bfddc9d09
72.0,45.999999999997726,2162,846.9783702049776,0.5,1.0,"(2, 2)",6050ea8a95817a2bfddc9d09
72.0,45.374999999997584,2163,847.6033702049778,0.5,1.0,"(2, 2)",6050ea8a95817a2bfddc9d09
72.0,44.74999999999744,2164,848.2283702049779,0.5,1.0,"(2, 2)",6050ea8a95817a2bfddc9d09
72.0,44.1249999999973,2165,848.853370204978,0.5,1.0,"(2, 2)",6050ea8a95817a2bfddc9d09
72.0,43.49999999999716,2166,849.4783702049781,0.5,1.0,"(2, 2)",6050ea8a95817a2bfddc9d09
72.0,42.874999999997016,2167,850.1033702049782,0.5,1.0,"(2, 2)",6050ea8a95817a2bfddc9d09
72.0,42.249999999996874,2168,850.7283702049783,0.5,1.0,"(2, 2)",6050ea8a95817a2bfddc9d09
72.0,41.62499999999673,2169,851.3533702049784,0.5,1.0,"(2, 2)",6050ea8a95817a2bfddc9d09
72.0,40.99999999999659,2170,851.9783702049785,0.5,1.0,"(2, 2)",6050ea8a95817a2bfddc9d09
72.0,40.37499999999645,2171,852.6033702049787,0.5,1.0,"(2, 2)",6050ea8a95817a2bfddc9d09
72.0,40.0,2172,852.9783702049751,0.5,1.0,"(2, 2)",6050ea8a95817a2bfddc9d09
72.0,40.0,2173,852.9783702049751,0.5,1.0,"(2, 2)",6050ea8a95817a2bfddc9d09
72.0,40.0,2174,852.9783702049751,0.5,1.0,"(2, 2)",6050ea8a95817a2bfddc9d09
72.0,40.0,2175,852.9783702049751,0.5,1.0,"(2, 2)",6050ea8a95817a2bfddc9d09
72.0,40.0,2176,852.9783702049751,0.5,1.0,"(2, 2)",6050ea8a95817a2bfddc9d09
72.0,40.0,2177,852.9783702049751,0.5,1.0,"(2, 2)",6050ea8a95817a2bfddc9d09
72.0,40.0,2178,852.9783702049751,0.5,1.0,"(2, 2)",6050ea8a95817a2bfddc9d09
72.0,40.0,2179,852.9783702049751,0.5,1.0,"(2, 2)",6050ea8a95817a2bfddc9d09
72.0,40.0,2180,852.9783702049751,0.5,1.0,"(2, 2)",6050ea8a95817a2bfddc9d09
72.0,40.0,2181,852.9783702049751,0.5,1.0,"(2, 2)",6050ea8a95817a2bfddc9d09
72.0,40.0,2182,852.9783702049751,0.5,1.0,"(2, 2)",6050ea8a95817a2bfddc9d09
72.0,40.0,2183,852.9783702049751,0.5,1.0,"(2, 2)",6050ea8a95817a2bfddc9d09
72.0,40.0,2184,852.9783702049751,0.5,1.0,"(2, 2)",6050ea8a95817a2bfddc9d09
72.0,40.0,2185,852.9783702049751,0.5,1.0,"(2, 2)",6050ea8a95817a2bfddc9d09
72.0,40.0,2186,852.9783702049751,0.5,1.0,"(2, 2)",6050ea8a95817a2bfddc9d09
72.0,40.0,2187,852.9783702049751,0.5,1.0,"(2, 2)",6050ea8a95817a2bfddc9d09
72.0,40.0,2188,852.9783702049751,0.5,1.0,"(2, 2)",6050ea8a95817a2bfddc9d09
72.0,40.0,2189,852.9783702049751,0.5,1.0,"(2, 2)",6050ea8a95817a2bfddc9d09
72.0,40.0,2190,852.9783702049751,0.5,1.0,"(2, 2)",6050ea8a95817a2bfddc9d09
72.0,40.0,2191,852.9783702049751,0.5,1.0,"(2, 2)",6050ea8a95817a2bfddc9d09
72.44194173824224,40.441941738241525,2192,853.6033702049756,0.5,1.0,"(2, 2)",6050ea8a95817a2bfddc9d09
72.88388347648447,40.88388347648305,2193,854.228370204976,0.5,1.0,"(2, 2)",6050ea8a95817a2bfddc9d09
73.3258252147267,41.325825214724574,2194,854.8533702049765,0.5,1.0,"(2, 2)",6050ea8a95817a2bfddc9d09
73.76776695296894,41.7677669529661,2195,855.478370204977,0.5,1.0,"(2, 2)",6050ea8a95817a2bfddc9d09
74.20970869121118,42.209708691207624,2196,856.1033702049774,0.5,1.0,"(2, 2)",6050ea8a95817a2bfddc9d09
74.65165042945323,42.65165042944915,2197,856.7283702049776,0.5,1.0,"(2, 2)",6050ea8a95817a2bfddc9d09
75.09359216769462,43.09359216769067,2198,857.3533702049774,0.5,1.0,"(2, 2)",6050ea8a95817a2bfddc9d09
75.535533905936,43.5355339059322,2199,857.9783702049772,0.5,1.0,"(2, 2)",6050ea8a95817a2bfddc9d09
75.97747564417739,43.97747564417372,2200,858.603370204977,0.5,1.0,"(2, 2)",6050ea8a95817a2bfddc9d09
76.41941738241879,44.41941738241525,2201,859.2283702049767,0.5,1.0,"(2, 2)",6050ea8a95817a2bfddc9d09
76.86135912066018,44.86135912065677,2202,859.8533702049765,0.5,1.0,"(2, 2)",6050ea8a95817a2bfddc9d09
77.30330085890157,45.3033008588983,2203,860.4783702049763,0.5,1.0,"(2, 2)",6050ea8a95817a2bfddc9d09
77.74524259714295,45.74524259713982,2204,861.103370204976,0.5,1.0,"(2, 2)",6050ea8a95817a2bfddc9d09
78.18718433538434,46.187184335381346,2205,861.7283702049758,0.5,1.0,"(2, 2)",6050ea8a95817a2bfddc9d09
78.62912607362574,46.62912607362287,2206,862.3533702049756,0.5,1.0,"(2, 2)",6050ea8a95817a2bfddc9d09
79.07106781186712,47.071067811864395,2207,862.9783702049754,0.5,1.0,"(2, 2)",6050ea8a95817a2bfddc9d09
79.5130095501085,47.51300955010592,2208,863.6033702049751,0.5,1.0,"(2, 2)",6050ea8a95817a2bfddc9d09
79.9549512883499,47.954951288347445,2209,864.2283702049749,0.5,1.0,"(2, 2)",6050ea8a95817a2bfddc9d09
80.3968930265913,48.39689302658897,2210,864.8533702049747,0.5,1.0,"(2, 2)",6050ea8a95817a2bfddc9d09
80.83883476483268,48.838834764830494,2211,865.4783702049745,0.5,1.0,"(2, 2)",6050ea8a95817a2bfddc9d09
81.28077650307407,49.28077650307202,2212,866.1033702049742,0.5,1.0,"(2, 2)",6050ea8a95817a2bfddc9d09
81.72271824131546,49.722718241313544,2213,866.728370204974,0.5,1.0,"(2, 2)",6050ea8a95817a2bfddc9d09
82.16465997955686,50.16465997955507,2214,867.3533702049738,0.5,1.0,"(2, 2)",6050ea8a95817a2bfddc9d09
82.60660171779824,50.60660171779659,2215,867.9783702049735,0.5,1.0,"(2, 2)",6050ea8a95817a2bfddc9d09
83.04854345603962,51.04854345603812,2216,868.6033702049733,0.5,1.0,"(2, 2)",6050ea8a95817a2bfddc9d09
83.49048519428102,51.49048519427964,2217,869.2283702049731,0.5,1.0,"(2, 2)",6050ea8a95817a2bfddc9d09
83.93242693252242,51.93242693252117,2218,869.8533702049729,0.5,1.0,"(2, 2)",6050ea8a95817a2bfddc9d09
84.3743686707638,52.37436867076269,2219,870.4783702049726,0.5,1.0,"(2, 2)",6050ea8a95817a2bfddc9d09
84.81631040900518,52.81631040900422,2220,871.1033702049724,0.5,1.0,"(2, 2)",6050ea8a95817a2bfddc9d09
85.25825214724658,53.25825214724574,2221,871.7283702049722,0.5,1.0,"(2, 2)",6050ea8a95817a2bfddc9d09
85.70019388548798,53.700193885487266,2222,872.353370204972,0.5,1.0,"(2, 2)",6050ea8a95817a2bfddc9d09
86.14213562372936,54.14213562372879,2223,872.9783702049717,0.5,1.0,"(2, 2)",6050ea8a95817a2bfddc9d09
86.58407736197076,54.584077361970316,2224,873.6033702049715,0.5,1.0,"(2, 2)",6050ea8a95817a2bfddc9d09
87.02601910021214,55.02601910021184,2225,874.2283702049713,0.5,1.0,"(2, 2)",6050ea8a95817a2bfddc9d09
87.46796083845354,55.467960838453365,2226,874.853370204971,0.5,1.0,"(2, 2)",6050ea8a95817a2bfddc9d09
88.0,56.0,2227,875.6057872029438,0.5,1.0,"(2, 2)",6050ea8a95817a2bfddc9d09
88.0,56.0,2228,875.6057872029438,0.5,1.0,"(2, 2)",6050ea8a95817a2bfddc9d09
88.0,56.0,2229,875.6057872029438,0.5,1.0,"(2, 2)",6050ea8a95817a2bfddc9d09
88.0,56.0,2230,875.6057872029438,0.5,1.0,"(2, 2)",6050ea8a95817a2bfddc9d09
88.0,56.0,2231,875.6057872029438,0.5,1.0,"(2, 2)",6050ea8a95817a2bfddc9d09
88.0,56.0,2232,875.6057872029438,0.5,1.0,"(2, 2)",6050ea8a95817a2bfddc9d09
88.0,56.0,2233,875.6057872029438,0.5,1.0,"(2, 2)",6050ea8a95817a2bfddc9d09
88.0,56.0,2234,875.6057872029438,0.5,1.0,"(2, 2)",6050ea8a95817a2bfddc9d09
88.0,56.0,2235,875.6057872029438,0.5,1.0,"(2, 2)",6050ea8a95817a2bfddc9d09
88.0,56.0,2236,875.6057872029438,0.5,1.0,"(2, 2)",6050ea8a95817a2bfddc9d09
88.0,56.0,2237,875.6057872029438,0.5,1.0,"(2, 2)",6050ea8a95817a2bfddc9d09
88.0,56.0,2238,875.6057872029438,0.5,1.0,"(2, 2)",6050ea8a95817a2bfddc9d09
88.0,56.0,2239,875.6057872029438,0.5,1.0,"(2, 2)",6050ea8a95817a2bfddc9d09
88.0,56.0,2240,875.6057872029438,0.5,1.0,"(2, 2)",6050ea8a95817a2bfddc9d09
88.0,56.0,2241,875.6057872029438,0.5,1.0,"(2, 2)",6050ea8a95817a2bfddc9d09
88.0,56.0,2242,875.6057872029438,0.5,1.0,"(2, 2)",6050ea8a95817a2bfddc9d09
88.0,56.0,2243,875.6057872029438,0.5,1.0,"(2, 2)",6050ea8a95817a2bfddc9d09
88.0,56.0,2244,875.6057872029438,0.5,1.0,"(2, 2)",6050ea8a95817a2bfddc9d09
88.0,56.0,2245,875.6057872029438,0.5,1.0,"(2, 2)",6050ea8a95817a2bfddc9d09
88.0,56.0,2246,875.6057872029438,0.5,1.0,"(2, 2)",6050ea8a95817a2bfddc9d09
88.0,56.0,2247,875.6057872029438,0.5,1.0,"(2, 2)",6050ea8a95817a2bfddc9d09
88.0,56.0,2248,875.6057872029438,0.5,1.0,"(2, 2)",6050ea8a95817a2bfddc9d09
88.0,56.0,2249,875.6057872029438,0.5,1.0,"(2, 2)",6050ea8a95817a2bfddc9d09
88.0,56.0,2250,875.6057872029438,0.5,1.0,"(2, 2)",6050ea8a95817a2bfddc9d09
88.0,56.0,2251,875.6057872029438,0.5,1.0,"(2, 2)",6050ea8a95817a2bfddc9d09
88.0,55.37499999999986,2252,876.2307872029439,0.5,1.0,"(2, 2)",6050ea8a95817a2bfddc9d09
88.0,54.749999999999716,2253,876.855787202944,0.5,1.0,"(2, 2)",6050ea8a95817a2bfddc9d09
88.0,54.124999999999574,2254,877.4807872029442,0.5,1.0,"(2, 2)",6050ea8a95817a2bfddc9d09
88.0,53.49999999999943,2255,878.1057872029443,0.5,1.0,"(2, 2)",6050ea8a95817a2bfddc9d09
88.0,52.87499999999929,2256,878.7307872029444,0.5,1.0,"(2, 2)",6050ea8a95817a2bfddc9d09
88.0,52.24999999999915,2257,879.3557872029445,0.5,1.0,"(2, 2)",6050ea8a95817a2bfddc9d09
88.0,51.624999999999005,2258,879.9807872029446,0.5,1.0,"(2, 2)",6050ea8a95817a2bfddc9d09
88.0,50.99999999999886,2259,880.6057872029447,0.5,1.0,"(2, 2)",6050ea8a95817a2bfddc9d09
88.0,50.37499999999872,2260,881.2307872029448,0.5,1.0,"(2, 2)",6050ea8a95817a2bfddc9d09
88.0,49.74999999999858,2261,881.855787202945,0.5,1.0,"(2, 2)",6050ea8a95817a2bfddc9d09
88.0,49.12499999999844,2262,882.4807872029451,0.5,1.0,"(2, 2)",6050ea8a95817a2bfddc9d09
88.0,48.499999999998295,2263,883.1057872029452,0.5,1.0,"(2, 2)",6050ea8a95817a2bfddc9d09
88.0,47.87499999999815,2264,883.7307872029453,0.5,1.0,"(2, 2)",6050ea8a95817a2bfddc9d09
88.0,47.24999999999801,2265,884.3557872029454,0.5,1.0,"(2, 2)",6050ea8a95817a2bfddc9d09
88.0,46.62499999999787,2266,884.9807872029455,0.5,1.0,"(2, 2)",6050ea8a95817a2bfddc9d09
88.0,45.999999999997726,2267,885.6057872029456,0.5,1.0,"(2, 2)",6050ea8a95817a2bfddc9d09
88.0,45.374999999997584,2268,886.2307872029457,0.5,1.0,"(2, 2)",6050ea8a95817a2bfddc9d09
88.0,44.74999999999744,2269,886.8557872029459,0.5,1.0,"(2, 2)",6050ea8a95817a2bfddc9d09
88.0,44.1249999999973,2270,887.480787202946,0.5,1.0,"(2, 2)",6050ea8a95817a2bfddc9d09
88.0,43.49999999999716,2271,888.1057872029461,0.5,1.0,"(2, 2)",6050ea8a95817a2bfddc9d09
88.0,42.874999999997016,2272,888.7307872029462,0.5,1.0,"(2, 2)",6050ea8a95817a2bfddc9d09
88.0,42.249999999996874,2273,889.3557872029463,0.5,1.0,"(2, 2)",6050ea8a95817a2bfddc9d09
88.0,41.62499999999673,2274,889.9807872029464,0.5,1.0,"(2, 2)",6050ea8a95817a2bfddc9d09
88.0,40.99999999999659,2275,890.6057872029465,0.5,1.0,"(2, 2)",6050ea8a95817a2bfddc9d09
88.0,40.37499999999645,2276,891.2307872029467,0.5,1.0,"(2, 2)",6050ea8a95817a2bfddc9d09
88.31621556657728,39.879831738836856,2277,891.8183107270762,0.5,1.0,"(2, 2)",6050ea8a95817a2bfddc9d09
88.75540385349018,39.43515359833748,2278,892.4433107270758,0.5,1.0,"(2, 2)",6050ea8a95817a2bfddc9d09
89.19459214040307,38.9904754578381,2279,893.0683107270753,0.5,1.0,"(2, 2)",6050ea8a95817a2bfddc9d09
89.63378042731597,38.545797317338724,2280,893.6933107270748,0.5,1.0,"(2, 2)",6050ea8a95817a2bfddc9d09
90.07296871422886,38.10111917683935,2281,894.3183107270744,0.5,1.0,"(2, 2)",6050ea8a95817a2bfddc9d09
90.51215700114176,37.65644103633997,2282,894.9433107270739,0.5,1.0,"(2, 2)",6050ea8a95817a2bfddc9d09
90.95134528805465,37.21176289584059,2283,895.5683107270735,0.5,1.0,"(2, 2)",6050ea8a95817a2bfddc9d09
91.39053357496755,36.767084755341216,2284,896.193310727073,0.5,1.0,"(2, 2)",6050ea8a95817a2bfddc9d09
91.82972186188044,36.32240661484184,2285,896.8183107270726,0.5,1.0,"(2, 2)",6050ea8a95817a2bfddc9d09
92.26891014879334,35.87772847434246,2286,897.4433107270721,0.5,1.0,"(2, 2)",6050ea8a95817a2bfddc9d09
92.70809843570623,35.433050333843084,2287,898.0683107270717,0.5,1.0,"(2, 2)",6050ea8a95817a2bfddc9d09
93.14728672261913,34.98837219334371,2288,898.6933107270712,0.5,1.0,"(2, 2)",6050ea8a95817a2bfddc9d09
93.58647500953202,34.54369405284433,2289,899.3183107270708,0.5,1.0,"(2, 2)",6050ea8a95817a2bfddc9d09
94.02566329644492,34.09901591234495,2290,899.9433107270703,0.5,1.0,"(2, 2)",6050ea8a95817a2bfddc9d09
94.46485158335781,33.654337771845576,2291,900.5683107270698,0.5,1.0,"(2, 2)",6050ea8a95817a2bfddc9d09
94.90403987027071,33.2096596313462,2292,901.1933107270694,0.5,1.0,"(2, 2)",6050ea8a95817a2bfddc9d09
95.3432281571836,32.76498149084682,2293,901.8183107270689,0.5,1.0,"(2, 2)",6050ea8a95817a2bfddc9d09
95.7824164440965,32.320303350347444,2294,902.4433107270685,0.5,1.0,"(2, 2)",6050ea8a95817a2bfddc9d09
96.22160473100939,31.875625209848067,2295,903.068310727068,0.5,1.0,"(2, 2)",6050ea8a95817a2bfddc9d09
96.66079301792229,31.43094706934869,2296,903.6933107270676,0.5,1.0,"(2, 2)",6050ea8a95817a2bfddc9d09
97.09998130483518,30.986268928849313,2297,904.3183107270671,0.5,1.0,"(2, 2)",6050ea8a95817a2bfddc9d09
97.53916959174808,30.541590788349936,2298,904.9433107270667,0.5,1.0,"(2, 2)",6050ea8a95817a2bfddc9d09
97.97835787866097,30.09691264785056,2299,905.5683107270662,0.5,1.0,"(2, 2)",6050ea8a95817a2bfddc9d09
98.41754616557387,29.65223450735118,2300,906.1933107270658,0.5,1.0,"(2, 2)",6050ea8a95817a2bfddc9d09
98.85673445248676,29.207556366851804,2301,906.8183107270653,0.5,1.0,"(2, 2)",6050ea8a95817a2bfddc9d09
99.29592273939966,28.762878226352427,2302,907.4433107270648,0.5,1.0,"(2, 2)",6050ea8a95817a2bfddc9d09
99.73511102631255,28.31820008585305,2303,908.0683107270644,0.5,1.0,"(2, 2)",6050ea8a95817a2bfddc9d09
100.17429931322545,27.873521945353673,2304,908.6933107270639,0.5,1.0,"(2, 2)",6050ea8a95817a2bfddc9d09
100.61348760013834,27.428843804854296,2305,909.3183107270635,0.5,1.0,"(2, 2)",6050ea8a95817a2bfddc9d09
101.05267588705189,26.98416566435492,2306,909.9433107270635,0.5,1.0,"(2, 2)",6050ea8a95817a2bfddc9d09
101.4918641739656,26.53948752385554,2307,910.5683107270636,0.5,1.0,"(2, 2)",6050ea8a95817a2bfddc9d09
101.9310524608793,26.094809383356164,2308,911.1933107270637,0.5,1.0,"(2, 2)",6050ea8a95817a2bfddc9d09
102.37024074779302,25.650131242856787,2309,911.8183107270638,0.5,1.0,"(2, 2)",6050ea8a95817a2bfddc9d09
102.80942903470672,25.20545310235741,2310,912.4433107270639,0.5,1.0,"(2, 2)",6050ea8a95817a2bfddc9d09
103.24861732162043,24.760774961858033,2311,913.068310727064,0.5,1.0,"(2, 2)",6050ea8a95817a2bfddc9d09
103.68780560853413,24.316096821358656,2312,913.6933107270642,0.5,1.0,"(2, 2)",6050ea8a95817a2bfddc9d09
104.0,24.0,2313,914.1375882738024,0.5,1.0,"(2, 2)",6050ea8a95817a2bfddc9d09
104.0,24.0,2314,914.1375882738024,0.5,1.0,"(2, 2)",6050ea8a95817a2bfddc9d09
104.0,24.0,2315,914.1375882738024,0.5,1.0,"(2, 2)",6050ea8a95817a2bfddc9d09
104.0,24.0,2316,914.1375882738024,0.5,1.0,"(2, 2)",6050ea8a95817a2bfddc9d09
104.0,24.0,2317,914.1375882738024,0.5,1.0,"(2, 2)",6050ea8a95817a2bfddc9d09
104.0,24.0,2318,914.1375882738024,0.5,1.0,"(2, 2)",6050ea8a95817a2bfddc9d09
104.0,24.0,2319,914.1375882738024,0.5,1.0,"(2, 2)",6050ea8a95817a2bfddc9d09
104.0,24.0,2320,914.1375882738024,0.5,1.0,"(2, 2)",6050ea8a95817a2bfddc9d09
104.0,24.0,2321,914.1375882738024,0.5,1.0,"(2, 2)",6050ea8a95817a2bfddc9d09
104.0,24.0,2322,914.1375882738024,0.5,1.0,"(2, 2)",6050ea8a95817a2bfddc9d09
104.0,24.0,2323,914.1375882738024,0.5,1.0,"(2, 2)",6050ea8a95817a2bfddc9d09
104.0,24.0,2324,914.1375882738024,0.5,1.0,"(2, 2)",6050ea8a95817a2bfddc9d09
104.0,24.0,2325,914.1375882738024,0.5,1.0,"(2, 2)",6050ea8a95817a2bfddc9d09
104.0,24.0,2326,914.1375882738024,0.5,1.0,"(2, 2)",6050ea8a95817a2bfddc9d09
104.0,24.0,2327,914.1375882738024,0.5,1.0,"(2, 2)",6050ea8a95817a2bfddc9d09
104.0,24.0,2328,914.1375882738024,0.5,1.0,"(2, 2)",6050ea8a95817a2bfddc9d09
104.0,24.0,2329,914.1375882738024,0.5,1.0,"(2, 2)",6050ea8a95817a2bfddc9d09
104.0,24.0,2330,914.1375882738024,0.5,1.0,"(2, 2)",6050ea8a95817a2bfddc9d09
104.0,24.0,2331,914.1375882738024,0.5,1.0,"(2, 2)",6050ea8a95817a2bfddc9d09
104.0,24.0,2332,914.1375882738024,0.5,1.0,"(2, 2)",6050ea8a95817a2bfddc9d09
103.37500000000057,24.0,2333,914.7625882738018,0.5,1.0,"(2, 2)",6050ea8a95817a2bfddc9d09
102.75000000000114,24.0,2334,915.3875882738013,0.5,1.0,"(2, 2)",6050ea8a95817a2bfddc9d09
102.1250000000017,24.0,2335,916.0125882738007,0.5,1.0,"(2, 2)",6050ea8a95817a2bfddc9d09
101.50000000000227,24.0,2336,916.6375882738001,0.5,1.0,"(2, 2)",6050ea8a95817a2bfddc9d09
100.87500000000284,24.0,2337,917.2625882737996,0.5,1.0,"(2, 2)",6050ea8a95817a2bfddc9d09
100.25000000000341,24.0,2338,917.887588273799,0.5,1.0,"(2, 2)",6050ea8a95817a2bfddc9d09
99.62500000000398,24.0,2339,918.5125882737984,0.5,1.0,"(2, 2)",6050ea8a95817a2bfddc9d09
99.00000000000455,24.0,2340,919.1375882737979,0.5,1.0,"(2, 2)",6050ea8a95817a2bfddc9d09
98.37500000000512,24.0,2341,919.7625882737973,0.5,1.0,"(2, 2)",6050ea8a95817a2bfddc9d09
97.75000000000568,24.0,2342,920.3875882737967,0.5,1.0,"(2, 2)",6050ea8a95817a2bfddc9d09
97.12500000000625,24.0,2343,921.0125882737962,0.5,1.0,"(2, 2)",6050ea8a95817a2bfddc9d09
96.50000000000682,24.0,2344,921.6375882737956,0.5,1.0,"(2, 2)",6050ea8a95817a2bfddc9d09
95.87500000000739,24.0,2345,922.262588273795,0.5,1.0,"(2, 2)",6050ea8a95817a2bfddc9d09
95.25000000000796,24.0,2346,922.8875882737944,0.5,1.0,"(2, 2)",6050ea8a95817a2bfddc9d09
94.73513538404256,24.354315434643127,2347,923.5125882737941,0.5,1.0,"(2, 2)",6050ea8a95817a2bfddc9d09
94.22027076807717,24.708630869286253,2348,924.1375882737938,0.5,1.0,"(2, 2)",6050ea8a95817a2bfddc9d09
93.70540615211178,25.06294630392938,2349,924.7625882737934,0.5,1.0,"(2, 2)",6050ea8a95817a2bfddc9d09
93.19054153614638,25.417261738572506,2350,925.3875882737931,0.5,1.0,"(2, 2)",6050ea8a95817a2bfddc9d09
92.67567692018099,25.771577173215633,2351,926.0125882737927,0.5,1.0,"(2, 2)",6050ea8a95817a2bfddc9d09
92.1608123042156,26.12589260785876,2352,926.6375882737924,0.5,1.0,"(2, 2)",6050ea8a95817a2bfddc9d09
91.6459476882502,26.480208042501886,2353,927.2625882737921,0.5,1.0,"(2, 2)",6050ea8a95817a2bfddc9d09
91.13108307228481,26.834523477145012,2354,927.8875882737917,0.5,1.0,"(2, 2)",6050ea8a95817a2bfddc9d09
90.61621845631942,27.18883891178814,2355,928.5125882737914,0.5,1.0,"(2, 2)",6050ea8a95817a2bfddc9d09
90.10135384035402,27.543154346431265,2356,929.137588273791,0.5,1.0,"(2, 2)",6050ea8a95817a2bfddc9d09
89.58648922438863,27.897469781074392,2357,929.7625882737907,0.5,1.0,"(2, 2)",6050ea8a95817a2bfddc9d09
89.07162460842324,28.25178521571752,2358,930.3875882737904,0.5,1.0,"(2, 2)",6050ea8a95817a2bfddc9d09
88.55675999245784,28.606100650360645,2359,931.01258827379,0.5,1.0,"(2, 2)",6050ea8a95817a2bfddc9d09
88.04189537649245,28.960416085003672,2360,931.6375882737896,0.5,1.0,"(2, 2)",6050ea8a95817a2bfddc9d09
87.52703076052705,29.314731519646443,2361,932.262588273789,0.5,1.0,"(2, 2)",6050ea8a95817a2bfddc9d09
87.01216614456166,29.669046954289215,2362,932.8875882737884,0.5,1.0,"(2, 2)",6050ea8a95817a2bfddc9d09
86.49730152859627,30.023362388931986,2363,933.5125882737879,0.5,1.0,"(2, 2)",6050ea8a95817a2bfddc9d09
85.98243691263087,30.377677823574757,2364,934.1375882737873,0.5,1.0,"(2, 2)",6050ea8a95817a2bfddc9d09
85.46757229666548,30.73199325821753,2365,934.7625882737867,0.5,1.0,"(2, 2)",6050ea8a95817a2bfddc9d09
84.95270768070009,31.0863086928603,2366,935.3875882737862,0.5,1.0,"(2, 2)",6050ea8a95817a2bfddc9d09
84.4378430647347,31.44062412750307,2367,936.0125882737856,0.5,1.0,"(2, 2)",6050ea8a95817a2bfddc9d09
83.9229784487693,31.794939562145842,2368,936.637588273785,0.5,1.0,"(2, 2)",6050ea8a95817a2bfddc9d09
83.4081138328039,32.14925499678876,2369,937.2625882737846,0.5,1.0,"(2, 2)",6050ea8a95817a2bfddc9d09
82.89324921683851,32.50357043143189,2370,937.8875882737842,0.5,1.0,"(2, 2)",6050ea8a95817a2bfddc9d09
82.37838460087312,32.857885866075016,2371,938.5125882737839,0.5,1.0,"(2, 2)",6050ea8a95817a2bfddc9d09
81.86351998490773,33.21220130071814,2372,939.1375882737835,0.5,1.0,"(2, 2)",6050ea8a95817a2bfddc9d09
81.34865536894233,33.56651673536127,2373,939.7625882737832,0.5,1.0,"(2, 2)",6050ea8a95817a2bfddc9d09
80.83379075297694,33.920832170003976,2374,940.3875882737826,0.5,1.0,"(2, 2)",6050ea8a95817a2bfddc9d09
80.31892613701154,34.27514760464639,2375,941.0125882737818,0.5,1.0,"(2, 2)",6050ea8a95817a2bfddc9d09
79.80406152104615,34.62946303928881,2376,941.637588273781,0.5,1.0,"(2, 2)",6050ea8a95817a2bfddc9d09
79.28919690508076,34.983778473931224,2377,942.2625882737802,0.5,1.0,"(2, 2)",6050ea8a95817a2bfddc9d09
78.77433228911534,35.33809390857364,2378,942.8875882737794,0.5,1.0,"(2, 2)",6050ea8a95817a2bfddc9d09
78.25946767314971,35.692409343216056,2379,943.5125882737789,0.5,1.0,"(2, 2)",6050ea8a95817a2bfddc9d09
77.7446030571841,36.04672477785847,2380,944.1375882737783,0.5,1.0,"(2, 2)",6050ea8a95817a2bfddc9d09
77.22973844121846,36.40104021250089,2381,944.7625882737777,0.5,1.0,"(2, 2)",6050ea8a95817a2bfddc9d09
76.71487382525282,36.755355647143304,2382,945.3875882737772,0.5,1.0,"(2, 2)",6050ea8a95817a2bfddc9d09
76.2000092092872,37.10967108178572,2383,946.0125882737766,0.5,1.0,"(2, 2)",6050ea8a95817a2bfddc9d09
75.68514459332157,37.463986516428136,2384,946.637588273776,0.5,1.0,"(2, 2)",6050ea8a95817a2bfddc9d09
75.17027997735595,37.81830195107055,2385,947.2625882737755,0.5,1.0,"(2, 2)",6050ea8a95817a2bfddc9d09
74.65541536139031,38.17261738571297,2386,947.8875882737749,0.5,1.0,"(2, 2)",6050ea8a95817a2bfddc9d09
74.14055074542469,38.526932820355384,2387,948.5125882737743,0.5,1.0,"(2, 2)",6050ea8a95817a2bfddc9d09
73.62568612945905,38.8812482549978,2388,949.1375882737738,0.5,1.0,"(2, 2)",6050ea8a95817a2bfddc9d09
73.11082151349343,39.235563689640216,2389,949.7625882737732,0.5,1.0,"(2, 2)",6050ea8a95817a2bfddc9d09
72.5959568975278,39.58987912428263,2390,950.3875882737726,0.5,1.0,"(2, 2)",6050ea8a95817a2bfddc9d09
72.0,40.0,2391,951.1110271145948,0.5,1.0,"(2, 2)",6050ea8a95817a2bfddc9d09
72.0,40.0,2392,951.1110271145948,0.5,1.0,"(2, 2)",6050ea8a95817a2bfddc9d09
72.0,40.0,2393,951.1110271145948,0.5,1.0,"(2, 2)",6050ea8a95817a2bfddc9d09
72.0,40.0,2394,951.1110271145948,0.5,1.0,"(2, 2)",6050ea8a95817a2bfddc9d09
72.0,40.0,2395,951.1110271145948,0.5,1.0,"(2, 2)",6050ea8a95817a2bfddc9d09
72.0,40.0,2396,951.1110271145948,0.5,1.0,"(2, 2)",6050ea8a95817a2bfddc9d09
72.0,40.0,2397,951.1110271145948,0.5,1.0,"(2, 2)",6050ea8a95817a2bfddc9d09
72.0,40.0,2398,951.1110271145948,0.5,1.0,"(2, 2)",6050ea8a95817a2bfddc9d09
72.0,40.0,2399,951.1110271145948,0.5,1.0,"(2, 2)",6050ea8a95817a2bfddc9d09
72.0,40.0,2400,951.1110271145948,0.5,1.0,"(2, 2)",6050ea8a95817a2bfddc9d09
72.0,40.0,2401,951.1110271145948,0.5,1.0,"(2, 2)",6050ea8a95817a2bfddc9d09
72.0,40.0,2402,951.1110271145948,0.5,1.0,"(2, 2)",6050ea8a95817a2bfddc9d09
72.0,40.0,2403,951.1110271145948,0.5,1.0,"(2, 2)",6050ea8a95817a2bfddc9d09
72.0,40.0,2404,951.1110271145948,0.5,1.0,"(2, 2)",6050ea8a95817a2bfddc9d09
72.0,40.0,2405,951.1110271145948,0.5,1.0,"(2, 2)",6050ea8a95817a2bfddc9d09
72.0,40.0,2406,951.1110271145948,0.5,1.0,"(2, 2)",6050ea8a95817a2bfddc9d09
72.0,40.0,2407,951.1110271145948,0.5,1.0,"(2, 2)",6050ea8a95817a2bfddc9d09
72.0,40.0,2408,951.1110271145948,0.5,1.0,"(2, 2)",6050ea8a95817a2bfddc9d09
72.0,40.0,2409,951.1110271145948,0.5,1.0,"(2, 2)",6050ea8a95817a2bfddc9d09
72.0,40.0,2410,951.1110271145948,0.5,1.0,"(2, 2)",6050ea8a95817a2bfddc9d09
72.0,40.0,2411,951.1110271145948,0.5,1.0,"(2, 2)",6050ea8a95817a2bfddc9d09
72.0,40.0,2412,951.1110271145948,0.5,1.0,"(2, 2)",6050ea8a95817a2bfddc9d09
72.0,40.0,2413,951.1110271145948,0.5,1.0,"(2, 2)",6050ea8a95817a2bfddc9d09
72.0,40.0,2414,951.1110271145948,0.5,1.0,"(2, 2)",6050ea8a95817a2bfddc9d09
72.0,40.0,2415,951.1110271145948,0.5,1.0,"(2, 2)",6050ea8a95817a2bfddc9d09
72.0,40.0,2416,951.1110271145948,0.5,1.0,"(2, 2)",6050ea8a95817a2bfddc9d09
72.0,40.0,2417,951.1110271145948,0.5,1.0,"(2, 2)",6050ea8a95817a2bfddc9d09
72.0,40.0,2418,951.1110271145948,0.5,1.0,"(2, 2)",6050ea8a95817a2bfddc9d09
72.0,40.0,2419,951.1110271145948,0.5,1.0,"(2, 2)",6050ea8a95817a2bfddc9d09
72.0,40.0,2420,951.1110271145948,0.5,1.0,"(2, 2)",6050ea8a95817a2bfddc9d09
72.0,40.0,2421,951.1110271145948,0.5,1.0,"(2, 2)",6050ea8a95817a2bfddc9d09
72.0,40.0,2422,951.1110271145948,0.5,1.0,"(2, 2)",6050ea8a95817a2bfddc9d09
72.0,40.0,2423,951.1110271145948,0.5,1.0,"(2, 2)",6050ea8a95817a2bfddc9d09
72.0,40.0,2424,951.1110271145948,0.5,1.0,"(2, 2)",6050ea8a95817a2bfddc9d09
72.0,40.0,2425,951.1110271145948,0.5,1.0,"(2, 2)",6050ea8a95817a2bfddc9d09
72.0,40.0,2426,951.1110271145948,0.5,1.0,"(2, 2)",6050ea8a95817a2bfddc9d09
72.0,40.0,2427,951.1110271145948,0.5,1.0,"(2, 2)",6050ea8a95817a2bfddc9d09
72.0,40.0,2428,951.1110271145948,0.5,1.0,"(2, 2)",6050ea8a95817a2bfddc9d09
72.0,40.0,2429,951.1110271145948,0.5,1.0,"(2, 2)",6050ea8a95817a2bfddc9d09
72.0,40.0,2430,951.1110271145948,0.5,1.0,"(2, 2)",6050ea8a95817a2bfddc9d09
72.0,40.0,2431,951.1110271145948,0.5,1.0,"(2, 2)",6050ea8a95817a2bfddc9d09
72.0,40.0,2432,951.1110271145948,0.5,1.0,"(2, 2)",6050ea8a95817a2bfddc9d09
72.0,40.0,2433,951.1110271145948,0.5,1.0,"(2, 2)",6050ea8a95817a2bfddc9d09
72.0,40.0,2434,951.1110271145948,0.5,1.0,"(2, 2)",6050ea8a95817a2bfddc9d09
72.0,40.0,2435,951.1110271145948,0.5,1.0,"(2, 2)",6050ea8a95817a2bfddc9d09
72.0,40.0,2436,951.1110271145948,0.5,1.0,"(2, 2)",6050ea8a95817a2bfddc9d09
72.0,40.0,2437,951.1110271145948,0.5,1.0,"(2, 2)",6050ea8a95817a2bfddc9d09
72.0,40.0,2438,951.1110271145948,0.5,1.0,"(2, 2)",6050ea8a95817a2bfddc9d09
72.0,40.0,2439,951.1110271145948,0.5,1.0,"(2, 2)",6050ea8a95817a2bfddc9d09
72.0,40.0,2440,951.1110271145948,0.5,1.0,"(2, 2)",6050ea8a95817a2bfddc9d09
72.0,40.0,2441,951.1110271145948,0.5,1.0,"(2, 2)",6050ea8a95817a2bfddc9d09
72.0,40.0,2442,951.1110271145948,0.5,1.0,"(2, 2)",6050ea8a95817a2bfddc9d09
72.0,40.0,2443,951.1110271145948,0.5,1.0,"(2, 2)",6050ea8a95817a2bfddc9d09
72.0,40.0,2444,951.1110271145948,0.5,1.0,"(2, 2)",6050ea8a95817a2bfddc9d09
72.0,40.0,2445,951.1110271145948,0.5,1.0,"(2, 2)",6050ea8a95817a2bfddc9d09
72.0,40.0,2446,951.1110271145948,0.5,1.0,"(2, 2)",6050ea8a95817a2bfddc9d09
72.0,40.0,2447,951.1110271145948,0.5,1.0,"(2, 2)",6050ea8a95817a2bfddc9d09
72.0,40.0,2448,951.1110271145948,0.5,1.0,"(2, 2)",6050ea8a95817a2bfddc9d09
72.0,40.0,2449,951.1110271145948,0.5,1.0,"(2, 2)",6050ea8a95817a2bfddc9d09
72.0,40.0,2450,951.1110271145948,0.5,1.0,"(2, 2)",6050ea8a95817a2bfddc9d09
72.0,40.0,2451,951.1110271145948,0.5,1.0,"(2, 2)",6050ea8a95817a2bfddc9d09
72.0,40.0,2452,951.1110271145948,0.5,1.0,"(2, 2)",6050ea8a95817a2bfddc9d09
72.0,40.0,2453,951.1110271145948,0.5,1.0,"(2, 2)",6050ea8a95817a2bfddc9d09
72.0,40.0,2454,951.1110271145948,0.5,1.0,"(2, 2)",6050ea8a95817a2bfddc9d09
72.0,40.0,2455,951.1110271145948,0.5,1.0,"(2, 2)",6050ea8a95817a2bfddc9d09
72.0,40.0,2456,951.1110271145948,0.5,1.0,"(2, 2)",6050ea8a95817a2bfddc9d09
72.0,40.0,2457,951.1110271145948,0.5,1.0,"(2, 2)",6050ea8a95817a2bfddc9d09
72.0,40.0,2458,951.1110271145948,0.5,1.0,"(2, 2)",6050ea8a95817a2bfddc9d09
72.0,40.0,2459,951.1110271145948,0.5,1.0,"(2, 2)",6050ea8a95817a2bfddc9d09
72.0,40.0,2460,951.1110271145948,0.5,1.0,"(2, 2)",6050ea8a95817a2bfddc9d09
72.0,40.0,2461,951.1110271145948,0.5,1.0,"(2, 2)",6050ea8a95817a2bfddc9d09
72.0,40.0,2462,951.1110271145948,0.5,1.0,"(2, 2)",6050ea8a95817a2bfddc9d09
72.0,40.0,2463,951.1110271145948,0.5,1.0,"(2, 2)",6050ea8a95817a2bfddc9d09
72.0,40.0,2464,951.1110271145948,0.5,1.0,"(2, 2)",6050ea8a95817a2bfddc9d09
72.0,40.0,2465,951.1110271145948,0.5,1.0,"(2, 2)",6050ea8a95817a2bfddc9d09
72.44194173824224,40.441941738241525,2466,951.7360271145952,0.5,1.0,"(2, 2)",6050ea8a95817a2bfddc9d09
72.88388347648447,40.88388347648305,2467,952.3610271145957,0.5,1.0,"(2, 2)",6050ea8a95817a2bfddc9d09
73.3258252147267,41.325825214724574,2468,952.9860271145961,0.5,1.0,"(2, 2)",6050ea8a95817a2bfddc9d09
73.76776695296894,41.7677669529661,2469,953.6110271145966,0.5,1.0,"(2, 2)",6050ea8a95817a2bfddc9d09
74.20970869121118,42.209708691207624,2470,954.236027114597,0.5,1.0,"(2, 2)",6050ea8a95817a2bfddc9d09
74.65165042945323,42.65165042944915,2471,954.8610271145973,0.5,1.0,"(2, 2)",6050ea8a95817a2bfddc9d09
75.09359216769462,43.09359216769067,2472,955.486027114597,0.5,1.0,"(2, 2)",6050ea8a95817a2bfddc9d09
75.535533905936,43.5355339059322,2473,956.1110271145968,0.5,1.0,"(2, 2)",6050ea8a95817a2bfddc9d09
75.97747564417739,43.97747564417372,2474,956.7360271145966,0.5,1.0,"(2, 2)",6050ea8a95817a2bfddc9d09
76.41941738241879,44.41941738241525,2475,957.3610271145964,0.5,1.0,"(2, 2)",6050ea8a95817a2bfddc9d09
76.86135912066018,44.86135912065677,2476,957.9860271145961,0.5,1.0,"(2, 2)",6050ea8a95817a2bfddc9d09
77.30330085890157,45.3033008588983,2477,958.6110271145959,0.5,1.0,"(2, 2)",6050ea8a95817a2bfddc9d09
77.74524259714295,45.74524259713982,2478,959.2360271145957,0.5,1.0,"(2, 2)",6050ea8a95817a2bfddc9d09
78.18718433538434,46.187184335381346,2479,959.8610271145955,0.5,1.0,"(2, 2)",6050ea8a95817a2bfddc9d09
78.62912607362574,46.62912607362287,2480,960.4860271145952,0.5,1.0,"(2, 2)",6050ea8a95817a2bfddc9d09
79.07106781186712,47.071067811864395,2481,961.111027114595,0.5,1.0,"(2, 2)",6050ea8a95817a2bfddc9d09
79.5130095501085,47.51300955010592,2482,961.7360271145948,0.5,1.0,"(2, 2)",6050ea8a95817a2bfddc9d09
79.9549512883499,47.954951288347445,2483,962.3610271145945,0.5,1.0,"(2, 2)",6050ea8a95817a2bfddc9d09
80.3968930265913,48.39689302658897,2484,962.9860271145943,0.5,1.0,"(2, 2)",6050ea8a95817a2bfddc9d09
80.83883476483268,48.838834764830494,2485,963.6110271145941,0.5,1.0,"(2, 2)",6050ea8a95817a2bfddc9d09
81.28077650307407,49.28077650307202,2486,964.2360271145939,0.5,1.0,"(2, 2)",6050ea8a95817a2bfddc9d09
81.72271824131546,49.722718241313544,2487,964.8610271145936,0.5,1.0,"(2, 2)",6050ea8a95817a2bfddc9d09
82.16465997955686,50.16465997955507,2488,965.4860271145934,0.5,1.0,"(2, 2)",6050ea8a95817a2bfddc9d09
82.60660171779824,50.60660171779659,2489,966.1110271145932,0.5,1.0,"(2, 2)",6050ea8a95817a2bfddc9d09
83.04854345603962,51.04854345603812,2490,966.736027114593,0.5,1.0,"(2, 2)",6050ea8a95817a2bfddc9d09
83.49048519428102,51.49048519427964,2491,967.3610271145927,0.5,1.0,"(2, 2)",6050ea8a95817a2bfddc9d09
83.93242693252242,51.93242693252117,2492,967.9860271145925,0.5,1.0,"(2, 2)",6050ea8a95817a2bfddc9d09
84.3743686707638,52.37436867076269,2493,968.6110271145923,0.5,1.0,"(2, 2)",6050ea8a95817a2bfddc9d09
84.81631040900518,52.81631040900422,2494,969.236027114592,0.5,1.0,"(2, 2)",6050ea8a95817a2bfddc9d09
85.25825214724658,53.25825214724574,2495,969.8610271145918,0.5,1.0,"(2, 2)",6050ea8a95817a2bfddc9d09
85.70019388548798,53.700193885487266,2496,970.4860271145916,0.5,1.0,"(2, 2)",6050ea8a95817a2bfddc9d09
86.14213562372936,54.14213562372879,2497,971.1110271145914,0.5,1.0,"(2, 2)",6050ea8a95817a2bfddc9d09
86.58407736197076,54.584077361970316,2498,971.7360271145911,0.5,1.0,"(2, 2)",6050ea8a95817a2bfddc9d09
87.02601910021214,55.02601910021184,2499,972.3610271145909,0.5,1.0,"(2, 2)",6050ea8a95817a2bfddc9d09
87.46796083845354,55.467960838453365,2500,972.9860271145907,0.5,1.0,"(2, 2)",6050ea8a95817a2bfddc9d09
88.0,56.0,2501,973.7384441125635,0.5,1.0,"(2, 2)",6050ea8a95817a2bfddc9d09
88.0,56.0,2502,973.7384441125635,0.5,1.0,"(2, 2)",6050ea8a95817a2bfddc9d09
88.0,56.0,2503,973.7384441125635,0.5,1.0,"(2, 2)",6050ea8a95817a2bfddc9d09
88.0,56.0,2504,973.7384441125635,0.5,1.0,"(2, 2)",6050ea8a95817a2bfddc9d09
88.0,56.0,2505,973.7384441125635,0.5,1.0,"(2, 2)",6050ea8a95817a2bfddc9d09
88.0,56.0,2506,973.7384441125635,0.5,1.0,"(2, 2)",6050ea8a95817a2bfddc9d09
88.0,56.0,2507,973.7384441125635,0.5,1.0,"(2, 2)",6050ea8a95817a2bfddc9d09
88.0,56.0,2508,973.7384441125635,0.5,1.0,"(2, 2)",6050ea8a95817a2bfddc9d09
88.0,56.0,2509,973.7384441125635,0.5,1.0,"(2, 2)",6050ea8a95817a2bfddc9d09
88.0,56.0,2510,973.7384441125635,0.5,1.0,"(2, 2)",6050ea8a95817a2bfddc9d09
88.0,56.0,2511,973.7384441125635,0.5,1.0,"(2, 2)",6050ea8a95817a2bfddc9d09
88.0,56.0,2512,973.7384441125635,0.5,1.0,"(2, 2)",6050ea8a95817a2bfddc9d09
88.0,56.0,2513,973.7384441125635,0.5,1.0,"(2, 2)",6050ea8a95817a2bfddc9d09
88.0,56.0,2514,973.7384441125635,0.5,1.0,"(2, 2)",6050ea8a95817a2bfddc9d09
88.0,56.0,2515,973.7384441125635,0.5,1.0,"(2, 2)",6050ea8a95817a2bfddc9d09
88.0,56.0,2516,973.7384441125635,0.5,1.0,"(2, 2)",6050ea8a95817a2bfddc9d09
88.0,56.0,2517,973.7384441125635,0.5,1.0,"(2, 2)",6050ea8a95817a2bfddc9d09
88.0,56.0,2518,973.7384441125635,0.5,1.0,"(2, 2)",6050ea8a95817a2bfddc9d09
88.0,56.0,2519,973.7384441125635,0.5,1.0,"(2, 2)",6050ea8a95817a2bfddc9d09
88.0,56.0,2520,973.7384441125635,0.5,1.0,"(2, 2)",6050ea8a95817a2bfddc9d09
88.0,56.0,2521,973.7384441125635,0.5,1.0,"(2, 2)",6050ea8a95817a2bfddc9d09
88.0,56.0,2522,973.7384441125635,0.5,1.0,"(2, 2)",6050ea8a95817a2bfddc9d09
88.0,56.0,2523,973.7384441125635,0.5,1.0,"(2, 2)",6050ea8a95817a2bfddc9d09
88.0,56.0,2524,973.7384441125635,0.5,1.0,"(2, 2)",6050ea8a95817a2bfddc9d09
88.0,56.0,2525,973.7384441125635,0.5,1.0,"(2, 2)",6050ea8a95817a2bfddc9d09
88.0,56.0,2526,973.7384441125635,0.5,1.0,"(2, 2)",6050ea8a95817a2bfddc9d09
88.0,56.0,2527,973.7384441125635,0.5,1.0,"(2, 2)",6050ea8a95817a2bfddc9d09
88.0,56.0,2528,973.7384441125635,0.5,1.0,"(2, 2)",6050ea8a95817a2bfddc9d09
88.0,56.0,2529,973.7384441125635,0.5,1.0,"(2, 2)",6050ea8a95817a2bfddc9d09
88.0,56.0,2530,973.7384441125635,0.5,1.0,"(2, 2)",6050ea8a95817a2bfddc9d09
88.0,55.37499999999986,2531,974.3634441125636,0.5,1.0,"(2, 2)",6050ea8a95817a2bfddc9d09
88.0,54.749999999999716,2532,974.9884441125637,0.5,1.0,"(2, 2)",6050ea8a95817a2bfddc9d09
88.0,54.124999999999574,2533,975.6134441125638,0.5,1.0,"(2, 2)",6050ea8a95817a2bfddc9d09
88.0,53.49999999999943,2534,976.2384441125639,0.5,1.0,"(2, 2)",6050ea8a95817a2bfddc9d09
88.0,52.87499999999929,2535,976.863444112564,0.5,1.0,"(2, 2)",6050ea8a95817a2bfddc9d09
88.0,52.24999999999915,2536,977.4884441125641,0.5,1.0,"(2, 2)",6050ea8a95817a2bfddc9d09
88.0,51.624999999999005,2537,978.1134441125643,0.5,1.0,"(2, 2)",6050ea8a95817a2bfddc9d09
88.0,50.99999999999886,2538,978.7384441125644,0.5,1.0,"(2, 2)",6050ea8a95817a2bfddc9d09
88.0,50.37499999999872,2539,979.3634441125645,0.5,1.0,"(2, 2)",6050ea8a95817a2bfddc9d09
88.0,49.74999999999858,2540,979.9884441125646,0.5,1.0,"(2, 2)",6050ea8a95817a2bfddc9d09
88.0,49.12499999999844,2541,980.6134441125647,0.5,1.0,"(2, 2)",6050ea8a95817a2bfddc9d09
88.0,48.499999999998295,2542,981.2384441125648,0.5,1.0,"(2, 2)",6050ea8a95817a2bfddc9d09
88.0,47.87499999999815,2543,981.8634441125649,0.5,1.0,"(2, 2)",6050ea8a95817a2bfddc9d09
88.0,47.24999999999801,2544,982.488444112565,0.5,1.0,"(2, 2)",6050ea8a95817a2bfddc9d09
88.0,46.62499999999787,2545,983.1134441125652,0.5,1.0,"(2, 2)",6050ea8a95817a2bfddc9d09
88.0,45.999999999997726,2546,983.7384441125653,0.5,1.0,"(2, 2)",6050ea8a95817a2bfddc9d09
88.0,45.374999999997584,2547,984.3634441125654,0.5,1.0,"(2, 2)",6050ea8a95817a2bfddc9d09
88.0,44.74999999999744,2548,984.9884441125655,0.5,1.0,"(2, 2)",6050ea8a95817a2bfddc9d09
88.0,44.1249999999973,2549,985.6134441125656,0.5,1.0,"(2, 2)",6050ea8a95817a2bfddc9d09
88.0,43.49999999999716,2550,986.2384441125657,0.5,1.0,"(2, 2)",6050ea8a95817a2bfddc9d09
88.0,42.874999999997016,2551,986.8634441125658,0.5,1.0,"(2, 2)",6050ea8a95817a2bfddc9d09
88.0,42.249999999996874,2552,987.488444112566,0.5,1.0,"(2, 2)",6050ea8a95817a2bfddc9d09
88.0,41.62499999999673,2553,988.1134441125661,0.5,1.0,"(2, 2)",6050ea8a95817a2bfddc9d09
87.57990632179303,41.16224055759665,2554,988.738444112566,0.5,1.0,"(2, 2)",6050ea8a95817a2bfddc9d09
87.15981264358606,40.69948111519656,2555,989.3634441125658,0.5,1.0,"(2, 2)",6050ea8a95817a2bfddc9d09
86.7397189653791,40.23672167279648,2556,989.9884441125657,0.5,1.0,"(2, 2)",6050ea8a95817a2bfddc9d09
86.31962528717213,39.77396223039639,2557,990.6134441125656,0.5,1.0,"(2, 2)",6050ea8a95817a2bfddc9d09
85.89953160896516,39.31120278799631,2558,991.2384441125655,0.5,1.0,"(2, 2)",6050ea8a95817a2bfddc9d09
85.4794379307582,38.84844334559622,2559,991.8634441125654,0.5,1.0,"(2, 2)",6050ea8a95817a2bfddc9d09
85.05934425255123,38.38568390319614,2560,992.4884441125653,0.5,1.0,"(2, 2)",6050ea8a95817a2bfddc9d09
84.63925057434426,37.922924460796054,2561,993.1134441125652,0.5,1.0,"(2, 2)",6050ea8a95817a2bfddc9d09
84.21915689613729,37.46016501839597,2562,993.738444112565,0.5,1.0,"(2, 2)",6050ea8a95817a2bfddc9d09
83.79906321793032,36.997405575995884,2563,994.3634441125649,0.5,1.0,"(2, 2)",6050ea8a95817a2bfddc9d09
83.37896953972336,36.5346461335958,2564,994.9884441125648,0.5,1.0,"(2, 2)",6050ea8a95817a2bfddc9d09
82.95887586151639,36.071886691195715,2565,995.6134441125647,0.5,1.0,"(2, 2)",6050ea8a95817a2bfddc9d09
82.53878218330942,35.60912724879563,2566,996.2384441125646,0.5,1.0,"(2, 2)",6050ea8a95817a2bfddc9d09
82.11868850510245,35.146367806395546,2567,996.8634441125645,0.5,1.0,"(2, 2)",6050ea8a95817a2bfddc9d09
81.69859482689549,34.68360836399546,2568,997.4884441125644,0.5,1.0,"(2, 2)",6050ea8a95817a2bfddc9d09
81.27850114868852,34.220848921595376,2569,998.1134441125643,0.5,1.0,"(2, 2)",6050ea8a95817a2bfddc9d09
80.85840747048155,33.75808947919529,2570,998.7384441125641,0.5,1.0,"(2, 2)",6050ea8a95817a2bfddc9d09
80.43831379227458,33.29533003679521,2571,999.363444112564,0.5,1.0,"(2, 2)",6050ea8a95817a2bfddc9d09
80.01822011406762,32.83257059439512,2572,999.9884441125639,0.5,1.0,"(2, 2)",6050ea8a95817a2bfddc9d09
79.59812643586065,32.36981115199504,2573,1000.6134441125638,0.5,1.0,"(2, 2)",6050ea8a95817a2bfddc9d09
79.17803275765368,31.907051709595027,2574,1001.2384441125637,0.5,1.0,"(2, 2)",6050ea8a95817a2bfddc9d09
78.75793907944671,31.444292267195298,2575,1001.8634441125633,0.5,1.0,"(2, 2)",6050ea8a95817a2bfddc9d09
78.33784540123975,30.98153282479557,2576,1002.488444112563,0.5,1.0,"(2, 2)",6050ea8a95817a2bfddc9d09
77.91775172303278,30.51877338239584,2577,1003.1134441125627,0.5,1.0,"(2, 2)",6050ea8a95817a2bfddc9d09
77.49765804482581,30.05601393999611,2578,1003.7384441125623,0.5,1.0,"(2, 2)",6050ea8a95817a2bfddc9d09
77.07756436661884,29.59325449759638,2579,1004.363444112562,0.5,1.0,"(2, 2)",6050ea8a95817a2bfddc9d09
76.65747068841188,29.13049505519665,2580,1004.9884441125616,0.5,1.0,"(2, 2)",6050ea8a95817a2bfddc9d09
76.23737701020491,28.66773561279692,2581,1005.6134441125613,0.5,1.0,"(2, 2)",6050ea8a95817a2bfddc9d09
75.81728333199794,28.20497617039719,2582,1006.238444112561,0.5,1.0,"(2, 2)",6050ea8a95817a2bfddc9d09
75.39718965379097,27.742216727997462,2583,1006.8634441125606,0.5,1.0,"(2, 2)",6050ea8a95817a2bfddc9d09
74.977095975584,27.279457285597733,2584,1007.4884441125603,0.5,1.0,"(2, 2)",6050ea8a95817a2bfddc9d09
74.55700229737704,26.816697843198003,2585,1008.1134441125599,0.5,1.0,"(2, 2)",6050ea8a95817a2bfddc9d09
74.13690861916956,26.353938400798402,2586,1008.7384441125598,0.5,1.0,"(2, 2)",6050ea8a95817a2bfddc9d09
73.71681494096188,25.89117895839885,2587,1009.3634441125598,0.5,1.0,"(2, 2)",6050ea8a95817a2bfddc9d09
73.2967212627542,25.4284195159993,2588,1009.9884441125598,0.5,1.0,"(2, 2)",6050ea8a95817a2bfddc9d09
72.87662758454653,24.965660073599746,2589,1010.6134441125598,0.5,1.0,"(2, 2)",6050ea8a95817a2bfddc9d09
72.45653390633885,24.502900631200195,2590,1011.2384441125598,0.5,1.0,"(2, 2)",6050ea8a95817a2bfddc9d09
72.0,24.0,2591,1011.917658550347,0.5,1.0,"(2, 2)",6050ea8a95817a2bfddc9d09
72.0,24.0,2592,1011.917658550347,0.5,1.0,"(2, 2)",6050ea8a95817a2bfddc9d09
72.0,24.0,2593,1011.917658550347,0.5,1.0,"(2, 2)",6050ea8a95817a2bfddc9d09
72.0,24.0,2594,1011.917658550347,0.5,1.0,"(2, 2)",6050ea8a95817a2bfddc9d09
72.0,24.0,2595,1011.917658550347,0.5,1.0,"(2, 2)",6050ea8a95817a2bfddc9d09
72.0,24.0,2596,1011.917658550347,0.5,1.0,"(2, 2)",6050ea8a95817a2bfddc9d09
72.0,24.0,2597,1011.917658550347,0.5,1.0,"(2, 2)",6050ea8a95817a2bfddc9d09
72.0,24.0,2598,1011.917658550347,0.5,1.0,"(2, 2)",6050ea8a95817a2bfddc9d09
72.0,24.0,2599,1011.917658550347,0.5,1.0,"(2, 2)",6050ea8a95817a2bfddc9d09
72.0,24.0,2600,1011.917658550347,0.5,1.0,"(2, 2)",6050ea8a95817a2bfddc9d09
72.0,24.0,2601,1011.917658550347,0.5,1.0,"(2, 2)",6050ea8a95817a2bfddc9d09
72.0,24.0,2602,1011.917658550347,0.5,1.0,"(2, 2)",6050ea8a95817a2bfddc9d09
72.0,24.0,2603,1011.917658550347,0.5,1.0,"(2, 2)",6050ea8a95817a2bfddc9d09
72.0,24.0,2604,1011.917658550347,0.5,1.0,"(2, 2)",6050ea8a95817a2bfddc9d09
72.0,24.0,2605,1011.917658550347,0.5,1.0,"(2, 2)",6050ea8a95817a2bfddc9d09
72.0,24.0,2606,1011.917658550347,0.5,1.0,"(2, 2)",6050ea8a95817a2bfddc9d09
72.0,24.0,2607,1011.917658550347,0.5,1.0,"(2, 2)",6050ea8a95817a2bfddc9d09
72.0,24.0,2608,1011.917658550347,0.5,1.0,"(2, 2)",6050ea8a95817a2bfddc9d09
72.0,24.0,2609,1011.917658550347,0.5,1.0,"(2, 2)",6050ea8a95817a2bfddc9d09
72.0,24.625000000000142,2610,1012.5426585503471,0.5,1.0,"(2, 2)",6050ea8a95817a2bfddc9d09
72.0,25.250000000000284,2611,1013.1676585503473,0.5,1.0,"(2, 2)",6050ea8a95817a2bfddc9d09
72.0,25.875000000000426,2612,1013.7926585503474,0.5,1.0,"(2, 2)",6050ea8a95817a2bfddc9d09
72.0,26.50000000000057,2613,1014.4176585503475,0.5,1.0,"(2, 2)",6050ea8a95817a2bfddc9d09
72.0,27.12500000000071,2614,1015.0426585503476,0.5,1.0,"(2, 2)",6050ea8a95817a2bfddc9d09
72.0,27.750000000000853,2615,1015.6676585503477,0.5,1.0,"(2, 2)",6050ea8a95817a2bfddc9d09
72.0,28.375000000000995,2616,1016.2926585503478,0.5,1.0,"(2, 2)",6050ea8a95817a2bfddc9d09
72.0,29.000000000001137,2617,1016.9176585503479,0.5,1.0,"(2, 2)",6050ea8a95817a2bfddc9d09
72.0,29.62500000000128,2618,1017.542658550348,0.5,1.0,"(2, 2)",6050ea8a95817a2bfddc9d09
72.0,30.25000000000142,2619,1018.1676585503482,0.5,1.0,"(2, 2)",6050ea8a95817a2bfddc9d09
72.0,30.875000000001563,2620,1018.7926585503483,0.5,1.0,"(2, 2)",6050ea8a95817a2bfddc9d09
72.0,31.500000000001705,2621,1019.4176585503484,0.5,1.0,"(2, 2)",6050ea8a95817a2bfddc9d09
72.0,32.12500000000185,2622,1020.0426585503485,0.5,1.0,"(2, 2)",6050ea8a95817a2bfddc9d09
72.0,32.75000000000199,2623,1020.6676585503486,0.5,1.0,"(2, 2)",6050ea8a95817a2bfddc9d09
72.0,33.37500000000213,2624,1021.2926585503487,0.5,1.0,"(2, 2)",6050ea8a95817a2bfddc9d09
72.0,34.000000000002274,2625,1021.9176585503488,0.5,1.0,"(2, 2)",6050ea8a95817a2bfddc9d09
72.0,34.625000000002416,2626,1022.542658550349,0.5,1.0,"(2, 2)",6050ea8a95817a2bfddc9d09
72.0,35.25000000000256,2627,1023.1676585503491,0.5,1.0,"(2, 2)",6050ea8a95817a2bfddc9d09
72.0,35.8750000000027,2628,1023.7926585503492,0.5,1.0,"(2, 2)",6050ea8a95817a2bfddc9d09
72.0,36.50000000000284,2629,1024.4176585503494,0.5,1.0,"(2, 2)",6050ea8a95817a2bfddc9d09
72.0,37.125000000002984,2630,1025.0426585503496,0.5,1.0,"(2, 2)",6050ea8a95817a2bfddc9d09
72.0,37.750000000003126,2631,1025.6676585503499,0.5,1.0,"(2, 2)",6050ea8a95817a2bfddc9d09
72.0,38.37500000000327,2632,1026.29265855035,0.5,1.0,"(2, 2)",6050ea8a95817a2bfddc9d09
72.0,39.00000000000341,2633,1026.9176585503503,0.5,1.0,"(2, 2)",6050ea8a95817a2bfddc9d09
72.0,39.62500000000355,2634,1027.5426585503506,0.5,1.0,"(2, 2)",6050ea8a95817a2bfddc9d09
72.0,40.0,2635,1027.917658550347,0.5,1.0,"(2, 2)",6050ea8a95817a2bfddc9d09
72.0,40.0,2636,1027.917658550347,0.5,1.0,"(2, 2)",6050ea8a95817a2bfddc9d09
72.0,40.0,2637,1027.917658550347,0.5,1.0,"(2, 2)",6050ea8a95817a2bfddc9d09
72.0,40.0,2638,1027.917658550347,0.5,1.0,"(2, 2)",6050ea8a95817a2bfddc9d09
72.0,40.0,2639,1027.917658550347,0.5,1.0,"(2, 2)",6050ea8a95817a2bfddc9d09
72.0,40.0,2640,1027.917658550347,0.5,1.0,"(2, 2)",6050ea8a95817a2bfddc9d09
72.0,40.0,2641,1027.917658550347,0.5,1.0,"(2, 2)",6050ea8a95817a2bfddc9d09
72.0,40.0,2642,1027.917658550347,0.5,1.0,"(2, 2)",6050ea8a95817a2bfddc9d09
72.0,40.0,2643,1027.917658550347,0.5,1.0,"(2, 2)",6050ea8a95817a2bfddc9d09
72.0,40.0,2644,1027.917658550347,0.5,1.0,"(2, 2)",6050ea8a95817a2bfddc9d09
72.0,40.0,2645,1027.917658550347,0.5,1.0,"(2, 2)",6050ea8a95817a2bfddc9d09
72.0,40.0,2646,1027.917658550347,0.5,1.0,"(2, 2)",6050ea8a95817a2bfddc9d09
72.0,40.0,2647,1027.917658550347,0.5,1.0,"(2, 2)",6050ea8a95817a2bfddc9d09
72.0,40.0,2648,1027.917658550347,0.5,1.0,"(2, 2)",6050ea8a95817a2bfddc9d09
72.0,40.0,2649,1027.917658550347,0.5,1.0,"(2, 2)",6050ea8a95817a2bfddc9d09
72.0,40.0,2650,1027.917658550347,0.5,1.0,"(2, 2)",6050ea8a95817a2bfddc9d09
72.0,40.0,2651,1027.917658550347,0.5,1.0,"(2, 2)",6050ea8a95817a2bfddc9d09
72.0,40.0,2652,1027.917658550347,0.5,1.0,"(2, 2)",6050ea8a95817a2bfddc9d09
72.0,40.0,2653,1027.917658550347,0.5,1.0,"(2, 2)",6050ea8a95817a2bfddc9d09
72.0,40.0,2654,1027.917658550347,0.5,1.0,"(2, 2)",6050ea8a95817a2bfddc9d09
72.0,40.0,2655,1027.917658550347,0.5,1.0,"(2, 2)",6050ea8a95817a2bfddc9d09
72.0,40.0,2656,1027.917658550347,0.5,1.0,"(2, 2)",6050ea8a95817a2bfddc9d09
72.0,40.0,2657,1027.917658550347,0.5,1.0,"(2, 2)",6050ea8a95817a2bfddc9d09
72.0,40.0,2658,1027.917658550347,0.5,1.0,"(2, 2)",6050ea8a95817a2bfddc9d09
72.0,40.0,2659,1027.917658550347,0.5,1.0,"(2, 2)",6050ea8a95817a2bfddc9d09
72.0,40.0,2660,1027.917658550347,0.5,1.0,"(2, 2)",6050ea8a95817a2bfddc9d09
72.0,40.0,2661,1027.917658550347,0.5,1.0,"(2, 2)",6050ea8a95817a2bfddc9d09
72.0,40.0,2662,1027.917658550347,0.5,1.0,"(2, 2)",6050ea8a95817a2bfddc9d09
72.0,40.0,2663,1027.917658550347,0.5,1.0,"(2, 2)",6050ea8a95817a2bfddc9d09
72.0,40.0,2664,1027.917658550347,0.5,1.0,"(2, 2)",6050ea8a95817a2bfddc9d09
72.62499999999943,40.0,2665,1028.5426585503465,0.5,1.0,"(2, 2)",6050ea8a95817a2bfddc9d09
73.24999999999886,40.0,2666,1029.167658550346,0.5,1.0,"(2, 2)",6050ea8a95817a2bfddc9d09
73.8749999999983,40.0,2667,1029.7926585503455,0.5,1.0,"(2, 2)",6050ea8a95817a2bfddc9d09
74.49999999999773,40.0,2668,1030.417658550345,0.5,1.0,"(2, 2)",6050ea8a95817a2bfddc9d09
75.12499999999716,40.0,2669,1031.0426585503446,0.5,1.0,"(2, 2)",6050ea8a95817a2bfddc9d09
75.74999999999659,40.0,2670,1031.6676585503442,0.5,1.0,"(2, 2)",6050ea8a95817a2bfddc9d09
76.37499999999602,40.0,2671,1032.2926585503437,0.5,1.0,"(2, 2)",6050ea8a95817a2bfddc9d09
76.99999999999545,40.0,2672,1032.9176585503433,0.5,1.0,"(2, 2)",6050ea8a95817a2bfddc9d09
77.62499999999488,40.0,2673,1033.5426585503428,0.5,1.0,"(2, 2)",6050ea8a95817a2bfddc9d09
78.24999999999432,40.0,2674,1034.1676585503424,0.5,1.0,"(2, 2)",6050ea8a95817a2bfddc9d09
78.87499999999375,40.0,2675,1034.792658550342,0.5,1.0,"(2, 2)",6050ea8a95817a2bfddc9d09
79.49999999999318,40.0,2676,1035.4176585503415,0.5,1.0,"(2, 2)",6050ea8a95817a2bfddc9d09
80.12499999999261,40.0,2677,1036.042658550341,0.5,1.0,"(2, 2)",6050ea8a95817a2bfddc9d09
80.74999999999204,40.0,2678,1036.6676585503405,0.5,1.0,"(2, 2)",6050ea8a95817a2bfddc9d09
81.37499999999147,40.0,2679,1037.29265855034,0.5,1.0,"(2, 2)",6050ea8a95817a2bfddc9d09
81.9999999999909,40.0,2680,1037.9176585503396,0.5,1.0,"(2, 2)",6050ea8a95817a2bfddc9d09
82.62499999999034,40.0,2681,1038.5426585503392,0.5,1.0,"(2, 2)",6050ea8a95817a2bfddc9d09
83.24999999998977,40.0,2682,1039.1676585503387,0.5,1.0,"(2, 2)",6050ea8a95817a2bfddc9d09
83.8749999999892,40.0,2683,1039.7926585503383,0.5,1.0,"(2, 2)",6050ea8a95817a2bfddc9d09
84.49999999998863,40.0,2684,1040.4176585503378,0.5,1.0,"(2, 2)",6050ea8a95817a2bfddc9d09
85.12499999998806,40.0,2685,1041.0426585503374,0.5,1.0,"(2, 2)",6050ea8a95817a2bfddc9d09
85.7499999999875,40.0,2686,1041.667658550337,0.5,1.0,"(2, 2)",6050ea8a95817a2bfddc9d09
86.37499999998693,40.0,2687,1042.2926585503365,0.5,1.0,"(2, 2)",6050ea8a95817a2bfddc9d09
86.99999999998636,40.0,2688,1042.917658550336,0.5,1.0,"(2, 2)",6050ea8a95817a2bfddc9d09
87.62499999998579,40.0,2689,1043.5426585503355,0.5,1.0,"(2, 2)",6050ea8a95817a2bfddc9d09
88.12191131558507,39.68811541183577,2690,1044.1293380641291,0.5,1.0,"(2, 2)",6050ea8a95817a2bfddc9d09
88.5665047178378,39.24884134399882,2691,1044.7543380641296,0.5,1.0,"(2, 2)",6050ea8a95817a2bfddc9d09
89.01109812009054,38.80956727616187,2692,1045.37933806413,0.5,1.0,"(2, 2)",6050ea8a95817a2bfddc9d09
89.45569152234327,38.370293208324924,2693,1046.0043380641305,0.5,1.0,"(2, 2)",6050ea8a95817a2bfddc9d09
89.90028492459601,37.931019140487976,2694,1046.629338064131,0.5,1.0,"(2, 2)",6050ea8a95817a2bfddc9d09
90.34487832684874,37.49174507265103,2695,1047.2543380641314,0.5,1.0,"(2, 2)",6050ea8a95817a2bfddc9d09
90.78947172910148,37.05247100481408,2696,1047.8793380641318,0.5,1.0,"(2, 2)",6050ea8a95817a2bfddc9d09
91.23406513135421,36.61319693697713,2697,1048.5043380641323,0.5,1.0,"(2, 2)",6050ea8a95817a2bfddc9d09
91.67865853360695,36.173922869140185,2698,1049.1293380641328,0.5,1.0,"(2, 2)",6050ea8a95817a2bfddc9d09
92.12325193585968,35.73464880130324,2699,1049.7543380641332,0.5,1.0,"(2, 2)",6050ea8a95817a2bfddc9d09
92.56784533811242,35.29537473346629,2700,1050.3793380641337,0.5,1.0,"(2, 2)",6050ea8a95817a2bfddc9d09
93.01243874036516,34.85610066562934,2701,1051.0043380641341,0.5,1.0,"(2, 2)",6050ea8a95817a2bfddc9d09
93.45703214261789,34.416826597792394,2702,1051.6293380641346,0.5,1.0,"(2, 2)",6050ea8a95817a2bfddc9d09
93.90162554487063,33.977552529955446,2703,1052.254338064135,0.5,1.0,"(2, 2)",6050ea8a95817a2bfddc9d09
94.34621894712336,33.5382784621185,2704,1052.8793380641355,0.5,1.0,"(2, 2)",6050ea8a95817a2bfddc9d09
94.7908123493761,33.09900439428155,2705,1053.504338064136,0.5,1.0,"(2, 2)",6050ea8a95817a2bfddc9d09
95.23540575162883,32.6597303264446,2706,1054.1293380641364,0.5,1.0,"(2, 2)",6050ea8a95817a2bfddc9d09
95.67999915388157,32.220456258607655,2707,1054.7543380641368,0.5,1.0,"(2, 2)",6050ea8a95817a2bfddc9d09
96.1245925561343,31.781182190770885,2708,1055.3793380641373,0.5,1.0,"(2, 2)",6050ea8a95817a2bfddc9d09
96.56918595838704,31.341908122934196,2709,1056.0043380641378,0.5,1.0,"(2, 2)",6050ea8a95817a2bfddc9d09
97.01377936063977,30.90263405509725,2710,1056.6293380641382,0.5,1.0,"(2, 2)",6050ea8a95817a2bfddc9d09
97.45837276289251,30.4633599872603,2711,1057.2543380641387,0.5,1.0,"(2, 2)",6050ea8a95817a2bfddc9d09
97.90296616514524,30.024085919423353,2712,1057.8793380641391,0.5,1.0,"(2, 2)",6050ea8a95817a2bfddc9d09
98.34755956739798,29.584811851586405,2713,1058.5043380641396,0.5,1.0,"(2, 2)",6050ea8a95817a2bfddc9d09
98.79215296965072,29.145537783749457,2714,1059.12933806414,0.5,1.0,"(2, 2)",6050ea8a95817a2bfddc9d09
99.23674637190345,28.70626371591251,2715,1059.7543380641405,0.5,1.0,"(2, 2)",6050ea8a95817a2bfddc9d09
99.68133977415553,28.266989648075562,2716,1060.3793380641405,0.5,1.0,"(2, 2)",6050ea8a95817a2bfddc9d09
100.12593317640761,27.827715580238614,2717,1061.0043380641405,0.5,1.0,"(2, 2)",6050ea8a95817a2bfddc9d09
100.5705265786597,27.388441512401666,2718,1061.6293380641405,0.5,1.0,"(2, 2)",6050ea8a95817a2bfddc9d09
101.01511998091178,26.94916744456472,2719,1062.2543380641405,0.5,1.0,"(2, 2)",6050ea8a95817a2bfddc9d09
101.45971338316386,26.50989337672777,2720,1062.8793380641405,0.5,1.0,"(2, 2)",6050ea8a95817a2bfddc9d09
101.90430678541594,26.070619308890823,2721,1063.5043380641405,0.5,1.0,"(2, 2)",6050ea8a95817a2bfddc9d09
102.34890018766802,25.631345241053875,2722,1064.1293380641405,0.5,1.0,"(2, 2)",6050ea8a95817a2bfddc9d09
102.7934935899201,25.192071173216927,2723,1064.7543380641405,0.5,1.0,"(2, 2)",6050ea8a95817a2bfddc9d09
103.2380869921722,24.75279710537998,2724,1065.3793380641405,0.5,1.0,"(2, 2)",6050ea8a95817a2bfddc9d09
103.68268039442428,24.313523037543032,2725,1066.0043380641405,0.5,1.0,"(2, 2)",6050ea8a95817a2bfddc9d09
104.0,24.0,2726,1066.4504192531106,0.5,1.0,"(2, 2)",6050ea8a95817a2bfddc9d09
104.0,24.0,2727,1066.4504192531106,0.5,1.0,"(2, 2)",6050ea8a95817a2bfddc9d09
104.0,24.0,2728,1066.4504192531106,0.5,1.0,"(2, 2)",6050ea8a95817a2bfddc9d09
104.0,24.0,2729,1066.4504192531106,0.5,1.0,"(2, 2)",6050ea8a95817a2bfddc9d09
104.0,24.0,2730,1066.4504192531106,0.5,1.0,"(2, 2)",6050ea8a95817a2bfddc9d09
104.0,24.0,2731,1066.4504192531106,0.5,1.0,"(2, 2)",6050ea8a95817a2bfddc9d09
104.0,24.0,2732,1066.4504192531106,0.5,1.0,"(2, 2)",6050ea8a95817a2bfddc9d09
104.0,24.0,2733,1066.4504192531106,0.5,1.0,"(2, 2)",6050ea8a95817a2bfddc9d09
104.0,24.0,2734,1066.4504192531106,0.5,1.0,"(2, 2)",6050ea8a95817a2bfddc9d09
104.0,24.0,2735,1066.4504192531106,0.5,1.0,"(2, 2)",6050ea8a95817a2bfddc9d09
104.0,24.0,2736,1066.4504192531106,0.5,1.0,"(2, 2)",6050ea8a95817a2bfddc9d09
104.0,24.0,2737,1066.4504192531106,0.5,1.0,"(2, 2)",6050ea8a95817a2bfddc9d09
104.0,24.0,2738,1066.4504192531106,0.5,1.0,"(2, 2)",6050ea8a95817a2bfddc9d09
104.0,24.0,2739,1066.4504192531106,0.5,1.0,"(2, 2)",6050ea8a95817a2bfddc9d09
104.0,24.0,2740,1066.4504192531106,0.5,1.0,"(2, 2)",6050ea8a95817a2bfddc9d09
104.0,24.0,2741,1066.4504192531106,0.5,1.0,"(2, 2)",6050ea8a95817a2bfddc9d09
104.0,24.0,2742,1066.4504192531106,0.5,1.0,"(2, 2)",6050ea8a95817a2bfddc9d09
104.0,24.0,2743,1066.4504192531106,0.5,1.0,"(2, 2)",6050ea8a95817a2bfddc9d09
104.0,24.0,2744,1066.4504192531106,0.5,1.0,"(2, 2)",6050ea8a95817a2bfddc9d09
104.0,24.0,2745,1066.4504192531106,0.5,1.0,"(2, 2)",6050ea8a95817a2bfddc9d09
104.0,24.0,2746,1066.4504192531106,0.5,1.0,"(2, 2)",6050ea8a95817a2bfddc9d09
104.0,24.0,2747,1066.4504192531106,0.5,1.0,"(2, 2)",6050ea8a95817a2bfddc9d09
104.0,24.0,2748,1066.4504192531106,0.5,1.0,"(2, 2)",6050ea8a95817a2bfddc9d09
104.0,24.0,2749,1066.4504192531106,0.5,1.0,"(2, 2)",6050ea8a95817a2bfddc9d09
103.55805826175776,24.441941738241525,2750,1067.075419253111,0.5,1.0,"(2, 2)",6050ea8a95817a2bfddc9d09
103.11611652351553,24.88388347648305,2751,1067.7004192531115,0.5,1.0,"(2, 2)",6050ea8a95817a2bfddc9d09
102.6741747852733,25.325825214724574,2752,1068.325419253112,0.5,1.0,"(2, 2)",6050ea8a95817a2bfddc9d09
102.23223304703106,25.7677669529661,2753,1068.9504192531124,0.5,1.0,"(2, 2)",6050ea8a95817a2bfddc9d09
101.79029130878882,26.209708691207624,2754,1069.5754192531128,0.5,1.0,"(2, 2)",6050ea8a95817a2bfddc9d09
101.34834957054677,26.65165042944915,2755,1070.200419253113,0.5,1.0,"(2, 2)",6050ea8a95817a2bfddc9d09
100.90640783230538,27.093592167690673,2756,1070.8254192531128,0.5,1.0,"(2, 2)",6050ea8a95817a2bfddc9d09
100.464466094064,27.535533905932198,2757,1071.4504192531126,0.5,1.0,"(2, 2)",6050ea8a95817a2bfddc9d09
100.02252435582261,27.977475644173722,2758,1072.0754192531124,0.5,1.0,"(2, 2)",6050ea8a95817a2bfddc9d09
99.58058261758121,28.419417382415247,2759,1072.7004192531122,0.5,1.0,"(2, 2)",6050ea8a95817a2bfddc9d09
99.13864087933982,28.861359120656772,2760,1073.325419253112,0.5,1.0,"(2, 2)",6050ea8a95817a2bfddc9d09
98.69669914109843,29.303300858898297,2761,1073.9504192531117,0.5,1.0,"(2, 2)",6050ea8a95817a2bfddc9d09
98.25475740285705,29.74524259713982,2762,1074.5754192531115,0.5,1.0,"(2, 2)",6050ea8a95817a2bfddc9d09
97.81281566461566,30.187184335381346,2763,1075.2004192531112,0.5,1.0,"(2, 2)",6050ea8a95817a2bfddc9d09
97.37087392637426,30.62912607362287,2764,1075.825419253111,0.5,1.0,"(2, 2)",6050ea8a95817a2bfddc9d09
96.92893218813288,31.071067811864395,2765,1076.4504192531108,0.5,1.0,"(2, 2)",6050ea8a95817a2bfddc9d09
96.4869904498915,31.51300955010592,2766,1077.0754192531106,0.5,1.0,"(2, 2)",6050ea8a95817a2bfddc9d09
96.0450487116501,31.954951288347445,2767,1077.7004192531103,0.5,1.0,"(2, 2)",6050ea8a95817a2bfddc9d09
95.6031069734087,32.39689302658897,2768,1078.32541925311,0.5,1.0,"(2, 2)",6050ea8a95817a2bfddc9d09
95.16116523516732,32.838834764830494,2769,1078.9504192531099,0.5,1.0,"(2, 2)",6050ea8a95817a2bfddc9d09
94.71922349692593,33.28077650307202,2770,1079.5754192531097,0.5,1.0,"(2, 2)",6050ea8a95817a2bfddc9d09
94.27728175868454,33.722718241313544,2771,1080.2004192531094,0.5,1.0,"(2, 2)",6050ea8a95817a2bfddc9d09
93.83534002044314,34.16465997955507,2772,1080.8254192531092,0.5,1.0,"(2, 2)",6050ea8a95817a2bfddc9d09
93.39339828220176,34.60660171779659,2773,1081.450419253109,0.5,1.0,"(2, 2)",6050ea8a95817a2bfddc9d09
92.95145654396038,35.04854345603812,2774,1082.0754192531087,0.5,1.0,"(2, 2)",6050ea8a95817a2bfddc9d09
92.50951480571898,35.49048519427964,2775,1082.7004192531085,0.5,1.0,"(2, 2)",6050ea8a95817a2bfddc9d09
92.06757306747758,35.93242693252117,2776,1083.3254192531083,0.5,1.0,"(2, 2)",6050ea8a95817a2bfddc9d09
91.6256313292362,36.37436867076269,2777,1083.950419253108,0.5,1.0,"(2, 2)",6050ea8a95817a2bfddc9d09
91.18368959099482,36.81631040900422,2778,1084.5754192531078,0.5,1.0,"(2, 2)",6050ea8a95817a2bfddc9d09
90.74174785275342,37.25825214724574,2779,1085.2004192531076,0.5,1.0,"(2, 2)",6050ea8a95817a2bfddc9d09
90.29980611451202,37.700193885487266,2780,1085.8254192531074,0.5,1.0,"(2, 2)",6050ea8a95817a2bfddc9d09
89.85786437627064,38.14213562372879,2781,1086.4504192531072,0.5,1.0,"(2, 2)",6050ea8a95817a2bfddc9d09
89.41592263802924,38.584077361970316,2782,1087.075419253107,0.5,1.0,"(2, 2)",6050ea8a95817a2bfddc9d09
88.97398089978786,39.02601910021184,2783,1087.7004192531067,0.5,1.0,"(2, 2)",6050ea8a95817a2bfddc9d09
88.53203916154646,39.467960838453365,2784,1088.3254192531065,0.5,1.0,"(2, 2)",6050ea8a95817a2bfddc9d09
88.09009742330488,39.90990257669489,2785,1088.9504192531065,0.5,1.0,"(2, 2)",6050ea8a95817a2bfddc9d09
87.64815568506265,40.351844314936415,2786,1089.575419253107,0.5,1.0,"(2, 2)",6050ea8a95817a2bfddc9d09
87.20621394682041,40.79378605317794,2787,1090.2004192531074,0.5,1.0,"(2, 2)",6050ea8a95817a2bfddc9d09
86.76427220857818,41.235727791419464,2788,1090.8254192531078,0.5,1.0,"(2, 2)",6050ea8a95817a2bfddc9d09
86.32233047033594,41.67766952966099,2789,1091.4504192531083,0.5,1.0,"(2, 2)",6050ea8a95817a2bfddc9d09
85.8803887320937,42.11961126790251,2790,1092.0754192531087,0.5,1.0,"(2, 2)",6050ea8a95817a2bfddc9d09
85.43844699385185,42.56155300614404,2791,1092.700419253109,0.5,1.0,"(2, 2)",6050ea8a95817a2bfddc9d09
84.99650525561046,43.00349474438556,2792,1093.3254192531087,0.5,1.0,"(2, 2)",6050ea8a95817a2bfddc9d09
84.55456351736908,43.44543648262709,2793,1093.9504192531085,0.5,1.0,"(2, 2)",6050ea8a95817a2bfddc9d09
84.11262177912769,43.88737822086861,2794,1094.5754192531083,0.5,1.0,"(2, 2)",6050ea8a95817a2bfddc9d09
83.6706800408863,44.32931995911014,2795,1095.200419253108,0.5,1.0,"(2, 2)",6050ea8a95817a2bfddc9d09
83.2287383026449,44.77126169735166,2796,1095.8254192531078,0.5,1.0,"(2, 2)",6050ea8a95817a2bfddc9d09
82.78679656440352,45.213203435593186,2797,1096.4504192531076,0.5,1.0,"(2, 2)",6050ea8a95817a2bfddc9d09
82.34485482616213,45.65514517383471,2798,1097.0754192531074,0.5,1.0,"(2, 2)",6050ea8a95817a2bfddc9d09
81.90291308792074,46.097086912076236,2799,1097.7004192531072,0.5,1.0,"(2, 2)",6050ea8a95817a2bfddc9d09
81.46097134967935,46.53902865031776,2800,1098.325419253107,0.5,1.0,"(2, 2)",6050ea8a95817a2bfddc9d09
81.01902961143796,46.980970388559285,2801,1098.9504192531067,0.5,1.0,"(2, 2)",6050ea8a95817a2bfddc9d09
80.57708787319658,47.42291212680081,2802,1099.5754192531065,0.5,1.0,"(2, 2)",6050ea8a95817a2bfddc9d09
80.13514613495518,47.864853865042335,2803,1100.2004192531062,0.5,1.0,"(2, 2)",6050ea8a95817a2bfddc9d09
79.6932043967138,48.30679560328386,2804,1100.825419253106,0.5,1.0,"(2, 2)",6050ea8a95817a2bfddc9d09
79.2512626584724,48.748737341525384,2805,1101.4504192531058,0.5,1.0,"(2, 2)",6050ea8a95817a2bfddc9d09
78.80932092023102,49.19067907976691,2806,1102.0754192531056,0.5,1.0,"(2, 2)",6050ea8a95817a2bfddc9d09
78.36737918198962,49.632620818008434,2807,1102.7004192531053,0.5,1.0,"(2, 2)",6050ea8a95817a2bfddc9d09
77.92543744374824,50.07456255624996,2808,1103.325419253105,0.5,1.0,"(2, 2)",6050ea8a95817a2bfddc9d09
77.48349570550684,50.51650429449148,2809,1103.9504192531049,0.5,1.0,"(2, 2)",6050ea8a95817a2bfddc9d09
77.04155396726546,50.95844603273301,2810,1104.5754192531047,0.5,1.0,"(2, 2)",6050ea8a95817a2bfddc9d09
76.59961222902406,51.40038777097453,2811,1105.2004192531044,0.5,1.0,"(2, 2)",6050ea8a95817a2bfddc9d09
76.15767049078268,51.84232950921606,2812,1105.8254192531042,0.5,1.0,"(2, 2)",6050ea8a95817a2bfddc9d09
75.71572875254128,52.28427124745758,2813,1106.450419253104,0.5,1.0,"(2, 2)",6050ea8a95817a2bfddc9d09
75.2737870142999,52.72621298569911,2814,1107.0754192531037,0.5,1.0,"(2, 2)",6050ea8a95817a2bfddc9d09
74.8318452760585,53.16815472394063,2815,1107.7004192531035,0.5,1.0,"(2, 2)",6050ea8a95817a2bfddc9d09
74.38990353781712,53.610096462182156,2816,1108.3254192531033,0.5,1.0,"(2, 2)",6050ea8a95817a2bfddc9d09
73.94796179957572,54.05203820042368,2817,1108.950419253103,0.5,1.0,"(2, 2)",6050ea8a95817a2bfddc9d09
73.50602006133434,54.493979938665206,2818,1109.5754192531028,0.5,1.0,"(2, 2)",6050ea8a95817a2bfddc9d09
73.06407832309294,54.93592167690673,2819,1110.2004192531026,0.5,1.0,"(2, 2)",6050ea8a95817a2bfddc9d09
72.62213658485156,55.377863415148255,2820,1110.8254192531024,0.5,1.0,"(2, 2)",6050ea8a95817a2bfddc9d09
72.0,56.0,2821,1111.7052532490482,0.5,1.0,"(2, 2)",6050ea8a95817a2bfddc9d09
72.0,56.0,2822,1111.7052532490482,0.5,1.0,"(2, 2)",6050ea8a95817a2bfddc9d09
72.0,56.0,2823,1111.7052532490482,0.5,1.0,"(2, 2)",6050ea8a95817a2bfddc9d09
72.0,56.0,2824,1111.7052532490482,0.5,1.0,"(2, 2)",6050ea8a95817a2bfddc9d09
72.0,56.0,2825,1111.7052532490482,0.5,1.0,"(2, 2)",6050ea8a95817a2bfddc9d09
72.0,56.0,2826,1111.7052532490482,0.5,1.0,"(2, 2)",6050ea8a95817a2bfddc9d09
72.0,56.0,2827,1111.7052532490482,0.5,1.0,"(2, 2)",6050ea8a95817a2bfddc9d09
72.0,56.0,2828,1111.7052532490482,0.5,1.0,"(2, 2)",6050ea8a95817a2bfddc9d09
72.0,56.0,2829,1111.7052532490482,0.5,1.0,"(2, 2)",6050ea8a95817a2bfddc9d09
72.0,56.0,2830,1111.7052532490482,0.5,1.0,"(2, 2)",6050ea8a95817a2bfddc9d09
72.0,56.0,2831,1111.7052532490482,0.5,1.0,"(2, 2)",6050ea8a95817a2bfddc9d09
72.0,56.0,2832,1111.7052532490482,0.5,1.0,"(2, 2)",6050ea8a95817a2bfddc9d09
72.0,56.0,2833,1111.7052532490482,0.5,1.0,"(2, 2)",6050ea8a95817a2bfddc9d09
72.0,56.0,2834,1111.7052532490482,0.5,1.0,"(2, 2)",6050ea8a95817a2bfddc9d09
72.0,56.0,2835,1111.7052532490482,0.5,1.0,"(2, 2)",6050ea8a95817a2bfddc9d09
72.0,56.0,2836,1111.7052532490482,0.5,1.0,"(2, 2)",6050ea8a95817a2bfddc9d09
72.0,56.0,2837,1111.7052532490482,0.5,1.0,"(2, 2)",6050ea8a95817a2bfddc9d09
72.0,56.0,2838,1111.7052532490482,0.5,1.0,"(2, 2)",6050ea8a95817a2bfddc9d09
72.0,56.0,2839,1111.7052532490482,0.5,1.0,"(2, 2)",6050ea8a95817a2bfddc9d09
72.0,56.0,2840,1111.7052532490482,0.5,1.0,"(2, 2)",6050ea8a95817a2bfddc9d09
72.0,56.0,2841,1111.7052532490482,0.5,1.0,"(2, 2)",6050ea8a95817a2bfddc9d09
72.0,56.0,2842,1111.7052532490482,0.5,1.0,"(2, 2)",6050ea8a95817a2bfddc9d09
72.0,56.0,2843,1111.7052532490482,0.5,1.0,"(2, 2)",6050ea8a95817a2bfddc9d09
72.0,56.0,2844,1111.7052532490482,0.5,1.0,"(2, 2)",6050ea8a95817a2bfddc9d09
72.0,56.0,2845,1111.7052532490482,0.5,1.0,"(2, 2)",6050ea8a95817a2bfddc9d09
72.0,56.0,2846,1111.7052532490482,0.5,1.0,"(2, 2)",6050ea8a95817a2bfddc9d09
72.0,56.0,2847,1111.7052532490482,0.5,1.0,"(2, 2)",6050ea8a95817a2bfddc9d09
72.0,56.0,2848,1111.7052532490482,0.5,1.0,"(2, 2)",6050ea8a95817a2bfddc9d09
72.0,56.0,2849,1111.7052532490482,0.5,1.0,"(2, 2)",6050ea8a95817a2bfddc9d09
72.0,56.0,2850,1111.7052532490482,0.5,1.0,"(2, 2)",6050ea8a95817a2bfddc9d09
72.0,56.0,2851,1111.7052532490482,0.5,1.0,"(2, 2)",6050ea8a95817a2bfddc9d09
72.0,56.0,2852,1111.7052532490482,0.5,1.0,"(2, 2)",6050ea8a95817a2bfddc9d09
72.0,56.0,2853,1111.7052532490482,0.5,1.0,"(2, 2)",6050ea8a95817a2bfddc9d09
72.0,56.0,2854,1111.7052532490482,0.5,1.0,"(2, 2)",6050ea8a95817a2bfddc9d09
72.0,56.0,2855,1111.7052532490482,0.5,1.0,"(2, 2)",6050ea8a95817a2bfddc9d09
72.0,56.0,2856,1111.7052532490482,0.5,1.0,"(2, 2)",6050ea8a95817a2bfddc9d09
72.0,56.0,2857,1111.7052532490482,0.5,1.0,"(2, 2)",6050ea8a95817a2bfddc9d09
72.44194173824224,55.558058261758475,2858,1112.3302532490486,0.5,1.0,"(2, 2)",6050ea8a95817a2bfddc9d09
72.88388347648447,55.11611652351695,2859,1112.955253249049,0.5,1.0,"(2, 2)",6050ea8a95817a2bfddc9d09
73.3258252147267,54.674174785275426,2860,1113.5802532490495,0.5,1.0,"(2, 2)",6050ea8a95817a2bfddc9d09
73.76776695296894,54.2322330470339,2861,1114.20525324905,0.5,1.0,"(2, 2)",6050ea8a95817a2bfddc9d09
74.20970869121118,53.790291308792376,2862,1114.8302532490504,0.5,1.0,"(2, 2)",6050ea8a95817a2bfddc9d09
74.65165042945323,53.34834957055085,2863,1115.4552532490507,0.5,1.0,"(2, 2)",6050ea8a95817a2bfddc9d09
75.09359216769462,52.90640783230933,2864,1116.0802532490504,0.5,1.0,"(2, 2)",6050ea8a95817a2bfddc9d09
75.535533905936,52.4644660940678,2865,1116.7052532490502,0.5,1.0,"(2, 2)",6050ea8a95817a2bfddc9d09
75.97747564417739,52.02252435582628,2866,1117.33025324905,0.5,1.0,"(2, 2)",6050ea8a95817a2bfddc9d09
76.41941738241879,51.58058261758475,2867,1117.9552532490497,0.5,1.0,"(2, 2)",6050ea8a95817a2bfddc9d09
76.86135912066018,51.13864087934323,2868,1118.5802532490495,0.5,1.0,"(2, 2)",6050ea8a95817a2bfddc9d09
77.30330085890157,50.6966991411017,2869,1119.2052532490493,0.5,1.0,"(2, 2)",6050ea8a95817a2bfddc9d09
77.74524259714295,50.25475740286018,2870,1119.830253249049,0.5,1.0,"(2, 2)",6050ea8a95817a2bfddc9d09
78.18718433538434,49.812815664618654,2871,1120.4552532490488,0.5,1.0,"(2, 2)",6050ea8a95817a2bfddc9d09
78.62912607362574,49.37087392637713,2872,1121.0802532490486,0.5,1.0,"(2, 2)",6050ea8a95817a2bfddc9d09
79.07106781186712,48.928932188135605,2873,1121.7052532490484,0.5,1.0,"(2, 2)",6050ea8a95817a2bfddc9d09
79.5130095501085,48.48699044989408,2874,1122.3302532490482,0.5,1.0,"(2, 2)",6050ea8a95817a2bfddc9d09
79.9549512883499,48.045048711652555,2875,1122.955253249048,0.5,1.0,"(2, 2)",6050ea8a95817a2bfddc9d09
80.3968930265913,47.60310697341103,2876,1123.5802532490477,0.5,1.0,"(2, 2)",6050ea8a95817a2bfddc9d09
80.83883476483268,47.161165235169506,2877,1124.2052532490475,0.5,1.0,"(2, 2)",6050ea8a95817a2bfddc9d09
81.28077650307407,46.71922349692798,2878,1124.8302532490472,0.5,1.0,"(2, 2)",6050ea8a95817a2bfddc9d09
81.72271824131546,46.277281758686456,2879,1125.455253249047,0.5,1.0,"(2, 2)",6050ea8a95817a2bfddc9d09
82.16465997955686,45.83534002044493,2880,1126.0802532490468,0.5,1.0,"(2, 2)",6050ea8a95817a2bfddc9d09
82.60660171779824,45.39339828220341,2881,1126.7052532490466,0.5,1.0,"(2, 2)",6050ea8a95817a2bfddc9d09
83.04854345603962,44.95145654396188,2882,1127.3302532490463,0.5,1.0,"(2, 2)",6050ea8a95817a2bfddc9d09
83.49048519428102,44.50951480572036,2883,1127.955253249046,0.5,1.0,"(2, 2)",6050ea8a95817a2bfddc9d09
83.93242693252242,44.06757306747883,2884,1128.5802532490459,0.5,1.0,"(2, 2)",6050ea8a95817a2bfddc9d09
84.3743686707638,43.62563132923731,2885,1129.2052532490457,0.5,1.0,"(2, 2)",6050ea8a95817a2bfddc9d09
84.81631040900518,43.18368959099578,2886,1129.8302532490454,0.5,1.0,"(2, 2)",6050ea8a95817a2bfddc9d09
85.25825214724658,42.74174785275426,2887,1130.4552532490452,0.5,1.0,"(2, 2)",6050ea8a95817a2bfddc9d09
85.70019388548798,42.299806114512734,2888,1131.080253249045,0.5,1.0,"(2, 2)",6050ea8a95817a2bfddc9d09
86.14213562372936,41.85786437627121,2889,1131.7052532490447,0.5,1.0,"(2, 2)",6050ea8a95817a2bfddc9d09
86.58407736197076,41.415922638029684,2890,1132.3302532490445,0.5,1.0,"(2, 2)",6050ea8a95817a2bfddc9d09
87.02601910021214,40.97398089978816,2891,1132.9552532490443,0.5,1.0,"(2, 2)",6050ea8a95817a2bfddc9d09
87.46796083845354,40.532039161546635,2892,1133.580253249044,0.5,1.0,"(2, 2)",6050ea8a95817a2bfddc9d09
87.90990257669512,40.09009742330511,2893,1134.205253249044,0.5,1.0,"(2, 2)",6050ea8a95817a2bfddc9d09
88.35184431493735,39.648155685063585,2894,1134.8302532490445,0.5,1.0,"(2, 2)",6050ea8a95817a2bfddc9d09
88.79378605317959,39.20621394682206,2895,1135.455253249045,0.5,1.0,"(2, 2)",6050ea8a95817a2bfddc9d09
89.23572779142182,38.764272208580536,2896,1136.0802532490454,0.5,1.0,"(2, 2)",6050ea8a95817a2bfddc9d09
89.67766952966406,38.32233047033901,2897,1136.7052532490459,0.5,1.0,"(2, 2)",6050ea8a95817a2bfddc9d09
90.1196112679063,37.88038873209749,2898,1137.3302532490463,0.5,1.0,"(2, 2)",6050ea8a95817a2bfddc9d09
90.56155300614815,37.43844699385596,2899,1137.9552532490466,0.5,1.0,"(2, 2)",6050ea8a95817a2bfddc9d09
91.00349474438954,36.99650525561444,2900,1138.5802532490463,0.5,1.0,"(2, 2)",6050ea8a95817a2bfddc9d09
91.44543648263092,36.55456351737291,2901,1139.205253249046,0.5,1.0,"(2, 2)",6050ea8a95817a2bfddc9d09
91.88737822087231,36.11262177913139,2902,1139.8302532490459,0.5,1.0,"(2, 2)",6050ea8a95817a2bfddc9d09
92.3293199591137,35.67068004088986,2903,1140.4552532490457,0.5,1.0,"(2, 2)",6050ea8a95817a2bfddc9d09
92.7712616973551,35.22873830264834,2904,1141.0802532490454,0.5,1.0,"(2, 2)",6050ea8a95817a2bfddc9d09
93.21320343559648,34.786796564406814,2905,1141.7052532490452,0.5,1.0,"(2, 2)",6050ea8a95817a2bfddc9d09
93.65514517383787,34.34485482616529,2906,1142.330253249045,0.5,1.0,"(2, 2)",6050ea8a95817a2bfddc9d09
94.09708691207926,33.902913087923764,2907,1142.9552532490447,0.5,1.0,"(2, 2)",6050ea8a95817a2bfddc9d09
94.53902865032065,33.46097134968224,2908,1143.5802532490445,0.5,1.0,"(2, 2)",6050ea8a95817a2bfddc9d09
94.98097038856204,33.019029611440715,2909,1144.2052532490443,0.5,1.0,"(2, 2)",6050ea8a95817a2bfddc9d09
95.42291212680342,32.57708787319919,2910,1144.830253249044,0.5,1.0,"(2, 2)",6050ea8a95817a2bfddc9d09
95.86485386504482,32.135146134957665,2911,1145.4552532490438,0.5,1.0,"(2, 2)",6050ea8a95817a2bfddc9d09
96.3067956032862,31.69320439671614,2912,1146.0802532490436,0.5,1.0,"(2, 2)",6050ea8a95817a2bfddc9d09
96.7487373415276,31.251262658474616,2913,1146.7052532490434,0.5,1.0,"(2, 2)",6050ea8a95817a2bfddc9d09
97.19067907976898,30.80932092023309,2914,1147.3302532490432,0.5,1.0,"(2, 2)",6050ea8a95817a2bfddc9d09
97.63262081801038,30.367379181991566,2915,1147.955253249043,0.5,1.0,"(2, 2)",6050ea8a95817a2bfddc9d09
98.07456255625176,29.92543744375004,2916,1148.5802532490427,0.5,1.0,"(2, 2)",6050ea8a95817a2bfddc9d09
98.51650429449316,29.483495705508517,2917,1149.2052532490425,0.5,1.0,"(2, 2)",6050ea8a95817a2bfddc9d09
98.95844603273454,29.041553967266992,2918,1149.8302532490422,0.5,1.0,"(2, 2)",6050ea8a95817a2bfddc9d09
99.40038777097594,28.599612229025468,2919,1150.455253249042,0.5,1.0,"(2, 2)",6050ea8a95817a2bfddc9d09
99.84232950921732,28.157670490783943,2920,1151.0802532490418,0.5,1.0,"(2, 2)",6050ea8a95817a2bfddc9d09
100.28427124745872,27.715728752542418,2921,1151.7052532490416,0.5,1.0,"(2, 2)",6050ea8a95817a2bfddc9d09
100.7262129857001,27.273787014300893,2922,1152.3302532490413,0.5,1.0,"(2, 2)",6050ea8a95817a2bfddc9d09
101.1681547239415,26.83184527605937,2923,1152.955253249041,0.5,1.0,"(2, 2)",6050ea8a95817a2bfddc9d09
101.61009646218288,26.389903537817844,2924,1153.5802532490409,0.5,1.0,"(2, 2)",6050ea8a95817a2bfddc9d09
102.05203820042428,25.94796179957632,2925,1154.2052532490407,0.5,1.0,"(2, 2)",6050ea8a95817a2bfddc9d09
102.49397993866566,25.506020061334794,2926,1154.8302532490404,0.5,1.0,"(2, 2)",6050ea8a95817a2bfddc9d09
102.93592167690706,25.06407832309327,2927,1155.4552532490402,0.5,1.0,"(2, 2)",6050ea8a95817a2bfddc9d09
103.37786341514844,24.622136584851745,2928,1156.08025324904,0.5,1.0,"(2, 2)",6050ea8a95817a2bfddc9d09
104.0,24.0,2929,1156.9600872449857,0.5,1.0,"(2, 2)",6050ea8a95817a2bfddc9d09
104.0,24.0,2930,1156.9600872449857,0.5,1.0,"(2, 2)",6050ea8a95817a2bfddc9d09
104.0,24.0,2931,1156.9600872449857,0.5,1.0,"(2, 2)",6050ea8a95817a2bfddc9d09
104.0,24.0,2932,1156.9600872449857,0.5,1.0,"(2, 2)",6050ea8a95817a2bfddc9d09
104.0,24.0,2933,1156.9600872449857,0.5,1.0,"(2, 2)",6050ea8a95817a2bfddc9d09
104.0,24.0,2934,1156.9600872449857,0.5,1.0,"(2, 2)",6050ea8a95817a2bfddc9d09
104.0,24.0,2935,1156.9600872449857,0.5,1.0,"(2, 2)",6050ea8a95817a2bfddc9d09
104.0,24.0,2936,1156.9600872449857,0.5,1.0,"(2, 2)",6050ea8a95817a2bfddc9d09
104.0,24.0,2937,1156.9600872449857,0.5,1.0,"(2, 2)",6050ea8a95817a2bfddc9d09
104.0,24.0,2938,1156.9600872449857,0.5,1.0,"(2, 2)",6050ea8a95817a2bfddc9d09
104.0,24.0,2939,1156.9600872449857,0.5,1.0,"(2, 2)",6050ea8a95817a2bfddc9d09
104.0,24.0,2940,1156.9600872449857,0.5,1.0,"(2, 2)",6050ea8a95817a2bfddc9d09
104.0,24.0,2941,1156.9600872449857,0.5,1.0,"(2, 2)",6050ea8a95817a2bfddc9d09
104.0,24.0,2942,1156.9600872449857,0.5,1.0,"(2, 2)",6050ea8a95817a2bfddc9d09
104.0,24.0,2943,1156.9600872449857,0.5,1.0,"(2, 2)",6050ea8a95817a2bfddc9d09
104.0,24.0,2944,1156.9600872449857,0.5,1.0,"(2, 2)",6050ea8a95817a2bfddc9d09
104.0,24.0,2945,1156.9600872449857,0.5,1.0,"(2, 2)",6050ea8a95817a2bfddc9d09
104.0,24.0,2946,1156.9600872449857,0.5,1.0,"(2, 2)",6050ea8a95817a2bfddc9d09
104.0,24.0,2947,1156.9600872449857,0.5,1.0,"(2, 2)",6050ea8a95817a2bfddc9d09
104.0,24.0,2948,1156.9600872449857,0.5,1.0,"(2, 2)",6050ea8a95817a2bfddc9d09
104.0,24.0,2949,1156.9600872449857,0.5,1.0,"(2, 2)",6050ea8a95817a2bfddc9d09
104.0,24.0,2950,1156.9600872449857,0.5,1.0,"(2, 2)",6050ea8a95817a2bfddc9d09
104.0,24.0,2951,1156.9600872449857,0.5,1.0,"(2, 2)",6050ea8a95817a2bfddc9d09
104.0,24.0,2952,1156.9600872449857,0.5,1.0,"(2, 2)",6050ea8a95817a2bfddc9d09
103.37500000000057,24.0,2953,1157.585087244985,0.5,1.0,"(2, 2)",6050ea8a95817a2bfddc9d09
102.75000000000114,24.0,2954,1158.2100872449846,0.5,1.0,"(2, 2)",6050ea8a95817a2bfddc9d09
102.1250000000017,24.0,2955,1158.8350872449842,0.5,1.0,"(2, 2)",6050ea8a95817a2bfddc9d09
101.50000000000227,24.0,2956,1159.4600872449837,0.5,1.0,"(2, 2)",6050ea8a95817a2bfddc9d09
100.87500000000284,24.0,2957,1160.0850872449832,0.5,1.0,"(2, 2)",6050ea8a95817a2bfddc9d09
100.25000000000341,24.0,2958,1160.7100872449828,0.5,1.0,"(2, 2)",6050ea8a95817a2bfddc9d09
99.62500000000398,24.0,2959,1161.3350872449823,0.5,1.0,"(2, 2)",6050ea8a95817a2bfddc9d09
99.00000000000455,24.0,2960,1161.9600872449819,0.5,1.0,"(2, 2)",6050ea8a95817a2bfddc9d09
98.37500000000512,24.0,2961,1162.5850872449814,0.5,1.0,"(2, 2)",6050ea8a95817a2bfddc9d09
97.75000000000568,24.0,2962,1163.210087244981,0.5,1.0,"(2, 2)",6050ea8a95817a2bfddc9d09
97.12500000000625,24.0,2963,1163.8350872449805,0.5,1.0,"(2, 2)",6050ea8a95817a2bfddc9d09
96.50000000000682,24.0,2964,1164.46008724498,0.5,1.0,"(2, 2)",6050ea8a95817a2bfddc9d09
95.87500000000739,24.0,2965,1165.0850872449796,0.5,1.0,"(2, 2)",6050ea8a95817a2bfddc9d09
95.25000000000796,24.0,2966,1165.7100872449791,0.5,1.0,"(2, 2)",6050ea8a95817a2bfddc9d09
94.62500000000853,24.0,2967,1166.3350872449787,0.5,1.0,"(2, 2)",6050ea8a95817a2bfddc9d09
94.0000000000091,24.0,2968,1166.9600872449782,0.5,1.0,"(2, 2)",6050ea8a95817a2bfddc9d09
93.37500000000966,24.0,2969,1167.5850872449778,0.5,1.0,"(2, 2)",6050ea8a95817a2bfddc9d09
92.75000000001023,24.0,2970,1168.2100872449773,0.5,1.0,"(2, 2)",6050ea8a95817a2bfddc9d09
92.1250000000108,24.0,2971,1168.8350872449769,0.5,1.0,"(2, 2)",6050ea8a95817a2bfddc9d09
91.50000000001137,24.0,2972,1169.4600872449764,0.5,1.0,"(2, 2)",6050ea8a95817a2bfddc9d09
90.87500000001194,24.0,2973,1170.085087244976,0.5,1.0,"(2, 2)",6050ea8a95817a2bfddc9d09
90.2500000000125,24.0,2974,1170.7100872449755,0.5,1.0,"(2, 2)",6050ea8a95817a2bfddc9d09
89.62500000001307,24.0,2975,1171.335087244975,0.5,1.0,"(2, 2)",6050ea8a95817a2bfddc9d09
89.00000000001364,24.0,2976,1171.9600872449746,0.5,1.0,"(2, 2)",6050ea8a95817a2bfddc9d09
88.37500000001421,24.0,2977,1172.5850872449741,0.5,1.0,"(2, 2)",6050ea8a95817a2bfddc9d09
87.87808868441493,24.31188458816398,2978,1173.1717667587675,0.5,1.0,"(2, 2)",6050ea8a95817a2bfddc9d09
87.4334952821622,24.751158656000573,2979,1173.7967667587677,0.5,1.0,"(2, 2)",6050ea8a95817a2bfddc9d09
86.98890187990946,25.190432723837166,2980,1174.421766758768,0.5,1.0,"(2, 2)",6050ea8a95817a2bfddc9d09
86.54430847765673,25.629706791673758,2981,1175.0467667587682,0.5,1.0,"(2, 2)",6050ea8a95817a2bfddc9d09
86.09971507540399,26.06898085951035,2982,1175.6717667587684,0.5,1.0,"(2, 2)",6050ea8a95817a2bfddc9d09
85.65512167315126,26.508254927346943,2983,1176.2967667587686,0.5,1.0,"(2, 2)",6050ea8a95817a2bfddc9d09
85.21052827089852,26.947528995183536,2984,1176.9217667587689,0.5,1.0,"(2, 2)",6050ea8a95817a2bfddc9d09
84.76593486864579,27.38680306302013,2985,1177.546766758769,0.5,1.0,"(2, 2)",6050ea8a95817a2bfddc9d09
84.32134146639305,27.82607713085672,2986,1178.1717667587693,0.5,1.0,"(2, 2)",6050ea8a95817a2bfddc9d09
83.87674806414032,28.265351198693313,2987,1178.7967667587695,0.5,1.0,"(2, 2)",6050ea8a95817a2bfddc9d09
83.43215466188758,28.704625266529906,2988,1179.4217667587698,0.5,1.0,"(2, 2)",6050ea8a95817a2bfddc9d09
82.98756125963484,29.14389933436677,2989,1180.0467667587702,0.5,1.0,"(2, 2)",6050ea8a95817a2bfddc9d09
82.54296785738211,29.583173402203716,2990,1180.6717667587707,0.5,1.0,"(2, 2)",6050ea8a95817a2bfddc9d09
82.09837445512937,30.022447470040664,2991,1181.2967667587711,0.5,1.0,"(2, 2)",6050ea8a95817a2bfddc9d09
81.65378105287664,30.46172153787761,2992,1181.9217667587716,0.5,1.0,"(2, 2)",6050ea8a95817a2bfddc9d09
81.2091876506239,30.90099560571456,2993,1182.546766758772,0.5,1.0,"(2, 2)",6050ea8a95817a2bfddc9d09
80.76459424837117,31.340269673551507,2994,1183.1717667587725,0.5,1.0,"(2, 2)",6050ea8a95817a2bfddc9d09
80.32000084611843,31.779543741388455,2995,1183.796766758773,0.5,1.0,"(2, 2)",6050ea8a95817a2bfddc9d09
79.8754074438657,32.2188178092254,2996,1184.4217667587734,0.5,1.0,"(2, 2)",6050ea8a95817a2bfddc9d09
79.43081404161296,32.65809187706235,2997,1185.0467667587739,0.5,1.0,"(2, 2)",6050ea8a95817a2bfddc9d09
78.98622063936045,33.097365944899295,2998,1185.6717667587743,0.5,1.0,"(2, 2)",6050ea8a95817a2bfddc9d09
78.54162723710837,33.53664001273624,2999,1186.2967667587743,0.5,1.0,"(2, 2)",6050ea8a95817a2bfddc9d09
78.09703383485629,33.97591408057319,3000,1186.9217667587743,0.5,1.0,"(2, 2)",6050ea8a95817a2bfddc9d09
77.65244043260421,34.41518814841014,3001,1187.5467667587743,0.5,1.0,"(2, 2)",6050ea8a95817a2bfddc9d09
77.20784703035213,34.854462216247086,3002,1188.1717667587743,0.5,1.0,"(2, 2)",6050ea8a95817a2bfddc9d09
76.76325362810005,35.293736284084034,3003,1188.7967667587743,0.5,1.0,"(2, 2)",6050ea8a95817a2bfddc9d09
76.31866022584796,35.73301035192098,3004,1189.4217667587743,0.5,1.0,"(2, 2)",6050ea8a95817a2bfddc9d09
75.87406682359588,36.17228441975793,3005,1190.0467667587743,0.5,1.0,"(2, 2)",6050ea8a95817a2bfddc9d09
75.4294734213438,36.61155848759488,3006,1190.6717667587743,0.5,1.0,"(2, 2)",6050ea8a95817a2bfddc9d09
74.98488001909172,37.050832555431825,3007,1191.2967667587743,0.5,1.0,"(2, 2)",6050ea8a95817a2bfddc9d09
74.54028661683964,37.49010662326877,3008,1191.9217667587743,0.5,1.0,"(2, 2)",6050ea8a95817a2bfddc9d09
74.09569321458756,37.92938069110572,3009,1192.5467667587743,0.5,1.0,"(2, 2)",6050ea8a95817a2bfddc9d09
73.65109981233547,38.36865475894267,3010,1193.1717667587743,0.5,1.0,"(2, 2)",6050ea8a95817a2bfddc9d09
73.20650641008339,38.807928826779616,3011,1193.7967667587743,0.5,1.0,"(2, 2)",6050ea8a95817a2bfddc9d09
72.76191300783131,39.247202894616564,3012,1194.4217667587743,0.5,1.0,"(2, 2)",6050ea8a95817a2bfddc9d09
72.31731960557923,39.68647696245351,3013,1195.0467667587743,0.5,1.0,"(2, 2)",6050ea8a95817a2bfddc9d09
72.0,40.0,3014,1195.4928479477494,0.5,1.0,"(2, 2)",6050ea8a95817a2bfddc9d09
72.0,40.0,3015,1195.4928479477494,0.5,1.0,"(2, 2)",6050ea8a95817a2bfddc9d09
72.0,40.0,3016,1195.4928479477494,0.5,1.0,"(2, 2)",6050ea8a95817a2bfddc9d09
72.0,40.0,3017,1195.4928479477494,0.5,1.0,"(2, 2)",6050ea8a95817a2bfddc9d09
72.0,40.0,3018,1195.4928479477494,0.5,1.0,"(2, 2)",6050ea8a95817a2bfddc9d09
72.0,40.0,3019,1195.4928479477494,0.5,1.0,"(2, 2)",6050ea8a95817a2bfddc9d09
72.0,40.0,3020,1195.4928479477494,0.5,1.0,"(2, 2)",6050ea8a95817a2bfddc9d09
72.0,40.0,3021,1195.4928479477494,0.5,1.0,"(2, 2)",6050ea8a95817a2bfddc9d09
72.0,40.0,3022,1195.4928479477494,0.5,1.0,"(2, 2)",6050ea8a95817a2bfddc9d09
72.0,40.0,3023,1195.4928479477494,0.5,1.0,"(2, 2)",6050ea8a95817a2bfddc9d09
72.0,40.0,3024,1195.4928479477494,0.5,1.0,"(2, 2)",6050ea8a95817a2bfddc9d09
72.0,40.0,3025,1195.4928479477494,0.5,1.0,"(2, 2)",6050ea8a95817a2bfddc9d09
72.0,40.0,3026,1195.4928479477494,0.5,1.0,"(2, 2)",6050ea8a95817a2bfddc9d09
72.0,40.0,3027,1195.4928479477494,0.5,1.0,"(2, 2)",6050ea8a95817a2bfddc9d09
72.0,40.0,3028,1195.4928479477494,0.5,1.0,"(2, 2)",6050ea8a95817a2bfddc9d09
72.0,40.0,3029,1195.4928479477494,0.5,1.0,"(2, 2)",6050ea8a95817a2bfddc9d09
72.0,40.0,3030,1195.4928479477494,0.5,1.0,"(2, 2)",6050ea8a95817a2bfddc9d09
72.0,40.0,3031,1195.4928479477494,0.5,1.0,"(2, 2)",6050ea8a95817a2bfddc9d09
72.0,40.0,3032,1195.4928479477494,0.5,1.0,"(2, 2)",6050ea8a95817a2bfddc9d09
72.0,40.0,3033,1195.4928479477494,0.5,1.0,"(2, 2)",6050ea8a95817a2bfddc9d09
72.0,40.0,3034,1195.4928479477494,0.5,1.0,"(2, 2)",6050ea8a95817a2bfddc9d09
72.0,40.62500000000014,3035,1196.1178479477496,0.5,1.0,"(2, 2)",6050ea8a95817a2bfddc9d09
72.0,41.250000000000284,3036,1196.7428479477499,0.5,1.0,"(2, 2)",6050ea8a95817a2bfddc9d09
72.0,41.875000000000426,3037,1197.36784794775,0.5,1.0,"(2, 2)",6050ea8a95817a2bfddc9d09
72.0,42.50000000000057,3038,1197.9928479477503,0.5,1.0,"(2, 2)",6050ea8a95817a2bfddc9d09
72.0,43.12500000000071,3039,1198.6178479477505,0.5,1.0,"(2, 2)",6050ea8a95817a2bfddc9d09
72.0,43.75000000000085,3040,1199.2428479477508,0.5,1.0,"(2, 2)",6050ea8a95817a2bfddc9d09
72.0,44.375000000000995,3041,1199.867847947751,0.5,1.0,"(2, 2)",6050ea8a95817a2bfddc9d09
72.0,45.00000000000114,3042,1200.4928479477512,0.5,1.0,"(2, 2)",6050ea8a95817a2bfddc9d09
72.0,45.62500000000128,3043,1201.1178479477514,0.5,1.0,"(2, 2)",6050ea8a95817a2bfddc9d09
72.0,46.25000000000142,3044,1201.7428479477517,0.5,1.0,"(2, 2)",6050ea8a95817a2bfddc9d09
72.0,46.87500000000156,3045,1202.367847947752,0.5,1.0,"(2, 2)",6050ea8a95817a2bfddc9d09
72.0,47.500000000001705,3046,1202.9928479477521,0.5,1.0,"(2, 2)",6050ea8a95817a2bfddc9d09
72.0,48.12500000000185,3047,1203.6178479477524,0.5,1.0,"(2, 2)",6050ea8a95817a2bfddc9d09
72.0,48.75000000000199,3048,1204.2428479477526,0.5,1.0,"(2, 2)",6050ea8a95817a2bfddc9d09
72.0,49.37500000000213,3049,1204.8678479477528,0.5,1.0,"(2, 2)",6050ea8a95817a2bfddc9d09
72.0,50.000000000002274,3050,1205.492847947753,0.5,1.0,"(2, 2)",6050ea8a95817a2bfddc9d09
72.0,50.625000000002416,3051,1206.1178479477533,0.5,1.0,"(2, 2)",6050ea8a95817a2bfddc9d09
72.0,51.25000000000256,3052,1206.7428479477535,0.5,1.0,"(2, 2)",6050ea8a95817a2bfddc9d09
72.0,51.8750000000027,3053,1207.3678479477537,0.5,1.0,"(2, 2)",6050ea8a95817a2bfddc9d09
72.0,52.50000000000284,3054,1207.992847947754,0.5,1.0,"(2, 2)",6050ea8a95817a2bfddc9d09
72.0,53.125000000002984,3055,1208.6178479477542,0.5,1.0,"(2, 2)",6050ea8a95817a2bfddc9d09
72.0,53.750000000003126,3056,1209.2428479477544,0.5,1.0,"(2, 2)",6050ea8a95817a2bfddc9d09
72.0,54.37500000000327,3057,1209.8678479477546,0.5,1.0,"(2, 2)",6050ea8a95817a2bfddc9d09
72.0,55.00000000000341,3058,1210.4928479477549,0.5,1.0,"(2, 2)",6050ea8a95817a2bfddc9d09
72.0,55.62500000000355,3059,1211.117847947755,0.5,1.0,"(2, 2)",6050ea8a95817a2bfddc9d09
72.0,56.0,3060,1211.4928479477514,0.5,1.0,"(2, 2)",6050ea8a95817a2bfddc9d09
72.0,56.0,3061,1211.4928479477514,0.5,1.0,"(2, 2)",6050ea8a95817a2bfddc9d09
72.0,56.0,3062,1211.4928479477514,0.5,1.0,"(2, 2)",6050ea8a95817a2bfddc9d09
72.0,56.0,3063,1211.4928479477514,0.5,1.0,"(2, 2)",6050ea8a95817a2bfddc9d09
72.0,56.0,3064,1211.4928479477514,0.5,1.0,"(2, 2)",6050ea8a95817a2bfddc9d09
72.0,56.0,3065,1211.4928479477514,0.5,1.0,"(2, 2)",6050ea8a95817a2bfddc9d09
72.0,56.0,3066,1211.4928479477514,0.5,1.0,"(2, 2)",6050ea8a95817a2bfddc9d09
72.0,56.0,3067,1211.4928479477514,0.5,1.0,"(2, 2)",6050ea8a95817a2bfddc9d09
72.0,56.0,3068,1211.4928479477514,0.5,1.0,"(2, 2)",6050ea8a95817a2bfddc9d09
72.0,56.0,3069,1211.4928479477514,0.5,1.0,"(2, 2)",6050ea8a95817a2bfddc9d09
72.0,56.0,3070,1211.4928479477514,0.5,1.0,"(2, 2)",6050ea8a95817a2bfddc9d09
72.0,56.0,3071,1211.4928479477514,0.5,1.0,"(2, 2)",6050ea8a95817a2bfddc9d09
72.0,56.0,3072,1211.4928479477514,0.5,1.0,"(2, 2)",6050ea8a95817a2bfddc9d09
72.0,56.0,3073,1211.4928479477514,0.5,1.0,"(2, 2)",6050ea8a95817a2bfddc9d09
72.0,56.0,3074,1211.4928479477514,0.5,1.0,"(2, 2)",6050ea8a95817a2bfddc9d09
72.0,56.0,3075,1211.4928479477514,0.5,1.0,"(2, 2)",6050ea8a95817a2bfddc9d09
72.62499999999943,56.0,3076,1212.1178479477508,0.5,1.0,"(2, 2)",6050ea8a95817a2bfddc9d09
73.24999999999886,56.0,3077,1212.7428479477503,0.5,1.0,"(2, 2)",6050ea8a95817a2bfddc9d09
73.8749999999983,56.0,3078,1213.3678479477499,0.5,1.0,"(2, 2)",6050ea8a95817a2bfddc9d09
74.49999999999773,56.0,3079,1213.9928479477494,0.5,1.0,"(2, 2)",6050ea8a95817a2bfddc9d09
75.12499999999716,56.0,3080,1214.617847947749,0.5,1.0,"(2, 2)",6050ea8a95817a2bfddc9d09
75.74999999999659,56.0,3081,1215.2428479477485,0.5,1.0,"(2, 2)",6050ea8a95817a2bfddc9d09
76.37499999999602,56.0,3082,1215.867847947748,0.5,1.0,"(2, 2)",6050ea8a95817a2bfddc9d09
76.99999999999545,56.0,3083,1216.4928479477476,0.5,1.0,"(2, 2)",6050ea8a95817a2bfddc9d09
77.62499999999488,56.0,3084,1217.1178479477471,0.5,1.0,"(2, 2)",6050ea8a95817a2bfddc9d09
78.24999999999432,56.0,3085,1217.7428479477467,0.5,1.0,"(2, 2)",6050ea8a95817a2bfddc9d09
78.87499999999375,56.0,3086,1218.3678479477462,0.5,1.0,"(2, 2)",6050ea8a95817a2bfddc9d09
79.49999999999318,56.0,3087,1218.9928479477458,0.5,1.0,"(2, 2)",6050ea8a95817a2bfddc9d09
80.12499999999261,56.0,3088,1219.6178479477453,0.5,1.0,"(2, 2)",6050ea8a95817a2bfddc9d09
80.74999999999204,56.0,3089,1220.2428479477448,0.5,1.0,"(2, 2)",6050ea8a95817a2bfddc9d09
81.37499999999147,56.0,3090,1220.8678479477444,0.5,1.0,"(2, 2)",6050ea8a95817a2bfddc9d09
81.9999999999909,56.0,3091,1221.492847947744,0.5,1.0,"(2, 2)",6050ea8a95817a2bfddc9d09
82.62499999999034,56.0,3092,1222.1178479477435,0.5,1.0,"(2, 2)",6050ea8a95817a2bfddc9d09
83.24999999998977,56.0,3093,1222.742847947743,0.5,1.0,"(2, 2)",6050ea8a95817a2bfddc9d09
83.8749999999892,56.0,3094,1223.3678479477426,0.5,1.0,"(2, 2)",6050ea8a95817a2bfddc9d09
84.49999999998863,56.0,3095,1223.9928479477421,0.5,1.0,"(2, 2)",6050ea8a95817a2bfddc9d09
85.12499999998806,56.0,3096,1224.6178479477417,0.5,1.0,"(2, 2)",6050ea8a95817a2bfddc9d09
85.7499999999875,56.0,3097,1225.2428479477412,0.5,1.0,"(2, 2)",6050ea8a95817a2bfddc9d09
86.37499999998693,56.0,3098,1225.8678479477408,0.5,1.0,"(2, 2)",6050ea8a95817a2bfddc9d09
86.99999999998636,56.0,3099,1226.4928479477403,0.5,1.0,"(2, 2)",6050ea8a95817a2bfddc9d09
87.62499999998579,56.0,3100,1227.1178479477398,0.5,1.0,"(2, 2)",6050ea8a95817a2bfddc9d09
88.0,56.0,3101,1227.492847947754,0.5,1.0,"(2, 2)",6050ea8a95817a2bfddc9d09
88.0,56.0,3102,1227.492847947754,0.5,1.0,"(2, 2)",6050ea8a95817a2bfddc9d09
88.0,56.0,3103,1227.492847947754,0.5,1.0,"(2, 2)",6050ea8a95817a2bfddc9d09
88.0,56.0,3104,1227.492847947754,0.5,1.0,"(2, 2)",6050ea8a95817a2bfddc9d09
88.0,56.0,3105,1227.492847947754,0.5,1.0,"(2, 2)",6050ea8a95817a2bfddc9d09
88.0,56.0,3106,1227.492847947754,0.5,1.0,"(2, 2)",6050ea8a95817a2bfddc9d09
88.0,56.0,3107,1227.492847947754,0.5,1.0,"(2, 2)",6050ea8a95817a2bfddc9d09
88.0,56.0,3108,1227.492847947754,0.5,1.0,"(2, 2)",6050ea8a95817a2bfddc9d09
88.0,56.0,3109,1227.492847947754,0.5,1.0,"(2, 2)",6050ea8a95817a2bfddc9d09
88.0,56.0,3110,1227.492847947754,0.5,1.0,"(2, 2)",6050ea8a95817a2bfddc9d09
88.0,56.0,3111,1227.492847947754,0.5,1.0,"(2, 2)",6050ea8a95817a2bfddc9d09
88.0,56.0,3112,1227.492847947754,0.5,1.0,"(2, 2)",6050ea8a95817a2bfddc9d09
88.0,56.0,3113,1227.492847947754,0.5,1.0,"(2, 2)",6050ea8a95817a2bfddc9d09
88.0,56.0,3114,1227.492847947754,0.5,1.0,"(2, 2)",6050ea8a95817a2bfddc9d09
88.0,56.0,3115,1227.492847947754,0.5,1.0,"(2, 2)",6050ea8a95817a2bfddc9d09
88.0,56.0,3116,1227.492847947754,0.5,1.0,"(2, 2)",6050ea8a95817a2bfddc9d09
88.0,56.0,3117,1227.492847947754,0.5,1.0,"(2, 2)",6050ea8a95817a2bfddc9d09
88.0,56.0,3118,1227.492847947754,0.5,1.0,"(2, 2)",6050ea8a95817a2bfddc9d09
88.0,56.0,3119,1227.492847947754,0.5,1.0,"(2, 2)",6050ea8a95817a2bfddc9d09
88.0,56.0,3120,1227.492847947754,0.5,1.0,"(2, 2)",6050ea8a95817a2bfddc9d09
88.0,56.0,3121,1227.492847947754,0.5,1.0,"(2, 2)",6050ea8a95817a2bfddc9d09
88.0,56.0,3122,1227.492847947754,0.5,1.0,"(2, 2)",6050ea8a95817a2bfddc9d09
88.0,55.37499999999986,3123,1228.1178479477542,0.5,1.0,"(2, 2)",6050ea8a95817a2bfddc9d09
88.0,54.749999999999716,3124,1228.7428479477544,0.5,1.0,"(2, 2)",6050ea8a95817a2bfddc9d09
88.0,54.124999999999574,3125,1229.3678479477546,0.5,1.0,"(2, 2)",6050ea8a95817a2bfddc9d09
88.0,53.49999999999943,3126,1229.9928479477549,0.5,1.0,"(2, 2)",6050ea8a95817a2bfddc9d09
88.0,52.87499999999929,3127,1230.617847947755,0.5,1.0,"(2, 2)",6050ea8a95817a2bfddc9d09
88.0,52.24999999999915,3128,1231.2428479477553,0.5,1.0,"(2, 2)",6050ea8a95817a2bfddc9d09
88.0,51.624999999999005,3129,1231.8678479477555,0.5,1.0,"(2, 2)",6050ea8a95817a2bfddc9d09
88.0,50.99999999999886,3130,1232.4928479477558,0.5,1.0,"(2, 2)",6050ea8a95817a2bfddc9d09
88.0,50.37499999999872,3131,1233.117847947756,0.5,1.0,"(2, 2)",6050ea8a95817a2bfddc9d09
88.0,49.74999999999858,3132,1233.7428479477562,0.5,1.0,"(2, 2)",6050ea8a95817a2bfddc9d09
88.0,49.12499999999844,3133,1234.3678479477564,0.5,1.0,"(2, 2)",6050ea8a95817a2bfddc9d09
88.0,48.499999999998295,3134,1234.9928479477567,0.5,1.0,"(2, 2)",6050ea8a95817a2bfddc9d09
88.0,47.87499999999815,3135,1235.617847947757,0.5,1.0,"(2, 2)",6050ea8a95817a2bfddc9d09
88.0,47.24999999999801,3136,1236.2428479477571,0.5,1.0,"(2, 2)",6050ea8a95817a2bfddc9d09
88.0,46.62499999999787,3137,1236.8678479477574,0.5,1.0,"(2, 2)",6050ea8a95817a2bfddc9d09
88.0,45.999999999997726,3138,1237.4928479477576,0.5,1.0,"(2, 2)",6050ea8a95817a2bfddc9d09
88.0,45.374999999997584,3139,1238.1178479477578,0.5,1.0,"(2, 2)",6050ea8a95817a2bfddc9d09
88.0,44.74999999999744,3140,1238.742847947758,0.5,1.0,"(2, 2)",6050ea8a95817a2bfddc9d09
88.0,44.1249999999973,3141,1239.3678479477583,0.5,1.0,"(2, 2)",6050ea8a95817a2bfddc9d09
88.0,43.49999999999716,3142,1239.9928479477585,0.5,1.0,"(2, 2)",6050ea8a95817a2bfddc9d09
88.0,42.874999999997016,3143,1240.6178479477587,0.5,1.0,"(2, 2)",6050ea8a95817a2bfddc9d09
88.0,42.249999999996874,3144,1241.242847947759,0.5,1.0,"(2, 2)",6050ea8a95817a2bfddc9d09
88.0,41.62499999999673,3145,1241.8678479477592,0.5,1.0,"(2, 2)",6050ea8a95817a2bfddc9d09
88.0,40.99999999999659,3146,1242.4928479477594,0.5,1.0,"(2, 2)",6050ea8a95817a2bfddc9d09
88.0,40.37499999999645,3147,1243.1178479477596,0.5,1.0,"(2, 2)",6050ea8a95817a2bfddc9d09
87.68378443342272,39.879831738836856,3148,1243.705371471889,0.5,1.0,"(2, 2)",6050ea8a95817a2bfddc9d09
87.24459614650982,39.43515359833748,3149,1244.3303714718886,0.5,1.0,"(2, 2)",6050ea8a95817a2bfddc9d09
86.80540785959693,38.9904754578381,3150,1244.9553714718882,0.5,1.0,"(2, 2)",6050ea8a95817a2bfddc9d09
86.36621957268403,38.545797317338724,3151,1245.5803714718877,0.5,1.0,"(2, 2)",6050ea8a95817a2bfddc9d09
85.92703128577114,38.10111917683935,3152,1246.2053714718872,0.5,1.0,"(2, 2)",6050ea8a95817a2bfddc9d09
85.48784299885824,37.65644103633997,3153,1246.8303714718868,0.5,1.0,"(2, 2)",6050ea8a95817a2bfddc9d09
85.04865471194535,37.21176289584059,3154,1247.4553714718863,0.5,1.0,"(2, 2)",6050ea8a95817a2bfddc9d09
84.60946642503245,36.767084755341216,3155,1248.0803714718859,0.5,1.0,"(2, 2)",6050ea8a95817a2bfddc9d09
84.17027813811956,36.32240661484184,3156,1248.7053714718854,0.5,1.0,"(2, 2)",6050ea8a95817a2bfddc9d09
83.73108985120666,35.87772847434246,3157,1249.330371471885,0.5,1.0,"(2, 2)",6050ea8a95817a2bfddc9d09
83.29190156429377,35.433050333843084,3158,1249.9553714718845,0.5,1.0,"(2, 2)",6050ea8a95817a2bfddc9d09
82.85271327738087,34.98837219334371,3159,1250.580371471884,0.5,1.0,"(2, 2)",6050ea8a95817a2bfddc9d09
82.41352499046798,34.54369405284433,3160,1251.2053714718836,0.5,1.0,"(2, 2)",6050ea8a95817a2bfddc9d09
81.97433670355508,34.09901591234495,3161,1251.8303714718832,0.5,1.0,"(2, 2)",6050ea8a95817a2bfddc9d09
81.53514841664219,33.654337771845576,3162,1252.4553714718827,0.5,1.0,"(2, 2)",6050ea8a95817a2bfddc9d09
81.09596012972929,33.2096596313462,3163,1253.0803714718822,0.5,1.0,"(2, 2)",6050ea8a95817a2bfddc9d09
80.6567718428164,32.76498149084682,3164,1253.7053714718818,0.5,1.0,"(2, 2)",6050ea8a95817a2bfddc9d09
80.2175835559035,32.320303350347444,3165,1254.3303714718813,0.5,1.0,"(2, 2)",6050ea8a95817a2bfddc9d09
79.77839526899061,31.875625209848067,3166,1254.9553714718809,0.5,1.0,"(2, 2)",6050ea8a95817a2bfddc9d09
79.33920698207771,31.43094706934869,3167,1255.5803714718804,0.5,1.0,"(2, 2)",6050ea8a95817a2bfddc9d09
78.90001869516482,30.986268928849313,3168,1256.20537147188,0.5,1.0,"(2, 2)",6050ea8a95817a2bfddc9d09
78.46083040825192,30.541590788349936,3169,1256.8303714718795,0.5,1.0,"(2, 2)",6050ea8a95817a2bfddc9d09
78.02164212133903,30.09691264785056,3170,1257.455371471879,0.5,1.0,"(2, 2)",6050ea8a95817a2bfddc9d09
77.58245383442613,29.65223450735118,3171,1258.0803714718786,0.5,1.0,"(2, 2)",6050ea8a95817a2bfddc9d09
77.14326554751324,29.207556366851804,3172,1258.7053714718782,0.5,1.0,"(2, 2)",6050ea8a95817a2bfddc9d09
76.70407726060034,28.762878226352427,3173,1259.3303714718777,0.5,1.0,"(2, 2)",6050ea8a95817a2bfddc9d09
76.26488897368745,28.31820008585305,3174,1259.9553714718772,0.5,1.0,"(2, 2)",6050ea8a95817a2bfddc9d09
75.82570068677455,27.873521945353673,3175,1260.5803714718768,0.5,1.0,"(2, 2)",6050ea8a95817a2bfddc9d09
75.38651239986166,27.428843804854296,3176,1261.2053714718763,0.5,1.0,"(2, 2)",6050ea8a95817a2bfddc9d09
74.94732411294811,26.98416566435492,3177,1261.8303714718763,0.5,1.0,"(2, 2)",6050ea8a95817a2bfddc9d09
74.5081358260344,26.53948752385554,3178,1262.4553714718766,0.5,1.0,"(2, 2)",6050ea8a95817a2bfddc9d09
74.0689475391207,26.094809383356164,3179,1263.0803714718768,0.5,1.0,"(2, 2)",6050ea8a95817a2bfddc9d09
73.62975925220698,25.650131242856787,3180,1263.705371471877,0.5,1.0,"(2, 2)",6050ea8a95817a2bfddc9d09
73.19057096529328,25.20545310235741,3181,1264.3303714718772,0.5,1.0,"(2, 2)",6050ea8a95817a2bfddc9d09
72.75138267837957,24.760774961858033,3182,1264.9553714718775,0.5,1.0,"(2, 2)",6050ea8a95817a2bfddc9d09
72.31219439146587,24.316096821358656,3183,1265.5803714718777,0.5,1.0,"(2, 2)",6050ea8a95817a2bfddc9d09
72.0,24.0,3184,1266.024649018616,0.5,1.0,"(2, 2)",6050ea8a95817a2bfddc9d09
72.0,24.0,3185,1266.024649018616,0.5,1.0,"(2, 2)",6050ea8a95817a2bfddc9d09
72.0,24.0,3186,1266.024649018616,0.5,1.0,"(2, 2)",6050ea8a95817a2bfddc9d09
72.0,24.0,3187,1266.024649018616,0.5,1.0,"(2, 2)",6050ea8a95817a2bfddc9d09
72.0,24.0,3188,1266.024649018616,0.5,1.0,"(2, 2)",6050ea8a95817a2bfddc9d09
72.0,24.0,3189,1266.024649018616,0.5,1.0,"(2, 2)",6050ea8a95817a2bfddc9d09
72.0,24.0,3190,1266.024649018616,0.5,1.0,"(2, 2)",6050ea8a95817a2bfddc9d09
72.0,24.0,3191,1266.024649018616,0.5,1.0,"(2, 2)",6050ea8a95817a2bfddc9d09
72.0,24.0,3192,1266.024649018616,0.5,1.0,"(2, 2)",6050ea8a95817a2bfddc9d09
72.0,24.0,3193,1266.024649018616,0.5,1.0,"(2, 2)",6050ea8a95817a2bfddc9d09
72.0,24.0,3194,1266.024649018616,0.5,1.0,"(2, 2)",6050ea8a95817a2bfddc9d09
72.0,24.0,3195,1266.024649018616,0.5,1.0,"(2, 2)",6050ea8a95817a2bfddc9d09
72.0,24.0,3196,1266.024649018616,0.5,1.0,"(2, 2)",6050ea8a95817a2bfddc9d09
72.0,24.0,3197,1266.024649018616,0.5,1.0,"(2, 2)",6050ea8a95817a2bfddc9d09
72.0,24.0,3198,1266.024649018616,0.5,1.0,"(2, 2)",6050ea8a95817a2bfddc9d09
72.0,24.0,3199,1266.024649018616,0.5,1.0,"(2, 2)",6050ea8a95817a2bfddc9d09
72.0,24.0,3200,1266.024649018616,0.5,1.0,"(2, 2)",6050ea8a95817a2bfddc9d09
72.0,24.0,3201,1266.024649018616,0.5,1.0,"(2, 2)",6050ea8a95817a2bfddc9d09
72.0,24.0,3202,1266.024649018616,0.5,1.0,"(2, 2)",6050ea8a95817a2bfddc9d09
72.0,24.0,3203,1266.024649018616,0.5,1.0,"(2, 2)",6050ea8a95817a2bfddc9d09
72.0,24.0,3204,1266.024649018616,0.5,1.0,"(2, 2)",6050ea8a95817a2bfddc9d09
72.0,24.0,3205,1266.024649018616,0.5,1.0,"(2, 2)",6050ea8a95817a2bfddc9d09
72.0,24.0,3206,1266.024649018616,0.5,1.0,"(2, 2)",6050ea8a95817a2bfddc9d09
72.0,24.625000000000142,3207,1266.6496490186162,0.5,1.0,"(2, 2)",6050ea8a95817a2bfddc9d09
72.0,25.250000000000284,3208,1267.2746490186164,0.5,1.0,"(2, 2)",6050ea8a95817a2bfddc9d09
72.0,25.875000000000426,3209,1267.8996490186166,0.5,1.0,"(2, 2)",6050ea8a95817a2bfddc9d09
72.0,26.50000000000057,3210,1268.5246490186169,0.5,1.0,"(2, 2)",6050ea8a95817a2bfddc9d09
72.0,27.12500000000071,3211,1269.149649018617,0.5,1.0,"(2, 2)",6050ea8a95817a2bfddc9d09
72.0,27.750000000000853,3212,1269.7746490186173,0.5,1.0,"(2, 2)",6050ea8a95817a2bfddc9d09
72.0,28.375000000000995,3213,1270.3996490186175,0.5,1.0,"(2, 2)",6050ea8a95817a2bfddc9d09
72.0,29.000000000001137,3214,1271.0246490186178,0.5,1.0,"(2, 2)",6050ea8a95817a2bfddc9d09
72.0,29.62500000000128,3215,1271.649649018618,0.5,1.0,"(2, 2)",6050ea8a95817a2bfddc9d09
72.0,30.25000000000142,3216,1272.2746490186182,0.5,1.0,"(2, 2)",6050ea8a95817a2bfddc9d09
72.0,30.875000000001563,3217,1272.8996490186184,0.5,1.0,"(2, 2)",6050ea8a95817a2bfddc9d09
72.0,31.500000000001705,3218,1273.5246490186187,0.5,1.0,"(2, 2)",6050ea8a95817a2bfddc9d09
72.0,32.12500000000185,3219,1274.149649018619,0.5,1.0,"(2, 2)",6050ea8a95817a2bfddc9d09
72.0,32.75000000000199,3220,1274.7746490186191,0.5,1.0,"(2, 2)",6050ea8a95817a2bfddc9d09
72.0,33.37500000000213,3221,1275.3996490186194,0.5,1.0,"(2, 2)",6050ea8a95817a2bfddc9d09
72.0,34.000000000002274,3222,1276.0246490186196,0.5,1.0,"(2, 2)",6050ea8a95817a2bfddc9d09
72.0,34.625000000002416,3223,1276.6496490186198,0.5,1.0,"(2, 2)",6050ea8a95817a2bfddc9d09
72.0,35.25000000000256,3224,1277.27464901862,0.5,1.0,"(2, 2)",6050ea8a95817a2bfddc9d09
72.0,35.8750000000027,3225,1277.8996490186203,0.5,1.0,"(2, 2)",6050ea8a95817a2bfddc9d09
72.0,36.50000000000284,3226,1278.5246490186205,0.5,1.0,"(2, 2)",6050ea8a95817a2bfddc9d09
72.0,37.125000000002984,3227,1279.1496490186207,0.5,1.0,"(2, 2)",6050ea8a95817a2bfddc9d09
72.0,37.750000000003126,3228,1279.774649018621,0.5,1.0,"(2, 2)",6050ea8a95817a2bfddc9d09
72.0,38.37500000000327,3229,1280.3996490186212,0.5,1.0,"(2, 2)",6050ea8a95817a2bfddc9d09
72.0,39.00000000000341,3230,1281.0246490186214,0.5,1.0,"(2, 2)",6050ea8a95817a2bfddc9d09
72.0,39.62500000000355,3231,1281.6496490186216,0.5,1.0,"(2, 2)",6050ea8a95817a2bfddc9d09
72.0,40.250000000003695,3232,1282.2746490186219,0.5,1.0,"(2, 2)",6050ea8a95817a2bfddc9d09
72.0,40.87500000000384,3233,1282.899649018622,0.5,1.0,"(2, 2)",6050ea8a95817a2bfddc9d09
72.0,41.50000000000398,3234,1283.5246490186223,0.5,1.0,"(2, 2)",6050ea8a95817a2bfddc9d09
72.0,42.12500000000412,3235,1284.1496490186225,0.5,1.0,"(2, 2)",6050ea8a95817a2bfddc9d09
72.0,42.75000000000426,3236,1284.7746490186228,0.5,1.0,"(2, 2)",6050ea8a95817a2bfddc9d09
72.0,43.375000000004405,3237,1285.399649018623,0.5,1.0,"(2, 2)",6050ea8a95817a2bfddc9d09
72.0,44.00000000000455,3238,1286.0246490186232,0.5,1.0,"(2, 2)",6050ea8a95817a2bfddc9d09
72.0,44.62500000000469,3239,1286.6496490186234,0.5,1.0,"(2, 2)",6050ea8a95817a2bfddc9d09
72.0,45.25000000000483,3240,1287.2746490186237,0.5,1.0,"(2, 2)",6050ea8a95817a2bfddc9d09
72.0,45.875000000004974,3241,1287.899649018624,0.5,1.0,"(2, 2)",6050ea8a95817a2bfddc9d09
72.0,46.500000000005116,3242,1288.5246490186241,0.5,1.0,"(2, 2)",6050ea8a95817a2bfddc9d09
72.0,47.12500000000526,3243,1289.1496490186244,0.5,1.0,"(2, 2)",6050ea8a95817a2bfddc9d09
72.0,47.7500000000054,3244,1289.7746490186246,0.5,1.0,"(2, 2)",6050ea8a95817a2bfddc9d09
72.0,48.37500000000554,3245,1290.3996490186248,0.5,1.0,"(2, 2)",6050ea8a95817a2bfddc9d09
72.0,49.000000000005684,3246,1291.024649018625,0.5,1.0,"(2, 2)",6050ea8a95817a2bfddc9d09
72.0,49.62500000000583,3247,1291.6496490186253,0.5,1.0,"(2, 2)",6050ea8a95817a2bfddc9d09
72.0,50.25000000000597,3248,1292.2746490186255,0.5,1.0,"(2, 2)",6050ea8a95817a2bfddc9d09
72.0,50.87500000000611,3249,1292.8996490186257,0.5,1.0,"(2, 2)",6050ea8a95817a2bfddc9d09
72.0,51.50000000000625,3250,1293.524649018626,0.5,1.0,"(2, 2)",6050ea8a95817a2bfddc9d09
72.0,52.125000000006395,3251,1294.1496490186262,0.5,1.0,"(2, 2)",6050ea8a95817a2bfddc9d09
72.0,52.75000000000654,3252,1294.7746490186264,0.5,1.0,"(2, 2)",6050ea8a95817a2bfddc9d09
72.0,53.37500000000668,3253,1295.3996490186266,0.5,1.0,"(2, 2)",6050ea8a95817a2bfddc9d09
72.0,54.00000000000682,3254,1296.0246490186269,0.5,1.0,"(2, 2)",6050ea8a95817a2bfddc9d09
72.0,54.62500000000696,3255,1296.649649018627,0.5,1.0,"(2, 2)",6050ea8a95817a2bfddc9d09
72.0,55.250000000007105,3256,1297.2746490186273,0.5,1.0,"(2, 2)",6050ea8a95817a2bfddc9d09
72.0,56.0,3257,1298.0246490186203,0.5,1.0,"(2, 2)",6050ea8a95817a2bfddc9d09
72.0,56.0,3258,1298.0246490186203,0.5,1.0,"(2, 2)",6050ea8a95817a2bfddc9d09
72.0,56.0,3259,1298.0246490186203,0.5,1.0,"(2, 2)",6050ea8a95817a2bfddc9d09
72.0,56.0,3260,1298.0246490186203,0.5,1.0,"(2, 2)",6050ea8a95817a2bfddc9d09
72.0,56.0,3261,1298.0246490186203,0.5,1.0,"(2, 2)",6050ea8a95817a2bfddc9d09
72.0,56.0,3262,1298.0246490186203,0.5,1.0,"(2, 2)",6050ea8a95817a2bfddc9d09
72.0,56.0,3263,1298.0246490186203,0.5,1.0,"(2, 2)",6050ea8a95817a2bfddc9d09
72.0,56.0,3264,1298.0246490186203,0.5,1.0,"(2, 2)",6050ea8a95817a2bfddc9d09
72.0,56.0,3265,1298.0246490186203,0.5,1.0,"(2, 2)",6050ea8a95817a2bfddc9d09
72.0,56.0,3266,1298.0246490186203,0.5,1.0,"(2, 2)",6050ea8a95817a2bfddc9d09
72.0,56.0,3267,1298.0246490186203,0.5,1.0,"(2, 2)",6050ea8a95817a2bfddc9d09
72.0,56.0,3268,1298.0246490186203,0.5,1.0,"(2, 2)",6050ea8a95817a2bfddc9d09
72.0,56.0,3269,1298.0246490186203,0.5,1.0,"(2, 2)",6050ea8a95817a2bfddc9d09
72.0,56.0,3270,1298.0246490186203,0.5,1.0,"(2, 2)",6050ea8a95817a2bfddc9d09
72.0,56.0,3271,1298.0246490186203,0.5,1.0,"(2, 2)",6050ea8a95817a2bfddc9d09
72.0,56.0,3272,1298.0246490186203,0.5,1.0,"(2, 2)",6050ea8a95817a2bfddc9d09
72.0,56.0,3273,1298.0246490186203,0.5,1.0,"(2, 2)",6050ea8a95817a2bfddc9d09
72.0,56.0,3274,1298.0246490186203,0.5,1.0,"(2, 2)",6050ea8a95817a2bfddc9d09
72.0,55.37499999999986,3275,1298.6496490186205,0.5,1.0,"(2, 2)",6050ea8a95817a2bfddc9d09
72.0,54.749999999999716,3276,1299.2746490186207,0.5,1.0,"(2, 2)",6050ea8a95817a2bfddc9d09
72.0,54.124999999999574,3277,1299.899649018621,0.5,1.0,"(2, 2)",6050ea8a95817a2bfddc9d09
72.0,53.49999999999943,3278,1300.5246490186212,0.5,1.0,"(2, 2)",6050ea8a95817a2bfddc9d09
72.0,52.87499999999929,3279,1301.1496490186214,0.5,1.0,"(2, 2)",6050ea8a95817a2bfddc9d09
72.0,52.24999999999915,3280,1301.7746490186216,0.5,1.0,"(2, 2)",6050ea8a95817a2bfddc9d09
72.0,51.624999999999005,3281,1302.3996490186219,0.5,1.0,"(2, 2)",6050ea8a95817a2bfddc9d09
72.0,50.99999999999886,3282,1303.024649018622,0.5,1.0,"(2, 2)",6050ea8a95817a2bfddc9d09
72.0,50.37499999999872,3283,1303.6496490186223,0.5,1.0,"(2, 2)",6050ea8a95817a2bfddc9d09
72.0,49.74999999999858,3284,1304.2746490186225,0.5,1.0,"(2, 2)",6050ea8a95817a2bfddc9d09
72.0,49.12499999999844,3285,1304.8996490186228,0.5,1.0,"(2, 2)",6050ea8a95817a2bfddc9d09
72.0,48.499999999998295,3286,1305.524649018623,0.5,1.0,"(2, 2)",6050ea8a95817a2bfddc9d09
72.0,47.87499999999815,3287,1306.1496490186232,0.5,1.0,"(2, 2)",6050ea8a95817a2bfddc9d09
72.0,47.24999999999801,3288,1306.7746490186234,0.5,1.0,"(2, 2)",6050ea8a95817a2bfddc9d09
72.0,46.62499999999787,3289,1307.3996490186237,0.5,1.0,"(2, 2)",6050ea8a95817a2bfddc9d09
72.0,45.999999999997726,3290,1308.024649018624,0.5,1.0,"(2, 2)",6050ea8a95817a2bfddc9d09
72.0,45.374999999997584,3291,1308.6496490186241,0.5,1.0,"(2, 2)",6050ea8a95817a2bfddc9d09
72.0,44.74999999999744,3292,1309.2746490186244,0.5,1.0,"(2, 2)",6050ea8a95817a2bfddc9d09
72.0,44.1249999999973,3293,1309.8996490186246,0.5,1.0,"(2, 2)",6050ea8a95817a2bfddc9d09
72.0,43.49999999999716,3294,1310.5246490186248,0.5,1.0,"(2, 2)",6050ea8a95817a2bfddc9d09
72.0,42.874999999997016,3295,1311.149649018625,0.5,1.0,"(2, 2)",6050ea8a95817a2bfddc9d09
72.0,42.249999999996874,3296,1311.7746490186253,0.5,1.0,"(2, 2)",6050ea8a95817a2bfddc9d09
72.0,41.62499999999673,3297,1312.3996490186255,0.5,1.0,"(2, 2)",6050ea8a95817a2bfddc9d09
72.0,40.99999999999659,3298,1313.0246490186257,0.5,1.0,"(2, 2)",6050ea8a95817a2bfddc9d09
72.0,40.37499999999645,3299,1313.649649018626,0.5,1.0,"(2, 2)",6050ea8a95817a2bfddc9d09
72.0,39.749999999996305,3300,1314.2746490186262,0.5,1.0,"(2, 2)",6050ea8a95817a2bfddc9d09
72.0,39.12499999999616,3301,1314.8996490186264,0.5,1.0,"(2, 2)",6050ea8a95817a2bfddc9d09
72.0,38.49999999999602,3302,1315.5246490186266,0.5,1.0,"(2, 2)",6050ea8a95817a2bfddc9d09
72.0,37.87499999999588,3303,1316.1496490186269,0.5,1.0,"(2, 2)",6050ea8a95817a2bfddc9d09
72.0,37.24999999999574,3304,1316.774649018627,0.5,1.0,"(2, 2)",6050ea8a95817a2bfddc9d09
72.0,36.624999999995595,3305,1317.3996490186273,0.5,1.0,"(2, 2)",6050ea8a95817a2bfddc9d09
72.0,35.99999999999545,3306,1318.0246490186275,0.5,1.0,"(2, 2)",6050ea8a95817a2bfddc9d09
72.0,35.37499999999531,3307,1318.6496490186278,0.5,1.0,"(2, 2)",6050ea8a95817a2bfddc9d09
72.0,34.74999999999517,3308,1319.274649018628,0.5,1.0,"(2, 2)",6050ea8a95817a2bfddc9d09
72.0,34.124999999995026,3309,1319.8996490186282,0.5,1.0,"(2, 2)",6050ea8a95817a2bfddc9d09
72.0,33.499999999994884,3310,1320.5246490186285,0.5,1.0,"(2, 2)",6050ea8a95817a2bfddc9d09
72.0,32.87499999999474,3311,1321.1496490186287,0.5,1.0,"(2, 2)",6050ea8a95817a2bfddc9d09
72.0,32.2499999999946,3312,1321.774649018629,0.5,1.0,"(2, 2)",6050ea8a95817a2bfddc9d09
72.0,31.624999999994458,3313,1322.3996490186291,0.5,1.0,"(2, 2)",6050ea8a95817a2bfddc9d09
72.0,30.999999999994316,3314,1323.0246490186294,0.5,1.0,"(2, 2)",6050ea8a95817a2bfddc9d09
72.0,30.374999999994174,3315,1323.6496490186296,0.5,1.0,"(2, 2)",6050ea8a95817a2bfddc9d09
72.0,29.74999999999403,3316,1324.2746490186298,0.5,1.0,"(2, 2)",6050ea8a95817a2bfddc9d09
72.0,29.12499999999389,3317,1324.89964901863,0.5,1.0,"(2, 2)",6050ea8a95817a2bfddc9d09
72.0,28.499999999993747,3318,1325.5246490186303,0.5,1.0,"(2, 2)",6050ea8a95817a2bfddc9d09
72.0,27.874999999993605,3319,1326.1496490186305,0.5,1.0,"(2, 2)",6050ea8a95817a2bfddc9d09
72.0,27.249999999993463,3320,1326.7746490186307,0.5,1.0,"(2, 2)",6050ea8a95817a2bfddc9d09
72.0,26.62499999999332,3321,1327.399649018631,0.5,1.0,"(2, 2)",6050ea8a95817a2bfddc9d09
72.0,25.99999999999318,3322,1328.0246490186312,0.5,1.0,"(2, 2)",6050ea8a95817a2bfddc9d09
72.0,25.374999999993037,3323,1328.6496490186314,0.5,1.0,"(2, 2)",6050ea8a95817a2bfddc9d09
72.0,24.749999999992895,3324,1329.2746490186316,0.5,1.0,"(2, 2)",6050ea8a95817a2bfddc9d09
72.0,24.0,3325,1330.0246490186246,0.5,1.0,"(2, 2)",6050ea8a95817a2bfddc9d09
72.0,24.0,3326,1330.0246490186246,0.5,1.0,"(2, 2)",6050ea8a95817a2bfddc9d09
72.0,24.0,3327,1330.0246490186246,0.5,1.0,"(2, 2)",6050ea8a95817a2bfddc9d09
72.0,24.0,3328,1330.0246490186246,0.5,1.0,"(2, 2)",6050ea8a95817a2bfddc9d09
72.0,24.0,3329,1330.0246490186246,0.5,1.0,"(2, 2)",6050ea8a95817a2bfddc9d09
72.0,24.0,3330,1330.0246490186246,0.5,1.0,"(2, 2)",6050ea8a95817a2bfddc9d09
72.0,24.0,3331,1330.0246490186246,0.5,1.0,"(2, 2)",6050ea8a95817a2bfddc9d09
72.0,24.0,3332,1330.0246490186246,0.5,1.0,"(2, 2)",6050ea8a95817a2bfddc9d09
72.0,24.0,3333,1330.0246490186246,0.5,1.0,"(2, 2)",6050ea8a95817a2bfddc9d09
72.0,24.0,3334,1330.0246490186246,0.5,1.0,"(2, 2)",6050ea8a95817a2bfddc9d09
72.0,24.0,3335,1330.0246490186246,0.5,1.0,"(2, 2)",6050ea8a95817a2bfddc9d09
72.0,24.0,3336,1330.0246490186246,0.5,1.0,"(2, 2)",6050ea8a95817a2bfddc9d09
72.0,24.0,3337,1330.0246490186246,0.5,1.0,"(2, 2)",6050ea8a95817a2bfddc9d09
72.0,24.0,3338,1330.0246490186246,0.5,1.0,"(2, 2)",6050ea8a95817a2bfddc9d09
72.0,24.0,3339,1330.0246490186246,0.5,1.0,"(2, 2)",6050ea8a95817a2bfddc9d09
72.0,24.0,3340,1330.0246490186246,0.5,1.0,"(2, 2)",6050ea8a95817a2bfddc9d09
72.0,24.0,3341,1330.0246490186246,0.5,1.0,"(2, 2)",6050ea8a95817a2bfddc9d09
72.0,24.0,3342,1330.0246490186246,0.5,1.0,"(2, 2)",6050ea8a95817a2bfddc9d09
72.0,24.0,3343,1330.0246490186246,0.5,1.0,"(2, 2)",6050ea8a95817a2bfddc9d09
72.0,24.0,3344,1330.0246490186246,0.5,1.0,"(2, 2)",6050ea8a95817a2bfddc9d09
72.0,24.0,3345,1330.0246490186246,0.5,1.0,"(2, 2)",6050ea8a95817a2bfddc9d09
72.0,24.625000000000142,3346,1330.6496490186248,0.5,1.0,"(2, 2)",6050ea8a95817a2bfddc9d09
72.0,25.250000000000284,3347,1331.274649018625,0.5,1.0,"(2, 2)",6050ea8a95817a2bfddc9d09
72.0,25.875000000000426,3348,1331.8996490186253,0.5,1.0,"(2, 2)",6050ea8a95817a2bfddc9d09
72.0,26.50000000000057,3349,1332.5246490186255,0.5,1.0,"(2, 2)",6050ea8a95817a2bfddc9d09
72.0,27.12500000000071,3350,1333.1496490186257,0.5,1.0,"(2, 2)",6050ea8a95817a2bfddc9d09
72.0,27.750000000000853,3351,1333.774649018626,0.5,1.0,"(2, 2)",6050ea8a95817a2bfddc9d09
72.0,28.375000000000995,3352,1334.3996490186262,0.5,1.0,"(2, 2)",6050ea8a95817a2bfddc9d09
72.0,29.000000000001137,3353,1335.0246490186264,0.5,1.0,"(2, 2)",6050ea8a95817a2bfddc9d09
72.0,29.62500000000128,3354,1335.6496490186266,0.5,1.0,"(2, 2)",6050ea8a95817a2bfddc9d09
72.0,30.25000000000142,3355,1336.2746490186269,0.5,1.0,"(2, 2)",6050ea8a95817a2bfddc9d09
72.0,30.875000000001563,3356,1336.899649018627,0.5,1.0,"(2, 2)",6050ea8a95817a2bfddc9d09
72.0,31.500000000001705,3357,1337.5246490186273,0.5,1.0,"(2, 2)",6050ea8a95817a2bfddc9d09
72.0,32.12500000000185,3358,1338.1496490186275,0.5,1.0,"(2, 2)",6050ea8a95817a2bfddc9d09
72.0,32.75000000000199,3359,1338.7746490186278,0.5,1.0,"(2, 2)",6050ea8a95817a2bfddc9d09
72.0,33.37500000000213,3360,1339.399649018628,0.5,1.0,"(2, 2)",6050ea8a95817a2bfddc9d09
72.0,34.000000000002274,3361,1340.0246490186282,0.5,1.0,"(2, 2)",6050ea8a95817a2bfddc9d09
72.0,34.625000000002416,3362,1340.6496490186285,0.5,1.0,"(2, 2)",6050ea8a95817a2bfddc9d09
72.0,35.25000000000256,3363,1341.2746490186287,0.5,1.0,"(2, 2)",6050ea8a95817a2bfddc9d09
72.0,35.8750000000027,3364,1341.899649018629,0.5,1.0,"(2, 2)",6050ea8a95817a2bfddc9d09
72.0,36.50000000000284,3365,1342.5246490186291,0.5,1.0,"(2, 2)",6050ea8a95817a2bfddc9d09
72.0,37.125000000002984,3366,1343.1496490186294,0.5,1.0,"(2, 2)",6050ea8a95817a2bfddc9d09
72.0,37.750000000003126,3367,1343.7746490186296,0.5,1.0,"(2, 2)",6050ea8a95817a2bfddc9d09
72.0,38.37500000000327,3368,1344.3996490186298,0.5,1.0,"(2, 2)",6050ea8a95817a2bfddc9d09
72.0,39.00000000000341,3369,1345.02464901863,0.5,1.0,"(2, 2)",6050ea8a95817a2bfddc9d09
72.0,39.62500000000355,3370,1345.6496490186303,0.5,1.0,"(2, 2)",6050ea8a95817a2bfddc9d09
72.0,40.250000000003695,3371,1346.2746490186305,0.5,1.0,"(2, 2)",6050ea8a95817a2bfddc9d09
72.0,40.87500000000384,3372,1346.8996490186307,0.5,1.0,"(2, 2)",6050ea8a95817a2bfddc9d09
72.0,41.50000000000398,3373,1347.524649018631,0.5,1.0,"(2, 2)",6050ea8a95817a2bfddc9d09
72.0,42.12500000000412,3374,1348.1496490186312,0.5,1.0,"(2, 2)",6050ea8a95817a2bfddc9d09
72.0,42.75000000000426,3375,1348.7746490186314,0.5,1.0,"(2, 2)",6050ea8a95817a2bfddc9d09
72.0,43.375000000004405,3376,1349.3996490186316,0.5,1.0,"(2, 2)",6050ea8a95817a2bfddc9d09
72.0,44.00000000000455,3377,1350.0246490186319,0.5,1.0,"(2, 2)",6050ea8a95817a2bfddc9d09
72.0,44.62500000000469,3378,1350.649649018632,0.5,1.0,"(2, 2)",6050ea8a95817a2bfddc9d09
72.0,45.25000000000483,3379,1351.2746490186323,0.5,1.0,"(2, 2)",6050ea8a95817a2bfddc9d09
72.0,45.875000000004974,3380,1351.8996490186325,0.5,1.0,"(2, 2)",6050ea8a95817a2bfddc9d09
72.0,46.500000000005116,3381,1352.5246490186328,0.5,1.0,"(2, 2)",6050ea8a95817a2bfddc9d09
72.0,47.12500000000526,3382,1353.149649018633,0.5,1.0,"(2, 2)",6050ea8a95817a2bfddc9d09
72.0,47.7500000000054,3383,1353.7746490186332,0.5,1.0,"(2, 2)",6050ea8a95817a2bfddc9d09
72.0,48.37500000000554,3384,1354.3996490186335,0.5,1.0,"(2, 2)",6050ea8a95817a2bfddc9d09
72.0,49.000000000005684,3385,1355.0246490186337,0.5,1.0,"(2, 2)",6050ea8a95817a2bfddc9d09
72.0,49.62500000000583,3386,1355.649649018634,0.5,1.0,"(2, 2)",6050ea8a95817a2bfddc9d09
72.0,50.25000000000597,3387,1356.2746490186341,0.5,1.0,"(2, 2)",6050ea8a95817a2bfddc9d09
72.0,50.87500000000611,3388,1356.8996490186344,0.5,1.0,"(2, 2)",6050ea8a95817a2bfddc9d09
72.0,51.50000000000625,3389,1357.5246490186346,0.5,1.0,"(2, 2)",6050ea8a95817a2bfddc9d09
72.0,52.125000000006395,3390,1358.1496490186348,0.5,1.0,"(2, 2)",6050ea8a95817a2bfddc9d09
72.0,52.75000000000654,3391,1358.774649018635,0.5,1.0,"(2, 2)",6050ea8a95817a2bfddc9d09
72.0,53.37500000000668,3392,1359.3996490186353,0.5,1.0,"(2, 2)",6050ea8a95817a2bfddc9d09
72.0,54.00000000000682,3393,1360.0246490186355,0.5,1.0,"(2, 2)",6050ea8a95817a2bfddc9d09
72.0,54.62500000000696,3394,1360.6496490186357,0.5,1.0,"(2, 2)",6050ea8a95817a2bfddc9d09
72.0,55.250000000007105,3395,1361.274649018636,0.5,1.0,"(2, 2)",6050ea8a95817a2bfddc9d09
72.0,56.0,3396,1362.024649018629,0.5,1.0,"(2, 2)",6050ea8a95817a2bfddc9d09
72.0,56.0,3397,1362.024649018629,0.5,1.0,"(2, 2)",6050ea8a95817a2bfddc9d09
72.0,56.0,3398,1362.024649018629,0.5,1.0,"(2, 2)",6050ea8a95817a2bfddc9d09
72.0,56.0,3399,1362.024649018629,0.5,1.0,"(2, 2)",6050ea8a95817a2bfddc9d09
72.0,56.0,3400,1362.024649018629,0.5,1.0,"(2, 2)",6050ea8a95817a2bfddc9d09
72.0,56.0,3401,1362.024649018629,0.5,1.0,"(2, 2)",6050ea8a95817a2bfddc9d09
72.0,56.0,3402,1362.024649018629,0.5,1.0,"(2, 2)",6050ea8a95817a2bfddc9d09
72.0,56.0,3403,1362.024649018629,0.5,1.0,"(2, 2)",6050ea8a95817a2bfddc9d09
72.0,56.0,3404,1362.024649018629,0.5,1.0,"(2, 2)",6050ea8a95817a2bfddc9d09
72.0,56.0,3405,1362.024649018629,0.5,1.0,"(2, 2)",6050ea8a95817a2bfddc9d09
72.0,56.0,3406,1362.024649018629,0.5,1.0,"(2, 2)",6050ea8a95817a2bfddc9d09
72.0,56.0,3407,1362.024649018629,0.5,1.0,"(2, 2)",6050ea8a95817a2bfddc9d09
72.0,56.0,3408,1362.024649018629,0.5,1.0,"(2, 2)",6050ea8a95817a2bfddc9d09
72.0,55.37499999999986,3409,1362.6496490186291,0.5,1.0,"(2, 2)",6050ea8a95817a2bfddc9d09
72.0,54.749999999999716,3410,1363.2746490186294,0.5,1.0,"(2, 2)",6050ea8a95817a2bfddc9d09
72.0,54.124999999999574,3411,1363.8996490186296,0.5,1.0,"(2, 2)",6050ea8a95817a2bfddc9d09
72.0,53.49999999999943,3412,1364.5246490186298,0.5,1.0,"(2, 2)",6050ea8a95817a2bfddc9d09
72.0,52.87499999999929,3413,1365.14964901863,0.5,1.0,"(2, 2)",6050ea8a95817a2bfddc9d09
72.0,52.24999999999915,3414,1365.7746490186303,0.5,1.0,"(2, 2)",6050ea8a95817a2bfddc9d09
72.0,51.624999999999005,3415,1366.3996490186305,0.5,1.0,"(2, 2)",6050ea8a95817a2bfddc9d09
72.0,50.99999999999886,3416,1367.0246490186307,0.5,1.0,"(2, 2)",6050ea8a95817a2bfddc9d09
72.0,50.37499999999872,3417,1367.649649018631,0.5,1.0,"(2, 2)",6050ea8a95817a2bfddc9d09
72.0,49.74999999999858,3418,1368.2746490186312,0.5,1.0,"(2, 2)",6050ea8a95817a2bfddc9d09
72.0,49.12499999999844,3419,1368.8996490186314,0.5,1.0,"(2, 2)",6050ea8a95817a2bfddc9d09
72.0,48.499999999998295,3420,1369.5246490186316,0.5,1.0,"(2, 2)",6050ea8a95817a2bfddc9d09
72.0,47.87499999999815,3421,1370.1496490186319,0.5,1.0,"(2, 2)",6050ea8a95817a2bfddc9d09
72.0,47.24999999999801,3422,1370.774649018632,0.5,1.0,"(2, 2)",6050ea8a95817a2bfddc9d09
72.0,46.62499999999787,3423,1371.3996490186323,0.5,1.0,"(2, 2)",6050ea8a95817a2bfddc9d09
72.0,45.999999999997726,3424,1372.0246490186325,0.5,1.0,"(2, 2)",6050ea8a95817a2bfddc9d09
72.0,45.374999999997584,3425,1372.6496490186328,0.5,1.0,"(2, 2)",6050ea8a95817a2bfddc9d09
72.0,44.74999999999744,3426,1373.274649018633,0.5,1.0,"(2, 2)",6050ea8a95817a2bfddc9d09
72.0,44.1249999999973,3427,1373.8996490186332,0.5,1.0,"(2, 2)",6050ea8a95817a2bfddc9d09
72.0,43.49999999999716,3428,1374.5246490186335,0.5,1.0,"(2, 2)",6050ea8a95817a2bfddc9d09
72.0,42.874999999997016,3429,1375.1496490186337,0.5,1.0,"(2, 2)",6050ea8a95817a2bfddc9d09
72.0,42.249999999996874,3430,1375.774649018634,0.5,1.0,"(2, 2)",6050ea8a95817a2bfddc9d09
72.0,41.62499999999673,3431,1376.3996490186341,0.5,1.0,"(2, 2)",6050ea8a95817a2bfddc9d09
72.0,40.99999999999659,3432,1377.0246490186344,0.5,1.0,"(2, 2)",6050ea8a95817a2bfddc9d09
72.0,40.37499999999645,3433,1377.6496490186346,0.5,1.0,"(2, 2)",6050ea8a95817a2bfddc9d09
72.0,40.0,3434,1378.024649018631,0.5,1.0,"(2, 2)",6050ea8a95817a2bfddc9d09
72.0,40.0,3435,1378.024649018631,0.5,1.0,"(2, 2)",6050ea8a95817a2bfddc9d09
72.0,40.0,3436,1378.024649018631,0.5,1.0,"(2, 2)",6050ea8a95817a2bfddc9d09
72.0,40.0,3437,1378.024649018631,0.5,1.0,"(2, 2)",6050ea8a95817a2bfddc9d09
72.0,40.0,3438,1378.024649018631,0.5,1.0,"(2, 2)",6050ea8a95817a2bfddc9d09
72.0,40.0,3439,1378.024649018631,0.5,1.0,"(2, 2)",6050ea8a95817a2bfddc9d09
72.0,40.0,3440,1378.024649018631,0.5,1.0,"(2, 2)",6050ea8a95817a2bfddc9d09
72.0,40.0,3441,1378.024649018631,0.5,1.0,"(2, 2)",6050ea8a95817a2bfddc9d09
72.0,40.0,3442,1378.024649018631,0.5,1.0,"(2, 2)",6050ea8a95817a2bfddc9d09
72.0,40.0,3443,1378.024649018631,0.5,1.0,"(2, 2)",6050ea8a95817a2bfddc9d09
72.0,40.0,3444,1378.024649018631,0.5,1.0,"(2, 2)",6050ea8a95817a2bfddc9d09
72.0,40.0,3445,1378.024649018631,0.5,1.0,"(2, 2)",6050ea8a95817a2bfddc9d09
72.0,40.0,3446,1378.024649018631,0.5,1.0,"(2, 2)",6050ea8a95817a2bfddc9d09
72.0,40.0,3447,1378.024649018631,0.5,1.0,"(2, 2)",6050ea8a95817a2bfddc9d09
72.0,40.0,3448,1378.024649018631,0.5,1.0,"(2, 2)",6050ea8a95817a2bfddc9d09
72.0,40.0,3449,1378.024649018631,0.5,1.0,"(2, 2)",6050ea8a95817a2bfddc9d09
72.0,40.0,3450,1378.024649018631,0.5,1.0,"(2, 2)",6050ea8a95817a2bfddc9d09
72.0,40.0,3451,1378.024649018631,0.5,1.0,"(2, 2)",6050ea8a95817a2bfddc9d09
72.44194173824224,40.441941738241525,3452,1378.6496490186314,0.5,1.0,"(2, 2)",6050ea8a95817a2bfddc9d09
72.88388347648447,40.88388347648305,3453,1379.2746490186319,0.5,1.0,"(2, 2)",6050ea8a95817a2bfddc9d09
73.3258252147267,41.325825214724574,3454,1379.8996490186323,0.5,1.0,"(2, 2)",6050ea8a95817a2bfddc9d09
73.76776695296894,41.7677669529661,3455,1380.5246490186328,0.5,1.0,"(2, 2)",6050ea8a95817a2bfddc9d09
74.20970869121118,42.209708691207624,3456,1381.1496490186332,0.5,1.0,"(2, 2)",6050ea8a95817a2bfddc9d09
74.65165042945323,42.65165042944915,3457,1381.7746490186335,0.5,1.0,"(2, 2)",6050ea8a95817a2bfddc9d09
75.09359216769462,43.09359216769067,3458,1382.3996490186332,0.5,1.0,"(2, 2)",6050ea8a95817a2bfddc9d09
75.535533905936,43.5355339059322,3459,1383.024649018633,0.5,1.0,"(2, 2)",6050ea8a95817a2bfddc9d09
75.97747564417739,43.97747564417372,3460,1383.6496490186328,0.5,1.0,"(2, 2)",6050ea8a95817a2bfddc9d09
76.41941738241879,44.41941738241525,3461,1384.2746490186325,0.5,1.0,"(2, 2)",6050ea8a95817a2bfddc9d09
76.86135912066018,44.86135912065677,3462,1384.8996490186323,0.5,1.0,"(2, 2)",6050ea8a95817a2bfddc9d09
77.30330085890157,45.3033008588983,3463,1385.524649018632,0.5,1.0,"(2, 2)",6050ea8a95817a2bfddc9d09
77.74524259714295,45.74524259713982,3464,1386.1496490186319,0.5,1.0,"(2, 2)",6050ea8a95817a2bfddc9d09
78.18718433538434,46.187184335381346,3465,1386.7746490186316,0.5,1.0,"(2, 2)",6050ea8a95817a2bfddc9d09
78.62912607362574,46.62912607362287,3466,1387.3996490186314,0.5,1.0,"(2, 2)",6050ea8a95817a2bfddc9d09
79.07106781186712,47.071067811864395,3467,1388.0246490186312,0.5,1.0,"(2, 2)",6050ea8a95817a2bfddc9d09
79.5130095501085,47.51300955010592,3468,1388.649649018631,0.5,1.0,"(2, 2)",6050ea8a95817a2bfddc9d09
79.9549512883499,47.954951288347445,3469,1389.2746490186307,0.5,1.0,"(2, 2)",6050ea8a95817a2bfddc9d09
80.3968930265913,48.39689302658897,3470,1389.8996490186305,0.5,1.0,"(2, 2)",6050ea8a95817a2bfddc9d09
80.83883476483268,48.838834764830494,3471,1390.5246490186303,0.5,1.0,"(2, 2)",6050ea8a95817a2bfddc9d09
81.28077650307407,49.28077650307202,3472,1391.14964901863,0.5,1.0,"(2, 2)",6050ea8a95817a2bfddc9d09
81.72271824131546,49.722718241313544,3473,1391.7746490186298,0.5,1.0,"(2, 2)",6050ea8a95817a2bfddc9d09
82.16465997955686,50.16465997955507,3474,1392.3996490186296,0.5,1.0,"(2, 2)",6050ea8a95817a2bfddc9d09
82.60660171779824,50.60660171779659,3475,1393.0246490186294,0.5,1.0,"(2, 2)",6050ea8a95817a2bfddc9d09
83.04854345603962,51.04854345603812,3476,1393.6496490186291,0.5,1.0,"(2, 2)",6050ea8a95817a2bfddc9d09
83.49048519428102,51.49048519427964,3477,1394.274649018629,0.5,1.0,"(2, 2)",6050ea8a95817a2bfddc9d09
83.93242693252242,51.93242693252117,3478,1394.8996490186287,0.5,1.0,"(2, 2)",6050ea8a95817a2bfddc9d09
84.3743686707638,52.37436867076269,3479,1395.5246490186285,0.5,1.0,"(2, 2)",6050ea8a95817a2bfddc9d09
84.81631040900518,52.81631040900422,3480,1396.1496490186282,0.5,1.0,"(2, 2)",6050ea8a95817a2bfddc9d09
85.25825214724658,53.25825214724574,3481,1396.774649018628,0.5,1.0,"(2, 2)",6050ea8a95817a2bfddc9d09
85.70019388548798,53.700193885487266,3482,1397.3996490186278,0.5,1.0,"(2, 2)",6050ea8a95817a2bfddc9d09
86.14213562372936,54.14213562372879,3483,1398.0246490186275,0.5,1.0,"(2, 2)",6050ea8a95817a2bfddc9d09
86.58407736197076,54.584077361970316,3484,1398.6496490186273,0.5,1.0,"(2, 2)",6050ea8a95817a2bfddc9d09
87.02601910021214,55.02601910021184,3485,1399.274649018627,0.5,1.0,"(2, 2)",6050ea8a95817a2bfddc9d09
87.46796083845354,55.467960838453365,3486,1399.8996490186269,0.5,1.0,"(2, 2)",6050ea8a95817a2bfddc9d09
88.0,56.0,3487,1400.6520660165995,0.5,1.0,"(2, 2)",6050ea8a95817a2bfddc9d09
88.0,56.0,3488,1400.6520660165995,0.5,1.0,"(2, 2)",6050ea8a95817a2bfddc9d09
88.0,56.0,3489,1400.6520660165995,0.5,1.0,"(2, 2)",6050ea8a95817a2bfddc9d09
88.0,56.0,3490,1400.6520660165995,0.5,1.0,"(2, 2)",6050ea8a95817a2bfddc9d09
88.0,56.0,3491,1400.6520660165995,0.5,1.0,"(2, 2)",6050ea8a95817a2bfddc9d09
88.0,56.0,3492,1400.6520660165995,0.5,1.0,"(2, 2)",6050ea8a95817a2bfddc9d09
88.0,56.0,3493,1400.6520660165995,0.5,1.0,"(2, 2)",6050ea8a95817a2bfddc9d09
88.0,56.0,3494,1400.6520660165995,0.5,1.0,"(2, 2)",6050ea8a95817a2bfddc9d09
88.0,56.0,3495,1400.6520660165995,0.5,1.0,"(2, 2)",6050ea8a95817a2bfddc9d09
88.0,56.0,3496,1400.6520660165995,0.5,1.0,"(2, 2)",6050ea8a95817a2bfddc9d09
88.0,56.0,3497,1400.6520660165995,0.5,1.0,"(2, 2)",6050ea8a95817a2bfddc9d09
88.0,56.0,3498,1400.6520660165995,0.5,1.0,"(2, 2)",6050ea8a95817a2bfddc9d09
88.0,56.0,3499,1400.6520660165995,0.5,1.0,"(2, 2)",6050ea8a95817a2bfddc9d09
88.0,56.0,3500,1400.6520660165995,0.5,1.0,"(2, 2)",6050ea8a95817a2bfddc9d09
88.0,56.0,3501,1400.6520660165995,0.5,1.0,"(2, 2)",6050ea8a95817a2bfddc9d09
88.0,55.37499999999986,3502,1401.2770660165997,0.5,1.0,"(2, 2)",6050ea8a95817a2bfddc9d09
88.0,54.749999999999716,3503,1401.9020660166,0.5,1.0,"(2, 2)",6050ea8a95817a2bfddc9d09
88.0,54.124999999999574,3504,1402.5270660166002,0.5,1.0,"(2, 2)",6050ea8a95817a2bfddc9d09
88.0,53.49999999999943,3505,1403.1520660166004,0.5,1.0,"(2, 2)",6050ea8a95817a2bfddc9d09
88.0,52.87499999999929,3506,1403.7770660166007,0.5,1.0,"(2, 2)",6050ea8a95817a2bfddc9d09
88.0,52.24999999999915,3507,1404.4020660166009,0.5,1.0,"(2, 2)",6050ea8a95817a2bfddc9d09
88.0,51.624999999999005,3508,1405.027066016601,0.5,1.0,"(2, 2)",6050ea8a95817a2bfddc9d09
88.0,50.99999999999886,3509,1405.6520660166013,0.5,1.0,"(2, 2)",6050ea8a95817a2bfddc9d09
88.0,50.37499999999872,3510,1406.2770660166016,0.5,1.0,"(2, 2)",6050ea8a95817a2bfddc9d09
88.0,49.74999999999858,3511,1406.9020660166018,0.5,1.0,"(2, 2)",6050ea8a95817a2bfddc9d09
88.0,49.12499999999844,3512,1407.527066016602,0.5,1.0,"(2, 2)",6050ea8a95817a2bfddc9d09
88.0,48.499999999998295,3513,1408.1520660166022,0.5,1.0,"(2, 2)",6050ea8a95817a2bfddc9d09
88.0,47.87499999999815,3514,1408.7770660166025,0.5,1.0,"(2, 2)",6050ea8a95817a2bfddc9d09
88.0,47.24999999999801,3515,1409.4020660166027,0.5,1.0,"(2, 2)",6050ea8a95817a2bfddc9d09
88.0,46.62499999999787,3516,1410.027066016603,0.5,1.0,"(2, 2)",6050ea8a95817a2bfddc9d09
88.0,45.999999999997726,3517,1410.6520660166032,0.5,1.0,"(2, 2)",6050ea8a95817a2bfddc9d09
88.0,45.374999999997584,3518,1411.2770660166034,0.5,1.0,"(2, 2)",6050ea8a95817a2bfddc9d09
88.0,44.74999999999744,3519,1411.9020660166036,0.5,1.0,"(2, 2)",6050ea8a95817a2bfddc9d09
88.0,44.1249999999973,3520,1412.5270660166038,0.5,1.0,"(2, 2)",6050ea8a95817a2bfddc9d09
88.0,43.49999999999716,3521,1413.152066016604,0.5,1.0,"(2, 2)",6050ea8a95817a2bfddc9d09
88.0,42.874999999997016,3522,1413.7770660166043,0.5,1.0,"(2, 2)",6050ea8a95817a2bfddc9d09
88.0,42.249999999996874,3523,1414.4020660166045,0.5,1.0,"(2, 2)",6050ea8a95817a2bfddc9d09
88.0,41.62499999999673,3524,1415.0270660166047,0.5,1.0,"(2, 2)",6050ea8a95817a2bfddc9d09
88.0,40.99999999999659,3525,1415.652066016605,0.5,1.0,"(2, 2)",6050ea8a95817a2bfddc9d09
88.0,40.37499999999645,3526,1416.2770660166052,0.5,1.0,"(2, 2)",6050ea8a95817a2bfddc9d09
88.31621556657728,39.879831738836856,3527,1416.8645895407346,0.5,1.0,"(2, 2)",6050ea8a95817a2bfddc9d09
88.75540385349018,39.43515359833748,3528,1417.4895895407342,0.5,1.0,"(2, 2)",6050ea8a95817a2bfddc9d09
89.19459214040307,38.9904754578381,3529,1418.1145895407337,0.5,1.0,"(2, 2)",6050ea8a95817a2bfddc9d09
89.63378042731597,38.545797317338724,3530,1418.7395895407333,0.5,1.0,"(2, 2)",6050ea8a95817a2bfddc9d09
90.07296871422886,38.10111917683935,3531,1419.3645895407328,0.5,1.0,"(2, 2)",6050ea8a95817a2bfddc9d09
90.51215700114176,37.65644103633997,3532,1419.9895895407324,0.5,1.0,"(2, 2)",6050ea8a95817a2bfddc9d09
90.95134528805465,37.21176289584059,3533,1420.614589540732,0.5,1.0,"(2, 2)",6050ea8a95817a2bfddc9d09
91.39053357496755,36.767084755341216,3534,1421.2395895407315,0.5,1.0,"(2, 2)",6050ea8a95817a2bfddc9d09
91.82972186188044,36.32240661484184,3535,1421.864589540731,0.5,1.0,"(2, 2)",6050ea8a95817a2bfddc9d09
92.26891014879334,35.87772847434246,3536,1422.4895895407305,0.5,1.0,"(2, 2)",6050ea8a95817a2bfddc9d09
92.70809843570623,35.433050333843084,3537,1423.11458954073,0.5,1.0,"(2, 2)",6050ea8a95817a2bfddc9d09
93.14728672261913,34.98837219334371,3538,1423.7395895407296,0.5,1.0,"(2, 2)",6050ea8a95817a2bfddc9d09
93.58647500953202,34.54369405284433,3539,1424.3645895407292,0.5,1.0,"(2, 2)",6050ea8a95817a2bfddc9d09
94.02566329644492,34.09901591234495,3540,1424.9895895407287,0.5,1.0,"(2, 2)",6050ea8a95817a2bfddc9d09
94.46485158335781,33.654337771845576,3541,1425.6145895407283,0.5,1.0,"(2, 2)",6050ea8a95817a2bfddc9d09
94.90403987027071,33.2096596313462,3542,1426.2395895407278,0.5,1.0,"(2, 2)",6050ea8a95817a2bfddc9d09
95.3432281571836,32.76498149084682,3543,1426.8645895407274,0.5,1.0,"(2, 2)",6050ea8a95817a2bfddc9d09
95.7824164440965,32.320303350347444,3544,1427.489589540727,0.5,1.0,"(2, 2)",6050ea8a95817a2bfddc9d09
96.22160473100939,31.875625209848067,3545,1428.1145895407265,0.5,1.0,"(2, 2)",6050ea8a95817a2bfddc9d09
96.66079301792229,31.43094706934869,3546,1428.739589540726,0.5,1.0,"(2, 2)",6050ea8a95817a2bfddc9d09
97.09998130483518,30.986268928849313,3547,1429.3645895407255,0.5,1.0,"(2, 2)",6050ea8a95817a2bfddc9d09
97.53916959174808,30.541590788349936,3548,1429.989589540725,0.5,1.0,"(2, 2)",6050ea8a95817a2bfddc9d09
97.97835787866097,30.09691264785056,3549,1430.6145895407246,0.5,1.0,"(2, 2)",6050ea8a95817a2bfddc9d09
98.41754616557387,29.65223450735118,3550,1431.2395895407242,0.5,1.0,"(2, 2)",6050ea8a95817a2bfddc9d09
98.85673445248676,29.207556366851804,3551,1431.8645895407237,0.5,1.0,"(2, 2)",6050ea8a95817a2bfddc9d09
99.29592273939966,28.762878226352427,3552,1432.4895895407233,0.5,1.0,"(2, 2)",6050ea8a95817a2bfddc9d09
99.73511102631255,28.31820008585305,3553,1433.1145895407228,0.5,1.0,"(2, 2)",6050ea8a95817a2bfddc9d09
100.17429931322545,27.873521945353673,3554,1433.7395895407224,0.5,1.0,"(2, 2)",6050ea8a95817a2bfddc9d09
100.61348760013834,27.428843804854296,3555,1434.364589540722,0.5,1.0,"(2, 2)",6050ea8a95817a2bfddc9d09
101.05267588705189,26.98416566435492,3556,1434.989589540722,0.5,1.0,"(2, 2)",6050ea8a95817a2bfddc9d09
101.4918641739656,26.53948752385554,3557,1435.6145895407221,0.5,1.0,"(2, 2)",6050ea8a95817a2bfddc9d09
101.9310524608793,26.094809383356164,3558,1436.2395895407224,0.5,1.0,"(2, 2)",6050ea8a95817a2bfddc9d09
102.37024074779302,25.650131242856787,3559,1436.8645895407226,0.5,1.0,"(2, 2)",6050ea8a95817a2bfddc9d09
102.80942903470672,25.20545310235741,3560,1437.4895895407228,0.5,1.0,"(2, 2)",6050ea8a95817a2bfddc9d09
103.24861732162043,24.760774961858033,3561,1438.114589540723,0.5,1.0,"(2, 2)",6050ea8a95817a2bfddc9d09
103.68780560853413,24.316096821358656,3562,1438.7395895407233,0.5,1.0,"(2, 2)",6050ea8a95817a2bfddc9d09
104.0,24.0,3563,1439.1838670874615,0.5,1.0,"(2, 2)",6050ea8a95817a2bfddc9d09
104.0,24.0,3564,1439.1838670874615,0.5,1.0,"(2, 2)",6050ea8a95817a2bfddc9d09
104.0,24.0,3565,1439.1838670874615,0.5,1.0,"(2, 2)",6050ea8a95817a2bfddc9d09
104.0,24.0,3566,1439.1838670874615,0.5,1.0,"(2, 2)",6050ea8a95817a2bfddc9d09
104.0,24.0,3567,1439.1838670874615,0.5,1.0,"(2, 2)",6050ea8a95817a2bfddc9d09
104.0,24.0,3568,1439.1838670874615,0.5,1.0,"(2, 2)",6050ea8a95817a2bfddc9d09
104.0,24.0,3569,1439.1838670874615,0.5,1.0,"(2, 2)",6050ea8a95817a2bfddc9d09
104.0,24.0,3570,1439.1838670874615,0.5,1.0,"(2, 2)",6050ea8a95817a2bfddc9d09
104.0,24.0,3571,1439.1838670874615,0.5,1.0,"(2, 2)",6050ea8a95817a2bfddc9d09
104.0,24.0,3572,1439.1838670874615,0.5,1.0,"(2, 2)",6050ea8a95817a2bfddc9d09
104.0,24.0,3573,1439.1838670874615,0.5,1.0,"(2, 2)",6050ea8a95817a2bfddc9d09
104.0,24.0,3574,1439.1838670874615,0.5,1.0,"(2, 2)",6050ea8a95817a2bfddc9d09
104.0,24.0,3575,1439.1838670874615,0.5,1.0,"(2, 2)",6050ea8a95817a2bfddc9d09
104.0,24.0,3576,1439.1838670874615,0.5,1.0,"(2, 2)",6050ea8a95817a2bfddc9d09
104.0,24.0,3577,1439.1838670874615,0.5,1.0,"(2, 2)",6050ea8a95817a2bfddc9d09
104.0,24.0,3578,1439.1838670874615,0.5,1.0,"(2, 2)",6050ea8a95817a2bfddc9d09
104.0,24.0,3579,1439.1838670874615,0.5,1.0,"(2, 2)",6050ea8a95817a2bfddc9d09
104.0,24.0,3580,1439.1838670874615,0.5,1.0,"(2, 2)",6050ea8a95817a2bfddc9d09
104.0,24.0,3581,1439.1838670874615,0.5,1.0,"(2, 2)",6050ea8a95817a2bfddc9d09
104.0,24.0,3582,1439.1838670874615,0.5,1.0,"(2, 2)",6050ea8a95817a2bfddc9d09
104.0,24.0,3583,1439.1838670874615,0.5,1.0,"(2, 2)",6050ea8a95817a2bfddc9d09
103.37500000000057,24.0,3584,1439.8088670874608,0.5,1.0,"(2, 2)",6050ea8a95817a2bfddc9d09
102.75000000000114,24.0,3585,1440.4338670874604,0.5,1.0,"(2, 2)",6050ea8a95817a2bfddc9d09
102.1250000000017,24.0,3586,1441.05886708746,0.5,1.0,"(2, 2)",6050ea8a95817a2bfddc9d09
101.50000000000227,24.0,3587,1441.6838670874595,0.5,1.0,"(2, 2)",6050ea8a95817a2bfddc9d09
100.87500000000284,24.0,3588,1442.308867087459,0.5,1.0,"(2, 2)",6050ea8a95817a2bfddc9d09
100.25000000000341,24.0,3589,1442.9338670874586,0.5,1.0,"(2, 2)",6050ea8a95817a2bfddc9d09
99.62500000000398,24.0,3590,1443.558867087458,0.5,1.0,"(2, 2)",6050ea8a95817a2bfddc9d09
99.00000000000455,24.0,3591,1444.1838670874577,0.5,1.0,"(2, 2)",6050ea8a95817a2bfddc9d09
98.37500000000512,24.0,3592,1444.8088670874572,0.5,1.0,"(2, 2)",6050ea8a95817a2bfddc9d09
97.75000000000568,24.0,3593,1445.4338670874567,0.5,1.0,"(2, 2)",6050ea8a95817a2bfddc9d09
97.12500000000625,24.0,3594,1446.0588670874563,0.5,1.0,"(2, 2)",6050ea8a95817a2bfddc9d09
96.50000000000682,24.0,3595,1446.6838670874558,0.5,1.0,"(2, 2)",6050ea8a95817a2bfddc9d09
95.87500000000739,24.0,3596,1447.3088670874554,0.5,1.0,"(2, 2)",6050ea8a95817a2bfddc9d09
95.25000000000796,24.0,3597,1447.933867087455,0.5,1.0,"(2, 2)",6050ea8a95817a2bfddc9d09
94.62500000000853,24.0,3598,1448.5588670874545,0.5,1.0,"(2, 2)",6050ea8a95817a2bfddc9d09
94.0000000000091,24.0,3599,1449.183867087454,0.5,1.0,"(2, 2)",6050ea8a95817a2bfddc9d09
93.37500000000966,24.0,3600,1449.8088670874536,0.5,1.0,"(2, 2)",6050ea8a95817a2bfddc9d09
92.75000000001023,24.0,3601,1450.433867087453,0.5,1.0,"(2, 2)",6050ea8a95817a2bfddc9d09
92.1250000000108,24.0,3602,1451.0588670874527,0.5,1.0,"(2, 2)",6050ea8a95817a2bfddc9d09
91.50000000001137,24.0,3603,1451.6838670874522,0.5,1.0,"(2, 2)",6050ea8a95817a2bfddc9d09
90.87500000001194,24.0,3604,1452.3088670874517,0.5,1.0,"(2, 2)",6050ea8a95817a2bfddc9d09
90.2500000000125,24.0,3605,1452.9338670874513,0.5,1.0,"(2, 2)",6050ea8a95817a2bfddc9d09
89.62500000001307,24.0,3606,1453.5588670874508,0.5,1.0,"(2, 2)",6050ea8a95817a2bfddc9d09
89.00000000001364,24.0,3607,1454.1838670874504,0.5,1.0,"(2, 2)",6050ea8a95817a2bfddc9d09
88.37500000001421,24.0,3608,1454.80886708745,0.5,1.0,"(2, 2)",6050ea8a95817a2bfddc9d09
87.87808868441493,24.31188458816398,3609,1455.3955466012433,0.5,1.0,"(2, 2)",6050ea8a95817a2bfddc9d09
87.4334952821622,24.751158656000573,3610,1456.0205466012435,0.5,1.0,"(2, 2)",6050ea8a95817a2bfddc9d09
86.98890187990946,25.190432723837166,3611,1456.6455466012437,0.5,1.0,"(2, 2)",6050ea8a95817a2bfddc9d09
86.54430847765673,25.629706791673758,3612,1457.270546601244,0.5,1.0,"(2, 2)",6050ea8a95817a2bfddc9d09
86.09971507540399,26.06898085951035,3613,1457.8955466012442,0.5,1.0,"(2, 2)",6050ea8a95817a2bfddc9d09
85.65512167315126,26.508254927346943,3614,1458.5205466012444,0.5,1.0,"(2, 2)",6050ea8a95817a2bfddc9d09
85.21052827089852,26.947528995183536,3615,1459.1455466012446,0.5,1.0,"(2, 2)",6050ea8a95817a2bfddc9d09
84.76593486864579,27.38680306302013,3616,1459.7705466012449,0.5,1.0,"(2, 2)",6050ea8a95817a2bfddc9d09
84.32134146639305,27.82607713085672,3617,1460.395546601245,0.5,1.0,"(2, 2)",6050ea8a95817a2bfddc9d09
83.87674806414032,28.265351198693313,3618,1461.0205466012453,0.5,1.0,"(2, 2)",6050ea8a95817a2bfddc9d09
83.43215466188758,28.704625266529906,3619,1461.6455466012455,0.5,1.0,"(2, 2)",6050ea8a95817a2bfddc9d09
82.98756125963484,29.14389933436677,3620,1462.270546601246,0.5,1.0,"(2, 2)",6050ea8a95817a2bfddc9d09
82.54296785738211,29.583173402203716,3621,1462.8955466012465,0.5,1.0,"(2, 2)",6050ea8a95817a2bfddc9d09
82.09837445512937,30.022447470040664,3622,1463.520546601247,0.5,1.0,"(2, 2)",6050ea8a95817a2bfddc9d09
81.65378105287664,30.46172153787761,3623,1464.1455466012474,0.5,1.0,"(2, 2)",6050ea8a95817a2bfddc9d09
81.2091876506239,30.90099560571456,3624,1464.7705466012478,0.5,1.0,"(2, 2)",6050ea8a95817a2bfddc9d09
80.76459424837117,31.340269673551507,3625,1465.3955466012483,0.5,1.0,"(2, 2)",6050ea8a95817a2bfddc9d09
80.32000084611843,31.779543741388455,3626,1466.0205466012487,0.5,1.0,"(2, 2)",6050ea8a95817a2bfddc9d09
79.8754074438657,32.2188178092254,3627,1466.6455466012492,0.5,1.0,"(2, 2)",6050ea8a95817a2bfddc9d09
79.43081404161296,32.65809187706235,3628,1467.2705466012496,0.5,1.0,"(2, 2)",6050ea8a95817a2bfddc9d09
78.98622063936045,33.097365944899295,3629,1467.89554660125,0.5,1.0,"(2, 2)",6050ea8a95817a2bfddc9d09
78.54162723710837,33.53664001273624,3630,1468.52054660125,0.5,1.0,"(2, 2)",6050ea8a95817a2bfddc9d09
78.09703383485629,33.97591408057319,3631,1469.14554660125,0.5,1.0,"(2, 2)",6050ea8a95817a2bfddc9d09
77.65244043260421,34.41518814841014,3632,1469.77054660125,0.5,1.0,"(2, 2)",6050ea8a95817a2bfddc9d09
77.20784703035213,34.854462216247086,3633,1470.39554660125,0.5,1.0,"(2, 2)",6050ea8a95817a2bfddc9d09
76.76325362810005,35.293736284084034,3634,1471.02054660125,0.5,1.0,"(2, 2)",6050ea8a95817a2bfddc9d09
76.31866022584796,35.73301035192098,3635,1471.64554660125,0.5,1.0,"(2, 2)",6050ea8a95817a2bfddc9d09
75.87406682359588,36.17228441975793,3636,1472.27054660125,0.5,1.0,"(2, 2)",6050ea8a95817a2bfddc9d09
75.4294734213438,36.61155848759488,3637,1472.89554660125,0.5,1.0,"(2, 2)",6050ea8a95817a2bfddc9d09
74.98488001909172,37.050832555431825,3638,1473.52054660125,0.5,1.0,"(2, 2)",6050ea8a95817a2bfddc9d09
74.54028661683964,37.49010662326877,3639,1474.14554660125,0.5,1.0,"(2, 2)",6050ea8a95817a2bfddc9d09
74.09569321458756,37.92938069110572,3640,1474.77054660125,0.5,1.0,"(2, 2)",6050ea8a95817a2bfddc9d09
73.65109981233547,38.36865475894267,3641,1475.39554660125,0.5,1.0,"(2, 2)",6050ea8a95817a2bfddc9d09
73.20650641008339,38.807928826779616,3642,1476.02054660125,0.5,1.0,"(2, 2)",6050ea8a95817a2bfddc9d09
72.76191300783131,39.247202894616564,3643,1476.64554660125,0.5,1.0,"(2, 2)",6050ea8a95817a2bfddc9d09
72.31731960557923,39.68647696245351,3644,1477.27054660125,0.5,1.0,"(2, 2)",6050ea8a95817a2bfddc9d09
72.0,40.0,3645,1477.7166277902252,0.5,1.0,"(2, 2)",6050ea8a95817a2bfddc9d09
72.0,40.0,3646,1477.7166277902252,0.5,1.0,"(2, 2)",6050ea8a95817a2bfddc9d09
72.0,40.0,3647,1477.7166277902252,0.5,1.0,"(2, 2)",6050ea8a95817a2bfddc9d09
72.0,40.0,3648,1477.7166277902252,0.5,1.0,"(2, 2)",6050ea8a95817a2bfddc9d09
72.0,40.0,3649,1477.7166277902252,0.5,1.0,"(2, 2)",6050ea8a95817a2bfddc9d09
72.0,40.0,3650,1477.7166277902252,0.5,1.0,"(2, 2)",6050ea8a95817a2bfddc9d09
72.0,40.0,3651,1477.7166277902252,0.5,1.0,"(2, 2)",6050ea8a95817a2bfddc9d09
72.0,40.0,3652,1477.7166277902252,0.5,1.0,"(2, 2)",6050ea8a95817a2bfddc9d09
72.0,40.0,3653,1477.7166277902252,0.5,1.0,"(2, 2)",6050ea8a95817a2bfddc9d09
72.0,40.0,3654,1477.7166277902252,0.5,1.0,"(2, 2)",6050ea8a95817a2bfddc9d09
72.0,40.0,3655,1477.7166277902252,0.5,1.0,"(2, 2)",6050ea8a95817a2bfddc9d09
72.0,40.0,3656,1477.7166277902252,0.5,1.0,"(2, 2)",6050ea8a95817a2bfddc9d09
72.0,40.0,3657,1477.7166277902252,0.5,1.0,"(2, 2)",6050ea8a95817a2bfddc9d09
72.0,40.0,3658,1477.7166277902252,0.5,1.0,"(2, 2)",6050ea8a95817a2bfddc9d09
72.0,40.0,3659,1477.7166277902252,0.5,1.0,"(2, 2)",6050ea8a95817a2bfddc9d09
72.0,40.0,3660,1477.7166277902252,0.5,1.0,"(2, 2)",6050ea8a95817a2bfddc9d09
72.0,40.0,3661,1477.7166277902252,0.5,1.0,"(2, 2)",6050ea8a95817a2bfddc9d09
72.62499999999943,40.0,3662,1478.3416277902247,0.5,1.0,"(2, 2)",6050ea8a95817a2bfddc9d09
73.24999999999886,40.0,3663,1478.9666277902243,0.5,1.0,"(2, 2)",6050ea8a95817a2bfddc9d09
73.8749999999983,40.0,3664,1479.5916277902238,0.5,1.0,"(2, 2)",6050ea8a95817a2bfddc9d09
74.49999999999773,40.0,3665,1480.2166277902234,0.5,1.0,"(2, 2)",6050ea8a95817a2bfddc9d09
75.12499999999716,40.0,3666,1480.841627790223,0.5,1.0,"(2, 2)",6050ea8a95817a2bfddc9d09
75.74999999999659,40.0,3667,1481.4666277902224,0.5,1.0,"(2, 2)",6050ea8a95817a2bfddc9d09
76.37499999999602,40.0,3668,1482.091627790222,0.5,1.0,"(2, 2)",6050ea8a95817a2bfddc9d09
76.99999999999545,40.0,3669,1482.7166277902215,0.5,1.0,"(2, 2)",6050ea8a95817a2bfddc9d09
77.62499999999488,40.0,3670,1483.341627790221,0.5,1.0,"(2, 2)",6050ea8a95817a2bfddc9d09
78.24999999999432,40.0,3671,1483.9666277902206,0.5,1.0,"(2, 2)",6050ea8a95817a2bfddc9d09
78.87499999999375,40.0,3672,1484.5916277902202,0.5,1.0,"(2, 2)",6050ea8a95817a2bfddc9d09
79.49999999999318,40.0,3673,1485.2166277902197,0.5,1.0,"(2, 2)",6050ea8a95817a2bfddc9d09
80.12499999999261,40.0,3674,1485.8416277902193,0.5,1.0,"(2, 2)",6050ea8a95817a2bfddc9d09
80.74999999999204,40.0,3675,1486.4666277902188,0.5,1.0,"(2, 2)",6050ea8a95817a2bfddc9d09
81.37499999999147,40.0,3676,1487.0916277902184,0.5,1.0,"(2, 2)",6050ea8a95817a2bfddc9d09
81.9999999999909,40.0,3677,1487.716627790218,0.5,1.0,"(2, 2)",6050ea8a95817a2bfddc9d09
82.62499999999034,40.0,3678,1488.3416277902174,0.5,1.0,"(2, 2)",6050ea8a95817a2bfddc9d09
83.24999999998977,40.0,3679,1488.966627790217,0.5,1.0,"(2, 2)",6050ea8a95817a2bfddc9d09
83.8749999999892,40.0,3680,1489.5916277902165,0.5,1.0,"(2, 2)",6050ea8a95817a2bfddc9d09
84.49999999998863,40.0,3681,1490.216627790216,0.5,1.0,"(2, 2)",6050ea8a95817a2bfddc9d09
85.12499999998806,40.0,3682,1490.8416277902156,0.5,1.0,"(2, 2)",6050ea8a95817a2bfddc9d09
85.7499999999875,40.0,3683,1491.4666277902152,0.5,1.0,"(2, 2)",6050ea8a95817a2bfddc9d09
86.37499999998693,40.0,3684,1492.0916277902147,0.5,1.0,"(2, 2)",6050ea8a95817a2bfddc9d09
86.99999999998636,40.0,3685,1492.7166277902143,0.5,1.0,"(2, 2)",6050ea8a95817a2bfddc9d09
87.62499999998579,40.0,3686,1493.3416277902138,0.5,1.0,"(2, 2)",6050ea8a95817a2bfddc9d09
88.12191131558507,39.68811541183577,3687,1493.9283073040074,0.5,1.0,"(2, 2)",6050ea8a95817a2bfddc9d09
88.5665047178378,39.24884134399882,3688,1494.5533073040078,0.5,1.0,"(2, 2)",6050ea8a95817a2bfddc9d09
89.01109812009054,38.80956727616187,3689,1495.1783073040083,0.5,1.0,"(2, 2)",6050ea8a95817a2bfddc9d09
89.45569152234327,38.370293208324924,3690,1495.8033073040087,0.5,1.0,"(2, 2)",6050ea8a95817a2bfddc9d09
89.90028492459601,37.931019140487976,3691,1496.4283073040092,0.5,1.0,"(2, 2)",6050ea8a95817a2bfddc9d09
90.34487832684874,37.49174507265103,3692,1497.0533073040096,0.5,1.0,"(2, 2)",6050ea8a95817a2bfddc9d09
90.78947172910148,37.05247100481408,3693,1497.67830730401,0.5,1.0,"(2, 2)",6050ea8a95817a2bfddc9d09
91.23406513135421,36.61319693697713,3694,1498.3033073040106,0.5,1.0,"(2, 2)",6050ea8a95817a2bfddc9d09
91.67865853360695,36.173922869140185,3695,1498.928307304011,0.5,1.0,"(2, 2)",6050ea8a95817a2bfddc9d09
92.12325193585968,35.73464880130324,3696,1499.5533073040115,0.5,1.0,"(2, 2)",6050ea8a95817a2bfddc9d09
92.56784533811242,35.29537473346629,3697,1500.178307304012,0.5,1.0,"(2, 2)",6050ea8a95817a2bfddc9d09
93.01243874036516,34.85610066562934,3698,1500.8033073040124,0.5,1.0,"(2, 2)",6050ea8a95817a2bfddc9d09
93.45703214261789,34.416826597792394,3699,1501.4283073040128,0.5,1.0,"(2, 2)",6050ea8a95817a2bfddc9d09
93.90162554487063,33.977552529955446,3700,1502.0533073040133,0.5,1.0,"(2, 2)",6050ea8a95817a2bfddc9d09
94.34621894712336,33.5382784621185,3701,1502.6783073040137,0.5,1.0,"(2, 2)",6050ea8a95817a2bfddc9d09
94.7908123493761,33.09900439428155,3702,1503.3033073040142,0.5,1.0,"(2, 2)",6050ea8a95817a2bfddc9d09
95.23540575162883,32.6597303264446,3703,1503.9283073040147,0.5,1.0,"(2, 2)",6050ea8a95817a2bfddc9d09
95.67999915388157,32.220456258607655,3704,1504.553307304015,0.5,1.0,"(2, 2)",6050ea8a95817a2bfddc9d09
96.1245925561343,31.781182190770885,3705,1505.1783073040156,0.5,1.0,"(2, 2)",6050ea8a95817a2bfddc9d09
96.56918595838704,31.341908122934196,3706,1505.803307304016,0.5,1.0,"(2, 2)",6050ea8a95817a2bfddc9d09
97.01377936063977,30.90263405509725,3707,1506.4283073040165,0.5,1.0,"(2, 2)",6050ea8a95817a2bfddc9d09
97.45837276289251,30.4633599872603,3708,1507.053307304017,0.5,1.0,"(2, 2)",6050ea8a95817a2bfddc9d09
97.90296616514524,30.024085919423353,3709,1507.6783073040174,0.5,1.0,"(2, 2)",6050ea8a95817a2bfddc9d09
98.34755956739798,29.584811851586405,3710,1508.3033073040178,0.5,1.0,"(2, 2)",6050ea8a95817a2bfddc9d09
98.79215296965072,29.145537783749457,3711,1508.9283073040183,0.5,1.0,"(2, 2)",6050ea8a95817a2bfddc9d09
99.23674637190345,28.70626371591251,3712,1509.5533073040187,0.5,1.0,"(2, 2)",6050ea8a95817a2bfddc9d09
99.68133977415553,28.266989648075562,3713,1510.1783073040187,0.5,1.0,"(2, 2)",6050ea8a95817a2bfddc9d09
100.12593317640761,27.827715580238614,3714,1510.8033073040187,0.5,1.0,"(2, 2)",6050ea8a95817a2bfddc9d09
100.5705265786597,27.388441512401666,3715,1511.4283073040187,0.5,1.0,"(2, 2)",6050ea8a95817a2bfddc9d09
101.01511998091178,26.94916744456472,3716,1512.0533073040187,0.5,1.0,"(2, 2)",6050ea8a95817a2bfddc9d09
101.45971338316386,26.50989337672777,3717,1512.6783073040187,0.5,1.0,"(2, 2)",6050ea8a95817a2bfddc9d09
101.90430678541594,26.070619308890823,3718,1513.3033073040187,0.5,1.0,"(2, 2)",6050ea8a95817a2bfddc9d09
102.34890018766802,25.631345241053875,3719,1513.9283073040187,0.5,1.0,"(2, 2)",6050ea8a95817a2bfddc9d09
102.7934935899201,25.192071173216927,3720,1514.5533073040187,0.5,1.0,"(2, 2)",6050ea8a95817a2bfddc9d09
103.2380869921722,24.75279710537998,3721,1515.1783073040187,0.5,1.0,"(2, 2)",6050ea8a95817a2bfddc9d09
103.68268039442428,24.313523037543032,3722,1515.8033073040187,0.5,1.0,"(2, 2)",6050ea8a95817a2bfddc9d09
104.0,24.0,3723,1516.2493884929888,0.5,1.0,"(2, 2)",6050ea8a95817a2bfddc9d09
104.0,24.0,3724,1516.2493884929888,0.5,1.0,"(2, 2)",6050ea8a95817a2bfddc9d09
104.0,24.0,3725,1516.2493884929888,0.5,1.0,"(2, 2)",6050ea8a95817a2bfddc9d09
104.0,24.0,3726,1516.2493884929888,0.5,1.0,"(2, 2)",6050ea8a95817a2bfddc9d09
104.0,24.0,3727,1516.2493884929888,0.5,1.0,"(2, 2)",6050ea8a95817a2bfddc9d09
104.0,24.0,3728,1516.2493884929888,0.5,1.0,"(2, 2)",6050ea8a95817a2bfddc9d09
104.0,24.0,3729,1516.2493884929888,0.5,1.0,"(2, 2)",6050ea8a95817a2bfddc9d09
104.0,24.0,3730,1516.2493884929888,0.5,1.0,"(2, 2)",6050ea8a95817a2bfddc9d09
104.0,24.0,3731,1516.2493884929888,0.5,1.0,"(2, 2)",6050ea8a95817a2bfddc9d09
104.0,24.0,3732,1516.2493884929888,0.5,1.0,"(2, 2)",6050ea8a95817a2bfddc9d09
104.0,24.0,3733,1516.2493884929888,0.5,1.0,"(2, 2)",6050ea8a95817a2bfddc9d09
104.0,24.0,3734,1516.2493884929888,0.5,1.0,"(2, 2)",6050ea8a95817a2bfddc9d09
104.0,24.0,3735,1516.2493884929888,0.5,1.0,"(2, 2)",6050ea8a95817a2bfddc9d09
104.0,24.0,3736,1516.2493884929888,0.5,1.0,"(2, 2)",6050ea8a95817a2bfddc9d09
104.0,24.0,3737,1516.2493884929888,0.5,1.0,"(2, 2)",6050ea8a95817a2bfddc9d09
104.0,24.0,3738,1516.2493884929888,0.5,1.0,"(2, 2)",6050ea8a95817a2bfddc9d09
104.0,24.0,3739,1516.2493884929888,0.5,1.0,"(2, 2)",6050ea8a95817a2bfddc9d09
104.0,24.0,3740,1516.2493884929888,0.5,1.0,"(2, 2)",6050ea8a95817a2bfddc9d09
103.55805826175776,24.441941738241525,3741,1516.8743884929893,0.5,1.0,"(2, 2)",6050ea8a95817a2bfddc9d09
103.11611652351553,24.88388347648305,3742,1517.4993884929897,0.5,1.0,"(2, 2)",6050ea8a95817a2bfddc9d09
102.6741747852733,25.325825214724574,3743,1518.1243884929902,0.5,1.0,"(2, 2)",6050ea8a95817a2bfddc9d09
102.23223304703106,25.7677669529661,3744,1518.7493884929906,0.5,1.0,"(2, 2)",6050ea8a95817a2bfddc9d09
101.79029130878882,26.209708691207624,3745,1519.374388492991,0.5,1.0,"(2, 2)",6050ea8a95817a2bfddc9d09
101.34834957054677,26.65165042944915,3746,1519.9993884929913,0.5,1.0,"(2, 2)",6050ea8a95817a2bfddc9d09
100.90640783230538,27.093592167690673,3747,1520.624388492991,0.5,1.0,"(2, 2)",6050ea8a95817a2bfddc9d09
100.464466094064,27.535533905932198,3748,1521.2493884929909,0.5,1.0,"(2, 2)",6050ea8a95817a2bfddc9d09
100.02252435582261,27.977475644173722,3749,1521.8743884929906,0.5,1.0,"(2, 2)",6050ea8a95817a2bfddc9d09
99.58058261758121,28.419417382415247,3750,1522.4993884929904,0.5,1.0,"(2, 2)",6050ea8a95817a2bfddc9d09
99.13864087933982,28.861359120656772,3751,1523.1243884929902,0.5,1.0,"(2, 2)",6050ea8a95817a2bfddc9d09
98.69669914109843,29.303300858898297,3752,1523.74938849299,0.5,1.0,"(2, 2)",6050ea8a95817a2bfddc9d09
98.25475740285705,29.74524259713982,3753,1524.3743884929897,0.5,1.0,"(2, 2)",6050ea8a95817a2bfddc9d09
97.81281566461566,30.187184335381346,3754,1524.9993884929895,0.5,1.0,"(2, 2)",6050ea8a95817a2bfddc9d09
97.37087392637426,30.62912607362287,3755,1525.6243884929893,0.5,1.0,"(2, 2)",6050ea8a95817a2bfddc9d09
96.92893218813288,31.071067811864395,3756,1526.249388492989,0.5,1.0,"(2, 2)",6050ea8a95817a2bfddc9d09
96.4869904498915,31.51300955010592,3757,1526.8743884929888,0.5,1.0,"(2, 2)",6050ea8a95817a2bfddc9d09
96.0450487116501,31.954951288347445,3758,1527.4993884929886,0.5,1.0,"(2, 2)",6050ea8a95817a2bfddc9d09
95.6031069734087,32.39689302658897,3759,1528.1243884929884,0.5,1.0,"(2, 2)",6050ea8a95817a2bfddc9d09
95.16116523516732,32.838834764830494,3760,1528.7493884929881,0.5,1.0,"(2, 2)",6050ea8a95817a2bfddc9d09
94.71922349692593,33.28077650307202,3761,1529.374388492988,0.5,1.0,"(2, 2)",6050ea8a95817a2bfddc9d09
94.27728175868454,33.722718241313544,3762,1529.9993884929877,0.5,1.0,"(2, 2)",6050ea8a95817a2bfddc9d09
93.83534002044314,34.16465997955507,3763,1530.6243884929875,0.5,1.0,"(2, 2)",6050ea8a95817a2bfddc9d09
93.39339828220176,34.60660171779659,3764,1531.2493884929872,0.5,1.0,"(2, 2)",6050ea8a95817a2bfddc9d09
92.95145654396038,35.04854345603812,3765,1531.874388492987,0.5,1.0,"(2, 2)",6050ea8a95817a2bfddc9d09
92.50951480571898,35.49048519427964,3766,1532.4993884929868,0.5,1.0,"(2, 2)",6050ea8a95817a2bfddc9d09
92.06757306747758,35.93242693252117,3767,1533.1243884929866,0.5,1.0,"(2, 2)",6050ea8a95817a2bfddc9d09
91.6256313292362,36.37436867076269,3768,1533.7493884929863,0.5,1.0,"(2, 2)",6050ea8a95817a2bfddc9d09
91.18368959099482,36.81631040900422,3769,1534.374388492986,0.5,1.0,"(2, 2)",6050ea8a95817a2bfddc9d09
90.74174785275342,37.25825214724574,3770,1534.9993884929859,0.5,1.0,"(2, 2)",6050ea8a95817a2bfddc9d09
90.29980611451202,37.700193885487266,3771,1535.6243884929856,0.5,1.0,"(2, 2)",6050ea8a95817a2bfddc9d09
89.85786437627064,38.14213562372879,3772,1536.2493884929854,0.5,1.0,"(2, 2)",6050ea8a95817a2bfddc9d09
89.41592263802924,38.584077361970316,3773,1536.8743884929852,0.5,1.0,"(2, 2)",6050ea8a95817a2bfddc9d09
88.97398089978786,39.02601910021184,3774,1537.499388492985,0.5,1.0,"(2, 2)",6050ea8a95817a2bfddc9d09
88.53203916154646,39.467960838453365,3775,1538.1243884929847,0.5,1.0,"(2, 2)",6050ea8a95817a2bfddc9d09
88.09009742330488,39.90990257669489,3776,1538.7493884929847,0.5,1.0,"(2, 2)",6050ea8a95817a2bfddc9d09
87.64815568506265,40.351844314936415,3777,1539.3743884929852,0.5,1.0,"(2, 2)",6050ea8a95817a2bfddc9d09
87.20621394682041,40.79378605317794,3778,1539.9993884929856,0.5,1.0,"(2, 2)",6050ea8a95817a2bfddc9d09
86.76427220857818,41.235727791419464,3779,1540.624388492986,0.5,1.0,"(2, 2)",6050ea8a95817a2bfddc9d09
86.32233047033594,41.67766952966099,3780,1541.2493884929866,0.5,1.0,"(2, 2)",6050ea8a95817a2bfddc9d09
85.8803887320937,42.11961126790251,3781,1541.874388492987,0.5,1.0,"(2, 2)",6050ea8a95817a2bfddc9d09
85.43844699385185,42.56155300614404,3782,1542.4993884929872,0.5,1.0,"(2, 2)",6050ea8a95817a2bfddc9d09
84.99650525561046,43.00349474438556,3783,1543.124388492987,0.5,1.0,"(2, 2)",6050ea8a95817a2bfddc9d09
84.55456351736908,43.44543648262709,3784,1543.7493884929868,0.5,1.0,"(2, 2)",6050ea8a95817a2bfddc9d09
84.11262177912769,43.88737822086861,3785,1544.3743884929866,0.5,1.0,"(2, 2)",6050ea8a95817a2bfddc9d09
83.6706800408863,44.32931995911014,3786,1544.9993884929863,0.5,1.0,"(2, 2)",6050ea8a95817a2bfddc9d09
83.2287383026449,44.77126169735166,3787,1545.624388492986,0.5,1.0,"(2, 2)",6050ea8a95817a2bfddc9d09
82.78679656440352,45.213203435593186,3788,1546.2493884929859,0.5,1.0,"(2, 2)",6050ea8a95817a2bfddc9d09
82.34485482616213,45.65514517383471,3789,1546.8743884929856,0.5,1.0,"(2, 2)",6050ea8a95817a2bfddc9d09
81.90291308792074,46.097086912076236,3790,1547.4993884929854,0.5,1.0,"(2, 2)",6050ea8a95817a2bfddc9d09
81.46097134967935,46.53902865031776,3791,1548.1243884929852,0.5,1.0,"(2, 2)",6050ea8a95817a2bfddc9d09
81.01902961143796,46.980970388559285,3792,1548.749388492985,0.5,1.0,"(2, 2)",6050ea8a95817a2bfddc9d09
80.57708787319658,47.42291212680081,3793,1549.3743884929847,0.5,1.0,"(2, 2)",6050ea8a95817a2bfddc9d09
80.13514613495518,47.864853865042335,3794,1549.9993884929845,0.5,1.0,"(2, 2)",6050ea8a95817a2bfddc9d09
79.6932043967138,48.30679560328386,3795,1550.6243884929843,0.5,1.0,"(2, 2)",6050ea8a95817a2bfddc9d09
79.2512626584724,48.748737341525384,3796,1551.249388492984,0.5,1.0,"(2, 2)",6050ea8a95817a2bfddc9d09
78.80932092023102,49.19067907976691,3797,1551.8743884929838,0.5,1.0,"(2, 2)",6050ea8a95817a2bfddc9d09
78.36737918198962,49.632620818008434,3798,1552.4993884929836,0.5,1.0,"(2, 2)",6050ea8a95817a2bfddc9d09
77.92543744374824,50.07456255624996,3799,1553.1243884929834,0.5,1.0,"(2, 2)",6050ea8a95817a2bfddc9d09
77.48349570550684,50.51650429449148,3800,1553.7493884929831,0.5,1.0,"(2, 2)",6050ea8a95817a2bfddc9d09
77.04155396726546,50.95844603273301,3801,1554.374388492983,0.5,1.0,"(2, 2)",6050ea8a95817a2bfddc9d09
76.59961222902406,51.40038777097453,3802,1554.9993884929827,0.5,1.0,"(2, 2)",6050ea8a95817a2bfddc9d09
76.15767049078268,51.84232950921606,3803,1555.6243884929825,0.5,1.0,"(2, 2)",6050ea8a95817a2bfddc9d09
75.71572875254128,52.28427124745758,3804,1556.2493884929822,0.5,1.0,"(2, 2)",6050ea8a95817a2bfddc9d09
75.2737870142999,52.72621298569911,3805,1556.874388492982,0.5,1.0,"(2, 2)",6050ea8a95817a2bfddc9d09
74.8318452760585,53.16815472394063,3806,1557.4993884929818,0.5,1.0,"(2, 2)",6050ea8a95817a2bfddc9d09
74.38990353781712,53.610096462182156,3807,1558.1243884929816,0.5,1.0,"(2, 2)",6050ea8a95817a2bfddc9d09
73.94796179957572,54.05203820042368,3808,1558.7493884929813,0.5,1.0,"(2, 2)",6050ea8a95817a2bfddc9d09
73.50602006133434,54.493979938665206,3809,1559.374388492981,0.5,1.0,"(2, 2)",6050ea8a95817a2bfddc9d09
73.06407832309294,54.93592167690673,3810,1559.9993884929809,0.5,1.0,"(2, 2)",6050ea8a95817a2bfddc9d09
72.62213658485156,55.377863415148255,3811,1560.6243884929806,0.5,1.0,"(2, 2)",6050ea8a95817a2bfddc9d09
72.0,56.0,3812,1561.5042224889264,0.5,1.0,"(2, 2)",6050ea8a95817a2bfddc9d09
72.0,56.0,3813,1561.5042224889264,0.5,1.0,"(2, 2)",6050ea8a95817a2bfddc9d09
72.0,56.0,3814,1561.5042224889264,0.5,1.0,"(2, 2)",6050ea8a95817a2bfddc9d09
72.0,56.0,3815,1561.5042224889264,0.5,1.0,"(2, 2)",6050ea8a95817a2bfddc9d09
72.0,56.0,3816,1561.5042224889264,0.5,1.0,"(2, 2)",6050ea8a95817a2bfddc9d09
72.0,56.0,3817,1561.5042224889264,0.5,1.0,"(2, 2)",6050ea8a95817a2bfddc9d09
72.0,56.0,3818,1561.5042224889264,0.5,1.0,"(2, 2)",6050ea8a95817a2bfddc9d09
72.0,56.0,3819,1561.5042224889264,0.5,1.0,"(2, 2)",6050ea8a95817a2bfddc9d09
72.0,56.0,3820,1561.5042224889264,0.5,1.0,"(2, 2)",6050ea8a95817a2bfddc9d09
72.0,56.0,3821,1561.5042224889264,0.5,1.0,"(2, 2)",6050ea8a95817a2bfddc9d09
72.0,56.0,3822,1561.5042224889264,0.5,1.0,"(2, 2)",6050ea8a95817a2bfddc9d09
72.0,56.0,3823,1561.5042224889264,0.5,1.0,"(2, 2)",6050ea8a95817a2bfddc9d09
72.0,56.0,3824,1561.5042224889264,0.5,1.0,"(2, 2)",6050ea8a95817a2bfddc9d09
72.0,56.0,3825,1561.5042224889264,0.5,1.0,"(2, 2)",6050ea8a95817a2bfddc9d09
72.0,56.0,3826,1561.5042224889264,0.5,1.0,"(2, 2)",6050ea8a95817a2bfddc9d09
72.0,56.0,3827,1561.5042224889264,0.5,1.0,"(2, 2)",6050ea8a95817a2bfddc9d09
72.0,56.0,3828,1561.5042224889264,0.5,1.0,"(2, 2)",6050ea8a95817a2bfddc9d09
72.0,55.37499999999986,3829,1562.1292224889266,0.5,1.0,"(2, 2)",6050ea8a95817a2bfddc9d09
72.0,54.749999999999716,3830,1562.7542224889269,0.5,1.0,"(2, 2)",6050ea8a95817a2bfddc9d09
72.0,54.124999999999574,3831,1563.379222488927,0.5,1.0,"(2, 2)",6050ea8a95817a2bfddc9d09
72.0,53.49999999999943,3832,1564.0042224889273,0.5,1.0,"(2, 2)",6050ea8a95817a2bfddc9d09
72.0,52.87499999999929,3833,1564.6292224889276,0.5,1.0,"(2, 2)",6050ea8a95817a2bfddc9d09
72.0,52.24999999999915,3834,1565.2542224889278,0.5,1.0,"(2, 2)",6050ea8a95817a2bfddc9d09
72.0,51.624999999999005,3835,1565.879222488928,0.5,1.0,"(2, 2)",6050ea8a95817a2bfddc9d09
72.0,50.99999999999886,3836,1566.5042224889282,0.5,1.0,"(2, 2)",6050ea8a95817a2bfddc9d09
72.0,50.37499999999872,3837,1567.1292224889285,0.5,1.0,"(2, 2)",6050ea8a95817a2bfddc9d09
72.0,49.74999999999858,3838,1567.7542224889287,0.5,1.0,"(2, 2)",6050ea8a95817a2bfddc9d09
72.0,49.12499999999844,3839,1568.379222488929,0.5,1.0,"(2, 2)",6050ea8a95817a2bfddc9d09
72.0,48.499999999998295,3840,1569.0042224889291,0.5,1.0,"(2, 2)",6050ea8a95817a2bfddc9d09
72.0,47.87499999999815,3841,1569.6292224889294,0.5,1.0,"(2, 2)",6050ea8a95817a2bfddc9d09
72.0,47.24999999999801,3842,1570.2542224889296,0.5,1.0,"(2, 2)",6050ea8a95817a2bfddc9d09
72.0,46.62499999999787,3843,1570.8792224889298,0.5,1.0,"(2, 2)",6050ea8a95817a2bfddc9d09
72.0,45.999999999997726,3844,1571.50422248893,0.5,1.0,"(2, 2)",6050ea8a95817a2bfddc9d09
72.0,45.374999999997584,3845,1572.1292224889303,0.5,1.0,"(2, 2)",6050ea8a95817a2bfddc9d09
72.0,44.74999999999744,3846,1572.7542224889305,0.5,1.0,"(2, 2)",6050ea8a95817a2bfddc9d09
72.0,44.1249999999973,3847,1573.3792224889307,0.5,1.0,"(2, 2)",6050ea8a95817a2bfddc9d09
72.0,43.49999999999716,3848,1574.004222488931,0.5,1.0,"(2, 2)",6050ea8a95817a2bfddc9d09
72.0,42.874999999997016,3849,1574.6292224889312,0.5,1.0,"(2, 2)",6050ea8a95817a2bfddc9d09
72.0,42.249999999996874,3850,1575.2542224889314,0.5,1.0,"(2, 2)",6050ea8a95817a2bfddc9d09
72.0,41.62499999999673,3851,1575.8792224889316,0.5,1.0,"(2, 2)",6050ea8a95817a2bfddc9d09
72.0,40.99999999999659,3852,1576.5042224889319,0.5,1.0,"(2, 2)",6050ea8a95817a2bfddc9d09
72.0,40.37499999999645,3853,1577.129222488932,0.5,1.0,"(2, 2)",6050ea8a95817a2bfddc9d09
72.0,39.749999999996305,3854,1577.7542224889323,0.5,1.0,"(2, 2)",6050ea8a95817a2bfddc9d09
72.0,39.12499999999616,3855,1578.3792224889326,0.5,1.0,"(2, 2)",6050ea8a95817a2bfddc9d09
72.0,38.49999999999602,3856,1579.0042224889328,0.5,1.0,"(2, 2)",6050ea8a95817a2bfddc9d09
72.0,37.87499999999588,3857,1579.629222488933,0.5,1.0,"(2, 2)",6050ea8a95817a2bfddc9d09
72.0,37.24999999999574,3858,1580.2542224889332,0.5,1.0,"(2, 2)",6050ea8a95817a2bfddc9d09
72.0,36.624999999995595,3859,1580.8792224889335,0.5,1.0,"(2, 2)",6050ea8a95817a2bfddc9d09
72.0,35.99999999999545,3860,1581.5042224889337,0.5,1.0,"(2, 2)",6050ea8a95817a2bfddc9d09
72.0,35.37499999999531,3861,1582.129222488934,0.5,1.0,"(2, 2)",6050ea8a95817a2bfddc9d09
72.0,34.74999999999517,3862,1582.7542224889341,0.5,1.0,"(2, 2)",6050ea8a95817a2bfddc9d09
72.0,34.124999999995026,3863,1583.3792224889344,0.5,1.0,"(2, 2)",6050ea8a95817a2bfddc9d09
72.0,33.499999999994884,3864,1584.0042224889346,0.5,1.0,"(2, 2)",6050ea8a95817a2bfddc9d09
72.0,32.87499999999474,3865,1584.6292224889348,0.5,1.0,"(2, 2)",6050ea8a95817a2bfddc9d09
72.0,32.2499999999946,3866,1585.254222488935,0.5,1.0,"(2, 2)",6050ea8a95817a2bfddc9d09
72.0,31.624999999994458,3867,1585.8792224889353,0.5,1.0,"(2, 2)",6050ea8a95817a2bfddc9d09
72.0,30.999999999994316,3868,1586.5042224889355,0.5,1.0,"(2, 2)",6050ea8a95817a2bfddc9d09
72.0,30.374999999994174,3869,1587.1292224889357,0.5,1.0,"(2, 2)",6050ea8a95817a2bfddc9d09
72.0,29.74999999999403,3870,1587.754222488936,0.5,1.0,"(2, 2)",6050ea8a95817a2bfddc9d09
72.0,29.12499999999389,3871,1588.3792224889362,0.5,1.0,"(2, 2)",6050ea8a95817a2bfddc9d09
72.0,28.499999999993747,3872,1589.0042224889364,0.5,1.0,"(2, 2)",6050ea8a95817a2bfddc9d09
72.0,27.874999999993605,3873,1589.6292224889366,0.5,1.0,"(2, 2)",6050ea8a95817a2bfddc9d09
72.0,27.249999999993463,3874,1590.2542224889369,0.5,1.0,"(2, 2)",6050ea8a95817a2bfddc9d09
72.0,26.62499999999332,3875,1590.879222488937,0.5,1.0,"(2, 2)",6050ea8a95817a2bfddc9d09
72.0,25.99999999999318,3876,1591.5042224889373,0.5,1.0,"(2, 2)",6050ea8a95817a2bfddc9d09
72.0,25.374999999993037,3877,1592.1292224889376,0.5,1.0,"(2, 2)",6050ea8a95817a2bfddc9d09
72.0,24.749999999992895,3878,1592.7542224889378,0.5,1.0,"(2, 2)",6050ea8a95817a2bfddc9d09
72.0,24.0,3879,1593.5042224889307,0.5,1.0,"(2, 2)",6050ea8a95817a2bfddc9d09
72.0,24.0,3880,1593.5042224889307,0.5,1.0,"(2, 2)",6050ea8a95817a2bfddc9d09
72.0,24.0,3881,1593.5042224889307,0.5,1.0,"(2, 2)",6050ea8a95817a2bfddc9d09
72.0,24.0,3882,1593.5042224889307,0.5,1.0,"(2, 2)",6050ea8a95817a2bfddc9d09
72.0,24.0,3883,1593.5042224889307,0.5,1.0,"(2, 2)",6050ea8a95817a2bfddc9d09
72.0,24.0,3884,1593.5042224889307,0.5,1.0,"(2, 2)",6050ea8a95817a2bfddc9d09
72.0,24.0,3885,1593.5042224889307,0.5,1.0,"(2, 2)",6050ea8a95817a2bfddc9d09
72.0,24.0,3886,1593.5042224889307,0.5,1.0,"(2, 2)",6050ea8a95817a2bfddc9d09
72.0,24.0,3887,1593.5042224889307,0.5,1.0,"(2, 2)",6050ea8a95817a2bfddc9d09
72.0,24.0,3888,1593.5042224889307,0.5,1.0,"(2, 2)",6050ea8a95817a2bfddc9d09
72.0,24.0,3889,1593.5042224889307,0.5,1.0,"(2, 2)",6050ea8a95817a2bfddc9d09
72.0,24.0,3890,1593.5042224889307,0.5,1.0,"(2, 2)",6050ea8a95817a2bfddc9d09
72.0,24.0,3891,1593.5042224889307,0.5,1.0,"(2, 2)",6050ea8a95817a2bfddc9d09
72.0,24.0,3892,1593.5042224889307,0.5,1.0,"(2, 2)",6050ea8a95817a2bfddc9d09
72.0,24.0,3893,1593.5042224889307,0.5,1.0,"(2, 2)",6050ea8a95817a2bfddc9d09
72.0,24.0,3894,1593.5042224889307,0.5,1.0,"(2, 2)",6050ea8a95817a2bfddc9d09
72.0,24.0,3895,1593.5042224889307,0.5,1.0,"(2, 2)",6050ea8a95817a2bfddc9d09
72.0,24.0,3896,1593.5042224889307,0.5,1.0,"(2, 2)",6050ea8a95817a2bfddc9d09
72.0,24.0,3897,1593.5042224889307,0.5,1.0,"(2, 2)",6050ea8a95817a2bfddc9d09
72.0,24.0,3898,1593.5042224889307,0.5,1.0,"(2, 2)",6050ea8a95817a2bfddc9d09
72.0,24.625000000000142,3899,1594.129222488931,0.5,1.0,"(2, 2)",6050ea8a95817a2bfddc9d09
72.0,25.250000000000284,3900,1594.7542224889312,0.5,1.0,"(2, 2)",6050ea8a95817a2bfddc9d09
72.0,25.875000000000426,3901,1595.3792224889314,0.5,1.0,"(2, 2)",6050ea8a95817a2bfddc9d09
72.0,26.50000000000057,3902,1596.0042224889316,0.5,1.0,"(2, 2)",6050ea8a95817a2bfddc9d09
72.0,27.12500000000071,3903,1596.6292224889319,0.5,1.0,"(2, 2)",6050ea8a95817a2bfddc9d09
72.0,27.750000000000853,3904,1597.254222488932,0.5,1.0,"(2, 2)",6050ea8a95817a2bfddc9d09
72.0,28.375000000000995,3905,1597.8792224889323,0.5,1.0,"(2, 2)",6050ea8a95817a2bfddc9d09
72.0,29.000000000001137,3906,1598.5042224889326,0.5,1.0,"(2, 2)",6050ea8a95817a2bfddc9d09
72.0,29.62500000000128,3907,1599.1292224889328,0.5,1.0,"(2, 2)",6050ea8a95817a2bfddc9d09
72.0,30.25000000000142,3908,1599.754222488933,0.5,1.0,"(2, 2)",6050ea8a95817a2bfddc9d09
72.0,30.875000000001563,3909,1600.3792224889332,0.5,1.0,"(2, 2)",6050ea8a95817a2bfddc9d09
72.0,31.500000000001705,3910,1601.0042224889335,0.5,1.0,"(2, 2)",6050ea8a95817a2bfddc9d09
72.0,32.12500000000185,3911,1601.6292224889337,0.5,1.0,"(2, 2)",6050ea8a95817a2bfddc9d09
72.0,32.75000000000199,3912,1602.254222488934,0.5,1.0,"(2, 2)",6050ea8a95817a2bfddc9d09
72.0,33.37500000000213,3913,1602.8792224889341,0.5,1.0,"(2, 2)",6050ea8a95817a2bfddc9d09
72.0,34.000000000002274,3914,1603.5042224889344,0.5,1.0,"(2, 2)",6050ea8a95817a2bfddc9d09
72.0,34.625000000002416,3915,1604.1292224889346,0.5,1.0,"(2, 2)",6050ea8a95817a2bfddc9d09
72.0,35.25000000000256,3916,1604.7542224889348,0.5,1.0,"(2, 2)",6050ea8a95817a2bfddc9d09
72.0,35.8750000000027,3917,1605.379222488935,0.5,1.0,"(2, 2)",6050ea8a95817a2bfddc9d09
72.0,36.50000000000284,3918,1606.0042224889353,0.5,1.0,"(2, 2)",6050ea8a95817a2bfddc9d09
72.0,37.125000000002984,3919,1606.6292224889355,0.5,1.0,"(2, 2)",6050ea8a95817a2bfddc9d09
72.0,37.750000000003126,3920,1607.2542224889357,0.5,1.0,"(2, 2)",6050ea8a95817a2bfddc9d09
72.0,38.37500000000327,3921,1607.879222488936,0.5,1.0,"(2, 2)",6050ea8a95817a2bfddc9d09
72.0,39.00000000000341,3922,1608.5042224889362,0.5,1.0,"(2, 2)",6050ea8a95817a2bfddc9d09
72.0,39.62500000000355,3923,1609.1292224889364,0.5,1.0,"(2, 2)",6050ea8a95817a2bfddc9d09
72.0,40.250000000003695,3924,1609.7542224889366,0.5,1.0,"(2, 2)",6050ea8a95817a2bfddc9d09
72.0,40.87500000000384,3925,1610.3792224889369,0.5,1.0,"(2, 2)",6050ea8a95817a2bfddc9d09
72.0,41.50000000000398,3926,1611.004222488937,0.5,1.0,"(2, 2)",6050ea8a95817a2bfddc9d09
72.0,42.12500000000412,3927,1611.6292224889373,0.5,1.0,"(2, 2)",6050ea8a95817a2bfddc9d09
72.0,42.75000000000426,3928,1612.2542224889376,0.5,1.0,"(2, 2)",6050ea8a95817a2bfddc9d09
72.0,43.375000000004405,3929,1612.8792224889378,0.5,1.0,"(2, 2)",6050ea8a95817a2bfddc9d09
72.0,44.00000000000455,3930,1613.504222488938,0.5,1.0,"(2, 2)",6050ea8a95817a2bfddc9d09
72.0,44.62500000000469,3931,1614.1292224889382,0.5,1.0,"(2, 2)",6050ea8a95817a2bfddc9d09
72.0,45.25000000000483,3932,1614.7542224889385,0.5,1.0,"(2, 2)",6050ea8a95817a2bfddc9d09
72.0,45.875000000004974,3933,1615.3792224889387,0.5,1.0,"(2, 2)",6050ea8a95817a2bfddc9d09
72.0,46.500000000005116,3934,1616.004222488939,0.5,1.0,"(2, 2)",6050ea8a95817a2bfddc9d09
72.0,47.12500000000526,3935,1616.6292224889391,0.5,1.0,"(2, 2)",6050ea8a95817a2bfddc9d09
72.0,47.7500000000054,3936,1617.2542224889394,0.5,1.0,"(2, 2)",6050ea8a95817a2bfddc9d09
72.0,48.37500000000554,3937,1617.8792224889396,0.5,1.0,"(2, 2)",6050ea8a95817a2bfddc9d09
72.0,49.000000000005684,3938,1618.5042224889398,0.5,1.0,"(2, 2)",6050ea8a95817a2bfddc9d09
72.0,49.62500000000583,3939,1619.12922248894,0.5,1.0,"(2, 2)",6050ea8a95817a2bfddc9d09
72.0,50.25000000000597,3940,1619.7542224889403,0.5,1.0,"(2, 2)",6050ea8a95817a2bfddc9d09
72.0,50.87500000000611,3941,1620.3792224889405,0.5,1.0,"(2, 2)",6050ea8a95817a2bfddc9d09
72.0,51.50000000000625,3942,1621.0042224889407,0.5,1.0,"(2, 2)",6050ea8a95817a2bfddc9d09
72.0,52.125000000006395,3943,1621.629222488941,0.5,1.0,"(2, 2)",6050ea8a95817a2bfddc9d09
72.0,52.75000000000654,3944,1622.2542224889412,0.5,1.0,"(2, 2)",6050ea8a95817a2bfddc9d09
72.0,53.37500000000668,3945,1622.8792224889414,0.5,1.0,"(2, 2)",6050ea8a95817a2bfddc9d09
72.0,54.00000000000682,3946,1623.5042224889417,0.5,1.0,"(2, 2)",6050ea8a95817a2bfddc9d09
72.0,54.62500000000696,3947,1624.1292224889419,0.5,1.0,"(2, 2)",6050ea8a95817a2bfddc9d09
72.0,55.250000000007105,3948,1624.754222488942,0.5,1.0,"(2, 2)",6050ea8a95817a2bfddc9d09
72.0,55.87500000000725,3949,1625.3792224889423,0.5,1.0,"(2, 2)",6050ea8a95817a2bfddc9d09
72.0,56.50000000000739,3950,1626.0042224889426,0.5,1.0,"(2, 2)",6050ea8a95817a2bfddc9d09
72.0,57.12500000000753,3951,1626.6292224889428,0.5,1.0,"(2, 2)",6050ea8a95817a2bfddc9d09
72.0,57.750000000007674,3952,1627.254222488943,0.5,1.0,"(2, 2)",6050ea8a95817a2bfddc9d09
72.0,58.375000000007816,3953,1627.8792224889432,0.5,1.0,"(2, 2)",6050ea8a95817a2bfddc9d09
72.0,59.00000000000796,3954,1628.5042224889435,0.5,1.0,"(2, 2)",6050ea8a95817a2bfddc9d09
72.0,59.6250000000081,3955,1629.1292224889437,0.5,1.0,"(2, 2)",6050ea8a95817a2bfddc9d09
72.0,60.25000000000824,3956,1629.754222488944,0.5,1.0,"(2, 2)",6050ea8a95817a2bfddc9d09
72.0,60.875000000008384,3957,1630.3792224889442,0.5,1.0,"(2, 2)",6050ea8a95817a2bfddc9d09
72.0,61.50000000000853,3958,1631.0042224889444,0.5,1.0,"(2, 2)",6050ea8a95817a2bfddc9d09
72.0,62.12500000000867,3959,1631.6292224889446,0.5,1.0,"(2, 2)",6050ea8a95817a2bfddc9d09
72.0,62.75000000000881,3960,1632.2542224889448,0.5,1.0,"(2, 2)",6050ea8a95817a2bfddc9d09
72.0,63.37500000000895,3961,1632.879222488945,0.5,1.0,"(2, 2)",6050ea8a95817a2bfddc9d09
72.0,64.0000000000091,3962,1633.5042224889453,0.5,1.0,"(2, 2)",6050ea8a95817a2bfddc9d09
72.0,64.62500000000853,3963,1634.1292224889448,0.5,1.0,"(2, 2)",6050ea8a95817a2bfddc9d09
72.0,65.25000000000796,3964,1634.7542224889444,0.5,1.0,"(2, 2)",6050ea8a95817a2bfddc9d09
72.0,65.87500000000739,3965,1635.379222488944,0.5,1.0,"(2, 2)",6050ea8a95817a2bfddc9d09
72.0,66.50000000000682,3966,1636.0042224889435,0.5,1.0,"(2, 2)",6050ea8a95817a2bfddc9d09
72.0,67.12500000000625,3967,1636.629222488943,0.5,1.0,"(2, 2)",6050ea8a95817a2bfddc9d09
72.0,67.75000000000568,3968,1637.2542224889426,0.5,1.0,"(2, 2)",6050ea8a95817a2bfddc9d09
72.0,68.37500000000512,3969,1637.879222488942,0.5,1.0,"(2, 2)",6050ea8a95817a2bfddc9d09
72.0,69.00000000000455,3970,1638.5042224889417,0.5,1.0,"(2, 2)",6050ea8a95817a2bfddc9d09
72.0,69.62500000000398,3971,1639.1292224889412,0.5,1.0,"(2, 2)",6050ea8a95817a2bfddc9d09
72.0,70.25000000000341,3972,1639.7542224889407,0.5,1.0,"(2, 2)",6050ea8a95817a2bfddc9d09
72.0,70.87500000000284,3973,1640.3792224889403,0.5,1.0,"(2, 2)",6050ea8a95817a2bfddc9d09
72.0,71.50000000000227,3974,1641.0042224889398,0.5,1.0,"(2, 2)",6050ea8a95817a2bfddc9d09
72.0,72.0,3975,1641.5042224889376,0.5,1.0,"(2, 2)",6050ea8a95817a2bfddc9d09
72.0,72.0,3976,1641.5042224889376,0.5,1.0,"(2, 2)",6050ea8a95817a2bfddc9d09
72.0,72.0,3977,1641.5042224889376,0.5,1.0,"(2, 2)",6050ea8a95817a2bfddc9d09
72.0,72.0,3978,1641.5042224889376,0.5,1.0,"(2, 2)",6050ea8a95817a2bfddc9d09
72.0,72.0,3979,1641.5042224889376,0.5,1.0,"(2, 2)",6050ea8a95817a2bfddc9d09
72.0,72.0,3980,1641.5042224889376,0.5,1.0,"(2, 2)",6050ea8a95817a2bfddc9d09
72.0,72.0,3981,1641.5042224889376,0.5,1.0,"(2, 2)",6050ea8a95817a2bfddc9d09
72.0,72.0,3982,1641.5042224889376,0.5,1.0,"(2, 2)",6050ea8a95817a2bfddc9d09
72.0,72.0,3983,1641.5042224889376,0.5,1.0,"(2, 2)",6050ea8a95817a2bfddc9d09
72.0,71.37500000000057,3984,1642.129222488937,0.5,1.0,"(2, 2)",6050ea8a95817a2bfddc9d09
72.0,70.75000000000114,3985,1642.7542224889366,0.5,1.0,"(2, 2)",6050ea8a95817a2bfddc9d09
72.0,70.1250000000017,3986,1643.3792224889362,0.5,1.0,"(2, 2)",6050ea8a95817a2bfddc9d09
72.0,69.50000000000227,3987,1644.0042224889357,0.5,1.0,"(2, 2)",6050ea8a95817a2bfddc9d09
72.0,68.87500000000284,3988,1644.6292224889353,0.5,1.0,"(2, 2)",6050ea8a95817a2bfddc9d09
72.0,68.25000000000341,3989,1645.2542224889348,0.5,1.0,"(2, 2)",6050ea8a95817a2bfddc9d09
72.0,67.62500000000398,3990,1645.8792224889344,0.5,1.0,"(2, 2)",6050ea8a95817a2bfddc9d09
72.0,67.00000000000455,3991,1646.504222488934,0.5,1.0,"(2, 2)",6050ea8a95817a2bfddc9d09
72.0,66.37500000000512,3992,1647.1292224889335,0.5,1.0,"(2, 2)",6050ea8a95817a2bfddc9d09
72.0,65.75000000000568,3993,1647.754222488933,0.5,1.0,"(2, 2)",6050ea8a95817a2bfddc9d09
72.0,65.12500000000625,3994,1648.3792224889326,0.5,1.0,"(2, 2)",6050ea8a95817a2bfddc9d09
72.0,64.50000000000682,3995,1649.004222488932,0.5,1.0,"(2, 2)",6050ea8a95817a2bfddc9d09
72.0,63.87500000000725,3996,1649.6292224889316,0.5,1.0,"(2, 2)",6050ea8a95817a2bfddc9d09
72.0,63.250000000007105,3997,1650.2542224889319,0.5,1.0,"(2, 2)",6050ea8a95817a2bfddc9d09
72.0,62.62500000000696,3998,1650.879222488932,0.5,1.0,"(2, 2)",6050ea8a95817a2bfddc9d09
72.0,62.00000000000682,3999,1651.5042224889323,0.5,1.0,"(2, 2)",6050ea8a95817a2bfddc9d09
72.0,61.37500000000668,4000,1652.1292224889326,0.5,1.0,"(2, 2)",6050ea8a95817a2bfddc9d09
72.0,60.75000000000654,4001,1652.7542224889328,0.5,1.0,"(2, 2)",6050ea8a95817a2bfddc9d09
72.0,60.125000000006395,4002,1653.379222488933,0.5,1.0,"(2, 2)",6050ea8a95817a2bfddc9d09
72.0,59.50000000000625,4003,1654.0042224889332,0.5,1.0,"(2, 2)",6050ea8a95817a2bfddc9d09
72.0,58.87500000000611,4004,1654.6292224889335,0.5,1.0,"(2, 2)",6050ea8a95817a2bfddc9d09
72.0,58.25000000000597,4005,1655.2542224889337,0.5,1.0,"(2, 2)",6050ea8a95817a2bfddc9d09
72.0,57.62500000000583,4006,1655.879222488934,0.5,1.0,"(2, 2)",6050ea8a95817a2bfddc9d09
72.0,57.000000000005684,4007,1656.5042224889341,0.5,1.0,"(2, 2)",6050ea8a95817a2bfddc9d09
72.0,56.37500000000554,4008,1657.1292224889344,0.5,1.0,"(2, 2)",6050ea8a95817a2bfddc9d09
72.0,55.7500000000054,4009,1657.7542224889346,0.5,1.0,"(2, 2)",6050ea8a95817a2bfddc9d09
72.0,55.12500000000526,4010,1658.3792224889348,0.5,1.0,"(2, 2)",6050ea8a95817a2bfddc9d09
72.0,54.500000000005116,4011,1659.004222488935,0.5,1.0,"(2, 2)",6050ea8a95817a2bfddc9d09
72.0,53.875000000004974,4012,1659.6292224889353,0.5,1.0,"(2, 2)",6050ea8a95817a2bfddc9d09
72.0,53.25000000000483,4013,1660.2542224889355,0.5,1.0,"(2, 2)",6050ea8a95817a2bfddc9d09
72.0,52.62500000000469,4014,1660.8792224889357,0.5,1.0,"(2, 2)",6050ea8a95817a2bfddc9d09
72.0,52.00000000000455,4015,1661.504222488936,0.5,1.0,"(2, 2)",6050ea8a95817a2bfddc9d09
72.0,51.375000000004405,4016,1662.1292224889362,0.5,1.0,"(2, 2)",6050ea8a95817a2bfddc9d09
72.0,50.75000000000426,4017,1662.7542224889364,0.5,1.0,"(2, 2)",6050ea8a95817a2bfddc9d09
72.0,50.12500000000412,4018,1663.3792224889366,0.5,1.0,"(2, 2)",6050ea8a95817a2bfddc9d09
72.0,49.50000000000398,4019,1664.0042224889369,0.5,1.0,"(2, 2)",6050ea8a95817a2bfddc9d09
72.0,48.87500000000384,4020,1664.629222488937,0.5,1.0,"(2, 2)",6050ea8a95817a2bfddc9d09
72.0,48.250000000003695,4021,1665.2542224889373,0.5,1.0,"(2, 2)",6050ea8a95817a2bfddc9d09
72.0,47.62500000000355,4022,1665.8792224889376,0.5,1.0,"(2, 2)",6050ea8a95817a2bfddc9d09
72.0,47.00000000000341,4023,1666.5042224889378,0.5,1.0,"(2, 2)",6050ea8a95817a2bfddc9d09
72.0,46.37500000000327,4024,1667.129222488938,0.5,1.0,"(2, 2)",6050ea8a95817a2bfddc9d09
72.0,45.750000000003126,4025,1667.7542224889382,0.5,1.0,"(2, 2)",6050ea8a95817a2bfddc9d09
72.0,45.125000000002984,4026,1668.3792224889385,0.5,1.0,"(2, 2)",6050ea8a95817a2bfddc9d09
72.0,44.50000000000284,4027,1669.0042224889387,0.5,1.0,"(2, 2)",6050ea8a95817a2bfddc9d09
72.0,43.8750000000027,4028,1669.629222488939,0.5,1.0,"(2, 2)",6050ea8a95817a2bfddc9d09
72.0,43.25000000000256,4029,1670.2542224889391,0.5,1.0,"(2, 2)",6050ea8a95817a2bfddc9d09
72.0,42.625000000002416,4030,1670.8792224889394,0.5,1.0,"(2, 2)",6050ea8a95817a2bfddc9d09
72.0,42.000000000002274,4031,1671.5042224889396,0.5,1.0,"(2, 2)",6050ea8a95817a2bfddc9d09
72.0,41.37500000000213,4032,1672.1292224889398,0.5,1.0,"(2, 2)",6050ea8a95817a2bfddc9d09
72.0,40.75000000000199,4033,1672.75422248894,0.5,1.0,"(2, 2)",6050ea8a95817a2bfddc9d09
72.0,40.12500000000185,4034,1673.3792224889403,0.5,1.0,"(2, 2)",6050ea8a95817a2bfddc9d09
72.0,39.500000000001705,4035,1674.0042224889405,0.5,1.0,"(2, 2)",6050ea8a95817a2bfddc9d09
72.0,38.87500000000156,4036,1674.6292224889407,0.5,1.0,"(2, 2)",6050ea8a95817a2bfddc9d09
72.0,38.25000000000142,4037,1675.254222488941,0.5,1.0,"(2, 2)",6050ea8a95817a2bfddc9d09
72.0,37.62500000000128,4038,1675.8792224889412,0.5,1.0,"(2, 2)",6050ea8a95817a2bfddc9d09
72.0,37.00000000000114,4039,1676.5042224889414,0.5,1.0,"(2, 2)",6050ea8a95817a2bfddc9d09
72.0,36.375000000000995,4040,1677.1292224889417,0.5,1.0,"(2, 2)",6050ea8a95817a2bfddc9d09
72.0,35.75000000000085,4041,1677.7542224889419,0.5,1.0,"(2, 2)",6050ea8a95817a2bfddc9d09
72.0,35.12500000000071,4042,1678.379222488942,0.5,1.0,"(2, 2)",6050ea8a95817a2bfddc9d09
72.0,34.50000000000057,4043,1679.0042224889423,0.5,1.0,"(2, 2)",6050ea8a95817a2bfddc9d09
72.0,33.875000000000426,4044,1679.6292224889426,0.5,1.0,"(2, 2)",6050ea8a95817a2bfddc9d09
72.0,33.250000000000284,4045,1680.2542224889428,0.5,1.0,"(2, 2)",6050ea8a95817a2bfddc9d09
72.0,32.62500000000014,4046,1680.879222488943,0.5,1.0,"(2, 2)",6050ea8a95817a2bfddc9d09
72.0,32.0,4047,1681.5042224889432,0.5,1.0,"(2, 2)",6050ea8a95817a2bfddc9d09
72.0,31.374999999999858,4048,1682.1292224889435,0.5,1.0,"(2, 2)",6050ea8a95817a2bfddc9d09
72.0,30.749999999999716,4049,1682.7542224889437,0.5,1.0,"(2, 2)",6050ea8a95817a2bfddc9d09
72.0,30.124999999999574,4050,1683.379222488944,0.5,1.0,"(2, 2)",6050ea8a95817a2bfddc9d09
72.0,29.49999999999943,4051,1684.0042224889442,0.5,1.0,"(2, 2)",6050ea8a95817a2bfddc9d09
72.0,28.87499999999929,4052,1684.6292224889444,0.5,1.0,"(2, 2)",6050ea8a95817a2bfddc9d09
72.0,28.249999999999147,4053,1685.2542224889446,0.5,1.0,"(2, 2)",6050ea8a95817a2bfddc9d09
72.0,27.624999999999005,4054,1685.8792224889448,0.5,1.0,"(2, 2)",6050ea8a95817a2bfddc9d09
72.0,26.999999999998863,4055,1686.504222488945,0.5,1.0,"(2, 2)",6050ea8a95817a2bfddc9d09
72.0,26.37499999999872,4056,1687.1292224889453,0.5,1.0,"(2, 2)",6050ea8a95817a2bfddc9d09
72.0,25.74999999999858,4057,1687.7542224889455,0.5,1.0,"(2, 2)",6050ea8a95817a2bfddc9d09
72.0,25.124999999998437,4058,1688.3792224889457,0.5,1.0,"(2, 2)",6050ea8a95817a2bfddc9d09
72.0,24.499999999998295,4059,1689.004222488946,0.5,1.0,"(2, 2)",6050ea8a95817a2bfddc9d09
72.0,24.0,4060,1689.5042224889444,0.5,1.0,"(2, 2)",6050ea8a95817a2bfddc9d09
72.0,24.0,4061,1689.5042224889444,0.5,1.0,"(2, 2)",6050ea8a95817a2bfddc9d09
72.0,24.0,4062,1689.5042224889444,0.5,1.0,"(2, 2)",6050ea8a95817a2bfddc9d09
72.0,24.0,4063,1689.5042224889444,0.5,1.0,"(2, 2)",6050ea8a95817a2bfddc9d09
72.0,24.0,4064,1689.5042224889444,0.5,1.0,"(2, 2)",6050ea8a95817a2bfddc9d09
72.0,24.0,4065,1689.5042224889444,0.5,1.0,"(2, 2)",6050ea8a95817a2bfddc9d09
72.0,24.0,4066,1689.5042224889444,0.5,1.0,"(2, 2)",6050ea8a95817a2bfddc9d09
72.0,24.0,4067,1689.5042224889444,0.5,1.0,"(2, 2)",6050ea8a95817a2bfddc9d09
72.0,24.0,4068,1689.5042224889444,0.5,1.0,"(2, 2)",6050ea8a95817a2bfddc9d09
72.0,24.0,4069,1689.5042224889444,0.5,1.0,"(2, 2)",6050ea8a95817a2bfddc9d09
72.0,24.0,4070,1689.5042224889444,0.5,1.0,"(2, 2)",6050ea8a95817a2bfddc9d09
72.0,24.0,4071,1689.5042224889444,0.5,1.0,"(2, 2)",6050ea8a95817a2bfddc9d09
72.0,24.0,4072,1689.5042224889444,0.5,1.0,"(2, 2)",6050ea8a95817a2bfddc9d09
72.0,24.0,4073,1689.5042224889444,0.5,1.0,"(2, 2)",6050ea8a95817a2bfddc9d09
72.0,24.0,4074,1689.5042224889444,0.5,1.0,"(2, 2)",6050ea8a95817a2bfddc9d09
72.0,24.0,4075,1689.5042224889444,0.5,1.0,"(2, 2)",6050ea8a95817a2bfddc9d09
72.0,24.0,4076,1689.5042224889444,0.5,1.0,"(2, 2)",6050ea8a95817a2bfddc9d09
72.0,24.0,4077,1689.5042224889444,0.5,1.0,"(2, 2)",6050ea8a95817a2bfddc9d09
72.0,24.0,4078,1689.5042224889444,0.5,1.0,"(2, 2)",6050ea8a95817a2bfddc9d09
72.0,24.0,4079,1689.5042224889444,0.5,1.0,"(2, 2)",6050ea8a95817a2bfddc9d09
72.0,24.0,4080,1689.5042224889444,0.5,1.0,"(2, 2)",6050ea8a95817a2bfddc9d09
72.0,24.0,4081,1689.5042224889444,0.5,1.0,"(2, 2)",6050ea8a95817a2bfddc9d09
72.0,24.0,4082,1689.5042224889444,0.5,1.0,"(2, 2)",6050ea8a95817a2bfddc9d09
72.0,24.625000000000142,4083,1690.1292224889446,0.5,1.0,"(2, 2)",6050ea8a95817a2bfddc9d09
72.0,25.250000000000284,4084,1690.7542224889448,0.5,1.0,"(2, 2)",6050ea8a95817a2bfddc9d09
72.0,25.875000000000426,4085,1691.379222488945,0.5,1.0,"(2, 2)",6050ea8a95817a2bfddc9d09
72.0,26.50000000000057,4086,1692.0042224889453,0.5,1.0,"(2, 2)",6050ea8a95817a2bfddc9d09
72.0,27.12500000000071,4087,1692.6292224889455,0.5,1.0,"(2, 2)",6050ea8a95817a2bfddc9d09
72.0,27.750000000000853,4088,1693.2542224889457,0.5,1.0,"(2, 2)",6050ea8a95817a2bfddc9d09
72.0,28.375000000000995,4089,1693.879222488946,0.5,1.0,"(2, 2)",6050ea8a95817a2bfddc9d09
72.0,29.000000000001137,4090,1694.5042224889462,0.5,1.0,"(2, 2)",6050ea8a95817a2bfddc9d09
72.0,29.62500000000128,4091,1695.1292224889464,0.5,1.0,"(2, 2)",6050ea8a95817a2bfddc9d09
72.0,30.25000000000142,4092,1695.7542224889467,0.5,1.0,"(2, 2)",6050ea8a95817a2bfddc9d09
72.0,30.875000000001563,4093,1696.3792224889469,0.5,1.0,"(2, 2)",6050ea8a95817a2bfddc9d09
72.0,31.500000000001705,4094,1697.004222488947,0.5,1.0,"(2, 2)",6050ea8a95817a2bfddc9d09
72.0,32.12500000000185,4095,1697.6292224889473,0.5,1.0,"(2, 2)",6050ea8a95817a2bfddc9d09
72.0,32.75000000000199,4096,1698.2542224889476,0.5,1.0,"(2, 2)",6050ea8a95817a2bfddc9d09
72.0,33.37500000000213,4097,1698.8792224889478,0.5,1.0,"(2, 2)",6050ea8a95817a2bfddc9d09
72.0,34.000000000002274,4098,1699.504222488948,0.5,1.0,"(2, 2)",6050ea8a95817a2bfddc9d09
72.0,34.625000000002416,4099,1700.1292224889482,0.5,1.0,"(2, 2)",6050ea8a95817a2bfddc9d09
72.0,35.25000000000256,4100,1700.7542224889485,0.5,1.0,"(2, 2)",6050ea8a95817a2bfddc9d09
72.0,35.8750000000027,4101,1701.3792224889487,0.5,1.0,"(2, 2)",6050ea8a95817a2bfddc9d09
72.0,36.50000000000284,4102,1702.004222488949,0.5,1.0,"(2, 2)",6050ea8a95817a2bfddc9d09
72.0,37.125000000002984,4103,1702.6292224889492,0.5,1.0,"(2, 2)",6050ea8a95817a2bfddc9d09
72.0,37.750000000003126,4104,1703.2542224889494,0.5,1.0,"(2, 2)",6050ea8a95817a2bfddc9d09
72.0,38.37500000000327,4105,1703.8792224889496,0.5,1.0,"(2, 2)",6050ea8a95817a2bfddc9d09
72.0,39.00000000000341,4106,1704.5042224889498,0.5,1.0,"(2, 2)",6050ea8a95817a2bfddc9d09
72.0,39.62500000000355,4107,1705.12922248895,0.5,1.0,"(2, 2)",6050ea8a95817a2bfddc9d09
72.0,40.250000000003695,4108,1705.7542224889503,0.5,1.0,"(2, 2)",6050ea8a95817a2bfddc9d09
72.0,40.87500000000384,4109,1706.3792224889505,0.5,1.0,"(2, 2)",6050ea8a95817a2bfddc9d09
72.0,41.50000000000398,4110,1707.0042224889507,0.5,1.0,"(2, 2)",6050ea8a95817a2bfddc9d09
72.0,42.12500000000412,4111,1707.629222488951,0.5,1.0,"(2, 2)",6050ea8a95817a2bfddc9d09
72.0,42.75000000000426,4112,1708.2542224889512,0.5,1.0,"(2, 2)",6050ea8a95817a2bfddc9d09
72.0,43.375000000004405,4113,1708.8792224889514,0.5,1.0,"(2, 2)",6050ea8a95817a2bfddc9d09
72.0,44.00000000000455,4114,1709.5042224889517,0.5,1.0,"(2, 2)",6050ea8a95817a2bfddc9d09
72.0,44.62500000000469,4115,1710.1292224889519,0.5,1.0,"(2, 2)",6050ea8a95817a2bfddc9d09
72.0,45.25000000000483,4116,1710.754222488952,0.5,1.0,"(2, 2)",6050ea8a95817a2bfddc9d09
72.0,45.875000000004974,4117,1711.3792224889523,0.5,1.0,"(2, 2)",6050ea8a95817a2bfddc9d09
72.0,46.500000000005116,4118,1712.0042224889526,0.5,1.0,"(2, 2)",6050ea8a95817a2bfddc9d09
72.0,47.12500000000526,4119,1712.6292224889528,0.5,1.0,"(2, 2)",6050ea8a95817a2bfddc9d09
72.0,47.7500000000054,4120,1713.254222488953,0.5,1.0,"(2, 2)",6050ea8a95817a2bfddc9d09
72.0,48.37500000000554,4121,1713.8792224889532,0.5,1.0,"(2, 2)",6050ea8a95817a2bfddc9d09
72.0,49.000000000005684,4122,1714.5042224889535,0.5,1.0,"(2, 2)",6050ea8a95817a2bfddc9d09
72.0,49.62500000000583,4123,1715.1292224889537,0.5,1.0,"(2, 2)",6050ea8a95817a2bfddc9d09
72.0,50.25000000000597,4124,1715.754222488954,0.5,1.0,"(2, 2)",6050ea8a95817a2bfddc9d09
72.0,50.87500000000611,4125,1716.3792224889542,0.5,1.0,"(2, 2)",6050ea8a95817a2bfddc9d09
72.0,51.50000000000625,4126,1717.0042224889544,0.5,1.0,"(2, 2)",6050ea8a95817a2bfddc9d09
72.0,52.125000000006395,4127,1717.6292224889546,0.5,1.0,"(2, 2)",6050ea8a95817a2bfddc9d09
72.0,52.75000000000654,4128,1718.2542224889548,0.5,1.0,"(2, 2)",6050ea8a95817a2bfddc9d09
72.0,53.37500000000668,4129,1718.879222488955,0.5,1.0,"(2, 2)",6050ea8a95817a2bfddc9d09
72.0,54.00000000000682,4130,1719.5042224889553,0.5,1.0,"(2, 2)",6050ea8a95817a2bfddc9d09
72.0,54.62500000000696,4131,1720.1292224889555,0.5,1.0,"(2, 2)",6050ea8a95817a2bfddc9d09
72.0,55.250000000007105,4132,1720.7542224889557,0.5,1.0,"(2, 2)",6050ea8a95817a2bfddc9d09
72.0,55.87500000000725,4133,1721.379222488956,0.5,1.0,"(2, 2)",6050ea8a95817a2bfddc9d09
72.0,56.50000000000739,4134,1722.0042224889562,0.5,1.0,"(2, 2)",6050ea8a95817a2bfddc9d09
72.0,57.12500000000753,4135,1722.6292224889564,0.5,1.0,"(2, 2)",6050ea8a95817a2bfddc9d09
72.0,57.750000000007674,4136,1723.2542224889567,0.5,1.0,"(2, 2)",6050ea8a95817a2bfddc9d09
72.0,58.375000000007816,4137,1723.8792224889569,0.5,1.0,"(2, 2)",6050ea8a95817a2bfddc9d09
72.0,59.00000000000796,4138,1724.504222488957,0.5,1.0,"(2, 2)",6050ea8a95817a2bfddc9d09
72.0,59.6250000000081,4139,1725.1292224889573,0.5,1.0,"(2, 2)",6050ea8a95817a2bfddc9d09
72.0,60.25000000000824,4140,1725.7542224889576,0.5,1.0,"(2, 2)",6050ea8a95817a2bfddc9d09
72.0,60.875000000008384,4141,1726.3792224889578,0.5,1.0,"(2, 2)",6050ea8a95817a2bfddc9d09
72.0,61.50000000000853,4142,1727.004222488958,0.5,1.0,"(2, 2)",6050ea8a95817a2bfddc9d09
72.0,62.12500000000867,4143,1727.6292224889582,0.5,1.0,"(2, 2)",6050ea8a95817a2bfddc9d09
72.0,62.75000000000881,4144,1728.2542224889585,0.5,1.0,"(2, 2)",6050ea8a95817a2bfddc9d09
72.0,63.37500000000895,4145,1728.8792224889587,0.5,1.0,"(2, 2)",6050ea8a95817a2bfddc9d09
72.0,64.0000000000091,4146,1729.504222488959,0.5,1.0,"(2, 2)",6050ea8a95817a2bfddc9d09
72.0,64.62500000000853,4147,1730.1292224889585,0.5,1.0,"(2, 2)",6050ea8a95817a2bfddc9d09
72.0,65.25000000000796,4148,1730.754222488958,0.5,1.0,"(2, 2)",6050ea8a95817a2bfddc9d09
72.0,65.87500000000739,4149,1731.3792224889576,0.5,1.0,"(2, 2)",6050ea8a95817a2bfddc9d09
72.0,66.50000000000682,4150,1732.004222488957,0.5,1.0,"(2, 2)",6050ea8a95817a2bfddc9d09
72.0,67.12500000000625,4151,1732.6292224889567,0.5,1.0,"(2, 2)",6050ea8a95817a2bfddc9d09
72.0,67.75000000000568,4152,1733.2542224889562,0.5,1.0,"(2, 2)",6050ea8a95817a2bfddc9d09
72.0,68.37500000000512,4153,1733.8792224889557,0.5,1.0,"(2, 2)",6050ea8a95817a2bfddc9d09
72.0,69.00000000000455,4154,1734.5042224889553,0.5,1.0,"(2, 2)",6050ea8a95817a2bfddc9d09
72.0,69.62500000000398,4155,1735.1292224889548,0.5,1.0,"(2, 2)",6050ea8a95817a2bfddc9d09
72.0,70.25000000000341,4156,1735.7542224889544,0.5,1.0,"(2, 2)",6050ea8a95817a2bfddc9d09
72.0,70.87500000000284,4157,1736.379222488954,0.5,1.0,"(2, 2)",6050ea8a95817a2bfddc9d09
72.0,71.50000000000227,4158,1737.0042224889535,0.5,1.0,"(2, 2)",6050ea8a95817a2bfddc9d09
72.0,72.0,4159,1737.5042224889512,0.5,1.0,"(2, 2)",6050ea8a95817a2bfddc9d09
72.0,72.0,4160,1737.5042224889512,0.5,1.0,"(2, 2)",6050ea8a95817a2bfddc9d09
72.0,72.0,4161,1737.5042224889512,0.5,1.0,"(2, 2)",6050ea8a95817a2bfddc9d09
72.0,72.0,4162,1737.5042224889512,0.5,1.0,"(2, 2)",6050ea8a95817a2bfddc9d09
72.0,72.0,4163,1737.5042224889512,0.5,1.0,"(2, 2)",6050ea8a95817a2bfddc9d09
72.0,72.0,4164,1737.5042224889512,0.5,1.0,"(2, 2)",6050ea8a95817a2bfddc9d09
72.0,72.0,4165,1737.5042224889512,0.5,1.0,"(2, 2)",6050ea8a95817a2bfddc9d09
72.0,72.0,4166,1737.5042224889512,0.5,1.0,"(2, 2)",6050ea8a95817a2bfddc9d09
72.0,72.0,4167,1737.5042224889512,0.5,1.0,"(2, 2)",6050ea8a95817a2bfddc9d09
72.0,72.0,4168,1737.5042224889512,0.5,1.0,"(2, 2)",6050ea8a95817a2bfddc9d09
72.0,72.0,4169,1737.5042224889512,0.5,1.0,"(2, 2)",6050ea8a95817a2bfddc9d09
72.0,71.37500000000057,4170,1738.1292224889507,0.5,1.0,"(2, 2)",6050ea8a95817a2bfddc9d09
72.0,70.75000000000114,4171,1738.7542224889503,0.5,1.0,"(2, 2)",6050ea8a95817a2bfddc9d09
72.0,70.1250000000017,4172,1739.3792224889498,0.5,1.0,"(2, 2)",6050ea8a95817a2bfddc9d09
72.0,69.50000000000227,4173,1740.0042224889494,0.5,1.0,"(2, 2)",6050ea8a95817a2bfddc9d09
72.0,68.87500000000284,4174,1740.629222488949,0.5,1.0,"(2, 2)",6050ea8a95817a2bfddc9d09
72.0,68.25000000000341,4175,1741.2542224889485,0.5,1.0,"(2, 2)",6050ea8a95817a2bfddc9d09
72.0,67.62500000000398,4176,1741.879222488948,0.5,1.0,"(2, 2)",6050ea8a95817a2bfddc9d09
72.0,67.00000000000455,4177,1742.5042224889476,0.5,1.0,"(2, 2)",6050ea8a95817a2bfddc9d09
72.0,66.37500000000512,4178,1743.129222488947,0.5,1.0,"(2, 2)",6050ea8a95817a2bfddc9d09
72.0,65.75000000000568,4179,1743.7542224889467,0.5,1.0,"(2, 2)",6050ea8a95817a2bfddc9d09
72.0,65.12500000000625,4180,1744.3792224889462,0.5,1.0,"(2, 2)",6050ea8a95817a2bfddc9d09
72.0,64.50000000000682,4181,1745.0042224889457,0.5,1.0,"(2, 2)",6050ea8a95817a2bfddc9d09
72.0,63.87500000000725,4182,1745.6292224889453,0.5,1.0,"(2, 2)",6050ea8a95817a2bfddc9d09
72.0,63.250000000007105,4183,1746.2542224889455,0.5,1.0,"(2, 2)",6050ea8a95817a2bfddc9d09
72.0,62.62500000000696,4184,1746.8792224889457,0.5,1.0,"(2, 2)",6050ea8a95817a2bfddc9d09
72.0,62.00000000000682,4185,1747.504222488946,0.5,1.0,"(2, 2)",6050ea8a95817a2bfddc9d09
72.0,61.37500000000668,4186,1748.1292224889462,0.5,1.0,"(2, 2)",6050ea8a95817a2bfddc9d09
72.0,60.75000000000654,4187,1748.7542224889464,0.5,1.0,"(2, 2)",6050ea8a95817a2bfddc9d09
72.0,60.125000000006395,4188,1749.3792224889467,0.5,1.0,"(2, 2)",6050ea8a95817a2bfddc9d09
72.0,59.50000000000625,4189,1750.0042224889469,0.5,1.0,"(2, 2)",6050ea8a95817a2bfddc9d09
72.0,58.87500000000611,4190,1750.629222488947,0.5,1.0,"(2, 2)",6050ea8a95817a2bfddc9d09
72.0,58.25000000000597,4191,1751.2542224889473,0.5,1.0,"(2, 2)",6050ea8a95817a2bfddc9d09
72.0,57.62500000000583,4192,1751.8792224889476,0.5,1.0,"(2, 2)",6050ea8a95817a2bfddc9d09
72.0,57.000000000005684,4193,1752.5042224889478,0.5,1.0,"(2, 2)",6050ea8a95817a2bfddc9d09
72.0,56.37500000000554,4194,1753.129222488948,0.5,1.0,"(2, 2)",6050ea8a95817a2bfddc9d09
72.0,56.0,4195,1753.5042224889535,0.5,1.0,"(2, 2)",6050ea8a95817a2bfddc9d09
72.0,56.0,4196,1753.5042224889535,0.5,1.0,"(2, 2)",6050ea8a95817a2bfddc9d09
72.0,56.0,4197,1753.5042224889535,0.5,1.0,"(2, 2)",6050ea8a95817a2bfddc9d09
72.0,56.0,4198,1753.5042224889535,0.5,1.0,"(2, 2)",6050ea8a95817a2bfddc9d09
72.0,56.0,4199,1753.5042224889535,0.5,1.0,"(2, 2)",6050ea8a95817a2bfddc9d09
72.0,56.0,4200,1753.5042224889535,0.5,1.0,"(2, 2)",6050ea8a95817a2bfddc9d09
72.0,56.0,4201,1753.5042224889535,0.5,1.0,"(2, 2)",6050ea8a95817a2bfddc9d09
72.0,56.0,4202,1753.5042224889535,0.5,1.0,"(2, 2)",6050ea8a95817a2bfddc9d09
72.0,56.0,4203,1753.5042224889535,0.5,1.0,"(2, 2)",6050ea8a95817a2bfddc9d09
72.0,56.0,4204,1753.5042224889535,0.5,1.0,"(2, 2)",6050ea8a95817a2bfddc9d09
72.0,56.0,4205,1753.5042224889535,0.5,1.0,"(2, 2)",6050ea8a95817a2bfddc9d09
72.0,56.0,4206,1753.5042224889535,0.5,1.0,"(2, 2)",6050ea8a95817a2bfddc9d09
72.0,56.0,4207,1753.5042224889535,0.5,1.0,"(2, 2)",6050ea8a95817a2bfddc9d09
72.0,56.0,4208,1753.5042224889535,0.5,1.0,"(2, 2)",6050ea8a95817a2bfddc9d09
72.0,56.0,4209,1753.5042224889535,0.5,1.0,"(2, 2)",6050ea8a95817a2bfddc9d09
72.0,56.0,4210,1753.5042224889535,0.5,1.0,"(2, 2)",6050ea8a95817a2bfddc9d09
72.62499999999943,56.0,4211,1754.129222488953,0.5,1.0,"(2, 2)",6050ea8a95817a2bfddc9d09
73.24999999999886,56.0,4212,1754.7542224889526,0.5,1.0,"(2, 2)",6050ea8a95817a2bfddc9d09
73.8749999999983,56.0,4213,1755.379222488952,0.5,1.0,"(2, 2)",6050ea8a95817a2bfddc9d09
74.49999999999773,56.0,4214,1756.0042224889517,0.5,1.0,"(2, 2)",6050ea8a95817a2bfddc9d09
75.12499999999716,56.0,4215,1756.6292224889512,0.5,1.0,"(2, 2)",6050ea8a95817a2bfddc9d09
75.74999999999659,56.0,4216,1757.2542224889507,0.5,1.0,"(2, 2)",6050ea8a95817a2bfddc9d09
76.37499999999602,56.0,4217,1757.8792224889503,0.5,1.0,"(2, 2)",6050ea8a95817a2bfddc9d09
76.99999999999545,56.0,4218,1758.5042224889498,0.5,1.0,"(2, 2)",6050ea8a95817a2bfddc9d09
77.62499999999488,56.0,4219,1759.1292224889494,0.5,1.0,"(2, 2)",6050ea8a95817a2bfddc9d09
78.24999999999432,56.0,4220,1759.754222488949,0.5,1.0,"(2, 2)",6050ea8a95817a2bfddc9d09
78.87499999999375,56.0,4221,1760.3792224889485,0.5,1.0,"(2, 2)",6050ea8a95817a2bfddc9d09
79.49999999999318,56.0,4222,1761.004222488948,0.5,1.0,"(2, 2)",6050ea8a95817a2bfddc9d09
80.12499999999261,56.0,4223,1761.6292224889476,0.5,1.0,"(2, 2)",6050ea8a95817a2bfddc9d09
80.74999999999204,56.0,4224,1762.254222488947,0.5,1.0,"(2, 2)",6050ea8a95817a2bfddc9d09
81.37499999999147,56.0,4225,1762.8792224889467,0.5,1.0,"(2, 2)",6050ea8a95817a2bfddc9d09
81.9999999999909,56.0,4226,1763.5042224889462,0.5,1.0,"(2, 2)",6050ea8a95817a2bfddc9d09
82.62499999999034,56.0,4227,1764.1292224889457,0.5,1.0,"(2, 2)",6050ea8a95817a2bfddc9d09
83.24999999998977,56.0,4228,1764.7542224889453,0.5,1.0,"(2, 2)",6050ea8a95817a2bfddc9d09
83.8749999999892,56.0,4229,1765.3792224889448,0.5,1.0,"(2, 2)",6050ea8a95817a2bfddc9d09
84.49999999998863,56.0,4230,1766.0042224889444,0.5,1.0,"(2, 2)",6050ea8a95817a2bfddc9d09
85.12499999998806,56.0,4231,1766.629222488944,0.5,1.0,"(2, 2)",6050ea8a95817a2bfddc9d09
85.7499999999875,56.0,4232,1767.2542224889435,0.5,1.0,"(2, 2)",6050ea8a95817a2bfddc9d09
86.37499999998693,56.0,4233,1767.879222488943,0.5,1.0,"(2, 2)",6050ea8a95817a2bfddc9d09
86.99999999998636,56.0,4234,1768.5042224889426,0.5,1.0,"(2, 2)",6050ea8a95817a2bfddc9d09
87.62499999998579,56.0,4235,1769.129222488942,0.5,1.0,"(2, 2)",6050ea8a95817a2bfddc9d09
88.0,56.0,4236,1769.5042224889562,0.5,1.0,"(2, 2)",6050ea8a95817a2bfddc9d09
88.0,56.0,4237,1769.5042224889562,0.5,1.0,"(2, 2)",6050ea8a95817a2bfddc9d09
88.0,56.0,4238,1769.5042224889562,0.5,1.0,"(2, 2)",6050ea8a95817a2bfddc9d09
88.0,56.0,4239,1769.5042224889562,0.5,1.0,"(2, 2)",6050ea8a95817a2bfddc9d09
88.0,56.0,4240,1769.5042224889562,0.5,1.0,"(2, 2)",6050ea8a95817a2bfddc9d09
88.0,56.0,4241,1769.5042224889562,0.5,1.0,"(2, 2)",6050ea8a95817a2bfddc9d09
88.0,56.0,4242,1769.5042224889562,0.5,1.0,"(2, 2)",6050ea8a95817a2bfddc9d09
88.0,56.0,4243,1769.5042224889562,0.5,1.0,"(2, 2)",6050ea8a95817a2bfddc9d09
88.0,56.0,4244,1769.5042224889562,0.5,1.0,"(2, 2)",6050ea8a95817a2bfddc9d09
88.0,56.0,4245,1769.5042224889562,0.5,1.0,"(2, 2)",6050ea8a95817a2bfddc9d09
88.0,56.0,4246,1769.5042224889562,0.5,1.0,"(2, 2)",6050ea8a95817a2bfddc9d09
88.0,56.0,4247,1769.5042224889562,0.5,1.0,"(2, 2)",6050ea8a95817a2bfddc9d09
88.0,56.0,4248,1769.5042224889562,0.5,1.0,"(2, 2)",6050ea8a95817a2bfddc9d09
88.0,56.0,4249,1769.5042224889562,0.5,1.0,"(2, 2)",6050ea8a95817a2bfddc9d09
88.0,56.0,4250,1769.5042224889562,0.5,1.0,"(2, 2)",6050ea8a95817a2bfddc9d09
88.0,56.0,4251,1769.5042224889562,0.5,1.0,"(2, 2)",6050ea8a95817a2bfddc9d09
88.0,56.0,4252,1769.5042224889562,0.5,1.0,"(2, 2)",6050ea8a95817a2bfddc9d09
88.0,56.0,4253,1769.5042224889562,0.5,1.0,"(2, 2)",6050ea8a95817a2bfddc9d09
88.0,56.0,4254,1769.5042224889562,0.5,1.0,"(2, 2)",6050ea8a95817a2bfddc9d09
88.0,56.0,4255,1769.5042224889562,0.5,1.0,"(2, 2)",6050ea8a95817a2bfddc9d09
87.55805826175776,55.558058261758475,4256,1770.1292224889567,0.5,1.0,"(2, 2)",6050ea8a95817a2bfddc9d09
87.11611652351553,55.11611652351695,4257,1770.754222488957,0.5,1.0,"(2, 2)",6050ea8a95817a2bfddc9d09
86.6741747852733,54.674174785275426,4258,1771.3792224889576,0.5,1.0,"(2, 2)",6050ea8a95817a2bfddc9d09
86.23223304703106,54.2322330470339,4259,1772.004222488958,0.5,1.0,"(2, 2)",6050ea8a95817a2bfddc9d09
85.79029130878882,53.790291308792376,4260,1772.6292224889585,0.5,1.0,"(2, 2)",6050ea8a95817a2bfddc9d09
85.34834957054677,53.34834957055085,4261,1773.2542224889587,0.5,1.0,"(2, 2)",6050ea8a95817a2bfddc9d09
84.90640783230538,52.90640783230933,4262,1773.8792224889585,0.5,1.0,"(2, 2)",6050ea8a95817a2bfddc9d09
84.464466094064,52.4644660940678,4263,1774.5042224889582,0.5,1.0,"(2, 2)",6050ea8a95817a2bfddc9d09
84.02252435582261,52.02252435582628,4264,1775.129222488958,0.5,1.0,"(2, 2)",6050ea8a95817a2bfddc9d09
83.58058261758121,51.58058261758475,4265,1775.7542224889578,0.5,1.0,"(2, 2)",6050ea8a95817a2bfddc9d09
83.13864087933982,51.13864087934323,4266,1776.3792224889576,0.5,1.0,"(2, 2)",6050ea8a95817a2bfddc9d09
82.69669914109843,50.6966991411017,4267,1777.0042224889573,0.5,1.0,"(2, 2)",6050ea8a95817a2bfddc9d09
82.25475740285705,50.25475740286018,4268,1777.629222488957,0.5,1.0,"(2, 2)",6050ea8a95817a2bfddc9d09
81.81281566461566,49.812815664618654,4269,1778.2542224889569,0.5,1.0,"(2, 2)",6050ea8a95817a2bfddc9d09
81.37087392637426,49.37087392637713,4270,1778.8792224889567,0.5,1.0,"(2, 2)",6050ea8a95817a2bfddc9d09
80.92893218813288,48.928932188135605,4271,1779.5042224889564,0.5,1.0,"(2, 2)",6050ea8a95817a2bfddc9d09
80.4869904498915,48.48699044989408,4272,1780.1292224889562,0.5,1.0,"(2, 2)",6050ea8a95817a2bfddc9d09
80.0450487116501,48.045048711652555,4273,1780.754222488956,0.5,1.0,"(2, 2)",6050ea8a95817a2bfddc9d09
79.6031069734087,47.60310697341103,4274,1781.3792224889557,0.5,1.0,"(2, 2)",6050ea8a95817a2bfddc9d09
79.16116523516732,47.161165235169506,4275,1782.0042224889555,0.5,1.0,"(2, 2)",6050ea8a95817a2bfddc9d09
78.71922349692593,46.71922349692798,4276,1782.6292224889553,0.5,1.0,"(2, 2)",6050ea8a95817a2bfddc9d09
78.27728175868454,46.277281758686456,4277,1783.254222488955,0.5,1.0,"(2, 2)",6050ea8a95817a2bfddc9d09
77.83534002044314,45.83534002044493,4278,1783.8792224889548,0.5,1.0,"(2, 2)",6050ea8a95817a2bfddc9d09
77.39339828220176,45.39339828220341,4279,1784.5042224889546,0.5,1.0,"(2, 2)",6050ea8a95817a2bfddc9d09
76.95145654396038,44.95145654396188,4280,1785.1292224889544,0.5,1.0,"(2, 2)",6050ea8a95817a2bfddc9d09
76.50951480571898,44.50951480572036,4281,1785.7542224889542,0.5,1.0,"(2, 2)",6050ea8a95817a2bfddc9d09
76.06757306747758,44.06757306747883,4282,1786.379222488954,0.5,1.0,"(2, 2)",6050ea8a95817a2bfddc9d09
75.6256313292362,43.62563132923731,4283,1787.0042224889537,0.5,1.0,"(2, 2)",6050ea8a95817a2bfddc9d09
75.18368959099482,43.18368959099578,4284,1787.6292224889535,0.5,1.0,"(2, 2)",6050ea8a95817a2bfddc9d09
74.74174785275342,42.74174785275426,4285,1788.2542224889532,0.5,1.0,"(2, 2)",6050ea8a95817a2bfddc9d09
74.29980611451202,42.299806114512734,4286,1788.879222488953,0.5,1.0,"(2, 2)",6050ea8a95817a2bfddc9d09
73.85786437627064,41.85786437627121,4287,1789.5042224889528,0.5,1.0,"(2, 2)",6050ea8a95817a2bfddc9d09
73.41592263802924,41.415922638029684,4288,1790.1292224889526,0.5,1.0,"(2, 2)",6050ea8a95817a2bfddc9d09
72.97398089978786,40.97398089978816,4289,1790.7542224889523,0.5,1.0,"(2, 2)",6050ea8a95817a2bfddc9d09
72.53203916154646,40.532039161546635,4290,1791.379222488952,0.5,1.0,"(2, 2)",6050ea8a95817a2bfddc9d09
72.0,40.0,4291,1792.1316394869248,0.5,1.0,"(2, 2)",6050ea8a95817a2bfddc9d09
72.0,40.0,4292,1792.1316394869248,0.5,1.0,"(2, 2)",6050ea8a95817a2bfddc9d09
72.0,40.0,4293,1792.1316394869248,0.5,1.0,"(2, 2)",6050ea8a95817a2bfddc9d09
72.0,40.0,4294,1792.1316394869248,0.5,1.0,"(2, 2)",6050ea8a95817a2bfddc9d09
72.0,40.0,4295,1792.1316394869248,0.5,1.0,"(2, 2)",6050ea8a95817a2bfddc9d09
72.0,40.0,4296,1792.1316394869248,0.5,1.0,"(2, 2)",6050ea8a95817a2bfddc9d09
72.0,40.0,4297,1792.1316394869248,0.5,1.0,"(2, 2)",6050ea8a95817a2bfddc9d09
72.0,40.0,4298,1792.1316394869248,0.5,1.0,"(2, 2)",6050ea8a95817a2bfddc9d09
72.0,40.0,4299,1792.1316394869248,0.5,1.0,"(2, 2)",6050ea8a95817a2bfddc9d09
72.0,40.0,4300,1792.1316394869248,0.5,1.0,"(2, 2)",6050ea8a95817a2bfddc9d09
72.0,40.0,4301,1792.1316394869248,0.5,1.0,"(2, 2)",6050ea8a95817a2bfddc9d09
72.0,40.0,4302,1792.1316394869248,0.5,1.0,"(2, 2)",6050ea8a95817a2bfddc9d09
72.0,40.0,4303,1792.1316394869248,0.5,1.0,"(2, 2)",6050ea8a95817a2bfddc9d09
72.0,40.0,4304,1792.1316394869248,0.5,1.0,"(2, 2)",6050ea8a95817a2bfddc9d09
72.0,40.0,4305,1792.1316394869248,0.5,1.0,"(2, 2)",6050ea8a95817a2bfddc9d09
72.0,40.0,4306,1792.1316394869248,0.5,1.0,"(2, 2)",6050ea8a95817a2bfddc9d09
72.0,40.0,4307,1792.1316394869248,0.5,1.0,"(2, 2)",6050ea8a95817a2bfddc9d09
72.0,40.0,4308,1792.1316394869248,0.5,1.0,"(2, 2)",6050ea8a95817a2bfddc9d09
72.44194173824224,40.441941738241525,4309,1792.7566394869252,0.5,1.0,"(2, 2)",6050ea8a95817a2bfddc9d09
72.88388347648447,40.88388347648305,4310,1793.3816394869257,0.5,1.0,"(2, 2)",6050ea8a95817a2bfddc9d09
73.3258252147267,41.325825214724574,4311,1794.0066394869261,0.5,1.0,"(2, 2)",6050ea8a95817a2bfddc9d09
73.76776695296894,41.7677669529661,4312,1794.6316394869266,0.5,1.0,"(2, 2)",6050ea8a95817a2bfddc9d09
74.20970869121118,42.209708691207624,4313,1795.256639486927,0.5,1.0,"(2, 2)",6050ea8a95817a2bfddc9d09
74.65165042945323,42.65165042944915,4314,1795.8816394869273,0.5,1.0,"(2, 2)",6050ea8a95817a2bfddc9d09
75.09359216769462,43.09359216769067,4315,1796.506639486927,0.5,1.0,"(2, 2)",6050ea8a95817a2bfddc9d09
75.535533905936,43.5355339059322,4316,1797.1316394869268,0.5,1.0,"(2, 2)",6050ea8a95817a2bfddc9d09
75.97747564417739,43.97747564417372,4317,1797.7566394869266,0.5,1.0,"(2, 2)",6050ea8a95817a2bfddc9d09
76.41941738241879,44.41941738241525,4318,1798.3816394869264,0.5,1.0,"(2, 2)",6050ea8a95817a2bfddc9d09
76.86135912066018,44.86135912065677,4319,1799.0066394869261,0.5,1.0,"(2, 2)",6050ea8a95817a2bfddc9d09
77.30330085890157,45.3033008588983,4320,1799.631639486926,0.5,1.0,"(2, 2)",6050ea8a95817a2bfddc9d09
